{
  "schema": "phoenx_high_mass_ratio_v1",
  "device": "NVIDIA RTX PRO 6000 Blackwell Workstation Edition",
  "results": [
    {
      "mass_ratio": 100.0,
      "substeps": 5,
      "solver_iterations": 2,
      "velocity_iterations": 1,
      "sor_boost": 1.0,
      "settle_frames": 120,
      "sample_frames": 120,
      "measure_frames": 240,
      "fps": 1159.87179937341,
      "finite": true,
      "stack_intact": false,
      "max_top_xy_m": 1.2518731355667114,
      "min_center_separation_m": 0.20767617225646973,
      "bottom_speed_rms_m_s": 0.3009584820223524,
      "top_speed_rms_m_s": 1.1862342997750976,
      "top_load_relative_error": 0.7392831594329119,
      "plane_load_relative_error": 0.19097104011186083
    },
    {
      "mass_ratio": 100.0,
      "substeps": 5,
      "solver_iterations": 4,
      "velocity_iterations": 1,
      "sor_boost": 1.0,
      "settle_frames": 120,
      "sample_frames": 120,
      "measure_frames": 240,
      "fps": 793.3236106274953,
      "finite": true,
      "stack_intact": true,
      "max_top_xy_m": 0.11950908601284027,
      "min_center_separation_m": 0.995905876159668,
      "bottom_speed_rms_m_s": 0.10092950080071042,
      "top_speed_rms_m_s": 0.12731269396913647,
      "top_load_relative_error": 0.45753494221217117,
      "plane_load_relative_error": 0.4563645044494139
    },
    {
      "mass_ratio": 100.0,
      "substeps": 8,
      "solver_iterations": 4,
      "velocity_iterations": 1,
      "sor_boost": 1.0,
      "settle_frames": 120,
      "sample_frames": 120,
      "measure_frames": 240,
      "fps": 532.9932481091081,
      "finite": true,
      "stack_intact": true,
      "max_top_xy_m": 0.10466940701007843,
      "min_center_separation_m": 0.9985158443450928,
      "bottom_speed_rms_m_s": 0.09506161114490817,
      "top_speed_rms_m_s": 0.0804085095923512,
      "top_load_relative_error": 0.25238797521250933,
      "plane_load_relative_error": 0.2517709648284351
    },
    {
      "mass_ratio": 100.0,
      "substeps": 8,
      "solver_iterations": 8,
      "velocity_iterations": 1,
      "sor_boost": 1.0,
      "settle_frames": 120,
      "sample_frames": 120,
      "measure_frames": 240,
      "fps": 342.42323245288446,
      "finite": true,
      "stack_intact": true,
      "max_top_xy_m": 0.020193222910165787,
      "min_center_separation_m": 0.9994619488716125,
      "bottom_speed_rms_m_s": 0.025130065678453113,
      "top_speed_rms_m_s": 0.03383162121406562,
      "top_load_relative_error": 0.03346560520660789,
      "plane_load_relative_error": 0.033526321925349274
    }
  ]
}
