4598 4630 0
v 0.13122222 -0.207 -0.001551495
v 0.13122222 -0.207 0.001551495
v 0.13125 -0.207 0
v 0.13114107 -0.207 -0.00309897
v 0.13114107 -0.207 0.00309897
v 0.131006535 -0.207 -0.004642455
v 0.131006535 -0.207 0.004642455
v 0.13081866 -0.207 -0.006181935
v 0.13081866 -0.207 0.006181935
v 0.1305774 -0.207 -0.007717395
v 0.1305774 -0.207 0.007717395
v 0.130282695 -0.207 -0.009249135
v 0.130282695 -0.207 0.009249135
v 0.129933945 -0.207 -0.01077918
v 0.129933945 -0.207 0.01077918
v 0.12953151 -0.207 -0.01230624
v 0.12953151 -0.207 0.01230624
v 0.129076035 -0.207 -0.013828215
v 0.129076035 -0.207 0.013828215
v 0.128568135 -0.207 -0.01534299
v 0.128568135 -0.207 0.01534299
v 0.128008425 -0.207 -0.016848465
v 0.128008425 -0.207 0.016848465
v 0.127396695 -0.207 -0.018344835
v 0.127396695 -0.207 0.018344835
v 0.12673167 -0.207 -0.01983531
v 0.12673167 -0.207 0.01983531
v 0.12601437 -0.207 -0.02131803
v 0.12601437 -0.207 0.02131803
v 0.125245785 -0.207 -0.02279097
v 0.125245785 -0.207 0.02279097
v 0.124426965 -0.207 -0.024252075
v 0.124426965 -0.207 0.024252075
v 0.123558885 -0.207 -0.025699395
v 0.123558885 -0.207 0.025699395
v 0.12263976 -0.207 -0.0271356
v 0.12263976 -0.207 0.0271356
v 0.121669365 -0.207 -0.02856144
v 0.121669365 -0.207 0.02856144
v 0.12064911 -0.207 -0.02997495
v 0.12064911 -0.207 0.02997495
v 0.119580405 -0.207 -0.031374165
v 0.119580405 -0.207 0.031374165
v 0.118464675 -0.207 -0.032757135
v 0.118464675 -0.207 0.032757135
v 0.11730249 -0.207 -0.034122945
v 0.11730249 -0.207 0.034122945
v 0.11609097 -0.207 -0.035475
v 0.11609097 -0.207 0.035475
v 0.11483124 -0.207 -0.036812235
v 0.11483124 -0.207 0.036812235
v 0.11435031 -0.207 -0.00151122
v 0.11435031 -0.207 0.00151122
v 0.1135251 -0.207 -0.03813279
v 0.1141407 -0.207 -0.00453789
v 0.113721465 -0.207 -0.00756936
v 0.113092605 -0.207 -0.010604475
v 0.112174365 -0.207 -0.039434865
v 0.11280894 -0.207 -0.011713125
v 0.11242719 -0.207 -0.01288578
v 0.111932745 -0.207 -0.014101365
v 0.11078079 -0.207 -0.0407166
v 0.11129337 -0.207 -0.01531665
v 0.110913615 -0.207 -0.015905505
v 0.11049255 -0.207 -0.01648335
v 0.109343115 -0.207 -0.041978985
v 0.110031045 -0.207 -0.017041335
v 0.109528515 -0.207 -0.017566965
v 0.108983085 -0.207 -0.01806663
v 0.10785918 -0.207 -0.04322409
v 0.108400635 -0.207 -0.01853052
v 0.10778493 -0.207 -0.01894791
v 0.10633113 -0.207 -0.044450235
v 0.10713099 -0.207 -0.0193239
v 0.10645386 -0.207 -0.019652595
v 0.105762855 -0.207 -0.01992729
v 0.104761065 -0.207 -0.045655725
v 0.10505082 -0.207 -0.02015013
v 0.10433733 -0.207 -0.020326485
v 0.103151145 -0.207 -0.04683888
v 0.103632195 -0.207 -0.020455035
v 0.1029288 -0.207 -0.020535105
v 0.10150311 -0.207 -0.04799829
v 0.10158789 -0.207 -0.020624235
v 0.100340055 -0.207 -0.020625
v 0.099813075 -0.207 -0.04913661
v 0.09808143 -0.207 -0.050253765
v 0.09631059 -0.207 -0.051348225
v 0.0962841 -0.207 -0.03379032
v 0.09613764 -0.207 -0.03285369
v 0.096229065 -0.207 -0.034772775
v 0.094503045 -0.207 -0.052418475
v 0.09612861 -0.207 -0.03528195
v 0.09598065 -0.207 -0.03580071
v 0.09578877 -0.207 -0.036323955
v 0.09554931 -0.207 -0.036854715
v 0.09526602 -0.207 -0.037390185
v 0.094949385 -0.207 -0.037921035
v 0.094597485 -0.207 -0.03844674
v 0.0942105 -0.207 -0.038968725
v 0.09266124 -0.207 -0.053462985
v 0.0938058 -0.207 -0.03947835
v 0.093390945 -0.207 -0.03997095
v 0.09295902 -0.207 -0.04045008
v 0.09251934 -0.207 -0.04091442
v 0.090785295 -0.207 -0.054481545
v 0.09207804 -0.207 -0.041362815
v 0.09163044 -0.207 -0.04179585
v 0.09118182 -0.207 -0.042213645
v 0.09073704 -0.207 -0.04261626
v 0.08887095 -0.207 -0.055476555
v 0.09029268 -0.207 -0.04300374
v 0.089852595 -0.207 -0.043375935
v 0.089421705 -0.207 -0.043732665
v 0.088998 -0.207 -0.04407363
v 0.08858283 -0.207 -0.044399445
v 0.08692047 -0.207 -0.05644692
v 0.08817933 -0.207 -0.04471095
v 0.087407025 -0.207 -0.04528929
v 0.086678955 -0.207 -0.04581792
v 0.08493657 -0.207 -0.057391335
v 0.08599464 -0.207 -0.0463005
v 0.085351965 -0.207 -0.04674411
v 0.08474964 -0.207 -0.04715202
v 0.082921995 -0.207 -0.05830848
v 0.08418678 -0.207 -0.047526675
v 0.0836616 -0.207 -0.04787091
v 0.08316927 -0.207 -0.048188025
v 0.082704675 -0.207 -0.048481545
v 0.080879445 -0.207 -0.059197035
v 0.082266465 -0.207 -0.048753525
v 0.081854055 -0.207 -0.04900503
v 0.08146644 -0.207 -0.049237815
v 0.08110413 -0.207 -0.04945278
v 0.080766975 -0.207 -0.049650555
v 0.078805605 -0.207 -0.06005832
v 0.080454585 -0.207 -0.049832265
v 0.0801627 -0.207 -0.050000745
v 0.07988859 -0.207 -0.050157855
v 0.07962777 -0.207 -0.05030652
v 0.07937817 -0.207 -0.050447985
v 0.07913733 -0.207 -0.05058378
v 0.07890105 -0.207 -0.050716305
v 0.078668925 -0.207 -0.05084577
v 0.076698855 -0.207 -0.060893145
v 0.0765954 -0.207 -0.051966765
v 0.07456218 -0.207 -0.061700385
v 0.074484405 -0.207 -0.053047605
v 0.07239855 -0.207 -0.062478975
v 0.07233591 -0.207 -0.05408829
v 0.07021092 -0.207 -0.063227745
v 0.07014993 -0.207 -0.055088835
v 0.068001045 -0.207 -0.063946035
v 0.067926465 -0.207 -0.05604921
v 0.06576339 -0.207 -0.0646356
v 0.065663145 -0.207 -0.05697027
v 0.06349947 -0.207 -0.06529611
v 0.063357825 -0.207 -0.05785275
v 0.06121242 -0.207 -0.06592668
v 0.061015365 -0.207 -0.05869497
v 0.058905405 -0.207 -0.066526425
v 0.058640775 -0.207 -0.059495145
v 0.05658162 -0.207 -0.06709449
v 0.05623908 -0.207 -0.06025149
v 0.054239865 -0.207 -0.06763101
v 0.05381208 -0.207 -0.06096321
v 0.05187579 -0.207 -0.068137065
v 0.05135169 -0.207 -0.06163275
v 0.049492575 -0.207 -0.0686121
v 0.04886181 -0.207 -0.06225921
v 0.047093535 -0.207 -0.069055425
v 0.046347795 -0.207 -0.06284133
v 0.044681955 -0.207 -0.069466425
v 0.043814985 -0.207 -0.063377805
v 0.04226082 -0.207 -0.069844515
v 0.041267205 -0.207 -0.063867615
v 0.039824955 -0.207 -0.070190445
v 0.03869592 -0.207 -0.06431238
v 0.037374045 -0.207 -0.07050435
v 0.03610326 -0.207 -0.06471192
v 0.034911495 -0.207 -0.070785855
v 0.03349482 -0.207 -0.06506547
v 0.03244071 -0.207 -0.07103457
v 0.030876135 -0.207 -0.065372235
v 0.02996511 -0.207 -0.07125012
v 0.028252395 -0.207 -0.06563145
v 0.027485655 -0.207 -0.07143231
v 0.025616325 -0.207 -0.065843685
v 0.024996345 -0.207 -0.07158159
v 0.02296737 -0.207 -0.06600921
v 0.022499655 -0.207 -0.07169793
v 0.0203112 -0.207 -0.066127785
v 0.019999065 -0.207 -0.071781195
v 0.017653515 -0.207 -0.066199125
v 0.017498025 -0.207 -0.07183125
v 0.015 -0.207 -0.07184796
v 0.015 -0.207 -0.06622296
v 0.012501975 -0.207 -0.07183125
v 0.012346485 -0.207 -0.066199125
v 0.010000935 -0.207 -0.071781195
v 0.0096888 -0.207 -0.066127785
v 0.007500345 -0.207 -0.07169793
v 0.00703263 -0.207 -0.06600921
v 0.005003655 -0.207 -0.07158159
v 0.004383675 -0.207 -0.065843685
v 0.002514345 -0.207 -0.07143231
v 0.001747605 -0.207 -0.06563145
v 3.489e-05 -0.207 -0.07125012
v -0.000876135 -0.207 -0.065372235
v -0.00244071 -0.207 -0.07103457
v -0.00349482 -0.207 -0.06506547
v -0.004911495 -0.207 -0.070785855
v -0.00610326 -0.207 -0.06471192
v -0.007374045 -0.207 -0.07050435
v -0.00869592 -0.207 -0.06431238
v -0.009824955 -0.207 -0.070190445
v -0.011267205 -0.207 -0.063867615
v -0.01226082 -0.207 -0.069844515
v -0.013814985 -0.207 -0.063377805
v -0.014681955 -0.207 -0.069466425
v -0.016347795 -0.207 -0.06284133
v -0.017093535 -0.207 -0.069055425
v -0.01886181 -0.207 -0.06225921
v -0.019492575 -0.207 -0.0686121
v -0.02135169 -0.207 -0.06163275
v -0.02187579 -0.207 -0.068137065
v -0.02381208 -0.207 -0.06096321
v -0.024239865 -0.207 -0.06763101
v -0.02623908 -0.207 -0.06025149
v -0.02658162 -0.207 -0.06709449
v -0.028640775 -0.207 -0.059495145
v -0.028905405 -0.207 -0.066526425
v -0.031015365 -0.207 -0.05869497
v -0.03121242 -0.207 -0.06592668
v -0.033357825 -0.207 -0.05785275
v -0.03349947 -0.207 -0.06529611
v -0.035663145 -0.207 -0.05697027
v -0.035763405 -0.207 -0.0646356
v -0.037926465 -0.207 -0.05604921
v -0.038001045 -0.207 -0.063946035
v -0.04014993 -0.207 -0.055088835
v -0.04021092 -0.207 -0.063227745
v -0.04233591 -0.207 -0.05408829
v -0.04239855 -0.207 -0.062478975
v -0.044484405 -0.207 -0.053047605
v -0.044562195 -0.207 -0.061700385
v -0.0465954 -0.207 -0.051966765
v -0.046698855 -0.207 -0.060893145
v -0.048668925 -0.207 -0.05084577
v -0.048805605 -0.207 -0.06005832
v -0.04890711 -0.207 -0.050712915
v -0.050879445 -0.207 -0.059197035
v -0.049147785 -0.207 -0.050577915
v -0.04939125 -0.207 -0.05044059
v -0.04964157 -0.207 -0.050298675
v -0.04990095 -0.207 -0.05015079
v -0.050171415 -0.207 -0.049995735
v -0.05045748 -0.207 -0.049830585
v -0.050761335 -0.207 -0.04965387
v -0.05108709 -0.207 -0.04946283
v -0.052921995 -0.207 -0.05830848
v -0.05143509 -0.207 -0.049256505
v -0.05180562 -0.207 -0.049034325
v -0.05219829 -0.207 -0.048795375
v -0.052613925 -0.207 -0.04853826
v -0.05305308 -0.207 -0.04826196
v -0.05493657 -0.207 -0.057391335
v -0.05351601 -0.207 -0.047965245
v -0.05400462 -0.207 -0.047646705
v -0.054522285 -0.207 -0.04730409
v -0.055068585 -0.207 -0.046936785
v -0.05692047 -0.207 -0.05644692
v -0.055643715 -0.207 -0.04654395
v -0.05624703 -0.207 -0.046124025
v -0.056884455 -0.207 -0.0456699
v -0.05755941 -0.207 -0.045177255
v -0.05887095 -0.207 -0.055476555
v -0.05828322 -0.207 -0.04463145
v -0.059054595 -0.207 -0.044027685
v -0.060785295 -0.207 -0.054481545
v -0.059459445 -0.207 -0.043701285
v -0.05987502 -0.207 -0.043358775
v -0.06029733 -0.207 -0.04299936
v -0.06072792 -0.207 -0.042623085
v -0.061165635 -0.207 -0.042230025
v -0.06266124 -0.207 -0.053462985
v -0.061604985 -0.207 -0.04181976
v -0.062045895 -0.207 -0.04139244
v -0.06248934 -0.207 -0.04094808
v -0.062927835 -0.207 -0.040485585
v -0.064503045 -0.207 -0.052418475
v -0.063360015 -0.207 -0.040002885
v -0.063790215 -0.207 -0.03949989
v -0.0642027 -0.207 -0.03898299
v -0.064586205 -0.207 -0.03845595
v -0.06631059 -0.207 -0.051348225
v -0.06495078 -0.207 -0.03791331
v -0.065282475 -0.207 -0.037365555
v -0.065565255 -0.207 -0.03682398
v -0.06580419 -0.207 -0.03628335
v -0.065998425 -0.207 -0.0357474
v -0.066142845 -0.207 -0.03522393
v -0.066238305 -0.207 -0.03471303
v -0.06627975 -0.207 -0.033724245
v -0.06808143 -0.207 -0.050253765
v -0.069813075 -0.207 -0.04913661
v -0.06611556 -0.207 -0.03278094
v -0.070340055 -0.207 -0.020625
v -0.07150311 -0.207 -0.04799829
v -0.065737545 -0.207 -0.031884015
v -0.065466225 -0.207 -0.03145209
v -0.065143365 -0.207 -0.03103587
v -0.06476922 -0.207 -0.03063795
v -0.0643407 -0.207 -0.03025557
v -0.063868035 -0.207 -0.02989356
v -0.06335916 -0.207 -0.02955681
v -0.06280416 -0.207 -0.029244
v -0.062218905 -0.207 -0.02895414
v -0.061623195 -0.207 -0.028687155
v -0.06100896 -0.207 -0.02844441
v -0.046321065 -0.207 -0.022880235
v -0.04614 -0.207 -0.02285364
v -0.06038205 -0.207 -0.028223745
v -0.059758305 -0.207 -0.028021815
v -0.05913786 -0.207 -0.02783991
v -0.05851845 -0.207 -0.02767707
v -0.05790636 -0.207 -0.027528645
v -0.057302565 -0.207 -0.0273936
v -0.05670549 -0.207 -0.02727327
v -0.05612055 -0.207 -0.027164535
v -0.055550625 -0.207 -0.02706594
v -0.054993195 -0.207 -0.02697897
v -0.054451395 -0.207 -0.026901075
v -0.053928105 -0.207 -0.026830275
v -0.046483185 -0.207 -0.022965135
v -0.052933305 -0.207 -0.02671278
v -0.052006275 -0.207 -0.02661762
v -0.05114328 -0.207 -0.026541615
v -0.050338605 -0.207 -0.026479785
v -0.04661403 -0.207 -0.0230931
v -0.049588305 -0.207 -0.0264288
v -0.04889058 -0.207 -0.02638728
v -0.046692615 -0.207 -0.02324886
v -0.048243585 -0.207 -0.026353125
v -0.04764027 -0.207 -0.026325705
v -0.04672593 -0.207 -0.0234375
v -0.0470763 -0.207 -0.026304465
v -0.046692615 -0.207 -0.02362614
v -0.04661403 -0.207 -0.0237819
v -0.0465465 -0.207 -0.026288175
v -0.046483185 -0.207 -0.023909865
v -0.046321065 -0.207 -0.023994765
v -0.04614 -0.207 -0.02402136
v -0.046050225 -0.207 -0.026276175
v -0.045958935 -0.207 -0.023994765
v -0.045796815 -0.207 -0.023909865
v -0.04566597 -0.207 -0.0237819
v -0.045587385 -0.207 -0.02362614
v -0.04558632 -0.207 -0.026267655
v -0.045554055 -0.207 -0.0234375
v -0.045154065 -0.207 -0.026261505
v 0.024285 -0.207 -0.02285364
v -0.044752935 -0.207 -0.02625735
v -0.0443826 -0.207 -0.02625447
v -0.044037615 -0.207 -0.026252565
v -0.04371513 -0.207 -0.02625141
v -0.043409085 -0.207 -0.026250675
v -0.0431169 -0.207 -0.02625027
v -0.04283571 -0.207 -0.02625009
v -0.042560295 -0.207 -0.02625
v -0.04229028 -0.207 -0.02625
v 0.024103935 -0.207 -0.022880235
v 0.023941815 -0.207 -0.022965135
v 0.02381097 -0.207 -0.0230931
v 0.023732385 -0.207 -0.02324886
v 0.023699055 -0.207 -0.0234375
v 0.023732385 -0.207 -0.02362614
v 0.02381097 -0.207 -0.0237819
v 0.023941815 -0.207 -0.023909865
v 0.024103935 -0.207 -0.023994765
v 0.024285 -0.207 -0.02402136
v 0.07229028 -0.207 -0.02625
v 0.024466065 -0.207 -0.023994765
v 0.024628185 -0.207 -0.023909865
v 0.02475903 -0.207 -0.0237819
v 0.024837615 -0.207 -0.02362614
v 0.02487093 -0.207 -0.0234375
v 0.07526097 -0.207 -0.0230931
v 0.075391815 -0.207 -0.022965135
v 0.0725586 -0.207 -0.02625
v 0.072829995 -0.207 -0.02625009
v 0.0731049 -0.207 -0.02625027
v 0.073387605 -0.207 -0.026250645
v 0.075182385 -0.207 -0.02324886
v 0.07368072 -0.207 -0.026251305
v 0.07398645 -0.207 -0.026252355
v 0.074309535 -0.207 -0.02625402
v 0.075149055 -0.207 -0.0234375
v 0.07465299 -0.207 -0.02625648
v 0.075021345 -0.207 -0.026259975
v 0.075182385 -0.207 -0.02362614
v 0.07526097 -0.207 -0.0237819
v 0.075391815 -0.207 -0.023909865
v 0.07541598 -0.207 -0.02626503
v 0.075553935 -0.207 -0.023994765
v 0.075735 -0.207 -0.02402136
v 0.0758373 -0.207 -0.02627196
v 0.075916065 -0.207 -0.023994765
v 0.076078185 -0.207 -0.023909865
v 0.07620903 -0.207 -0.0237819
v 0.07628502 -0.207 -0.026281485
v 0.076287615 -0.207 -0.02362614
v 0.07632093 -0.207 -0.0234375
v 0.07676106 -0.207 -0.02629437
v 0.076287615 -0.207 -0.02324886
v 0.077266365 -0.207 -0.026311095
v 0.077800815 -0.207 -0.026332605
v 0.078367425 -0.207 -0.026359305
v 0.07896888 -0.207 -0.0263916
v 0.079607505 -0.207 -0.02643018
v 0.08028324 -0.207 -0.02647581
v 0.08099421 -0.207 -0.026529435
v 0.08174847 -0.207 -0.02659404
v 0.082550835 -0.207 -0.026671635
v 0.08341557 -0.207 -0.026767215
v 0.084348945 -0.207 -0.02688687
v 0.0848439 -0.207 -0.02695653
v 0.0853557 -0.207 -0.027034665
v 0.085883355 -0.207 -0.02712309
v 0.086428605 -0.207 -0.027220185
v 0.086987985 -0.207 -0.02732832
v 0.08755791 -0.207 -0.027450105
v 0.088140795 -0.207 -0.027583365
v 0.088733925 -0.207 -0.02773089
v 0.08933298 -0.207 -0.027897045
v 0.089942715 -0.207 -0.02808003
v 0.090557475 -0.207 -0.02828139
v 0.09116547 -0.207 -0.0285057
v 0.09177315 -0.207 -0.028753635
v 0.092375355 -0.207 -0.0290241
v 0.092947605 -0.207 -0.02931828
v 0.093483315 -0.207 -0.0296385
v 0.093989985 -0.207 -0.02998341
v 0.09445182 -0.207 -0.03034734
v 0.09485907 -0.207 -0.0307275
v 0.09521844 -0.207 -0.031126485
v 0.0955272 -0.207 -0.03154017
v 0.09578271 -0.207 -0.03196515
v 0.07620903 -0.207 -0.0230931
v 0.076078185 -0.207 -0.022965135
v 0.075916065 -0.207 -0.022880235
v 0.075735 -0.207 -0.02285364
v 0.075553935 -0.207 -0.022880235
v 0.024837615 -0.207 -0.02324886
v 0.02475903 -0.207 -0.0230931
v 0.024628185 -0.207 -0.022965135
v 0.024466065 -0.207 -0.022880235
v -0.045587385 -0.207 -0.02324886
v -0.04566597 -0.207 -0.0230931
v -0.045796815 -0.207 -0.022965135
v -0.045958935 -0.207 -0.022880235
v -0.07130967 -0.207 -0.020632155
v -0.072357285 -0.207 -0.020579595
v -0.073151145 -0.207 -0.04683888
v -0.07348647 -0.207 -0.02047761
v -0.074761065 -0.207 -0.045655725
v -0.07467405 -0.207 -0.02024721
v -0.075910845 -0.207 -0.01987578
v -0.07633113 -0.207 -0.044450235
v -0.07713984 -0.207 -0.01931853
v -0.07785918 -0.207 -0.04322409
v -0.07774905 -0.207 -0.01897185
v -0.078336195 -0.207 -0.01857789
v -0.079343115 -0.207 -0.041978985
v -0.078904575 -0.207 -0.018128865
v -0.0794562 -0.207 -0.017629935
v -0.08078079 -0.207 -0.0407166
v -0.07997415 -0.207 -0.017098695
v -0.080444355 -0.207 -0.01654752
v -0.080873325 -0.207 -0.01596291
v -0.082174365 -0.207 -0.039434865
v -0.08126283 -0.207 -0.01535799
v -0.081918045 -0.207 -0.014141715
v -0.08241492 -0.207 -0.01291437
v -0.0835251 -0.207 -0.03813279
v -0.08280873 -0.207 -0.01173819
v -0.083092605 -0.207 -0.010604475
v -0.083721465 -0.207 -0.00756936
v -0.08483124 -0.207 -0.036812235
v -0.0841407 -0.207 -0.00453789
v -0.08435031 -0.207 -0.00151122
v -0.08435031 -0.207 0.00151122
v -0.08483124 -0.207 0.036812235
v -0.08609097 -0.207 -0.035475
v -0.0835251 -0.207 0.03813279
v -0.0841407 -0.207 0.00453789
v -0.083721465 -0.207 0.00756936
v -0.083092605 -0.207 0.010604475
v -0.082174365 -0.207 0.039434865
v -0.08281689 -0.207 0.01169178
v -0.082444035 -0.207 0.01283664
v -0.08196708 -0.207 0.014033115
v -0.08078079 -0.207 0.0407166
v -0.081335445 -0.207 0.01524429
v -0.080958015 -0.207 0.015844575
v -0.080529585 -0.207 0.01643058
v -0.079343115 -0.207 0.041978985
v -0.08005137 -0.207 0.01701129
v -0.0795354 -0.207 0.01756221
v -0.07898895 -0.207 0.01806261
v -0.07785918 -0.207 0.04322409
v -0.07840302 -0.207 0.0185232
v -0.077795685 -0.207 0.018938175
v -0.07633113 -0.207 0.044450235
v -0.077184885 -0.207 0.019298805
v -0.07593294 -0.207 0.019863855
v -0.074761065 -0.207 0.045655725
v -0.07469562 -0.207 0.020246715
v -0.073151145 -0.207 0.04683888
v -0.073495035 -0.207 0.02047386
v -0.072364425 -0.207 0.02058033
v -0.07150311 -0.207 0.04799829
v -0.0713121 -0.207 0.020627745
v -0.069813075 -0.207 0.04913661
v -0.070340055 -0.207 0.020625
v -0.06808143 -0.207 0.050253765
v -0.06631059 -0.207 0.051348225
v -0.066280725 -0.207 0.034279605
v -0.0662349 -0.207 0.033317295
v -0.064503045 -0.207 0.052418475
v -0.066227865 -0.207 0.034779555
v -0.06612717 -0.207 0.035288865
v -0.06597978 -0.207 0.035806455
v -0.06578343 -0.207 0.036334845
v -0.065543805 -0.207 0.03686727
v -0.065265 -0.207 0.037398015
v -0.064940205 -0.207 0.03793215
v -0.064581405 -0.207 0.03846288
v -0.064203135 -0.207 0.03898125
v -0.06266124 -0.207 0.053462985
v -0.063798525 -0.207 0.039490125
v -0.06337335 -0.207 0.03998811
v -0.06294153 -0.207 0.040469925
v -0.06250248 -0.207 0.04093458
v -0.060785295 -0.207 0.054481545
v -0.06205497 -0.207 0.04138386
v -0.061606185 -0.207 0.041818095
v -0.061157415 -0.207 0.04223751
v -0.060706785 -0.207 0.04264194
v -0.05887095 -0.207 0.055476555
v -0.060260055 -0.207 0.04303107
v -0.059820135 -0.207 0.043404615
v -0.05938428 -0.207 0.04376268
v -0.058956585 -0.207 0.04410558
v -0.05854053 -0.207 0.0444333
v -0.05692047 -0.207 0.05644692
v -0.0581343 -0.207 0.0447453
v -0.05773863 -0.207 0.04504311
v -0.05698272 -0.207 0.045599415
v -0.05627145 -0.207 0.04610676
v -0.05493657 -0.207 0.057391335
v -0.05560281 -0.207 0.046572015
v -0.05497512 -0.207 0.04700025
v -0.054387735 -0.207 0.04739346
v -0.052921995 -0.207 0.05830848
v -0.053840625 -0.207 0.047754255
v -0.053328165 -0.207 0.048086325
v -0.05284704 -0.207 0.048392175
v -0.050879445 -0.207 0.059197035
v -0.052392255 -0.207 0.048675945
v -0.051963855 -0.207 0.048938505
v -0.05156151 -0.207 0.049180995
v -0.051184935 -0.207 0.04940508
v -0.05083398 -0.207 0.04961139
v -0.048805605 -0.207 0.06005832
v -0.0505092 -0.207 0.0498006
v -0.050206275 -0.207 0.04997568
v -0.04992297 -0.207 0.05013819
v -0.049653945 -0.207 0.05029164
v -0.049396935 -0.207 0.05043738
v -0.04914945 -0.207 0.05057697
v -0.048906885 -0.207 0.050713035
v -0.048668925 -0.207 0.05084577
v -0.046698855 -0.207 0.060893145
v -0.0465954 -0.207 0.051966765
v -0.044562195 -0.207 0.061700385
v -0.044484405 -0.207 0.053047605
v -0.04239855 -0.207 0.062478975
v -0.04233591 -0.207 0.05408829
v -0.04021092 -0.207 0.063227745
v -0.04014993 -0.207 0.055088835
v -0.038001045 -0.207 0.063946035
v -0.037926465 -0.207 0.05604921
v -0.035763405 -0.207 0.0646356
v -0.035663145 -0.207 0.05697027
v -0.03349947 -0.207 0.06529611
v -0.033357825 -0.207 0.05785275
v -0.03121242 -0.207 0.06592668
v -0.031015365 -0.207 0.05869497
v -0.028905405 -0.207 0.066526425
v -0.028640775 -0.207 0.059495145
v -0.02658162 -0.207 0.06709449
v -0.02623908 -0.207 0.06025149
v -0.024239865 -0.207 0.06763101
v -0.02381208 -0.207 0.06096321
v -0.02187579 -0.207 0.068137065
v -0.02135169 -0.207 0.06163275
v -0.019492575 -0.207 0.0686121
v -0.01886181 -0.207 0.06225921
v -0.017093535 -0.207 0.069055425
v -0.016347795 -0.207 0.06284133
v -0.014681955 -0.207 0.069466425
v -0.013814985 -0.207 0.063377805
v -0.01226082 -0.207 0.069844515
v -0.011267205 -0.207 0.063867615
v -0.009824955 -0.207 0.070190445
v -0.00869592 -0.207 0.06431238
v -0.007374045 -0.207 0.07050435
v -0.00610326 -0.207 0.06471192
v -0.004911495 -0.207 0.070785855
v -0.00349482 -0.207 0.06506547
v -0.00244071 -0.207 0.07103457
v -0.000876135 -0.207 0.065372235
v 3.489e-05 -0.207 0.07125012
v 0.001747605 -0.207 0.06563145
v 0.002514345 -0.207 0.07143231
v 0.004383675 -0.207 0.065843685
v 0.005003655 -0.207 0.07158159
v 0.00703263 -0.207 0.06600921
v 0.007500345 -0.207 0.07169793
v 0.0096888 -0.207 0.066127785
v 0.010000935 -0.207 0.071781195
v 0.012346485 -0.207 0.066199125
v 0.012501975 -0.207 0.07183125
v 0.015 -0.207 0.07184796
v 0.015 -0.207 0.06622296
v 0.017498025 -0.207 0.07183125
v 0.017653515 -0.207 0.066199125
v 0.019999065 -0.207 0.071781195
v 0.0203112 -0.207 0.066127785
v 0.022499655 -0.207 0.07169793
v 0.02296737 -0.207 0.06600921
v 0.024996345 -0.207 0.07158159
v 0.025616325 -0.207 0.065843685
v 0.027485655 -0.207 0.07143231
v 0.028252395 -0.207 0.06563145
v 0.02996511 -0.207 0.07125012
v 0.030876135 -0.207 0.065372235
v 0.03244071 -0.207 0.07103457
v 0.03349482 -0.207 0.06506547
v 0.034911495 -0.207 0.070785855
v 0.03610326 -0.207 0.06471192
v 0.037374045 -0.207 0.07050435
v 0.03869592 -0.207 0.06431238
v 0.039824955 -0.207 0.070190445
v 0.041267205 -0.207 0.063867615
v 0.04226082 -0.207 0.069844515
v 0.043814985 -0.207 0.063377805
v 0.044681955 -0.207 0.069466425
v 0.046347795 -0.207 0.06284133
v 0.047093535 -0.207 0.069055425
v 0.04886181 -0.207 0.06225921
v 0.049492575 -0.207 0.0686121
v 0.05135169 -0.207 0.06163275
v 0.05187579 -0.207 0.068137065
v 0.05381208 -0.207 0.06096321
v 0.054239865 -0.207 0.06763101
v 0.05623908 -0.207 0.06025149
v 0.05658162 -0.207 0.06709449
v 0.058640775 -0.207 0.059495145
v 0.058905405 -0.207 0.066526425
v 0.061015365 -0.207 0.05869497
v 0.06121242 -0.207 0.06592668
v 0.063357825 -0.207 0.05785275
v 0.06349947 -0.207 0.06529611
v 0.065663145 -0.207 0.05697027
v 0.06576339 -0.207 0.0646356
v 0.067926465 -0.207 0.05604921
v 0.068001045 -0.207 0.063946035
v 0.07014993 -0.207 0.055088835
v 0.07021092 -0.207 0.063227745
v 0.07233591 -0.207 0.05408829
v 0.07239855 -0.207 0.062478975
v 0.074484405 -0.207 0.053047605
v 0.07456218 -0.207 0.061700385
v 0.0765954 -0.207 0.051966765
v 0.076698855 -0.207 0.060893145
v 0.078668925 -0.207 0.05084577
v 0.078805605 -0.207 0.06005832
v 0.078851265 -0.207 0.050744145
v 0.080879445 -0.207 0.059197035
v 0.079044315 -0.207 0.05063604
v 0.07924812 -0.207 0.05052141
v 0.079463385 -0.207 0.050399775
v 0.0796905 -0.207 0.05027082
v 0.07992981 -0.207 0.050134305
v 0.080182035 -0.207 0.049989585
v 0.08044782 -0.207 0.04983618
v 0.080728485 -0.207 0.04967307
v 0.08102529 -0.207 0.049499145
v 0.082921995 -0.207 0.05830848
v 0.081338835 -0.207 0.04931385
v 0.08166969 -0.207 0.04911618
v 0.082018935 -0.207 0.048904905
v 0.08238756 -0.207 0.0486789
v 0.08277696 -0.207 0.04843626
v 0.083187765 -0.207 0.04817619
v 0.08493657 -0.207 0.057391335
v 0.083620605 -0.207 0.04789752
v 0.08407881 -0.207 0.047597925
v 0.084563685 -0.207 0.04727637
v 0.085075455 -0.207 0.046932225
v 0.08692047 -0.207 0.05644692
v 0.08561388 -0.207 0.04656435
v 0.08617824 -0.207 0.046172355
v 0.086774205 -0.207 0.04574934
v 0.08740473 -0.207 0.04529112
v 0.08887095 -0.207 0.055476555
v 0.088076505 -0.207 0.044789385
v 0.088791165 -0.207 0.044236485
v 0.0895491 -0.207 0.04362855
v 0.090785295 -0.207 0.054481545
v 0.08994081 -0.207 0.043302105
v 0.09034224 -0.207 0.042961065
v 0.090750165 -0.207 0.04260468
v 0.091161585 -0.207 0.04223226
v 0.09266124 -0.207 0.053462985
v 0.091578945 -0.207 0.041844675
v 0.091999305 -0.207 0.04144065
v 0.092418435 -0.207 0.041018385
v 0.092840415 -0.207 0.04057755
v 0.094503045 -0.207 0.052418475
v 0.093260745 -0.207 0.04011903
v 0.093669615 -0.207 0.039643485
v 0.094071015 -0.207 0.03914775
v 0.094462875 -0.207 0.03863436
v 0.09482619 -0.207 0.038112435
v 0.09631059 -0.207 0.051348225
v 0.095153325 -0.207 0.037584105
v 0.095452125 -0.207 0.037045695
v 0.09571041 -0.207 0.03650886
v 0.095918865 -0.207 0.035982315
v 0.096082905 -0.207 0.03546078
v 0.09620025 -0.207 0.034947015
v 0.09626793 -0.207 0.03444456
v 0.09808143 -0.207 0.050253765
v 0.096258405 -0.207 0.03346983
v 0.099813075 -0.207 0.04913661
v 0.100340055 -0.207 0.020625
v 0.10150311 -0.207 0.04799829
v 0.096038415 -0.207 0.032541555
v 0.0956073 -0.207 0.03166272
v 0.09531102 -0.207 0.031242525
v 0.09496191 -0.207 0.030835665
v 0.09456594 -0.207 0.030447705
v 0.094122825 -0.207 0.030081045
v 0.09363027 -0.207 0.02973336
v 0.09310209 -0.207 0.029407665
v 0.092545845 -0.207 0.02910663
v 0.091951635 -0.207 0.02882943
v 0.0913383 -0.207 0.028574475
v 0.09072495 -0.207 0.0283407
v 0.075916065 -0.207 0.022880235
v 0.075735 -0.207 0.02285364
v 0.09010323 -0.207 0.02813001
v 0.08947746 -0.207 0.027939315
v 0.088857375 -0.207 0.027764385
v 0.088240695 -0.207 0.027606795
v 0.087628125 -0.207 0.02746548
v 0.08702535 -0.207 0.027336645
v 0.08643228 -0.207 0.02722026
v 0.085848315 -0.207 0.02711682
v 0.085278405 -0.207 0.027023355
v 0.084724785 -0.207 0.0269388
v 0.0841854 -0.207 0.026864385
v 0.08366247 -0.207 0.026797725
v 0.076078185 -0.207 0.022965135
v 0.08267169 -0.207 0.02668416
v 0.081747105 -0.207 0.02659362
v 0.080885145 -0.207 0.02652105
v 0.08008032 -0.207 0.02646135
v 0.07620903 -0.207 0.0230931
v 0.079330845 -0.207 0.026412975
v 0.078633855 -0.207 0.02637309
v 0.07798578 -0.207 0.02634084
v 0.076287615 -0.207 0.02324886
v 0.07738425 -0.207 0.02631558
v 0.07632093 -0.207 0.0234375
v 0.076818525 -0.207 0.026296065
v 0.07628832 -0.207 0.02628153
v 0.076287615 -0.207 0.02362614
v 0.07620903 -0.207 0.0237819
v 0.076078185 -0.207 0.023909865
v 0.075916065 -0.207 0.023994765
v 0.075792465 -0.207 0.026271195
v 0.075735 -0.207 0.02402136
v 0.075553935 -0.207 0.023994765
v 0.075391815 -0.207 0.023909865
v 0.075329025 -0.207 0.02626374
v 0.07526097 -0.207 0.0237819
v 0.075182385 -0.207 0.02362614
v 0.075149055 -0.207 0.0234375
v 0.07489773 -0.207 0.026258715
v 0.024285 -0.207 0.02285364
v 0.074499285 -0.207 0.02625528
v 0.074129445 -0.207 0.026253
v 0.07378614 -0.207 0.026251635
v 0.0734619 -0.207 0.026250765
v 0.073153875 -0.207 0.026250315
v 0.072858945 -0.207 0.02625009
v 0.072571185 -0.207 0.02625
v 0.07229028 -0.207 0.02625
v 0.024466065 -0.207 0.022880235
v 0.024628185 -0.207 0.022965135
v 0.02475903 -0.207 0.0230931
v 0.024837615 -0.207 0.02324886
v 0.02487093 -0.207 0.0234375
v 0.024837615 -0.207 0.02362614
v 0.02475903 -0.207 0.0237819
v 0.024628185 -0.207 0.023909865
v 0.024466065 -0.207 0.023994765
v 0.024285 -0.207 0.02402136
v -0.04229028 -0.207 0.02625
v 0.024103935 -0.207 0.023994765
v 0.023941815 -0.207 0.023909865
v 0.02381097 -0.207 0.0237819
v 0.023732385 -0.207 0.02362614
v 0.023699055 -0.207 0.0234375
v -0.045796815 -0.207 0.022965135
v -0.045958935 -0.207 0.022880235
v -0.04566597 -0.207 0.0230931
v -0.04256577 -0.207 0.02625
v -0.04284426 -0.207 0.02625009
v -0.04312614 -0.207 0.026250285
v -0.043416225 -0.207 0.02625069
v -0.043717245 -0.207 0.02625141
v -0.0440316 -0.207 0.02625255
v -0.045587385 -0.207 0.02324886
v -0.044365065 -0.207 0.026254365
v -0.04472016 -0.207 0.02625705
v -0.045554055 -0.207 0.0234375
v -0.04510173 -0.207 0.02626089
v -0.045510135 -0.207 0.02626644
v -0.045587385 -0.207 0.02362614
v -0.04566597 -0.207 0.0237819
v -0.045796815 -0.207 0.023909865
v -0.045945885 -0.207 0.026274045
v -0.045958935 -0.207 0.023994765
v -0.04614 -0.207 0.02402136
v -0.046321065 -0.207 0.023994765
v -0.04640934 -0.207 0.02628456
v -0.046483185 -0.207 0.023909865
v -0.04661403 -0.207 0.0237819
v -0.046692615 -0.207 0.02362614
v -0.04672593 -0.207 0.0234375
v -0.04690164 -0.207 0.026298705
v -0.046692615 -0.207 0.02324886
v -0.047423595 -0.207 0.02631702
v -0.04797639 -0.207 0.026340465
v -0.04856244 -0.207 0.02636937
v -0.04918599 -0.207 0.026404185
v -0.04984605 -0.207 0.02644572
v -0.05054328 -0.207 0.02649468
v -0.051278745 -0.207 0.02655279
v -0.052061625 -0.207 0.02662329
v -0.05289732 -0.207 0.02670822
v -0.053802615 -0.207 0.02681469
v -0.054778125 -0.207 0.02694753
v -0.055294425 -0.207 0.027025575
v -0.055827855 -0.207 0.02711229
v -0.05637516 -0.207 0.027210495
v -0.056937645 -0.207 0.027319275
v -0.057514335 -0.207 0.027439245
v -0.05810061 -0.207 0.027573915
v -0.05869644 -0.207 0.027723165
v -0.05930265 -0.207 0.027886455
v -0.059912955 -0.207 0.02806905
v -0.0605274 -0.207 0.02827371
v -0.06114999 -0.207 0.028498065
v -0.0617625 -0.207 0.028744935
v -0.06235221 -0.207 0.029017185
v -0.06293136 -0.207 0.029314335
v -0.06348171 -0.207 0.029634225
v -0.06398274 -0.207 0.029975295
v -0.06444174 -0.207 0.030340245
v -0.0648561 -0.207 0.03072486
v -0.06521724 -0.207 0.0311232
v -0.06552519 -0.207 0.03153612
v -0.065985885 -0.207 0.03240336
v -0.04661403 -0.207 0.0230931
v -0.046483185 -0.207 0.022965135
v -0.046321065 -0.207 0.022880235
v -0.04614 -0.207 0.02285364
v 0.023732385 -0.207 0.02324886
v 0.02381097 -0.207 0.0230931
v 0.023941815 -0.207 0.022965135
v 0.024103935 -0.207 0.022880235
v 0.075182385 -0.207 0.02324886
v 0.07526097 -0.207 0.0230931
v 0.075391815 -0.207 0.022965135
v 0.075553935 -0.207 0.022880235
v 0.10109853 -0.207 0.020637195
v 0.10184421 -0.207 0.02061885
v 0.103151145 -0.207 0.04683888
v 0.10257705 -0.207 0.02056995
v 0.103296525 -0.207 0.020493765
v 0.104761065 -0.207 0.045655725
v 0.104002485 -0.207 0.02039118
v 0.104697165 -0.207 0.020248725
v 0.105383535 -0.207 0.02005482
v 0.10633113 -0.207 0.044450235
v 0.10606374 -0.207 0.019814355
v 0.106729845 -0.207 0.01952748
v 0.10785918 -0.207 0.04322409
v 0.107373615 -0.207 0.01919223
v 0.108001485 -0.207 0.01880511
v 0.109343115 -0.207 0.041978985
v 0.108606945 -0.207 0.018371805
v 0.1091763 -0.207 0.01790076
v 0.10970859 -0.207 0.01738602
v 0.11078079 -0.207 0.0407166
v 0.110206575 -0.207 0.01683096
v 0.110662155 -0.207 0.016257975
v 0.11106912 -0.207 0.015676455
v 0.112174365 -0.207 0.039434865
v 0.111430635 -0.207 0.015075615
v 0.112034625 -0.207 0.01388598
v 0.11248029 -0.207 0.012732945
v 0.1135251 -0.207 0.03813279
v 0.112832625 -0.207 0.011638935
v 0.113092605 -0.207 0.010604475
v 0.113721465 -0.207 0.00756936
v 0.1141407 -0.207 0.00453789
v -0.08609097 -0.207 0.035475
v -0.08730249 -0.207 -0.034122945
v -0.08730249 -0.207 0.034122945
v -0.088464675 -0.207 -0.032757135
v -0.088464675 -0.207 0.032757135
v -0.089580405 -0.207 -0.031374165
v -0.089580405 -0.207 0.031374165
v -0.09064911 -0.207 -0.02997495
v -0.09064911 -0.207 0.02997495
v -0.091669365 -0.207 -0.02856144
v -0.091669365 -0.207 0.02856144
v -0.09263976 -0.207 -0.0271356
v -0.09263976 -0.207 0.0271356
v -0.09355887 -0.207 -0.025699395
v -0.09355887 -0.207 0.025699395
v -0.094426965 -0.207 -0.024252075
v -0.094426965 -0.207 0.024252075
v -0.095245785 -0.207 -0.02279097
v -0.095245785 -0.207 0.02279097
v -0.09601437 -0.207 -0.02131803
v -0.09601437 -0.207 0.02131803
v -0.096731685 -0.207 -0.01983531
v -0.096731685 -0.207 0.01983531
v -0.09739668 -0.207 -0.018344835
v -0.09739668 -0.207 0.018344835
v -0.09800844 -0.207 -0.016848465
v -0.09800844 -0.207 0.016848465
v -0.098568135 -0.207 -0.01534299
v -0.098568135 -0.207 0.01534299
v -0.099076035 -0.207 -0.013828215
v -0.099076035 -0.207 0.013828215
v -0.09953151 -0.207 -0.01230624
v -0.09953151 -0.207 0.01230624
v -0.09993393 -0.207 -0.01077918
v -0.09993393 -0.207 0.01077918
v -0.100282695 -0.207 -0.009249135
v -0.100282695 -0.207 0.009249135
v -0.1005774 -0.207 -0.007717395
v -0.1005774 -0.207 0.007717395
v -0.10081866 -0.207 -0.006181935
v -0.10081866 -0.207 0.006181935
v -0.101006535 -0.207 -0.004642455
v -0.101006535 -0.207 0.004642455
v -0.10114107 -0.207 -0.00309897
v -0.10114107 -0.207 0.00309897
v -0.101222205 -0.207 -0.001551495
v -0.101222205 -0.207 0.001551495
v -0.10125 -0.207 0
v 0.13125 -0.212625 0
v 0.13125 -0.207 0
v 0.13122222 -0.207 0.001551495
v 0.13122222 -0.212625 -0.001551495
v 0.13122222 -0.212625 0.001551495
v 0.13114107 -0.207 0.00309897
v 0.13114107 -0.212625 0.00309897
v 0.131006535 -0.207 0.004642455
v 0.131006535 -0.212625 0.004642455
v 0.13081866 -0.207 0.006181935
v 0.13081866 -0.212625 0.006181935
v 0.1305774 -0.207 0.007717395
v 0.1305774 -0.212625 0.007717395
v 0.130282695 -0.207 0.009249135
v 0.130282695 -0.212625 0.009249135
v 0.129933945 -0.207 0.01077918
v 0.129933945 -0.212625 0.01077918
v 0.12953151 -0.207 0.01230624
v 0.12953151 -0.212625 0.01230624
v 0.129076035 -0.207 0.013828215
v 0.129076035 -0.212625 0.013828215
v 0.128568135 -0.207 0.01534299
v 0.128568135 -0.212625 0.01534299
v 0.128008425 -0.207 0.016848465
v 0.128008425 -0.212625 0.016848465
v 0.127396695 -0.207 0.018344835
v 0.127396695 -0.212625 0.018344835
v 0.12673167 -0.207 0.01983531
v 0.12673167 -0.212625 0.01983531
v 0.12601437 -0.207 0.02131803
v 0.12601437 -0.212625 0.02131803
v 0.125245785 -0.207 0.02279097
v 0.125245785 -0.212625 0.02279097
v 0.124426965 -0.207 0.024252075
v 0.124426965 -0.212625 0.024252075
v 0.123558885 -0.207 0.025699395
v 0.123558885 -0.212625 0.025699395
v 0.12263976 -0.207 0.0271356
v 0.12263976 -0.212625 0.0271356
v 0.121669365 -0.207 0.02856144
v 0.121669365 -0.212625 0.02856144
v 0.12064911 -0.207 0.02997495
v 0.12064911 -0.212625 0.02997495
v 0.119580405 -0.207 0.031374165
v 0.119580405 -0.212625 0.031374165
v 0.118464675 -0.207 0.032757135
v 0.118464675 -0.212625 0.032757135
v 0.11730249 -0.207 0.034122945
v 0.11730249 -0.212625 0.034122945
v 0.11609097 -0.207 0.035475
v 0.11609097 -0.212625 0.035475
v 0.11483124 -0.207 0.036812235
v 0.11483124 -0.212625 0.036812235
v 0.1135251 -0.207 0.03813279
v 0.1135251 -0.212625 0.03813279
v 0.112174365 -0.207 0.039434865
v 0.112174365 -0.212625 0.039434865
v 0.11078079 -0.207 0.0407166
v 0.11078079 -0.212625 0.0407166
v 0.109343115 -0.207 0.041978985
v 0.109343115 -0.212625 0.041978985
v 0.10785918 -0.207 0.04322409
v 0.10785918 -0.212625 0.04322409
v 0.10633113 -0.207 0.044450235
v 0.10633113 -0.212625 0.044450235
v 0.104761065 -0.207 0.045655725
v 0.104761065 -0.212625 0.045655725
v 0.103151145 -0.207 0.04683888
v 0.103151145 -0.212625 0.04683888
v 0.10150311 -0.207 0.04799829
v 0.10150311 -0.212625 0.04799829
v 0.099813075 -0.207 0.04913661
v 0.099813075 -0.212625 0.04913661
v 0.09808143 -0.207 0.050253765
v 0.09808143 -0.212625 0.050253765
v 0.09631059 -0.207 0.051348225
v 0.09631059 -0.212625 0.051348225
v 0.094503045 -0.207 0.052418475
v 0.094503045 -0.212625 0.052418475
v 0.09266124 -0.207 0.053462985
v 0.09266124 -0.212625 0.053462985
v 0.090785295 -0.207 0.054481545
v 0.090785295 -0.212625 0.054481545
v 0.08887095 -0.207 0.055476555
v 0.08887095 -0.212625 0.055476555
v 0.08692047 -0.207 0.05644692
v 0.08692047 -0.212625 0.05644692
v 0.08493657 -0.207 0.057391335
v 0.08493657 -0.212625 0.057391335
v 0.082921995 -0.207 0.05830848
v 0.082921995 -0.212625 0.05830848
v 0.080879445 -0.207 0.059197035
v 0.080879445 -0.212625 0.059197035
v 0.078805605 -0.207 0.06005832
v 0.078805605 -0.212625 0.06005832
v 0.076698855 -0.207 0.060893145
v 0.076698855 -0.212625 0.060893145
v 0.07456218 -0.207 0.061700385
v 0.07456218 -0.212625 0.061700385
v 0.07239855 -0.207 0.062478975
v 0.07239855 -0.212625 0.062478975
v 0.07021092 -0.207 0.063227745
v 0.07021092 -0.212625 0.063227745
v 0.068001045 -0.207 0.063946035
v 0.068001045 -0.212625 0.063946035
v 0.06576339 -0.207 0.0646356
v 0.06576339 -0.212625 0.0646356
v 0.06349947 -0.207 0.06529611
v 0.06349947 -0.212625 0.06529611
v 0.06121242 -0.207 0.06592668
v 0.06121242 -0.212625 0.06592668
v 0.058905405 -0.207 0.066526425
v 0.058905405 -0.212625 0.066526425
v 0.05658162 -0.207 0.06709449
v 0.05658162 -0.212625 0.06709449
v 0.054239865 -0.207 0.06763101
v 0.054239865 -0.212625 0.06763101
v 0.05187579 -0.207 0.068137065
v 0.05187579 -0.212625 0.068137065
v 0.049492575 -0.207 0.0686121
v 0.049492575 -0.212625 0.0686121
v 0.047093535 -0.207 0.069055425
v 0.047093535 -0.212625 0.069055425
v 0.044681955 -0.207 0.069466425
v 0.044681955 -0.212625 0.069466425
v 0.04226082 -0.207 0.069844515
v 0.04226082 -0.212625 0.069844515
v 0.039824955 -0.207 0.070190445
v 0.039824955 -0.212625 0.070190445
v 0.037374045 -0.207 0.07050435
v 0.037374045 -0.212625 0.07050435
v 0.034911495 -0.207 0.070785855
v 0.034911495 -0.212625 0.070785855
v 0.03244071 -0.207 0.07103457
v 0.03244071 -0.212625 0.07103457
v 0.02996511 -0.207 0.07125012
v 0.02996511 -0.212625 0.07125012
v 0.027485655 -0.207 0.07143231
v 0.027485655 -0.212625 0.07143231
v 0.024996345 -0.207 0.07158159
v 0.024996345 -0.212625 0.07158159
v 0.022499655 -0.207 0.07169793
v 0.022499655 -0.212625 0.07169793
v 0.019999065 -0.207 0.071781195
v 0.019999065 -0.212625 0.071781195
v 0.017498025 -0.207 0.07183125
v 0.017498025 -0.212625 0.07183125
v 0.015 -0.207 0.07184796
v 0.015 -0.212625 0.07184796
v 0.012501975 -0.207 0.07183125
v 0.012501975 -0.212625 0.07183125
v 0.010000935 -0.207 0.071781195
v 0.010000935 -0.212625 0.071781195
v 0.007500345 -0.207 0.07169793
v 0.007500345 -0.212625 0.07169793
v 0.005003655 -0.207 0.07158159
v 0.005003655 -0.212625 0.07158159
v 0.002514345 -0.207 0.07143231
v 0.002514345 -0.212625 0.07143231
v 3.489e-05 -0.207 0.07125012
v 3.489e-05 -0.212625 0.07125012
v -0.00244071 -0.207 0.07103457
v -0.00244071 -0.212625 0.07103457
v -0.004911495 -0.207 0.070785855
v -0.004911495 -0.212625 0.070785855
v -0.007374045 -0.207 0.07050435
v -0.007374045 -0.212625 0.07050435
v -0.009824955 -0.207 0.070190445
v -0.009824955 -0.212625 0.070190445
v -0.01226082 -0.207 0.069844515
v -0.01226082 -0.212625 0.069844515
v -0.014681955 -0.207 0.069466425
v -0.014681955 -0.212625 0.069466425
v -0.017093535 -0.207 0.069055425
v -0.017093535 -0.212625 0.069055425
v -0.019492575 -0.207 0.0686121
v -0.019492575 -0.212625 0.0686121
v -0.02187579 -0.207 0.068137065
v -0.02187579 -0.212625 0.068137065
v -0.024239865 -0.207 0.06763101
v -0.024239865 -0.212625 0.06763101
v -0.02658162 -0.207 0.06709449
v -0.02658162 -0.212625 0.06709449
v -0.028905405 -0.207 0.066526425
v -0.028905405 -0.212625 0.066526425
v -0.03121242 -0.207 0.06592668
v -0.03121242 -0.212625 0.06592668
v -0.03349947 -0.207 0.06529611
v -0.03349947 -0.212625 0.06529611
v -0.035763405 -0.207 0.0646356
v -0.035763405 -0.212625 0.0646356
v -0.038001045 -0.207 0.063946035
v -0.038001045 -0.212625 0.063946035
v -0.04021092 -0.207 0.063227745
v -0.04021092 -0.212625 0.063227745
v -0.04239855 -0.207 0.062478975
v -0.04239855 -0.212625 0.062478975
v -0.044562195 -0.207 0.061700385
v -0.044562195 -0.212625 0.061700385
v -0.046698855 -0.207 0.060893145
v -0.046698855 -0.212625 0.060893145
v -0.048805605 -0.207 0.06005832
v -0.048805605 -0.212625 0.06005832
v -0.050879445 -0.207 0.059197035
v -0.050879445 -0.212625 0.059197035
v -0.052921995 -0.207 0.05830848
v -0.052921995 -0.212625 0.05830848
v -0.05493657 -0.207 0.057391335
v -0.05493657 -0.212625 0.057391335
v -0.05692047 -0.207 0.05644692
v -0.05692047 -0.212625 0.05644692
v -0.05887095 -0.207 0.055476555
v -0.05887095 -0.212625 0.055476555
v -0.060785295 -0.207 0.054481545
v -0.060785295 -0.212625 0.054481545
v -0.06266124 -0.207 0.053462985
v -0.06266124 -0.212625 0.053462985
v -0.064503045 -0.207 0.052418475
v -0.064503045 -0.212625 0.052418475
v -0.06631059 -0.207 0.051348225
v -0.06631059 -0.212625 0.051348225
v -0.06808143 -0.207 0.050253765
v -0.06808143 -0.212625 0.050253765
v -0.069813075 -0.207 0.04913661
v -0.069813075 -0.212625 0.04913661
v -0.07150311 -0.207 0.04799829
v -0.07150311 -0.212625 0.04799829
v -0.073151145 -0.207 0.04683888
v -0.073151145 -0.212625 0.04683888
v -0.074761065 -0.207 0.045655725
v -0.074761065 -0.212625 0.045655725
v -0.07633113 -0.207 0.044450235
v -0.07633113 -0.212625 0.044450235
v -0.07785918 -0.207 0.04322409
v -0.07785918 -0.212625 0.04322409
v -0.079343115 -0.207 0.041978985
v -0.079343115 -0.212625 0.041978985
v -0.08078079 -0.207 0.0407166
v -0.08078079 -0.212625 0.0407166
v -0.082174365 -0.207 0.039434865
v -0.082174365 -0.212625 0.039434865
v -0.0835251 -0.207 0.03813279
v -0.0835251 -0.212625 0.03813279
v -0.08483124 -0.207 0.036812235
v -0.08483124 -0.212625 0.036812235
v -0.08609097 -0.207 0.035475
v -0.08609097 -0.212625 0.035475
v -0.08730249 -0.207 0.034122945
v -0.08730249 -0.212625 0.034122945
v -0.088464675 -0.207 0.032757135
v -0.088464675 -0.212625 0.032757135
v -0.089580405 -0.207 0.031374165
v -0.089580405 -0.212625 0.031374165
v -0.09064911 -0.207 0.02997495
v -0.09064911 -0.212625 0.02997495
v -0.091669365 -0.207 0.02856144
v -0.091669365 -0.212625 0.02856144
v -0.09263976 -0.207 0.0271356
v -0.09263976 -0.212625 0.0271356
v -0.09355887 -0.207 0.025699395
v -0.09355887 -0.212625 0.025699395
v -0.094426965 -0.207 0.024252075
v -0.094426965 -0.212625 0.024252075
v -0.095245785 -0.207 0.02279097
v -0.095245785 -0.212625 0.02279097
v -0.09601437 -0.207 0.02131803
v -0.09601437 -0.212625 0.02131803
v -0.096731685 -0.207 0.01983531
v -0.096731685 -0.212625 0.01983531
v -0.09739668 -0.207 0.018344835
v -0.09739668 -0.212625 0.018344835
v -0.09800844 -0.207 0.016848465
v -0.09800844 -0.212625 0.016848465
v -0.098568135 -0.207 0.01534299
v -0.098568135 -0.212625 0.01534299
v -0.099076035 -0.207 0.013828215
v -0.099076035 -0.212625 0.013828215
v -0.09953151 -0.207 0.01230624
v -0.09953151 -0.212625 0.01230624
v -0.09993393 -0.207 0.01077918
v -0.09993393 -0.212625 0.01077918
v -0.100282695 -0.207 0.009249135
v -0.100282695 -0.212625 0.009249135
v -0.1005774 -0.207 0.007717395
v -0.1005774 -0.212625 0.007717395
v -0.10081866 -0.207 0.006181935
v -0.10081866 -0.212625 0.006181935
v -0.101006535 -0.207 0.004642455
v -0.101006535 -0.212625 0.004642455
v -0.10114107 -0.207 0.00309897
v -0.10114107 -0.212625 0.00309897
v -0.101222205 -0.207 0.001551495
v -0.101222205 -0.212625 0.001551495
v -0.10125 -0.207 0
v -0.10125 -0.212625 0
v -0.101222205 -0.207 -0.001551495
v -0.101222205 -0.212625 -0.001551495
v -0.10114107 -0.207 -0.00309897
v -0.10114107 -0.212625 -0.00309897
v -0.101006535 -0.207 -0.004642455
v -0.101006535 -0.212625 -0.004642455
v -0.10081866 -0.207 -0.006181935
v -0.10081866 -0.212625 -0.006181935
v -0.1005774 -0.207 -0.007717395
v -0.1005774 -0.212625 -0.007717395
v -0.100282695 -0.207 -0.009249135
v -0.100282695 -0.212625 -0.009249135
v -0.09993393 -0.207 -0.01077918
v -0.09993393 -0.212625 -0.01077918
v -0.09953151 -0.207 -0.01230624
v -0.09953151 -0.212625 -0.01230624
v -0.099076035 -0.207 -0.013828215
v -0.099076035 -0.212625 -0.013828215
v -0.098568135 -0.207 -0.01534299
v -0.098568135 -0.212625 -0.01534299
v -0.09800844 -0.207 -0.016848465
v -0.09800844 -0.212625 -0.016848465
v -0.09739668 -0.207 -0.018344835
v -0.09739668 -0.212625 -0.018344835
v -0.096731685 -0.207 -0.01983531
v -0.096731685 -0.212625 -0.01983531
v -0.09601437 -0.207 -0.02131803
v -0.09601437 -0.212625 -0.02131803
v -0.095245785 -0.207 -0.02279097
v -0.095245785 -0.212625 -0.02279097
v -0.094426965 -0.207 -0.024252075
v -0.094426965 -0.212625 -0.024252075
v -0.09355887 -0.207 -0.025699395
v -0.09355887 -0.212625 -0.025699395
v -0.09263976 -0.207 -0.0271356
v -0.09263976 -0.212625 -0.0271356
v -0.091669365 -0.207 -0.02856144
v -0.091669365 -0.212625 -0.02856144
v -0.09064911 -0.207 -0.02997495
v -0.09064911 -0.212625 -0.02997495
v -0.089580405 -0.207 -0.031374165
v -0.089580405 -0.212625 -0.031374165
v -0.088464675 -0.207 -0.032757135
v -0.088464675 -0.212625 -0.032757135
v -0.08730249 -0.207 -0.034122945
v -0.08730249 -0.212625 -0.034122945
v -0.08609097 -0.207 -0.035475
v -0.08609097 -0.212625 -0.035475
v -0.08483124 -0.207 -0.036812235
v -0.08483124 -0.212625 -0.036812235
v -0.0835251 -0.207 -0.03813279
v -0.0835251 -0.212625 -0.03813279
v -0.082174365 -0.207 -0.039434865
v -0.082174365 -0.212625 -0.039434865
v -0.08078079 -0.207 -0.0407166
v -0.08078079 -0.212625 -0.0407166
v -0.079343115 -0.207 -0.041978985
v -0.079343115 -0.212625 -0.041978985
v -0.07785918 -0.207 -0.04322409
v -0.07785918 -0.212625 -0.04322409
v -0.07633113 -0.207 -0.044450235
v -0.07633113 -0.212625 -0.044450235
v -0.074761065 -0.207 -0.045655725
v -0.074761065 -0.212625 -0.045655725
v -0.073151145 -0.207 -0.04683888
v -0.073151145 -0.212625 -0.04683888
v -0.07150311 -0.207 -0.04799829
v -0.07150311 -0.212625 -0.04799829
v -0.069813075 -0.207 -0.04913661
v -0.069813075 -0.212625 -0.04913661
v -0.06808143 -0.207 -0.050253765
v -0.06808143 -0.212625 -0.050253765
v -0.06631059 -0.207 -0.051348225
v -0.06631059 -0.212625 -0.051348225
v -0.064503045 -0.207 -0.052418475
v -0.064503045 -0.212625 -0.052418475
v -0.06266124 -0.207 -0.053462985
v -0.06266124 -0.212625 -0.053462985
v -0.060785295 -0.207 -0.054481545
v -0.060785295 -0.212625 -0.054481545
v -0.05887095 -0.207 -0.055476555
v -0.05887095 -0.212625 -0.055476555
v -0.05692047 -0.207 -0.05644692
v -0.05692047 -0.212625 -0.05644692
v -0.05493657 -0.207 -0.057391335
v -0.05493657 -0.212625 -0.057391335
v -0.052921995 -0.207 -0.05830848
v -0.052921995 -0.212625 -0.05830848
v -0.050879445 -0.207 -0.059197035
v -0.050879445 -0.212625 -0.059197035
v -0.048805605 -0.207 -0.06005832
v -0.048805605 -0.212625 -0.06005832
v -0.046698855 -0.207 -0.060893145
v -0.046698855 -0.212625 -0.060893145
v -0.044562195 -0.207 -0.061700385
v -0.044562195 -0.212625 -0.061700385
v -0.04239855 -0.207 -0.062478975
v -0.04239855 -0.212625 -0.062478975
v -0.04021092 -0.207 -0.063227745
v -0.04021092 -0.212625 -0.063227745
v -0.038001045 -0.207 -0.063946035
v -0.038001045 -0.212625 -0.063946035
v -0.035763405 -0.207 -0.0646356
v -0.035763405 -0.212625 -0.0646356
v -0.03349947 -0.207 -0.06529611
v -0.03349947 -0.212625 -0.06529611
v -0.03121242 -0.207 -0.06592668
v -0.03121242 -0.212625 -0.06592668
v -0.028905405 -0.207 -0.066526425
v -0.028905405 -0.212625 -0.066526425
v -0.02658162 -0.207 -0.06709449
v -0.02658162 -0.212625 -0.06709449
v -0.024239865 -0.207 -0.06763101
v -0.024239865 -0.212625 -0.06763101
v -0.02187579 -0.207 -0.068137065
v -0.02187579 -0.212625 -0.068137065
v -0.019492575 -0.207 -0.0686121
v -0.019492575 -0.212625 -0.0686121
v -0.017093535 -0.207 -0.069055425
v -0.017093535 -0.212625 -0.069055425
v -0.014681955 -0.207 -0.069466425
v -0.014681955 -0.212625 -0.069466425
v -0.01226082 -0.207 -0.069844515
v -0.01226082 -0.212625 -0.069844515
v -0.009824955 -0.207 -0.070190445
v -0.009824955 -0.212625 -0.070190445
v -0.007374045 -0.207 -0.07050435
v -0.007374045 -0.212625 -0.07050435
v -0.004911495 -0.207 -0.070785855
v -0.004911495 -0.212625 -0.070785855
v -0.00244071 -0.207 -0.07103457
v -0.00244071 -0.212625 -0.07103457
v 3.489e-05 -0.207 -0.07125012
v 3.489e-05 -0.212625 -0.07125012
v 0.002514345 -0.207 -0.07143231
v 0.002514345 -0.212625 -0.07143231
v 0.005003655 -0.207 -0.07158159
v 0.005003655 -0.212625 -0.07158159
v 0.007500345 -0.207 -0.07169793
v 0.007500345 -0.212625 -0.07169793
v 0.010000935 -0.207 -0.071781195
v 0.010000935 -0.212625 -0.071781195
v 0.012501975 -0.207 -0.07183125
v 0.012501975 -0.212625 -0.07183125
v 0.015 -0.207 -0.07184796
v 0.015 -0.212625 -0.07184796
v 0.017498025 -0.207 -0.07183125
v 0.017498025 -0.212625 -0.07183125
v 0.019999065 -0.207 -0.071781195
v 0.019999065 -0.212625 -0.071781195
v 0.022499655 -0.207 -0.07169793
v 0.022499655 -0.212625 -0.07169793
v 0.024996345 -0.207 -0.07158159
v 0.024996345 -0.212625 -0.07158159
v 0.027485655 -0.207 -0.07143231
v 0.027485655 -0.212625 -0.07143231
v 0.02996511 -0.207 -0.07125012
v 0.02996511 -0.212625 -0.07125012
v 0.03244071 -0.207 -0.07103457
v 0.03244071 -0.212625 -0.07103457
v 0.034911495 -0.207 -0.070785855
v 0.034911495 -0.212625 -0.070785855
v 0.037374045 -0.207 -0.07050435
v 0.037374045 -0.212625 -0.07050435
v 0.039824955 -0.207 -0.070190445
v 0.039824955 -0.212625 -0.070190445
v 0.04226082 -0.207 -0.069844515
v 0.04226082 -0.212625 -0.069844515
v 0.044681955 -0.207 -0.069466425
v 0.044681955 -0.212625 -0.069466425
v 0.047093535 -0.207 -0.069055425
v 0.047093535 -0.212625 -0.069055425
v 0.049492575 -0.207 -0.0686121
v 0.049492575 -0.212625 -0.0686121
v 0.05187579 -0.207 -0.068137065
v 0.05187579 -0.212625 -0.068137065
v 0.054239865 -0.207 -0.06763101
v 0.054239865 -0.212625 -0.06763101
v 0.05658162 -0.207 -0.06709449
v 0.05658162 -0.212625 -0.06709449
v 0.058905405 -0.207 -0.066526425
v 0.058905405 -0.212625 -0.066526425
v 0.06121242 -0.207 -0.06592668
v 0.06121242 -0.212625 -0.06592668
v 0.06349947 -0.207 -0.06529611
v 0.06349947 -0.212625 -0.06529611
v 0.06576339 -0.207 -0.0646356
v 0.06576339 -0.212625 -0.0646356
v 0.068001045 -0.207 -0.063946035
v 0.068001045 -0.212625 -0.063946035
v 0.07021092 -0.207 -0.063227745
v 0.07021092 -0.212625 -0.063227745
v 0.07239855 -0.207 -0.062478975
v 0.07239855 -0.212625 -0.062478975
v 0.07456218 -0.207 -0.061700385
v 0.07456218 -0.212625 -0.061700385
v 0.076698855 -0.207 -0.060893145
v 0.076698855 -0.212625 -0.060893145
v 0.078805605 -0.207 -0.06005832
v 0.078805605 -0.212625 -0.06005832
v 0.080879445 -0.207 -0.059197035
v 0.080879445 -0.212625 -0.059197035
v 0.082921995 -0.207 -0.05830848
v 0.082921995 -0.212625 -0.05830848
v 0.08493657 -0.207 -0.057391335
v 0.08493657 -0.212625 -0.057391335
v 0.08692047 -0.207 -0.05644692
v 0.08692047 -0.212625 -0.05644692
v 0.08887095 -0.207 -0.055476555
v 0.08887095 -0.212625 -0.055476555
v 0.090785295 -0.207 -0.054481545
v 0.090785295 -0.212625 -0.054481545
v 0.09266124 -0.207 -0.053462985
v 0.09266124 -0.212625 -0.053462985
v 0.094503045 -0.207 -0.052418475
v 0.094503045 -0.212625 -0.052418475
v 0.09631059 -0.207 -0.051348225
v 0.09631059 -0.212625 -0.051348225
v 0.09808143 -0.207 -0.050253765
v 0.09808143 -0.212625 -0.050253765
v 0.099813075 -0.207 -0.04913661
v 0.099813075 -0.212625 -0.04913661
v 0.10150311 -0.207 -0.04799829
v 0.10150311 -0.212625 -0.04799829
v 0.103151145 -0.207 -0.04683888
v 0.103151145 -0.212625 -0.04683888
v 0.104761065 -0.207 -0.045655725
v 0.104761065 -0.212625 -0.045655725
v 0.10633113 -0.207 -0.044450235
v 0.10633113 -0.212625 -0.044450235
v 0.10785918 -0.207 -0.04322409
v 0.10785918 -0.212625 -0.04322409
v 0.109343115 -0.207 -0.041978985
v 0.109343115 -0.212625 -0.041978985
v 0.11078079 -0.207 -0.0407166
v 0.11078079 -0.212625 -0.0407166
v 0.112174365 -0.207 -0.039434865
v 0.112174365 -0.212625 -0.039434865
v 0.1135251 -0.207 -0.03813279
v 0.1135251 -0.212625 -0.03813279
v 0.11483124 -0.207 -0.036812235
v 0.11483124 -0.212625 -0.036812235
v 0.11609097 -0.207 -0.035475
v 0.11609097 -0.212625 -0.035475
v 0.11730249 -0.207 -0.034122945
v 0.11730249 -0.212625 -0.034122945
v 0.118464675 -0.207 -0.032757135
v 0.118464675 -0.212625 -0.032757135
v 0.119580405 -0.207 -0.031374165
v 0.119580405 -0.212625 -0.031374165
v 0.12064911 -0.207 -0.02997495
v 0.12064911 -0.212625 -0.02997495
v 0.121669365 -0.207 -0.02856144
v 0.121669365 -0.212625 -0.02856144
v 0.12263976 -0.207 -0.0271356
v 0.12263976 -0.212625 -0.0271356
v 0.123558885 -0.207 -0.025699395
v 0.123558885 -0.212625 -0.025699395
v 0.124426965 -0.207 -0.024252075
v 0.124426965 -0.212625 -0.024252075
v 0.125245785 -0.207 -0.02279097
v 0.125245785 -0.212625 -0.02279097
v 0.12601437 -0.207 -0.02131803
v 0.12601437 -0.212625 -0.02131803
v 0.12673167 -0.207 -0.01983531
v 0.12673167 -0.212625 -0.01983531
v 0.127396695 -0.207 -0.018344835
v 0.127396695 -0.212625 -0.018344835
v 0.128008425 -0.207 -0.016848465
v 0.128008425 -0.212625 -0.016848465
v 0.128568135 -0.207 -0.01534299
v 0.128568135 -0.212625 -0.01534299
v 0.129076035 -0.207 -0.013828215
v 0.129076035 -0.212625 -0.013828215
v 0.12953151 -0.207 -0.01230624
v 0.12953151 -0.212625 -0.01230624
v 0.129933945 -0.207 -0.01077918
v 0.129933945 -0.212625 -0.01077918
v 0.130282695 -0.207 -0.009249135
v 0.130282695 -0.212625 -0.009249135
v 0.1305774 -0.207 -0.007717395
v 0.1305774 -0.212625 -0.007717395
v 0.13081866 -0.207 -0.006181935
v 0.13081866 -0.212625 -0.006181935
v 0.131006535 -0.207 -0.004642455
v 0.131006535 -0.212625 -0.004642455
v 0.13114107 -0.207 -0.00309897
v 0.13114107 -0.212625 -0.00309897
v 0.13122222 -0.207 -0.001551495
v 0.07632093 -0.21075 0.0234375
v 0.07632093 -0.207 0.0234375
v 0.076287615 -0.207 0.02324886
v 0.076242435 -0.21075 0.023730465
v 0.076242435 -0.21075 0.023144535
v 0.07620903 -0.207 0.0230931
v 0.076078185 -0.207 0.022965135
v 0.076027965 -0.21075 0.022930065
v 0.075916065 -0.207 0.022880235
v 0.075735 -0.207 0.02285364
v 0.075735 -0.21075 0.02285157
v 0.075553935 -0.207 0.022880235
v 0.075442035 -0.21075 0.022930065
v 0.075391815 -0.207 0.022965135
v 0.07526097 -0.207 0.0230931
v 0.075227565 -0.21075 0.023144535
v 0.075182385 -0.207 0.02324886
v 0.075149055 -0.207 0.0234375
v 0.075149055 -0.21075 0.0234375
v 0.075182385 -0.207 0.02362614
v 0.075227565 -0.21075 0.023730465
v 0.07526097 -0.207 0.0237819
v 0.075391815 -0.207 0.023909865
v 0.075442035 -0.21075 0.023944935
v 0.075553935 -0.207 0.023994765
v 0.075735 -0.207 0.02402136
v 0.075735 -0.21075 0.024023445
v 0.075916065 -0.207 0.023994765
v 0.076027965 -0.21075 0.023944935
v 0.076078185 -0.207 0.023909865
v 0.07620903 -0.207 0.0237819
v 0.076287615 -0.207 0.02362614
v 0.02487093 -0.21075 0.0234375
v 0.02487093 -0.207 0.0234375
v 0.024837615 -0.207 0.02324886
v 0.024792435 -0.21075 0.023730465
v 0.024792435 -0.21075 0.023144535
v 0.02475903 -0.207 0.0230931
v 0.024628185 -0.207 0.022965135
v 0.024577965 -0.21075 0.022930065
v 0.024466065 -0.207 0.022880235
v 0.024285 -0.207 0.02285364
v 0.024285 -0.21075 0.02285157
v 0.024103935 -0.207 0.022880235
v 0.023992035 -0.21075 0.022930065
v 0.023941815 -0.207 0.022965135
v 0.02381097 -0.207 0.0230931
v 0.023777565 -0.21075 0.023144535
v 0.023732385 -0.207 0.02324886
v 0.023699055 -0.207 0.0234375
v 0.023699055 -0.21075 0.0234375
v 0.023732385 -0.207 0.02362614
v 0.023777565 -0.21075 0.023730465
v 0.02381097 -0.207 0.0237819
v 0.023941815 -0.207 0.023909865
v 0.023992035 -0.21075 0.023944935
v 0.024103935 -0.207 0.023994765
v 0.024285 -0.207 0.02402136
v 0.024285 -0.21075 0.024023445
v 0.024466065 -0.207 0.023994765
v 0.024577965 -0.21075 0.023944935
v 0.024628185 -0.207 0.023909865
v 0.02475903 -0.207 0.0237819
v 0.024837615 -0.207 0.02362614
v -0.045554055 -0.21075 0.0234375
v -0.045554055 -0.207 0.0234375
v -0.045587385 -0.207 0.02324886
v -0.045632565 -0.21075 0.023730465
v -0.045632565 -0.21075 0.023144535
v -0.04566597 -0.207 0.0230931
v -0.045796815 -0.207 0.022965135
v -0.045847035 -0.21075 0.022930065
v -0.045958935 -0.207 0.022880235
v -0.04614 -0.207 0.02285364
v -0.04614 -0.21075 0.02285157
v -0.046321065 -0.207 0.022880235
v -0.046432965 -0.21075 0.022930065
v -0.046483185 -0.207 0.022965135
v -0.04661403 -0.207 0.0230931
v -0.046647435 -0.21075 0.023144535
v -0.046692615 -0.207 0.02324886
v -0.04672593 -0.207 0.0234375
v -0.04672593 -0.21075 0.0234375
v -0.046692615 -0.207 0.02362614
v -0.046647435 -0.21075 0.023730465
v -0.04661403 -0.207 0.0237819
v -0.046483185 -0.207 0.023909865
v -0.046432965 -0.21075 0.023944935
v -0.046321065 -0.207 0.023994765
v -0.04614 -0.207 0.02402136
v -0.04614 -0.21075 0.024023445
v -0.045958935 -0.207 0.023994765
v -0.045847035 -0.21075 0.023944935
v -0.045796815 -0.207 0.023909865
v -0.04566597 -0.207 0.0237819
v -0.045587385 -0.207 0.02362614
v -0.045554055 -0.21075 -0.0234375
v -0.045554055 -0.207 -0.0234375
v -0.045587385 -0.207 -0.02362614
v -0.045632565 -0.21075 -0.023144535
v -0.045632565 -0.21075 -0.023730465
v -0.04566597 -0.207 -0.0237819
v -0.045796815 -0.207 -0.023909865
v -0.045847035 -0.21075 -0.023944935
v -0.045958935 -0.207 -0.023994765
v -0.04614 -0.207 -0.02402136
v -0.04614 -0.21075 -0.024023445
v -0.046321065 -0.207 -0.023994765
v -0.046432965 -0.21075 -0.023944935
v -0.046483185 -0.207 -0.023909865
v -0.04661403 -0.207 -0.0237819
v -0.046647435 -0.21075 -0.023730465
v -0.046692615 -0.207 -0.02362614
v -0.04672593 -0.207 -0.0234375
v -0.04672593 -0.21075 -0.0234375
v -0.046692615 -0.207 -0.02324886
v -0.046647435 -0.21075 -0.023144535
v -0.04661403 -0.207 -0.0230931
v -0.046483185 -0.207 -0.022965135
v -0.046432965 -0.21075 -0.022930065
v -0.046321065 -0.207 -0.022880235
v -0.04614 -0.207 -0.02285364
v -0.04614 -0.21075 -0.02285157
v -0.045958935 -0.207 -0.022880235
v -0.045847035 -0.21075 -0.022930065
v -0.045796815 -0.207 -0.022965135
v -0.04566597 -0.207 -0.0230931
v -0.045587385 -0.207 -0.02324886
v 0.02487093 -0.21075 -0.0234375
v 0.02487093 -0.207 -0.0234375
v 0.024837615 -0.207 -0.02362614
v 0.024792435 -0.21075 -0.023144535
v 0.024792435 -0.21075 -0.023730465
v 0.02475903 -0.207 -0.0237819
v 0.024628185 -0.207 -0.023909865
v 0.024577965 -0.21075 -0.023944935
v 0.024466065 -0.207 -0.023994765
v 0.024285 -0.207 -0.02402136
v 0.024285 -0.21075 -0.024023445
v 0.024103935 -0.207 -0.023994765
v 0.023992035 -0.21075 -0.023944935
v 0.023941815 -0.207 -0.023909865
v 0.02381097 -0.207 -0.0237819
v 0.023777565 -0.21075 -0.023730465
v 0.023732385 -0.207 -0.02362614
v 0.023699055 -0.207 -0.0234375
v 0.023699055 -0.21075 -0.0234375
v 0.023732385 -0.207 -0.02324886
v 0.023777565 -0.21075 -0.023144535
v 0.02381097 -0.207 -0.0230931
v 0.023941815 -0.207 -0.022965135
v 0.023992035 -0.21075 -0.022930065
v 0.024103935 -0.207 -0.022880235
v 0.024285 -0.207 -0.02285364
v 0.024285 -0.21075 -0.02285157
v 0.024466065 -0.207 -0.022880235
v 0.024577965 -0.21075 -0.022930065
v 0.024628185 -0.207 -0.022965135
v 0.02475903 -0.207 -0.0230931
v 0.024837615 -0.207 -0.02324886
v 0.07632093 -0.21075 -0.0234375
v 0.07632093 -0.207 -0.0234375
v 0.076287615 -0.207 -0.02362614
v 0.076242435 -0.21075 -0.023144535
v 0.076242435 -0.21075 -0.023730465
v 0.07620903 -0.207 -0.0237819
v 0.076078185 -0.207 -0.023909865
v 0.076027965 -0.21075 -0.023944935
v 0.075916065 -0.207 -0.023994765
v 0.075735 -0.207 -0.02402136
v 0.075735 -0.21075 -0.024023445
v 0.075553935 -0.207 -0.023994765
v 0.075442035 -0.21075 -0.023944935
v 0.075391815 -0.207 -0.023909865
v 0.07526097 -0.207 -0.0237819
v 0.075227565 -0.21075 -0.023730465
v 0.075182385 -0.207 -0.02362614
v 0.075149055 -0.207 -0.0234375
v 0.075149055 -0.21075 -0.0234375
v 0.075182385 -0.207 -0.02324886
v 0.075227565 -0.21075 -0.023144535
v 0.07526097 -0.207 -0.0230931
v 0.075391815 -0.207 -0.022965135
v 0.075442035 -0.21075 -0.022930065
v 0.075553935 -0.207 -0.022880235
v 0.075735 -0.207 -0.02285364
v 0.075735 -0.21075 -0.02285157
v 0.075916065 -0.207 -0.022880235
v 0.076027965 -0.21075 -0.022930065
v 0.076078185 -0.207 -0.022965135
v 0.07620903 -0.207 -0.0230931
v 0.076287615 -0.207 -0.02324886
v -0.083092605 -0.212625 0.010604475
v -0.083092605 -0.207 0.010604475
v -0.08281689 -0.207 0.01169178
v -0.083721465 -0.212625 0.00756936
v -0.08280555 -0.212625 0.011733255
v -0.082444035 -0.207 0.01283664
v -0.082415325 -0.212625 0.012915855
v -0.08196708 -0.207 0.014033115
v -0.081915645 -0.212625 0.0141447
v -0.081335445 -0.207 0.01524429
v -0.081259455 -0.212625 0.01537002
v -0.080958015 -0.207 0.015844575
v -0.08087127 -0.212625 0.01597071
v -0.080529585 -0.207 0.01643058
v -0.080436 -0.212625 0.016551435
v -0.08005137 -0.207 0.01701129
v -0.079953795 -0.212625 0.017120925
v -0.0795354 -0.207 0.01756221
v -0.079436625 -0.212625 0.01765815
v -0.07898895 -0.207 0.01806261
v -0.078892125 -0.212625 0.01814505
v -0.07840302 -0.207 0.0185232
v -0.07831179 -0.212625 0.018590535
v -0.077795685 -0.207 0.018938175
v -0.07771167 -0.212625 0.01899084
v -0.077184885 -0.207 0.019298805
v -0.077107725 -0.212625 0.01933962
v -0.07593294 -0.207 0.019863855
v -0.07587042 -0.212625 0.019887315
v -0.07469562 -0.207 0.020246715
v -0.074646855 -0.212625 0.020258445
v -0.073495035 -0.207 0.02047386
v -0.073459275 -0.212625 0.020478615
v -0.072364425 -0.207 0.02058033
v -0.072341355 -0.212625 0.02058177
v -0.0713121 -0.207 0.020627745
v -0.071300955 -0.212625 0.0206277
v -0.070340055 -0.207 0.020625
v -0.070340055 -0.212625 0.020625
v 0.100340055 -0.207 0.020625
v 0.100340055 -0.212625 0.020625
v 0.10109853 -0.207 0.020637195
v 0.10107456 -0.212625 0.020634045
v 0.101799675 -0.212625 0.02061603
v 0.10184421 -0.207 0.02061885
v 0.102515385 -0.212625 0.020571045
v 0.10257705 -0.207 0.02056995
v 0.1032198 -0.212625 0.020505345
v 0.103296525 -0.207 0.020493765
v 0.10391562 -0.212625 0.020409915
v 0.104002485 -0.207 0.02039118
v 0.104608275 -0.212625 0.020267505
v 0.104697165 -0.207 0.020248725
v 0.105300615 -0.212625 0.0200799
v 0.105383535 -0.207 0.02005482
v 0.105986865 -0.212625 0.01984596
v 0.10606374 -0.207 0.019814355
v 0.10666107 -0.212625 0.019558155
v 0.106729845 -0.207 0.01952748
v 0.10733001 -0.212625 0.01921557
v 0.107373615 -0.207 0.01919223
v 0.107980455 -0.212625 0.0188229
v 0.108001485 -0.207 0.01880511
v 0.10859592 -0.212625 0.018382845
v 0.108606945 -0.207 0.018371805
v 0.1091763 -0.207 0.01790076
v 0.10918326 -0.212625 0.017889945
v 0.10970859 -0.207 0.01738602
v 0.10973427 -0.212625 0.017358315
v 0.110206575 -0.207 0.01683096
v 0.11023923 -0.212625 0.01679871
v 0.110662155 -0.207 0.016257975
v 0.11070267 -0.212625 0.01620072
v 0.11106912 -0.207 0.015676455
v 0.11111958 -0.212625 0.015591825
v 0.111430635 -0.207 0.015075615
v 0.111482595 -0.212625 0.014993895
v 0.112034625 -0.207 0.01388598
v 0.11206398 -0.212625 0.013807305
v 0.11248029 -0.207 0.012732945
v 0.11250153 -0.212625 0.012677025
v 0.112832625 -0.207 0.011638935
v 0.112837575 -0.212625 0.01160796
v 0.113092605 -0.207 0.010604475
v 0.113092605 -0.212625 0.010604475
v 0.113721465 -0.207 0.00756936
v 0.113721465 -0.212625 0.00756936
v 0.1141407 -0.207 0.00453789
v 0.1141407 -0.212625 0.00453789
v 0.11435031 -0.207 0.00151122
v 0.11435031 -0.212625 0.00151122
v 0.11435031 -0.207 -0.00151122
v 0.11435031 -0.212625 -0.00151122
v 0.1141407 -0.207 -0.00453789
v 0.1141407 -0.212625 -0.00453789
v 0.113721465 -0.207 -0.00756936
v 0.113721465 -0.212625 -0.00756936
v 0.113092605 -0.207 -0.010604475
v 0.113092605 -0.212625 -0.010604475
v 0.11280894 -0.207 -0.011713125
v 0.112800825 -0.212625 -0.011740995
v 0.11242719 -0.207 -0.01288578
v 0.11240319 -0.212625 -0.012954
v 0.111932745 -0.207 -0.014101365
v 0.111877455 -0.212625 -0.01421739
v 0.11129337 -0.207 -0.01531665
v 0.111553215 -0.212625 -0.01485711
v 0.111187275 -0.212625 -0.01548999
v 0.110913615 -0.207 -0.015905505
v 0.11077461 -0.212625 -0.01610262
v 0.11049255 -0.207 -0.01648335
v 0.11031486 -0.212625 -0.01670352
v 0.110031045 -0.207 -0.017041335
v 0.10982001 -0.212625 -0.01727079
v 0.109528515 -0.207 -0.017566965
v 0.10929474 -0.212625 -0.01779054
v 0.108983085 -0.207 -0.01806663
v 0.108736305 -0.212625 -0.018270375
v 0.108400635 -0.207 -0.01853052
v 0.10815936 -0.212625 -0.01870254
v 0.10778493 -0.207 -0.01894791
v 0.10713099 -0.207 -0.0193239
v 0.106952205 -0.212625 -0.019416105
v 0.10645386 -0.207 -0.019652595
v 0.105762855 -0.207 -0.01992729
v 0.105731535 -0.212625 -0.01993953
v 0.10505082 -0.207 -0.02015013
v 0.10452924 -0.212625 -0.02028876
v 0.10433733 -0.207 -0.020326485
v 0.103632195 -0.207 -0.020455035
v 0.103373985 -0.212625 -0.02048631
v 0.1029288 -0.207 -0.020535105
v 0.102284715 -0.212625 -0.02058639
v 0.10158789 -0.207 -0.020624235
v 0.1012713 -0.212625 -0.020625045
v 0.100340055 -0.207 -0.020625
v 0.100340055 -0.212625 -0.020625
v -0.070340055 -0.207 -0.020625
v -0.070340055 -0.212625 -0.020625
v -0.07130967 -0.207 -0.020632155
v -0.071320155 -0.212625 -0.020627745
v -0.072357285 -0.207 -0.020579595
v -0.07238049 -0.212625 -0.02057928
v -0.07348647 -0.207 -0.02047761
v -0.0735189 -0.212625 -0.02047062
v -0.07467405 -0.207 -0.02024721
v -0.07472652 -0.212625 -0.02023896
v -0.075910845 -0.207 -0.01987578
v -0.07596786 -0.212625 -0.01985067
v -0.07713984 -0.207 -0.01931853
v -0.077219445 -0.212625 -0.0192801
v -0.07774905 -0.207 -0.01897185
v -0.07782879 -0.212625 -0.018917325
v -0.078336195 -0.207 -0.01857789
v -0.078433815 -0.212625 -0.01850034
v -0.078904575 -0.207 -0.018128865
v -0.079016655 -0.212625 -0.01803861
v -0.0794562 -0.207 -0.017629935
v -0.07955922 -0.212625 -0.0175389
v -0.07997415 -0.207 -0.017098695
v -0.08007003 -0.212625 -0.016990725
v -0.080444355 -0.207 -0.01654752
v -0.08054298 -0.212625 -0.01641351
v -0.080873325 -0.207 -0.01596291
v -0.08096742 -0.212625 -0.015830475
v -0.08126283 -0.207 -0.01535799
v -0.081342135 -0.212625 -0.0152328
v -0.081918045 -0.207 -0.014141715
v -0.081970065 -0.212625 -0.014026485
v -0.08241492 -0.207 -0.01291437
v -0.08244477 -0.212625 -0.01283472
v -0.08280873 -0.207 -0.01173819
v -0.08281665 -0.212625 -0.011692155
v -0.083092605 -0.207 -0.010604475
v -0.083092605 -0.212625 -0.010604475
v -0.083721465 -0.207 -0.00756936
v -0.083721465 -0.212625 -0.00756936
v -0.0841407 -0.207 -0.00453789
v -0.0841407 -0.212625 -0.00453789
v -0.08435031 -0.207 -0.00151122
v -0.08435031 -0.212625 -0.00151122
v -0.08435031 -0.207 0.00151122
v -0.08435031 -0.212625 0.00151122
v -0.0841407 -0.207 0.00453789
v -0.0841407 -0.212625 0.00453789
v -0.083721465 -0.207 0.00756936
v -0.04229028 -0.212625 -0.02625
v -0.04229028 -0.207 -0.02625
v 0.07229028 -0.207 -0.02625
v -0.04256124 -0.212625 -0.02625
v 0.07229028 -0.212625 -0.02625
v 0.0725586 -0.207 -0.02625
v 0.07255767 -0.212625 -0.02625
v 0.072829995 -0.207 -0.02625009
v 0.07283028 -0.212625 -0.02625009
v 0.0731049 -0.207 -0.02625027
v 0.07310862 -0.212625 -0.02625027
v 0.073387605 -0.207 -0.026250645
v 0.07339755 -0.212625 -0.02625066
v 0.07368072 -0.207 -0.026251305
v 0.073700055 -0.212625 -0.026251365
v 0.07398645 -0.207 -0.026252355
v 0.07401855 -0.212625 -0.02625249
v 0.074309535 -0.207 -0.02625402
v 0.07435866 -0.212625 -0.02625432
v 0.07465299 -0.207 -0.02625648
v 0.07472358 -0.212625 -0.026257095
v 0.075021345 -0.207 -0.026259975
v 0.075118395 -0.212625 -0.02626107
v 0.07541598 -0.207 -0.02626503
v 0.07554375 -0.212625 -0.026266965
v 0.0758373 -0.207 -0.02627196
v 0.07600011 -0.212625 -0.026275155
v 0.07628502 -0.207 -0.026281485
v 0.076487655 -0.212625 -0.026286585
v 0.07676106 -0.207 -0.02629437
v 0.077008065 -0.212625 -0.02630217
v 0.077266365 -0.207 -0.026311095
v 0.077562345 -0.212625 -0.02632251
v 0.077800815 -0.207 -0.026332605
v 0.07815336 -0.212625 -0.026348745
v 0.078367425 -0.207 -0.026359305
v 0.0787872 -0.212625 -0.026381505
v 0.07896888 -0.207 -0.0263916
v 0.0794697 -0.212625 -0.02642136
v 0.079607505 -0.207 -0.02643018
v 0.08020314 -0.212625 -0.026470065
v 0.08028324 -0.207 -0.02647581
v 0.08098962 -0.212625 -0.026529315
v 0.08099421 -0.207 -0.026529435
v 0.08174847 -0.207 -0.02659404
v 0.08183205 -0.212625 -0.026601315
v 0.082550835 -0.207 -0.026671635
v 0.08273634 -0.212625 -0.026691345
v 0.08341557 -0.207 -0.026767215
v 0.083704845 -0.212625 -0.02680242
v 0.084348945 -0.207 -0.02688687
v 0.084215595 -0.212625 -0.026868795
v 0.084743835 -0.212625 -0.0269418
v 0.0848439 -0.207 -0.02695653
v 0.085287015 -0.212625 -0.02702391
v 0.0853557 -0.207 -0.027034665
v 0.08584419 -0.212625 -0.027116415
v 0.085883355 -0.207 -0.02712309
v 0.08641704 -0.212625 -0.02721792
v 0.086428605 -0.207 -0.027220185
v 0.086987985 -0.207 -0.02732832
v 0.08700102 -0.212625 -0.02733105
v 0.08755791 -0.207 -0.027450105
v 0.087592635 -0.212625 -0.027457815
v 0.088140795 -0.207 -0.027583365
v 0.088194885 -0.212625 -0.02759625
v 0.088733925 -0.207 -0.02773089
v 0.08880357 -0.212625 -0.0277494
v 0.08933298 -0.207 -0.027897045
v 0.089414115 -0.212625 -0.02792067
v 0.089942715 -0.207 -0.02808003
v 0.090031545 -0.212625 -0.028107915
v 0.090557475 -0.207 -0.02828139
v 0.090648765 -0.212625 -0.028313445
v 0.09116547 -0.207 -0.0285057
v 0.09125553 -0.212625 -0.028541235
v 0.09177315 -0.207 -0.028753635
v 0.091860465 -0.212625 -0.028790685
v 0.092375355 -0.207 -0.0290241
v 0.092453805 -0.212625 -0.029061735
v 0.092947605 -0.207 -0.02931828
v 0.09301407 -0.212625 -0.02935599
v 0.093483315 -0.207 -0.0296385
v 0.0935415 -0.212625 -0.029675355
v 0.093989985 -0.207 -0.02998341
v 0.094037985 -0.212625 -0.030017805
v 0.09445182 -0.207 -0.03034734
v 0.0944892 -0.212625 -0.030379395
v 0.09485907 -0.207 -0.0307275
v 0.094890015 -0.212625 -0.030759855
v 0.09521844 -0.207 -0.031126485
v 0.095245425 -0.212625 -0.03116001
v 0.0955272 -0.207 -0.03154017
v 0.095550345 -0.212625 -0.03157467
v 0.09578271 -0.207 -0.03196515
v 0.09600063 -0.212625 -0.03244059
v 0.09613764 -0.207 -0.03285369
v 0.096243465 -0.212625 -0.033355305
v 0.0962841 -0.207 -0.03379032
v 0.0962781 -0.212625 -0.03431505
v 0.096229065 -0.207 -0.034772775
v 0.0962229 -0.212625 -0.03481236
v 0.09612861 -0.207 -0.03528195
v 0.09611874 -0.212625 -0.03532272
v 0.09598065 -0.207 -0.03580071
v 0.095967015 -0.212625 -0.03584307
v 0.09578877 -0.207 -0.036323955
v 0.095769585 -0.212625 -0.03637008
v 0.09554931 -0.207 -0.036854715
v 0.09552171 -0.212625 -0.036908805
v 0.09526602 -0.207 -0.037390185
v 0.095230335 -0.212625 -0.0374523
v 0.094949385 -0.207 -0.037921035
v 0.094906755 -0.212625 -0.037988715
v 0.094597485 -0.207 -0.03844674
v 0.094544715 -0.212625 -0.038520525
v 0.0942105 -0.207 -0.038968725
v 0.094149975 -0.212625 -0.039046455
v 0.0938058 -0.207 -0.03947835
v 0.093742185 -0.212625 -0.03955614
v 0.093390945 -0.207 -0.03997095
v 0.093325125 -0.212625 -0.04004616
v 0.09295902 -0.207 -0.04045008
v 0.092893875 -0.212625 -0.040520145
v 0.09251934 -0.207 -0.04091442
v 0.092459115 -0.212625 -0.0409767
v 0.09207804 -0.207 -0.041362815
v 0.0920256 -0.212625 -0.04141479
v 0.09163044 -0.207 -0.04179585
v 0.09158904 -0.212625 -0.041835
v 0.09118182 -0.207 -0.042213645
v 0.09115491 -0.212625 -0.04223835
v 0.09073704 -0.207 -0.04261626
v 0.090726705 -0.212625 -0.04262553
v 0.09029268 -0.207 -0.04300374
v 0.09030141 -0.212625 -0.042996105
v 0.08988327 -0.212625 -0.04335033
v 0.089852595 -0.207 -0.043375935
v 0.08947617 -0.212625 -0.04368837
v 0.089421705 -0.207 -0.043732665
v 0.089078055 -0.212625 -0.044009715
v 0.088998 -0.207 -0.04407363
v 0.088690395 -0.212625 -0.04431549
v 0.08858283 -0.207 -0.044399445
v 0.08817933 -0.207 -0.04471095
v 0.08795376 -0.212625 -0.04488228
v 0.087407025 -0.207 -0.04528929
v 0.087263775 -0.212625 -0.045394755
v 0.086678955 -0.207 -0.04581792
v 0.08661717 -0.212625 -0.045861615
v 0.08599464 -0.207 -0.0463005
v 0.086004525 -0.212625 -0.046293885
v 0.085422885 -0.212625 -0.04669554
v 0.085351965 -0.207 -0.04674411
v 0.0848673 -0.212625 -0.04707276
v 0.08474964 -0.207 -0.04715202
v 0.08434011 -0.212625 -0.04742523
v 0.08418678 -0.207 -0.047526675
v 0.08384187 -0.212625 -0.04775343
v 0.0836616 -0.207 -0.04787091
v 0.083370165 -0.212625 -0.04805928
v 0.08316927 -0.207 -0.048188025
v 0.082923045 -0.212625 -0.048344325
v 0.082704675 -0.207 -0.048481545
v 0.08249829 -0.212625 -0.048610215
v 0.082266465 -0.207 -0.048753525
v 0.08209641 -0.212625 -0.048857745
v 0.081854055 -0.207 -0.04900503
v 0.08171691 -0.212625 -0.049087785
v 0.08146644 -0.207 -0.049237815
v 0.081358545 -0.212625 -0.04930209
v 0.08110413 -0.207 -0.04945278
v 0.081022005 -0.212625 -0.04950114
v 0.080766975 -0.207 -0.049650555
v 0.08070711 -0.212625 -0.04968549
v 0.080454585 -0.207 -0.049832265
v 0.08041278 -0.212625 -0.049856475
v 0.0801627 -0.207 -0.050000745
v 0.08013519 -0.212625 -0.050016555
v 0.07988859 -0.207 -0.050157855
v 0.07987188 -0.212625 -0.05016741
v 0.07962777 -0.207 -0.05030652
v 0.07961898 -0.212625 -0.0503115
v 0.07937817 -0.207 -0.050447985
v 0.07937469 -0.212625 -0.050449965
v 0.07913733 -0.207 -0.05058378
v 0.07913679 -0.212625 -0.05058408
v 0.07890105 -0.207 -0.050716305
v 0.078901665 -0.212625 -0.05071596
v 0.078668925 -0.207 -0.05084577
v 0.078668925 -0.212625 -0.05084577
v 0.0765954 -0.207 -0.051966765
v 0.0765954 -0.212625 -0.051966765
v 0.074484405 -0.207 -0.053047605
v 0.074484405 -0.212625 -0.053047605
v 0.07233591 -0.207 -0.05408829
v 0.07233591 -0.212625 -0.05408829
v 0.07014993 -0.207 -0.055088835
v 0.07014993 -0.212625 -0.055088835
v 0.067926465 -0.207 -0.05604921
v 0.067926465 -0.212625 -0.05604921
v 0.065663145 -0.207 -0.05697027
v 0.065663145 -0.212625 -0.05697027
v 0.063357825 -0.207 -0.05785275
v 0.063357825 -0.212625 -0.05785275
v 0.061015365 -0.207 -0.05869497
v 0.061015365 -0.212625 -0.05869497
v 0.058640775 -0.207 -0.059495145
v 0.058640775 -0.212625 -0.059495145
v 0.05623908 -0.207 -0.06025149
v 0.05623908 -0.212625 -0.06025149
v 0.05381208 -0.207 -0.06096321
v 0.05381208 -0.212625 -0.06096321
v 0.05135169 -0.207 -0.06163275
v 0.05135169 -0.212625 -0.06163275
v 0.04886181 -0.207 -0.06225921
v 0.04886181 -0.212625 -0.06225921
v 0.046347795 -0.207 -0.06284133
v 0.046347795 -0.212625 -0.06284133
v 0.043814985 -0.207 -0.063377805
v 0.043814985 -0.212625 -0.063377805
v 0.041267205 -0.207 -0.063867615
v 0.041267205 -0.212625 -0.063867615
v 0.03869592 -0.207 -0.06431238
v 0.03869592 -0.212625 -0.06431238
v 0.03610326 -0.207 -0.06471192
v 0.03610326 -0.212625 -0.06471192
v 0.03349482 -0.207 -0.06506547
v 0.03349482 -0.212625 -0.06506547
v 0.030876135 -0.207 -0.065372235
v 0.030876135 -0.212625 -0.065372235
v 0.028252395 -0.207 -0.06563145
v 0.028252395 -0.212625 -0.06563145
v 0.025616325 -0.207 -0.065843685
v 0.025616325 -0.212625 -0.065843685
v 0.02296737 -0.207 -0.06600921
v 0.02296737 -0.212625 -0.06600921
v 0.0203112 -0.207 -0.066127785
v 0.0203112 -0.212625 -0.066127785
v 0.017653515 -0.207 -0.066199125
v 0.017653515 -0.212625 -0.066199125
v 0.015 -0.207 -0.06622296
v 0.015 -0.212625 -0.06622296
v 0.012346485 -0.207 -0.066199125
v 0.012346485 -0.212625 -0.066199125
v 0.0096888 -0.207 -0.066127785
v 0.0096888 -0.212625 -0.066127785
v 0.00703263 -0.207 -0.06600921
v 0.00703263 -0.212625 -0.06600921
v 0.004383675 -0.207 -0.065843685
v 0.004383675 -0.212625 -0.065843685
v 0.001747605 -0.207 -0.06563145
v 0.001747605 -0.212625 -0.06563145
v -0.000876135 -0.207 -0.065372235
v -0.000876135 -0.212625 -0.065372235
v -0.00349482 -0.207 -0.06506547
v -0.00349482 -0.212625 -0.06506547
v -0.00610326 -0.207 -0.06471192
v -0.00610326 -0.212625 -0.06471192
v -0.00869592 -0.207 -0.06431238
v -0.00869592 -0.212625 -0.06431238
v -0.011267205 -0.207 -0.063867615
v -0.011267205 -0.212625 -0.063867615
v -0.013814985 -0.207 -0.063377805
v -0.013814985 -0.212625 -0.063377805
v -0.016347795 -0.207 -0.06284133
v -0.016347795 -0.212625 -0.06284133
v -0.01886181 -0.207 -0.06225921
v -0.01886181 -0.212625 -0.06225921
v -0.02135169 -0.207 -0.06163275
v -0.02135169 -0.212625 -0.06163275
v -0.02381208 -0.207 -0.06096321
v -0.02381208 -0.212625 -0.06096321
v -0.02623908 -0.207 -0.06025149
v -0.02623908 -0.212625 -0.06025149
v -0.028640775 -0.207 -0.059495145
v -0.028640775 -0.212625 -0.059495145
v -0.031015365 -0.207 -0.05869497
v -0.031015365 -0.212625 -0.05869497
v -0.033357825 -0.207 -0.05785275
v -0.033357825 -0.212625 -0.05785275
v -0.035663145 -0.207 -0.05697027
v -0.035663145 -0.212625 -0.05697027
v -0.037926465 -0.207 -0.05604921
v -0.037926465 -0.212625 -0.05604921
v -0.04014993 -0.207 -0.055088835
v -0.04014993 -0.212625 -0.055088835
v -0.04233591 -0.207 -0.05408829
v -0.04233591 -0.212625 -0.05408829
v -0.044484405 -0.207 -0.053047605
v -0.044484405 -0.212625 -0.053047605
v -0.0465954 -0.207 -0.051966765
v -0.0465954 -0.212625 -0.051966765
v -0.048668925 -0.207 -0.05084577
v -0.048668925 -0.212625 -0.05084577
v -0.04890711 -0.207 -0.050712915
v -0.04890633 -0.212625 -0.05071335
v -0.049147785 -0.207 -0.050577915
v -0.049148235 -0.212625 -0.05057766
v -0.04939125 -0.207 -0.05044059
v -0.04939497 -0.212625 -0.05043849
v -0.04964157 -0.207 -0.050298675
v -0.04965114 -0.212625 -0.05029323
v -0.04990095 -0.207 -0.05015079
v -0.04991925 -0.212625 -0.05014032
v -0.050171415 -0.207 -0.049995735
v -0.050201535 -0.212625 -0.049978395
v -0.05045748 -0.207 -0.049830585
v -0.050503305 -0.212625 -0.049804035
v -0.050761335 -0.207 -0.04965387
v -0.05082684 -0.212625 -0.049615575
v -0.05108709 -0.207 -0.04946283
v -0.05117655 -0.212625 -0.04941003
v -0.05143509 -0.207 -0.049256505
v -0.05155212 -0.212625 -0.049186605
v -0.05180562 -0.207 -0.049034325
v -0.05195376 -0.212625 -0.048944625
v -0.05219829 -0.207 -0.048795375
v -0.052381635 -0.212625 -0.048682515
v -0.052613925 -0.207 -0.04853826
v -0.052836135 -0.212625 -0.04839903
v -0.05305308 -0.207 -0.04826196
v -0.053317335 -0.212625 -0.04809327
v -0.05351601 -0.207 -0.047965245
v -0.053829945 -0.212625 -0.04776123
v -0.05400462 -0.207 -0.047646705
v -0.05437737 -0.212625 -0.04740036
v -0.054522285 -0.207 -0.04730409
v -0.05496528 -0.212625 -0.047006895
v -0.055068585 -0.207 -0.046936785
v -0.05559411 -0.212625 -0.046578
v -0.055643715 -0.207 -0.04654395
v -0.05624703 -0.207 -0.046124025
v -0.05626458 -0.212625 -0.04611159
v -0.056884455 -0.207 -0.0456699
v -0.056978325 -0.212625 -0.04560261
v -0.05755941 -0.207 -0.045177255
v -0.057737505 -0.212625 -0.045043935
v -0.05828322 -0.207 -0.04463145
v -0.058135155 -0.212625 -0.044744655
v -0.05854359 -0.212625 -0.044430945
v -0.059054595 -0.207 -0.044027685
v -0.05896209 -0.212625 -0.0441012
v -0.059392485 -0.212625 -0.04375602
v -0.059459445 -0.207 -0.043701285
v -0.059831235 -0.212625 -0.043395375
v -0.05987502 -0.207 -0.043358775
v -0.060274185 -0.212625 -0.04301892
v -0.06029733 -0.207 -0.04299936
v -0.060724155 -0.212625 -0.04262655
v -0.06072792 -0.207 -0.042623085
v -0.061165635 -0.207 -0.042230025
v -0.061178175 -0.212625 -0.042218535
v -0.061604985 -0.207 -0.04181976
v -0.06163026 -0.212625 -0.041795205
v -0.062045895 -0.207 -0.04139244
v -0.062082405 -0.212625 -0.04135671
v -0.06248934 -0.207 -0.04094808
v -0.06253326 -0.212625 -0.040902825
v -0.062927835 -0.207 -0.040485585
v -0.06297534 -0.212625 -0.04043328
v -0.063360015 -0.207 -0.040002885
v -0.063409965 -0.212625 -0.039946125
v -0.063790215 -0.207 -0.03949989
v -0.063837705 -0.212625 -0.03944247
v -0.0642027 -0.207 -0.03898299
v -0.064243965 -0.212625 -0.038927985
v -0.064586205 -0.207 -0.03845595
v -0.064622505 -0.212625 -0.03840432
v -0.06495078 -0.207 -0.03791331
v -0.064980495 -0.212625 -0.037868415
v -0.065282475 -0.207 -0.037365555
v -0.065303355 -0.212625 -0.03732948
v -0.065565255 -0.207 -0.03682398
v -0.06557907 -0.212625 -0.03679455
v -0.06580419 -0.207 -0.03628335
v -0.06581439 -0.212625 -0.036258465
v -0.065998425 -0.207 -0.0357474
v -0.066005385 -0.212625 -0.035726865
v -0.066142845 -0.207 -0.03522393
v -0.066146595 -0.212625 -0.035206515
v -0.066238305 -0.207 -0.03471303
v -0.066240285 -0.212625 -0.034695135
v -0.06627975 -0.207 -0.033724245
v -0.066285135 -0.212625 -0.034193385
v -0.06621966 -0.212625 -0.033226425
v -0.06611556 -0.207 -0.03278094
v -0.065946 -0.212625 -0.03230724
v -0.065737545 -0.207 -0.031884015
v -0.065727285 -0.212625 -0.03186489
v -0.065466225 -0.207 -0.03145209
v -0.06545478 -0.212625 -0.031434555
v -0.065143365 -0.207 -0.03103587
v -0.06512982 -0.212625 -0.031019655
v -0.06476922 -0.207 -0.03063795
v -0.06475023 -0.212625 -0.030620355
v -0.0643407 -0.207 -0.03025557
v -0.06431589 -0.212625 -0.03023547
v -0.063868035 -0.207 -0.02989356
v -0.063837615 -0.212625 -0.02987154
v -0.06335916 -0.207 -0.02955681
v -0.06331935 -0.212625 -0.02953335
v -0.06280416 -0.207 -0.029244
v -0.062752695 -0.212625 -0.029218155
v -0.062218905 -0.207 -0.02895414
v -0.062159535 -0.212625 -0.0289266
v -0.061623195 -0.207 -0.028687155
v -0.061559625 -0.212625 -0.028660005
v -0.06100896 -0.207 -0.02844441
v -0.060940755 -0.212625 -0.0284193
v -0.06038205 -0.207 -0.028223745
v -0.060314325 -0.212625 -0.028201305
v -0.059758305 -0.207 -0.028021815
v -0.0596973 -0.212625 -0.028002585
v -0.05913786 -0.207 -0.02783991
v -0.05908605 -0.212625 -0.027825615
v -0.05851845 -0.207 -0.02767707
v -0.058480395 -0.212625 -0.027667695
v -0.05790636 -0.207 -0.027528645
v -0.057886005 -0.212625 -0.027523485
v -0.057302565 -0.207 -0.0273936
v -0.05730198 -0.212625 -0.027393495
v -0.05670549 -0.207 -0.02727327
v -0.05672856 -0.212625 -0.02727786
v -0.056170305 -0.212625 -0.02717316
v -0.05612055 -0.207 -0.027164535
v -0.055628385 -0.212625 -0.02707875
v -0.055550625 -0.207 -0.02706594
v -0.055101375 -0.212625 -0.026995545
v -0.054993195 -0.207 -0.02697897
v -0.054592035 -0.212625 -0.026920725
v -0.054451395 -0.207 -0.026901075
v -0.053928105 -0.207 -0.026830275
v -0.053631675 -0.212625 -0.026793435
v -0.052933305 -0.207 -0.02671278
v -0.052741185 -0.212625 -0.026691405
v -0.052006275 -0.207 -0.02661762
v -0.051918195 -0.212625 -0.026609745
v -0.05114328 -0.207 -0.026541615
v -0.051145575 -0.212625 -0.026541735
v -0.050418585 -0.212625 -0.0264855
v -0.050338605 -0.207 -0.026479785
v -0.049729005 -0.212625 -0.026438025
v -0.049588305 -0.207 -0.0264288
v -0.049077225 -0.212625 -0.02639781
v -0.04889058 -0.207 -0.02638728
v -0.048462705 -0.212625 -0.026364165
v -0.048243585 -0.207 -0.026353125
v -0.047884905 -0.212625 -0.026336325
v -0.04764027 -0.207 -0.026325705
v -0.047339955 -0.212625 -0.026313825
v -0.0470763 -0.207 -0.026304465
v -0.046825515 -0.212625 -0.02629632
v -0.0465465 -0.207 -0.026288175
v -0.04634097 -0.212625 -0.02628285
v -0.046050225 -0.207 -0.026276175
v -0.04588527 -0.212625 -0.02627286
v -0.04558632 -0.207 -0.026267655
v -0.04545687 -0.212625 -0.026265645
v -0.045154065 -0.207 -0.026261505
v -0.045055815 -0.212625 -0.026260365
v -0.044752935 -0.207 -0.02625735
v -0.04468149 -0.212625 -0.02625672
v -0.0443826 -0.207 -0.02625447
v -0.044332965 -0.212625 -0.026254155
v -0.044037615 -0.207 -0.026252565
v -0.044005245 -0.212625 -0.02625243
v -0.04371513 -0.207 -0.02625141
v -0.04369569 -0.212625 -0.02625135
v -0.043409085 -0.207 -0.026250675
v -0.04339911 -0.212625 -0.02625066
v -0.0431169 -0.207 -0.02625027
v -0.043113195 -0.212625 -0.02625027
v -0.04283571 -0.207 -0.02625009
v -0.042835425 -0.212625 -0.02625009
v -0.042560295 -0.207 -0.02625
v -0.048668925 -0.212625 0.05084577
v -0.048668925 -0.207 0.05084577
v -0.0465954 -0.207 0.051966765
v -0.0489081 -0.212625 0.05071236
v -0.0465954 -0.212625 0.051966765
v -0.044484405 -0.207 0.053047605
v -0.044484405 -0.212625 0.053047605
v -0.04233591 -0.207 0.05408829
v -0.04233591 -0.212625 0.05408829
v -0.04014993 -0.207 0.055088835
v -0.04014993 -0.212625 0.055088835
v -0.037926465 -0.207 0.05604921
v -0.037926465 -0.212625 0.05604921
v -0.035663145 -0.207 0.05697027
v -0.035663145 -0.212625 0.05697027
v -0.033357825 -0.207 0.05785275
v -0.033357825 -0.212625 0.05785275
v -0.031015365 -0.207 0.05869497
v -0.031015365 -0.212625 0.05869497
v -0.028640775 -0.207 0.059495145
v -0.028640775 -0.212625 0.059495145
v -0.02623908 -0.207 0.06025149
v -0.02623908 -0.212625 0.06025149
v -0.02381208 -0.207 0.06096321
v -0.02381208 -0.212625 0.06096321
v -0.02135169 -0.207 0.06163275
v -0.02135169 -0.212625 0.06163275
v -0.01886181 -0.207 0.06225921
v -0.01886181 -0.212625 0.06225921
v -0.016347795 -0.207 0.06284133
v -0.016347795 -0.212625 0.06284133
v -0.013814985 -0.207 0.063377805
v -0.013814985 -0.212625 0.063377805
v -0.011267205 -0.207 0.063867615
v -0.011267205 -0.212625 0.063867615
v -0.00869592 -0.207 0.06431238
v -0.00869592 -0.212625 0.06431238
v -0.00610326 -0.207 0.06471192
v -0.00610326 -0.212625 0.06471192
v -0.00349482 -0.207 0.06506547
v -0.00349482 -0.212625 0.06506547
v -0.000876135 -0.207 0.065372235
v -0.000876135 -0.212625 0.065372235
v 0.001747605 -0.207 0.06563145
v 0.001747605 -0.212625 0.06563145
v 0.004383675 -0.207 0.065843685
v 0.004383675 -0.212625 0.065843685
v 0.00703263 -0.207 0.06600921
v 0.00703263 -0.212625 0.06600921
v 0.0096888 -0.207 0.066127785
v 0.0096888 -0.212625 0.066127785
v 0.012346485 -0.207 0.066199125
v 0.012346485 -0.212625 0.066199125
v 0.015 -0.207 0.06622296
v 0.015 -0.212625 0.06622296
v 0.017653515 -0.207 0.066199125
v 0.017653515 -0.212625 0.066199125
v 0.0203112 -0.207 0.066127785
v 0.0203112 -0.212625 0.066127785
v 0.02296737 -0.207 0.06600921
v 0.02296737 -0.212625 0.06600921
v 0.025616325 -0.207 0.065843685
v 0.025616325 -0.212625 0.065843685
v 0.028252395 -0.207 0.06563145
v 0.028252395 -0.212625 0.06563145
v 0.030876135 -0.207 0.065372235
v 0.030876135 -0.212625 0.065372235
v 0.03349482 -0.207 0.06506547
v 0.03349482 -0.212625 0.06506547
v 0.03610326 -0.207 0.06471192
v 0.03610326 -0.212625 0.06471192
v 0.03869592 -0.207 0.06431238
v 0.03869592 -0.212625 0.06431238
v 0.041267205 -0.207 0.063867615
v 0.041267205 -0.212625 0.063867615
v 0.043814985 -0.207 0.063377805
v 0.043814985 -0.212625 0.063377805
v 0.046347795 -0.207 0.06284133
v 0.046347795 -0.212625 0.06284133
v 0.04886181 -0.207 0.06225921
v 0.04886181 -0.212625 0.06225921
v 0.05135169 -0.207 0.06163275
v 0.05135169 -0.212625 0.06163275
v 0.05381208 -0.207 0.06096321
v 0.05381208 -0.212625 0.06096321
v 0.05623908 -0.207 0.06025149
v 0.05623908 -0.212625 0.06025149
v 0.058640775 -0.207 0.059495145
v 0.058640775 -0.212625 0.059495145
v 0.061015365 -0.207 0.05869497
v 0.061015365 -0.212625 0.05869497
v 0.063357825 -0.207 0.05785275
v 0.063357825 -0.212625 0.05785275
v 0.065663145 -0.207 0.05697027
v 0.065663145 -0.212625 0.05697027
v 0.067926465 -0.207 0.05604921
v 0.067926465 -0.212625 0.05604921
v 0.07014993 -0.207 0.055088835
v 0.07014993 -0.212625 0.055088835
v 0.07233591 -0.207 0.05408829
v 0.07233591 -0.212625 0.05408829
v 0.074484405 -0.207 0.053047605
v 0.074484405 -0.212625 0.053047605
v 0.0765954 -0.207 0.051966765
v 0.0765954 -0.212625 0.051966765
v 0.078668925 -0.207 0.05084577
v 0.078668925 -0.212625 0.05084577
v 0.078851265 -0.207 0.050744145
v 0.078852 -0.212625 0.050743725
v 0.079044315 -0.207 0.05063604
v 0.079046385 -0.212625 0.05063487
v 0.07924812 -0.207 0.05052141
v 0.079252125 -0.212625 0.050519145
v 0.079463385 -0.207 0.050399775
v 0.079470615 -0.212625 0.05039568
v 0.0796905 -0.207 0.05027082
v 0.0797025 -0.212625 0.050263995
v 0.07992981 -0.207 0.050134305
v 0.079948455 -0.212625 0.05012364
v 0.080182035 -0.207 0.049989585
v 0.08020968 -0.212625 0.049973685
v 0.08044782 -0.207 0.04983618
v 0.08048709 -0.212625 0.049813425
v 0.080728485 -0.207 0.04967307
v 0.08078271 -0.212625 0.049641405
v 0.08102529 -0.207 0.049499145
v 0.08109777 -0.212625 0.049456455
v 0.081338835 -0.207 0.04931385
v 0.081432885 -0.212625 0.0492579
v 0.08166969 -0.207 0.04911618
v 0.081788325 -0.212625 0.04904475
v 0.082018935 -0.207 0.048904905
v 0.082165335 -0.212625 0.048815505
v 0.08238756 -0.207 0.0486789
v 0.08256504 -0.212625 0.04856883
v 0.08277696 -0.207 0.04843626
v 0.082988295 -0.212625 0.04830297
v 0.083187765 -0.207 0.04817619
v 0.08343687 -0.212625 0.048016395
v 0.083620605 -0.207 0.04789752
v 0.08391414 -0.212625 0.04770612
v 0.08407881 -0.207 0.047597925
v 0.084425415 -0.212625 0.047368455
v 0.084563685 -0.207 0.04727637
v 0.084972915 -0.212625 0.047001645
v 0.085075455 -0.207 0.046932225
v 0.08555643 -0.212625 0.046604085
v 0.08561388 -0.207 0.04656435
v 0.08617824 -0.207 0.046172355
v 0.08617791 -0.212625 0.046172205
v 0.086774205 -0.207 0.04574934
v 0.086838855 -0.212625 0.045703275
v 0.08740473 -0.207 0.04529112
v 0.087544425 -0.212625 0.04518792
v 0.088076505 -0.207 0.044789385
v 0.08829513 -0.212625 0.04462212
v 0.088791165 -0.207 0.044236485
v 0.088688685 -0.212625 0.044316945
v 0.089093775 -0.212625 0.04399737
v 0.0895491 -0.207 0.04362855
v 0.089507385 -0.212625 0.04366254
v 0.08992902 -0.212625 0.04331193
v 0.08994081 -0.207 0.043302105
v 0.09034224 -0.207 0.042961065
v 0.090359925 -0.212625 0.04294596
v 0.090750165 -0.207 0.04260468
v 0.090795225 -0.212625 0.042564495
v 0.091161585 -0.207 0.04223226
v 0.09123195 -0.212625 0.042167565
v 0.091578945 -0.207 0.041844675
v 0.09167319 -0.212625 0.04175535
v 0.091999305 -0.207 0.04144065
v 0.09211404 -0.212625 0.041327265
v 0.092418435 -0.207 0.041018385
v 0.09255003 -0.212625 0.040882515
v 0.092840415 -0.207 0.04057755
v 0.0929862 -0.212625 0.04042062
v 0.093260745 -0.207 0.04011903
v 0.09341541 -0.212625 0.039943065
v 0.093669615 -0.207 0.039643485
v 0.093827805 -0.212625 0.03945141
v 0.094071015 -0.207 0.03914775
v 0.094230825 -0.212625 0.03894177
v 0.094462875 -0.207 0.03863436
v 0.094616835 -0.212625 0.03841902
v 0.09482619 -0.207 0.038112435
v 0.094967805 -0.212625 0.03789252
v 0.095153325 -0.207 0.037584105
v 0.095282085 -0.212625 0.03736149
v 0.095452125 -0.207 0.037045695
v 0.09556323 -0.212625 0.036825435
v 0.09571041 -0.207 0.03650886
v 0.095800935 -0.212625 0.036294045
v 0.095918865 -0.207 0.035982315
v 0.09599016 -0.212625 0.0357717
v 0.096082905 -0.207 0.03546078
v 0.09613518 -0.212625 0.03525438
v 0.09620025 -0.207 0.034947015
v 0.09623298 -0.212625 0.03474633
v 0.09626793 -0.207 0.03444456
v 0.09628269 -0.212625 0.03376623
v 0.096258405 -0.207 0.03346983
v 0.09613158 -0.212625 0.03283101
v 0.096038415 -0.207 0.032541555
v 0.0957705 -0.212625 0.031941705
v 0.0956073 -0.207 0.03166272
v 0.095511525 -0.212625 0.031516425
v 0.09531102 -0.207 0.031242525
v 0.095198355 -0.212625 0.03110238
v 0.09496191 -0.207 0.030835665
v 0.094833465 -0.212625 0.030702105
v 0.09456594 -0.207 0.030447705
v 0.09442107 -0.212625 0.03032076
v 0.094122825 -0.207 0.030081045
v 0.093955905 -0.212625 0.029958
v 0.09363027 -0.207 0.02973336
v 0.093441765 -0.212625 0.02961348
v 0.09310209 -0.207 0.029407665
v 0.09289632 -0.212625 0.029292315
v 0.092545845 -0.207 0.02910663
v 0.092323605 -0.212625 0.028997895
v 0.091951635 -0.207 0.02882943
v 0.09171651 -0.212625 0.028728045
v 0.0913383 -0.207 0.028574475
v 0.091097895 -0.212625 0.028480965
v 0.09072495 -0.207 0.0283407
v 0.090484545 -0.212625 0.028256055
v 0.09010323 -0.207 0.02813001
v 0.089865585 -0.212625 0.028055025
v 0.08947746 -0.207 0.027939315
v 0.089248515 -0.212625 0.02787354
v 0.088857375 -0.207 0.027764385
v 0.08864229 -0.212625 0.027707505
v 0.088240695 -0.207 0.027606795
v 0.088042965 -0.212625 0.0275595
v 0.087628125 -0.207 0.02746548
v 0.087452595 -0.212625 0.02742705
v 0.08702535 -0.207 0.027336645
v 0.086875635 -0.212625 0.027306075
v 0.08643228 -0.207 0.02722026
v 0.08631042 -0.212625 0.02719782
v 0.085848315 -0.207 0.02711682
v 0.08575815 -0.212625 0.02710161
v 0.085278405 -0.207 0.027023355
v 0.08522304 -0.212625 0.02701437
v 0.084724785 -0.207 0.0269388
v 0.08470596 -0.212625 0.026936115
v 0.0841854 -0.207 0.026864385
v 0.08420571 -0.212625 0.02686722
v 0.08366247 -0.207 0.026797725
v 0.08326044 -0.212625 0.02674893
v 0.08267169 -0.207 0.02668416
v 0.08238816 -0.212625 0.026655345
v 0.081747105 -0.207 0.02659362
v 0.081575775 -0.212625 0.026578395
v 0.080885145 -0.207 0.02652105
v 0.08081484 -0.212625 0.026515305
v 0.08008032 -0.207 0.02646135
v 0.08009625 -0.212625 0.026462685
v 0.07941444 -0.212625 0.026417985
v 0.079330845 -0.207 0.026412975
v 0.078769305 -0.212625 0.026380515
v 0.078633855 -0.207 0.02637309
v 0.07816305 -0.212625 0.026349225
v 0.07798578 -0.207 0.02634084
v 0.07759131 -0.212625 0.02632371
v 0.07738425 -0.207 0.02631558
v 0.07705233 -0.212625 0.02630364
v 0.076818525 -0.207 0.026296065
v 0.07654287 -0.212625 0.0262881
v 0.07628832 -0.207 0.02628153
v 0.076062825 -0.212625 0.026276445
v 0.075792465 -0.207 0.026271195
v 0.075611865 -0.212625 0.02626806
v 0.075329025 -0.207 0.02626374
v 0.07518864 -0.212625 0.026261925
v 0.07489773 -0.207 0.026258715
v 0.074792805 -0.212625 0.026257695
v 0.074499285 -0.207 0.02625528
v 0.07442469 -0.212625 0.026254755
v 0.074129445 -0.207 0.026253
v 0.074079795 -0.212625 0.02625276
v 0.07378614 -0.207 0.026251635
v 0.07375596 -0.212625 0.02625153
v 0.0734619 -0.207 0.026250765
v 0.07344648 -0.212625 0.02625075
v 0.073153875 -0.207 0.026250315
v 0.073148655 -0.212625 0.0262503
v 0.072858945 -0.207 0.02625009
v 0.072859575 -0.212625 0.02625009
v 0.072573555 -0.212625 0.02625
v 0.072571185 -0.207 0.02625
v 0.07229028 -0.207 0.02625
v 0.07229028 -0.212625 0.02625
v -0.04229028 -0.207 0.02625
v -0.04229028 -0.212625 0.02625
v -0.04256577 -0.207 0.02625
v -0.042564 -0.212625 0.02625
v -0.04284348 -0.212625 0.02625009
v -0.04284426 -0.207 0.02625009
v -0.04312614 -0.207 0.026250285
v -0.04312914 -0.212625 0.026250285
v -0.043416225 -0.207 0.02625069
v -0.04342632 -0.212625 0.026250705
v -0.043717245 -0.207 0.02625141
v -0.04373802 -0.212625 0.02625147
v -0.0440316 -0.207 0.02625255
v -0.04406688 -0.212625 0.0262527
v -0.044365065 -0.207 0.026254365
v -0.044419515 -0.212625 0.02625471
v -0.04472016 -0.207 0.02625705
v -0.044798535 -0.212625 0.026257755
v -0.04510173 -0.207 0.02626089
v -0.04520901 -0.212625 0.02626218
v -0.045510135 -0.207 0.02626644
v -0.045650715 -0.212625 0.026268705
v -0.045945885 -0.207 0.026274045
v -0.046124055 -0.212625 0.02627778
v -0.04640934 -0.207 0.02628456
v -0.046630365 -0.212625 0.0262905
v -0.04690164 -0.207 0.026298705
v -0.047170395 -0.212625 0.026307735
v -0.047423595 -0.207 0.02631702
v -0.047744505 -0.212625 0.026330115
v -0.04797639 -0.207 0.026340465
v -0.04835982 -0.212625 0.026358885
v -0.04856244 -0.207 0.02636937
v -0.049020165 -0.212625 0.026394645
v -0.04918599 -0.207 0.026404185
v -0.049731885 -0.212625 0.026438025
v -0.04984605 -0.207 0.02644572
v -0.05049627 -0.212625 0.02649129
v -0.05054328 -0.207 0.02649468
v -0.051278745 -0.207 0.02655279
v -0.05131491 -0.212625 0.02655591
v -0.052061625 -0.207 0.02662329
v -0.05219202 -0.212625 0.026635455
v -0.05289732 -0.207 0.02670822
v -0.05313318 -0.212625 0.0267351
v -0.053802615 -0.207 0.02681469
v -0.05362941 -0.212625 0.02679309
v -0.054142065 -0.212625 0.026858175
v -0.054778125 -0.207 0.02694753
v -0.054671175 -0.212625 0.02693214
v -0.055218105 -0.212625 0.02701347
v -0.055294425 -0.207 0.027025575
v -0.055779735 -0.212625 0.0271041
v -0.055827855 -0.207 0.02711229
v -0.056352495 -0.212625 0.02720658
v -0.05637516 -0.207 0.027210495
v -0.056937645 -0.207 0.027319275
v -0.056938875 -0.212625 0.02731941
v -0.057514335 -0.207 0.027439245
v -0.057536175 -0.212625 0.027444045
v -0.05810061 -0.207 0.027573915
v -0.058139055 -0.212625 0.027583575
v -0.05869644 -0.207 0.027723165
v -0.05874918 -0.212625 0.02773668
v -0.05930265 -0.207 0.027886455
v -0.05936544 -0.212625 0.02790438
v -0.059912955 -0.207 0.02806905
v -0.059981415 -0.212625 0.02809128
v -0.0605274 -0.207 0.02827371
v -0.060599655 -0.212625 0.028298505
v -0.06114999 -0.207 0.028498065
v -0.06121989 -0.212625 0.02852469
v -0.0617625 -0.207 0.028744935
v -0.061825125 -0.212625 0.028772655
v -0.06235221 -0.207 0.029017185
v -0.062408385 -0.212625 0.029044365
v -0.06293136 -0.207 0.029314335
v -0.0629781 -0.212625 0.02933868
v -0.06348171 -0.207 0.029634225
v -0.06351609 -0.212625 0.029655135
v -0.06398274 -0.207 0.029975295
v -0.06400758 -0.212625 0.02999415
v -0.06444174 -0.207 0.030340245
v -0.064461585 -0.212625 0.03035721
v -0.0648561 -0.207 0.03072486
v -0.064871355 -0.212625 0.03073968
v -0.06521724 -0.207 0.0311232
v -0.065228085 -0.212625 0.03113685
v -0.06552519 -0.207 0.03153612
v -0.06553443 -0.212625 0.03155124
v -0.065985885 -0.207 0.03240336
v -0.065790165 -0.212625 0.031980675
v -0.066141375 -0.212625 0.03287238
v -0.0662349 -0.207 0.033317295
v -0.06628401 -0.212625 0.033810315
v -0.066280725 -0.207 0.034279605
v -0.066227865 -0.207 0.034779555
v -0.06622602 -0.212625 0.03479532
v -0.06612717 -0.207 0.035288865
v -0.06612372 -0.212625 0.0353043
v -0.06597978 -0.207 0.035806455
v -0.065972985 -0.212625 0.035825535
v -0.06578343 -0.207 0.036334845
v -0.065773125 -0.212625 0.036359145
v -0.065543805 -0.207 0.03686727
v -0.06552957 -0.212625 0.036896955
v -0.065265 -0.207 0.037398015
v -0.065243325 -0.212625 0.03743493
v -0.064940205 -0.207 0.03793215
v -0.064909245 -0.212625 0.037978395
v -0.064581405 -0.207 0.03846288
v -0.064543365 -0.212625 0.03851637
v -0.064203135 -0.207 0.03898125
v -0.064159755 -0.212625 0.039038565
v -0.063798525 -0.207 0.039490125
v -0.063748575 -0.212625 0.0395502
v -0.06337335 -0.207 0.03998811
v -0.06332049 -0.212625 0.040047915
v -0.06294153 -0.207 0.040469925
v -0.062890515 -0.212625 0.0405258
v -0.06250248 -0.207 0.04093458
v -0.062454495 -0.212625 0.040983855
v -0.06205497 -0.207 0.04138386
v -0.06201375 -0.212625 0.04142415
v -0.061606185 -0.207 0.041818095
v -0.06157551 -0.212625 0.04184769
v -0.061157415 -0.207 0.04223751
v -0.061138815 -0.212625 0.042254535
v -0.060706785 -0.207 0.04264194
v -0.06070374 -0.212625 0.042644505
v -0.060260055 -0.207 0.04303107
v -0.060275715 -0.212625 0.04301793
v -0.059855865 -0.212625 0.043374765
v -0.059820135 -0.207 0.043404615
v -0.05944269 -0.212625 0.043714965
v -0.05938428 -0.207 0.04376268
v -0.059040105 -0.212625 0.044039265
v -0.058956585 -0.207 0.04410558
v -0.05854053 -0.207 0.0444333
v -0.058272765 -0.212625 0.044639445
v -0.0581343 -0.207 0.0447453
v -0.05773863 -0.207 0.04504311
v -0.057552495 -0.212625 0.04518237
v -0.05698272 -0.207 0.045599415
v -0.056880555 -0.212625 0.045672705
v -0.05627145 -0.207 0.04610676
v -0.056245845 -0.212625 0.04612485
v -0.05560281 -0.207 0.046572015
v -0.055644915 -0.212625 0.04654311
v -0.055071825 -0.212625 0.046934595
v -0.05497512 -0.207 0.04700025
v -0.05452707 -0.212625 0.047300895
v -0.054387735 -0.207 0.04739346
v -0.054010455 -0.212625 0.04764288
v -0.053840625 -0.207 0.047754255
v -0.053522715 -0.212625 0.04796091
v -0.053328165 -0.207 0.048086325
v -0.0530604 -0.212625 0.048257325
v -0.05284704 -0.207 0.048392175
v -0.052621575 -0.212625 0.04853349
v -0.052392255 -0.207 0.048675945
v -0.052205955 -0.212625 0.048790665
v -0.051963855 -0.207 0.048938505
v -0.05181309 -0.212625 0.049029825
v -0.05156151 -0.207 0.049180995
v -0.051442185 -0.212625 0.049252275
v -0.051184935 -0.207 0.04940508
v -0.051093615 -0.212625 0.049458975
v -0.05083398 -0.207 0.04961139
v -0.050767095 -0.212625 0.049650495
v -0.0505092 -0.207 0.0498006
v -0.050462505 -0.212625 0.049827675
v -0.050206275 -0.207 0.04997568
v -0.050175765 -0.212625 0.04999323
v -0.04992297 -0.207 0.05013819
v -0.04990473 -0.212625 0.05014863
v -0.049653945 -0.207 0.05029164
v -0.04964475 -0.212625 0.05029686
v -0.049396935 -0.207 0.05043738
v -0.0493938 -0.212625 0.05043915
v -0.04914945 -0.207 0.05057697
v -0.049149615 -0.212625 0.05057688
v -0.048906885 -0.207 0.050713035
v 0.13122222 -0.212625 0.001551495
v 0.13122222 -0.212625 -0.001551495
v 0.13125 -0.212625 0
v 0.13114107 -0.212625 0.00309897
v 0.13114107 -0.212625 -0.00309897
v 0.131006535 -0.212625 0.004642455
v 0.131006535 -0.212625 -0.004642455
v 0.13081866 -0.212625 0.006181935
v 0.13081866 -0.212625 -0.006181935
v 0.1305774 -0.212625 0.007717395
v 0.1305774 -0.212625 -0.007717395
v 0.130282695 -0.212625 0.009249135
v 0.130282695 -0.212625 -0.009249135
v 0.129933945 -0.212625 0.01077918
v 0.129933945 -0.212625 -0.01077918
v 0.12953151 -0.212625 0.01230624
v 0.12953151 -0.212625 -0.01230624
v 0.129076035 -0.212625 0.013828215
v 0.129076035 -0.212625 -0.013828215
v 0.128568135 -0.212625 0.01534299
v 0.128568135 -0.212625 -0.01534299
v 0.128008425 -0.212625 0.016848465
v 0.128008425 -0.212625 -0.016848465
v 0.127396695 -0.212625 0.018344835
v 0.127396695 -0.212625 -0.018344835
v 0.12673167 -0.212625 0.01983531
v 0.12673167 -0.212625 -0.01983531
v 0.12601437 -0.212625 0.02131803
v 0.12601437 -0.212625 -0.02131803
v 0.125245785 -0.212625 0.02279097
v 0.125245785 -0.212625 -0.02279097
v 0.124426965 -0.212625 0.024252075
v 0.124426965 -0.212625 -0.024252075
v 0.123558885 -0.212625 0.025699395
v 0.123558885 -0.212625 -0.025699395
v 0.12263976 -0.212625 0.0271356
v 0.12263976 -0.212625 -0.0271356
v 0.121669365 -0.212625 0.02856144
v 0.121669365 -0.212625 -0.02856144
v 0.12064911 -0.212625 0.02997495
v 0.12064911 -0.212625 -0.02997495
v 0.119580405 -0.212625 0.031374165
v 0.119580405 -0.212625 -0.031374165
v 0.118464675 -0.212625 0.032757135
v 0.118464675 -0.212625 -0.032757135
v 0.11730249 -0.212625 0.034122945
v 0.11730249 -0.212625 -0.034122945
v 0.11609097 -0.212625 0.035475
v 0.11609097 -0.212625 -0.035475
v 0.11483124 -0.212625 0.036812235
v 0.11483124 -0.212625 -0.036812235
v 0.11435031 -0.212625 0.00151122
v 0.11435031 -0.212625 -0.00151122
v 0.1135251 -0.212625 0.03813279
v 0.1141407 -0.212625 0.00453789
v 0.113721465 -0.212625 0.00756936
v 0.113092605 -0.212625 0.010604475
v 0.112174365 -0.212625 0.039434865
v 0.112837575 -0.212625 0.01160796
v 0.11250153 -0.212625 0.012677025
v 0.11206398 -0.212625 0.013807305
v 0.11078079 -0.212625 0.0407166
v 0.111482595 -0.212625 0.014993895
v 0.11111958 -0.212625 0.015591825
v 0.11070267 -0.212625 0.01620072
v 0.109343115 -0.212625 0.041978985
v 0.11023923 -0.212625 0.01679871
v 0.10973427 -0.212625 0.017358315
v 0.10918326 -0.212625 0.017889945
v 0.10785918 -0.212625 0.04322409
v 0.10859592 -0.212625 0.018382845
v 0.107980455 -0.212625 0.0188229
v 0.10733001 -0.212625 0.01921557
v 0.10633113 -0.212625 0.044450235
v 0.10666107 -0.212625 0.019558155
v 0.105986865 -0.212625 0.01984596
v 0.104761065 -0.212625 0.045655725
v 0.105300615 -0.212625 0.0200799
v 0.104608275 -0.212625 0.020267505
v 0.103151145 -0.212625 0.04683888
v 0.10391562 -0.212625 0.020409915
v 0.1032198 -0.212625 0.020505345
v 0.102515385 -0.212625 0.020571045
v 0.10150311 -0.212625 0.04799829
v 0.101799675 -0.212625 0.02061603
v 0.10107456 -0.212625 0.020634045
v 0.099813075 -0.212625 0.04913661
v 0.100340055 -0.212625 0.020625
v 0.09808143 -0.212625 0.050253765
v 0.09631059 -0.212625 0.051348225
v 0.09628269 -0.212625 0.03376623
v 0.09613158 -0.212625 0.03283101
v 0.09623298 -0.212625 0.03474633
v 0.094503045 -0.212625 0.052418475
v 0.09613518 -0.212625 0.03525438
v 0.09599016 -0.212625 0.0357717
v 0.095800935 -0.212625 0.036294045
v 0.09556323 -0.212625 0.036825435
v 0.095282085 -0.212625 0.03736149
v 0.094967805 -0.212625 0.03789252
v 0.094616835 -0.212625 0.03841902
v 0.094230825 -0.212625 0.03894177
v 0.09266124 -0.212625 0.053462985
v 0.093827805 -0.212625 0.03945141
v 0.09341541 -0.212625 0.039943065
v 0.0929862 -0.212625 0.04042062
v 0.09255003 -0.212625 0.040882515
v 0.090785295 -0.212625 0.054481545
v 0.09211404 -0.212625 0.041327265
v 0.09167319 -0.212625 0.04175535
v 0.09123195 -0.212625 0.042167565
v 0.090795225 -0.212625 0.042564495
v 0.090359925 -0.212625 0.04294596
v 0.08887095 -0.212625 0.055476555
v 0.08992902 -0.212625 0.04331193
v 0.089507385 -0.212625 0.04366254
v 0.089093775 -0.212625 0.04399737
v 0.088688685 -0.212625 0.044316945
v 0.08692047 -0.212625 0.05644692
v 0.08829513 -0.212625 0.04462212
v 0.087544425 -0.212625 0.04518792
v 0.086838855 -0.212625 0.045703275
v 0.08493657 -0.212625 0.057391335
v 0.08617791 -0.212625 0.046172205
v 0.08555643 -0.212625 0.046604085
v 0.084972915 -0.212625 0.047001645
v 0.084425415 -0.212625 0.047368455
v 0.082921995 -0.212625 0.05830848
v 0.08391414 -0.212625 0.04770612
v 0.08343687 -0.212625 0.048016395
v 0.082988295 -0.212625 0.04830297
v 0.08256504 -0.212625 0.04856883
v 0.080879445 -0.212625 0.059197035
v 0.082165335 -0.212625 0.048815505
v 0.081788325 -0.212625 0.04904475
v 0.081432885 -0.212625 0.0492579
v 0.08109777 -0.212625 0.049456455
v 0.08078271 -0.212625 0.049641405
v 0.078805605 -0.212625 0.06005832
v 0.08048709 -0.212625 0.049813425
v 0.08020968 -0.212625 0.049973685
v 0.079948455 -0.212625 0.05012364
v 0.0797025 -0.212625 0.050263995
v 0.079470615 -0.212625 0.05039568
v 0.079252125 -0.212625 0.050519145
v 0.079046385 -0.212625 0.05063487
v 0.078852 -0.212625 0.050743725
v 0.078668925 -0.212625 0.05084577
v 0.076698855 -0.212625 0.060893145
v 0.0765954 -0.212625 0.051966765
v 0.07456218 -0.212625 0.061700385
v 0.074484405 -0.212625 0.053047605
v 0.07239855 -0.212625 0.062478975
v 0.07233591 -0.212625 0.05408829
v 0.07021092 -0.212625 0.063227745
v 0.07014993 -0.212625 0.055088835
v 0.068001045 -0.212625 0.063946035
v 0.067926465 -0.212625 0.05604921
v 0.06576339 -0.212625 0.0646356
v 0.065663145 -0.212625 0.05697027
v 0.06349947 -0.212625 0.06529611
v 0.063357825 -0.212625 0.05785275
v 0.06121242 -0.212625 0.06592668
v 0.061015365 -0.212625 0.05869497
v 0.058905405 -0.212625 0.066526425
v 0.058640775 -0.212625 0.059495145
v 0.05658162 -0.212625 0.06709449
v 0.05623908 -0.212625 0.06025149
v 0.054239865 -0.212625 0.06763101
v 0.05381208 -0.212625 0.06096321
v 0.05187579 -0.212625 0.068137065
v 0.05135169 -0.212625 0.06163275
v 0.049492575 -0.212625 0.0686121
v 0.04886181 -0.212625 0.06225921
v 0.047093535 -0.212625 0.069055425
v 0.046347795 -0.212625 0.06284133
v 0.044681955 -0.212625 0.069466425
v 0.043814985 -0.212625 0.063377805
v 0.04226082 -0.212625 0.069844515
v 0.041267205 -0.212625 0.063867615
v 0.039824955 -0.212625 0.070190445
v 0.03869592 -0.212625 0.06431238
v 0.037374045 -0.212625 0.07050435
v 0.03610326 -0.212625 0.06471192
v 0.034911495 -0.212625 0.070785855
v 0.03349482 -0.212625 0.06506547
v 0.03244071 -0.212625 0.07103457
v 0.030876135 -0.212625 0.065372235
v 0.02996511 -0.212625 0.07125012
v 0.028252395 -0.212625 0.06563145
v 0.027485655 -0.212625 0.07143231
v 0.025616325 -0.212625 0.065843685
v 0.024996345 -0.212625 0.07158159
v 0.02296737 -0.212625 0.06600921
v 0.022499655 -0.212625 0.07169793
v 0.0203112 -0.212625 0.066127785
v 0.019999065 -0.212625 0.071781195
v 0.017653515 -0.212625 0.066199125
v 0.017498025 -0.212625 0.07183125
v 0.015 -0.212625 0.07184796
v 0.015 -0.212625 0.06622296
v 0.012501975 -0.212625 0.07183125
v 0.012346485 -0.212625 0.066199125
v 0.010000935 -0.212625 0.071781195
v 0.0096888 -0.212625 0.066127785
v 0.007500345 -0.212625 0.07169793
v 0.00703263 -0.212625 0.06600921
v 0.005003655 -0.212625 0.07158159
v 0.004383675 -0.212625 0.065843685
v 0.002514345 -0.212625 0.07143231
v 0.001747605 -0.212625 0.06563145
v 3.489e-05 -0.212625 0.07125012
v -0.000876135 -0.212625 0.065372235
v -0.00244071 -0.212625 0.07103457
v -0.00349482 -0.212625 0.06506547
v -0.004911495 -0.212625 0.070785855
v -0.00610326 -0.212625 0.06471192
v -0.007374045 -0.212625 0.07050435
v -0.00869592 -0.212625 0.06431238
v -0.009824955 -0.212625 0.070190445
v -0.011267205 -0.212625 0.063867615
v -0.01226082 -0.212625 0.069844515
v -0.013814985 -0.212625 0.063377805
v -0.014681955 -0.212625 0.069466425
v -0.016347795 -0.212625 0.06284133
v -0.017093535 -0.212625 0.069055425
v -0.01886181 -0.212625 0.06225921
v -0.019492575 -0.212625 0.0686121
v -0.02135169 -0.212625 0.06163275
v -0.02187579 -0.212625 0.068137065
v -0.02381208 -0.212625 0.06096321
v -0.024239865 -0.212625 0.06763101
v -0.02623908 -0.212625 0.06025149
v -0.02658162 -0.212625 0.06709449
v -0.028640775 -0.212625 0.059495145
v -0.028905405 -0.212625 0.066526425
v -0.031015365 -0.212625 0.05869497
v -0.03121242 -0.212625 0.06592668
v -0.033357825 -0.212625 0.05785275
v -0.03349947 -0.212625 0.06529611
v -0.035663145 -0.212625 0.05697027
v -0.035763405 -0.212625 0.0646356
v -0.037926465 -0.212625 0.05604921
v -0.038001045 -0.212625 0.063946035
v -0.04014993 -0.212625 0.055088835
v -0.04021092 -0.212625 0.063227745
v -0.04233591 -0.212625 0.05408829
v -0.04239855 -0.212625 0.062478975
v -0.044484405 -0.212625 0.053047605
v -0.044562195 -0.212625 0.061700385
v -0.0465954 -0.212625 0.051966765
v -0.046698855 -0.212625 0.060893145
v -0.048668925 -0.212625 0.05084577
v -0.048805605 -0.212625 0.06005832
v -0.0489081 -0.212625 0.05071236
v -0.050879445 -0.212625 0.059197035
v -0.049149615 -0.212625 0.05057688
v -0.0493938 -0.212625 0.05043915
v -0.04964475 -0.212625 0.05029686
v -0.04990473 -0.212625 0.05014863
v -0.050175765 -0.212625 0.04999323
v -0.050462505 -0.212625 0.049827675
v -0.050767095 -0.212625 0.049650495
v -0.051093615 -0.212625 0.049458975
v -0.052921995 -0.212625 0.05830848
v -0.051442185 -0.212625 0.049252275
v -0.05181309 -0.212625 0.049029825
v -0.052205955 -0.212625 0.048790665
v -0.052621575 -0.212625 0.04853349
v -0.0530604 -0.212625 0.048257325
v -0.05493657 -0.212625 0.057391335
v -0.053522715 -0.212625 0.04796091
v -0.054010455 -0.212625 0.04764288
v -0.05452707 -0.212625 0.047300895
v -0.055071825 -0.212625 0.046934595
v -0.05692047 -0.212625 0.05644692
v -0.055644915 -0.212625 0.04654311
v -0.056245845 -0.212625 0.04612485
v -0.056880555 -0.212625 0.045672705
v -0.057552495 -0.212625 0.04518237
v -0.05887095 -0.212625 0.055476555
v -0.058272765 -0.212625 0.044639445
v -0.059040105 -0.212625 0.044039265
v -0.060785295 -0.212625 0.054481545
v -0.05944269 -0.212625 0.043714965
v -0.059855865 -0.212625 0.043374765
v -0.060275715 -0.212625 0.04301793
v -0.06070374 -0.212625 0.042644505
v -0.061138815 -0.212625 0.042254535
v -0.06266124 -0.212625 0.053462985
v -0.06157551 -0.212625 0.04184769
v -0.06201375 -0.212625 0.04142415
v -0.062454495 -0.212625 0.040983855
v -0.062890515 -0.212625 0.0405258
v -0.064503045 -0.212625 0.052418475
v -0.06332049 -0.212625 0.040047915
v -0.063748575 -0.212625 0.0395502
v -0.064159755 -0.212625 0.039038565
v -0.064543365 -0.212625 0.03851637
v -0.06631059 -0.212625 0.051348225
v -0.064909245 -0.212625 0.037978395
v -0.065243325 -0.212625 0.03743493
v -0.06552957 -0.212625 0.036896955
v -0.065773125 -0.212625 0.036359145
v -0.065972985 -0.212625 0.035825535
v -0.06612372 -0.212625 0.0353043
v -0.06622602 -0.212625 0.03479532
v -0.06628401 -0.212625 0.033810315
v -0.06808143 -0.212625 0.050253765
v -0.069813075 -0.212625 0.04913661
v -0.066141375 -0.212625 0.03287238
v -0.070340055 -0.212625 0.020625
v -0.07150311 -0.212625 0.04799829
v -0.065790165 -0.212625 0.031980675
v -0.06553443 -0.212625 0.03155124
v -0.065228085 -0.212625 0.03113685
v -0.064871355 -0.212625 0.03073968
v -0.064461585 -0.212625 0.03035721
v -0.06400758 -0.212625 0.02999415
v -0.06351609 -0.212625 0.029655135
v -0.0629781 -0.212625 0.02933868
v -0.062408385 -0.212625 0.029044365
v -0.061825125 -0.212625 0.028772655
v -0.046676535 -0.212625 0.022138875
v -0.06121989 -0.212625 0.02852469
v -0.0464154 -0.212625 0.02205855
v -0.04614 -0.212625 0.02203257
v -0.0458646 -0.212625 0.02205855
v -0.045603465 -0.212625 0.022138875
v -0.045357315 -0.212625 0.02226978
v -0.04514757 -0.212625 0.022442235
v -0.044970585 -0.212625 0.022658205
v -0.044841885 -0.212625 0.022897005
v -0.044763795 -0.212625 0.023155695
v 0.024285 -0.212625 0.02203257
v 0.0245604 -0.212625 0.02205855
v -0.04473375 -0.212625 0.0234375
v -0.044419515 -0.212625 0.02625471
v -0.04406688 -0.212625 0.0262527
v -0.044798535 -0.212625 0.026257755
v -0.044763795 -0.212625 0.023719305
v -0.044841885 -0.212625 0.023977995
v -0.04520901 -0.212625 0.02626218
v -0.044970585 -0.212625 0.024216795
v -0.04514757 -0.212625 0.024432765
v -0.045357315 -0.212625 0.02460522
v -0.045650715 -0.212625 0.026268705
v -0.045603465 -0.212625 0.024736125
v -0.0458646 -0.212625 0.02481645
v -0.046124055 -0.212625 0.02627778
v -0.04614 -0.212625 0.02484243
v -0.046630365 -0.212625 0.0262905
v -0.0464154 -0.212625 0.02481645
v -0.046676535 -0.212625 0.024736125
v -0.047170395 -0.212625 0.026307735
v -0.046922685 -0.212625 0.02460522
v -0.04713243 -0.212625 0.024432765
v -0.047309415 -0.212625 0.024216795
v -0.047744505 -0.212625 0.026330115
v -0.047438115 -0.212625 0.023977995
v -0.047516205 -0.212625 0.023719305
v -0.04754625 -0.212625 0.0234375
v -0.04835982 -0.212625 0.026358885
v -0.047516205 -0.212625 0.023155695
v -0.049020165 -0.212625 0.026394645
v -0.047438115 -0.212625 0.022897005
v -0.049731885 -0.212625 0.026438025
v -0.047309415 -0.212625 0.022658205
v -0.05049627 -0.212625 0.02649129
v -0.04713243 -0.212625 0.022442235
v -0.05131491 -0.212625 0.02655591
v -0.05219202 -0.212625 0.026635455
v -0.05313318 -0.212625 0.0267351
v -0.046922685 -0.212625 0.02226978
v -0.05362941 -0.212625 0.02679309
v -0.054142065 -0.212625 0.026858175
v -0.054671175 -0.212625 0.02693214
v -0.055218105 -0.212625 0.02701347
v -0.055779735 -0.212625 0.0271041
v -0.056352495 -0.212625 0.02720658
v -0.056938875 -0.212625 0.02731941
v -0.057536175 -0.212625 0.027444045
v -0.058139055 -0.212625 0.027583575
v -0.05874918 -0.212625 0.02773668
v -0.05936544 -0.212625 0.02790438
v -0.059981415 -0.212625 0.02809128
v -0.060599655 -0.212625 0.028298505
v -0.04373802 -0.212625 0.02625147
v -0.04342632 -0.212625 0.026250705
v -0.04312914 -0.212625 0.026250285
v -0.04284348 -0.212625 0.02625009
v -0.042564 -0.212625 0.02625
v -0.04229028 -0.212625 0.02625
v 0.0240096 -0.212625 0.02205855
v 0.023748465 -0.212625 0.022138875
v 0.023502315 -0.212625 0.02226978
v 0.02329257 -0.212625 0.022442235
v 0.023115585 -0.212625 0.022658205
v 0.022986885 -0.212625 0.022897005
v 0.022908795 -0.212625 0.023155695
v 0.02287875 -0.212625 0.0234375
v 0.022908795 -0.212625 0.023719305
v 0.022986885 -0.212625 0.023977995
v 0.023115585 -0.212625 0.024216795
v 0.02329257 -0.212625 0.024432765
v 0.023502315 -0.212625 0.02460522
v 0.023748465 -0.212625 0.024736125
v 0.0240096 -0.212625 0.02481645
v 0.024285 -0.212625 0.02484243
v 0.07229028 -0.212625 0.02625
v 0.0245604 -0.212625 0.02481645
v 0.024821535 -0.212625 0.024736125
v 0.025067685 -0.212625 0.02460522
v 0.02527743 -0.212625 0.024432765
v 0.025454415 -0.212625 0.024216795
v 0.025583115 -0.212625 0.023977995
v 0.025661205 -0.212625 0.023719305
v 0.02569125 -0.212625 0.0234375
v 0.074565585 -0.212625 0.022658205
v 0.07474257 -0.212625 0.022442235
v 0.072573555 -0.212625 0.02625
v 0.074436885 -0.212625 0.022897005
v 0.072859575 -0.212625 0.02625009
v 0.073148655 -0.212625 0.0262503
v 0.074358795 -0.212625 0.023155695
v 0.07344648 -0.212625 0.02625075
v 0.07375596 -0.212625 0.02625153
v 0.07432875 -0.212625 0.0234375
v 0.074079795 -0.212625 0.02625276
v 0.074358795 -0.212625 0.023719305
v 0.07442469 -0.212625 0.026254755
v 0.074436885 -0.212625 0.023977995
v 0.074565585 -0.212625 0.024216795
v 0.07474257 -0.212625 0.024432765
v 0.074792805 -0.212625 0.026257695
v 0.0749523 -0.212625 0.02460522
v 0.07518864 -0.212625 0.026261925
v 0.075198465 -0.212625 0.024736125
v 0.075459615 -0.212625 0.02481645
v 0.075611865 -0.212625 0.02626806
v 0.075735 -0.212625 0.02484243
v 0.076010385 -0.212625 0.02481645
v 0.076062825 -0.212625 0.026276445
v 0.076271535 -0.212625 0.024736125
v 0.0765177 -0.212625 0.02460522
v 0.07654287 -0.212625 0.0262881
v 0.07672743 -0.212625 0.024432765
v 0.076904415 -0.212625 0.024216795
v 0.077033115 -0.212625 0.023977995
v 0.07705233 -0.212625 0.02630364
v 0.077111205 -0.212625 0.023719305
v 0.07714125 -0.212625 0.0234375
v 0.07759131 -0.212625 0.02632371
v 0.077111205 -0.212625 0.023155695
v 0.07816305 -0.212625 0.026349225
v 0.078769305 -0.212625 0.026380515
v 0.07941444 -0.212625 0.026417985
v 0.08009625 -0.212625 0.026462685
v 0.08081484 -0.212625 0.026515305
v 0.081575775 -0.212625 0.026578395
v 0.08238816 -0.212625 0.026655345
v 0.08326044 -0.212625 0.02674893
v 0.08420571 -0.212625 0.02686722
v 0.08470596 -0.212625 0.026936115
v 0.08522304 -0.212625 0.02701437
v 0.08575815 -0.212625 0.02710161
v 0.08631042 -0.212625 0.02719782
v 0.086875635 -0.212625 0.027306075
v 0.087452595 -0.212625 0.02742705
v 0.088042965 -0.212625 0.0275595
v 0.08864229 -0.212625 0.027707505
v 0.089248515 -0.212625 0.02787354
v 0.089865585 -0.212625 0.028055025
v 0.090484545 -0.212625 0.028256055
v 0.091097895 -0.212625 0.028480965
v 0.09171651 -0.212625 0.028728045
v 0.092323605 -0.212625 0.028997895
v 0.09289632 -0.212625 0.029292315
v 0.093441765 -0.212625 0.02961348
v 0.093955905 -0.212625 0.029958
v 0.09442107 -0.212625 0.03032076
v 0.094833465 -0.212625 0.030702105
v 0.095198355 -0.212625 0.03110238
v 0.095511525 -0.212625 0.031516425
v 0.0957705 -0.212625 0.031941705
v 0.077033115 -0.212625 0.022897005
v 0.076904415 -0.212625 0.022658205
v 0.07672743 -0.212625 0.022442235
v 0.0765177 -0.212625 0.02226978
v 0.076271535 -0.212625 0.022138875
v 0.076010385 -0.212625 0.02205855
v 0.075735 -0.212625 0.02203257
v 0.025661205 -0.212625 0.023155695
v 0.075459615 -0.212625 0.02205855
v 0.075198465 -0.212625 0.022138875
v 0.0749523 -0.212625 0.02226978
v 0.025583115 -0.212625 0.022897005
v 0.025454415 -0.212625 0.022658205
v 0.02527743 -0.212625 0.022442235
v 0.025067685 -0.212625 0.02226978
v 0.024821535 -0.212625 0.022138875
v -0.071300955 -0.212625 0.0206277
v -0.072341355 -0.212625 0.02058177
v -0.073151145 -0.212625 0.04683888
v -0.073459275 -0.212625 0.020478615
v -0.074761065 -0.212625 0.045655725
v -0.074646855 -0.212625 0.020258445
v -0.07587042 -0.212625 0.019887315
v -0.07633113 -0.212625 0.044450235
v -0.077107725 -0.212625 0.01933962
v -0.07785918 -0.212625 0.04322409
v -0.07771167 -0.212625 0.01899084
v -0.07831179 -0.212625 0.018590535
v -0.079343115 -0.212625 0.041978985
v -0.078892125 -0.212625 0.01814505
v -0.079436625 -0.212625 0.01765815
v -0.08078079 -0.212625 0.0407166
v -0.079953795 -0.212625 0.017120925
v -0.080436 -0.212625 0.016551435
v -0.08087127 -0.212625 0.01597071
v -0.082174365 -0.212625 0.039434865
v -0.081259455 -0.212625 0.01537002
v -0.081915645 -0.212625 0.0141447
v -0.082415325 -0.212625 0.012915855
v -0.0835251 -0.212625 0.03813279
v -0.08280555 -0.212625 0.011733255
v -0.083092605 -0.212625 0.010604475
v -0.083721465 -0.212625 0.00756936
v -0.08483124 -0.212625 0.036812235
v -0.0841407 -0.212625 0.00453789
v -0.08435031 -0.212625 0.00151122
v -0.08435031 -0.212625 -0.00151122
v -0.08483124 -0.212625 -0.036812235
v -0.08609097 -0.212625 0.035475
v -0.0835251 -0.212625 -0.03813279
v -0.0841407 -0.212625 -0.00453789
v -0.083721465 -0.212625 -0.00756936
v -0.083092605 -0.212625 -0.010604475
v -0.082174365 -0.212625 -0.039434865
v -0.08281665 -0.212625 -0.011692155
v -0.08244477 -0.212625 -0.01283472
v -0.081970065 -0.212625 -0.014026485
v -0.08078079 -0.212625 -0.0407166
v -0.081342135 -0.212625 -0.0152328
v -0.08096742 -0.212625 -0.015830475
v -0.08054298 -0.212625 -0.01641351
v -0.079343115 -0.212625 -0.041978985
v -0.08007003 -0.212625 -0.016990725
v -0.07955922 -0.212625 -0.0175389
v -0.079016655 -0.212625 -0.01803861
v -0.07785918 -0.212625 -0.04322409
v -0.078433815 -0.212625 -0.01850034
v -0.07782879 -0.212625 -0.018917325
v -0.07633113 -0.212625 -0.044450235
v -0.077219445 -0.212625 -0.0192801
v -0.07596786 -0.212625 -0.01985067
v -0.074761065 -0.212625 -0.045655725
v -0.07472652 -0.212625 -0.02023896
v -0.073151145 -0.212625 -0.04683888
v -0.0735189 -0.212625 -0.02047062
v -0.07238049 -0.212625 -0.02057928
v -0.07150311 -0.212625 -0.04799829
v -0.071320155 -0.212625 -0.020627745
v -0.069813075 -0.212625 -0.04913661
v -0.070340055 -0.212625 -0.020625
v -0.06808143 -0.212625 -0.050253765
v -0.06631059 -0.212625 -0.051348225
v -0.066285135 -0.212625 -0.034193385
v -0.06621966 -0.212625 -0.033226425
v -0.066240285 -0.212625 -0.034695135
v -0.064503045 -0.212625 -0.052418475
v -0.066146595 -0.212625 -0.035206515
v -0.066005385 -0.212625 -0.035726865
v -0.06581439 -0.212625 -0.036258465
v -0.06557907 -0.212625 -0.03679455
v -0.065303355 -0.212625 -0.03732948
v -0.064980495 -0.212625 -0.037868415
v -0.064622505 -0.212625 -0.03840432
v -0.064243965 -0.212625 -0.038927985
v -0.06266124 -0.212625 -0.053462985
v -0.063837705 -0.212625 -0.03944247
v -0.063409965 -0.212625 -0.039946125
v -0.06297534 -0.212625 -0.04043328
v -0.06253326 -0.212625 -0.040902825
v -0.060785295 -0.212625 -0.054481545
v -0.062082405 -0.212625 -0.04135671
v -0.06163026 -0.212625 -0.041795205
v -0.061178175 -0.212625 -0.042218535
v -0.060724155 -0.212625 -0.04262655
v -0.05887095 -0.212625 -0.055476555
v -0.060274185 -0.212625 -0.04301892
v -0.059831235 -0.212625 -0.043395375
v -0.059392485 -0.212625 -0.04375602
v -0.05896209 -0.212625 -0.0441012
v -0.05854359 -0.212625 -0.044430945
v -0.05692047 -0.212625 -0.05644692
v -0.058135155 -0.212625 -0.044744655
v -0.057737505 -0.212625 -0.045043935
v -0.056978325 -0.212625 -0.04560261
v -0.05626458 -0.212625 -0.04611159
v -0.05493657 -0.212625 -0.057391335
v -0.05559411 -0.212625 -0.046578
v -0.05496528 -0.212625 -0.047006895
v -0.05437737 -0.212625 -0.04740036
v -0.052921995 -0.212625 -0.05830848
v -0.053829945 -0.212625 -0.04776123
v -0.053317335 -0.212625 -0.04809327
v -0.052836135 -0.212625 -0.04839903
v -0.050879445 -0.212625 -0.059197035
v -0.052381635 -0.212625 -0.048682515
v -0.05195376 -0.212625 -0.048944625
v -0.05155212 -0.212625 -0.049186605
v -0.05117655 -0.212625 -0.04941003
v -0.05082684 -0.212625 -0.049615575
v -0.048805605 -0.212625 -0.06005832
v -0.050503305 -0.212625 -0.049804035
v -0.050201535 -0.212625 -0.049978395
v -0.04991925 -0.212625 -0.05014032
v -0.04965114 -0.212625 -0.05029323
v -0.04939497 -0.212625 -0.05043849
v -0.049148235 -0.212625 -0.05057766
v -0.04890633 -0.212625 -0.05071335
v -0.048668925 -0.212625 -0.05084577
v -0.046698855 -0.212625 -0.060893145
v -0.0465954 -0.212625 -0.051966765
v -0.044562195 -0.212625 -0.061700385
v -0.044484405 -0.212625 -0.053047605
v -0.04239855 -0.212625 -0.062478975
v -0.04233591 -0.212625 -0.05408829
v -0.04021092 -0.212625 -0.063227745
v -0.04014993 -0.212625 -0.055088835
v -0.038001045 -0.212625 -0.063946035
v -0.037926465 -0.212625 -0.05604921
v -0.035763405 -0.212625 -0.0646356
v -0.035663145 -0.212625 -0.05697027
v -0.03349947 -0.212625 -0.06529611
v -0.033357825 -0.212625 -0.05785275
v -0.03121242 -0.212625 -0.06592668
v -0.031015365 -0.212625 -0.05869497
v -0.028905405 -0.212625 -0.066526425
v -0.028640775 -0.212625 -0.059495145
v -0.02658162 -0.212625 -0.06709449
v -0.02623908 -0.212625 -0.06025149
v -0.024239865 -0.212625 -0.06763101
v -0.02381208 -0.212625 -0.06096321
v -0.02187579 -0.212625 -0.068137065
v -0.02135169 -0.212625 -0.06163275
v -0.019492575 -0.212625 -0.0686121
v -0.01886181 -0.212625 -0.06225921
v -0.017093535 -0.212625 -0.069055425
v -0.016347795 -0.212625 -0.06284133
v -0.014681955 -0.212625 -0.069466425
v -0.013814985 -0.212625 -0.063377805
v -0.01226082 -0.212625 -0.069844515
v -0.011267205 -0.212625 -0.063867615
v -0.009824955 -0.212625 -0.070190445
v -0.00869592 -0.212625 -0.06431238
v -0.007374045 -0.212625 -0.07050435
v -0.00610326 -0.212625 -0.06471192
v -0.004911495 -0.212625 -0.070785855
v -0.00349482 -0.212625 -0.06506547
v -0.00244071 -0.212625 -0.07103457
v -0.000876135 -0.212625 -0.065372235
v 3.489e-05 -0.212625 -0.07125012
v 0.001747605 -0.212625 -0.06563145
v 0.002514345 -0.212625 -0.07143231
v 0.004383675 -0.212625 -0.065843685
v 0.005003655 -0.212625 -0.07158159
v 0.00703263 -0.212625 -0.06600921
v 0.007500345 -0.212625 -0.07169793
v 0.0096888 -0.212625 -0.066127785
v 0.010000935 -0.212625 -0.071781195
v 0.012346485 -0.212625 -0.066199125
v 0.012501975 -0.212625 -0.07183125
v 0.015 -0.212625 -0.07184796
v 0.015 -0.212625 -0.06622296
v 0.017498025 -0.212625 -0.07183125
v 0.017653515 -0.212625 -0.066199125
v 0.019999065 -0.212625 -0.071781195
v 0.0203112 -0.212625 -0.066127785
v 0.022499655 -0.212625 -0.07169793
v 0.02296737 -0.212625 -0.06600921
v 0.024996345 -0.212625 -0.07158159
v 0.025616325 -0.212625 -0.065843685
v 0.027485655 -0.212625 -0.07143231
v 0.028252395 -0.212625 -0.06563145
v 0.02996511 -0.212625 -0.07125012
v 0.030876135 -0.212625 -0.065372235
v 0.03244071 -0.212625 -0.07103457
v 0.03349482 -0.212625 -0.06506547
v 0.034911495 -0.212625 -0.070785855
v 0.03610326 -0.212625 -0.06471192
v 0.037374045 -0.212625 -0.07050435
v 0.03869592 -0.212625 -0.06431238
v 0.039824955 -0.212625 -0.070190445
v 0.041267205 -0.212625 -0.063867615
v 0.04226082 -0.212625 -0.069844515
v 0.043814985 -0.212625 -0.063377805
v 0.044681955 -0.212625 -0.069466425
v 0.046347795 -0.212625 -0.06284133
v 0.047093535 -0.212625 -0.069055425
v 0.04886181 -0.212625 -0.06225921
v 0.049492575 -0.212625 -0.0686121
v 0.05135169 -0.212625 -0.06163275
v 0.05187579 -0.212625 -0.068137065
v 0.05381208 -0.212625 -0.06096321
v 0.054239865 -0.212625 -0.06763101
v 0.05623908 -0.212625 -0.06025149
v 0.05658162 -0.212625 -0.06709449
v 0.058640775 -0.212625 -0.059495145
v 0.058905405 -0.212625 -0.066526425
v 0.061015365 -0.212625 -0.05869497
v 0.06121242 -0.212625 -0.06592668
v 0.063357825 -0.212625 -0.05785275
v 0.06349947 -0.212625 -0.06529611
v 0.065663145 -0.212625 -0.05697027
v 0.06576339 -0.212625 -0.0646356
v 0.067926465 -0.212625 -0.05604921
v 0.068001045 -0.212625 -0.063946035
v 0.07014993 -0.212625 -0.055088835
v 0.07021092 -0.212625 -0.063227745
v 0.07233591 -0.212625 -0.05408829
v 0.07239855 -0.212625 -0.062478975
v 0.074484405 -0.212625 -0.053047605
v 0.07456218 -0.212625 -0.061700385
v 0.0765954 -0.212625 -0.051966765
v 0.076698855 -0.212625 -0.060893145
v 0.078668925 -0.212625 -0.05084577
v 0.078805605 -0.212625 -0.06005832
v 0.078901665 -0.212625 -0.05071596
v 0.080879445 -0.212625 -0.059197035
v 0.07913679 -0.212625 -0.05058408
v 0.07937469 -0.212625 -0.050449965
v 0.07961898 -0.212625 -0.0503115
v 0.07987188 -0.212625 -0.05016741
v 0.08013519 -0.212625 -0.050016555
v 0.08041278 -0.212625 -0.049856475
v 0.08070711 -0.212625 -0.04968549
v 0.081022005 -0.212625 -0.04950114
v 0.082921995 -0.212625 -0.05830848
v 0.081358545 -0.212625 -0.04930209
v 0.08171691 -0.212625 -0.049087785
v 0.08209641 -0.212625 -0.048857745
v 0.08249829 -0.212625 -0.048610215
v 0.082923045 -0.212625 -0.048344325
v 0.08493657 -0.212625 -0.057391335
v 0.083370165 -0.212625 -0.04805928
v 0.08384187 -0.212625 -0.04775343
v 0.08434011 -0.212625 -0.04742523
v 0.0848673 -0.212625 -0.04707276
v 0.085422885 -0.212625 -0.04669554
v 0.08692047 -0.212625 -0.05644692
v 0.086004525 -0.212625 -0.046293885
v 0.08661717 -0.212625 -0.045861615
v 0.087263775 -0.212625 -0.045394755
v 0.08887095 -0.212625 -0.055476555
v 0.08795376 -0.212625 -0.04488228
v 0.088690395 -0.212625 -0.04431549
v 0.089078055 -0.212625 -0.044009715
v 0.090785295 -0.212625 -0.054481545
v 0.08947617 -0.212625 -0.04368837
v 0.08988327 -0.212625 -0.04335033
v 0.09030141 -0.212625 -0.042996105
v 0.090726705 -0.212625 -0.04262553
v 0.09115491 -0.212625 -0.04223835
v 0.09266124 -0.212625 -0.053462985
v 0.09158904 -0.212625 -0.041835
v 0.0920256 -0.212625 -0.04141479
v 0.092459115 -0.212625 -0.0409767
v 0.092893875 -0.212625 -0.040520145
v 0.094503045 -0.212625 -0.052418475
v 0.093325125 -0.212625 -0.04004616
v 0.093742185 -0.212625 -0.03955614
v 0.094149975 -0.212625 -0.039046455
v 0.094544715 -0.212625 -0.038520525
v 0.09631059 -0.212625 -0.051348225
v 0.094906755 -0.212625 -0.037988715
v 0.095230335 -0.212625 -0.0374523
v 0.09552171 -0.212625 -0.036908805
v 0.095769585 -0.212625 -0.03637008
v 0.095967015 -0.212625 -0.03584307
v 0.09611874 -0.212625 -0.03532272
v 0.0962229 -0.212625 -0.03481236
v 0.0962781 -0.212625 -0.03431505
v 0.09808143 -0.212625 -0.050253765
v 0.096243465 -0.212625 -0.033355305
v 0.099813075 -0.212625 -0.04913661
v 0.100340055 -0.212625 -0.020625
v 0.10150311 -0.212625 -0.04799829
v 0.09600063 -0.212625 -0.03244059
v 0.095550345 -0.212625 -0.03157467
v 0.095245425 -0.212625 -0.03116001
v 0.094890015 -0.212625 -0.030759855
v 0.0944892 -0.212625 -0.030379395
v 0.094037985 -0.212625 -0.030017805
v 0.0935415 -0.212625 -0.029675355
v 0.09301407 -0.212625 -0.02935599
v 0.092453805 -0.212625 -0.029061735
v 0.091860465 -0.212625 -0.028790685
v 0.076271535 -0.212625 -0.022138875
v 0.09125553 -0.212625 -0.028541235
v 0.076010385 -0.212625 -0.02205855
v 0.075735 -0.212625 -0.02203257
v 0.075459615 -0.212625 -0.02205855
v 0.075198465 -0.212625 -0.022138875
v 0.0749523 -0.212625 -0.02226978
v 0.07474257 -0.212625 -0.022442235
v 0.074565585 -0.212625 -0.022658205
v 0.024285 -0.212625 -0.02203257
v 0.0240096 -0.212625 -0.02205855
v 0.074436885 -0.212625 -0.022897005
v 0.074358795 -0.212625 -0.023155695
v 0.07432875 -0.212625 -0.0234375
v 0.07401855 -0.212625 -0.02625249
v 0.073700055 -0.212625 -0.026251365
v 0.07435866 -0.212625 -0.02625432
v 0.074358795 -0.212625 -0.023719305
v 0.07472358 -0.212625 -0.026257095
v 0.074436885 -0.212625 -0.023977995
v 0.074565585 -0.212625 -0.024216795
v 0.07474257 -0.212625 -0.024432765
v 0.075118395 -0.212625 -0.02626107
v 0.0749523 -0.212625 -0.02460522
v 0.075198465 -0.212625 -0.024736125
v 0.07554375 -0.212625 -0.026266965
v 0.075459615 -0.212625 -0.02481645
v 0.075735 -0.212625 -0.02484243
v 0.07600011 -0.212625 -0.026275155
v 0.076010385 -0.212625 -0.02481645
v 0.076487655 -0.212625 -0.026286585
v 0.076271535 -0.212625 -0.024736125
v 0.0765177 -0.212625 -0.02460522
v 0.077008065 -0.212625 -0.02630217
v 0.07672743 -0.212625 -0.024432765
v 0.076904415 -0.212625 -0.024216795
v 0.077033115 -0.212625 -0.023977995
v 0.077562345 -0.212625 -0.02632251
v 0.077111205 -0.212625 -0.023719305
v 0.07714125 -0.212625 -0.0234375
v 0.077111205 -0.212625 -0.023155695
v 0.07815336 -0.212625 -0.026348745
v 0.077033115 -0.212625 -0.022897005
v 0.0787872 -0.212625 -0.026381505
v 0.0794697 -0.212625 -0.02642136
v 0.076904415 -0.212625 -0.022658205
v 0.08020314 -0.212625 -0.026470065
v 0.07672743 -0.212625 -0.022442235
v 0.08098962 -0.212625 -0.026529315
v 0.08183205 -0.212625 -0.026601315
v 0.0765177 -0.212625 -0.02226978
v 0.08273634 -0.212625 -0.026691345
v 0.083704845 -0.212625 -0.02680242
v 0.084215595 -0.212625 -0.026868795
v 0.084743835 -0.212625 -0.0269418
v 0.085287015 -0.212625 -0.02702391
v 0.08584419 -0.212625 -0.027116415
v 0.08641704 -0.212625 -0.02721792
v 0.08700102 -0.212625 -0.02733105
v 0.087592635 -0.212625 -0.027457815
v 0.088194885 -0.212625 -0.02759625
v 0.08880357 -0.212625 -0.0277494
v 0.089414115 -0.212625 -0.02792067
v 0.090031545 -0.212625 -0.028107915
v 0.090648765 -0.212625 -0.028313445
v 0.07339755 -0.212625 -0.02625066
v 0.07310862 -0.212625 -0.02625027
v 0.07283028 -0.212625 -0.02625009
v 0.07255767 -0.212625 -0.02625
v 0.07229028 -0.212625 -0.02625
v 0.0245604 -0.212625 -0.02205855
v 0.024821535 -0.212625 -0.022138875
v 0.025067685 -0.212625 -0.02226978
v 0.02527743 -0.212625 -0.022442235
v 0.025454415 -0.212625 -0.022658205
v 0.025583115 -0.212625 -0.022897005
v 0.025661205 -0.212625 -0.023155695
v 0.02569125 -0.212625 -0.0234375
v 0.025661205 -0.212625 -0.023719305
v 0.025583115 -0.212625 -0.023977995
v 0.025454415 -0.212625 -0.024216795
v 0.02527743 -0.212625 -0.024432765
v 0.025067685 -0.212625 -0.02460522
v 0.024821535 -0.212625 -0.024736125
v 0.0245604 -0.212625 -0.02481645
v 0.024285 -0.212625 -0.02484243
v -0.04229028 -0.212625 -0.02625
v 0.0240096 -0.212625 -0.02481645
v 0.023748465 -0.212625 -0.024736125
v 0.023502315 -0.212625 -0.02460522
v 0.02329257 -0.212625 -0.024432765
v 0.023115585 -0.212625 -0.024216795
v 0.022986885 -0.212625 -0.023977995
v 0.022908795 -0.212625 -0.023719305
v 0.02287875 -0.212625 -0.0234375
v -0.044970585 -0.212625 -0.022658205
v -0.04514757 -0.212625 -0.022442235
v -0.04256124 -0.212625 -0.02625
v -0.042835425 -0.212625 -0.02625009
v -0.044841885 -0.212625 -0.022897005
v -0.043113195 -0.212625 -0.02625027
v -0.04339911 -0.212625 -0.02625066
v -0.04369569 -0.212625 -0.02625135
v -0.044763795 -0.212625 -0.023155695
v -0.044005245 -0.212625 -0.02625243
v -0.044332965 -0.212625 -0.026254155
v -0.04473375 -0.212625 -0.0234375
v -0.04468149 -0.212625 -0.02625672
v -0.044763795 -0.212625 -0.023719305
v -0.044841885 -0.212625 -0.023977995
v -0.044970585 -0.212625 -0.024216795
v -0.045055815 -0.212625 -0.026260365
v -0.04514757 -0.212625 -0.024432765
v -0.045357315 -0.212625 -0.02460522
v -0.04545687 -0.212625 -0.026265645
v -0.045603465 -0.212625 -0.024736125
v -0.0458646 -0.212625 -0.02481645
v -0.04588527 -0.212625 -0.02627286
v -0.04614 -0.212625 -0.02484243
v -0.04634097 -0.212625 -0.02628285
v -0.0464154 -0.212625 -0.02481645
v -0.046676535 -0.212625 -0.024736125
v -0.046825515 -0.212625 -0.02629632
v -0.046922685 -0.212625 -0.02460522
v -0.04713243 -0.212625 -0.024432765
v -0.047309415 -0.212625 -0.024216795
v -0.047339955 -0.212625 -0.026313825
v -0.047438115 -0.212625 -0.023977995
v -0.047516205 -0.212625 -0.023719305
v -0.04754625 -0.212625 -0.0234375
v -0.047884905 -0.212625 -0.026336325
v -0.047516205 -0.212625 -0.023155695
v -0.048462705 -0.212625 -0.026364165
v -0.049077225 -0.212625 -0.02639781
v -0.049729005 -0.212625 -0.026438025
v -0.050418585 -0.212625 -0.0264855
v -0.051145575 -0.212625 -0.026541735
v -0.051918195 -0.212625 -0.026609745
v -0.052741185 -0.212625 -0.026691405
v -0.053631675 -0.212625 -0.026793435
v -0.054592035 -0.212625 -0.026920725
v -0.055101375 -0.212625 -0.026995545
v -0.055628385 -0.212625 -0.02707875
v -0.056170305 -0.212625 -0.02717316
v -0.05672856 -0.212625 -0.02727786
v -0.05730198 -0.212625 -0.027393495
v -0.057886005 -0.212625 -0.027523485
v -0.058480395 -0.212625 -0.027667695
v -0.05908605 -0.212625 -0.027825615
v -0.0596973 -0.212625 -0.028002585
v -0.060314325 -0.212625 -0.028201305
v -0.060940755 -0.212625 -0.0284193
v -0.061559625 -0.212625 -0.028660005
v -0.062159535 -0.212625 -0.0289266
v -0.062752695 -0.212625 -0.029218155
v -0.06331935 -0.212625 -0.02953335
v -0.063837615 -0.212625 -0.02987154
v -0.06431589 -0.212625 -0.03023547
v -0.06475023 -0.212625 -0.030620355
v -0.06512982 -0.212625 -0.031019655
v -0.06545478 -0.212625 -0.031434555
v -0.065727285 -0.212625 -0.03186489
v -0.065946 -0.212625 -0.03230724
v -0.047438115 -0.212625 -0.022897005
v -0.047309415 -0.212625 -0.022658205
v -0.04713243 -0.212625 -0.022442235
v -0.046922685 -0.212625 -0.02226978
v -0.046676535 -0.212625 -0.022138875
v -0.0464154 -0.212625 -0.02205855
v -0.04614 -0.212625 -0.02203257
v 0.022908795 -0.212625 -0.023155695
v -0.0458646 -0.212625 -0.02205855
v -0.045603465 -0.212625 -0.022138875
v -0.045357315 -0.212625 -0.02226978
v 0.022986885 -0.212625 -0.022897005
v 0.023115585 -0.212625 -0.022658205
v 0.02329257 -0.212625 -0.022442235
v 0.023502315 -0.212625 -0.02226978
v 0.023748465 -0.212625 -0.022138875
v 0.1012713 -0.212625 -0.020625045
v 0.102284715 -0.212625 -0.02058639
v 0.103151145 -0.212625 -0.04683888
v 0.103373985 -0.212625 -0.02048631
v 0.104761065 -0.212625 -0.045655725
v 0.10452924 -0.212625 -0.02028876
v 0.105731535 -0.212625 -0.01993953
v 0.10633113 -0.212625 -0.044450235
v 0.106952205 -0.212625 -0.019416105
v 0.10785918 -0.212625 -0.04322409
v 0.10815936 -0.212625 -0.01870254
v 0.109343115 -0.212625 -0.041978985
v 0.108736305 -0.212625 -0.018270375
v 0.10929474 -0.212625 -0.01779054
v 0.10982001 -0.212625 -0.01727079
v 0.11078079 -0.212625 -0.0407166
v 0.11031486 -0.212625 -0.01670352
v 0.11077461 -0.212625 -0.01610262
v 0.111187275 -0.212625 -0.01548999
v 0.112174365 -0.212625 -0.039434865
v 0.111553215 -0.212625 -0.01485711
v 0.111877455 -0.212625 -0.01421739
v 0.11240319 -0.212625 -0.012954
v 0.1135251 -0.212625 -0.03813279
v 0.112800825 -0.212625 -0.011740995
v 0.113092605 -0.212625 -0.010604475
v 0.113721465 -0.212625 -0.00756936
v 0.1141407 -0.212625 -0.00453789
v -0.08609097 -0.212625 -0.035475
v -0.08730249 -0.212625 0.034122945
v -0.08730249 -0.212625 -0.034122945
v -0.088464675 -0.212625 0.032757135
v -0.088464675 -0.212625 -0.032757135
v -0.089580405 -0.212625 0.031374165
v -0.089580405 -0.212625 -0.031374165
v -0.09064911 -0.212625 0.02997495
v -0.09064911 -0.212625 -0.02997495
v -0.091669365 -0.212625 0.02856144
v -0.091669365 -0.212625 -0.02856144
v -0.09263976 -0.212625 0.0271356
v -0.09263976 -0.212625 -0.0271356
v -0.09355887 -0.212625 0.025699395
v -0.09355887 -0.212625 -0.025699395
v -0.094426965 -0.212625 0.024252075
v -0.094426965 -0.212625 -0.024252075
v -0.095245785 -0.212625 0.02279097
v -0.095245785 -0.212625 -0.02279097
v -0.09601437 -0.212625 0.02131803
v -0.09601437 -0.212625 -0.02131803
v -0.096731685 -0.212625 0.01983531
v -0.096731685 -0.212625 -0.01983531
v -0.09739668 -0.212625 0.018344835
v -0.09739668 -0.212625 -0.018344835
v -0.09800844 -0.212625 0.016848465
v -0.09800844 -0.212625 -0.016848465
v -0.098568135 -0.212625 0.01534299
v -0.098568135 -0.212625 -0.01534299
v -0.099076035 -0.212625 0.013828215
v -0.099076035 -0.212625 -0.013828215
v -0.09953151 -0.212625 0.01230624
v -0.09953151 -0.212625 -0.01230624
v -0.09993393 -0.212625 0.01077918
v -0.09993393 -0.212625 -0.01077918
v -0.100282695 -0.212625 0.009249135
v -0.100282695 -0.212625 -0.009249135
v -0.1005774 -0.212625 0.007717395
v -0.1005774 -0.212625 -0.007717395
v -0.10081866 -0.212625 0.006181935
v -0.10081866 -0.212625 -0.006181935
v -0.101006535 -0.212625 0.004642455
v -0.101006535 -0.212625 -0.004642455
v -0.10114107 -0.212625 0.00309897
v -0.10114107 -0.212625 -0.00309897
v -0.101222205 -0.212625 0.001551495
v -0.101222205 -0.212625 -0.001551495
v -0.10125 -0.212625 0
v 0.07432875 -0.21075 0.0234375
v 0.07432875 -0.212625 0.0234375
v 0.074358795 -0.212625 0.023155695
v 0.074361165 -0.21075 0.02372325
v 0.074361165 -0.21075 0.02315175
v 0.074436885 -0.212625 0.022897005
v 0.074439465 -0.21075 0.02289249
v 0.074565585 -0.212625 0.022658205
v 0.074564595 -0.21075 0.02265879
v 0.07474257 -0.212625 0.022442235
v 0.074742345 -0.21075 0.022444845
v 0.0749523 -0.212625 0.02226978
v 0.07495629 -0.21075 0.022267095
v 0.075198465 -0.212625 0.022138875
v 0.0751944 -0.21075 0.02214078
v 0.075459615 -0.212625 0.02205855
v 0.07546305 -0.21075 0.02205996
v 0.075735 -0.212625 0.02203257
v 0.075735 -0.21075 0.02203125
v 0.076010385 -0.212625 0.02205855
v 0.07600695 -0.21075 0.02205996
v 0.076271535 -0.212625 0.022138875
v 0.0762756 -0.21075 0.02214078
v 0.0765177 -0.212625 0.02226978
v 0.07651371 -0.21075 0.022267095
v 0.07672743 -0.212625 0.022442235
v 0.076727655 -0.21075 0.022444845
v 0.076904415 -0.212625 0.022658205
v 0.07690542 -0.21075 0.02265879
v 0.077033115 -0.212625 0.022897005
v 0.077030535 -0.21075 0.02289249
v 0.077111205 -0.212625 0.023155695
v 0.077108835 -0.21075 0.02315175
v 0.07714125 -0.212625 0.0234375
v 0.07714125 -0.21075 0.0234375
v 0.077111205 -0.212625 0.023719305
v 0.077108835 -0.21075 0.02372325
v 0.077033115 -0.212625 0.023977995
v 0.077030535 -0.21075 0.02398251
v 0.076904415 -0.212625 0.024216795
v 0.07690542 -0.21075 0.02421621
v 0.07672743 -0.212625 0.024432765
v 0.076727655 -0.21075 0.024430155
v 0.0765177 -0.212625 0.02460522
v 0.07651371 -0.21075 0.024607905
v 0.076271535 -0.212625 0.024736125
v 0.0762756 -0.21075 0.02473422
v 0.076010385 -0.212625 0.02481645
v 0.07600695 -0.21075 0.02481504
v 0.075735 -0.212625 0.02484243
v 0.075735 -0.21075 0.02484375
v 0.075459615 -0.212625 0.02481645
v 0.07546305 -0.21075 0.02481504
v 0.075198465 -0.212625 0.024736125
v 0.0751944 -0.21075 0.02473422
v 0.0749523 -0.212625 0.02460522
v 0.07495629 -0.21075 0.024607905
v 0.07474257 -0.212625 0.024432765
v 0.074742345 -0.21075 0.024430155
v 0.074565585 -0.212625 0.024216795
v 0.074564595 -0.21075 0.02421621
v 0.074436885 -0.212625 0.023977995
v 0.074439465 -0.21075 0.02398251
v 0.074358795 -0.212625 0.023719305
v 0.02287875 -0.21075 0.0234375
v 0.02287875 -0.212625 0.0234375
v 0.022908795 -0.212625 0.023155695
v 0.022911165 -0.21075 0.02372325
v 0.022911165 -0.21075 0.02315175
v 0.022986885 -0.212625 0.022897005
v 0.022989465 -0.21075 0.02289249
v 0.023115585 -0.212625 0.022658205
v 0.023114595 -0.21075 0.02265879
v 0.02329257 -0.212625 0.022442235
v 0.023292345 -0.21075 0.022444845
v 0.023502315 -0.212625 0.02226978
v 0.02350629 -0.21075 0.022267095
v 0.023748465 -0.212625 0.022138875
v 0.023744415 -0.21075 0.02214078
v 0.0240096 -0.212625 0.02205855
v 0.02401305 -0.21075 0.02205996
v 0.024285 -0.212625 0.02203257
v 0.024285 -0.21075 0.02203125
v 0.0245604 -0.212625 0.02205855
v 0.02455695 -0.21075 0.02205996
v 0.024821535 -0.212625 0.022138875
v 0.024825585 -0.21075 0.02214078
v 0.025067685 -0.212625 0.02226978
v 0.02506371 -0.21075 0.022267095
v 0.02527743 -0.212625 0.022442235
v 0.025277655 -0.21075 0.022444845
v 0.025454415 -0.212625 0.022658205
v 0.025455405 -0.21075 0.02265879
v 0.025583115 -0.212625 0.022897005
v 0.025580535 -0.21075 0.02289249
v 0.025661205 -0.212625 0.023155695
v 0.025658835 -0.21075 0.02315175
v 0.02569125 -0.212625 0.0234375
v 0.02569125 -0.21075 0.0234375
v 0.025661205 -0.212625 0.023719305
v 0.025658835 -0.21075 0.02372325
v 0.025583115 -0.212625 0.023977995
v 0.025580535 -0.21075 0.02398251
v 0.025454415 -0.212625 0.024216795
v 0.025455405 -0.21075 0.02421621
v 0.02527743 -0.212625 0.024432765
v 0.025277655 -0.21075 0.024430155
v 0.025067685 -0.212625 0.02460522
v 0.02506371 -0.21075 0.024607905
v 0.024821535 -0.212625 0.024736125
v 0.024825585 -0.21075 0.02473422
v 0.0245604 -0.212625 0.02481645
v 0.02455695 -0.21075 0.02481504
v 0.024285 -0.212625 0.02484243
v 0.024285 -0.21075 0.02484375
v 0.0240096 -0.212625 0.02481645
v 0.02401305 -0.21075 0.02481504
v 0.023748465 -0.212625 0.024736125
v 0.023744415 -0.21075 0.02473422
v 0.023502315 -0.212625 0.02460522
v 0.02350629 -0.21075 0.024607905
v 0.02329257 -0.212625 0.024432765
v 0.023292345 -0.21075 0.024430155
v 0.023115585 -0.212625 0.024216795
v 0.023114595 -0.21075 0.02421621
v 0.022986885 -0.212625 0.023977995
v 0.022989465 -0.21075 0.02398251
v 0.022908795 -0.212625 0.023719305
v -0.04754625 -0.21075 0.0234375
v -0.04754625 -0.212625 0.0234375
v -0.047516205 -0.212625 0.023155695
v -0.047513835 -0.21075 0.02372325
v -0.047513835 -0.21075 0.02315175
v -0.047438115 -0.212625 0.022897005
v -0.047435535 -0.21075 0.02289249
v -0.047309415 -0.212625 0.022658205
v -0.047310405 -0.21075 0.02265879
v -0.04713243 -0.212625 0.022442235
v -0.047132655 -0.21075 0.022444845
v -0.046922685 -0.212625 0.02226978
v -0.04691871 -0.21075 0.022267095
v -0.046676535 -0.212625 0.022138875
v -0.046680585 -0.21075 0.02214078
v -0.0464154 -0.212625 0.02205855
v -0.04641195 -0.21075 0.02205996
v -0.04614 -0.212625 0.02203257
v -0.04614 -0.21075 0.02203125
v -0.0458646 -0.212625 0.02205855
v -0.04586805 -0.21075 0.02205996
v -0.045603465 -0.212625 0.022138875
v -0.045599415 -0.21075 0.02214078
v -0.045357315 -0.212625 0.02226978
v -0.04536129 -0.21075 0.022267095
v -0.04514757 -0.212625 0.022442235
v -0.045147345 -0.21075 0.022444845
v -0.044970585 -0.212625 0.022658205
v -0.044969595 -0.21075 0.02265879
v -0.044841885 -0.212625 0.022897005
v -0.04484445 -0.21075 0.02289249
v -0.044763795 -0.212625 0.023155695
v -0.044766165 -0.21075 0.02315175
v -0.04473375 -0.212625 0.0234375
v -0.04473375 -0.21075 0.0234375
v -0.044763795 -0.212625 0.023719305
v -0.044766165 -0.21075 0.02372325
v -0.044841885 -0.212625 0.023977995
v -0.04484445 -0.21075 0.02398251
v -0.044970585 -0.212625 0.024216795
v -0.044969595 -0.21075 0.02421621
v -0.04514757 -0.212625 0.024432765
v -0.045147345 -0.21075 0.024430155
v -0.045357315 -0.212625 0.02460522
v -0.04536129 -0.21075 0.024607905
v -0.045603465 -0.212625 0.024736125
v -0.045599415 -0.21075 0.02473422
v -0.0458646 -0.212625 0.02481645
v -0.04586805 -0.21075 0.02481504
v -0.04614 -0.212625 0.02484243
v -0.04614 -0.21075 0.02484375
v -0.0464154 -0.212625 0.02481645
v -0.04641195 -0.21075 0.02481504
v -0.046676535 -0.212625 0.024736125
v -0.046680585 -0.21075 0.02473422
v -0.046922685 -0.212625 0.02460522
v -0.04691871 -0.21075 0.024607905
v -0.04713243 -0.212625 0.024432765
v -0.047132655 -0.21075 0.024430155
v -0.047309415 -0.212625 0.024216795
v -0.047310405 -0.21075 0.02421621
v -0.047438115 -0.212625 0.023977995
v -0.047435535 -0.21075 0.02398251
v -0.047516205 -0.212625 0.023719305
v -0.04754625 -0.21075 -0.0234375
v -0.04754625 -0.212625 -0.0234375
v -0.047516205 -0.212625 -0.023719305
v -0.047513835 -0.21075 -0.02315175
v -0.047513835 -0.21075 -0.02372325
v -0.047438115 -0.212625 -0.023977995
v -0.047435535 -0.21075 -0.02398251
v -0.047309415 -0.212625 -0.024216795
v -0.047310405 -0.21075 -0.02421621
v -0.04713243 -0.212625 -0.024432765
v -0.047132655 -0.21075 -0.024430155
v -0.046922685 -0.212625 -0.02460522
v -0.04691871 -0.21075 -0.024607905
v -0.046676535 -0.212625 -0.024736125
v -0.046680585 -0.21075 -0.02473422
v -0.0464154 -0.212625 -0.02481645
v -0.04641195 -0.21075 -0.02481504
v -0.04614 -0.212625 -0.02484243
v -0.04614 -0.21075 -0.02484375
v -0.0458646 -0.212625 -0.02481645
v -0.04586805 -0.21075 -0.02481504
v -0.045603465 -0.212625 -0.024736125
v -0.045599415 -0.21075 -0.02473422
v -0.045357315 -0.212625 -0.02460522
v -0.04536129 -0.21075 -0.024607905
v -0.04514757 -0.212625 -0.024432765
v -0.045147345 -0.21075 -0.024430155
v -0.044970585 -0.212625 -0.024216795
v -0.044969595 -0.21075 -0.02421621
v -0.044841885 -0.212625 -0.023977995
v -0.04484445 -0.21075 -0.02398251
v -0.044763795 -0.212625 -0.023719305
v -0.044766165 -0.21075 -0.02372325
v -0.04473375 -0.212625 -0.0234375
v -0.04473375 -0.21075 -0.0234375
v -0.044763795 -0.212625 -0.023155695
v -0.044766165 -0.21075 -0.02315175
v -0.044841885 -0.212625 -0.022897005
v -0.04484445 -0.21075 -0.02289249
v -0.044970585 -0.212625 -0.022658205
v -0.044969595 -0.21075 -0.02265879
v -0.04514757 -0.212625 -0.022442235
v -0.045147345 -0.21075 -0.022444845
v -0.045357315 -0.212625 -0.02226978
v -0.04536129 -0.21075 -0.022267095
v -0.045603465 -0.212625 -0.022138875
v -0.045599415 -0.21075 -0.02214078
v -0.0458646 -0.212625 -0.02205855
v -0.04586805 -0.21075 -0.02205996
v -0.04614 -0.212625 -0.02203257
v -0.04614 -0.21075 -0.02203125
v -0.0464154 -0.212625 -0.02205855
v -0.04641195 -0.21075 -0.02205996
v -0.046676535 -0.212625 -0.022138875
v -0.046680585 -0.21075 -0.02214078
v -0.046922685 -0.212625 -0.02226978
v -0.04691871 -0.21075 -0.022267095
v -0.04713243 -0.212625 -0.022442235
v -0.047132655 -0.21075 -0.022444845
v -0.047309415 -0.212625 -0.022658205
v -0.047310405 -0.21075 -0.02265879
v -0.047438115 -0.212625 -0.022897005
v -0.047435535 -0.21075 -0.02289249
v -0.047516205 -0.212625 -0.023155695
v 0.02287875 -0.21075 -0.0234375
v 0.02287875 -0.212625 -0.0234375
v 0.022908795 -0.212625 -0.023719305
v 0.022911165 -0.21075 -0.02315175
v 0.022911165 -0.21075 -0.02372325
v 0.022986885 -0.212625 -0.023977995
v 0.022989465 -0.21075 -0.02398251
v 0.023115585 -0.212625 -0.024216795
v 0.023114595 -0.21075 -0.02421621
v 0.02329257 -0.212625 -0.024432765
v 0.023292345 -0.21075 -0.024430155
v 0.023502315 -0.212625 -0.02460522
v 0.02350629 -0.21075 -0.024607905
v 0.023748465 -0.212625 -0.024736125
v 0.023744415 -0.21075 -0.02473422
v 0.0240096 -0.212625 -0.02481645
v 0.02401305 -0.21075 -0.02481504
v 0.024285 -0.212625 -0.02484243
v 0.024285 -0.21075 -0.02484375
v 0.0245604 -0.212625 -0.02481645
v 0.02455695 -0.21075 -0.02481504
v 0.024821535 -0.212625 -0.024736125
v 0.024825585 -0.21075 -0.02473422
v 0.025067685 -0.212625 -0.02460522
v 0.02506371 -0.21075 -0.024607905
v 0.02527743 -0.212625 -0.024432765
v 0.025277655 -0.21075 -0.024430155
v 0.025454415 -0.212625 -0.024216795
v 0.025455405 -0.21075 -0.02421621
v 0.025583115 -0.212625 -0.023977995
v 0.025580535 -0.21075 -0.02398251
v 0.025661205 -0.212625 -0.023719305
v 0.025658835 -0.21075 -0.02372325
v 0.02569125 -0.212625 -0.0234375
v 0.02569125 -0.21075 -0.0234375
v 0.025661205 -0.212625 -0.023155695
v 0.025658835 -0.21075 -0.02315175
v 0.025583115 -0.212625 -0.022897005
v 0.025580535 -0.21075 -0.02289249
v 0.025454415 -0.212625 -0.022658205
v 0.025455405 -0.21075 -0.02265879
v 0.02527743 -0.212625 -0.022442235
v 0.025277655 -0.21075 -0.022444845
v 0.025067685 -0.212625 -0.02226978
v 0.02506371 -0.21075 -0.022267095
v 0.024821535 -0.212625 -0.022138875
v 0.024825585 -0.21075 -0.02214078
v 0.0245604 -0.212625 -0.02205855
v 0.02455695 -0.21075 -0.02205996
v 0.024285 -0.212625 -0.02203257
v 0.024285 -0.21075 -0.02203125
v 0.0240096 -0.212625 -0.02205855
v 0.02401305 -0.21075 -0.02205996
v 0.023748465 -0.212625 -0.022138875
v 0.023744415 -0.21075 -0.02214078
v 0.023502315 -0.212625 -0.02226978
v 0.02350629 -0.21075 -0.022267095
v 0.02329257 -0.212625 -0.022442235
v 0.023292345 -0.21075 -0.022444845
v 0.023115585 -0.212625 -0.022658205
v 0.023114595 -0.21075 -0.02265879
v 0.022986885 -0.212625 -0.022897005
v 0.022989465 -0.21075 -0.02289249
v 0.022908795 -0.212625 -0.023155695
v 0.07432875 -0.21075 -0.0234375
v 0.07432875 -0.212625 -0.0234375
v 0.074358795 -0.212625 -0.023719305
v 0.074361165 -0.21075 -0.02315175
v 0.074361165 -0.21075 -0.02372325
v 0.074436885 -0.212625 -0.023977995
v 0.074439465 -0.21075 -0.02398251
v 0.074565585 -0.212625 -0.024216795
v 0.074564595 -0.21075 -0.02421621
v 0.07474257 -0.212625 -0.024432765
v 0.074742345 -0.21075 -0.024430155
v 0.0749523 -0.212625 -0.02460522
v 0.07495629 -0.21075 -0.024607905
v 0.075198465 -0.212625 -0.024736125
v 0.0751944 -0.21075 -0.02473422
v 0.075459615 -0.212625 -0.02481645
v 0.07546305 -0.21075 -0.02481504
v 0.075735 -0.212625 -0.02484243
v 0.075735 -0.21075 -0.02484375
v 0.076010385 -0.212625 -0.02481645
v 0.07600695 -0.21075 -0.02481504
v 0.076271535 -0.212625 -0.024736125
v 0.0762756 -0.21075 -0.02473422
v 0.0765177 -0.212625 -0.02460522
v 0.07651371 -0.21075 -0.024607905
v 0.07672743 -0.212625 -0.024432765
v 0.076727655 -0.21075 -0.024430155
v 0.076904415 -0.212625 -0.024216795
v 0.07690542 -0.21075 -0.02421621
v 0.077033115 -0.212625 -0.023977995
v 0.077030535 -0.21075 -0.02398251
v 0.077111205 -0.212625 -0.023719305
v 0.077108835 -0.21075 -0.02372325
v 0.07714125 -0.212625 -0.0234375
v 0.07714125 -0.21075 -0.0234375
v 0.077111205 -0.212625 -0.023155695
v 0.077108835 -0.21075 -0.02315175
v 0.077033115 -0.212625 -0.022897005
v 0.077030535 -0.21075 -0.02289249
v 0.076904415 -0.212625 -0.022658205
v 0.07690542 -0.21075 -0.02265879
v 0.07672743 -0.212625 -0.022442235
v 0.076727655 -0.21075 -0.022444845
v 0.0765177 -0.212625 -0.02226978
v 0.07651371 -0.21075 -0.022267095
v 0.076271535 -0.212625 -0.022138875
v 0.0762756 -0.21075 -0.02214078
v 0.076010385 -0.212625 -0.02205855
v 0.07600695 -0.21075 -0.02205996
v 0.075735 -0.212625 -0.02203257
v 0.075735 -0.21075 -0.02203125
v 0.075459615 -0.212625 -0.02205855
v 0.07546305 -0.21075 -0.02205996
v 0.075198465 -0.212625 -0.022138875
v 0.0751944 -0.21075 -0.02214078
v 0.0749523 -0.212625 -0.02226978
v 0.07495629 -0.21075 -0.022267095
v 0.07474257 -0.212625 -0.022442235
v 0.074742345 -0.21075 -0.022444845
v 0.074565585 -0.212625 -0.022658205
v 0.074564595 -0.21075 -0.02265879
v 0.074436885 -0.212625 -0.022897005
v 0.074439465 -0.21075 -0.02289249
v 0.074358795 -0.212625 -0.023155695
v 0.0751944 -0.21075 0.02214078
v 0.075227565 -0.21075 0.023144535
v 0.075149055 -0.21075 0.0234375
v 0.07546305 -0.21075 0.02205996
v 0.07495629 -0.21075 0.024607905
v 0.0751944 -0.21075 0.02473422
v 0.07495629 -0.21075 0.022267095
v 0.074742345 -0.21075 0.024430155
v 0.074742345 -0.21075 0.022444845
v 0.074564595 -0.21075 0.02421621
v 0.074564595 -0.21075 0.02265879
v 0.074439465 -0.21075 0.02398251
v 0.074439465 -0.21075 0.02289249
v 0.074361165 -0.21075 0.02372325
v 0.074361165 -0.21075 0.02315175
v 0.07432875 -0.21075 0.0234375
v 0.075227565 -0.21075 0.023730465
v 0.075442035 -0.21075 0.023944935
v 0.07546305 -0.21075 0.02481504
v 0.075735 -0.21075 0.024023445
v 0.075735 -0.21075 0.02484375
v 0.076027965 -0.21075 0.023944935
v 0.07600695 -0.21075 0.02481504
v 0.076242435 -0.21075 0.023730465
v 0.0762756 -0.21075 0.02473422
v 0.07632093 -0.21075 0.0234375
v 0.07651371 -0.21075 0.022267095
v 0.07651371 -0.21075 0.024607905
v 0.0762756 -0.21075 0.02214078
v 0.076242435 -0.21075 0.023144535
v 0.076027965 -0.21075 0.022930065
v 0.07600695 -0.21075 0.02205996
v 0.075735 -0.21075 0.02285157
v 0.075735 -0.21075 0.02203125
v 0.075442035 -0.21075 0.022930065
v 0.076727655 -0.21075 0.022444845
v 0.076727655 -0.21075 0.024430155
v 0.07690542 -0.21075 0.02265879
v 0.07690542 -0.21075 0.02421621
v 0.077030535 -0.21075 0.02289249
v 0.077030535 -0.21075 0.02398251
v 0.077108835 -0.21075 0.02315175
v 0.077108835 -0.21075 0.02372325
v 0.07714125 -0.21075 0.0234375
v 0.023744415 -0.21075 0.02214078
v 0.023777565 -0.21075 0.023144535
v 0.023699055 -0.21075 0.0234375
v 0.02401305 -0.21075 0.02205996
v 0.02350629 -0.21075 0.024607905
v 0.023744415 -0.21075 0.02473422
v 0.02350629 -0.21075 0.022267095
v 0.023292345 -0.21075 0.024430155
v 0.023292345 -0.21075 0.022444845
v 0.023114595 -0.21075 0.02421621
v 0.023114595 -0.21075 0.02265879
v 0.022989465 -0.21075 0.02398251
v 0.022989465 -0.21075 0.02289249
v 0.022911165 -0.21075 0.02372325
v 0.022911165 -0.21075 0.02315175
v 0.02287875 -0.21075 0.0234375
v 0.023777565 -0.21075 0.023730465
v 0.023992035 -0.21075 0.023944935
v 0.02401305 -0.21075 0.02481504
v 0.024285 -0.21075 0.024023445
v 0.024285 -0.21075 0.02484375
v 0.024577965 -0.21075 0.023944935
v 0.02455695 -0.21075 0.02481504
v 0.024792435 -0.21075 0.023730465
v 0.024825585 -0.21075 0.02473422
v 0.02487093 -0.21075 0.0234375
v 0.02506371 -0.21075 0.022267095
v 0.02506371 -0.21075 0.024607905
v 0.024825585 -0.21075 0.02214078
v 0.024792435 -0.21075 0.023144535
v 0.024577965 -0.21075 0.022930065
v 0.02455695 -0.21075 0.02205996
v 0.024285 -0.21075 0.02285157
v 0.024285 -0.21075 0.02203125
v 0.023992035 -0.21075 0.022930065
v 0.025277655 -0.21075 0.022444845
v 0.025277655 -0.21075 0.024430155
v 0.025455405 -0.21075 0.02265879
v 0.025455405 -0.21075 0.02421621
v 0.025580535 -0.21075 0.02289249
v 0.025580535 -0.21075 0.02398251
v 0.025658835 -0.21075 0.02315175
v 0.025658835 -0.21075 0.02372325
v 0.02569125 -0.21075 0.0234375
v -0.046680585 -0.21075 0.02214078
v -0.046647435 -0.21075 0.023144535
v -0.04672593 -0.21075 0.0234375
v -0.04641195 -0.21075 0.02205996
v -0.04691871 -0.21075 0.024607905
v -0.046680585 -0.21075 0.02473422
v -0.04691871 -0.21075 0.022267095
v -0.047132655 -0.21075 0.024430155
v -0.047132655 -0.21075 0.022444845
v -0.047310405 -0.21075 0.02421621
v -0.047310405 -0.21075 0.02265879
v -0.047435535 -0.21075 0.02398251
v -0.047435535 -0.21075 0.02289249
v -0.047513835 -0.21075 0.02372325
v -0.047513835 -0.21075 0.02315175
v -0.04754625 -0.21075 0.0234375
v -0.046647435 -0.21075 0.023730465
v -0.046432965 -0.21075 0.023944935
v -0.04641195 -0.21075 0.02481504
v -0.04614 -0.21075 0.024023445
v -0.04614 -0.21075 0.02484375
v -0.045847035 -0.21075 0.023944935
v -0.04586805 -0.21075 0.02481504
v -0.045632565 -0.21075 0.023730465
v -0.045599415 -0.21075 0.02473422
v -0.045554055 -0.21075 0.0234375
v -0.04536129 -0.21075 0.022267095
v -0.04536129 -0.21075 0.024607905
v -0.045599415 -0.21075 0.02214078
v -0.045632565 -0.21075 0.023144535
v -0.045847035 -0.21075 0.022930065
v -0.04586805 -0.21075 0.02205996
v -0.04614 -0.21075 0.02285157
v -0.04614 -0.21075 0.02203125
v -0.046432965 -0.21075 0.022930065
v -0.045147345 -0.21075 0.022444845
v -0.045147345 -0.21075 0.024430155
v -0.044969595 -0.21075 0.02265879
v -0.044969595 -0.21075 0.02421621
v -0.04484445 -0.21075 0.02289249
v -0.04484445 -0.21075 0.02398251
v -0.044766165 -0.21075 0.02315175
v -0.044766165 -0.21075 0.02372325
v -0.04473375 -0.21075 0.0234375
v -0.046680585 -0.21075 -0.02473422
v -0.046647435 -0.21075 -0.023730465
v -0.04672593 -0.21075 -0.0234375
v -0.04641195 -0.21075 -0.02481504
v -0.04691871 -0.21075 -0.022267095
v -0.046680585 -0.21075 -0.02214078
v -0.04691871 -0.21075 -0.024607905
v -0.047132655 -0.21075 -0.022444845
v -0.047132655 -0.21075 -0.024430155
v -0.047310405 -0.21075 -0.02265879
v -0.047310405 -0.21075 -0.02421621
v -0.047435535 -0.21075 -0.02289249
v -0.047435535 -0.21075 -0.02398251
v -0.047513835 -0.21075 -0.02315175
v -0.047513835 -0.21075 -0.02372325
v -0.04754625 -0.21075 -0.0234375
v -0.046647435 -0.21075 -0.023144535
v -0.046432965 -0.21075 -0.022930065
v -0.04641195 -0.21075 -0.02205996
v -0.04614 -0.21075 -0.02285157
v -0.04614 -0.21075 -0.02203125
v -0.045847035 -0.21075 -0.022930065
v -0.04586805 -0.21075 -0.02205996
v -0.045632565 -0.21075 -0.023144535
v -0.045599415 -0.21075 -0.02214078
v -0.045554055 -0.21075 -0.0234375
v -0.04536129 -0.21075 -0.024607905
v -0.04536129 -0.21075 -0.022267095
v -0.045599415 -0.21075 -0.02473422
v -0.045632565 -0.21075 -0.023730465
v -0.045847035 -0.21075 -0.023944935
v -0.04586805 -0.21075 -0.02481504
v -0.04614 -0.21075 -0.024023445
v -0.04614 -0.21075 -0.02484375
v -0.046432965 -0.21075 -0.023944935
v -0.045147345 -0.21075 -0.024430155
v -0.045147345 -0.21075 -0.022444845
v -0.044969595 -0.21075 -0.02421621
v -0.044969595 -0.21075 -0.02265879
v -0.04484445 -0.21075 -0.02398251
v -0.04484445 -0.21075 -0.02289249
v -0.044766165 -0.21075 -0.02372325
v -0.044766165 -0.21075 -0.02315175
v -0.04473375 -0.21075 -0.0234375
v 0.023744415 -0.21075 -0.02473422
v 0.023777565 -0.21075 -0.023730465
v 0.023699055 -0.21075 -0.0234375
v 0.02401305 -0.21075 -0.02481504
v 0.02350629 -0.21075 -0.022267095
v 0.023744415 -0.21075 -0.02214078
v 0.02350629 -0.21075 -0.024607905
v 0.023292345 -0.21075 -0.022444845
v 0.023292345 -0.21075 -0.024430155
v 0.023114595 -0.21075 -0.02265879
v 0.023114595 -0.21075 -0.02421621
v 0.022989465 -0.21075 -0.02289249
v 0.022989465 -0.21075 -0.02398251
v 0.022911165 -0.21075 -0.02315175
v 0.022911165 -0.21075 -0.02372325
v 0.02287875 -0.21075 -0.0234375
v 0.023777565 -0.21075 -0.023144535
v 0.023992035 -0.21075 -0.022930065
v 0.02401305 -0.21075 -0.02205996
v 0.024285 -0.21075 -0.02285157
v 0.024285 -0.21075 -0.02203125
v 0.024577965 -0.21075 -0.022930065
v 0.02455695 -0.21075 -0.02205996
v 0.024792435 -0.21075 -0.023144535
v 0.024825585 -0.21075 -0.02214078
v 0.02487093 -0.21075 -0.0234375
v 0.02506371 -0.21075 -0.024607905
v 0.02506371 -0.21075 -0.022267095
v 0.024825585 -0.21075 -0.02473422
v 0.024792435 -0.21075 -0.023730465
v 0.024577965 -0.21075 -0.023944935
v 0.02455695 -0.21075 -0.02481504
v 0.024285 -0.21075 -0.024023445
v 0.024285 -0.21075 -0.02484375
v 0.023992035 -0.21075 -0.023944935
v 0.025277655 -0.21075 -0.024430155
v 0.025277655 -0.21075 -0.022444845
v 0.025455405 -0.21075 -0.02421621
v 0.025455405 -0.21075 -0.02265879
v 0.025580535 -0.21075 -0.02398251
v 0.025580535 -0.21075 -0.02289249
v 0.025658835 -0.21075 -0.02372325
v 0.025658835 -0.21075 -0.02315175
v 0.02569125 -0.21075 -0.0234375
v 0.0751944 -0.21075 -0.02473422
v 0.075227565 -0.21075 -0.023730465
v 0.075149055 -0.21075 -0.0234375
v 0.07546305 -0.21075 -0.02481504
v 0.07495629 -0.21075 -0.022267095
v 0.0751944 -0.21075 -0.02214078
v 0.07495629 -0.21075 -0.024607905
v 0.074742345 -0.21075 -0.022444845
v 0.074742345 -0.21075 -0.024430155
v 0.074564595 -0.21075 -0.02265879
v 0.074564595 -0.21075 -0.02421621
v 0.074439465 -0.21075 -0.02289249
v 0.074439465 -0.21075 -0.02398251
v 0.074361165 -0.21075 -0.02315175
v 0.074361165 -0.21075 -0.02372325
v 0.07432875 -0.21075 -0.0234375
v 0.075227565 -0.21075 -0.023144535
v 0.075442035 -0.21075 -0.022930065
v 0.07546305 -0.21075 -0.02205996
v 0.075735 -0.21075 -0.02285157
v 0.075735 -0.21075 -0.02203125
v 0.076027965 -0.21075 -0.022930065
v 0.07600695 -0.21075 -0.02205996
v 0.076242435 -0.21075 -0.023144535
v 0.0762756 -0.21075 -0.02214078
v 0.07632093 -0.21075 -0.0234375
v 0.07651371 -0.21075 -0.024607905
v 0.07651371 -0.21075 -0.022267095
v 0.0762756 -0.21075 -0.02473422
v 0.076242435 -0.21075 -0.023730465
v 0.076027965 -0.21075 -0.023944935
v 0.07600695 -0.21075 -0.02481504
v 0.075735 -0.21075 -0.024023445
v 0.075735 -0.21075 -0.02484375
v 0.075442035 -0.21075 -0.023944935
v 0.076727655 -0.21075 -0.024430155
v 0.076727655 -0.21075 -0.022444845
v 0.07690542 -0.21075 -0.02421621
v 0.07690542 -0.21075 -0.02265879
v 0.077030535 -0.21075 -0.02398251
v 0.077030535 -0.21075 -0.02289249
v 0.077108835 -0.21075 -0.02372325
v 0.077108835 -0.21075 -0.02315175
v 0.07714125 -0.21075 -0.0234375
f 1 2 3
f 1 4 2
f 4 5 2
f 4 6 5
f 6 7 5
f 6 8 7
f 8 9 7
f 8 10 9
f 10 11 9
f 10 12 11
f 12 13 11
f 12 14 13
f 14 15 13
f 14 16 15
f 16 17 15
f 16 18 17
f 18 19 17
f 18 20 19
f 20 21 19
f 20 22 21
f 22 23 21
f 22 24 23
f 24 25 23
f 24 26 25
f 26 27 25
f 26 28 27
f 28 29 27
f 28 30 29
f 30 31 29
f 30 32 31
f 32 33 31
f 32 34 33
f 34 35 33
f 34 36 35
f 36 37 35
f 36 38 37
f 38 39 37
f 38 40 39
f 40 41 39
f 40 42 41
f 42 43 41
f 42 44 43
f 44 45 43
f 44 46 45
f 46 47 45
f 46 48 47
f 48 49 47
f 48 50 49
f 50 51 49
f 52 51 50
f 52 53 51
f 52 50 54
f 55 52 54
f 56 55 54
f 57 56 54
f 57 54 58
f 59 57 58
f 60 59 58
f 61 60 58
f 61 58 62
f 63 61 62
f 64 63 62
f 65 64 62
f 65 62 66
f 67 65 66
f 68 67 66
f 69 68 66
f 69 66 70
f 71 69 70
f 72 71 70
f 72 70 73
f 74 72 73
f 75 74 73
f 76 75 73
f 76 73 77
f 78 76 77
f 79 78 77
f 79 77 80
f 81 79 80
f 82 81 80
f 82 80 83
f 84 82 83
f 85 84 83
f 85 83 86
f 85 86 87
f 85 87 88
f 89 85 88
f 89 90 85
f 91 89 88
f 91 88 92
f 93 91 92
f 94 93 92
f 95 94 92
f 96 95 92
f 97 96 92
f 98 97 92
f 99 98 92
f 100 99 92
f 100 92 101
f 102 100 101
f 103 102 101
f 104 103 101
f 105 104 101
f 105 101 106
f 107 105 106
f 108 107 106
f 109 108 106
f 110 109 106
f 110 106 111
f 112 110 111
f 113 112 111
f 114 113 111
f 115 114 111
f 116 115 111
f 116 111 117
f 118 116 117
f 119 118 117
f 120 119 117
f 120 117 121
f 122 120 121
f 123 122 121
f 124 123 121
f 124 121 125
f 126 124 125
f 127 126 125
f 128 127 125
f 129 128 125
f 129 125 130
f 131 129 130
f 132 131 130
f 133 132 130
f 134 133 130
f 135 134 130
f 135 130 136
f 137 135 136
f 138 137 136
f 139 138 136
f 140 139 136
f 141 140 136
f 142 141 136
f 143 142 136
f 144 143 136
f 144 136 145
f 146 144 145
f 146 145 147
f 148 146 147
f 148 147 149
f 150 148 149
f 150 149 151
f 152 150 151
f 152 151 153
f 154 152 153
f 154 153 155
f 156 154 155
f 156 155 157
f 158 156 157
f 158 157 159
f 160 158 159
f 160 159 161
f 162 160 161
f 162 161 163
f 164 162 163
f 164 163 165
f 166 164 165
f 166 165 167
f 168 166 167
f 168 167 169
f 170 168 169
f 170 169 171
f 172 170 171
f 172 171 173
f 174 172 173
f 174 173 175
f 176 174 175
f 176 175 177
f 178 176 177
f 178 177 179
f 180 178 179
f 180 179 181
f 182 180 181
f 182 181 183
f 184 182 183
f 184 183 185
f 186 184 185
f 186 185 187
f 188 186 187
f 188 187 189
f 190 188 189
f 190 189 191
f 192 190 191
f 192 191 193
f 194 192 193
f 194 193 195
f 194 195 196
f 197 194 196
f 197 196 198
f 199 197 198
f 199 198 200
f 201 199 200
f 201 200 202
f 203 201 202
f 203 202 204
f 205 203 204
f 205 204 206
f 207 205 206
f 207 206 208
f 209 207 208
f 209 208 210
f 211 209 210
f 211 210 212
f 213 211 212
f 213 212 214
f 215 213 214
f 215 214 216
f 217 215 216
f 217 216 218
f 219 217 218
f 219 218 220
f 221 219 220
f 221 220 222
f 223 221 222
f 223 222 224
f 225 223 224
f 225 224 226
f 227 225 226
f 227 226 228
f 229 227 228
f 229 228 230
f 231 229 230
f 231 230 232
f 233 231 232
f 233 232 234
f 235 233 234
f 235 234 236
f 237 235 236
f 237 236 238
f 239 237 238
f 239 238 240
f 241 239 240
f 241 240 242
f 243 241 242
f 243 242 244
f 245 243 244
f 245 244 246
f 247 245 246
f 247 246 248
f 249 247 248
f 249 248 250
f 251 249 250
f 251 250 252
f 253 251 252
f 254 253 252
f 255 254 252
f 256 255 252
f 257 256 252
f 258 257 252
f 259 258 252
f 260 259 252
f 260 252 261
f 262 260 261
f 263 262 261
f 264 263 261
f 265 264 261
f 266 265 261
f 266 261 267
f 268 266 267
f 269 268 267
f 270 269 267
f 271 270 267
f 271 267 272
f 273 271 272
f 274 273 272
f 275 274 272
f 276 275 272
f 276 272 277
f 278 276 277
f 279 278 277
f 279 277 280
f 281 279 280
f 282 281 280
f 283 282 280
f 284 283 280
f 285 284 280
f 285 280 286
f 287 285 286
f 288 287 286
f 289 288 286
f 290 289 286
f 290 286 291
f 292 290 291
f 293 292 291
f 294 293 291
f 295 294 291
f 295 291 296
f 297 295 296
f 298 297 296
f 299 298 296
f 300 299 296
f 301 300 296
f 302 301 296
f 303 302 296
f 304 303 296
f 304 296 305
f 304 305 306
f 307 304 306
f 307 306 308
f 308 306 309
f 310 307 308
f 311 310 308
f 312 311 308
f 313 312 308
f 314 313 308
f 315 314 308
f 316 315 308
f 317 316 308
f 318 317 308
f 319 318 308
f 320 319 308
f 320 308 321
f 308 322 321
f 323 320 321
f 324 323 321
f 325 324 321
f 326 325 321
f 327 326 321
f 328 327 321
f 329 328 321
f 330 329 321
f 331 330 321
f 332 331 321
f 333 332 321
f 334 333 321
f 334 321 335
f 336 334 335
f 337 336 335
f 338 337 335
f 339 338 335
f 339 335 340
f 341 339 340
f 342 341 340
f 342 340 343
f 344 342 343
f 345 344 343
f 345 343 346
f 347 345 346
f 347 346 348
f 347 348 349
f 350 347 349
f 350 349 351
f 350 351 352
f 350 352 353
f 354 350 353
f 354 353 355
f 354 355 356
f 354 356 357
f 354 357 358
f 359 354 358
f 359 358 360
f 361 359 360
f 361 360 362
f 85 362 360
f 363 361 362
f 364 363 362
f 365 364 362
f 366 365 362
f 367 366 362
f 368 367 362
f 369 368 362
f 370 369 362
f 370 362 371
f 371 362 372
f 371 372 373
f 371 373 374
f 371 374 375
f 371 375 376
f 371 376 377
f 371 377 378
f 371 378 379
f 371 379 380
f 371 380 381
f 382 371 381
f 382 381 383
f 382 383 384
f 382 384 385
f 382 385 386
f 382 386 387
f 382 387 388
f 389 388 387
f 390 382 388
f 391 390 388
f 392 391 388
f 393 392 388
f 393 388 394
f 395 393 394
f 396 395 394
f 397 396 394
f 397 394 398
f 399 397 398
f 400 399 398
f 400 398 401
f 400 401 402
f 400 402 403
f 404 400 403
f 404 403 405
f 404 405 406
f 407 404 406
f 407 406 408
f 407 408 409
f 407 409 410
f 411 407 410
f 411 410 412
f 411 412 413
f 414 411 413
f 414 413 85
f 85 413 415
f 416 414 85
f 417 416 85
f 418 417 85
f 419 418 85
f 420 419 85
f 421 420 85
f 422 421 85
f 423 422 85
f 424 423 85
f 425 424 85
f 426 425 85
f 427 426 85
f 428 427 85
f 429 428 85
f 430 429 85
f 431 430 85
f 432 431 85
f 433 432 85
f 434 433 85
f 435 434 85
f 436 435 85
f 437 436 85
f 438 437 85
f 439 438 85
f 440 439 85
f 441 440 85
f 442 441 85
f 443 442 85
f 444 443 85
f 445 444 85
f 446 445 85
f 447 446 85
f 448 447 85
f 90 448 85
f 85 415 449
f 85 449 450
f 85 450 451
f 85 451 452
f 85 452 387
f 452 453 387
f 85 387 454
f 85 454 455
f 85 455 456
f 85 456 457
f 85 457 362
f 453 389 387
f 85 360 458
f 85 458 459
f 85 459 460
f 85 460 461
f 85 461 322
f 308 85 322
f 462 308 309
f 463 462 309
f 463 309 464
f 465 463 464
f 465 464 466
f 467 465 466
f 468 467 466
f 468 466 469
f 470 468 469
f 470 469 471
f 472 470 471
f 473 472 471
f 473 471 474
f 475 473 474
f 476 475 474
f 476 474 477
f 478 476 477
f 479 478 477
f 480 479 477
f 480 477 481
f 482 480 481
f 483 482 481
f 484 483 481
f 484 481 485
f 486 484 485
f 487 486 485
f 488 487 485
f 488 485 489
f 490 488 489
f 491 490 489
f 492 491 489
f 492 489 493
f 489 494 493
f 492 493 495
f 496 492 495
f 497 496 495
f 497 495 498
f 498 495 499
f 500 498 499
f 501 500 499
f 502 501 499
f 502 499 503
f 504 502 503
f 505 504 503
f 506 505 503
f 506 503 507
f 508 506 507
f 509 508 507
f 510 509 507
f 510 507 511
f 512 510 511
f 513 512 511
f 513 511 514
f 515 513 514
f 516 515 514
f 516 514 517
f 518 516 517
f 518 517 519
f 520 518 519
f 521 520 519
f 521 519 522
f 523 521 522
f 523 522 524
f 525 523 524
f 525 524 526
f 525 526 527
f 528 525 527
f 528 529 525
f 528 527 530
f 531 528 530
f 532 531 530
f 533 532 530
f 534 533 530
f 535 534 530
f 536 535 530
f 537 536 530
f 538 537 530
f 539 538 530
f 539 530 540
f 541 539 540
f 542 541 540
f 543 542 540
f 544 543 540
f 544 540 545
f 546 544 545
f 547 546 545
f 548 547 545
f 549 548 545
f 549 545 550
f 551 549 550
f 552 551 550
f 553 552 550
f 554 553 550
f 555 554 550
f 555 550 556
f 557 555 556
f 558 557 556
f 559 558 556
f 560 559 556
f 560 556 561
f 562 560 561
f 563 562 561
f 564 563 561
f 564 561 565
f 566 564 565
f 567 566 565
f 568 567 565
f 568 565 569
f 570 568 569
f 571 570 569
f 572 571 569
f 573 572 569
f 574 573 569
f 574 569 575
f 576 574 575
f 577 576 575
f 578 577 575
f 579 578 575
f 580 579 575
f 581 580 575
f 582 581 575
f 582 575 583
f 583 575 584
f 585 583 584
f 585 584 586
f 587 585 586
f 587 586 588
f 589 587 588
f 589 588 590
f 591 589 590
f 591 590 592
f 593 591 592
f 593 592 594
f 595 593 594
f 595 594 596
f 597 595 596
f 597 596 598
f 599 597 598
f 599 598 600
f 601 599 600
f 601 600 602
f 603 601 602
f 603 602 604
f 605 603 604
f 605 604 606
f 607 605 606
f 607 606 608
f 609 607 608
f 609 608 610
f 611 609 610
f 611 610 612
f 613 611 612
f 613 612 614
f 615 613 614
f 615 614 616
f 617 615 616
f 617 616 618
f 619 617 618
f 619 618 620
f 621 619 620
f 621 620 622
f 623 621 622
f 623 622 624
f 625 623 624
f 625 624 626
f 627 625 626
f 627 626 628
f 629 627 628
f 629 628 630
f 631 629 630
f 631 630 632
f 633 631 632
f 633 632 634
f 633 634 635
f 636 633 635
f 636 635 637
f 638 636 637
f 638 637 639
f 640 638 639
f 640 639 641
f 642 640 641
f 642 641 643
f 644 642 643
f 644 643 645
f 646 644 645
f 646 645 647
f 648 646 647
f 648 647 649
f 650 648 649
f 650 649 651
f 652 650 651
f 652 651 653
f 654 652 653
f 654 653 655
f 656 654 655
f 656 655 657
f 658 656 657
f 658 657 659
f 660 658 659
f 660 659 661
f 662 660 661
f 662 661 663
f 664 662 663
f 664 663 665
f 666 664 665
f 666 665 667
f 668 666 667
f 668 667 669
f 670 668 669
f 670 669 671
f 672 670 671
f 672 671 673
f 674 672 673
f 674 673 675
f 676 674 675
f 676 675 677
f 678 676 677
f 678 677 679
f 680 678 679
f 680 679 681
f 682 680 681
f 682 681 683
f 684 682 683
f 684 683 685
f 686 684 685
f 686 685 687
f 688 686 687
f 688 687 689
f 690 688 689
f 690 689 691
f 692 690 691
f 693 692 691
f 694 693 691
f 695 694 691
f 696 695 691
f 697 696 691
f 698 697 691
f 699 698 691
f 700 699 691
f 700 691 701
f 702 700 701
f 703 702 701
f 704 703 701
f 705 704 701
f 706 705 701
f 707 706 701
f 707 701 708
f 709 707 708
f 710 709 708
f 711 710 708
f 712 711 708
f 712 708 713
f 714 712 713
f 715 714 713
f 716 715 713
f 717 716 713
f 717 713 718
f 719 717 718
f 720 719 718
f 721 720 718
f 721 718 722
f 723 721 722
f 724 723 722
f 725 724 722
f 726 725 722
f 726 722 727
f 728 726 727
f 729 728 727
f 730 729 727
f 731 730 727
f 731 727 732
f 733 731 732
f 734 733 732
f 735 734 732
f 736 735 732
f 737 736 732
f 737 732 738
f 739 737 738
f 740 739 738
f 741 740 738
f 742 741 738
f 743 742 738
f 744 743 738
f 745 744 738
f 745 738 746
f 747 745 746
f 747 746 748
f 747 748 749
f 749 748 750
f 751 747 749
f 752 751 749
f 753 752 749
f 754 753 749
f 755 754 749
f 756 755 749
f 757 756 749
f 758 757 749
f 759 758 749
f 760 759 749
f 761 760 749
f 762 761 749
f 762 749 763
f 749 764 763
f 765 762 763
f 766 765 763
f 767 766 763
f 768 767 763
f 769 768 763
f 770 769 763
f 771 770 763
f 772 771 763
f 773 772 763
f 774 773 763
f 775 774 763
f 776 775 763
f 776 763 777
f 778 776 777
f 779 778 777
f 780 779 777
f 781 780 777
f 781 777 782
f 783 781 782
f 784 783 782
f 785 784 782
f 785 782 786
f 787 785 786
f 787 786 788
f 789 787 788
f 790 789 788
f 790 788 791
f 790 791 792
f 790 792 793
f 790 793 794
f 795 790 794
f 795 794 796
f 795 796 797
f 795 797 798
f 799 795 798
f 799 798 800
f 799 800 801
f 799 801 802
f 803 799 802
f 803 802 804
f 525 804 802
f 805 803 804
f 806 805 804
f 807 806 804
f 808 807 804
f 809 808 804
f 810 809 804
f 811 810 804
f 812 811 804
f 812 804 813
f 812 813 814
f 812 814 815
f 812 815 816
f 812 816 817
f 812 817 818
f 812 818 819
f 812 819 820
f 812 820 821
f 812 821 822
f 823 812 822
f 823 822 824
f 823 824 825
f 823 825 826
f 823 826 827
f 823 827 828
f 823 828 829
f 830 829 828
f 823 829 831
f 832 823 831
f 833 832 831
f 834 833 831
f 835 834 831
f 836 835 831
f 837 836 831
f 837 831 838
f 839 837 838
f 840 839 838
f 840 838 841
f 842 840 841
f 843 842 841
f 843 841 844
f 843 844 845
f 843 845 846
f 847 843 846
f 847 846 848
f 847 848 849
f 847 849 850
f 851 847 850
f 851 850 852
f 851 852 853
f 851 853 854
f 851 854 855
f 856 851 855
f 856 855 525
f 525 855 857
f 858 856 525
f 859 858 525
f 860 859 525
f 861 860 525
f 862 861 525
f 863 862 525
f 864 863 525
f 865 864 525
f 866 865 525
f 867 866 525
f 868 867 525
f 869 868 525
f 870 869 525
f 871 870 525
f 872 871 525
f 873 872 525
f 874 873 525
f 875 874 525
f 876 875 525
f 877 876 525
f 878 877 525
f 879 878 525
f 880 879 525
f 881 880 525
f 882 881 525
f 883 882 525
f 884 883 525
f 885 884 525
f 886 885 525
f 887 886 525
f 888 887 525
f 889 888 525
f 529 889 525
f 525 857 890
f 525 890 891
f 525 891 892
f 525 892 893
f 525 893 828
f 893 830 828
f 525 828 894
f 525 894 895
f 525 895 896
f 525 896 897
f 525 897 804
f 525 802 898
f 525 898 899
f 525 899 900
f 525 900 901
f 525 901 764
f 749 525 764
f 902 749 750
f 903 902 750
f 903 750 904
f 905 903 904
f 906 905 904
f 906 904 907
f 908 906 907
f 909 908 907
f 910 909 907
f 910 907 911
f 912 910 911
f 913 912 911
f 913 911 914
f 915 913 914
f 916 915 914
f 916 914 917
f 918 916 917
f 919 918 917
f 920 919 917
f 920 917 921
f 922 920 921
f 923 922 921
f 924 923 921
f 924 921 925
f 926 924 925
f 927 926 925
f 928 927 925
f 928 925 929
f 930 928 929
f 931 930 929
f 932 931 929
f 932 929 51
f 933 932 51
f 53 933 51
f 494 934 493
f 494 935 934
f 935 936 934
f 935 937 936
f 937 938 936
f 937 939 938
f 939 940 938
f 939 941 940
f 941 942 940
f 941 943 942
f 943 944 942
f 943 945 944
f 945 946 944
f 945 947 946
f 947 948 946
f 947 949 948
f 949 950 948
f 949 951 950
f 951 952 950
f 951 953 952
f 953 954 952
f 953 955 954
f 955 956 954
f 955 957 956
f 957 958 956
f 957 959 958
f 959 960 958
f 959 961 960
f 961 962 960
f 961 963 962
f 963 964 962
f 963 965 964
f 965 966 964
f 965 967 966
f 967 968 966
f 967 969 968
f 969 970 968
f 969 971 970
f 971 972 970
f 971 973 972
f 973 974 972
f 973 975 974
f 975 976 974
f 975 977 976
f 977 978 976
f 977 979 978
f 979 980 978
f 979 981 980
f 982 983 984
f 985 983 982
f 986 982 984
f 986 984 987
f 986 987 988
f 988 987 989
f 988 989 990
f 990 989 991
f 990 991 992
f 992 991 993
f 992 993 994
f 994 993 995
f 994 995 996
f 996 995 997
f 996 997 998
f 998 997 999
f 998 999 1000
f 1000 999 1001
f 1000 1001 1002
f 1002 1001 1003
f 1002 1003 1004
f 1004 1003 1005
f 1004 1005 1006
f 1006 1005 1007
f 1006 1007 1008
f 1008 1007 1009
f 1008 1009 1010
f 1010 1009 1011
f 1010 1011 1012
f 1012 1011 1013
f 1012 1013 1014
f 1014 1013 1015
f 1014 1015 1016
f 1016 1015 1017
f 1016 1017 1018
f 1018 1017 1019
f 1018 1019 1020
f 1020 1019 1021
f 1020 1021 1022
f 1022 1021 1023
f 1022 1023 1024
f 1024 1023 1025
f 1024 1025 1026
f 1026 1025 1027
f 1026 1027 1028
f 1028 1027 1029
f 1028 1029 1030
f 1030 1029 1031
f 1030 1031 1032
f 1032 1031 1033
f 1032 1033 1034
f 1034 1033 1035
f 1034 1035 1036
f 1036 1035 1037
f 1036 1037 1038
f 1038 1037 1039
f 1038 1039 1040
f 1040 1039 1041
f 1040 1041 1042
f 1042 1041 1043
f 1042 1043 1044
f 1044 1043 1045
f 1044 1045 1046
f 1046 1045 1047
f 1046 1047 1048
f 1048 1047 1049
f 1048 1049 1050
f 1050 1049 1051
f 1050 1051 1052
f 1052 1051 1053
f 1052 1053 1054
f 1054 1053 1055
f 1054 1055 1056
f 1056 1055 1057
f 1056 1057 1058
f 1058 1057 1059
f 1058 1059 1060
f 1060 1059 1061
f 1060 1061 1062
f 1062 1061 1063
f 1062 1063 1064
f 1064 1063 1065
f 1064 1065 1066
f 1066 1065 1067
f 1066 1067 1068
f 1068 1067 1069
f 1068 1069 1070
f 1070 1069 1071
f 1070 1071 1072
f 1072 1071 1073
f 1072 1073 1074
f 1074 1073 1075
f 1074 1075 1076
f 1076 1075 1077
f 1076 1077 1078
f 1078 1077 1079
f 1078 1079 1080
f 1080 1079 1081
f 1080 1081 1082
f 1082 1081 1083
f 1082 1083 1084
f 1084 1083 1085
f 1084 1085 1086
f 1086 1085 1087
f 1086 1087 1088
f 1088 1087 1089
f 1088 1089 1090
f 1090 1089 1091
f 1090 1091 1092
f 1092 1091 1093
f 1092 1093 1094
f 1094 1093 1095
f 1094 1095 1096
f 1096 1095 1097
f 1096 1097 1098
f 1098 1097 1099
f 1098 1099 1100
f 1100 1099 1101
f 1100 1101 1102
f 1102 1101 1103
f 1102 1103 1104
f 1104 1103 1105
f 1104 1105 1106
f 1106 1105 1107
f 1106 1107 1108
f 1108 1107 1109
f 1108 1109 1110
f 1110 1109 1111
f 1110 1111 1112
f 1112 1111 1113
f 1112 1113 1114
f 1114 1113 1115
f 1114 1115 1116
f 1116 1115 1117
f 1116 1117 1118
f 1118 1117 1119
f 1118 1119 1120
f 1120 1119 1121
f 1120 1121 1122
f 1122 1121 1123
f 1122 1123 1124
f 1124 1123 1125
f 1124 1125 1126
f 1126 1125 1127
f 1126 1127 1128
f 1128 1127 1129
f 1128 1129 1130
f 1130 1129 1131
f 1130 1131 1132
f 1132 1131 1133
f 1132 1133 1134
f 1134 1133 1135
f 1134 1135 1136
f 1136 1135 1137
f 1136 1137 1138
f 1138 1137 1139
f 1138 1139 1140
f 1140 1139 1141
f 1140 1141 1142
f 1142 1141 1143
f 1142 1143 1144
f 1144 1143 1145
f 1144 1145 1146
f 1146 1145 1147
f 1146 1147 1148
f 1148 1147 1149
f 1148 1149 1150
f 1150 1149 1151
f 1150 1151 1152
f 1152 1151 1153
f 1152 1153 1154
f 1154 1153 1155
f 1154 1155 1156
f 1156 1155 1157
f 1156 1157 1158
f 1158 1157 1159
f 1158 1159 1160
f 1160 1159 1161
f 1160 1161 1162
f 1162 1161 1163
f 1162 1163 1164
f 1164 1163 1165
f 1164 1165 1166
f 1166 1165 1167
f 1166 1167 1168
f 1168 1167 1169
f 1168 1169 1170
f 1170 1169 1171
f 1170 1171 1172
f 1172 1171 1173
f 1172 1173 1174
f 1174 1173 1175
f 1174 1175 1176
f 1176 1175 1177
f 1176 1177 1178
f 1178 1177 1179
f 1178 1179 1180
f 1180 1179 1181
f 1180 1181 1182
f 1182 1181 1183
f 1182 1183 1184
f 1184 1183 1185
f 1184 1185 1186
f 1186 1185 1187
f 1186 1187 1188
f 1188 1187 1189
f 1188 1189 1190
f 1190 1189 1191
f 1190 1191 1192
f 1192 1191 1193
f 1192 1193 1194
f 1194 1193 1195
f 1194 1195 1196
f 1196 1195 1197
f 1196 1197 1198
f 1198 1197 1199
f 1198 1199 1200
f 1200 1199 1201
f 1200 1201 1202
f 1202 1201 1203
f 1202 1203 1204
f 1204 1203 1205
f 1204 1205 1206
f 1206 1205 1207
f 1206 1207 1208
f 1208 1207 1209
f 1208 1209 1210
f 1210 1209 1211
f 1210 1211 1212
f 1212 1211 1213
f 1212 1213 1214
f 1214 1213 1215
f 1214 1215 1216
f 1216 1215 1217
f 1216 1217 1218
f 1218 1217 1219
f 1218 1219 1220
f 1220 1219 1221
f 1220 1221 1222
f 1222 1221 1223
f 1222 1223 1224
f 1224 1223 1225
f 1224 1225 1226
f 1226 1225 1227
f 1226 1227 1228
f 1228 1227 1229
f 1228 1229 1230
f 1230 1229 1231
f 1230 1231 1232
f 1232 1231 1233
f 1232 1233 1234
f 1234 1233 1235
f 1234 1235 1236
f 1236 1235 1237
f 1236 1237 1238
f 1238 1237 1239
f 1238 1239 1240
f 1240 1239 1241
f 1240 1241 1242
f 1242 1241 1243
f 1242 1243 1244
f 1244 1243 1245
f 1244 1245 1246
f 1246 1245 1247
f 1246 1247 1248
f 1248 1247 1249
f 1248 1249 1250
f 1250 1249 1251
f 1250 1251 1252
f 1252 1251 1253
f 1252 1253 1254
f 1254 1253 1255
f 1254 1255 1256
f 1256 1255 1257
f 1256 1257 1258
f 1258 1257 1259
f 1258 1259 1260
f 1260 1259 1261
f 1260 1261 1262
f 1262 1261 1263
f 1262 1263 1264
f 1264 1263 1265
f 1264 1265 1266
f 1266 1265 1267
f 1266 1267 1268
f 1268 1267 1269
f 1268 1269 1270
f 1270 1269 1271
f 1270 1271 1272
f 1272 1271 1273
f 1272 1273 1274
f 1274 1273 1275
f 1274 1275 1276
f 1276 1275 1277
f 1276 1277 1278
f 1278 1277 1279
f 1278 1279 1280
f 1280 1279 1281
f 1280 1281 1282
f 1282 1281 1283
f 1282 1283 1284
f 1284 1283 1285
f 1284 1285 1286
f 1286 1285 1287
f 1286 1287 1288
f 1288 1287 1289
f 1288 1289 1290
f 1290 1289 1291
f 1290 1291 1292
f 1292 1291 1293
f 1292 1293 1294
f 1294 1293 1295
f 1294 1295 1296
f 1296 1295 1297
f 1296 1297 1298
f 1298 1297 1299
f 1298 1299 1300
f 1300 1299 1301
f 1300 1301 1302
f 1302 1301 1303
f 1302 1303 1304
f 1304 1303 1305
f 1304 1305 1306
f 1306 1305 1307
f 1306 1307 1308
f 1308 1307 1309
f 1308 1309 1310
f 1310 1309 1311
f 1310 1311 1312
f 1312 1311 1313
f 1312 1313 1314
f 1314 1313 1315
f 1314 1315 1316
f 1316 1315 1317
f 1316 1317 1318
f 1318 1317 1319
f 1318 1319 1320
f 1320 1319 1321
f 1320 1321 1322
f 1322 1321 1323
f 1322 1323 1324
f 1324 1323 1325
f 1324 1325 1326
f 1326 1325 1327
f 1326 1327 1328
f 1328 1327 1329
f 1328 1329 1330
f 1330 1329 1331
f 1330 1331 1332
f 1332 1331 1333
f 1332 1333 1334
f 1334 1333 1335
f 1334 1335 1336
f 1336 1335 1337
f 1336 1337 1338
f 1338 1337 1339
f 1338 1339 1340
f 1340 1339 1341
f 1340 1341 1342
f 1342 1341 1343
f 1342 1343 1344
f 1344 1343 1345
f 1344 1345 1346
f 1346 1345 1347
f 1346 1347 1348
f 1348 1347 1349
f 1348 1349 1350
f 1350 1349 1351
f 1350 1351 1352
f 1352 1351 1353
f 1352 1353 1354
f 1354 1353 1355
f 1354 1355 1356
f 1356 1355 1357
f 1356 1357 1358
f 1358 1357 1359
f 1358 1359 1360
f 1360 1359 1361
f 1360 1361 1362
f 1362 1361 1363
f 1362 1363 1364
f 1364 1363 1365
f 1364 1365 1366
f 1366 1365 1367
f 1366 1367 1368
f 1368 1367 1369
f 1368 1369 1370
f 1370 1369 1371
f 1370 1371 1372
f 1372 1371 1373
f 1372 1373 1374
f 1374 1373 1375
f 1374 1375 1376
f 1376 1375 1377
f 1376 1377 1378
f 1378 1377 1379
f 1378 1379 1380
f 1380 1379 1381
f 1380 1381 1382
f 1382 1381 1383
f 1382 1383 1384
f 1384 1383 1385
f 1384 1385 1386
f 1386 1385 1387
f 1386 1387 1388
f 1388 1387 1389
f 1388 1389 1390
f 1390 1389 1391
f 1390 1391 1392
f 1392 1391 1393
f 1392 1393 1394
f 1394 1393 1395
f 1394 1395 1396
f 1396 1395 1397
f 1396 1397 1398
f 1398 1397 1399
f 1398 1399 1400
f 1400 1399 1401
f 1400 1401 1402
f 1402 1401 1403
f 1402 1403 1404
f 1404 1403 1405
f 1404 1405 1406
f 1406 1405 1407
f 1406 1407 1408
f 1408 1407 1409
f 1408 1409 1410
f 1410 1409 1411
f 1410 1411 1412
f 1412 1411 1413
f 1412 1413 1414
f 1414 1413 1415
f 1414 1415 1416
f 1416 1415 1417
f 1416 1417 1418
f 1418 1417 1419
f 1418 1419 1420
f 1420 1419 1421
f 1420 1421 1422
f 1422 1421 1423
f 1422 1423 1424
f 1424 1423 1425
f 1424 1425 1426
f 1426 1425 1427
f 1426 1427 1428
f 1428 1427 1429
f 1428 1429 1430
f 1430 1429 1431
f 1430 1431 1432
f 1432 1431 1433
f 1432 1433 1434
f 1434 1433 1435
f 1434 1435 1436
f 1436 1435 1437
f 1436 1437 1438
f 1438 1437 1439
f 1438 1439 1440
f 1440 1439 1441
f 1440 1441 1442
f 1442 1441 1443
f 1442 1443 1444
f 1444 1443 1445
f 1444 1445 1446
f 1446 1445 1447
f 1446 1447 1448
f 1448 1447 1449
f 1448 1449 1450
f 1450 1449 1451
f 1450 1451 1452
f 1452 1451 1453
f 1452 1453 1454
f 1454 1453 1455
f 1454 1455 1456
f 1456 1455 1457
f 1456 1457 1458
f 1458 1457 1459
f 1458 1459 1460
f 1460 1459 1461
f 1460 1461 1462
f 1462 1461 1463
f 1462 1463 1464
f 1464 1463 1465
f 1464 1465 1466
f 1466 1465 1467
f 1466 1467 1468
f 1468 1467 1469
f 1468 1469 1470
f 1470 1469 1471
f 1470 1471 1472
f 1472 1471 1473
f 1472 1473 1474
f 1474 1473 1475
f 1474 1475 1476
f 1476 1475 1477
f 1476 1477 1478
f 1478 1477 1479
f 1478 1479 1480
f 1480 1479 1481
f 1480 1481 1482
f 1482 1481 1483
f 1482 1483 1484
f 1484 1483 1485
f 1484 1485 1486
f 1486 1485 1487
f 1486 1487 1488
f 1488 1487 1489
f 1488 1489 1490
f 1490 1489 1491
f 1490 1491 1492
f 1492 1491 1493
f 1492 1493 1494
f 1494 1493 1495
f 1494 1495 1496
f 1496 1495 1497
f 1496 1497 1498
f 1498 1497 1499
f 1498 1499 1500
f 1500 1499 1501
f 1500 1501 1502
f 1502 1501 1503
f 1502 1503 1504
f 1504 1503 1505
f 1504 1505 1506
f 1506 1505 1507
f 1506 1507 1508
f 1508 1507 1509
f 1508 1509 1510
f 1510 1509 1511
f 1510 1511 1512
f 1512 1511 1513
f 1512 1513 1514
f 1514 1513 1515
f 1514 1515 1516
f 1516 1515 1517
f 1516 1517 1518
f 1518 1517 1519
f 1518 1519 1520
f 1520 1519 1521
f 1520 1521 1522
f 1522 1521 1523
f 1522 1523 1524
f 1524 1523 1525
f 1524 1525 1526
f 1526 1525 1527
f 1526 1527 1528
f 1528 1527 1529
f 1528 1529 1530
f 1530 1529 1531
f 1530 1531 1532
f 1532 1531 1533
f 1532 1533 1534
f 1534 1533 1535
f 1534 1535 1536
f 1536 1535 1537
f 1536 1537 1538
f 1538 1537 1539
f 1538 1539 1540
f 1540 1539 1541
f 1540 1541 1542
f 1542 1541 1543
f 1542 1543 1544
f 1544 1543 1545
f 1544 1545 1546
f 1546 1545 1547
f 1546 1547 1548
f 1548 1547 1549
f 1548 1549 1550
f 1550 1549 1551
f 1550 1551 1552
f 1552 1551 1553
f 1552 1553 1554
f 1554 1553 1555
f 1554 1555 1556
f 1556 1555 1557
f 1556 1557 1558
f 1558 1557 1559
f 1558 1559 1560
f 1560 1559 1561
f 1560 1561 1562
f 1562 1561 1563
f 1562 1563 1564
f 1564 1563 1565
f 1564 1565 985
f 985 1565 983
f 1566 1567 1568
f 1569 1567 1566
f 1570 1566 1568
f 1570 1568 1571
f 1570 1571 1572
f 1573 1570 1572
f 1573 1572 1574
f 1573 1574 1575
f 1576 1573 1575
f 1576 1575 1577
f 1578 1576 1577
f 1578 1577 1579
f 1578 1579 1580
f 1581 1578 1580
f 1581 1580 1582
f 1581 1582 1583
f 1581 1583 1584
f 1584 1583 1585
f 1586 1584 1585
f 1586 1585 1587
f 1586 1587 1588
f 1589 1586 1588
f 1589 1588 1590
f 1589 1590 1591
f 1592 1589 1591
f 1592 1591 1593
f 1594 1592 1593
f 1594 1593 1595
f 1594 1595 1596
f 1569 1594 1596
f 1569 1596 1597
f 1569 1597 1567
f 1598 1599 1600
f 1601 1599 1598
f 1602 1598 1600
f 1602 1600 1603
f 1602 1603 1604
f 1605 1602 1604
f 1605 1604 1606
f 1605 1606 1607
f 1608 1605 1607
f 1608 1607 1609
f 1610 1608 1609
f 1610 1609 1611
f 1610 1611 1612
f 1613 1610 1612
f 1613 1612 1614
f 1613 1614 1615
f 1613 1615 1616
f 1616 1615 1617
f 1618 1616 1617
f 1618 1617 1619
f 1618 1619 1620
f 1621 1618 1620
f 1621 1620 1622
f 1621 1622 1623
f 1624 1621 1623
f 1624 1623 1625
f 1626 1624 1625
f 1626 1625 1627
f 1626 1627 1628
f 1601 1626 1628
f 1601 1628 1629
f 1601 1629 1599
f 1630 1631 1632
f 1633 1631 1630
f 1634 1630 1632
f 1634 1632 1635
f 1634 1635 1636
f 1637 1634 1636
f 1637 1636 1638
f 1637 1638 1639
f 1640 1637 1639
f 1640 1639 1641
f 1642 1640 1641
f 1642 1641 1643
f 1642 1643 1644
f 1645 1642 1644
f 1645 1644 1646
f 1645 1646 1647
f 1645 1647 1648
f 1648 1647 1649
f 1650 1648 1649
f 1650 1649 1651
f 1650 1651 1652
f 1653 1650 1652
f 1653 1652 1654
f 1653 1654 1655
f 1656 1653 1655
f 1656 1655 1657
f 1658 1656 1657
f 1658 1657 1659
f 1658 1659 1660
f 1633 1658 1660
f 1633 1660 1661
f 1633 1661 1631
f 1662 1663 1664
f 1665 1663 1662
f 1666 1662 1664
f 1666 1664 1667
f 1666 1667 1668
f 1669 1666 1668
f 1669 1668 1670
f 1669 1670 1671
f 1672 1669 1671
f 1672 1671 1673
f 1674 1672 1673
f 1674 1673 1675
f 1674 1675 1676
f 1677 1674 1676
f 1677 1676 1678
f 1677 1678 1679
f 1677 1679 1680
f 1680 1679 1681
f 1682 1680 1681
f 1682 1681 1683
f 1682 1683 1684
f 1685 1682 1684
f 1685 1684 1686
f 1685 1686 1687
f 1688 1685 1687
f 1688 1687 1689
f 1690 1688 1689
f 1690 1689 1691
f 1690 1691 1692
f 1665 1690 1692
f 1665 1692 1693
f 1665 1693 1663
f 1694 1695 1696
f 1697 1695 1694
f 1698 1694 1696
f 1698 1696 1699
f 1698 1699 1700
f 1701 1698 1700
f 1701 1700 1702
f 1701 1702 1703
f 1704 1701 1703
f 1704 1703 1705
f 1706 1704 1705
f 1706 1705 1707
f 1706 1707 1708
f 1709 1706 1708
f 1709 1708 1710
f 1709 1710 1711
f 1709 1711 1712
f 1712 1711 1713
f 1714 1712 1713
f 1714 1713 1715
f 1714 1715 1716
f 1717 1714 1716
f 1717 1716 1718
f 1717 1718 1719
f 1720 1717 1719
f 1720 1719 1721
f 1722 1720 1721
f 1722 1721 1723
f 1722 1723 1724
f 1697 1722 1724
f 1697 1724 1725
f 1697 1725 1695
f 1726 1727 1728
f 1729 1727 1726
f 1730 1726 1728
f 1730 1728 1731
f 1730 1731 1732
f 1733 1730 1732
f 1733 1732 1734
f 1733 1734 1735
f 1736 1733 1735
f 1736 1735 1737
f 1738 1736 1737
f 1738 1737 1739
f 1738 1739 1740
f 1741 1738 1740
f 1741 1740 1742
f 1741 1742 1743
f 1741 1743 1744
f 1744 1743 1745
f 1746 1744 1745
f 1746 1745 1747
f 1746 1747 1748
f 1749 1746 1748
f 1749 1748 1750
f 1749 1750 1751
f 1752 1749 1751
f 1752 1751 1753
f 1754 1752 1753
f 1754 1753 1755
f 1754 1755 1756
f 1729 1754 1756
f 1729 1756 1757
f 1729 1757 1727
f 1758 1759 1760
f 1761 1759 1758
f 1758 1760 1762
f 1762 1760 1763
f 1762 1763 1764
f 1764 1763 1765
f 1764 1765 1766
f 1766 1765 1767
f 1766 1767 1768
f 1768 1767 1769
f 1768 1769 1770
f 1770 1769 1771
f 1770 1771 1772
f 1772 1771 1773
f 1772 1773 1774
f 1774 1773 1775
f 1774 1775 1776
f 1776 1775 1777
f 1776 1777 1778
f 1778 1777 1779
f 1778 1779 1780
f 1780 1779 1781
f 1780 1781 1782
f 1782 1781 1783
f 1782 1783 1784
f 1784 1783 1785
f 1784 1785 1786
f 1786 1785 1787
f 1786 1787 1788
f 1788 1787 1789
f 1788 1789 1790
f 1790 1789 1791
f 1790 1791 1792
f 1792 1791 1793
f 1792 1793 1794
f 1794 1793 1795
f 1794 1795 1796
f 1796 1795 1797
f 1798 1796 1797
f 1798 1797 1799
f 1798 1799 1800
f 1800 1799 1801
f 1801 1799 1802
f 1801 1802 1803
f 1803 1802 1804
f 1803 1804 1805
f 1805 1804 1806
f 1805 1806 1807
f 1807 1806 1808
f 1807 1808 1809
f 1809 1808 1810
f 1809 1810 1811
f 1811 1810 1812
f 1811 1812 1813
f 1813 1812 1814
f 1813 1814 1815
f 1815 1814 1816
f 1815 1816 1817
f 1817 1816 1818
f 1817 1818 1819
f 1819 1818 1820
f 1819 1820 1821
f 1821 1820 1822
f 1821 1822 1823
f 1821 1823 1824
f 1824 1823 1825
f 1824 1825 1826
f 1826 1825 1827
f 1826 1827 1828
f 1828 1827 1829
f 1828 1829 1830
f 1830 1829 1831
f 1830 1831 1832
f 1832 1831 1833
f 1832 1833 1834
f 1834 1833 1835
f 1834 1835 1836
f 1836 1835 1837
f 1836 1837 1838
f 1838 1837 1839
f 1838 1839 1840
f 1840 1839 1841
f 1840 1841 1842
f 1842 1841 1843
f 1842 1843 1844
f 1844 1843 1845
f 1844 1845 1846
f 1846 1845 1847
f 1846 1847 1848
f 1848 1847 1849
f 1848 1849 1850
f 1850 1849 1851
f 1850 1851 1852
f 1852 1851 1853
f 1852 1853 1854
f 1854 1853 1855
f 1854 1855 1856
f 1856 1855 1857
f 1856 1857 1858
f 1858 1857 1859
f 1858 1859 1860
f 1860 1859 1861
f 1860 1861 1862
f 1862 1861 1863
f 1862 1863 1864
f 1864 1863 1865
f 1865 1863 1866
f 1865 1866 1867
f 1867 1866 1868
f 1867 1868 1869
f 1869 1868 1870
f 1869 1870 1871
f 1871 1870 1872
f 1871 1872 1873
f 1873 1872 1874
f 1873 1874 1875
f 1875 1874 1876
f 1875 1876 1877
f 1877 1876 1878
f 1877 1878 1879
f 1877 1879 1880
f 1880 1879 1881
f 1880 1881 1882
f 1880 1882 1883
f 1883 1882 1884
f 1883 1884 1885
f 1885 1884 1886
f 1885 1886 1887
f 1885 1887 1888
f 1888 1887 1889
f 1888 1889 1890
f 1890 1889 1891
f 1890 1891 1892
f 1892 1891 1893
f 1892 1893 1894
f 1894 1893 1895
f 1894 1895 1896
f 1896 1895 1897
f 1896 1897 1898
f 1898 1897 1899
f 1898 1899 1900
f 1900 1899 1901
f 1900 1901 1902
f 1902 1901 1903
f 1902 1903 1904
f 1904 1903 1905
f 1904 1905 1906
f 1906 1905 1907
f 1906 1907 1908
f 1908 1907 1909
f 1908 1909 1910
f 1910 1909 1911
f 1910 1911 1912
f 1912 1911 1913
f 1912 1913 1914
f 1914 1913 1915
f 1914 1915 1916
f 1916 1915 1917
f 1916 1917 1918
f 1918 1917 1919
f 1918 1919 1920
f 1920 1919 1921
f 1920 1921 1922
f 1922 1921 1923
f 1922 1923 1924
f 1924 1923 1925
f 1924 1925 1926
f 1926 1925 1927
f 1926 1927 1928
f 1928 1927 1929
f 1928 1929 1930
f 1930 1929 1931
f 1930 1931 1932
f 1932 1931 1933
f 1932 1933 1934
f 1934 1933 1935
f 1934 1935 1936
f 1936 1935 1937
f 1936 1937 1938
f 1938 1937 1939
f 1938 1939 1940
f 1940 1939 1941
f 1940 1941 1942
f 1942 1941 1943
f 1942 1943 1761
f 1761 1943 1759
f 1944 1945 1946
f 1947 1945 1944
f 1944 1946 1948
f 1948 1946 1949
f 1948 1949 1950
f 1950 1949 1951
f 1950 1951 1952
f 1952 1951 1953
f 1952 1953 1954
f 1954 1953 1955
f 1954 1955 1956
f 1956 1955 1957
f 1956 1957 1958
f 1958 1957 1959
f 1958 1959 1960
f 1960 1959 1961
f 1960 1961 1962
f 1962 1961 1963
f 1962 1963 1964
f 1964 1963 1965
f 1964 1965 1966
f 1966 1965 1967
f 1966 1967 1968
f 1968 1967 1969
f 1968 1969 1970
f 1970 1969 1971
f 1970 1971 1972
f 1972 1971 1973
f 1972 1973 1974
f 1974 1973 1975
f 1974 1975 1976
f 1976 1975 1977
f 1976 1977 1978
f 1978 1977 1979
f 1978 1979 1980
f 1980 1979 1981
f 1980 1981 1982
f 1982 1981 1983
f 1982 1983 1984
f 1984 1983 1985
f 1984 1985 1986
f 1986 1985 1987
f 1986 1987 1988
f 1986 1988 1989
f 1989 1988 1990
f 1989 1990 1991
f 1991 1990 1992
f 1991 1992 1993
f 1993 1992 1994
f 1993 1994 1995
f 1995 1994 1996
f 1996 1994 1997
f 1996 1997 1998
f 1998 1997 1999
f 1998 1999 2000
f 2000 1999 2001
f 2000 2001 2002
f 2002 2001 2003
f 2002 2003 2004
f 2002 2004 2005
f 2005 2004 2006
f 2005 2006 2007
f 2007 2006 2008
f 2007 2008 2009
f 2009 2008 2010
f 2009 2010 2011
f 2011 2010 2012
f 2011 2012 2013
f 2013 2012 2014
f 2013 2014 2015
f 2015 2014 2016
f 2015 2016 2017
f 2017 2016 2018
f 2017 2018 2019
f 2019 2018 2020
f 2019 2020 2021
f 2021 2020 2022
f 2021 2022 2023
f 2023 2022 2024
f 2023 2024 2025
f 2025 2024 2026
f 2025 2026 2027
f 2027 2026 2028
f 2027 2028 2029
f 2029 2028 2030
f 2029 2030 2031
f 2031 2030 2032
f 2031 2032 2033
f 2033 2032 2034
f 2033 2034 2035
f 2035 2034 2036
f 2035 2036 2037
f 2037 2036 2038
f 2037 2038 2039
f 2039 2038 2040
f 2039 2040 2041
f 2041 2040 2042
f 2041 2042 2043
f 2043 2042 2044
f 2043 2044 2045
f 2045 2044 2046
f 2045 2046 2047
f 2047 2046 2048
f 2047 2048 2049
f 2049 2048 2050
f 2049 2050 2051
f 2051 2050 2052
f 2051 2052 2053
f 2053 2052 2054
f 2053 2054 2055
f 2055 2054 2056
f 2055 2056 2057
f 2057 2056 2058
f 2057 2058 2059
f 2059 2058 2060
f 2059 2060 2061
f 2061 2060 2062
f 2061 2062 2063
f 2063 2062 2064
f 2063 2064 2065
f 2065 2064 2066
f 2065 2066 2067
f 2067 2066 2068
f 2067 2068 2069
f 2069 2068 2070
f 2069 2070 2071
f 2071 2070 2072
f 2071 2072 2073
f 2073 2072 2074
f 2073 2074 2075
f 2075 2074 2076
f 2075 2076 2077
f 2077 2076 2078
f 2077 2078 2079
f 2079 2078 2080
f 2080 2078 2081
f 2080 2081 2082
f 2082 2081 2083
f 2082 2083 2084
f 2084 2083 2085
f 2084 2085 2086
f 2086 2085 2087
f 2086 2087 2088
f 2086 2088 2089
f 2089 2088 2090
f 2089 2090 2091
f 2091 2090 2092
f 2091 2092 2093
f 2093 2092 2094
f 2093 2094 2095
f 2095 2094 2096
f 2096 2094 2097
f 2096 2097 2098
f 2098 2097 2099
f 2098 2099 2100
f 2100 2099 2101
f 2100 2101 2102
f 2102 2101 2103
f 2102 2103 2104
f 2104 2103 2105
f 2104 2105 2106
f 2106 2105 2107
f 2106 2107 2108
f 2108 2107 2109
f 2108 2109 2110
f 2110 2109 2111
f 2110 2111 2112
f 2112 2111 2113
f 2112 2113 2114
f 2114 2113 2115
f 2114 2115 2116
f 2116 2115 2117
f 2116 2117 2118
f 2118 2117 2119
f 2118 2119 2120
f 2120 2119 2121
f 2120 2121 2122
f 2122 2121 2123
f 2122 2123 2124
f 2124 2123 2125
f 2124 2125 2126
f 2126 2125 2127
f 2126 2127 2128
f 2128 2127 2129
f 2128 2129 2130
f 2130 2129 2131
f 2130 2131 2132
f 2132 2131 2133
f 2132 2133 2134
f 2134 2133 2135
f 2136 2134 2135
f 2136 2135 2137
f 2136 2137 2138
f 2138 2137 2139
f 2138 2139 2140
f 2140 2139 2141
f 2140 2141 2142
f 2142 2141 2143
f 2142 2143 2144
f 2144 2143 2145
f 2144 2145 2146
f 2146 2145 2147
f 2146 2147 2148
f 2148 2147 2149
f 2148 2149 2150
f 2150 2149 2151
f 2150 2151 2152
f 2152 2151 2153
f 2152 2153 2154
f 2154 2153 2155
f 2154 2155 2156
f 2156 2155 2157
f 2156 2157 2158
f 2158 2157 2159
f 2158 2159 2160
f 2160 2159 2161
f 2160 2161 2162
f 2162 2161 2163
f 2162 2163 2164
f 2164 2163 2165
f 2164 2165 2166
f 2166 2165 2167
f 2166 2167 2168
f 2168 2167 2169
f 2168 2169 2170
f 2170 2169 2171
f 2170 2171 2172
f 2172 2171 2173
f 2172 2173 2174
f 2174 2173 2175
f 2174 2175 2176
f 2176 2175 2177
f 2176 2177 2178
f 2178 2177 2179
f 2178 2179 2180
f 2180 2179 2181
f 2180 2181 2182
f 2182 2181 2183
f 2182 2183 2184
f 2184 2183 2185
f 2184 2185 2186
f 2186 2185 2187
f 2186 2187 2188
f 2188 2187 2189
f 2188 2189 2190
f 2190 2189 2191
f 2190 2191 2192
f 2192 2191 2193
f 2192 2193 2194
f 2194 2193 2195
f 2194 2195 2196
f 2196 2195 2197
f 2196 2197 2198
f 2198 2197 2199
f 2198 2199 2200
f 2200 2199 2201
f 2200 2201 2202
f 2202 2201 2203
f 2202 2203 2204
f 2204 2203 2205
f 2204 2205 2206
f 2206 2205 2207
f 2206 2207 2208
f 2208 2207 2209
f 2208 2209 2210
f 2210 2209 2211
f 2210 2211 2212
f 2212 2211 2213
f 2212 2213 2214
f 2214 2213 2215
f 2214 2215 2216
f 2216 2215 2217
f 2216 2217 2218
f 2218 2217 2219
f 2218 2219 2220
f 2220 2219 2221
f 2220 2221 2222
f 2222 2221 2223
f 2222 2223 2224
f 2224 2223 2225
f 2224 2225 2226
f 2226 2225 2227
f 2226 2227 2228
f 2228 2227 2229
f 2228 2229 2230
f 2230 2229 2231
f 2230 2231 2232
f 2232 2231 2233
f 2232 2233 2234
f 2234 2233 2235
f 2234 2235 2236
f 2236 2235 2237
f 2236 2237 2238
f 2238 2237 2239
f 2238 2239 2240
f 2240 2239 2241
f 2240 2241 2242
f 2242 2241 2243
f 2242 2243 2244
f 2244 2243 2245
f 2244 2245 2246
f 2246 2245 2247
f 2246 2247 2248
f 2248 2247 2249
f 2248 2249 2250
f 2250 2249 2251
f 2250 2251 2252
f 2252 2251 2253
f 2252 2253 2254
f 2254 2253 2255
f 2254 2255 2256
f 2256 2255 2257
f 2256 2257 2258
f 2258 2257 2259
f 2258 2259 2260
f 2260 2259 2261
f 2260 2261 2262
f 2262 2261 2263
f 2262 2263 2264
f 2264 2263 2265
f 2264 2265 2266
f 2266 2265 2267
f 2266 2267 2268
f 2268 2267 2269
f 2268 2269 2270
f 2270 2269 2271
f 2270 2271 2272
f 2272 2271 2273
f 2272 2273 2274
f 2274 2273 2275
f 2274 2275 2276
f 2274 2276 2277
f 2277 2276 2278
f 2277 2278 2279
f 2279 2278 2280
f 2279 2280 2281
f 2281 2280 2282
f 2281 2282 2283
f 2283 2282 2284
f 2284 2282 2285
f 2284 2285 2286
f 2286 2285 2287
f 2287 2285 2288
f 2287 2288 2289
f 2289 2288 2290
f 2289 2290 2291
f 2291 2290 2292
f 2291 2292 2293
f 2293 2292 2294
f 2293 2294 2295
f 2293 2295 2296
f 2296 2295 2297
f 2296 2297 2298
f 2298 2297 2299
f 2298 2299 2300
f 2300 2299 2301
f 2300 2301 2302
f 2302 2301 2303
f 2302 2303 2304
f 2304 2303 2305
f 2304 2305 2306
f 2306 2305 2307
f 2306 2307 2308
f 2308 2307 2309
f 2308 2309 2310
f 2310 2309 2311
f 2310 2311 2312
f 2312 2311 2313
f 2312 2313 2314
f 2314 2313 2315
f 2314 2315 2316
f 2316 2315 2317
f 2316 2317 2318
f 2318 2317 2319
f 2318 2319 2320
f 2320 2319 2321
f 2320 2321 2322
f 2322 2321 2323
f 2322 2323 2324
f 2324 2323 2325
f 2324 2325 2326
f 2326 2325 2327
f 2326 2327 2328
f 2328 2327 2329
f 2329 2327 2330
f 2329 2330 2331
f 2331 2330 2332
f 2331 2332 2333
f 2333 2332 2334
f 2333 2334 2335
f 2335 2334 2336
f 2335 2336 2337
f 2337 2336 2338
f 2337 2338 2339
f 2339 2338 2340
f 2339 2340 2341
f 2341 2340 2342
f 2341 2342 2343
f 2343 2342 2344
f 2343 2344 2345
f 2345 2344 2346
f 2345 2346 2347
f 2347 2346 2348
f 2347 2348 2349
f 2349 2348 2350
f 2349 2350 2351
f 2351 2350 2352
f 2351 2352 2353
f 2353 2352 2354
f 2353 2354 2355
f 2355 2354 2356
f 2355 2356 2357
f 2357 2356 2358
f 2357 2358 2359
f 2359 2358 2360
f 2359 2360 2361
f 2361 2360 2362
f 2361 2362 2363
f 2363 2362 2364
f 2363 2364 2365
f 2365 2364 2366
f 2365 2366 2367
f 2367 2366 2368
f 2368 2366 2369
f 2368 2369 2370
f 2370 2369 2371
f 2370 2371 2372
f 2372 2371 2373
f 2372 2373 2374
f 2374 2373 2375
f 2374 2375 2376
f 2374 2376 2377
f 2377 2376 2378
f 2377 2378 2379
f 2379 2378 2380
f 2379 2380 2381
f 2381 2380 2382
f 2381 2382 2383
f 2383 2382 2384
f 2384 2382 2385
f 2384 2385 2386
f 2386 2385 2387
f 2386 2387 2388
f 2388 2387 2389
f 2388 2389 2390
f 2390 2389 2391
f 2390 2391 2392
f 2392 2391 2393
f 2392 2393 2394
f 2394 2393 2395
f 2394 2395 2396
f 2396 2395 2397
f 2396 2397 2398
f 2398 2397 2399
f 2398 2399 2400
f 2400 2399 2401
f 2400 2401 2402
f 2402 2401 2403
f 2402 2403 2404
f 2404 2403 2405
f 2404 2405 2406
f 2406 2405 2407
f 2406 2407 2408
f 2408 2407 2409
f 2408 2409 2410
f 2410 2409 2411
f 2410 2411 2412
f 2412 2411 2413
f 2412 2413 2414
f 2414 2413 2415
f 2414 2415 2416
f 2416 2415 2417
f 2416 2417 2418
f 2418 2417 2419
f 2418 2419 1947
f 1947 2419 1945
f 2420 2421 2422
f 2423 2421 2420
f 2420 2422 2424
f 2424 2422 2425
f 2424 2425 2426
f 2426 2425 2427
f 2426 2427 2428
f 2428 2427 2429
f 2428 2429 2430
f 2430 2429 2431
f 2430 2431 2432
f 2432 2431 2433
f 2432 2433 2434
f 2434 2433 2435
f 2434 2435 2436
f 2436 2435 2437
f 2436 2437 2438
f 2438 2437 2439
f 2438 2439 2440
f 2440 2439 2441
f 2440 2441 2442
f 2442 2441 2443
f 2442 2443 2444
f 2444 2443 2445
f 2444 2445 2446
f 2446 2445 2447
f 2446 2447 2448
f 2448 2447 2449
f 2448 2449 2450
f 2450 2449 2451
f 2450 2451 2452
f 2452 2451 2453
f 2452 2453 2454
f 2454 2453 2455
f 2454 2455 2456
f 2456 2455 2457
f 2456 2457 2458
f 2458 2457 2459
f 2458 2459 2460
f 2460 2459 2461
f 2460 2461 2462
f 2462 2461 2463
f 2462 2463 2464
f 2464 2463 2465
f 2464 2465 2466
f 2466 2465 2467
f 2466 2467 2468
f 2468 2467 2469
f 2468 2469 2470
f 2470 2469 2471
f 2470 2471 2472
f 2472 2471 2473
f 2472 2473 2474
f 2474 2473 2475
f 2474 2475 2476
f 2476 2475 2477
f 2476 2477 2478
f 2478 2477 2479
f 2478 2479 2480
f 2480 2479 2481
f 2480 2481 2482
f 2482 2481 2483
f 2482 2483 2484
f 2484 2483 2485
f 2484 2485 2486
f 2486 2485 2487
f 2486 2487 2488
f 2488 2487 2489
f 2488 2489 2490
f 2490 2489 2491
f 2490 2491 2492
f 2492 2491 2493
f 2492 2493 2494
f 2494 2493 2495
f 2494 2495 2496
f 2496 2495 2497
f 2496 2497 2498
f 2498 2497 2499
f 2498 2499 2500
f 2500 2499 2501
f 2500 2501 2502
f 2502 2501 2503
f 2502 2503 2504
f 2504 2503 2505
f 2504 2505 2506
f 2506 2505 2507
f 2506 2507 2508
f 2508 2507 2509
f 2508 2509 2510
f 2510 2509 2511
f 2510 2511 2512
f 2512 2511 2513
f 2512 2513 2514
f 2514 2513 2515
f 2514 2515 2516
f 2516 2515 2517
f 2516 2517 2518
f 2518 2517 2519
f 2518 2519 2520
f 2520 2519 2521
f 2520 2521 2522
f 2522 2521 2523
f 2522 2523 2524
f 2524 2523 2525
f 2524 2525 2526
f 2526 2525 2527
f 2526 2527 2528
f 2528 2527 2529
f 2528 2529 2530
f 2530 2529 2531
f 2530 2531 2532
f 2532 2531 2533
f 2532 2533 2534
f 2534 2533 2535
f 2534 2535 2536
f 2536 2535 2537
f 2536 2537 2538
f 2538 2537 2539
f 2538 2539 2540
f 2540 2539 2541
f 2540 2541 2542
f 2542 2541 2543
f 2542 2543 2544
f 2544 2543 2545
f 2544 2545 2546
f 2546 2545 2547
f 2546 2547 2548
f 2548 2547 2549
f 2548 2549 2550
f 2550 2549 2551
f 2550 2551 2552
f 2552 2551 2553
f 2552 2553 2554
f 2554 2553 2555
f 2554 2555 2556
f 2556 2555 2557
f 2556 2557 2558
f 2558 2557 2559
f 2558 2559 2560
f 2560 2559 2561
f 2560 2561 2562
f 2562 2561 2563
f 2562 2563 2564
f 2564 2563 2565
f 2564 2565 2566
f 2566 2565 2567
f 2566 2567 2568
f 2566 2568 2569
f 2569 2568 2570
f 2569 2570 2571
f 2571 2570 2572
f 2571 2572 2573
f 2573 2572 2574
f 2573 2574 2575
f 2575 2574 2576
f 2575 2576 2577
f 2577 2576 2578
f 2578 2576 2579
f 2578 2579 2580
f 2580 2579 2581
f 2581 2579 2582
f 2581 2582 2583
f 2581 2583 2584
f 2584 2583 2585
f 2584 2585 2586
f 2586 2585 2587
f 2586 2587 2588
f 2588 2587 2589
f 2588 2589 2590
f 2590 2589 2591
f 2590 2591 2592
f 2592 2591 2593
f 2592 2593 2594
f 2594 2593 2595
f 2594 2595 2596
f 2596 2595 2597
f 2596 2597 2598
f 2598 2597 2599
f 2598 2599 2600
f 2600 2599 2601
f 2600 2601 2602
f 2602 2601 2603
f 2602 2603 2604
f 2604 2603 2605
f 2604 2605 2606
f 2606 2605 2607
f 2606 2607 2608
f 2608 2607 2609
f 2608 2609 2610
f 2610 2609 2611
f 2610 2611 2612
f 2612 2611 2613
f 2612 2613 2614
f 2614 2613 2615
f 2614 2615 2616
f 2616 2615 2617
f 2616 2617 2618
f 2618 2617 2619
f 2618 2619 2620
f 2620 2619 2621
f 2620 2621 2622
f 2622 2621 2623
f 2622 2623 2624
f 2624 2623 2625
f 2624 2625 2626
f 2626 2625 2627
f 2626 2627 2628
f 2628 2627 2629
f 2628 2629 2630
f 2630 2629 2631
f 2630 2631 2632
f 2632 2631 2633
f 2632 2633 2634
f 2634 2633 2635
f 2634 2635 2636
f 2636 2635 2637
f 2636 2637 2638
f 2638 2637 2639
f 2638 2639 2640
f 2640 2639 2641
f 2640 2641 2642
f 2642 2641 2643
f 2642 2643 2644
f 2644 2643 2645
f 2644 2645 2646
f 2646 2645 2647
f 2646 2647 2648
f 2648 2647 2649
f 2648 2649 2650
f 2650 2649 2651
f 2650 2651 2652
f 2652 2651 2653
f 2652 2653 2654
f 2654 2653 2655
f 2654 2655 2656
f 2656 2655 2657
f 2656 2657 2658
f 2658 2657 2659
f 2658 2659 2660
f 2660 2659 2661
f 2660 2661 2662
f 2662 2661 2663
f 2662 2663 2664
f 2664 2663 2665
f 2664 2665 2666
f 2666 2665 2667
f 2666 2667 2668
f 2668 2667 2669
f 2668 2669 2670
f 2670 2669 2671
f 2670 2671 2672
f 2672 2671 2673
f 2672 2673 2674
f 2674 2673 2675
f 2674 2675 2676
f 2676 2675 2677
f 2676 2677 2678
f 2678 2677 2679
f 2679 2677 2680
f 2679 2680 2681
f 2681 2680 2682
f 2681 2682 2683
f 2683 2682 2684
f 2683 2684 2685
f 2685 2684 2686
f 2685 2686 2687
f 2687 2686 2688
f 2687 2688 2689
f 2689 2688 2690
f 2689 2690 2691
f 2691 2690 2692
f 2691 2692 2693
f 2693 2692 2694
f 2693 2694 2695
f 2695 2694 2696
f 2695 2696 2697
f 2697 2696 2698
f 2697 2698 2699
f 2699 2698 2700
f 2699 2700 2701
f 2701 2700 2702
f 2701 2702 2703
f 2703 2702 2704
f 2703 2704 2705
f 2705 2704 2706
f 2705 2706 2707
f 2707 2706 2708
f 2707 2708 2709
f 2709 2708 2710
f 2710 2708 2711
f 2710 2711 2712
f 2710 2712 2713
f 2713 2712 2714
f 2715 2713 2714
f 2715 2714 2716
f 2715 2716 2717
f 2717 2716 2718
f 2718 2716 2719
f 2718 2719 2720
f 2718 2720 2721
f 2721 2720 2722
f 2721 2722 2723
f 2723 2722 2724
f 2723 2724 2725
f 2725 2724 2726
f 2725 2726 2727
f 2727 2726 2728
f 2727 2728 2729
f 2729 2728 2730
f 2729 2730 2731
f 2731 2730 2732
f 2731 2732 2733
f 2733 2732 2734
f 2733 2734 2735
f 2735 2734 2736
f 2735 2736 2737
f 2737 2736 2738
f 2737 2738 2739
f 2739 2738 2740
f 2739 2740 2741
f 2741 2740 2742
f 2741 2742 2743
f 2743 2742 2744
f 2743 2744 2745
f 2745 2744 2746
f 2745 2746 2747
f 2747 2746 2748
f 2747 2748 2749
f 2749 2748 2750
f 2749 2750 2751
f 2751 2750 2752
f 2751 2752 2753
f 2751 2753 2754
f 2754 2753 2755
f 2754 2755 2756
f 2756 2755 2757
f 2756 2757 2758
f 2758 2757 2759
f 2758 2759 2760
f 2760 2759 2761
f 2761 2759 2762
f 2761 2762 2763
f 2763 2762 2764
f 2764 2762 2765
f 2764 2765 2766
f 2766 2765 2767
f 2766 2767 2768
f 2768 2767 2769
f 2768 2769 2770
f 2768 2770 2771
f 2771 2770 2772
f 2771 2772 2773
f 2773 2772 2774
f 2773 2774 2775
f 2775 2774 2776
f 2775 2776 2777
f 2777 2776 2778
f 2777 2778 2779
f 2779 2778 2780
f 2779 2780 2781
f 2781 2780 2782
f 2781 2782 2783
f 2783 2782 2784
f 2783 2784 2785
f 2785 2784 2786
f 2785 2786 2787
f 2787 2786 2788
f 2787 2788 2789
f 2789 2788 2790
f 2789 2790 2791
f 2791 2790 2792
f 2791 2792 2793
f 2793 2792 2794
f 2793 2794 2795
f 2795 2794 2796
f 2795 2796 2797
f 2797 2796 2798
f 2797 2798 2799
f 2799 2798 2800
f 2799 2800 2801
f 2801 2800 2802
f 2801 2802 2803
f 2803 2802 2804
f 2803 2804 2805
f 2805 2804 2806
f 2806 2804 2807
f 2806 2807 2808
f 2808 2807 2809
f 2808 2809 2810
f 2808 2810 2811
f 2811 2810 2812
f 2811 2812 2813
f 2813 2812 2814
f 2813 2814 2815
f 2815 2814 2816
f 2815 2816 2817
f 2817 2816 2818
f 2817 2818 2819
f 2819 2818 2820
f 2819 2820 2821
f 2821 2820 2822
f 2821 2822 2823
f 2823 2822 2824
f 2823 2824 2825
f 2825 2824 2826
f 2825 2826 2827
f 2827 2826 2828
f 2827 2828 2829
f 2829 2828 2830
f 2829 2830 2831
f 2831 2830 2832
f 2831 2832 2833
f 2833 2832 2834
f 2833 2834 2835
f 2835 2834 2836
f 2835 2836 2837
f 2837 2836 2838
f 2837 2838 2839
f 2839 2838 2840
f 2839 2840 2841
f 2841 2840 2842
f 2841 2842 2843
f 2843 2842 2844
f 2843 2844 2845
f 2845 2844 2846
f 2846 2844 2847
f 2846 2847 2848
f 2848 2847 2849
f 2848 2849 2850
f 2850 2849 2851
f 2850 2851 2852
f 2850 2852 2853
f 2853 2852 2854
f 2853 2854 2855
f 2853 2855 2856
f 2856 2855 2857
f 2856 2857 2858
f 2858 2857 2859
f 2858 2859 2860
f 2860 2859 2861
f 2860 2861 2862
f 2862 2861 2863
f 2863 2861 2864
f 2863 2864 2865
f 2865 2864 2866
f 2865 2866 2867
f 2867 2866 2868
f 2867 2868 2869
f 2869 2868 2870
f 2869 2870 2871
f 2871 2870 2872
f 2871 2872 2873
f 2873 2872 2874
f 2873 2874 2875
f 2875 2874 2876
f 2875 2876 2877
f 2877 2876 2878
f 2877 2878 2879
f 2879 2878 2880
f 2879 2880 2881
f 2881 2880 2882
f 2881 2882 2883
f 2883 2882 2884
f 2883 2884 2885
f 2885 2884 2886
f 2885 2886 2887
f 2887 2886 2888
f 2887 2888 2889
f 2889 2888 2890
f 2889 2890 2891
f 2891 2890 2892
f 2891 2892 2893
f 2893 2892 2894
f 2893 2894 2895
f 2895 2894 2423
f 2423 2894 2896
f 2423 2896 2421
f 2897 2898 2899
f 2897 2900 2898
f 2900 2901 2898
f 2900 2902 2901
f 2902 2903 2901
f 2902 2904 2903
f 2904 2905 2903
f 2904 2906 2905
f 2906 2907 2905
f 2906 2908 2907
f 2908 2909 2907
f 2908 2910 2909
f 2910 2911 2909
f 2910 2912 2911
f 2912 2913 2911
f 2912 2914 2913
f 2914 2915 2913
f 2914 2916 2915
f 2916 2917 2915
f 2916 2918 2917
f 2918 2919 2917
f 2918 2920 2919
f 2920 2921 2919
f 2920 2922 2921
f 2922 2923 2921
f 2922 2924 2923
f 2924 2925 2923
f 2924 2926 2925
f 2926 2927 2925
f 2926 2928 2927
f 2928 2929 2927
f 2928 2930 2929
f 2930 2931 2929
f 2930 2932 2931
f 2932 2933 2931
f 2932 2934 2933
f 2934 2935 2933
f 2934 2936 2935
f 2936 2937 2935
f 2936 2938 2937
f 2938 2939 2937
f 2938 2940 2939
f 2940 2941 2939
f 2940 2942 2941
f 2942 2943 2941
f 2942 2944 2943
f 2944 2945 2943
f 2944 2946 2945
f 2946 2947 2945
f 2948 2947 2946
f 2948 2949 2947
f 2948 2946 2950
f 2951 2948 2950
f 2952 2951 2950
f 2953 2952 2950
f 2953 2950 2954
f 2955 2953 2954
f 2956 2955 2954
f 2957 2956 2954
f 2957 2954 2958
f 2959 2957 2958
f 2960 2959 2958
f 2961 2960 2958
f 2961 2958 2962
f 2963 2961 2962
f 2964 2963 2962
f 2965 2964 2962
f 2965 2962 2966
f 2967 2965 2966
f 2968 2967 2966
f 2969 2968 2966
f 2969 2966 2970
f 2971 2969 2970
f 2972 2971 2970
f 2972 2970 2973
f 2974 2972 2973
f 2975 2974 2973
f 2975 2973 2976
f 2977 2975 2976
f 2978 2977 2976
f 2979 2978 2976
f 2979 2976 2980
f 2981 2979 2980
f 2982 2981 2980
f 2982 2980 2983
f 2984 2982 2983
f 2984 2983 2985
f 2984 2985 2986
f 2987 2984 2986
f 2987 2988 2984
f 2989 2987 2986
f 2989 2986 2990
f 2991 2989 2990
f 2992 2991 2990
f 2993 2992 2990
f 2994 2993 2990
f 2995 2994 2990
f 2996 2995 2990
f 2997 2996 2990
f 2998 2997 2990
f 2998 2990 2999
f 3000 2998 2999
f 3001 3000 2999
f 3002 3001 2999
f 3003 3002 2999
f 3003 2999 3004
f 3005 3003 3004
f 3006 3005 3004
f 3007 3006 3004
f 3008 3007 3004
f 3009 3008 3004
f 3009 3004 3010
f 3011 3009 3010
f 3012 3011 3010
f 3013 3012 3010
f 3014 3013 3010
f 3014 3010 3015
f 3016 3014 3015
f 3017 3016 3015
f 3018 3017 3015
f 3018 3015 3019
f 3020 3018 3019
f 3021 3020 3019
f 3022 3021 3019
f 3023 3022 3019
f 3023 3019 3024
f 3025 3023 3024
f 3026 3025 3024
f 3027 3026 3024
f 3028 3027 3024
f 3028 3024 3029
f 3030 3028 3029
f 3031 3030 3029
f 3032 3031 3029
f 3033 3032 3029
f 3034 3033 3029
f 3034 3029 3035
f 3036 3034 3035
f 3037 3036 3035
f 3038 3037 3035
f 3039 3038 3035
f 3040 3039 3035
f 3041 3040 3035
f 3042 3041 3035
f 3043 3042 3035
f 3044 3043 3035
f 3044 3035 3045
f 3046 3044 3045
f 3046 3045 3047
f 3048 3046 3047
f 3048 3047 3049
f 3050 3048 3049
f 3050 3049 3051
f 3052 3050 3051
f 3052 3051 3053
f 3054 3052 3053
f 3054 3053 3055
f 3056 3054 3055
f 3056 3055 3057
f 3058 3056 3057
f 3058 3057 3059
f 3060 3058 3059
f 3060 3059 3061
f 3062 3060 3061
f 3062 3061 3063
f 3064 3062 3063
f 3064 3063 3065
f 3066 3064 3065
f 3066 3065 3067
f 3068 3066 3067
f 3068 3067 3069
f 3070 3068 3069
f 3070 3069 3071
f 3072 3070 3071
f 3072 3071 3073
f 3074 3072 3073
f 3074 3073 3075
f 3076 3074 3075
f 3076 3075 3077
f 3078 3076 3077
f 3078 3077 3079
f 3080 3078 3079
f 3080 3079 3081
f 3082 3080 3081
f 3082 3081 3083
f 3084 3082 3083
f 3084 3083 3085
f 3086 3084 3085
f 3086 3085 3087
f 3088 3086 3087
f 3088 3087 3089
f 3090 3088 3089
f 3090 3089 3091
f 3092 3090 3091
f 3092 3091 3093
f 3094 3092 3093
f 3094 3093 3095
f 3094 3095 3096
f 3097 3094 3096
f 3097 3096 3098
f 3099 3097 3098
f 3099 3098 3100
f 3101 3099 3100
f 3101 3100 3102
f 3103 3101 3102
f 3103 3102 3104
f 3105 3103 3104
f 3105 3104 3106
f 3107 3105 3106
f 3107 3106 3108
f 3109 3107 3108
f 3109 3108 3110
f 3111 3109 3110
f 3111 3110 3112
f 3113 3111 3112
f 3113 3112 3114
f 3115 3113 3114
f 3115 3114 3116
f 3117 3115 3116
f 3117 3116 3118
f 3119 3117 3118
f 3119 3118 3120
f 3121 3119 3120
f 3121 3120 3122
f 3123 3121 3122
f 3123 3122 3124
f 3125 3123 3124
f 3125 3124 3126
f 3127 3125 3126
f 3127 3126 3128
f 3129 3127 3128
f 3129 3128 3130
f 3131 3129 3130
f 3131 3130 3132
f 3133 3131 3132
f 3133 3132 3134
f 3135 3133 3134
f 3135 3134 3136
f 3137 3135 3136
f 3137 3136 3138
f 3139 3137 3138
f 3139 3138 3140
f 3141 3139 3140
f 3141 3140 3142
f 3143 3141 3142
f 3143 3142 3144
f 3145 3143 3144
f 3145 3144 3146
f 3147 3145 3146
f 3147 3146 3148
f 3149 3147 3148
f 3149 3148 3150
f 3151 3149 3150
f 3151 3150 3152
f 3153 3151 3152
f 3154 3153 3152
f 3155 3154 3152
f 3156 3155 3152
f 3157 3156 3152
f 3158 3157 3152
f 3159 3158 3152
f 3160 3159 3152
f 3160 3152 3161
f 3162 3160 3161
f 3163 3162 3161
f 3164 3163 3161
f 3165 3164 3161
f 3166 3165 3161
f 3166 3161 3167
f 3168 3166 3167
f 3169 3168 3167
f 3170 3169 3167
f 3171 3170 3167
f 3171 3167 3172
f 3173 3171 3172
f 3174 3173 3172
f 3175 3174 3172
f 3176 3175 3172
f 3176 3172 3177
f 3178 3176 3177
f 3179 3178 3177
f 3179 3177 3180
f 3181 3179 3180
f 3182 3181 3180
f 3183 3182 3180
f 3184 3183 3180
f 3185 3184 3180
f 3185 3180 3186
f 3187 3185 3186
f 3188 3187 3186
f 3189 3188 3186
f 3190 3189 3186
f 3190 3186 3191
f 3192 3190 3191
f 3193 3192 3191
f 3194 3193 3191
f 3195 3194 3191
f 3195 3191 3196
f 3197 3195 3196
f 3198 3197 3196
f 3199 3198 3196
f 3200 3199 3196
f 3201 3200 3196
f 3202 3201 3196
f 3203 3202 3196
f 3204 3203 3196
f 3204 3196 3205
f 3204 3205 3206
f 3207 3204 3206
f 3207 3206 3208
f 3208 3206 3209
f 3210 3207 3208
f 3211 3210 3208
f 3212 3211 3208
f 3213 3212 3208
f 3214 3213 3208
f 3215 3214 3208
f 3216 3215 3208
f 3217 3216 3208
f 3218 3217 3208
f 3219 3218 3208
f 3220 3219 3208
f 3220 3221 3219
f 3222 3220 3208
f 3223 3222 3208
f 3223 3208 2984
f 3224 3223 2984
f 3225 3224 2984
f 3226 3225 2984
f 3227 3226 2984
f 3228 3227 2984
f 3229 3228 2984
f 3230 3229 2984
f 3230 2984 3231
f 3232 3231 2984
f 3233 3230 3231
f 3233 3231 3234
f 3231 3235 3234
f 3233 3234 3236
f 3237 3233 3236
f 3238 3237 3236
f 3238 3236 3239
f 3240 3238 3239
f 3241 3240 3239
f 3242 3241 3239
f 3242 3239 3243
f 3244 3242 3243
f 3245 3244 3243
f 3245 3243 3246
f 3247 3245 3246
f 3247 3246 3248
f 3249 3247 3248
f 3250 3249 3248
f 3250 3248 3251
f 3252 3250 3251
f 3253 3252 3251
f 3254 3253 3251
f 3254 3251 3255
f 3256 3254 3255
f 3257 3256 3255
f 3257 3255 3258
f 3258 3255 3259
f 3260 3258 3259
f 3260 3259 3261
f 3262 3260 3261
f 3262 3261 3263
f 3264 3262 3263
f 3264 3263 3265
f 3266 3264 3265
f 3266 3265 3267
f 3266 3267 3268
f 3266 3268 3269
f 3270 3266 3269
f 3270 3269 3271
f 3270 3271 3272
f 3270 3272 3273
f 3270 3273 3274
f 3270 3274 3275
f 3270 3275 3276
f 3220 3270 3276
f 3220 3276 3277
f 3220 3277 3278
f 3220 3278 3279
f 3220 3279 3280
f 3220 3280 3281
f 3220 3281 3282
f 3220 3282 3283
f 3220 3283 3221
f 3231 3284 3235
f 3231 3285 3284
f 3231 3286 3285
f 3231 3287 3286
f 3231 3288 3287
f 3231 3289 3288
f 3231 3290 3289
f 3290 3291 3289
f 3291 3292 3289
f 3292 3293 3289
f 3293 3294 3289
f 3294 3295 3289
f 3295 3296 3289
f 3296 3297 3289
f 3298 3289 3297
f 3298 3299 3289
f 3299 3300 3289
f 3300 3301 3289
f 3301 3302 3289
f 3302 3303 3289
f 3303 3304 3289
f 3304 3305 3289
f 3305 3306 3289
f 3305 3307 3306
f 3307 3308 3306
f 3308 3309 3306
f 3309 3310 3306
f 3310 3311 3306
f 3311 3312 3306
f 3312 3313 3306
f 3313 3314 3306
f 3314 3315 3306
f 3314 3316 3315
f 3315 3317 3306
f 3315 3318 3317
f 3318 3319 3317
f 3318 3320 3319
f 3318 3321 3320
f 3321 3322 3320
f 3321 3323 3322
f 3321 3324 3323
f 3324 3325 3323
f 3326 3325 3324
f 3326 3327 3325
f 3326 3328 3327
f 3328 3329 3327
f 3329 3330 3327
f 3330 3331 3327
f 3330 3332 3331
f 3332 3333 3331
f 3332 3334 3333
f 3334 3335 3333
f 3335 3336 3333
f 3335 3337 3336
f 3337 3338 3336
f 3338 3339 3336
f 3338 3340 3339
f 3340 3341 3339
f 3341 3342 3339
f 3341 3343 3342
f 3343 3344 3342
f 3344 3345 3342
f 3345 3346 3342
f 3345 3347 3346
f 3347 3348 3346
f 3348 3349 3346
f 3348 2984 3349
f 3348 3350 2984
f 3351 3349 2984
f 3352 3351 2984
f 3353 3352 2984
f 3354 3353 2984
f 3355 3354 2984
f 3356 3355 2984
f 3357 3356 2984
f 3358 3357 2984
f 3359 3358 2984
f 3360 3359 2984
f 3361 3360 2984
f 3362 3361 2984
f 3363 3362 2984
f 3364 3363 2984
f 3365 3364 2984
f 3366 3365 2984
f 3367 3366 2984
f 3368 3367 2984
f 3369 3368 2984
f 3370 3369 2984
f 3371 3370 2984
f 3372 3371 2984
f 3373 3372 2984
f 3374 3373 2984
f 3375 3374 2984
f 3376 3375 2984
f 3377 3376 2984
f 3378 3377 2984
f 3379 3378 2984
f 3380 3379 2984
f 3381 3380 2984
f 2988 3381 2984
f 3350 3382 2984
f 3382 3383 2984
f 3383 3384 2984
f 3384 3385 2984
f 3385 3386 2984
f 3386 3387 2984
f 3387 3388 2984
f 3314 2984 3388
f 3314 3389 2984
f 3314 3388 3390
f 3314 3390 3391
f 3314 3391 3392
f 3314 3392 3316
f 3389 3393 2984
f 3393 3394 2984
f 3394 3395 2984
f 3395 3396 2984
f 3396 3397 2984
f 3397 3232 2984
f 3398 3208 3209
f 3399 3398 3209
f 3399 3209 3400
f 3401 3399 3400
f 3401 3400 3402
f 3403 3401 3402
f 3404 3403 3402
f 3404 3402 3405
f 3406 3404 3405
f 3406 3405 3407
f 3408 3406 3407
f 3409 3408 3407
f 3409 3407 3410
f 3411 3409 3410
f 3412 3411 3410
f 3412 3410 3413
f 3414 3412 3413
f 3415 3414 3413
f 3416 3415 3413
f 3416 3413 3417
f 3418 3416 3417
f 3419 3418 3417
f 3420 3419 3417
f 3420 3417 3421
f 3422 3420 3421
f 3423 3422 3421
f 3424 3423 3421
f 3424 3421 3425
f 3426 3424 3425
f 3427 3426 3425
f 3428 3427 3425
f 3428 3425 3429
f 3425 3430 3429
f 3428 3429 3431
f 3432 3428 3431
f 3433 3432 3431
f 3434 3433 3431
f 3434 3431 3435
f 3436 3434 3435
f 3437 3436 3435
f 3438 3437 3435
f 3438 3435 3439
f 3440 3438 3439
f 3441 3440 3439
f 3442 3441 3439
f 3442 3439 3443
f 3444 3442 3443
f 3445 3444 3443
f 3446 3445 3443
f 3446 3443 3447
f 3448 3446 3447
f 3449 3448 3447
f 3449 3447 3450
f 3451 3449 3450
f 3452 3451 3450
f 3452 3450 3453
f 3454 3452 3453
f 3454 3453 3455
f 3456 3454 3455
f 3457 3456 3455
f 3457 3455 3458
f 3459 3457 3458
f 3459 3458 3460
f 3461 3459 3460
f 3461 3460 3462
f 3461 3462 3463
f 3464 3461 3463
f 3464 3465 3461
f 3466 3464 3463
f 3466 3463 3467
f 3468 3466 3467
f 3469 3468 3467
f 3470 3469 3467
f 3471 3470 3467
f 3472 3471 3467
f 3473 3472 3467
f 3474 3473 3467
f 3475 3474 3467
f 3475 3467 3476
f 3477 3475 3476
f 3478 3477 3476
f 3479 3478 3476
f 3480 3479 3476
f 3480 3476 3481
f 3482 3480 3481
f 3483 3482 3481
f 3484 3483 3481
f 3485 3484 3481
f 3485 3481 3486
f 3487 3485 3486
f 3488 3487 3486
f 3489 3488 3486
f 3490 3489 3486
f 3491 3490 3486
f 3491 3486 3492
f 3493 3491 3492
f 3494 3493 3492
f 3495 3494 3492
f 3496 3495 3492
f 3496 3492 3497
f 3498 3496 3497
f 3499 3498 3497
f 3500 3499 3497
f 3500 3497 3501
f 3502 3500 3501
f 3503 3502 3501
f 3504 3503 3501
f 3504 3501 3505
f 3506 3504 3505
f 3507 3506 3505
f 3508 3507 3505
f 3509 3508 3505
f 3510 3509 3505
f 3510 3505 3511
f 3512 3510 3511
f 3513 3512 3511
f 3514 3513 3511
f 3515 3514 3511
f 3516 3515 3511
f 3517 3516 3511
f 3518 3517 3511
f 3519 3518 3511
f 3519 3511 3520
f 3521 3519 3520
f 3521 3520 3522
f 3523 3521 3522
f 3523 3522 3524
f 3525 3523 3524
f 3525 3524 3526
f 3527 3525 3526
f 3527 3526 3528
f 3529 3527 3528
f 3529 3528 3530
f 3531 3529 3530
f 3531 3530 3532
f 3533 3531 3532
f 3533 3532 3534
f 3535 3533 3534
f 3535 3534 3536
f 3537 3535 3536
f 3537 3536 3538
f 3539 3537 3538
f 3539 3538 3540
f 3541 3539 3540
f 3541 3540 3542
f 3543 3541 3542
f 3543 3542 3544
f 3545 3543 3544
f 3545 3544 3546
f 3547 3545 3546
f 3547 3546 3548
f 3549 3547 3548
f 3549 3548 3550
f 3551 3549 3550
f 3551 3550 3552
f 3553 3551 3552
f 3553 3552 3554
f 3555 3553 3554
f 3555 3554 3556
f 3557 3555 3556
f 3557 3556 3558
f 3559 3557 3558
f 3559 3558 3560
f 3561 3559 3560
f 3561 3560 3562
f 3563 3561 3562
f 3563 3562 3564
f 3565 3563 3564
f 3565 3564 3566
f 3567 3565 3566
f 3567 3566 3568
f 3569 3567 3568
f 3569 3568 3570
f 3569 3570 3571
f 3572 3569 3571
f 3572 3571 3573
f 3574 3572 3573
f 3574 3573 3575
f 3576 3574 3575
f 3576 3575 3577
f 3578 3576 3577
f 3578 3577 3579
f 3580 3578 3579
f 3580 3579 3581
f 3582 3580 3581
f 3582 3581 3583
f 3584 3582 3583
f 3584 3583 3585
f 3586 3584 3585
f 3586 3585 3587
f 3588 3586 3587
f 3588 3587 3589
f 3590 3588 3589
f 3590 3589 3591
f 3592 3590 3591
f 3592 3591 3593
f 3594 3592 3593
f 3594 3593 3595
f 3596 3594 3595
f 3596 3595 3597
f 3598 3596 3597
f 3598 3597 3599
f 3600 3598 3599
f 3600 3599 3601
f 3602 3600 3601
f 3602 3601 3603
f 3604 3602 3603
f 3604 3603 3605
f 3606 3604 3605
f 3606 3605 3607
f 3608 3606 3607
f 3608 3607 3609
f 3610 3608 3609
f 3610 3609 3611
f 3612 3610 3611
f 3612 3611 3613
f 3614 3612 3613
f 3614 3613 3615
f 3616 3614 3615
f 3616 3615 3617
f 3618 3616 3617
f 3618 3617 3619
f 3620 3618 3619
f 3620 3619 3621
f 3622 3620 3621
f 3622 3621 3623
f 3622 3623 3624
f 3624 3623 3625
f 3626 3624 3625
f 3626 3625 3627
f 3628 3626 3627
f 3629 3628 3627
f 3630 3629 3627
f 3631 3630 3627
f 3632 3631 3627
f 3633 3632 3627
f 3634 3633 3627
f 3635 3634 3627
f 3635 3627 3636
f 3637 3635 3636
f 3638 3637 3636
f 3639 3638 3636
f 3640 3639 3636
f 3641 3640 3636
f 3641 3636 3642
f 3643 3641 3642
f 3644 3643 3642
f 3645 3644 3642
f 3646 3645 3642
f 3647 3646 3642
f 3647 3642 3648
f 3649 3647 3648
f 3650 3649 3648
f 3651 3650 3648
f 3651 3648 3652
f 3653 3651 3652
f 3654 3653 3652
f 3655 3654 3652
f 3655 3652 3656
f 3657 3655 3656
f 3658 3657 3656
f 3659 3658 3656
f 3660 3659 3656
f 3661 3660 3656
f 3661 3656 3662
f 3663 3661 3662
f 3664 3663 3662
f 3665 3664 3662
f 3666 3665 3662
f 3666 3662 3667
f 3668 3666 3667
f 3669 3668 3667
f 3670 3669 3667
f 3671 3670 3667
f 3671 3667 3672
f 3673 3671 3672
f 3674 3673 3672
f 3675 3674 3672
f 3676 3675 3672
f 3677 3676 3672
f 3678 3677 3672
f 3679 3678 3672
f 3680 3679 3672
f 3680 3672 3681
f 3682 3680 3681
f 3682 3681 3683
f 3682 3683 3684
f 3684 3683 3685
f 3686 3682 3684
f 3687 3686 3684
f 3688 3687 3684
f 3689 3688 3684
f 3690 3689 3684
f 3691 3690 3684
f 3692 3691 3684
f 3693 3692 3684
f 3694 3693 3684
f 3695 3694 3684
f 3696 3695 3684
f 3696 3697 3695
f 3698 3696 3684
f 3699 3698 3684
f 3699 3684 3461
f 3700 3699 3461
f 3701 3700 3461
f 3702 3701 3461
f 3703 3702 3461
f 3704 3703 3461
f 3704 3461 3705
f 3706 3705 3461
f 3707 3704 3705
f 3708 3707 3705
f 3708 3705 3709
f 3709 3705 3710
f 3705 3711 3710
f 3709 3710 3712
f 3713 3709 3712
f 3713 3712 3714
f 3715 3713 3714
f 3716 3715 3714
f 3717 3716 3714
f 3717 3714 3718
f 3719 3717 3718
f 3720 3719 3718
f 3720 3718 3721
f 3722 3720 3721
f 3723 3722 3721
f 3723 3721 3724
f 3725 3723 3724
f 3725 3724 3726
f 3727 3725 3726
f 3728 3727 3726
f 3728 3726 3729
f 3730 3728 3729
f 3731 3730 3729
f 3732 3731 3729
f 3732 3729 3733
f 3734 3732 3733
f 3735 3734 3733
f 3736 3735 3733
f 3736 3733 3737
f 3738 3736 3737
f 3738 3737 3739
f 3738 3739 3740
f 3741 3738 3740
f 3741 3740 3742
f 3743 3741 3742
f 3743 3742 3744
f 3743 3744 3745
f 3746 3743 3745
f 3746 3745 3747
f 3746 3747 3748
f 3746 3748 3749
f 3746 3749 3750
f 3746 3750 3751
f 3746 3751 3752
f 3696 3746 3752
f 3696 3752 3753
f 3696 3753 3754
f 3696 3754 3755
f 3696 3755 3756
f 3696 3756 3757
f 3696 3757 3758
f 3696 3758 3759
f 3696 3759 3760
f 3696 3760 3697
f 3705 3761 3711
f 3705 3762 3761
f 3705 3763 3762
f 3705 3764 3763
f 3705 3765 3764
f 3705 3766 3765
f 3766 3767 3765
f 3767 3768 3765
f 3768 3769 3765
f 3769 3770 3765
f 3770 3771 3765
f 3771 3772 3765
f 3772 3773 3765
f 3773 3774 3765
f 3774 3775 3765
f 3775 3776 3765
f 3776 3777 3765
f 3777 3778 3765
f 3778 3779 3765
f 3779 3780 3765
f 3780 3781 3765
f 3781 3782 3765
f 3781 3783 3782
f 3783 3784 3782
f 3784 3785 3782
f 3785 3786 3782
f 3786 3787 3782
f 3787 3788 3782
f 3788 3789 3782
f 3789 3790 3782
f 3790 3791 3782
f 3790 3792 3791
f 3791 3793 3782
f 3791 3794 3793
f 3791 3795 3794
f 3795 3796 3794
f 3795 3797 3796
f 3795 3798 3797
f 3795 3799 3798
f 3799 3800 3798
f 3799 3801 3800
f 3799 3802 3801
f 3802 3803 3801
f 3802 3804 3803
f 3804 3805 3803
f 3805 3806 3803
f 3806 3807 3803
f 3806 3808 3807
f 3808 3809 3807
f 3809 3810 3807
f 3809 3811 3810
f 3811 3812 3810
f 3812 3813 3810
f 3812 3814 3813
f 3814 3815 3813
f 3814 3816 3815
f 3816 3817 3815
f 3817 3818 3815
f 3817 3819 3818
f 3819 3820 3818
f 3820 3821 3818
f 3821 3822 3818
f 3821 3823 3822
f 3823 3824 3822
f 3824 3825 3822
f 3825 3826 3822
f 3825 3461 3826
f 3827 3461 3825
f 3828 3826 3461
f 3829 3828 3461
f 3830 3829 3461
f 3831 3830 3461
f 3832 3831 3461
f 3833 3832 3461
f 3834 3833 3461
f 3835 3834 3461
f 3836 3835 3461
f 3837 3836 3461
f 3838 3837 3461
f 3839 3838 3461
f 3840 3839 3461
f 3841 3840 3461
f 3842 3841 3461
f 3843 3842 3461
f 3844 3843 3461
f 3845 3844 3461
f 3846 3845 3461
f 3847 3846 3461
f 3848 3847 3461
f 3849 3848 3461
f 3850 3849 3461
f 3851 3850 3461
f 3852 3851 3461
f 3853 3852 3461
f 3854 3853 3461
f 3855 3854 3461
f 3856 3855 3461
f 3857 3856 3461
f 3858 3857 3461
f 3465 3858 3461
f 3827 3859 3461
f 3859 3860 3461
f 3860 3861 3461
f 3861 3862 3461
f 3862 3863 3461
f 3863 3864 3461
f 3864 3865 3461
f 3790 3461 3865
f 3866 3461 3790
f 3790 3865 3867
f 3790 3867 3868
f 3790 3868 3869
f 3790 3869 3792
f 3866 3870 3461
f 3870 3871 3461
f 3871 3872 3461
f 3872 3873 3461
f 3873 3874 3461
f 3874 3706 3461
f 3875 3684 3685
f 3876 3875 3685
f 3876 3685 3877
f 3878 3876 3877
f 3878 3877 3879
f 3880 3878 3879
f 3881 3880 3879
f 3881 3879 3882
f 3883 3881 3882
f 3883 3882 3884
f 3885 3883 3884
f 3885 3884 3886
f 3887 3885 3886
f 3888 3887 3886
f 3889 3888 3886
f 3889 3886 3890
f 3891 3889 3890
f 3892 3891 3890
f 3893 3892 3890
f 3893 3890 3894
f 3895 3893 3894
f 3896 3895 3894
f 3897 3896 3894
f 3897 3894 3898
f 3899 3897 3898
f 3900 3899 3898
f 3901 3900 3898
f 3901 3898 2947
f 3902 3901 2947
f 2949 3902 2947
f 3430 3903 3429
f 3430 3904 3903
f 3904 3905 3903
f 3904 3906 3905
f 3906 3907 3905
f 3906 3908 3907
f 3908 3909 3907
f 3908 3910 3909
f 3910 3911 3909
f 3910 3912 3911
f 3912 3913 3911
f 3912 3914 3913
f 3914 3915 3913
f 3914 3916 3915
f 3916 3917 3915
f 3916 3918 3917
f 3918 3919 3917
f 3918 3920 3919
f 3920 3921 3919
f 3920 3922 3921
f 3922 3923 3921
f 3922 3924 3923
f 3924 3925 3923
f 3924 3926 3925
f 3926 3927 3925
f 3926 3928 3927
f 3928 3929 3927
f 3928 3930 3929
f 3930 3931 3929
f 3930 3932 3931
f 3932 3933 3931
f 3932 3934 3933
f 3934 3935 3933
f 3934 3936 3935
f 3936 3937 3935
f 3936 3938 3937
f 3938 3939 3937
f 3938 3940 3939
f 3940 3941 3939
f 3940 3942 3941
f 3942 3943 3941
f 3942 3944 3943
f 3944 3945 3943
f 3944 3946 3945
f 3946 3947 3945
f 3946 3948 3947
f 3948 3949 3947
f 3948 3950 3949
f 3951 3952 3953
f 3954 3952 3951
f 3955 3951 3953
f 3955 3953 3956
f 3955 3956 3957
f 3957 3956 3958
f 3957 3958 3959
f 3959 3958 3960
f 3959 3960 3961
f 3961 3960 3962
f 3961 3962 3963
f 3963 3962 3964
f 3963 3964 3965
f 3965 3964 3966
f 3965 3966 3967
f 3967 3966 3968
f 3967 3968 3969
f 3969 3968 3970
f 3969 3970 3971
f 3971 3970 3972
f 3971 3972 3973
f 3973 3972 3974
f 3973 3974 3975
f 3975 3974 3976
f 3975 3976 3977
f 3977 3976 3978
f 3977 3978 3979
f 3979 3978 3980
f 3979 3980 3981
f 3981 3980 3982
f 3981 3982 3983
f 3983 3982 3984
f 3983 3984 3985
f 3985 3984 3986
f 3985 3986 3987
f 3987 3986 3988
f 3987 3988 3989
f 3989 3988 3990
f 3989 3990 3991
f 3991 3990 3992
f 3991 3992 3993
f 3993 3992 3994
f 3993 3994 3995
f 3995 3994 3996
f 3995 3996 3997
f 3997 3996 3998
f 3997 3998 3999
f 3999 3998 4000
f 3999 4000 4001
f 4001 4000 4002
f 4001 4002 4003
f 4003 4002 4004
f 4003 4004 4005
f 4005 4004 4006
f 4005 4006 4007
f 4007 4006 4008
f 4007 4008 4009
f 4009 4008 4010
f 4009 4010 4011
f 4011 4010 4012
f 4011 4012 4013
f 4013 4012 4014
f 4013 4014 3954
f 3954 4014 3952
f 4015 4016 4017
f 4018 4016 4015
f 4019 4015 4017
f 4019 4017 4020
f 4019 4020 4021
f 4021 4020 4022
f 4021 4022 4023
f 4023 4022 4024
f 4023 4024 4025
f 4025 4024 4026
f 4025 4026 4027
f 4027 4026 4028
f 4027 4028 4029
f 4029 4028 4030
f 4029 4030 4031
f 4031 4030 4032
f 4031 4032 4033
f 4033 4032 4034
f 4033 4034 4035
f 4035 4034 4036
f 4035 4036 4037
f 4037 4036 4038
f 4037 4038 4039
f 4039 4038 4040
f 4039 4040 4041
f 4041 4040 4042
f 4041 4042 4043
f 4043 4042 4044
f 4043 4044 4045
f 4045 4044 4046
f 4045 4046 4047
f 4047 4046 4048
f 4047 4048 4049
f 4049 4048 4050
f 4049 4050 4051
f 4051 4050 4052
f 4051 4052 4053
f 4053 4052 4054
f 4053 4054 4055
f 4055 4054 4056
f 4055 4056 4057
f 4057 4056 4058
f 4057 4058 4059
f 4059 4058 4060
f 4059 4060 4061
f 4061 4060 4062
f 4061 4062 4063
f 4063 4062 4064
f 4063 4064 4065
f 4065 4064 4066
f 4065 4066 4067
f 4067 4066 4068
f 4067 4068 4069
f 4069 4068 4070
f 4069 4070 4071
f 4071 4070 4072
f 4071 4072 4073
f 4073 4072 4074
f 4073 4074 4075
f 4075 4074 4076
f 4075 4076 4077
f 4077 4076 4078
f 4077 4078 4018
f 4018 4078 4016
f 4079 4080 4081
f 4082 4080 4079
f 4083 4079 4081
f 4083 4081 4084
f 4083 4084 4085
f 4085 4084 4086
f 4085 4086 4087
f 4087 4086 4088
f 4087 4088 4089
f 4089 4088 4090
f 4089 4090 4091
f 4091 4090 4092
f 4091 4092 4093
f 4093 4092 4094
f 4093 4094 4095
f 4095 4094 4096
f 4095 4096 4097
f 4097 4096 4098
f 4097 4098 4099
f 4099 4098 4100
f 4099 4100 4101
f 4101 4100 4102
f 4101 4102 4103
f 4103 4102 4104
f 4103 4104 4105
f 4105 4104 4106
f 4105 4106 4107
f 4107 4106 4108
f 4107 4108 4109
f 4109 4108 4110
f 4109 4110 4111
f 4111 4110 4112
f 4111 4112 4113
f 4113 4112 4114
f 4113 4114 4115
f 4115 4114 4116
f 4115 4116 4117
f 4117 4116 4118
f 4117 4118 4119
f 4119 4118 4120
f 4119 4120 4121
f 4121 4120 4122
f 4121 4122 4123
f 4123 4122 4124
f 4123 4124 4125
f 4125 4124 4126
f 4125 4126 4127
f 4127 4126 4128
f 4127 4128 4129
f 4129 4128 4130
f 4129 4130 4131
f 4131 4130 4132
f 4131 4132 4133
f 4133 4132 4134
f 4133 4134 4135
f 4135 4134 4136
f 4135 4136 4137
f 4137 4136 4138
f 4137 4138 4139
f 4139 4138 4140
f 4139 4140 4141
f 4141 4140 4142
f 4141 4142 4082
f 4082 4142 4080
f 4143 4144 4145
f 4146 4144 4143
f 4147 4143 4145
f 4147 4145 4148
f 4147 4148 4149
f 4149 4148 4150
f 4149 4150 4151
f 4151 4150 4152
f 4151 4152 4153
f 4153 4152 4154
f 4153 4154 4155
f 4155 4154 4156
f 4155 4156 4157
f 4157 4156 4158
f 4157 4158 4159
f 4159 4158 4160
f 4159 4160 4161
f 4161 4160 4162
f 4161 4162 4163
f 4163 4162 4164
f 4163 4164 4165
f 4165 4164 4166
f 4165 4166 4167
f 4167 4166 4168
f 4167 4168 4169
f 4169 4168 4170
f 4169 4170 4171
f 4171 4170 4172
f 4171 4172 4173
f 4173 4172 4174
f 4173 4174 4175
f 4175 4174 4176
f 4175 4176 4177
f 4177 4176 4178
f 4177 4178 4179
f 4179 4178 4180
f 4179 4180 4181
f 4181 4180 4182
f 4181 4182 4183
f 4183 4182 4184
f 4183 4184 4185
f 4185 4184 4186
f 4185 4186 4187
f 4187 4186 4188
f 4187 4188 4189
f 4189 4188 4190
f 4189 4190 4191
f 4191 4190 4192
f 4191 4192 4193
f 4193 4192 4194
f 4193 4194 4195
f 4195 4194 4196
f 4195 4196 4197
f 4197 4196 4198
f 4197 4198 4199
f 4199 4198 4200
f 4199 4200 4201
f 4201 4200 4202
f 4201 4202 4203
f 4203 4202 4204
f 4203 4204 4205
f 4205 4204 4206
f 4205 4206 4146
f 4146 4206 4144
f 4207 4208 4209
f 4210 4208 4207
f 4211 4207 4209
f 4211 4209 4212
f 4211 4212 4213
f 4213 4212 4214
f 4213 4214 4215
f 4215 4214 4216
f 4215 4216 4217
f 4217 4216 4218
f 4217 4218 4219
f 4219 4218 4220
f 4219 4220 4221
f 4221 4220 4222
f 4221 4222 4223
f 4223 4222 4224
f 4223 4224 4225
f 4225 4224 4226
f 4225 4226 4227
f 4227 4226 4228
f 4227 4228 4229
f 4229 4228 4230
f 4229 4230 4231
f 4231 4230 4232
f 4231 4232 4233
f 4233 4232 4234
f 4233 4234 4235
f 4235 4234 4236
f 4235 4236 4237
f 4237 4236 4238
f 4237 4238 4239
f 4239 4238 4240
f 4239 4240 4241
f 4241 4240 4242
f 4241 4242 4243
f 4243 4242 4244
f 4243 4244 4245
f 4245 4244 4246
f 4245 4246 4247
f 4247 4246 4248
f 4247 4248 4249
f 4249 4248 4250
f 4249 4250 4251
f 4251 4250 4252
f 4251 4252 4253
f 4253 4252 4254
f 4253 4254 4255
f 4255 4254 4256
f 4255 4256 4257
f 4257 4256 4258
f 4257 4258 4259
f 4259 4258 4260
f 4259 4260 4261
f 4261 4260 4262
f 4261 4262 4263
f 4263 4262 4264
f 4263 4264 4265
f 4265 4264 4266
f 4265 4266 4267
f 4267 4266 4268
f 4267 4268 4269
f 4269 4268 4270
f 4269 4270 4210
f 4210 4270 4208
f 4271 4272 4273
f 4274 4272 4271
f 4275 4271 4273
f 4275 4273 4276
f 4275 4276 4277
f 4277 4276 4278
f 4277 4278 4279
f 4279 4278 4280
f 4279 4280 4281
f 4281 4280 4282
f 4281 4282 4283
f 4283 4282 4284
f 4283 4284 4285
f 4285 4284 4286
f 4285 4286 4287
f 4287 4286 4288
f 4287 4288 4289
f 4289 4288 4290
f 4289 4290 4291
f 4291 4290 4292
f 4291 4292 4293
f 4293 4292 4294
f 4293 4294 4295
f 4295 4294 4296
f 4295 4296 4297
f 4297 4296 4298
f 4297 4298 4299
f 4299 4298 4300
f 4299 4300 4301
f 4301 4300 4302
f 4301 4302 4303
f 4303 4302 4304
f 4303 4304 4305
f 4305 4304 4306
f 4305 4306 4307
f 4307 4306 4308
f 4307 4308 4309
f 4309 4308 4310
f 4309 4310 4311
f 4311 4310 4312
f 4311 4312 4313
f 4313 4312 4314
f 4313 4314 4315
f 4315 4314 4316
f 4315 4316 4317
f 4317 4316 4318
f 4317 4318 4319
f 4319 4318 4320
f 4319 4320 4321
f 4321 4320 4322
f 4321 4322 4323
f 4323 4322 4324
f 4323 4324 4325
f 4325 4324 4326
f 4325 4326 4327
f 4327 4326 4328
f 4327 4328 4329
f 4329 4328 4330
f 4329 4330 4331
f 4331 4330 4332
f 4331 4332 4333
f 4333 4332 4334
f 4333 4334 4274
f 4274 4334 4272
f 4335 4336 4337
f 4335 4338 4336
f 4335 4337 4339
f 4340 4339 4337
f 4341 4335 4339
f 4341 4339 4342
f 4343 4341 4342
f 4343 4342 4344
f 4345 4343 4344
f 4345 4344 4346
f 4347 4345 4346
f 4347 4346 4348
f 4349 4347 4348
f 4349 4348 4350
f 4340 4337 4351
f 4340 4351 4352
f 4353 4340 4352
f 4353 4352 4354
f 4355 4353 4354
f 4355 4354 4356
f 4357 4355 4356
f 4357 4356 4358
f 4359 4357 4358
f 4359 4358 4360
f 4361 4359 4360
f 4361 4362 4359
f 4363 4361 4360
f 4363 4360 4364
f 4363 4364 4365
f 4366 4363 4365
f 4366 4365 4367
f 4368 4366 4367
f 4368 4367 4369
f 4338 4368 4369
f 4338 4369 4336
f 4361 4370 4362
f 4370 4371 4362
f 4370 4372 4371
f 4372 4373 4371
f 4372 4374 4373
f 4374 4375 4373
f 4374 4376 4375
f 4376 4377 4375
f 4376 4378 4377
f 4379 4380 4381
f 4379 4382 4380
f 4379 4381 4383
f 4384 4383 4381
f 4385 4379 4383
f 4385 4383 4386
f 4387 4385 4386
f 4387 4386 4388
f 4389 4387 4388
f 4389 4388 4390
f 4391 4389 4390
f 4391 4390 4392
f 4393 4391 4392
f 4393 4392 4394
f 4384 4381 4395
f 4384 4395 4396
f 4397 4384 4396
f 4397 4396 4398
f 4399 4397 4398
f 4399 4398 4400
f 4401 4399 4400
f 4401 4400 4402
f 4403 4401 4402
f 4403 4402 4404
f 4405 4403 4404
f 4405 4406 4403
f 4407 4405 4404
f 4407 4404 4408
f 4407 4408 4409
f 4410 4407 4409
f 4410 4409 4411
f 4412 4410 4411
f 4412 4411 4413
f 4382 4412 4413
f 4382 4413 4380
f 4405 4414 4406
f 4414 4415 4406
f 4414 4416 4415
f 4416 4417 4415
f 4416 4418 4417
f 4418 4419 4417
f 4418 4420 4419
f 4420 4421 4419
f 4420 4422 4421
f 4423 4424 4425
f 4423 4426 4424
f 4423 4425 4427
f 4428 4427 4425
f 4429 4423 4427
f 4429 4427 4430
f 4431 4429 4430
f 4431 4430 4432
f 4433 4431 4432
f 4433 4432 4434
f 4435 4433 4434
f 4435 4434 4436
f 4437 4435 4436
f 4437 4436 4438
f 4428 4425 4439
f 4428 4439 4440
f 4441 4428 4440
f 4441 4440 4442
f 4443 4441 4442
f 4443 4442 4444
f 4445 4443 4444
f 4445 4444 4446
f 4447 4445 4446
f 4447 4446 4448
f 4449 4447 4448
f 4449 4450 4447
f 4451 4449 4448
f 4451 4448 4452
f 4451 4452 4453
f 4454 4451 4453
f 4454 4453 4455
f 4456 4454 4455
f 4456 4455 4457
f 4426 4456 4457
f 4426 4457 4424
f 4449 4458 4450
f 4458 4459 4450
f 4458 4460 4459
f 4460 4461 4459
f 4460 4462 4461
f 4462 4463 4461
f 4462 4464 4463
f 4464 4465 4463
f 4464 4466 4465
f 4467 4468 4469
f 4467 4470 4468
f 4467 4469 4471
f 4472 4471 4469
f 4473 4467 4471
f 4473 4471 4474
f 4475 4473 4474
f 4475 4474 4476
f 4477 4475 4476
f 4477 4476 4478
f 4479 4477 4478
f 4479 4478 4480
f 4481 4479 4480
f 4481 4480 4482
f 4472 4469 4483
f 4472 4483 4484
f 4485 4472 4484
f 4485 4484 4486
f 4487 4485 4486
f 4487 4486 4488
f 4489 4487 4488
f 4489 4488 4490
f 4491 4489 4490
f 4491 4490 4492
f 4493 4491 4492
f 4493 4494 4491
f 4495 4493 4492
f 4495 4492 4496
f 4495 4496 4497
f 4498 4495 4497
f 4498 4497 4499
f 4500 4498 4499
f 4500 4499 4501
f 4470 4500 4501
f 4470 4501 4468
f 4493 4502 4494
f 4502 4503 4494
f 4502 4504 4503
f 4504 4505 4503
f 4504 4506 4505
f 4506 4507 4505
f 4506 4508 4507
f 4508 4509 4507
f 4508 4510 4509
f 4511 4512 4513
f 4511 4514 4512
f 4511 4513 4515
f 4516 4515 4513
f 4517 4511 4515
f 4517 4515 4518
f 4519 4517 4518
f 4519 4518 4520
f 4521 4519 4520
f 4521 4520 4522
f 4523 4521 4522
f 4523 4522 4524
f 4525 4523 4524
f 4525 4524 4526
f 4516 4513 4527
f 4516 4527 4528
f 4529 4516 4528
f 4529 4528 4530
f 4531 4529 4530
f 4531 4530 4532
f 4533 4531 4532
f 4533 4532 4534
f 4535 4533 4534
f 4535 4534 4536
f 4537 4535 4536
f 4537 4538 4535
f 4539 4537 4536
f 4539 4536 4540
f 4539 4540 4541
f 4542 4539 4541
f 4542 4541 4543
f 4544 4542 4543
f 4544 4543 4545
f 4514 4544 4545
f 4514 4545 4512
f 4537 4546 4538
f 4546 4547 4538
f 4546 4548 4547
f 4548 4549 4547
f 4548 4550 4549
f 4550 4551 4549
f 4550 4552 4551
f 4552 4553 4551
f 4552 4554 4553
f 4555 4556 4557
f 4555 4558 4556
f 4555 4557 4559
f 4560 4559 4557
f 4561 4555 4559
f 4561 4559 4562
f 4563 4561 4562
f 4563 4562 4564
f 4565 4563 4564
f 4565 4564 4566
f 4567 4565 4566
f 4567 4566 4568
f 4569 4567 4568
f 4569 4568 4570
f 4560 4557 4571
f 4560 4571 4572
f 4573 4560 4572
f 4573 4572 4574
f 4575 4573 4574
f 4575 4574 4576
f 4577 4575 4576
f 4577 4576 4578
f 4579 4577 4578
f 4579 4578 4580
f 4581 4579 4580
f 4581 4582 4579
f 4583 4581 4580
f 4583 4580 4584
f 4583 4584 4585
f 4586 4583 4585
f 4586 4585 4587
f 4588 4586 4587
f 4588 4587 4589
f 4558 4588 4589
f 4558 4589 4556
f 4581 4590 4582
f 4590 4591 4582
f 4590 4592 4591
f 4592 4593 4591
f 4592 4594 4593
f 4594 4595 4593
f 4594 4596 4595
f 4596 4597 4595
f 4596 4598 4597
