3228 3180 0
v -0.042092595 -0.12345045 0.0084375
v -0.041707215 -0.1185903 0.0084375
v -0.040773765 -0.11831979 0.0084375
v -0.04262934 -0.118880325 0.0084375
v -0.039826545 -0.11807208 0.0084375
v -0.039579945 -0.122658555 0.0084375
v -0.038953335 -0.11786178 0.0084375
v -0.03854196 -0.12239007 0.0084375
v -0.038176845 -0.1177038 0.0084375
v -0.037711395 -0.122196165 0.0084375
v -0.03739014 -0.11756292 0.0084375
v -0.03699411 -0.12206433 0.0084375
v -0.036575295 -0.117441255 0.0084375
v -0.0361881 -0.121928235 0.0084375
v -0.0356904 -0.117344715 0.0084375
v -0.03509928 -0.12181281 0.0084375
v -0.034659465 -0.117269655 0.0084375
v -0.03442935 -0.121762125 0.0084375
v -0.033523425 -0.11724171 0.0084375
v -0.03365103 -0.12174207 0.0084375
v -0.03290292 -0.11724351 0.0084375
v -0.03277242 -0.121746435 0.0084375
v -0.03224913 -0.1172631 0.0084375
v -0.0318522 -0.121796625 0.0084375
v -0.03156513 -0.117303555 0.0084375
v -0.030979485 -0.121886895 0.0084375
v -0.030845865 -0.117368715 0.0084375
v -0.030133635 -0.122026575 0.0084375
v -0.030081135 -0.117469815 0.0084375
v -0.029373435 -0.122180385 0.0084375
v -0.02927391 -0.117605085 0.0084375
v -0.02870616 -0.12234612 0.0084375
v -0.028430025 -0.11778318 0.0084375
v -0.02805762 -0.122545275 0.0084375
v -0.027545985 -0.11800248 0.0084375
v -0.02740398 -0.12277968 0.0084375
v -0.026646195 -0.11827347 0.0084375
v -0.02677443 -0.123035475 0.0084375
v -0.026152785 -0.12332241 0.0084375
v -0.02572593 -0.11860197 0.0084375
v -0.025509105 -0.123671865 0.0084375
v -0.02481708 -0.118978215 0.0084375
v -0.024873675 -0.12405576 0.0084375
v -0.02432433 -0.124440975 0.0084375
v -0.02394315 -0.1194012 0.0084375
v -0.023776695 -0.124886955 0.0084375
v -0.02310567 -0.11986326 0.0084375
v -0.02292732 -0.12568506 0.0084375
v -0.02233587 -0.120343275 0.0084375
v -0.022312665 -0.12641871 0.0084375
v -0.02162643 -0.12084537 0.0084375
v -0.021840405 -0.12708348 0.0084375
v -0.02150073 -0.127646655 0.0084375
v -0.020965545 -0.12136551 0.0084375
v -0.021241755 -0.128121435 0.0084375
v -0.02101017 -0.128619525 0.0084375
v -0.02080044 -0.12911103 0.0084375
v -0.020352255 -0.121905945 0.0084375
v -0.020611365 -0.12963969 0.0084375
v -0.020503425 -0.12997287 0.0084375
v -0.020431725 -0.13031451 0.0084375
v -0.020409285 -0.13099632 0.0084375
v -0.02041953 -0.144185535 0.0084375
v -0.019926 -0.143882925 0.0084375
v -0.02051214 -0.131610315 0.0084375
v -0.020784915 -0.1445274 0.0084375
v -0.020676105 -0.13221372 0.0084375
v -0.020888595 -0.132813405 0.0084375
v -0.02105847 -0.14485815 0.0084375
v -0.021149745 -0.13340937 0.0084375
v -0.02126844 -0.145168245 0.0084375
v -0.021433005 -0.14545728 0.0084375
v -0.021464655 -0.134001255 0.0084375
v -0.021563865 -0.145720845 0.0084375
v -0.02167086 -0.14595798 0.0084375
v -0.021762795 -0.146172615 0.0084375
v -0.021825285 -0.13458963 0.0084375
v -0.02184597 -0.14637027 0.0084375
v -0.022132455 -0.147033555 0.0084375
v -0.02221893 -0.135175425 0.0084375
v -0.022431585 -0.14772633 0.0084375
v -0.02251416 -0.141167265 0.0084375
v -0.022744905 -0.148445775 0.0084375
v -0.02260368 -0.140891745 0.0084375
v -0.022658715 -0.1357584 0.0084375
v -0.022838055 -0.140721465 0.0084375
v -0.023119845 -0.13633887 0.0084375
v -0.02312775 -0.140721465 0.0084375
v -0.023362125 -0.140891745 0.0084375
v -0.02345166 -0.141167265 0.0084375
v -0.023569815 -0.13691757 0.0084375
v -0.023739435 -0.150836025 0.0084375
v -0.023401455 -0.149993835 0.0084375
v -0.024025245 -0.137494695 0.0084375
v -0.02406126 -0.151719975 0.0084375
v -0.02437101 -0.152650095 0.0084375
v -0.024458595 -0.138069225 0.0084375
v -0.02463639 -0.15359523 0.0084375
v -0.024838815 -0.13864014 0.0084375
v -0.024847425 -0.15454641 0.0084375
v -0.02501055 -0.15550941 0.0084375
v -0.025035 -0.155774895 0.0084375
v -0.02504889 -0.15603285 0.0084375
v -0.025178205 -0.13920765 0.0084375
v -0.025052235 -0.15628332 0.0084375
v -0.02551092 -0.16302498 0.0084375
v -0.02504505 -0.156526275 0.0084375
v -0.0254694 -0.139772325 0.0084375
v -0.025703325 -0.14033115 0.0084375
v -0.026341035 -0.16281213 0.0084375
v -0.02588364 -0.140883705 0.0084375
v -0.026016585 -0.14144775 0.0084375
v -0.0261282 -0.14438601 0.0084375
v -0.026105445 -0.142033365 0.0084375
v -0.026135265 -0.14491125 0.0084375
v -0.02616492 -0.14564565 0.0084375
v -0.026219595 -0.14630853 0.0084375
v -0.026297145 -0.14690727 0.0084375
v -0.02639124 -0.147463905 0.0084375
v -0.027173865 -0.16263363 0.0084375
v -0.02649312 -0.147969375 0.0084375
v -0.02661153 -0.148432755 0.0084375
v -0.026766495 -0.148903365 0.0084375
v -0.026972505 -0.14941851 0.0084375
v -0.027131595 -0.14976981 0.0084375
v -0.02729997 -0.150105795 0.0084375
v -0.02800941 -0.16248945 0.0084375
v -0.027470625 -0.150407925 0.0084375
v -0.027641955 -0.150671085 0.0084375
v -0.02781816 -0.150906585 0.0084375
v -0.02800104 -0.15112056 0.0084375
v -0.028192425 -0.151319115 0.0084375
v -0.028274895 -0.162465 0.0084375
v -0.028393305 -0.15150702 0.0084375
v -0.028532865 -0.16245111 0.0084375
v -0.02860098 -0.151680255 0.0084375
v -0.02878332 -0.162447765 0.0084375
v -0.02881713 -0.151838055 0.0084375
v -0.028828125 -0.1575 0.0084375
v -0.029026275 -0.162454965 0.0084375
v -0.028920375 -0.15704583 0.0084375
v -0.02904432 -0.15198075 0.0084375
v -0.02917278 -0.156672795 0.0084375
v -0.02928504 -0.152108655 0.0084375
v -0.029549505 -0.156419385 0.0084375
v -0.029540025 -0.15222333 0.0084375
v -0.02980773 -0.15232434 0.0084375
v -0.03 -0.156328125 0.0084375
v -0.03008727 -0.152409105 0.0084375
v -0.030450495 -0.156419385 0.0084375
v -0.030377775 -0.152475075 0.0084375
v -0.03067854 -0.15252015 0.0084375
v -0.03082722 -0.156672795 0.0084375
v -0.03099012 -0.15254598 0.0084375
v -0.031079625 -0.15704583 0.0084375
v -0.031171875 -0.1575 0.0084375
v -0.03131265 -0.152552985 0.0084375
v -0.03120054 -0.16317819 0.0084375
v -0.031079625 -0.15795417 0.0084375
v -0.03142857 -0.163344975 0.0084375
v -0.03164448 -0.163526145 0.0084375
v -0.031646145 -0.152541195 0.0084375
v -0.0318492 -0.16372257 0.0084375
v -0.03199059 -0.15251055 0.0084375
v -0.032043585 -0.16393401 0.0084375
v -0.032228505 -0.164160225 0.0084375
v -0.03240408 -0.164401185 0.0084375
v -0.03256989 -0.16465704 0.0084375
v -0.032651295 -0.152403555 0.0084375
v -0.032725995 -0.16492767 0.0084375
v -0.032872455 -0.165213045 0.0084375
v -0.03300957 -0.165514425 0.0084375
v -0.03313722 -0.16583145 0.0084375
v -0.03325482 -0.166161465 0.0084375
v -0.033302115 -0.15227577 0.0084375
v -0.03336177 -0.166501815 0.0084375
v -0.03345759 -0.16685004 0.0084375
v -0.033542715 -0.16720815 0.0084375
v -0.03361791 -0.167580165 0.0084375
v -0.03368391 -0.16797015 0.0084375
v -0.033741105 -0.16838325 0.0084375
v -0.033789045 -0.16881594 0.0084375
v -0.033827205 -0.16925928 0.0084375
v -0.033855075 -0.1697043 0.0084375
v -0.033872595 -0.170149515 0.0084375
v -0.03394302 -0.152127195 0.0084375
v -0.033879975 -0.17059941 0.0084375
v -0.034106835 -0.179108445 0.0084375
v -0.03387726 -0.17105397 0.0084375
v -0.03455022 -0.179019885 0.0084375
v -0.034575915 -0.151954515 0.0084375
v -0.03502857 -0.178929795 0.0084375
v -0.034946475 -0.1586997 0.0084375
v -0.034949175 -0.158956545 0.0084375
v -0.034955385 -0.158449605 0.0084375
v -0.034975905 -0.15820629 0.0084375
v -0.035008515 -0.157969635 0.0084375
v -0.035053755 -0.15773952 0.0084375
v -0.03511062 -0.157516185 0.0084375
v -0.035178015 -0.157299855 0.0084375
v -0.035200185 -0.15175878 0.0084375
v -0.035254845 -0.157090815 0.0084375
v -0.035340435 -0.156889335 0.0084375
v -0.03543633 -0.15669552 0.0084375
v -0.03554214 -0.15650904 0.0084375
v -0.035657055 -0.15632946 0.0084375
v -0.035780265 -0.156156345 0.0084375
v -0.035809095 -0.151551855 0.0084375
v -0.03591087 -0.155989425 0.0084375
v -0.03609336 -0.155779455 0.0084375
v -0.03628974 -0.15558156 0.0084375
v -0.036398565 -0.151340055 0.0084375
v -0.03650694 -0.155391135 0.0084375
v -0.036687645 -0.15525048 0.0084375
v -0.03688668 -0.155109555 0.0084375
v -0.036971565 -0.15111771 0.0084375
v -0.03710214 -0.154969665 0.0084375
v -0.037330005 -0.15483354 0.0084375
v -0.037525575 -0.15089337 0.0084375
v -0.03756624 -0.15470391 0.0084375
v -0.03780684 -0.154583505 0.0084375
v -0.0380508 -0.154473765 0.0084375
v -0.03805758 -0.15067425 0.0084375
v -0.038302605 -0.154372575 0.0084375
v -0.03856731 -0.150456405 0.0084375
v -0.03864795 -0.15424977 0.0084375
v -0.03900039 -0.15413958 0.0084375
v -0.039059325 -0.15024216 0.0084375
v -0.039354975 -0.154041 0.0084375
v -0.039537765 -0.150034635 0.0084375
v -0.03970563 -0.15395595 0.0084375
v -0.04000017 -0.14983236 0.0084375
v -0.040062915 -0.15388293 0.0084375
v -0.04044054 -0.153819345 0.0084375
v -0.040449015 -0.149636385 0.0084375
v -0.04085058 -0.153762795 0.0084375
v -0.0408882 -0.1494486 0.0084375
v -0.04128867 -0.153713175 0.0084375
v -0.0413169 -0.149268 0.0084375
v -0.041750145 -0.153672645 0.0084375
v -0.041735235 -0.14909556 0.0084375
v -0.042144885 -0.148933605 0.0084375
v -0.042232065 -0.153643395 0.0084375
v -0.04254624 -0.14878149 0.0084375
v -0.042734955 -0.153627435 0.0084375
v -0.04293864 -0.14863965 0.0084375
v -0.0432702 -0.153624435 0.0084375
v -0.043321815 -0.14851062 0.0084375
v -0.04382148 -0.15363282 0.0084375
v -0.043695885 -0.148394775 0.0084375
v -0.044060775 -0.14829159 0.0084375
v -0.04436832 -0.153651105 0.0084375
v -0.044415915 -0.148202895 0.0084375
v -0.04489287 -0.153678225 0.0084375
v -0.0447606 -0.14812956 0.0084375
v -0.045095085 -0.14807085 0.0084375
v -0.04540062 -0.15371523 0.0084375
v -0.04558065 -0.14801223 0.0084375
v -0.04590444 -0.15376179 0.0084375
v -0.045863985 -0.150482895 0.0084375
v -0.045953505 -0.15075843 0.0084375
v -0.045953505 -0.150207375 0.0084375
v -0.04604601 -0.147988665 0.0084375
v -0.04618788 -0.150037095 0.0084375
v -0.04647759 -0.150037095 0.0084375
v -0.046496565 -0.1480032 0.0084375
v -0.046711965 -0.150207375 0.0084375
v -0.046801485 -0.150482895 0.0084375
v -0.046934505 -0.148057635 0.0084375
v -0.04694193 -0.15388071 0.0084375
v -0.046711965 -0.15075843 0.0084375
v -0.04736541 -0.148154055 0.0084375
v -0.047466855 -0.15395067 0.0084375
v -0.047795295 -0.148298325 0.0084375
v -0.04800654 -0.154030845 0.0084375
v -0.048082455 -0.14841879 0.0084375
v -0.048578955 -0.154125165 0.0084375
v -0.048376515 -0.14855499 0.0084375
v -0.04867593 -0.1487094 0.0084375
v -0.04920054 -0.154236855 0.0084375
v -0.04913814 -0.148968105 0.0084375
v -0.049624065 -0.14924739 0.0084375
v -0.04986681 -0.15436455 0.0084375
v -0.050133315 -0.149547855 0.0084375
v -0.050558475 -0.154505265 0.0084375
v -0.05067315 -0.14985765 0.0084375
v -0.051255945 -0.15465612 0.0084375
v -0.051243315 -0.1501779 0.0084375
v -0.051853815 -0.150504075 0.0084375
v -0.051951285 -0.1548165 0.0084375
v -0.052504035 -0.15083643 0.0084375
v -0.052658205 -0.154988985 0.0084375
v -0.053201955 -0.15117249 0.0084375
v -0.053367705 -0.155170155 0.0084375
v -0.05394747 -0.151512315 0.0084375
v -0.054069615 -0.155356395 0.0084375
v -0.0547458 -0.151853715 0.0084375
v -0.05475231 -0.15554409 0.0084375
v -0.05541909 -0.155734635 0.0084375
v -0.05559684 -0.152196465 0.0084375
v -0.05608941 -0.15593343 0.0084375
v -0.056506605 -0.15253968 0.0084375
v -0.05678298 -0.15614592 0.0084375
v -0.057475635 -0.152883105 0.0084375
v -0.057503265 -0.156372315 0.0084375
v -0.05823879 -0.156609405 0.0084375
v -0.058509855 -0.153226215 0.0084375
v -0.0589998 -0.15686187 0.0084375
v -0.059613135 -0.15356859 0.0084375
v -0.059796855 -0.15713451 0.0084375
v -0.06063297 -0.15742872 0.0084375
v -0.060783735 -0.153910425 0.0084375
v -0.061502505 -0.157741935 0.0084375
v -0.06110238 -0.1539984 0.0084375
v -0.06143892 -0.15408303 0.0084375
v -0.0618123 -0.154158675 0.0084375
v -0.062405445 -0.158074125 0.0084375
v -0.06222171 -0.154211775 0.0084375
v -0.062668125 -0.15422685 0.0084375
v -0.063341775 -0.158425305 0.0084375
v -0.06316299 -0.15418503 0.0084375
v -0.063671055 -0.15855087 0.0084375
v -0.06371229 -0.15404985 0.0084375
v -0.063987045 -0.15869628 0.0084375
v -0.064306305 -0.15375168 0.0084375
v -0.064576125 -0.15905457 0.0084375
v -0.064587555 -0.15352875 0.0084375
v -0.064842045 -0.159284115 0.0084375
v -0.06483723 -0.153268815 0.0084375
v -0.06508125 -0.159549555 0.0084375
v -0.0651966 -0.15269034 0.0084375
v -0.065290545 -0.159847785 0.0084375
v -0.06538695 -0.152127675 0.0084375
v -0.065458845 -0.160172565 0.0084375
v -0.06546861 -0.151629105 0.0084375
v -0.065586135 -0.160514955 0.0084375
v -0.065488185 -0.151181055 0.0084375
v -0.065451435 -0.137644845 0.0084375
v -0.0656688 -0.1608693 0.0084375
v -0.06546528 -0.150757935 0.0084375
v -0.06541287 -0.15035844 0.0084375
v -0.064980045 -0.13682385 0.0084375
v -0.06534621 -0.149998215 0.0084375
v -0.065274855 -0.14966487 0.0084375
v -0.064614765 -0.147132525 0.0084375
v -0.06449085 -0.1360164 0.0084375
v -0.06398406 -0.13522362 0.0084375
v -0.063779625 -0.14466876 0.0084375
v -0.06345774 -0.13444095 0.0084375
v -0.06291276 -0.133669605 0.0084375
v -0.062766615 -0.14226777 0.0084375
v -0.06235011 -0.13291104 0.0084375
v -0.061770795 -0.132166665 0.0084375
v -0.06158121 -0.139940865 0.0084375
v -0.061175445 -0.131437485 0.0084375
v -0.060562425 -0.130721385 0.0084375
v -0.06023388 -0.137711385 0.0084375
v -0.0599322 -0.130018845 0.0084375
v -0.05928579 -0.129330945 0.0084375
v -0.05872533 -0.135578655 0.0084375
v -0.05862417 -0.128658735 0.0084375
v -0.05794824 -0.12800322 0.0084375
v -0.057256455 -0.12736302 0.0084375
v -0.057071715 -0.133566645 0.0084375
v -0.05654871 -0.126737925 0.0084375
v -0.05582637 -0.12612906 0.0084375
v -0.055271625 -0.13167312 0.0084375
v -0.055090785 -0.12553749 0.0084375
v -0.054343305 -0.12496437 0.0084375
v -0.053583825 -0.12440961 0.0084375
v -0.05334579 -0.129919875 0.0084375
v -0.05281101 -0.12387213 0.0084375
v -0.05202549 -0.123352425 0.0084375
v -0.05129205 -0.128305395 0.0084375
v -0.051227985 -0.12285099 0.0084375
v -0.050419125 -0.122368365 0.0084375
v -0.04959936 -0.121904715 0.0084375
v -0.049133745 -0.12684708 0.0084375
v -0.048767955 -0.121459215 0.0084375
v -0.04792497 -0.12103224 0.0084375
v -0.047070525 -0.1206243 0.0084375
v -0.046871535 -0.125546025 0.0084375
v -0.04620477 -0.120235935 0.0084375
v -0.04532784 -0.11986758 0.0084375
v -0.04452171 -0.124412055 0.0084375
v -0.04443966 -0.119518965 0.0084375
v -0.04354017 -0.11918988 0.0084375
v -0.065719155 -0.161539755 0.0084375
v -0.0659034 -0.138475155 0.0084375
v -0.0659376 -0.17183715 0.0084375
v -0.065662455 -0.16213176 0.0084375
v -0.066334335 -0.13931055 0.0084375
v -0.06641031 -0.171217845 0.0084375
v -0.06674265 -0.1401468 0.0084375
v -0.06685023 -0.17060067 0.0084375
v -0.06712863 -0.1409883 0.0084375
v -0.067256025 -0.169985565 0.0084375
v -0.067493655 -0.1418397 0.0084375
v -0.06762831 -0.169370055 0.0084375
v -0.06783705 -0.142693635 0.0084375
v -0.067970535 -0.168759495 0.0084375
v -0.0681582 -0.143542695 0.0084375
v -0.068284155 -0.168160665 0.0084375
v -0.0684564 -0.144379485 0.0084375
v -0.06856287 -0.167579325 0.0084375
v -0.06873054 -0.14520087 0.0084375
v -0.068816415 -0.166999215 0.0084375
v -0.06897966 -0.14601591 0.0084375
v -0.069057405 -0.16640112 0.0084375
v -0.06920583 -0.14682216 0.0084375
v -0.06929199 -0.165777045 0.0084375
v -0.06941139 -0.147615975 0.0084375
v -0.06951369 -0.16513632 0.0084375
v -0.06959865 -0.14839374 0.0084375
v -0.069717585 -0.16448277 0.0084375
v -0.06976935 -0.14915214 0.0084375
v -0.069899265 -0.163820535 0.0084375
v -0.06998658 -0.15025719 0.0084375
v -0.070060065 -0.16315203 0.0084375
v -0.070162635 -0.15132726 0.0084375
v -0.070201125 -0.162470355 0.0084375
v -0.070307625 -0.152365215 0.0084375
v -0.070322805 -0.16176732 0.0084375
v -0.070425735 -0.16104018 0.0084375
v -0.070426455 -0.153373305 0.0084375
v -0.070509675 -0.16029276 0.0084375
v -0.070512975 -0.154350405 0.0084375
v -0.07057326 -0.159522855 0.0084375
v -0.07057338 -0.15529494 0.0084375
v -0.070615275 -0.158728965 0.0084375
v -0.0706146 -0.15620526 0.0084375
v -0.0706362 -0.15707721 0.0084375
v -0.070636275 -0.157915605 0.0084375
v -0.06555213 -0.1626552 0.0084375
v -0.06543159 -0.17244954 0.0084375
v -0.065391525 -0.163239915 0.0084375
v -0.06521919 -0.163794885 0.0084375
v -0.06504123 -0.164304195 0.0084375
v -0.064890735 -0.173049015 0.0084375
v -0.064841655 -0.164829135 0.0084375
v -0.06466359 -0.165271035 0.0084375
v -0.064393965 -0.16585644 0.0084375
v -0.064311225 -0.17364468 0.0084375
v -0.06404346 -0.166557795 0.0084375
v -0.06370116 -0.174225975 0.0084375
v -0.06359982 -0.167325915 0.0084375
v -0.063121005 -0.168081555 0.0084375
v -0.063070455 -0.17477826 0.0084375
v -0.062492895 -0.16894047 0.0084375
v -0.062417745 -0.175298835 0.0084375
v -0.06171633 -0.1698555 0.0084375
v -0.06174036 -0.175793505 0.0084375
v -0.061050675 -0.17625636 0.0084375
v -0.060860295 -0.17072889 0.0084375
v -0.060360345 -0.17668164 0.0084375
v -0.05995263 -0.171513075 0.0084375
v -0.059668725 -0.177068445 0.0084375
v -0.05902341 -0.172204635 0.0084375
v -0.05896821 -0.17742246 0.0084375
v -0.058021395 -0.172834545 0.0084375
v -0.058251555 -0.177749865 0.0084375
v -0.05751606 -0.17805342 0.0084375
v -0.056907405 -0.17341728 0.0084375
v -0.0567651 -0.178330125 0.0084375
v -0.05561907 -0.1739616 0.0084375
v -0.05599761 -0.17857965 0.0084375
v -0.05521083 -0.17880183 0.0084375
v -0.05485185 -0.174224505 0.0084375
v -0.054392895 -0.17899755 0.0084375
v -0.053989275 -0.174468165 0.0084375
v -0.05356248 -0.179165655 0.0084375
v -0.0530313 -0.174689565 0.0084375
v -0.05274561 -0.179304405 0.0084375
v -0.0520338 -0.174860865 0.0084375
v -0.05195217 -0.179410365 0.0084375
v -0.05100873 -0.174983085 0.0084375
v -0.05116905 -0.179484195 0.0084375
v -0.050406615 -0.179534025 0.0084375
v -0.05000457 -0.17505096 0.0084375
v -0.04967547 -0.17956728 0.0084375
v -0.049013025 -0.175075065 0.0084375
v -0.04897605 -0.179579055 0.0084375
v -0.048036105 -0.17506377 0.0084375
v -0.04830255 -0.17957202 0.0084375
v -0.04764993 -0.17955333 0.0084375
v -0.047073855 -0.175020855 0.0084375
v -0.0470154 -0.179525535 0.0084375
v -0.04612665 -0.174947415 0.0084375
v -0.04640148 -0.17948442 0.0084375
v -0.045234435 -0.179384865 0.0084375
v -0.045195225 -0.174858135 0.0084375
v -0.044274165 -0.174754785 0.0084375
v -0.044151825 -0.17927046 0.0084375
v -0.042360885 -0.17453013 0.0084375
v -0.04313328 -0.17915343 0.0084375
v -0.042172935 -0.17903838 0.0084375
v -0.041990325 -0.1744887 0.0084375
v -0.04163493 -0.174423855 0.0084375
v -0.041294475 -0.174337095 0.0084375
v -0.04126992 -0.17893662 0.0084375
v -0.04097016 -0.174216225 0.0084375
v -0.040662945 -0.174059985 0.0084375
v -0.0404214 -0.1788495 0.0084375
v -0.040379235 -0.1738665 0.0084375
v -0.04012359 -0.17364081 0.0084375
v -0.039906 -0.173389275 0.0084375
v -0.039614265 -0.178782945 0.0084375
v -0.03958167 -0.172839 0.0084375
v -0.039390585 -0.172290255 0.0084375
v -0.03927036 -0.171803775 0.0084375
v -0.038912805 -0.17059452 0.0084375
v -0.03884802 -0.17873742 0.0084375
v -0.03843966 -0.16932555 0.0084375
v -0.038168895 -0.168663345 0.0084375
v -0.038119455 -0.178715055 0.0084375
v -0.03787647 -0.1679814 0.0084375
v -0.03757167 -0.16727826 0.0084375
v -0.03748584 -0.173832735 0.0084375
v -0.0372552 -0.16655559 0.0084375
v -0.03742713 -0.17871525 0.0084375
v -0.03739632 -0.174108255 0.0084375
v -0.037161945 -0.174278535 0.0084375
v -0.03687225 -0.174278535 0.0084375
v -0.036769995 -0.178737975 0.0084375
v -0.036637875 -0.174108255 0.0084375
v -0.03654834 -0.173832735 0.0084375
v -0.03614679 -0.178783905 0.0084375
v -0.036282945 -0.16422222 0.0084375
v -0.03596958 -0.16336965 0.0084375
v -0.03660759 -0.16503045 0.0084375
v -0.036637875 -0.1735572 0.0084375
v -0.03687225 -0.173386935 0.0084375
v -0.03693237 -0.165807465 0.0084375
v -0.037161945 -0.173386935 0.0084375
v -0.03739632 -0.1735572 0.0084375
v -0.03566493 -0.1624749 0.0084375
v -0.035559885 -0.17885166 0.0084375
v -0.035398695 -0.16153053 0.0084375
v -0.03517509 -0.16053531 0.0084375
v -0.03498945 -0.15949059 0.0084375
v -0.0349635 -0.159220185 0.0084375
v -0.04647759 -0.15092871 0.0084375
v -0.046416615 -0.153817365 0.0084375
v -0.04618788 -0.15092871 0.0084375
v -0.03386442 -0.171513225 0.0084375
v -0.0338148 -0.172210725 0.0084375
v -0.033657675 -0.172911885 0.0084375
v -0.03363753 -0.17919222 0.0084375
v -0.03335085 -0.17356059 0.0084375
v -0.033094905 -0.17927625 0.0084375
v -0.03290787 -0.17410794 0.0084375
v -0.032486145 -0.179354145 0.0084375
v -0.032345895 -0.17452839 0.0084375
v -0.03182859 -0.179418975 0.0084375
v -0.03169596 -0.17481147 0.0084375
v -0.031122825 -0.179466345 0.0084375
v -0.03099825 -0.17495352 0.0084375
v -0.030354765 -0.179492055 0.0084375
v -0.03033546 -0.17499186 0.0084375
v -0.0295125 -0.179489535 0.0084375
v -0.029439435 -0.17498643 0.0084375
v -0.0285921 -0.179450025 0.0084375
v -0.028466445 -0.17492814 0.0084375
v -0.02758875 -0.17936286 0.0084375
v -0.02741205 -0.174803085 0.0084375
v -0.026486535 -0.17921325 0.0084375
v -0.02627013 -0.174593205 0.0084375
v -0.025892685 -0.17910774 0.0084375
v -0.02503728 -0.174276525 0.0084375
v -0.02526918 -0.17898093 0.0084375
v -0.02461359 -0.1788249 0.0084375
v -0.023712945 -0.17382597 0.0084375
v -0.023923575 -0.178639245 0.0084375
v -0.02320416 -0.178419135 0.0084375
v -0.02230119 -0.17320926 0.0084375
v -0.022456335 -0.17816049 0.0084375
v -0.021683805 -0.17786298 0.0084375
v -0.020810895 -0.17238564 0.0084375
v -0.020895315 -0.17752125 0.0084375
v -0.02009013 -0.177136425 0.0084375
v -0.02003751 -0.17187453 0.0084375
v -0.01928442 -0.176707485 0.0084375
v -0.01924518 -0.171298965 0.0084375
v -0.018975315 -0.17108328 0.0084375
v -0.018690855 -0.17083914 0.0084375
v -0.018474795 -0.17623296 0.0084375
v -0.01837983 -0.17053911 0.0084375
v -0.01805382 -0.17016312 0.0084375
v -0.01773642 -0.16969476 0.0084375
v -0.01768263 -0.175722615 0.0084375
v -0.01746624 -0.169121115 0.0084375
v -0.01730991 -0.16844115 0.0084375
v -0.016913175 -0.17517774 0.0084375
v -0.017297445 -0.16807854 0.0084375
v -0.01690062 -0.161379975 0.0084375
v -0.017338065 -0.16772697 0.0084375
v -0.016446045 -0.16137726 0.0084375
v -0.01616862 -0.174601875 0.0084375
v -0.01598679 -0.16136442 0.0084375
v -0.0154554 -0.173999835 0.0084375
v -0.015265995 -0.161310555 0.0084375
v -0.014883915 -0.161241495 0.0084375
v -0.014770965 -0.173370075 0.0084375
v -0.01451274 -0.161130135 0.0084375
v -0.014157 -0.16097448 0.0084375
v -0.014136015 -0.164517105 0.0084375
v -0.013831485 -0.160779765 0.0084375
v -0.01411491 -0.17271351 0.0084375
v -0.014046495 -0.164792625 0.0084375
v -0.01381212 -0.164962905 0.0084375
v -0.01352241 -0.164962905 0.0084375
v -0.013487355 -0.17202996 0.0084375
v -0.013288035 -0.164792625 0.0084375
v -0.013198515 -0.164517105 0.0084375
v -0.01289286 -0.159700515 0.0084375
v -0.0128886 -0.17131956 0.0084375
v -0.013284135 -0.160288095 0.0084375
v -0.013288035 -0.16424157 0.0084375
v -0.01352241 -0.16407129 0.0084375
v -0.013537725 -0.1605486 0.0084375
v -0.01381212 -0.16407129 0.0084375
v -0.014046495 -0.16424157 0.0084375
v -0.012652065 -0.159065415 0.0084375
v -0.01253955 -0.158427795 0.0084375
v -0.01250814 -0.15783549 0.0084375
v -0.012317985 -0.170581485 0.0084375
v -0.01240749 -0.144102645 0.0084375
v -0.01250736 -0.15720612 0.0084375
v -0.012158085 -0.14453868 0.0084375
v -0.011870595 -0.14502453 0.0084375
v -0.01177938 -0.1698204 0.0084375
v -0.011593245 -0.145459665 0.0084375
v -0.01131444 -0.145897005 0.0084375
v -0.011273655 -0.169037145 0.0084375
v -0.011009265 -0.14640357 0.0084375
v -0.010801515 -0.168233205 0.0084375
v -0.010676985 -0.14699283 0.0084375
v -0.01036401 -0.167409975 0.0084375
v -0.01033383 -0.14765019 0.0084375
v -0.009983505 -0.148383105 0.0084375
v -0.009961395 -0.16656837 0.0084375
v -0.009631545 -0.14919867 0.0084375
v -0.00959586 -0.16571316 0.0084375
v -0.009283695 -0.15010869 0.0084375
v -0.009267 -0.164843565 0.0084375
v -0.008948625 -0.151124535 0.0084375
v -0.008975355 -0.163961235 0.0084375
v -0.00872076 -0.163065885 0.0084375
v -0.008635635 -0.15226785 0.0084375
v -0.00850416 -0.16215954 0.0084375
v -0.00849252 -0.15289626 0.0084375
v -0.00835914 -0.15356685 0.0084375
v -0.008325585 -0.161240265 0.0084375
v -0.0082416 -0.154280295 0.0084375
v -0.00818586 -0.16031493 0.0084375
v -0.00814335 -0.155040195 0.0084375
v -0.008086605 -0.159386445 0.0084375
v -0.008066805 -0.15584253 0.0084375
v -0.008026665 -0.158460375 0.0084375
v -0.00802104 -0.15668259 0.0084375
v -0.00800472 -0.15756033 0.0084375
v -0.01252929 -0.15657696 0.0084375
v -0.012573915 -0.155947755 0.0084375
v -0.01264131 -0.155319765 0.0084375
v -0.01266738 -0.14361645 0.0084375
v -0.01273152 -0.154693275 0.0084375
v -0.01284459 -0.15406944 0.0084375
v -0.012887205 -0.143160645 0.0084375
v -0.01298052 -0.153448515 0.0084375
v -0.01310577 -0.142672455 0.0084375
v -0.01313892 -0.152833185 0.0084375
v -0.013319235 -0.15222471 0.0084375
v -0.01333557 -0.14210688 0.0084375
v -0.01352004 -0.15162756 0.0084375
v -0.0135729 -0.14146143 0.0084375
v -0.0137397 -0.15104397 0.0084375
v -0.013810365 -0.14073603 0.0084375
v -0.013976205 -0.15047781 0.0084375
v -0.01404255 -0.13990962 0.0084375
v -0.014226375 -0.149932005 0.0084375
v -0.014262405 -0.13898025 0.0084375
v -0.014487375 -0.149410665 0.0084375
v -0.014445765 -0.138049725 0.0084375
v -0.014615985 -0.137051715 0.0084375
v -0.01476054 -0.14890755 0.0084375
v -0.014776575 -0.136034565 0.0084375
v -0.01504572 -0.14842308 0.0084375
v -0.014911755 -0.1350729 0.0084375
v -0.01502748 -0.13422507 0.0084375
v -0.015136395 -0.133496295 0.0084375
v -0.015677775 -0.14742381 0.0084375
v -0.0152463 -0.132817275 0.0084375
v -0.015359115 -0.13212852 0.0084375
v -0.01547925 -0.131481975 0.0084375
v -0.015636645 -0.130728825 0.0084375
v -0.015804645 -0.130008405 0.0084375
v -0.016105185 -0.146699025 0.0084375
v -0.016016175 -0.129227505 0.0084375
v -0.01628748 -0.128367765 0.0084375
v -0.016447005 -0.146097705 0.0084375
v -0.01654197 -0.145921485 0.0084375
v -0.016610865 -0.127480875 0.0084375
v -0.01664535 -0.14572848 0.0084375
v -0.0167604 -0.145518915 0.0084375
v -0.01689168 -0.145294065 0.0084375
v -0.016989765 -0.12658743 0.0084375
v -0.017046645 -0.145053165 0.0084375
v -0.017236485 -0.144794775 0.0084375
v -0.0174615 -0.125647695 0.0084375
v -0.017475405 -0.1445199 0.0084375
v -0.0177498 -0.125141445 0.0084375
v -0.017783325 -0.14423214 0.0084375
v -0.01807578 -0.12462243 0.0084375
v -0.01819086 -0.14395386 0.0084375
v -0.01843827 -0.12408987 0.0084375
v -0.018723675 -0.143753115 0.0084375
v -0.018844275 -0.12354963 0.0084375
v -0.01933209 -0.14371773 0.0084375
v -0.01929402 -0.12300168 0.0084375
v -0.01979346 -0.12245205 0.0084375
v -0.01735053 -0.16137258 0.0084375
v -0.017537205 -0.167112555 0.0084375
v -0.017795745 -0.161355075 0.0084375
v -0.017831895 -0.1666335 0.0084375
v -0.018156675 -0.166272015 0.0084375
v -0.018240765 -0.161327205 0.0084375
v -0.01847736 -0.16599528 0.0084375
v -0.01868409 -0.161289045 0.0084375
v -0.01878444 -0.165779415 0.0084375
v -0.019073685 -0.165607635 0.0084375
v -0.019116765 -0.161241105 0.0084375
v -0.019345275 -0.16546596 0.0084375
v -0.01952985 -0.161183895 0.0084375
v -0.01959417 -0.16534794 0.0084375
v -0.019818075 -0.16524768 0.0084375
v -0.019919835 -0.16111791 0.0084375
v -0.020018475 -0.16515996 0.0084375
v -0.020291865 -0.161042715 0.0084375
v -0.020731425 -0.16483485 0.0084375
v -0.020649975 -0.16095759 0.0084375
v -0.0209982 -0.16086177 0.0084375
v -0.021468915 -0.164515605 0.0084375
v -0.02133855 -0.16075482 0.0084375
v -0.02166855 -0.16063722 0.0084375
v -0.02223093 -0.16420224 0.0084375
v -0.021985575 -0.16050957 0.0084375
v -0.02228697 -0.160372455 0.0084375
v -0.02302134 -0.163889715 0.0084375
v -0.02257233 -0.160225995 0.0084375
v -0.022842975 -0.16006989 0.0084375
v -0.023098815 -0.15990408 0.0084375
v -0.023843685 -0.16357341 0.0084375
v -0.02333979 -0.159728505 0.0084375
v -0.02356599 -0.15954357 0.0084375
v -0.02377743 -0.1593492 0.0084375
v -0.023973855 -0.15914448 0.0084375
v -0.024679635 -0.163277205 0.0084375
v -0.02415504 -0.158928585 0.0084375
v -0.024321825 -0.15870054 0.0084375
v -0.02447403 -0.15846108 0.0084375
v -0.02460987 -0.15821175 0.0084375
v -0.024727545 -0.157954125 0.0084375
v -0.024827205 -0.157690155 0.0084375
v -0.0249096 -0.157418505 0.0084375
v -0.024959535 -0.15720768 0.0084375
v -0.02499888 -0.15698916 0.0084375
v -0.025027305 -0.15676173 0.0084375
v -0.03096108 -0.163025985 0.0084375
v -0.03082722 -0.158327205 0.0084375
v -0.030711765 -0.162890145 0.0084375
v -0.030450495 -0.158580615 0.0084375
v -0.030454125 -0.162772455 0.0084375
v -0.030190155 -0.16267278 0.0084375
v -0.03 -0.158671875 0.0084375
v -0.029918505 -0.162590385 0.0084375
v -0.029549505 -0.158580615 0.0084375
v -0.029707665 -0.162540465 0.0084375
v -0.029489175 -0.16250112 0.0084375
v -0.02917278 -0.158327205 0.0084375
v -0.02926173 -0.162472695 0.0084375
v -0.028920375 -0.15795417 0.0084375
v -0.02613132 -0.14383227 0.0084375
v -0.026144595 -0.14325 0.0084375
v -0.023362125 -0.1414428 0.0084375
v -0.02312775 -0.141613065 0.0084375
v -0.02307003 -0.1491963 0.0084375
v -0.022838055 -0.141613065 0.0084375
v -0.02260368 -0.1414428 0.0084375
v -0.040773765 -0.11831979 0.0159375
v -0.040773765 -0.11831979 0.0084375
v -0.041707215 -0.1185903 0.0084375
v -0.039826545 -0.11807208 0.0159375
v -0.041707215 -0.1185903 0.0159375
v -0.04262934 -0.118880325 0.0084375
v -0.04262934 -0.118880325 0.0159375
v -0.04354017 -0.11918988 0.0084375
v -0.04354017 -0.11918988 0.0159375
v -0.04443966 -0.119518965 0.0084375
v -0.04443966 -0.119518965 0.0159375
v -0.04532784 -0.11986758 0.0084375
v -0.04532784 -0.11986758 0.0159375
v -0.04620477 -0.120235935 0.0084375
v -0.04620477 -0.120235935 0.0159375
v -0.047070525 -0.1206243 0.0084375
v -0.047070525 -0.1206243 0.0159375
v -0.04792497 -0.12103224 0.0084375
v -0.04792497 -0.12103224 0.0159375
v -0.048767955 -0.121459215 0.0084375
v -0.048767955 -0.121459215 0.0159375
v -0.04959936 -0.121904715 0.0084375
v -0.04959936 -0.121904715 0.0159375
v -0.050419125 -0.122368365 0.0084375
v -0.050419125 -0.122368365 0.0159375
v -0.051227985 -0.12285099 0.0084375
v -0.051227985 -0.12285099 0.0159375
v -0.05202549 -0.123352425 0.0084375
v -0.05202549 -0.123352425 0.0159375
v -0.05281101 -0.12387213 0.0084375
v -0.05281101 -0.12387213 0.0159375
v -0.053583825 -0.12440961 0.0084375
v -0.053583825 -0.12440961 0.0159375
v -0.054343305 -0.12496437 0.0084375
v -0.054343305 -0.12496437 0.0159375
v -0.055090785 -0.12553749 0.0084375
v -0.055090785 -0.12553749 0.0159375
v -0.05582637 -0.12612906 0.0084375
v -0.05582637 -0.12612906 0.0159375
v -0.05654871 -0.126737925 0.0084375
v -0.05654871 -0.126737925 0.0159375
v -0.057256455 -0.12736302 0.0084375
v -0.057256455 -0.12736302 0.0159375
v -0.05794824 -0.12800322 0.0084375
v -0.05794824 -0.12800322 0.0159375
v -0.05862417 -0.128658735 0.0084375
v -0.05862417 -0.128658735 0.0159375
v -0.05928579 -0.129330945 0.0084375
v -0.05928579 -0.129330945 0.0159375
v -0.0599322 -0.130018845 0.0084375
v -0.0599322 -0.130018845 0.0159375
v -0.060562425 -0.130721385 0.0084375
v -0.060562425 -0.130721385 0.0159375
v -0.061175445 -0.131437485 0.0084375
v -0.061175445 -0.131437485 0.0159375
v -0.061770795 -0.132166665 0.0084375
v -0.061770795 -0.132166665 0.0159375
v -0.06235011 -0.13291104 0.0084375
v -0.06235011 -0.13291104 0.0159375
v -0.06291276 -0.133669605 0.0084375
v -0.06291276 -0.133669605 0.0159375
v -0.06345774 -0.13444095 0.0084375
v -0.06345774 -0.13444095 0.0159375
v -0.06398406 -0.13522362 0.0084375
v -0.06398406 -0.13522362 0.0159375
v -0.06449085 -0.1360164 0.0084375
v -0.06449085 -0.1360164 0.0159375
v -0.064980045 -0.13682385 0.0084375
v -0.064980045 -0.13682385 0.0159375
v -0.065451435 -0.137644845 0.0084375
v -0.065451435 -0.137644845 0.0159375
v -0.0659034 -0.138475155 0.0084375
v -0.0659034 -0.138475155 0.0159375
v -0.066334335 -0.13931055 0.0084375
v -0.066334335 -0.13931055 0.0159375
v -0.06674265 -0.1401468 0.0084375
v -0.06674265 -0.1401468 0.0159375
v -0.06712863 -0.1409883 0.0084375
v -0.06712863 -0.1409883 0.0159375
v -0.067493655 -0.1418397 0.0084375
v -0.067493655 -0.1418397 0.0159375
v -0.06783705 -0.142693635 0.0084375
v -0.06783705 -0.142693635 0.0159375
v -0.0681582 -0.143542695 0.0084375
v -0.0681582 -0.143542695 0.0159375
v -0.0684564 -0.144379485 0.0084375
v -0.0684564 -0.144379485 0.0159375
v -0.06873054 -0.14520087 0.0084375
v -0.06873054 -0.14520087 0.0159375
v -0.06897966 -0.14601591 0.0084375
v -0.06897966 -0.14601591 0.0159375
v -0.06920583 -0.14682216 0.0084375
v -0.06920583 -0.14682216 0.0159375
v -0.06941139 -0.147615975 0.0084375
v -0.06941139 -0.147615975 0.0159375
v -0.06959865 -0.14839374 0.0084375
v -0.06959865 -0.14839374 0.0159375
v -0.06976935 -0.14915214 0.0084375
v -0.06976935 -0.14915214 0.0159375
v -0.06998658 -0.15025719 0.0084375
v -0.06998658 -0.15025719 0.0159375
v -0.070162635 -0.15132726 0.0084375
v -0.070162635 -0.15132726 0.0159375
v -0.070307625 -0.152365215 0.0084375
v -0.070307625 -0.152365215 0.0159375
v -0.070426455 -0.153373305 0.0084375
v -0.070426455 -0.153373305 0.0159375
v -0.070512975 -0.154350405 0.0084375
v -0.070512975 -0.154350405 0.0159375
v -0.07057338 -0.15529494 0.0084375
v -0.07057338 -0.15529494 0.0159375
v -0.0706146 -0.15620526 0.0084375
v -0.0706146 -0.15620526 0.0159375
v -0.0706362 -0.15707721 0.0084375
v -0.0706362 -0.15707721 0.0159375
v -0.070636275 -0.157915605 0.0084375
v -0.070636275 -0.157915605 0.0159375
v -0.070615275 -0.158728965 0.0084375
v -0.070615275 -0.158728965 0.0159375
v -0.07057326 -0.159522855 0.0084375
v -0.07057326 -0.159522855 0.0159375
v -0.070509675 -0.16029276 0.0084375
v -0.070509675 -0.16029276 0.0159375
v -0.070425735 -0.16104018 0.0084375
v -0.070425735 -0.16104018 0.0159375
v -0.070322805 -0.16176732 0.0084375
v -0.070322805 -0.16176732 0.0159375
v -0.070201125 -0.162470355 0.0084375
v -0.070201125 -0.162470355 0.0159375
v -0.070060065 -0.16315203 0.0084375
v -0.070060065 -0.16315203 0.0159375
v -0.069899265 -0.163820535 0.0084375
v -0.069899265 -0.163820535 0.0159375
v -0.069717585 -0.16448277 0.0084375
v -0.069717585 -0.16448277 0.0159375
v -0.06951369 -0.16513632 0.0084375
v -0.06951369 -0.16513632 0.0159375
v -0.06929199 -0.165777045 0.0084375
v -0.06929199 -0.165777045 0.0159375
v -0.069057405 -0.16640112 0.0084375
v -0.069057405 -0.16640112 0.0159375
v -0.068816415 -0.166999215 0.0084375
v -0.068816415 -0.166999215 0.0159375
v -0.06856287 -0.167579325 0.0084375
v -0.06856287 -0.167579325 0.0159375
v -0.068284155 -0.168160665 0.0084375
v -0.068284155 -0.168160665 0.0159375
v -0.067970535 -0.168759495 0.0084375
v -0.067970535 -0.168759495 0.0159375
v -0.06762831 -0.169370055 0.0084375
v -0.06762831 -0.169370055 0.0159375
v -0.067256025 -0.169985565 0.0084375
v -0.067256025 -0.169985565 0.0159375
v -0.06685023 -0.17060067 0.0084375
v -0.06685023 -0.17060067 0.0159375
v -0.06641031 -0.171217845 0.0084375
v -0.06641031 -0.171217845 0.0159375
v -0.0659376 -0.17183715 0.0084375
v -0.0659376 -0.17183715 0.0159375
v -0.06543159 -0.17244954 0.0084375
v -0.06543159 -0.17244954 0.0159375
v -0.064890735 -0.173049015 0.0084375
v -0.064890735 -0.173049015 0.0159375
v -0.064311225 -0.17364468 0.0084375
v -0.064311225 -0.17364468 0.0159375
v -0.06370116 -0.174225975 0.0084375
v -0.06370116 -0.174225975 0.0159375
v -0.063070455 -0.17477826 0.0084375
v -0.063070455 -0.17477826 0.0159375
v -0.062417745 -0.175298835 0.0084375
v -0.062417745 -0.175298835 0.0159375
v -0.06174036 -0.175793505 0.0084375
v -0.06174036 -0.175793505 0.0159375
v -0.061050675 -0.17625636 0.0084375
v -0.061050675 -0.17625636 0.0159375
v -0.060360345 -0.17668164 0.0084375
v -0.060360345 -0.17668164 0.0159375
v -0.059668725 -0.177068445 0.0084375
v -0.059668725 -0.177068445 0.0159375
v -0.05896821 -0.17742246 0.0084375
v -0.05896821 -0.17742246 0.0159375
v -0.058251555 -0.177749865 0.0084375
v -0.058251555 -0.177749865 0.0159375
v -0.05751606 -0.17805342 0.0084375
v -0.05751606 -0.17805342 0.0159375
v -0.0567651 -0.178330125 0.0084375
v -0.0567651 -0.178330125 0.0159375
v -0.05599761 -0.17857965 0.0084375
v -0.05599761 -0.17857965 0.0159375
v -0.05521083 -0.17880183 0.0084375
v -0.05521083 -0.17880183 0.0159375
v -0.054392895 -0.17899755 0.0084375
v -0.054392895 -0.17899755 0.0159375
v -0.05356248 -0.179165655 0.0084375
v -0.05356248 -0.179165655 0.0159375
v -0.05274561 -0.179304405 0.0084375
v -0.05274561 -0.179304405 0.0159375
v -0.05195217 -0.179410365 0.0084375
v -0.05195217 -0.179410365 0.0159375
v -0.05116905 -0.179484195 0.0084375
v -0.05116905 -0.179484195 0.0159375
v -0.050406615 -0.179534025 0.0084375
v -0.050406615 -0.179534025 0.0159375
v -0.04967547 -0.17956728 0.0084375
v -0.04967547 -0.17956728 0.0159375
v -0.04897605 -0.179579055 0.0084375
v -0.04897605 -0.179579055 0.0159375
v -0.04830255 -0.17957202 0.0084375
v -0.04830255 -0.17957202 0.0159375
v -0.04764993 -0.17955333 0.0084375
v -0.04764993 -0.17955333 0.0159375
v -0.0470154 -0.179525535 0.0084375
v -0.0470154 -0.179525535 0.0159375
v -0.04640148 -0.17948442 0.0084375
v -0.04640148 -0.17948442 0.0159375
v -0.045234435 -0.179384865 0.0084375
v -0.045234435 -0.179384865 0.0159375
v -0.044151825 -0.17927046 0.0084375
v -0.044151825 -0.17927046 0.0159375
v -0.04313328 -0.17915343 0.0084375
v -0.04313328 -0.17915343 0.0159375
v -0.042172935 -0.17903838 0.0084375
v -0.042172935 -0.17903838 0.0159375
v -0.04126992 -0.17893662 0.0084375
v -0.04126992 -0.17893662 0.0159375
v -0.0404214 -0.1788495 0.0084375
v -0.0404214 -0.1788495 0.0159375
v -0.039614265 -0.178782945 0.0084375
v -0.039614265 -0.178782945 0.0159375
v -0.03884802 -0.17873742 0.0084375
v -0.03884802 -0.17873742 0.0159375
v -0.038119455 -0.178715055 0.0084375
v -0.038119455 -0.178715055 0.0159375
v -0.03742713 -0.17871525 0.0084375
v -0.03742713 -0.17871525 0.0159375
v -0.036769995 -0.178737975 0.0084375
v -0.036769995 -0.178737975 0.0159375
v -0.03614679 -0.178783905 0.0084375
v -0.03614679 -0.178783905 0.0159375
v -0.035559885 -0.17885166 0.0084375
v -0.035559885 -0.17885166 0.0159375
v -0.03502857 -0.178929795 0.0084375
v -0.03502857 -0.178929795 0.0159375
v -0.03455022 -0.179019885 0.0084375
v -0.03455022 -0.179019885 0.0159375
v -0.034106835 -0.179108445 0.0084375
v -0.034106835 -0.179108445 0.0159375
v -0.03363753 -0.17919222 0.0084375
v -0.03363753 -0.17919222 0.0159375
v -0.033094905 -0.17927625 0.0084375
v -0.033094905 -0.17927625 0.0159375
v -0.032486145 -0.179354145 0.0084375
v -0.032486145 -0.179354145 0.0159375
v -0.03182859 -0.179418975 0.0084375
v -0.03182859 -0.179418975 0.0159375
v -0.031122825 -0.179466345 0.0084375
v -0.031122825 -0.179466345 0.0159375
v -0.030354765 -0.179492055 0.0084375
v -0.030354765 -0.179492055 0.0159375
v -0.0295125 -0.179489535 0.0084375
v -0.0295125 -0.179489535 0.0159375
v -0.0285921 -0.179450025 0.0084375
v -0.0285921 -0.179450025 0.0159375
v -0.02758875 -0.17936286 0.0084375
v -0.02758875 -0.17936286 0.0159375
v -0.026486535 -0.17921325 0.0084375
v -0.026486535 -0.17921325 0.0159375
v -0.025892685 -0.17910774 0.0084375
v -0.025892685 -0.17910774 0.0159375
v -0.02526918 -0.17898093 0.0084375
v -0.02526918 -0.17898093 0.0159375
v -0.02461359 -0.1788249 0.0084375
v -0.02461359 -0.1788249 0.0159375
v -0.023923575 -0.178639245 0.0084375
v -0.023923575 -0.178639245 0.0159375
v -0.02320416 -0.178419135 0.0084375
v -0.02320416 -0.178419135 0.0159375
v -0.022456335 -0.17816049 0.0084375
v -0.022456335 -0.17816049 0.0159375
v -0.021683805 -0.17786298 0.0084375
v -0.021683805 -0.17786298 0.0159375
v -0.020895315 -0.17752125 0.0084375
v -0.020895315 -0.17752125 0.0159375
v -0.02009013 -0.177136425 0.0084375
v -0.02009013 -0.177136425 0.0159375
v -0.01928442 -0.176707485 0.0084375
v -0.01928442 -0.176707485 0.0159375
v -0.018474795 -0.17623296 0.0084375
v -0.018474795 -0.17623296 0.0159375
v -0.01768263 -0.175722615 0.0084375
v -0.01768263 -0.175722615 0.0159375
v -0.016913175 -0.17517774 0.0084375
v -0.016913175 -0.17517774 0.0159375
v -0.01616862 -0.174601875 0.0084375
v -0.01616862 -0.174601875 0.0159375
v -0.0154554 -0.173999835 0.0084375
v -0.0154554 -0.173999835 0.0159375
v -0.014770965 -0.173370075 0.0084375
v -0.014770965 -0.173370075 0.0159375
v -0.01411491 -0.17271351 0.0084375
v -0.01411491 -0.17271351 0.0159375
v -0.013487355 -0.17202996 0.0084375
v -0.013487355 -0.17202996 0.0159375
v -0.0128886 -0.17131956 0.0084375
v -0.0128886 -0.17131956 0.0159375
v -0.012317985 -0.170581485 0.0084375
v -0.012317985 -0.170581485 0.0159375
v -0.01177938 -0.1698204 0.0084375
v -0.01177938 -0.1698204 0.0159375
v -0.011273655 -0.169037145 0.0084375
v -0.011273655 -0.169037145 0.0159375
v -0.010801515 -0.168233205 0.0084375
v -0.010801515 -0.168233205 0.0159375
v -0.01036401 -0.167409975 0.0084375
v -0.01036401 -0.167409975 0.0159375
v -0.009961395 -0.16656837 0.0084375
v -0.009961395 -0.16656837 0.0159375
v -0.00959586 -0.16571316 0.0084375
v -0.00959586 -0.16571316 0.0159375
v -0.009267 -0.164843565 0.0084375
v -0.009267 -0.164843565 0.0159375
v -0.008975355 -0.163961235 0.0084375
v -0.008975355 -0.163961235 0.0159375
v -0.00872076 -0.163065885 0.0084375
v -0.00872076 -0.163065885 0.0159375
v -0.00850416 -0.16215954 0.0084375
v -0.00850416 -0.16215954 0.0159375
v -0.008325585 -0.161240265 0.0084375
v -0.008325585 -0.161240265 0.0159375
v -0.00818586 -0.16031493 0.0084375
v -0.00818586 -0.16031493 0.0159375
v -0.008086605 -0.159386445 0.0084375
v -0.008086605 -0.159386445 0.0159375
v -0.008026665 -0.158460375 0.0084375
v -0.008026665 -0.158460375 0.0159375
v -0.00800472 -0.15756033 0.0084375
v -0.00800472 -0.15756033 0.0159375
v -0.00802104 -0.15668259 0.0084375
v -0.00802104 -0.15668259 0.0159375
v -0.008066805 -0.15584253 0.0084375
v -0.008066805 -0.15584253 0.0159375
v -0.00814335 -0.155040195 0.0084375
v -0.00814335 -0.155040195 0.0159375
v -0.0082416 -0.154280295 0.0084375
v -0.0082416 -0.154280295 0.0159375
v -0.00835914 -0.15356685 0.0084375
v -0.00835914 -0.15356685 0.0159375
v -0.00849252 -0.15289626 0.0084375
v -0.00849252 -0.15289626 0.0159375
v -0.008635635 -0.15226785 0.0084375
v -0.008635635 -0.15226785 0.0159375
v -0.008948625 -0.151124535 0.0084375
v -0.008948625 -0.151124535 0.0159375
v -0.009283695 -0.15010869 0.0084375
v -0.009283695 -0.15010869 0.0159375
v -0.009631545 -0.14919867 0.0084375
v -0.009631545 -0.14919867 0.0159375
v -0.009983505 -0.148383105 0.0084375
v -0.009983505 -0.148383105 0.0159375
v -0.01033383 -0.14765019 0.0084375
v -0.01033383 -0.14765019 0.0159375
v -0.010676985 -0.14699283 0.0084375
v -0.010676985 -0.14699283 0.0159375
v -0.011009265 -0.14640357 0.0084375
v -0.011009265 -0.14640357 0.0159375
v -0.01131444 -0.145897005 0.0084375
v -0.01131444 -0.145897005 0.0159375
v -0.011593245 -0.145459665 0.0084375
v -0.011593245 -0.145459665 0.0159375
v -0.011870595 -0.14502453 0.0084375
v -0.011870595 -0.14502453 0.0159375
v -0.012158085 -0.14453868 0.0084375
v -0.012158085 -0.14453868 0.0159375
v -0.01240749 -0.144102645 0.0084375
v -0.01240749 -0.144102645 0.0159375
v -0.01266738 -0.14361645 0.0084375
v -0.01266738 -0.14361645 0.0159375
v -0.012887205 -0.143160645 0.0084375
v -0.012887205 -0.143160645 0.0159375
v -0.01310577 -0.142672455 0.0084375
v -0.01310577 -0.142672455 0.0159375
v -0.01333557 -0.14210688 0.0084375
v -0.01333557 -0.14210688 0.0159375
v -0.0135729 -0.14146143 0.0084375
v -0.0135729 -0.14146143 0.0159375
v -0.013810365 -0.14073603 0.0084375
v -0.013810365 -0.14073603 0.0159375
v -0.01404255 -0.13990962 0.0084375
v -0.01404255 -0.13990962 0.0159375
v -0.014262405 -0.13898025 0.0084375
v -0.014262405 -0.13898025 0.0159375
v -0.014445765 -0.138049725 0.0084375
v -0.014445765 -0.138049725 0.0159375
v -0.014615985 -0.137051715 0.0084375
v -0.014615985 -0.137051715 0.0159375
v -0.014776575 -0.136034565 0.0084375
v -0.014776575 -0.136034565 0.0159375
v -0.014911755 -0.1350729 0.0084375
v -0.014911755 -0.1350729 0.0159375
v -0.01502748 -0.13422507 0.0084375
v -0.01502748 -0.13422507 0.0159375
v -0.015136395 -0.133496295 0.0084375
v -0.015136395 -0.133496295 0.0159375
v -0.0152463 -0.132817275 0.0084375
v -0.0152463 -0.132817275 0.0159375
v -0.015359115 -0.13212852 0.0084375
v -0.015359115 -0.13212852 0.0159375
v -0.01547925 -0.131481975 0.0084375
v -0.01547925 -0.131481975 0.0159375
v -0.015636645 -0.130728825 0.0084375
v -0.015636645 -0.130728825 0.0159375
v -0.015804645 -0.130008405 0.0084375
v -0.015804645 -0.130008405 0.0159375
v -0.016016175 -0.129227505 0.0084375
v -0.016016175 -0.129227505 0.0159375
v -0.01628748 -0.128367765 0.0084375
v -0.01628748 -0.128367765 0.0159375
v -0.016610865 -0.127480875 0.0084375
v -0.016610865 -0.127480875 0.0159375
v -0.016989765 -0.12658743 0.0084375
v -0.016989765 -0.12658743 0.0159375
v -0.0174615 -0.125647695 0.0084375
v -0.0174615 -0.125647695 0.0159375
v -0.0177498 -0.125141445 0.0084375
v -0.0177498 -0.125141445 0.0159375
v -0.01807578 -0.12462243 0.0084375
v -0.01807578 -0.12462243 0.0159375
v -0.01843827 -0.12408987 0.0084375
v -0.01843827 -0.12408987 0.0159375
v -0.018844275 -0.12354963 0.0084375
v -0.018844275 -0.12354963 0.0159375
v -0.01929402 -0.12300168 0.0084375
v -0.01929402 -0.12300168 0.0159375
v -0.01979346 -0.12245205 0.0084375
v -0.01979346 -0.12245205 0.0159375
v -0.020352255 -0.121905945 0.0084375
v -0.020352255 -0.121905945 0.0159375
v -0.020965545 -0.12136551 0.0084375
v -0.020965545 -0.12136551 0.0159375
v -0.02162643 -0.12084537 0.0084375
v -0.02162643 -0.12084537 0.0159375
v -0.02233587 -0.120343275 0.0084375
v -0.02233587 -0.120343275 0.0159375
v -0.02310567 -0.11986326 0.0084375
v -0.02310567 -0.11986326 0.0159375
v -0.02394315 -0.1194012 0.0084375
v -0.02394315 -0.1194012 0.0159375
v -0.02481708 -0.118978215 0.0084375
v -0.02481708 -0.118978215 0.0159375
v -0.02572593 -0.11860197 0.0084375
v -0.02572593 -0.11860197 0.0159375
v -0.026646195 -0.11827347 0.0084375
v -0.026646195 -0.11827347 0.0159375
v -0.027545985 -0.11800248 0.0084375
v -0.027545985 -0.11800248 0.0159375
v -0.028430025 -0.11778318 0.0084375
v -0.028430025 -0.11778318 0.0159375
v -0.02927391 -0.117605085 0.0084375
v -0.02927391 -0.117605085 0.0159375
v -0.030081135 -0.117469815 0.0084375
v -0.030081135 -0.117469815 0.0159375
v -0.030845865 -0.117368715 0.0084375
v -0.030845865 -0.117368715 0.0159375
v -0.03156513 -0.117303555 0.0084375
v -0.03156513 -0.117303555 0.0159375
v -0.03224913 -0.1172631 0.0084375
v -0.03224913 -0.1172631 0.0159375
v -0.03290292 -0.11724351 0.0084375
v -0.03290292 -0.11724351 0.0159375
v -0.033523425 -0.11724171 0.0084375
v -0.033523425 -0.11724171 0.0159375
v -0.034659465 -0.117269655 0.0084375
v -0.034659465 -0.117269655 0.0159375
v -0.0356904 -0.117344715 0.0084375
v -0.0356904 -0.117344715 0.0159375
v -0.036575295 -0.117441255 0.0084375
v -0.036575295 -0.117441255 0.0159375
v -0.03739014 -0.11756292 0.0084375
v -0.03739014 -0.11756292 0.0159375
v -0.038176845 -0.1177038 0.0084375
v -0.038176845 -0.1177038 0.0159375
v -0.038953335 -0.11786178 0.0084375
v -0.038953335 -0.11786178 0.0159375
v -0.039826545 -0.11807208 0.0084375
v -0.013198515 -0.164517105 0.0159375
v -0.013198515 -0.164517105 0.0084375
v -0.013288035 -0.164792625 0.0084375
v -0.013288035 -0.164792625 0.0159375
v -0.013288035 -0.16424157 0.0159375
v -0.013288035 -0.16424157 0.0084375
v -0.013198515 -0.164517105 0.0084375
v -0.013198515 -0.164517105 0.0159375
v -0.013288035 -0.164792625 0.0159375
v -0.013288035 -0.164792625 0.0084375
v -0.01352241 -0.164962905 0.0084375
v -0.01352241 -0.164962905 0.0159375
v -0.01352241 -0.164962905 0.0159375
v -0.01352241 -0.164962905 0.0084375
v -0.01381212 -0.164962905 0.0084375
v -0.01381212 -0.164962905 0.0159375
v -0.01381212 -0.164962905 0.0159375
v -0.01381212 -0.164962905 0.0084375
v -0.014046495 -0.164792625 0.0084375
v -0.014046495 -0.164792625 0.0159375
v -0.014046495 -0.164792625 0.0159375
v -0.014046495 -0.164792625 0.0084375
v -0.014136015 -0.164517105 0.0084375
v -0.014136015 -0.164517105 0.0159375
v -0.014136015 -0.164517105 0.0159375
v -0.014136015 -0.164517105 0.0084375
v -0.014046495 -0.16424157 0.0084375
v -0.014046495 -0.16424157 0.0159375
v -0.014046495 -0.16424157 0.0159375
v -0.014046495 -0.16424157 0.0084375
v -0.01381212 -0.16407129 0.0084375
v -0.01381212 -0.16407129 0.0159375
v -0.01381212 -0.16407129 0.0159375
v -0.01381212 -0.16407129 0.0084375
v -0.01352241 -0.16407129 0.0084375
v -0.01352241 -0.16407129 0.0159375
v -0.01352241 -0.16407129 0.0159375
v -0.01352241 -0.16407129 0.0084375
v -0.013288035 -0.16424157 0.0084375
v -0.013288035 -0.16424157 0.0159375
v -0.028828125 -0.1575 0.0159375
v -0.028828125 -0.1575 0.0084375
v -0.028920375 -0.15795417 0.0084375
v -0.028920375 -0.15704583 0.0159375
v -0.028920375 -0.15795417 0.0159375
v -0.02917278 -0.158327205 0.0084375
v -0.02917278 -0.158327205 0.0159375
v -0.029549505 -0.158580615 0.0084375
v -0.029549505 -0.158580615 0.0159375
v -0.03 -0.158671875 0.0084375
v -0.03 -0.158671875 0.0159375
v -0.030450495 -0.158580615 0.0084375
v -0.030450495 -0.158580615 0.0159375
v -0.03082722 -0.158327205 0.0084375
v -0.03082722 -0.158327205 0.0159375
v -0.031079625 -0.15795417 0.0084375
v -0.031079625 -0.15795417 0.0159375
v -0.031171875 -0.1575 0.0084375
v -0.031171875 -0.1575 0.0159375
v -0.031079625 -0.15704583 0.0084375
v -0.031079625 -0.15704583 0.0159375
v -0.03082722 -0.156672795 0.0084375
v -0.03082722 -0.156672795 0.0159375
v -0.030450495 -0.156419385 0.0084375
v -0.030450495 -0.156419385 0.0159375
v -0.03 -0.156328125 0.0084375
v -0.03 -0.156328125 0.0159375
v -0.029549505 -0.156419385 0.0084375
v -0.029549505 -0.156419385 0.0159375
v -0.02917278 -0.156672795 0.0084375
v -0.02917278 -0.156672795 0.0159375
v -0.028920375 -0.15704583 0.0084375
v -0.03654834 -0.173832735 0.0159375
v -0.03654834 -0.173832735 0.0084375
v -0.036637875 -0.174108255 0.0084375
v -0.036637875 -0.174108255 0.0159375
v -0.036637875 -0.1735572 0.0159375
v -0.036637875 -0.1735572 0.0084375
v -0.03654834 -0.173832735 0.0084375
v -0.03654834 -0.173832735 0.0159375
v -0.036637875 -0.174108255 0.0159375
v -0.036637875 -0.174108255 0.0084375
v -0.03687225 -0.174278535 0.0084375
v -0.03687225 -0.174278535 0.0159375
v -0.03687225 -0.174278535 0.0159375
v -0.03687225 -0.174278535 0.0084375
v -0.037161945 -0.174278535 0.0084375
v -0.037161945 -0.174278535 0.0159375
v -0.037161945 -0.174278535 0.0159375
v -0.037161945 -0.174278535 0.0084375
v -0.03739632 -0.174108255 0.0084375
v -0.03739632 -0.174108255 0.0159375
v -0.03739632 -0.174108255 0.0159375
v -0.03739632 -0.174108255 0.0084375
v -0.03748584 -0.173832735 0.0084375
v -0.03748584 -0.173832735 0.0159375
v -0.03748584 -0.173832735 0.0159375
v -0.03748584 -0.173832735 0.0084375
v -0.03739632 -0.1735572 0.0084375
v -0.03739632 -0.1735572 0.0159375
v -0.03739632 -0.1735572 0.0159375
v -0.03739632 -0.1735572 0.0084375
v -0.037161945 -0.173386935 0.0084375
v -0.037161945 -0.173386935 0.0159375
v -0.037161945 -0.173386935 0.0159375
v -0.037161945 -0.173386935 0.0084375
v -0.03687225 -0.173386935 0.0084375
v -0.03687225 -0.173386935 0.0159375
v -0.03687225 -0.173386935 0.0159375
v -0.03687225 -0.173386935 0.0084375
v -0.036637875 -0.1735572 0.0084375
v -0.036637875 -0.1735572 0.0159375
v -0.045863985 -0.150482895 0.0159375
v -0.045863985 -0.150482895 0.0084375
v -0.045953505 -0.15075843 0.0084375
v -0.045953505 -0.15075843 0.0159375
v -0.045953505 -0.150207375 0.0159375
v -0.045953505 -0.150207375 0.0084375
v -0.045863985 -0.150482895 0.0084375
v -0.045863985 -0.150482895 0.0159375
v -0.045953505 -0.15075843 0.0159375
v -0.045953505 -0.15075843 0.0084375
v -0.04618788 -0.15092871 0.0084375
v -0.04618788 -0.15092871 0.0159375
v -0.04618788 -0.15092871 0.0159375
v -0.04618788 -0.15092871 0.0084375
v -0.04647759 -0.15092871 0.0084375
v -0.04647759 -0.15092871 0.0159375
v -0.04647759 -0.15092871 0.0159375
v -0.04647759 -0.15092871 0.0084375
v -0.046711965 -0.15075843 0.0084375
v -0.046711965 -0.15075843 0.0159375
v -0.046711965 -0.15075843 0.0159375
v -0.046711965 -0.15075843 0.0084375
v -0.046801485 -0.150482895 0.0084375
v -0.046801485 -0.150482895 0.0159375
v -0.046801485 -0.150482895 0.0159375
v -0.046801485 -0.150482895 0.0084375
v -0.046711965 -0.150207375 0.0084375
v -0.046711965 -0.150207375 0.0159375
v -0.046711965 -0.150207375 0.0159375
v -0.046711965 -0.150207375 0.0084375
v -0.04647759 -0.150037095 0.0084375
v -0.04647759 -0.150037095 0.0159375
v -0.04647759 -0.150037095 0.0159375
v -0.04647759 -0.150037095 0.0084375
v -0.04618788 -0.150037095 0.0084375
v -0.04618788 -0.150037095 0.0159375
v -0.04618788 -0.150037095 0.0159375
v -0.04618788 -0.150037095 0.0084375
v -0.045953505 -0.150207375 0.0084375
v -0.045953505 -0.150207375 0.0159375
v -0.02251416 -0.141167265 0.0159375
v -0.02251416 -0.141167265 0.0084375
v -0.02260368 -0.1414428 0.0084375
v -0.02260368 -0.1414428 0.0159375
v -0.02260368 -0.140891745 0.0159375
v -0.02260368 -0.140891745 0.0084375
v -0.02251416 -0.141167265 0.0084375
v -0.02251416 -0.141167265 0.0159375
v -0.02260368 -0.1414428 0.0159375
v -0.02260368 -0.1414428 0.0084375
v -0.022838055 -0.141613065 0.0084375
v -0.022838055 -0.141613065 0.0159375
v -0.022838055 -0.141613065 0.0159375
v -0.022838055 -0.141613065 0.0084375
v -0.02312775 -0.141613065 0.0084375
v -0.02312775 -0.141613065 0.0159375
v -0.02312775 -0.141613065 0.0159375
v -0.02312775 -0.141613065 0.0084375
v -0.023362125 -0.1414428 0.0084375
v -0.023362125 -0.1414428 0.0159375
v -0.023362125 -0.1414428 0.0159375
v -0.023362125 -0.1414428 0.0084375
v -0.02345166 -0.141167265 0.0084375
v -0.02345166 -0.141167265 0.0159375
v -0.02345166 -0.141167265 0.0159375
v -0.02345166 -0.141167265 0.0084375
v -0.023362125 -0.140891745 0.0084375
v -0.023362125 -0.140891745 0.0159375
v -0.023362125 -0.140891745 0.0159375
v -0.023362125 -0.140891745 0.0084375
v -0.02312775 -0.140721465 0.0084375
v -0.02312775 -0.140721465 0.0159375
v -0.02312775 -0.140721465 0.0159375
v -0.02312775 -0.140721465 0.0084375
v -0.022838055 -0.140721465 0.0084375
v -0.022838055 -0.140721465 0.0159375
v -0.022838055 -0.140721465 0.0159375
v -0.022838055 -0.140721465 0.0084375
v -0.02260368 -0.140891745 0.0084375
v -0.02260368 -0.140891745 0.0159375
v -0.01250814 -0.15783549 0.0159375
v -0.01250814 -0.15783549 0.0084375
v -0.01253955 -0.158427795 0.0084375
v -0.01250736 -0.15720612 0.0159375
v -0.01254591 -0.158493195 0.0159375
v -0.012652065 -0.159065415 0.0084375
v -0.01268784 -0.15919377 0.0159375
v -0.01289286 -0.159700515 0.0084375
v -0.012981195 -0.159862425 0.0159375
v -0.013284135 -0.160288095 0.0084375
v -0.013424595 -0.160441185 0.0159375
v -0.013537725 -0.1605486 0.0084375
v -0.013831485 -0.160779765 0.0084375
v -0.01399584 -0.16088535 0.0159375
v -0.014157 -0.16097448 0.0084375
v -0.01451274 -0.161130135 0.0084375
v -0.01465236 -0.16117854 0.0159375
v -0.014883915 -0.161241495 0.0084375
v -0.015265995 -0.161310555 0.0084375
v -0.015339015 -0.161321025 0.0159375
v -0.01598679 -0.16136442 0.0084375
v -0.01598679 -0.16136442 0.0159375
v -0.016446045 -0.16137726 0.0084375
v -0.016446045 -0.16137726 0.0159375
v -0.01690062 -0.161379975 0.0084375
v -0.01690062 -0.161379975 0.0159375
v -0.01735053 -0.16137258 0.0084375
v -0.01735053 -0.16137258 0.0159375
v -0.017795745 -0.161355075 0.0084375
v -0.017795745 -0.161355075 0.0159375
v -0.018240765 -0.161327205 0.0084375
v -0.018240765 -0.161327205 0.0159375
v -0.01868409 -0.161289045 0.0084375
v -0.01868409 -0.161289045 0.0159375
v -0.019116765 -0.161241105 0.0084375
v -0.019116765 -0.161241105 0.0159375
v -0.01952985 -0.161183895 0.0084375
v -0.01952985 -0.161183895 0.0159375
v -0.019919835 -0.16111791 0.0084375
v -0.019919835 -0.16111791 0.0159375
v -0.020291865 -0.161042715 0.0084375
v -0.020291865 -0.161042715 0.0159375
v -0.020649975 -0.16095759 0.0084375
v -0.020649975 -0.16095759 0.0159375
v -0.0209982 -0.16086177 0.0084375
v -0.0209982 -0.16086177 0.0159375
v -0.02133855 -0.16075482 0.0084375
v -0.02133855 -0.16075482 0.0159375
v -0.02166855 -0.16063722 0.0084375
v -0.02166855 -0.16063722 0.0159375
v -0.021985575 -0.16050957 0.0084375
v -0.021985575 -0.16050957 0.0159375
v -0.02228697 -0.160372455 0.0084375
v -0.02228697 -0.160372455 0.0159375
v -0.02257233 -0.160225995 0.0084375
v -0.02257233 -0.160225995 0.0159375
v -0.022842975 -0.16006989 0.0084375
v -0.022842975 -0.16006989 0.0159375
v -0.023098815 -0.15990408 0.0084375
v -0.023098815 -0.15990408 0.0159375
v -0.02333979 -0.159728505 0.0084375
v -0.02333979 -0.159728505 0.0159375
v -0.02356599 -0.15954357 0.0084375
v -0.02356599 -0.15954357 0.0159375
v -0.02377743 -0.1593492 0.0084375
v -0.02377743 -0.1593492 0.0159375
v -0.023973855 -0.15914448 0.0084375
v -0.023973855 -0.15914448 0.0159375
v -0.02415504 -0.158928585 0.0084375
v -0.02415504 -0.158928585 0.0159375
v -0.024321825 -0.15870054 0.0084375
v -0.024321825 -0.15870054 0.0159375
v -0.02447403 -0.15846108 0.0084375
v -0.02447403 -0.15846108 0.0159375
v -0.02460987 -0.15821175 0.0084375
v -0.02460987 -0.15821175 0.0159375
v -0.024727545 -0.157954125 0.0084375
v -0.024727545 -0.157954125 0.0159375
v -0.024827205 -0.157690155 0.0084375
v -0.024827205 -0.157690155 0.0159375
v -0.0249096 -0.157418505 0.0084375
v -0.0249096 -0.157418505 0.0159375
v -0.024959535 -0.15720768 0.0084375
v -0.024959535 -0.15720768 0.0159375
v -0.02499888 -0.15698916 0.0084375
v -0.02499888 -0.15698916 0.0159375
v -0.025027305 -0.15676173 0.0084375
v -0.025027305 -0.15676173 0.0159375
v -0.02504505 -0.156526275 0.0084375
v -0.02504505 -0.156526275 0.0159375
v -0.025052235 -0.15628332 0.0084375
v -0.025052235 -0.15628332 0.0159375
v -0.02504889 -0.15603285 0.0084375
v -0.02504889 -0.15603285 0.0159375
v -0.025035 -0.155774895 0.0084375
v -0.025035 -0.155774895 0.0159375
v -0.02501055 -0.15550941 0.0084375
v -0.02501055 -0.15550941 0.0159375
v -0.024847425 -0.15454641 0.0084375
v -0.024847425 -0.15454641 0.0159375
v -0.02463639 -0.15359523 0.0084375
v -0.02463639 -0.15359523 0.0159375
v -0.02437101 -0.152650095 0.0084375
v -0.02437101 -0.152650095 0.0159375
v -0.02406126 -0.151719975 0.0084375
v -0.02406126 -0.151719975 0.0159375
v -0.023739435 -0.150836025 0.0084375
v -0.023739435 -0.150836025 0.0159375
v -0.023401455 -0.149993835 0.0084375
v -0.023401455 -0.149993835 0.0159375
v -0.02307003 -0.1491963 0.0084375
v -0.02307003 -0.1491963 0.0159375
v -0.022744905 -0.148445775 0.0084375
v -0.022744905 -0.148445775 0.0159375
v -0.022431585 -0.14772633 0.0084375
v -0.022431585 -0.14772633 0.0159375
v -0.022132455 -0.147033555 0.0084375
v -0.022132455 -0.147033555 0.0159375
v -0.02184597 -0.14637027 0.0084375
v -0.02184597 -0.14637027 0.0159375
v -0.021762795 -0.146172615 0.0084375
v -0.02175693 -0.146158755 0.0159375
v -0.02167086 -0.14595798 0.0084375
v -0.0216564 -0.14592501 0.0159375
v -0.021563865 -0.145720845 0.0084375
v -0.021539835 -0.145670235 0.0159375
v -0.021433005 -0.14545728 0.0084375
v -0.021400125 -0.14539587 0.0159375
v -0.02126844 -0.145168245 0.0084375
v -0.021226515 -0.145101435 0.0159375
v -0.02105847 -0.14485815 0.0084375
v -0.021004725 -0.144787425 0.0159375
v -0.020784915 -0.1445274 0.0084375
v -0.02071509 -0.144453795 0.0159375
v -0.02041953 -0.144185535 0.0084375
v -0.020326275 -0.1441155 0.0159375
v -0.019926 -0.143882925 0.0084375
v -0.019808325 -0.143834235 0.0159375
v -0.01933209 -0.14371773 0.0084375
v -0.019211055 -0.14370882 0.0159375
v -0.018723675 -0.143753115 0.0084375
v -0.018623265 -0.1437783 0.0159375
v -0.01819086 -0.14395386 0.0084375
v -0.01812405 -0.143991615 0.0159375
v -0.017783325 -0.14423214 0.0084375
v -0.01774266 -0.14426625 0.0159375
v -0.017475405 -0.1445199 0.0084375
v -0.017450355 -0.14454639 0.0159375
v -0.017236485 -0.144794775 0.0084375
v -0.01722099 -0.14481444 0.0159375
v -0.017046645 -0.145053165 0.0084375
v -0.01703715 -0.14506716 0.0159375
v -0.01689168 -0.145294065 0.0084375
v -0.016885995 -0.14530341 0.0159375
v -0.0167604 -0.145518915 0.0084375
v -0.01675713 -0.145524705 0.0159375
v -0.01664535 -0.14572848 0.0084375
v -0.01664367 -0.145731615 0.0159375
v -0.01654197 -0.145921485 0.0084375
v -0.016541295 -0.145922745 0.0159375
v -0.016447005 -0.146097705 0.0084375
v -0.016447005 -0.146097705 0.0159375
v -0.016105185 -0.146699025 0.0084375
v -0.016105185 -0.146699025 0.0159375
v -0.015677775 -0.14742381 0.0084375
v -0.015677775 -0.14742381 0.0159375
v -0.01504572 -0.14842308 0.0084375
v -0.01504572 -0.14842308 0.0159375
v -0.01476054 -0.14890755 0.0084375
v -0.01476054 -0.14890755 0.0159375
v -0.014487375 -0.149410665 0.0084375
v -0.014487375 -0.149410665 0.0159375
v -0.014226375 -0.149932005 0.0084375
v -0.014226375 -0.149932005 0.0159375
v -0.013976205 -0.15047781 0.0084375
v -0.013976205 -0.15047781 0.0159375
v -0.0137397 -0.15104397 0.0084375
v -0.0137397 -0.15104397 0.0159375
v -0.01352004 -0.15162756 0.0084375
v -0.01352004 -0.15162756 0.0159375
v -0.013319235 -0.15222471 0.0084375
v -0.013319235 -0.15222471 0.0159375
v -0.01313892 -0.152833185 0.0084375
v -0.01313892 -0.152833185 0.0159375
v -0.01298052 -0.153448515 0.0084375
v -0.01298052 -0.153448515 0.0159375
v -0.01284459 -0.15406944 0.0084375
v -0.01284459 -0.15406944 0.0159375
v -0.01273152 -0.154693275 0.0084375
v -0.01273152 -0.154693275 0.0159375
v -0.01264131 -0.155319765 0.0084375
v -0.01264131 -0.155319765 0.0159375
v -0.012573915 -0.155947755 0.0084375
v -0.012573915 -0.155947755 0.0159375
v -0.01252929 -0.15657696 0.0084375
v -0.01252929 -0.15657696 0.0159375
v -0.01250736 -0.15720612 0.0084375
v -0.020018475 -0.16515996 0.0159375
v -0.020018475 -0.16515996 0.0084375
v -0.019818075 -0.16524768 0.0084375
v -0.020731425 -0.16483485 0.0159375
v -0.019777515 -0.16526559 0.0159375
v -0.01959417 -0.16534794 0.0084375
v -0.019507575 -0.165387975 0.0159375
v -0.019345275 -0.16546596 0.0084375
v -0.0192072 -0.16553601 0.0159375
v -0.019073685 -0.165607635 0.0084375
v -0.01888491 -0.16571688 0.0159375
v -0.01878444 -0.165779415 0.0084375
v -0.018541755 -0.16594635 0.0159375
v -0.01847736 -0.16599528 0.0084375
v -0.018180345 -0.166249575 0.0159375
v -0.018156675 -0.166272015 0.0084375
v -0.017831895 -0.1666335 0.0084375
v -0.01781388 -0.16665804 0.0159375
v -0.017537205 -0.167112555 0.0084375
v -0.01749687 -0.16720107 0.0159375
v -0.017338065 -0.16772697 0.0084375
v -0.017314725 -0.167873895 0.0159375
v -0.017297445 -0.16807854 0.0084375
v -0.017296875 -0.168243495 0.0159375
v -0.01730991 -0.16844115 0.0084375
v -0.017331435 -0.168605595 0.0159375
v -0.01746624 -0.169121115 0.0084375
v -0.017521725 -0.169262535 0.0159375
v -0.01773642 -0.16969476 0.0084375
v -0.01780083 -0.169801575 0.0159375
v -0.01805382 -0.17016312 0.0084375
v -0.018110565 -0.17023476 0.0159375
v -0.01837983 -0.17053911 0.0084375
v -0.018420855 -0.170581185 0.0159375
v -0.018690855 -0.17083914 0.0084375
v -0.018713565 -0.170859435 0.0159375
v -0.018975315 -0.17108328 0.0084375
v -0.018983415 -0.17108994 0.0159375
v -0.01924518 -0.171298965 0.0084375
v -0.01924518 -0.171298965 0.0159375
v -0.02003751 -0.17187453 0.0084375
v -0.02003751 -0.17187453 0.0159375
v -0.020810895 -0.17238564 0.0084375
v -0.020810895 -0.17238564 0.0159375
v -0.02230119 -0.17320926 0.0084375
v -0.02230119 -0.17320926 0.0159375
v -0.023712945 -0.17382597 0.0084375
v -0.023712945 -0.17382597 0.0159375
v -0.02503728 -0.174276525 0.0084375
v -0.02503728 -0.174276525 0.0159375
v -0.02627013 -0.174593205 0.0084375
v -0.02627013 -0.174593205 0.0159375
v -0.02741205 -0.174803085 0.0084375
v -0.02741205 -0.174803085 0.0159375
v -0.028466445 -0.17492814 0.0084375
v -0.028466445 -0.17492814 0.0159375
v -0.029439435 -0.17498643 0.0084375
v -0.029439435 -0.17498643 0.0159375
v -0.03033546 -0.17499186 0.0084375
v -0.03033546 -0.17499186 0.0159375
v -0.03099825 -0.17495352 0.0084375
v -0.03069792 -0.174984255 0.0159375
v -0.03106434 -0.17494545 0.0159375
v -0.03169596 -0.17481147 0.0084375
v -0.03143982 -0.1748778 0.0159375
v -0.03180912 -0.174774225 0.0159375
v -0.032345895 -0.17452839 0.0084375
v -0.03216075 -0.17462625 0.0159375
v -0.032488635 -0.174440625 0.0159375
v -0.03290787 -0.17410794 0.0084375
v -0.033043485 -0.173968065 0.0159375
v -0.03335085 -0.17356059 0.0084375
v -0.033449235 -0.173391615 0.0159375
v -0.033657675 -0.172911885 0.0084375
v -0.033705 -0.172758555 0.0159375
v -0.0338148 -0.172210725 0.0084375
v -0.033826545 -0.172112925 0.0159375
v -0.03386442 -0.171513225 0.0084375
v -0.03386442 -0.171513225 0.0159375
v -0.03387726 -0.17105397 0.0084375
v -0.03387726 -0.17105397 0.0159375
v -0.033879975 -0.17059941 0.0084375
v -0.033879975 -0.17059941 0.0159375
v -0.033872595 -0.170149515 0.0084375
v -0.033872595 -0.170149515 0.0159375
v -0.033855075 -0.1697043 0.0084375
v -0.033855075 -0.1697043 0.0159375
v -0.033827205 -0.16925928 0.0084375
v -0.033827205 -0.16925928 0.0159375
v -0.033789045 -0.16881594 0.0084375
v -0.033789045 -0.16881594 0.0159375
v -0.033741105 -0.16838325 0.0084375
v -0.033741105 -0.16838325 0.0159375
v -0.03368391 -0.16797015 0.0084375
v -0.03368391 -0.16797015 0.0159375
v -0.03361791 -0.167580165 0.0084375
v -0.03361791 -0.167580165 0.0159375
v -0.033542715 -0.16720815 0.0084375
v -0.033542715 -0.16720815 0.0159375
v -0.03345759 -0.16685004 0.0084375
v -0.03345759 -0.16685004 0.0159375
v -0.03336177 -0.166501815 0.0084375
v -0.03336177 -0.166501815 0.0159375
v -0.03325482 -0.166161465 0.0084375
v -0.03325482 -0.166161465 0.0159375
v -0.03313722 -0.16583145 0.0084375
v -0.03313722 -0.16583145 0.0159375
v -0.03300957 -0.165514425 0.0084375
v -0.03300957 -0.165514425 0.0159375
v -0.032872455 -0.165213045 0.0084375
v -0.032872455 -0.165213045 0.0159375
v -0.032725995 -0.16492767 0.0084375
v -0.032725995 -0.16492767 0.0159375
v -0.03256989 -0.16465704 0.0084375
v -0.03256989 -0.16465704 0.0159375
v -0.03240408 -0.164401185 0.0084375
v -0.03240408 -0.164401185 0.0159375
v -0.032228505 -0.164160225 0.0084375
v -0.032228505 -0.164160225 0.0159375
v -0.032043585 -0.16393401 0.0084375
v -0.032043585 -0.16393401 0.0159375
v -0.0318492 -0.16372257 0.0084375
v -0.0318492 -0.16372257 0.0159375
v -0.03164448 -0.163526145 0.0084375
v -0.03164448 -0.163526145 0.0159375
v -0.03142857 -0.163344975 0.0084375
v -0.03142857 -0.163344975 0.0159375
v -0.03120054 -0.16317819 0.0084375
v -0.03120054 -0.16317819 0.0159375
v -0.03096108 -0.163025985 0.0084375
v -0.03096108 -0.163025985 0.0159375
v -0.030711765 -0.162890145 0.0084375
v -0.030711765 -0.162890145 0.0159375
v -0.030454125 -0.162772455 0.0084375
v -0.030454125 -0.162772455 0.0159375
v -0.030190155 -0.16267278 0.0084375
v -0.030190155 -0.16267278 0.0159375
v -0.029918505 -0.162590385 0.0084375
v -0.029918505 -0.162590385 0.0159375
v -0.029707665 -0.162540465 0.0084375
v -0.029707665 -0.162540465 0.0159375
v -0.029489175 -0.16250112 0.0084375
v -0.029489175 -0.16250112 0.0159375
v -0.02926173 -0.162472695 0.0084375
v -0.02926173 -0.162472695 0.0159375
v -0.029026275 -0.162454965 0.0084375
v -0.029026275 -0.162454965 0.0159375
v -0.02878332 -0.162447765 0.0084375
v -0.02878332 -0.162447765 0.0159375
v -0.028532865 -0.16245111 0.0084375
v -0.028532865 -0.16245111 0.0159375
v -0.028274895 -0.162465 0.0084375
v -0.028274895 -0.162465 0.0159375
v -0.02800941 -0.16248945 0.0084375
v -0.02800941 -0.16248945 0.0159375
v -0.027173865 -0.16263363 0.0084375
v -0.027173865 -0.16263363 0.0159375
v -0.026341035 -0.16281213 0.0084375
v -0.026341035 -0.16281213 0.0159375
v -0.02551092 -0.16302498 0.0084375
v -0.02551092 -0.16302498 0.0159375
v -0.024679635 -0.163277205 0.0084375
v -0.024679635 -0.163277205 0.0159375
v -0.023843685 -0.16357341 0.0084375
v -0.023843685 -0.16357341 0.0159375
v -0.02302134 -0.163889715 0.0084375
v -0.02302134 -0.163889715 0.0159375
v -0.02223093 -0.16420224 0.0084375
v -0.02223093 -0.16420224 0.0159375
v -0.021468915 -0.164515605 0.0084375
v -0.021468915 -0.164515605 0.0159375
v -0.020731425 -0.16483485 0.0084375
v -0.03927036 -0.171803775 0.0159375
v -0.03927036 -0.171803775 0.0084375
v -0.039390585 -0.172290255 0.0084375
v -0.038912805 -0.17059452 0.0159375
v -0.03939063 -0.17229045 0.0159375
v -0.03958167 -0.172839 0.0084375
v -0.0395826 -0.17284095 0.0159375
v -0.039906 -0.173389275 0.0084375
v -0.03991017 -0.173394735 0.0159375
v -0.04012359 -0.17364081 0.0084375
v -0.040130115 -0.17364741 0.0159375
v -0.040379235 -0.1738665 0.0084375
v -0.040388805 -0.173873835 0.0159375
v -0.040662945 -0.174059985 0.0084375
v -0.04067574 -0.17406747 0.0159375
v -0.04097016 -0.174216225 0.0084375
v -0.040986285 -0.174223125 0.0159375
v -0.041294475 -0.174337095 0.0084375
v -0.04131261 -0.17434272 0.0159375
v -0.04163493 -0.174423855 0.0084375
v -0.041653185 -0.174427545 0.0159375
v -0.041990325 -0.1744887 0.0084375
v -0.04200234 -0.17449056 0.0159375
v -0.042360885 -0.17453013 0.0084375
v -0.042360885 -0.17453013 0.0159375
v -0.044274165 -0.174754785 0.0084375
v -0.044274165 -0.174754785 0.0159375
v -0.045195225 -0.174858135 0.0084375
v -0.045195225 -0.174858135 0.0159375
v -0.04612665 -0.174947415 0.0084375
v -0.04612665 -0.174947415 0.0159375
v -0.047073855 -0.175020855 0.0084375
v -0.047073855 -0.175020855 0.0159375
v -0.048036105 -0.17506377 0.0084375
v -0.048036105 -0.17506377 0.0159375
v -0.049013025 -0.175075065 0.0084375
v -0.049013025 -0.175075065 0.0159375
v -0.05000457 -0.17505096 0.0084375
v -0.05000457 -0.17505096 0.0159375
v -0.05100873 -0.174983085 0.0084375
v -0.05100873 -0.174983085 0.0159375
v -0.0520338 -0.174860865 0.0084375
v -0.0520338 -0.174860865 0.0159375
v -0.0530313 -0.174689565 0.0084375
v -0.0530313 -0.174689565 0.0159375
v -0.053989275 -0.174468165 0.0084375
v -0.053989275 -0.174468165 0.0159375
v -0.05485185 -0.174224505 0.0084375
v -0.05485185 -0.174224505 0.0159375
v -0.05561907 -0.1739616 0.0084375
v -0.05561907 -0.1739616 0.0159375
v -0.056907405 -0.17341728 0.0084375
v -0.056907405 -0.17341728 0.0159375
v -0.058021395 -0.172834545 0.0084375
v -0.058021395 -0.172834545 0.0159375
v -0.05902341 -0.172204635 0.0084375
v -0.05902341 -0.172204635 0.0159375
v -0.05995263 -0.171513075 0.0084375
v -0.05995263 -0.171513075 0.0159375
v -0.060860295 -0.17072889 0.0084375
v -0.060860295 -0.17072889 0.0159375
v -0.06171633 -0.1698555 0.0084375
v -0.06171633 -0.1698555 0.0159375
v -0.062492895 -0.16894047 0.0084375
v -0.062492895 -0.16894047 0.0159375
v -0.063121005 -0.168081555 0.0084375
v -0.063121005 -0.168081555 0.0159375
v -0.06359982 -0.167325915 0.0084375
v -0.06359982 -0.167325915 0.0159375
v -0.06404346 -0.166557795 0.0084375
v -0.06404346 -0.166557795 0.0159375
v -0.064393965 -0.16585644 0.0084375
v -0.064393965 -0.16585644 0.0159375
v -0.06466359 -0.165271035 0.0084375
v -0.06466359 -0.165271035 0.0159375
v -0.064841655 -0.164829135 0.0084375
v -0.064841655 -0.164829135 0.0159375
v -0.06504123 -0.164304195 0.0084375
v -0.06504123 -0.164304195 0.0159375
v -0.06521919 -0.163794885 0.0084375
v -0.06521919 -0.163794885 0.0159375
v -0.065391525 -0.163239915 0.0084375
v -0.065391525 -0.163239915 0.0159375
v -0.06555213 -0.1626552 0.0084375
v -0.06555213 -0.1626552 0.0159375
v -0.065662455 -0.16213176 0.0084375
v -0.06564954 -0.16224246 0.0159375
v -0.06570432 -0.161829225 0.0159375
v -0.065719155 -0.161539755 0.0084375
v -0.065716905 -0.161410875 0.0159375
v -0.0656688 -0.1608693 0.0084375
v -0.065686905 -0.16099161 0.0159375
v -0.065610465 -0.160601175 0.0159375
v -0.065586135 -0.160514955 0.0084375
v -0.06548529 -0.160237275 0.0159375
v -0.065458845 -0.160172565 0.0084375
v -0.06532767 -0.1599093 0.0159375
v -0.065290545 -0.159847785 0.0084375
v -0.065137695 -0.15962181 0.0159375
v -0.06508125 -0.159549555 0.0084375
v -0.064842045 -0.159284115 0.0084375
v -0.064705935 -0.159158565 0.0159375
v -0.064576125 -0.15905457 0.0084375
v -0.06424251 -0.158829645 0.0159375
v -0.063987045 -0.15869628 0.0084375
v -0.06377886 -0.15859842 0.0159375
v -0.063671055 -0.15855087 0.0084375
v -0.063341775 -0.158425305 0.0084375
v -0.063341775 -0.158425305 0.0159375
v -0.062405445 -0.158074125 0.0084375
v -0.062405445 -0.158074125 0.0159375
v -0.061502505 -0.157741935 0.0084375
v -0.061502505 -0.157741935 0.0159375
v -0.06063297 -0.15742872 0.0084375
v -0.06063297 -0.15742872 0.0159375
v -0.059796855 -0.15713451 0.0084375
v -0.059796855 -0.15713451 0.0159375
v -0.0589998 -0.15686187 0.0084375
v -0.0589998 -0.15686187 0.0159375
v -0.05823879 -0.156609405 0.0084375
v -0.05823879 -0.156609405 0.0159375
v -0.057503265 -0.156372315 0.0084375
v -0.057503265 -0.156372315 0.0159375
v -0.05678298 -0.15614592 0.0084375
v -0.05678298 -0.15614592 0.0159375
v -0.05608941 -0.15593343 0.0084375
v -0.05608941 -0.15593343 0.0159375
v -0.05541909 -0.155734635 0.0084375
v -0.05541909 -0.155734635 0.0159375
v -0.05475231 -0.15554409 0.0084375
v -0.05475231 -0.15554409 0.0159375
v -0.054069615 -0.155356395 0.0084375
v -0.054069615 -0.155356395 0.0159375
v -0.053367705 -0.155170155 0.0084375
v -0.053367705 -0.155170155 0.0159375
v -0.052658205 -0.154988985 0.0084375
v -0.052658205 -0.154988985 0.0159375
v -0.051951285 -0.1548165 0.0084375
v -0.051951285 -0.1548165 0.0159375
v -0.051255945 -0.15465612 0.0084375
v -0.051255945 -0.15465612 0.0159375
v -0.050558475 -0.154505265 0.0084375
v -0.050558475 -0.154505265 0.0159375
v -0.04986681 -0.15436455 0.0084375
v -0.04986681 -0.15436455 0.0159375
v -0.04920054 -0.154236855 0.0084375
v -0.04920054 -0.154236855 0.0159375
v -0.048578955 -0.154125165 0.0084375
v -0.048578955 -0.154125165 0.0159375
v -0.04800654 -0.154030845 0.0084375
v -0.04800654 -0.154030845 0.0159375
v -0.047466855 -0.15395067 0.0084375
v -0.047466855 -0.15395067 0.0159375
v -0.04694193 -0.15388071 0.0084375
v -0.04694193 -0.15388071 0.0159375
v -0.046416615 -0.153817365 0.0084375
v -0.046416615 -0.153817365 0.0159375
v -0.04590444 -0.15376179 0.0084375
v -0.04590444 -0.15376179 0.0159375
v -0.04540062 -0.15371523 0.0084375
v -0.04540062 -0.15371523 0.0159375
v -0.04489287 -0.153678225 0.0084375
v -0.04489287 -0.153678225 0.0159375
v -0.04436832 -0.153651105 0.0084375
v -0.04436832 -0.153651105 0.0159375
v -0.04382148 -0.15363282 0.0084375
v -0.04382148 -0.15363282 0.0159375
v -0.0432702 -0.153624435 0.0084375
v -0.0432702 -0.153624435 0.0159375
v -0.042734955 -0.153627435 0.0084375
v -0.042734955 -0.153627435 0.0159375
v -0.042232065 -0.153643395 0.0084375
v -0.042232065 -0.153643395 0.0159375
v -0.041750145 -0.153672645 0.0084375
v -0.041750145 -0.153672645 0.0159375
v -0.04128867 -0.153713175 0.0084375
v -0.04128867 -0.153713175 0.0159375
v -0.04085058 -0.153762795 0.0084375
v -0.04085058 -0.153762795 0.0159375
v -0.04044054 -0.153819345 0.0084375
v -0.04044054 -0.153819345 0.0159375
v -0.040062915 -0.15388293 0.0084375
v -0.040062915 -0.15388293 0.0159375
v -0.03970563 -0.15395595 0.0084375
v -0.03970563 -0.15395595 0.0159375
v -0.039354975 -0.154041 0.0084375
v -0.039354975 -0.154041 0.0159375
v -0.03900039 -0.15413958 0.0084375
v -0.03900039 -0.15413958 0.0159375
v -0.03864795 -0.15424977 0.0084375
v -0.03864795 -0.15424977 0.0159375
v -0.038302605 -0.154372575 0.0084375
v -0.038302605 -0.154372575 0.0159375
v -0.0380508 -0.154473765 0.0084375
v -0.0380508 -0.154473765 0.0159375
v -0.03780684 -0.154583505 0.0084375
v -0.03780684 -0.154583505 0.0159375
v -0.03756624 -0.15470391 0.0084375
v -0.03756624 -0.15470391 0.0159375
v -0.037330005 -0.15483354 0.0084375
v -0.037330005 -0.15483354 0.0159375
v -0.03710214 -0.154969665 0.0084375
v -0.03710214 -0.154969665 0.0159375
v -0.03688668 -0.155109555 0.0084375
v -0.03688668 -0.155109555 0.0159375
v -0.036687645 -0.15525048 0.0084375
v -0.036687645 -0.15525048 0.0159375
v -0.03650694 -0.155391135 0.0084375
v -0.03650694 -0.155391135 0.0159375
v -0.03628974 -0.15558156 0.0084375
v -0.03628974 -0.15558156 0.0159375
v -0.03609336 -0.155779455 0.0084375
v -0.03609336 -0.155779455 0.0159375
v -0.03591087 -0.155989425 0.0084375
v -0.03591087 -0.155989425 0.0159375
v -0.035780265 -0.156156345 0.0084375
v -0.035780265 -0.156156345 0.0159375
v -0.035657055 -0.15632946 0.0084375
v -0.035657055 -0.15632946 0.0159375
v -0.03554214 -0.15650904 0.0084375
v -0.03554214 -0.15650904 0.0159375
v -0.03543633 -0.15669552 0.0084375
v -0.03543633 -0.15669552 0.0159375
v -0.035340435 -0.156889335 0.0084375
v -0.035340435 -0.156889335 0.0159375
v -0.035254845 -0.157090815 0.0084375
v -0.035254845 -0.157090815 0.0159375
v -0.035178015 -0.157299855 0.0084375
v -0.035178015 -0.157299855 0.0159375
v -0.03511062 -0.157516185 0.0084375
v -0.03511062 -0.157516185 0.0159375
v -0.035053755 -0.15773952 0.0084375
v -0.035053755 -0.15773952 0.0159375
v -0.035008515 -0.157969635 0.0084375
v -0.035008515 -0.157969635 0.0159375
v -0.034975905 -0.15820629 0.0084375
v -0.034975905 -0.15820629 0.0159375
v -0.034955385 -0.158449605 0.0084375
v -0.034955385 -0.158449605 0.0159375
v -0.034946475 -0.1586997 0.0084375
v -0.034946475 -0.1586997 0.0159375
v -0.034949175 -0.158956545 0.0084375
v -0.034949175 -0.158956545 0.0159375
v -0.0349635 -0.159220185 0.0084375
v -0.0349635 -0.159220185 0.0159375
v -0.03498945 -0.15949059 0.0084375
v -0.03498945 -0.15949059 0.0159375
v -0.03517509 -0.16053531 0.0084375
v -0.03517509 -0.16053531 0.0159375
v -0.035398695 -0.16153053 0.0084375
v -0.035398695 -0.16153053 0.0159375
v -0.03566493 -0.1624749 0.0084375
v -0.03566493 -0.1624749 0.0159375
v -0.03596958 -0.16336965 0.0084375
v -0.03596958 -0.16336965 0.0159375
v -0.036282945 -0.16422222 0.0084375
v -0.036282945 -0.16422222 0.0159375
v -0.03660759 -0.16503045 0.0084375
v -0.03660759 -0.16503045 0.0159375
v -0.03693237 -0.165807465 0.0084375
v -0.03693237 -0.165807465 0.0159375
v -0.0372552 -0.16655559 0.0084375
v -0.0372552 -0.16655559 0.0159375
v -0.03757167 -0.16727826 0.0084375
v -0.03757167 -0.16727826 0.0159375
v -0.03787647 -0.1679814 0.0084375
v -0.03787647 -0.1679814 0.0159375
v -0.038168895 -0.168663345 0.0084375
v -0.038168895 -0.168663345 0.0159375
v -0.03843966 -0.16932555 0.0084375
v -0.03843966 -0.16932555 0.0159375
v -0.038912805 -0.17059452 0.0084375
v -0.020611365 -0.12963969 0.0159375
v -0.020611365 -0.12963969 0.0084375
v -0.020503425 -0.12997287 0.0084375
v -0.02080044 -0.12911103 0.0159375
v -0.02049981 -0.129986715 0.0159375
v -0.020431725 -0.13031451 0.0084375
v -0.020428215 -0.13033815 0.0159375
v -0.020409285 -0.13099632 0.0084375
v -0.020410875 -0.13101687 0.0159375
v -0.02051214 -0.131610315 0.0084375
v -0.02051214 -0.131610315 0.0159375
v -0.020676105 -0.13221372 0.0084375
v -0.020676105 -0.13221372 0.0159375
v -0.020888595 -0.132813405 0.0084375
v -0.020888595 -0.132813405 0.0159375
v -0.021149745 -0.13340937 0.0084375
v -0.021149745 -0.13340937 0.0159375
v -0.021464655 -0.134001255 0.0084375
v -0.021464655 -0.134001255 0.0159375
v -0.021825285 -0.13458963 0.0084375
v -0.021825285 -0.13458963 0.0159375
v -0.02221893 -0.135175425 0.0084375
v -0.02221893 -0.135175425 0.0159375
v -0.022658715 -0.1357584 0.0084375
v -0.022658715 -0.1357584 0.0159375
v -0.023119845 -0.13633887 0.0084375
v -0.023119845 -0.13633887 0.0159375
v -0.023569815 -0.13691757 0.0084375
v -0.023569815 -0.13691757 0.0159375
v -0.024025245 -0.137494695 0.0084375
v -0.024025245 -0.137494695 0.0159375
v -0.024458595 -0.138069225 0.0084375
v -0.024458595 -0.138069225 0.0159375
v -0.024838815 -0.13864014 0.0084375
v -0.024838815 -0.13864014 0.0159375
v -0.025178205 -0.13920765 0.0084375
v -0.025178205 -0.13920765 0.0159375
v -0.0254694 -0.139772325 0.0084375
v -0.0254694 -0.139772325 0.0159375
v -0.025703325 -0.14033115 0.0084375
v -0.025703325 -0.14033115 0.0159375
v -0.02588364 -0.140883705 0.0084375
v -0.02588364 -0.140883705 0.0159375
v -0.026016585 -0.14144775 0.0084375
v -0.026016585 -0.14144775 0.0159375
v -0.026105445 -0.142033365 0.0084375
v -0.026105445 -0.142033365 0.0159375
v -0.026144595 -0.14325 0.0084375
v -0.026144595 -0.14325 0.0159375
v -0.02613132 -0.14383227 0.0084375
v -0.02613132 -0.14383227 0.0159375
v -0.0261282 -0.14438601 0.0084375
v -0.0261282 -0.14438601 0.0159375
v -0.026135265 -0.14491125 0.0084375
v -0.026135265 -0.14491125 0.0159375
v -0.02616492 -0.14564565 0.0084375
v -0.02616492 -0.14564565 0.0159375
v -0.026219595 -0.14630853 0.0084375
v -0.026219595 -0.14630853 0.0159375
v -0.026297145 -0.14690727 0.0084375
v -0.026297145 -0.14690727 0.0159375
v -0.02639124 -0.147463905 0.0084375
v -0.02639124 -0.147463905 0.0159375
v -0.02649312 -0.147969375 0.0084375
v -0.02649312 -0.147969375 0.0159375
v -0.02661153 -0.148432755 0.0084375
v -0.02661153 -0.148432755 0.0159375
v -0.026766495 -0.148903365 0.0084375
v -0.026766495 -0.148903365 0.0159375
v -0.026972505 -0.14941851 0.0084375
v -0.026972505 -0.14941851 0.0159375
v -0.027131595 -0.14976981 0.0084375
v -0.027131595 -0.14976981 0.0159375
v -0.02729997 -0.150105795 0.0084375
v -0.02729997 -0.150105795 0.0159375
v -0.027470625 -0.150407925 0.0084375
v -0.027470625 -0.150407925 0.0159375
v -0.027641955 -0.150671085 0.0084375
v -0.027641955 -0.150671085 0.0159375
v -0.02781816 -0.150906585 0.0084375
v -0.02781816 -0.150906585 0.0159375
v -0.02800104 -0.15112056 0.0084375
v -0.02800104 -0.15112056 0.0159375
v -0.028192425 -0.151319115 0.0084375
v -0.028192425 -0.151319115 0.0159375
v -0.028393305 -0.15150702 0.0084375
v -0.028393305 -0.15150702 0.0159375
v -0.02860098 -0.151680255 0.0084375
v -0.02860098 -0.151680255 0.0159375
v -0.02881713 -0.151838055 0.0084375
v -0.02881713 -0.151838055 0.0159375
v -0.02904432 -0.15198075 0.0084375
v -0.02904432 -0.15198075 0.0159375
v -0.02928504 -0.152108655 0.0084375
v -0.02928504 -0.152108655 0.0159375
v -0.029540025 -0.15222333 0.0084375
v -0.029540025 -0.15222333 0.0159375
v -0.02980773 -0.15232434 0.0084375
v -0.02980773 -0.15232434 0.0159375
v -0.03008727 -0.152409105 0.0084375
v -0.03008727 -0.152409105 0.0159375
v -0.030377775 -0.152475075 0.0084375
v -0.030377775 -0.152475075 0.0159375
v -0.03067854 -0.15252015 0.0084375
v -0.03067854 -0.15252015 0.0159375
v -0.03099012 -0.15254598 0.0084375
v -0.03099012 -0.15254598 0.0159375
v -0.03131265 -0.152552985 0.0084375
v -0.03131265 -0.152552985 0.0159375
v -0.031646145 -0.152541195 0.0084375
v -0.031646145 -0.152541195 0.0159375
v -0.03199059 -0.15251055 0.0084375
v -0.03199059 -0.15251055 0.0159375
v -0.032651295 -0.152403555 0.0084375
v -0.032651295 -0.152403555 0.0159375
v -0.033302115 -0.15227577 0.0084375
v -0.033302115 -0.15227577 0.0159375
v -0.03394302 -0.152127195 0.0084375
v -0.03394302 -0.152127195 0.0159375
v -0.034575915 -0.151954515 0.0084375
v -0.034575915 -0.151954515 0.0159375
v -0.035200185 -0.15175878 0.0084375
v -0.035200185 -0.15175878 0.0159375
v -0.035809095 -0.151551855 0.0084375
v -0.035809095 -0.151551855 0.0159375
v -0.036398565 -0.151340055 0.0084375
v -0.036398565 -0.151340055 0.0159375
v -0.036971565 -0.15111771 0.0084375
v -0.036971565 -0.15111771 0.0159375
v -0.037525575 -0.15089337 0.0084375
v -0.037525575 -0.15089337 0.0159375
v -0.03805758 -0.15067425 0.0084375
v -0.03805758 -0.15067425 0.0159375
v -0.03856731 -0.150456405 0.0084375
v -0.03856731 -0.150456405 0.0159375
v -0.039059325 -0.15024216 0.0084375
v -0.039059325 -0.15024216 0.0159375
v -0.039537765 -0.150034635 0.0084375
v -0.039537765 -0.150034635 0.0159375
v -0.04000017 -0.14983236 0.0084375
v -0.04000017 -0.14983236 0.0159375
v -0.040449015 -0.149636385 0.0084375
v -0.040449015 -0.149636385 0.0159375
v -0.0408882 -0.1494486 0.0084375
v -0.0408882 -0.1494486 0.0159375
v -0.0413169 -0.149268 0.0084375
v -0.0413169 -0.149268 0.0159375
v -0.041735235 -0.14909556 0.0084375
v -0.041735235 -0.14909556 0.0159375
v -0.042144885 -0.148933605 0.0084375
v -0.042144885 -0.148933605 0.0159375
v -0.04254624 -0.14878149 0.0084375
v -0.04254624 -0.14878149 0.0159375
v -0.04293864 -0.14863965 0.0084375
v -0.04293864 -0.14863965 0.0159375
v -0.043321815 -0.14851062 0.0084375
v -0.043321815 -0.14851062 0.0159375
v -0.043695885 -0.148394775 0.0084375
v -0.043695885 -0.148394775 0.0159375
v -0.044060775 -0.14829159 0.0084375
v -0.044060775 -0.14829159 0.0159375
v -0.044415915 -0.148202895 0.0084375
v -0.044415915 -0.148202895 0.0159375
v -0.0447606 -0.14812956 0.0084375
v -0.0447606 -0.14812956 0.0159375
v -0.045095085 -0.14807085 0.0084375
v -0.045095085 -0.14807085 0.0159375
v -0.04558065 -0.14801223 0.0084375
v -0.04558065 -0.14801223 0.0159375
v -0.04604601 -0.147988665 0.0084375
v -0.04604601 -0.147988665 0.0159375
v -0.046496565 -0.1480032 0.0084375
v -0.046496565 -0.1480032 0.0159375
v -0.046934505 -0.148057635 0.0084375
v -0.046934505 -0.148057635 0.0159375
v -0.04736541 -0.148154055 0.0084375
v -0.04736541 -0.148154055 0.0159375
v -0.047795295 -0.148298325 0.0084375
v -0.047795295 -0.148298325 0.0159375
v -0.048082455 -0.14841879 0.0084375
v -0.048082455 -0.14841879 0.0159375
v -0.048376515 -0.14855499 0.0084375
v -0.048376515 -0.14855499 0.0159375
v -0.04867593 -0.1487094 0.0084375
v -0.04867593 -0.1487094 0.0159375
v -0.04913814 -0.148968105 0.0084375
v -0.04913814 -0.148968105 0.0159375
v -0.049624065 -0.14924739 0.0084375
v -0.049624065 -0.14924739 0.0159375
v -0.050133315 -0.149547855 0.0084375
v -0.050133315 -0.149547855 0.0159375
v -0.05067315 -0.14985765 0.0084375
v -0.05067315 -0.14985765 0.0159375
v -0.051243315 -0.1501779 0.0084375
v -0.051243315 -0.1501779 0.0159375
v -0.051853815 -0.150504075 0.0084375
v -0.051853815 -0.150504075 0.0159375
v -0.052504035 -0.15083643 0.0084375
v -0.052504035 -0.15083643 0.0159375
v -0.053201955 -0.15117249 0.0084375
v -0.053201955 -0.15117249 0.0159375
v -0.05394747 -0.151512315 0.0084375
v -0.05394747 -0.151512315 0.0159375
v -0.0547458 -0.151853715 0.0084375
v -0.0547458 -0.151853715 0.0159375
v -0.05559684 -0.152196465 0.0084375
v -0.05559684 -0.152196465 0.0159375
v -0.056506605 -0.15253968 0.0084375
v -0.056506605 -0.15253968 0.0159375
v -0.057475635 -0.152883105 0.0084375
v -0.057475635 -0.152883105 0.0159375
v -0.058509855 -0.153226215 0.0084375
v -0.058509855 -0.153226215 0.0159375
v -0.059613135 -0.15356859 0.0084375
v -0.059613135 -0.15356859 0.0159375
v -0.060783735 -0.153910425 0.0084375
v -0.060783735 -0.153910425 0.0159375
v -0.06110238 -0.1539984 0.0084375
v -0.061110375 -0.15400053 0.0159375
v -0.06143892 -0.15408303 0.0084375
v -0.06146439 -0.15408885 0.0159375
v -0.0618123 -0.154158675 0.0084375
v -0.06186015 -0.15416655 0.0159375
v -0.06222171 -0.154211775 0.0084375
v -0.06228216 -0.154216575 0.0159375
v -0.062668125 -0.15422685 0.0084375
v -0.06273183 -0.15422508 0.0159375
v -0.06316299 -0.15418503 0.0084375
v -0.06323907 -0.154172385 0.0159375
v -0.06371229 -0.15404985 0.0084375
v -0.06382119 -0.154008 0.0159375
v -0.064306305 -0.15375168 0.0084375
v -0.06441651 -0.153672765 0.0159375
v -0.064587555 -0.15352875 0.0084375
v -0.06483723 -0.153268815 0.0084375
v -0.064908435 -0.15317781 0.0159375
v -0.0651966 -0.15269034 0.0084375
v -0.065235975 -0.152599905 0.0159375
v -0.06538695 -0.152127675 0.0084375
v -0.06540546 -0.15204489 0.0159375
v -0.06546861 -0.151629105 0.0084375
v -0.065475075 -0.1515564 0.0159375
v -0.065488185 -0.151181055 0.0084375
v -0.065487195 -0.151119675 0.0159375
v -0.06546528 -0.150757935 0.0084375
v -0.065460675 -0.150712035 0.0159375
v -0.06541287 -0.15035844 0.0084375
v -0.06540867 -0.15033279 0.0159375
v -0.06534621 -0.149998215 0.0084375
v -0.065344455 -0.14998956 0.0159375
v -0.065274855 -0.14966487 0.0084375
v -0.065274855 -0.14966487 0.0159375
v -0.064614765 -0.147132525 0.0084375
v -0.064614765 -0.147132525 0.0159375
v -0.063779625 -0.14466876 0.0084375
v -0.063779625 -0.14466876 0.0159375
v -0.062766615 -0.14226777 0.0084375
v -0.062766615 -0.14226777 0.0159375
v -0.06158121 -0.139940865 0.0084375
v -0.06158121 -0.139940865 0.0159375
v -0.06023388 -0.137711385 0.0084375
v -0.06023388 -0.137711385 0.0159375
v -0.05872533 -0.135578655 0.0084375
v -0.05872533 -0.135578655 0.0159375
v -0.057071715 -0.133566645 0.0084375
v -0.057071715 -0.133566645 0.0159375
v -0.055271625 -0.13167312 0.0084375
v -0.055271625 -0.13167312 0.0159375
v -0.05334579 -0.129919875 0.0084375
v -0.05334579 -0.129919875 0.0159375
v -0.05129205 -0.128305395 0.0084375
v -0.05129205 -0.128305395 0.0159375
v -0.049133745 -0.12684708 0.0084375
v -0.049133745 -0.12684708 0.0159375
v -0.046871535 -0.125546025 0.0084375
v -0.046871535 -0.125546025 0.0159375
v -0.04452171 -0.124412055 0.0084375
v -0.04452171 -0.124412055 0.0159375
v -0.042092595 -0.12345045 0.0084375
v -0.042092595 -0.12345045 0.0159375
v -0.039579945 -0.122658555 0.0084375
v -0.039579945 -0.122658555 0.0159375
v -0.03854196 -0.12239007 0.0084375
v -0.03854196 -0.12239007 0.0159375
v -0.037711395 -0.122196165 0.0084375
v -0.037711395 -0.122196165 0.0159375
v -0.03699411 -0.12206433 0.0084375
v -0.03699411 -0.12206433 0.0159375
v -0.0361881 -0.121928235 0.0084375
v -0.0361881 -0.121928235 0.0159375
v -0.03509928 -0.12181281 0.0084375
v -0.03509928 -0.12181281 0.0159375
v -0.03442935 -0.121762125 0.0084375
v -0.03442935 -0.121762125 0.0159375
v -0.03365103 -0.12174207 0.0084375
v -0.03365103 -0.12174207 0.0159375
v -0.03277242 -0.121746435 0.0084375
v -0.03277242 -0.121746435 0.0159375
v -0.0318522 -0.121796625 0.0084375
v -0.0318522 -0.121796625 0.0159375
v -0.030979485 -0.121886895 0.0084375
v -0.030979485 -0.121886895 0.0159375
v -0.030133635 -0.122026575 0.0084375
v -0.030133635 -0.122026575 0.0159375
v -0.029373435 -0.122180385 0.0084375
v -0.029373435 -0.122180385 0.0159375
v -0.02870616 -0.12234612 0.0084375
v -0.02870616 -0.12234612 0.0159375
v -0.02805762 -0.122545275 0.0084375
v -0.02805762 -0.122545275 0.0159375
v -0.02740398 -0.12277968 0.0084375
v -0.02740398 -0.12277968 0.0159375
v -0.02677443 -0.123035475 0.0084375
v -0.02677443 -0.123035475 0.0159375
v -0.026152785 -0.12332241 0.0084375
v -0.026152785 -0.12332241 0.0159375
v -0.025509105 -0.123671865 0.0084375
v -0.025509105 -0.123671865 0.0159375
v -0.024873675 -0.12405576 0.0084375
v -0.024873675 -0.12405576 0.0159375
v -0.02432433 -0.124440975 0.0084375
v -0.02432433 -0.124440975 0.0159375
v -0.023776695 -0.124886955 0.0084375
v -0.023776695 -0.124886955 0.0159375
v -0.02292732 -0.12568506 0.0084375
v -0.02292732 -0.12568506 0.0159375
v -0.022312665 -0.12641871 0.0084375
v -0.022312665 -0.12641871 0.0159375
v -0.021840405 -0.12708348 0.0084375
v -0.021840405 -0.12708348 0.0159375
v -0.02150073 -0.127646655 0.0084375
v -0.02150073 -0.127646655 0.0159375
v -0.021241755 -0.128121435 0.0084375
v -0.021241755 -0.128121435 0.0159375
v -0.02101017 -0.128619525 0.0084375
v -0.02101017 -0.128619525 0.0159375
v -0.02080044 -0.12911103 0.0084375
v -0.039579945 -0.122658555 0.0159375
v -0.039826545 -0.11807208 0.0159375
v -0.040773765 -0.11831979 0.0159375
v -0.038953335 -0.11786178 0.0159375
v -0.041707215 -0.1185903 0.0159375
v -0.042092595 -0.12345045 0.0159375
v -0.04262934 -0.118880325 0.0159375
v -0.04354017 -0.11918988 0.0159375
v -0.04443966 -0.119518965 0.0159375
v -0.04452171 -0.124412055 0.0159375
v -0.04532784 -0.11986758 0.0159375
v -0.04620477 -0.120235935 0.0159375
v -0.046871535 -0.125546025 0.0159375
v -0.047070525 -0.1206243 0.0159375
v -0.04792497 -0.12103224 0.0159375
v -0.048767955 -0.121459215 0.0159375
v -0.049133745 -0.12684708 0.0159375
v -0.04959936 -0.121904715 0.0159375
v -0.050419125 -0.122368365 0.0159375
v -0.051227985 -0.12285099 0.0159375
v -0.05129205 -0.128305395 0.0159375
v -0.05202549 -0.123352425 0.0159375
v -0.05281101 -0.12387213 0.0159375
v -0.05334579 -0.129919875 0.0159375
v -0.053583825 -0.12440961 0.0159375
v -0.054343305 -0.12496437 0.0159375
v -0.055090785 -0.12553749 0.0159375
v -0.055271625 -0.13167312 0.0159375
v -0.05582637 -0.12612906 0.0159375
v -0.05654871 -0.126737925 0.0159375
v -0.057071715 -0.133566645 0.0159375
v -0.057256455 -0.12736302 0.0159375
v -0.05794824 -0.12800322 0.0159375
v -0.05862417 -0.128658735 0.0159375
v -0.05872533 -0.135578655 0.0159375
v -0.05928579 -0.129330945 0.0159375
v -0.0599322 -0.130018845 0.0159375
v -0.06023388 -0.137711385 0.0159375
v -0.060562425 -0.130721385 0.0159375
v -0.061175445 -0.131437485 0.0159375
v -0.06158121 -0.139940865 0.0159375
v -0.061770795 -0.132166665 0.0159375
v -0.06235011 -0.13291104 0.0159375
v -0.062766615 -0.14226777 0.0159375
v -0.06291276 -0.133669605 0.0159375
v -0.06345774 -0.13444095 0.0159375
v -0.063779625 -0.14466876 0.0159375
v -0.06398406 -0.13522362 0.0159375
v -0.06449085 -0.1360164 0.0159375
v -0.064614765 -0.147132525 0.0159375
v -0.064980045 -0.13682385 0.0159375
v -0.065274855 -0.14966487 0.0159375
v -0.065451435 -0.137644845 0.0159375
v -0.065344455 -0.14998956 0.0159375
v -0.06540867 -0.15033279 0.0159375
v -0.065460675 -0.150712035 0.0159375
v -0.0659034 -0.138475155 0.0159375
v -0.065487195 -0.151119675 0.0159375
v -0.065610465 -0.160601175 0.0159375
v -0.065686905 -0.16099161 0.0159375
v -0.06548529 -0.160237275 0.0159375
v -0.065475075 -0.1515564 0.0159375
v -0.06532767 -0.1599093 0.0159375
v -0.06540546 -0.15204489 0.0159375
v -0.065235975 -0.152599905 0.0159375
v -0.065137695 -0.15962181 0.0159375
v -0.064908435 -0.15317781 0.0159375
v -0.064705935 -0.159158565 0.0159375
v -0.06441651 -0.153672765 0.0159375
v -0.06424251 -0.158829645 0.0159375
v -0.06382119 -0.154008 0.0159375
v -0.06377886 -0.15859842 0.0159375
v -0.063341775 -0.158425305 0.0159375
v -0.06323907 -0.154172385 0.0159375
v -0.062405445 -0.158074125 0.0159375
v -0.06273183 -0.15422508 0.0159375
v -0.06228216 -0.154216575 0.0159375
v -0.061502505 -0.157741935 0.0159375
v -0.06186015 -0.15416655 0.0159375
v -0.06146439 -0.15408885 0.0159375
v -0.06063297 -0.15742872 0.0159375
v -0.061110375 -0.15400053 0.0159375
v -0.060783735 -0.153910425 0.0159375
v -0.059796855 -0.15713451 0.0159375
v -0.059613135 -0.15356859 0.0159375
v -0.0589998 -0.15686187 0.0159375
v -0.058509855 -0.153226215 0.0159375
v -0.05823879 -0.156609405 0.0159375
v -0.057503265 -0.156372315 0.0159375
v -0.057475635 -0.152883105 0.0159375
v -0.05678298 -0.15614592 0.0159375
v -0.056506605 -0.15253968 0.0159375
v -0.05608941 -0.15593343 0.0159375
v -0.05559684 -0.152196465 0.0159375
v -0.05541909 -0.155734635 0.0159375
v -0.05475231 -0.15554409 0.0159375
v -0.0547458 -0.151853715 0.0159375
v -0.054069615 -0.155356395 0.0159375
v -0.05394747 -0.151512315 0.0159375
v -0.053367705 -0.155170155 0.0159375
v -0.053201955 -0.15117249 0.0159375
v -0.052658205 -0.154988985 0.0159375
v -0.052504035 -0.15083643 0.0159375
v -0.051951285 -0.1548165 0.0159375
v -0.051853815 -0.150504075 0.0159375
v -0.051255945 -0.15465612 0.0159375
v -0.051243315 -0.1501779 0.0159375
v -0.050558475 -0.154505265 0.0159375
v -0.05067315 -0.14985765 0.0159375
v -0.050133315 -0.149547855 0.0159375
v -0.04986681 -0.15436455 0.0159375
v -0.049624065 -0.14924739 0.0159375
v -0.04920054 -0.154236855 0.0159375
v -0.04913814 -0.148968105 0.0159375
v -0.048578955 -0.154125165 0.0159375
v -0.04867593 -0.1487094 0.0159375
v -0.048376515 -0.14855499 0.0159375
v -0.04800654 -0.154030845 0.0159375
v -0.048082455 -0.14841879 0.0159375
v -0.047795295 -0.148298325 0.0159375
v -0.047466855 -0.15395067 0.0159375
v -0.04736541 -0.148154055 0.0159375
v -0.04694193 -0.15388071 0.0159375
v -0.046934505 -0.148057635 0.0159375
v -0.046801485 -0.150482895 0.0159375
v -0.046416615 -0.153817365 0.0159375
v -0.046711965 -0.150207375 0.0159375
v -0.046496565 -0.1480032 0.0159375
v -0.04647759 -0.150037095 0.0159375
v -0.04618788 -0.150037095 0.0159375
v -0.04604601 -0.147988665 0.0159375
v -0.045953505 -0.150207375 0.0159375
v -0.045863985 -0.150482895 0.0159375
v -0.04558065 -0.14801223 0.0159375
v -0.04540062 -0.15371523 0.0159375
v -0.04590444 -0.15376179 0.0159375
v -0.045095085 -0.14807085 0.0159375
v -0.04489287 -0.153678225 0.0159375
v -0.0447606 -0.14812956 0.0159375
v -0.04436832 -0.153651105 0.0159375
v -0.044415915 -0.148202895 0.0159375
v -0.044060775 -0.14829159 0.0159375
v -0.04382148 -0.15363282 0.0159375
v -0.043695885 -0.148394775 0.0159375
v -0.0432702 -0.153624435 0.0159375
v -0.043321815 -0.14851062 0.0159375
v -0.04293864 -0.14863965 0.0159375
v -0.042734955 -0.153627435 0.0159375
v -0.04254624 -0.14878149 0.0159375
v -0.042232065 -0.153643395 0.0159375
v -0.042144885 -0.148933605 0.0159375
v -0.041750145 -0.153672645 0.0159375
v -0.041735235 -0.14909556 0.0159375
v -0.04128867 -0.153713175 0.0159375
v -0.0413169 -0.149268 0.0159375
v -0.0408882 -0.1494486 0.0159375
v -0.04085058 -0.153762795 0.0159375
v -0.040449015 -0.149636385 0.0159375
v -0.04044054 -0.153819345 0.0159375
v -0.040062915 -0.15388293 0.0159375
v -0.04000017 -0.14983236 0.0159375
v -0.03970563 -0.15395595 0.0159375
v -0.039537765 -0.150034635 0.0159375
v -0.039354975 -0.154041 0.0159375
v -0.039059325 -0.15024216 0.0159375
v -0.03900039 -0.15413958 0.0159375
v -0.03864795 -0.15424977 0.0159375
v -0.03856731 -0.150456405 0.0159375
v -0.038302605 -0.154372575 0.0159375
v -0.03805758 -0.15067425 0.0159375
v -0.0380508 -0.154473765 0.0159375
v -0.03780684 -0.154583505 0.0159375
v -0.03756624 -0.15470391 0.0159375
v -0.037525575 -0.15089337 0.0159375
v -0.037330005 -0.15483354 0.0159375
v -0.03710214 -0.154969665 0.0159375
v -0.036971565 -0.15111771 0.0159375
v -0.03688668 -0.155109555 0.0159375
v -0.036687645 -0.15525048 0.0159375
v -0.03650694 -0.155391135 0.0159375
v -0.036398565 -0.151340055 0.0159375
v -0.03628974 -0.15558156 0.0159375
v -0.03609336 -0.155779455 0.0159375
v -0.03591087 -0.155989425 0.0159375
v -0.035809095 -0.151551855 0.0159375
v -0.035780265 -0.156156345 0.0159375
v -0.035657055 -0.15632946 0.0159375
v -0.03554214 -0.15650904 0.0159375
v -0.03543633 -0.15669552 0.0159375
v -0.035340435 -0.156889335 0.0159375
v -0.035254845 -0.157090815 0.0159375
v -0.035200185 -0.15175878 0.0159375
v -0.035178015 -0.157299855 0.0159375
v -0.03511062 -0.157516185 0.0159375
v -0.035053755 -0.15773952 0.0159375
v -0.035008515 -0.157969635 0.0159375
v -0.034975905 -0.15820629 0.0159375
v -0.034955385 -0.158449605 0.0159375
v -0.034575915 -0.151954515 0.0159375
v -0.034946475 -0.1586997 0.0159375
v -0.03455022 -0.179019885 0.0159375
v -0.034949175 -0.158956545 0.0159375
v -0.034106835 -0.179108445 0.0159375
v -0.03394302 -0.152127195 0.0159375
v -0.033879975 -0.17059941 0.0159375
v -0.03387726 -0.17105397 0.0159375
v -0.033872595 -0.170149515 0.0159375
v -0.033855075 -0.1697043 0.0159375
v -0.033827205 -0.16925928 0.0159375
v -0.033789045 -0.16881594 0.0159375
v -0.033741105 -0.16838325 0.0159375
v -0.03368391 -0.16797015 0.0159375
v -0.03361791 -0.167580165 0.0159375
v -0.033542715 -0.16720815 0.0159375
v -0.03345759 -0.16685004 0.0159375
v -0.03336177 -0.166501815 0.0159375
v -0.033302115 -0.15227577 0.0159375
v -0.03325482 -0.166161465 0.0159375
v -0.03313722 -0.16583145 0.0159375
v -0.03300957 -0.165514425 0.0159375
v -0.032872455 -0.165213045 0.0159375
v -0.032725995 -0.16492767 0.0159375
v -0.032651295 -0.152403555 0.0159375
v -0.03256989 -0.16465704 0.0159375
v -0.03240408 -0.164401185 0.0159375
v -0.032228505 -0.164160225 0.0159375
v -0.032043585 -0.16393401 0.0159375
v -0.03199059 -0.15251055 0.0159375
v -0.0318492 -0.16372257 0.0159375
v -0.031646145 -0.152541195 0.0159375
v -0.03164448 -0.163526145 0.0159375
v -0.03142857 -0.163344975 0.0159375
v -0.03131265 -0.152552985 0.0159375
v -0.03120054 -0.16317819 0.0159375
v -0.031171875 -0.1575 0.0159375
v -0.03096108 -0.163025985 0.0159375
v -0.031079625 -0.15704583 0.0159375
v -0.03099012 -0.15254598 0.0159375
v -0.03082722 -0.156672795 0.0159375
v -0.03067854 -0.15252015 0.0159375
v -0.030450495 -0.156419385 0.0159375
v -0.030377775 -0.152475075 0.0159375
v -0.03 -0.156328125 0.0159375
v -0.03008727 -0.152409105 0.0159375
v -0.02980773 -0.15232434 0.0159375
v -0.029549505 -0.156419385 0.0159375
v -0.029540025 -0.15222333 0.0159375
v -0.02917278 -0.156672795 0.0159375
v -0.02928504 -0.152108655 0.0159375
v -0.02904432 -0.15198075 0.0159375
v -0.028920375 -0.15704583 0.0159375
v -0.028828125 -0.1575 0.0159375
v -0.02881713 -0.151838055 0.0159375
v -0.02878332 -0.162447765 0.0159375
v -0.028920375 -0.15795417 0.0159375
v -0.02860098 -0.151680255 0.0159375
v -0.028532865 -0.16245111 0.0159375
v -0.028393305 -0.15150702 0.0159375
v -0.028274895 -0.162465 0.0159375
v -0.028192425 -0.151319115 0.0159375
v -0.02800941 -0.16248945 0.0159375
v -0.02800104 -0.15112056 0.0159375
v -0.027173865 -0.16263363 0.0159375
v -0.02781816 -0.150906585 0.0159375
v -0.027641955 -0.150671085 0.0159375
v -0.027470625 -0.150407925 0.0159375
v -0.02729997 -0.150105795 0.0159375
v -0.027131595 -0.14976981 0.0159375
v -0.026341035 -0.16281213 0.0159375
v -0.026972505 -0.14941851 0.0159375
v -0.026766495 -0.148903365 0.0159375
v -0.02661153 -0.148432755 0.0159375
v -0.02649312 -0.147969375 0.0159375
v -0.02639124 -0.147463905 0.0159375
v -0.026297145 -0.14690727 0.0159375
v -0.02551092 -0.16302498 0.0159375
v -0.026219595 -0.14630853 0.0159375
v -0.02616492 -0.14564565 0.0159375
v -0.026135265 -0.14491125 0.0159375
v -0.0261282 -0.14438601 0.0159375
v -0.026105445 -0.142033365 0.0159375
v -0.026016585 -0.14144775 0.0159375
v -0.02613132 -0.14383227 0.0159375
v -0.026144595 -0.14325 0.0159375
v -0.02588364 -0.140883705 0.0159375
v -0.025703325 -0.14033115 0.0159375
v -0.0254694 -0.139772325 0.0159375
v -0.025052235 -0.15628332 0.0159375
v -0.02504505 -0.156526275 0.0159375
v -0.025178205 -0.13920765 0.0159375
v -0.02504889 -0.15603285 0.0159375
v -0.025035 -0.155774895 0.0159375
v -0.02501055 -0.15550941 0.0159375
v -0.024847425 -0.15454641 0.0159375
v -0.024838815 -0.13864014 0.0159375
v -0.02463639 -0.15359523 0.0159375
v -0.024458595 -0.138069225 0.0159375
v -0.02437101 -0.152650095 0.0159375
v -0.02406126 -0.151719975 0.0159375
v -0.024025245 -0.137494695 0.0159375
v -0.023739435 -0.150836025 0.0159375
v -0.023569815 -0.13691757 0.0159375
v -0.023401455 -0.149993835 0.0159375
v -0.02345166 -0.141167265 0.0159375
v -0.023362125 -0.1414428 0.0159375
v -0.023362125 -0.140891745 0.0159375
v -0.02312775 -0.140721465 0.0159375
v -0.023119845 -0.13633887 0.0159375
v -0.022838055 -0.140721465 0.0159375
v -0.022658715 -0.1357584 0.0159375
v -0.02260368 -0.140891745 0.0159375
v -0.02251416 -0.141167265 0.0159375
v -0.02221893 -0.135175425 0.0159375
v -0.022431585 -0.14772633 0.0159375
v -0.02260368 -0.1414428 0.0159375
v -0.022132455 -0.147033555 0.0159375
v -0.02184597 -0.14637027 0.0159375
v -0.021825285 -0.13458963 0.0159375
v -0.02175693 -0.146158755 0.0159375
v -0.0216564 -0.14592501 0.0159375
v -0.021539835 -0.145670235 0.0159375
v -0.021464655 -0.134001255 0.0159375
v -0.021400125 -0.14539587 0.0159375
v -0.021226515 -0.145101435 0.0159375
v -0.021149745 -0.13340937 0.0159375
v -0.021004725 -0.144787425 0.0159375
v -0.020888595 -0.132813405 0.0159375
v -0.02071509 -0.144453795 0.0159375
v -0.020676105 -0.13221372 0.0159375
v -0.020326275 -0.1441155 0.0159375
v -0.02051214 -0.131610315 0.0159375
v -0.020410875 -0.13101687 0.0159375
v -0.020352255 -0.121905945 0.0159375
v -0.019808325 -0.143834235 0.0159375
v -0.020428215 -0.13033815 0.0159375
v -0.020965545 -0.12136551 0.0159375
v -0.02049981 -0.129986715 0.0159375
v -0.020611365 -0.12963969 0.0159375
v -0.02080044 -0.12911103 0.0159375
v -0.02101017 -0.128619525 0.0159375
v -0.02162643 -0.12084537 0.0159375
v -0.021241755 -0.128121435 0.0159375
v -0.02150073 -0.127646655 0.0159375
v -0.021840405 -0.12708348 0.0159375
v -0.02233587 -0.120343275 0.0159375
v -0.022312665 -0.12641871 0.0159375
v -0.02292732 -0.12568506 0.0159375
v -0.02310567 -0.11986326 0.0159375
v -0.023776695 -0.124886955 0.0159375
v -0.02394315 -0.1194012 0.0159375
v -0.02432433 -0.124440975 0.0159375
v -0.02481708 -0.118978215 0.0159375
v -0.024873675 -0.12405576 0.0159375
v -0.02572593 -0.11860197 0.0159375
v -0.025509105 -0.123671865 0.0159375
v -0.026152785 -0.12332241 0.0159375
v -0.026646195 -0.11827347 0.0159375
v -0.02677443 -0.123035475 0.0159375
v -0.027545985 -0.11800248 0.0159375
v -0.02740398 -0.12277968 0.0159375
v -0.02805762 -0.122545275 0.0159375
v -0.028430025 -0.11778318 0.0159375
v -0.02870616 -0.12234612 0.0159375
v -0.02927391 -0.117605085 0.0159375
v -0.029373435 -0.122180385 0.0159375
v -0.030081135 -0.117469815 0.0159375
v -0.030133635 -0.122026575 0.0159375
v -0.030845865 -0.117368715 0.0159375
v -0.030979485 -0.121886895 0.0159375
v -0.03156513 -0.117303555 0.0159375
v -0.0318522 -0.121796625 0.0159375
v -0.03224913 -0.1172631 0.0159375
v -0.03277242 -0.121746435 0.0159375
v -0.03290292 -0.11724351 0.0159375
v -0.033523425 -0.11724171 0.0159375
v -0.03365103 -0.12174207 0.0159375
v -0.034659465 -0.117269655 0.0159375
v -0.03442935 -0.121762125 0.0159375
v -0.03509928 -0.12181281 0.0159375
v -0.0356904 -0.117344715 0.0159375
v -0.0361881 -0.121928235 0.0159375
v -0.036575295 -0.117441255 0.0159375
v -0.03699411 -0.12206433 0.0159375
v -0.03739014 -0.11756292 0.0159375
v -0.037711395 -0.122196165 0.0159375
v -0.038176845 -0.1177038 0.0159375
v -0.03854196 -0.12239007 0.0159375
v -0.01979346 -0.12245205 0.0159375
v -0.019211055 -0.14370882 0.0159375
v -0.01929402 -0.12300168 0.0159375
v -0.018844275 -0.12354963 0.0159375
v -0.018623265 -0.1437783 0.0159375
v -0.01843827 -0.12408987 0.0159375
v -0.01812405 -0.143991615 0.0159375
v -0.01807578 -0.12462243 0.0159375
v -0.01774266 -0.14426625 0.0159375
v -0.0177498 -0.125141445 0.0159375
v -0.0174615 -0.125647695 0.0159375
v -0.017450355 -0.14454639 0.0159375
v -0.01722099 -0.14481444 0.0159375
v -0.01703715 -0.14506716 0.0159375
v -0.016989765 -0.12658743 0.0159375
v -0.016885995 -0.14530341 0.0159375
v -0.01675713 -0.145524705 0.0159375
v -0.01664367 -0.145731615 0.0159375
v -0.016610865 -0.127480875 0.0159375
v -0.016541295 -0.145922745 0.0159375
v -0.016447005 -0.146097705 0.0159375
v -0.01628748 -0.128367765 0.0159375
v -0.016105185 -0.146699025 0.0159375
v -0.016016175 -0.129227505 0.0159375
v -0.015677775 -0.14742381 0.0159375
v -0.015804645 -0.130008405 0.0159375
v -0.015636645 -0.130728825 0.0159375
v -0.01504572 -0.14842308 0.0159375
v -0.01547925 -0.131481975 0.0159375
v -0.015359115 -0.13212852 0.0159375
v -0.0152463 -0.132817275 0.0159375
v -0.015136395 -0.133496295 0.0159375
v -0.01502748 -0.13422507 0.0159375
v -0.01476054 -0.14890755 0.0159375
v -0.014911755 -0.1350729 0.0159375
v -0.014776575 -0.136034565 0.0159375
v -0.014615985 -0.137051715 0.0159375
v -0.014487375 -0.149410665 0.0159375
v -0.014445765 -0.138049725 0.0159375
v -0.014226375 -0.149932005 0.0159375
v -0.014262405 -0.13898025 0.0159375
v -0.01404255 -0.13990962 0.0159375
v -0.013976205 -0.15047781 0.0159375
v -0.013810365 -0.14073603 0.0159375
v -0.0137397 -0.15104397 0.0159375
v -0.0135729 -0.14146143 0.0159375
v -0.01352004 -0.15162756 0.0159375
v -0.01333557 -0.14210688 0.0159375
v -0.013319235 -0.15222471 0.0159375
v -0.01313892 -0.152833185 0.0159375
v -0.01310577 -0.142672455 0.0159375
v -0.01298052 -0.153448515 0.0159375
v -0.012887205 -0.143160645 0.0159375
v -0.01284459 -0.15406944 0.0159375
v -0.01273152 -0.154693275 0.0159375
v -0.01266738 -0.14361645 0.0159375
v -0.01264131 -0.155319765 0.0159375
v -0.012573915 -0.155947755 0.0159375
v -0.01252929 -0.15657696 0.0159375
v -0.01250736 -0.15720612 0.0159375
v -0.01240749 -0.144102645 0.0159375
v -0.012317985 -0.170581485 0.0159375
v -0.01250814 -0.15783549 0.0159375
v -0.012158085 -0.14453868 0.0159375
v -0.01177938 -0.1698204 0.0159375
v -0.011870595 -0.14502453 0.0159375
v -0.011593245 -0.145459665 0.0159375
v -0.011273655 -0.169037145 0.0159375
v -0.01131444 -0.145897005 0.0159375
v -0.011009265 -0.14640357 0.0159375
v -0.010801515 -0.168233205 0.0159375
v -0.010676985 -0.14699283 0.0159375
v -0.01036401 -0.167409975 0.0159375
v -0.01033383 -0.14765019 0.0159375
v -0.009961395 -0.16656837 0.0159375
v -0.009983505 -0.148383105 0.0159375
v -0.009631545 -0.14919867 0.0159375
v -0.00959586 -0.16571316 0.0159375
v -0.009283695 -0.15010869 0.0159375
v -0.009267 -0.164843565 0.0159375
v -0.008975355 -0.163961235 0.0159375
v -0.008948625 -0.151124535 0.0159375
v -0.00872076 -0.163065885 0.0159375
v -0.008635635 -0.15226785 0.0159375
v -0.00850416 -0.16215954 0.0159375
v -0.00849252 -0.15289626 0.0159375
v -0.008325585 -0.161240265 0.0159375
v -0.00835914 -0.15356685 0.0159375
v -0.0082416 -0.154280295 0.0159375
v -0.00818586 -0.16031493 0.0159375
v -0.00814335 -0.155040195 0.0159375
v -0.008086605 -0.159386445 0.0159375
v -0.008066805 -0.15584253 0.0159375
v -0.008026665 -0.158460375 0.0159375
v -0.00802104 -0.15668259 0.0159375
v -0.00800472 -0.15756033 0.0159375
v -0.01254591 -0.158493195 0.0159375
v -0.01268784 -0.15919377 0.0159375
v -0.0128886 -0.17131956 0.0159375
v -0.012981195 -0.159862425 0.0159375
v -0.013198515 -0.164517105 0.0159375
v -0.013424595 -0.160441185 0.0159375
v -0.013288035 -0.164792625 0.0159375
v -0.013487355 -0.17202996 0.0159375
v -0.01352241 -0.164962905 0.0159375
v -0.01381212 -0.164962905 0.0159375
v -0.014046495 -0.164792625 0.0159375
v -0.01411491 -0.17271351 0.0159375
v -0.014136015 -0.164517105 0.0159375
v -0.01465236 -0.16117854 0.0159375
v -0.014770965 -0.173370075 0.0159375
v -0.014046495 -0.16424157 0.0159375
v -0.01399584 -0.16088535 0.0159375
v -0.01381212 -0.16407129 0.0159375
v -0.01352241 -0.16407129 0.0159375
v -0.013288035 -0.16424157 0.0159375
v -0.015339015 -0.161321025 0.0159375
v -0.0154554 -0.173999835 0.0159375
v -0.01598679 -0.16136442 0.0159375
v -0.01616862 -0.174601875 0.0159375
v -0.016446045 -0.16137726 0.0159375
v -0.01690062 -0.161379975 0.0159375
v -0.016913175 -0.17517774 0.0159375
v -0.01735053 -0.16137258 0.0159375
v -0.017296875 -0.168243495 0.0159375
v -0.017331435 -0.168605595 0.0159375
v -0.017314725 -0.167873895 0.0159375
v -0.01749687 -0.16720107 0.0159375
v -0.017795745 -0.161355075 0.0159375
v -0.01781388 -0.16665804 0.0159375
v -0.018240765 -0.161327205 0.0159375
v -0.018180345 -0.166249575 0.0159375
v -0.018541755 -0.16594635 0.0159375
v -0.01868409 -0.161289045 0.0159375
v -0.01888491 -0.16571688 0.0159375
v -0.019116765 -0.161241105 0.0159375
v -0.0192072 -0.16553601 0.0159375
v -0.01952985 -0.161183895 0.0159375
v -0.019507575 -0.165387975 0.0159375
v -0.019777515 -0.16526559 0.0159375
v -0.019919835 -0.16111791 0.0159375
v -0.020018475 -0.16515996 0.0159375
v -0.020291865 -0.161042715 0.0159375
v -0.020649975 -0.16095759 0.0159375
v -0.020731425 -0.16483485 0.0159375
v -0.0209982 -0.16086177 0.0159375
v -0.02133855 -0.16075482 0.0159375
v -0.021468915 -0.164515605 0.0159375
v -0.02166855 -0.16063722 0.0159375
v -0.021985575 -0.16050957 0.0159375
v -0.02223093 -0.16420224 0.0159375
v -0.02228697 -0.160372455 0.0159375
v -0.02257233 -0.160225995 0.0159375
v -0.022842975 -0.16006989 0.0159375
v -0.02302134 -0.163889715 0.0159375
v -0.023098815 -0.15990408 0.0159375
v -0.02333979 -0.159728505 0.0159375
v -0.02356599 -0.15954357 0.0159375
v -0.02377743 -0.1593492 0.0159375
v -0.023843685 -0.16357341 0.0159375
v -0.023973855 -0.15914448 0.0159375
v -0.02415504 -0.158928585 0.0159375
v -0.024321825 -0.15870054 0.0159375
v -0.02447403 -0.15846108 0.0159375
v -0.02460987 -0.15821175 0.0159375
v -0.024679635 -0.163277205 0.0159375
v -0.024727545 -0.157954125 0.0159375
v -0.024827205 -0.157690155 0.0159375
v -0.0249096 -0.157418505 0.0159375
v -0.024959535 -0.15720768 0.0159375
v -0.02499888 -0.15698916 0.0159375
v -0.025027305 -0.15676173 0.0159375
v -0.017521725 -0.169262535 0.0159375
v -0.01768263 -0.175722615 0.0159375
v -0.01780083 -0.169801575 0.0159375
v -0.018110565 -0.17023476 0.0159375
v -0.018420855 -0.170581185 0.0159375
v -0.018474795 -0.17623296 0.0159375
v -0.018713565 -0.170859435 0.0159375
v -0.018983415 -0.17108994 0.0159375
v -0.01924518 -0.171298965 0.0159375
v -0.01928442 -0.176707485 0.0159375
v -0.02003751 -0.17187453 0.0159375
v -0.02009013 -0.177136425 0.0159375
v -0.020810895 -0.17238564 0.0159375
v -0.020895315 -0.17752125 0.0159375
v -0.02230119 -0.17320926 0.0159375
v -0.021683805 -0.17786298 0.0159375
v -0.022456335 -0.17816049 0.0159375
v -0.023712945 -0.17382597 0.0159375
v -0.02320416 -0.178419135 0.0159375
v -0.023923575 -0.178639245 0.0159375
v -0.02503728 -0.174276525 0.0159375
v -0.02461359 -0.1788249 0.0159375
v -0.02526918 -0.17898093 0.0159375
v -0.02627013 -0.174593205 0.0159375
v -0.025892685 -0.17910774 0.0159375
v -0.026486535 -0.17921325 0.0159375
v -0.02741205 -0.174803085 0.0159375
v -0.02758875 -0.17936286 0.0159375
v -0.028466445 -0.17492814 0.0159375
v -0.0285921 -0.179450025 0.0159375
v -0.029439435 -0.17498643 0.0159375
v -0.0295125 -0.179489535 0.0159375
v -0.03033546 -0.17499186 0.0159375
v -0.030354765 -0.179492055 0.0159375
v -0.03069792 -0.174984255 0.0159375
v -0.03106434 -0.17494545 0.0159375
v -0.031122825 -0.179466345 0.0159375
v -0.03143982 -0.1748778 0.0159375
v -0.03180912 -0.174774225 0.0159375
v -0.03182859 -0.179418975 0.0159375
v -0.03216075 -0.17462625 0.0159375
v -0.032486145 -0.179354145 0.0159375
v -0.032488635 -0.174440625 0.0159375
v -0.033043485 -0.173968065 0.0159375
v -0.033094905 -0.17927625 0.0159375
v -0.033449235 -0.173391615 0.0159375
v -0.03363753 -0.17919222 0.0159375
v -0.033705 -0.172758555 0.0159375
v -0.033826545 -0.172112925 0.0159375
v -0.03386442 -0.171513225 0.0159375
v -0.022744905 -0.148445775 0.0159375
v -0.022838055 -0.141613065 0.0159375
v -0.02307003 -0.1491963 0.0159375
v -0.02312775 -0.141613065 0.0159375
v -0.029026275 -0.162454965 0.0159375
v -0.02917278 -0.158327205 0.0159375
v -0.02926173 -0.162472695 0.0159375
v -0.029549505 -0.158580615 0.0159375
v -0.029489175 -0.16250112 0.0159375
v -0.029707665 -0.162540465 0.0159375
v -0.03 -0.158671875 0.0159375
v -0.029918505 -0.162590385 0.0159375
v -0.030190155 -0.16267278 0.0159375
v -0.030450495 -0.158580615 0.0159375
v -0.030454125 -0.162772455 0.0159375
v -0.03082722 -0.158327205 0.0159375
v -0.030711765 -0.162890145 0.0159375
v -0.031079625 -0.15795417 0.0159375
v -0.0349635 -0.159220185 0.0159375
v -0.03498945 -0.15949059 0.0159375
v -0.03502857 -0.178929795 0.0159375
v -0.03517509 -0.16053531 0.0159375
v -0.035398695 -0.16153053 0.0159375
v -0.035559885 -0.17885166 0.0159375
v -0.03566493 -0.1624749 0.0159375
v -0.03596958 -0.16336965 0.0159375
v -0.03614679 -0.178783905 0.0159375
v -0.036282945 -0.16422222 0.0159375
v -0.03654834 -0.173832735 0.0159375
v -0.03660759 -0.16503045 0.0159375
v -0.036637875 -0.174108255 0.0159375
v -0.036769995 -0.178737975 0.0159375
v -0.03687225 -0.174278535 0.0159375
v -0.037161945 -0.174278535 0.0159375
v -0.03739632 -0.174108255 0.0159375
v -0.03742713 -0.17871525 0.0159375
v -0.03748584 -0.173832735 0.0159375
v -0.03787647 -0.1679814 0.0159375
v -0.038119455 -0.178715055 0.0159375
v -0.03757167 -0.16727826 0.0159375
v -0.03739632 -0.1735572 0.0159375
v -0.0372552 -0.16655559 0.0159375
v -0.037161945 -0.173386935 0.0159375
v -0.03693237 -0.165807465 0.0159375
v -0.03687225 -0.173386935 0.0159375
v -0.036637875 -0.1735572 0.0159375
v -0.038168895 -0.168663345 0.0159375
v -0.03843966 -0.16932555 0.0159375
v -0.03884802 -0.17873742 0.0159375
v -0.038912805 -0.17059452 0.0159375
v -0.03927036 -0.171803775 0.0159375
v -0.03939063 -0.17229045 0.0159375
v -0.0395826 -0.17284095 0.0159375
v -0.039614265 -0.178782945 0.0159375
v -0.03991017 -0.173394735 0.0159375
v -0.040130115 -0.17364741 0.0159375
v -0.040388805 -0.173873835 0.0159375
v -0.0404214 -0.1788495 0.0159375
v -0.04067574 -0.17406747 0.0159375
v -0.040986285 -0.174223125 0.0159375
v -0.04126992 -0.17893662 0.0159375
v -0.04131261 -0.17434272 0.0159375
v -0.041653185 -0.174427545 0.0159375
v -0.04200234 -0.17449056 0.0159375
v -0.042172935 -0.17903838 0.0159375
v -0.042360885 -0.17453013 0.0159375
v -0.04313328 -0.17915343 0.0159375
v -0.044274165 -0.174754785 0.0159375
v -0.044151825 -0.17927046 0.0159375
v -0.045195225 -0.174858135 0.0159375
v -0.045234435 -0.179384865 0.0159375
v -0.04612665 -0.174947415 0.0159375
v -0.04640148 -0.17948442 0.0159375
v -0.047073855 -0.175020855 0.0159375
v -0.0470154 -0.179525535 0.0159375
v -0.04764993 -0.17955333 0.0159375
v -0.048036105 -0.17506377 0.0159375
v -0.04830255 -0.17957202 0.0159375
v -0.049013025 -0.175075065 0.0159375
v -0.04897605 -0.179579055 0.0159375
v -0.04967547 -0.17956728 0.0159375
v -0.05000457 -0.17505096 0.0159375
v -0.050406615 -0.179534025 0.0159375
v -0.05100873 -0.174983085 0.0159375
v -0.05116905 -0.179484195 0.0159375
v -0.0520338 -0.174860865 0.0159375
v -0.05195217 -0.179410365 0.0159375
v -0.05274561 -0.179304405 0.0159375
v -0.0530313 -0.174689565 0.0159375
v -0.05356248 -0.179165655 0.0159375
v -0.053989275 -0.174468165 0.0159375
v -0.054392895 -0.17899755 0.0159375
v -0.05485185 -0.174224505 0.0159375
v -0.05521083 -0.17880183 0.0159375
v -0.05561907 -0.1739616 0.0159375
v -0.05599761 -0.17857965 0.0159375
v -0.056907405 -0.17341728 0.0159375
v -0.0567651 -0.178330125 0.0159375
v -0.05751606 -0.17805342 0.0159375
v -0.058021395 -0.172834545 0.0159375
v -0.058251555 -0.177749865 0.0159375
v -0.05902341 -0.172204635 0.0159375
v -0.05896821 -0.17742246 0.0159375
v -0.059668725 -0.177068445 0.0159375
v -0.05995263 -0.171513075 0.0159375
v -0.060360345 -0.17668164 0.0159375
v -0.060860295 -0.17072889 0.0159375
v -0.061050675 -0.17625636 0.0159375
v -0.06171633 -0.1698555 0.0159375
v -0.06174036 -0.175793505 0.0159375
v -0.062492895 -0.16894047 0.0159375
v -0.062417745 -0.175298835 0.0159375
v -0.063070455 -0.17477826 0.0159375
v -0.063121005 -0.168081555 0.0159375
v -0.06359982 -0.167325915 0.0159375
v -0.06370116 -0.174225975 0.0159375
v -0.06404346 -0.166557795 0.0159375
v -0.064311225 -0.17364468 0.0159375
v -0.064393965 -0.16585644 0.0159375
v -0.06466359 -0.165271035 0.0159375
v -0.064841655 -0.164829135 0.0159375
v -0.064890735 -0.173049015 0.0159375
v -0.06504123 -0.164304195 0.0159375
v -0.06521919 -0.163794885 0.0159375
v -0.065391525 -0.163239915 0.0159375
v -0.06543159 -0.17244954 0.0159375
v -0.06555213 -0.1626552 0.0159375
v -0.06564954 -0.16224246 0.0159375
v -0.06570432 -0.161829225 0.0159375
v -0.065716905 -0.161410875 0.0159375
v -0.0659376 -0.17183715 0.0159375
v -0.066334335 -0.13931055 0.0159375
v -0.06641031 -0.171217845 0.0159375
v -0.06674265 -0.1401468 0.0159375
v -0.06685023 -0.17060067 0.0159375
v -0.06712863 -0.1409883 0.0159375
v -0.067256025 -0.169985565 0.0159375
v -0.067493655 -0.1418397 0.0159375
v -0.06762831 -0.169370055 0.0159375
v -0.06783705 -0.142693635 0.0159375
v -0.067970535 -0.168759495 0.0159375
v -0.0681582 -0.143542695 0.0159375
v -0.068284155 -0.168160665 0.0159375
v -0.0684564 -0.144379485 0.0159375
v -0.06856287 -0.167579325 0.0159375
v -0.06873054 -0.14520087 0.0159375
v -0.068816415 -0.166999215 0.0159375
v -0.06897966 -0.14601591 0.0159375
v -0.069057405 -0.16640112 0.0159375
v -0.06920583 -0.14682216 0.0159375
v -0.06929199 -0.165777045 0.0159375
v -0.06941139 -0.147615975 0.0159375
v -0.06951369 -0.16513632 0.0159375
v -0.06959865 -0.14839374 0.0159375
v -0.069717585 -0.16448277 0.0159375
v -0.06976935 -0.14915214 0.0159375
v -0.069899265 -0.163820535 0.0159375
v -0.06998658 -0.15025719 0.0159375
v -0.070060065 -0.16315203 0.0159375
v -0.070162635 -0.15132726 0.0159375
v -0.070201125 -0.162470355 0.0159375
v -0.070307625 -0.152365215 0.0159375
v -0.070322805 -0.16176732 0.0159375
v -0.070426455 -0.153373305 0.0159375
v -0.070425735 -0.16104018 0.0159375
v -0.070509675 -0.16029276 0.0159375
v -0.070512975 -0.154350405 0.0159375
v -0.07057326 -0.159522855 0.0159375
v -0.07057338 -0.15529494 0.0159375
v -0.0706146 -0.15620526 0.0159375
v -0.070615275 -0.158728965 0.0159375
v -0.0706362 -0.15707721 0.0159375
v -0.070636275 -0.157915605 0.0159375
v -0.045953505 -0.15075843 0.0159375
v -0.04618788 -0.15092871 0.0159375
v -0.04647759 -0.15092871 0.0159375
v -0.046711965 -0.15075843 0.0159375
f 1 2 3
f 1 4 2
f 1 3 5
f 6 1 5
f 6 5 7
f 8 6 7
f 8 7 9
f 10 8 9
f 10 9 11
f 12 10 11
f 12 11 13
f 14 12 13
f 14 13 15
f 16 14 15
f 16 15 17
f 18 16 17
f 18 17 19
f 20 18 19
f 20 19 21
f 22 20 21
f 22 21 23
f 24 22 23
f 24 23 25
f 26 24 25
f 26 25 27
f 28 26 27
f 28 27 29
f 30 28 29
f 30 29 31
f 32 30 31
f 32 31 33
f 34 32 33
f 34 33 35
f 36 34 35
f 36 35 37
f 38 36 37
f 39 38 37
f 39 37 40
f 41 39 40
f 41 40 42
f 43 41 42
f 44 43 42
f 44 42 45
f 46 44 45
f 46 45 47
f 48 46 47
f 48 47 49
f 50 48 49
f 50 49 51
f 52 50 51
f 53 52 51
f 53 51 54
f 55 53 54
f 56 55 54
f 57 56 54
f 57 54 58
f 57 58 59
f 60 59 58
f 61 60 58
f 62 61 58
f 62 58 63
f 64 63 58
f 65 62 63
f 65 63 66
f 67 65 66
f 68 67 66
f 68 66 69
f 70 68 69
f 70 69 71
f 70 71 72
f 73 70 72
f 73 72 74
f 73 74 75
f 73 75 76
f 77 73 76
f 77 76 78
f 77 78 79
f 80 77 79
f 80 79 81
f 80 81 82
f 81 83 82
f 80 82 84
f 85 80 84
f 85 84 86
f 87 85 86
f 87 86 88
f 87 88 89
f 87 89 90
f 91 87 90
f 91 90 92
f 93 92 90
f 94 91 92
f 94 92 95
f 94 95 96
f 97 94 96
f 97 96 98
f 99 97 98
f 99 98 100
f 99 100 101
f 99 101 102
f 99 102 103
f 104 99 103
f 103 105 104
f 104 105 106
f 106 105 107
f 108 104 106
f 109 108 106
f 109 106 110
f 111 109 110
f 112 111 110
f 113 112 110
f 113 114 112
f 115 113 110
f 116 115 110
f 117 116 110
f 118 117 110
f 119 118 110
f 119 110 120
f 121 119 120
f 122 121 120
f 123 122 120
f 124 123 120
f 125 124 120
f 126 125 120
f 126 120 127
f 128 126 127
f 129 128 127
f 130 129 127
f 131 130 127
f 132 131 127
f 132 127 133
f 134 132 133
f 134 133 135
f 136 134 135
f 136 135 137
f 138 136 137
f 138 137 139
f 137 140 139
f 138 139 141
f 142 138 141
f 142 141 143
f 144 142 143
f 144 143 145
f 146 144 145
f 147 146 145
f 147 145 148
f 149 147 148
f 149 148 150
f 151 149 150
f 152 151 150
f 152 150 153
f 154 152 153
f 154 153 155
f 154 155 156
f 157 154 156
f 157 156 158
f 158 156 159
f 157 158 160
f 157 160 161
f 162 157 161
f 162 161 163
f 164 162 163
f 164 163 165
f 164 165 166
f 164 166 167
f 164 167 168
f 169 164 168
f 169 168 170
f 169 170 171
f 169 171 172
f 169 172 173
f 169 173 174
f 175 169 174
f 175 174 176
f 175 176 177
f 175 177 178
f 175 178 179
f 175 179 180
f 175 180 181
f 175 181 182
f 175 182 183
f 175 183 184
f 175 184 185
f 186 175 185
f 186 185 187
f 186 187 188
f 187 189 188
f 186 188 190
f 191 186 190
f 191 190 192
f 191 192 193
f 194 193 192
f 191 193 195
f 191 195 196
f 191 196 197
f 191 197 198
f 191 198 199
f 191 199 200
f 201 191 200
f 201 200 202
f 201 202 203
f 201 203 204
f 201 204 205
f 201 205 206
f 201 206 207
f 208 201 207
f 208 207 209
f 208 209 210
f 208 210 211
f 212 208 211
f 212 211 213
f 212 213 214
f 212 214 215
f 216 212 215
f 216 215 217
f 216 217 218
f 219 216 218
f 219 218 220
f 219 220 221
f 219 221 222
f 223 219 222
f 223 222 224
f 225 223 224
f 225 224 226
f 225 226 227
f 228 225 227
f 228 227 229
f 230 228 229
f 230 229 231
f 232 230 231
f 232 231 233
f 232 233 234
f 235 232 234
f 235 234 236
f 237 235 236
f 237 236 238
f 239 237 238
f 239 238 240
f 241 239 240
f 242 241 240
f 242 240 243
f 244 242 243
f 244 243 245
f 246 244 245
f 246 245 247
f 248 246 247
f 248 247 249
f 250 248 249
f 251 250 249
f 251 249 252
f 253 251 252
f 253 252 254
f 255 253 254
f 256 255 254
f 256 254 257
f 258 256 257
f 258 257 259
f 258 259 260
f 259 261 260
f 258 260 262
f 263 258 262
f 263 262 264
f 263 264 265
f 266 263 265
f 266 265 267
f 266 267 268
f 269 266 268
f 269 268 270
f 270 268 271
f 272 269 270
f 272 270 273
f 274 272 273
f 274 273 275
f 276 274 275
f 276 275 277
f 278 276 277
f 279 278 277
f 279 277 280
f 281 279 280
f 282 281 280
f 282 280 283
f 284 282 283
f 284 283 285
f 286 284 285
f 286 285 287
f 288 286 287
f 289 288 287
f 289 287 290
f 291 289 290
f 291 290 292
f 293 291 292
f 293 292 294
f 295 293 294
f 295 294 296
f 297 295 296
f 297 296 298
f 297 298 299
f 300 297 299
f 300 299 301
f 302 300 301
f 302 301 303
f 304 302 303
f 304 303 305
f 304 305 306
f 307 304 306
f 307 306 308
f 309 307 308
f 309 308 310
f 309 310 311
f 312 309 311
f 312 311 313
f 314 312 313
f 315 314 313
f 316 315 313
f 316 313 317
f 318 316 317
f 319 318 317
f 319 317 320
f 321 319 320
f 321 320 322
f 323 321 322
f 323 322 324
f 325 323 324
f 325 324 326
f 327 325 326
f 327 326 328
f 329 327 328
f 329 328 330
f 331 329 330
f 331 330 332
f 333 331 332
f 333 332 334
f 335 333 334
f 335 334 336
f 337 335 336
f 337 336 338
f 336 339 338
f 340 337 338
f 341 340 338
f 341 338 342
f 343 341 342
f 344 343 342
f 345 344 342
f 345 342 346
f 345 346 347
f 348 345 347
f 348 347 349
f 348 349 350
f 351 348 350
f 351 350 352
f 351 352 353
f 354 351 353
f 354 353 355
f 354 355 356
f 357 354 356
f 357 356 358
f 357 358 359
f 360 357 359
f 360 359 361
f 360 361 362
f 360 362 363
f 364 360 363
f 364 363 365
f 364 365 366
f 367 364 366
f 367 366 368
f 367 368 369
f 367 369 370
f 371 367 370
f 371 370 372
f 371 372 373
f 374 371 373
f 374 373 375
f 374 375 376
f 374 376 377
f 378 374 377
f 378 377 379
f 378 379 380
f 378 380 381
f 382 378 381
f 382 381 383
f 382 383 384
f 385 382 384
f 385 384 386
f 385 386 387
f 385 387 4
f 1 385 4
f 339 388 338
f 388 389 338
f 388 390 389
f 388 391 390
f 390 392 389
f 390 393 392
f 393 394 392
f 393 395 394
f 395 396 394
f 395 397 396
f 397 398 396
f 397 399 398
f 399 400 398
f 399 401 400
f 401 402 400
f 401 403 402
f 403 404 402
f 403 405 404
f 405 406 404
f 405 407 406
f 407 408 406
f 407 409 408
f 409 410 408
f 409 411 410
f 411 412 410
f 411 413 412
f 413 414 412
f 413 415 414
f 415 416 414
f 415 417 416
f 417 418 416
f 417 419 418
f 419 420 418
f 419 421 420
f 421 422 420
f 421 423 422
f 423 424 422
f 424 425 422
f 424 426 425
f 426 427 425
f 426 428 427
f 428 429 427
f 428 430 429
f 430 431 429
f 430 432 431
f 430 433 432
f 391 434 390
f 434 435 390
f 434 436 435
f 436 437 435
f 437 438 435
f 438 439 435
f 438 440 439
f 440 441 439
f 441 442 439
f 442 443 439
f 442 444 443
f 444 445 443
f 444 446 445
f 446 447 445
f 447 448 445
f 447 449 448
f 449 450 448
f 449 451 450
f 451 452 450
f 451 453 452
f 451 454 453
f 454 455 453
f 454 456 455
f 456 457 455
f 456 458 457
f 458 459 457
f 458 460 459
f 460 461 459
f 460 462 461
f 460 463 462
f 463 464 462
f 463 465 464
f 465 466 464
f 465 467 466
f 465 468 467
f 468 469 467
f 468 470 469
f 470 471 469
f 470 472 471
f 472 473 471
f 472 474 473
f 474 475 473
f 474 476 475
f 476 477 475
f 476 478 477
f 476 479 478
f 479 480 478
f 479 481 480
f 481 482 480
f 481 483 482
f 483 484 482
f 483 485 484
f 483 486 485
f 486 487 485
f 486 488 487
f 488 489 487
f 488 490 489
f 488 491 490
f 491 492 490
f 492 493 490
f 492 494 493
f 494 495 493
f 494 496 495
f 494 497 496
f 497 498 496
f 498 499 496
f 499 500 496
f 499 501 500
f 501 502 500
f 502 503 500
f 502 504 503
f 504 505 503
f 505 506 503
f 506 507 503
f 506 508 507
f 508 509 507
f 509 510 507
f 511 507 510
f 511 512 507
f 511 513 512
f 513 514 512
f 514 515 512
f 514 516 515
f 516 517 515
f 517 518 515
f 517 519 518
f 518 520 515
f 518 521 520
f 521 522 520
f 522 523 520
f 523 524 520
f 523 525 524
f 525 526 524
f 526 527 524
f 528 527 526
f 528 529 527
f 530 528 526
f 530 526 531
f 530 531 532
f 533 530 532
f 533 532 534
f 519 533 534
f 519 534 535
f 519 535 518
f 529 536 527
f 536 537 527
f 536 538 537
f 538 539 537
f 539 192 537
f 539 540 192
f 540 541 192
f 541 194 192
f 270 271 542
f 543 270 542
f 543 542 544
f 543 544 261
f 259 543 261
f 189 545 188
f 545 546 188
f 546 547 188
f 547 548 188
f 547 549 548
f 549 550 548
f 549 551 550
f 551 552 550
f 551 553 552
f 553 554 552
f 553 555 554
f 555 556 554
f 555 557 556
f 557 558 556
f 557 559 558
f 559 560 558
f 559 561 560
f 561 562 560
f 561 563 562
f 563 564 562
f 563 565 564
f 565 566 564
f 565 567 566
f 567 568 566
f 567 569 568
f 569 570 568
f 569 571 570
f 569 572 571
f 572 573 571
f 572 574 573
f 572 575 574
f 575 576 574
f 575 577 576
f 575 578 577
f 578 579 577
f 578 580 579
f 578 581 580
f 581 582 580
f 581 583 582
f 583 584 582
f 584 585 582
f 585 586 582
f 585 587 586
f 587 588 586
f 588 589 586
f 589 590 586
f 589 591 590
f 591 592 590
f 592 593 590
f 592 594 593
f 594 595 593
f 594 596 595
f 595 597 593
f 597 598 593
f 597 599 598
f 599 600 598
f 599 601 600
f 601 602 600
f 602 603 600
f 602 604 603
f 604 605 603
f 605 606 603
f 605 607 606
f 606 608 603
f 606 609 608
f 609 610 608
f 610 611 608
f 611 612 608
f 611 613 612
f 613 614 612
f 615 612 614
f 615 616 612
f 617 615 614
f 617 614 618
f 617 618 619
f 620 617 619
f 620 619 621
f 607 620 621
f 607 621 622
f 607 622 606
f 615 623 616
f 623 624 616
f 624 625 616
f 625 626 616
f 625 627 626
f 628 627 625
f 627 629 626
f 629 630 626
f 630 631 626
f 630 632 631
f 632 633 631
f 633 634 631
f 633 635 634
f 635 636 634
f 635 637 636
f 637 638 636
f 637 639 638
f 639 640 638
f 640 641 638
f 640 642 641
f 642 643 641
f 642 644 643
f 644 645 643
f 644 646 645
f 646 647 645
f 646 648 647
f 646 649 648
f 649 650 648
f 649 651 650
f 651 652 650
f 652 653 650
f 652 654 653
f 654 655 653
f 654 656 655
f 656 657 655
f 656 658 657
f 658 659 657
f 658 660 659
f 660 661 659
f 628 662 627
f 662 663 627
f 663 664 627
f 664 665 627
f 664 666 665
f 666 667 665
f 667 668 665
f 667 669 668
f 669 670 668
f 669 671 670
f 671 672 670
f 672 673 670
f 672 674 673
f 674 675 673
f 674 676 675
f 676 677 675
f 676 678 677
f 678 679 677
f 678 680 679
f 680 681 679
f 680 682 681
f 682 683 681
f 682 684 683
f 682 685 684
f 685 686 684
f 685 687 686
f 687 688 686
f 687 689 688
f 687 690 689
f 687 691 690
f 691 692 690
f 691 693 692
f 691 694 693
f 691 695 694
f 691 696 695
f 691 697 696
f 697 698 696
f 697 699 698
f 697 700 699
f 700 701 699
f 701 702 699
f 701 703 702
f 703 704 702
f 704 705 702
f 705 706 702
f 705 707 706
f 707 708 706
f 708 709 706
f 708 710 709
f 710 711 709
f 710 712 711
f 712 713 711
f 712 714 713
f 714 715 713
f 714 716 715
f 716 717 715
f 716 718 717
f 718 719 717
f 718 720 719
f 718 64 720
f 64 58 720
f 596 721 595
f 596 722 721
f 722 723 721
f 722 724 723
f 724 725 723
f 725 726 723
f 725 727 726
f 727 728 726
f 727 729 728
f 729 730 728
f 730 731 728
f 730 732 731
f 732 733 731
f 732 734 733
f 734 735 733
f 735 736 733
f 735 737 736
f 737 738 736
f 739 738 737
f 739 740 738
f 739 741 740
f 739 742 741
f 742 743 741
f 742 744 743
f 742 745 744
f 745 746 744
f 745 747 746
f 745 748 747
f 748 749 747
f 748 750 749
f 748 751 750
f 748 752 751
f 752 753 751
f 752 754 753
f 752 755 754
f 752 756 755
f 752 757 756
f 757 758 756
f 757 759 758
f 757 760 759
f 757 761 760
f 757 762 761
f 757 106 762
f 106 763 762
f 106 764 763
f 106 765 764
f 106 766 765
f 106 767 766
f 106 107 767
f 768 158 159
f 768 159 769
f 770 768 769
f 770 769 771
f 772 770 771
f 773 772 771
f 773 771 774
f 775 773 774
f 775 774 776
f 777 775 776
f 778 777 776
f 778 776 779
f 780 778 779
f 140 780 779
f 140 779 781
f 140 781 139
f 113 782 114
f 782 783 114
f 93 90 784
f 93 784 785
f 786 93 785
f 786 785 787
f 83 786 787
f 83 787 788
f 83 788 82
f 789 790 791
f 792 790 789
f 793 789 791
f 793 791 794
f 793 794 795
f 795 794 796
f 795 796 797
f 797 796 798
f 797 798 799
f 799 798 800
f 799 800 801
f 801 800 802
f 801 802 803
f 803 802 804
f 803 804 805
f 805 804 806
f 805 806 807
f 807 806 808
f 807 808 809
f 809 808 810
f 809 810 811
f 811 810 812
f 811 812 813
f 813 812 814
f 813 814 815
f 815 814 816
f 815 816 817
f 817 816 818
f 817 818 819
f 819 818 820
f 819 820 821
f 821 820 822
f 821 822 823
f 823 822 824
f 823 824 825
f 825 824 826
f 825 826 827
f 827 826 828
f 827 828 829
f 829 828 830
f 829 830 831
f 831 830 832
f 831 832 833
f 833 832 834
f 833 834 835
f 835 834 836
f 835 836 837
f 837 836 838
f 837 838 839
f 839 838 840
f 839 840 841
f 841 840 842
f 841 842 843
f 843 842 844
f 843 844 845
f 845 844 846
f 845 846 847
f 847 846 848
f 847 848 849
f 849 848 850
f 849 850 851
f 851 850 852
f 851 852 853
f 853 852 854
f 853 854 855
f 855 854 856
f 855 856 857
f 857 856 858
f 857 858 859
f 859 858 860
f 859 860 861
f 861 860 862
f 861 862 863
f 863 862 864
f 863 864 865
f 865 864 866
f 865 866 867
f 867 866 868
f 867 868 869
f 869 868 870
f 869 870 871
f 871 870 872
f 871 872 873
f 873 872 874
f 873 874 875
f 875 874 876
f 875 876 877
f 877 876 878
f 877 878 879
f 879 878 880
f 879 880 881
f 881 880 882
f 881 882 883
f 883 882 884
f 883 884 885
f 885 884 886
f 885 886 887
f 887 886 888
f 887 888 889
f 889 888 890
f 889 890 891
f 891 890 892
f 891 892 893
f 893 892 894
f 893 894 895
f 895 894 896
f 895 896 897
f 897 896 898
f 897 898 899
f 899 898 900
f 899 900 901
f 901 900 902
f 901 902 903
f 903 902 904
f 903 904 905
f 905 904 906
f 905 906 907
f 907 906 908
f 907 908 909
f 909 908 910
f 909 910 911
f 911 910 912
f 911 912 913
f 913 912 914
f 913 914 915
f 915 914 916
f 915 916 917
f 917 916 918
f 917 918 919
f 919 918 920
f 919 920 921
f 921 920 922
f 921 922 923
f 923 922 924
f 923 924 925
f 925 924 926
f 925 926 927
f 927 926 928
f 927 928 929
f 929 928 930
f 929 930 931
f 931 930 932
f 931 932 933
f 933 932 934
f 933 934 935
f 935 934 936
f 935 936 937
f 937 936 938
f 937 938 939
f 939 938 940
f 939 940 941
f 941 940 942
f 941 942 943
f 943 942 944
f 943 944 945
f 945 944 946
f 945 946 947
f 947 946 948
f 947 948 949
f 949 948 950
f 949 950 951
f 951 950 952
f 951 952 953
f 953 952 954
f 953 954 955
f 955 954 956
f 955 956 957
f 957 956 958
f 957 958 959
f 959 958 960
f 959 960 961
f 961 960 962
f 961 962 963
f 963 962 964
f 963 964 965
f 965 964 966
f 965 966 967
f 967 966 968
f 967 968 969
f 969 968 970
f 969 970 971
f 971 970 972
f 971 972 973
f 973 972 974
f 973 974 975
f 975 974 976
f 975 976 977
f 977 976 978
f 977 978 979
f 979 978 980
f 979 980 981
f 981 980 982
f 981 982 983
f 983 982 984
f 983 984 985
f 985 984 986
f 985 986 987
f 987 986 988
f 987 988 989
f 989 988 990
f 989 990 991
f 991 990 992
f 991 992 993
f 993 992 994
f 993 994 995
f 995 994 996
f 995 996 997
f 997 996 998
f 997 998 999
f 999 998 1000
f 999 1000 1001
f 1001 1000 1002
f 1001 1002 1003
f 1003 1002 1004
f 1003 1004 1005
f 1005 1004 1006
f 1005 1006 1007
f 1007 1006 1008
f 1007 1008 1009
f 1009 1008 1010
f 1009 1010 1011
f 1011 1010 1012
f 1011 1012 1013
f 1013 1012 1014
f 1013 1014 1015
f 1015 1014 1016
f 1015 1016 1017
f 1017 1016 1018
f 1017 1018 1019
f 1019 1018 1020
f 1019 1020 1021
f 1021 1020 1022
f 1021 1022 1023
f 1023 1022 1024
f 1023 1024 1025
f 1025 1024 1026
f 1025 1026 1027
f 1027 1026 1028
f 1027 1028 1029
f 1029 1028 1030
f 1029 1030 1031
f 1031 1030 1032
f 1031 1032 1033
f 1033 1032 1034
f 1033 1034 1035
f 1035 1034 1036
f 1035 1036 1037
f 1037 1036 1038
f 1037 1038 1039
f 1039 1038 1040
f 1039 1040 1041
f 1041 1040 1042
f 1041 1042 1043
f 1043 1042 1044
f 1043 1044 1045
f 1045 1044 1046
f 1045 1046 1047
f 1047 1046 1048
f 1047 1048 1049
f 1049 1048 1050
f 1049 1050 1051
f 1051 1050 1052
f 1051 1052 1053
f 1053 1052 1054
f 1053 1054 1055
f 1055 1054 1056
f 1055 1056 1057
f 1057 1056 1058
f 1057 1058 1059
f 1059 1058 1060
f 1059 1060 1061
f 1061 1060 1062
f 1061 1062 1063
f 1063 1062 1064
f 1063 1064 1065
f 1065 1064 1066
f 1065 1066 1067
f 1067 1066 1068
f 1067 1068 1069
f 1069 1068 1070
f 1069 1070 1071
f 1071 1070 1072
f 1071 1072 1073
f 1073 1072 1074
f 1073 1074 1075
f 1075 1074 1076
f 1075 1076 1077
f 1077 1076 1078
f 1077 1078 1079
f 1079 1078 1080
f 1079 1080 1081
f 1081 1080 1082
f 1081 1082 1083
f 1083 1082 1084
f 1083 1084 1085
f 1085 1084 1086
f 1085 1086 1087
f 1087 1086 1088
f 1087 1088 1089
f 1089 1088 1090
f 1089 1090 1091
f 1091 1090 1092
f 1091 1092 1093
f 1093 1092 1094
f 1093 1094 1095
f 1095 1094 1096
f 1095 1096 1097
f 1097 1096 1098
f 1097 1098 1099
f 1099 1098 1100
f 1099 1100 1101
f 1101 1100 1102
f 1101 1102 1103
f 1103 1102 1104
f 1103 1104 1105
f 1105 1104 1106
f 1105 1106 1107
f 1107 1106 1108
f 1107 1108 1109
f 1109 1108 1110
f 1109 1110 1111
f 1111 1110 1112
f 1111 1112 1113
f 1113 1112 1114
f 1113 1114 1115
f 1115 1114 1116
f 1115 1116 1117
f 1117 1116 1118
f 1117 1118 1119
f 1119 1118 1120
f 1119 1120 1121
f 1121 1120 1122
f 1121 1122 1123
f 1123 1122 1124
f 1123 1124 1125
f 1125 1124 1126
f 1125 1126 1127
f 1127 1126 1128
f 1127 1128 1129
f 1129 1128 1130
f 1129 1130 1131
f 1131 1130 1132
f 1131 1132 1133
f 1133 1132 1134
f 1133 1134 1135
f 1135 1134 1136
f 1135 1136 1137
f 1137 1136 1138
f 1137 1138 1139
f 1139 1138 1140
f 1139 1140 1141
f 1141 1140 1142
f 1141 1142 1143
f 1143 1142 1144
f 1143 1144 1145
f 1145 1144 1146
f 1145 1146 1147
f 1147 1146 1148
f 1147 1148 1149
f 1149 1148 1150
f 1149 1150 1151
f 1151 1150 1152
f 1151 1152 1153
f 1153 1152 1154
f 1153 1154 1155
f 1155 1154 1156
f 1155 1156 1157
f 1157 1156 1158
f 1157 1158 1159
f 1159 1158 1160
f 1159 1160 1161
f 1161 1160 1162
f 1161 1162 1163
f 1163 1162 1164
f 1163 1164 1165
f 1165 1164 1166
f 1165 1166 1167
f 1167 1166 1168
f 1167 1168 1169
f 1169 1168 1170
f 1169 1170 1171
f 1171 1170 1172
f 1171 1172 1173
f 1173 1172 1174
f 1173 1174 1175
f 1175 1174 1176
f 1175 1176 1177
f 1177 1176 1178
f 1177 1178 1179
f 1179 1178 1180
f 1179 1180 1181
f 1181 1180 1182
f 1181 1182 1183
f 1183 1182 1184
f 1183 1184 1185
f 1185 1184 1186
f 1185 1186 1187
f 1187 1186 1188
f 1187 1188 1189
f 1189 1188 1190
f 1189 1190 1191
f 1191 1190 1192
f 1191 1192 1193
f 1193 1192 1194
f 1193 1194 1195
f 1195 1194 1196
f 1195 1196 1197
f 1197 1196 1198
f 1197 1198 1199
f 1199 1198 1200
f 1199 1200 1201
f 1201 1200 1202
f 1201 1202 1203
f 1203 1202 1204
f 1203 1204 1205
f 1205 1204 1206
f 1205 1206 1207
f 1207 1206 1208
f 1207 1208 1209
f 1209 1208 1210
f 1209 1210 1211
f 1211 1210 1212
f 1211 1212 1213
f 1213 1212 1214
f 1213 1214 1215
f 1215 1214 1216
f 1215 1216 1217
f 1217 1216 1218
f 1217 1218 1219
f 1219 1218 1220
f 1219 1220 1221
f 1221 1220 1222
f 1221 1222 1223
f 1223 1222 1224
f 1223 1224 1225
f 1225 1224 1226
f 1225 1226 1227
f 1227 1226 1228
f 1227 1228 1229
f 1229 1228 1230
f 1229 1230 1231
f 1231 1230 1232
f 1231 1232 1233
f 1233 1232 1234
f 1233 1234 1235
f 1235 1234 1236
f 1235 1236 1237
f 1237 1236 1238
f 1237 1238 1239
f 1239 1238 1240
f 1239 1240 1241
f 1241 1240 1242
f 1241 1242 1243
f 1243 1242 1244
f 1243 1244 1245
f 1245 1244 1246
f 1245 1246 1247
f 1247 1246 1248
f 1247 1248 1249
f 1249 1248 1250
f 1249 1250 1251
f 1251 1250 1252
f 1251 1252 1253
f 1253 1252 1254
f 1253 1254 1255
f 1255 1254 1256
f 1255 1256 1257
f 1257 1256 1258
f 1257 1258 1259
f 1259 1258 1260
f 1259 1260 1261
f 1261 1260 1262
f 1261 1262 1263
f 1263 1262 1264
f 1263 1264 1265
f 1265 1264 1266
f 1265 1266 1267
f 1267 1266 1268
f 1267 1268 1269
f 1269 1268 1270
f 1269 1270 1271
f 1271 1270 1272
f 1271 1272 792
f 792 1272 790
f 1273 1274 1275
f 1276 1273 1275
f 1277 1278 1279
f 1277 1279 1280
f 1281 1282 1283
f 1281 1283 1284
f 1285 1286 1287
f 1285 1287 1288
f 1289 1290 1291
f 1289 1291 1292
f 1293 1294 1295
f 1293 1295 1296
f 1297 1298 1299
f 1297 1299 1300
f 1301 1302 1303
f 1301 1303 1304
f 1305 1306 1307
f 1305 1307 1308
f 1309 1310 1311
f 1309 1311 1312
f 1313 1314 1315
f 1316 1314 1313
f 1317 1313 1315
f 1317 1315 1318
f 1317 1318 1319
f 1319 1318 1320
f 1319 1320 1321
f 1321 1320 1322
f 1321 1322 1323
f 1323 1322 1324
f 1323 1324 1325
f 1325 1324 1326
f 1325 1326 1327
f 1327 1326 1328
f 1327 1328 1329
f 1329 1328 1330
f 1329 1330 1331
f 1331 1330 1332
f 1331 1332 1333
f 1333 1332 1334
f 1333 1334 1335
f 1335 1334 1336
f 1335 1336 1337
f 1337 1336 1338
f 1337 1338 1339
f 1339 1338 1340
f 1339 1340 1341
f 1341 1340 1342
f 1341 1342 1343
f 1343 1342 1344
f 1343 1344 1316
f 1316 1344 1314
f 1345 1346 1347
f 1348 1345 1347
f 1349 1350 1351
f 1349 1351 1352
f 1353 1354 1355
f 1353 1355 1356
f 1357 1358 1359
f 1357 1359 1360
f 1361 1362 1363
f 1361 1363 1364
f 1365 1366 1367
f 1365 1367 1368
f 1369 1370 1371
f 1369 1371 1372
f 1373 1374 1375
f 1373 1375 1376
f 1377 1378 1379
f 1377 1379 1380
f 1381 1382 1383
f 1381 1383 1384
f 1385 1386 1387
f 1388 1385 1387
f 1389 1390 1391
f 1389 1391 1392
f 1393 1394 1395
f 1393 1395 1396
f 1397 1398 1399
f 1397 1399 1400
f 1401 1402 1403
f 1401 1403 1404
f 1405 1406 1407
f 1405 1407 1408
f 1409 1410 1411
f 1409 1411 1412
f 1413 1414 1415
f 1413 1415 1416
f 1417 1418 1419
f 1417 1419 1420
f 1421 1422 1423
f 1421 1423 1424
f 1425 1426 1427
f 1428 1425 1427
f 1429 1430 1431
f 1429 1431 1432
f 1433 1434 1435
f 1433 1435 1436
f 1437 1438 1439
f 1437 1439 1440
f 1441 1442 1443
f 1441 1443 1444
f 1445 1446 1447
f 1445 1447 1448
f 1449 1450 1451
f 1449 1451 1452
f 1453 1454 1455
f 1453 1455 1456
f 1457 1458 1459
f 1457 1459 1460
f 1461 1462 1463
f 1461 1463 1464
f 1465 1466 1467
f 1468 1466 1465
f 1465 1467 1469
f 1469 1467 1470
f 1469 1470 1471
f 1471 1470 1472
f 1471 1472 1473
f 1473 1472 1474
f 1473 1474 1475
f 1475 1474 1476
f 1475 1476 1477
f 1475 1477 1478
f 1478 1477 1479
f 1478 1479 1480
f 1478 1480 1481
f 1481 1480 1482
f 1481 1482 1483
f 1481 1483 1484
f 1484 1483 1485
f 1484 1485 1486
f 1486 1485 1487
f 1486 1487 1488
f 1488 1487 1489
f 1488 1489 1490
f 1490 1489 1491
f 1490 1491 1492
f 1492 1491 1493
f 1492 1493 1494
f 1494 1493 1495
f 1494 1495 1496
f 1496 1495 1497
f 1496 1497 1498
f 1498 1497 1499
f 1498 1499 1500
f 1500 1499 1501
f 1500 1501 1502
f 1502 1501 1503
f 1502 1503 1504
f 1504 1503 1505
f 1504 1505 1506
f 1506 1505 1507
f 1506 1507 1508
f 1508 1507 1509
f 1508 1509 1510
f 1510 1509 1511
f 1510 1511 1512
f 1512 1511 1513
f 1512 1513 1514
f 1514 1513 1515
f 1514 1515 1516
f 1516 1515 1517
f 1516 1517 1518
f 1518 1517 1519
f 1518 1519 1520
f 1520 1519 1521
f 1520 1521 1522
f 1522 1521 1523
f 1522 1523 1524
f 1524 1523 1525
f 1524 1525 1526
f 1526 1525 1527
f 1526 1527 1528
f 1528 1527 1529
f 1528 1529 1530
f 1530 1529 1531
f 1530 1531 1532
f 1532 1531 1533
f 1532 1533 1534
f 1534 1533 1535
f 1534 1535 1536
f 1536 1535 1537
f 1536 1537 1538
f 1538 1537 1539
f 1538 1539 1540
f 1540 1539 1541
f 1540 1541 1542
f 1542 1541 1543
f 1542 1543 1544
f 1544 1543 1545
f 1544 1545 1546
f 1546 1545 1547
f 1546 1547 1548
f 1548 1547 1549
f 1548 1549 1550
f 1550 1549 1551
f 1550 1551 1552
f 1552 1551 1553
f 1552 1553 1554
f 1554 1553 1555
f 1554 1555 1556
f 1556 1555 1557
f 1556 1557 1558
f 1558 1557 1559
f 1558 1559 1560
f 1560 1559 1561
f 1560 1561 1562
f 1562 1561 1563
f 1564 1562 1563
f 1564 1563 1565
f 1564 1565 1566
f 1566 1565 1567
f 1566 1567 1568
f 1568 1567 1569
f 1568 1569 1570
f 1570 1569 1571
f 1570 1571 1572
f 1572 1571 1573
f 1572 1573 1574
f 1574 1573 1575
f 1574 1575 1576
f 1576 1575 1577
f 1576 1577 1578
f 1578 1577 1579
f 1578 1579 1580
f 1580 1579 1581
f 1580 1581 1582
f 1582 1581 1583
f 1582 1583 1584
f 1584 1583 1585
f 1584 1585 1586
f 1586 1585 1587
f 1586 1587 1588
f 1588 1587 1589
f 1588 1589 1590
f 1590 1589 1591
f 1590 1591 1592
f 1592 1591 1593
f 1592 1593 1594
f 1594 1593 1595
f 1594 1595 1596
f 1596 1595 1597
f 1596 1597 1598
f 1598 1597 1599
f 1598 1599 1600
f 1600 1599 1601
f 1600 1601 1602
f 1602 1601 1603
f 1602 1603 1604
f 1604 1603 1605
f 1604 1605 1606
f 1606 1605 1607
f 1606 1607 1608
f 1608 1607 1609
f 1608 1609 1610
f 1610 1609 1611
f 1610 1611 1612
f 1612 1611 1613
f 1612 1613 1614
f 1614 1613 1615
f 1614 1615 1616
f 1616 1615 1617
f 1616 1617 1618
f 1618 1617 1619
f 1618 1619 1620
f 1620 1619 1621
f 1620 1621 1622
f 1622 1621 1623
f 1622 1623 1624
f 1624 1623 1625
f 1624 1625 1626
f 1626 1625 1627
f 1626 1627 1628
f 1628 1627 1629
f 1628 1629 1630
f 1630 1629 1631
f 1630 1631 1632
f 1632 1631 1633
f 1632 1633 1634
f 1634 1633 1635
f 1634 1635 1636
f 1636 1635 1637
f 1636 1637 1638
f 1638 1637 1639
f 1638 1639 1640
f 1640 1639 1641
f 1640 1641 1642
f 1642 1641 1643
f 1642 1643 1644
f 1644 1643 1645
f 1644 1645 1646
f 1646 1645 1647
f 1646 1647 1648
f 1648 1647 1649
f 1648 1649 1650
f 1650 1649 1651
f 1650 1651 1652
f 1652 1651 1653
f 1652 1653 1654
f 1654 1653 1655
f 1654 1655 1656
f 1656 1655 1657
f 1656 1657 1658
f 1658 1657 1659
f 1658 1659 1660
f 1660 1659 1661
f 1660 1661 1468
f 1468 1661 1466
f 1662 1663 1664
f 1665 1663 1662
f 1662 1664 1666
f 1666 1664 1667
f 1666 1667 1668
f 1668 1667 1669
f 1668 1669 1670
f 1670 1669 1671
f 1670 1671 1672
f 1672 1671 1673
f 1672 1673 1674
f 1674 1673 1675
f 1674 1675 1676
f 1676 1675 1677
f 1676 1677 1678
f 1676 1678 1679
f 1679 1678 1680
f 1679 1680 1681
f 1681 1680 1682
f 1681 1682 1683
f 1683 1682 1684
f 1683 1684 1685
f 1685 1684 1686
f 1685 1686 1687
f 1687 1686 1688
f 1687 1688 1689
f 1689 1688 1690
f 1689 1690 1691
f 1691 1690 1692
f 1691 1692 1693
f 1693 1692 1694
f 1693 1694 1695
f 1695 1694 1696
f 1695 1696 1697
f 1697 1696 1698
f 1697 1698 1699
f 1699 1698 1700
f 1699 1700 1701
f 1701 1700 1702
f 1701 1702 1703
f 1703 1702 1704
f 1703 1704 1705
f 1705 1704 1706
f 1705 1706 1707
f 1707 1706 1708
f 1707 1708 1709
f 1709 1708 1710
f 1709 1710 1711
f 1711 1710 1712
f 1711 1712 1713
f 1713 1712 1714
f 1713 1714 1715
f 1715 1714 1716
f 1715 1716 1717
f 1717 1716 1718
f 1717 1718 1719
f 1719 1718 1720
f 1719 1720 1721
f 1721 1720 1722
f 1723 1721 1722
f 1723 1722 1724
f 1724 1722 1725
f 1724 1725 1726
f 1726 1725 1727
f 1727 1725 1728
f 1727 1728 1729
f 1729 1728 1730
f 1730 1728 1731
f 1730 1731 1732
f 1732 1731 1733
f 1732 1733 1734
f 1734 1733 1735
f 1734 1735 1736
f 1736 1735 1737
f 1736 1737 1738
f 1738 1737 1739
f 1738 1739 1740
f 1740 1739 1741
f 1740 1741 1742
f 1742 1741 1743
f 1742 1743 1744
f 1744 1743 1745
f 1744 1745 1746
f 1746 1745 1747
f 1746 1747 1748
f 1748 1747 1749
f 1748 1749 1750
f 1750 1749 1751
f 1750 1751 1752
f 1752 1751 1753
f 1752 1753 1754
f 1754 1753 1755
f 1754 1755 1756
f 1756 1755 1757
f 1756 1757 1758
f 1758 1757 1759
f 1758 1759 1760
f 1760 1759 1761
f 1760 1761 1762
f 1762 1761 1763
f 1762 1763 1764
f 1764 1763 1765
f 1764 1765 1766
f 1766 1765 1767
f 1766 1767 1768
f 1768 1767 1769
f 1768 1769 1770
f 1770 1769 1771
f 1770 1771 1772
f 1772 1771 1773
f 1772 1773 1774
f 1774 1773 1775
f 1774 1775 1776
f 1776 1775 1777
f 1776 1777 1778
f 1778 1777 1779
f 1778 1779 1780
f 1780 1779 1781
f 1780 1781 1782
f 1782 1781 1783
f 1782 1783 1784
f 1784 1783 1785
f 1784 1785 1786
f 1786 1785 1787
f 1786 1787 1788
f 1788 1787 1789
f 1788 1789 1790
f 1790 1789 1791
f 1790 1791 1792
f 1792 1791 1793
f 1792 1793 1794
f 1794 1793 1795
f 1794 1795 1796
f 1796 1795 1797
f 1796 1797 1798
f 1798 1797 1799
f 1798 1799 1800
f 1800 1799 1801
f 1800 1801 1802
f 1802 1801 1803
f 1802 1803 1804
f 1804 1803 1805
f 1804 1805 1806
f 1806 1805 1807
f 1806 1807 1808
f 1808 1807 1809
f 1808 1809 1810
f 1810 1809 1811
f 1810 1811 1812
f 1812 1811 1813
f 1812 1813 1814
f 1814 1813 1815
f 1814 1815 1816
f 1816 1815 1817
f 1816 1817 1818
f 1818 1817 1819
f 1818 1819 1820
f 1820 1819 1821
f 1820 1821 1822
f 1822 1821 1823
f 1822 1823 1824
f 1824 1823 1825
f 1824 1825 1826
f 1826 1825 1827
f 1826 1827 1828
f 1828 1827 1829
f 1828 1829 1830
f 1830 1829 1831
f 1830 1831 1832
f 1832 1831 1833
f 1832 1833 1665
f 1665 1833 1663
f 1834 1835 1836
f 1837 1835 1834
f 1834 1836 1838
f 1838 1836 1839
f 1838 1839 1840
f 1840 1839 1841
f 1840 1841 1842
f 1842 1841 1843
f 1842 1843 1844
f 1844 1843 1845
f 1844 1845 1846
f 1846 1845 1847
f 1846 1847 1848
f 1848 1847 1849
f 1848 1849 1850
f 1850 1849 1851
f 1850 1851 1852
f 1852 1851 1853
f 1852 1853 1854
f 1854 1853 1855
f 1854 1855 1856
f 1856 1855 1857
f 1856 1857 1858
f 1858 1857 1859
f 1858 1859 1860
f 1860 1859 1861
f 1860 1861 1862
f 1862 1861 1863
f 1862 1863 1864
f 1864 1863 1865
f 1864 1865 1866
f 1866 1865 1867
f 1866 1867 1868
f 1868 1867 1869
f 1868 1869 1870
f 1870 1869 1871
f 1870 1871 1872
f 1872 1871 1873
f 1872 1873 1874
f 1874 1873 1875
f 1874 1875 1876
f 1876 1875 1877
f 1876 1877 1878
f 1878 1877 1879
f 1878 1879 1880
f 1880 1879 1881
f 1880 1881 1882
f 1882 1881 1883
f 1882 1883 1884
f 1884 1883 1885
f 1884 1885 1886
f 1886 1885 1887
f 1886 1887 1888
f 1888 1887 1889
f 1888 1889 1890
f 1890 1889 1891
f 1890 1891 1892
f 1892 1891 1893
f 1892 1893 1894
f 1894 1893 1895
f 1894 1895 1896
f 1896 1895 1897
f 1896 1897 1898
f 1898 1897 1899
f 1898 1899 1900
f 1900 1899 1901
f 1900 1901 1902
f 1902 1901 1903
f 1902 1903 1904
f 1904 1903 1905
f 1904 1905 1906
f 1906 1905 1907
f 1906 1907 1908
f 1908 1907 1909
f 1908 1909 1910
f 1910 1909 1911
f 1910 1911 1912
f 1912 1911 1913
f 1912 1913 1914
f 1914 1913 1915
f 1914 1915 1916
f 1916 1915 1917
f 1916 1917 1918
f 1918 1917 1919
f 1920 1918 1919
f 1920 1919 1921
f 1921 1919 1922
f 1921 1922 1923
f 1923 1922 1924
f 1923 1924 1925
f 1925 1924 1926
f 1926 1924 1927
f 1926 1927 1928
f 1928 1927 1929
f 1928 1929 1930
f 1930 1929 1931
f 1930 1931 1932
f 1932 1931 1933
f 1932 1933 1934
f 1932 1934 1935
f 1935 1934 1936
f 1935 1936 1937
f 1937 1936 1938
f 1937 1938 1939
f 1939 1938 1940
f 1939 1940 1941
f 1939 1941 1942
f 1942 1941 1943
f 1942 1943 1944
f 1944 1943 1945
f 1944 1945 1946
f 1946 1945 1947
f 1946 1947 1948
f 1948 1947 1949
f 1948 1949 1950
f 1950 1949 1951
f 1950 1951 1952
f 1952 1951 1953
f 1952 1953 1954
f 1954 1953 1955
f 1954 1955 1956
f 1956 1955 1957
f 1956 1957 1958
f 1958 1957 1959
f 1958 1959 1960
f 1960 1959 1961
f 1960 1961 1962
f 1962 1961 1963
f 1962 1963 1964
f 1964 1963 1965
f 1964 1965 1966
f 1966 1965 1967
f 1966 1967 1968
f 1968 1967 1969
f 1968 1969 1970
f 1970 1969 1971
f 1970 1971 1972
f 1972 1971 1973
f 1972 1973 1974
f 1974 1973 1975
f 1974 1975 1976
f 1976 1975 1977
f 1976 1977 1978
f 1978 1977 1979
f 1978 1979 1980
f 1980 1979 1981
f 1980 1981 1982
f 1982 1981 1983
f 1982 1983 1984
f 1984 1983 1985
f 1984 1985 1986
f 1986 1985 1987
f 1986 1987 1988
f 1988 1987 1989
f 1988 1989 1990
f 1990 1989 1991
f 1990 1991 1992
f 1992 1991 1993
f 1992 1993 1994
f 1994 1993 1995
f 1994 1995 1996
f 1996 1995 1997
f 1996 1997 1998
f 1998 1997 1999
f 1998 1999 2000
f 2000 1999 2001
f 2000 2001 2002
f 2002 2001 2003
f 2002 2003 2004
f 2004 2003 2005
f 2004 2005 2006
f 2006 2005 2007
f 2006 2007 2008
f 2008 2007 2009
f 2008 2009 2010
f 2010 2009 2011
f 2010 2011 2012
f 2012 2011 2013
f 2012 2013 2014
f 2014 2013 2015
f 2014 2015 2016
f 2016 2015 2017
f 2016 2017 2018
f 2018 2017 2019
f 2018 2019 2020
f 2020 2019 2021
f 2020 2021 2022
f 2022 2021 2023
f 2022 2023 2024
f 2024 2023 2025
f 2024 2025 2026
f 2026 2025 2027
f 2026 2027 2028
f 2028 2027 2029
f 2028 2029 2030
f 2030 2029 2031
f 2030 2031 2032
f 2032 2031 2033
f 2032 2033 2034
f 2034 2033 2035
f 2034 2035 2036
f 2036 2035 2037
f 2036 2037 2038
f 2038 2037 2039
f 2038 2039 2040
f 2040 2039 2041
f 2040 2041 2042
f 2042 2041 2043
f 2042 2043 2044
f 2044 2043 2045
f 2044 2045 2046
f 2046 2045 2047
f 2046 2047 2048
f 2048 2047 2049
f 2048 2049 2050
f 2050 2049 2051
f 2050 2051 2052
f 2052 2051 2053
f 2052 2053 2054
f 2054 2053 2055
f 2054 2055 2056
f 2056 2055 2057
f 2056 2057 2058
f 2058 2057 2059
f 2058 2059 2060
f 2060 2059 2061
f 2060 2061 2062
f 2062 2061 2063
f 2062 2063 2064
f 2064 2063 2065
f 2064 2065 2066
f 2066 2065 2067
f 2066 2067 2068
f 2068 2067 2069
f 2068 2069 2070
f 2070 2069 2071
f 2070 2071 2072
f 2072 2071 2073
f 2072 2073 2074
f 2074 2073 2075
f 2074 2075 2076
f 2076 2075 2077
f 2076 2077 2078
f 2078 2077 2079
f 2078 2079 2080
f 2080 2079 2081
f 2080 2081 2082
f 2082 2081 2083
f 2082 2083 2084
f 2084 2083 2085
f 2084 2085 2086
f 2086 2085 2087
f 2086 2087 2088
f 2088 2087 2089
f 2088 2089 2090
f 2090 2089 2091
f 2090 2091 2092
f 2092 2091 2093
f 2092 2093 2094
f 2094 2093 2095
f 2094 2095 2096
f 2096 2095 2097
f 2096 2097 2098
f 2098 2097 2099
f 2098 2099 2100
f 2100 2099 2101
f 2100 2101 2102
f 2102 2101 2103
f 2102 2103 2104
f 2104 2103 2105
f 2104 2105 1837
f 1837 2105 1835
f 2106 2107 2108
f 2109 2107 2106
f 2106 2108 2110
f 2110 2108 2111
f 2110 2111 2112
f 2112 2111 2113
f 2112 2113 2114
f 2114 2113 2115
f 2114 2115 2116
f 2116 2115 2117
f 2116 2117 2118
f 2118 2117 2119
f 2118 2119 2120
f 2120 2119 2121
f 2120 2121 2122
f 2122 2121 2123
f 2122 2123 2124
f 2124 2123 2125
f 2124 2125 2126
f 2126 2125 2127
f 2126 2127 2128
f 2128 2127 2129
f 2128 2129 2130
f 2130 2129 2131
f 2130 2131 2132
f 2132 2131 2133
f 2132 2133 2134
f 2134 2133 2135
f 2134 2135 2136
f 2136 2135 2137
f 2136 2137 2138
f 2138 2137 2139
f 2138 2139 2140
f 2140 2139 2141
f 2140 2141 2142
f 2142 2141 2143
f 2142 2143 2144
f 2144 2143 2145
f 2144 2145 2146
f 2146 2145 2147
f 2146 2147 2148
f 2148 2147 2149
f 2148 2149 2150
f 2150 2149 2151
f 2150 2151 2152
f 2152 2151 2153
f 2152 2153 2154
f 2154 2153 2155
f 2156 2154 2155
f 2156 2155 2157
f 2156 2157 2158
f 2158 2157 2159
f 2158 2159 2160
f 2160 2159 2161
f 2160 2161 2162
f 2162 2161 2163
f 2162 2163 2164
f 2164 2163 2165
f 2164 2165 2166
f 2166 2165 2167
f 2166 2167 2168
f 2168 2167 2169
f 2168 2169 2170
f 2170 2169 2171
f 2170 2171 2172
f 2172 2171 2173
f 2172 2173 2174
f 2174 2173 2175
f 2174 2175 2176
f 2176 2175 2177
f 2176 2177 2178
f 2178 2177 2179
f 2178 2179 2180
f 2180 2179 2181
f 2180 2181 2182
f 2182 2181 2183
f 2182 2183 2184
f 2184 2183 2185
f 2184 2185 2186
f 2186 2185 2187
f 2186 2187 2188
f 2188 2187 2189
f 2188 2189 2190
f 2190 2189 2191
f 2190 2191 2192
f 2192 2191 2193
f 2192 2193 2194
f 2194 2193 2195
f 2194 2195 2196
f 2196 2195 2197
f 2196 2197 2198
f 2198 2197 2199
f 2198 2199 2200
f 2200 2199 2201
f 2200 2201 2202
f 2202 2201 2203
f 2202 2203 2204
f 2204 2203 2205
f 2204 2205 2206
f 2206 2205 2207
f 2206 2207 2208
f 2208 2207 2209
f 2208 2209 2210
f 2210 2209 2211
f 2210 2211 2212
f 2212 2211 2213
f 2212 2213 2214
f 2214 2213 2215
f 2214 2215 2216
f 2216 2215 2217
f 2216 2217 2218
f 2218 2217 2219
f 2218 2219 2220
f 2220 2219 2221
f 2220 2221 2222
f 2222 2221 2223
f 2222 2223 2224
f 2224 2223 2225
f 2224 2225 2226
f 2226 2225 2227
f 2226 2227 2228
f 2228 2227 2229
f 2228 2229 2230
f 2230 2229 2231
f 2230 2231 2232
f 2232 2231 2233
f 2232 2233 2234
f 2234 2233 2235
f 2234 2235 2236
f 2236 2235 2237
f 2236 2237 2238
f 2238 2237 2239
f 2238 2239 2240
f 2240 2239 2241
f 2240 2241 2242
f 2242 2241 2243
f 2242 2243 2244
f 2244 2243 2245
f 2244 2245 2246
f 2246 2245 2247
f 2246 2247 2248
f 2248 2247 2249
f 2248 2249 2250
f 2250 2249 2251
f 2250 2251 2252
f 2252 2251 2253
f 2252 2253 2254
f 2254 2253 2255
f 2254 2255 2256
f 2256 2255 2257
f 2256 2257 2258
f 2258 2257 2259
f 2258 2259 2260
f 2260 2259 2261
f 2260 2261 2262
f 2262 2261 2263
f 2262 2263 2264
f 2264 2263 2265
f 2264 2265 2266
f 2266 2265 2267
f 2266 2267 2268
f 2268 2267 2269
f 2268 2269 2270
f 2270 2269 2271
f 2270 2271 2272
f 2272 2271 2273
f 2272 2273 2274
f 2274 2273 2275
f 2274 2275 2276
f 2276 2275 2277
f 2276 2277 2278
f 2278 2277 2279
f 2278 2279 2280
f 2280 2279 2281
f 2280 2281 2282
f 2282 2281 2283
f 2282 2283 2284
f 2284 2283 2285
f 2284 2285 2286
f 2286 2285 2287
f 2286 2287 2288
f 2288 2287 2289
f 2288 2289 2290
f 2290 2289 2291
f 2290 2291 2292
f 2292 2291 2293
f 2292 2293 2294
f 2294 2293 2295
f 2294 2295 2296
f 2296 2295 2297
f 2296 2297 2298
f 2298 2297 2299
f 2298 2299 2300
f 2300 2299 2301
f 2300 2301 2302
f 2302 2301 2303
f 2302 2303 2304
f 2304 2303 2305
f 2304 2305 2306
f 2306 2305 2307
f 2306 2307 2308
f 2308 2307 2309
f 2308 2309 2310
f 2310 2309 2311
f 2310 2311 2312
f 2312 2311 2313
f 2312 2313 2314
f 2314 2313 2315
f 2314 2315 2316
f 2316 2315 2317
f 2316 2317 2318
f 2318 2317 2319
f 2318 2319 2320
f 2320 2319 2321
f 2320 2321 2322
f 2322 2321 2323
f 2322 2323 2324
f 2324 2323 2325
f 2324 2325 2326
f 2326 2325 2327
f 2326 2327 2328
f 2328 2327 2329
f 2328 2329 2330
f 2330 2329 2331
f 2330 2331 2332
f 2332 2331 2333
f 2332 2333 2334
f 2334 2333 2335
f 2334 2335 2336
f 2336 2335 2337
f 2336 2337 2338
f 2338 2337 2339
f 2338 2339 2340
f 2338 2340 2341
f 2341 2340 2342
f 2341 2342 2343
f 2343 2342 2344
f 2343 2344 2345
f 2345 2344 2346
f 2345 2346 2347
f 2347 2346 2348
f 2347 2348 2349
f 2349 2348 2350
f 2349 2350 2351
f 2351 2350 2352
f 2351 2352 2353
f 2353 2352 2354
f 2353 2354 2355
f 2355 2354 2356
f 2355 2356 2357
f 2357 2356 2358
f 2357 2358 2359
f 2359 2358 2360
f 2359 2360 2361
f 2361 2360 2362
f 2361 2362 2363
f 2363 2362 2364
f 2363 2364 2365
f 2365 2364 2366
f 2365 2366 2367
f 2367 2366 2368
f 2367 2368 2369
f 2369 2368 2370
f 2369 2370 2371
f 2371 2370 2372
f 2371 2372 2373
f 2373 2372 2374
f 2373 2374 2375
f 2375 2374 2376
f 2375 2376 2377
f 2377 2376 2378
f 2377 2378 2379
f 2379 2378 2380
f 2379 2380 2381
f 2381 2380 2382
f 2381 2382 2383
f 2383 2382 2384
f 2383 2384 2385
f 2385 2384 2386
f 2385 2386 2387
f 2387 2386 2388
f 2387 2388 2389
f 2389 2388 2390
f 2389 2390 2391
f 2391 2390 2392
f 2391 2392 2393
f 2393 2392 2394
f 2393 2394 2395
f 2395 2394 2396
f 2395 2396 2397
f 2397 2396 2398
f 2397 2398 2399
f 2399 2398 2400
f 2399 2400 2401
f 2401 2400 2402
f 2401 2402 2403
f 2403 2402 2404
f 2403 2404 2405
f 2405 2404 2406
f 2405 2406 2407
f 2407 2406 2408
f 2407 2408 2409
f 2409 2408 2410
f 2409 2410 2411
f 2411 2410 2412
f 2411 2412 2413
f 2413 2412 2414
f 2413 2414 2415
f 2415 2414 2416
f 2415 2416 2417
f 2417 2416 2418
f 2417 2418 2419
f 2419 2418 2420
f 2419 2420 2421
f 2421 2420 2422
f 2421 2422 2423
f 2423 2422 2424
f 2423 2424 2425
f 2425 2424 2426
f 2425 2426 2427
f 2427 2426 2428
f 2427 2428 2429
f 2429 2428 2430
f 2429 2430 2431
f 2431 2430 2432
f 2431 2432 2433
f 2433 2432 2434
f 2433 2434 2435
f 2435 2434 2436
f 2435 2436 2437
f 2437 2436 2438
f 2437 2438 2439
f 2439 2438 2440
f 2439 2440 2441
f 2441 2440 2442
f 2441 2442 2109
f 2109 2442 2107
f 2443 2444 2445
f 2443 2446 2444
f 2443 2445 2447
f 2448 2443 2447
f 2448 2447 2449
f 2448 2449 2450
f 2448 2450 2451
f 2452 2448 2451
f 2452 2451 2453
f 2452 2453 2454
f 2455 2452 2454
f 2455 2454 2456
f 2455 2456 2457
f 2455 2457 2458
f 2459 2455 2458
f 2459 2458 2460
f 2459 2460 2461
f 2459 2461 2462
f 2463 2459 2462
f 2463 2462 2464
f 2463 2464 2465
f 2466 2463 2465
f 2466 2465 2467
f 2466 2467 2468
f 2466 2468 2469
f 2470 2466 2469
f 2470 2469 2471
f 2470 2471 2472
f 2473 2470 2472
f 2473 2472 2474
f 2473 2474 2475
f 2473 2475 2476
f 2477 2473 2476
f 2477 2476 2478
f 2477 2478 2479
f 2480 2477 2479
f 2480 2479 2481
f 2480 2481 2482
f 2483 2480 2482
f 2483 2482 2484
f 2483 2484 2485
f 2486 2483 2485
f 2486 2485 2487
f 2486 2487 2488
f 2489 2486 2488
f 2489 2488 2490
f 2489 2490 2491
f 2492 2489 2491
f 2492 2491 2493
f 2494 2492 2493
f 2494 2493 2495
f 2496 2494 2495
f 2497 2496 2495
f 2498 2497 2495
f 2498 2495 2499
f 2500 2498 2499
f 2500 2499 2501
f 2502 2501 2499
f 2500 2501 2503
f 2504 2500 2503
f 2504 2503 2505
f 2506 2504 2505
f 2507 2506 2505
f 2507 2505 2508
f 2509 2507 2508
f 2509 2508 2510
f 2511 2509 2510
f 2511 2510 2512
f 2513 2511 2512
f 2513 2512 2514
f 2513 2514 2515
f 2516 2513 2515
f 2516 2515 2517
f 2518 2516 2517
f 2519 2518 2517
f 2519 2517 2520
f 2521 2519 2520
f 2522 2521 2520
f 2522 2520 2523
f 2524 2522 2523
f 2525 2524 2523
f 2525 2523 2526
f 2527 2525 2526
f 2527 2526 2528
f 2529 2527 2528
f 2529 2528 2530
f 2529 2530 2531
f 2532 2529 2531
f 2532 2531 2533
f 2534 2532 2533
f 2534 2533 2535
f 2536 2534 2535
f 2536 2535 2537
f 2536 2537 2538
f 2539 2536 2538
f 2539 2538 2540
f 2541 2539 2540
f 2541 2540 2542
f 2543 2541 2542
f 2543 2542 2544
f 2545 2543 2544
f 2545 2544 2546
f 2547 2545 2546
f 2547 2546 2548
f 2549 2547 2548
f 2549 2548 2550
f 2551 2549 2550
f 2552 2551 2550
f 2552 2550 2553
f 2554 2552 2553
f 2554 2553 2555
f 2556 2554 2555
f 2556 2555 2557
f 2558 2556 2557
f 2559 2558 2557
f 2559 2557 2560
f 2561 2559 2560
f 2562 2561 2560
f 2562 2560 2563
f 2564 2562 2563
f 2564 2563 2565
f 2566 2564 2565
f 2566 2565 2567
f 2565 2568 2567
f 2566 2567 2569
f 2570 2566 2569
f 2570 2569 2571
f 2570 2571 2572
f 2573 2570 2572
f 2573 2572 2574
f 2573 2574 2575
f 2576 2573 2575
f 2576 2575 2577
f 2578 2577 2575
f 2579 2576 2577
f 2579 2577 2580
f 2581 2579 2580
f 2581 2580 2582
f 2583 2581 2582
f 2584 2583 2582
f 2584 2582 2585
f 2586 2584 2585
f 2586 2585 2587
f 2588 2586 2587
f 2589 2588 2587
f 2589 2587 2590
f 2591 2589 2590
f 2591 2590 2592
f 2593 2591 2592
f 2593 2592 2594
f 2595 2593 2594
f 2595 2594 2596
f 2597 2595 2596
f 2598 2597 2596
f 2598 2596 2599
f 2600 2598 2599
f 2600 2599 2601
f 2600 2601 2602
f 2603 2600 2602
f 2603 2602 2604
f 2605 2603 2604
f 2605 2604 2606
f 2607 2605 2606
f 2607 2606 2608
f 2607 2608 2609
f 2610 2607 2609
f 2610 2609 2611
f 2612 2610 2611
f 2612 2611 2613
f 2612 2613 2614
f 2612 2614 2615
f 2616 2612 2615
f 2616 2615 2617
f 2616 2617 2618
f 2619 2616 2618
f 2619 2618 2620
f 2619 2620 2621
f 2619 2621 2622
f 2623 2619 2622
f 2623 2622 2624
f 2623 2624 2625
f 2623 2625 2626
f 2627 2623 2626
f 2627 2626 2628
f 2627 2628 2629
f 2627 2629 2630
f 2627 2630 2631
f 2627 2631 2632
f 2627 2632 2633
f 2634 2627 2633
f 2634 2633 2635
f 2634 2635 2636
f 2634 2636 2637
f 2634 2637 2638
f 2634 2638 2639
f 2634 2639 2640
f 2641 2634 2640
f 2641 2640 2642
f 2641 2642 2643
f 2642 2644 2643
f 2641 2643 2645
f 2646 2641 2645
f 2646 2645 2647
f 2648 2647 2645
f 2646 2647 2649
f 2646 2649 2650
f 2646 2650 2651
f 2646 2651 2652
f 2646 2652 2653
f 2646 2653 2654
f 2646 2654 2655
f 2646 2655 2656
f 2646 2656 2657
f 2646 2657 2658
f 2659 2646 2658
f 2659 2658 2660
f 2659 2660 2661
f 2659 2661 2662
f 2659 2662 2663
f 2659 2663 2664
f 2665 2659 2664
f 2665 2664 2666
f 2665 2666 2667
f 2665 2667 2668
f 2665 2668 2669
f 2670 2665 2669
f 2670 2669 2671
f 2672 2670 2671
f 2672 2671 2673
f 2672 2673 2674
f 2675 2672 2674
f 2675 2674 2676
f 2675 2676 2677
f 2676 2678 2677
f 2675 2677 2679
f 2680 2675 2679
f 2680 2679 2681
f 2682 2680 2681
f 2682 2681 2683
f 2684 2682 2683
f 2684 2683 2685
f 2686 2684 2685
f 2687 2686 2685
f 2687 2685 2688
f 2689 2687 2688
f 2689 2688 2690
f 2691 2689 2690
f 2692 2691 2690
f 2692 2690 2693
f 2692 2693 2694
f 2695 2692 2694
f 2695 2694 2696
f 2696 2694 2697
f 2698 2695 2696
f 2698 2696 2699
f 2700 2698 2699
f 2700 2699 2701
f 2702 2700 2701
f 2702 2701 2703
f 2704 2702 2703
f 2704 2703 2705
f 2706 2704 2705
f 2707 2706 2705
f 2708 2707 2705
f 2709 2708 2705
f 2710 2709 2705
f 2710 2705 2711
f 2712 2710 2711
f 2713 2712 2711
f 2714 2713 2711
f 2715 2714 2711
f 2716 2715 2711
f 2717 2716 2711
f 2717 2711 2718
f 2719 2717 2718
f 2720 2719 2718
f 2721 2720 2718
f 2722 2721 2718
f 2722 2718 2723
f 2724 2723 2718
f 2725 2722 2723
f 2725 2723 2726
f 2727 2724 2718
f 2728 2727 2718
f 2729 2728 2718
f 2729 2718 2730
f 2718 2731 2730
f 2732 2729 2730
f 2732 2730 2733
f 2732 2733 2734
f 2732 2734 2735
f 2732 2735 2736
f 2737 2732 2736
f 2737 2736 2738
f 2739 2737 2738
f 2739 2738 2740
f 2739 2740 2741
f 2742 2739 2741
f 2742 2741 2743
f 2744 2742 2743
f 2744 2743 2745
f 2744 2745 2746
f 2745 2747 2746
f 2744 2746 2748
f 2744 2748 2749
f 2750 2744 2749
f 2750 2749 2751
f 2752 2750 2751
f 2752 2751 2753
f 2752 2753 2754
f 2755 2752 2754
f 2755 2754 2756
f 2756 2754 2757
f 2755 2756 2758
f 2755 2758 2759
f 2760 2755 2759
f 2760 2759 2761
f 2760 2761 2762
f 2760 2762 2763
f 2764 2760 2763
f 2764 2763 2765
f 2764 2765 2766
f 2767 2764 2766
f 2767 2766 2768
f 2769 2767 2768
f 2769 2768 2770
f 2771 2769 2770
f 2771 2770 2772
f 2773 2771 2772
f 2774 2773 2772
f 2774 2772 2775
f 2772 2776 2775
f 2777 2774 2775
f 2777 2775 2778
f 2779 2777 2778
f 2780 2779 2778
f 2781 2780 2778
f 2782 2781 2778
f 2782 2778 2783
f 2784 2782 2783
f 2785 2784 2783
f 2786 2785 2783
f 2786 2783 2787
f 2788 2786 2787
f 2789 2788 2787
f 2789 2787 2790
f 2791 2789 2790
f 2791 2790 2792
f 2793 2791 2792
f 2793 2792 2794
f 2795 2793 2794
f 2795 2794 2796
f 2797 2795 2796
f 2798 2797 2796
f 2798 2796 2799
f 2800 2798 2799
f 2800 2799 2801
f 2802 2800 2801
f 2803 2802 2801
f 2803 2801 2804
f 2805 2803 2804
f 2805 2804 2806
f 2807 2805 2806
f 2807 2806 2808
f 2809 2807 2808
f 2809 2808 2810
f 2811 2809 2810
f 2811 2810 2812
f 2813 2811 2812
f 2813 2812 2814
f 2815 2813 2814
f 2815 2814 2816
f 2815 2816 2817
f 2818 2815 2817
f 2818 2817 2819
f 2820 2818 2819
f 2821 2820 2819
f 2821 2819 2822
f 2823 2821 2822
f 2823 2822 2824
f 2825 2823 2824
f 2825 2824 2826
f 2827 2825 2826
f 2827 2826 2828
f 2829 2827 2828
f 2829 2828 2446
f 2443 2829 2446
f 2776 2830 2775
f 2776 2831 2830
f 2831 2832 2830
f 2831 2833 2832
f 2831 2834 2833
f 2834 2835 2833
f 2834 2836 2835
f 2836 2837 2835
f 2836 2838 2837
f 2838 2839 2837
f 2838 2840 2839
f 2838 2841 2840
f 2841 2842 2840
f 2842 2843 2840
f 2843 2844 2840
f 2843 2845 2844
f 2845 2846 2844
f 2846 2847 2844
f 2847 2848 2844
f 2847 2849 2848
f 2849 2850 2848
f 2850 2851 2848
f 2850 2852 2851
f 2852 2853 2851
f 2852 2854 2853
f 2854 2855 2853
f 2854 2856 2855
f 2854 2857 2856
f 2857 2858 2856
f 2857 2859 2858
f 2857 2860 2859
f 2857 2861 2860
f 2857 2862 2861
f 2857 2863 2862
f 2863 2864 2862
f 2863 2865 2864
f 2863 2866 2865
f 2863 2867 2866
f 2867 2868 2866
f 2867 2869 2868
f 2869 2870 2868
f 2869 2871 2870
f 2869 2872 2871
f 2872 2873 2871
f 2872 2874 2873
f 2874 2875 2873
f 2874 2876 2875
f 2876 2877 2875
f 2876 2878 2877
f 2878 2879 2877
f 2879 2880 2877
f 2879 2881 2880
f 2881 2882 2880
f 2881 2883 2882
f 2883 2884 2882
f 2884 2885 2882
f 2884 2886 2885
f 2886 2887 2885
f 2887 2888 2885
f 2888 2889 2885
f 2889 2890 2885
f 2889 2891 2890
f 2889 2892 2891
f 2891 2893 2890
f 2891 2894 2893
f 2894 2895 2893
f 2894 2896 2895
f 2894 2897 2896
f 2897 2898 2896
f 2897 2899 2898
f 2897 2900 2899
f 2900 2901 2899
f 2900 2902 2901
f 2902 2903 2901
f 2902 2904 2903
f 2904 2905 2903
f 2904 2906 2905
f 2904 2907 2906
f 2907 2908 2906
f 2907 2909 2908
f 2909 2910 2908
f 2910 2911 2908
f 2910 2912 2911
f 2912 2913 2911
f 2912 2914 2913
f 2914 2915 2913
f 2914 2916 2915
f 2916 2917 2915
f 2916 2918 2917
f 2916 2919 2918
f 2919 2920 2918
f 2919 2921 2920
f 2921 2922 2920
f 2921 2923 2922
f 2923 2924 2922
f 2923 2925 2924
f 2892 2926 2891
f 2926 2927 2891
f 2927 2928 2891
f 2927 2929 2928
f 2929 2930 2928
f 2929 2931 2930
f 2932 2928 2930
f 2932 2933 2928
f 2932 2934 2933
f 2934 2935 2933
f 2935 2936 2933
f 2936 2937 2933
f 2936 2938 2937
f 2939 2937 2938
f 2939 2940 2937
f 2939 2938 2941
f 2942 2939 2941
f 2942 2941 2943
f 2942 2943 2944
f 2931 2942 2944
f 2931 2944 2945
f 2931 2945 2930
f 2939 2946 2940
f 2946 2947 2940
f 2946 2948 2947
f 2948 2949 2947
f 2948 2950 2949
f 2950 2951 2949
f 2951 2952 2949
f 2951 2953 2952
f 2954 2952 2953
f 2954 2955 2952
f 2956 2954 2953
f 2957 2956 2953
f 2957 2953 2958
f 2959 2957 2958
f 2959 2958 2960
f 2961 2959 2960
f 2962 2961 2960
f 2962 2960 2963
f 2964 2962 2963
f 2964 2963 2965
f 2966 2964 2965
f 2966 2965 2967
f 2968 2966 2967
f 2969 2968 2967
f 2969 2967 2970
f 2971 2969 2970
f 2971 2970 2972
f 2971 2972 2973
f 2974 2971 2973
f 2974 2973 2975
f 2974 2975 2976
f 2977 2974 2976
f 2977 2976 2978
f 2977 2978 2979
f 2980 2977 2979
f 2980 2979 2981
f 2980 2981 2982
f 2980 2982 2983
f 2984 2980 2983
f 2984 2983 2985
f 2984 2985 2986
f 2984 2986 2987
f 2984 2987 2988
f 2989 2984 2988
f 2989 2988 2990
f 2989 2990 2991
f 2989 2991 2992
f 2989 2992 2993
f 2989 2993 2994
f 2995 2989 2994
f 2995 2994 2996
f 2995 2996 2997
f 2995 2997 2998
f 2995 2998 2999
f 2995 2999 3000
f 2995 3000 3001
f 2995 3001 2731
f 2718 2995 2731
f 2955 3002 2952
f 3002 3003 2952
f 3002 3004 3003
f 3004 3005 3003
f 3005 3006 3003
f 3006 3007 3003
f 3006 3008 3007
f 3008 3009 3007
f 3009 3010 3007
f 3010 3011 3007
f 3010 3012 3011
f 3012 3013 3011
f 3012 3014 3013
f 3014 3015 3013
f 3014 3016 3015
f 3016 3017 3015
f 3016 3018 3017
f 3016 3019 3018
f 3019 3020 3018
f 3019 3021 3020
f 3019 3022 3021
f 3022 3023 3021
f 3022 3024 3023
f 3022 3025 3024
f 3025 3026 3024
f 3025 3027 3026
f 3025 3028 3027
f 3028 3029 3027
f 3028 3030 3029
f 3030 3031 3029
f 3030 3032 3031
f 3032 3033 3031
f 3032 3034 3033
f 3034 3035 3033
f 3036 3035 3034
f 3036 3037 3035
f 3037 3038 3035
f 3037 3039 3038
f 3039 3040 3038
f 3040 3041 3038
f 3040 3042 3041
f 3042 3043 3041
f 3042 3044 3043
f 3044 3045 3043
f 3045 3046 3043
f 3045 3047 3046
f 3047 3048 3046
f 3047 3049 3048
f 3049 3050 3048
f 3050 3051 3048
f 3051 2645 3048
f 3051 2648 2645
f 3052 2756 2757
f 3052 2757 3053
f 3054 3052 3053
f 3054 3053 3055
f 3054 3055 2747
f 2745 3054 2747
f 3056 2696 2697
f 3056 2697 3057
f 3058 3056 3057
f 3058 3057 3059
f 3060 3058 3059
f 3061 3060 3059
f 3061 3059 3062
f 3063 3061 3062
f 3064 3063 3062
f 3064 3062 3065
f 3066 3064 3065
f 3066 3065 3067
f 3068 3066 3067
f 2678 3068 3067
f 2678 3067 3069
f 2678 3069 2677
f 2644 3070 2643
f 3070 3071 2643
f 3071 3072 2643
f 3071 3073 3072
f 3073 3074 3072
f 3074 3075 3072
f 3074 3076 3075
f 3076 3077 3075
f 3077 3078 3075
f 3077 3079 3078
f 3079 3080 3078
f 3079 3081 3080
f 3082 3078 3080
f 3082 3083 3078
f 3082 3084 3083
f 3084 3085 3083
f 3085 3086 3083
f 3086 3087 3083
f 3086 3088 3087
f 3089 3087 3088
f 3089 3090 3087
f 3088 3091 3089
f 3091 3088 3092
f 3093 3091 3092
f 3093 3092 3094
f 3095 3093 3094
f 3095 3094 3096
f 3095 3096 3097
f 3081 3095 3097
f 3081 3097 3080
f 3089 3098 3090
f 3098 3099 3090
f 3099 3100 3090
f 3099 3101 3100
f 3101 3102 3100
f 3102 3103 3100
f 3103 3104 3100
f 3104 3105 3100
f 3104 3106 3105
f 3106 3107 3105
f 3107 3108 3105
f 3108 3109 3105
f 3108 3110 3109
f 3110 3111 3109
f 3111 3112 3109
f 3111 3113 3112
f 3113 3114 3112
f 3114 3115 3112
f 3115 3116 3112
f 3115 3117 3116
f 3117 3118 3116
f 3117 3119 3118
f 3119 3120 3118
f 3119 3121 3120
f 3121 3122 3120
f 3121 3123 3122
f 3123 3124 3122
f 3123 3125 3124
f 3125 3126 3124
f 3125 3127 3126
f 3125 3128 3127
f 3128 3129 3127
f 3128 3130 3129
f 3130 3131 3129
f 3130 3132 3131
f 3130 3133 3132
f 3133 3134 3132
f 3133 3135 3134
f 3135 3136 3134
f 3135 3137 3136
f 3137 3138 3136
f 3137 3139 3138
f 3137 3140 3139
f 3140 3141 3139
f 3140 3142 3141
f 3142 3143 3141
f 3142 3144 3143
f 3144 3145 3143
f 3144 3146 3145
f 3146 3147 3145
f 3146 3148 3147
f 3148 3149 3147
f 3148 3150 3149
f 3148 3151 3150
f 3151 3152 3150
f 3151 3153 3152
f 3153 3154 3152
f 3153 3155 3154
f 3153 3156 3155
f 3156 3157 3155
f 3156 3158 3157
f 3158 3159 3157
f 3158 3160 3159
f 3160 3161 3159
f 3160 3162 3161
f 3162 3163 3161
f 3162 3164 3163
f 3162 3165 3164
f 3165 3166 3164
f 3166 3167 3164
f 3166 3168 3167
f 3168 3169 3167
f 3168 3170 3169
f 3170 3171 3169
f 3171 3172 3169
f 3172 3173 3169
f 3172 3174 3173
f 3174 3175 3173
f 3175 3176 3173
f 3176 3177 3173
f 3176 3178 3177
f 3179 3177 3178
f 3179 3180 3177
f 3180 3181 3177
f 3181 3182 3177
f 3181 2499 3182
f 3181 2502 2499
f 2499 3183 3182
f 3183 3184 3182
f 3183 3185 3184
f 3185 3186 3184
f 3185 3187 3186
f 3187 3188 3186
f 3187 3189 3188
f 3189 3190 3188
f 3189 3191 3190
f 3191 3192 3190
f 3191 3193 3192
f 3193 3194 3192
f 3193 3195 3194
f 3195 3196 3194
f 3195 3197 3196
f 3197 3198 3196
f 3197 3199 3198
f 3199 3200 3198
f 3199 3201 3200
f 3201 3202 3200
f 3201 3203 3202
f 3203 3204 3202
f 3203 3205 3204
f 3205 3206 3204
f 3205 3207 3206
f 3207 3208 3206
f 3207 3209 3208
f 3209 3210 3208
f 3209 3211 3210
f 3211 3212 3210
f 3211 3213 3212
f 3213 3214 3212
f 3213 3215 3214
f 3215 3216 3214
f 3215 3217 3216
f 3215 3218 3217
f 3218 3219 3217
f 3218 3220 3219
f 3220 3221 3219
f 3221 3222 3219
f 3221 3223 3222
f 3223 3224 3222
f 2578 2575 3225
f 2578 3225 3226
f 2568 2578 3226
f 2568 3226 3227
f 2568 3227 3228
f 2568 3228 2567
