7688 7720 0
v 0.047903205 -0.072987525 0.0084375
v 0.0334098 -0.07298502 0.0084375
v 0.033163425 -0.0729717 0.0084375
v 0.033642585 -0.07299708 0.0084375
v 0.047977605 -0.07297125 0.0084375
v 0.03269295 -0.07294623 0.0084375
v 0.048051615 -0.07295475 0.0084375
v 0.048125595 -0.07293777 0.0084375
v 0.032223285 -0.072917865 0.0084375
v 0.048199575 -0.07292028 0.0084375
v 0.048273405 -0.072902415 0.0084375
v 0.031754415 -0.07288662 0.0084375
v 0.048346995 -0.07288416 0.0084375
v 0.03128469 -0.072852495 0.0084375
v 0.04842054 -0.07286562 0.0084375
v 0.04849422 -0.07284684 0.0084375
v 0.030815685 -0.072815475 0.0084375
v 0.048567945 -0.072827895 0.0084375
v 0.04864155 -0.072808935 0.0084375
v 0.0303525 -0.0727755 0.0084375
v 0.04871514 -0.07278993 0.0084375
v 0.04878897 -0.07277088 0.0084375
v 0.02989524 -0.072732345 0.0084375
v 0.048862995 -0.0727518 0.0084375
v 0.04893732 -0.072732555 0.0084375
v 0.04901199 -0.072713175 0.0084375
v 0.029443755 -0.072686205 0.0084375
v 0.049086795 -0.07269357 0.0084375
v 0.049161645 -0.07267374 0.0084375
v 0.029003475 -0.072637755 0.0084375
v 0.049236585 -0.072653625 0.0084375
v 0.049311645 -0.07263309 0.0084375
v 0.028575195 -0.072587085 0.0084375
v 0.049386765 -0.072612195 0.0084375
v 0.049461765 -0.07259097 0.0084375
v 0.04953669 -0.072569415 0.0084375
v 0.028158135 -0.072534075 0.0084375
v 0.049611555 -0.072547635 0.0084375
v 0.04968633 -0.07252563 0.0084375
v 0.027756315 -0.07247931 0.0084375
v 0.049761 -0.072503475 0.0084375
v 0.04983552 -0.072481215 0.0084375
v 0.04990995 -0.07245882 0.0084375
v 0.027371205 -0.07242252 0.0084375
v 0.04998429 -0.07243632 0.0084375
v 0.0500586 -0.072413655 0.0084375
v 0.02700147 -0.072363915 0.0084375
v 0.05013294 -0.07239075 0.0084375
v 0.05020731 -0.072367605 0.0084375
v 0.050281815 -0.07234413 0.0084375
v 0.02664738 -0.072304935 0.0084375
v 0.05035641 -0.07232031 0.0084375
v 0.050431125 -0.07229613 0.0084375
v 0.02630985 -0.072246255 0.0084375
v 0.050506005 -0.072271515 0.0084375
v 0.050580855 -0.07224663 0.0084375
v 0.05065572 -0.072221475 0.0084375
v 0.025988115 -0.07218729 0.0084375
v 0.05073039 -0.0721962 0.0084375
v 0.050804565 -0.072170985 0.0084375
v 0.025679475 -0.07212771 0.0084375
v 0.05087838 -0.07214577 0.0084375
v 0.05095188 -0.072120645 0.0084375
v 0.025383555 -0.07206717 0.0084375
v 0.051025095 -0.07209558 0.0084375
v 0.051098145 -0.072070515 0.0084375
v 0.051171045 -0.07204545 0.0084375
v 0.02510073 -0.07200594 0.0084375
v 0.05124381 -0.07202028 0.0084375
v 0.05131644 -0.07199496 0.0084375
v 0.02482845 -0.071944725 0.0084375
v 0.05138898 -0.071969415 0.0084375
v 0.051461565 -0.07194348 0.0084375
v 0.024566145 -0.0718839 0.0084375
v 0.051534045 -0.07191723 0.0084375
v 0.05160606 -0.071890725 0.0084375
v 0.051677835 -0.07186389 0.0084375
v 0.024314355 -0.071823165 0.0084375
v 0.05175003 -0.071836635 0.0084375
v 0.051822465 -0.071808975 0.0084375
v 0.02407119 -0.07176234 0.0084375
v 0.051897315 -0.071780205 0.0084375
v 0.051974505 -0.071750385 0.0084375
v 0.02383641 -0.071701425 0.0084375
v 0.052055475 -0.071718945 0.0084375
v 0.052140825 -0.07168578 0.0084375
v 0.023610285 -0.071640435 0.0084375
v 0.05223084 -0.07165059 0.0084375
v 0.05232666 -0.071612895 0.0084375
v 0.023390625 -0.071579055 0.0084375
v 0.05242758 -0.07157286 0.0084375
v 0.02317659 -0.071517045 0.0084375
v 0.05253267 -0.07153038 0.0084375
v 0.052642005 -0.0714855 0.0084375
v 0.02296887 -0.07145457 0.0084375
v 0.05275362 -0.07143885 0.0084375
v 0.022766865 -0.071392155 0.0084375
v 0.052867875 -0.07139025 0.0084375
v 0.02257038 -0.0713301 0.0084375
v 0.05298222 -0.07134114 0.0084375
v 0.05309655 -0.071291625 0.0084375
v 0.02237958 -0.071268195 0.0084375
v 0.053208975 -0.071242605 0.0084375
v 0.02219421 -0.071206125 0.0084375
v 0.053318085 -0.0711948 0.0084375
v 0.022014255 -0.07114362 0.0084375
v 0.053423445 -0.071148345 0.0084375
v 0.053522535 -0.071104245 0.0084375
v 0.021839745 -0.071080875 0.0084375
v 0.053616075 -0.07106223 0.0084375
v 0.021670305 -0.07101834 0.0084375
v 0.053704785 -0.07102197 0.0084375
v 0.05378847 -0.07098357 0.0084375
v 0.021505815 -0.070956165 0.0084375
v 0.05386932 -0.070946205 0.0084375
v 0.021346365 -0.070894215 0.0084375
v 0.053947245 -0.070909905 0.0084375
v 0.05402382 -0.07087404 0.0084375
v 0.02119173 -0.07083282 0.0084375
v 0.054099885 -0.07083828 0.0084375
v 0.054175485 -0.070802625 0.0084375
v 0.021041805 -0.070772205 0.0084375
v 0.054251355 -0.07076676 0.0084375
v 0.02089668 -0.070712235 0.0084375
v 0.054327165 -0.07073085 0.0084375
v 0.054402405 -0.070695015 0.0084375
v 0.020756295 -0.07065276 0.0084375
v 0.05447715 -0.070659255 0.0084375
v 0.054551115 -0.07062348 0.0084375
v 0.020620695 -0.070593675 0.0084375
v 0.05462427 -0.070587765 0.0084375
v 0.02048988 -0.070535055 0.0084375
v 0.054696795 -0.070551885 0.0084375
v 0.054768705 -0.070515765 0.0084375
v 0.020363445 -0.07047708 0.0084375
v 0.054840135 -0.070479465 0.0084375
v 0.05491122 -0.070442955 0.0084375
v 0.02024139 -0.070419795 0.0084375
v 0.05498193 -0.070406295 0.0084375
v 0.02012376 -0.070363155 0.0084375
v 0.055052295 -0.070369665 0.0084375
v 0.0551223 -0.070333035 0.0084375
v 0.02000988 -0.07030731 0.0084375
v 0.055192005 -0.07029654 0.0084375
v 0.019899405 -0.07025235 0.0084375
v 0.055261395 -0.07026015 0.0084375
v 0.05533053 -0.070223835 0.0084375
v 0.01979259 -0.0701982 0.0084375
v 0.055399425 -0.07018761 0.0084375
v 0.019689075 -0.070144935 0.0084375
v 0.055468095 -0.07015131 0.0084375
v 0.055536525 -0.070114965 0.0084375
v 0.019588695 -0.07009254 0.0084375
v 0.055604805 -0.070078395 0.0084375
v 0.019491585 -0.07004103 0.0084375
v 0.055673175 -0.07004136 0.0084375
v 0.05574147 -0.070003965 0.0084375
v 0.01939755 -0.06999039 0.0084375
v 0.05580921 -0.069966405 0.0084375
v 0.019306545 -0.069940605 0.0084375
v 0.05587647 -0.069928665 0.0084375
v 0.019218645 -0.06989172 0.0084375
v 0.05594364 -0.06989067 0.0084375
v 0.019133565 -0.0698436 0.0084375
v 0.056010525 -0.06985251 0.0084375
v 0.056078355 -0.069813615 0.0084375
v 0.01905117 -0.069796215 0.0084375
v 0.05614725 -0.06977397 0.0084375
v 0.01897158 -0.069749595 0.0084375
v 0.056217945 -0.069733185 0.0084375
v 0.01889466 -0.069703785 0.0084375
v 0.05629086 -0.06969105 0.0084375
v 0.018820455 -0.06965886 0.0084375
v 0.056366475 -0.069647265 0.0084375
v 0.018748995 -0.069614775 0.0084375
v 0.0564462 -0.069600945 0.0084375
v 0.0186798 -0.06957144 0.0084375
v 0.05652981 -0.06955221 0.0084375
v 0.01861281 -0.069528915 0.0084375
v 0.056618055 -0.06950043 0.0084375
v 0.018548175 -0.069487185 0.0084375
v 0.018484935 -0.06944583 0.0084375
v 0.05671086 -0.069445695 0.0084375
v 0.018422685 -0.06940467 0.0084375
v 0.056808795 -0.06938736 0.0084375
v 0.01836177 -0.069363885 0.0084375
v 0.056911935 -0.069325425 0.0084375
v 0.018301335 -0.069322965 0.0084375
v 0.018240885 -0.06928167 0.0084375
v 0.057020475 -0.06925959 0.0084375
v 0.01818075 -0.06924015 0.0084375
v 0.0181206 -0.069198195 0.0084375
v 0.05713494 -0.069189465 0.0084375
v 0.018060135 -0.069155625 0.0084375
v 0.057254385 -0.0691155 0.0084375
v 0.017999505 -0.06911256 0.0084375
v 0.01793889 -0.069068955 0.0084375
v 0.05737794 -0.06903801 0.0084375
v 0.04324656 -0.06902487 0.0084375
v 0.0435969 -0.06901938 0.0084375
v 0.01787823 -0.069024675 0.0084375
v 0.04286421 -0.06900144 0.0084375
v 0.017817435 -0.06897975 0.0084375
v 0.04265964 -0.068979615 0.0084375
v 0.017757345 -0.06893463 0.0084375
v 0.04245432 -0.068946735 0.0084375
v 0.042251745 -0.068900265 0.0084375
v 0.017698455 -0.068889525 0.0084375
v 0.01764039 -0.068844225 0.0084375
v 0.04204878 -0.06884187 0.0084375
v 0.01758384 -0.068799405 0.0084375
v 0.041850645 -0.068771655 0.0084375
v 0.01752948 -0.06875559 0.0084375
v 0.01747701 -0.06871254 0.0084375
v 0.04166067 -0.068689245 0.0084375
v 0.01742595 -0.06867009 0.0084375
v 0.017376 -0.068628195 0.0084375
v 0.01732734 -0.06858687 0.0084375
v 0.01727982 -0.06854616 0.0084375
v 0.01723332 -0.06850608 0.0084375
v 0.041300745 -0.068488965 0.0084375
v 0.017187915 -0.06846663 0.0084375
v 0.01714353 -0.06842778 0.0084375
v 0.01710006 -0.068389455 0.0084375
v 0.017057475 -0.06835164 0.0084375
v 0.01701618 -0.068314605 0.0084375
v 0.0169764 -0.068278515 0.0084375
v 0.03084549 -0.068261025 0.0084375
v 0.030667095 -0.06826071 0.0084375
v 0.03103932 -0.06825537 0.0084375
v 0.040982685 -0.068249775 0.0084375
v 0.031250025 -0.06824199 0.0084375
v 0.031478955 -0.06821721 0.0084375
v 0.031724235 -0.06817842 0.0084375
v 0.03198279 -0.068122635 0.0084375
v 0.03225381 -0.068044275 0.0084375
v 0.04070649 -0.067978005 0.0084375
v 0.032536605 -0.067938165 0.0084375
v 0.032830845 -0.067798575 0.0084375
v 0.040473225 -0.067679625 0.0084375
v 0.03313146 -0.06761439 0.0084375
v 0.033428955 -0.067377645 0.0084375
v 0.040284105 -0.0673674 0.0084375
v 0.03357561 -0.06723426 0.0084375
v 0.033714015 -0.067079235 0.0084375
v 0.040135365 -0.067047285 0.0084375
v 0.03383592 -0.06691656 0.0084375
v 0.033944475 -0.06674274 0.0084375
v 0.040022235 -0.066726555 0.0084375
v 0.034038375 -0.06656502 0.0084375
v 0.03993231 -0.06641988 0.0084375
v 0.034114995 -0.066390225 0.0084375
v 0.03986385 -0.066129345 0.0084375
v 0.034219995 -0.066042465 0.0084375
v 0.034273395 -0.065715135 0.0084375
v 0.039767835 -0.06570738 0.0084375
v 0.034286925 -0.065409285 0.0084375
v 0.039676965 -0.06529716 0.0084375
v 0.034270605 -0.065126475 0.0084375
v 0.039591255 -0.064898685 0.0084375
v 0.034234575 -0.06486537 0.0084375
v 0.03418434 -0.06462513 0.0084375
v 0.03951069 -0.064511955 0.0084375
v 0.03412458 -0.064405005 0.0084375
v 0.03406056 -0.06420312 0.0084375
v 0.03943527 -0.064136985 0.0084375
v 0.033994335 -0.06401748 0.0084375
v 0.033927585 -0.063846525 0.0084375
v 0.039365055 -0.063774135 0.0084375
v 0.033862005 -0.06368757 0.0084375
v 0.033798285 -0.06353877 0.0084375
v 0.033736965 -0.063398775 0.0084375
v 0.03927201 -0.063268665 0.0084375
v 0.03367851 -0.063265995 0.0084375
v 0.033623625 -0.06313974 0.0084375
v 0.033572565 -0.06301968 0.0084375
v 0.03348645 -0.062806965 0.0084375
v 0.03919122 -0.06279393 0.0084375
v 0.033409905 -0.062595 0.0084375
v 0.033342885 -0.06238377 0.0084375
v 0.03911802 -0.062319885 0.0084375
v 0.03328542 -0.06217341 0.0084375
v 0.03323742 -0.061965 0.0084375
v 0.03558198 -0.061883715 0.0084375
v 0.03319899 -0.06175716 0.0084375
v 0.03574824 -0.061883715 0.0084375
v 0.03589755 -0.06182874 0.0084375
v 0.03904785 -0.061817145 0.0084375
v 0.03602496 -0.061723185 0.0084375
v 0.036102015 -0.06158925 0.0084375
v 0.0390021 -0.06146196 0.0084375
v 0.03613386 -0.061423185 0.0084375
v 0.036102015 -0.06125712 0.0084375
v 0.03602496 -0.061123185 0.0084375
v 0.038958315 -0.061098075 0.0084375
v 0.03589755 -0.06101763 0.0084375
v 0.03574824 -0.06096267 0.0084375
v 0.03891753 -0.060732075 0.0084375
v 0.033142845 -0.060906795 0.0084375
v 0.03558198 -0.06096267 0.0084375
v 0.03315207 -0.060686505 0.0084375
v 0.03316986 -0.0604617 0.0084375
v 0.03888081 -0.060370515 0.0084375
v 0.03319656 -0.06023319 0.0084375
v 0.03884916 -0.060019965 0.0084375
v 0.033231945 -0.059999235 0.0084375
v 0.03327585 -0.05975814 0.0084375
v 0.03882333 -0.059683335 0.0084375
v 0.0333285 -0.05951031 0.0084375
v 0.0388026 -0.0593523 0.0084375
v 0.033389745 -0.059256105 0.0084375
v 0.03878649 -0.05902791 0.0084375
v 0.03345921 -0.05899524 0.0084375
v 0.033509925 -0.058817535 0.0084375
v 0.038774565 -0.05871228 0.0084375
v 0.033564435 -0.058636905 0.0084375
v 0.03362268 -0.058453335 0.0084375
v 0.038766375 -0.05840748 0.0084375
v 0.03368442 -0.05826675 0.0084375
v 0.038761515 -0.05811558 0.0084375
v 0.033749475 -0.058077075 0.0084375
v 0.03381762 -0.057884235 0.0084375
v 0.038759835 -0.05784063 0.0084375
v 0.03388887 -0.05768835 0.0084375
v 0.033963525 -0.05748972 0.0084375
v 0.03876405 -0.057459405 0.0084375
v 0.034041435 -0.057287985 0.0084375
v 0.038776545 -0.057097755 0.0084375
v 0.03412236 -0.0570828 0.0084375
v 0.034206135 -0.05687376 0.0084375
v 0.03878958 -0.056857515 0.0084375
v 0.03429258 -0.056660565 0.0084375
v 0.038806425 -0.05661096 0.0084375
v 0.034382115 -0.05644374 0.0084375
v 0.03882681 -0.056358315 0.0084375
v 0.034474695 -0.05622333 0.0084375
v 0.03885072 -0.05610387 0.0084375
v 0.034570005 -0.055998975 0.0084375
v 0.03887844 -0.055849335 0.0084375
v 0.03466773 -0.055770315 0.0084375
v 0.038910255 -0.055596495 0.0084375
v 0.034767495 -0.05553699 0.0084375
v 0.03894648 -0.05534706 0.0084375
v 0.03486936 -0.055299015 0.0084375
v 0.03898746 -0.05510241 0.0084375
v 0.034973955 -0.05505708 0.0084375
v 0.03903408 -0.054857865 0.0084375
v 0.035080875 -0.054810735 0.0084375
v 0.03908574 -0.05461419 0.0084375
v 0.03518961 -0.0545595 0.0084375
v 0.039141345 -0.054374775 0.0084375
v 0.03529968 -0.054302895 0.0084375
v 0.03919983 -0.054142995 0.0084375
v 0.035410605 -0.05404044 0.0084375
v 0.039260115 -0.053922225 0.0084375
v 0.035523285 -0.053773065 0.0084375
v 0.039321255 -0.053715585 0.0084375
v 0.035637795 -0.053500845 0.0084375
v 0.039383775 -0.053522505 0.0084375
v 0.03944832 -0.05334018 0.0084375
v 0.035753415 -0.053223015 0.0084375
v 0.03951543 -0.053165835 0.0084375
v 0.03586938 -0.05293875 0.0084375
v 0.03958569 -0.05299668 0.0084375
v 0.03965964 -0.05282994 0.0084375
v 0.03598494 -0.052647285 0.0084375
v 0.039737055 -0.0526647 0.0084375
v 0.039816615 -0.05250444 0.0084375
v 0.0361002 -0.05234778 0.0084375
v 0.03989928 -0.05234853 0.0084375
v 0.039986145 -0.05219616 0.0084375
v 0.03621729 -0.0520401 0.0084375
v 0.04007832 -0.052046445 0.0084375
v 0.040176885 -0.05189853 0.0084375
v 0.036334725 -0.051725325 0.0084375
v 0.04028328 -0.051750615 0.0084375
v 0.0403971 -0.0516027 0.0084375
v 0.03645072 -0.051404565 0.0084375
v 0.040516395 -0.051457305 0.0084375
v 0.040639155 -0.05131701 0.0084375
v 0.036563475 -0.05107896 0.0084375
v 0.04076343 -0.05118435 0.0084375
v 0.04088724 -0.05106183 0.0084375
v 0.03667119 -0.050749605 0.0084375
v 0.04101084 -0.050949285 0.0084375
v 0.041135565 -0.05084502 0.0084375
v 0.041262075 -0.05074797 0.0084375
v 0.03677604 -0.05041266 0.0084375
v 0.041391015 -0.050657115 0.0084375
v 0.041523075 -0.05057142 0.0084375
v 0.041658765 -0.050489985 0.0084375
v 0.04179708 -0.05041365 0.0084375
v 0.04193805 -0.050342775 0.0084375
v 0.03687906 -0.05006778 0.0084375
v 0.04208214 -0.050277345 0.0084375
v 0.0422298 -0.05021739 0.0084375
v 0.042381495 -0.050162895 0.0084375
v 0.04253745 -0.05011374 0.0084375
v 0.04269696 -0.05006955 0.0084375
v 0.04286019 -0.05003067 0.0084375
v 0.036978225 -0.049719075 0.0084375
v 0.043027395 -0.049997535 0.0084375
v 0.04319886 -0.04997055 0.0084375
v 0.043374855 -0.049950195 0.0084375
v 0.043555455 -0.04993656 0.0084375
v 0.043740405 -0.049929255 0.0084375
v 0.04392969 -0.049928235 0.0084375
v 0.07031097 -0.049893705 0.0084375
v 0.070358625 -0.049613955 0.0084375
v 0.07026045 -0.050172615 0.0084375
v 0.04412331 -0.049933515 0.0084375
v 0.044321265 -0.049945095 0.0084375
v 0.04452354 -0.04996296 0.0084375
v 0.044995545 -0.05002383 0.0084375
v 0.0454755 -0.05010069 0.0084375
v 0.04596342 -0.050193585 0.0084375
v 0.070206855 -0.05045205 0.0084375
v 0.04646046 -0.05030301 0.0084375
v 0.0469731 -0.05043186 0.0084375
v 0.0474909 -0.050575485 0.0084375
v 0.07015032 -0.050731635 0.0084375
v 0.047999925 -0.050727615 0.0084375
v 0.0484941 -0.05088678 0.0084375
v 0.070090995 -0.0510108 0.0084375
v 0.04898085 -0.05105658 0.0084375
v 0.070029045 -0.05128896 0.0084375
v 0.049456125 -0.05123124 0.0084375
v 0.058974135 -0.05134218 0.0084375
v 0.06996459 -0.05156553 0.0084375
v 0.058807875 -0.05134218 0.0084375
v 0.058658565 -0.05139714 0.0084375
v 0.049915575 -0.05140485 0.0084375
v 0.058531155 -0.05150271 0.0084375
v 0.05035887 -0.05157951 0.0084375
v 0.0584541 -0.051636645 0.0084375
v 0.05078802 -0.051755355 0.0084375
v 0.058422255 -0.05180271 0.0084375
v 0.0512043 -0.051929145 0.0084375
v 0.0584541 -0.051968775 0.0084375
v 0.051608325 -0.052098765 0.0084375
v 0.058531155 -0.05210271 0.0084375
v 0.058658565 -0.052208265 0.0084375
v 0.058807875 -0.052263225 0.0084375
v 0.05199888 -0.052266255 0.0084375
v 0.06975639 -0.05238399 0.0084375
v 0.058974135 -0.052263225 0.0084375
v 0.05237763 -0.05243034 0.0084375
v 0.06968172 -0.052654095 0.0084375
v 0.052746525 -0.052589295 0.0084375
v 0.05310546 -0.05274324 0.0084375
v 0.06960468 -0.052922445 0.0084375
v 0.053453895 -0.052892655 0.0084375
v 0.05379315 -0.05303628 0.0084375
v 0.069525495 -0.05318871 0.0084375
v 0.054124305 -0.053173125 0.0084375
v 0.05444646 -0.05330394 0.0084375
v 0.069444345 -0.0534525 0.0084375
v 0.05476017 -0.053428335 0.0084375
v 0.05536575 -0.05365494 0.0084375
v 0.0693192 -0.05384319 0.0084375
v 0.055942035 -0.053852115 0.0084375
v 0.06918897 -0.05422899 0.0084375
v 0.056493105 -0.05401683 0.0084375
v 0.05701875 -0.054148515 0.0084375
v 0.057518205 -0.054243885 0.0084375
v 0.06905418 -0.054609645 0.0084375
v 0.057991575 -0.05430351 0.0084375
v 0.058095075 -0.05431188 0.0084375
v 0.058203735 -0.054319425 0.0084375
v 0.058317915 -0.05432634 0.0084375
v 0.05843865 -0.054333075 0.0084375
v 0.058566795 -0.054340155 0.0084375
v 0.05870235 -0.05434794 0.0084375
v 0.05884509 -0.05435685 0.0084375
v 0.0589941 -0.05436771 0.0084375
v 0.05914983 -0.054381315 0.0084375
v 0.059312865 -0.05439852 0.0084375
v 0.05948505 -0.054420945 0.0084375
v 0.059667225 -0.05445021 0.0084375
v 0.05986026 -0.05448789 0.0084375
v 0.06006489 -0.05453739 0.0084375
v 0.060280965 -0.054602355 0.0084375
v 0.060508425 -0.054686235 0.0084375
v 0.068915535 -0.054984555 0.0084375
v 0.060747285 -0.05479608 0.0084375
v 0.060995445 -0.05494152 0.0084375
v 0.06124911 -0.055130205 0.0084375
v 0.06877377 -0.05535315 0.0084375
v 0.06149457 -0.055376295 0.0084375
v 0.068628345 -0.055715775 0.0084375
v 0.061712235 -0.05567511 0.0084375
v 0.061807725 -0.0558441 0.0084375
v 0.068479035 -0.056072625 0.0084375
v 0.06188952 -0.05602071 0.0084375
v 0.061955925 -0.056205645 0.0084375
v 0.06832674 -0.056423145 0.0084375
v 0.062008515 -0.056397915 0.0084375
v 0.062047125 -0.056589795 0.0084375
v 0.0681723 -0.05676678 0.0084375
v 0.06207027 -0.05678157 0.0084375
v 0.068016105 -0.05710323 0.0084375
v 0.062079795 -0.05715708 0.0084375
v 0.06785709 -0.05743311 0.0084375
v 0.062049855 -0.05750448 0.0084375
v 0.067695975 -0.05775609 0.0084375
v 0.06199326 -0.057824145 0.0084375
v 0.067533705 -0.058071765 0.0084375
v 0.06191637 -0.0581166 0.0084375
v 0.067371195 -0.05837976 0.0084375
v 0.061826205 -0.05838339 0.0084375
v 0.06720756 -0.058680285 0.0084375
v 0.061728285 -0.058627755 0.0084375
v 0.06162546 -0.058851 0.0084375
v 0.067042815 -0.05897346 0.0084375
v 0.06152073 -0.059054475 0.0084375
v 0.066877875 -0.05925903 0.0084375
v 0.061416765 -0.059240025 0.0084375
v 0.06131466 -0.059408985 0.0084375
v 0.0667137 -0.059536725 0.0084375
v 0.061215435 -0.059562645 0.0084375
v 0.066550605 -0.05980632 0.0084375
v 0.061120395 -0.059702175 0.0084375
v 0.0610299 -0.059828685 0.0084375
v 0.066387705 -0.060067875 0.0084375
v 0.06094428 -0.059943225 0.0084375
v 0.060863595 -0.060047565 0.0084375
v 0.06078699 -0.06014376 0.0084375
v 0.06622551 -0.06032169 0.0084375
v 0.06071385 -0.06023343 0.0084375
v 0.06064311 -0.06031857 0.0084375
v 0.06057369 -0.06040089 0.0084375
v 0.06606459 -0.06056811 0.0084375
v 0.06050514 -0.06048111 0.0084375
v 0.065905485 -0.060807405 0.0084375
v 0.060091935 -0.06094689 0.0084375
v 0.065747805 -0.06103899 0.0084375
v 0.06559149 -0.06126312 0.0084375
v 0.059673765 -0.061396815 0.0084375
v 0.065436795 -0.061480455 0.0084375
v 0.065283885 -0.06169167 0.0084375
v 0.059250645 -0.061830885 0.0084375
v 0.06513285 -0.06189675 0.0084375
v 0.06498351 -0.06209511 0.0084375
v 0.058822575 -0.0622491 0.0084375
v 0.064835955 -0.06228735 0.0084375
v 0.064690245 -0.0624741 0.0084375
v 0.05838672 -0.06265212 0.0084375
v 0.064546485 -0.062655855 0.0084375
v 0.06440463 -0.06283191 0.0084375
v 0.064264635 -0.063002505 0.0084375
v 0.057944025 -0.063039735 0.0084375
v 0.0641265 -0.063168225 0.0084375
v 0.063990165 -0.06332967 0.0084375
v 0.05750016 -0.063410625 0.0084375
v 0.06372312 -0.063638865 0.0084375
v 0.057060735 -0.06376353 0.0084375
v 0.06346311 -0.06393099 0.0084375
v 0.0566262 -0.064097055 0.0084375
v 0.06320961 -0.0642087 0.0084375
v 0.0561939 -0.06441222 0.0084375
v 0.062962575 -0.064471785 0.0084375
v 0.05576487 -0.064711395 0.0084375
v 0.06272082 -0.064723335 0.0084375
v 0.062484435 -0.06496299 0.0084375
v 0.055340175 -0.064996905 0.0084375
v 0.06225405 -0.06519153 0.0084375
v 0.054922785 -0.065266905 0.0084375
v 0.062029425 -0.06540909 0.0084375
v 0.054511215 -0.065520975 0.0084375
v 0.06181191 -0.065615445 0.0084375
v 0.054099915 -0.0657636 0.0084375
v 0.06160194 -0.065810475 0.0084375
v 0.06139983 -0.06599445 0.0084375
v 0.053683275 -0.06599925 0.0084375
v 0.061206465 -0.06616731 0.0084375
v 0.053261295 -0.066228045 0.0084375
v 0.061021365 -0.066329565 0.0084375
v 0.052836465 -0.066447945 0.0084375
v 0.06084438 -0.066482445 0.0084375
v 0.06067539 -0.06662589 0.0084375
v 0.052406955 -0.066660255 0.0084375
v 0.060511185 -0.06676308 0.0084375
v 0.05197089 -0.06686625 0.0084375
v 0.060352035 -0.066893715 0.0084375
v 0.060196005 -0.067020105 0.0084375
v 0.05152512 -0.067067535 0.0084375
v 0.060042885 -0.067142565 0.0084375
v 0.059891535 -0.06726219 0.0084375
v 0.05107152 -0.067263 0.0084375
v 0.05974137 -0.06737982 0.0084375
v 0.050615835 -0.067449885 0.0084375
v 0.059591475 -0.06749577 0.0084375
v 0.059439315 -0.06761139 0.0084375
v 0.050163855 -0.067625415 0.0084375
v 0.059285535 -0.067726455 0.0084375
v 0.04971351 -0.06778947 0.0084375
v 0.05913006 -0.067841715 0.0084375
v 0.049262925 -0.06794331 0.0084375
v 0.05897286 -0.067957215 0.0084375
v 0.05881491 -0.068071455 0.0084375
v 0.04881816 -0.06808629 0.0084375
v 0.05865558 -0.06818484 0.0084375
v 0.04838529 -0.06821772 0.0084375
v 0.058498125 -0.06829497 0.0084375
v 0.04796727 -0.06833664 0.0084375
v 0.0583437 -0.068400465 0.0084375
v 0.047560425 -0.06844365 0.0084375
v 0.058192935 -0.068502105 0.0084375
v 0.04716084 -0.06854049 0.0084375
v 0.058047765 -0.06859989 0.0084375
v 0.04676463 -0.068628885 0.0084375
v 0.057907185 -0.06869397 0.0084375
v 0.046374645 -0.068709105 0.0084375
v 0.057769935 -0.0687849 0.0084375
v 0.04599168 -0.06878031 0.0084375
v 0.04560867 -0.068842515 0.0084375
v 0.057636195 -0.068872605 0.0084375
v 0.045218595 -0.06889578 0.0084375
v 0.05750559 -0.06895695 0.0084375
v 0.04482027 -0.06894012 0.0084375
v 0.044417205 -0.06897549 0.0084375
v 0.044009415 -0.06900192 0.0084375
v 0.059123445 -0.052208265 0.0084375
v 0.06982848 -0.052112475 0.0084375
v 0.059250855 -0.05210271 0.0084375
v 0.05932791 -0.051968775 0.0084375
v 0.069897795 -0.051839925 0.0084375
v 0.059359755 -0.05180271 0.0084375
v 0.05932791 -0.051636645 0.0084375
v 0.059250855 -0.05150271 0.0084375
v 0.059123445 -0.05139714 0.0084375
v 0.037071525 -0.049370715 0.0084375
v 0.07040343 -0.049333485 0.0084375
v 0.037156935 -0.04902687 0.0084375
v 0.070445385 -0.049052925 0.0084375
v 0.07048449 -0.048772875 0.0084375
v 0.037233015 -0.048690465 0.0084375
v 0.05516886 -0.048706725 0.0084375
v 0.05543772 -0.048706845 0.0084375
v 0.05479635 -0.048700215 0.0084375
v 0.054442605 -0.04868568 0.0084375
v 0.03730161 -0.048357705 0.0084375
v 0.05420703 -0.048671295 0.0084375
v 0.053964555 -0.048652965 0.0084375
v 0.053714985 -0.048630945 0.0084375
v 0.05346267 -0.048605325 0.0084375
v 0.053209845 -0.048575895 0.0084375
v 0.05295879 -0.04854243 0.0084375
v 0.05271174 -0.04850472 0.0084375
v 0.052470555 -0.048462495 0.0084375
v 0.0522306 -0.04841484 0.0084375
v 0.05199225 -0.04836231 0.0084375
v 0.051758505 -0.04830597 0.0084375
v 0.037363095 -0.048027855 0.0084375
v 0.051532335 -0.048246855 0.0084375
v 0.05131674 -0.048186015 0.0084375
v 0.051114525 -0.048124365 0.0084375
v 0.05092551 -0.048061485 0.0084375
v 0.050746965 -0.047996715 0.0084375
v 0.03741747 -0.0477009 0.0084375
v 0.05057613 -0.04792941 0.0084375
v 0.05041023 -0.047858955 0.0084375
v 0.05024649 -0.047784735 0.0084375
v 0.05008398 -0.0477069 0.0084375
v 0.049925955 -0.04762677 0.0084375
v 0.03746472 -0.04737687 0.0084375
v 0.04977201 -0.04754349 0.0084375
v 0.0496215 -0.04745604 0.0084375
v 0.049473735 -0.047363445 0.0084375
v 0.03750486 -0.04705572 0.0084375
v 0.04932804 -0.047264715 0.0084375
v 0.04918275 -0.047158455 0.0084375
v 0.04903773 -0.04704501 0.0084375
v 0.03751854 -0.04690776 0.0084375
v 0.048895365 -0.046926255 0.0084375
v 0.04875804 -0.046804125 0.0084375
v 0.037528875 -0.04676205 0.0084375
v 0.04862814 -0.046680495 0.0084375
v 0.037535835 -0.04661862 0.0084375
v 0.04850805 -0.046557255 0.0084375
v 0.03753942 -0.04647744 0.0084375
v 0.04839762 -0.04643418 0.0084375
v 0.03753966 -0.04633854 0.0084375
v 0.04829523 -0.046309995 0.0084375
v 0.037536525 -0.046201905 0.0084375
v 0.048199905 -0.04618404 0.0084375
v 0.04246782 -0.046171875 0.0084375
v 0.03753003 -0.046067535 0.0084375
v 0.04272717 -0.046140825 0.0084375
v 0.048110625 -0.04605567 0.0084375
v 0.042978285 -0.04605432 0.0084375
v 0.048026445 -0.04592424 0.0084375
v 0.04319568 -0.045916725 0.0084375
v 0.04794648 -0.04578924 0.0084375
v 0.043384545 -0.04572786 0.0084375
v 0.047871525 -0.04565163 0.0084375
v 0.043521765 -0.045511845 0.0084375
v 0.047801925 -0.04551141 0.0084375
v 0.043605705 -0.045270345 0.0084375
v 0.047737695 -0.04536813 0.0084375
v 0.04767885 -0.04522131 0.0084375
v 0.043639695 -0.045 0.0084375
v 0.047625375 -0.04507053 0.0084375
v 0.04757718 -0.04491558 0.0084375
v 0.043605705 -0.044729655 0.0084375
v 0.047533875 -0.04475712 0.0084375
v 0.04749579 -0.044595015 0.0084375
v 0.043521765 -0.044488155 0.0084375
v 0.047463345 -0.04442898 0.0084375
v 0.043384545 -0.04427214 0.0084375
v 0.04743699 -0.04425876 0.0084375
v 0.04319568 -0.044083275 0.0084375
v 0.04741713 -0.044084055 0.0084375
v 0.042978285 -0.04394568 0.0084375
v 0.0474039 -0.043904805 0.0084375
v 0.04272717 -0.043859175 0.0084375
v 0.04246782 -0.043828125 0.0084375
v 0.047396895 -0.04372125 0.0084375
v 0.036673065 -0.043731225 0.0084375
v 0.036761475 -0.04385106 0.0084375
v 0.036579375 -0.04361418 0.0084375
v 0.04739607 -0.04353342 0.0084375
v 0.03647949 -0.043498875 0.0084375
v 0.03637254 -0.043384245 0.0084375
v 0.04740144 -0.043341315 0.0084375
v 0.03625938 -0.043270365 0.0084375
v 0.03614091 -0.04315803 0.0084375
v 0.04741302 -0.043144935 0.0084375
v 0.036016245 -0.043047435 0.0084375
v 0.04743078 -0.04294428 0.0084375
v 0.035884545 -0.04293876 0.0084375
v 0.03574494 -0.04283217 0.0084375
v 0.03559659 -0.04272786 0.0084375
v 0.035477745 -0.04265025 0.0084375
v 0.03535179 -0.042572565 0.0084375
v 0.03522033 -0.04249557 0.0084375
v 0.04750149 -0.04242591 0.0084375
v 0.035084955 -0.042420015 0.0084375
v 0.034901145 -0.042322755 0.0084375
v 0.03471702 -0.04223112 0.0084375
v 0.034536375 -0.042146865 0.0084375
v 0.034360635 -0.042070845 0.0084375
v 0.03418704 -0.04200183 0.0084375
v 0.034013145 -0.04193844 0.0084375
v 0.04758639 -0.041910075 0.0084375
v 0.03383646 -0.04187928 0.0084375
v 0.03365451 -0.04182297 0.0084375
v 0.03346482 -0.04176813 0.0084375
v 0.033270495 -0.041715 0.0084375
v 0.033074145 -0.041664735 0.0084375
v 0.03287253 -0.04161732 0.0084375
v 0.03266241 -0.041572755 0.0084375
v 0.03244059 -0.041531025 0.0084375
v 0.03220383 -0.041492115 0.0084375
v 0.03194772 -0.04145538 0.0084375
v 0.031673985 -0.0414207 0.0084375
v 0.047685525 -0.04139679 0.0084375
v 0.031388535 -0.041388855 0.0084375
v 0.031097295 -0.041360625 0.0084375
v 0.030806145 -0.04133679 0.0084375
v 0.030521025 -0.04131816 0.0084375
v 0.030240855 -0.04130505 0.0084375
v 0.0299607 -0.041296935 0.0084375
v 0.029680665 -0.041293215 0.0084375
v 0.04779912 -0.04088568 0.0084375
v 0.008146185 -0.04114083 0.0084375
v 0.029400825 -0.04129332 0.0084375
v 0.008199585 -0.04068372 0.0084375
v 0.047930955 -0.040371645 0.0084375
v 0.008260815 -0.040218345 0.0084375
v 0.04112928 -0.04007184 0.0084375
v 0.04099038 -0.040071615 0.0084375
v 0.041265915 -0.040068705 0.0084375
v 0.041400285 -0.04006221 0.0084375
v 0.04153239 -0.040052355 0.0084375
v 0.041662035 -0.04003899 0.0084375
v 0.04178916 -0.040022055 0.0084375
v 0.0419139 -0.04000167 0.0084375
v 0.042036435 -0.039977955 0.0084375
v 0.042196635 -0.0399414 0.0084375
v 0.04235355 -0.03989943 0.0084375
v 0.04807701 -0.03986013 0.0084375
v 0.04250757 -0.03985236 0.0084375
v 0.04265883 -0.03979974 0.0084375
v 0.04280709 -0.03974121 0.0084375
v 0.042952065 -0.03967731 0.0084375
v 0.043093485 -0.039608475 0.0084375
v 0.043231065 -0.039535245 0.0084375
v 0.04336455 -0.03945807 0.0084375
v 0.043493085 -0.039377625 0.0084375
v 0.048230295 -0.03936066 0.0084375
v 0.04361676 -0.039293655 0.0084375
v 0.043736595 -0.039205245 0.0084375
v 0.04385364 -0.039111555 0.0084375
v 0.043968945 -0.03901167 0.0084375
v 0.04408356 -0.03890472 0.0084375
v 0.048385635 -0.03888105 0.0084375
v 0.044197455 -0.03879156 0.0084375
v 0.04430979 -0.03867309 0.0084375
v 0.044420385 -0.038548425 0.0084375
v 0.04854801 -0.038417325 0.0084375
v 0.04452906 -0.038416725 0.0084375
v 0.04463565 -0.03827712 0.0084375
v 0.04473996 -0.03812877 0.0084375
v 0.04481757 -0.038009925 0.0084375
v 0.048714765 -0.03796791 0.0084375
v 0.044895255 -0.03788397 0.0084375
v 0.044972235 -0.03775251 0.0084375
v 0.045047805 -0.037617135 0.0084375
v 0.04888149 -0.037532475 0.0084375
v 0.045145065 -0.037433325 0.0084375
v 0.0452367 -0.0372492 0.0084375
v 0.04904619 -0.03711165 0.0084375
v 0.045320955 -0.037068555 0.0084375
v 0.04539696 -0.036892815 0.0084375
v 0.045465975 -0.03671922 0.0084375
v 0.04552938 -0.036545325 0.0084375
v 0.04558854 -0.03636864 0.0084375
v 0.049375965 -0.036313155 0.0084375
v 0.04564485 -0.03618669 0.0084375
v 0.04569969 -0.035997 0.0084375
v 0.045752805 -0.035802675 0.0084375
v 0.045803085 -0.035606325 0.0084375
v 0.049696545 -0.035555715 0.0084375
v 0.0458505 -0.03540471 0.0084375
v 0.045895065 -0.035194605 0.0084375
v 0.045936795 -0.03497277 0.0084375
v 0.05000709 -0.03483819 0.0084375
v 0.045975705 -0.03473601 0.0084375
v 0.04601244 -0.0344799 0.0084375
v 0.04604712 -0.034206165 0.0084375
v 0.05030031 -0.034154145 0.0084375
v 0.046078965 -0.03392073 0.0084375
v 0.046107195 -0.033629475 0.0084375
v 0.050575575 -0.03350325 0.0084375
v 0.04613103 -0.033338325 0.0084375
v 0.04614966 -0.033053205 0.0084375
v 0.050827395 -0.032881845 0.0084375
v 0.046162755 -0.03277305 0.0084375
v 0.046170885 -0.032492895 0.0084375
v 0.05105523 -0.032288595 0.0084375
v 0.046174605 -0.032212845 0.0084375
v 0.0461745 -0.031933005 0.0084375
v 0.05125533 -0.031718415 0.0084375
v 0.046171125 -0.03165348 0.0084375
v 0.046165065 -0.03137436 0.0084375
v 0.051428565 -0.031172475 0.0084375
v 0.046156575 -0.031100115 0.0084375
v 0.0515127 -0.03089622 0.0084375
v 0.046145235 -0.03083154 0.0084375
v 0.05159739 -0.030631935 0.0084375
v 0.046130655 -0.03056328 0.0084375
v 0.05168262 -0.030379635 0.0084375
v 0.04611237 -0.03028995 0.0084375
v 0.05176845 -0.030139875 0.0084375
v 0.046090005 -0.030006195 0.0084375
v 0.051854835 -0.0299124 0.0084375
v 0.04606311 -0.029706645 0.0084375
v 0.051941685 -0.029695275 0.0084375
v 0.046032 -0.029391135 0.0084375
v 0.05202882 -0.02948769 0.0084375
v 0.052116315 -0.0292905 0.0084375
v 0.045997095 -0.02906391 0.0084375
v 0.05220438 -0.02910183 0.0084375
v 0.0491874 -0.02903733 0.0084375
v 0.04595808 -0.028726275 0.0084375
v 0.04935366 -0.02903733 0.0084375
v 0.04950297 -0.02898237 0.0084375
v 0.052293135 -0.02892042 0.0084375
v 0.04963038 -0.028876815 0.0084375
v 0.0523824 -0.02874729 0.0084375
v 0.04970742 -0.02874288 0.0084375
v 0.052472565 -0.028581075 0.0084375
v 0.04973928 -0.028576815 0.0084375
v 0.05256393 -0.02842056 0.0084375
v 0.04970742 -0.02841075 0.0084375
v 0.04963038 -0.028276815 0.0084375
v 0.052656105 -0.02826663 0.0084375
v 0.04950297 -0.02817126 0.0084375
v 0.052749795 -0.02811822 0.0084375
v 0.04935366 -0.028116285 0.0084375
v 0.04586658 -0.02802477 0.0084375
v 0.0491874 -0.028116285 0.0084375
v 0.052845705 -0.02797401 0.0084375
v 0.04581354 -0.027663435 0.0084375
v 0.052943595 -0.027834285 0.0084375
v 0.053043585 -0.027699195 0.0084375
v 0.053146065 -0.02756862 0.0084375
v 0.045754995 -0.027292065 0.0084375
v 0.05325147 -0.027441945 0.0084375
v 0.053359005 -0.027320145 0.0084375
v 0.053467515 -0.02720466 0.0084375
v 0.045691065 -0.026908995 0.0084375
v 0.05357703 -0.02709561 0.0084375
v 0.053687655 -0.026992665 0.0084375
v 0.05379891 -0.026895945 0.0084375
v 0.045622455 -0.026518005 0.0084375
v 0.053910405 -0.026805705 0.0084375
v 0.05402253 -0.02672172 0.0084375
v 0.054135945 -0.026643285 0.0084375
v 0.054250635 -0.02657016 0.0084375
v 0.054366525 -0.026502585 0.0084375
v 0.04554987 -0.026122965 0.0084375
v 0.05448459 -0.026440245 0.0084375
v 0.05460561 -0.026382825 0.0084375
v 0.054729165 -0.026330415 0.0084375
v 0.054854895 -0.026283615 0.0084375
v 0.05498271 -0.02624283 0.0084375
v 0.055112895 -0.02620773 0.0084375
v 0.05524461 -0.026178705 0.0084375
v 0.05537727 -0.026156085 0.0084375
v 0.05551149 -0.026139825 0.0084375
v 0.055646205 -0.02612973 0.0084375
v 0.0557802 -0.02612574 0.0084375
v 0.06371643 -0.026081775 0.0084375
v 0.045474015 -0.025727655 0.0084375
v 0.063761115 -0.02613786 0.0084375
v 0.05591385 -0.02612805 0.0084375
v 0.056047065 -0.02613627 0.0084375
v 0.056179455 -0.026149845 0.0084375
v 0.063805575 -0.02619414 0.0084375
v 0.056310525 -0.02616882 0.0084375
v 0.056441175 -0.026193285 0.0084375
v 0.05657265 -0.026223135 0.0084375
v 0.06384975 -0.026250615 0.0084375
v 0.05670471 -0.02625822 0.0084375
v 0.063893745 -0.02630736 0.0084375
v 0.056837475 -0.02629875 0.0084375
v 0.05697189 -0.026345175 0.0084375
v 0.063937785 -0.02636451 0.0084375
v 0.05710848 -0.026397645 0.0084375
v 0.063981825 -0.026422035 0.0084375
v 0.057246705 -0.026455995 0.0084375
v 0.064025985 -0.02647986 0.0084375
v 0.05738589 -0.02652018 0.0084375
v 0.06407025 -0.026538015 0.0084375
v 0.05752614 -0.02659041 0.0084375
v 0.06411453 -0.02659617 0.0084375
v 0.064158735 -0.02665425 0.0084375
v 0.057667515 -0.02666661 0.0084375
v 0.06420294 -0.026712345 0.0084375
v 0.05780862 -0.02674788 0.0084375
v 0.064246965 -0.02677023 0.0084375
v 0.064291185 -0.026828505 0.0084375
v 0.057948375 -0.02683362 0.0084375
v 0.06433608 -0.02688786 0.0084375
v 0.05808738 -0.026924175 0.0084375
v 0.064381695 -0.026948355 0.0084375
v 0.064428825 -0.027011325 0.0084375
v 0.058226175 -0.02701971 0.0084375
v 0.06447738 -0.027076575 0.0084375
v 0.058364985 -0.02712015 0.0084375
v 0.064528305 -0.027145575 0.0084375
v 0.064581555 -0.027218295 0.0084375
v 0.058503435 -0.027225285 0.0084375
v 0.064637775 -0.02729562 0.0084375
v 0.05864253 -0.027336 0.0084375
v 0.064697265 -0.027377985 0.0084375
v 0.05878314 -0.027453 0.0084375
v 0.06476001 -0.027465345 0.0084375
v 0.064826265 -0.027557955 0.0084375
v 0.058924725 -0.02757564 0.0084375
v 0.064895835 -0.02765565 0.0084375
v 0.05906787 -0.02770488 0.0084375
v 0.06496851 -0.02775807 0.0084375
v 0.05921331 -0.02784171 0.0084375
v 0.065044305 -0.02786532 0.0084375
v 0.06512304 -0.027977355 0.0084375
v 0.059360625 -0.027985365 0.0084375
v 0.065204565 -0.028093845 0.0084375
v 0.05951028 -0.02813685 0.0084375
v 0.06529014 -0.028217505 0.0084375
v 0.05966307 -0.02829771 0.0084375
v 0.065379765 -0.02834841 0.0084375
v 0.059818785 -0.028467225 0.0084375
v 0.065474385 -0.028488255 0.0084375
v 0.065574705 -0.028638345 0.0084375
v 0.05997753 -0.028646085 0.0084375
v 0.065680725 -0.028798485 0.0084375
v 0.060139845 -0.02883597 0.0084375
v 0.06579348 -0.0289698 0.0084375
v 0.06030576 -0.02903709 0.0084375
v 0.06591222 -0.029151585 0.0084375
v 0.06047514 -0.02924898 0.0084375
v 0.066034665 -0.029342505 0.0084375
v 0.060648 -0.029471625 0.0084375
v 0.06616122 -0.02954295 0.0084375
v 0.066287295 -0.029744715 0.0084375
v 0.060978615 -0.029915955 0.0084375
v 0.06641289 -0.029947425 0.0084375
v 0.06653604 -0.030149535 0.0084375
v 0.066655065 -0.03034902 0.0084375
v 0.06131655 -0.0303876 0.0084375
v 0.06677196 -0.030548715 0.0084375
v 0.066888 -0.030750915 0.0084375
v 0.061661955 -0.030885435 0.0084375
v 0.067002975 -0.03095466 0.0084375
v 0.06711768 -0.031159425 0.0084375
v 0.067231905 -0.031365315 0.0084375
v 0.062014275 -0.031412865 0.0084375
v 0.067344795 -0.031572315 0.0084375
v 0.06745641 -0.031780485 0.0084375
v 0.062373825 -0.031971555 0.0084375
v 0.067566105 -0.03198948 0.0084375
v 0.067673655 -0.032199285 0.0084375
v 0.0677793 -0.03240975 0.0084375
v 0.06273804 -0.03256566 0.0084375
v 0.067882845 -0.03261996 0.0084375
v 0.067984905 -0.03283164 0.0084375
v 0.06808635 -0.03304668 0.0084375
v 0.06310554 -0.03319854 0.0084375
v 0.068187225 -0.03326529 0.0084375
v 0.068289015 -0.03349116 0.0084375
v 0.068391525 -0.03372375 0.0084375
v 0.063473325 -0.033874215 0.0084375
v 0.0684957 -0.033966555 0.0084375
v 0.06860151 -0.034219305 0.0084375
v 0.068709465 -0.034485075 0.0084375
v 0.06383958 -0.034596075 0.0084375
v 0.068820015 -0.03476514 0.0084375
v 0.06893256 -0.035059695 0.0084375
v 0.06419937 -0.03536934 0.0084375
v 0.06904698 -0.03537015 0.0084375
v 0.06916281 -0.03569562 0.0084375
v 0.069278565 -0.03603516 0.0084375
v 0.06454866 -0.03619869 0.0084375
v 0.069394425 -0.03638886 0.0084375
v 0.069508695 -0.03675525 0.0084375
v 0.064882695 -0.037089045 0.0084375
v 0.06962151 -0.03713421 0.0084375
v 0.069731985 -0.03752667 0.0084375
v 0.065042475 -0.037559625 0.0084375
v 0.069839985 -0.037931835 0.0084375
v 0.065198205 -0.038046315 0.0084375
v 0.069892995 -0.03814011 0.0084375
v 0.069945225 -0.03835305 0.0084375
v 0.065347185 -0.038550165 0.0084375
v 0.06999678 -0.038570415 0.0084375
v 0.07004769 -0.038791785 0.0084375
v 0.070097775 -0.03901788 0.0084375
v 0.065486745 -0.039072225 0.0084375
v 0.07014684 -0.03924936 0.0084375
v 0.07019478 -0.039486675 0.0084375
v 0.06561825 -0.039614115 0.0084375
v 0.07024194 -0.039728955 0.0084375
v 0.07028805 -0.03997668 0.0084375
v 0.06574245 -0.040174845 0.0084375
v 0.070332795 -0.040230495 0.0084375
v 0.070375815 -0.040491075 0.0084375
v 0.0658557 -0.040751475 0.0084375
v 0.070417485 -0.040758 0.0084375
v 0.07045782 -0.04103106 0.0084375
v 0.070496355 -0.0413109 0.0084375
v 0.06595446 -0.04134111 0.0084375
v 0.070532535 -0.041598135 0.0084375
v 0.07056624 -0.041893065 0.0084375
v 0.0660381 -0.041943255 0.0084375
v 0.070598145 -0.042194985 0.0084375
v 0.070627665 -0.042504315 0.0084375
v 0.06610842 -0.042559365 0.0084375
v 0.070654125 -0.042821625 0.0084375
v 0.07067685 -0.0431475 0.0084375
v 0.06616542 -0.04318944 0.0084375
v 0.07069662 -0.043481835 0.0084375
v 0.070713345 -0.043824375 0.0084375
v 0.066209115 -0.04383348 0.0084375
v 0.07072614 -0.044175045 0.0084375
v 0.06622383 -0.04419528 0.0084375
v 0.070734135 -0.044533755 0.0084375
v 0.066213645 -0.044585175 0.0084375
v 0.070737105 -0.04490106 0.0084375
v 0.066168585 -0.04499691 0.0084375
v 0.070735995 -0.04527759 0.0084375
v 0.066126855 -0.045209385 0.0084375
v 0.0660723 -0.045420945 0.0084375
v 0.07073004 -0.04566177 0.0084375
v 0.06600357 -0.045625485 0.0084375
v 0.065920815 -0.045825825 0.0084375
v 0.07071846 -0.04605189 0.0084375
v 0.065825805 -0.04601811 0.0084375
v 0.065718915 -0.04619994 0.0084375
v 0.07070052 -0.04644651 0.0084375
v 0.06547194 -0.04653393 0.0084375
v 0.070676835 -0.0468477 0.0084375
v 0.06518967 -0.046820145 0.0084375
v 0.064883355 -0.047059635 0.0084375
v 0.070647405 -0.04725483 0.0084375
v 0.064561425 -0.04725318 0.0084375
v 0.064232715 -0.047401875 0.0084375
v 0.070611825 -0.047665905 0.0084375
v 0.063907575 -0.04751592 0.0084375
v 0.06359574 -0.047604225 0.0084375
v 0.06330327 -0.04767231 0.0084375
v 0.070584465 -0.047941155 0.0084375
v 0.06289116 -0.04776381 0.0084375
v 0.062490345 -0.04785036 0.0084375
v 0.06210084 -0.047931975 0.0084375
v 0.06172263 -0.04800864 0.0084375
v 0.07055406 -0.04821675 0.0084375
v 0.061355745 -0.04808037 0.0084375
v 0.061000515 -0.04814709 0.0084375
v 0.06050565 -0.04823544 0.0084375
v 0.070520715 -0.04849395 0.0084375
v 0.0600405 -0.048312045 0.0084375
v 0.05957508 -0.048381285 0.0084375
v 0.0590799 -0.048447465 0.0084375
v 0.05872857 -0.048490545 0.0084375
v 0.05836785 -0.048531735 0.0084375
v 0.058004835 -0.04856994 0.0084375
v 0.057646635 -0.048604155 0.0084375
v 0.0573003 -0.048633315 0.0084375
v 0.056969235 -0.048656685 0.0084375
v 0.05664495 -0.04867491 0.0084375
v 0.05632803 -0.04868856 0.0084375
v 0.05602011 -0.0486981 0.0084375
v 0.055722795 -0.04870404 0.0084375
v 0.06367155 -0.02602581 0.0084375
v 0.063626475 -0.025969995 0.0084375
v 0.063581355 -0.025914225 0.0084375
v 0.06353613 -0.02585853 0.0084375
v 0.063490905 -0.025802865 0.0084375
v 0.06344568 -0.02574723 0.0084375
v 0.063400395 -0.025691595 0.0084375
v 0.04539558 -0.025335945 0.0084375
v 0.06335508 -0.025635975 0.0084375
v 0.06330966 -0.025580385 0.0084375
v 0.063264075 -0.02552481 0.0084375
v 0.06321831 -0.025469325 0.0084375
v 0.06317235 -0.02541402 0.0084375
v 0.063126225 -0.025358895 0.0084375
v 0.06308001 -0.025304085 0.0084375
v 0.04531452 -0.02494809 0.0084375
v 0.06303372 -0.02524959 0.0084375
v 0.062987145 -0.02519499 0.0084375
v 0.062940255 -0.025140225 0.0084375
v 0.06289314 -0.025085265 0.0084375
v 0.062845785 -0.02503008 0.0084375
v 0.06279828 -0.02497473 0.0084375
v 0.062750835 -0.02491935 0.0084375
v 0.045230265 -0.02456112 0.0084375
v 0.062703255 -0.02486385 0.0084375
v 0.06265533 -0.02480811 0.0084375
v 0.06260706 -0.024752115 0.0084375
v 0.062557845 -0.02469555 0.0084375
v 0.062507895 -0.02463858 0.0084375
v 0.062455695 -0.024579915 0.0084375
v 0.0624012 -0.02451954 0.0084375
v 0.045142725 -0.024173895 0.0084375
v 0.062343555 -0.024456465 0.0084375
v 0.06228213 -0.02439006 0.0084375
v 0.06221691 -0.02432019 0.0084375
v 0.06214749 -0.02424618 0.0084375
v 0.06207381 -0.02416812 0.0084375
v 0.04505184 -0.023785305 0.0084375
v 0.061994865 -0.024085245 0.0084375
v 0.061910775 -0.0239976 0.0084375
v 0.061821555 -0.023906655 0.0084375
v 0.06172659 -0.023811945 0.0084375
v 0.061628835 -0.02371632 0.0084375
v 0.04495755 -0.023394225 0.0084375
v 0.061528965 -0.02362068 0.0084375
v 0.06142803 -0.023525655 0.0084375
v 0.06132777 -0.02343249 0.0084375
v 0.06122778 -0.02334108 0.0084375
v 0.04485978 -0.022999545 0.0084375
v 0.061128795 -0.023252445 0.0084375
v 0.06103065 -0.02316636 0.0084375
v 0.06093321 -0.02308278 0.0084375
v 0.06083664 -0.02300193 0.0084375
v 0.060739515 -0.02292222 0.0084375
v 0.044759925 -0.022605885 0.0084375
v 0.0606417 -0.02284344 0.0084375
v 0.060542685 -0.02276517 0.0084375
v 0.06044202 -0.02268696 0.0084375
v 0.060339675 -0.02260896 0.0084375
v 0.060234885 -0.02253084 0.0084375
v 0.04465833 -0.02221503 0.0084375
v 0.06012813 -0.022452885 0.0084375
v 0.06002046 -0.022375995 0.0084375
v 0.059911605 -0.02230002 0.0084375
v 0.05980506 -0.022226895 0.0084375
v 0.05970114 -0.02215695 0.0084375
v 0.04455333 -0.0218217 0.0084375
v 0.059599815 -0.022089585 0.0084375
v 0.05950167 -0.02202501 0.0084375
v 0.05940558 -0.021962385 0.0084375
v 0.05931069 -0.02190084 0.0084375
v 0.059216925 -0.021840465 0.0084375
v 0.059123265 -0.021780495 0.0084375
v 0.04444323 -0.021420585 0.0084375
v 0.059029845 -0.021721065 0.0084375
v 0.05893587 -0.02166177 0.0084375
v 0.058841265 -0.021602595 0.0084375
v 0.058746525 -0.02154387 0.0084375
v 0.05865147 -0.021485535 0.0084375
v 0.058557015 -0.021428025 0.0084375
v 0.058463625 -0.021371565 0.0084375
v 0.04432638 -0.021006375 0.0084375
v 0.058371585 -0.02131626 0.0084375
v 0.05828172 -0.02126247 0.0084375
v 0.058193985 -0.021210165 0.0084375
v 0.0581094 -0.021159855 0.0084375
v 0.05802792 -0.02111151 0.0084375
v 0.05794884 -0.02106468 0.0084375
v 0.057872385 -0.021019485 0.0084375
v 0.057797385 -0.020975205 0.0084375
v 0.044201115 -0.02057376 0.0084375
v 0.05772351 -0.020931645 0.0084375
v 0.05765049 -0.020888655 0.0084375
v 0.057577755 -0.02084592 0.0084375
v 0.0575055 -0.02080356 0.0084375
v 0.057433455 -0.020761515 0.0084375
v 0.057361755 -0.02071986 0.0084375
v 0.05729142 -0.02067927 0.0084375
v 0.057222165 -0.020639595 0.0084375
v 0.057156 -0.02060193 0.0084375
v 0.05709342 -0.02056656 0.0084375
v 0.04406769 -0.020123655 0.0084375
v 0.05703444 -0.02053338 0.0084375
v 0.05697963 -0.020502585 0.0084375
v 0.056928405 -0.020473845 0.0084375
v 0.05688012 -0.020446755 0.0084375
v 0.056834865 -0.020421345 0.0084375
v 0.056792085 -0.0203973 0.0084375
v 0.0567519 -0.02037468 0.0084375
v 0.056713605 -0.020353095 0.0084375
v 0.056677245 -0.020332545 0.0084375
v 0.056642295 -0.020312775 0.0084375
v 0.05660862 -0.020293665 0.0084375
v 0.056575995 -0.020275125 0.0084375
v 0.056544075 -0.02025699 0.0084375
v 0.05651286 -0.02023923 0.0084375
v 0.056481915 -0.020221635 0.0084375
v 0.0564513 -0.02020422 0.0084375
v 0.0564207 -0.020186865 0.0084375
v 0.056390115 -0.020169525 0.0084375
v 0.0563595 -0.02015229 0.0084375
v 0.056328825 -0.02013513 0.0084375
v 0.05629806 -0.02011815 0.0084375
v 0.043927515 -0.01966044 0.0084375
v 0.056267145 -0.02010138 0.0084375
v 0.05623611 -0.02008485 0.0084375
v 0.05620509 -0.02006868 0.0084375
v 0.056173965 -0.02005278 0.0084375
v 0.056142255 -0.020036685 0.0084375
v 0.05611008 -0.020020485 0.0084375
v 0.056076555 -0.020003535 0.0084375
v 0.05604168 -0.019985805 0.0084375
v 0.056005035 -0.01996704 0.0084375
v 0.055966455 -0.01994712 0.0084375
v 0.055925805 -0.019925925 0.0084375
v 0.05588262 -0.0199032 0.0084375
v 0.055837275 -0.019879065 0.0084375
v 0.055790505 -0.019853775 0.0084375
v 0.05574219 -0.0198273 0.0084375
v 0.05569293 -0.01979976 0.0084375
v 0.05564268 -0.01977117 0.0084375
v 0.05559171 -0.019741485 0.0084375
v 0.05554014 -0.01971078 0.0084375
v 0.055487805 -0.019678755 0.0084375
v 0.055434645 -0.01964523 0.0084375
v 0.04378059 -0.01918413 0.0084375
v 0.055380585 -0.01961022 0.0084375
v 0.055325325 -0.019573515 0.0084375
v 0.055268985 -0.019535235 0.0084375
v 0.055211745 -0.019495545 0.0084375
v 0.05515353 -0.019454415 0.0084375
v 0.055095285 -0.019412595 0.0084375
v 0.05503698 -0.01936998 0.0084375
v 0.05497932 -0.019327545 0.0084375
v 0.05492298 -0.019285815 0.0084375
v 0.054867075 -0.01924455 0.0084375
v 0.05481093 -0.01920396 0.0084375
v 0.05475465 -0.01916367 0.0084375
v 0.043626915 -0.01869474 0.0084375
v 0.054697785 -0.01912257 0.0084375
v 0.05464041 -0.01908087 0.0084375
v 0.054582975 -0.019038465 0.0084375
v 0.054525405 -0.01899537 0.0084375
v 0.054468135 -0.01895163 0.0084375
v 0.05441127 -0.01890723 0.0084375
v 0.054354765 -0.018862215 0.0084375
v 0.054298935 -0.01881678 0.0084375
v 0.05424321 -0.01877052 0.0084375
v 0.054186825 -0.018722895 0.0084375
v 0.05412975 -0.018673845 0.0084375
v 0.043466475 -0.018192255 0.0084375
v 0.05407056 -0.018621975 0.0084375
v 0.05400942 -0.018567435 0.0084375
v 0.053945745 -0.0185097 0.0084375
v 0.0538791 -0.01844847 0.0084375
v 0.053810895 -0.018384735 0.0084375
v 0.05374143 -0.018318705 0.0084375
v 0.05367129 -0.01825074 0.0084375
v 0.053601285 -0.018181305 0.0084375
v 0.043299285 -0.01767669 0.0084375
v 0.053531535 -0.018110535 0.0084375
v 0.05346333 -0.01803939 0.0084375
v 0.05339649 -0.01796775 0.0084375
v 0.053331705 -0.017896515 0.0084375
v 0.05326893 -0.01782558 0.0084375
v 0.053208435 -0.017755695 0.0084375
v 0.05315019 -0.01768686 0.0084375
v 0.05309451 -0.01761966 0.0084375
v 0.0431967 -0.0173661 0.0084375
v 0.053041725 -0.017554695 0.0084375
v 0.052991625 -0.017491785 0.0084375
v 0.05294418 -0.0174312 0.0084375
v 0.05289927 -0.01737276 0.0084375
v 0.052856115 -0.017315805 0.0084375
v 0.04306674 -0.01704108 0.0084375
v 0.052814805 -0.01726044 0.0084375
v 0.05277456 -0.017205885 0.0084375
v 0.052735335 -0.017152125 0.0084375
v 0.05269674 -0.017098695 0.0084375
v 0.052658475 -0.017045355 0.0084375
v 0.05262063 -0.016992045 0.0084375
v 0.042907425 -0.016704315 0.0084375
v 0.052583145 -0.0169386 0.0084375
v 0.05254605 -0.01688505 0.0084375
v 0.0525093 -0.01683126 0.0084375
v 0.05247291 -0.01677729 0.0084375
v 0.05243688 -0.01672305 0.0084375
v 0.05240124 -0.016668555 0.0084375
v 0.04270356 -0.01637409 0.0084375
v 0.05236602 -0.016613805 0.0084375
v 0.05233125 -0.01655877 0.0084375
v 0.05229693 -0.0165036 0.0084375
v 0.05226303 -0.01644837 0.0084375
v 0.05222955 -0.01639314 0.0084375
v 0.05219655 -0.01633821 0.0084375
v 0.042454215 -0.01606224 0.0084375
v 0.052163955 -0.016283475 0.0084375
v 0.05213148 -0.016228815 0.0084375
v 0.052099125 -0.0161742 0.0084375
v 0.052066995 -0.01611999 0.0084375
v 0.052035015 -0.016066125 0.0084375
v 0.05200353 -0.01601295 0.0084375
v 0.042157965 -0.01577781 0.0084375
v 0.05197272 -0.01596069 0.0084375
v 0.05194251 -0.015909195 0.0084375
v 0.051912975 -0.01585848 0.0084375
v 0.05188404 -0.015808455 0.0084375
v 0.051855585 -0.015758835 0.0084375
v 0.04182732 -0.015540195 0.0084375
v 0.051827655 -0.01570962 0.0084375
v 0.051799935 -0.015660525 0.0084375
v 0.051772485 -0.01561152 0.0084375
v 0.051745065 -0.01556247 0.0084375
v 0.0517176 -0.01551324 0.0084375
v 0.041470065 -0.01535115 0.0084375
v 0.051690105 -0.01546404 0.0084375
v 0.051662565 -0.015415005 0.0084375
v 0.05163492 -0.01536612 0.0084375
v 0.05160708 -0.015317445 0.0084375
v 0.041093295 -0.01521408 0.0084375
v 0.05157906 -0.015268965 0.0084375
v 0.051550965 -0.015220575 0.0084375
v 0.051522765 -0.01517229 0.0084375
v 0.040717545 -0.01512714 0.0084375
v 0.05149464 -0.0151242 0.0084375
v 0.040348395 -0.01508451 0.0084375
v 0.03999315 -0.01507887 0.0084375
v 0.051466635 -0.01507635 0.0084375
v 0.02535753 -0.01500009 0.0084375
v 0.03965982 -0.015092985 0.0084375
v 0.05143872 -0.01502862 0.0084375
v 0.05141094 -0.014980965 0.0084375
v 0.02583108 -0.01473243 0.0084375
v 0.05138322 -0.014933385 0.0084375
v 0.051355515 -0.01488579 0.0084375
v 0.05132781 -0.014838195 0.0084375
v 0.051299955 -0.014790585 0.0084375
v 0.05127195 -0.014742945 0.0084375
v 0.051243705 -0.014695545 0.0084375
v 0.026298105 -0.01447863 0.0084375
v 0.051215235 -0.014648355 0.0084375
v 0.05118651 -0.014601555 0.0084375
v 0.05115756 -0.01455531 0.0084375
v 0.051128295 -0.01450926 0.0084375
v 0.051098625 -0.01446315 0.0084375
v 0.02675901 -0.01423914 0.0084375
v 0.051068595 -0.014417025 0.0084375
v 0.051038295 -0.01437072 0.0084375
v 0.051007695 -0.014324295 0.0084375
v 0.05097696 -0.014277855 0.0084375
v 0.050946105 -0.01423143 0.0084375
v 0.02721402 -0.014012355 0.0084375
v 0.050915085 -0.01418502 0.0084375
v 0.05088405 -0.01413882 0.0084375
v 0.050852535 -0.014092215 0.0084375
v 0.05082048 -0.014045115 0.0084375
v 0.050787555 -0.01399716 0.0084375
v 0.02766342 -0.01379661 0.0084375
v 0.050753385 -0.0139479 0.0084375
v 0.05071788 -0.013897245 0.0084375
v 0.05068017 -0.01384434 0.0084375
v 0.050640375 -0.013789275 0.0084375
v 0.028107435 -0.013590255 0.0084375
v 0.050598465 -0.01373253 0.0084375
v 0.05055414 -0.0136737 0.0084375
v 0.050508945 -0.013615005 0.0084375
v 0.05046303 -0.01355685 0.0084375
v 0.028546305 -0.01339176 0.0084375
v 0.050417265 -0.01349997 0.0084375
v 0.050372565 -0.013445355 0.0084375
v 0.050328825 -0.013392765 0.0084375
v 0.05028687 -0.013342695 0.0084375
v 0.028979775 -0.013203225 0.0084375
v 0.05024646 -0.01329495 0.0084375
v 0.0502071 -0.013248735 0.0084375
v 0.050168865 -0.013204155 0.0084375
v 0.050131275 -0.0131607 0.0084375
v 0.029407725 -0.013025295 0.0084375
v 0.050094315 -0.013118295 0.0084375
v 0.050057625 -0.013076745 0.0084375
v 0.050021055 -0.013035885 0.0084375
v 0.049984455 -0.012995655 0.0084375
v 0.02983026 -0.01285689 0.0084375
v 0.049947555 -0.01295592 0.0084375
v 0.0499104 -0.01291665 0.0084375
v 0.04987281 -0.012877695 0.0084375
v 0.049834815 -0.012839085 0.0084375
v 0.0302475 -0.01269693 0.0084375
v 0.04979643 -0.012800595 0.0084375
v 0.04975761 -0.012762225 0.0084375
v 0.049718565 -0.012724035 0.0084375
v 0.04967943 -0.012686085 0.0084375
v 0.03065952 -0.01254432 0.0084375
v 0.04964004 -0.01264821 0.0084375
v 0.04960032 -0.012610305 0.0084375
v 0.04956024 -0.0125724 0.0084375
v 0.049519635 -0.012534345 0.0084375
v 0.031066455 -0.012398025 0.0084375
v 0.049478535 -0.01249623 0.0084375
v 0.04943706 -0.01245831 0.0084375
v 0.049395195 -0.012420585 0.0084375
v 0.049352775 -0.012383115 0.0084375
v 0.03146835 -0.012259425 0.0084375
v 0.049309725 -0.01234587 0.0084375
v 0.049266225 -0.012309 0.0084375
v 0.049222335 -0.012272625 0.0084375
v 0.0491781 -0.01223664 0.0084375
v 0.03186513 -0.012129 0.0084375
v 0.04913361 -0.012201045 0.0084375
v 0.049088865 -0.01216578 0.0084375
v 0.04904394 -0.012130755 0.0084375
v 0.048998805 -0.01209597 0.0084375
v 0.03225666 -0.012006015 0.0084375
v 0.048953475 -0.01206138 0.0084375
v 0.048907965 -0.012026985 0.0084375
v 0.0488622 -0.01199277 0.0084375
v 0.032642835 -0.011889675 0.0084375
v 0.048816105 -0.011958675 0.0084375
v 0.048769755 -0.01192485 0.0084375
v 0.04872321 -0.01189143 0.0084375
v 0.048676395 -0.011858385 0.0084375
v 0.03302352 -0.01177923 0.0084375
v 0.048629205 -0.011825835 0.0084375
v 0.048581685 -0.011793735 0.0084375
v 0.048533745 -0.01176213 0.0084375
v 0.03339858 -0.01167396 0.0084375
v 0.0484854 -0.01173099 0.0084375
v 0.04843671 -0.011700255 0.0084375
v 0.0483876 -0.011669895 0.0084375
v 0.03376797 -0.01157493 0.0084375
v 0.048338355 -0.011639955 0.0084375
v 0.04828911 -0.01161045 0.0084375
v 0.04823985 -0.011581365 0.0084375
v 0.048190845 -0.01155279 0.0084375
v 0.034131765 -0.011482485 0.0084375
v 0.04814181 -0.011524605 0.0084375
v 0.04809192 -0.0114963 0.0084375
v 0.048041295 -0.011467965 0.0084375
v 0.034490115 -0.011395965 0.0084375
v 0.047988705 -0.011439 0.0084375
v 0.04793427 -0.01140942 0.0084375
v 0.047876925 -0.01137882 0.0084375
v 0.034843155 -0.011314695 0.0084375
v 0.047816205 -0.011346975 0.0084375
v 0.047752245 -0.011314155 0.0084375
v 0.03519102 -0.011238 0.0084375
v 0.04768443 -0.011280255 0.0084375
v 0.047613675 -0.011245755 0.0084375
v 0.04754157 -0.011211825 0.0084375
v 0.03553383 -0.011165235 0.0084375
v 0.047468025 -0.0111783 0.0084375
v 0.04739541 -0.01114632 0.0084375
v 0.035871345 -0.011097255 0.0084375
v 0.047323515 -0.011115825 0.0084375
v 0.04725348 -0.011086965 0.0084375
v 0.036203505 -0.011034405 0.0084375
v 0.04718571 -0.01105992 0.0084375
v 0.047119635 -0.01103427 0.0084375
v 0.036530475 -0.01097616 0.0084375
v 0.04705521 -0.01100982 0.0084375
v 0.04699221 -0.01098648 0.0084375
v 0.046930275 -0.010963965 0.0084375
v 0.03685248 -0.01092201 0.0084375
v 0.04686942 -0.01094229 0.0084375
v 0.04680921 -0.010921215 0.0084375
v 0.03748224 -0.010823805 0.0084375
v 0.046749705 -0.010900785 0.0084375
v 0.04669035 -0.01088085 0.0084375
v 0.046631175 -0.01086141 0.0084375
v 0.04657179 -0.010842525 0.0084375
v 0.046512 -0.01082415 0.0084375
v 0.046451895 -0.010806375 0.0084375
v 0.0380925 -0.01073994 0.0084375
v 0.046391505 -0.010789305 0.0084375
v 0.04633083 -0.01077285 0.0084375
v 0.046270005 -0.01075704 0.0084375
v 0.046208955 -0.010741815 0.0084375
v 0.04614696 -0.01072683 0.0084375
v 0.038683545 -0.010670325 0.0084375
v 0.04608399 -0.010712085 0.0084375
v 0.046020495 -0.010697595 0.0084375
v 0.04595637 -0.0106833 0.0084375
v 0.045892215 -0.010669365 0.0084375
v 0.03925728 -0.01061166 0.0084375
v 0.04582803 -0.010655745 0.0084375
v 0.045764505 -0.01064265 0.0084375
v 0.045702495 -0.01063029 0.0084375
v 0.045642225 -0.010618755 0.0084375
v 0.045586065 -0.01060878 0.0084375
v 0.039813675 -0.01056393 0.0084375
v 0.04553376 -0.010600275 0.0084375
v 0.045484155 -0.01059306 0.0084375
v 0.045437475 -0.01058724 0.0084375
v 0.045392145 -0.010582245 0.0084375
v 0.045347655 -0.010577955 0.0084375
v 0.045303885 -0.01057422 0.0084375
v 0.045260505 -0.01057083 0.0084375
v 0.04521744 -0.010567755 0.0084375
v 0.04517415 -0.010564815 0.0084375
v 0.04513074 -0.010562025 0.0084375
v 0.040352715 -0.01052718 0.0084375
v 0.045087285 -0.01055928 0.0084375
v 0.045043785 -0.01055661 0.0084375
v 0.045000375 -0.01055397 0.0084375
v 0.0449571 -0.010551345 0.0084375
v 0.044913945 -0.01054875 0.0084375
v 0.044527815 -0.01052247 0.0084375
v 0.04087575 -0.010498845 0.0084375
v 0.044125215 -0.010500945 0.0084375
v 0.043706145 -0.010484175 0.0084375
v 0.04138221 -0.010478895 0.0084375
v 0.04326954 -0.010471575 0.0084375
v 0.041872695 -0.010467375 0.0084375
v 0.042816435 -0.010463715 0.0084375
v 0.0423501 -0.01046232 0.0084375
v 0.039349665 -0.01512444 0.0084375
v 0.02487729 -0.01527873 0.0084375
v 0.03805107 -0.015288825 0.0084375
v 0.036764925 -0.01550853 0.0084375
v 0.024390975 -0.015569985 0.0084375
v 0.035491095 -0.015783645 0.0084375
v 0.02389923 -0.015875685 0.0084375
v 0.034227195 -0.016114815 0.0084375
v 0.0234027 -0.016197645 0.0084375
v 0.03297792 -0.01650072 0.0084375
v 0.022902015 -0.01653765 0.0084375
v 0.031749285 -0.016939665 0.0084375
v 0.02239575 -0.01689642 0.0084375
v 0.02188098 -0.01727208 0.0084375
v 0.030538635 -0.017432685 0.0084375
v 0.021534585 -0.01753182 0.0084375
v 0.029350725 -0.01797756 0.0084375
v 0.021186735 -0.017798925 0.0084375
v 0.020838405 -0.018073395 0.0084375
v 0.028189635 -0.01857273 0.0084375
v 0.020490585 -0.01835517 0.0084375
v 0.02014422 -0.01864422 0.0084375
v 0.027053085 -0.019219215 0.0084375
v 0.019800315 -0.018940515 0.0084375
v 0.01945863 -0.019244355 0.0084375
v 0.025946775 -0.01991361 0.0084375
v 0.019115625 -0.01955688 0.0084375
v 0.01877193 -0.019877595 0.0084375
v 0.018428655 -0.020205855 0.0084375
v 0.024872565 -0.02065515 0.0084375
v 0.018086925 -0.02054103 0.0084375
v 0.01774782 -0.02088249 0.0084375
v 0.02382963 -0.021444045 0.0084375
v 0.017412465 -0.021229575 0.0084375
v 0.01708197 -0.021581655 0.0084375
v 0.022823745 -0.022275975 0.0084375
v 0.01675743 -0.0219381 0.0084375
v 0.016439085 -0.02229897 0.0084375
v 0.021854445 -0.0231516 0.0084375
v 0.016123845 -0.022666725 0.0084375
v 0.01581192 -0.02304096 0.0084375
v 0.01550391 -0.02342091 0.0084375
v 0.020923035 -0.02406942 0.0084375
v 0.015200475 -0.023805795 0.0084375
v 0.014902215 -0.02419482 0.0084375
v 0.0200343 -0.02502483 0.0084375
v 0.014609775 -0.024587235 0.0084375
v 0.0143238 -0.02498223 0.0084375
v 0.014044905 -0.025379055 0.0084375
v 0.01918665 -0.02601975 0.0084375
v 0.013773255 -0.02577777 0.0084375
v 0.013507155 -0.02618169 0.0084375
v 0.01838271 -0.02705073 0.0084375
v 0.01324665 -0.026590305 0.0084375
v 0.012992085 -0.02700246 0.0084375
v 0.01274379 -0.02741703 0.0084375
v 0.017625915 -0.02811369 0.0084375
v 0.01250214 -0.02783292 0.0084375
v 0.012267465 -0.028248975 0.0084375
v 0.01691457 -0.029210955 0.0084375
v 0.01204011 -0.028664085 0.0084375
v 0.01182042 -0.02907711 0.0084375
v 0.01160865 -0.029487795 0.0084375
v 0.016251855 -0.030337335 0.0084375
v 0.011404395 -0.029899935 0.0084375
v 0.011207475 -0.030313245 0.0084375
v 0.011017755 -0.030726705 0.0084375
v 0.01564029 -0.03148884 0.0084375
v 0.0108351 -0.03113928 0.0084375
v 0.01065942 -0.031549965 0.0084375
v 0.0150786 -0.03266751 0.0084375
v 0.01049055 -0.031957725 0.0084375
v 0.010328385 -0.03236154 0.0084375
v 0.01017282 -0.03276039 0.0084375
v 0.014566725 -0.033873435 0.0084375
v 0.009952395 -0.033349035 0.0084375
v 0.00974931 -0.033930405 0.0084375
v 0.01453764 -0.03394662 0.0084375
v 0.014508135 -0.034021545 0.0084375
v 0.01447803 -0.03409869 0.0084375
v 0.014446455 -0.034180455 0.0084375
v 0.014413005 -0.034268235 0.0084375
v 0.014377485 -0.034362855 0.0084375
v 0.014339985 -0.03446457 0.0084375
v 0.009562065 -0.03450426 0.0084375
v 0.01430082 -0.03457341 0.0084375
v 0.01426014 -0.03468948 0.0084375
v 0.01421814 -0.034813575 0.0084375
v 0.014174865 -0.034946535 0.0084375
v 0.00938892 -0.035069955 0.0084375
v 0.014130375 -0.035089035 0.0084375
v 0.01408473 -0.03524226 0.0084375
v 0.014038185 -0.03540714 0.0084375
v 0.013990905 -0.03558456 0.0084375
v 0.009228075 -0.03562677 0.0084375
v 0.013943685 -0.03577626 0.0084375
v 0.01389744 -0.035983305 0.0084375
v 0.009077805 -0.03617403 0.0084375
v 0.01385298 -0.036206805 0.0084375
v 0.013812555 -0.0364491 0.0084375
v 0.00893766 -0.03671127 0.0084375
v 0.01377852 -0.036711705 0.0084375
v 0.01375338 -0.03699636 0.0084375
v 0.008810925 -0.03723903 0.0084375
v 0.01374423 -0.03730677 0.0084375
v 0.013757265 -0.03763974 0.0084375
v 0.00869646 -0.037757595 0.0084375
v 0.013775025 -0.037814175 0.0084375
v 0.01380114 -0.037991805 0.0084375
v 0.013838865 -0.03816738 0.0084375
v 0.008592705 -0.038267175 0.0084375
v 0.01388838 -0.038343375 0.0084375
v 0.01394904 -0.038517015 0.0084375
v 0.014021235 -0.03868056 0.0084375
v 0.008498085 -0.03876801 0.0084375
v 0.014106195 -0.03883413 0.0084375
v 0.01420236 -0.038978175 0.0084375
v 0.014418315 -0.039224745 0.0084375
v 0.00841104 -0.03926034 0.0084375
v 0.01466694 -0.03941964 0.0084375
v 0.01495128 -0.039572625 0.0084375
v 0.01526616 -0.039681375 0.0084375
v 0.015434955 -0.039718995 0.0084375
v 0.008331045 -0.039744045 0.0084375
v 0.01560417 -0.03974667 0.0084375
v 0.015940065 -0.039771165 0.0084375
v 0.03941877 -0.03988983 0.0084375
v 0.039750585 -0.03994539 0.0084375
v 0.039086235 -0.03982776 0.0084375
v 0.016260765 -0.039765825 0.0084375
v 0.03875298 -0.039759195 0.0084375
v 0.016558455 -0.039737085 0.0084375
v 0.016826805 -0.039696495 0.0084375
v 0.038418915 -0.039684075 0.0084375
v 0.01707195 -0.039647565 0.0084375
v 0.038080755 -0.03960042 0.0084375
v 0.017297115 -0.03959328 0.0084375
v 0.01750809 -0.03953583 0.0084375
v 0.03773931 -0.03950871 0.0084375
v 0.017706315 -0.039476055 0.0084375
v 0.017893185 -0.03941478 0.0084375
v 0.03739794 -0.03941097 0.0084375
v 0.018068655 -0.039353475 0.0084375
v 0.03705999 -0.03930924 0.0084375
v 0.018232845 -0.03929286 0.0084375
v 0.01838589 -0.03923358 0.0084375
v 0.036728805 -0.03920553 0.0084375
v 0.01852833 -0.03917634 0.0084375
v 0.01866087 -0.03912117 0.0084375
v 0.03640725 -0.03910143 0.0084375
v 0.01878423 -0.039068085 0.0084375
v 0.01889973 -0.03901695 0.0084375
v 0.03609207 -0.038993745 0.0084375
v 0.019008075 -0.038967675 0.0084375
v 0.019110075 -0.038920185 0.0084375
v 0.035782335 -0.03888258 0.0084375
v 0.01920639 -0.03887451 0.0084375
v 0.019297125 -0.038830755 0.0084375
v 0.019382295 -0.03878916 0.0084375
v 0.03547863 -0.03876948 0.0084375
v 0.01946226 -0.03874971 0.0084375
v 0.019537695 -0.03871215 0.0084375
v 0.01960983 -0.03867597 0.0084375
v 0.025961505 -0.03865782 0.0084375
v 0.01968051 -0.0386403 0.0084375
v 0.026127765 -0.03865782 0.0084375
v 0.035181465 -0.03865596 0.0084375
v 0.026277075 -0.03860286 0.0084375
v 0.03489141 -0.03854355 0.0084375
v 0.026404485 -0.03849729 0.0084375
v 0.034609155 -0.038433225 0.0084375
v 0.026481525 -0.038363355 0.0084375
v 0.034335285 -0.038323095 0.0084375
v 0.026513385 -0.03819729 0.0084375
v 0.034068765 -0.038213205 0.0084375
v 0.03380838 -0.03810393 0.0084375
v 0.026481525 -0.038031225 0.0084375
v 0.0335529 -0.03799572 0.0084375
v 0.026404485 -0.03789729 0.0084375
v 0.033301125 -0.037888935 0.0084375
v 0.026277075 -0.037791735 0.0084375
v 0.033052605 -0.03778362 0.0084375
v 0.026127765 -0.037736775 0.0084375
v 0.032808855 -0.03767898 0.0084375
v 0.02166426 -0.03757662 0.0084375
v 0.03256965 -0.037575435 0.0084375
v 0.025961505 -0.037736775 0.0084375
v 0.02136669 -0.037743285 0.0084375
v 0.025812195 -0.037791735 0.0084375
v 0.025684785 -0.03789729 0.0084375
v 0.021060555 -0.0379119 0.0084375
v 0.02560773 -0.038031225 0.0084375
v 0.020745765 -0.038081775 0.0084375
v 0.025575885 -0.03819729 0.0084375
v 0.020422425 -0.038253915 0.0084375
v 0.02560773 -0.038363355 0.0084375
v 0.02009055 -0.038428305 0.0084375
v 0.025684785 -0.03849729 0.0084375
v 0.025812195 -0.03860286 0.0084375
v 0.01975014 -0.038604945 0.0084375
v 0.02195346 -0.03741369 0.0084375
v 0.032334675 -0.03747342 0.0084375
v 0.03198945 -0.03732426 0.0084375
v 0.02223447 -0.037256175 0.0084375
v 0.03165237 -0.037180515 0.0084375
v 0.02250657 -0.0371028 0.0084375
v 0.03132444 -0.037041 0.0084375
v 0.02277033 -0.03695391 0.0084375
v 0.03100485 -0.03690642 0.0084375
v 0.023026965 -0.036811155 0.0084375
v 0.03069261 -0.036777765 0.0084375
v 0.02327739 -0.03667596 0.0084375
v 0.0303873 -0.0366555 0.0084375
v 0.0235203 -0.03654699 0.0084375
v 0.03008973 -0.036538815 0.0084375
v 0.02375658 -0.03642483 0.0084375
v 0.02979915 -0.036428385 0.0084375
v 0.029514705 -0.036324915 0.0084375
v 0.023987925 -0.036310875 0.0084375
v 0.029236005 -0.036228495 0.0084375
v 0.024215475 -0.03620619 0.0084375
v 0.028963545 -0.036138645 0.0084375
v 0.024437625 -0.036109695 0.0084375
v 0.02869731 -0.036056055 0.0084375
v 0.02465553 -0.0360219 0.0084375
v 0.028437315 -0.035981445 0.0084375
v 0.024871035 -0.03594369 0.0084375
v 0.02818389 -0.03591489 0.0084375
v 0.025085085 -0.03587571 0.0084375
v 0.02793699 -0.03585603 0.0084375
v 0.02529591 -0.035817405 0.0084375
v 0.02769579 -0.03580518 0.0084375
v 0.02550516 -0.03576885 0.0084375
v 0.02745951 -0.03576264 0.0084375
v 0.02571495 -0.03573018 0.0084375
v 0.02722896 -0.03572814 0.0084375
v 0.02592606 -0.03570171 0.0084375
v 0.02700399 -0.035701725 0.0084375
v 0.026136795 -0.03568356 0.0084375
v 0.02678292 -0.03568389 0.0084375
v 0.026564115 -0.03567513 0.0084375
v 0.02634885 -0.035674965 0.0084375
v 0.040081695 -0.039994455 0.0084375
v 0.040412085 -0.04003704 0.0084375
v 0.04056006 -0.04005072 0.0084375
v 0.04070577 -0.040061055 0.0084375
v 0.0408492 -0.040068015 0.0084375
v 0.04903809 -0.02817126 0.0084375
v 0.04891068 -0.028276815 0.0084375
v 0.04591467 -0.02837946 0.0084375
v 0.048833625 -0.02841075 0.0084375
v 0.04880178 -0.028576815 0.0084375
v 0.048833625 -0.02874288 0.0084375
v 0.04891068 -0.028876815 0.0084375
v 0.04903809 -0.02898237 0.0084375
v 0.0291213 -0.041296695 0.0084375
v 0.02884218 -0.041302755 0.0084375
v 0.028567935 -0.041311245 0.0084375
v 0.02829936 -0.04132257 0.0084375
v 0.0280311 -0.041337165 0.0084375
v 0.02775777 -0.04135545 0.0084375
v 0.027474015 -0.041377815 0.0084375
v 0.027174465 -0.04140471 0.0084375
v 0.026858955 -0.041435805 0.0084375
v 0.02653173 -0.041470725 0.0084375
v 0.026194095 -0.04150974 0.0084375
v 0.02584728 -0.04155315 0.0084375
v 0.00809946 -0.041590305 0.0084375
v 0.025492575 -0.041601225 0.0084375
v 0.025131255 -0.04165428 0.0084375
v 0.024759885 -0.041712825 0.0084375
v 0.0243768 -0.041776755 0.0084375
v 0.023985825 -0.041845365 0.0084375
v 0.023590785 -0.04191795 0.0084375
v 0.023195475 -0.041993805 0.0084375
v 0.00805824 -0.042032805 0.0084375
v 0.022803765 -0.04207224 0.0084375
v 0.02241591 -0.0421533 0.0084375
v 0.02202894 -0.042237555 0.0084375
v 0.0216417 -0.042325095 0.0084375
v 0.021253125 -0.04241598 0.0084375
v 0.00802206 -0.042468555 0.0084375
v 0.020862045 -0.04251027 0.0084375
v 0.020467365 -0.04260804 0.0084375
v 0.020073705 -0.042707895 0.0084375
v 0.01968285 -0.04280949 0.0084375
v 0.007992885 -0.04289637 0.0084375
v 0.01928952 -0.04291449 0.0084375
v 0.018888405 -0.04302459 0.0084375
v 0.018474195 -0.04314144 0.0084375
v 0.01804158 -0.043266705 0.0084375
v 0.007970235 -0.04331661 0.0084375
v 0.01759146 -0.04340013 0.0084375
v 0.01712826 -0.04354029 0.0084375
v 0.01665195 -0.04368723 0.0084375
v 0.007953315 -0.04372977 0.0084375
v 0.01616256 -0.043840905 0.0084375
v 0.015660075 -0.044001345 0.0084375
v 0.007941345 -0.04413645 0.0084375
v 0.01514451 -0.044168535 0.0084375
v 0.01483233 -0.04427166 0.0084375
v 0.014506065 -0.04440231 0.0084375
v 0.007933515 -0.04453713 0.0084375
v 0.014168445 -0.04456239 0.0084375
v 0.01383816 -0.0447669 0.0084375
v 0.00792948 -0.04493217 0.0084375
v 0.01352682 -0.045016515 0.0084375
v 0.01324344 -0.04531248 0.0084375
v 0.007930665 -0.045320895 0.0084375
v 0.01300686 -0.045642315 0.0084375
v 0.007936695 -0.045703275 0.0084375
v 0.012818655 -0.04599849 0.0084375
v 0.007947 -0.046079445 0.0084375
v 0.012682005 -0.04637409 0.0084375
v 0.00796098 -0.04644948 0.0084375
v 0.01259517 -0.04674906 0.0084375
v 0.00797802 -0.0468135 0.0084375
v 0.012552435 -0.04711788 0.0084375
v 0.00799785 -0.047171535 0.0084375
v 0.012546675 -0.04747335 0.0084375
v 0.008021595 -0.047523285 0.0084375
v 0.012560745 -0.047807205 0.0084375
v 0.00804894 -0.047868885 0.0084375
v 0.01259226 -0.048118155 0.0084375
v 0.008079435 -0.0482085 0.0084375
v 0.01267659 -0.04881051 0.0084375
v 0.008112585 -0.04854231 0.0084375
v 0.00814788 -0.048870495 0.0084375
v 0.01277292 -0.049491135 0.0084375
v 0.00818508 -0.04919307 0.0084375
v 0.008225055 -0.049509615 0.0084375
v 0.01288122 -0.05016003 0.0084375
v 0.00831243 -0.050125365 0.0084375
v 0.008407215 -0.05072001 0.0084375
v 0.01300152 -0.05081721 0.0084375
v 0.008507955 -0.05129463 0.0084375
v 0.01313382 -0.051462645 0.0084375
v 0.00861579 -0.051848355 0.0084375
v 0.01327953 -0.052097565 0.0084375
v 0.008728575 -0.052383075 0.0084375
v 0.01343952 -0.052722705 0.0084375
v 0.00884517 -0.052899735 0.0084375
v 0.01361112 -0.05333577 0.0084375
v 0.008966445 -0.053397555 0.0084375
v 0.013791585 -0.05393448 0.0084375
v 0.00909081 -0.05387829 0.0084375
v 0.00921732 -0.05434281 0.0084375
v 0.0139782 -0.054516495 0.0084375
v 0.009346665 -0.05479035 0.0084375
v 0.01417029 -0.055080345 0.0084375
v 0.009477735 -0.05522283 0.0084375
v 0.01437123 -0.055627605 0.0084375
v 0.0096099 -0.055641255 0.0084375
v 0.01457949 -0.05615916 0.0084375
v 0.00974361 -0.0560448 0.0084375
v 0.009878085 -0.056435145 0.0084375
v 0.014793195 -0.05667585 0.0084375
v 0.01001289 -0.056813265 0.0084375
v 0.015010485 -0.05717847 0.0084375
v 0.01014837 -0.05717847 0.0084375
v 0.01523037 -0.05766726 0.0084375
v 0.01028382 -0.057531765 0.0084375
v 0.010418805 -0.057873765 0.0084375
v 0.015455235 -0.05814069 0.0084375
v 0.01055361 -0.058203975 0.0084375
v 0.015684375 -0.05859963 0.0084375
v 0.01068774 -0.058523415 0.0084375
v 0.010820865 -0.058832655 0.0084375
v 0.015916635 -0.05904534 0.0084375
v 0.01095321 -0.059131215 0.0084375
v 0.01615083 -0.05947902 0.0084375
v 0.011084445 -0.05942013 0.0084375
v 0.01121433 -0.0597 0.0084375
v 0.016386105 -0.05990157 0.0084375
v 0.011343045 -0.05997033 0.0084375
v 0.016624005 -0.06031128 0.0084375
v 0.01147038 -0.060232065 0.0084375
v 0.0115962 -0.06048585 0.0084375
v 0.01686423 -0.06070851 0.0084375
v 0.011720595 -0.060731205 0.0084375
v 0.01710597 -0.06109425 0.0084375
v 0.011843415 -0.06096885 0.0084375
v 0.01196451 -0.06119925 0.0084375
v 0.017348355 -0.061469505 0.0084375
v 0.01208397 -0.061422045 0.0084375
v 0.012201705 -0.061637925 0.0084375
v 0.017590665 -0.06183513 0.0084375
v 0.012317625 -0.06184734 0.0084375
v 0.01807815 -0.06253365 0.0084375
v 0.012431805 -0.06204993 0.0084375
v 0.0125442 -0.06224634 0.0084375
v 0.01265481 -0.06243705 0.0084375
v 0.01276365 -0.0626217 0.0084375
v 0.01856667 -0.06319221 0.0084375
v 0.012870735 -0.06280092 0.0084375
v 0.01297614 -0.062975145 0.0084375
v 0.013079835 -0.063144105 0.0084375
v 0.013181775 -0.06330813 0.0084375
v 0.01905165 -0.063816705 0.0084375
v 0.013281945 -0.06346752 0.0084375
v 0.013380375 -0.063622095 0.0084375
v 0.01347696 -0.063772065 0.0084375
v 0.013571655 -0.06391761 0.0084375
v 0.01953411 -0.06440574 0.0084375
v 0.013664505 -0.064058625 0.0084375
v 0.01375545 -0.064195305 0.0084375
v 0.01384443 -0.064327845 0.0084375
v 0.01393149 -0.064456095 0.0084375
v 0.020014455 -0.064958895 0.0084375
v 0.014016585 -0.064580295 0.0084375
v 0.014099715 -0.064700625 0.0084375
v 0.01418088 -0.06481695 0.0084375
v 0.01426008 -0.064929495 0.0084375
v 0.014337315 -0.06503841 0.0084375
v 0.020236545 -0.065154765 0.0084375
v 0.01441254 -0.06514356 0.0084375
v 0.01448586 -0.065245245 0.0084375
v 0.02047497 -0.06534576 0.0084375
v 0.01455732 -0.06534372 0.0084375
v 0.014626845 -0.065438745 0.0084375
v 0.02072976 -0.065531865 0.0084375
v 0.014694675 -0.0655308 0.0084375
v 0.01476099 -0.06562026 0.0084375
v 0.02100099 -0.065713155 0.0084375
v 0.014825625 -0.06570684 0.0084375
v 0.014888895 -0.065791035 0.0084375
v 0.021288915 -0.065889735 0.0084375
v 0.01495107 -0.06587328 0.0084375
v 0.01501197 -0.06595329 0.0084375
v 0.021592875 -0.06606129 0.0084375
v 0.01507185 -0.066031485 0.0084375
v 0.01513098 -0.06610827 0.0084375
v 0.02191215 -0.06622746 0.0084375
v 0.01518927 -0.066183495 0.0084375
v 0.015246705 -0.06625719 0.0084375
v 0.02224677 -0.066388395 0.0084375
v 0.0153033 -0.066329445 0.0084375
v 0.01535907 -0.06640026 0.0084375
v 0.022596915 -0.06654405 0.0084375
v 0.01541391 -0.06646956 0.0084375
v 0.015467745 -0.066537285 0.0084375
v 0.015520695 -0.06660357 0.0084375
v 0.022962465 -0.066694155 0.0084375
v 0.015572475 -0.066668115 0.0084375
v 0.01562289 -0.06673065 0.0084375
v 0.02334339 -0.066838545 0.0084375
v 0.01567209 -0.0667914 0.0084375
v 0.015719805 -0.06685002 0.0084375
v 0.023739765 -0.06697737 0.0084375
v 0.01576572 -0.066906195 0.0084375
v 0.01580997 -0.06696 0.0084375
v 0.015852495 -0.06701145 0.0084375
v 0.02415141 -0.06711051 0.0084375
v 0.01589319 -0.06706047 0.0084375
v 0.01593204 -0.067107 0.0084375
v 0.015969195 -0.06715128 0.0084375
v 0.024578085 -0.06723783 0.0084375
v 0.016004805 -0.06719358 0.0084375
v 0.01603875 -0.067233705 0.0084375
v 0.016071225 -0.06727197 0.0084375
v 0.025019655 -0.06735942 0.0084375
v 0.01610244 -0.067308675 0.0084375
v 0.016132185 -0.06734358 0.0084375
v 0.01616079 -0.06737709 0.0084375
v 0.025476405 -0.067475205 0.0084375
v 0.01618863 -0.067409685 0.0084375
v 0.016215495 -0.06744111 0.0084375
v 0.016241655 -0.06747168 0.0084375
v 0.01626741 -0.067501785 0.0084375
v 0.025948665 -0.067585035 0.0084375
v 0.01629261 -0.06753123 0.0084375
v 0.01631748 -0.067560285 0.0084375
v 0.01634235 -0.06758934 0.0084375
v 0.02643651 -0.067688775 0.0084375
v 0.0163671 -0.067618275 0.0084375
v 0.016391805 -0.067647165 0.0084375
v 0.016416555 -0.06767613 0.0084375
v 0.01644135 -0.06770517 0.0084375
v 0.026770305 -0.067754595 0.0084375
v 0.01646616 -0.06773421 0.0084375
v 0.01649094 -0.06776319 0.0084375
v 0.02711103 -0.067817775 0.0084375
v 0.016515705 -0.06779214 0.0084375
v 0.016540485 -0.067821075 0.0084375
v 0.02745879 -0.067878345 0.0084375
v 0.01656534 -0.06784998 0.0084375
v 0.016590165 -0.067878795 0.0084375
v 0.027813675 -0.067936335 0.0084375
v 0.016615155 -0.06790764 0.0084375
v 0.01664052 -0.06793662 0.0084375
v 0.028175655 -0.06799173 0.0084375
v 0.01666614 -0.06796569 0.0084375
v 0.01669218 -0.067994895 0.0084375
v 0.028544685 -0.0680445 0.0084375
v 0.01671891 -0.068024235 0.0084375
v 0.01674603 -0.06805356 0.0084375
v 0.02892075 -0.068094675 0.0084375
v 0.01677405 -0.0680832 0.0084375
v 0.016803585 -0.068113575 0.0084375
v 0.02930385 -0.068142225 0.0084375
v 0.01683438 -0.06814443 0.0084375
v 0.029694015 -0.06818718 0.0084375
v 0.016866735 -0.06817608 0.0084375
v 0.02981751 -0.068200845 0.0084375
v 0.016901205 -0.068209005 0.0084375
v 0.02994366 -0.068214 0.0084375
v 0.03007323 -0.06822651 0.0084375
v 0.030208185 -0.06823806 0.0084375
v 0.016937925 -0.06824325 0.0084375
v 0.030350835 -0.068248035 0.0084375
v 0.03050295 -0.068255835 0.0084375
v 0.04220847 -0.043859175 0.0084375
v 0.041957355 -0.04394568 0.0084375
v 0.036845445 -0.04397472 0.0084375
v 0.04173996 -0.044083275 0.0084375
v 0.03692589 -0.04410327 0.0084375
v 0.041551095 -0.04427214 0.0084375
v 0.037003065 -0.044236755 0.0084375
v 0.037076295 -0.044374335 0.0084375
v 0.041413875 -0.044488155 0.0084375
v 0.037145115 -0.044515755 0.0084375
v 0.041329935 -0.044729655 0.0084375
v 0.03720903 -0.04466073 0.0084375
v 0.03726756 -0.04480899 0.0084375
v 0.041295945 -0.045 0.0084375
v 0.03732018 -0.04496025 0.0084375
v 0.03736725 -0.045114255 0.0084375
v 0.041329935 -0.045270345 0.0084375
v 0.03740922 -0.045271185 0.0084375
v 0.041413875 -0.045511845 0.0084375
v 0.037445775 -0.045431385 0.0084375
v 0.03746949 -0.04555392 0.0084375
v 0.041551095 -0.04572786 0.0084375
v 0.037489875 -0.04567866 0.0084375
v 0.037506795 -0.045805785 0.0084375
v 0.04173996 -0.045916725 0.0084375
v 0.037520175 -0.04593543 0.0084375
v 0.041957355 -0.04605432 0.0084375
v 0.04220847 -0.046140825 0.0084375
v 0.03543267 -0.06101763 0.0084375
v 0.03314235 -0.06112254 0.0084375
v 0.03530526 -0.061123185 0.0084375
v 0.03522822 -0.06125712 0.0084375
v 0.03315126 -0.06133569 0.0084375
v 0.03519636 -0.061423185 0.0084375
v 0.03317019 -0.061547775 0.0084375
v 0.03522822 -0.06158925 0.0084375
v 0.03530526 -0.061723185 0.0084375
v 0.03543267 -0.06182874 0.0084375
v 0.04782864 -0.073003485 0.0084375
v 0.03386133 -0.07300779 0.0084375
v 0.04775256 -0.073019595 0.0084375
v 0.034066665 -0.073017255 0.0084375
v 0.03426075 -0.073025895 0.0084375
v 0.047674875 -0.073035885 0.0084375
v 0.034443285 -0.07303365 0.0084375
v 0.034616625 -0.07304085 0.0084375
v 0.04759461 -0.07305258 0.0084375
v 0.03478059 -0.073047495 0.0084375
v 0.034937115 -0.073053765 0.0084375
v 0.047511255 -0.073069875 0.0084375
v 0.035086575 -0.07305972 0.0084375
v 0.03523017 -0.07306545 0.0084375
v 0.03536913 -0.073071075 0.0084375
v 0.04742409 -0.07308783 0.0084375
v 0.0355038 -0.073076565 0.0084375
v 0.03563628 -0.073082025 0.0084375
v 0.035766345 -0.07308744 0.0084375
v 0.0358962 -0.073092795 0.0084375
v 0.04733088 -0.073106835 0.0084375
v 0.036025755 -0.07309812 0.0084375
v 0.036155205 -0.07310334 0.0084375
v 0.036284655 -0.07310841 0.0084375
v 0.047232015 -0.073126815 0.0084375
v 0.03641403 -0.073113405 0.0084375
v 0.03654327 -0.073118325 0.0084375
v 0.03667248 -0.07312326 0.0084375
v 0.0368019 -0.07312839 0.0084375
v 0.047126595 -0.07314762 0.0084375
v 0.036931335 -0.07313367 0.0084375
v 0.03706008 -0.07313931 0.0084375
v 0.037188255 -0.07314525 0.0084375
v 0.037314405 -0.07315137 0.0084375
v 0.047014605 -0.07316934 0.0084375
v 0.0374385 -0.0731577 0.0084375
v 0.037560045 -0.073163985 0.0084375
v 0.037678425 -0.07317012 0.0084375
v 0.046896705 -0.073191345 0.0084375
v 0.03779466 -0.073176105 0.0084375
v 0.03790941 -0.073181715 0.0084375
v 0.038022705 -0.07318722 0.0084375
v 0.038135415 -0.073193145 0.0084375
v 0.04677309 -0.073213605 0.0084375
v 0.03824736 -0.073199385 0.0084375
v 0.038358375 -0.07320636 0.0084375
v 0.03846852 -0.073214025 0.0084375
v 0.046643355 -0.073235865 0.0084375
v 0.03857736 -0.07322262 0.0084375
v 0.038684655 -0.07323222 0.0084375
v 0.038790915 -0.07324278 0.0084375
v 0.04650717 -0.073257975 0.0084375
v 0.038896395 -0.073254405 0.0084375
v 0.03900105 -0.07326681 0.0084375
v 0.04636494 -0.073279935 0.0084375
v 0.03910494 -0.07327962 0.0084375
v 0.03920817 -0.073292835 0.0084375
v 0.046216935 -0.073301625 0.0084375
v 0.039311535 -0.07330584 0.0084375
v 0.046063275 -0.07332309 0.0084375
v 0.03941496 -0.07331877 0.0084375
v 0.039518595 -0.073330785 0.0084375
v 0.045904485 -0.07334448 0.0084375
v 0.039622575 -0.07334184 0.0084375
v 0.03972639 -0.073351815 0.0084375
v 0.04574049 -0.07336578 0.0084375
v 0.03982947 -0.0733605 0.0084375
v 0.03993288 -0.073368255 0.0084375
v 0.045574425 -0.07338603 0.0084375
v 0.0400374 -0.07337532 0.0084375
v 0.04014306 -0.073381815 0.0084375
v 0.04025091 -0.073388415 0.0084375
v 0.04540563 -0.073405335 0.0084375
v 0.040360725 -0.07339503 0.0084375
v 0.040472415 -0.073402155 0.0084375
v 0.04058601 -0.073409865 0.0084375
v 0.045238665 -0.07342296 0.0084375
v 0.04070109 -0.07341795 0.0084375
v 0.040817715 -0.073426485 0.0084375
v 0.045075255 -0.07343847 0.0084375
v 0.040935375 -0.07343511 0.0084375
v 0.04105383 -0.07344366 0.0084375
v 0.044914695 -0.07345242 0.0084375
v 0.04117287 -0.073452015 0.0084375
v 0.041291925 -0.07345986 0.0084375
v 0.04475796 -0.07346511 0.0084375
v 0.041411085 -0.07346727 0.0084375
v 0.044603685 -0.073476495 0.0084375
v 0.041530035 -0.07347417 0.0084375
v 0.04164879 -0.073480545 0.0084375
v 0.04444956 -0.073486785 0.0084375
v 0.041767395 -0.0734865 0.0084375
v 0.04188558 -0.073492005 0.0084375
v 0.04429593 -0.073495905 0.0084375
v 0.0420045 -0.073497225 0.0084375
v 0.044141355 -0.073503615 0.0084375
v 0.042124125 -0.073502265 0.0084375
v 0.042245625 -0.073507065 0.0084375
v 0.043985895 -0.073509915 0.0084375
v 0.042370275 -0.07351173 0.0084375
v 0.043829625 -0.07351497 0.0084375
v 0.04249809 -0.07351605 0.0084375
v 0.043672065 -0.073518735 0.0084375
v 0.042630555 -0.07351959 0.0084375
v 0.043515 -0.073521495 0.0084375
v 0.042767415 -0.073522425 0.0084375
v 0.04335876 -0.073523415 0.0084375
v 0.04290879 -0.073524135 0.0084375
v 0.043204605 -0.07352445 0.0084375
v 0.043054785 -0.073524735 0.0084375
v 0.033163425 -0.0729717 0.0140625
v 0.033163425 -0.0729717 0.0084375
v 0.0334098 -0.07298502 0.0084375
v 0.032786475 -0.072951825 0.0140625
v 0.03357804 -0.072993195 0.0140625
v 0.033642585 -0.07299708 0.0084375
v 0.03386133 -0.07300779 0.0084375
v 0.03398145 -0.073012935 0.0140625
v 0.034066665 -0.073017255 0.0084375
v 0.03426075 -0.073025895 0.0084375
v 0.03437373 -0.07303089 0.0140625
v 0.034443285 -0.07303365 0.0084375
v 0.034616625 -0.07304085 0.0084375
v 0.034755345 -0.07304664 0.0140625
v 0.03478059 -0.073047495 0.0084375
v 0.034937115 -0.073053765 0.0084375
v 0.035086575 -0.07305972 0.0084375
v 0.035125065 -0.07306122 0.0140625
v 0.03523017 -0.07306545 0.0084375
v 0.03536913 -0.073071075 0.0084375
v 0.03548103 -0.073075725 0.0140625
v 0.0355038 -0.073076565 0.0084375
v 0.03563628 -0.073082025 0.0084375
v 0.035766345 -0.07308744 0.0084375
v 0.035823435 -0.07308981 0.0140625
v 0.0358962 -0.073092795 0.0084375
v 0.036025755 -0.07309812 0.0084375
v 0.036155205 -0.07310334 0.0084375
v 0.036155895 -0.07310337 0.0140625
v 0.036284655 -0.07310841 0.0084375
v 0.03641403 -0.073113405 0.0084375
v 0.036480795 -0.073116015 0.0140625
v 0.03654327 -0.073118325 0.0084375
v 0.03667248 -0.07312326 0.0084375
v 0.036796365 -0.07312815 0.0140625
v 0.0368019 -0.07312839 0.0084375
v 0.036931335 -0.07313367 0.0084375
v 0.03706008 -0.07313931 0.0084375
v 0.037100325 -0.07314111 0.0140625
v 0.037188255 -0.07314525 0.0084375
v 0.037314405 -0.07315137 0.0084375
v 0.03738891 -0.073154865 0.0140625
v 0.0374385 -0.0731577 0.0084375
v 0.037560045 -0.073163985 0.0084375
v 0.037678425 -0.07317012 0.0084375
v 0.03767055 -0.0731694 0.0140625
v 0.03779466 -0.073176105 0.0084375
v 0.03790941 -0.073181715 0.0084375
v 0.037955985 -0.07318449 0.0140625
v 0.038022705 -0.07318722 0.0084375
v 0.038135415 -0.073193145 0.0084375
v 0.03824343 -0.073199475 0.0140625
v 0.03824736 -0.073199385 0.0084375
v 0.038358375 -0.07320636 0.0084375
v 0.03846852 -0.073214025 0.0084375
v 0.03852675 -0.073218405 0.0140625
v 0.03857736 -0.07322262 0.0084375
v 0.038684655 -0.07323222 0.0084375
v 0.038790915 -0.07324278 0.0084375
v 0.03880821 -0.073246035 0.0140625
v 0.038896395 -0.073254405 0.0084375
v 0.03900105 -0.07326681 0.0084375
v 0.039084675 -0.07327899 0.0140625
v 0.03910494 -0.07327962 0.0084375
v 0.03920817 -0.073292835 0.0084375
v 0.039311535 -0.07330584 0.0084375
v 0.039331455 -0.07330785 0.0140625
v 0.03941496 -0.07331877 0.0084375
v 0.039518595 -0.073330785 0.0084375
v 0.03952677 -0.07333038 0.0140625
v 0.039622575 -0.07334184 0.0084375
v 0.03971037 -0.07335 0.0140625
v 0.03972639 -0.073351815 0.0084375
v 0.03982947 -0.0733605 0.0084375
v 0.039933405 -0.073368435 0.0140625
v 0.03993288 -0.073368255 0.0084375
v 0.0400374 -0.07337532 0.0084375
v 0.04014306 -0.073381815 0.0084375
v 0.04018803 -0.073384635 0.0140625
v 0.04025091 -0.073388415 0.0084375
v 0.040360725 -0.07339503 0.0084375
v 0.04046244 -0.073401465 0.0140625
v 0.040472415 -0.073402155 0.0084375
v 0.04058601 -0.073409865 0.0084375
v 0.04070109 -0.07341795 0.0084375
v 0.040754565 -0.07342206 0.0140625
v 0.040817715 -0.073426485 0.0084375
v 0.040935375 -0.07343511 0.0084375
v 0.04105383 -0.07344366 0.0084375
v 0.041065125 -0.0734448 0.0140625
v 0.04117287 -0.073452015 0.0084375
v 0.041291925 -0.07345986 0.0084375
v 0.04138185 -0.073465425 0.0140625
v 0.041411085 -0.07346727 0.0084375
v 0.041530035 -0.07347417 0.0084375
v 0.04164879 -0.073480545 0.0084375
v 0.041701035 -0.073483275 0.0140625
v 0.041767395 -0.0734865 0.0084375
v 0.04188558 -0.073492005 0.0084375
v 0.0420045 -0.073497225 0.0084375
v 0.042026685 -0.07349871 0.0140625
v 0.042124125 -0.073502265 0.0084375
v 0.042245625 -0.073507065 0.0084375
v 0.042360045 -0.073510695 0.0140625
v 0.042370275 -0.07351173 0.0084375
v 0.04249809 -0.07351605 0.0084375
v 0.042630555 -0.07351959 0.0084375
v 0.042699345 -0.07351998 0.0140625
v 0.042767415 -0.073522425 0.0084375
v 0.04290879 -0.073524135 0.0084375
v 0.043049895 -0.07352457 0.0140625
v 0.043054785 -0.073524735 0.0084375
v 0.043204605 -0.07352445 0.0084375
v 0.04335876 -0.073523415 0.0084375
v 0.043416585 -0.073523175 0.0140625
v 0.043515 -0.073521495 0.0084375
v 0.043672065 -0.073518735 0.0084375
v 0.043797375 -0.073516425 0.0140625
v 0.043829625 -0.07351497 0.0084375
v 0.043985895 -0.073509915 0.0084375
v 0.044141355 -0.073503615 0.0084375
v 0.0441915 -0.07350126 0.0140625
v 0.04429593 -0.073495905 0.0084375
v 0.044394405 -0.07349001 0.0140625
v 0.04444956 -0.073486785 0.0084375
v 0.04460145 -0.073476675 0.0140625
v 0.044603685 -0.073476495 0.0084375
v 0.04475796 -0.07346511 0.0084375
v 0.044811495 -0.073461135 0.0140625
v 0.044914695 -0.07345242 0.0084375
v 0.045023415 -0.073443345 0.0140625
v 0.045075255 -0.07343847 0.0084375
v 0.04523604 -0.073423245 0.0140625
v 0.045238665 -0.07342296 0.0084375
v 0.04540563 -0.073405335 0.0084375
v 0.04545015 -0.073400565 0.0140625
v 0.045574425 -0.07338603 0.0084375
v 0.04566912 -0.073375005 0.0140625
v 0.04574049 -0.07336578 0.0084375
v 0.045889725 -0.07334709 0.0140625
v 0.045904485 -0.07334448 0.0084375
v 0.046063275 -0.07332309 0.0084375
v 0.046108335 -0.073317435 0.0140625
v 0.046216935 -0.073301625 0.0084375
v 0.04632129 -0.07328661 0.0140625
v 0.04636494 -0.073279935 0.0084375
v 0.04650717 -0.073257975 0.0084375
v 0.046643355 -0.073235865 0.0084375
v 0.04672173 -0.0732222 0.0140625
v 0.04677309 -0.073213605 0.0084375
v 0.046896705 -0.073191345 0.0084375
v 0.047014605 -0.07316934 0.0084375
v 0.047098605 -0.07315248 0.0140625
v 0.047126595 -0.07314762 0.0084375
v 0.047232015 -0.073126815 0.0084375
v 0.04733088 -0.073106835 0.0084375
v 0.04742409 -0.07308783 0.0084375
v 0.047458935 -0.073080615 0.0140625
v 0.047511255 -0.073069875 0.0084375
v 0.04759461 -0.07305258 0.0084375
v 0.047674875 -0.073035885 0.0084375
v 0.04775256 -0.073019595 0.0084375
v 0.04779699 -0.073010085 0.0140625
v 0.04782864 -0.073003485 0.0084375
v 0.047903205 -0.072987525 0.0084375
v 0.047977605 -0.07297125 0.0084375
v 0.048051615 -0.07295475 0.0084375
v 0.048125595 -0.07293777 0.0084375
v 0.0481215 -0.07293744 0.0140625
v 0.048199575 -0.07292028 0.0084375
v 0.048273405 -0.072902415 0.0084375
v 0.048346995 -0.07288416 0.0084375
v 0.04842054 -0.07286562 0.0084375
v 0.048462675 -0.07285578 0.0140625
v 0.04849422 -0.07284684 0.0084375
v 0.048567945 -0.072827895 0.0084375
v 0.04864155 -0.072808935 0.0084375
v 0.04871514 -0.07278993 0.0084375
v 0.04878897 -0.07277088 0.0084375
v 0.048824385 -0.072764355 0.0140625
v 0.048862995 -0.0727518 0.0084375
v 0.04893732 -0.072732555 0.0084375
v 0.04901199 -0.072713175 0.0084375
v 0.049086795 -0.07269357 0.0084375
v 0.049161645 -0.07267374 0.0084375
v 0.049194735 -0.072665565 0.0140625
v 0.049236585 -0.072653625 0.0084375
v 0.049311645 -0.07263309 0.0084375
v 0.049386765 -0.072612195 0.0084375
v 0.049461765 -0.07259097 0.0084375
v 0.04953669 -0.072569415 0.0084375
v 0.04956828 -0.07256013 0.0140625
v 0.049611555 -0.072547635 0.0084375
v 0.04968633 -0.07252563 0.0084375
v 0.049761 -0.072503475 0.0084375
v 0.04983552 -0.072481215 0.0084375
v 0.04990995 -0.07245882 0.0084375
v 0.04994886 -0.072447075 0.0140625
v 0.04998429 -0.07243632 0.0084375
v 0.0500586 -0.072413655 0.0084375
v 0.05013294 -0.07239075 0.0084375
v 0.05020731 -0.072367605 0.0084375
v 0.050281815 -0.07234413 0.0084375
v 0.0503214 -0.07233144 0.0140625
v 0.05035641 -0.07232031 0.0084375
v 0.050431125 -0.07229613 0.0084375
v 0.050506005 -0.072271515 0.0084375
v 0.050580855 -0.07224663 0.0084375
v 0.05065572 -0.072221475 0.0084375
v 0.05067543 -0.07221639 0.0140625
v 0.05073039 -0.0721962 0.0084375
v 0.050804565 -0.072170985 0.0084375
v 0.05087838 -0.07214577 0.0084375
v 0.05095188 -0.072120645 0.0084375
v 0.05101779 -0.072099945 0.0140625
v 0.051025095 -0.07209558 0.0084375
v 0.051098145 -0.072070515 0.0084375
v 0.051171045 -0.07204545 0.0084375
v 0.05124381 -0.07202028 0.0084375
v 0.05131644 -0.07199496 0.0084375
v 0.05135433 -0.07198119 0.0140625
v 0.05138898 -0.071969415 0.0084375
v 0.051461565 -0.07194348 0.0084375
v 0.051534045 -0.07191723 0.0084375
v 0.05160606 -0.071890725 0.0084375
v 0.05167932 -0.071862645 0.0140625
v 0.051677835 -0.07186389 0.0084375
v 0.05175003 -0.071836635 0.0084375
v 0.051822465 -0.071808975 0.0084375
v 0.051897315 -0.071780205 0.0084375
v 0.051974505 -0.071750385 0.0084375
v 0.052004865 -0.07173903 0.0140625
v 0.052055475 -0.071718945 0.0084375
v 0.052140825 -0.07168578 0.0084375
v 0.05223084 -0.07165059 0.0084375
v 0.05232666 -0.071612895 0.0084375
v 0.0523506 -0.071602275 0.0140625
v 0.05242758 -0.07157286 0.0084375
v 0.05253267 -0.07153038 0.0084375
v 0.052642005 -0.0714855 0.0084375
v 0.05271528 -0.07145292 0.0140625
v 0.05275362 -0.07143885 0.0084375
v 0.052867875 -0.07139025 0.0084375
v 0.05298222 -0.07134114 0.0084375
v 0.053082525 -0.071297475 0.0140625
v 0.05309655 -0.071291625 0.0084375
v 0.053208975 -0.071242605 0.0084375
v 0.053318085 -0.0711948 0.0084375
v 0.053423445 -0.071148345 0.0084375
v 0.053445915 -0.07113801 0.0140625
v 0.053522535 -0.071104245 0.0084375
v 0.053616075 -0.07106223 0.0084375
v 0.053704785 -0.07102197 0.0084375
v 0.05378847 -0.07098357 0.0084375
v 0.05380797 -0.070973865 0.0140625
v 0.05386932 -0.070946205 0.0084375
v 0.053947245 -0.070909905 0.0084375
v 0.05402382 -0.07087404 0.0084375
v 0.054099885 -0.07083828 0.0084375
v 0.05415249 -0.07081353 0.0140625
v 0.054175485 -0.070802625 0.0084375
v 0.054251355 -0.07076676 0.0084375
v 0.054327165 -0.07073085 0.0084375
v 0.054402405 -0.070695015 0.0084375
v 0.05447715 -0.070659255 0.0084375
v 0.05446845 -0.070662675 0.0140625
v 0.054551115 -0.07062348 0.0084375
v 0.05462427 -0.070587765 0.0084375
v 0.054696795 -0.070551885 0.0084375
v 0.054768705 -0.070515765 0.0084375
v 0.05477346 -0.070512285 0.0140625
v 0.054840135 -0.070479465 0.0084375
v 0.05491122 -0.070442955 0.0084375
v 0.05498193 -0.070406295 0.0084375
v 0.055052295 -0.070369665 0.0084375
v 0.05509035 -0.07035075 0.0140625
v 0.0551223 -0.070333035 0.0084375
v 0.055192005 -0.07029654 0.0084375
v 0.055261395 -0.07026015 0.0084375
v 0.05533053 -0.070223835 0.0084375
v 0.055399425 -0.07018761 0.0084375
v 0.055418025 -0.07017867 0.0140625
v 0.055468095 -0.07015131 0.0084375
v 0.055536525 -0.070114965 0.0084375
v 0.055604805 -0.070078395 0.0084375
v 0.055673175 -0.07004136 0.0084375
v 0.05574147 -0.070003965 0.0084375
v 0.05574534 -0.07000155 0.0140625
v 0.05580921 -0.069966405 0.0084375
v 0.05587647 -0.069928665 0.0084375
v 0.05594364 -0.06989067 0.0084375
v 0.056010525 -0.06985251 0.0084375
v 0.056063535 -0.069823755 0.0140625
v 0.056078355 -0.069813615 0.0084375
v 0.05614725 -0.06977397 0.0084375
v 0.056217945 -0.069733185 0.0084375
v 0.05629086 -0.06969105 0.0084375
v 0.056366475 -0.069647265 0.0084375
v 0.05637648 -0.069643335 0.0140625
v 0.0564462 -0.069600945 0.0084375
v 0.05652981 -0.06955221 0.0084375
v 0.056618055 -0.06950043 0.0084375
v 0.056695005 -0.069454935 0.0140625
v 0.05671086 -0.069445695 0.0084375
v 0.056808795 -0.06938736 0.0084375
v 0.056911935 -0.069325425 0.0084375
v 0.057020475 -0.06925959 0.0084375
v 0.057019515 -0.069259605 0.0140625
v 0.05713494 -0.069189465 0.0084375
v 0.057254385 -0.0691155 0.0084375
v 0.057351615 -0.069054525 0.0140625
v 0.05737794 -0.06903801 0.0084375
v 0.05750559 -0.06895695 0.0084375
v 0.057636195 -0.068872605 0.0084375
v 0.05770011 -0.06883137 0.0140625
v 0.057769935 -0.0687849 0.0084375
v 0.057881205 -0.06871296 0.0140625
v 0.057907185 -0.06869397 0.0084375
v 0.058047765 -0.06859989 0.0084375
v 0.0580659 -0.0685905 0.0140625
v 0.058192935 -0.068502105 0.0084375
v 0.058253385 -0.068464095 0.0140625
v 0.0583437 -0.068400465 0.0084375
v 0.05844294 -0.06833391 0.0140625
v 0.058498125 -0.06829497 0.0084375
v 0.058633815 -0.06820014 0.0140625
v 0.05865558 -0.06818484 0.0084375
v 0.05881491 -0.068071455 0.0084375
v 0.058826265 -0.068063235 0.0140625
v 0.05897286 -0.067957215 0.0084375
v 0.059020725 -0.067922805 0.0140625
v 0.05913006 -0.067841715 0.0084375
v 0.059217585 -0.067778175 0.0140625
v 0.059285535 -0.067726455 0.0084375
v 0.059417235 -0.067628715 0.0140625
v 0.059439315 -0.06761139 0.0084375
v 0.059591475 -0.06749577 0.0084375
v 0.05962005 -0.067473795 0.0140625
v 0.05974137 -0.06737982 0.0084375
v 0.0598263 -0.067313715 0.0140625
v 0.059891535 -0.06726219 0.0084375
v 0.060035715 -0.067148955 0.0140625
v 0.060042885 -0.067142565 0.0084375
v 0.060196005 -0.067020105 0.0084375
v 0.06024792 -0.06697917 0.0140625
v 0.060352035 -0.066893715 0.0084375
v 0.060462525 -0.06680397 0.0140625
v 0.060511185 -0.06676308 0.0084375
v 0.06067539 -0.06662589 0.0084375
v 0.060679155 -0.06662301 0.0140625
v 0.06084438 -0.066482445 0.0084375
v 0.0608976 -0.06643626 0.0140625
v 0.061021365 -0.066329565 0.0084375
v 0.06111828 -0.066244575 0.0140625
v 0.061206465 -0.06616731 0.0084375
v 0.061341135 -0.0660474 0.0140625
v 0.06139983 -0.06599445 0.0084375
v 0.06156612 -0.065844 0.0140625
v 0.06160194 -0.065810475 0.0084375
v 0.06179313 -0.0656337 0.0140625
v 0.06181191 -0.065615445 0.0084375
v 0.062022105 -0.065415855 0.0140625
v 0.062029425 -0.06540909 0.0084375
v 0.0622533 -0.06519156 0.0140625
v 0.06225405 -0.06519153 0.0084375
v 0.062484435 -0.06496299 0.0084375
v 0.062486685 -0.064960785 0.0140625
v 0.06272082 -0.064723335 0.0084375
v 0.062721975 -0.064722795 0.0140625
v 0.062962575 -0.064471785 0.0084375
v 0.062958945 -0.06447678 0.0140625
v 0.063197355 -0.06422199 0.0140625
v 0.06320961 -0.0642087 0.0084375
v 0.063437355 -0.063958785 0.0140625
v 0.06346311 -0.06393099 0.0084375
v 0.06367932 -0.063688125 0.0140625
v 0.06372312 -0.063638865 0.0084375
v 0.06392286 -0.06340914 0.0140625
v 0.063990165 -0.06332967 0.0084375
v 0.0641265 -0.063168225 0.0084375
v 0.064167525 -0.06312087 0.0140625
v 0.064264635 -0.063002505 0.0084375
v 0.06440463 -0.06283191 0.0084375
v 0.06441294 -0.062822415 0.0140625
v 0.064546485 -0.062655855 0.0084375
v 0.06465888 -0.062513235 0.0140625
v 0.064690245 -0.0624741 0.0084375
v 0.064835955 -0.06228735 0.0084375
v 0.064906275 -0.062195085 0.0140625
v 0.06498351 -0.06209511 0.0084375
v 0.06513285 -0.06189675 0.0084375
v 0.065154735 -0.061867335 0.0140625
v 0.065283885 -0.06169167 0.0084375
v 0.06532062 -0.06164295 0.0140625
v 0.065436795 -0.061480455 0.0084375
v 0.065486475 -0.061413465 0.0140625
v 0.06559149 -0.06126312 0.0084375
v 0.065652105 -0.06117855 0.0140625
v 0.065747805 -0.06103899 0.0084375
v 0.0658173 -0.06093789 0.0140625
v 0.065905485 -0.060807405 0.0084375
v 0.065982165 -0.060691545 0.0140625
v 0.06606459 -0.06056811 0.0084375
v 0.06614742 -0.060440565 0.0140625
v 0.06622551 -0.06032169 0.0084375
v 0.06631284 -0.060184695 0.0140625
v 0.066387705 -0.060067875 0.0084375
v 0.06647811 -0.059923515 0.0140625
v 0.066550605 -0.05980632 0.0084375
v 0.066642915 -0.05965665 0.0140625
v 0.0667137 -0.059536725 0.0084375
v 0.06680694 -0.059383695 0.0140625
v 0.066877875 -0.05925903 0.0084375
v 0.066969885 -0.05910426 0.0140625
v 0.067042815 -0.05897346 0.0084375
v 0.067131435 -0.05881794 0.0140625
v 0.06720756 -0.058680285 0.0084375
v 0.06729162 -0.05852475 0.0140625
v 0.067371195 -0.05837976 0.0084375
v 0.06745164 -0.058225965 0.0140625
v 0.067533705 -0.058071765 0.0084375
v 0.06761118 -0.0579213 0.0140625
v 0.067695975 -0.05775609 0.0084375
v 0.067769775 -0.057610305 0.0140625
v 0.06785709 -0.05743311 0.0084375
v 0.06792693 -0.057292545 0.0140625
v 0.068016105 -0.05710323 0.0084375
v 0.06808218 -0.05696754 0.0140625
v 0.0681723 -0.05676678 0.0084375
v 0.068235 -0.056634825 0.0140625
v 0.06832674 -0.056423145 0.0084375
v 0.06838494 -0.056293965 0.0140625
v 0.068479035 -0.056072625 0.0084375
v 0.068531955 -0.05594481 0.0140625
v 0.068628345 -0.055715775 0.0084375
v 0.06867789 -0.055588725 0.0140625
v 0.06877377 -0.05535315 0.0084375
v 0.068822415 -0.055225545 0.0140625
v 0.068915535 -0.054984555 0.0084375
v 0.068964765 -0.05485482 0.0140625
v 0.06905418 -0.054609645 0.0084375
v 0.06910419 -0.054476145 0.0140625
v 0.06918897 -0.05422899 0.0084375
v 0.06923991 -0.054089085 0.0140625
v 0.0693192 -0.05384319 0.0084375
v 0.06937119 -0.053693175 0.0140625
v 0.069444345 -0.0534525 0.0084375
v 0.069466275 -0.053390205 0.0140625
v 0.069525495 -0.05318871 0.0084375
v 0.069558105 -0.053081835 0.0140625
v 0.06960468 -0.052922445 0.0084375
v 0.06964761 -0.052766025 0.0140625
v 0.06968172 -0.052654095 0.0084375
v 0.06973599 -0.05244123 0.0140625
v 0.06975639 -0.05238399 0.0084375
v 0.06982848 -0.052112475 0.0084375
v 0.06982275 -0.052108965 0.0140625
v 0.069897795 -0.051839925 0.0084375
v 0.069907395 -0.051770775 0.0140625
v 0.06996459 -0.05156553 0.0084375
v 0.06998943 -0.051428175 0.0140625
v 0.070029045 -0.05128896 0.0084375
v 0.070068345 -0.05108271 0.0140625
v 0.070090995 -0.0510108 0.0084375
v 0.070143645 -0.050735895 0.0140625
v 0.07015032 -0.050731635 0.0084375
v 0.070206855 -0.05045205 0.0084375
v 0.070214835 -0.050389245 0.0140625
v 0.07026045 -0.050172615 0.0084375
v 0.07028142 -0.050044335 0.0140625
v 0.07031097 -0.049893705 0.0084375
v 0.07034289 -0.04970265 0.0140625
v 0.070358625 -0.049613955 0.0084375
v 0.070398765 -0.049365615 0.0140625
v 0.07040343 -0.049333485 0.0084375
v 0.070445385 -0.049052925 0.0084375
v 0.07044948 -0.049028955 0.0140625
v 0.07048449 -0.048772875 0.0084375
v 0.070495515 -0.048690675 0.0140625
v 0.070520715 -0.04849395 0.0084375
v 0.070537065 -0.04835166 0.0140625
v 0.07055406 -0.04821675 0.0084375
v 0.070574325 -0.048012825 0.0140625
v 0.070584465 -0.047941155 0.0084375
v 0.070607445 -0.047675085 0.0140625
v 0.070611825 -0.047665905 0.0084375
v 0.07063662 -0.047339325 0.0140625
v 0.070647405 -0.04725483 0.0084375
v 0.07066203 -0.04700646 0.0140625
v 0.070676835 -0.0468477 0.0084375
v 0.070683855 -0.046677405 0.0140625
v 0.07070052 -0.04644651 0.0084375
v 0.070702275 -0.046353045 0.0140625
v 0.07071846 -0.04605189 0.0084375
v 0.070717485 -0.04603431 0.0140625
v 0.07073004 -0.04566177 0.0084375
v 0.07072947 -0.045721845 0.0140625
v 0.07073874 -0.04531221 0.0140625
v 0.070735995 -0.04527759 0.0084375
v 0.070740555 -0.044909685 0.0140625
v 0.070737105 -0.04490106 0.0084375
v 0.070734135 -0.044533755 0.0084375
v 0.070735695 -0.044514 0.0140625
v 0.07072614 -0.044175045 0.0084375
v 0.07072494 -0.04412493 0.0140625
v 0.070713345 -0.043824375 0.0084375
v 0.0707091 -0.043742235 0.0140625
v 0.07069662 -0.043481835 0.0084375
v 0.070688955 -0.043365675 0.0140625
v 0.07067685 -0.0431475 0.0084375
v 0.070665285 -0.04299501 0.0140625
v 0.070654125 -0.042821625 0.0084375
v 0.07063878 -0.04263006 0.0140625
v 0.070627665 -0.042504315 0.0084375
v 0.0706077 -0.042271485 0.0140625
v 0.070598145 -0.042194985 0.0084375
v 0.07057155 -0.041919405 0.0140625
v 0.07056624 -0.041893065 0.0084375
v 0.070532535 -0.041598135 0.0084375
v 0.070530915 -0.04157358 0.0140625
v 0.070496355 -0.0413109 0.0084375
v 0.07048632 -0.041233725 0.0140625
v 0.07045782 -0.04103106 0.0084375
v 0.070438335 -0.040899585 0.0140625
v 0.070417485 -0.040758 0.0084375
v 0.070387515 -0.04057089 0.0140625
v 0.070375815 -0.040491075 0.0084375
v 0.070334385 -0.040247385 0.0140625
v 0.070332795 -0.040230495 0.0084375
v 0.07028805 -0.03997668 0.0084375
v 0.070279485 -0.03992883 0.0140625
v 0.07024194 -0.039728955 0.0084375
v 0.070221705 -0.03961584 0.0140625
v 0.07019478 -0.039486675 0.0084375
v 0.07016055 -0.03930867 0.0140625
v 0.07014684 -0.03924936 0.0084375
v 0.070097775 -0.03901788 0.0084375
v 0.07009644 -0.039007035 0.0140625
v 0.07004769 -0.038791785 0.0084375
v 0.070029735 -0.038710695 0.0140625
v 0.06999678 -0.038570415 0.0084375
v 0.069960855 -0.038419395 0.0140625
v 0.069945225 -0.03835305 0.0084375
v 0.069892995 -0.03814011 0.0084375
v 0.06989016 -0.038132865 0.0140625
v 0.069839985 -0.037931835 0.0084375
v 0.06981804 -0.03785085 0.0140625
v 0.069731985 -0.03752667 0.0084375
v 0.069744885 -0.037573125 0.0140625
v 0.069670005 -0.037300185 0.0140625
v 0.06962151 -0.03713421 0.0084375
v 0.069592965 -0.03703236 0.0140625
v 0.069508695 -0.03675525 0.0084375
v 0.069514035 -0.036769395 0.0140625
v 0.069394425 -0.03638886 0.0084375
v 0.0693927 -0.036383535 0.0140625
v 0.069278565 -0.03603516 0.0084375
v 0.069268665 -0.036007305 0.0140625
v 0.06916281 -0.03569562 0.0084375
v 0.069142815 -0.03563991 0.0140625
v 0.06904698 -0.03537015 0.0084375
v 0.069015435 -0.035281215 0.0140625
v 0.06893256 -0.035059695 0.0084375
v 0.06888525 -0.034932375 0.0140625
v 0.068820015 -0.03476514 0.0084375
v 0.06875274 -0.034592835 0.0140625
v 0.068709465 -0.034485075 0.0084375
v 0.06861858 -0.03426186 0.0140625
v 0.06860151 -0.034219305 0.0084375
v 0.0684957 -0.033966555 0.0084375
v 0.068483385 -0.033938745 0.0140625
v 0.068391525 -0.03372375 0.0084375
v 0.06834771 -0.033622905 0.0140625
v 0.068289015 -0.03349116 0.0084375
v 0.06821085 -0.033315675 0.0140625
v 0.068187225 -0.03326529 0.0084375
v 0.06808635 -0.03304668 0.0084375
v 0.06807273 -0.03301683 0.0140625
v 0.067984905 -0.03283164 0.0084375
v 0.067933695 -0.032725425 0.0140625
v 0.067882845 -0.03261996 0.0084375
v 0.067794045 -0.0324405 0.0140625
v 0.0677793 -0.03240975 0.0084375
v 0.067673655 -0.032199285 0.0084375
v 0.067654095 -0.03216111 0.0140625
v 0.067566105 -0.03198948 0.0084375
v 0.067513185 -0.031886865 0.0140625
v 0.06745641 -0.031780485 0.0084375
v 0.067370775 -0.031618395 0.0140625
v 0.067344795 -0.031572315 0.0084375
v 0.06722799 -0.03135624 0.0140625
v 0.067231905 -0.031365315 0.0084375
v 0.06711768 -0.031159425 0.0084375
v 0.067085985 -0.031100865 0.0140625
v 0.067002975 -0.03095466 0.0084375
v 0.06694587 -0.03085278 0.0140625
v 0.066888 -0.030750915 0.0084375
v 0.0668085 -0.03061266 0.0140625
v 0.06677196 -0.030548715 0.0084375
v 0.06667305 -0.030381045 0.0140625
v 0.066655065 -0.03034902 0.0084375
v 0.066539145 -0.030156855 0.0140625
v 0.06653604 -0.030149535 0.0084375
v 0.06641289 -0.029947425 0.0084375
v 0.066406605 -0.029938845 0.0140625
v 0.066287295 -0.029744715 0.0084375
v 0.066275205 -0.029725755 0.0140625
v 0.06616122 -0.02954295 0.0084375
v 0.06614475 -0.029516385 0.0140625
v 0.066034665 -0.029342505 0.0084375
v 0.066015135 -0.029311425 0.0140625
v 0.06591222 -0.029151585 0.0084375
v 0.065886525 -0.02911146 0.0140625
v 0.06579348 -0.0289698 0.0084375
v 0.065759145 -0.02891631 0.0140625
v 0.065680725 -0.028798485 0.0084375
v 0.065633205 -0.028725795 0.0140625
v 0.065574705 -0.028638345 0.0084375
v 0.065508945 -0.028539735 0.0140625
v 0.065474385 -0.028488255 0.0084375
v 0.065379765 -0.02834841 0.0084375
v 0.06529014 -0.028217505 0.0084375
v 0.065264985 -0.028181175 0.0140625
v 0.065204565 -0.028093845 0.0084375
v 0.06512304 -0.027977355 0.0084375
v 0.065044305 -0.02786532 0.0084375
v 0.06502722 -0.02784087 0.0140625
v 0.06496851 -0.02775807 0.0084375
v 0.064895835 -0.02765565 0.0084375
v 0.064826265 -0.027557955 0.0084375
v 0.06479769 -0.0275181 0.0140625
v 0.06476001 -0.027465345 0.0084375
v 0.064697265 -0.027377985 0.0084375
v 0.064637775 -0.02729562 0.0084375
v 0.064581555 -0.027218295 0.0084375
v 0.06457779 -0.02721498 0.0140625
v 0.064528305 -0.027145575 0.0084375
v 0.06447738 -0.027076575 0.0084375
v 0.064428825 -0.027011325 0.0084375
v 0.064381695 -0.026948355 0.0084375
v 0.064364685 -0.02692713 0.0140625
v 0.06433608 -0.02688786 0.0084375
v 0.064291185 -0.026828505 0.0084375
v 0.064246965 -0.02677023 0.0084375
v 0.06420294 -0.026712345 0.0084375
v 0.064158735 -0.02665425 0.0084375
v 0.064156425 -0.026650005 0.0140625
v 0.06411453 -0.02659617 0.0084375
v 0.06407025 -0.026538015 0.0084375
v 0.064025985 -0.02647986 0.0084375
v 0.063981825 -0.026422035 0.0084375
v 0.06395583 -0.02638752 0.0140625
v 0.063937785 -0.02636451 0.0084375
v 0.063893745 -0.02630736 0.0084375
v 0.06384975 -0.026250615 0.0084375
v 0.063805575 -0.02619414 0.0084375
v 0.063761115 -0.02613786 0.0084375
v 0.063751455 -0.026125995 0.0140625
v 0.06371643 -0.026081775 0.0084375
v 0.06367155 -0.02602581 0.0084375
v 0.063626475 -0.025969995 0.0084375
v 0.063581355 -0.025914225 0.0084375
v 0.06353613 -0.02585853 0.0084375
v 0.06353211 -0.02585208 0.0140625
v 0.063490905 -0.025802865 0.0084375
v 0.06344568 -0.02574723 0.0084375
v 0.063400395 -0.025691595 0.0084375
v 0.06335508 -0.025635975 0.0084375
v 0.06330966 -0.025580385 0.0084375
v 0.06330429 -0.025573485 0.0140625
v 0.063264075 -0.02552481 0.0084375
v 0.06321831 -0.025469325 0.0084375
v 0.06317235 -0.02541402 0.0084375
v 0.063126225 -0.025358895 0.0084375
v 0.06308253 -0.025306755 0.0140625
v 0.06308001 -0.025304085 0.0084375
v 0.06303372 -0.02524959 0.0084375
v 0.062987145 -0.02519499 0.0084375
v 0.062940255 -0.025140225 0.0084375
v 0.06289314 -0.025085265 0.0084375
v 0.0628713 -0.025056435 0.0140625
v 0.062845785 -0.02503008 0.0084375
v 0.06279828 -0.02497473 0.0084375
v 0.062750835 -0.02491935 0.0084375
v 0.062703255 -0.02486385 0.0084375
v 0.06266454 -0.024816555 0.0140625
v 0.06265533 -0.02480811 0.0084375
v 0.06260706 -0.024752115 0.0084375
v 0.062557845 -0.02469555 0.0084375
v 0.062507895 -0.02463858 0.0084375
v 0.062458965 -0.024584505 0.0140625
v 0.062455695 -0.024579915 0.0084375
v 0.0624012 -0.02451954 0.0084375
v 0.062343555 -0.024456465 0.0084375
v 0.06228213 -0.02439006 0.0084375
v 0.062258025 -0.024363285 0.0140625
v 0.06221691 -0.02432019 0.0084375
v 0.06214749 -0.02424618 0.0084375
v 0.06207381 -0.02416812 0.0084375
v 0.06205098 -0.02414334 0.0140625
v 0.061994865 -0.024085245 0.0084375
v 0.061910775 -0.0239976 0.0084375
v 0.061828965 -0.023916 0.0140625
v 0.061821555 -0.023906655 0.0084375
v 0.06172659 -0.023811945 0.0084375
v 0.061628835 -0.02371632 0.0084375
v 0.06159594 -0.023685135 0.0140625
v 0.061528965 -0.02362068 0.0084375
v 0.06142803 -0.023525655 0.0084375
v 0.0613515 -0.023454585 0.0140625
v 0.06132777 -0.02343249 0.0084375
v 0.06122778 -0.02334108 0.0084375
v 0.061128795 -0.023252445 0.0084375
v 0.06109038 -0.023220915 0.0140625
v 0.06103065 -0.02316636 0.0084375
v 0.06093321 -0.02308278 0.0084375
v 0.06083664 -0.02300193 0.0084375
v 0.06082071 -0.022990275 0.0140625
v 0.060739515 -0.02292222 0.0084375
v 0.0606417 -0.02284344 0.0084375
v 0.060558 -0.022776765 0.0140625
v 0.060542685 -0.02276517 0.0084375
v 0.06044202 -0.02268696 0.0084375
v 0.060339675 -0.02260896 0.0084375
v 0.060301605 -0.02258067 0.0140625
v 0.060234885 -0.02253084 0.0084375
v 0.06012813 -0.022452885 0.0084375
v 0.06004773 -0.02239584 0.0140625
v 0.06002046 -0.022375995 0.0084375
v 0.059911605 -0.02230002 0.0084375
v 0.05980506 -0.022226895 0.0084375
v 0.059794275 -0.022218795 0.0140625
v 0.05970114 -0.02215695 0.0084375
v 0.059599815 -0.022089585 0.0084375
v 0.05954178 -0.022051005 0.0140625
v 0.05950167 -0.02202501 0.0084375
v 0.05940558 -0.021962385 0.0084375
v 0.05931069 -0.02190084 0.0084375
v 0.059294415 -0.02189037 0.0140625
v 0.059216925 -0.021840465 0.0084375
v 0.059123265 -0.021780495 0.0084375
v 0.05905362 -0.02173614 0.0140625
v 0.059029845 -0.021721065 0.0084375
v 0.05893587 -0.02166177 0.0084375
v 0.058841265 -0.021602595 0.0084375
v 0.058818495 -0.02158875 0.0140625
v 0.058746525 -0.02154387 0.0084375
v 0.05865147 -0.021485535 0.0084375
v 0.058589745 -0.021447675 0.0140625
v 0.058557015 -0.021428025 0.0084375
v 0.058463625 -0.021371565 0.0084375
v 0.058371585 -0.02131626 0.0084375
v 0.058367685 -0.02131365 0.0140625
v 0.05828172 -0.02126247 0.0084375
v 0.058193985 -0.021210165 0.0084375
v 0.05815146 -0.02118492 0.0140625
v 0.0581094 -0.021159855 0.0084375
v 0.05802792 -0.02111151 0.0084375
v 0.05794884 -0.02106468 0.0084375
v 0.057939495 -0.02105892 0.0140625
v 0.057872385 -0.021019485 0.0084375
v 0.057797385 -0.020975205 0.0084375
v 0.05773161 -0.02093604 0.0140625
v 0.05772351 -0.020931645 0.0084375
v 0.05765049 -0.020888655 0.0084375
v 0.057577755 -0.02084592 0.0084375
v 0.05753355 -0.020819955 0.0140625
v 0.0575055 -0.02080356 0.0084375
v 0.057433455 -0.020761515 0.0084375
v 0.057361755 -0.02071986 0.0084375
v 0.057351525 -0.02071446 0.0140625
v 0.05729142 -0.02067927 0.0084375
v 0.057222165 -0.020639595 0.0084375
v 0.057179925 -0.02061612 0.0140625
v 0.057156 -0.02060193 0.0084375
v 0.05709342 -0.02056656 0.0084375
v 0.05703444 -0.02053338 0.0084375
v 0.05700576 -0.020517 0.0140625
v 0.05697963 -0.020502585 0.0084375
v 0.056928405 -0.020473845 0.0084375
v 0.05688012 -0.020446755 0.0084375
v 0.056834865 -0.020421345 0.0084375
v 0.05682141 -0.020412945 0.0140625
v 0.056792085 -0.0203973 0.0084375
v 0.0567519 -0.02037468 0.0084375
v 0.056713605 -0.020353095 0.0084375
v 0.056677245 -0.020332545 0.0084375
v 0.056644065 -0.02031333 0.0140625
v 0.056642295 -0.020312775 0.0084375
v 0.05660862 -0.020293665 0.0084375
v 0.056575995 -0.020275125 0.0084375
v 0.056544075 -0.02025699 0.0084375
v 0.05651286 -0.02023923 0.0084375
v 0.05649534 -0.02022957 0.0140625
v 0.056481915 -0.020221635 0.0084375
v 0.0564513 -0.02020422 0.0084375
v 0.0564207 -0.020186865 0.0084375
v 0.056390115 -0.020169525 0.0084375
v 0.0563595 -0.02015229 0.0084375
v 0.05637447 -0.020161005 0.0140625
v 0.056328825 -0.02013513 0.0084375
v 0.05629806 -0.02011815 0.0084375
v 0.056267145 -0.02010138 0.0084375
v 0.056253765 -0.020094345 0.0140625
v 0.05623611 -0.02008485 0.0084375
v 0.05620509 -0.02006868 0.0084375
v 0.056173965 -0.02005278 0.0084375
v 0.056142255 -0.020036685 0.0084375
v 0.056122275 -0.02002689 0.0140625
v 0.05611008 -0.020020485 0.0084375
v 0.056076555 -0.020003535 0.0084375
v 0.05604168 -0.019985805 0.0084375
v 0.056005035 -0.01996704 0.0084375
v 0.05598432 -0.019958445 0.0140625
v 0.055966455 -0.01994712 0.0084375
v 0.055925805 -0.019925925 0.0084375
v 0.05588262 -0.0199032 0.0084375
v 0.055837275 -0.019879065 0.0084375
v 0.05581641 -0.019866675 0.0140625
v 0.055790505 -0.019853775 0.0084375
v 0.05574219 -0.0198273 0.0084375
v 0.05569293 -0.01979976 0.0084375
v 0.05564268 -0.01977117 0.0084375
v 0.05559171 -0.019741485 0.0084375
v 0.05559393 -0.01973571 0.0140625
v 0.05554014 -0.01971078 0.0084375
v 0.055487805 -0.019678755 0.0084375
v 0.055434645 -0.01964523 0.0084375
v 0.055380585 -0.01961022 0.0084375
v 0.055362255 -0.019594095 0.0140625
v 0.055325325 -0.019573515 0.0084375
v 0.055268985 -0.019535235 0.0084375
v 0.055211745 -0.019495545 0.0084375
v 0.055182915 -0.0194775 0.0140625
v 0.05515353 -0.019454415 0.0084375
v 0.055095285 -0.019412595 0.0084375
v 0.05503698 -0.01936998 0.0084375
v 0.055050255 -0.01938126 0.0140625
v 0.05497932 -0.019327545 0.0084375
v 0.054934245 -0.019293705 0.0140625
v 0.05492298 -0.019285815 0.0084375
v 0.054867075 -0.01924455 0.0084375
v 0.054825255 -0.019215735 0.0140625
v 0.05481093 -0.01920396 0.0084375
v 0.05475465 -0.01916367 0.0084375
v 0.05472717 -0.01914624 0.0140625
v 0.054697785 -0.01912257 0.0084375
v 0.05464041 -0.01908087 0.0084375
v 0.0546021 -0.01905216 0.0140625
v 0.054582975 -0.019038465 0.0084375
v 0.054525405 -0.01899537 0.0084375
v 0.054468135 -0.01895163 0.0084375
v 0.054429585 -0.01891803 0.0140625
v 0.05441127 -0.01890723 0.0084375
v 0.054354765 -0.018862215 0.0084375
v 0.054298935 -0.01881678 0.0084375
v 0.05424321 -0.01877052 0.0084375
v 0.05423736 -0.018764025 0.0140625
v 0.054186825 -0.018722895 0.0084375
v 0.05412975 -0.018673845 0.0084375
v 0.05407056 -0.018621975 0.0084375
v 0.054058815 -0.01861257 0.0140625
v 0.05400942 -0.018567435 0.0084375
v 0.053945745 -0.0185097 0.0084375
v 0.053894715 -0.01846635 0.0140625
v 0.0538791 -0.01844847 0.0084375
v 0.053810895 -0.018384735 0.0084375
v 0.05374143 -0.018318705 0.0084375
v 0.0537255 -0.018304905 0.0140625
v 0.05367129 -0.01825074 0.0084375
v 0.053601285 -0.018181305 0.0084375
v 0.05353383 -0.01810926 0.0140625
v 0.053531535 -0.018110535 0.0084375
v 0.05346333 -0.01803939 0.0084375
v 0.05339649 -0.01796775 0.0084375
v 0.053331705 -0.017896515 0.0084375
v 0.05332608 -0.017886585 0.0140625
v 0.05326893 -0.01782558 0.0084375
v 0.053208435 -0.017755695 0.0084375
v 0.05315019 -0.01768686 0.0084375
v 0.05312619 -0.017658135 0.0140625
v 0.05309451 -0.01761966 0.0084375
v 0.053041725 -0.017554695 0.0084375
v 0.052991625 -0.017491785 0.0084375
v 0.05294418 -0.0174312 0.0084375
v 0.052945545 -0.01743474 0.0140625
v 0.05289927 -0.01737276 0.0084375
v 0.052856115 -0.017315805 0.0084375
v 0.052814805 -0.01726044 0.0084375
v 0.05277456 -0.017205885 0.0084375
v 0.05277291 -0.017205345 0.0140625
v 0.052735335 -0.017152125 0.0084375
v 0.05269674 -0.017098695 0.0084375
v 0.052658475 -0.017045355 0.0084375
v 0.05262063 -0.016992045 0.0084375
v 0.05259735 -0.0169572 0.0140625
v 0.052583145 -0.0169386 0.0084375
v 0.05254605 -0.01688505 0.0084375
v 0.0525093 -0.01683126 0.0084375
v 0.05247291 -0.01677729 0.0084375
v 0.05243688 -0.01672305 0.0084375
v 0.052415655 -0.016683615 0.0140625
v 0.05240124 -0.016668555 0.0084375
v 0.05236602 -0.016613805 0.0084375
v 0.05233125 -0.01655877 0.0084375
v 0.05229693 -0.0165036 0.0084375
v 0.05226303 -0.01644837 0.0084375
v 0.05223972 -0.016406685 0.0140625
v 0.05222955 -0.01639314 0.0084375
v 0.05219655 -0.01633821 0.0084375
v 0.052163955 -0.016283475 0.0084375
v 0.05213148 -0.016228815 0.0084375
v 0.052099125 -0.0161742 0.0084375
v 0.052080825 -0.016146825 0.0140625
v 0.052066995 -0.01611999 0.0084375
v 0.052035015 -0.016066125 0.0084375
v 0.05200353 -0.01601295 0.0084375
v 0.05197272 -0.01596069 0.0084375
v 0.05193564 -0.015896985 0.0140625
v 0.05194251 -0.015909195 0.0084375
v 0.051912975 -0.01585848 0.0084375
v 0.05188404 -0.015808455 0.0084375
v 0.051855585 -0.015758835 0.0084375
v 0.051827655 -0.01570962 0.0084375
v 0.051799935 -0.015660525 0.0084375
v 0.05179695 -0.015654945 0.0140625
v 0.051772485 -0.01561152 0.0084375
v 0.051745065 -0.01556247 0.0084375
v 0.0517176 -0.01551324 0.0084375
v 0.051690105 -0.01546404 0.0084375
v 0.051662925 -0.015420525 0.0140625
v 0.051662565 -0.015415005 0.0084375
v 0.05163492 -0.01536612 0.0084375
v 0.05160708 -0.015317445 0.0084375
v 0.05157906 -0.015268965 0.0084375
v 0.051550965 -0.015220575 0.0084375
v 0.051534135 -0.015193695 0.0140625
v 0.051522765 -0.01517229 0.0084375
v 0.05149464 -0.0151242 0.0084375
v 0.051466635 -0.01507635 0.0084375
v 0.05143872 -0.01502862 0.0084375
v 0.05141094 -0.014980965 0.0084375
v 0.051406785 -0.01497402 0.0140625
v 0.05138322 -0.014933385 0.0084375
v 0.051355515 -0.01488579 0.0084375
v 0.05132781 -0.014838195 0.0084375
v 0.051299955 -0.014790585 0.0084375
v 0.05127195 -0.014742945 0.0084375
v 0.051284715 -0.014765955 0.0140625
v 0.051243705 -0.014695545 0.0084375
v 0.051215235 -0.014648355 0.0084375
v 0.05118651 -0.014601555 0.0084375
v 0.05115756 -0.01455531 0.0084375
v 0.051159075 -0.014558805 0.0140625
v 0.051128295 -0.01450926 0.0084375
v 0.051098625 -0.01446315 0.0084375
v 0.051068595 -0.014417025 0.0084375
v 0.051038295 -0.01437072 0.0084375
v 0.051018045 -0.01433817 0.0140625
v 0.051007695 -0.014324295 0.0084375
v 0.05097696 -0.014277855 0.0084375
v 0.050946105 -0.01423143 0.0084375
v 0.050915085 -0.01418502 0.0084375
v 0.05088405 -0.01413882 0.0084375
v 0.05086413 -0.01410615 0.0140625
v 0.050852535 -0.014092215 0.0084375
v 0.05082048 -0.014045115 0.0084375
v 0.050787555 -0.01399716 0.0084375
v 0.050753385 -0.0139479 0.0084375
v 0.05071788 -0.013897245 0.0084375
v 0.050703885 -0.01387707 0.0140625
v 0.05068017 -0.01384434 0.0084375
v 0.050640375 -0.013789275 0.0084375
v 0.050598465 -0.01373253 0.0084375
v 0.05055414 -0.0136737 0.0084375
v 0.050538915 -0.0136569 0.0140625
v 0.050508945 -0.013615005 0.0084375
v 0.05046303 -0.01355685 0.0084375
v 0.050417265 -0.01349997 0.0084375
v 0.05036895 -0.013442775 0.0140625
v 0.050372565 -0.013445355 0.0084375
v 0.050328825 -0.013392765 0.0084375
v 0.05028687 -0.013342695 0.0084375
v 0.05024646 -0.01329495 0.0084375
v 0.0502071 -0.013248735 0.0084375
v 0.050200725 -0.01324119 0.0140625
v 0.050168865 -0.013204155 0.0084375
v 0.050131275 -0.0131607 0.0084375
v 0.050094315 -0.013118295 0.0084375
v 0.050057625 -0.013076745 0.0084375
v 0.050037945 -0.01305588 0.0140625
v 0.050021055 -0.013035885 0.0084375
v 0.049984455 -0.012995655 0.0084375
v 0.049947555 -0.01295592 0.0084375
v 0.0499104 -0.01291665 0.0084375
v 0.04987281 -0.012877695 0.0084375
v 0.04987326 -0.012879405 0.0140625
v 0.049834815 -0.012839085 0.0084375
v 0.04979643 -0.012800595 0.0084375
v 0.04975761 -0.012762225 0.0084375
v 0.049718565 -0.012724035 0.0084375
v 0.04969923 -0.012703755 0.0140625
v 0.04967943 -0.012686085 0.0084375
v 0.04964004 -0.01264821 0.0084375
v 0.04960032 -0.012610305 0.0084375
v 0.04956024 -0.0125724 0.0084375
v 0.049519635 -0.012534345 0.0084375
v 0.049518555 -0.012531075 0.0140625
v 0.049478535 -0.01249623 0.0084375
v 0.04943706 -0.01245831 0.0084375
v 0.049395195 -0.012420585 0.0084375
v 0.049352775 -0.012383115 0.0084375
v 0.049326645 -0.012360165 0.0140625
v 0.049309725 -0.01234587 0.0084375
v 0.049266225 -0.012309 0.0084375
v 0.049222335 -0.012272625 0.0084375
v 0.0491781 -0.01223664 0.0084375
v 0.04913361 -0.012201045 0.0084375
v 0.04911918 -0.012188415 0.0140625
v 0.049088865 -0.01216578 0.0084375
v 0.04904394 -0.012130755 0.0084375
v 0.048998805 -0.01209597 0.0084375
v 0.048953475 -0.01206138 0.0084375
v 0.048907965 -0.012026985 0.0084375
v 0.04889853 -0.01201746 0.0140625
v 0.0488622 -0.01199277 0.0084375
v 0.048816105 -0.011958675 0.0084375
v 0.048769755 -0.01192485 0.0084375
v 0.04872321 -0.01189143 0.0084375
v 0.048676395 -0.011858385 0.0084375
v 0.0486675 -0.0118527 0.0140625
v 0.048629205 -0.011825835 0.0084375
v 0.048581685 -0.011793735 0.0084375
v 0.048533745 -0.01176213 0.0084375
v 0.0484854 -0.01173099 0.0084375
v 0.04842651 -0.01169487 0.0140625
v 0.04843671 -0.011700255 0.0084375
v 0.0483876 -0.011669895 0.0084375
v 0.048338355 -0.011639955 0.0084375
v 0.04828911 -0.01161045 0.0084375
v 0.04823985 -0.011581365 0.0084375
v 0.048190845 -0.01155279 0.0084375
v 0.0481752 -0.0115434 0.0140625
v 0.04814181 -0.011524605 0.0084375
v 0.04809192 -0.0114963 0.0084375
v 0.048041295 -0.011467965 0.0084375
v 0.047988705 -0.011439 0.0084375
v 0.04793427 -0.01140942 0.0084375
v 0.047912895 -0.011398815 0.0140625
v 0.047876925 -0.01137882 0.0084375
v 0.047816205 -0.011346975 0.0084375
v 0.047752245 -0.011314155 0.0084375
v 0.04768443 -0.011280255 0.0084375
v 0.047636445 -0.011259345 0.0140625
v 0.047613675 -0.011245755 0.0084375
v 0.04754157 -0.011211825 0.0084375
v 0.047468025 -0.0111783 0.0084375
v 0.04739541 -0.01114632 0.0084375
v 0.047358195 -0.01113126 0.0140625
v 0.047323515 -0.011115825 0.0084375
v 0.04725348 -0.011086965 0.0084375
v 0.04718571 -0.01105992 0.0084375
v 0.047119635 -0.01103427 0.0084375
v 0.04708617 -0.01101975 0.0140625
v 0.04705521 -0.01100982 0.0084375
v 0.04699221 -0.01098648 0.0084375
v 0.046930275 -0.010963965 0.0084375
v 0.04686942 -0.01094229 0.0084375
v 0.04681668 -0.01092249 0.0140625
v 0.04680921 -0.010921215 0.0084375
v 0.046749705 -0.010900785 0.0084375
v 0.04669035 -0.01088085 0.0084375
v 0.046631175 -0.01086141 0.0084375
v 0.04657179 -0.010842525 0.0084375
v 0.04655964 -0.01083873 0.0140625
v 0.046512 -0.01082415 0.0084375
v 0.046451895 -0.010806375 0.0084375
v 0.046391505 -0.010789305 0.0084375
v 0.04631688 -0.010769745 0.0140625
v 0.04633083 -0.01077285 0.0084375
v 0.046270005 -0.01075704 0.0084375
v 0.046208955 -0.010741815 0.0084375
v 0.04614696 -0.01072683 0.0084375
v 0.04608768 -0.01071342 0.0140625
v 0.04608399 -0.010712085 0.0084375
v 0.046020495 -0.010697595 0.0084375
v 0.04595637 -0.0106833 0.0084375
v 0.045892215 -0.010669365 0.0084375
v 0.04587714 -0.010665585 0.0140625
v 0.04582803 -0.010655745 0.0084375
v 0.045764505 -0.01064265 0.0084375
v 0.045702495 -0.01063029 0.0084375
v 0.045690855 -0.010627065 0.0140625
v 0.045642225 -0.010618755 0.0084375
v 0.045586065 -0.01060878 0.0084375
v 0.04553376 -0.010600275 0.0084375
v 0.04550967 -0.01059684 0.0140625
v 0.045484155 -0.01059306 0.0084375
v 0.045437475 -0.01058724 0.0084375
v 0.045392145 -0.010582245 0.0084375
v 0.045347655 -0.010577955 0.0084375
v 0.04531635 -0.01057341 0.0140625
v 0.045303885 -0.01057422 0.0084375
v 0.045260505 -0.01057083 0.0084375
v 0.04521744 -0.010567755 0.0084375
v 0.04517415 -0.010564815 0.0084375
v 0.04511748 -0.01055736 0.0140625
v 0.04513074 -0.010562025 0.0084375
v 0.045087285 -0.01055928 0.0084375
v 0.045043785 -0.01055661 0.0084375
v 0.045000375 -0.01055397 0.0084375
v 0.0449571 -0.010551345 0.0084375
v 0.044913945 -0.01054875 0.0084375
v 0.044913945 -0.01054875 0.0140625
v 0.044527815 -0.01052247 0.0084375
v 0.044585235 -0.010526355 0.0140625
v 0.044248035 -0.01050729 0.0140625
v 0.044125215 -0.010500945 0.0084375
v 0.043902375 -0.01049154 0.0140625
v 0.043706145 -0.010484175 0.0084375
v 0.04354878 -0.010478925 0.0140625
v 0.04326954 -0.010471575 0.0084375
v 0.043187565 -0.01046934 0.0140625
v 0.042816435 -0.010463715 0.0084375
v 0.042816375 -0.010463595 0.0140625
v 0.0423501 -0.01046232 0.0084375
v 0.042433005 -0.01046232 0.0140625
v 0.0420384 -0.01046484 0.0140625
v 0.041872695 -0.010467375 0.0084375
v 0.04163229 -0.01047198 0.0140625
v 0.04138221 -0.010478895 0.0084375
v 0.041213775 -0.010485015 0.0140625
v 0.04087575 -0.010498845 0.0084375
v 0.0407832 -0.010503405 0.0140625
v 0.040352715 -0.01052718 0.0084375
v 0.040340385 -0.01052745 0.0140625
v 0.039813675 -0.01056393 0.0084375
v 0.039884235 -0.01055877 0.0140625
v 0.039414495 -0.010597665 0.0140625
v 0.03925728 -0.01061166 0.0084375
v 0.038931615 -0.010643445 0.0140625
v 0.038683545 -0.010670325 0.0084375
v 0.038434485 -0.010698075 0.0140625
v 0.0380925 -0.01073994 0.0084375
v 0.03792225 -0.01076295 0.0140625
v 0.03748224 -0.010823805 0.0084375
v 0.037395675 -0.010836555 0.0140625
v 0.03685248 -0.01092201 0.0084375
v 0.036853875 -0.010920885 0.0140625
v 0.036530475 -0.01097616 0.0084375
v 0.036295695 -0.011018415 0.0140625
v 0.036203505 -0.011034405 0.0084375
v 0.035871345 -0.011097255 0.0084375
v 0.035721675 -0.011127585 0.0140625
v 0.03553383 -0.011165235 0.0084375
v 0.03519102 -0.011238 0.0084375
v 0.035131455 -0.011249655 0.0140625
v 0.034843155 -0.011314695 0.0084375
v 0.03452385 -0.011388 0.0140625
v 0.034490115 -0.011395965 0.0084375
v 0.03421338 -0.0114636 0.0140625
v 0.034131765 -0.011482485 0.0084375
v 0.033898725 -0.011542545 0.0140625
v 0.03376797 -0.01157493 0.0084375
v 0.03357978 -0.011625345 0.0140625
v 0.03339858 -0.01167396 0.0084375
v 0.03325641 -0.011712555 0.0140625
v 0.03302352 -0.01177923 0.0084375
v 0.032928495 -0.011804685 0.0140625
v 0.032642835 -0.011889675 0.0084375
v 0.0325959 -0.011902305 0.0140625
v 0.03225666 -0.012006015 0.0084375
v 0.032258505 -0.012005865 0.0140625
v 0.03191652 -0.012114105 0.0140625
v 0.03186513 -0.012129 0.0084375
v 0.03156999 -0.012226935 0.0140625
v 0.03146835 -0.012259425 0.0084375
v 0.031218825 -0.012345015 0.0140625
v 0.031066455 -0.012398025 0.0084375
v 0.03086295 -0.012469065 0.0140625
v 0.03065952 -0.01254432 0.0084375
v 0.03050229 -0.01259979 0.0140625
v 0.0302475 -0.01269693 0.0084375
v 0.03013674 -0.012737895 0.0140625
v 0.02983026 -0.01285689 0.0084375
v 0.029766255 -0.01288335 0.0140625
v 0.029407725 -0.013025295 0.0084375
v 0.029390955 -0.0130344 0.0140625
v 0.028979775 -0.013203225 0.0084375
v 0.02901084 -0.013191735 0.0140625
v 0.02862591 -0.01335624 0.0140625
v 0.028546305 -0.01339176 0.0084375
v 0.028236165 -0.013528845 0.0140625
v 0.028107435 -0.013590255 0.0084375
v 0.02784162 -0.01371045 0.0140625
v 0.02766342 -0.01379661 0.0084375
v 0.02744226 -0.013901955 0.0140625
v 0.02721402 -0.014012355 0.0084375
v 0.027037935 -0.014101845 0.0140625
v 0.02675901 -0.01423914 0.0084375
v 0.026628615 -0.014309145 0.0140625
v 0.026298105 -0.01447863 0.0084375
v 0.02621445 -0.014525055 0.0140625
v 0.02583108 -0.01473243 0.0084375
v 0.025795605 -0.014750715 0.0140625
v 0.02535753 -0.01500009 0.0084375
v 0.025372245 -0.01498734 0.0140625
v 0.02494452 -0.0152361 0.0140625
v 0.02487729 -0.01527873 0.0084375
v 0.024512445 -0.01549758 0.0140625
v 0.024390975 -0.015569985 0.0084375
v 0.02407536 -0.01576866 0.0140625
v 0.02389923 -0.015875685 0.0084375
v 0.02363349 -0.01604997 0.0140625
v 0.0234027 -0.016197645 0.0084375
v 0.02318724 -0.016343025 0.0140625
v 0.022902015 -0.01653765 0.0084375
v 0.022737075 -0.01664937 0.0140625
v 0.02239575 -0.01689642 0.0084375
v 0.0222834 -0.01697052 0.0140625
v 0.02188098 -0.01727208 0.0084375
v 0.02182668 -0.017308005 0.0140625
v 0.021534585 -0.01753182 0.0084375
v 0.021365985 -0.017661015 0.0140625
v 0.021186735 -0.017798925 0.0084375
v 0.02089998 -0.01802691 0.0140625
v 0.020838405 -0.018073395 0.0084375
v 0.020490585 -0.01835517 0.0084375
v 0.02042997 -0.01840704 0.0140625
v 0.02014422 -0.01864422 0.0084375
v 0.01995735 -0.018802845 0.0140625
v 0.019800315 -0.018940515 0.0084375
v 0.019483455 -0.01921572 0.0140625
v 0.01945863 -0.019244355 0.0084375
v 0.01916751 -0.019501155 0.0140625
v 0.019115625 -0.01955688 0.0084375
v 0.018852 -0.01979523 0.0140625
v 0.01877193 -0.019877595 0.0084375
v 0.01853694 -0.02009847 0.0140625
v 0.018428655 -0.020205855 0.0084375
v 0.01821876 -0.02041194 0.0140625
v 0.018086925 -0.02054103 0.0084375
v 0.017897715 -0.020735115 0.0140625
v 0.01774782 -0.02088249 0.0084375
v 0.01757517 -0.02106705 0.0140625
v 0.017412465 -0.021229575 0.0084375
v 0.01725252 -0.021406845 0.0140625
v 0.01708197 -0.021581655 0.0084375
v 0.01693113 -0.021753585 0.0140625
v 0.01675743 -0.0219381 0.0084375
v 0.016612395 -0.02210634 0.0140625
v 0.016439085 -0.02229897 0.0084375
v 0.01629771 -0.02246421 0.0140625
v 0.016123845 -0.022666725 0.0084375
v 0.01598844 -0.022826265 0.0140625
v 0.01581192 -0.02304096 0.0084375
v 0.015685965 -0.02319159 0.0140625
v 0.01550391 -0.02342091 0.0084375
v 0.01539096 -0.02355984 0.0140625
v 0.015200475 -0.023805795 0.0084375
v 0.015099885 -0.0239337 0.0140625
v 0.014902215 -0.02419482 0.0084375
v 0.014812425 -0.024313305 0.0140625
v 0.014609775 -0.024587235 0.0084375
v 0.014528955 -0.024698205 0.0140625
v 0.0143238 -0.02498223 0.0084375
v 0.014249895 -0.025087935 0.0140625
v 0.014044905 -0.025379055 0.0084375
v 0.013975665 -0.025482015 0.0140625
v 0.013773255 -0.02577777 0.0084375
v 0.01370664 -0.025879995 0.0140625
v 0.013507155 -0.02618169 0.0084375
v 0.01344324 -0.026281425 0.0140625
v 0.01324665 -0.026590305 0.0084375
v 0.01318587 -0.02668584 0.0140625
v 0.012992085 -0.02700246 0.0084375
v 0.012934935 -0.027092775 0.0140625
v 0.01274379 -0.02741703 0.0084375
v 0.012690525 -0.0275022 0.0140625
v 0.01250214 -0.02783292 0.0084375
v 0.01245156 -0.02791554 0.0140625
v 0.012267465 -0.028248975 0.0084375
v 0.01221804 -0.028332735 0.0140625
v 0.01204011 -0.028664085 0.0084375
v 0.011990085 -0.028753515 0.0140625
v 0.01182042 -0.02907711 0.0084375
v 0.011767845 -0.02917761 0.0140625
v 0.01160865 -0.029487795 0.0084375
v 0.011551455 -0.02960475 0.0140625
v 0.011404395 -0.029899935 0.0084375
v 0.01134102 -0.030034665 0.0140625
v 0.011207475 -0.030313245 0.0084375
v 0.011136675 -0.030467085 0.0140625
v 0.011017755 -0.030726705 0.0084375
v 0.01093857 -0.030901755 0.0140625
v 0.0108351 -0.03113928 0.0084375
v 0.010746825 -0.03133839 0.0140625
v 0.01065942 -0.031549965 0.0084375
v 0.010561275 -0.0317781 0.0140625
v 0.01049055 -0.031957725 0.0084375
v 0.01038123 -0.032223885 0.0140625
v 0.010328385 -0.03236154 0.0084375
v 0.0102069 -0.032674545 0.0140625
v 0.01017282 -0.03276039 0.0084375
v 0.010038525 -0.03312858 0.0140625
v 0.009952395 -0.033349035 0.0084375
v 0.009876345 -0.03358455 0.0140625
v 0.00974931 -0.033930405 0.0084375
v 0.0097206 -0.03404094 0.0140625
v 0.009562065 -0.03450426 0.0084375
v 0.009571545 -0.03449628 0.0140625
v 0.009429435 -0.034949115 0.0140625
v 0.00938892 -0.035069955 0.0084375
v 0.009294495 -0.035397945 0.0140625
v 0.009228075 -0.03562677 0.0084375
v 0.009166995 -0.035841285 0.0140625
v 0.009077805 -0.03617403 0.0084375
v 0.009047265 -0.036280155 0.0140625
v 0.00893766 -0.03671127 0.0084375
v 0.008935425 -0.03671844 0.0140625
v 0.008810925 -0.03723903 0.0084375
v 0.0088311 -0.03715551 0.0140625
v 0.008733885 -0.037590585 0.0140625
v 0.00869646 -0.037757595 0.0084375
v 0.00864336 -0.0380229 0.0140625
v 0.008592705 -0.038267175 0.0084375
v 0.00855915 -0.03845169 0.0140625
v 0.008498085 -0.03876801 0.0084375
v 0.008480835 -0.03887619 0.0140625
v 0.00841104 -0.03926034 0.0084375
v 0.008408025 -0.03929562 0.0140625
v 0.008331045 -0.039744045 0.0084375
v 0.008340315 -0.039709215 0.0140625
v 0.008260815 -0.040218345 0.0084375
v 0.00824769 -0.040317195 0.0140625
v 0.008199585 -0.04068372 0.0084375
v 0.008169225 -0.040912335 0.0140625
v 0.008146185 -0.04114083 0.0084375
v 0.008104965 -0.041496105 0.0140625
v 0.00809946 -0.041590305 0.0084375
v 0.00805824 -0.042032805 0.0084375
v 0.00805314 -0.042068865 0.0140625
v 0.00802206 -0.042468555 0.0084375
v 0.008011965 -0.04263102 0.0140625
v 0.007992885 -0.04289637 0.0084375
v 0.00797967 -0.04318293 0.0140625
v 0.007970235 -0.04331661 0.0084375
v 0.00795447 -0.04372497 0.0140625
v 0.007953315 -0.04372977 0.0084375
v 0.007941345 -0.04413645 0.0084375
v 0.00793617 -0.044257095 0.0140625
v 0.007933515 -0.04453713 0.0084375
v 0.0079281 -0.04477839 0.0140625
v 0.00792948 -0.04493217 0.0084375
v 0.00792936 -0.04528926 0.0140625
v 0.007930665 -0.045320895 0.0084375
v 0.007936695 -0.045703275 0.0084375
v 0.00793866 -0.045790155 0.0140625
v 0.007947 -0.046079445 0.0084375
v 0.00795477 -0.04628154 0.0140625
v 0.00796098 -0.04644948 0.0084375
v 0.0079764 -0.04676391 0.0140625
v 0.00797802 -0.0468135 0.0084375
v 0.00799785 -0.047171535 0.0084375
v 0.008002335 -0.04723773 0.0140625
v 0.008021595 -0.047523285 0.0084375
v 0.00803412 -0.047702235 0.0140625
v 0.00804894 -0.047868885 0.0084375
v 0.008072805 -0.048157035 0.0140625
v 0.008079435 -0.0482085 0.0084375
v 0.008112585 -0.04854231 0.0084375
v 0.008117475 -0.048602625 0.0140625
v 0.00814788 -0.048870495 0.0084375
v 0.008167245 -0.0490395 0.0140625
v 0.00818508 -0.04919307 0.0084375
v 0.00822123 -0.04946811 0.0140625
v 0.008225055 -0.049509615 0.0084375
v 0.008278515 -0.049888965 0.0140625
v 0.00831243 -0.050125365 0.0084375
v 0.008338635 -0.05030229 0.0140625
v 0.008407215 -0.05072001 0.0084375
v 0.00840333 -0.050707005 0.0140625
v 0.008472405 -0.05110329 0.0140625
v 0.008507955 -0.05129463 0.0084375
v 0.008545215 -0.051491625 0.0140625
v 0.00861579 -0.051848355 0.0084375
v 0.00862113 -0.051872445 0.0140625
v 0.008728575 -0.052383075 0.0084375
v 0.00869952 -0.05224623 0.0140625
v 0.008779725 -0.0526134 0.0140625
v 0.00884517 -0.052899735 0.0084375
v 0.008862105 -0.052973685 0.0140625
v 0.008966445 -0.053397555 0.0084375
v 0.00894759 -0.053326335 0.0140625
v 0.00903573 -0.05367177 0.0140625
v 0.00909081 -0.05387829 0.0084375
v 0.009126075 -0.054010395 0.0140625
v 0.00921732 -0.05434281 0.0084375
v 0.009218175 -0.054342645 0.0140625
v 0.009346665 -0.05479035 0.0084375
v 0.009311565 -0.054668895 0.0140625
v 0.00940587 -0.05498952 0.0140625
v 0.009477735 -0.05522283 0.0084375
v 0.0095019 -0.05530368 0.0140625
v 0.0096099 -0.055641255 0.0084375
v 0.009599745 -0.05561133 0.0140625
v 0.00974361 -0.0560448 0.0084375
v 0.009799575 -0.056208555 0.0140625
v 0.009878085 -0.056435145 0.0084375
v 0.01000275 -0.05678412 0.0140625
v 0.01001289 -0.056813265 0.0084375
v 0.01014837 -0.05717847 0.0084375
v 0.010208535 -0.057338745 0.0140625
v 0.01028382 -0.057531765 0.0084375
v 0.010417935 -0.057871275 0.0140625
v 0.010418805 -0.057873765 0.0084375
v 0.01055361 -0.058203975 0.0084375
v 0.01062918 -0.05838423 0.0140625
v 0.01068774 -0.058523415 0.0084375
v 0.010820865 -0.058832655 0.0084375
v 0.01084095 -0.058879335 0.0140625
v 0.01095321 -0.059131215 0.0084375
v 0.011054295 -0.059355045 0.0140625
v 0.011084445 -0.05942013 0.0084375
v 0.01121433 -0.0597 0.0084375
v 0.01126824 -0.05981307 0.0140625
v 0.011343045 -0.05997033 0.0084375
v 0.01147038 -0.060232065 0.0084375
v 0.011481555 -0.06025548 0.0140625
v 0.0115962 -0.06048585 0.0084375
v 0.011694765 -0.060681255 0.0140625
v 0.011720595 -0.060731205 0.0084375
v 0.011843415 -0.06096885 0.0084375
v 0.011907585 -0.06109107 0.0140625
v 0.01196451 -0.06119925 0.0084375
v 0.01208397 -0.061422045 0.0084375
v 0.012119115 -0.06148683 0.0140625
v 0.012201705 -0.061637925 0.0084375
v 0.012317625 -0.06184734 0.0084375
v 0.012329265 -0.06186864 0.0140625
v 0.012431805 -0.06204993 0.0084375
v 0.01253826 -0.06223605 0.0140625
v 0.0125442 -0.06224634 0.0084375
v 0.01265481 -0.06243705 0.0084375
v 0.0127455 -0.06259074 0.0140625
v 0.01276365 -0.0626217 0.0084375
v 0.012870735 -0.06280092 0.0084375
v 0.01295061 -0.062933595 0.0140625
v 0.01297614 -0.062975145 0.0084375
v 0.013079835 -0.063144105 0.0084375
v 0.01315392 -0.063263685 0.0140625
v 0.013181775 -0.06330813 0.0084375
v 0.013281945 -0.06346752 0.0084375
v 0.013355085 -0.063582225 0.0140625
v 0.013380375 -0.063622095 0.0084375
v 0.01347696 -0.063772065 0.0084375
v 0.013553745 -0.063890445 0.0140625
v 0.013571655 -0.06391761 0.0084375
v 0.013664505 -0.064058625 0.0084375
v 0.01375008 -0.064187565 0.0140625
v 0.01375545 -0.064195305 0.0084375
v 0.01384443 -0.064327845 0.0084375
v 0.01393149 -0.064456095 0.0084375
v 0.013943985 -0.064474215 0.0140625
v 0.014016585 -0.064580295 0.0084375
v 0.014099715 -0.064700625 0.0084375
v 0.01413522 -0.064751655 0.0140625
v 0.01418088 -0.06481695 0.0084375
v 0.01426008 -0.064929495 0.0084375
v 0.01432377 -0.06501963 0.0140625
v 0.014337315 -0.06503841 0.0084375
v 0.01441254 -0.06514356 0.0084375
v 0.01448586 -0.065245245 0.0084375
v 0.014509695 -0.065278155 0.0140625
v 0.01455732 -0.06534372 0.0084375
v 0.014626845 -0.065438745 0.0084375
v 0.014692905 -0.06552834 0.0140625
v 0.014694675 -0.0655308 0.0084375
v 0.01476099 -0.06562026 0.0084375
v 0.014825625 -0.06570684 0.0084375
v 0.014873505 -0.065770725 0.0140625
v 0.014888895 -0.065791035 0.0084375
v 0.01495107 -0.06587328 0.0084375
v 0.01501197 -0.06595329 0.0084375
v 0.015051525 -0.066004845 0.0140625
v 0.01507185 -0.066031485 0.0084375
v 0.01513098 -0.06610827 0.0084375
v 0.01518927 -0.066183495 0.0084375
v 0.015226455 -0.066231015 0.0140625
v 0.015246705 -0.06625719 0.0084375
v 0.0153033 -0.066329445 0.0084375
v 0.01535907 -0.06640026 0.0084375
v 0.01539765 -0.066449295 0.0140625
v 0.01541391 -0.06646956 0.0084375
v 0.015467745 -0.066537285 0.0084375
v 0.015520695 -0.06660357 0.0084375
v 0.01556454 -0.06665847 0.0140625
v 0.015572475 -0.066668115 0.0084375
v 0.01562289 -0.06673065 0.0084375
v 0.01567209 -0.0667914 0.0084375
v 0.015719805 -0.06685002 0.0084375
v 0.015728865 -0.066861 0.0140625
v 0.01576572 -0.066906195 0.0084375
v 0.01580997 -0.06696 0.0084375
v 0.015852495 -0.06701145 0.0084375
v 0.015892785 -0.06706008 0.0140625
v 0.01589319 -0.06706047 0.0084375
v 0.01593204 -0.067107 0.0084375
v 0.015969195 -0.06715128 0.0084375
v 0.016004805 -0.06719358 0.0084375
v 0.01603875 -0.067233705 0.0084375
v 0.016060905 -0.067260555 0.0140625
v 0.016071225 -0.06727197 0.0084375
v 0.01610244 -0.067308675 0.0084375
v 0.016132185 -0.06734358 0.0084375
v 0.01616079 -0.06737709 0.0084375
v 0.01618863 -0.067409685 0.0084375
v 0.01622721 -0.06745584 0.0140625
v 0.016215495 -0.06744111 0.0084375
v 0.016241655 -0.06747168 0.0084375
v 0.01626741 -0.067501785 0.0084375
v 0.01629261 -0.06753123 0.0084375
v 0.01631748 -0.067560285 0.0084375
v 0.01634235 -0.06758934 0.0084375
v 0.0163671 -0.067618275 0.0084375
v 0.016381365 -0.067635135 0.0140625
v 0.016391805 -0.067647165 0.0084375
v 0.016416555 -0.06767613 0.0084375
v 0.01644135 -0.06770517 0.0084375
v 0.01646616 -0.06773421 0.0084375
v 0.01649094 -0.06776319 0.0084375
v 0.016515705 -0.06779214 0.0084375
v 0.016513905 -0.067790025 0.0140625
v 0.016540485 -0.067821075 0.0084375
v 0.01656534 -0.06784998 0.0084375
v 0.016590165 -0.067878795 0.0084375
v 0.016615155 -0.06790764 0.0084375
v 0.01664052 -0.06793662 0.0084375
v 0.016630665 -0.06792618 0.0140625
v 0.01666614 -0.06796569 0.0084375
v 0.01669218 -0.067994895 0.0084375
v 0.01671891 -0.068024235 0.0084375
v 0.01674603 -0.06805356 0.0084375
v 0.016746465 -0.068054295 0.0140625
v 0.01677405 -0.0680832 0.0084375
v 0.016803585 -0.068113575 0.0084375
v 0.01683438 -0.06814443 0.0084375
v 0.01687182 -0.06818142 0.0140625
v 0.016866735 -0.06817608 0.0084375
v 0.016901205 -0.068209005 0.0084375
v 0.016937925 -0.06824325 0.0084375
v 0.016999125 -0.06830103 0.0140625
v 0.0169764 -0.068278515 0.0084375
v 0.01701618 -0.068314605 0.0084375
v 0.017057475 -0.06835164 0.0084375
v 0.01710006 -0.068389455 0.0084375
v 0.017134035 -0.06842064 0.0140625
v 0.01714353 -0.06842778 0.0084375
v 0.017187915 -0.06846663 0.0084375
v 0.01723332 -0.06850608 0.0084375
v 0.01727982 -0.06854616 0.0084375
v 0.017283975 -0.068549385 0.0140625
v 0.01732734 -0.06858687 0.0084375
v 0.017376 -0.068628195 0.0084375
v 0.01742595 -0.06867009 0.0084375
v 0.01744779 -0.068687385 0.0140625
v 0.01747701 -0.06871254 0.0084375
v 0.01752948 -0.06875559 0.0084375
v 0.01758384 -0.068799405 0.0084375
v 0.017624205 -0.06883083 0.0140625
v 0.01764039 -0.068844225 0.0084375
v 0.017698455 -0.068889525 0.0084375
v 0.017757345 -0.06893463 0.0084375
v 0.01781397 -0.068977185 0.0140625
v 0.017817435 -0.06897975 0.0084375
v 0.01787823 -0.069024675 0.0084375
v 0.01793889 -0.069068955 0.0084375
v 0.017999505 -0.06911256 0.0084375
v 0.018018345 -0.069126885 0.0140625
v 0.018060135 -0.069155625 0.0084375
v 0.0181206 -0.069198195 0.0084375
v 0.01818075 -0.06924015 0.0084375
v 0.01823634 -0.069280095 0.0140625
v 0.018240885 -0.06928167 0.0084375
v 0.018301335 -0.069322965 0.0084375
v 0.01836177 -0.069363885 0.0084375
v 0.018422685 -0.06940467 0.0084375
v 0.01846518 -0.06943344 0.0140625
v 0.018484935 -0.06944583 0.0084375
v 0.018548175 -0.069487185 0.0084375
v 0.01861281 -0.069528915 0.0084375
v 0.0186798 -0.06957144 0.0084375
v 0.01870185 -0.06958431 0.0140625
v 0.018748995 -0.069614775 0.0084375
v 0.018820455 -0.06965886 0.0084375
v 0.01889466 -0.069703785 0.0084375
v 0.01894677 -0.069733875 0.0140625
v 0.01897158 -0.069749595 0.0084375
v 0.01905117 -0.069796215 0.0084375
v 0.019133565 -0.0698436 0.0084375
v 0.019204875 -0.069883725 0.0140625
v 0.019218645 -0.06989172 0.0084375
v 0.019306545 -0.069940605 0.0084375
v 0.01939755 -0.06999039 0.0084375
v 0.01948089 -0.07003545 0.0140625
v 0.019491585 -0.07004103 0.0084375
v 0.019588695 -0.07009254 0.0084375
v 0.019689075 -0.070144935 0.0084375
v 0.019774035 -0.07018977 0.0140625
v 0.01979259 -0.0701982 0.0084375
v 0.019899405 -0.07025235 0.0084375
v 0.02000988 -0.07030731 0.0084375
v 0.020082765 -0.070344435 0.0140625
v 0.02012376 -0.070363155 0.0084375
v 0.02024139 -0.070419795 0.0084375
v 0.020363445 -0.07047708 0.0084375
v 0.020406255 -0.07049679 0.0140625
v 0.02048988 -0.070535055 0.0084375
v 0.020620695 -0.070593675 0.0084375
v 0.0207432 -0.07064655 0.0140625
v 0.020756295 -0.07065276 0.0084375
v 0.02089668 -0.070712235 0.0084375
v 0.021041805 -0.070772205 0.0084375
v 0.021095025 -0.07079451 0.0140625
v 0.02119173 -0.07083282 0.0084375
v 0.021346365 -0.070894215 0.0084375
v 0.0214644 -0.0709404 0.0140625
v 0.021505815 -0.070956165 0.0084375
v 0.021670305 -0.07101834 0.0084375
v 0.021839745 -0.071080875 0.0084375
v 0.021852495 -0.071084355 0.0140625
v 0.022014255 -0.07114362 0.0084375
v 0.02219421 -0.071206125 0.0084375
v 0.02225805 -0.07122654 0.0140625
v 0.02237958 -0.071268195 0.0084375
v 0.02257038 -0.0713301 0.0084375
v 0.022682565 -0.071365845 0.0140625
v 0.022766865 -0.071392155 0.0084375
v 0.02296887 -0.07145457 0.0084375
v 0.02312724 -0.071501415 0.0140625
v 0.02317659 -0.071517045 0.0084375
v 0.023390625 -0.071579055 0.0084375
v 0.02359107 -0.07163397 0.0140625
v 0.023610285 -0.071640435 0.0084375
v 0.02383641 -0.071701425 0.0084375
v 0.02407119 -0.07176234 0.0084375
v 0.024075105 -0.071762745 0.0140625
v 0.024314355 -0.071823165 0.0084375
v 0.024566145 -0.0718839 0.0084375
v 0.02458068 -0.071886765 0.0140625
v 0.02482845 -0.071944725 0.0084375
v 0.02510073 -0.07200594 0.0084375
v 0.025106325 -0.07200642 0.0140625
v 0.025383555 -0.07206717 0.0084375
v 0.025653495 -0.072121485 0.0140625
v 0.025679475 -0.07212771 0.0084375
v 0.025988115 -0.07218729 0.0084375
v 0.026225595 -0.07223106 0.0140625
v 0.02630985 -0.072246255 0.0084375
v 0.02664738 -0.072304935 0.0084375
v 0.026823975 -0.072335085 0.0140625
v 0.02700147 -0.072363915 0.0084375
v 0.027371205 -0.07242252 0.0084375
v 0.02744727 -0.07243383 0.0140625
v 0.027756315 -0.07247931 0.0084375
v 0.02776833 -0.07248087 0.0140625
v 0.028158135 -0.072534075 0.0084375
v 0.028095735 -0.072526155 0.0140625
v 0.02842959 -0.07256955 0.0140625
v 0.028575195 -0.072587085 0.0084375
v 0.028772055 -0.072611235 0.0140625
v 0.029003475 -0.072637755 0.0084375
v 0.02912274 -0.072651285 0.0140625
v 0.029443755 -0.072686205 0.0084375
v 0.02947977 -0.07268964 0.0140625
v 0.02989524 -0.072732345 0.0084375
v 0.02984124 -0.07272624 0.0140625
v 0.03020526 -0.072760995 0.0140625
v 0.0303525 -0.0727755 0.0084375
v 0.030569955 -0.072793875 0.0140625
v 0.030815685 -0.072815475 0.0084375
v 0.03093423 -0.07282482 0.0140625
v 0.03128469 -0.072852495 0.0084375
v 0.031300335 -0.07285389 0.0140625
v 0.031754415 -0.07288662 0.0084375
v 0.03166863 -0.072881145 0.0140625
v 0.032039085 -0.07290654 0.0140625
v 0.032223285 -0.072917865 0.0084375
v 0.0324117 -0.072930105 0.0140625
v 0.03269295 -0.07294623 0.0084375
v 0.043639695 -0.045 0.0140625
v 0.043639695 -0.045 0.0084375
v 0.043605705 -0.045270345 0.0084375
v 0.043605705 -0.044729655 0.0140625
v 0.043605705 -0.045270345 0.0140625
v 0.043521765 -0.045511845 0.0084375
v 0.043521765 -0.045511845 0.0140625
v 0.043384545 -0.04572786 0.0084375
v 0.043384545 -0.04572786 0.0140625
v 0.04319568 -0.045916725 0.0084375
v 0.04319568 -0.045916725 0.0140625
v 0.042978285 -0.04605432 0.0084375
v 0.042978285 -0.04605432 0.0140625
v 0.04272717 -0.046140825 0.0084375
v 0.04272717 -0.046140825 0.0140625
v 0.04246782 -0.046171875 0.0084375
v 0.04246782 -0.046171875 0.0140625
v 0.04220847 -0.046140825 0.0084375
v 0.04220847 -0.046140825 0.0140625
v 0.041957355 -0.04605432 0.0084375
v 0.041957355 -0.04605432 0.0140625
v 0.04173996 -0.045916725 0.0084375
v 0.04173996 -0.045916725 0.0140625
v 0.041551095 -0.04572786 0.0084375
v 0.041551095 -0.04572786 0.0140625
v 0.041413875 -0.045511845 0.0084375
v 0.041413875 -0.045511845 0.0140625
v 0.041329935 -0.045270345 0.0084375
v 0.041329935 -0.045270345 0.0140625
v 0.041295945 -0.045 0.0084375
v 0.041295945 -0.045 0.0140625
v 0.041329935 -0.044729655 0.0084375
v 0.041329935 -0.044729655 0.0140625
v 0.041413875 -0.044488155 0.0084375
v 0.041413875 -0.044488155 0.0140625
v 0.041551095 -0.04427214 0.0084375
v 0.041551095 -0.04427214 0.0140625
v 0.04173996 -0.044083275 0.0084375
v 0.04173996 -0.044083275 0.0140625
v 0.041957355 -0.04394568 0.0084375
v 0.041957355 -0.04394568 0.0140625
v 0.04220847 -0.043859175 0.0084375
v 0.04220847 -0.043859175 0.0140625
v 0.04246782 -0.043828125 0.0084375
v 0.04246782 -0.043828125 0.0140625
v 0.04272717 -0.043859175 0.0084375
v 0.04272717 -0.043859175 0.0140625
v 0.042978285 -0.04394568 0.0084375
v 0.042978285 -0.04394568 0.0140625
v 0.04319568 -0.044083275 0.0084375
v 0.04319568 -0.044083275 0.0140625
v 0.043384545 -0.04427214 0.0084375
v 0.043384545 -0.04427214 0.0140625
v 0.043521765 -0.044488155 0.0084375
v 0.043521765 -0.044488155 0.0140625
v 0.043605705 -0.044729655 0.0084375
v 0.04973928 -0.028576815 0.0140625
v 0.04973928 -0.028576815 0.0084375
v 0.04970742 -0.02874288 0.0084375
v 0.04970742 -0.02841075 0.0140625
v 0.04970742 -0.02874288 0.0140625
v 0.04963038 -0.028876815 0.0084375
v 0.04963038 -0.028876815 0.0140625
v 0.04950297 -0.02898237 0.0084375
v 0.04950297 -0.02898237 0.0140625
v 0.04935366 -0.02903733 0.0084375
v 0.04935366 -0.02903733 0.0140625
v 0.0491874 -0.02903733 0.0084375
v 0.0491874 -0.02903733 0.0140625
v 0.04903809 -0.02898237 0.0084375
v 0.04903809 -0.02898237 0.0140625
v 0.04891068 -0.028876815 0.0084375
v 0.04891068 -0.028876815 0.0140625
v 0.048833625 -0.02874288 0.0084375
v 0.048833625 -0.02874288 0.0140625
v 0.04880178 -0.028576815 0.0084375
v 0.04880178 -0.028576815 0.0140625
v 0.048833625 -0.02841075 0.0084375
v 0.048833625 -0.02841075 0.0140625
v 0.04891068 -0.028276815 0.0084375
v 0.04891068 -0.028276815 0.0140625
v 0.04903809 -0.02817126 0.0084375
v 0.04903809 -0.02817126 0.0140625
v 0.0491874 -0.028116285 0.0084375
v 0.0491874 -0.028116285 0.0140625
v 0.04935366 -0.028116285 0.0084375
v 0.04935366 -0.028116285 0.0140625
v 0.04950297 -0.02817126 0.0084375
v 0.04950297 -0.02817126 0.0140625
v 0.04963038 -0.028276815 0.0084375
v 0.04963038 -0.028276815 0.0140625
v 0.04970742 -0.02841075 0.0084375
v 0.059359755 -0.05180271 0.0140625
v 0.059359755 -0.05180271 0.0084375
v 0.05932791 -0.051968775 0.0084375
v 0.05932791 -0.051636645 0.0140625
v 0.05932791 -0.051968775 0.0140625
v 0.059250855 -0.05210271 0.0084375
v 0.059250855 -0.05210271 0.0140625
v 0.059123445 -0.052208265 0.0084375
v 0.059123445 -0.052208265 0.0140625
v 0.058974135 -0.052263225 0.0084375
v 0.058974135 -0.052263225 0.0140625
v 0.058807875 -0.052263225 0.0084375
v 0.058807875 -0.052263225 0.0140625
v 0.058658565 -0.052208265 0.0084375
v 0.058658565 -0.052208265 0.0140625
v 0.058531155 -0.05210271 0.0084375
v 0.058531155 -0.05210271 0.0140625
v 0.0584541 -0.051968775 0.0084375
v 0.0584541 -0.051968775 0.0140625
v 0.058422255 -0.05180271 0.0084375
v 0.058422255 -0.05180271 0.0140625
v 0.0584541 -0.051636645 0.0084375
v 0.0584541 -0.051636645 0.0140625
v 0.058531155 -0.05150271 0.0084375
v 0.058531155 -0.05150271 0.0140625
v 0.058658565 -0.05139714 0.0084375
v 0.058658565 -0.05139714 0.0140625
v 0.058807875 -0.05134218 0.0084375
v 0.058807875 -0.05134218 0.0140625
v 0.058974135 -0.05134218 0.0084375
v 0.058974135 -0.05134218 0.0140625
v 0.059123445 -0.05139714 0.0084375
v 0.059123445 -0.05139714 0.0140625
v 0.059250855 -0.05150271 0.0084375
v 0.059250855 -0.05150271 0.0140625
v 0.05932791 -0.051636645 0.0084375
v 0.026513385 -0.03819729 0.0140625
v 0.026513385 -0.03819729 0.0084375
v 0.026481525 -0.038363355 0.0084375
v 0.026481525 -0.038031225 0.0140625
v 0.026481525 -0.038363355 0.0140625
v 0.026404485 -0.03849729 0.0084375
v 0.026404485 -0.03849729 0.0140625
v 0.026277075 -0.03860286 0.0084375
v 0.026277075 -0.03860286 0.0140625
v 0.026127765 -0.03865782 0.0084375
v 0.026127765 -0.03865782 0.0140625
v 0.025961505 -0.03865782 0.0084375
v 0.025961505 -0.03865782 0.0140625
v 0.025812195 -0.03860286 0.0084375
v 0.025812195 -0.03860286 0.0140625
v 0.025684785 -0.03849729 0.0084375
v 0.025684785 -0.03849729 0.0140625
v 0.02560773 -0.038363355 0.0084375
v 0.02560773 -0.038363355 0.0140625
v 0.025575885 -0.03819729 0.0084375
v 0.025575885 -0.03819729 0.0140625
v 0.02560773 -0.038031225 0.0084375
v 0.02560773 -0.038031225 0.0140625
v 0.025684785 -0.03789729 0.0084375
v 0.025684785 -0.03789729 0.0140625
v 0.025812195 -0.037791735 0.0084375
v 0.025812195 -0.037791735 0.0140625
v 0.025961505 -0.037736775 0.0084375
v 0.025961505 -0.037736775 0.0140625
v 0.026127765 -0.037736775 0.0084375
v 0.026127765 -0.037736775 0.0140625
v 0.026277075 -0.037791735 0.0084375
v 0.026277075 -0.037791735 0.0140625
v 0.026404485 -0.03789729 0.0084375
v 0.026404485 -0.03789729 0.0140625
v 0.026481525 -0.038031225 0.0084375
v 0.03613386 -0.061423185 0.0140625
v 0.03613386 -0.061423185 0.0084375
v 0.036102015 -0.06158925 0.0084375
v 0.036102015 -0.06125712 0.0140625
v 0.036102015 -0.06158925 0.0140625
v 0.03602496 -0.061723185 0.0084375
v 0.03602496 -0.061723185 0.0140625
v 0.03589755 -0.06182874 0.0084375
v 0.03589755 -0.06182874 0.0140625
v 0.03574824 -0.061883715 0.0084375
v 0.03574824 -0.061883715 0.0140625
v 0.03558198 -0.061883715 0.0084375
v 0.03558198 -0.061883715 0.0140625
v 0.03543267 -0.06182874 0.0084375
v 0.03543267 -0.06182874 0.0140625
v 0.03530526 -0.061723185 0.0084375
v 0.03530526 -0.061723185 0.0140625
v 0.03522822 -0.06158925 0.0084375
v 0.03522822 -0.06158925 0.0140625
v 0.03519636 -0.061423185 0.0084375
v 0.03519636 -0.061423185 0.0140625
v 0.03522822 -0.06125712 0.0084375
v 0.03522822 -0.06125712 0.0140625
v 0.03530526 -0.061123185 0.0084375
v 0.03530526 -0.061123185 0.0140625
v 0.03543267 -0.06101763 0.0084375
v 0.03543267 -0.06101763 0.0140625
v 0.03558198 -0.06096267 0.0084375
v 0.03558198 -0.06096267 0.0140625
v 0.03574824 -0.06096267 0.0084375
v 0.03574824 -0.06096267 0.0140625
v 0.03589755 -0.06101763 0.0084375
v 0.03589755 -0.06101763 0.0140625
v 0.03602496 -0.061123185 0.0084375
v 0.03602496 -0.061123185 0.0140625
v 0.036102015 -0.06125712 0.0084375
v 0.01259226 -0.048118155 0.0140625
v 0.01259226 -0.048118155 0.0084375
v 0.012560745 -0.047807205 0.0084375
v 0.01267659 -0.04881051 0.0140625
v 0.01256337 -0.04786461 0.0140625
v 0.01254738 -0.047615475 0.0140625
v 0.012546675 -0.04747335 0.0084375
v 0.012544305 -0.04737072 0.0140625
v 0.012552435 -0.04711788 0.0084375
v 0.012554145 -0.047128875 0.0140625
v 0.01257687 -0.046889535 0.0140625
v 0.01259517 -0.04674906 0.0084375
v 0.012612555 -0.046658805 0.0140625
v 0.012682005 -0.04637409 0.0084375
v 0.012661425 -0.04644216 0.0140625
v 0.0127242 -0.046238055 0.0140625
v 0.012818655 -0.04599849 0.0084375
v 0.01288377 -0.04586058 0.0140625
v 0.01300686 -0.045642315 0.0084375
v 0.013084725 -0.045521925 0.0140625
v 0.01324344 -0.04531248 0.0084375
v 0.01332579 -0.045217665 0.0140625
v 0.01352682 -0.045016515 0.0084375
v 0.013603635 -0.044948175 0.0140625
v 0.01383816 -0.0447669 0.0084375
v 0.013904835 -0.04472172 0.0140625
v 0.014168445 -0.04456239 0.0084375
v 0.01421961 -0.044535105 0.0140625
v 0.014506065 -0.04440231 0.0084375
v 0.014540385 -0.04438785 0.0140625
v 0.01483233 -0.04427166 0.0084375
v 0.014848785 -0.044265735 0.0140625
v 0.01514451 -0.044168535 0.0084375
v 0.01514451 -0.044168535 0.0140625
v 0.015660075 -0.044001345 0.0084375
v 0.015660075 -0.044001345 0.0140625
v 0.01616256 -0.043840905 0.0084375
v 0.01616256 -0.043840905 0.0140625
v 0.01665195 -0.04368723 0.0084375
v 0.01665195 -0.04368723 0.0140625
v 0.01712826 -0.04354029 0.0084375
v 0.01712826 -0.04354029 0.0140625
v 0.01759146 -0.04340013 0.0084375
v 0.01759146 -0.04340013 0.0140625
v 0.01804158 -0.043266705 0.0084375
v 0.01804158 -0.043266705 0.0140625
v 0.018474195 -0.04314144 0.0084375
v 0.018474195 -0.04314144 0.0140625
v 0.018888405 -0.04302459 0.0084375
v 0.018888405 -0.04302459 0.0140625
v 0.01928952 -0.04291449 0.0084375
v 0.01928952 -0.04291449 0.0140625
v 0.01968285 -0.04280949 0.0084375
v 0.01968285 -0.04280949 0.0140625
v 0.020073705 -0.042707895 0.0084375
v 0.020073705 -0.042707895 0.0140625
v 0.020467365 -0.04260804 0.0084375
v 0.020467365 -0.04260804 0.0140625
v 0.020862045 -0.04251027 0.0084375
v 0.020862045 -0.04251027 0.0140625
v 0.021253125 -0.04241598 0.0084375
v 0.021253125 -0.04241598 0.0140625
v 0.0216417 -0.042325095 0.0084375
v 0.0216417 -0.042325095 0.0140625
v 0.02202894 -0.042237555 0.0084375
v 0.02202894 -0.042237555 0.0140625
v 0.02241591 -0.0421533 0.0084375
v 0.02241591 -0.0421533 0.0140625
v 0.022803765 -0.04207224 0.0084375
v 0.022803765 -0.04207224 0.0140625
v 0.023195475 -0.041993805 0.0084375
v 0.023195475 -0.041993805 0.0140625
v 0.023590785 -0.04191795 0.0084375
v 0.023590785 -0.04191795 0.0140625
v 0.023985825 -0.041845365 0.0084375
v 0.023985825 -0.041845365 0.0140625
v 0.0243768 -0.041776755 0.0084375
v 0.0243768 -0.041776755 0.0140625
v 0.024759885 -0.041712825 0.0084375
v 0.024759885 -0.041712825 0.0140625
v 0.025131255 -0.04165428 0.0084375
v 0.025131255 -0.04165428 0.0140625
v 0.025492575 -0.041601225 0.0084375
v 0.025492575 -0.041601225 0.0140625
v 0.02584728 -0.04155315 0.0084375
v 0.02584728 -0.04155315 0.0140625
v 0.026194095 -0.04150974 0.0084375
v 0.026194095 -0.04150974 0.0140625
v 0.02653173 -0.041470725 0.0084375
v 0.02653173 -0.041470725 0.0140625
v 0.026858955 -0.041435805 0.0084375
v 0.026858955 -0.041435805 0.0140625
v 0.027174465 -0.04140471 0.0084375
v 0.027174465 -0.04140471 0.0140625
v 0.027474015 -0.041377815 0.0084375
v 0.027474015 -0.041377815 0.0140625
v 0.02775777 -0.04135545 0.0084375
v 0.02775777 -0.04135545 0.0140625
v 0.0280311 -0.041337165 0.0084375
v 0.0280311 -0.041337165 0.0140625
v 0.02829936 -0.04132257 0.0084375
v 0.02829936 -0.04132257 0.0140625
v 0.028567935 -0.041311245 0.0084375
v 0.028567935 -0.041311245 0.0140625
v 0.02884218 -0.041302755 0.0084375
v 0.02884218 -0.041302755 0.0140625
v 0.0291213 -0.041296695 0.0084375
v 0.0291213 -0.041296695 0.0140625
v 0.029400825 -0.04129332 0.0084375
v 0.029400825 -0.04129332 0.0140625
v 0.029680665 -0.041293215 0.0084375
v 0.029680665 -0.041293215 0.0140625
v 0.0299607 -0.041296935 0.0084375
v 0.0299607 -0.041296935 0.0140625
v 0.030240855 -0.04130505 0.0084375
v 0.030240855 -0.04130505 0.0140625
v 0.030521025 -0.04131816 0.0084375
v 0.030521025 -0.04131816 0.0140625
v 0.030806145 -0.04133679 0.0084375
v 0.030806145 -0.04133679 0.0140625
v 0.031097295 -0.041360625 0.0084375
v 0.031097295 -0.041360625 0.0140625
v 0.031388535 -0.041388855 0.0084375
v 0.031388535 -0.041388855 0.0140625
v 0.031673985 -0.0414207 0.0084375
v 0.031673985 -0.0414207 0.0140625
v 0.03194772 -0.04145538 0.0084375
v 0.03194772 -0.04145538 0.0140625
v 0.03220383 -0.041492115 0.0084375
v 0.03220383 -0.041492115 0.0140625
v 0.03244059 -0.041531025 0.0084375
v 0.03244059 -0.041531025 0.0140625
v 0.03266241 -0.041572755 0.0084375
v 0.03266241 -0.041572755 0.0140625
v 0.03287253 -0.04161732 0.0084375
v 0.03287253 -0.04161732 0.0140625
v 0.033074145 -0.041664735 0.0084375
v 0.033074145 -0.041664735 0.0140625
v 0.033270495 -0.041715 0.0084375
v 0.033270495 -0.041715 0.0140625
v 0.03346482 -0.04176813 0.0084375
v 0.03346482 -0.04176813 0.0140625
v 0.03365451 -0.04182297 0.0084375
v 0.03365451 -0.04182297 0.0140625
v 0.03383646 -0.04187928 0.0084375
v 0.03383646 -0.04187928 0.0140625
v 0.034013145 -0.04193844 0.0084375
v 0.034013145 -0.04193844 0.0140625
v 0.03418704 -0.04200183 0.0084375
v 0.03418704 -0.04200183 0.0140625
v 0.034360635 -0.042070845 0.0084375
v 0.034360635 -0.042070845 0.0140625
v 0.034536375 -0.042146865 0.0084375
v 0.034536375 -0.042146865 0.0140625
v 0.03471702 -0.04223112 0.0084375
v 0.03471702 -0.04223112 0.0140625
v 0.034901145 -0.042322755 0.0084375
v 0.034901145 -0.042322755 0.0140625
v 0.035084955 -0.042420015 0.0084375
v 0.035084955 -0.042420015 0.0140625
v 0.03522033 -0.04249557 0.0084375
v 0.03522033 -0.04249557 0.0140625
v 0.03535179 -0.042572565 0.0084375
v 0.03535179 -0.042572565 0.0140625
v 0.035477745 -0.04265025 0.0084375
v 0.035477745 -0.04265025 0.0140625
v 0.03559659 -0.04272786 0.0084375
v 0.03559659 -0.04272786 0.0140625
v 0.03574494 -0.04283217 0.0084375
v 0.03574494 -0.04283217 0.0140625
v 0.035884545 -0.04293876 0.0084375
v 0.035884545 -0.04293876 0.0140625
v 0.036016245 -0.043047435 0.0084375
v 0.036016245 -0.043047435 0.0140625
v 0.03614091 -0.04315803 0.0084375
v 0.03614091 -0.04315803 0.0140625
v 0.03625938 -0.043270365 0.0084375
v 0.03625938 -0.043270365 0.0140625
v 0.03637254 -0.043384245 0.0084375
v 0.03637254 -0.043384245 0.0140625
v 0.03647949 -0.043498875 0.0084375
v 0.03647949 -0.043498875 0.0140625
v 0.036579375 -0.04361418 0.0084375
v 0.036579375 -0.04361418 0.0140625
v 0.036673065 -0.043731225 0.0084375
v 0.036673065 -0.043731225 0.0140625
v 0.036761475 -0.04385106 0.0084375
v 0.036761475 -0.04385106 0.0140625
v 0.036845445 -0.04397472 0.0084375
v 0.036845445 -0.04397472 0.0140625
v 0.03692589 -0.04410327 0.0084375
v 0.03692589 -0.04410327 0.0140625
v 0.037003065 -0.044236755 0.0084375
v 0.037003065 -0.044236755 0.0140625
v 0.037076295 -0.044374335 0.0084375
v 0.037076295 -0.044374335 0.0140625
v 0.037145115 -0.044515755 0.0084375
v 0.037145115 -0.044515755 0.0140625
v 0.03720903 -0.04466073 0.0084375
v 0.03720903 -0.04466073 0.0140625
v 0.03726756 -0.04480899 0.0084375
v 0.03726756 -0.04480899 0.0140625
v 0.03732018 -0.04496025 0.0084375
v 0.03732018 -0.04496025 0.0140625
v 0.03736725 -0.045114255 0.0084375
v 0.03736725 -0.045114255 0.0140625
v 0.03740922 -0.045271185 0.0084375
v 0.03740922 -0.045271185 0.0140625
v 0.037445775 -0.045431385 0.0084375
v 0.037445775 -0.045431385 0.0140625
v 0.03746949 -0.04555392 0.0084375
v 0.03746949 -0.04555392 0.0140625
v 0.037489875 -0.04567866 0.0084375
v 0.037489875 -0.04567866 0.0140625
v 0.037506795 -0.045805785 0.0084375
v 0.037506795 -0.045805785 0.0140625
v 0.037520175 -0.04593543 0.0084375
v 0.037520175 -0.04593543 0.0140625
v 0.03753003 -0.046067535 0.0084375
v 0.03753003 -0.046067535 0.0140625
v 0.037536525 -0.046201905 0.0084375
v 0.037536525 -0.046201905 0.0140625
v 0.03753966 -0.04633854 0.0084375
v 0.03753966 -0.04633854 0.0140625
v 0.03753942 -0.04647744 0.0084375
v 0.03753942 -0.04647744 0.0140625
v 0.037535835 -0.04661862 0.0084375
v 0.037535835 -0.04661862 0.0140625
v 0.037528875 -0.04676205 0.0084375
v 0.037528875 -0.04676205 0.0140625
v 0.03751854 -0.04690776 0.0084375
v 0.03751854 -0.04690776 0.0140625
v 0.03750486 -0.04705572 0.0084375
v 0.03750486 -0.04705572 0.0140625
v 0.03746472 -0.04737687 0.0084375
v 0.03746472 -0.04737687 0.0140625
v 0.03741747 -0.0477009 0.0084375
v 0.03741747 -0.0477009 0.0140625
v 0.037363095 -0.048027855 0.0084375
v 0.037363095 -0.048027855 0.0140625
v 0.03730161 -0.048357705 0.0084375
v 0.03730161 -0.048357705 0.0140625
v 0.037233015 -0.048690465 0.0084375
v 0.037233015 -0.048690465 0.0140625
v 0.037156935 -0.04902687 0.0084375
v 0.037156935 -0.04902687 0.0140625
v 0.037071525 -0.049370715 0.0084375
v 0.037071525 -0.049370715 0.0140625
v 0.036978225 -0.049719075 0.0084375
v 0.036978225 -0.049719075 0.0140625
v 0.03687906 -0.05006778 0.0084375
v 0.03687906 -0.05006778 0.0140625
v 0.03677604 -0.05041266 0.0084375
v 0.03677604 -0.05041266 0.0140625
v 0.03667119 -0.050749605 0.0084375
v 0.03667119 -0.050749605 0.0140625
v 0.036563475 -0.05107896 0.0084375
v 0.036563475 -0.05107896 0.0140625
v 0.03645072 -0.051404565 0.0084375
v 0.03645072 -0.051404565 0.0140625
v 0.036334725 -0.051725325 0.0084375
v 0.036334725 -0.051725325 0.0140625
v 0.03621729 -0.0520401 0.0084375
v 0.03621729 -0.0520401 0.0140625
v 0.0361002 -0.05234778 0.0084375
v 0.0361002 -0.05234778 0.0140625
v 0.03598494 -0.052647285 0.0084375
v 0.03598494 -0.052647285 0.0140625
v 0.03586938 -0.05293875 0.0084375
v 0.03586938 -0.05293875 0.0140625
v 0.035753415 -0.053223015 0.0084375
v 0.035753415 -0.053223015 0.0140625
v 0.035637795 -0.053500845 0.0084375
v 0.035637795 -0.053500845 0.0140625
v 0.035523285 -0.053773065 0.0084375
v 0.035523285 -0.053773065 0.0140625
v 0.035410605 -0.05404044 0.0084375
v 0.035410605 -0.05404044 0.0140625
v 0.03529968 -0.054302895 0.0084375
v 0.03529968 -0.054302895 0.0140625
v 0.03518961 -0.0545595 0.0084375
v 0.03518961 -0.0545595 0.0140625
v 0.035080875 -0.054810735 0.0084375
v 0.035080875 -0.054810735 0.0140625
v 0.034973955 -0.05505708 0.0084375
v 0.034973955 -0.05505708 0.0140625
v 0.03486936 -0.055299015 0.0084375
v 0.03486936 -0.055299015 0.0140625
v 0.034767495 -0.05553699 0.0084375
v 0.034767495 -0.05553699 0.0140625
v 0.03466773 -0.055770315 0.0084375
v 0.03466773 -0.055770315 0.0140625
v 0.034570005 -0.055998975 0.0084375
v 0.034570005 -0.055998975 0.0140625
v 0.034474695 -0.05622333 0.0084375
v 0.034474695 -0.05622333 0.0140625
v 0.034382115 -0.05644374 0.0084375
v 0.034382115 -0.05644374 0.0140625
v 0.03429258 -0.056660565 0.0084375
v 0.03429258 -0.056660565 0.0140625
v 0.034206135 -0.05687376 0.0084375
v 0.034206135 -0.05687376 0.0140625
v 0.03412236 -0.0570828 0.0084375
v 0.03412236 -0.0570828 0.0140625
v 0.034041435 -0.057287985 0.0084375
v 0.034041435 -0.057287985 0.0140625
v 0.033963525 -0.05748972 0.0084375
v 0.033963525 -0.05748972 0.0140625
v 0.03388887 -0.05768835 0.0084375
v 0.03388887 -0.05768835 0.0140625
v 0.03381762 -0.057884235 0.0084375
v 0.03381762 -0.057884235 0.0140625
v 0.033749475 -0.058077075 0.0084375
v 0.033749475 -0.058077075 0.0140625
v 0.03368442 -0.05826675 0.0084375
v 0.03368442 -0.05826675 0.0140625
v 0.03362268 -0.058453335 0.0084375
v 0.03362268 -0.058453335 0.0140625
v 0.033564435 -0.058636905 0.0084375
v 0.033564435 -0.058636905 0.0140625
v 0.033509925 -0.058817535 0.0084375
v 0.033509925 -0.058817535 0.0140625
v 0.03345921 -0.05899524 0.0084375
v 0.03345921 -0.05899524 0.0140625
v 0.033389745 -0.059256105 0.0084375
v 0.033389745 -0.059256105 0.0140625
v 0.0333285 -0.05951031 0.0084375
v 0.0333285 -0.05951031 0.0140625
v 0.03327585 -0.05975814 0.0084375
v 0.03327585 -0.05975814 0.0140625
v 0.033231945 -0.059999235 0.0084375
v 0.033231945 -0.059999235 0.0140625
v 0.03319656 -0.06023319 0.0084375
v 0.03319656 -0.06023319 0.0140625
v 0.03316986 -0.0604617 0.0084375
v 0.03316986 -0.0604617 0.0140625
v 0.03315207 -0.060686505 0.0084375
v 0.03315207 -0.060686505 0.0140625
v 0.033142845 -0.060906795 0.0084375
v 0.033142845 -0.060906795 0.0140625
v 0.03314235 -0.06112254 0.0084375
v 0.03314235 -0.06112254 0.0140625
v 0.03315126 -0.06133569 0.0084375
v 0.03315126 -0.06133569 0.0140625
v 0.03317019 -0.061547775 0.0084375
v 0.03317019 -0.061547775 0.0140625
v 0.03319899 -0.06175716 0.0084375
v 0.03319899 -0.06175716 0.0140625
v 0.03323742 -0.061965 0.0084375
v 0.03323742 -0.061965 0.0140625
v 0.03328542 -0.06217341 0.0084375
v 0.03328542 -0.06217341 0.0140625
v 0.033342885 -0.06238377 0.0084375
v 0.033342885 -0.06238377 0.0140625
v 0.033409905 -0.062595 0.0084375
v 0.033409905 -0.062595 0.0140625
v 0.03348645 -0.062806965 0.0084375
v 0.03348645 -0.062806965 0.0140625
v 0.033572565 -0.06301968 0.0084375
v 0.033572565 -0.06301968 0.0140625
v 0.033623625 -0.06313974 0.0084375
v 0.033626325 -0.06314601 0.0140625
v 0.03367851 -0.063265995 0.0084375
v 0.033684555 -0.06327975 0.0140625
v 0.033736965 -0.063398775 0.0084375
v 0.033746715 -0.063421005 0.0140625
v 0.033798285 -0.06353877 0.0084375
v 0.0338118 -0.06356997 0.0140625
v 0.033862005 -0.06368757 0.0084375
v 0.03387909 -0.063728145 0.0140625
v 0.033927585 -0.063846525 0.0084375
v 0.0339477 -0.06389703 0.0140625
v 0.033994335 -0.06401748 0.0084375
v 0.034016655 -0.064078095 0.0140625
v 0.03406056 -0.06420312 0.0084375
v 0.03408414 -0.064273635 0.0140625
v 0.03412458 -0.064405005 0.0084375
v 0.03414804 -0.064486725 0.0140625
v 0.03418434 -0.06462513 0.0084375
v 0.03420573 -0.06471993 0.0140625
v 0.034234575 -0.06486537 0.0084375
v 0.034252995 -0.064976685 0.0140625
v 0.034270605 -0.065126475 0.0084375
v 0.03428145 -0.06525969 0.0140625
v 0.034286925 -0.065409285 0.0084375
v 0.03428289 -0.065570325 0.0140625
v 0.034273395 -0.065715135 0.0084375
v 0.03424758 -0.06591063 0.0140625
v 0.034219995 -0.066042465 0.0084375
v 0.0341583 -0.06626529 0.0140625
v 0.034114995 -0.066390225 0.0084375
v 0.034038375 -0.06656502 0.0084375
v 0.03401313 -0.066617415 0.0140625
v 0.033944475 -0.06674274 0.0084375
v 0.0339186 -0.06678828 0.0140625
v 0.03383592 -0.06691656 0.0084375
v 0.03381144 -0.066951975 0.0140625
v 0.033714015 -0.067079235 0.0084375
v 0.033691185 -0.06710667 0.0140625
v 0.03357561 -0.06723426 0.0084375
v 0.03355812 -0.06725349 0.0140625
v 0.033428955 -0.067377645 0.0084375
v 0.03327285 -0.067510365 0.0140625
v 0.03313146 -0.06761439 0.0084375
v 0.032971005 -0.0677181 0.0140625
v 0.032830845 -0.067798575 0.0084375
v 0.032673975 -0.06787671 0.0140625
v 0.032536605 -0.067938165 0.0084375
v 0.032389665 -0.067996995 0.0140625
v 0.03225381 -0.068044275 0.0084375
v 0.03212028 -0.068085585 0.0140625
v 0.03198279 -0.068122635 0.0084375
v 0.031867035 -0.06814944 0.0140625
v 0.031724235 -0.06817842 0.0084375
v 0.031629135 -0.068195205 0.0140625
v 0.031478955 -0.06821721 0.0084375
v 0.03140535 -0.068226435 0.0140625
v 0.031250025 -0.06824199 0.0084375
v 0.03119481 -0.068246145 0.0140625
v 0.03103932 -0.06825537 0.0084375
v 0.0309972 -0.06825717 0.0140625
v 0.03084549 -0.068261025 0.0084375
v 0.030813 -0.0682614 0.0140625
v 0.030667095 -0.06826071 0.0084375
v 0.03064212 -0.0682602 0.0140625
v 0.03050295 -0.068255835 0.0084375
v 0.03048423 -0.068255025 0.0140625
v 0.030350835 -0.068248035 0.0084375
v 0.030337215 -0.06824721 0.0140625
v 0.030208185 -0.06823806 0.0084375
v 0.030199035 -0.068237325 0.0140625
v 0.03007323 -0.06822651 0.0084375
v 0.03006762 -0.068225985 0.0140625
v 0.02994366 -0.068214 0.0084375
v 0.029940675 -0.0682137 0.0140625
v 0.02981751 -0.068200845 0.0084375
v 0.029816475 -0.068200725 0.0140625
v 0.029694015 -0.06818718 0.0084375
v 0.029694015 -0.06818718 0.0140625
v 0.02930385 -0.068142225 0.0084375
v 0.02930385 -0.068142225 0.0140625
v 0.02892075 -0.068094675 0.0084375
v 0.02892075 -0.068094675 0.0140625
v 0.028544685 -0.0680445 0.0084375
v 0.028544685 -0.0680445 0.0140625
v 0.028175655 -0.06799173 0.0084375
v 0.028175655 -0.06799173 0.0140625
v 0.027813675 -0.067936335 0.0084375
v 0.027813675 -0.067936335 0.0140625
v 0.02745879 -0.067878345 0.0084375
v 0.02745879 -0.067878345 0.0140625
v 0.02711103 -0.067817775 0.0084375
v 0.02711103 -0.067817775 0.0140625
v 0.026770305 -0.067754595 0.0084375
v 0.026770305 -0.067754595 0.0140625
v 0.02643651 -0.067688775 0.0084375
v 0.02643651 -0.067688775 0.0140625
v 0.025948665 -0.067585035 0.0084375
v 0.025948665 -0.067585035 0.0140625
v 0.025476405 -0.067475205 0.0084375
v 0.025476405 -0.067475205 0.0140625
v 0.025019655 -0.06735942 0.0084375
v 0.025019655 -0.06735942 0.0140625
v 0.024578085 -0.06723783 0.0084375
v 0.024578085 -0.06723783 0.0140625
v 0.02415141 -0.06711051 0.0084375
v 0.02415141 -0.06711051 0.0140625
v 0.023739765 -0.06697737 0.0084375
v 0.023739765 -0.06697737 0.0140625
v 0.02334339 -0.066838545 0.0084375
v 0.02334339 -0.066838545 0.0140625
v 0.022962465 -0.066694155 0.0084375
v 0.022962465 -0.066694155 0.0140625
v 0.022596915 -0.06654405 0.0084375
v 0.022596915 -0.06654405 0.0140625
v 0.02224677 -0.066388395 0.0084375
v 0.02224677 -0.066388395 0.0140625
v 0.02191215 -0.06622746 0.0084375
v 0.02191215 -0.06622746 0.0140625
v 0.021592875 -0.06606129 0.0084375
v 0.021592875 -0.06606129 0.0140625
v 0.021288915 -0.065889735 0.0084375
v 0.021288915 -0.065889735 0.0140625
v 0.02100099 -0.065713155 0.0084375
v 0.02100099 -0.065713155 0.0140625
v 0.02072976 -0.065531865 0.0084375
v 0.02072976 -0.065531865 0.0140625
v 0.02047497 -0.06534576 0.0084375
v 0.02047497 -0.06534576 0.0140625
v 0.020236545 -0.065154765 0.0084375
v 0.020236545 -0.065154765 0.0140625
v 0.020014455 -0.064958895 0.0084375
v 0.020014455 -0.064958895 0.0140625
v 0.01953411 -0.06440574 0.0084375
v 0.01953411 -0.06440574 0.0140625
v 0.01905165 -0.063816705 0.0084375
v 0.01905165 -0.063816705 0.0140625
v 0.01856667 -0.06319221 0.0084375
v 0.01856667 -0.06319221 0.0140625
v 0.01807815 -0.06253365 0.0084375
v 0.01807815 -0.06253365 0.0140625
v 0.017590665 -0.06183513 0.0084375
v 0.017590665 -0.06183513 0.0140625
v 0.017348355 -0.061469505 0.0084375
v 0.017348355 -0.061469505 0.0140625
v 0.01710597 -0.06109425 0.0084375
v 0.01710597 -0.06109425 0.0140625
v 0.01686423 -0.06070851 0.0084375
v 0.01686423 -0.06070851 0.0140625
v 0.016624005 -0.06031128 0.0084375
v 0.016624005 -0.06031128 0.0140625
v 0.016386105 -0.05990157 0.0084375
v 0.016386105 -0.05990157 0.0140625
v 0.01615083 -0.05947902 0.0084375
v 0.01615083 -0.05947902 0.0140625
v 0.015916635 -0.05904534 0.0084375
v 0.015916635 -0.05904534 0.0140625
v 0.015684375 -0.05859963 0.0084375
v 0.015684375 -0.05859963 0.0140625
v 0.015455235 -0.05814069 0.0084375
v 0.015455235 -0.05814069 0.0140625
v 0.01523037 -0.05766726 0.0084375
v 0.01523037 -0.05766726 0.0140625
v 0.015010485 -0.05717847 0.0084375
v 0.015010485 -0.05717847 0.0140625
v 0.014793195 -0.05667585 0.0084375
v 0.014793195 -0.05667585 0.0140625
v 0.01457949 -0.05615916 0.0084375
v 0.01457949 -0.05615916 0.0140625
v 0.01437123 -0.055627605 0.0084375
v 0.01437123 -0.055627605 0.0140625
v 0.01417029 -0.055080345 0.0084375
v 0.01417029 -0.055080345 0.0140625
v 0.0139782 -0.054516495 0.0084375
v 0.0139782 -0.054516495 0.0140625
v 0.013791585 -0.05393448 0.0084375
v 0.013791585 -0.05393448 0.0140625
v 0.01361112 -0.05333577 0.0084375
v 0.01361112 -0.05333577 0.0140625
v 0.01343952 -0.052722705 0.0084375
v 0.01343952 -0.052722705 0.0140625
v 0.01327953 -0.052097565 0.0084375
v 0.01327953 -0.052097565 0.0140625
v 0.01313382 -0.051462645 0.0084375
v 0.01313382 -0.051462645 0.0140625
v 0.01300152 -0.05081721 0.0084375
v 0.01300152 -0.05081721 0.0140625
v 0.01288122 -0.05016003 0.0084375
v 0.01288122 -0.05016003 0.0140625
v 0.01277292 -0.049491135 0.0084375
v 0.01277292 -0.049491135 0.0140625
v 0.01267659 -0.04881051 0.0084375
v 0.057991575 -0.05430351 0.0140625
v 0.057991575 -0.05430351 0.0084375
v 0.058095075 -0.05431188 0.0084375
v 0.057518205 -0.054243885 0.0140625
v 0.058107225 -0.054312735 0.0140625
v 0.058203735 -0.054319425 0.0084375
v 0.05823006 -0.054321105 0.0140625
v 0.058317915 -0.05432634 0.0084375
v 0.058360125 -0.05432871 0.0140625
v 0.05843865 -0.054333075 0.0084375
v 0.058497495 -0.054336315 0.0140625
v 0.058566795 -0.054340155 0.0084375
v 0.05864304 -0.05434449 0.0140625
v 0.05870235 -0.05434794 0.0084375
v 0.058797315 -0.054353685 0.0140625
v 0.05884509 -0.05435685 0.0084375
v 0.05896221 -0.05436522 0.0140625
v 0.0589941 -0.05436771 0.0084375
v 0.059138355 -0.05438025 0.0140625
v 0.05914983 -0.054381315 0.0084375
v 0.059312865 -0.05439852 0.0084375
v 0.05932662 -0.05440005 0.0140625
v 0.05948505 -0.054420945 0.0084375
v 0.059527455 -0.054427275 0.0140625
v 0.059667225 -0.05445021 0.0084375
v 0.05974095 -0.054463695 0.0140625
v 0.05986026 -0.05448789 0.0084375
v 0.059967135 -0.054512235 0.0140625
v 0.06006489 -0.05453739 0.0084375
v 0.060206325 -0.05457849 0.0140625
v 0.060280965 -0.054602355 0.0084375
v 0.06045843 -0.05466597 0.0140625
v 0.060508425 -0.054686235 0.0084375
v 0.060723015 -0.054783675 0.0140625
v 0.060747285 -0.05479608 0.0084375
v 0.060994125 -0.054941205 0.0140625
v 0.060995445 -0.05494152 0.0084375
v 0.06124911 -0.055130205 0.0084375
v 0.06126804 -0.05514615 0.0140625
v 0.06149457 -0.055376295 0.0084375
v 0.06152163 -0.05541 0.0140625
v 0.061712235 -0.05567511 0.0084375
v 0.061638675 -0.055562295 0.0140625
v 0.06174186 -0.05572335 0.0140625
v 0.061807725 -0.0558441 0.0084375
v 0.06183267 -0.05589621 0.0140625
v 0.06188952 -0.05602071 0.0084375
v 0.06191076 -0.05607711 0.0140625
v 0.061955925 -0.056205645 0.0084375
v 0.06197373 -0.056259315 0.0140625
v 0.062008515 -0.056397915 0.0084375
v 0.062020065 -0.056444865 0.0140625
v 0.062047125 -0.056589795 0.0084375
v 0.06207027 -0.05678157 0.0084375
v 0.06207279 -0.05681475 0.0140625
v 0.062079795 -0.05715708 0.0084375
v 0.062079075 -0.057163215 0.0140625
v 0.062049855 -0.05750448 0.0084375
v 0.062053485 -0.057484815 0.0140625
v 0.062002935 -0.057776685 0.0140625
v 0.06199326 -0.057824145 0.0084375
v 0.061937535 -0.058043715 0.0140625
v 0.06191637 -0.0581166 0.0084375
v 0.061860615 -0.058288755 0.0140625
v 0.061826205 -0.05838339 0.0084375
v 0.061775535 -0.05851419 0.0140625
v 0.061728285 -0.058627755 0.0084375
v 0.061686 -0.05872278 0.0140625
v 0.06162546 -0.058851 0.0084375
v 0.06159357 -0.058915155 0.0140625
v 0.06152073 -0.059054475 0.0084375
v 0.06150036 -0.059092065 0.0140625
v 0.061416765 -0.059240025 0.0084375
v 0.061408005 -0.059255055 0.0140625
v 0.06131466 -0.059408985 0.0084375
v 0.06131712 -0.059404875 0.0140625
v 0.06122859 -0.05954283 0.0140625
v 0.061215435 -0.059562645 0.0084375
v 0.061143045 -0.05966967 0.0140625
v 0.061120395 -0.059702175 0.0084375
v 0.06106086 -0.059785935 0.0140625
v 0.0610299 -0.059828685 0.0084375
v 0.060982275 -0.05989293 0.0140625
v 0.06094428 -0.059943225 0.0084375
v 0.06090723 -0.05999163 0.0140625
v 0.060863595 -0.060047565 0.0084375
v 0.060835665 -0.06008289 0.0140625
v 0.06078699 -0.06014376 0.0084375
v 0.06076668 -0.060168855 0.0140625
v 0.06071385 -0.06023343 0.0084375
v 0.060699795 -0.06025047 0.0140625
v 0.06064311 -0.06031857 0.0084375
v 0.06063444 -0.06032889 0.0140625
v 0.06057369 -0.06040089 0.0084375
v 0.060569595 -0.06040572 0.0140625
v 0.06050514 -0.06048111 0.0084375
v 0.06050514 -0.06048111 0.0140625
v 0.060091935 -0.06094689 0.0084375
v 0.060091935 -0.06094689 0.0140625
v 0.059673765 -0.061396815 0.0084375
v 0.059673765 -0.061396815 0.0140625
v 0.059250645 -0.061830885 0.0084375
v 0.059250645 -0.061830885 0.0140625
v 0.058822575 -0.0622491 0.0084375
v 0.058822575 -0.0622491 0.0140625
v 0.05838672 -0.06265212 0.0084375
v 0.05838672 -0.06265212 0.0140625
v 0.057944025 -0.063039735 0.0084375
v 0.057944025 -0.063039735 0.0140625
v 0.05750016 -0.063410625 0.0084375
v 0.05750016 -0.063410625 0.0140625
v 0.057060735 -0.06376353 0.0084375
v 0.057060735 -0.06376353 0.0140625
v 0.0566262 -0.064097055 0.0084375
v 0.0566262 -0.064097055 0.0140625
v 0.0561939 -0.06441222 0.0084375
v 0.0561939 -0.06441222 0.0140625
v 0.05576487 -0.064711395 0.0084375
v 0.05576487 -0.064711395 0.0140625
v 0.055340175 -0.064996905 0.0084375
v 0.055340175 -0.064996905 0.0140625
v 0.054922785 -0.065266905 0.0084375
v 0.054922785 -0.065266905 0.0140625
v 0.054511215 -0.065520975 0.0084375
v 0.054511215 -0.065520975 0.0140625
v 0.054099915 -0.0657636 0.0084375
v 0.054099915 -0.0657636 0.0140625
v 0.053683275 -0.06599925 0.0084375
v 0.053683275 -0.06599925 0.0140625
v 0.053261295 -0.066228045 0.0084375
v 0.053261295 -0.066228045 0.0140625
v 0.052836465 -0.066447945 0.0084375
v 0.052836465 -0.066447945 0.0140625
v 0.052406955 -0.066660255 0.0084375
v 0.052406955 -0.066660255 0.0140625
v 0.05197089 -0.06686625 0.0084375
v 0.05197089 -0.06686625 0.0140625
v 0.05152512 -0.067067535 0.0084375
v 0.05152512 -0.067067535 0.0140625
v 0.05107152 -0.067263 0.0084375
v 0.05107152 -0.067263 0.0140625
v 0.050615835 -0.067449885 0.0084375
v 0.050615835 -0.067449885 0.0140625
v 0.050163855 -0.067625415 0.0084375
v 0.050163855 -0.067625415 0.0140625
v 0.04971351 -0.06778947 0.0084375
v 0.04971351 -0.06778947 0.0140625
v 0.049262925 -0.06794331 0.0084375
v 0.049262925 -0.06794331 0.0140625
v 0.04881816 -0.06808629 0.0084375
v 0.04881816 -0.06808629 0.0140625
v 0.04838529 -0.06821772 0.0084375
v 0.04838529 -0.06821772 0.0140625
v 0.04796727 -0.06833664 0.0084375
v 0.04796727 -0.06833664 0.0140625
v 0.047560425 -0.06844365 0.0084375
v 0.047560425 -0.06844365 0.0140625
v 0.04716084 -0.06854049 0.0084375
v 0.04716084 -0.06854049 0.0140625
v 0.04676463 -0.068628885 0.0084375
v 0.04676463 -0.068628885 0.0140625
v 0.046374645 -0.068709105 0.0084375
v 0.046374645 -0.068709105 0.0140625
v 0.04599168 -0.06878031 0.0084375
v 0.04599168 -0.06878031 0.0140625
v 0.04560867 -0.068842515 0.0084375
v 0.04560867 -0.068842515 0.0140625
v 0.045218595 -0.06889578 0.0084375
v 0.045218595 -0.06889578 0.0140625
v 0.04482027 -0.06894012 0.0084375
v 0.04482027 -0.06894012 0.0140625
v 0.044417205 -0.06897549 0.0084375
v 0.044417205 -0.06897549 0.0140625
v 0.044009415 -0.06900192 0.0084375
v 0.044009415 -0.06900192 0.0140625
v 0.0435969 -0.06901938 0.0084375
v 0.0435969 -0.06901938 0.0140625
v 0.04324656 -0.06902487 0.0084375
v 0.04324638 -0.06902493 0.0140625
v 0.04286421 -0.06900144 0.0084375
v 0.042862935 -0.069001305 0.0140625
v 0.04265964 -0.068979615 0.0084375
v 0.042657435 -0.0689793 0.0140625
v 0.04245432 -0.068946735 0.0084375
v 0.042451155 -0.068946135 0.0140625
v 0.042251745 -0.068900265 0.0084375
v 0.042247635 -0.0688992 0.0140625
v 0.04204878 -0.06884187 0.0084375
v 0.04204368 -0.06884019 0.0140625
v 0.041850645 -0.068771655 0.0084375
v 0.041844675 -0.068769285 0.0140625
v 0.04166067 -0.068689245 0.0084375
v 0.04165407 -0.068686095 0.0140625
v 0.041300745 -0.068488965 0.0084375
v 0.041293425 -0.06848415 0.0140625
v 0.040982685 -0.068249775 0.0084375
v 0.0409758 -0.068243835 0.0140625
v 0.04070649 -0.067978005 0.0084375
v 0.040700835 -0.067971675 0.0140625
v 0.040473225 -0.067679625 0.0084375
v 0.040469295 -0.06767394 0.0140625
v 0.040284105 -0.0673674 0.0084375
v 0.04028166 -0.067362825 0.0140625
v 0.040135365 -0.067047285 0.0084375
v 0.040134075 -0.06704406 0.0140625
v 0.040022235 -0.066726555 0.0084375
v 0.040021635 -0.06672468 0.0140625
v 0.03993231 -0.06641988 0.0084375
v 0.03993213 -0.066419085 0.0140625
v 0.03986385 -0.066129345 0.0084375
v 0.03986385 -0.066129345 0.0140625
v 0.039767835 -0.06570738 0.0084375
v 0.039767835 -0.06570738 0.0140625
v 0.039676965 -0.06529716 0.0084375
v 0.039676965 -0.06529716 0.0140625
v 0.039591255 -0.064898685 0.0084375
v 0.039591255 -0.064898685 0.0140625
v 0.03951069 -0.064511955 0.0084375
v 0.03951069 -0.064511955 0.0140625
v 0.03943527 -0.064136985 0.0084375
v 0.03943527 -0.064136985 0.0140625
v 0.039365055 -0.063774135 0.0084375
v 0.039365055 -0.063774135 0.0140625
v 0.03927201 -0.063268665 0.0084375
v 0.03927201 -0.063268665 0.0140625
v 0.03919122 -0.06279393 0.0084375
v 0.03919122 -0.06279393 0.0140625
v 0.03911802 -0.062319885 0.0084375
v 0.03911802 -0.062319885 0.0140625
v 0.03904785 -0.061817145 0.0084375
v 0.03904785 -0.061817145 0.0140625
v 0.0390021 -0.06146196 0.0084375
v 0.0390021 -0.06146196 0.0140625
v 0.038958315 -0.061098075 0.0084375
v 0.038958315 -0.061098075 0.0140625
v 0.03891753 -0.060732075 0.0084375
v 0.03891753 -0.060732075 0.0140625
v 0.03888081 -0.060370515 0.0084375
v 0.03888081 -0.060370515 0.0140625
v 0.03884916 -0.060019965 0.0084375
v 0.03884916 -0.060019965 0.0140625
v 0.03882333 -0.059683335 0.0084375
v 0.03882333 -0.059683335 0.0140625
v 0.0388026 -0.0593523 0.0084375
v 0.0388026 -0.0593523 0.0140625
v 0.03878649 -0.05902791 0.0084375
v 0.03878649 -0.05902791 0.0140625
v 0.038774565 -0.05871228 0.0084375
v 0.038774565 -0.05871228 0.0140625
v 0.038766375 -0.05840748 0.0084375
v 0.038766375 -0.05840748 0.0140625
v 0.038761515 -0.05811558 0.0084375
v 0.038761515 -0.05811558 0.0140625
v 0.038759835 -0.05784063 0.0084375
v 0.038759835 -0.05784063 0.0140625
v 0.03876405 -0.057459405 0.0084375
v 0.03876405 -0.057459405 0.0140625
v 0.038776545 -0.057097755 0.0084375
v 0.038776545 -0.057097755 0.0140625
v 0.03878958 -0.056857515 0.0084375
v 0.03878958 -0.056857515 0.0140625
v 0.038806425 -0.05661096 0.0084375
v 0.038806425 -0.05661096 0.0140625
v 0.03882681 -0.056358315 0.0084375
v 0.03882681 -0.056358315 0.0140625
v 0.03885072 -0.05610387 0.0084375
v 0.03885072 -0.05610387 0.0140625
v 0.03887844 -0.055849335 0.0084375
v 0.03887844 -0.055849335 0.0140625
v 0.038910255 -0.055596495 0.0084375
v 0.038910255 -0.055596495 0.0140625
v 0.03894648 -0.05534706 0.0084375
v 0.03894648 -0.05534706 0.0140625
v 0.03898746 -0.05510241 0.0084375
v 0.03898746 -0.05510241 0.0140625
v 0.03903408 -0.054857865 0.0084375
v 0.03903408 -0.054857865 0.0140625
v 0.03908574 -0.05461419 0.0084375
v 0.03908574 -0.05461419 0.0140625
v 0.039141345 -0.054374775 0.0084375
v 0.039141345 -0.054374775 0.0140625
v 0.03919983 -0.054142995 0.0084375
v 0.03919983 -0.054142995 0.0140625
v 0.039260115 -0.053922225 0.0084375
v 0.039260115 -0.053922225 0.0140625
v 0.039321255 -0.053715585 0.0084375
v 0.039321255 -0.053715585 0.0140625
v 0.039383775 -0.053522505 0.0084375
v 0.039383775 -0.053522505 0.0140625
v 0.03944832 -0.05334018 0.0084375
v 0.03944832 -0.05334018 0.0140625
v 0.03951543 -0.053165835 0.0084375
v 0.03951543 -0.053165835 0.0140625
v 0.03958569 -0.05299668 0.0084375
v 0.03958569 -0.05299668 0.0140625
v 0.03965964 -0.05282994 0.0084375
v 0.03965964 -0.05282994 0.0140625
v 0.039737055 -0.0526647 0.0084375
v 0.039737055 -0.0526647 0.0140625
v 0.039816615 -0.05250444 0.0084375
v 0.039816615 -0.05250444 0.0140625
v 0.03989928 -0.05234853 0.0084375
v 0.03989928 -0.05234853 0.0140625
v 0.039986145 -0.05219616 0.0084375
v 0.039986145 -0.05219616 0.0140625
v 0.04007832 -0.052046445 0.0084375
v 0.04007832 -0.052046445 0.0140625
v 0.040176885 -0.05189853 0.0084375
v 0.040176885 -0.05189853 0.0140625
v 0.04028328 -0.051750615 0.0084375
v 0.04028328 -0.051750615 0.0140625
v 0.0403971 -0.0516027 0.0084375
v 0.0403971 -0.0516027 0.0140625
v 0.040516395 -0.051457305 0.0084375
v 0.040516395 -0.051457305 0.0140625
v 0.040639155 -0.05131701 0.0084375
v 0.040639155 -0.05131701 0.0140625
v 0.04076343 -0.05118435 0.0084375
v 0.04076343 -0.05118435 0.0140625
v 0.04088724 -0.05106183 0.0084375
v 0.04088724 -0.05106183 0.0140625
v 0.04101084 -0.050949285 0.0084375
v 0.04101084 -0.050949285 0.0140625
v 0.041135565 -0.05084502 0.0084375
v 0.041135565 -0.05084502 0.0140625
v 0.041262075 -0.05074797 0.0084375
v 0.041262075 -0.05074797 0.0140625
v 0.041391015 -0.050657115 0.0084375
v 0.041391015 -0.050657115 0.0140625
v 0.041523075 -0.05057142 0.0084375
v 0.041523075 -0.05057142 0.0140625
v 0.041658765 -0.050489985 0.0084375
v 0.041658765 -0.050489985 0.0140625
v 0.04179708 -0.05041365 0.0084375
v 0.04179708 -0.05041365 0.0140625
v 0.04193805 -0.050342775 0.0084375
v 0.04193805 -0.050342775 0.0140625
v 0.04208214 -0.050277345 0.0084375
v 0.04208214 -0.050277345 0.0140625
v 0.0422298 -0.05021739 0.0084375
v 0.0422298 -0.05021739 0.0140625
v 0.042381495 -0.050162895 0.0084375
v 0.042381495 -0.050162895 0.0140625
v 0.04253745 -0.05011374 0.0084375
v 0.04253745 -0.05011374 0.0140625
v 0.04269696 -0.05006955 0.0084375
v 0.04269696 -0.05006955 0.0140625
v 0.04286019 -0.05003067 0.0084375
v 0.04286019 -0.05003067 0.0140625
v 0.043027395 -0.049997535 0.0084375
v 0.043027395 -0.049997535 0.0140625
v 0.04319886 -0.04997055 0.0084375
v 0.04319886 -0.04997055 0.0140625
v 0.043374855 -0.049950195 0.0084375
v 0.043374855 -0.049950195 0.0140625
v 0.043555455 -0.04993656 0.0084375
v 0.043555455 -0.04993656 0.0140625
v 0.043740405 -0.049929255 0.0084375
v 0.043740405 -0.049929255 0.0140625
v 0.04392969 -0.049928235 0.0084375
v 0.04392969 -0.049928235 0.0140625
v 0.04412331 -0.049933515 0.0084375
v 0.04412331 -0.049933515 0.0140625
v 0.044321265 -0.049945095 0.0084375
v 0.044321265 -0.049945095 0.0140625
v 0.04452354 -0.04996296 0.0084375
v 0.04452354 -0.04996296 0.0140625
v 0.044995545 -0.05002383 0.0084375
v 0.044995545 -0.05002383 0.0140625
v 0.0454755 -0.05010069 0.0084375
v 0.0454755 -0.05010069 0.0140625
v 0.04596342 -0.050193585 0.0084375
v 0.04596342 -0.050193585 0.0140625
v 0.04646046 -0.05030301 0.0084375
v 0.04646046 -0.05030301 0.0140625
v 0.0469731 -0.05043186 0.0084375
v 0.0469731 -0.05043186 0.0140625
v 0.0474909 -0.050575485 0.0084375
v 0.0474909 -0.050575485 0.0140625
v 0.047999925 -0.050727615 0.0084375
v 0.047999925 -0.050727615 0.0140625
v 0.0484941 -0.05088678 0.0084375
v 0.0484941 -0.05088678 0.0140625
v 0.04898085 -0.05105658 0.0084375
v 0.04898085 -0.05105658 0.0140625
v 0.049456125 -0.05123124 0.0084375
v 0.049456125 -0.05123124 0.0140625
v 0.049915575 -0.05140485 0.0084375
v 0.049915575 -0.05140485 0.0140625
v 0.05035887 -0.05157951 0.0084375
v 0.05035887 -0.05157951 0.0140625
v 0.05078802 -0.051755355 0.0084375
v 0.05078802 -0.051755355 0.0140625
v 0.0512043 -0.051929145 0.0084375
v 0.0512043 -0.051929145 0.0140625
v 0.051608325 -0.052098765 0.0084375
v 0.051608325 -0.052098765 0.0140625
v 0.05199888 -0.052266255 0.0084375
v 0.05199888 -0.052266255 0.0140625
v 0.05237763 -0.05243034 0.0084375
v 0.05237763 -0.05243034 0.0140625
v 0.052746525 -0.052589295 0.0084375
v 0.052746525 -0.052589295 0.0140625
v 0.05310546 -0.05274324 0.0084375
v 0.05310546 -0.05274324 0.0140625
v 0.053453895 -0.052892655 0.0084375
v 0.053453895 -0.052892655 0.0140625
v 0.05379315 -0.05303628 0.0084375
v 0.05379315 -0.05303628 0.0140625
v 0.054124305 -0.053173125 0.0084375
v 0.054124305 -0.053173125 0.0140625
v 0.05444646 -0.05330394 0.0084375
v 0.05444646 -0.05330394 0.0140625
v 0.05476017 -0.053428335 0.0084375
v 0.05476017 -0.053428335 0.0140625
v 0.05536575 -0.05365494 0.0084375
v 0.05536575 -0.05365494 0.0140625
v 0.055942035 -0.053852115 0.0084375
v 0.055942035 -0.053852115 0.0140625
v 0.056493105 -0.05401683 0.0084375
v 0.056493105 -0.05401683 0.0140625
v 0.05701875 -0.054148515 0.0084375
v 0.05701875 -0.054148515 0.0140625
v 0.057518205 -0.054243885 0.0084375
v 0.01975014 -0.038604945 0.0140625
v 0.01975014 -0.038604945 0.0084375
v 0.01968051 -0.0386403 0.0084375
v 0.02009055 -0.038428305 0.0140625
v 0.019684575 -0.038638245 0.0140625
v 0.019617465 -0.038672115 0.0140625
v 0.01960983 -0.03867597 0.0084375
v 0.01954887 -0.03870657 0.0140625
v 0.019537695 -0.03871215 0.0084375
v 0.01947636 -0.03874272 0.0140625
v 0.01946226 -0.03874971 0.0084375
v 0.01939932 -0.038780805 0.0140625
v 0.019382295 -0.03878916 0.0084375
v 0.019316445 -0.03882138 0.0140625
v 0.019297125 -0.038830755 0.0084375
v 0.01922769 -0.038864265 0.0140625
v 0.01920639 -0.03887451 0.0084375
v 0.01913298 -0.038909415 0.0140625
v 0.019110075 -0.038920185 0.0084375
v 0.019032375 -0.038956455 0.0140625
v 0.019008075 -0.038967675 0.0084375
v 0.01892535 -0.039005385 0.0140625
v 0.01889973 -0.03901695 0.0084375
v 0.01881144 -0.039056205 0.0140625
v 0.01878423 -0.039068085 0.0084375
v 0.01868934 -0.039109035 0.0140625
v 0.01866087 -0.03912117 0.0084375
v 0.018558555 -0.03916392 0.0140625
v 0.01852833 -0.03917634 0.0084375
v 0.018417705 -0.039221025 0.0140625
v 0.01838589 -0.03923358 0.0084375
v 0.018266205 -0.03928008 0.0140625
v 0.018232845 -0.03929286 0.0084375
v 0.01810338 -0.03934098 0.0140625
v 0.018068655 -0.039353475 0.0084375
v 0.01792842 -0.039402765 0.0140625
v 0.017893185 -0.03941478 0.0084375
v 0.017741055 -0.039465015 0.0140625
v 0.017706315 -0.039476055 0.0084375
v 0.017540955 -0.03952635 0.0140625
v 0.01750809 -0.03953583 0.0084375
v 0.01732623 -0.03958569 0.0140625
v 0.017297115 -0.03959328 0.0084375
v 0.01709598 -0.039642315 0.0140625
v 0.01707195 -0.039647565 0.0084375
v 0.01684392 -0.039693315 0.0140625
v 0.016826805 -0.039696495 0.0084375
v 0.01656819 -0.03973629 0.0140625
v 0.016558455 -0.039737085 0.0084375
v 0.016261275 -0.03976551 0.0140625
v 0.016260765 -0.039765825 0.0084375
v 0.015940065 -0.039771165 0.0084375
v 0.015933555 -0.039770715 0.0140625
v 0.01560417 -0.03974667 0.0084375
v 0.015762135 -0.03976254 0.0140625
v 0.01558917 -0.0397455 0.0140625
v 0.015434955 -0.039718995 0.0084375
v 0.015419655 -0.039716595 0.0140625
v 0.01526616 -0.039681375 0.0084375
v 0.015251145 -0.03967656 0.0140625
v 0.01495128 -0.039572625 0.0084375
v 0.01508529 -0.039625425 0.0140625
v 0.014926875 -0.039561975 0.0140625
v 0.01466694 -0.03941964 0.0084375
v 0.01463307 -0.03939648 0.0140625
v 0.014418315 -0.039224745 0.0084375
v 0.01437759 -0.03918447 0.0140625
v 0.01420236 -0.038978175 0.0084375
v 0.01416606 -0.03892713 0.0140625
v 0.014106195 -0.03883413 0.0084375
v 0.014021235 -0.03868056 0.0084375
v 0.014001165 -0.03863781 0.0140625
v 0.01394904 -0.038517015 0.0084375
v 0.01388838 -0.038343375 0.0084375
v 0.013880895 -0.038323875 0.0140625
v 0.013838865 -0.03816738 0.0084375
v 0.013803225 -0.037997235 0.0140625
v 0.01380114 -0.037991805 0.0084375
v 0.013775025 -0.037814175 0.0084375
v 0.013759245 -0.037675245 0.0140625
v 0.013757265 -0.03763974 0.0084375
v 0.013745175 -0.03736563 0.0140625
v 0.01374423 -0.03730677 0.0084375
v 0.01374879 -0.03708396 0.0140625
v 0.01375338 -0.03699636 0.0084375
v 0.01376658 -0.036827415 0.0140625
v 0.01377852 -0.036711705 0.0084375
v 0.013792275 -0.03659478 0.0140625
v 0.013812555 -0.0364491 0.0084375
v 0.0138234 -0.03637869 0.0140625
v 0.01385298 -0.036206805 0.0084375
v 0.01385877 -0.03617682 0.0140625
v 0.01389744 -0.035983305 0.0084375
v 0.013896915 -0.03598524 0.0140625
v 0.01393716 -0.0358041 0.0140625
v 0.013943685 -0.03577626 0.0084375
v 0.013978665 -0.03563307 0.0140625
v 0.013990905 -0.03558456 0.0084375
v 0.014020455 -0.03547212 0.0140625
v 0.014038185 -0.03540714 0.0084375
v 0.01406217 -0.035321145 0.0140625
v 0.01408473 -0.03524226 0.0084375
v 0.014103075 -0.0351798 0.0140625
v 0.014130375 -0.035089035 0.0084375
v 0.014143125 -0.035047485 0.0140625
v 0.014174865 -0.034946535 0.0084375
v 0.014182155 -0.03492375 0.0140625
v 0.01421814 -0.034813575 0.0084375
v 0.01422018 -0.03480741 0.0140625
v 0.01426014 -0.03468948 0.0084375
v 0.01425723 -0.034698045 0.0140625
v 0.014293275 -0.034594635 0.0140625
v 0.01430082 -0.03457341 0.0084375
v 0.01432827 -0.034496805 0.0140625
v 0.014339985 -0.03446457 0.0084375
v 0.014362185 -0.03440415 0.0140625
v 0.014377485 -0.034362855 0.0084375
v 0.01439475 -0.034316655 0.0140625
v 0.014413005 -0.034268235 0.0084375
v 0.014425935 -0.034234185 0.0140625
v 0.014446455 -0.034180455 0.0084375
v 0.014455635 -0.03415659 0.0140625
v 0.01447803 -0.03409869 0.0084375
v 0.01448424 -0.034082685 0.0140625
v 0.014508135 -0.034021545 0.0084375
v 0.014511915 -0.034011915 0.0140625
v 0.01453764 -0.03394662 0.0084375
v 0.01453941 -0.03394215 0.0140625
v 0.014566725 -0.033873435 0.0084375
v 0.014566725 -0.033873435 0.0140625
v 0.0150786 -0.03266751 0.0084375
v 0.0150786 -0.03266751 0.0140625
v 0.01564029 -0.03148884 0.0084375
v 0.01564029 -0.03148884 0.0140625
v 0.016251855 -0.030337335 0.0084375
v 0.016251855 -0.030337335 0.0140625
v 0.01691457 -0.029210955 0.0084375
v 0.01691457 -0.029210955 0.0140625
v 0.017625915 -0.02811369 0.0084375
v 0.017625915 -0.02811369 0.0140625
v 0.01838271 -0.02705073 0.0084375
v 0.01838271 -0.02705073 0.0140625
v 0.01918665 -0.02601975 0.0084375
v 0.01918665 -0.02601975 0.0140625
v 0.0200343 -0.02502483 0.0084375
v 0.0200343 -0.02502483 0.0140625
v 0.020923035 -0.02406942 0.0084375
v 0.020923035 -0.02406942 0.0140625
v 0.021854445 -0.0231516 0.0084375
v 0.021854445 -0.0231516 0.0140625
v 0.022823745 -0.022275975 0.0084375
v 0.022823745 -0.022275975 0.0140625
v 0.02382963 -0.021444045 0.0084375
v 0.02382963 -0.021444045 0.0140625
v 0.024872565 -0.02065515 0.0084375
v 0.024872565 -0.02065515 0.0140625
v 0.025946775 -0.01991361 0.0084375
v 0.025946775 -0.01991361 0.0140625
v 0.027053085 -0.019219215 0.0084375
v 0.027053085 -0.019219215 0.0140625
v 0.028189635 -0.01857273 0.0084375
v 0.028189635 -0.01857273 0.0140625
v 0.029350725 -0.01797756 0.0084375
v 0.029350725 -0.01797756 0.0140625
v 0.030538635 -0.017432685 0.0084375
v 0.030538635 -0.017432685 0.0140625
v 0.031749285 -0.016939665 0.0084375
v 0.031749285 -0.016939665 0.0140625
v 0.03297792 -0.01650072 0.0084375
v 0.03297792 -0.01650072 0.0140625
v 0.034227195 -0.016114815 0.0084375
v 0.034227195 -0.016114815 0.0140625
v 0.035491095 -0.015783645 0.0084375
v 0.035491095 -0.015783645 0.0140625
v 0.036764925 -0.01550853 0.0084375
v 0.036764925 -0.01550853 0.0140625
v 0.03805107 -0.015288825 0.0084375
v 0.03805107 -0.015288825 0.0140625
v 0.039349665 -0.01512444 0.0084375
v 0.039349665 -0.01512444 0.0140625
v 0.03965982 -0.015092985 0.0084375
v 0.03960843 -0.015095595 0.0140625
v 0.03986097 -0.015079665 0.0140625
v 0.03999315 -0.01507887 0.0084375
v 0.040107315 -0.015076635 0.0140625
v 0.040348395 -0.01508451 0.0084375
v 0.04034832 -0.015086505 0.0140625
v 0.040717545 -0.01512714 0.0084375
v 0.04058421 -0.015109245 0.0140625
v 0.04081143 -0.01514499 0.0140625
v 0.041093295 -0.01521408 0.0084375
v 0.04102677 -0.015194055 0.0140625
v 0.041231205 -0.01525704 0.0140625
v 0.041470065 -0.01535115 0.0084375
v 0.04142568 -0.015332235 0.0140625
v 0.041610855 -0.015417825 0.0140625
v 0.04182732 -0.015540195 0.0084375
v 0.04195281 -0.015621945 0.0140625
v 0.042157965 -0.01577781 0.0084375
v 0.042258 -0.01586493 0.0140625
v 0.042454215 -0.01606224 0.0084375
v 0.04252578 -0.016143045 0.0140625
v 0.04270356 -0.01637409 0.0084375
v 0.042750345 -0.01644333 0.0140625
v 0.042907425 -0.016704315 0.0084375
v 0.042935205 -0.01675665 0.0140625
v 0.04306674 -0.01704108 0.0084375
v 0.04308141 -0.017076 0.0140625
v 0.0431967 -0.0173661 0.0084375
v 0.0432027 -0.01738278 0.0140625
v 0.043299285 -0.01767669 0.0084375
v 0.043299285 -0.01767669 0.0140625
v 0.043466475 -0.018192255 0.0084375
v 0.043466475 -0.018192255 0.0140625
v 0.043626915 -0.01869474 0.0084375
v 0.043626915 -0.01869474 0.0140625
v 0.04378059 -0.01918413 0.0084375
v 0.04378059 -0.01918413 0.0140625
v 0.043927515 -0.01966044 0.0084375
v 0.043927515 -0.01966044 0.0140625
v 0.04406769 -0.020123655 0.0084375
v 0.04406769 -0.020123655 0.0140625
v 0.044201115 -0.02057376 0.0084375
v 0.044201115 -0.02057376 0.0140625
v 0.04432638 -0.021006375 0.0084375
v 0.04432638 -0.021006375 0.0140625
v 0.04444323 -0.021420585 0.0084375
v 0.04444323 -0.021420585 0.0140625
v 0.04455333 -0.0218217 0.0084375
v 0.04455333 -0.0218217 0.0140625
v 0.04465833 -0.02221503 0.0084375
v 0.04465833 -0.02221503 0.0140625
v 0.044759925 -0.022605885 0.0084375
v 0.044759925 -0.022605885 0.0140625
v 0.04485978 -0.022999545 0.0084375
v 0.04485978 -0.022999545 0.0140625
v 0.04495755 -0.023394225 0.0084375
v 0.04495755 -0.023394225 0.0140625
v 0.04505184 -0.023785305 0.0084375
v 0.04505184 -0.023785305 0.0140625
v 0.045142725 -0.024173895 0.0084375
v 0.045142725 -0.024173895 0.0140625
v 0.045230265 -0.02456112 0.0084375
v 0.045230265 -0.02456112 0.0140625
v 0.04531452 -0.02494809 0.0084375
v 0.04531452 -0.02494809 0.0140625
v 0.04539558 -0.025335945 0.0084375
v 0.04539558 -0.025335945 0.0140625
v 0.045474015 -0.025727655 0.0084375
v 0.045474015 -0.025727655 0.0140625
v 0.04554987 -0.026122965 0.0084375
v 0.04554987 -0.026122965 0.0140625
v 0.045622455 -0.026518005 0.0084375
v 0.045622455 -0.026518005 0.0140625
v 0.045691065 -0.026908995 0.0084375
v 0.045691065 -0.026908995 0.0140625
v 0.045754995 -0.027292065 0.0084375
v 0.045754995 -0.027292065 0.0140625
v 0.04581354 -0.027663435 0.0084375
v 0.04581354 -0.027663435 0.0140625
v 0.04586658 -0.02802477 0.0084375
v 0.04586658 -0.02802477 0.0140625
v 0.04591467 -0.02837946 0.0084375
v 0.04591467 -0.02837946 0.0140625
v 0.04595808 -0.028726275 0.0084375
v 0.04595808 -0.028726275 0.0140625
v 0.045997095 -0.02906391 0.0084375
v 0.045997095 -0.02906391 0.0140625
v 0.046032 -0.029391135 0.0084375
v 0.046032 -0.029391135 0.0140625
v 0.04606311 -0.029706645 0.0084375
v 0.04606311 -0.029706645 0.0140625
v 0.046090005 -0.030006195 0.0084375
v 0.046090005 -0.030006195 0.0140625
v 0.04611237 -0.03028995 0.0084375
v 0.04611237 -0.03028995 0.0140625
v 0.046130655 -0.03056328 0.0084375
v 0.046130655 -0.03056328 0.0140625
v 0.046145235 -0.03083154 0.0084375
v 0.046145235 -0.03083154 0.0140625
v 0.046156575 -0.031100115 0.0084375
v 0.046156575 -0.031100115 0.0140625
v 0.046165065 -0.03137436 0.0084375
v 0.046165065 -0.03137436 0.0140625
v 0.046171125 -0.03165348 0.0084375
v 0.046171125 -0.03165348 0.0140625
v 0.0461745 -0.031933005 0.0084375
v 0.0461745 -0.031933005 0.0140625
v 0.046174605 -0.032212845 0.0084375
v 0.046174605 -0.032212845 0.0140625
v 0.046170885 -0.032492895 0.0084375
v 0.046170885 -0.032492895 0.0140625
v 0.046162755 -0.03277305 0.0084375
v 0.046162755 -0.03277305 0.0140625
v 0.04614966 -0.033053205 0.0084375
v 0.04614966 -0.033053205 0.0140625
v 0.04613103 -0.033338325 0.0084375
v 0.04613103 -0.033338325 0.0140625
v 0.046107195 -0.033629475 0.0084375
v 0.046107195 -0.033629475 0.0140625
v 0.046078965 -0.03392073 0.0084375
v 0.046078965 -0.03392073 0.0140625
v 0.04604712 -0.034206165 0.0084375
v 0.04604712 -0.034206165 0.0140625
v 0.04601244 -0.0344799 0.0084375
v 0.04601244 -0.0344799 0.0140625
v 0.045975705 -0.03473601 0.0084375
v 0.045975705 -0.03473601 0.0140625
v 0.045936795 -0.03497277 0.0084375
v 0.045936795 -0.03497277 0.0140625
v 0.045895065 -0.035194605 0.0084375
v 0.045895065 -0.035194605 0.0140625
v 0.0458505 -0.03540471 0.0084375
v 0.0458505 -0.03540471 0.0140625
v 0.045803085 -0.035606325 0.0084375
v 0.045803085 -0.035606325 0.0140625
v 0.045752805 -0.035802675 0.0084375
v 0.045752805 -0.035802675 0.0140625
v 0.04569969 -0.035997 0.0084375
v 0.04569969 -0.035997 0.0140625
v 0.04564485 -0.03618669 0.0084375
v 0.04564485 -0.03618669 0.0140625
v 0.04558854 -0.03636864 0.0084375
v 0.04558854 -0.03636864 0.0140625
v 0.04552938 -0.036545325 0.0084375
v 0.04552938 -0.036545325 0.0140625
v 0.045465975 -0.03671922 0.0084375
v 0.045465975 -0.03671922 0.0140625
v 0.04539696 -0.036892815 0.0084375
v 0.04539696 -0.036892815 0.0140625
v 0.045320955 -0.037068555 0.0084375
v 0.045320955 -0.037068555 0.0140625
v 0.0452367 -0.0372492 0.0084375
v 0.0452367 -0.0372492 0.0140625
v 0.045145065 -0.037433325 0.0084375
v 0.045145065 -0.037433325 0.0140625
v 0.045047805 -0.037617135 0.0084375
v 0.045047805 -0.037617135 0.0140625
v 0.044972235 -0.03775251 0.0084375
v 0.044972235 -0.03775251 0.0140625
v 0.044895255 -0.03788397 0.0084375
v 0.044895255 -0.03788397 0.0140625
v 0.04481757 -0.038009925 0.0084375
v 0.04481757 -0.038009925 0.0140625
v 0.04473996 -0.03812877 0.0084375
v 0.04473996 -0.03812877 0.0140625
v 0.04463565 -0.03827712 0.0084375
v 0.04463565 -0.03827712 0.0140625
v 0.04452906 -0.038416725 0.0084375
v 0.04452906 -0.038416725 0.0140625
v 0.044420385 -0.038548425 0.0084375
v 0.044420385 -0.038548425 0.0140625
v 0.04430979 -0.03867309 0.0084375
v 0.04430979 -0.03867309 0.0140625
v 0.044197455 -0.03879156 0.0084375
v 0.044197455 -0.03879156 0.0140625
v 0.04408356 -0.03890472 0.0084375
v 0.04408356 -0.03890472 0.0140625
v 0.043968945 -0.03901167 0.0084375
v 0.043968945 -0.03901167 0.0140625
v 0.04385364 -0.039111555 0.0084375
v 0.04385364 -0.039111555 0.0140625
v 0.043736595 -0.039205245 0.0084375
v 0.043736595 -0.039205245 0.0140625
v 0.04361676 -0.039293655 0.0084375
v 0.04361676 -0.039293655 0.0140625
v 0.043493085 -0.039377625 0.0084375
v 0.043493085 -0.039377625 0.0140625
v 0.04336455 -0.03945807 0.0084375
v 0.04336455 -0.03945807 0.0140625
v 0.043231065 -0.039535245 0.0084375
v 0.043231065 -0.039535245 0.0140625
v 0.043093485 -0.039608475 0.0084375
v 0.043093485 -0.039608475 0.0140625
v 0.042952065 -0.03967731 0.0084375
v 0.042952065 -0.03967731 0.0140625
v 0.04280709 -0.03974121 0.0084375
v 0.04280709 -0.03974121 0.0140625
v 0.04265883 -0.03979974 0.0084375
v 0.04265883 -0.03979974 0.0140625
v 0.04250757 -0.03985236 0.0084375
v 0.04250757 -0.03985236 0.0140625
v 0.04235355 -0.03989943 0.0084375
v 0.04235355 -0.03989943 0.0140625
v 0.042196635 -0.0399414 0.0084375
v 0.042196635 -0.0399414 0.0140625
v 0.042036435 -0.039977955 0.0084375
v 0.042036435 -0.039977955 0.0140625
v 0.0419139 -0.04000167 0.0084375
v 0.0419139 -0.04000167 0.0140625
v 0.04178916 -0.040022055 0.0084375
v 0.04178916 -0.040022055 0.0140625
v 0.041662035 -0.04003899 0.0084375
v 0.041662035 -0.04003899 0.0140625
v 0.04153239 -0.040052355 0.0084375
v 0.04153239 -0.040052355 0.0140625
v 0.041400285 -0.04006221 0.0084375
v 0.041400285 -0.04006221 0.0140625
v 0.041265915 -0.040068705 0.0084375
v 0.041265915 -0.040068705 0.0140625
v 0.04112928 -0.04007184 0.0084375
v 0.04112928 -0.04007184 0.0140625
v 0.04099038 -0.040071615 0.0084375
v 0.04099038 -0.040071615 0.0140625
v 0.0408492 -0.040068015 0.0084375
v 0.0408492 -0.040068015 0.0140625
v 0.04070577 -0.040061055 0.0084375
v 0.04070577 -0.040061055 0.0140625
v 0.04056006 -0.04005072 0.0084375
v 0.04056006 -0.04005072 0.0140625
v 0.040412085 -0.04003704 0.0084375
v 0.040412085 -0.04003704 0.0140625
v 0.040081695 -0.039994455 0.0084375
v 0.040081695 -0.039994455 0.0140625
v 0.039750585 -0.03994539 0.0084375
v 0.039750585 -0.03994539 0.0140625
v 0.03941877 -0.03988983 0.0084375
v 0.03941877 -0.03988983 0.0140625
v 0.039086235 -0.03982776 0.0084375
v 0.039086235 -0.03982776 0.0140625
v 0.03875298 -0.039759195 0.0084375
v 0.03875298 -0.039759195 0.0140625
v 0.038418915 -0.039684075 0.0084375
v 0.038418915 -0.039684075 0.0140625
v 0.038080755 -0.03960042 0.0084375
v 0.038080755 -0.03960042 0.0140625
v 0.03773931 -0.03950871 0.0084375
v 0.03773931 -0.03950871 0.0140625
v 0.03739794 -0.03941097 0.0084375
v 0.03739794 -0.03941097 0.0140625
v 0.03705999 -0.03930924 0.0084375
v 0.03705999 -0.03930924 0.0140625
v 0.036728805 -0.03920553 0.0084375
v 0.036728805 -0.03920553 0.0140625
v 0.03640725 -0.03910143 0.0084375
v 0.03640725 -0.03910143 0.0140625
v 0.03609207 -0.038993745 0.0084375
v 0.03609207 -0.038993745 0.0140625
v 0.035782335 -0.03888258 0.0084375
v 0.035782335 -0.03888258 0.0140625
v 0.03547863 -0.03876948 0.0084375
v 0.03547863 -0.03876948 0.0140625
v 0.035181465 -0.03865596 0.0084375
v 0.035181465 -0.03865596 0.0140625
v 0.03489141 -0.03854355 0.0084375
v 0.03489141 -0.03854355 0.0140625
v 0.034609155 -0.038433225 0.0084375
v 0.034609155 -0.038433225 0.0140625
v 0.034335285 -0.038323095 0.0084375
v 0.034335285 -0.038323095 0.0140625
v 0.034068765 -0.038213205 0.0084375
v 0.034068765 -0.038213205 0.0140625
v 0.03380838 -0.03810393 0.0084375
v 0.03380838 -0.03810393 0.0140625
v 0.0335529 -0.03799572 0.0084375
v 0.0335529 -0.03799572 0.0140625
v 0.033301125 -0.037888935 0.0084375
v 0.033301125 -0.037888935 0.0140625
v 0.033052605 -0.03778362 0.0084375
v 0.033052605 -0.03778362 0.0140625
v 0.032808855 -0.03767898 0.0084375
v 0.032808855 -0.03767898 0.0140625
v 0.03256965 -0.037575435 0.0084375
v 0.03256965 -0.037575435 0.0140625
v 0.032334675 -0.03747342 0.0084375
v 0.032334675 -0.03747342 0.0140625
v 0.03198945 -0.03732426 0.0084375
v 0.03198945 -0.03732426 0.0140625
v 0.03165237 -0.037180515 0.0084375
v 0.03165237 -0.037180515 0.0140625
v 0.03132444 -0.037041 0.0084375
v 0.03132444 -0.037041 0.0140625
v 0.03100485 -0.03690642 0.0084375
v 0.03100485 -0.03690642 0.0140625
v 0.03069261 -0.036777765 0.0084375
v 0.03069261 -0.036777765 0.0140625
v 0.0303873 -0.0366555 0.0084375
v 0.0303873 -0.0366555 0.0140625
v 0.03008973 -0.036538815 0.0084375
v 0.03008973 -0.036538815 0.0140625
v 0.02979915 -0.036428385 0.0084375
v 0.02979915 -0.036428385 0.0140625
v 0.029514705 -0.036324915 0.0084375
v 0.029514705 -0.036324915 0.0140625
v 0.029236005 -0.036228495 0.0084375
v 0.029236005 -0.036228495 0.0140625
v 0.028963545 -0.036138645 0.0084375
v 0.028963545 -0.036138645 0.0140625
v 0.02869731 -0.036056055 0.0084375
v 0.02869731 -0.036056055 0.0140625
v 0.028437315 -0.035981445 0.0084375
v 0.028437315 -0.035981445 0.0140625
v 0.02818389 -0.03591489 0.0084375
v 0.02818389 -0.03591489 0.0140625
v 0.02793699 -0.03585603 0.0084375
v 0.02793699 -0.03585603 0.0140625
v 0.02769579 -0.03580518 0.0084375
v 0.02769579 -0.03580518 0.0140625
v 0.02745951 -0.03576264 0.0084375
v 0.02745951 -0.03576264 0.0140625
v 0.02722896 -0.03572814 0.0084375
v 0.02722896 -0.03572814 0.0140625
v 0.02700399 -0.035701725 0.0084375
v 0.02700399 -0.035701725 0.0140625
v 0.02678292 -0.03568389 0.0084375
v 0.02678292 -0.03568389 0.0140625
v 0.026564115 -0.03567513 0.0084375
v 0.026564115 -0.03567513 0.0140625
v 0.02634885 -0.035674965 0.0084375
v 0.02634885 -0.035674965 0.0140625
v 0.026136795 -0.03568356 0.0084375
v 0.026136795 -0.03568356 0.0140625
v 0.02592606 -0.03570171 0.0084375
v 0.02592606 -0.03570171 0.0140625
v 0.02571495 -0.03573018 0.0084375
v 0.02571495 -0.03573018 0.0140625
v 0.02550516 -0.03576885 0.0084375
v 0.02550516 -0.03576885 0.0140625
v 0.02529591 -0.035817405 0.0084375
v 0.02529591 -0.035817405 0.0140625
v 0.025085085 -0.03587571 0.0084375
v 0.025085085 -0.03587571 0.0140625
v 0.024871035 -0.03594369 0.0084375
v 0.024871035 -0.03594369 0.0140625
v 0.02465553 -0.0360219 0.0084375
v 0.02465553 -0.0360219 0.0140625
v 0.024437625 -0.036109695 0.0084375
v 0.024437625 -0.036109695 0.0140625
v 0.024215475 -0.03620619 0.0084375
v 0.024215475 -0.03620619 0.0140625
v 0.023987925 -0.036310875 0.0084375
v 0.023987925 -0.036310875 0.0140625
v 0.02375658 -0.03642483 0.0084375
v 0.02375658 -0.03642483 0.0140625
v 0.0235203 -0.03654699 0.0084375
v 0.0235203 -0.03654699 0.0140625
v 0.02327739 -0.03667596 0.0084375
v 0.02327739 -0.03667596 0.0140625
v 0.023026965 -0.036811155 0.0084375
v 0.023026965 -0.036811155 0.0140625
v 0.02277033 -0.03695391 0.0084375
v 0.02277033 -0.03695391 0.0140625
v 0.02250657 -0.0371028 0.0084375
v 0.02250657 -0.0371028 0.0140625
v 0.02223447 -0.037256175 0.0084375
v 0.02223447 -0.037256175 0.0140625
v 0.02195346 -0.03741369 0.0084375
v 0.02195346 -0.03741369 0.0140625
v 0.02166426 -0.03757662 0.0084375
v 0.02166426 -0.03757662 0.0140625
v 0.02136669 -0.037743285 0.0084375
v 0.02136669 -0.037743285 0.0140625
v 0.021060555 -0.0379119 0.0084375
v 0.021060555 -0.0379119 0.0140625
v 0.020745765 -0.038081775 0.0084375
v 0.020745765 -0.038081775 0.0140625
v 0.020422425 -0.038253915 0.0084375
v 0.020422425 -0.038253915 0.0140625
v 0.02009055 -0.038428305 0.0084375
v 0.051428565 -0.031172475 0.0140625
v 0.051428565 -0.031172475 0.0084375
v 0.0515127 -0.03089622 0.0084375
v 0.05125533 -0.031718415 0.0140625
v 0.05150637 -0.030922905 0.0140625
v 0.051585 -0.03068082 0.0140625
v 0.05159739 -0.030631935 0.0084375
v 0.05166447 -0.030446235 0.0140625
v 0.05168262 -0.030379635 0.0084375
v 0.051744765 -0.030219135 0.0140625
v 0.05176845 -0.030139875 0.0084375
v 0.051853125 -0.029928 0.0140625
v 0.051854835 -0.0299124 0.0084375
v 0.051941685 -0.029695275 0.0084375
v 0.051962955 -0.02965017 0.0140625
v 0.05202882 -0.02948769 0.0084375
v 0.052074285 -0.02938566 0.0140625
v 0.052116315 -0.0292905 0.0084375
v 0.052187505 -0.029134845 0.0140625
v 0.05220438 -0.02910183 0.0084375
v 0.052293135 -0.02892042 0.0084375
v 0.052303305 -0.02889834 0.0140625
v 0.0523824 -0.02874729 0.0084375
v 0.052420905 -0.028675425 0.0140625
v 0.052472565 -0.028581075 0.0084375
v 0.052539435 -0.02846535 0.0140625
v 0.05256393 -0.02842056 0.0084375
v 0.052656105 -0.02826663 0.0084375
v 0.052658025 -0.02826732 0.0140625
v 0.052749795 -0.02811822 0.0084375
v 0.052775835 -0.028080555 0.0140625
v 0.052845705 -0.02797401 0.0084375
v 0.05289222 -0.0279048 0.0140625
v 0.052943595 -0.027834285 0.0084375
v 0.053008275 -0.02774259 0.0140625
v 0.053043585 -0.027699195 0.0084375
v 0.053124135 -0.027593115 0.0140625
v 0.053146065 -0.02756862 0.0084375
v 0.05323959 -0.02745474 0.0140625
v 0.05325147 -0.027441945 0.0084375
v 0.053354475 -0.02732589 0.0140625
v 0.053359005 -0.027320145 0.0084375
v 0.053467515 -0.02720466 0.0084375
v 0.053468625 -0.02720496 0.0140625
v 0.05357703 -0.02709561 0.0084375
v 0.05358183 -0.02709045 0.0140625
v 0.053687655 -0.026992665 0.0084375
v 0.05369409 -0.026984595 0.0140625
v 0.05379891 -0.026895945 0.0084375
v 0.053805555 -0.02688816 0.0140625
v 0.053910405 -0.026805705 0.0084375
v 0.053916315 -0.02679996 0.0140625
v 0.05402253 -0.02672172 0.0084375
v 0.054026505 -0.02671887 0.0140625
v 0.054135945 -0.026643285 0.0084375
v 0.054136245 -0.026643735 0.0140625
v 0.054250635 -0.02657016 0.0084375
v 0.054300195 -0.026540025 0.0140625
v 0.054366525 -0.026502585 0.0084375
v 0.054462375 -0.02645004 0.0140625
v 0.05448459 -0.026440245 0.0084375
v 0.05460561 -0.026382825 0.0084375
v 0.05462337 -0.02637372 0.0140625
v 0.054729165 -0.026330415 0.0084375
v 0.05478447 -0.026308905 0.0140625
v 0.054854895 -0.026283615 0.0084375
v 0.05494692 -0.026253465 0.0140625
v 0.05498271 -0.02624283 0.0084375
v 0.055109685 -0.02620764 0.0140625
v 0.055112895 -0.02620773 0.0084375
v 0.05524461 -0.026178705 0.0084375
v 0.05527272 -0.026172285 0.0140625
v 0.05537727 -0.026156085 0.0084375
v 0.05543763 -0.02614713 0.0140625
v 0.05551149 -0.026139825 0.0084375
v 0.055606035 -0.026131875 0.0140625
v 0.055646205 -0.02612973 0.0084375
v 0.055777575 -0.026125695 0.0140625
v 0.0557802 -0.02612574 0.0084375
v 0.05591385 -0.02612805 0.0084375
v 0.055951185 -0.026128755 0.0140625
v 0.056047065 -0.02613627 0.0084375
v 0.05612883 -0.0261426 0.0140625
v 0.056179455 -0.026149845 0.0084375
v 0.056310525 -0.02616882 0.0084375
v 0.056312445 -0.026168805 0.0140625
v 0.056441175 -0.026193285 0.0084375
v 0.0565026 -0.02620719 0.0140625
v 0.05657265 -0.026223135 0.0084375
v 0.056631915 -0.02623821 0.0140625
v 0.05670471 -0.02625822 0.0084375
v 0.056763795 -0.026274645 0.0140625
v 0.056837475 -0.02629875 0.0084375
v 0.056898735 -0.026317515 0.0140625
v 0.05697189 -0.026345175 0.0084375
v 0.057037275 -0.02636784 0.0140625
v 0.05710848 -0.026397645 0.0084375
v 0.05717991 -0.026426655 0.0140625
v 0.057246705 -0.026455995 0.0084375
v 0.057326535 -0.02649324 0.0140625
v 0.05738589 -0.02652018 0.0084375
v 0.05747631 -0.02656548 0.0140625
v 0.05752614 -0.02659041 0.0084375
v 0.05762961 -0.026644845 0.0140625
v 0.057667515 -0.02666661 0.0084375
v 0.057786855 -0.02673291 0.0140625
v 0.05780862 -0.02674788 0.0084375
v 0.057948375 -0.02683362 0.0084375
v 0.057948405 -0.02683122 0.0140625
v 0.05808738 -0.026924175 0.0084375
v 0.05811471 -0.026941335 0.0140625
v 0.058226175 -0.02701971 0.0084375
v 0.058286145 -0.02706399 0.0140625
v 0.058364985 -0.02712015 0.0084375
v 0.05846283 -0.027196425 0.0140625
v 0.058503435 -0.027225285 0.0084375
v 0.05864253 -0.027336 0.0084375
v 0.058644285 -0.027339105 0.0140625
v 0.05878314 -0.027453 0.0084375
v 0.058829985 -0.02749305 0.0140625
v 0.058924725 -0.02757564 0.0084375
v 0.059019375 -0.027659325 0.0140625
v 0.05906787 -0.02770488 0.0084375
v 0.059211945 -0.02783895 0.0140625
v 0.05921331 -0.02784171 0.0084375
v 0.059360625 -0.027985365 0.0084375
v 0.059407215 -0.028032855 0.0140625
v 0.05951028 -0.02813685 0.0084375
v 0.05960559 -0.02824023 0.0140625
v 0.05966307 -0.02829771 0.0084375
v 0.059807325 -0.02846058 0.0140625
v 0.059818785 -0.028467225 0.0084375
v 0.05997753 -0.028646085 0.0084375
v 0.060012435 -0.02869389 0.0140625
v 0.060139845 -0.02883597 0.0084375
v 0.06016848 -0.028877385 0.0140625
v 0.06030576 -0.02903709 0.0084375
v 0.06032643 -0.02906817 0.0140625
v 0.06047514 -0.02924898 0.0084375
v 0.060486255 -0.02926626 0.0140625
v 0.060648 -0.029471625 0.0084375
v 0.060648 -0.029471625 0.0140625
v 0.060978615 -0.029915955 0.0084375
v 0.060978615 -0.029915955 0.0140625
v 0.06131655 -0.0303876 0.0084375
v 0.06131655 -0.0303876 0.0140625
v 0.061661955 -0.030885435 0.0084375
v 0.061661955 -0.030885435 0.0140625
v 0.062014275 -0.031412865 0.0084375
v 0.062014275 -0.031412865 0.0140625
v 0.062373825 -0.031971555 0.0084375
v 0.062373825 -0.031971555 0.0140625
v 0.06273804 -0.03256566 0.0084375
v 0.06273804 -0.03256566 0.0140625
v 0.06310554 -0.03319854 0.0084375
v 0.06310554 -0.03319854 0.0140625
v 0.063473325 -0.033874215 0.0084375
v 0.063473325 -0.033874215 0.0140625
v 0.06383958 -0.034596075 0.0084375
v 0.06383958 -0.034596075 0.0140625
v 0.06419937 -0.03536934 0.0084375
v 0.06419937 -0.03536934 0.0140625
v 0.06454866 -0.03619869 0.0084375
v 0.06454866 -0.03619869 0.0140625
v 0.064882695 -0.037089045 0.0084375
v 0.064882695 -0.037089045 0.0140625
v 0.065042475 -0.037559625 0.0084375
v 0.065042475 -0.037559625 0.0140625
v 0.065198205 -0.038046315 0.0084375
v 0.065198205 -0.038046315 0.0140625
v 0.065347185 -0.038550165 0.0084375
v 0.065347185 -0.038550165 0.0140625
v 0.065486745 -0.039072225 0.0084375
v 0.065486745 -0.039072225 0.0140625
v 0.06561825 -0.039614115 0.0084375
v 0.06561825 -0.039614115 0.0140625
v 0.06574245 -0.040174845 0.0084375
v 0.06574245 -0.040174845 0.0140625
v 0.0658557 -0.040751475 0.0084375
v 0.0658557 -0.040751475 0.0140625
v 0.06595446 -0.04134111 0.0084375
v 0.06595446 -0.04134111 0.0140625
v 0.0660381 -0.041943255 0.0084375
v 0.0660381 -0.041943255 0.0140625
v 0.06610842 -0.042559365 0.0084375
v 0.06610842 -0.042559365 0.0140625
v 0.06616542 -0.04318944 0.0084375
v 0.06616542 -0.04318944 0.0140625
v 0.066209115 -0.04383348 0.0084375
v 0.066209115 -0.04383348 0.0140625
v 0.06622383 -0.04419528 0.0084375
v 0.06622386 -0.044194905 0.0140625
v 0.066213645 -0.044585175 0.0084375
v 0.06621357 -0.04458588 0.0140625
v 0.066168585 -0.04499691 0.0084375
v 0.06616821 -0.04499925 0.0140625
v 0.066126855 -0.045209385 0.0084375
v 0.066126255 -0.0452121 0.0140625
v 0.0660723 -0.045420945 0.0084375
v 0.0660714 -0.045423945 0.0140625
v 0.06600357 -0.045625485 0.0084375
v 0.06600228 -0.04562889 0.0140625
v 0.065920815 -0.045825825 0.0084375
v 0.065919045 -0.045829695 0.0140625
v 0.065825805 -0.04601811 0.0084375
v 0.065823495 -0.04602237 0.0140625
v 0.065718915 -0.04619994 0.0084375
v 0.06571605 -0.046204425 0.0140625
v 0.06547194 -0.04653393 0.0084375
v 0.065468055 -0.04653843 0.0140625
v 0.06518967 -0.046820145 0.0084375
v 0.06518577 -0.04682361 0.0140625
v 0.064883355 -0.047059635 0.0084375
v 0.06488004 -0.047061915 0.0140625
v 0.064561425 -0.04725318 0.0084375
v 0.064559025 -0.047254425 0.0140625
v 0.064232715 -0.047401875 0.0084375
v 0.064231335 -0.04740243 0.0140625
v 0.063907575 -0.04751592 0.0084375
v 0.06390693 -0.047516115 0.0140625
v 0.06359574 -0.047604225 0.0084375
v 0.063595545 -0.047604255 0.0140625
v 0.06330327 -0.04767231 0.0084375
v 0.06330327 -0.04767231 0.0140625
v 0.06289116 -0.04776381 0.0084375
v 0.06289116 -0.04776381 0.0140625
v 0.062490345 -0.04785036 0.0084375
v 0.062490345 -0.04785036 0.0140625
v 0.06210084 -0.047931975 0.0084375
v 0.06210084 -0.047931975 0.0140625
v 0.06172263 -0.04800864 0.0084375
v 0.06172263 -0.04800864 0.0140625
v 0.061355745 -0.04808037 0.0084375
v 0.061355745 -0.04808037 0.0140625
v 0.061000515 -0.04814709 0.0084375
v 0.061000515 -0.04814709 0.0140625
v 0.06050565 -0.04823544 0.0084375
v 0.06050565 -0.04823544 0.0140625
v 0.0600405 -0.048312045 0.0084375
v 0.0600405 -0.048312045 0.0140625
v 0.05957508 -0.048381285 0.0084375
v 0.05957508 -0.048381285 0.0140625
v 0.0590799 -0.048447465 0.0084375
v 0.0590799 -0.048447465 0.0140625
v 0.05872857 -0.048490545 0.0084375
v 0.05872857 -0.048490545 0.0140625
v 0.05836785 -0.048531735 0.0084375
v 0.05836785 -0.048531735 0.0140625
v 0.058004835 -0.04856994 0.0084375
v 0.058004835 -0.04856994 0.0140625
v 0.057646635 -0.048604155 0.0084375
v 0.057646635 -0.048604155 0.0140625
v 0.0573003 -0.048633315 0.0084375
v 0.0573003 -0.048633315 0.0140625
v 0.056969235 -0.048656685 0.0084375
v 0.056969235 -0.048656685 0.0140625
v 0.05664495 -0.04867491 0.0084375
v 0.05664495 -0.04867491 0.0140625
v 0.05632803 -0.04868856 0.0084375
v 0.05632803 -0.04868856 0.0140625
v 0.05602011 -0.0486981 0.0084375
v 0.05602011 -0.0486981 0.0140625
v 0.055722795 -0.04870404 0.0084375
v 0.055722795 -0.04870404 0.0140625
v 0.05543772 -0.048706845 0.0084375
v 0.05543772 -0.048706845 0.0140625
v 0.05516886 -0.048706725 0.0084375
v 0.05516886 -0.048706725 0.0140625
v 0.05479635 -0.048700215 0.0084375
v 0.05479635 -0.048700215 0.0140625
v 0.054442605 -0.04868568 0.0084375
v 0.054442605 -0.04868568 0.0140625
v 0.05420703 -0.048671295 0.0084375
v 0.05420703 -0.048671295 0.0140625
v 0.053964555 -0.048652965 0.0084375
v 0.053964555 -0.048652965 0.0140625
v 0.053714985 -0.048630945 0.0084375
v 0.053714985 -0.048630945 0.0140625
v 0.05346267 -0.048605325 0.0084375
v 0.05346267 -0.048605325 0.0140625
v 0.053209845 -0.048575895 0.0084375
v 0.053209845 -0.048575895 0.0140625
v 0.05295879 -0.04854243 0.0084375
v 0.05295879 -0.04854243 0.0140625
v 0.05271174 -0.04850472 0.0084375
v 0.05271174 -0.04850472 0.0140625
v 0.052470555 -0.048462495 0.0084375
v 0.052470555 -0.048462495 0.0140625
v 0.0522306 -0.04841484 0.0084375
v 0.0522306 -0.04841484 0.0140625
v 0.05199225 -0.04836231 0.0084375
v 0.05199225 -0.04836231 0.0140625
v 0.051758505 -0.04830597 0.0084375
v 0.051758505 -0.04830597 0.0140625
v 0.051532335 -0.048246855 0.0084375
v 0.051532335 -0.048246855 0.0140625
v 0.05131674 -0.048186015 0.0084375
v 0.05131674 -0.048186015 0.0140625
v 0.051114525 -0.048124365 0.0084375
v 0.051114525 -0.048124365 0.0140625
v 0.05092551 -0.048061485 0.0084375
v 0.05092551 -0.048061485 0.0140625
v 0.050746965 -0.047996715 0.0084375
v 0.050746965 -0.047996715 0.0140625
v 0.05057613 -0.04792941 0.0084375
v 0.05057613 -0.04792941 0.0140625
v 0.05041023 -0.047858955 0.0084375
v 0.05041023 -0.047858955 0.0140625
v 0.05024649 -0.047784735 0.0084375
v 0.05024649 -0.047784735 0.0140625
v 0.05008398 -0.0477069 0.0084375
v 0.05008398 -0.0477069 0.0140625
v 0.049925955 -0.04762677 0.0084375
v 0.049925955 -0.04762677 0.0140625
v 0.04977201 -0.04754349 0.0084375
v 0.04977201 -0.04754349 0.0140625
v 0.0496215 -0.04745604 0.0084375
v 0.0496215 -0.04745604 0.0140625
v 0.049473735 -0.047363445 0.0084375
v 0.049473735 -0.047363445 0.0140625
v 0.04932804 -0.047264715 0.0084375
v 0.04932804 -0.047264715 0.0140625
v 0.04918275 -0.047158455 0.0084375
v 0.04918275 -0.047158455 0.0140625
v 0.04903773 -0.04704501 0.0084375
v 0.04903773 -0.04704501 0.0140625
v 0.048895365 -0.046926255 0.0084375
v 0.048895365 -0.046926255 0.0140625
v 0.04875804 -0.046804125 0.0084375
v 0.04875804 -0.046804125 0.0140625
v 0.04862814 -0.046680495 0.0084375
v 0.04862814 -0.046680495 0.0140625
v 0.04850805 -0.046557255 0.0084375
v 0.04850805 -0.046557255 0.0140625
v 0.04839762 -0.04643418 0.0084375
v 0.04839762 -0.04643418 0.0140625
v 0.04829523 -0.046309995 0.0084375
v 0.04829523 -0.046309995 0.0140625
v 0.048199905 -0.04618404 0.0084375
v 0.048199905 -0.04618404 0.0140625
v 0.048110625 -0.04605567 0.0084375
v 0.048110625 -0.04605567 0.0140625
v 0.048026445 -0.04592424 0.0084375
v 0.048026445 -0.04592424 0.0140625
v 0.04794648 -0.04578924 0.0084375
v 0.04794648 -0.04578924 0.0140625
v 0.047871525 -0.04565163 0.0084375
v 0.047871525 -0.04565163 0.0140625
v 0.047801925 -0.04551141 0.0084375
v 0.047801925 -0.04551141 0.0140625
v 0.047737695 -0.04536813 0.0084375
v 0.047737695 -0.04536813 0.0140625
v 0.04767885 -0.04522131 0.0084375
v 0.04767885 -0.04522131 0.0140625
v 0.047625375 -0.04507053 0.0084375
v 0.047625375 -0.04507053 0.0140625
v 0.04757718 -0.04491558 0.0084375
v 0.04757718 -0.04491558 0.0140625
v 0.047533875 -0.04475712 0.0084375
v 0.047533875 -0.04475712 0.0140625
v 0.04749579 -0.044595015 0.0084375
v 0.04749579 -0.044595015 0.0140625
v 0.047463345 -0.04442898 0.0084375
v 0.047463345 -0.04442898 0.0140625
v 0.04743699 -0.04425876 0.0084375
v 0.04743699 -0.04425876 0.0140625
v 0.04741713 -0.044084055 0.0084375
v 0.04741713 -0.044084055 0.0140625
v 0.0474039 -0.043904805 0.0084375
v 0.0474039 -0.043904805 0.0140625
v 0.047396895 -0.04372125 0.0084375
v 0.047396895 -0.04372125 0.0140625
v 0.04739607 -0.04353342 0.0084375
v 0.04739607 -0.04353342 0.0140625
v 0.04740144 -0.043341315 0.0084375
v 0.04740144 -0.043341315 0.0140625
v 0.04741302 -0.043144935 0.0084375
v 0.04741302 -0.043144935 0.0140625
v 0.04743078 -0.04294428 0.0084375
v 0.04743078 -0.04294428 0.0140625
v 0.04750149 -0.04242591 0.0084375
v 0.04750149 -0.04242591 0.0140625
v 0.04758639 -0.041910075 0.0084375
v 0.04758639 -0.041910075 0.0140625
v 0.047685525 -0.04139679 0.0084375
v 0.047685525 -0.04139679 0.0140625
v 0.04779912 -0.04088568 0.0084375
v 0.04779912 -0.04088568 0.0140625
v 0.047930955 -0.040371645 0.0084375
v 0.047930955 -0.040371645 0.0140625
v 0.04807701 -0.03986013 0.0084375
v 0.04807701 -0.03986013 0.0140625
v 0.048230295 -0.03936066 0.0084375
v 0.048230295 -0.03936066 0.0140625
v 0.048385635 -0.03888105 0.0084375
v 0.048385635 -0.03888105 0.0140625
v 0.04854801 -0.038417325 0.0084375
v 0.04854801 -0.038417325 0.0140625
v 0.048714765 -0.03796791 0.0084375
v 0.048714765 -0.03796791 0.0140625
v 0.04888149 -0.037532475 0.0084375
v 0.04888149 -0.037532475 0.0140625
v 0.04904619 -0.03711165 0.0084375
v 0.04904619 -0.03711165 0.0140625
v 0.049375965 -0.036313155 0.0084375
v 0.049375965 -0.036313155 0.0140625
v 0.049696545 -0.035555715 0.0084375
v 0.049696545 -0.035555715 0.0140625
v 0.05000709 -0.03483819 0.0084375
v 0.05000709 -0.03483819 0.0140625
v 0.05030031 -0.034154145 0.0084375
v 0.05030031 -0.034154145 0.0140625
v 0.050575575 -0.03350325 0.0084375
v 0.050575575 -0.03350325 0.0140625
v 0.050827395 -0.032881845 0.0084375
v 0.050827395 -0.032881845 0.0140625
v 0.05105523 -0.032288595 0.0084375
v 0.05105523 -0.032288595 0.0140625
v 0.05125533 -0.031718415 0.0084375
v 0.0481215 -0.07293744 0.0140625
v 0.032786475 -0.072951825 0.0140625
v 0.033163425 -0.0729717 0.0140625
v 0.0324117 -0.072930105 0.0140625
v 0.03357804 -0.072993195 0.0140625
v 0.04779699 -0.073010085 0.0140625
v 0.03398145 -0.073012935 0.0140625
v 0.03437373 -0.07303089 0.0140625
v 0.034755345 -0.07304664 0.0140625
v 0.035125065 -0.07306122 0.0140625
v 0.03548103 -0.073075725 0.0140625
v 0.047458935 -0.073080615 0.0140625
v 0.035823435 -0.07308981 0.0140625
v 0.036155895 -0.07310337 0.0140625
v 0.036480795 -0.073116015 0.0140625
v 0.036796365 -0.07312815 0.0140625
v 0.037100325 -0.07314111 0.0140625
v 0.047098605 -0.07315248 0.0140625
v 0.03738891 -0.073154865 0.0140625
v 0.03767055 -0.0731694 0.0140625
v 0.037955985 -0.07318449 0.0140625
v 0.03824343 -0.073199475 0.0140625
v 0.03852675 -0.073218405 0.0140625
v 0.04672173 -0.0732222 0.0140625
v 0.03880821 -0.073246035 0.0140625
v 0.039084675 -0.07327899 0.0140625
v 0.04632129 -0.07328661 0.0140625
v 0.039331455 -0.07330785 0.0140625
v 0.046108335 -0.073317435 0.0140625
v 0.03952677 -0.07333038 0.0140625
v 0.045889725 -0.07334709 0.0140625
v 0.03971037 -0.07335 0.0140625
v 0.039933405 -0.073368435 0.0140625
v 0.04566912 -0.073375005 0.0140625
v 0.04018803 -0.073384635 0.0140625
v 0.04545015 -0.073400565 0.0140625
v 0.04046244 -0.073401465 0.0140625
v 0.040754565 -0.07342206 0.0140625
v 0.04523604 -0.073423245 0.0140625
v 0.041065125 -0.0734448 0.0140625
v 0.045023415 -0.073443345 0.0140625
v 0.044811495 -0.073461135 0.0140625
v 0.04138185 -0.073465425 0.0140625
v 0.04460145 -0.073476675 0.0140625
v 0.041701035 -0.073483275 0.0140625
v 0.044394405 -0.07349001 0.0140625
v 0.042026685 -0.07349871 0.0140625
v 0.0441915 -0.07350126 0.0140625
v 0.042360045 -0.073510695 0.0140625
v 0.043797375 -0.073516425 0.0140625
v 0.042699345 -0.07351998 0.0140625
v 0.043416585 -0.073523175 0.0140625
v 0.043049895 -0.07352457 0.0140625
v 0.048462675 -0.07285578 0.0140625
v 0.032039085 -0.07290654 0.0140625
v 0.03166863 -0.072881145 0.0140625
v 0.031300335 -0.07285389 0.0140625
v 0.048824385 -0.072764355 0.0140625
v 0.03093423 -0.07282482 0.0140625
v 0.030569955 -0.072793875 0.0140625
v 0.03020526 -0.072760995 0.0140625
v 0.049194735 -0.072665565 0.0140625
v 0.02984124 -0.07272624 0.0140625
v 0.02947977 -0.07268964 0.0140625
v 0.02912274 -0.072651285 0.0140625
v 0.04956828 -0.07256013 0.0140625
v 0.028772055 -0.072611235 0.0140625
v 0.02842959 -0.07256955 0.0140625
v 0.028095735 -0.072526155 0.0140625
v 0.04994886 -0.072447075 0.0140625
v 0.02776833 -0.07248087 0.0140625
v 0.02744727 -0.07243383 0.0140625
v 0.0503214 -0.07233144 0.0140625
v 0.026823975 -0.072335085 0.0140625
v 0.026225595 -0.07223106 0.0140625
v 0.05067543 -0.07221639 0.0140625
v 0.025653495 -0.072121485 0.0140625
v 0.05101779 -0.072099945 0.0140625
v 0.025106325 -0.07200642 0.0140625
v 0.05135433 -0.07198119 0.0140625
v 0.02458068 -0.071886765 0.0140625
v 0.05167932 -0.071862645 0.0140625
v 0.024075105 -0.071762745 0.0140625
v 0.052004865 -0.07173903 0.0140625
v 0.02359107 -0.07163397 0.0140625
v 0.0523506 -0.071602275 0.0140625
v 0.02312724 -0.071501415 0.0140625
v 0.05271528 -0.07145292 0.0140625
v 0.022682565 -0.071365845 0.0140625
v 0.053082525 -0.071297475 0.0140625
v 0.02225805 -0.07122654 0.0140625
v 0.053445915 -0.07113801 0.0140625
v 0.021852495 -0.071084355 0.0140625
v 0.05380797 -0.070973865 0.0140625
v 0.0214644 -0.0709404 0.0140625
v 0.05415249 -0.07081353 0.0140625
v 0.021095025 -0.07079451 0.0140625
v 0.05446845 -0.070662675 0.0140625
v 0.0207432 -0.07064655 0.0140625
v 0.05477346 -0.070512285 0.0140625
v 0.020406255 -0.07049679 0.0140625
v 0.05509035 -0.07035075 0.0140625
v 0.020082765 -0.070344435 0.0140625
v 0.055418025 -0.07017867 0.0140625
v 0.019774035 -0.07018977 0.0140625
v 0.01948089 -0.07003545 0.0140625
v 0.05574534 -0.07000155 0.0140625
v 0.019204875 -0.069883725 0.0140625
v 0.056063535 -0.069823755 0.0140625
v 0.01894677 -0.069733875 0.0140625
v 0.05637648 -0.069643335 0.0140625
v 0.01870185 -0.06958431 0.0140625
v 0.056695005 -0.069454935 0.0140625
v 0.01846518 -0.06943344 0.0140625
v 0.057019515 -0.069259605 0.0140625
v 0.01823634 -0.069280095 0.0140625
v 0.018018345 -0.069126885 0.0140625
v 0.057351615 -0.069054525 0.0140625
v 0.04324638 -0.06902493 0.0140625
v 0.042862935 -0.069001305 0.0140625
v 0.05770011 -0.06883137 0.0140625
v 0.0435969 -0.06901938 0.0140625
v 0.044009415 -0.06900192 0.0140625
v 0.044417205 -0.06897549 0.0140625
v 0.04482027 -0.06894012 0.0140625
v 0.045218595 -0.06889578 0.0140625
v 0.04560867 -0.068842515 0.0140625
v 0.04599168 -0.06878031 0.0140625
v 0.057881205 -0.06871296 0.0140625
v 0.046374645 -0.068709105 0.0140625
v 0.0580659 -0.0685905 0.0140625
v 0.04676463 -0.068628885 0.0140625
v 0.04716084 -0.06854049 0.0140625
v 0.058253385 -0.068464095 0.0140625
v 0.047560425 -0.06844365 0.0140625
v 0.05844294 -0.06833391 0.0140625
v 0.04796727 -0.06833664 0.0140625
v 0.04838529 -0.06821772 0.0140625
v 0.058633815 -0.06820014 0.0140625
v 0.04881816 -0.06808629 0.0140625
v 0.058826265 -0.068063235 0.0140625
v 0.049262925 -0.06794331 0.0140625
v 0.059020725 -0.067922805 0.0140625
v 0.04971351 -0.06778947 0.0140625
v 0.059217585 -0.067778175 0.0140625
v 0.059417235 -0.067628715 0.0140625
v 0.050163855 -0.067625415 0.0140625
v 0.05962005 -0.067473795 0.0140625
v 0.050615835 -0.067449885 0.0140625
v 0.0598263 -0.067313715 0.0140625
v 0.05107152 -0.067263 0.0140625
v 0.060035715 -0.067148955 0.0140625
v 0.05152512 -0.067067535 0.0140625
v 0.06024792 -0.06697917 0.0140625
v 0.05197089 -0.06686625 0.0140625
v 0.060462525 -0.06680397 0.0140625
v 0.052406955 -0.066660255 0.0140625
v 0.060679155 -0.06662301 0.0140625
v 0.052836465 -0.066447945 0.0140625
v 0.0608976 -0.06643626 0.0140625
v 0.06111828 -0.066244575 0.0140625
v 0.053261295 -0.066228045 0.0140625
v 0.061341135 -0.0660474 0.0140625
v 0.053683275 -0.06599925 0.0140625
v 0.06156612 -0.065844 0.0140625
v 0.054099915 -0.0657636 0.0140625
v 0.06179313 -0.0656337 0.0140625
v 0.054511215 -0.065520975 0.0140625
v 0.062022105 -0.065415855 0.0140625
v 0.054922785 -0.065266905 0.0140625
v 0.0622533 -0.06519156 0.0140625
v 0.055340175 -0.064996905 0.0140625
v 0.062486685 -0.064960785 0.0140625
v 0.062721975 -0.064722795 0.0140625
v 0.05576487 -0.064711395 0.0140625
v 0.062958945 -0.06447678 0.0140625
v 0.0561939 -0.06441222 0.0140625
v 0.063197355 -0.06422199 0.0140625
v 0.0566262 -0.064097055 0.0140625
v 0.063437355 -0.063958785 0.0140625
v 0.057060735 -0.06376353 0.0140625
v 0.06367932 -0.063688125 0.0140625
v 0.05750016 -0.063410625 0.0140625
v 0.06392286 -0.06340914 0.0140625
v 0.064167525 -0.06312087 0.0140625
v 0.057944025 -0.063039735 0.0140625
v 0.06441294 -0.062822415 0.0140625
v 0.05838672 -0.06265212 0.0140625
v 0.06465888 -0.062513235 0.0140625
v 0.058822575 -0.0622491 0.0140625
v 0.064906275 -0.062195085 0.0140625
v 0.065154735 -0.061867335 0.0140625
v 0.059250645 -0.061830885 0.0140625
v 0.06532062 -0.06164295 0.0140625
v 0.065486475 -0.061413465 0.0140625
v 0.059673765 -0.061396815 0.0140625
v 0.065652105 -0.06117855 0.0140625
v 0.060091935 -0.06094689 0.0140625
v 0.0658173 -0.06093789 0.0140625
v 0.065982165 -0.060691545 0.0140625
v 0.06050514 -0.06048111 0.0140625
v 0.06614742 -0.060440565 0.0140625
v 0.060569595 -0.06040572 0.0140625
v 0.06631284 -0.060184695 0.0140625
v 0.06063444 -0.06032889 0.0140625
v 0.060699795 -0.06025047 0.0140625
v 0.06076668 -0.060168855 0.0140625
v 0.06647811 -0.059923515 0.0140625
v 0.060835665 -0.06008289 0.0140625
v 0.06090723 -0.05999163 0.0140625
v 0.060982275 -0.05989293 0.0140625
v 0.066642915 -0.05965665 0.0140625
v 0.06106086 -0.059785935 0.0140625
v 0.061143045 -0.05966967 0.0140625
v 0.06122859 -0.05954283 0.0140625
v 0.06680694 -0.059383695 0.0140625
v 0.06131712 -0.059404875 0.0140625
v 0.061408005 -0.059255055 0.0140625
v 0.066969885 -0.05910426 0.0140625
v 0.06150036 -0.059092065 0.0140625
v 0.067131435 -0.05881794 0.0140625
v 0.06159357 -0.058915155 0.0140625
v 0.061686 -0.05872278 0.0140625
v 0.06729162 -0.05852475 0.0140625
v 0.061775535 -0.05851419 0.0140625
v 0.06745164 -0.058225965 0.0140625
v 0.061860615 -0.058288755 0.0140625
v 0.061937535 -0.058043715 0.0140625
v 0.06761118 -0.0579213 0.0140625
v 0.062002935 -0.057776685 0.0140625
v 0.067769775 -0.057610305 0.0140625
v 0.062053485 -0.057484815 0.0140625
v 0.06792693 -0.057292545 0.0140625
v 0.062079075 -0.057163215 0.0140625
v 0.06808218 -0.05696754 0.0140625
v 0.06207279 -0.05681475 0.0140625
v 0.068235 -0.056634825 0.0140625
v 0.062020065 -0.056444865 0.0140625
v 0.06838494 -0.056293965 0.0140625
v 0.06197373 -0.056259315 0.0140625
v 0.068531955 -0.05594481 0.0140625
v 0.06191076 -0.05607711 0.0140625
v 0.06183267 -0.05589621 0.0140625
v 0.06867789 -0.055588725 0.0140625
v 0.06174186 -0.05572335 0.0140625
v 0.061638675 -0.055562295 0.0140625
v 0.068822415 -0.055225545 0.0140625
v 0.06152163 -0.05541 0.0140625
v 0.06126804 -0.05514615 0.0140625
v 0.068964765 -0.05485482 0.0140625
v 0.060994125 -0.054941205 0.0140625
v 0.060723015 -0.054783675 0.0140625
v 0.06910419 -0.054476145 0.0140625
v 0.06045843 -0.05466597 0.0140625
v 0.060206325 -0.05457849 0.0140625
v 0.059967135 -0.054512235 0.0140625
v 0.05974095 -0.054463695 0.0140625
v 0.06923991 -0.054089085 0.0140625
v 0.059527455 -0.054427275 0.0140625
v 0.05932662 -0.05440005 0.0140625
v 0.059138355 -0.05438025 0.0140625
v 0.05896221 -0.05436522 0.0140625
v 0.058797315 -0.054353685 0.0140625
v 0.05864304 -0.05434449 0.0140625
v 0.058497495 -0.054336315 0.0140625
v 0.058360125 -0.05432871 0.0140625
v 0.05823006 -0.054321105 0.0140625
v 0.058107225 -0.054312735 0.0140625
v 0.057991575 -0.05430351 0.0140625
v 0.057518205 -0.054243885 0.0140625
v 0.05701875 -0.054148515 0.0140625
v 0.056493105 -0.05401683 0.0140625
v 0.06937119 -0.053693175 0.0140625
v 0.055942035 -0.053852115 0.0140625
v 0.05536575 -0.05365494 0.0140625
v 0.069466275 -0.053390205 0.0140625
v 0.05476017 -0.053428335 0.0140625
v 0.05444646 -0.05330394 0.0140625
v 0.069558105 -0.053081835 0.0140625
v 0.054124305 -0.053173125 0.0140625
v 0.05379315 -0.05303628 0.0140625
v 0.06964761 -0.052766025 0.0140625
v 0.053453895 -0.052892655 0.0140625
v 0.05310546 -0.05274324 0.0140625
v 0.06973599 -0.05244123 0.0140625
v 0.052746525 -0.052589295 0.0140625
v 0.05237763 -0.05243034 0.0140625
v 0.06982275 -0.052108965 0.0140625
v 0.058974135 -0.052263225 0.0140625
v 0.059123445 -0.052208265 0.0140625
v 0.058807875 -0.052263225 0.0140625
v 0.05199888 -0.052266255 0.0140625
v 0.058658565 -0.052208265 0.0140625
v 0.058531155 -0.05210271 0.0140625
v 0.051608325 -0.052098765 0.0140625
v 0.0584541 -0.051968775 0.0140625
v 0.0512043 -0.051929145 0.0140625
v 0.058422255 -0.05180271 0.0140625
v 0.05078802 -0.051755355 0.0140625
v 0.0584541 -0.051636645 0.0140625
v 0.05035887 -0.05157951 0.0140625
v 0.058531155 -0.05150271 0.0140625
v 0.049915575 -0.05140485 0.0140625
v 0.058658565 -0.05139714 0.0140625
v 0.058807875 -0.05134218 0.0140625
v 0.049456125 -0.05123124 0.0140625
v 0.070068345 -0.05108271 0.0140625
v 0.058974135 -0.05134218 0.0140625
v 0.04898085 -0.05105658 0.0140625
v 0.070143645 -0.050735895 0.0140625
v 0.0484941 -0.05088678 0.0140625
v 0.047999925 -0.050727615 0.0140625
v 0.070214835 -0.050389245 0.0140625
v 0.0474909 -0.050575485 0.0140625
v 0.0469731 -0.05043186 0.0140625
v 0.04646046 -0.05030301 0.0140625
v 0.07028142 -0.050044335 0.0140625
v 0.04596342 -0.050193585 0.0140625
v 0.0454755 -0.05010069 0.0140625
v 0.044995545 -0.05002383 0.0140625
v 0.07034289 -0.04970265 0.0140625
v 0.04452354 -0.04996296 0.0140625
v 0.044321265 -0.049945095 0.0140625
v 0.04412331 -0.049933515 0.0140625
v 0.04392969 -0.049928235 0.0140625
v 0.036978225 -0.049719075 0.0140625
v 0.037071525 -0.049370715 0.0140625
v 0.043740405 -0.049929255 0.0140625
v 0.03687906 -0.05006778 0.0140625
v 0.043555455 -0.04993656 0.0140625
v 0.043374855 -0.049950195 0.0140625
v 0.04319886 -0.04997055 0.0140625
v 0.043027395 -0.049997535 0.0140625
v 0.04286019 -0.05003067 0.0140625
v 0.04269696 -0.05006955 0.0140625
v 0.03677604 -0.05041266 0.0140625
v 0.04253745 -0.05011374 0.0140625
v 0.042381495 -0.050162895 0.0140625
v 0.0422298 -0.05021739 0.0140625
v 0.04208214 -0.050277345 0.0140625
v 0.04193805 -0.050342775 0.0140625
v 0.04179708 -0.05041365 0.0140625
v 0.03667119 -0.050749605 0.0140625
v 0.041658765 -0.050489985 0.0140625
v 0.041523075 -0.05057142 0.0140625
v 0.041391015 -0.050657115 0.0140625
v 0.041262075 -0.05074797 0.0140625
v 0.041135565 -0.05084502 0.0140625
v 0.036563475 -0.05107896 0.0140625
v 0.04101084 -0.050949285 0.0140625
v 0.04088724 -0.05106183 0.0140625
v 0.04076343 -0.05118435 0.0140625
v 0.03645072 -0.051404565 0.0140625
v 0.040639155 -0.05131701 0.0140625
v 0.040516395 -0.051457305 0.0140625
v 0.036334725 -0.051725325 0.0140625
v 0.0403971 -0.0516027 0.0140625
v 0.04028328 -0.051750615 0.0140625
v 0.03621729 -0.0520401 0.0140625
v 0.040176885 -0.05189853 0.0140625
v 0.04007832 -0.052046445 0.0140625
v 0.0361002 -0.05234778 0.0140625
v 0.039986145 -0.05219616 0.0140625
v 0.03989928 -0.05234853 0.0140625
v 0.03598494 -0.052647285 0.0140625
v 0.039816615 -0.05250444 0.0140625
v 0.039737055 -0.0526647 0.0140625
v 0.03586938 -0.05293875 0.0140625
v 0.03965964 -0.05282994 0.0140625
v 0.03958569 -0.05299668 0.0140625
v 0.035753415 -0.053223015 0.0140625
v 0.03951543 -0.053165835 0.0140625
v 0.03944832 -0.05334018 0.0140625
v 0.035637795 -0.053500845 0.0140625
v 0.039383775 -0.053522505 0.0140625
v 0.035523285 -0.053773065 0.0140625
v 0.039321255 -0.053715585 0.0140625
v 0.039260115 -0.053922225 0.0140625
v 0.035410605 -0.05404044 0.0140625
v 0.03919983 -0.054142995 0.0140625
v 0.03529968 -0.054302895 0.0140625
v 0.039141345 -0.054374775 0.0140625
v 0.03518961 -0.0545595 0.0140625
v 0.03908574 -0.05461419 0.0140625
v 0.035080875 -0.054810735 0.0140625
v 0.03903408 -0.054857865 0.0140625
v 0.034973955 -0.05505708 0.0140625
v 0.03898746 -0.05510241 0.0140625
v 0.03486936 -0.055299015 0.0140625
v 0.03894648 -0.05534706 0.0140625
v 0.034767495 -0.05553699 0.0140625
v 0.038910255 -0.055596495 0.0140625
v 0.03466773 -0.055770315 0.0140625
v 0.03887844 -0.055849335 0.0140625
v 0.034570005 -0.055998975 0.0140625
v 0.03885072 -0.05610387 0.0140625
v 0.034474695 -0.05622333 0.0140625
v 0.03882681 -0.056358315 0.0140625
v 0.034382115 -0.05644374 0.0140625
v 0.038806425 -0.05661096 0.0140625
v 0.03429258 -0.056660565 0.0140625
v 0.03878958 -0.056857515 0.0140625
v 0.034206135 -0.05687376 0.0140625
v 0.03412236 -0.0570828 0.0140625
v 0.038776545 -0.057097755 0.0140625
v 0.034041435 -0.057287985 0.0140625
v 0.03876405 -0.057459405 0.0140625
v 0.033963525 -0.05748972 0.0140625
v 0.03388887 -0.05768835 0.0140625
v 0.038759835 -0.05784063 0.0140625
v 0.03381762 -0.057884235 0.0140625
v 0.033749475 -0.058077075 0.0140625
v 0.038761515 -0.05811558 0.0140625
v 0.03368442 -0.05826675 0.0140625
v 0.038766375 -0.05840748 0.0140625
v 0.03362268 -0.058453335 0.0140625
v 0.033564435 -0.058636905 0.0140625
v 0.038774565 -0.05871228 0.0140625
v 0.033509925 -0.058817535 0.0140625
v 0.03345921 -0.05899524 0.0140625
v 0.03878649 -0.05902791 0.0140625
v 0.033389745 -0.059256105 0.0140625
v 0.0388026 -0.0593523 0.0140625
v 0.0333285 -0.05951031 0.0140625
v 0.03882333 -0.059683335 0.0140625
v 0.03327585 -0.05975814 0.0140625
v 0.033231945 -0.059999235 0.0140625
v 0.03884916 -0.060019965 0.0140625
v 0.03319656 -0.06023319 0.0140625
v 0.03888081 -0.060370515 0.0140625
v 0.03316986 -0.0604617 0.0140625
v 0.03315207 -0.060686505 0.0140625
v 0.03891753 -0.060732075 0.0140625
v 0.033142845 -0.060906795 0.0140625
v 0.03558198 -0.06096267 0.0140625
v 0.03314235 -0.06112254 0.0140625
v 0.03574824 -0.06096267 0.0140625
v 0.03589755 -0.06101763 0.0140625
v 0.038958315 -0.061098075 0.0140625
v 0.03602496 -0.061123185 0.0140625
v 0.036102015 -0.06125712 0.0140625
v 0.03613386 -0.061423185 0.0140625
v 0.0390021 -0.06146196 0.0140625
v 0.036102015 -0.06158925 0.0140625
v 0.03602496 -0.061723185 0.0140625
v 0.03904785 -0.061817145 0.0140625
v 0.03589755 -0.06182874 0.0140625
v 0.03574824 -0.061883715 0.0140625
v 0.03323742 -0.061965 0.0140625
v 0.03558198 -0.061883715 0.0140625
v 0.03328542 -0.06217341 0.0140625
v 0.03911802 -0.062319885 0.0140625
v 0.033342885 -0.06238377 0.0140625
v 0.033409905 -0.062595 0.0140625
v 0.03919122 -0.06279393 0.0140625
v 0.03348645 -0.062806965 0.0140625
v 0.033572565 -0.06301968 0.0140625
v 0.033626325 -0.06314601 0.0140625
v 0.03927201 -0.063268665 0.0140625
v 0.033684555 -0.06327975 0.0140625
v 0.033746715 -0.063421005 0.0140625
v 0.0338118 -0.06356997 0.0140625
v 0.03387909 -0.063728145 0.0140625
v 0.039365055 -0.063774135 0.0140625
v 0.0339477 -0.06389703 0.0140625
v 0.034016655 -0.064078095 0.0140625
v 0.03943527 -0.064136985 0.0140625
v 0.03408414 -0.064273635 0.0140625
v 0.03414804 -0.064486725 0.0140625
v 0.03951069 -0.064511955 0.0140625
v 0.03420573 -0.06471993 0.0140625
v 0.039591255 -0.064898685 0.0140625
v 0.034252995 -0.064976685 0.0140625
v 0.03428145 -0.06525969 0.0140625
v 0.039676965 -0.06529716 0.0140625
v 0.03428289 -0.065570325 0.0140625
v 0.039767835 -0.06570738 0.0140625
v 0.03424758 -0.06591063 0.0140625
v 0.03986385 -0.066129345 0.0140625
v 0.0341583 -0.06626529 0.0140625
v 0.03993213 -0.066419085 0.0140625
v 0.03401313 -0.066617415 0.0140625
v 0.040021635 -0.06672468 0.0140625
v 0.0339186 -0.06678828 0.0140625
v 0.03381144 -0.066951975 0.0140625
v 0.040134075 -0.06704406 0.0140625
v 0.033691185 -0.06710667 0.0140625
v 0.03355812 -0.06725349 0.0140625
v 0.04028166 -0.067362825 0.0140625
v 0.03327285 -0.067510365 0.0140625
v 0.040469295 -0.06767394 0.0140625
v 0.032971005 -0.0677181 0.0140625
v 0.032673975 -0.06787671 0.0140625
v 0.040700835 -0.067971675 0.0140625
v 0.032389665 -0.067996995 0.0140625
v 0.03212028 -0.068085585 0.0140625
v 0.031867035 -0.06814944 0.0140625
v 0.031629135 -0.068195205 0.0140625
v 0.03140535 -0.068226435 0.0140625
v 0.0409758 -0.068243835 0.0140625
v 0.03119481 -0.068246145 0.0140625
v 0.0309972 -0.06825717 0.0140625
v 0.030813 -0.0682614 0.0140625
v 0.017134035 -0.06842064 0.0140625
v 0.041293425 -0.06848415 0.0140625
v 0.016999125 -0.06830103 0.0140625
v 0.03064212 -0.0682602 0.0140625
v 0.03048423 -0.068255025 0.0140625
v 0.030337215 -0.06824721 0.0140625
v 0.030199035 -0.068237325 0.0140625
v 0.03006762 -0.068225985 0.0140625
v 0.029940675 -0.0682137 0.0140625
v 0.029816475 -0.068200725 0.0140625
v 0.029694015 -0.06818718 0.0140625
v 0.01687182 -0.06818142 0.0140625
v 0.02930385 -0.068142225 0.0140625
v 0.02892075 -0.068094675 0.0140625
v 0.016746465 -0.068054295 0.0140625
v 0.028544685 -0.0680445 0.0140625
v 0.028175655 -0.06799173 0.0140625
v 0.027813675 -0.067936335 0.0140625
v 0.016630665 -0.06792618 0.0140625
v 0.02745879 -0.067878345 0.0140625
v 0.02711103 -0.067817775 0.0140625
v 0.016513905 -0.067790025 0.0140625
v 0.026770305 -0.067754595 0.0140625
v 0.02643651 -0.067688775 0.0140625
v 0.016381365 -0.067635135 0.0140625
v 0.025948665 -0.067585035 0.0140625
v 0.025476405 -0.067475205 0.0140625
v 0.01622721 -0.06745584 0.0140625
v 0.025019655 -0.06735942 0.0140625
v 0.016060905 -0.067260555 0.0140625
v 0.024578085 -0.06723783 0.0140625
v 0.02415141 -0.06711051 0.0140625
v 0.015892785 -0.06706008 0.0140625
v 0.023739765 -0.06697737 0.0140625
v 0.015728865 -0.066861 0.0140625
v 0.02334339 -0.066838545 0.0140625
v 0.022962465 -0.066694155 0.0140625
v 0.01556454 -0.06665847 0.0140625
v 0.022596915 -0.06654405 0.0140625
v 0.01539765 -0.066449295 0.0140625
v 0.02224677 -0.066388395 0.0140625
v 0.015226455 -0.066231015 0.0140625
v 0.02191215 -0.06622746 0.0140625
v 0.021592875 -0.06606129 0.0140625
v 0.015051525 -0.066004845 0.0140625
v 0.021288915 -0.065889735 0.0140625
v 0.014873505 -0.065770725 0.0140625
v 0.02100099 -0.065713155 0.0140625
v 0.02072976 -0.065531865 0.0140625
v 0.014692905 -0.06552834 0.0140625
v 0.02047497 -0.06534576 0.0140625
v 0.014509695 -0.065278155 0.0140625
v 0.020236545 -0.065154765 0.0140625
v 0.01432377 -0.06501963 0.0140625
v 0.020014455 -0.064958895 0.0140625
v 0.01413522 -0.064751655 0.0140625
v 0.01953411 -0.06440574 0.0140625
v 0.013943985 -0.064474215 0.0140625
v 0.01375008 -0.064187565 0.0140625
v 0.01905165 -0.063816705 0.0140625
v 0.013553745 -0.063890445 0.0140625
v 0.013355085 -0.063582225 0.0140625
v 0.01856667 -0.06319221 0.0140625
v 0.01315392 -0.063263685 0.0140625
v 0.01295061 -0.062933595 0.0140625
v 0.01807815 -0.06253365 0.0140625
v 0.0127455 -0.06259074 0.0140625
v 0.01253826 -0.06223605 0.0140625
v 0.017590665 -0.06183513 0.0140625
v 0.012329265 -0.06186864 0.0140625
v 0.012119115 -0.06148683 0.0140625
v 0.017348355 -0.061469505 0.0140625
v 0.01710597 -0.06109425 0.0140625
v 0.011907585 -0.06109107 0.0140625
v 0.01686423 -0.06070851 0.0140625
v 0.011694765 -0.060681255 0.0140625
v 0.016624005 -0.06031128 0.0140625
v 0.011481555 -0.06025548 0.0140625
v 0.016386105 -0.05990157 0.0140625
v 0.01126824 -0.05981307 0.0140625
v 0.01615083 -0.05947902 0.0140625
v 0.011054295 -0.059355045 0.0140625
v 0.015916635 -0.05904534 0.0140625
v 0.01084095 -0.058879335 0.0140625
v 0.015684375 -0.05859963 0.0140625
v 0.01062918 -0.05838423 0.0140625
v 0.015455235 -0.05814069 0.0140625
v 0.010417935 -0.057871275 0.0140625
v 0.01523037 -0.05766726 0.0140625
v 0.010208535 -0.057338745 0.0140625
v 0.015010485 -0.05717847 0.0140625
v 0.01000275 -0.05678412 0.0140625
v 0.014793195 -0.05667585 0.0140625
v 0.009799575 -0.056208555 0.0140625
v 0.01457949 -0.05615916 0.0140625
v 0.01437123 -0.055627605 0.0140625
v 0.009599745 -0.05561133 0.0140625
v 0.01417029 -0.055080345 0.0140625
v 0.0095019 -0.05530368 0.0140625
v 0.00940587 -0.05498952 0.0140625
v 0.0139782 -0.054516495 0.0140625
v 0.009311565 -0.054668895 0.0140625
v 0.009218175 -0.054342645 0.0140625
v 0.013791585 -0.05393448 0.0140625
v 0.009126075 -0.054010395 0.0140625
v 0.00903573 -0.05367177 0.0140625
v 0.01361112 -0.05333577 0.0140625
v 0.00894759 -0.053326335 0.0140625
v 0.01343952 -0.052722705 0.0140625
v 0.008862105 -0.052973685 0.0140625
v 0.008779725 -0.0526134 0.0140625
v 0.01327953 -0.052097565 0.0140625
v 0.00869952 -0.05224623 0.0140625
v 0.00862113 -0.051872445 0.0140625
v 0.01313382 -0.051462645 0.0140625
v 0.008545215 -0.051491625 0.0140625
v 0.008472405 -0.05110329 0.0140625
v 0.01300152 -0.05081721 0.0140625
v 0.00840333 -0.050707005 0.0140625
v 0.01288122 -0.05016003 0.0140625
v 0.008338635 -0.05030229 0.0140625
v 0.008278515 -0.049888965 0.0140625
v 0.01277292 -0.049491135 0.0140625
v 0.00822123 -0.04946811 0.0140625
v 0.01267659 -0.04881051 0.0140625
v 0.008167245 -0.0490395 0.0140625
v 0.008117475 -0.048602625 0.0140625
v 0.01259226 -0.048118155 0.0140625
v 0.008072805 -0.048157035 0.0140625
v 0.01256337 -0.04786461 0.0140625
v 0.00803412 -0.047702235 0.0140625
v 0.01254738 -0.047615475 0.0140625
v 0.012544305 -0.04737072 0.0140625
v 0.008002335 -0.04723773 0.0140625
v 0.012554145 -0.047128875 0.0140625
v 0.01257687 -0.046889535 0.0140625
v 0.0079764 -0.04676391 0.0140625
v 0.012612555 -0.046658805 0.0140625
v 0.012661425 -0.04644216 0.0140625
v 0.00795477 -0.04628154 0.0140625
v 0.0127242 -0.046238055 0.0140625
v 0.01288377 -0.04586058 0.0140625
v 0.00793866 -0.045790155 0.0140625
v 0.013084725 -0.045521925 0.0140625
v 0.00792936 -0.04528926 0.0140625
v 0.01332579 -0.045217665 0.0140625
v 0.013603635 -0.044948175 0.0140625
v 0.0079281 -0.04477839 0.0140625
v 0.013904835 -0.04472172 0.0140625
v 0.01421961 -0.044535105 0.0140625
v 0.014540385 -0.04438785 0.0140625
v 0.014848785 -0.044265735 0.0140625
v 0.00793617 -0.044257095 0.0140625
v 0.01514451 -0.044168535 0.0140625
v 0.015660075 -0.044001345 0.0140625
v 0.01616256 -0.043840905 0.0140625
v 0.00795447 -0.04372497 0.0140625
v 0.01665195 -0.04368723 0.0140625
v 0.01712826 -0.04354029 0.0140625
v 0.01759146 -0.04340013 0.0140625
v 0.01804158 -0.043266705 0.0140625
v 0.00797967 -0.04318293 0.0140625
v 0.018474195 -0.04314144 0.0140625
v 0.018888405 -0.04302459 0.0140625
v 0.01928952 -0.04291449 0.0140625
v 0.01968285 -0.04280949 0.0140625
v 0.020073705 -0.042707895 0.0140625
v 0.008011965 -0.04263102 0.0140625
v 0.020467365 -0.04260804 0.0140625
v 0.020862045 -0.04251027 0.0140625
v 0.021253125 -0.04241598 0.0140625
v 0.0216417 -0.042325095 0.0140625
v 0.02202894 -0.042237555 0.0140625
v 0.02241591 -0.0421533 0.0140625
v 0.022803765 -0.04207224 0.0140625
v 0.00805314 -0.042068865 0.0140625
v 0.023195475 -0.041993805 0.0140625
v 0.023590785 -0.04191795 0.0140625
v 0.023985825 -0.041845365 0.0140625
v 0.0243768 -0.041776755 0.0140625
v 0.024759885 -0.041712825 0.0140625
v 0.025131255 -0.04165428 0.0140625
v 0.025492575 -0.041601225 0.0140625
v 0.02584728 -0.04155315 0.0140625
v 0.026194095 -0.04150974 0.0140625
v 0.008104965 -0.041496105 0.0140625
v 0.02653173 -0.041470725 0.0140625
v 0.026858955 -0.041435805 0.0140625
v 0.027174465 -0.04140471 0.0140625
v 0.027474015 -0.041377815 0.0140625
v 0.02775777 -0.04135545 0.0140625
v 0.0280311 -0.041337165 0.0140625
v 0.02829936 -0.04132257 0.0140625
v 0.028567935 -0.041311245 0.0140625
v 0.02884218 -0.041302755 0.0140625
v 0.0291213 -0.041296695 0.0140625
v 0.029400825 -0.04129332 0.0140625
v 0.008169225 -0.040912335 0.0140625
v 0.029680665 -0.041293215 0.0140625
v 0.04779912 -0.04088568 0.0140625
v 0.047930955 -0.040371645 0.0140625
v 0.0299607 -0.041296935 0.0140625
v 0.030240855 -0.04130505 0.0140625
v 0.030521025 -0.04131816 0.0140625
v 0.030806145 -0.04133679 0.0140625
v 0.031097295 -0.041360625 0.0140625
v 0.031388535 -0.041388855 0.0140625
v 0.047685525 -0.04139679 0.0140625
v 0.031673985 -0.0414207 0.0140625
v 0.03194772 -0.04145538 0.0140625
v 0.03220383 -0.041492115 0.0140625
v 0.03244059 -0.041531025 0.0140625
v 0.03266241 -0.041572755 0.0140625
v 0.03287253 -0.04161732 0.0140625
v 0.033074145 -0.041664735 0.0140625
v 0.033270495 -0.041715 0.0140625
v 0.03346482 -0.04176813 0.0140625
v 0.03365451 -0.04182297 0.0140625
v 0.03383646 -0.04187928 0.0140625
v 0.04758639 -0.041910075 0.0140625
v 0.034013145 -0.04193844 0.0140625
v 0.03418704 -0.04200183 0.0140625
v 0.034360635 -0.042070845 0.0140625
v 0.034536375 -0.042146865 0.0140625
v 0.03471702 -0.04223112 0.0140625
v 0.034901145 -0.042322755 0.0140625
v 0.035084955 -0.042420015 0.0140625
v 0.04750149 -0.04242591 0.0140625
v 0.03522033 -0.04249557 0.0140625
v 0.03535179 -0.042572565 0.0140625
v 0.035477745 -0.04265025 0.0140625
v 0.03559659 -0.04272786 0.0140625
v 0.03574494 -0.04283217 0.0140625
v 0.035884545 -0.04293876 0.0140625
v 0.04743078 -0.04294428 0.0140625
v 0.036016245 -0.043047435 0.0140625
v 0.04741302 -0.043144935 0.0140625
v 0.03614091 -0.04315803 0.0140625
v 0.03625938 -0.043270365 0.0140625
v 0.04740144 -0.043341315 0.0140625
v 0.03637254 -0.043384245 0.0140625
v 0.03647949 -0.043498875 0.0140625
v 0.04739607 -0.04353342 0.0140625
v 0.036579375 -0.04361418 0.0140625
v 0.047396895 -0.04372125 0.0140625
v 0.036673065 -0.043731225 0.0140625
v 0.04246782 -0.043828125 0.0140625
v 0.036761475 -0.04385106 0.0140625
v 0.04272717 -0.043859175 0.0140625
v 0.0474039 -0.043904805 0.0140625
v 0.042978285 -0.04394568 0.0140625
v 0.04319568 -0.044083275 0.0140625
v 0.04741713 -0.044084055 0.0140625
v 0.043384545 -0.04427214 0.0140625
v 0.04743699 -0.04425876 0.0140625
v 0.047463345 -0.04442898 0.0140625
v 0.043521765 -0.044488155 0.0140625
v 0.04749579 -0.044595015 0.0140625
v 0.043605705 -0.044729655 0.0140625
v 0.047533875 -0.04475712 0.0140625
v 0.043639695 -0.045 0.0140625
v 0.04757718 -0.04491558 0.0140625
v 0.047625375 -0.04507053 0.0140625
v 0.043605705 -0.045270345 0.0140625
v 0.04767885 -0.04522131 0.0140625
v 0.047737695 -0.04536813 0.0140625
v 0.043521765 -0.045511845 0.0140625
v 0.047801925 -0.04551141 0.0140625
v 0.047871525 -0.04565163 0.0140625
v 0.043384545 -0.04572786 0.0140625
v 0.04794648 -0.04578924 0.0140625
v 0.04319568 -0.045916725 0.0140625
v 0.048026445 -0.04592424 0.0140625
v 0.042978285 -0.04605432 0.0140625
v 0.048110625 -0.04605567 0.0140625
v 0.04272717 -0.046140825 0.0140625
v 0.04246782 -0.046171875 0.0140625
v 0.048199905 -0.04618404 0.0140625
v 0.037536525 -0.046201905 0.0140625
v 0.04220847 -0.046140825 0.0140625
v 0.04829523 -0.046309995 0.0140625
v 0.03753966 -0.04633854 0.0140625
v 0.04839762 -0.04643418 0.0140625
v 0.03753942 -0.04647744 0.0140625
v 0.04850805 -0.046557255 0.0140625
v 0.037535835 -0.04661862 0.0140625
v 0.04862814 -0.046680495 0.0140625
v 0.037528875 -0.04676205 0.0140625
v 0.04875804 -0.046804125 0.0140625
v 0.03751854 -0.04690776 0.0140625
v 0.048895365 -0.046926255 0.0140625
v 0.03750486 -0.04705572 0.0140625
v 0.04903773 -0.04704501 0.0140625
v 0.04918275 -0.047158455 0.0140625
v 0.03746472 -0.04737687 0.0140625
v 0.04932804 -0.047264715 0.0140625
v 0.049473735 -0.047363445 0.0140625
v 0.0496215 -0.04745604 0.0140625
v 0.03741747 -0.0477009 0.0140625
v 0.04977201 -0.04754349 0.0140625
v 0.049925955 -0.04762677 0.0140625
v 0.05008398 -0.0477069 0.0140625
v 0.037363095 -0.048027855 0.0140625
v 0.05024649 -0.047784735 0.0140625
v 0.05041023 -0.047858955 0.0140625
v 0.05057613 -0.04792941 0.0140625
v 0.050746965 -0.047996715 0.0140625
v 0.05092551 -0.048061485 0.0140625
v 0.03730161 -0.048357705 0.0140625
v 0.051114525 -0.048124365 0.0140625
v 0.05131674 -0.048186015 0.0140625
v 0.051532335 -0.048246855 0.0140625
v 0.051758505 -0.04830597 0.0140625
v 0.05199225 -0.04836231 0.0140625
v 0.037233015 -0.048690465 0.0140625
v 0.0522306 -0.04841484 0.0140625
v 0.052470555 -0.048462495 0.0140625
v 0.05271174 -0.04850472 0.0140625
v 0.05295879 -0.04854243 0.0140625
v 0.053209845 -0.048575895 0.0140625
v 0.05346267 -0.048605325 0.0140625
v 0.053714985 -0.048630945 0.0140625
v 0.053964555 -0.048652965 0.0140625
v 0.05420703 -0.048671295 0.0140625
v 0.054442605 -0.04868568 0.0140625
v 0.05479635 -0.048700215 0.0140625
v 0.037156935 -0.04902687 0.0140625
v 0.05516886 -0.048706725 0.0140625
v 0.05543772 -0.048706845 0.0140625
v 0.070495515 -0.048690675 0.0140625
v 0.07044948 -0.049028955 0.0140625
v 0.055722795 -0.04870404 0.0140625
v 0.05602011 -0.0486981 0.0140625
v 0.05632803 -0.04868856 0.0140625
v 0.070537065 -0.04835166 0.0140625
v 0.05664495 -0.04867491 0.0140625
v 0.056969235 -0.048656685 0.0140625
v 0.0573003 -0.048633315 0.0140625
v 0.057646635 -0.048604155 0.0140625
v 0.058004835 -0.04856994 0.0140625
v 0.05836785 -0.048531735 0.0140625
v 0.05872857 -0.048490545 0.0140625
v 0.0590799 -0.048447465 0.0140625
v 0.05957508 -0.048381285 0.0140625
v 0.0600405 -0.048312045 0.0140625
v 0.070574325 -0.048012825 0.0140625
v 0.06050565 -0.04823544 0.0140625
v 0.061000515 -0.04814709 0.0140625
v 0.061355745 -0.04808037 0.0140625
v 0.06172263 -0.04800864 0.0140625
v 0.070607445 -0.047675085 0.0140625
v 0.06210084 -0.047931975 0.0140625
v 0.062490345 -0.04785036 0.0140625
v 0.06289116 -0.04776381 0.0140625
v 0.06330327 -0.04767231 0.0140625
v 0.07063662 -0.047339325 0.0140625
v 0.063595545 -0.047604255 0.0140625
v 0.06390693 -0.047516115 0.0140625
v 0.064231335 -0.04740243 0.0140625
v 0.064559025 -0.047254425 0.0140625
v 0.07066203 -0.04700646 0.0140625
v 0.06488004 -0.047061915 0.0140625
v 0.06518577 -0.04682361 0.0140625
v 0.070683855 -0.046677405 0.0140625
v 0.065468055 -0.04653843 0.0140625
v 0.070702275 -0.046353045 0.0140625
v 0.06571605 -0.046204425 0.0140625
v 0.070717485 -0.04603431 0.0140625
v 0.065823495 -0.04602237 0.0140625
v 0.07072947 -0.045721845 0.0140625
v 0.065919045 -0.045829695 0.0140625
v 0.06600228 -0.04562889 0.0140625
v 0.07073874 -0.04531221 0.0140625
v 0.0660714 -0.045423945 0.0140625
v 0.066126255 -0.0452121 0.0140625
v 0.070740555 -0.044909685 0.0140625
v 0.06616821 -0.04499925 0.0140625
v 0.06621357 -0.04458588 0.0140625
v 0.070735695 -0.044514 0.0140625
v 0.06622386 -0.044194905 0.0140625
v 0.07072494 -0.04412493 0.0140625
v 0.066209115 -0.04383348 0.0140625
v 0.0707091 -0.043742235 0.0140625
v 0.070688955 -0.043365675 0.0140625
v 0.06616542 -0.04318944 0.0140625
v 0.070665285 -0.04299501 0.0140625
v 0.07063878 -0.04263006 0.0140625
v 0.06610842 -0.042559365 0.0140625
v 0.0706077 -0.042271485 0.0140625
v 0.0660381 -0.041943255 0.0140625
v 0.07057155 -0.041919405 0.0140625
v 0.070530915 -0.04157358 0.0140625
v 0.06595446 -0.04134111 0.0140625
v 0.07048632 -0.041233725 0.0140625
v 0.070438335 -0.040899585 0.0140625
v 0.0658557 -0.040751475 0.0140625
v 0.070387515 -0.04057089 0.0140625
v 0.070334385 -0.040247385 0.0140625
v 0.06574245 -0.040174845 0.0140625
v 0.070279485 -0.03992883 0.0140625
v 0.070221705 -0.03961584 0.0140625
v 0.06561825 -0.039614115 0.0140625
v 0.07016055 -0.03930867 0.0140625
v 0.065486745 -0.039072225 0.0140625
v 0.07009644 -0.039007035 0.0140625
v 0.070029735 -0.038710695 0.0140625
v 0.065347185 -0.038550165 0.0140625
v 0.069960855 -0.038419395 0.0140625
v 0.06989016 -0.038132865 0.0140625
v 0.065198205 -0.038046315 0.0140625
v 0.06981804 -0.03785085 0.0140625
v 0.069744885 -0.037573125 0.0140625
v 0.065042475 -0.037559625 0.0140625
v 0.069670005 -0.037300185 0.0140625
v 0.064882695 -0.037089045 0.0140625
v 0.069592965 -0.03703236 0.0140625
v 0.069514035 -0.036769395 0.0140625
v 0.0693927 -0.036383535 0.0140625
v 0.06454866 -0.03619869 0.0140625
v 0.069268665 -0.036007305 0.0140625
v 0.069142815 -0.03563991 0.0140625
v 0.06419937 -0.03536934 0.0140625
v 0.069015435 -0.035281215 0.0140625
v 0.06888525 -0.034932375 0.0140625
v 0.06383958 -0.034596075 0.0140625
v 0.06875274 -0.034592835 0.0140625
v 0.06861858 -0.03426186 0.0140625
v 0.068483385 -0.033938745 0.0140625
v 0.063473325 -0.033874215 0.0140625
v 0.06834771 -0.033622905 0.0140625
v 0.06821085 -0.033315675 0.0140625
v 0.06310554 -0.03319854 0.0140625
v 0.06807273 -0.03301683 0.0140625
v 0.067933695 -0.032725425 0.0140625
v 0.06273804 -0.03256566 0.0140625
v 0.067794045 -0.0324405 0.0140625
v 0.067654095 -0.03216111 0.0140625
v 0.062373825 -0.031971555 0.0140625
v 0.067513185 -0.031886865 0.0140625
v 0.067370775 -0.031618395 0.0140625
v 0.062014275 -0.031412865 0.0140625
v 0.06722799 -0.03135624 0.0140625
v 0.067085985 -0.031100865 0.0140625
v 0.061661955 -0.030885435 0.0140625
v 0.06694587 -0.03085278 0.0140625
v 0.0668085 -0.03061266 0.0140625
v 0.06131655 -0.0303876 0.0140625
v 0.06667305 -0.030381045 0.0140625
v 0.066539145 -0.030156855 0.0140625
v 0.066406605 -0.029938845 0.0140625
v 0.060978615 -0.029915955 0.0140625
v 0.066275205 -0.029725755 0.0140625
v 0.06614475 -0.029516385 0.0140625
v 0.060648 -0.029471625 0.0140625
v 0.066015135 -0.029311425 0.0140625
v 0.060486255 -0.02926626 0.0140625
v 0.065886525 -0.02911146 0.0140625
v 0.06032643 -0.02906817 0.0140625
v 0.065759145 -0.02891631 0.0140625
v 0.06016848 -0.028877385 0.0140625
v 0.065633205 -0.028725795 0.0140625
v 0.060012435 -0.02869389 0.0140625
v 0.065508945 -0.028539735 0.0140625
v 0.059807325 -0.02846058 0.0140625
v 0.065264985 -0.028181175 0.0140625
v 0.05960559 -0.02824023 0.0140625
v 0.059407215 -0.028032855 0.0140625
v 0.06502722 -0.02784087 0.0140625
v 0.059211945 -0.02783895 0.0140625
v 0.06479769 -0.0275181 0.0140625
v 0.059019375 -0.027659325 0.0140625
v 0.058829985 -0.02749305 0.0140625
v 0.06457779 -0.02721498 0.0140625
v 0.058644285 -0.027339105 0.0140625
v 0.05846283 -0.027196425 0.0140625
v 0.064364685 -0.02692713 0.0140625
v 0.058286145 -0.02706399 0.0140625
v 0.05811471 -0.026941335 0.0140625
v 0.057948405 -0.02683122 0.0140625
v 0.064156425 -0.026650005 0.0140625
v 0.057786855 -0.02673291 0.0140625
v 0.05762961 -0.026644845 0.0140625
v 0.06395583 -0.02638752 0.0140625
v 0.05747631 -0.02656548 0.0140625
v 0.057326535 -0.02649324 0.0140625
v 0.05717991 -0.026426655 0.0140625
v 0.057037275 -0.02636784 0.0140625
v 0.063751455 -0.026125995 0.0140625
v 0.056898735 -0.026317515 0.0140625
v 0.056763795 -0.026274645 0.0140625
v 0.056631915 -0.02623821 0.0140625
v 0.0565026 -0.02620719 0.0140625
v 0.056312445 -0.026168805 0.0140625
v 0.05612883 -0.0261426 0.0140625
v 0.055951185 -0.026128755 0.0140625
v 0.055777575 -0.026125695 0.0140625
v 0.06353211 -0.02585208 0.0140625
v 0.04554987 -0.026122965 0.0140625
v 0.045474015 -0.025727655 0.0140625
v 0.055606035 -0.026131875 0.0140625
v 0.045622455 -0.026518005 0.0140625
v 0.05543763 -0.02614713 0.0140625
v 0.05527272 -0.026172285 0.0140625
v 0.055109685 -0.02620764 0.0140625
v 0.05494692 -0.026253465 0.0140625
v 0.05478447 -0.026308905 0.0140625
v 0.05462337 -0.02637372 0.0140625
v 0.054462375 -0.02645004 0.0140625
v 0.054300195 -0.026540025 0.0140625
v 0.045691065 -0.026908995 0.0140625
v 0.054136245 -0.026643735 0.0140625
v 0.054026505 -0.02671887 0.0140625
v 0.053916315 -0.02679996 0.0140625
v 0.053805555 -0.02688816 0.0140625
v 0.05369409 -0.026984595 0.0140625
v 0.045754995 -0.027292065 0.0140625
v 0.05358183 -0.02709045 0.0140625
v 0.053468625 -0.02720496 0.0140625
v 0.053354475 -0.02732589 0.0140625
v 0.04581354 -0.027663435 0.0140625
v 0.05323959 -0.02745474 0.0140625
v 0.053124135 -0.027593115 0.0140625
v 0.053008275 -0.02774259 0.0140625
v 0.04586658 -0.02802477 0.0140625
v 0.05289222 -0.0279048 0.0140625
v 0.052775835 -0.028080555 0.0140625
v 0.0491874 -0.028116285 0.0140625
v 0.04591467 -0.02837946 0.0140625
v 0.04935366 -0.028116285 0.0140625
v 0.04950297 -0.02817126 0.0140625
v 0.052658025 -0.02826732 0.0140625
v 0.04963038 -0.028276815 0.0140625
v 0.04970742 -0.02841075 0.0140625
v 0.052539435 -0.02846535 0.0140625
v 0.04973928 -0.028576815 0.0140625
v 0.052420905 -0.028675425 0.0140625
v 0.04970742 -0.02874288 0.0140625
v 0.04963038 -0.028876815 0.0140625
v 0.052303305 -0.02889834 0.0140625
v 0.04950297 -0.02898237 0.0140625
v 0.04935366 -0.02903733 0.0140625
v 0.052187505 -0.029134845 0.0140625
v 0.045997095 -0.02906391 0.0140625
v 0.0491874 -0.02903733 0.0140625
v 0.046032 -0.029391135 0.0140625
v 0.052074285 -0.02938566 0.0140625
v 0.051962955 -0.02965017 0.0140625
v 0.04606311 -0.029706645 0.0140625
v 0.051853125 -0.029928 0.0140625
v 0.046090005 -0.030006195 0.0140625
v 0.051744765 -0.030219135 0.0140625
v 0.04611237 -0.03028995 0.0140625
v 0.05166447 -0.030446235 0.0140625
v 0.046130655 -0.03056328 0.0140625
v 0.051585 -0.03068082 0.0140625
v 0.046145235 -0.03083154 0.0140625
v 0.05150637 -0.030922905 0.0140625
v 0.046156575 -0.031100115 0.0140625
v 0.051428565 -0.031172475 0.0140625
v 0.046165065 -0.03137436 0.0140625
v 0.046171125 -0.03165348 0.0140625
v 0.05125533 -0.031718415 0.0140625
v 0.0461745 -0.031933005 0.0140625
v 0.046174605 -0.032212845 0.0140625
v 0.05105523 -0.032288595 0.0140625
v 0.046170885 -0.032492895 0.0140625
v 0.046162755 -0.03277305 0.0140625
v 0.050827395 -0.032881845 0.0140625
v 0.04614966 -0.033053205 0.0140625
v 0.04613103 -0.033338325 0.0140625
v 0.050575575 -0.03350325 0.0140625
v 0.046107195 -0.033629475 0.0140625
v 0.046078965 -0.03392073 0.0140625
v 0.05030031 -0.034154145 0.0140625
v 0.04604712 -0.034206165 0.0140625
v 0.04601244 -0.0344799 0.0140625
v 0.045975705 -0.03473601 0.0140625
v 0.05000709 -0.03483819 0.0140625
v 0.045936795 -0.03497277 0.0140625
v 0.045895065 -0.035194605 0.0140625
v 0.0458505 -0.03540471 0.0140625
v 0.049696545 -0.035555715 0.0140625
v 0.045803085 -0.035606325 0.0140625
v 0.045752805 -0.035802675 0.0140625
v 0.04569969 -0.035997 0.0140625
v 0.04564485 -0.03618669 0.0140625
v 0.049375965 -0.036313155 0.0140625
v 0.04558854 -0.03636864 0.0140625
v 0.04552938 -0.036545325 0.0140625
v 0.045465975 -0.03671922 0.0140625
v 0.04539696 -0.036892815 0.0140625
v 0.045320955 -0.037068555 0.0140625
v 0.04904619 -0.03711165 0.0140625
v 0.0452367 -0.0372492 0.0140625
v 0.045145065 -0.037433325 0.0140625
v 0.04888149 -0.037532475 0.0140625
v 0.045047805 -0.037617135 0.0140625
v 0.044972235 -0.03775251 0.0140625
v 0.044895255 -0.03788397 0.0140625
v 0.048714765 -0.03796791 0.0140625
v 0.04481757 -0.038009925 0.0140625
v 0.04473996 -0.03812877 0.0140625
v 0.04463565 -0.03827712 0.0140625
v 0.04452906 -0.038416725 0.0140625
v 0.04854801 -0.038417325 0.0140625
v 0.044420385 -0.038548425 0.0140625
v 0.04430979 -0.03867309 0.0140625
v 0.044197455 -0.03879156 0.0140625
v 0.048385635 -0.03888105 0.0140625
v 0.04408356 -0.03890472 0.0140625
v 0.043968945 -0.03901167 0.0140625
v 0.04385364 -0.039111555 0.0140625
v 0.043736595 -0.039205245 0.0140625
v 0.04361676 -0.039293655 0.0140625
v 0.048230295 -0.03936066 0.0140625
v 0.043493085 -0.039377625 0.0140625
v 0.04336455 -0.03945807 0.0140625
v 0.043231065 -0.039535245 0.0140625
v 0.043093485 -0.039608475 0.0140625
v 0.042952065 -0.03967731 0.0140625
v 0.04280709 -0.03974121 0.0140625
v 0.04265883 -0.03979974 0.0140625
v 0.04250757 -0.03985236 0.0140625
v 0.04807701 -0.03986013 0.0140625
v 0.04235355 -0.03989943 0.0140625
v 0.042196635 -0.0399414 0.0140625
v 0.042036435 -0.039977955 0.0140625
v 0.0419139 -0.04000167 0.0140625
v 0.04178916 -0.040022055 0.0140625
v 0.041662035 -0.04003899 0.0140625
v 0.04153239 -0.040052355 0.0140625
v 0.041400285 -0.04006221 0.0140625
v 0.041265915 -0.040068705 0.0140625
v 0.04112928 -0.04007184 0.0140625
v 0.00824769 -0.040317195 0.0140625
v 0.04099038 -0.040071615 0.0140625
v 0.0408492 -0.040068015 0.0140625
v 0.04070577 -0.040061055 0.0140625
v 0.04056006 -0.04005072 0.0140625
v 0.040412085 -0.04003704 0.0140625
v 0.040081695 -0.039994455 0.0140625
v 0.039750585 -0.03994539 0.0140625
v 0.03941877 -0.03988983 0.0140625
v 0.039086235 -0.03982776 0.0140625
v 0.015933555 -0.039770715 0.0140625
v 0.03875298 -0.039759195 0.0140625
v 0.015762135 -0.03976254 0.0140625
v 0.01558917 -0.0397455 0.0140625
v 0.015419655 -0.039716595 0.0140625
v 0.008340315 -0.039709215 0.0140625
v 0.015251145 -0.03967656 0.0140625
v 0.01508529 -0.039625425 0.0140625
v 0.014926875 -0.039561975 0.0140625
v 0.01463307 -0.03939648 0.0140625
v 0.008408025 -0.03929562 0.0140625
v 0.01437759 -0.03918447 0.0140625
v 0.01416606 -0.03892713 0.0140625
v 0.008480835 -0.03887619 0.0140625
v 0.014001165 -0.03863781 0.0140625
v 0.00855915 -0.03845169 0.0140625
v 0.013880895 -0.038323875 0.0140625
v 0.00864336 -0.0380229 0.0140625
v 0.013803225 -0.037997235 0.0140625
v 0.013759245 -0.037675245 0.0140625
v 0.008733885 -0.037590585 0.0140625
v 0.013745175 -0.03736563 0.0140625
v 0.0088311 -0.03715551 0.0140625
v 0.01374879 -0.03708396 0.0140625
v 0.01376658 -0.036827415 0.0140625
v 0.008935425 -0.03671844 0.0140625
v 0.013792275 -0.03659478 0.0140625
v 0.0138234 -0.03637869 0.0140625
v 0.009047265 -0.036280155 0.0140625
v 0.01385877 -0.03617682 0.0140625
v 0.013896915 -0.03598524 0.0140625
v 0.009166995 -0.035841285 0.0140625
v 0.01393716 -0.0358041 0.0140625
v 0.013978665 -0.03563307 0.0140625
v 0.014020455 -0.03547212 0.0140625
v 0.009294495 -0.035397945 0.0140625
v 0.01406217 -0.035321145 0.0140625
v 0.014103075 -0.0351798 0.0140625
v 0.014143125 -0.035047485 0.0140625
v 0.009429435 -0.034949115 0.0140625
v 0.014182155 -0.03492375 0.0140625
v 0.01422018 -0.03480741 0.0140625
v 0.01425723 -0.034698045 0.0140625
v 0.014293275 -0.034594635 0.0140625
v 0.01432827 -0.034496805 0.0140625
v 0.009571545 -0.03449628 0.0140625
v 0.014362185 -0.03440415 0.0140625
v 0.01439475 -0.034316655 0.0140625
v 0.014425935 -0.034234185 0.0140625
v 0.014455635 -0.03415659 0.0140625
v 0.01448424 -0.034082685 0.0140625
v 0.0097206 -0.03404094 0.0140625
v 0.014511915 -0.034011915 0.0140625
v 0.01453941 -0.03394215 0.0140625
v 0.014566725 -0.033873435 0.0140625
v 0.009876345 -0.03358455 0.0140625
v 0.0150786 -0.03266751 0.0140625
v 0.010038525 -0.03312858 0.0140625
v 0.0102069 -0.032674545 0.0140625
v 0.01038123 -0.032223885 0.0140625
v 0.01564029 -0.03148884 0.0140625
v 0.010561275 -0.0317781 0.0140625
v 0.010746825 -0.03133839 0.0140625
v 0.016251855 -0.030337335 0.0140625
v 0.01093857 -0.030901755 0.0140625
v 0.011136675 -0.030467085 0.0140625
v 0.01134102 -0.030034665 0.0140625
v 0.01691457 -0.029210955 0.0140625
v 0.011551455 -0.02960475 0.0140625
v 0.011767845 -0.02917761 0.0140625
v 0.017625915 -0.02811369 0.0140625
v 0.011990085 -0.028753515 0.0140625
v 0.01221804 -0.028332735 0.0140625
v 0.01245156 -0.02791554 0.0140625
v 0.01838271 -0.02705073 0.0140625
v 0.012690525 -0.0275022 0.0140625
v 0.012934935 -0.027092775 0.0140625
v 0.01318587 -0.02668584 0.0140625
v 0.01918665 -0.02601975 0.0140625
v 0.01344324 -0.026281425 0.0140625
v 0.01370664 -0.025879995 0.0140625
v 0.0200343 -0.02502483 0.0140625
v 0.013975665 -0.025482015 0.0140625
v 0.014249895 -0.025087935 0.0140625
v 0.014528955 -0.024698205 0.0140625
v 0.020923035 -0.02406942 0.0140625
v 0.014812425 -0.024313305 0.0140625
v 0.015099885 -0.0239337 0.0140625
v 0.021854445 -0.0231516 0.0140625
v 0.01539096 -0.02355984 0.0140625
v 0.015685965 -0.02319159 0.0140625
v 0.01598844 -0.022826265 0.0140625
v 0.022823745 -0.022275975 0.0140625
v 0.01629771 -0.02246421 0.0140625
v 0.016612395 -0.02210634 0.0140625
v 0.02382963 -0.021444045 0.0140625
v 0.01693113 -0.021753585 0.0140625
v 0.01725252 -0.021406845 0.0140625
v 0.024872565 -0.02065515 0.0140625
v 0.01757517 -0.02106705 0.0140625
v 0.017897715 -0.020735115 0.0140625
v 0.01821876 -0.02041194 0.0140625
v 0.025946775 -0.01991361 0.0140625
v 0.01853694 -0.02009847 0.0140625
v 0.018852 -0.01979523 0.0140625
v 0.027053085 -0.019219215 0.0140625
v 0.01916751 -0.019501155 0.0140625
v 0.019483455 -0.01921572 0.0140625
v 0.028189635 -0.01857273 0.0140625
v 0.01995735 -0.018802845 0.0140625
v 0.02042997 -0.01840704 0.0140625
v 0.029350725 -0.01797756 0.0140625
v 0.02089998 -0.01802691 0.0140625
v 0.021365985 -0.017661015 0.0140625
v 0.030538635 -0.017432685 0.0140625
v 0.02182668 -0.017308005 0.0140625
v 0.031749285 -0.016939665 0.0140625
v 0.0222834 -0.01697052 0.0140625
v 0.022737075 -0.01664937 0.0140625
v 0.03297792 -0.01650072 0.0140625
v 0.02318724 -0.016343025 0.0140625
v 0.034227195 -0.016114815 0.0140625
v 0.02363349 -0.01604997 0.0140625
v 0.035491095 -0.015783645 0.0140625
v 0.02407536 -0.01576866 0.0140625
v 0.036764925 -0.01550853 0.0140625
v 0.024512445 -0.01549758 0.0140625
v 0.03805107 -0.015288825 0.0140625
v 0.02494452 -0.0152361 0.0140625
v 0.039349665 -0.01512444 0.0140625
v 0.03960843 -0.015095595 0.0140625
v 0.03986097 -0.015079665 0.0140625
v 0.040107315 -0.015076635 0.0140625
v 0.025372245 -0.01498734 0.0140625
v 0.051406785 -0.01497402 0.0140625
v 0.04034832 -0.015086505 0.0140625
v 0.051284715 -0.014765955 0.0140625
v 0.025795605 -0.014750715 0.0140625
v 0.051159075 -0.014558805 0.0140625
v 0.02621445 -0.014525055 0.0140625
v 0.051018045 -0.01433817 0.0140625
v 0.026628615 -0.014309145 0.0140625
v 0.05086413 -0.01410615 0.0140625
v 0.027037935 -0.014101845 0.0140625
v 0.050703885 -0.01387707 0.0140625
v 0.02744226 -0.013901955 0.0140625
v 0.02784162 -0.01371045 0.0140625
v 0.050538915 -0.0136569 0.0140625
v 0.028236165 -0.013528845 0.0140625
v 0.05036895 -0.013442775 0.0140625
v 0.02862591 -0.01335624 0.0140625
v 0.050200725 -0.01324119 0.0140625
v 0.02901084 -0.013191735 0.0140625
v 0.050037945 -0.01305588 0.0140625
v 0.029390955 -0.0130344 0.0140625
v 0.04987326 -0.012879405 0.0140625
v 0.029766255 -0.01288335 0.0140625
v 0.03013674 -0.012737895 0.0140625
v 0.04969923 -0.012703755 0.0140625
v 0.03050229 -0.01259979 0.0140625
v 0.049518555 -0.012531075 0.0140625
v 0.03086295 -0.012469065 0.0140625
v 0.049326645 -0.012360165 0.0140625
v 0.031218825 -0.012345015 0.0140625
v 0.04911918 -0.012188415 0.0140625
v 0.03156999 -0.012226935 0.0140625
v 0.03191652 -0.012114105 0.0140625
v 0.04889853 -0.01201746 0.0140625
v 0.032258505 -0.012005865 0.0140625
v 0.0486675 -0.0118527 0.0140625
v 0.0325959 -0.011902305 0.0140625
v 0.032928495 -0.011804685 0.0140625
v 0.04842651 -0.01169487 0.0140625
v 0.03325641 -0.011712555 0.0140625
v 0.03357978 -0.011625345 0.0140625
v 0.0481752 -0.0115434 0.0140625
v 0.033898725 -0.011542545 0.0140625
v 0.047912895 -0.011398815 0.0140625
v 0.03421338 -0.0114636 0.0140625
v 0.03452385 -0.011388 0.0140625
v 0.047636445 -0.011259345 0.0140625
v 0.035131455 -0.011249655 0.0140625
v 0.047358195 -0.01113126 0.0140625
v 0.035721675 -0.011127585 0.0140625
v 0.04708617 -0.01101975 0.0140625
v 0.036295695 -0.011018415 0.0140625
v 0.04681668 -0.01092249 0.0140625
v 0.036853875 -0.010920885 0.0140625
v 0.04655964 -0.01083873 0.0140625
v 0.037395675 -0.010836555 0.0140625
v 0.04631688 -0.010769745 0.0140625
v 0.03792225 -0.01076295 0.0140625
v 0.04608768 -0.01071342 0.0140625
v 0.038434485 -0.010698075 0.0140625
v 0.04587714 -0.010665585 0.0140625
v 0.038931615 -0.010643445 0.0140625
v 0.045690855 -0.010627065 0.0140625
v 0.039414495 -0.010597665 0.0140625
v 0.04550967 -0.01059684 0.0140625
v 0.04531635 -0.01057341 0.0140625
v 0.039884235 -0.01055877 0.0140625
v 0.04511748 -0.01055736 0.0140625
v 0.044913945 -0.01054875 0.0140625
v 0.040340385 -0.01052745 0.0140625
v 0.044585235 -0.010526355 0.0140625
v 0.044248035 -0.01050729 0.0140625
v 0.0407832 -0.010503405 0.0140625
v 0.043902375 -0.01049154 0.0140625
v 0.041213775 -0.010485015 0.0140625
v 0.04354878 -0.010478925 0.0140625
v 0.04163229 -0.01047198 0.0140625
v 0.043187565 -0.01046934 0.0140625
v 0.0420384 -0.01046484 0.0140625
v 0.042816375 -0.010463595 0.0140625
v 0.042433005 -0.01046232 0.0140625
v 0.04058421 -0.015109245 0.0140625
v 0.04081143 -0.01514499 0.0140625
v 0.051534135 -0.015193695 0.0140625
v 0.04102677 -0.015194055 0.0140625
v 0.041231205 -0.01525704 0.0140625
v 0.04142568 -0.015332235 0.0140625
v 0.041610855 -0.015417825 0.0140625
v 0.051662925 -0.015420525 0.0140625
v 0.04195281 -0.015621945 0.0140625
v 0.05179695 -0.015654945 0.0140625
v 0.042258 -0.01586493 0.0140625
v 0.05193564 -0.015896985 0.0140625
v 0.04252578 -0.016143045 0.0140625
v 0.052080825 -0.016146825 0.0140625
v 0.042750345 -0.01644333 0.0140625
v 0.05223972 -0.016406685 0.0140625
v 0.052415655 -0.016683615 0.0140625
v 0.042935205 -0.01675665 0.0140625
v 0.05259735 -0.0169572 0.0140625
v 0.04308141 -0.017076 0.0140625
v 0.05277291 -0.017205345 0.0140625
v 0.0432027 -0.01738278 0.0140625
v 0.052945545 -0.01743474 0.0140625
v 0.043299285 -0.01767669 0.0140625
v 0.05312619 -0.017658135 0.0140625
v 0.05332608 -0.017886585 0.0140625
v 0.043466475 -0.018192255 0.0140625
v 0.05353383 -0.01810926 0.0140625
v 0.0537255 -0.018304905 0.0140625
v 0.043626915 -0.01869474 0.0140625
v 0.053894715 -0.01846635 0.0140625
v 0.054058815 -0.01861257 0.0140625
v 0.05423736 -0.018764025 0.0140625
v 0.04378059 -0.01918413 0.0140625
v 0.054429585 -0.01891803 0.0140625
v 0.0546021 -0.01905216 0.0140625
v 0.05472717 -0.01914624 0.0140625
v 0.054825255 -0.019215735 0.0140625
v 0.043927515 -0.01966044 0.0140625
v 0.054934245 -0.019293705 0.0140625
v 0.055050255 -0.01938126 0.0140625
v 0.055182915 -0.0194775 0.0140625
v 0.055362255 -0.019594095 0.0140625
v 0.05559393 -0.01973571 0.0140625
v 0.04406769 -0.020123655 0.0140625
v 0.05581641 -0.019866675 0.0140625
v 0.05598432 -0.019958445 0.0140625
v 0.056122275 -0.02002689 0.0140625
v 0.056253765 -0.020094345 0.0140625
v 0.05637447 -0.020161005 0.0140625
v 0.044201115 -0.02057376 0.0140625
v 0.05649534 -0.02022957 0.0140625
v 0.056644065 -0.02031333 0.0140625
v 0.05682141 -0.020412945 0.0140625
v 0.05700576 -0.020517 0.0140625
v 0.057179925 -0.02061612 0.0140625
v 0.04432638 -0.021006375 0.0140625
v 0.057351525 -0.02071446 0.0140625
v 0.05753355 -0.020819955 0.0140625
v 0.05773161 -0.02093604 0.0140625
v 0.057939495 -0.02105892 0.0140625
v 0.04444323 -0.021420585 0.0140625
v 0.05815146 -0.02118492 0.0140625
v 0.058367685 -0.02131365 0.0140625
v 0.058589745 -0.021447675 0.0140625
v 0.04455333 -0.0218217 0.0140625
v 0.058818495 -0.02158875 0.0140625
v 0.05905362 -0.02173614 0.0140625
v 0.059294415 -0.02189037 0.0140625
v 0.04465833 -0.02221503 0.0140625
v 0.05954178 -0.022051005 0.0140625
v 0.059794275 -0.022218795 0.0140625
v 0.044759925 -0.022605885 0.0140625
v 0.06004773 -0.02239584 0.0140625
v 0.060301605 -0.02258067 0.0140625
v 0.060558 -0.022776765 0.0140625
v 0.04485978 -0.022999545 0.0140625
v 0.06082071 -0.022990275 0.0140625
v 0.06109038 -0.023220915 0.0140625
v 0.04495755 -0.023394225 0.0140625
v 0.0613515 -0.023454585 0.0140625
v 0.04505184 -0.023785305 0.0140625
v 0.06159594 -0.023685135 0.0140625
v 0.061828965 -0.023916 0.0140625
v 0.045142725 -0.024173895 0.0140625
v 0.06205098 -0.02414334 0.0140625
v 0.062258025 -0.024363285 0.0140625
v 0.045230265 -0.02456112 0.0140625
v 0.062458965 -0.024584505 0.0140625
v 0.04531452 -0.02494809 0.0140625
v 0.06266454 -0.024816555 0.0140625
v 0.0628713 -0.025056435 0.0140625
v 0.04539558 -0.025335945 0.0140625
v 0.06308253 -0.025306755 0.0140625
v 0.06330429 -0.025573485 0.0140625
v 0.016261275 -0.03976551 0.0140625
v 0.01656819 -0.03973629 0.0140625
v 0.038418915 -0.039684075 0.0140625
v 0.01684392 -0.039693315 0.0140625
v 0.01709598 -0.039642315 0.0140625
v 0.038080755 -0.03960042 0.0140625
v 0.01732623 -0.03958569 0.0140625
v 0.03773931 -0.03950871 0.0140625
v 0.017540955 -0.03952635 0.0140625
v 0.017741055 -0.039465015 0.0140625
v 0.03739794 -0.03941097 0.0140625
v 0.01792842 -0.039402765 0.0140625
v 0.03705999 -0.03930924 0.0140625
v 0.01810338 -0.03934098 0.0140625
v 0.018266205 -0.03928008 0.0140625
v 0.036728805 -0.03920553 0.0140625
v 0.018417705 -0.039221025 0.0140625
v 0.018558555 -0.03916392 0.0140625
v 0.03640725 -0.03910143 0.0140625
v 0.01868934 -0.039109035 0.0140625
v 0.01881144 -0.039056205 0.0140625
v 0.03609207 -0.038993745 0.0140625
v 0.01892535 -0.039005385 0.0140625
v 0.019032375 -0.038956455 0.0140625
v 0.035782335 -0.03888258 0.0140625
v 0.01913298 -0.038909415 0.0140625
v 0.01922769 -0.038864265 0.0140625
v 0.03547863 -0.03876948 0.0140625
v 0.019316445 -0.03882138 0.0140625
v 0.01939932 -0.038780805 0.0140625
v 0.01947636 -0.03874272 0.0140625
v 0.035181465 -0.03865596 0.0140625
v 0.01954887 -0.03870657 0.0140625
v 0.019617465 -0.038672115 0.0140625
v 0.026127765 -0.03865782 0.0140625
v 0.026277075 -0.03860286 0.0140625
v 0.025961505 -0.03865782 0.0140625
v 0.019684575 -0.038638245 0.0140625
v 0.025812195 -0.03860286 0.0140625
v 0.01975014 -0.038604945 0.0140625
v 0.025684785 -0.03849729 0.0140625
v 0.02009055 -0.038428305 0.0140625
v 0.02560773 -0.038363355 0.0140625
v 0.020422425 -0.038253915 0.0140625
v 0.025575885 -0.03819729 0.0140625
v 0.020745765 -0.038081775 0.0140625
v 0.02560773 -0.038031225 0.0140625
v 0.021060555 -0.0379119 0.0140625
v 0.025684785 -0.03789729 0.0140625
v 0.025812195 -0.037791735 0.0140625
v 0.02136669 -0.037743285 0.0140625
v 0.025961505 -0.037736775 0.0140625
v 0.032808855 -0.03767898 0.0140625
v 0.02166426 -0.03757662 0.0140625
v 0.026127765 -0.037736775 0.0140625
v 0.033052605 -0.03778362 0.0140625
v 0.026277075 -0.037791735 0.0140625
v 0.033301125 -0.037888935 0.0140625
v 0.026404485 -0.03789729 0.0140625
v 0.0335529 -0.03799572 0.0140625
v 0.026481525 -0.038031225 0.0140625
v 0.03380838 -0.03810393 0.0140625
v 0.026513385 -0.03819729 0.0140625
v 0.034068765 -0.038213205 0.0140625
v 0.026481525 -0.038363355 0.0140625
v 0.034335285 -0.038323095 0.0140625
v 0.034609155 -0.038433225 0.0140625
v 0.026404485 -0.03849729 0.0140625
v 0.03489141 -0.03854355 0.0140625
v 0.03256965 -0.037575435 0.0140625
v 0.032334675 -0.03747342 0.0140625
v 0.02195346 -0.03741369 0.0140625
v 0.03198945 -0.03732426 0.0140625
v 0.02223447 -0.037256175 0.0140625
v 0.03165237 -0.037180515 0.0140625
v 0.02250657 -0.0371028 0.0140625
v 0.03132444 -0.037041 0.0140625
v 0.02277033 -0.03695391 0.0140625
v 0.03100485 -0.03690642 0.0140625
v 0.023026965 -0.036811155 0.0140625
v 0.03069261 -0.036777765 0.0140625
v 0.02327739 -0.03667596 0.0140625
v 0.0303873 -0.0366555 0.0140625
v 0.0235203 -0.03654699 0.0140625
v 0.03008973 -0.036538815 0.0140625
v 0.02979915 -0.036428385 0.0140625
v 0.02375658 -0.03642483 0.0140625
v 0.029514705 -0.036324915 0.0140625
v 0.023987925 -0.036310875 0.0140625
v 0.029236005 -0.036228495 0.0140625
v 0.024215475 -0.03620619 0.0140625
v 0.028963545 -0.036138645 0.0140625
v 0.024437625 -0.036109695 0.0140625
v 0.02869731 -0.036056055 0.0140625
v 0.02465553 -0.0360219 0.0140625
v 0.028437315 -0.035981445 0.0140625
v 0.024871035 -0.03594369 0.0140625
v 0.02818389 -0.03591489 0.0140625
v 0.025085085 -0.03587571 0.0140625
v 0.02793699 -0.03585603 0.0140625
v 0.02529591 -0.035817405 0.0140625
v 0.02769579 -0.03580518 0.0140625
v 0.02550516 -0.03576885 0.0140625
v 0.02745951 -0.03576264 0.0140625
v 0.02571495 -0.03573018 0.0140625
v 0.02722896 -0.03572814 0.0140625
v 0.02700399 -0.035701725 0.0140625
v 0.02592606 -0.03570171 0.0140625
v 0.02678292 -0.03568389 0.0140625
v 0.026136795 -0.03568356 0.0140625
v 0.026564115 -0.03567513 0.0140625
v 0.02634885 -0.035674965 0.0140625
v 0.04903809 -0.02898237 0.0140625
v 0.04891068 -0.028876815 0.0140625
v 0.048833625 -0.02874288 0.0140625
v 0.04595808 -0.028726275 0.0140625
v 0.04880178 -0.028576815 0.0140625
v 0.048833625 -0.02841075 0.0140625
v 0.04891068 -0.028276815 0.0140625
v 0.04903809 -0.02817126 0.0140625
v 0.070398765 -0.049365615 0.0140625
v 0.03753003 -0.046067535 0.0140625
v 0.041957355 -0.04605432 0.0140625
v 0.037520175 -0.04593543 0.0140625
v 0.04173996 -0.045916725 0.0140625
v 0.037506795 -0.045805785 0.0140625
v 0.041551095 -0.04572786 0.0140625
v 0.037489875 -0.04567866 0.0140625
v 0.041413875 -0.045511845 0.0140625
v 0.03746949 -0.04555392 0.0140625
v 0.037445775 -0.045431385 0.0140625
v 0.041329935 -0.045270345 0.0140625
v 0.03740922 -0.045271185 0.0140625
v 0.03736725 -0.045114255 0.0140625
v 0.041295945 -0.045 0.0140625
v 0.03732018 -0.04496025 0.0140625
v 0.041329935 -0.044729655 0.0140625
v 0.03726756 -0.04480899 0.0140625
v 0.03720903 -0.04466073 0.0140625
v 0.041413875 -0.044488155 0.0140625
v 0.037145115 -0.044515755 0.0140625
v 0.037076295 -0.044374335 0.0140625
v 0.041551095 -0.04427214 0.0140625
v 0.037003065 -0.044236755 0.0140625
v 0.04173996 -0.044083275 0.0140625
v 0.03692589 -0.04410327 0.0140625
v 0.036845445 -0.04397472 0.0140625
v 0.041957355 -0.04394568 0.0140625
v 0.04220847 -0.043859175 0.0140625
v 0.017283975 -0.068549385 0.0140625
v 0.04165407 -0.068686095 0.0140625
v 0.01744779 -0.068687385 0.0140625
v 0.041844675 -0.068769285 0.0140625
v 0.017624205 -0.06883083 0.0140625
v 0.04204368 -0.06884019 0.0140625
v 0.01781397 -0.068977185 0.0140625
v 0.042247635 -0.0688992 0.0140625
v 0.042451155 -0.068946135 0.0140625
v 0.042657435 -0.0689793 0.0140625
v 0.03543267 -0.06182874 0.0140625
v 0.03319899 -0.06175716 0.0140625
v 0.03530526 -0.061723185 0.0140625
v 0.03522822 -0.06158925 0.0140625
v 0.03317019 -0.061547775 0.0140625
v 0.03519636 -0.061423185 0.0140625
v 0.03315126 -0.06133569 0.0140625
v 0.03522822 -0.06125712 0.0140625
v 0.03530526 -0.061123185 0.0140625
v 0.03543267 -0.06101763 0.0140625
v 0.059123445 -0.05139714 0.0140625
v 0.06998943 -0.051428175 0.0140625
v 0.059250855 -0.05150271 0.0140625
v 0.05932791 -0.051636645 0.0140625
v 0.069907395 -0.051770775 0.0140625
v 0.059359755 -0.05180271 0.0140625
v 0.05932791 -0.051968775 0.0140625
v 0.059250855 -0.05210271 0.0140625
f 1 2 3
f 1 4 2
f 5 1 3
f 6 5 3
f 6 7 5
f 6 8 7
f 6 9 8
f 9 10 8
f 9 11 10
f 9 12 11
f 12 13 11
f 12 14 13
f 14 15 13
f 14 16 15
f 14 17 16
f 17 18 16
f 17 19 18
f 17 20 19
f 20 21 19
f 20 22 21
f 20 23 22
f 23 24 22
f 23 25 24
f 23 26 25
f 23 27 26
f 27 28 26
f 27 29 28
f 27 30 29
f 30 31 29
f 30 32 31
f 30 33 32
f 33 34 32
f 33 35 34
f 33 36 35
f 33 37 36
f 37 38 36
f 37 39 38
f 37 40 39
f 40 41 39
f 40 42 41
f 40 43 42
f 40 44 43
f 44 45 43
f 44 46 45
f 44 47 46
f 47 48 46
f 47 49 48
f 47 50 49
f 47 51 50
f 51 52 50
f 51 53 52
f 51 54 53
f 54 55 53
f 54 56 55
f 54 57 56
f 54 58 57
f 58 59 57
f 58 60 59
f 58 61 60
f 61 62 60
f 61 63 62
f 61 64 63
f 64 65 63
f 64 66 65
f 64 67 66
f 64 68 67
f 68 69 67
f 68 70 69
f 68 71 70
f 71 72 70
f 71 73 72
f 71 74 73
f 74 75 73
f 74 76 75
f 74 77 76
f 74 78 77
f 78 79 77
f 78 80 79
f 78 81 80
f 81 82 80
f 81 83 82
f 81 84 83
f 84 85 83
f 84 86 85
f 84 87 86
f 87 88 86
f 87 89 88
f 87 90 89
f 90 91 89
f 90 92 91
f 92 93 91
f 92 94 93
f 92 95 94
f 95 96 94
f 95 97 96
f 97 98 96
f 97 99 98
f 99 100 98
f 99 101 100
f 99 102 101
f 102 103 101
f 102 104 103
f 104 105 103
f 104 106 105
f 106 107 105
f 106 108 107
f 106 109 108
f 109 110 108
f 109 111 110
f 111 112 110
f 111 113 112
f 111 114 113
f 114 115 113
f 114 116 115
f 116 117 115
f 116 118 117
f 116 119 118
f 119 120 118
f 119 121 120
f 119 122 121
f 122 123 121
f 122 124 123
f 124 125 123
f 124 126 125
f 124 127 126
f 127 128 126
f 127 129 128
f 127 130 129
f 130 131 129
f 130 132 131
f 132 133 131
f 132 134 133
f 132 135 134
f 135 136 134
f 135 137 136
f 135 138 137
f 138 139 137
f 138 140 139
f 140 141 139
f 140 142 141
f 140 143 142
f 143 144 142
f 143 145 144
f 145 146 144
f 145 147 146
f 145 148 147
f 148 149 147
f 148 150 149
f 150 151 149
f 150 152 151
f 150 153 152
f 153 154 152
f 153 155 154
f 155 156 154
f 155 157 156
f 155 158 157
f 158 159 157
f 158 160 159
f 160 161 159
f 160 162 161
f 162 163 161
f 162 164 163
f 164 165 163
f 164 166 165
f 164 167 166
f 167 168 166
f 167 169 168
f 169 170 168
f 169 171 170
f 171 172 170
f 171 173 172
f 173 174 172
f 173 175 174
f 175 176 174
f 175 177 176
f 177 178 176
f 177 179 178
f 179 180 178
f 179 181 180
f 181 182 180
f 182 183 180
f 182 184 183
f 184 185 183
f 184 186 185
f 186 187 185
f 186 188 187
f 188 189 187
f 189 190 187
f 189 191 190
f 191 192 190
f 192 193 190
f 192 194 193
f 194 195 193
f 194 196 195
f 196 197 195
f 197 198 195
f 199 198 197
f 199 200 198
f 197 201 199
f 202 199 201
f 202 201 203
f 204 202 203
f 204 203 205
f 206 204 205
f 207 206 205
f 207 205 208
f 207 208 209
f 210 207 209
f 210 209 211
f 212 210 211
f 212 211 213
f 212 213 214
f 215 212 214
f 215 214 216
f 215 216 217
f 215 217 218
f 215 218 219
f 215 219 220
f 221 215 220
f 221 220 222
f 221 222 223
f 221 223 224
f 221 224 225
f 221 225 226
f 221 226 227
f 221 227 228
f 229 228 227
f 221 228 230
f 231 221 230
f 231 230 232
f 231 232 233
f 231 233 234
f 231 234 235
f 231 235 236
f 237 231 236
f 237 236 238
f 237 238 239
f 240 237 239
f 240 239 241
f 240 241 242
f 243 240 242
f 243 242 244
f 243 244 245
f 246 243 245
f 246 245 247
f 246 247 248
f 249 246 248
f 249 248 250
f 251 249 250
f 251 250 252
f 253 251 252
f 253 252 254
f 253 254 255
f 256 253 255
f 256 255 257
f 258 256 257
f 258 257 259
f 260 258 259
f 260 259 261
f 260 261 262
f 263 260 262
f 263 262 264
f 263 264 265
f 266 263 265
f 266 265 267
f 266 267 268
f 269 266 268
f 269 268 270
f 269 270 271
f 269 271 272
f 273 269 272
f 273 272 274
f 273 274 275
f 273 275 276
f 273 276 277
f 278 273 277
f 278 277 279
f 278 279 280
f 281 278 280
f 281 280 282
f 281 282 283
f 281 283 284
f 283 285 284
f 281 284 286
f 281 286 287
f 288 281 287
f 288 287 289
f 288 289 290
f 291 288 290
f 291 290 292
f 291 292 293
f 291 293 294
f 295 291 294
f 295 294 296
f 295 296 297
f 298 295 297
f 298 297 299
f 299 297 300
f 298 299 301
f 298 301 302
f 303 298 302
f 303 302 304
f 305 303 304
f 305 304 306
f 305 306 307
f 308 305 307
f 308 307 309
f 310 308 309
f 310 309 311
f 312 310 311
f 312 311 313
f 312 313 314
f 315 312 314
f 315 314 316
f 315 316 317
f 318 315 317
f 318 317 319
f 320 318 319
f 320 319 321
f 320 321 322
f 323 320 322
f 323 322 324
f 323 324 325
f 326 323 325
f 326 325 327
f 328 326 327
f 328 327 329
f 328 329 330
f 331 328 330
f 331 330 332
f 333 331 332
f 333 332 334
f 335 333 334
f 335 334 336
f 337 335 336
f 337 336 338
f 339 337 338
f 339 338 340
f 341 339 340
f 341 340 342
f 343 341 342
f 343 342 344
f 345 343 344
f 345 344 346
f 347 345 346
f 347 346 348
f 349 347 348
f 349 348 350
f 351 349 350
f 351 350 352
f 353 351 352
f 353 352 354
f 355 353 354
f 355 354 356
f 357 355 356
f 357 356 358
f 359 357 358
f 360 359 358
f 360 358 361
f 362 360 361
f 362 361 363
f 364 362 363
f 365 364 363
f 365 363 366
f 367 365 366
f 368 367 366
f 368 366 369
f 370 368 369
f 371 370 369
f 371 369 372
f 373 371 372
f 374 373 372
f 374 372 375
f 376 374 375
f 377 376 375
f 377 375 378
f 379 377 378
f 380 379 378
f 380 378 381
f 382 380 381
f 383 382 381
f 383 381 384
f 385 383 384
f 386 385 384
f 387 386 384
f 387 384 388
f 389 387 388
f 390 389 388
f 391 390 388
f 392 391 388
f 393 392 388
f 393 388 394
f 395 393 394
f 396 395 394
f 397 396 394
f 398 397 394
f 399 398 394
f 400 399 394
f 400 394 401
f 402 400 401
f 403 402 401
f 404 403 401
f 405 404 401
f 406 405 401
f 407 406 401
f 407 401 408
f 401 409 408
f 407 408 410
f 411 407 410
f 412 411 410
f 413 412 410
f 414 413 410
f 415 414 410
f 416 415 410
f 416 410 417
f 418 416 417
f 419 418 417
f 420 419 417
f 420 417 421
f 422 420 421
f 423 422 421
f 423 421 424
f 425 423 424
f 425 424 426
f 427 425 426
f 427 426 428
f 428 426 429
f 427 428 430
f 427 430 431
f 432 427 431
f 432 431 433
f 434 432 433
f 434 433 435
f 436 434 435
f 436 435 437
f 438 436 437
f 438 437 439
f 440 438 439
f 440 439 441
f 440 441 442
f 440 442 443
f 444 440 443
f 444 443 445
f 443 446 445
f 447 444 445
f 447 445 448
f 449 447 448
f 450 449 448
f 450 448 451
f 452 450 451
f 453 452 451
f 453 451 454
f 455 453 454
f 456 455 454
f 456 454 457
f 458 456 457
f 459 458 457
f 459 457 460
f 461 459 460
f 461 460 462
f 463 461 462
f 464 463 462
f 465 464 462
f 465 462 466
f 465 466 467
f 468 467 466
f 469 468 466
f 470 469 466
f 471 470 466
f 472 471 466
f 473 472 466
f 474 473 466
f 475 474 466
f 476 475 466
f 477 476 466
f 478 477 466
f 479 478 466
f 480 479 466
f 481 480 466
f 482 481 466
f 483 482 466
f 483 466 484
f 485 483 484
f 486 485 484
f 487 486 484
f 487 484 488
f 489 487 488
f 489 488 490
f 491 489 490
f 492 491 490
f 492 490 493
f 494 492 493
f 495 494 493
f 495 493 496
f 497 495 496
f 498 497 496
f 498 496 499
f 500 498 499
f 500 499 501
f 502 500 501
f 502 501 503
f 504 502 503
f 504 503 505
f 506 504 505
f 506 505 507
f 508 506 507
f 508 507 509
f 510 508 509
f 510 509 511
f 512 510 511
f 513 512 511
f 513 511 514
f 515 513 514
f 515 514 516
f 517 515 516
f 518 517 516
f 518 516 519
f 520 518 519
f 520 519 521
f 522 520 521
f 523 522 521
f 523 521 524
f 525 523 524
f 526 525 524
f 527 526 524
f 527 524 528
f 529 527 528
f 530 529 528
f 531 530 528
f 531 528 532
f 533 531 532
f 533 532 534
f 535 533 534
f 535 534 536
f 535 536 537
f 538 535 537
f 538 537 539
f 538 539 540
f 541 538 540
f 541 540 542
f 541 542 543
f 544 541 543
f 544 543 545
f 544 545 546
f 547 544 546
f 547 546 548
f 547 548 549
f 547 549 550
f 551 547 550
f 551 550 552
f 551 552 553
f 554 551 553
f 554 553 555
f 556 554 555
f 556 555 557
f 558 556 557
f 558 557 559
f 560 558 559
f 560 559 561
f 562 560 561
f 562 561 563
f 562 563 564
f 565 562 564
f 565 564 566
f 567 565 566
f 567 566 568
f 569 567 568
f 569 568 570
f 571 569 570
f 571 570 572
f 571 572 573
f 574 571 573
f 574 573 575
f 576 574 575
f 576 575 577
f 578 576 577
f 578 577 579
f 578 579 580
f 581 578 580
f 581 580 582
f 583 581 582
f 583 582 584
f 583 584 585
f 586 583 585
f 586 585 587
f 586 587 588
f 589 586 588
f 589 588 590
f 591 589 590
f 591 590 592
f 591 592 593
f 594 591 593
f 594 593 595
f 596 594 595
f 596 595 597
f 598 596 597
f 598 597 599
f 598 599 600
f 601 598 600
f 601 600 602
f 603 601 602
f 603 602 604
f 605 603 604
f 605 604 606
f 607 605 606
f 607 606 608
f 609 607 608
f 609 608 610
f 611 609 610
f 611 610 612
f 613 611 612
f 613 612 614
f 615 613 614
f 616 615 614
f 616 614 617
f 618 616 617
f 618 617 619
f 620 618 619
f 621 620 619
f 621 619 198
f 622 621 198
f 200 622 198
f 446 623 445
f 623 624 445
f 623 625 624
f 625 626 624
f 626 627 624
f 626 628 627
f 629 627 628
f 629 429 627
f 629 630 429
f 630 631 429
f 631 428 429
f 401 632 409
f 632 633 409
f 632 634 633
f 634 635 633
f 634 636 635
f 634 637 636
f 638 636 637
f 638 639 636
f 640 638 637
f 641 640 637
f 641 637 642
f 643 641 642
f 644 643 642
f 645 644 642
f 646 645 642
f 647 646 642
f 648 647 642
f 649 648 642
f 650 649 642
f 651 650 642
f 652 651 642
f 653 652 642
f 653 642 654
f 655 653 654
f 656 655 654
f 657 656 654
f 658 657 654
f 659 658 654
f 659 654 660
f 661 659 660
f 662 661 660
f 663 662 660
f 664 663 660
f 665 664 660
f 665 660 666
f 667 665 666
f 668 667 666
f 669 668 666
f 669 666 670
f 671 669 670
f 672 671 670
f 673 672 670
f 673 670 674
f 675 673 674
f 676 675 674
f 676 674 677
f 678 676 677
f 678 677 679
f 680 678 679
f 680 679 681
f 682 680 681
f 682 681 683
f 684 682 683
f 684 683 685
f 686 684 685
f 686 685 687
f 685 688 687
f 686 687 689
f 690 686 689
f 690 689 691
f 692 690 691
f 692 691 693
f 694 692 693
f 694 693 695
f 696 694 695
f 696 695 697
f 698 696 697
f 698 697 699
f 700 698 699
f 701 700 699
f 701 699 702
f 703 701 702
f 704 703 702
f 704 702 705
f 706 704 705
f 707 706 705
f 707 705 708
f 709 707 708
f 709 708 710
f 711 709 710
f 711 710 712
f 713 711 712
f 713 712 714
f 715 713 714
f 715 714 716
f 715 716 717
f 718 715 717
f 717 719 718
f 720 719 717
f 718 719 721
f 722 718 721
f 722 721 723
f 722 723 724
f 725 722 724
f 725 724 726
f 725 726 727
f 728 725 727
f 728 727 729
f 730 728 729
f 730 729 731
f 730 731 732
f 730 732 733
f 730 733 734
f 730 734 735
f 730 735 736
f 737 730 736
f 737 736 738
f 737 738 739
f 737 739 740
f 737 740 741
f 737 741 742
f 737 742 743
f 737 743 744
f 745 737 744
f 745 744 746
f 745 746 747
f 745 747 748
f 745 748 749
f 745 749 750
f 745 750 751
f 745 751 752
f 745 752 753
f 745 753 754
f 745 754 755
f 745 755 756
f 757 745 756
f 757 756 758
f 757 758 759
f 757 759 760
f 757 760 761
f 757 761 762
f 757 762 763
f 757 763 764
f 765 757 764
f 764 766 765
f 764 767 766
f 765 766 768
f 769 765 768
f 769 768 770
f 769 770 771
f 772 771 770
f 769 771 773
f 769 773 774
f 769 774 775
f 769 775 776
f 769 776 777
f 769 777 778
f 769 778 779
f 769 779 780
f 769 780 781
f 782 769 781
f 782 781 783
f 782 783 784
f 782 784 785
f 782 785 786
f 782 786 787
f 782 787 788
f 782 788 789
f 782 789 790
f 791 782 790
f 791 790 792
f 791 792 793
f 791 793 794
f 791 794 795
f 791 795 796
f 797 791 796
f 797 796 798
f 797 798 799
f 797 799 800
f 801 797 800
f 801 800 802
f 801 802 803
f 801 803 804
f 801 804 805
f 806 801 805
f 806 805 807
f 806 807 808
f 806 808 809
f 810 806 809
f 810 809 811
f 810 811 812
f 813 810 812
f 813 812 814
f 813 814 815
f 813 815 816
f 813 816 817
f 813 817 818
f 819 813 818
f 819 818 820
f 819 820 821
f 819 821 822
f 819 822 823
f 824 819 823
f 824 823 825
f 824 825 826
f 824 826 827
f 828 824 827
f 828 827 829
f 828 829 830
f 828 830 831
f 832 828 831
f 832 831 833
f 832 833 834
f 835 832 834
f 835 834 836
f 835 836 837
f 838 835 837
f 838 837 839
f 838 839 840
f 841 838 840
f 841 840 842
f 841 842 843
f 844 841 843
f 844 843 845
f 844 845 846
f 844 846 847
f 847 846 848
f 849 847 848
f 849 848 850
f 851 849 850
f 851 850 852
f 853 851 852
f 853 852 854
f 855 853 854
f 855 854 856
f 857 855 856
f 857 856 858
f 859 857 858
f 859 858 860
f 861 859 860
f 862 861 860
f 862 860 863
f 864 862 863
f 864 863 865
f 863 866 865
f 864 865 867
f 864 867 868
f 869 864 868
f 869 868 870
f 871 869 870
f 871 870 872
f 873 871 872
f 873 872 874
f 875 873 874
f 875 874 876
f 875 876 877
f 878 875 877
f 878 877 879
f 880 878 879
f 880 879 881
f 880 881 882
f 882 881 883
f 884 880 882
f 884 882 885
f 886 884 885
f 887 886 885
f 888 887 885
f 888 885 889
f 890 888 889
f 891 890 889
f 892 891 889
f 892 889 893
f 894 892 893
f 895 894 893
f 896 895 893
f 896 893 897
f 898 896 897
f 899 898 897
f 900 899 897
f 901 900 897
f 902 901 897
f 902 897 903
f 904 902 903
f 905 904 903
f 906 905 903
f 907 906 903
f 908 907 903
f 909 908 903
f 910 909 903
f 911 910 903
f 912 911 903
f 913 912 903
f 914 913 903
f 914 903 915
f 903 916 915
f 914 915 917
f 918 914 917
f 919 918 917
f 920 919 917
f 920 917 921
f 922 920 921
f 923 922 921
f 924 923 921
f 924 921 925
f 926 924 925
f 926 925 927
f 928 926 927
f 929 928 927
f 929 927 930
f 931 929 930
f 931 930 932
f 933 931 932
f 933 932 934
f 935 933 934
f 935 934 936
f 937 935 936
f 937 936 938
f 937 938 939
f 940 937 939
f 940 939 941
f 942 940 941
f 942 941 943
f 942 943 944
f 945 942 944
f 945 944 946
f 947 945 946
f 947 946 948
f 947 948 949
f 950 947 949
f 950 949 951
f 952 950 951
f 952 951 953
f 952 953 954
f 955 952 954
f 955 954 956
f 957 955 956
f 957 956 958
f 959 957 958
f 959 958 960
f 959 960 961
f 962 959 961
f 962 961 963
f 964 962 963
f 964 963 965
f 966 964 965
f 966 965 967
f 966 967 968
f 969 966 968
f 969 968 970
f 971 969 970
f 971 970 972
f 973 971 972
f 973 972 974
f 975 973 974
f 975 974 976
f 975 976 977
f 978 975 977
f 978 977 979
f 980 978 979
f 980 979 981
f 982 980 981
f 982 981 983
f 984 982 983
f 984 983 985
f 986 984 985
f 986 985 987
f 986 987 988
f 989 986 988
f 989 988 990
f 989 990 991
f 989 991 992
f 993 989 992
f 993 992 994
f 993 994 995
f 996 993 995
f 996 995 997
f 996 997 998
f 996 998 999
f 1000 996 999
f 1000 999 1001
f 1000 1001 1002
f 1003 1000 1002
f 1003 1002 1004
f 1003 1004 1005
f 1003 1005 1006
f 1007 1003 1006
f 1007 1006 1008
f 1007 1008 1009
f 1007 1009 1010
f 1011 1007 1010
f 1011 1010 1012
f 1011 1012 1013
f 1011 1013 1014
f 1015 1011 1014
f 1015 1014 1016
f 1015 1016 1017
f 1015 1017 1018
f 1019 1015 1018
f 1019 1018 1020
f 1019 1020 1021
f 1022 1019 1021
f 1022 1021 1023
f 1022 1023 1024
f 1022 1024 1025
f 1026 1022 1025
f 1026 1025 1027
f 1026 1027 1028
f 1029 1026 1028
f 1029 1028 1030
f 1029 1030 1031
f 1032 1029 1031
f 1032 1031 1033
f 1034 1032 1033
f 1034 1033 1035
f 1034 1035 1036
f 1037 1034 1036
f 1037 1036 1038
f 1037 1038 1039
f 1037 1039 1040
f 1041 1037 1040
f 1041 1040 1042
f 1041 1042 1043
f 1044 1041 1043
f 1044 1043 1045
f 1044 1045 1046
f 1047 1044 1046
f 1047 1046 1048
f 1047 1048 1049
f 1050 1047 1049
f 1050 1049 1051
f 1050 1051 1052
f 1050 1052 1053
f 1054 1050 1053
f 1054 1053 1055
f 1054 1055 1056
f 1057 1054 1056
f 1057 1056 1058
f 1057 1058 1059
f 1060 1057 1059
f 1060 1059 1061
f 1060 1061 1062
f 1063 1060 1062
f 1063 1062 1064
f 1063 1064 1065
f 1066 1063 1065
f 1066 1065 1067
f 1068 1066 1067
f 1068 1067 1069
f 1070 1068 1069
f 1070 1069 1071
f 1072 1070 1071
f 1072 1071 1073
f 1074 1072 1073
f 1075 1074 1073
f 1075 1073 1076
f 1077 1075 1076
f 1078 1077 1076
f 1078 1076 1079
f 1080 1078 1079
f 1081 1080 1079
f 1081 1079 1082
f 1083 1081 1082
f 1083 1082 1084
f 1085 1083 1084
f 1086 1085 1084
f 1086 1084 1087
f 1088 1086 1087
f 1089 1088 1087
f 1089 1087 1090
f 1091 1089 1090
f 1092 1091 1090
f 1093 1092 1090
f 1093 1090 1094
f 1095 1093 1094
f 1096 1095 1094
f 1097 1096 1094
f 1098 1097 1094
f 1098 1094 1099
f 1100 1098 1099
f 1101 1100 1099
f 1102 1101 1099
f 1102 1099 1103
f 1104 1102 1103
f 1105 1104 1103
f 1106 1105 1103
f 1107 1106 1103
f 1108 1107 1103
f 1108 1103 636
f 1109 1108 636
f 1110 1109 636
f 1111 1110 636
f 1112 1111 636
f 1113 1112 636
f 1114 1113 636
f 1115 1114 636
f 1116 1115 636
f 639 1116 636
f 916 1117 915
f 916 1118 1117
f 916 1119 1118
f 916 1120 1119
f 916 1121 1120
f 916 1122 1121
f 916 1123 1122
f 916 1124 1123
f 1124 1125 1123
f 1124 1126 1125
f 1124 1127 1126
f 1124 1128 1127
f 1124 1129 1128
f 1124 1130 1129
f 1124 1131 1130
f 1124 1132 1131
f 1132 1133 1131
f 1132 1134 1133
f 1132 1135 1134
f 1132 1136 1135
f 1132 1137 1136
f 1132 1138 1137
f 1132 1139 1138
f 1132 1140 1139
f 1140 1141 1139
f 1140 1142 1141
f 1140 1143 1142
f 1140 1144 1143
f 1140 1145 1144
f 1140 1146 1145
f 1140 1147 1146
f 1140 1148 1147
f 1148 1149 1147
f 1148 1150 1149
f 1148 1151 1150
f 1148 1152 1151
f 1148 1153 1152
f 1148 1154 1153
f 1154 1155 1153
f 1154 1156 1155
f 1154 1157 1156
f 1154 1158 1157
f 1154 1159 1158
f 1154 1160 1159
f 1160 1161 1159
f 1160 1162 1161
f 1160 1163 1162
f 1160 1164 1163
f 1160 1165 1164
f 1165 1166 1164
f 1165 1167 1166
f 1165 1168 1167
f 1165 1169 1168
f 1165 1170 1169
f 1165 1171 1170
f 1171 1172 1170
f 1171 1173 1172
f 1171 1174 1173
f 1171 1175 1174
f 1171 1176 1175
f 1171 1177 1176
f 1177 1178 1176
f 1177 1179 1178
f 1177 1180 1179
f 1177 1181 1180
f 1177 1182 1181
f 1177 1183 1182
f 1183 1184 1182
f 1183 1185 1184
f 1183 1186 1185
f 1183 1187 1186
f 1183 1188 1187
f 1183 1189 1188
f 1183 1190 1189
f 1190 1191 1189
f 1190 1192 1191
f 1190 1193 1192
f 1190 1194 1193
f 1190 1195 1194
f 1190 1196 1195
f 1190 1197 1196
f 1190 1198 1197
f 1198 1199 1197
f 1198 1200 1199
f 1198 1201 1200
f 1198 1202 1201
f 1198 1203 1202
f 1198 1204 1203
f 1198 1205 1204
f 1198 1206 1205
f 1198 1207 1206
f 1207 1208 1206
f 1207 1209 1208
f 1207 1210 1209
f 1207 1211 1210
f 1207 1212 1211
f 1207 1213 1212
f 1207 1214 1213
f 1207 1215 1214
f 1207 1216 1215
f 1207 1217 1216
f 1207 1218 1217
f 1218 1219 1217
f 1218 1220 1219
f 1218 1221 1220
f 1218 1222 1221
f 1218 1223 1222
f 1218 1224 1223
f 1218 1225 1224
f 1218 1226 1225
f 1218 1227 1226
f 1218 1228 1227
f 1218 1229 1228
f 1218 1230 1229
f 1218 1231 1230
f 1218 1232 1231
f 1218 1233 1232
f 1218 1234 1233
f 1218 1235 1234
f 1218 1236 1235
f 1218 1237 1236
f 1218 1238 1237
f 1218 1239 1238
f 1218 1240 1239
f 1240 1241 1239
f 1240 1242 1241
f 1240 1243 1242
f 1240 1244 1243
f 1240 1245 1244
f 1240 1246 1245
f 1240 1247 1246
f 1240 1248 1247
f 1240 1249 1248
f 1240 1250 1249
f 1240 1251 1250
f 1240 1252 1251
f 1240 1253 1252
f 1240 1254 1253
f 1240 1255 1254
f 1240 1256 1255
f 1240 1257 1256
f 1240 1258 1257
f 1240 1259 1258
f 1240 1260 1259
f 1240 1261 1260
f 1240 1262 1261
f 1262 1263 1261
f 1262 1264 1263
f 1262 1265 1264
f 1262 1266 1265
f 1262 1267 1266
f 1262 1268 1267
f 1262 1269 1268
f 1262 1270 1269
f 1262 1271 1270
f 1262 1272 1271
f 1262 1273 1272
f 1262 1274 1273
f 1262 1275 1274
f 1275 1276 1274
f 1275 1277 1276
f 1275 1278 1277
f 1275 1279 1278
f 1275 1280 1279
f 1275 1281 1280
f 1275 1282 1281
f 1275 1283 1282
f 1275 1284 1283
f 1275 1285 1284
f 1275 1286 1285
f 1275 1287 1286
f 1287 1288 1286
f 1287 1289 1288
f 1287 1290 1289
f 1287 1291 1290
f 1287 1292 1291
f 1287 1293 1292
f 1287 1294 1293
f 1287 1295 1294
f 1287 1296 1295
f 1296 1297 1295
f 1296 1298 1297
f 1296 1299 1298
f 1296 1300 1299
f 1296 1301 1300
f 1296 1302 1301
f 1296 1303 1302
f 1296 1304 1303
f 1296 1305 1304
f 1305 1306 1304
f 1305 1307 1306
f 1305 1308 1307
f 1305 1309 1308
f 1305 1310 1309
f 1305 1311 1310
f 1311 1312 1310
f 1311 1313 1312
f 1311 1314 1313
f 1311 1315 1314
f 1311 1316 1315
f 1311 1317 1316
f 1311 1318 1317
f 1318 1319 1317
f 1318 1320 1319
f 1318 1321 1320
f 1318 1322 1321
f 1318 1323 1322
f 1318 1324 1323
f 1318 1325 1324
f 1325 1326 1324
f 1325 1327 1326
f 1325 1328 1327
f 1325 1329 1328
f 1325 1330 1329
f 1325 1331 1330
f 1325 1332 1331
f 1332 1333 1331
f 1332 1334 1333
f 1332 1335 1334
f 1332 1336 1335
f 1332 1337 1336
f 1332 1338 1337
f 1332 1339 1338
f 1339 1340 1338
f 1339 1341 1340
f 1339 1342 1341
f 1339 1343 1342
f 1339 1344 1343
f 1339 1345 1344
f 1345 1346 1344
f 1345 1347 1346
f 1345 1348 1347
f 1345 1349 1348
f 1345 1350 1349
f 1345 1351 1350
f 1351 1352 1350
f 1351 1353 1352
f 1351 1354 1353
f 1351 1355 1354
f 1351 1356 1355
f 1356 1357 1355
f 1356 1358 1357
f 1356 1359 1358
f 1356 1360 1359
f 1360 1361 1359
f 1360 1362 1361
f 1362 1363 1361
f 1363 1364 1361
f 1363 1365 1364
f 1363 1366 1365
f 1365 1367 1364
f 1365 1368 1367
f 1365 1369 1368
f 1369 1370 1368
f 1369 1371 1370
f 1369 1372 1371
f 1369 1373 1372
f 1369 1374 1373
f 1369 1375 1374
f 1369 1376 1375
f 1376 1377 1375
f 1376 1378 1377
f 1376 1379 1378
f 1376 1380 1379
f 1376 1381 1380
f 1376 1382 1381
f 1382 1383 1381
f 1382 1384 1383
f 1382 1385 1384
f 1382 1386 1385
f 1382 1387 1386
f 1382 1388 1387
f 1388 1389 1387
f 1388 1390 1389
f 1388 1391 1390
f 1388 1392 1391
f 1388 1393 1392
f 1388 1394 1393
f 1394 1395 1393
f 1394 1396 1395
f 1394 1397 1396
f 1394 1398 1397
f 1394 1399 1398
f 1399 1400 1398
f 1399 1401 1400
f 1399 1402 1401
f 1399 1403 1402
f 1399 1404 1403
f 1404 1405 1403
f 1404 1406 1405
f 1404 1407 1406
f 1404 1408 1407
f 1404 1409 1408
f 1409 1410 1408
f 1409 1411 1410
f 1409 1412 1411
f 1409 1413 1412
f 1409 1414 1413
f 1414 1415 1413
f 1414 1416 1415
f 1414 1417 1416
f 1414 1418 1417
f 1414 1419 1418
f 1419 1420 1418
f 1419 1421 1420
f 1419 1422 1421
f 1419 1423 1422
f 1419 1424 1423
f 1424 1425 1423
f 1424 1426 1425
f 1424 1427 1426
f 1424 1428 1427
f 1424 1429 1428
f 1429 1430 1428
f 1429 1431 1430
f 1429 1432 1431
f 1429 1433 1432
f 1429 1434 1433
f 1434 1435 1433
f 1434 1436 1435
f 1434 1437 1436
f 1434 1438 1437
f 1434 1439 1438
f 1439 1440 1438
f 1439 1441 1440
f 1439 1442 1441
f 1439 1443 1442
f 1439 1444 1443
f 1444 1445 1443
f 1444 1446 1445
f 1444 1447 1446
f 1444 1448 1447
f 1444 1449 1448
f 1449 1450 1448
f 1449 1451 1450
f 1449 1452 1451
f 1449 1453 1452
f 1453 1454 1452
f 1453 1455 1454
f 1453 1456 1455
f 1453 1457 1456
f 1453 1458 1457
f 1458 1459 1457
f 1458 1460 1459
f 1458 1461 1460
f 1458 1462 1461
f 1462 1463 1461
f 1462 1464 1463
f 1462 1465 1464
f 1462 1466 1465
f 1466 1467 1465
f 1466 1468 1467
f 1466 1469 1468
f 1466 1470 1469
f 1466 1471 1470
f 1471 1472 1470
f 1471 1473 1472
f 1471 1474 1473
f 1471 1475 1474
f 1475 1476 1474
f 1475 1477 1476
f 1475 1478 1477
f 1475 1479 1478
f 1479 1480 1478
f 1479 1481 1480
f 1479 1482 1481
f 1482 1483 1481
f 1482 1484 1483
f 1482 1485 1484
f 1482 1486 1485
f 1486 1487 1485
f 1486 1488 1487
f 1486 1489 1488
f 1489 1490 1488
f 1489 1491 1490
f 1489 1492 1491
f 1492 1493 1491
f 1492 1494 1493
f 1492 1495 1494
f 1495 1496 1494
f 1495 1497 1496
f 1495 1498 1497
f 1495 1499 1498
f 1499 1500 1498
f 1499 1501 1500
f 1499 1502 1501
f 1502 1503 1501
f 1502 1504 1503
f 1502 1505 1504
f 1502 1506 1505
f 1502 1507 1506
f 1502 1508 1507
f 1502 1509 1508
f 1509 1510 1508
f 1509 1511 1510
f 1509 1512 1511
f 1509 1513 1512
f 1509 1514 1513
f 1509 1515 1514
f 1515 1516 1514
f 1515 1517 1516
f 1515 1518 1517
f 1515 1519 1518
f 1515 1520 1519
f 1520 1521 1519
f 1520 1522 1521
f 1520 1523 1522
f 1520 1524 1523
f 1520 1525 1524
f 1520 1526 1525
f 1526 1527 1525
f 1526 1528 1527
f 1526 1529 1528
f 1526 1530 1529
f 1526 1531 1530
f 1526 1532 1531
f 1526 1533 1532
f 1526 1534 1533
f 1526 1535 1534
f 1526 1536 1535
f 1526 1537 1536
f 1537 1538 1536
f 1537 1539 1538
f 1537 1540 1539
f 1537 1541 1540
f 1537 1542 1541
f 1537 1543 1542
f 1537 1544 1543
f 1544 1545 1543
f 1544 1546 1545
f 1544 1547 1546
f 1547 1548 1546
f 1547 1549 1548
f 1549 1550 1548
f 1549 1551 1550
f 1366 1552 1365
f 1552 1553 1365
f 1552 1554 1553
f 1554 1555 1553
f 1555 1556 1553
f 1555 1557 1556
f 1557 1558 1556
f 1557 1559 1558
f 1559 1560 1558
f 1559 1561 1560
f 1561 1562 1560
f 1561 1563 1562
f 1563 1564 1562
f 1563 1565 1564
f 1563 1566 1565
f 1566 1567 1565
f 1566 1568 1567
f 1568 1569 1567
f 1568 1570 1569
f 1568 1571 1570
f 1571 1572 1570
f 1571 1573 1572
f 1571 1574 1573
f 1574 1575 1573
f 1574 1576 1575
f 1574 1577 1576
f 1577 1578 1576
f 1577 1579 1578
f 1577 1580 1579
f 1577 1581 1580
f 1581 1582 1580
f 1581 1583 1582
f 1581 1584 1583
f 1584 1585 1583
f 1584 1586 1585
f 1584 1587 1586
f 1587 1588 1586
f 1587 1589 1588
f 1587 1590 1589
f 1590 1591 1589
f 1590 1592 1591
f 1590 1593 1592
f 1590 1594 1593
f 1594 1595 1593
f 1594 1596 1595
f 1594 1597 1596
f 1597 1598 1596
f 1597 1599 1598
f 1597 1600 1599
f 1597 1601 1600
f 1601 1602 1600
f 1601 1603 1602
f 1601 1604 1603
f 1604 1605 1603
f 1604 1606 1605
f 1604 1607 1606
f 1604 1608 1607
f 1608 1609 1607
f 1608 1610 1609
f 1608 1611 1610
f 1611 1612 1610
f 1611 1613 1612
f 1611 1614 1613
f 1611 1615 1614
f 1615 1616 1614
f 1615 1617 1616
f 1615 1618 1617
f 1615 1619 1618
f 1619 1620 1618
f 1619 1621 1620
f 1619 1622 1621
f 1622 1623 1621
f 1622 1624 1623
f 1622 1625 1624
f 1622 1626 1625
f 1626 1627 1625
f 1626 1628 1627
f 1626 1629 1628
f 1629 1630 1628
f 1630 1631 1628
f 1631 1632 1628
f 1632 1633 1628
f 1633 1634 1628
f 1634 1635 1628
f 1635 1636 1628
f 1635 1637 1636
f 1637 1638 1636
f 1638 1639 1636
f 1639 1640 1636
f 1640 1641 1636
f 1640 1642 1641
f 1642 1643 1641
f 1643 1644 1641
f 1644 1645 1641
f 1645 1646 1641
f 1645 1647 1646
f 1647 1648 1646
f 1648 1649 1646
f 1648 1650 1649
f 1650 1651 1649
f 1651 1652 1649
f 1651 1653 1652
f 1653 1654 1652
f 1654 1655 1652
f 1654 1656 1655
f 1656 1657 1655
f 1657 1658 1655
f 1657 1659 1658
f 1659 1660 1658
f 1660 1661 1658
f 1661 1662 1658
f 1661 1663 1662
f 1663 1664 1662
f 1664 1665 1662
f 1665 1666 1662
f 1665 1667 1666
f 1667 1668 1666
f 1668 1669 1666
f 1669 1670 1666
f 1669 1671 1670
f 1671 1672 1670
f 1672 1673 1670
f 1673 1674 1670
f 1674 1675 1670
f 1674 1676 1675
f 1676 1677 1675
f 1678 1675 1677
f 1678 1679 1675
f 1680 1678 1677
f 1680 1677 1681
f 1682 1680 1681
f 1682 1681 1683
f 1682 1683 1684
f 1685 1682 1684
f 1685 1684 1686
f 1687 1685 1686
f 1687 1686 1688
f 1687 1688 1689
f 1690 1687 1689
f 1690 1689 1691
f 1690 1691 1692
f 1693 1690 1692
f 1693 1692 1694
f 1695 1693 1694
f 1695 1694 1696
f 1695 1696 1697
f 1698 1695 1697
f 1698 1697 1699
f 1698 1699 1700
f 1701 1698 1700
f 1701 1700 1702
f 1701 1702 1703
f 1704 1701 1703
f 1704 1703 1705
f 1704 1705 1706
f 1707 1704 1706
f 1707 1706 1708
f 1707 1708 1709
f 1707 1709 1710
f 1711 1707 1710
f 1711 1710 1712
f 1711 1712 1713
f 1711 1713 1714
f 1711 1714 1715
f 1714 1716 1715
f 1711 1715 1717
f 1718 1711 1717
f 1718 1717 1719
f 1720 1718 1719
f 1720 1719 1721
f 1722 1720 1721
f 1722 1721 1723
f 1724 1722 1723
f 1724 1723 1725
f 1726 1724 1725
f 1727 1726 1725
f 1727 1725 1728
f 1729 1727 1728
f 1729 1728 1730
f 1731 1729 1730
f 1731 1730 1732
f 1733 1731 1732
f 1733 1732 1734
f 1735 1733 1734
f 1736 1735 1734
f 1736 1737 1735
f 1736 1734 1738
f 1739 1736 1738
f 1739 1738 1740
f 1739 1740 1741
f 1742 1739 1741
f 1742 1741 1743
f 1744 1742 1743
f 1744 1743 1745
f 1746 1744 1745
f 1746 1745 1747
f 1748 1746 1747
f 1748 1747 1749
f 1748 1749 1750
f 1748 1750 1751
f 1751 1750 1715
f 1716 1751 1715
f 1736 1752 1737
f 1752 1753 1737
f 1752 1754 1753
f 1752 1755 1754
f 1755 1756 1754
f 1755 1757 1756
f 1757 1758 1756
f 1757 1759 1758
f 1759 1760 1758
f 1759 1761 1760
f 1761 1762 1760
f 1761 1763 1762
f 1763 1764 1762
f 1763 1765 1764
f 1765 1766 1764
f 1765 1767 1766
f 1767 1768 1766
f 1767 1769 1768
f 1767 1770 1769
f 1770 1771 1769
f 1770 1772 1771
f 1772 1773 1771
f 1772 1774 1773
f 1774 1775 1773
f 1774 1776 1775
f 1776 1777 1775
f 1776 1778 1777
f 1778 1779 1777
f 1778 1780 1779
f 1780 1781 1779
f 1780 1782 1781
f 1782 1783 1781
f 1782 1784 1783
f 1784 1785 1783
f 1784 1786 1785
f 1786 1787 1785
f 1786 1788 1787
f 1788 1789 1787
f 1788 1790 1789
f 1790 1791 1789
f 1790 1792 1791
f 1790 1793 1792
f 1679 1794 1675
f 1794 1795 1675
f 1795 1796 1675
f 1796 1797 1675
f 1797 1798 1675
f 1798 772 1675
f 772 770 1675
f 882 883 1799
f 882 1799 1800
f 1801 882 1800
f 1801 1800 1802
f 1801 1802 1803
f 866 1801 1803
f 866 1803 1804
f 866 1804 1805
f 866 1805 1806
f 866 1806 865
f 767 1807 766
f 1807 1808 766
f 1808 1809 766
f 1809 1810 766
f 1810 1811 766
f 1811 1812 766
f 1812 1813 766
f 1813 1814 766
f 1814 1815 766
f 1815 1816 766
f 1816 1817 766
f 1817 1818 766
f 1818 1819 766
f 1818 1820 1819
f 1820 1821 1819
f 1821 1822 1819
f 1822 1823 1819
f 1823 1824 1819
f 1824 1825 1819
f 1825 1826 1819
f 1826 1827 1819
f 1826 1828 1827
f 1828 1829 1827
f 1829 1830 1827
f 1830 1831 1827
f 1831 1832 1827
f 1832 1833 1827
f 1832 1834 1833
f 1834 1835 1833
f 1835 1836 1833
f 1836 1837 1833
f 1837 1838 1833
f 1837 1839 1838
f 1839 1840 1838
f 1840 1841 1838
f 1841 1842 1838
f 1842 1843 1838
f 1842 1844 1843
f 1844 1845 1843
f 1845 1846 1843
f 1846 1847 1843
f 1846 1848 1847
f 1848 1849 1847
f 1849 1850 1847
f 1849 1851 1850
f 1851 1852 1850
f 1852 1853 1850
f 1853 1854 1850
f 1853 1855 1854
f 1855 1856 1854
f 1856 1857 1854
f 1856 1858 1857
f 1858 1859 1857
f 1859 1860 1857
f 1859 1861 1860
f 1861 1862 1860
f 1861 1863 1862
f 1863 1864 1862
f 1863 1865 1864
f 1865 1866 1864
f 1865 1867 1866
f 1867 1868 1866
f 1867 1869 1868
f 1869 1870 1868
f 1869 1871 1870
f 1871 1872 1870
f 1871 1873 1872
f 1873 1874 1872
f 1873 1875 1874
f 1875 1876 1874
f 1877 1876 1875
f 1877 1878 1876
f 1877 1879 1878
f 1877 1880 1879
f 1880 1881 1879
f 1880 1882 1881
f 1880 1883 1882
f 1883 1884 1882
f 1883 1885 1884
f 1883 1886 1885
f 1886 1887 1885
f 1886 1888 1887
f 1888 1889 1887
f 1888 1890 1889
f 1890 1891 1889
f 1890 1892 1891
f 1892 1893 1891
f 1892 1894 1893
f 1894 1895 1893
f 1894 1896 1895
f 1896 1897 1895
f 1896 1898 1897
f 1896 1899 1898
f 1899 1900 1898
f 1899 1901 1900
f 1901 1902 1900
f 1901 1903 1902
f 1903 1904 1902
f 1903 1905 1904
f 1905 1906 1904
f 1905 1907 1906
f 1905 1908 1907
f 1908 1909 1907
f 1908 1910 1909
f 1910 1911 1909
f 1910 1912 1911
f 1912 1913 1911
f 1912 1914 1913
f 1912 1915 1914
f 1915 1916 1914
f 1915 1917 1916
f 1917 1918 1916
f 1917 1919 1918
f 1917 1920 1919
f 1920 1921 1919
f 1920 1922 1921
f 1922 1923 1921
f 1922 1924 1923
f 1922 1925 1924
f 1925 1926 1924
f 1925 1927 1926
f 1927 1928 1926
f 1927 1929 1928
f 1927 1930 1929
f 1930 1931 1929
f 1930 1932 1931
f 1932 1933 1931
f 1932 1934 1933
f 1932 1935 1934
f 1935 1936 1934
f 1935 1937 1936
f 1935 1938 1937
f 1938 1939 1937
f 1938 1940 1939
f 1940 1941 1939
f 1940 1942 1941
f 1940 1943 1942
f 1940 1944 1943
f 1940 1945 1944
f 1945 1946 1944
f 1945 1947 1946
f 1945 1948 1947
f 1945 1949 1948
f 1945 1950 1949
f 1950 1951 1949
f 1950 1952 1951
f 1950 1953 1952
f 1950 1954 1953
f 1950 1955 1954
f 1955 1956 1954
f 1955 1957 1956
f 1955 1958 1957
f 1955 1959 1958
f 1955 1960 1959
f 1960 1961 1959
f 1960 1962 1961
f 1960 1963 1962
f 1960 1964 1963
f 1960 1965 1964
f 1960 1966 1965
f 1966 1967 1965
f 1966 1968 1967
f 1966 1969 1968
f 1969 1970 1968
f 1969 1971 1970
f 1969 1972 1971
f 1972 1973 1971
f 1972 1974 1973
f 1972 1975 1974
f 1975 1976 1974
f 1975 1977 1976
f 1975 1978 1977
f 1978 1979 1977
f 1978 1980 1979
f 1978 1981 1980
f 1981 1982 1980
f 1981 1983 1982
f 1981 1984 1983
f 1984 1985 1983
f 1984 1986 1985
f 1984 1987 1986
f 1987 1988 1986
f 1987 1989 1988
f 1987 1990 1989
f 1990 1991 1989
f 1990 1992 1991
f 1990 1993 1992
f 1990 1994 1993
f 1994 1995 1993
f 1994 1996 1995
f 1994 1997 1996
f 1997 1998 1996
f 1997 1999 1998
f 1997 2000 1999
f 2000 2001 1999
f 2000 2002 2001
f 2000 2003 2002
f 2000 2004 2003
f 2004 2005 2003
f 2004 2006 2005
f 2004 2007 2006
f 2004 2008 2007
f 2008 2009 2007
f 2008 2010 2009
f 2008 2011 2010
f 2008 2012 2011
f 2012 2013 2011
f 2012 2014 2013
f 2012 2015 2014
f 2012 2016 2015
f 2016 2017 2015
f 2016 2018 2017
f 2016 2019 2018
f 2016 2020 2019
f 2016 2021 2020
f 2021 2022 2020
f 2021 2023 2022
f 2021 2024 2023
f 2021 2025 2024
f 2025 2026 2024
f 2025 2027 2026
f 2025 2028 2027
f 2025 2029 2028
f 2025 2030 2029
f 2030 2031 2029
f 2030 2032 2031
f 2030 2033 2032
f 2033 2034 2032
f 2033 2035 2034
f 2033 2036 2035
f 2036 2037 2035
f 2036 2038 2037
f 2036 2039 2038
f 2039 2040 2038
f 2039 2041 2040
f 2039 2042 2041
f 2042 2043 2041
f 2042 2044 2043
f 2042 2045 2044
f 2045 2046 2044
f 2045 2047 2046
f 2045 2048 2047
f 2048 2049 2047
f 2048 2050 2049
f 2048 2051 2050
f 2051 2052 2050
f 2051 2053 2052
f 2053 2054 2052
f 2053 2055 2054
f 2055 2056 2054
f 2055 2057 2056
f 2057 2058 2056
f 2058 2059 2056
f 2059 2060 2056
f 2059 2061 2060
f 2061 2062 2060
f 2062 229 2060
f 227 2060 229
f 720 717 2063
f 720 2063 2064
f 2065 720 2064
f 2065 2064 2066
f 2067 2065 2066
f 2067 2066 2068
f 2069 2067 2068
f 2070 2069 2068
f 2070 2068 2071
f 2072 2070 2071
f 2072 2071 2073
f 2074 2072 2073
f 2075 2074 2073
f 2075 2073 2076
f 2077 2075 2076
f 2078 2077 2076
f 2078 2076 2079
f 2080 2078 2079
f 2080 2079 2081
f 2082 2080 2081
f 2083 2082 2081
f 2083 2081 2084
f 2085 2083 2084
f 2086 2085 2084
f 2086 2084 2087
f 2088 2086 2087
f 2088 2087 2089
f 688 2088 2089
f 688 2089 2090
f 688 2090 687
f 299 300 2091
f 2092 299 2091
f 2092 2091 2093
f 2092 2093 2094
f 2095 2092 2094
f 2095 2094 2096
f 2097 2095 2096
f 2097 2096 2098
f 2097 2098 2099
f 285 2097 2099
f 285 2099 2100
f 285 2100 284
f 1 2101 4
f 2101 2102 4
f 2101 2103 2102
f 2103 2104 2102
f 2103 2105 2104
f 2103 2106 2105
f 2106 2107 2105
f 2106 2108 2107
f 2106 2109 2108
f 2109 2110 2108
f 2109 2111 2110
f 2109 2112 2111
f 2112 2113 2111
f 2112 2114 2113
f 2112 2115 2114
f 2112 2116 2115
f 2116 2117 2115
f 2116 2118 2117
f 2116 2119 2118
f 2116 2120 2119
f 2116 2121 2120
f 2121 2122 2120
f 2121 2123 2122
f 2121 2124 2123
f 2121 2125 2124
f 2125 2126 2124
f 2125 2127 2126
f 2125 2128 2127
f 2125 2129 2128
f 2125 2130 2129
f 2130 2131 2129
f 2130 2132 2131
f 2130 2133 2132
f 2130 2134 2133
f 2130 2135 2134
f 2135 2136 2134
f 2135 2137 2136
f 2135 2138 2137
f 2135 2139 2138
f 2139 2140 2138
f 2139 2141 2140
f 2139 2142 2141
f 2139 2143 2142
f 2139 2144 2143
f 2144 2145 2143
f 2144 2146 2145
f 2144 2147 2146
f 2144 2148 2147
f 2148 2149 2147
f 2148 2150 2149
f 2148 2151 2150
f 2148 2152 2151
f 2152 2153 2151
f 2152 2154 2153
f 2152 2155 2154
f 2155 2156 2154
f 2155 2157 2156
f 2155 2158 2157
f 2158 2159 2157
f 2158 2160 2159
f 2160 2161 2159
f 2160 2162 2161
f 2160 2163 2162
f 2163 2164 2162
f 2163 2165 2164
f 2163 2166 2165
f 2166 2167 2165
f 2166 2168 2167
f 2166 2169 2168
f 2169 2170 2168
f 2169 2171 2170
f 2169 2172 2171
f 2169 2173 2172
f 2173 2174 2172
f 2173 2175 2174
f 2173 2176 2175
f 2173 2177 2176
f 2177 2178 2176
f 2177 2179 2178
f 2177 2180 2179
f 2180 2181 2179
f 2180 2182 2181
f 2180 2183 2182
f 2183 2184 2182
f 2183 2185 2184
f 2183 2186 2185
f 2186 2187 2185
f 2186 2188 2187
f 2188 2189 2187
f 2188 2190 2189
f 2188 2191 2190
f 2191 2192 2190
f 2191 2193 2192
f 2191 2194 2193
f 2194 2195 2193
f 2194 2196 2195
f 2196 2197 2195
f 2196 2198 2197
f 2196 2199 2198
f 2199 2200 2198
f 2199 2201 2200
f 2201 2202 2200
f 2201 2203 2202
f 2203 2204 2202
f 2203 2205 2204
f 2205 2206 2204
f 2205 2207 2206
f 2207 2208 2206
f 2207 2209 2208
f 2209 2210 2208
f 2211 2212 2213
f 2214 2212 2211
f 2215 2211 2213
f 2215 2213 2216
f 2215 2216 2217
f 2215 2217 2218
f 2218 2217 2219
f 2218 2219 2220
f 2218 2220 2221
f 2221 2220 2222
f 2221 2222 2223
f 2221 2223 2224
f 2224 2223 2225
f 2224 2225 2226
f 2224 2226 2227
f 2224 2227 2228
f 2228 2227 2229
f 2228 2229 2230
f 2228 2230 2231
f 2231 2230 2232
f 2231 2232 2233
f 2231 2233 2234
f 2231 2234 2235
f 2235 2234 2236
f 2235 2236 2237
f 2235 2237 2238
f 2235 2238 2239
f 2239 2238 2240
f 2239 2240 2241
f 2239 2241 2242
f 2242 2241 2243
f 2242 2243 2244
f 2242 2244 2245
f 2245 2244 2246
f 2245 2246 2247
f 2245 2247 2248
f 2245 2248 2249
f 2249 2248 2250
f 2249 2250 2251
f 2249 2251 2252
f 2252 2251 2253
f 2252 2253 2254
f 2252 2254 2255
f 2252 2255 2256
f 2256 2255 2257
f 2256 2257 2258
f 2256 2258 2259
f 2259 2258 2260
f 2259 2260 2261
f 2259 2261 2262
f 2262 2261 2263
f 2262 2263 2264
f 2262 2264 2265
f 2262 2265 2266
f 2266 2265 2267
f 2266 2267 2268
f 2266 2268 2269
f 2266 2269 2270
f 2270 2269 2271
f 2270 2271 2272
f 2270 2272 2273
f 2273 2272 2274
f 2273 2274 2275
f 2273 2275 2276
f 2273 2276 2277
f 2277 2276 2278
f 2277 2278 2279
f 2277 2279 2280
f 2280 2279 2281
f 2280 2281 2282
f 2282 2281 2283
f 2282 2283 2284
f 2282 2284 2285
f 2285 2284 2286
f 2285 2286 2287
f 2285 2287 2288
f 2285 2288 2289
f 2289 2288 2290
f 2289 2290 2291
f 2289 2291 2292
f 2292 2291 2293
f 2292 2293 2294
f 2292 2294 2295
f 2292 2295 2296
f 2296 2295 2297
f 2296 2297 2298
f 2296 2298 2299
f 2296 2299 2300
f 2300 2299 2301
f 2300 2301 2302
f 2300 2302 2303
f 2303 2302 2304
f 2303 2304 2305
f 2303 2305 2306
f 2303 2306 2307
f 2307 2306 2308
f 2307 2308 2309
f 2307 2309 2310
f 2307 2310 2311
f 2311 2310 2312
f 2311 2312 2313
f 2311 2313 2314
f 2314 2313 2315
f 2314 2315 2316
f 2314 2316 2317
f 2314 2317 2318
f 2318 2317 2319
f 2318 2319 2320
f 2318 2320 2321
f 2321 2320 2322
f 2321 2322 2323
f 2321 2323 2324
f 2321 2324 2325
f 2325 2324 2326
f 2325 2326 2327
f 2325 2327 2328
f 2328 2327 2329
f 2328 2329 2330
f 2328 2330 2331
f 2328 2331 2332
f 2332 2331 2333
f 2332 2333 2334
f 2334 2333 2335
f 2334 2335 2336
f 2336 2335 2337
f 2336 2337 2338
f 2336 2338 2339
f 2339 2338 2340
f 2339 2340 2341
f 2341 2340 2342
f 2341 2342 2343
f 2343 2342 2344
f 2343 2344 2345
f 2343 2345 2346
f 2346 2345 2347
f 2346 2347 2348
f 2348 2347 2349
f 2348 2349 2350
f 2350 2349 2351
f 2350 2351 2352
f 2350 2352 2353
f 2353 2352 2354
f 2353 2354 2355
f 2355 2354 2356
f 2355 2356 2357
f 2355 2357 2358
f 2355 2358 2359
f 2359 2358 2360
f 2359 2360 2361
f 2359 2361 2362
f 2359 2362 2363
f 2363 2362 2364
f 2363 2364 2365
f 2363 2365 2366
f 2363 2366 2367
f 2363 2367 2368
f 2368 2367 2369
f 2368 2369 2370
f 2368 2370 2371
f 2368 2371 2372
f 2368 2372 2373
f 2373 2372 2374
f 2373 2374 2375
f 2373 2375 2376
f 2373 2376 2377
f 2373 2377 2378
f 2373 2378 2379
f 2379 2378 2380
f 2379 2380 2381
f 2379 2381 2382
f 2379 2382 2383
f 2379 2383 2384
f 2384 2383 2385
f 2384 2385 2386
f 2384 2386 2387
f 2384 2387 2388
f 2384 2388 2389
f 2384 2389 2390
f 2390 2389 2391
f 2390 2391 2392
f 2390 2392 2393
f 2390 2393 2394
f 2390 2394 2395
f 2390 2395 2396
f 2396 2395 2397
f 2396 2397 2398
f 2396 2398 2399
f 2396 2399 2400
f 2396 2400 2401
f 2396 2401 2402
f 2402 2401 2403
f 2402 2403 2404
f 2402 2404 2405
f 2402 2405 2406
f 2402 2406 2407
f 2402 2407 2408
f 2408 2407 2409
f 2408 2409 2410
f 2408 2410 2411
f 2408 2411 2412
f 2408 2412 2413
f 2408 2413 2414
f 2414 2413 2415
f 2414 2415 2416
f 2414 2416 2417
f 2414 2417 2418
f 2414 2418 2419
f 2414 2419 2420
f 2420 2419 2421
f 2420 2421 2422
f 2420 2422 2423
f 2420 2423 2424
f 2420 2424 2425
f 2425 2424 2426
f 2425 2426 2427
f 2425 2427 2428
f 2425 2428 2429
f 2425 2429 2430
f 2425 2430 2431
f 2431 2430 2432
f 2431 2432 2433
f 2431 2433 2434
f 2431 2434 2435
f 2431 2435 2436
f 2436 2435 2437
f 2436 2437 2438
f 2436 2438 2439
f 2436 2439 2440
f 2436 2440 2441
f 2436 2441 2442
f 2442 2441 2443
f 2442 2443 2444
f 2442 2444 2445
f 2442 2445 2446
f 2442 2446 2447
f 2447 2446 2448
f 2447 2448 2449
f 2447 2449 2450
f 2447 2450 2451
f 2451 2450 2452
f 2451 2452 2453
f 2451 2453 2454
f 2451 2454 2455
f 2455 2454 2456
f 2455 2456 2457
f 2455 2457 2458
f 2455 2458 2459
f 2455 2459 2460
f 2460 2459 2461
f 2460 2461 2462
f 2460 2462 2463
f 2460 2463 2464
f 2460 2464 2465
f 2465 2464 2466
f 2465 2466 2467
f 2465 2467 2468
f 2465 2468 2469
f 2465 2469 2470
f 2470 2469 2471
f 2470 2471 2472
f 2470 2472 2473
f 2470 2473 2474
f 2470 2474 2475
f 2470 2475 2476
f 2476 2475 2477
f 2476 2477 2478
f 2476 2478 2479
f 2476 2479 2480
f 2476 2480 2481
f 2481 2480 2482
f 2481 2482 2483
f 2481 2483 2484
f 2481 2484 2485
f 2481 2485 2486
f 2486 2485 2487
f 2486 2487 2488
f 2486 2488 2489
f 2486 2489 2490
f 2486 2490 2491
f 2486 2491 2492
f 2492 2491 2493
f 2492 2493 2494
f 2492 2494 2495
f 2492 2495 2496
f 2492 2496 2497
f 2492 2497 2498
f 2498 2497 2499
f 2498 2499 2500
f 2498 2500 2501
f 2498 2501 2502
f 2498 2502 2503
f 2503 2502 2504
f 2503 2504 2505
f 2503 2505 2506
f 2503 2506 2507
f 2503 2507 2508
f 2503 2508 2509
f 2509 2508 2510
f 2509 2510 2511
f 2509 2511 2512
f 2509 2512 2513
f 2513 2512 2514
f 2513 2514 2515
f 2513 2515 2516
f 2513 2516 2517
f 2513 2517 2518
f 2518 2517 2519
f 2518 2519 2520
f 2518 2520 2521
f 2521 2520 2522
f 2521 2522 2523
f 2521 2523 2524
f 2521 2524 2525
f 2525 2524 2526
f 2525 2526 2527
f 2527 2526 2528
f 2527 2528 2529
f 2527 2529 2530
f 2530 2529 2531
f 2530 2531 2532
f 2532 2531 2533
f 2532 2533 2534
f 2534 2533 2535
f 2534 2535 2536
f 2536 2535 2537
f 2536 2537 2538
f 2536 2538 2539
f 2539 2538 2540
f 2539 2540 2541
f 2541 2540 2542
f 2541 2542 2543
f 2543 2542 2544
f 2543 2544 2545
f 2545 2544 2546
f 2545 2546 2547
f 2545 2547 2548
f 2548 2547 2549
f 2548 2549 2550
f 2550 2549 2551
f 2550 2551 2552
f 2552 2551 2553
f 2552 2553 2554
f 2552 2554 2555
f 2555 2554 2556
f 2555 2556 2557
f 2557 2556 2558
f 2557 2558 2559
f 2557 2559 2560
f 2560 2559 2561
f 2560 2561 2562
f 2562 2561 2563
f 2562 2563 2564
f 2564 2563 2565
f 2564 2565 2566
f 2566 2565 2567
f 2566 2567 2568
f 2568 2567 2569
f 2568 2569 2570
f 2570 2569 2571
f 2570 2571 2572
f 2572 2571 2573
f 2572 2573 2574
f 2574 2573 2575
f 2574 2575 2576
f 2574 2576 2577
f 2577 2576 2578
f 2577 2578 2579
f 2579 2578 2580
f 2579 2580 2581
f 2581 2580 2582
f 2582 2580 2583
f 2582 2583 2584
f 2584 2583 2585
f 2584 2585 2586
f 2586 2585 2587
f 2586 2587 2588
f 2588 2587 2589
f 2588 2589 2590
f 2588 2590 2591
f 2591 2590 2592
f 2591 2592 2593
f 2591 2593 2594
f 2594 2593 2595
f 2594 2595 2596
f 2596 2595 2597
f 2596 2597 2598
f 2596 2598 2599
f 2599 2598 2600
f 2599 2600 2601
f 2599 2601 2602
f 2602 2601 2603
f 2602 2603 2604
f 2604 2603 2605
f 2604 2605 2606
f 2606 2605 2607
f 2606 2607 2608
f 2608 2607 2609
f 2608 2609 2610
f 2610 2609 2611
f 2610 2611 2612
f 2612 2611 2613
f 2612 2613 2614
f 2614 2613 2615
f 2614 2615 2616
f 2616 2615 2617
f 2616 2617 2618
f 2618 2617 2619
f 2618 2619 2620
f 2620 2619 2621
f 2620 2621 2622
f 2622 2621 2623
f 2622 2623 2624
f 2624 2623 2625
f 2624 2625 2626
f 2626 2625 2627
f 2626 2627 2628
f 2628 2627 2629
f 2628 2629 2630
f 2630 2629 2631
f 2630 2631 2632
f 2632 2631 2633
f 2632 2633 2634
f 2634 2633 2635
f 2634 2635 2636
f 2636 2635 2637
f 2636 2637 2638
f 2638 2637 2639
f 2638 2639 2640
f 2640 2639 2641
f 2640 2641 2642
f 2642 2641 2643
f 2642 2643 2644
f 2644 2643 2645
f 2644 2645 2646
f 2646 2645 2647
f 2646 2647 2648
f 2648 2647 2649
f 2648 2649 2650
f 2650 2649 2651
f 2650 2651 2652
f 2652 2651 2653
f 2652 2653 2654
f 2654 2653 2655
f 2654 2655 2656
f 2656 2655 2657
f 2656 2657 2658
f 2658 2657 2659
f 2658 2659 2660
f 2660 2659 2661
f 2660 2661 2662
f 2662 2661 2663
f 2662 2663 2664
f 2664 2663 2665
f 2664 2665 2666
f 2664 2666 2667
f 2667 2666 2668
f 2667 2668 2669
f 2669 2668 2670
f 2669 2670 2671
f 2671 2670 2672
f 2671 2672 2673
f 2673 2672 2674
f 2673 2674 2675
f 2675 2674 2676
f 2675 2676 2677
f 2675 2677 2678
f 2678 2677 2679
f 2678 2679 2680
f 2680 2679 2681
f 2680 2681 2682
f 2682 2681 2683
f 2682 2683 2684
f 2684 2683 2685
f 2684 2685 2686
f 2684 2686 2687
f 2687 2686 2688
f 2687 2688 2689
f 2689 2688 2690
f 2689 2690 2691
f 2691 2690 2692
f 2691 2692 2693
f 2693 2692 2694
f 2693 2694 2695
f 2695 2694 2696
f 2695 2696 2697
f 2697 2696 2698
f 2697 2698 2699
f 2699 2698 2700
f 2699 2700 2701
f 2701 2700 2702
f 2701 2702 2703
f 2703 2702 2704
f 2703 2704 2705
f 2705 2704 2706
f 2705 2706 2707
f 2707 2706 2708
f 2708 2706 2709
f 2708 2709 2710
f 2710 2709 2711
f 2710 2711 2712
f 2710 2712 2713
f 2713 2712 2714
f 2713 2714 2715
f 2715 2714 2716
f 2715 2716 2717
f 2717 2716 2718
f 2717 2718 2719
f 2719 2718 2720
f 2719 2720 2721
f 2721 2720 2722
f 2721 2722 2723
f 2723 2722 2724
f 2723 2724 2725
f 2725 2724 2726
f 2725 2726 2727
f 2727 2726 2728
f 2727 2728 2729
f 2727 2729 2730
f 2730 2729 2731
f 2730 2731 2732
f 2732 2731 2733
f 2732 2733 2734
f 2734 2733 2735
f 2734 2735 2736
f 2736 2735 2737
f 2736 2737 2738
f 2738 2737 2739
f 2738 2739 2740
f 2738 2740 2741
f 2741 2740 2742
f 2741 2742 2743
f 2743 2742 2744
f 2743 2744 2745
f 2745 2744 2746
f 2745 2746 2747
f 2745 2747 2748
f 2748 2747 2749
f 2748 2749 2750
f 2750 2749 2751
f 2750 2751 2752
f 2752 2751 2753
f 2752 2753 2754
f 2752 2754 2755
f 2755 2754 2756
f 2755 2756 2757
f 2757 2756 2758
f 2757 2758 2759
f 2759 2758 2760
f 2760 2758 2761
f 2760 2761 2762
f 2762 2761 2763
f 2762 2763 2764
f 2764 2763 2765
f 2764 2765 2766
f 2766 2765 2767
f 2766 2767 2768
f 2768 2767 2769
f 2768 2769 2770
f 2770 2769 2771
f 2770 2771 2772
f 2772 2771 2773
f 2772 2773 2774
f 2774 2773 2775
f 2774 2775 2776
f 2776 2775 2777
f 2776 2777 2778
f 2778 2777 2779
f 2778 2779 2780
f 2778 2780 2781
f 2781 2780 2782
f 2781 2782 2783
f 2783 2782 2784
f 2783 2784 2785
f 2785 2784 2786
f 2785 2786 2787
f 2785 2787 2788
f 2788 2787 2789
f 2788 2789 2790
f 2790 2789 2791
f 2790 2791 2792
f 2792 2791 2793
f 2792 2793 2794
f 2792 2794 2795
f 2795 2794 2796
f 2795 2796 2797
f 2797 2796 2798
f 2797 2798 2799
f 2799 2798 2800
f 2799 2800 2801
f 2801 2800 2802
f 2801 2802 2803
f 2801 2803 2804
f 2804 2803 2805
f 2804 2805 2806
f 2806 2805 2807
f 2806 2807 2808
f 2808 2807 2809
f 2808 2809 2810
f 2810 2809 2811
f 2810 2811 2812
f 2812 2811 2813
f 2812 2813 2814
f 2812 2814 2815
f 2815 2814 2816
f 2815 2816 2817
f 2817 2816 2818
f 2817 2818 2819
f 2819 2818 2820
f 2819 2820 2821
f 2821 2820 2822
f 2821 2822 2823
f 2823 2822 2824
f 2823 2824 2825
f 2825 2824 2826
f 2825 2826 2827
f 2827 2826 2828
f 2827 2828 2829
f 2829 2828 2830
f 2829 2830 2831
f 2829 2831 2832
f 2829 2832 2833
f 2833 2832 2834
f 2833 2834 2835
f 2833 2835 2836
f 2833 2836 2837
f 2837 2836 2838
f 2837 2838 2839
f 2837 2839 2840
f 2837 2840 2841
f 2841 2840 2842
f 2841 2842 2843
f 2841 2843 2844
f 2841 2844 2845
f 2841 2845 2846
f 2846 2845 2847
f 2846 2847 2848
f 2846 2848 2849
f 2846 2849 2850
f 2846 2850 2851
f 2851 2850 2852
f 2851 2852 2853
f 2851 2853 2854
f 2851 2854 2855
f 2851 2855 2856
f 2851 2856 2857
f 2857 2856 2858
f 2857 2858 2859
f 2857 2859 2860
f 2857 2860 2861
f 2857 2861 2862
f 2862 2861 2863
f 2862 2863 2864
f 2862 2864 2865
f 2862 2865 2866
f 2862 2866 2867
f 2862 2867 2868
f 2868 2867 2869
f 2868 2869 2870
f 2868 2870 2871
f 2868 2871 2872
f 2868 2872 2873
f 2868 2873 2874
f 2874 2873 2875
f 2874 2875 2876
f 2874 2876 2877
f 2874 2877 2878
f 2874 2878 2879
f 2874 2879 2880
f 2880 2879 2881
f 2880 2881 2882
f 2880 2882 2883
f 2880 2883 2884
f 2880 2884 2885
f 2885 2884 2886
f 2885 2886 2887
f 2885 2887 2888
f 2885 2888 2889
f 2885 2889 2890
f 2885 2890 2891
f 2891 2890 2892
f 2891 2892 2893
f 2891 2893 2894
f 2891 2894 2895
f 2891 2895 2896
f 2896 2895 2897
f 2896 2897 2898
f 2896 2898 2899
f 2896 2899 2900
f 2896 2900 2901
f 2901 2900 2902
f 2901 2902 2903
f 2901 2903 2904
f 2901 2904 2905
f 2901 2905 2906
f 2906 2905 2907
f 2906 2907 2908
f 2906 2908 2909
f 2906 2909 2910
f 2910 2909 2911
f 2910 2911 2912
f 2910 2912 2913
f 2913 2912 2914
f 2913 2914 2915
f 2913 2915 2916
f 2913 2916 2917
f 2917 2916 2918
f 2917 2918 2919
f 2917 2919 2920
f 2920 2919 2921
f 2920 2921 2922
f 2920 2922 2923
f 2920 2923 2924
f 2924 2923 2925
f 2924 2925 2926
f 2924 2926 2927
f 2924 2927 2928
f 2928 2927 2929
f 2928 2929 2930
f 2928 2930 2931
f 2931 2930 2932
f 2931 2932 2933
f 2931 2933 2934
f 2931 2934 2935
f 2935 2934 2936
f 2935 2936 2937
f 2935 2937 2938
f 2938 2937 2939
f 2938 2939 2940
f 2938 2940 2941
f 2938 2941 2942
f 2942 2941 2943
f 2942 2943 2944
f 2942 2944 2945
f 2945 2944 2946
f 2945 2946 2947
f 2945 2947 2948
f 2945 2948 2949
f 2949 2948 2950
f 2949 2950 2951
f 2949 2951 2952
f 2952 2951 2953
f 2952 2953 2954
f 2952 2954 2955
f 2952 2955 2956
f 2956 2955 2957
f 2956 2957 2958
f 2956 2958 2959
f 2959 2958 2960
f 2959 2960 2961
f 2959 2961 2962
f 2959 2962 2963
f 2963 2962 2964
f 2963 2964 2965
f 2963 2965 2966
f 2966 2965 2967
f 2966 2967 2968
f 2966 2968 2969
f 2966 2969 2970
f 2970 2969 2971
f 2970 2971 2972
f 2970 2972 2973
f 2973 2972 2974
f 2973 2974 2975
f 2973 2975 2976
f 2973 2976 2977
f 2977 2976 2978
f 2977 2978 2979
f 2977 2979 2980
f 2977 2980 2981
f 2981 2980 2982
f 2981 2982 2983
f 2981 2983 2984
f 2984 2983 2985
f 2984 2985 2986
f 2984 2986 2987
f 2984 2987 2988
f 2988 2987 2989
f 2988 2989 2990
f 2988 2990 2991
f 2988 2991 2992
f 2988 2992 2993
f 2993 2992 2994
f 2993 2994 2995
f 2993 2995 2996
f 2993 2996 2997
f 2993 2997 2998
f 2998 2997 2999
f 2998 2999 3000
f 2998 3000 3001
f 2998 3001 3002
f 2998 3002 3003
f 2998 3003 3004
f 3004 3003 3005
f 3004 3005 3006
f 3004 3006 3007
f 3004 3007 3008
f 3004 3008 3009
f 3004 3009 3010
f 3010 3009 3011
f 3010 3011 3012
f 3010 3012 3013
f 3010 3013 3014
f 3014 3013 3015
f 3014 3015 3016
f 3014 3016 3017
f 3014 3017 3018
f 3014 3018 3019
f 3019 3018 3020
f 3019 3020 3021
f 3019 3021 3022
f 3019 3022 3023
f 3019 3023 3024
f 3024 3023 3025
f 3024 3025 3026
f 3024 3026 3027
f 3024 3027 3028
f 3024 3028 3029
f 3029 3028 3030
f 3029 3030 3031
f 3029 3031 3032
f 3029 3032 3033
f 3029 3033 3034
f 3029 3034 3035
f 3035 3034 3036
f 3035 3036 3037
f 3035 3037 3038
f 3035 3038 3039
f 3035 3039 3040
f 3040 3039 3041
f 3040 3041 3042
f 3040 3042 3043
f 3040 3043 3044
f 3044 3043 3045
f 3044 3045 3046
f 3044 3046 3047
f 3044 3047 3048
f 3048 3047 3049
f 3048 3049 3050
f 3050 3049 3051
f 3050 3051 3052
f 3050 3052 3053
f 3053 3052 3054
f 3053 3054 3055
f 3053 3055 3056
f 3056 3055 3057
f 3056 3057 3058
f 3056 3058 3059
f 3059 3058 3060
f 3059 3060 3061
f 3059 3061 3062
f 3059 3062 3063
f 3063 3062 3064
f 3063 3064 3065
f 3063 3065 3066
f 3063 3066 3067
f 3063 3067 3068
f 3068 3067 3069
f 3068 3069 3070
f 3068 3070 3071
f 3068 3071 3072
f 3072 3071 3073
f 3072 3073 3074
f 3072 3074 3075
f 3075 3074 3076
f 3075 3076 3077
f 3075 3077 3078
f 3075 3078 3079
f 3079 3078 3080
f 3079 3080 3081
f 3079 3081 3082
f 3082 3081 3083
f 3082 3083 3084
f 3082 3084 3085
f 3082 3085 3086
f 3082 3086 3087
f 3087 3086 3088
f 3087 3088 3089
f 3087 3089 3090
f 3087 3090 3091
f 3091 3090 3092
f 3091 3092 3093
f 3091 3093 3094
f 3091 3094 3095
f 3091 3095 3096
f 3096 3095 3097
f 3096 3097 3098
f 3096 3098 3099
f 3096 3099 3100
f 3096 3100 3101
f 3101 3100 3102
f 3101 3102 3103
f 3101 3103 3104
f 3101 3104 3105
f 3101 3105 3106
f 3106 3105 3107
f 3106 3107 3108
f 3106 3108 3109
f 3106 3109 3110
f 3106 3110 3111
f 3106 3111 3112
f 3112 3111 3113
f 3112 3113 3114
f 3112 3114 3115
f 3112 3115 3116
f 3112 3116 3117
f 3112 3117 3118
f 3118 3117 3119
f 3118 3119 3120
f 3118 3120 3121
f 3118 3121 3122
f 3118 3122 3123
f 3118 3123 3124
f 3124 3123 3125
f 3124 3125 3126
f 3124 3126 3127
f 3124 3127 3128
f 3124 3128 3129
f 3129 3128 3130
f 3129 3130 3131
f 3129 3131 3132
f 3129 3132 3133
f 3129 3133 3134
f 3129 3134 3135
f 3129 3135 3136
f 3136 3135 3137
f 3136 3137 3138
f 3136 3138 3139
f 3136 3139 3140
f 3136 3140 3141
f 3141 3140 3142
f 3141 3142 3143
f 3141 3143 3144
f 3141 3144 3145
f 3141 3145 3146
f 3141 3146 3147
f 3147 3146 3148
f 3147 3148 3149
f 3147 3149 3150
f 3147 3150 3151
f 3147 3151 3152
f 3147 3152 3153
f 3153 3152 3154
f 3153 3154 3155
f 3153 3155 3156
f 3153 3156 3157
f 3153 3157 3158
f 3153 3158 3159
f 3159 3158 3160
f 3159 3160 3161
f 3159 3161 3162
f 3159 3162 3163
f 3159 3163 3164
f 3164 3163 3165
f 3164 3165 3166
f 3164 3166 3167
f 3164 3167 3168
f 3164 3168 3169
f 3169 3168 3170
f 3169 3170 3171
f 3169 3171 3172
f 3169 3172 3173
f 3169 3173 3174
f 3169 3174 3175
f 3175 3174 3176
f 3175 3176 3177
f 3175 3177 3178
f 3175 3178 3179
f 3175 3179 3180
f 3175 3180 3181
f 3181 3180 3182
f 3181 3182 3183
f 3181 3183 3184
f 3181 3184 3185
f 3181 3185 3186
f 3186 3185 3187
f 3186 3187 3188
f 3186 3188 3189
f 3186 3189 3190
f 3190 3189 3191
f 3190 3191 3192
f 3190 3192 3193
f 3190 3193 3194
f 3190 3194 3195
f 3190 3195 3196
f 3196 3195 3197
f 3196 3197 3198
f 3196 3198 3199
f 3196 3199 3200
f 3196 3200 3201
f 3201 3200 3202
f 3201 3202 3203
f 3201 3203 3204
f 3201 3204 3205
f 3201 3205 3206
f 3201 3206 3207
f 3207 3206 3208
f 3207 3208 3209
f 3207 3209 3210
f 3207 3210 3211
f 3207 3211 3212
f 3212 3211 3213
f 3212 3213 3214
f 3212 3214 3215
f 3212 3215 3216
f 3212 3216 3217
f 3212 3217 3218
f 3218 3217 3219
f 3218 3219 3220
f 3218 3220 3221
f 3218 3221 3222
f 3218 3222 3223
f 3223 3222 3224
f 3223 3224 3225
f 3223 3225 3226
f 3223 3226 3227
f 3223 3227 3228
f 3223 3228 3229
f 3229 3228 3230
f 3229 3230 3231
f 3229 3231 3232
f 3229 3232 3233
f 3229 3233 3234
f 3229 3234 3235
f 3235 3234 3236
f 3235 3236 3237
f 3235 3237 3238
f 3235 3238 3239
f 3235 3239 3240
f 3235 3240 3241
f 3241 3240 3242
f 3241 3242 3243
f 3241 3243 3244
f 3241 3244 3245
f 3241 3245 3246
f 3246 3245 3247
f 3246 3247 3248
f 3246 3248 3249
f 3246 3249 3250
f 3246 3250 3251
f 3246 3251 3252
f 3246 3252 3253
f 3253 3252 3254
f 3253 3254 3255
f 3253 3255 3256
f 3253 3256 3257
f 3253 3257 3258
f 3253 3258 3259
f 3259 3258 3260
f 3259 3260 3261
f 3259 3261 3262
f 3259 3262 3263
f 3259 3263 3264
f 3264 3263 3265
f 3264 3265 3266
f 3264 3266 3267
f 3264 3267 3268
f 3264 3268 3269
f 3269 3268 3270
f 3269 3270 3271
f 3269 3271 3272
f 3269 3272 3273
f 3269 3273 3274
f 3274 3273 3275
f 3274 3275 3276
f 3274 3276 3277
f 3274 3277 3278
f 3274 3278 3279
f 3279 3278 3280
f 3279 3280 3281
f 3279 3281 3282
f 3279 3282 3283
f 3279 3283 3284
f 3279 3284 3285
f 3285 3284 3286
f 3285 3286 3287
f 3285 3287 3288
f 3285 3288 3289
f 3289 3288 3290
f 3289 3290 3291
f 3289 3291 3292
f 3289 3292 3293
f 3289 3293 3294
f 3294 3293 3295
f 3294 3295 3296
f 3294 3296 3297
f 3294 3297 3298
f 3294 3298 3299
f 3299 3298 3300
f 3299 3300 3301
f 3299 3301 3302
f 3299 3302 3303
f 3303 3302 3304
f 3303 3304 3305
f 3303 3305 3306
f 3303 3306 3307
f 3307 3306 3308
f 3307 3308 3309
f 3307 3309 3310
f 3307 3310 3311
f 3307 3311 3312
f 3312 3311 3313
f 3312 3313 3314
f 3312 3314 3315
f 3312 3315 3316
f 3312 3316 3317
f 3317 3316 3318
f 3317 3318 3319
f 3317 3319 3320
f 3317 3320 3321
f 3317 3321 3322
f 3317 3322 3323
f 3317 3323 3324
f 3324 3323 3325
f 3324 3325 3326
f 3326 3325 3327
f 3327 3325 3328
f 3327 3328 3329
f 3329 3328 3330
f 3329 3330 3331
f 3331 3330 3332
f 3331 3332 3333
f 3333 3332 3334
f 3333 3334 3335
f 3335 3334 3336
f 3335 3336 3337
f 3337 3336 3338
f 3338 3336 3339
f 3338 3339 3340
f 3340 3339 3341
f 3340 3341 3342
f 3342 3341 3343
f 3342 3343 3344
f 3344 3343 3345
f 3344 3345 3346
f 3346 3345 3347
f 3346 3347 3348
f 3348 3347 3349
f 3349 3347 3350
f 3349 3350 3351
f 3351 3350 3352
f 3351 3352 3353
f 3353 3352 3354
f 3353 3354 3355
f 3355 3354 3356
f 3355 3356 3357
f 3357 3356 3358
f 3357 3358 3359
f 3359 3358 3360
f 3359 3360 3361
f 3361 3360 3362
f 3361 3362 3363
f 3361 3363 3364
f 3364 3363 3365
f 3364 3365 3366
f 3364 3366 3367
f 3367 3366 3368
f 3367 3368 3369
f 3369 3368 3370
f 3369 3370 3371
f 3371 3370 3372
f 3371 3372 3373
f 3373 3372 3374
f 3373 3374 3375
f 3375 3374 3376
f 3375 3376 3377
f 3377 3376 3378
f 3377 3378 3379
f 3379 3378 3380
f 3379 3380 3381
f 3381 3380 3382
f 3381 3382 3383
f 3383 3382 3384
f 3384 3382 3385
f 3384 3385 3386
f 3386 3385 3387
f 3386 3387 3388
f 3388 3387 3389
f 3388 3389 3390
f 3390 3389 3391
f 3390 3391 3392
f 3392 3391 3393
f 3392 3393 3394
f 3394 3393 3395
f 3394 3395 3396
f 3396 3395 3397
f 3396 3397 3398
f 3398 3397 3399
f 3398 3399 3400
f 3400 3399 3401
f 3401 3399 3402
f 3401 3402 3403
f 3403 3402 3404
f 3403 3404 3405
f 3405 3404 3406
f 3405 3406 3407
f 3407 3406 3408
f 3407 3408 3409
f 3409 3408 3410
f 3409 3410 3411
f 3411 3410 3412
f 3411 3412 3413
f 3413 3412 3414
f 3413 3414 3415
f 3415 3414 3416
f 3415 3416 3417
f 3417 3416 3418
f 3418 3416 3419
f 3418 3419 3420
f 3420 3419 3421
f 3420 3421 3422
f 3422 3421 3423
f 3422 3423 3424
f 3424 3423 3425
f 3424 3425 3426
f 3426 3425 3427
f 3426 3427 3428
f 3428 3427 3429
f 3428 3429 3430
f 3430 3429 3431
f 3430 3431 3432
f 3432 3431 3433
f 3432 3433 3434
f 3434 3433 3435
f 3434 3435 3436
f 3436 3435 3437
f 3436 3437 3438
f 3436 3438 3439
f 3439 3438 3440
f 3439 3440 3441
f 3441 3440 3442
f 3441 3442 3443
f 3443 3442 3444
f 3443 3444 3445
f 3445 3444 3446
f 3445 3446 3447
f 3447 3446 3448
f 3447 3448 3449
f 3449 3448 3450
f 3449 3450 3451
f 3451 3450 3452
f 3451 3452 3453
f 3453 3452 3454
f 3453 3454 3455
f 3455 3454 3456
f 3455 3456 3457
f 3457 3456 3458
f 3457 3458 3459
f 3459 3458 3460
f 3459 3460 3461
f 3461 3460 3462
f 3461 3462 3463
f 3463 3462 3464
f 3463 3464 3465
f 3465 3464 3466
f 3465 3466 3467
f 3467 3466 3468
f 3467 3468 3469
f 3469 3468 3470
f 3469 3470 3471
f 3471 3470 3472
f 3471 3472 3473
f 3473 3472 3474
f 3473 3474 3475
f 3475 3474 3476
f 3475 3476 3477
f 3477 3476 3478
f 3477 3478 3479
f 3479 3478 3480
f 3479 3480 3481
f 3481 3480 3482
f 3481 3482 3483
f 3483 3482 3484
f 3483 3484 3485
f 3485 3484 3486
f 3485 3486 3487
f 3487 3486 3488
f 3487 3488 3489
f 3489 3488 3490
f 3489 3490 3491
f 3491 3490 3492
f 3491 3492 3493
f 3493 3492 3494
f 3493 3494 3495
f 3495 3494 3496
f 3495 3496 3497
f 3497 3496 3498
f 3497 3498 3499
f 3499 3498 3500
f 3499 3500 3501
f 3501 3500 3502
f 3501 3502 3503
f 3503 3502 3504
f 3503 3504 3505
f 3505 3504 3506
f 3505 3506 3507
f 3507 3506 3508
f 3507 3508 3509
f 3509 3508 3510
f 3509 3510 3511
f 3511 3510 3512
f 3511 3512 3513
f 3513 3512 3514
f 3513 3514 3515
f 3515 3514 3516
f 3515 3516 3517
f 3517 3516 3518
f 3517 3518 3519
f 3519 3518 3520
f 3519 3520 3521
f 3521 3520 3522
f 3522 3520 3523
f 3522 3523 3524
f 3524 3523 3525
f 3524 3525 3526
f 3526 3525 3527
f 3526 3527 3528
f 3528 3527 3529
f 3528 3529 3530
f 3530 3529 3531
f 3530 3531 3532
f 3532 3531 3533
f 3533 3531 3534
f 3533 3534 3535
f 3535 3534 3536
f 3535 3536 3537
f 3537 3536 3538
f 3537 3538 3539
f 3539 3538 3540
f 3539 3540 3541
f 3541 3540 3542
f 3541 3542 3543
f 3543 3542 3544
f 3543 3544 3545
f 3545 3544 3546
f 3545 3546 3547
f 3547 3546 3548
f 3547 3548 3549
f 3549 3548 3550
f 3549 3550 3551
f 3549 3551 3552
f 3552 3551 3553
f 3552 3553 3554
f 3554 3553 3555
f 3554 3555 3556
f 3556 3555 3557
f 3556 3557 3558
f 3558 3557 3559
f 3558 3559 3560
f 3558 3560 3561
f 3561 3560 3562
f 3561 3562 3563
f 3563 3562 3564
f 3563 3564 3565
f 3565 3564 3566
f 3565 3566 3567
f 3565 3567 3568
f 3568 3567 3569
f 3568 3569 3570
f 3570 3569 3571
f 3570 3571 3572
f 3572 3571 3573
f 3572 3573 3574
f 3572 3574 3575
f 3575 3574 3576
f 3575 3576 3577
f 3577 3576 3578
f 3577 3578 3579
f 3579 3578 3580
f 3579 3580 3581
f 3579 3581 3582
f 3582 3581 3583
f 3582 3583 3584
f 3584 3583 3585
f 3584 3585 3586
f 3586 3585 3587
f 3586 3587 3588
f 3588 3587 3589
f 3588 3589 3590
f 3590 3589 3591
f 3590 3591 3592
f 3592 3591 3593
f 3593 3591 3594
f 3593 3594 3595
f 3595 3594 3596
f 3595 3596 3597
f 3597 3596 3598
f 3597 3598 3599
f 3599 3598 3600
f 3600 3598 3601
f 3600 3601 3602
f 3602 3601 3603
f 3602 3603 3604
f 3604 3603 3605
f 3605 3603 3606
f 3605 3606 3607
f 3607 3606 3608
f 3607 3608 3609
f 3609 3608 3610
f 3609 3610 3611
f 3611 3610 3612
f 3612 3610 3613
f 3612 3613 3614
f 3614 3613 3615
f 3614 3615 3616
f 3616 3615 3617
f 3616 3617 3618
f 3618 3617 3619
f 3618 3619 3620
f 3620 3619 3621
f 3620 3621 3622
f 3620 3622 3623
f 3623 3622 3624
f 3623 3624 3625
f 3625 3624 3626
f 3625 3626 3627
f 3625 3627 3628
f 3628 3627 3629
f 3628 3629 3630
f 3628 3630 3631
f 3631 3630 3632
f 3631 3632 3633
f 3633 3632 3634
f 3633 3634 3635
f 3633 3635 3636
f 3636 3635 3637
f 3636 3637 3638
f 3636 3638 3639
f 3639 3638 3640
f 3639 3640 3641
f 3641 3640 3642
f 3641 3642 3643
f 3641 3643 3644
f 3644 3643 3645
f 3644 3645 3646
f 3644 3646 3647
f 3647 3646 3648
f 3647 3648 3649
f 3647 3649 3650
f 3650 3649 3651
f 3650 3651 3652
f 3652 3651 3653
f 3652 3653 3654
f 3652 3654 3655
f 3655 3654 3656
f 3655 3656 3657
f 3655 3657 3658
f 3658 3657 3659
f 3658 3659 3660
f 3658 3660 3661
f 3661 3660 3662
f 3661 3662 3663
f 3661 3663 3664
f 3664 3663 3665
f 3664 3665 3666
f 3664 3666 3667
f 3667 3666 3668
f 3667 3668 3669
f 3667 3669 3670
f 3670 3669 3671
f 3670 3671 3672
f 3670 3672 3673
f 3670 3673 3674
f 3674 3673 3675
f 3674 3675 3676
f 3674 3676 3677
f 3677 3676 3678
f 3677 3678 3679
f 3677 3679 3680
f 3680 3679 3681
f 3680 3681 3682
f 3680 3682 3683
f 3680 3683 3684
f 3684 3683 3685
f 3684 3685 3686
f 3684 3686 3687
f 3687 3686 3688
f 3687 3688 3689
f 3687 3689 3690
f 3687 3690 3691
f 3691 3690 3692
f 3691 3692 3693
f 3691 3693 3694
f 3691 3694 3695
f 3695 3694 3696
f 3695 3696 3697
f 3695 3697 3698
f 3695 3698 3699
f 3699 3698 3700
f 3699 3700 3701
f 3699 3701 3702
f 3699 3702 3703
f 3703 3702 3704
f 3703 3704 3705
f 3703 3705 3706
f 3703 3706 3707
f 3707 3706 3708
f 3707 3708 3709
f 3707 3709 3710
f 3707 3710 3711
f 3707 3711 3712
f 3712 3711 3713
f 3712 3713 3714
f 3712 3714 3715
f 3712 3715 3716
f 3716 3715 3717
f 3716 3717 3718
f 3716 3718 3719
f 3716 3719 3720
f 3716 3720 3721
f 3716 3721 3722
f 3722 3721 3723
f 3722 3723 3724
f 3722 3724 3725
f 3722 3725 3726
f 3722 3726 3727
f 3722 3727 3728
f 3728 3727 3729
f 3728 3729 3730
f 3728 3730 3731
f 3728 3731 3732
f 3728 3732 3733
f 3728 3733 3734
f 3728 3734 3735
f 3728 3735 3736
f 3736 3735 3737
f 3736 3737 3738
f 3736 3738 3739
f 3736 3739 3740
f 3736 3740 3741
f 3736 3741 3742
f 3736 3742 3743
f 3743 3742 3744
f 3743 3744 3745
f 3743 3745 3746
f 3743 3746 3747
f 3743 3747 3748
f 3743 3748 3749
f 3749 3748 3750
f 3749 3750 3751
f 3749 3751 3752
f 3749 3752 3753
f 3749 3753 3754
f 3754 3753 3755
f 3754 3755 3756
f 3754 3756 3757
f 3754 3757 3758
f 3758 3757 3759
f 3758 3759 3760
f 3758 3760 3761
f 3758 3761 3762
f 3762 3761 3763
f 3762 3763 3764
f 3762 3764 3765
f 3762 3765 3766
f 3762 3766 3767
f 3767 3766 3768
f 3767 3768 3769
f 3767 3769 3770
f 3767 3770 3771
f 3767 3771 3772
f 3772 3771 3773
f 3772 3773 3774
f 3772 3774 3775
f 3772 3775 3776
f 3776 3775 3777
f 3776 3777 3778
f 3776 3778 3779
f 3776 3779 3780
f 3780 3779 3781
f 3780 3781 3782
f 3780 3782 3783
f 3780 3783 3784
f 3784 3783 3785
f 3784 3785 3786
f 3784 3786 3787
f 3784 3787 3788
f 3784 3788 3789
f 3789 3788 3790
f 3789 3790 3791
f 3789 3791 3792
f 3789 3792 3793
f 3793 3792 3794
f 3793 3794 3795
f 3793 3795 3796
f 3793 3796 3797
f 3793 3797 3798
f 3798 3797 3799
f 3798 3799 3800
f 3798 3800 3801
f 3798 3801 3802
f 3798 3802 3803
f 3803 3802 3804
f 3803 3804 3805
f 3803 3805 3806
f 3803 3806 3807
f 3807 3806 3808
f 3807 3808 3809
f 3807 3809 3810
f 3807 3810 3811
f 3811 3810 3812
f 3811 3812 3813
f 3811 3813 3814
f 3811 3814 3815
f 3815 3814 3816
f 3815 3816 3817
f 3815 3817 3818
f 3815 3818 3819
f 3819 3818 3820
f 3819 3820 3821
f 3819 3821 3822
f 3819 3822 3823
f 3823 3822 3824
f 3823 3824 3825
f 3823 3825 3826
f 3823 3826 3827
f 3827 3826 3828
f 3827 3828 3829
f 3827 3829 3830
f 3830 3829 3831
f 3830 3831 3832
f 3830 3832 3833
f 3830 3833 3834
f 3834 3833 3835
f 3834 3835 3836
f 3834 3836 3837
f 3837 3836 3838
f 3837 3838 3839
f 3837 3839 3840
f 3837 3840 3841
f 3841 3840 3842
f 3841 3842 3843
f 3841 3843 3844
f 3844 3843 3845
f 3844 3845 3846
f 3844 3846 3847
f 3847 3846 3848
f 3847 3848 3849
f 3847 3849 3850
f 3850 3849 3851
f 3850 3851 3852
f 3850 3852 3853
f 3853 3852 3854
f 3853 3854 3855
f 3853 3855 3856
f 3853 3856 3857
f 3857 3856 3858
f 3857 3858 3859
f 3857 3859 3860
f 3860 3859 3861
f 3860 3861 3862
f 3860 3862 3863
f 3863 3862 3864
f 3863 3864 3865
f 3865 3864 3866
f 3865 3866 3867
f 3865 3867 3868
f 3868 3867 3869
f 3868 3869 3870
f 3868 3870 3871
f 3871 3870 3872
f 3871 3872 3873
f 3871 3873 3874
f 3874 3873 3875
f 3874 3875 3876
f 3876 3875 3877
f 3876 3877 3878
f 3878 3877 3879
f 3879 3877 3880
f 3879 3880 3881
f 3881 3880 3882
f 3881 3882 3883
f 3883 3882 3884
f 3883 3884 3885
f 3885 3884 3886
f 3885 3886 3887
f 3887 3886 3888
f 3888 3886 3889
f 3888 3889 3890
f 3890 3889 3891
f 3890 3891 3892
f 3892 3891 3893
f 3892 3893 3894
f 3894 3893 3895
f 3894 3895 3896
f 3896 3895 3897
f 3897 3895 3898
f 3897 3898 3899
f 3899 3898 3900
f 3899 3900 2214
f 2214 3900 2212
f 3901 3902 3903
f 3904 3902 3901
f 3905 3901 3903
f 3905 3903 3906
f 3905 3906 3907
f 3907 3906 3908
f 3907 3908 3909
f 3909 3908 3910
f 3909 3910 3911
f 3911 3910 3912
f 3911 3912 3913
f 3913 3912 3914
f 3913 3914 3915
f 3915 3914 3916
f 3915 3916 3917
f 3917 3916 3918
f 3917 3918 3919
f 3919 3918 3920
f 3919 3920 3921
f 3921 3920 3922
f 3921 3922 3923
f 3923 3922 3924
f 3923 3924 3925
f 3925 3924 3926
f 3925 3926 3927
f 3927 3926 3928
f 3927 3928 3929
f 3929 3928 3930
f 3929 3930 3931
f 3931 3930 3932
f 3931 3932 3933
f 3933 3932 3934
f 3933 3934 3935
f 3935 3934 3936
f 3935 3936 3937
f 3937 3936 3938
f 3937 3938 3939
f 3939 3938 3940
f 3939 3940 3941
f 3941 3940 3942
f 3941 3942 3943
f 3943 3942 3944
f 3943 3944 3945
f 3945 3944 3946
f 3945 3946 3947
f 3947 3946 3948
f 3947 3948 3949
f 3949 3948 3950
f 3949 3950 3951
f 3951 3950 3952
f 3951 3952 3953
f 3953 3952 3954
f 3953 3954 3955
f 3955 3954 3956
f 3955 3956 3904
f 3904 3956 3902
f 3957 3958 3959
f 3960 3958 3957
f 3961 3957 3959
f 3961 3959 3962
f 3961 3962 3963
f 3963 3962 3964
f 3963 3964 3965
f 3965 3964 3966
f 3965 3966 3967
f 3967 3966 3968
f 3967 3968 3969
f 3969 3968 3970
f 3969 3970 3971
f 3971 3970 3972
f 3971 3972 3973
f 3973 3972 3974
f 3973 3974 3975
f 3975 3974 3976
f 3975 3976 3977
f 3977 3976 3978
f 3977 3978 3979
f 3979 3978 3980
f 3979 3980 3981
f 3981 3980 3982
f 3981 3982 3983
f 3983 3982 3984
f 3983 3984 3985
f 3985 3984 3986
f 3985 3986 3987
f 3987 3986 3988
f 3987 3988 3989
f 3989 3988 3990
f 3989 3990 3991
f 3991 3990 3992
f 3991 3992 3960
f 3960 3992 3958
f 3993 3994 3995
f 3996 3994 3993
f 3997 3993 3995
f 3997 3995 3998
f 3997 3998 3999
f 3999 3998 4000
f 3999 4000 4001
f 4001 4000 4002
f 4001 4002 4003
f 4003 4002 4004
f 4003 4004 4005
f 4005 4004 4006
f 4005 4006 4007
f 4007 4006 4008
f 4007 4008 4009
f 4009 4008 4010
f 4009 4010 4011
f 4011 4010 4012
f 4011 4012 4013
f 4013 4012 4014
f 4013 4014 4015
f 4015 4014 4016
f 4015 4016 4017
f 4017 4016 4018
f 4017 4018 4019
f 4019 4018 4020
f 4019 4020 4021
f 4021 4020 4022
f 4021 4022 4023
f 4023 4022 4024
f 4023 4024 4025
f 4025 4024 4026
f 4025 4026 4027
f 4027 4026 4028
f 4027 4028 3996
f 3996 4028 3994
f 4029 4030 4031
f 4032 4030 4029
f 4033 4029 4031
f 4033 4031 4034
f 4033 4034 4035
f 4035 4034 4036
f 4035 4036 4037
f 4037 4036 4038
f 4037 4038 4039
f 4039 4038 4040
f 4039 4040 4041
f 4041 4040 4042
f 4041 4042 4043
f 4043 4042 4044
f 4043 4044 4045
f 4045 4044 4046
f 4045 4046 4047
f 4047 4046 4048
f 4047 4048 4049
f 4049 4048 4050
f 4049 4050 4051
f 4051 4050 4052
f 4051 4052 4053
f 4053 4052 4054
f 4053 4054 4055
f 4055 4054 4056
f 4055 4056 4057
f 4057 4056 4058
f 4057 4058 4059
f 4059 4058 4060
f 4059 4060 4061
f 4061 4060 4062
f 4061 4062 4063
f 4063 4062 4064
f 4063 4064 4032
f 4032 4064 4030
f 4065 4066 4067
f 4068 4066 4065
f 4069 4065 4067
f 4069 4067 4070
f 4069 4070 4071
f 4071 4070 4072
f 4071 4072 4073
f 4073 4072 4074
f 4073 4074 4075
f 4075 4074 4076
f 4075 4076 4077
f 4077 4076 4078
f 4077 4078 4079
f 4079 4078 4080
f 4079 4080 4081
f 4081 4080 4082
f 4081 4082 4083
f 4083 4082 4084
f 4083 4084 4085
f 4085 4084 4086
f 4085 4086 4087
f 4087 4086 4088
f 4087 4088 4089
f 4089 4088 4090
f 4089 4090 4091
f 4091 4090 4092
f 4091 4092 4093
f 4093 4092 4094
f 4093 4094 4095
f 4095 4094 4096
f 4095 4096 4097
f 4097 4096 4098
f 4097 4098 4099
f 4099 4098 4100
f 4099 4100 4068
f 4068 4100 4066
f 4101 4102 4103
f 4104 4102 4101
f 4101 4103 4105
f 4105 4103 4106
f 4106 4103 4107
f 4106 4107 4108
f 4108 4107 4109
f 4108 4109 4110
f 4110 4109 4111
f 4111 4109 4112
f 4111 4112 4113
f 4113 4112 4114
f 4113 4114 4115
f 4115 4114 4116
f 4116 4114 4117
f 4116 4117 4118
f 4118 4117 4119
f 4118 4119 4120
f 4120 4119 4121
f 4120 4121 4122
f 4122 4121 4123
f 4122 4123 4124
f 4124 4123 4125
f 4124 4125 4126
f 4126 4125 4127
f 4126 4127 4128
f 4128 4127 4129
f 4128 4129 4130
f 4130 4129 4131
f 4130 4131 4132
f 4132 4131 4133
f 4132 4133 4134
f 4134 4133 4135
f 4134 4135 4136
f 4136 4135 4137
f 4136 4137 4138
f 4138 4137 4139
f 4138 4139 4140
f 4140 4139 4141
f 4140 4141 4142
f 4142 4141 4143
f 4142 4143 4144
f 4144 4143 4145
f 4144 4145 4146
f 4146 4145 4147
f 4146 4147 4148
f 4148 4147 4149
f 4148 4149 4150
f 4150 4149 4151
f 4150 4151 4152
f 4152 4151 4153
f 4152 4153 4154
f 4154 4153 4155
f 4154 4155 4156
f 4156 4155 4157
f 4156 4157 4158
f 4158 4157 4159
f 4158 4159 4160
f 4160 4159 4161
f 4160 4161 4162
f 4162 4161 4163
f 4162 4163 4164
f 4164 4163 4165
f 4164 4165 4166
f 4166 4165 4167
f 4166 4167 4168
f 4168 4167 4169
f 4168 4169 4170
f 4170 4169 4171
f 4170 4171 4172
f 4172 4171 4173
f 4172 4173 4174
f 4174 4173 4175
f 4174 4175 4176
f 4176 4175 4177
f 4176 4177 4178
f 4178 4177 4179
f 4178 4179 4180
f 4180 4179 4181
f 4180 4181 4182
f 4182 4181 4183
f 4182 4183 4184
f 4184 4183 4185
f 4184 4185 4186
f 4186 4185 4187
f 4186 4187 4188
f 4188 4187 4189
f 4188 4189 4190
f 4190 4189 4191
f 4190 4191 4192
f 4192 4191 4193
f 4192 4193 4194
f 4194 4193 4195
f 4194 4195 4196
f 4196 4195 4197
f 4196 4197 4198
f 4198 4197 4199
f 4198 4199 4200
f 4200 4199 4201
f 4200 4201 4202
f 4202 4201 4203
f 4202 4203 4204
f 4204 4203 4205
f 4204 4205 4206
f 4206 4205 4207
f 4206 4207 4208
f 4208 4207 4209
f 4208 4209 4210
f 4210 4209 4211
f 4210 4211 4212
f 4212 4211 4213
f 4212 4213 4214
f 4214 4213 4215
f 4214 4215 4216
f 4216 4215 4217
f 4216 4217 4218
f 4218 4217 4219
f 4218 4219 4220
f 4220 4219 4221
f 4220 4221 4222
f 4222 4221 4223
f 4222 4223 4224
f 4224 4223 4225
f 4224 4225 4226
f 4226 4225 4227
f 4226 4227 4228
f 4228 4227 4229
f 4228 4229 4230
f 4230 4229 4231
f 4230 4231 4232
f 4232 4231 4233
f 4232 4233 4234
f 4234 4233 4235
f 4234 4235 4236
f 4236 4235 4237
f 4236 4237 4238
f 4238 4237 4239
f 4238 4239 4240
f 4240 4239 4241
f 4240 4241 4242
f 4242 4241 4243
f 4242 4243 4244
f 4244 4243 4245
f 4244 4245 4246
f 4246 4245 4247
f 4246 4247 4248
f 4248 4247 4249
f 4248 4249 4250
f 4250 4249 4251
f 4250 4251 4252
f 4252 4251 4253
f 4252 4253 4254
f 4254 4253 4255
f 4254 4255 4256
f 4256 4255 4257
f 4256 4257 4258
f 4258 4257 4259
f 4258 4259 4260
f 4260 4259 4261
f 4260 4261 4262
f 4262 4261 4263
f 4262 4263 4264
f 4264 4263 4265
f 4264 4265 4266
f 4266 4265 4267
f 4266 4267 4268
f 4268 4267 4269
f 4268 4269 4270
f 4270 4269 4271
f 4270 4271 4272
f 4272 4271 4273
f 4272 4273 4274
f 4274 4273 4275
f 4274 4275 4276
f 4276 4275 4277
f 4276 4277 4278
f 4278 4277 4279
f 4278 4279 4280
f 4280 4279 4281
f 4280 4281 4282
f 4282 4281 4283
f 4282 4283 4284
f 4284 4283 4285
f 4284 4285 4286
f 4286 4285 4287
f 4286 4287 4288
f 4288 4287 4289
f 4288 4289 4290
f 4290 4289 4291
f 4290 4291 4292
f 4292 4291 4293
f 4292 4293 4294
f 4294 4293 4295
f 4294 4295 4296
f 4296 4295 4297
f 4296 4297 4298
f 4298 4297 4299
f 4298 4299 4300
f 4300 4299 4301
f 4300 4301 4302
f 4302 4301 4303
f 4302 4303 4304
f 4304 4303 4305
f 4304 4305 4306
f 4306 4305 4307
f 4306 4307 4308
f 4308 4307 4309
f 4308 4309 4310
f 4310 4309 4311
f 4310 4311 4312
f 4312 4311 4313
f 4312 4313 4314
f 4314 4313 4315
f 4314 4315 4316
f 4316 4315 4317
f 4316 4317 4318
f 4318 4317 4319
f 4318 4319 4320
f 4320 4319 4321
f 4320 4321 4322
f 4322 4321 4323
f 4322 4323 4324
f 4324 4323 4325
f 4324 4325 4326
f 4326 4325 4327
f 4326 4327 4328
f 4328 4327 4329
f 4328 4329 4330
f 4330 4329 4331
f 4330 4331 4332
f 4332 4331 4333
f 4332 4333 4334
f 4334 4333 4335
f 4336 4334 4335
f 4336 4335 4337
f 4336 4337 4338
f 4338 4337 4339
f 4338 4339 4340
f 4340 4339 4341
f 4340 4341 4342
f 4342 4341 4343
f 4342 4343 4344
f 4344 4343 4345
f 4344 4345 4346
f 4346 4345 4347
f 4346 4347 4348
f 4348 4347 4349
f 4348 4349 4350
f 4350 4349 4351
f 4350 4351 4352
f 4352 4351 4353
f 4352 4353 4354
f 4354 4353 4355
f 4354 4355 4356
f 4356 4355 4357
f 4356 4357 4358
f 4358 4357 4359
f 4358 4359 4360
f 4360 4359 4361
f 4360 4361 4362
f 4362 4361 4363
f 4362 4363 4364
f 4364 4363 4365
f 4364 4365 4366
f 4366 4365 4367
f 4366 4367 4368
f 4368 4367 4369
f 4368 4369 4370
f 4370 4369 4371
f 4370 4371 4372
f 4372 4371 4373
f 4372 4373 4374
f 4374 4373 4375
f 4374 4375 4376
f 4376 4375 4377
f 4376 4377 4378
f 4378 4377 4379
f 4378 4379 4380
f 4380 4379 4381
f 4380 4381 4382
f 4382 4381 4383
f 4382 4383 4384
f 4384 4383 4385
f 4384 4385 4386
f 4386 4385 4387
f 4386 4387 4388
f 4388 4387 4389
f 4388 4389 4390
f 4390 4389 4391
f 4390 4391 4392
f 4392 4391 4393
f 4392 4393 4394
f 4394 4393 4395
f 4394 4395 4396
f 4396 4395 4397
f 4396 4397 4398
f 4398 4397 4399
f 4398 4399 4400
f 4400 4399 4401
f 4400 4401 4402
f 4402 4401 4403
f 4402 4403 4404
f 4404 4403 4405
f 4404 4405 4406
f 4406 4405 4407
f 4406 4407 4408
f 4408 4407 4409
f 4408 4409 4410
f 4410 4409 4411
f 4410 4411 4412
f 4412 4411 4413
f 4412 4413 4414
f 4414 4413 4415
f 4414 4415 4416
f 4416 4415 4417
f 4416 4417 4418
f 4418 4417 4419
f 4418 4419 4420
f 4420 4419 4421
f 4420 4421 4422
f 4422 4421 4423
f 4422 4423 4424
f 4424 4423 4425
f 4424 4425 4426
f 4426 4425 4427
f 4426 4427 4428
f 4428 4427 4429
f 4428 4429 4430
f 4430 4429 4431
f 4430 4431 4432
f 4432 4431 4433
f 4432 4433 4434
f 4434 4433 4435
f 4434 4435 4436
f 4436 4435 4437
f 4436 4437 4438
f 4438 4437 4439
f 4438 4439 4440
f 4440 4439 4441
f 4440 4441 4442
f 4442 4441 4443
f 4442 4443 4444
f 4444 4443 4445
f 4444 4445 4446
f 4446 4445 4447
f 4446 4447 4448
f 4448 4447 4449
f 4448 4449 4450
f 4450 4449 4451
f 4450 4451 4452
f 4452 4451 4453
f 4452 4453 4454
f 4454 4453 4455
f 4454 4455 4456
f 4456 4455 4457
f 4456 4457 4458
f 4458 4457 4459
f 4458 4459 4460
f 4460 4459 4461
f 4460 4461 4462
f 4462 4461 4463
f 4462 4463 4464
f 4464 4463 4465
f 4464 4465 4466
f 4466 4465 4467
f 4466 4467 4468
f 4468 4467 4469
f 4468 4469 4470
f 4470 4469 4471
f 4470 4471 4472
f 4472 4471 4473
f 4472 4473 4474
f 4474 4473 4475
f 4474 4475 4476
f 4476 4475 4477
f 4476 4477 4478
f 4478 4477 4479
f 4478 4479 4480
f 4480 4479 4481
f 4480 4481 4482
f 4482 4481 4483
f 4482 4483 4484
f 4484 4483 4485
f 4484 4485 4486
f 4486 4485 4487
f 4486 4487 4488
f 4488 4487 4489
f 4488 4489 4490
f 4490 4489 4491
f 4490 4491 4492
f 4490 4492 4493
f 4493 4492 4494
f 4493 4494 4495
f 4495 4494 4496
f 4495 4496 4497
f 4497 4496 4498
f 4497 4498 4499
f 4499 4498 4500
f 4499 4500 4501
f 4501 4500 4502
f 4501 4502 4503
f 4503 4502 4504
f 4503 4504 4505
f 4505 4504 4506
f 4505 4506 4507
f 4507 4506 4508
f 4507 4508 4509
f 4509 4508 4510
f 4509 4510 4511
f 4511 4510 4512
f 4511 4512 4513
f 4513 4512 4514
f 4513 4514 4515
f 4515 4514 4516
f 4515 4516 4517
f 4517 4516 4518
f 4517 4518 4519
f 4519 4518 4520
f 4519 4520 4521
f 4521 4520 4522
f 4521 4522 4523
f 4523 4522 4524
f 4523 4524 4525
f 4525 4524 4526
f 4525 4526 4527
f 4527 4526 4528
f 4527 4528 4529
f 4529 4528 4530
f 4529 4530 4531
f 4531 4530 4532
f 4531 4532 4533
f 4533 4532 4534
f 4533 4534 4535
f 4535 4534 4536
f 4535 4536 4537
f 4537 4536 4538
f 4537 4538 4539
f 4539 4538 4540
f 4539 4540 4541
f 4541 4540 4542
f 4541 4542 4543
f 4543 4542 4544
f 4543 4544 4545
f 4545 4544 4546
f 4545 4546 4547
f 4547 4546 4548
f 4547 4548 4549
f 4549 4548 4550
f 4549 4550 4551
f 4551 4550 4552
f 4551 4552 4553
f 4553 4552 4554
f 4553 4554 4555
f 4555 4554 4556
f 4555 4556 4557
f 4557 4556 4558
f 4557 4558 4559
f 4559 4558 4560
f 4559 4560 4561
f 4561 4560 4562
f 4561 4562 4563
f 4563 4562 4564
f 4563 4564 4565
f 4565 4564 4566
f 4565 4566 4567
f 4567 4566 4568
f 4567 4568 4569
f 4569 4568 4570
f 4569 4570 4571
f 4571 4570 4572
f 4571 4572 4573
f 4573 4572 4574
f 4573 4574 4575
f 4575 4574 4576
f 4575 4576 4577
f 4577 4576 4578
f 4577 4578 4579
f 4579 4578 4580
f 4579 4580 4581
f 4581 4580 4582
f 4581 4582 4583
f 4583 4582 4584
f 4583 4584 4585
f 4585 4584 4586
f 4585 4586 4587
f 4587 4586 4588
f 4587 4588 4589
f 4589 4588 4590
f 4589 4590 4591
f 4591 4590 4592
f 4591 4592 4593
f 4593 4592 4594
f 4593 4594 4595
f 4595 4594 4596
f 4595 4596 4597
f 4597 4596 4598
f 4597 4598 4599
f 4599 4598 4600
f 4599 4600 4601
f 4601 4600 4602
f 4601 4602 4603
f 4603 4602 4604
f 4603 4604 4605
f 4605 4604 4606
f 4605 4606 4607
f 4607 4606 4608
f 4607 4608 4609
f 4609 4608 4610
f 4609 4610 4611
f 4611 4610 4612
f 4611 4612 4613
f 4613 4612 4614
f 4613 4614 4615
f 4615 4614 4616
f 4615 4616 4617
f 4617 4616 4618
f 4617 4618 4619
f 4619 4618 4620
f 4619 4620 4621
f 4621 4620 4622
f 4621 4622 4623
f 4623 4622 4624
f 4623 4624 4625
f 4625 4624 4626
f 4625 4626 4627
f 4627 4626 4628
f 4627 4628 4629
f 4629 4628 4630
f 4629 4630 4631
f 4631 4630 4632
f 4631 4632 4633
f 4633 4632 4634
f 4633 4634 4635
f 4635 4634 4636
f 4635 4636 4637
f 4637 4636 4638
f 4637 4638 4639
f 4639 4638 4640
f 4639 4640 4641
f 4641 4640 4642
f 4641 4642 4643
f 4643 4642 4644
f 4643 4644 4645
f 4645 4644 4646
f 4645 4646 4647
f 4647 4646 4648
f 4647 4648 4649
f 4649 4648 4650
f 4649 4650 4651
f 4651 4650 4652
f 4651 4652 4104
f 4104 4652 4102
f 4653 4654 4655
f 4656 4654 4653
f 4653 4655 4657
f 4657 4655 4658
f 4657 4658 4659
f 4659 4658 4660
f 4659 4660 4661
f 4661 4660 4662
f 4661 4662 4663
f 4663 4662 4664
f 4663 4664 4665
f 4665 4664 4666
f 4665 4666 4667
f 4667 4666 4668
f 4667 4668 4669
f 4669 4668 4670
f 4669 4670 4671
f 4671 4670 4672
f 4671 4672 4673
f 4671 4673 4674
f 4674 4673 4675
f 4674 4675 4676
f 4676 4675 4677
f 4676 4677 4678
f 4678 4677 4679
f 4678 4679 4680
f 4680 4679 4681
f 4680 4681 4682
f 4682 4681 4683
f 4682 4683 4684
f 4684 4683 4685
f 4684 4685 4686
f 4686 4685 4687
f 4686 4687 4688
f 4688 4687 4689
f 4688 4689 4690
f 4688 4690 4691
f 4691 4690 4692
f 4691 4692 4693
f 4693 4692 4694
f 4693 4694 4695
f 4695 4694 4696
f 4696 4694 4697
f 4696 4697 4698
f 4698 4697 4699
f 4698 4699 4700
f 4700 4699 4701
f 4700 4701 4702
f 4702 4701 4703
f 4702 4703 4704
f 4704 4703 4705
f 4704 4705 4706
f 4704 4706 4707
f 4707 4706 4708
f 4707 4708 4709
f 4709 4708 4710
f 4709 4710 4711
f 4711 4710 4712
f 4712 4710 4713
f 4712 4713 4714
f 4714 4713 4715
f 4714 4715 4716
f 4716 4715 4717
f 4716 4717 4718
f 4718 4717 4719
f 4718 4719 4720
f 4720 4719 4721
f 4720 4721 4722
f 4722 4721 4723
f 4722 4723 4724
f 4724 4723 4725
f 4724 4725 4726
f 4726 4725 4727
f 4726 4727 4728
f 4728 4727 4729
f 4729 4727 4730
f 4729 4730 4731
f 4731 4730 4732
f 4731 4732 4733
f 4733 4732 4734
f 4733 4734 4735
f 4735 4734 4736
f 4735 4736 4737
f 4737 4736 4738
f 4737 4738 4739
f 4739 4738 4740
f 4739 4740 4741
f 4741 4740 4742
f 4741 4742 4743
f 4743 4742 4744
f 4743 4744 4745
f 4745 4744 4746
f 4745 4746 4747
f 4747 4746 4748
f 4747 4748 4749
f 4749 4748 4750
f 4749 4750 4751
f 4751 4750 4752
f 4751 4752 4753
f 4753 4752 4754
f 4753 4754 4755
f 4755 4754 4756
f 4755 4756 4757
f 4757 4756 4758
f 4757 4758 4759
f 4759 4758 4760
f 4759 4760 4761
f 4761 4760 4762
f 4761 4762 4763
f 4763 4762 4764
f 4763 4764 4765
f 4765 4764 4766
f 4765 4766 4767
f 4767 4766 4768
f 4767 4768 4769
f 4769 4768 4770
f 4769 4770 4771
f 4771 4770 4772
f 4771 4772 4773
f 4773 4772 4774
f 4773 4774 4775
f 4775 4774 4776
f 4775 4776 4777
f 4777 4776 4778
f 4777 4778 4779
f 4779 4778 4780
f 4779 4780 4781
f 4781 4780 4782
f 4781 4782 4783
f 4783 4782 4784
f 4783 4784 4785
f 4785 4784 4786
f 4785 4786 4787
f 4787 4786 4788
f 4787 4788 4789
f 4789 4788 4790
f 4789 4790 4791
f 4791 4790 4792
f 4791 4792 4793
f 4793 4792 4794
f 4793 4794 4795
f 4795 4794 4796
f 4795 4796 4797
f 4797 4796 4798
f 4797 4798 4799
f 4799 4798 4800
f 4799 4800 4801
f 4801 4800 4802
f 4801 4802 4803
f 4803 4802 4804
f 4803 4804 4805
f 4805 4804 4806
f 4805 4806 4807
f 4807 4806 4808
f 4807 4808 4809
f 4809 4808 4810
f 4809 4810 4811
f 4811 4810 4812
f 4811 4812 4813
f 4813 4812 4814
f 4813 4814 4815
f 4815 4814 4816
f 4815 4816 4817
f 4817 4816 4818
f 4817 4818 4819
f 4819 4818 4820
f 4819 4820 4821
f 4821 4820 4822
f 4821 4822 4823
f 4823 4822 4824
f 4823 4824 4825
f 4825 4824 4826
f 4825 4826 4827
f 4827 4826 4828
f 4827 4828 4829
f 4829 4828 4830
f 4831 4829 4830
f 4831 4830 4832
f 4831 4832 4833
f 4833 4832 4834
f 4833 4834 4835
f 4835 4834 4836
f 4835 4836 4837
f 4837 4836 4838
f 4837 4838 4839
f 4839 4838 4840
f 4839 4840 4841
f 4841 4840 4842
f 4841 4842 4843
f 4843 4842 4844
f 4843 4844 4845
f 4845 4844 4846
f 4845 4846 4847
f 4847 4846 4848
f 4847 4848 4849
f 4849 4848 4850
f 4849 4850 4851
f 4851 4850 4852
f 4851 4852 4853
f 4853 4852 4854
f 4853 4854 4855
f 4855 4854 4856
f 4855 4856 4857
f 4857 4856 4858
f 4857 4858 4859
f 4859 4858 4860
f 4859 4860 4861
f 4861 4860 4862
f 4861 4862 4863
f 4863 4862 4864
f 4863 4864 4865
f 4865 4864 4866
f 4865 4866 4867
f 4867 4866 4868
f 4867 4868 4869
f 4869 4868 4870
f 4869 4870 4871
f 4871 4870 4872
f 4871 4872 4873
f 4873 4872 4874
f 4873 4874 4875
f 4875 4874 4876
f 4875 4876 4877
f 4877 4876 4878
f 4877 4878 4879
f 4879 4878 4880
f 4879 4880 4881
f 4881 4880 4882
f 4881 4882 4883
f 4883 4882 4884
f 4883 4884 4885
f 4885 4884 4886
f 4885 4886 4887
f 4887 4886 4888
f 4887 4888 4889
f 4889 4888 4890
f 4889 4890 4891
f 4891 4890 4892
f 4891 4892 4893
f 4893 4892 4894
f 4893 4894 4895
f 4895 4894 4896
f 4895 4896 4897
f 4897 4896 4898
f 4897 4898 4899
f 4899 4898 4900
f 4899 4900 4901
f 4901 4900 4902
f 4901 4902 4903
f 4903 4902 4904
f 4903 4904 4905
f 4905 4904 4906
f 4905 4906 4907
f 4907 4906 4908
f 4907 4908 4909
f 4909 4908 4910
f 4909 4910 4911
f 4911 4910 4912
f 4911 4912 4913
f 4913 4912 4914
f 4913 4914 4915
f 4915 4914 4916
f 4915 4916 4917
f 4917 4916 4918
f 4917 4918 4919
f 4919 4918 4920
f 4919 4920 4921
f 4921 4920 4922
f 4921 4922 4923
f 4923 4922 4924
f 4923 4924 4925
f 4925 4924 4926
f 4925 4926 4927
f 4927 4926 4928
f 4927 4928 4929
f 4929 4928 4930
f 4929 4930 4931
f 4931 4930 4932
f 4931 4932 4933
f 4933 4932 4934
f 4933 4934 4935
f 4935 4934 4936
f 4935 4936 4937
f 4937 4936 4938
f 4937 4938 4939
f 4939 4938 4940
f 4939 4940 4941
f 4941 4940 4942
f 4941 4942 4943
f 4943 4942 4944
f 4943 4944 4945
f 4945 4944 4946
f 4945 4946 4947
f 4947 4946 4948
f 4947 4948 4949
f 4949 4948 4950
f 4949 4950 4951
f 4951 4950 4952
f 4951 4952 4953
f 4953 4952 4954
f 4953 4954 4955
f 4955 4954 4956
f 4955 4956 4957
f 4957 4956 4958
f 4957 4958 4959
f 4959 4958 4960
f 4959 4960 4961
f 4961 4960 4962
f 4961 4962 4963
f 4963 4962 4964
f 4963 4964 4965
f 4965 4964 4966
f 4965 4966 4967
f 4967 4966 4968
f 4967 4968 4969
f 4969 4968 4970
f 4969 4970 4971
f 4971 4970 4972
f 4971 4972 4973
f 4973 4972 4974
f 4973 4974 4975
f 4975 4974 4976
f 4975 4976 4977
f 4977 4976 4978
f 4977 4978 4979
f 4979 4978 4980
f 4979 4980 4981
f 4981 4980 4982
f 4981 4982 4983
f 4983 4982 4984
f 4983 4984 4985
f 4985 4984 4986
f 4985 4986 4987
f 4987 4986 4988
f 4987 4988 4989
f 4989 4988 4990
f 4989 4990 4991
f 4991 4990 4992
f 4991 4992 4993
f 4993 4992 4994
f 4993 4994 4995
f 4995 4994 4996
f 4995 4996 4997
f 4997 4996 4998
f 4997 4998 4999
f 4999 4998 5000
f 4999 5000 5001
f 5001 5000 5002
f 5001 5002 5003
f 5003 5002 5004
f 5003 5004 5005
f 5005 5004 5006
f 5005 5006 5007
f 5007 5006 5008
f 5007 5008 5009
f 5009 5008 5010
f 5009 5010 5011
f 5011 5010 5012
f 5011 5012 5013
f 5013 5012 5014
f 5013 5014 5015
f 5015 5014 5016
f 5015 5016 5017
f 5017 5016 5018
f 5017 5018 5019
f 5019 5018 5020
f 5019 5020 5021
f 5021 5020 5022
f 5021 5022 5023
f 5023 5022 5024
f 5023 5024 5025
f 5025 5024 5026
f 5025 5026 5027
f 5027 5026 5028
f 5027 5028 5029
f 5029 5028 5030
f 5029 5030 5031
f 5031 5030 5032
f 5031 5032 5033
f 5033 5032 5034
f 5033 5034 5035
f 5035 5034 5036
f 5035 5036 5037
f 5037 5036 5038
f 5037 5038 5039
f 5039 5038 5040
f 5039 5040 5041
f 5041 5040 5042
f 5041 5042 5043
f 5043 5042 5044
f 5043 5044 5045
f 5045 5044 5046
f 5045 5046 5047
f 5047 5046 5048
f 5047 5048 5049
f 5049 5048 5050
f 5049 5050 5051
f 5051 5050 5052
f 5051 5052 5053
f 5053 5052 5054
f 5053 5054 5055
f 5055 5054 5056
f 5055 5056 5057
f 5057 5056 5058
f 5057 5058 5059
f 5059 5058 5060
f 5059 5060 5061
f 5061 5060 5062
f 5061 5062 5063
f 5063 5062 5064
f 5063 5064 5065
f 5065 5064 5066
f 5065 5066 5067
f 5067 5066 5068
f 5067 5068 5069
f 5069 5068 5070
f 5069 5070 5071
f 5071 5070 5072
f 5071 5072 5073
f 5073 5072 5074
f 5073 5074 5075
f 5075 5074 5076
f 5075 5076 4656
f 4656 5076 4654
f 5077 5078 5079
f 5080 5078 5077
f 5077 5079 5081
f 5081 5079 5082
f 5082 5079 5083
f 5082 5083 5084
f 5084 5083 5085
f 5084 5085 5086
f 5086 5085 5087
f 5086 5087 5088
f 5088 5087 5089
f 5088 5089 5090
f 5090 5089 5091
f 5090 5091 5092
f 5092 5091 5093
f 5092 5093 5094
f 5094 5093 5095
f 5094 5095 5096
f 5096 5095 5097
f 5096 5097 5098
f 5098 5097 5099
f 5098 5099 5100
f 5100 5099 5101
f 5100 5101 5102
f 5102 5101 5103
f 5102 5103 5104
f 5104 5103 5105
f 5104 5105 5106
f 5106 5105 5107
f 5106 5107 5108
f 5108 5107 5109
f 5108 5109 5110
f 5110 5109 5111
f 5110 5111 5112
f 5112 5111 5113
f 5112 5113 5114
f 5114 5113 5115
f 5114 5115 5116
f 5116 5115 5117
f 5116 5117 5118
f 5118 5117 5119
f 5118 5119 5120
f 5120 5119 5121
f 5120 5121 5122
f 5122 5121 5123
f 5122 5123 5124
f 5124 5123 5125
f 5124 5125 5126
f 5126 5125 5127
f 5126 5127 5128
f 5126 5128 5129
f 5129 5128 5130
f 5129 5130 5131
f 5131 5130 5132
f 5132 5130 5133
f 5132 5133 5134
f 5134 5133 5135
f 5134 5135 5136
f 5136 5135 5137
f 5136 5137 5138
f 5138 5137 5139
f 5139 5137 5140
f 5139 5140 5141
f 5141 5140 5142
f 5141 5142 5143
f 5143 5142 5144
f 5143 5144 5145
f 5145 5144 5146
f 5145 5146 5147
f 5145 5147 5148
f 5148 5147 5149
f 5148 5149 5150
f 5148 5150 5151
f 5151 5150 5152
f 5151 5152 5153
f 5153 5152 5154
f 5153 5154 5155
f 5153 5155 5156
f 5156 5155 5157
f 5156 5157 5158
f 5158 5157 5159
f 5158 5159 5160
f 5160 5159 5161
f 5160 5161 5162
f 5162 5161 5163
f 5162 5163 5164
f 5164 5163 5165
f 5164 5165 5166
f 5166 5165 5167
f 5166 5167 5168
f 5168 5167 5169
f 5168 5169 5170
f 5170 5169 5171
f 5171 5169 5172
f 5171 5172 5173
f 5173 5172 5174
f 5173 5174 5175
f 5175 5174 5176
f 5175 5176 5177
f 5177 5176 5178
f 5177 5178 5179
f 5179 5178 5180
f 5179 5180 5181
f 5181 5180 5182
f 5181 5182 5183
f 5183 5182 5184
f 5183 5184 5185
f 5185 5184 5186
f 5185 5186 5187
f 5187 5186 5188
f 5188 5186 5189
f 5188 5189 5190
f 5190 5189 5191
f 5190 5191 5192
f 5192 5191 5193
f 5192 5193 5194
f 5194 5193 5195
f 5194 5195 5196
f 5196 5195 5197
f 5196 5197 5198
f 5198 5197 5199
f 5198 5199 5200
f 5200 5199 5201
f 5200 5201 5202
f 5202 5201 5203
f 5202 5203 5204
f 5204 5203 5205
f 5204 5205 5206
f 5206 5205 5207
f 5206 5207 5208
f 5208 5207 5209
f 5208 5209 5210
f 5210 5209 5211
f 5210 5211 5212
f 5212 5211 5213
f 5212 5213 5214
f 5214 5213 5215
f 5214 5215 5216
f 5216 5215 5217
f 5216 5217 5218
f 5218 5217 5219
f 5218 5219 5220
f 5220 5219 5221
f 5220 5221 5222
f 5222 5221 5223
f 5222 5223 5224
f 5224 5223 5225
f 5224 5225 5226
f 5226 5225 5227
f 5226 5227 5228
f 5228 5227 5229
f 5228 5229 5230
f 5230 5229 5231
f 5230 5231 5232
f 5232 5231 5233
f 5232 5233 5234
f 5234 5233 5235
f 5234 5235 5236
f 5236 5235 5237
f 5236 5237 5238
f 5238 5237 5239
f 5238 5239 5240
f 5240 5239 5241
f 5240 5241 5242
f 5242 5241 5243
f 5242 5243 5244
f 5244 5243 5245
f 5244 5245 5246
f 5246 5245 5247
f 5246 5247 5248
f 5248 5247 5249
f 5248 5249 5250
f 5250 5249 5251
f 5250 5251 5252
f 5252 5251 5253
f 5252 5253 5254
f 5254 5253 5255
f 5254 5255 5256
f 5256 5255 5257
f 5258 5256 5257
f 5258 5257 5259
f 5259 5257 5260
f 5259 5260 5261
f 5261 5260 5262
f 5261 5262 5263
f 5263 5262 5264
f 5263 5264 5265
f 5265 5264 5266
f 5266 5264 5267
f 5266 5267 5268
f 5268 5267 5269
f 5269 5267 5270
f 5269 5270 5271
f 5271 5270 5272
f 5272 5270 5273
f 5272 5273 5274
f 5274 5273 5275
f 5274 5275 5276
f 5276 5275 5277
f 5276 5277 5278
f 5278 5277 5279
f 5278 5279 5280
f 5280 5279 5281
f 5280 5281 5282
f 5282 5281 5283
f 5282 5283 5284
f 5284 5283 5285
f 5284 5285 5286
f 5286 5285 5287
f 5286 5287 5288
f 5288 5287 5289
f 5288 5289 5290
f 5290 5289 5291
f 5290 5291 5292
f 5292 5291 5293
f 5292 5293 5294
f 5294 5293 5295
f 5294 5295 5296
f 5296 5295 5297
f 5296 5297 5298
f 5298 5297 5299
f 5298 5299 5300
f 5300 5299 5301
f 5300 5301 5302
f 5302 5301 5303
f 5302 5303 5304
f 5304 5303 5305
f 5304 5305 5306
f 5306 5305 5307
f 5306 5307 5308
f 5308 5307 5309
f 5308 5309 5310
f 5310 5309 5311
f 5310 5311 5312
f 5312 5311 5313
f 5312 5313 5314
f 5314 5313 5315
f 5314 5315 5316
f 5316 5315 5317
f 5316 5317 5318
f 5318 5317 5319
f 5318 5319 5320
f 5320 5319 5321
f 5320 5321 5322
f 5322 5321 5323
f 5322 5323 5324
f 5324 5323 5325
f 5324 5325 5326
f 5326 5325 5327
f 5326 5327 5328
f 5328 5327 5329
f 5328 5329 5330
f 5330 5329 5331
f 5330 5331 5332
f 5332 5331 5333
f 5332 5333 5334
f 5334 5333 5335
f 5334 5335 5336
f 5336 5335 5337
f 5336 5337 5338
f 5338 5337 5339
f 5338 5339 5340
f 5340 5339 5341
f 5340 5341 5342
f 5342 5341 5343
f 5342 5343 5344
f 5344 5343 5345
f 5344 5345 5346
f 5346 5345 5347
f 5346 5347 5348
f 5348 5347 5349
f 5348 5349 5350
f 5350 5349 5351
f 5350 5351 5352
f 5352 5351 5353
f 5352 5353 5354
f 5354 5353 5355
f 5354 5355 5356
f 5356 5355 5357
f 5356 5357 5358
f 5358 5357 5359
f 5358 5359 5360
f 5360 5359 5361
f 5360 5361 5362
f 5362 5361 5363
f 5362 5363 5364
f 5364 5363 5365
f 5364 5365 5366
f 5366 5365 5367
f 5366 5367 5368
f 5368 5367 5369
f 5368 5369 5370
f 5370 5369 5371
f 5370 5371 5372
f 5372 5371 5373
f 5372 5373 5374
f 5374 5373 5375
f 5374 5375 5376
f 5376 5375 5377
f 5376 5377 5378
f 5378 5377 5379
f 5378 5379 5380
f 5380 5379 5381
f 5380 5381 5382
f 5382 5381 5383
f 5382 5383 5384
f 5384 5383 5385
f 5384 5385 5386
f 5386 5385 5387
f 5386 5387 5388
f 5388 5387 5389
f 5388 5389 5390
f 5390 5389 5391
f 5390 5391 5392
f 5392 5391 5393
f 5392 5393 5394
f 5394 5393 5395
f 5394 5395 5396
f 5396 5395 5397
f 5396 5397 5398
f 5398 5397 5399
f 5398 5399 5400
f 5400 5399 5401
f 5400 5401 5402
f 5402 5401 5403
f 5402 5403 5404
f 5404 5403 5405
f 5404 5405 5406
f 5406 5405 5407
f 5406 5407 5408
f 5408 5407 5409
f 5408 5409 5410
f 5410 5409 5411
f 5410 5411 5412
f 5412 5411 5413
f 5412 5413 5414
f 5414 5413 5415
f 5414 5415 5416
f 5416 5415 5417
f 5416 5417 5418
f 5418 5417 5419
f 5418 5419 5420
f 5420 5419 5421
f 5420 5421 5422
f 5422 5421 5423
f 5422 5423 5424
f 5424 5423 5425
f 5424 5425 5426
f 5426 5425 5427
f 5426 5427 5428
f 5428 5427 5429
f 5428 5429 5430
f 5430 5429 5431
f 5430 5431 5432
f 5432 5431 5433
f 5432 5433 5434
f 5434 5433 5435
f 5434 5435 5436
f 5436 5435 5437
f 5436 5437 5438
f 5438 5437 5439
f 5438 5439 5440
f 5440 5439 5441
f 5440 5441 5442
f 5442 5441 5443
f 5442 5443 5444
f 5444 5443 5445
f 5444 5445 5446
f 5446 5445 5447
f 5446 5447 5448
f 5448 5447 5449
f 5448 5449 5450
f 5450 5449 5451
f 5450 5451 5452
f 5452 5451 5453
f 5452 5453 5454
f 5454 5453 5455
f 5454 5455 5456
f 5456 5455 5457
f 5456 5457 5458
f 5458 5457 5459
f 5458 5459 5460
f 5460 5459 5461
f 5460 5461 5462
f 5462 5461 5463
f 5462 5463 5464
f 5464 5463 5465
f 5464 5465 5466
f 5466 5465 5467
f 5466 5467 5468
f 5468 5467 5469
f 5468 5469 5470
f 5470 5469 5471
f 5470 5471 5472
f 5472 5471 5473
f 5472 5473 5474
f 5474 5473 5475
f 5474 5475 5476
f 5476 5475 5477
f 5476 5477 5478
f 5478 5477 5479
f 5478 5479 5480
f 5480 5479 5481
f 5480 5481 5482
f 5482 5481 5483
f 5482 5483 5484
f 5484 5483 5485
f 5484 5485 5486
f 5486 5485 5487
f 5486 5487 5488
f 5488 5487 5489
f 5488 5489 5490
f 5490 5489 5491
f 5490 5491 5492
f 5492 5491 5493
f 5492 5493 5494
f 5494 5493 5495
f 5494 5495 5496
f 5496 5495 5497
f 5496 5497 5498
f 5498 5497 5499
f 5498 5499 5500
f 5500 5499 5501
f 5500 5501 5502
f 5502 5501 5503
f 5502 5503 5504
f 5504 5503 5505
f 5504 5505 5506
f 5506 5505 5507
f 5506 5507 5508
f 5508 5507 5509
f 5508 5509 5510
f 5510 5509 5511
f 5510 5511 5512
f 5512 5511 5513
f 5512 5513 5514
f 5514 5513 5515
f 5514 5515 5516
f 5516 5515 5517
f 5516 5517 5518
f 5518 5517 5519
f 5518 5519 5520
f 5520 5519 5521
f 5520 5521 5522
f 5522 5521 5523
f 5522 5523 5524
f 5524 5523 5525
f 5524 5525 5526
f 5526 5525 5527
f 5526 5527 5528
f 5528 5527 5529
f 5528 5529 5530
f 5530 5529 5531
f 5530 5531 5532
f 5532 5531 5533
f 5532 5533 5534
f 5534 5533 5535
f 5534 5535 5536
f 5536 5535 5537
f 5536 5537 5538
f 5538 5537 5539
f 5538 5539 5540
f 5540 5539 5541
f 5540 5541 5542
f 5542 5541 5543
f 5542 5543 5544
f 5544 5543 5545
f 5544 5545 5546
f 5546 5545 5547
f 5546 5547 5548
f 5548 5547 5549
f 5548 5549 5550
f 5550 5549 5551
f 5550 5551 5552
f 5552 5551 5553
f 5552 5553 5554
f 5554 5553 5555
f 5554 5555 5556
f 5556 5555 5557
f 5556 5557 5558
f 5558 5557 5559
f 5558 5559 5560
f 5560 5559 5561
f 5560 5561 5562
f 5562 5561 5563
f 5562 5563 5564
f 5564 5563 5565
f 5564 5565 5566
f 5566 5565 5567
f 5566 5567 5568
f 5568 5567 5569
f 5568 5569 5570
f 5570 5569 5571
f 5570 5571 5572
f 5572 5571 5573
f 5572 5573 5574
f 5574 5573 5575
f 5574 5575 5576
f 5576 5575 5577
f 5576 5577 5578
f 5578 5577 5579
f 5578 5579 5580
f 5580 5579 5581
f 5580 5581 5582
f 5582 5581 5583
f 5582 5583 5584
f 5584 5583 5585
f 5584 5585 5586
f 5586 5585 5587
f 5586 5587 5588
f 5588 5587 5589
f 5588 5589 5590
f 5590 5589 5591
f 5590 5591 5592
f 5592 5591 5593
f 5592 5593 5594
f 5594 5593 5595
f 5594 5595 5596
f 5596 5595 5597
f 5596 5597 5598
f 5598 5597 5599
f 5598 5599 5600
f 5600 5599 5601
f 5600 5601 5602
f 5602 5601 5603
f 5602 5603 5604
f 5604 5603 5605
f 5604 5605 5606
f 5606 5605 5607
f 5606 5607 5608
f 5608 5607 5609
f 5608 5609 5610
f 5610 5609 5611
f 5610 5611 5612
f 5612 5611 5613
f 5612 5613 5614
f 5614 5613 5615
f 5614 5615 5616
f 5616 5615 5617
f 5616 5617 5618
f 5618 5617 5619
f 5618 5619 5620
f 5620 5619 5621
f 5620 5621 5622
f 5622 5621 5623
f 5622 5623 5624
f 5624 5623 5625
f 5624 5625 5626
f 5626 5625 5627
f 5626 5627 5628
f 5628 5627 5629
f 5628 5629 5630
f 5630 5629 5631
f 5630 5631 5632
f 5632 5631 5633
f 5632 5633 5634
f 5634 5633 5635
f 5634 5635 5080
f 5080 5635 5078
f 5636 5637 5638
f 5639 5637 5636
f 5636 5638 5640
f 5640 5638 5641
f 5641 5638 5642
f 5641 5642 5643
f 5643 5642 5644
f 5643 5644 5645
f 5645 5644 5646
f 5645 5646 5647
f 5647 5646 5648
f 5647 5648 5649
f 5647 5649 5650
f 5650 5649 5651
f 5650 5651 5652
f 5652 5651 5653
f 5652 5653 5654
f 5654 5653 5655
f 5654 5655 5656
f 5654 5656 5657
f 5657 5656 5658
f 5657 5658 5659
f 5659 5658 5660
f 5659 5660 5661
f 5661 5660 5662
f 5661 5662 5663
f 5661 5663 5664
f 5664 5663 5665
f 5664 5665 5666
f 5666 5665 5667
f 5666 5667 5668
f 5668 5667 5669
f 5668 5669 5670
f 5670 5669 5671
f 5670 5671 5672
f 5672 5671 5673
f 5672 5673 5674
f 5674 5673 5675
f 5674 5675 5676
f 5676 5675 5677
f 5676 5677 5678
f 5676 5678 5679
f 5679 5678 5680
f 5679 5680 5681
f 5681 5680 5682
f 5681 5682 5683
f 5683 5682 5684
f 5683 5684 5685
f 5685 5684 5686
f 5685 5686 5687
f 5687 5686 5688
f 5687 5688 5689
f 5689 5688 5690
f 5689 5690 5691
f 5691 5690 5692
f 5691 5692 5693
f 5693 5692 5694
f 5693 5694 5695
f 5695 5694 5696
f 5695 5696 5697
f 5695 5697 5698
f 5698 5697 5699
f 5698 5699 5700
f 5700 5699 5701
f 5700 5701 5702
f 5702 5701 5703
f 5702 5703 5704
f 5704 5703 5705
f 5704 5705 5706
f 5704 5706 5707
f 5707 5706 5708
f 5707 5708 5709
f 5709 5708 5710
f 5709 5710 5711
f 5711 5710 5712
f 5711 5712 5713
f 5713 5712 5714
f 5713 5714 5715
f 5713 5715 5716
f 5716 5715 5717
f 5716 5717 5718
f 5718 5717 5719
f 5718 5719 5720
f 5718 5720 5721
f 5721 5720 5722
f 5721 5722 5723
f 5723 5722 5724
f 5723 5724 5725
f 5725 5724 5726
f 5725 5726 5727
f 5727 5726 5728
f 5727 5728 5729
f 5729 5728 5730
f 5729 5730 5731
f 5731 5730 5732
f 5731 5732 5733
f 5733 5732 5734
f 5733 5734 5735
f 5735 5734 5736
f 5735 5736 5737
f 5737 5736 5738
f 5737 5738 5739
f 5739 5738 5740
f 5739 5740 5741
f 5741 5740 5742
f 5741 5742 5743
f 5741 5743 5744
f 5744 5743 5745
f 5744 5745 5746
f 5746 5745 5747
f 5746 5747 5748
f 5748 5747 5749
f 5748 5749 5750
f 5750 5749 5751
f 5750 5751 5752
f 5750 5752 5753
f 5753 5752 5754
f 5753 5754 5755
f 5755 5754 5756
f 5755 5756 5757
f 5757 5756 5758
f 5757 5758 5759
f 5759 5758 5760
f 5759 5760 5761
f 5759 5761 5762
f 5762 5761 5763
f 5762 5763 5764
f 5764 5763 5765
f 5764 5765 5766
f 5766 5765 5767
f 5766 5767 5768
f 5766 5768 5769
f 5769 5768 5770
f 5769 5770 5771
f 5771 5770 5772
f 5771 5772 5773
f 5773 5772 5774
f 5773 5774 5775
f 5775 5774 5776
f 5775 5776 5777
f 5777 5776 5778
f 5777 5778 5779
f 5779 5778 5780
f 5779 5780 5781
f 5781 5780 5782
f 5781 5782 5783
f 5783 5782 5784
f 5783 5784 5785
f 5785 5784 5786
f 5785 5786 5787
f 5787 5786 5788
f 5787 5788 5789
f 5789 5788 5790
f 5789 5790 5791
f 5791 5790 5792
f 5791 5792 5793
f 5793 5792 5794
f 5793 5794 5795
f 5795 5794 5796
f 5795 5796 5797
f 5797 5796 5798
f 5797 5798 5799
f 5799 5798 5800
f 5799 5800 5801
f 5801 5800 5802
f 5801 5802 5803
f 5803 5802 5804
f 5803 5804 5805
f 5805 5804 5806
f 5805 5806 5807
f 5807 5806 5808
f 5807 5808 5809
f 5809 5808 5810
f 5809 5810 5811
f 5811 5810 5812
f 5811 5812 5813
f 5813 5812 5814
f 5813 5814 5815
f 5815 5814 5816
f 5815 5816 5817
f 5817 5816 5818
f 5817 5818 5819
f 5819 5818 5820
f 5819 5820 5821
f 5821 5820 5822
f 5821 5822 5823
f 5823 5822 5824
f 5823 5824 5825
f 5825 5824 5826
f 5827 5825 5826
f 5827 5826 5828
f 5827 5828 5829
f 5829 5828 5830
f 5829 5830 5831
f 5831 5830 5832
f 5831 5832 5833
f 5833 5832 5834
f 5833 5834 5835
f 5835 5834 5836
f 5835 5836 5837
f 5837 5836 5838
f 5837 5838 5839
f 5839 5838 5840
f 5839 5840 5841
f 5841 5840 5842
f 5841 5842 5843
f 5843 5842 5844
f 5843 5844 5845
f 5845 5844 5846
f 5845 5846 5847
f 5847 5846 5848
f 5847 5848 5849
f 5849 5848 5850
f 5849 5850 5851
f 5851 5850 5852
f 5851 5852 5853
f 5853 5852 5854
f 5853 5854 5855
f 5855 5854 5856
f 5855 5856 5857
f 5857 5856 5858
f 5857 5858 5859
f 5859 5858 5860
f 5859 5860 5861
f 5861 5860 5862
f 5861 5862 5863
f 5863 5862 5864
f 5863 5864 5865
f 5865 5864 5866
f 5865 5866 5867
f 5867 5866 5868
f 5867 5868 5869
f 5869 5868 5870
f 5869 5870 5871
f 5871 5870 5872
f 5871 5872 5873
f 5873 5872 5874
f 5873 5874 5875
f 5875 5874 5876
f 5875 5876 5877
f 5877 5876 5878
f 5877 5878 5879
f 5879 5878 5880
f 5879 5880 5881
f 5881 5880 5882
f 5881 5882 5883
f 5883 5882 5884
f 5883 5884 5885
f 5885 5884 5886
f 5885 5886 5887
f 5887 5886 5888
f 5887 5888 5889
f 5889 5888 5890
f 5889 5890 5891
f 5891 5890 5892
f 5891 5892 5893
f 5893 5892 5894
f 5893 5894 5895
f 5895 5894 5896
f 5895 5896 5897
f 5897 5896 5898
f 5897 5898 5899
f 5899 5898 5900
f 5899 5900 5901
f 5901 5900 5902
f 5901 5902 5903
f 5903 5902 5904
f 5903 5904 5905
f 5905 5904 5906
f 5905 5906 5907
f 5907 5906 5908
f 5907 5908 5909
f 5909 5908 5910
f 5909 5910 5911
f 5911 5910 5912
f 5911 5912 5913
f 5913 5912 5914
f 5913 5914 5915
f 5915 5914 5916
f 5915 5916 5917
f 5917 5916 5918
f 5917 5918 5919
f 5919 5918 5920
f 5919 5920 5921
f 5921 5920 5922
f 5921 5922 5923
f 5923 5922 5924
f 5923 5924 5925
f 5925 5924 5926
f 5925 5926 5927
f 5927 5926 5928
f 5927 5928 5929
f 5929 5928 5930
f 5929 5930 5931
f 5931 5930 5932
f 5931 5932 5933
f 5933 5932 5934
f 5933 5934 5935
f 5935 5934 5936
f 5935 5936 5937
f 5937 5936 5938
f 5937 5938 5939
f 5939 5938 5940
f 5939 5940 5941
f 5941 5940 5942
f 5941 5942 5943
f 5943 5942 5944
f 5943 5944 5945
f 5945 5944 5946
f 5945 5946 5947
f 5947 5946 5948
f 5947 5948 5949
f 5949 5948 5950
f 5949 5950 5951
f 5951 5950 5952
f 5951 5952 5953
f 5953 5952 5954
f 5953 5954 5955
f 5955 5954 5956
f 5955 5956 5957
f 5957 5956 5958
f 5957 5958 5959
f 5959 5958 5960
f 5959 5960 5961
f 5961 5960 5962
f 5961 5962 5963
f 5963 5962 5964
f 5963 5964 5965
f 5965 5964 5966
f 5965 5966 5967
f 5967 5966 5968
f 5967 5968 5969
f 5969 5968 5970
f 5969 5970 5971
f 5971 5970 5972
f 5971 5972 5973
f 5973 5972 5974
f 5973 5974 5975
f 5975 5974 5976
f 5975 5976 5977
f 5977 5976 5978
f 5977 5978 5979
f 5979 5978 5980
f 5979 5980 5981
f 5981 5980 5982
f 5981 5982 5983
f 5983 5982 5984
f 5983 5984 5985
f 5985 5984 5986
f 5985 5986 5987
f 5987 5986 5988
f 5987 5988 5989
f 5989 5988 5990
f 5989 5990 5991
f 5991 5990 5992
f 5991 5992 5993
f 5993 5992 5994
f 5993 5994 5995
f 5995 5994 5996
f 5995 5996 5997
f 5997 5996 5998
f 5997 5998 5999
f 5999 5998 6000
f 5999 6000 6001
f 6001 6000 6002
f 6001 6002 6003
f 6003 6002 6004
f 6003 6004 6005
f 6005 6004 6006
f 6005 6006 6007
f 6007 6006 6008
f 6007 6008 6009
f 6009 6008 6010
f 6009 6010 6011
f 6011 6010 6012
f 6011 6012 6013
f 6013 6012 6014
f 6013 6014 6015
f 6015 6014 6016
f 6015 6016 6017
f 6017 6016 6018
f 6017 6018 6019
f 6019 6018 6020
f 6019 6020 6021
f 6021 6020 6022
f 6021 6022 6023
f 6023 6022 6024
f 6023 6024 6025
f 6025 6024 6026
f 6025 6026 6027
f 6027 6026 6028
f 6027 6028 6029
f 6029 6028 6030
f 6029 6030 6031
f 6031 6030 6032
f 6031 6032 6033
f 6033 6032 6034
f 6033 6034 6035
f 6035 6034 6036
f 6035 6036 6037
f 6037 6036 6038
f 6037 6038 6039
f 6039 6038 6040
f 6039 6040 6041
f 6041 6040 6042
f 6041 6042 6043
f 6043 6042 6044
f 6043 6044 6045
f 6045 6044 6046
f 6045 6046 6047
f 6047 6046 6048
f 6047 6048 6049
f 6049 6048 6050
f 6049 6050 6051
f 6051 6050 6052
f 6051 6052 6053
f 6053 6052 6054
f 6053 6054 5639
f 5639 6054 5637
f 6055 6056 6057
f 6055 6058 6056
f 6059 6055 6057
f 6059 6060 6055
f 6059 6061 6060
f 6061 6062 6060
f 6062 6063 6060
f 6063 6064 6060
f 6064 6065 6060
f 6065 6066 6060
f 6065 6067 6066
f 6067 6068 6066
f 6068 6069 6066
f 6069 6070 6066
f 6070 6071 6066
f 6071 6072 6066
f 6071 6073 6072
f 6073 6074 6072
f 6074 6075 6072
f 6075 6076 6072
f 6076 6077 6072
f 6077 6078 6072
f 6077 6079 6078
f 6079 6080 6078
f 6080 6081 6078
f 6080 6082 6081
f 6082 6083 6081
f 6082 6084 6083
f 6084 6085 6083
f 6084 6086 6085
f 6086 6087 6085
f 6087 6088 6085
f 6087 6089 6088
f 6089 6090 6088
f 6089 6091 6090
f 6091 6092 6090
f 6092 6093 6090
f 6092 6094 6093
f 6094 6095 6093
f 6094 6096 6095
f 6094 6097 6096
f 6097 6098 6096
f 6097 6099 6098
f 6099 6100 6098
f 6099 6101 6100
f 6101 6102 6100
f 6101 6103 6102
f 6103 6104 6102
f 6103 6105 6104
f 6105 6106 6104
f 6105 6107 6106
f 6055 6108 6058
f 6108 6109 6058
f 6108 6110 6109
f 6108 6111 6110
f 6108 6112 6111
f 6112 6113 6111
f 6112 6114 6113
f 6112 6115 6114
f 6112 6116 6115
f 6116 6117 6115
f 6116 6118 6117
f 6116 6119 6118
f 6116 6120 6119
f 6120 6121 6119
f 6120 6122 6121
f 6120 6123 6122
f 6120 6124 6123
f 6124 6125 6123
f 6124 6126 6125
f 6124 6127 6126
f 6127 6128 6126
f 6127 6129 6128
f 6127 6130 6129
f 6130 6131 6129
f 6130 6132 6131
f 6132 6133 6131
f 6132 6134 6133
f 6134 6135 6133
f 6134 6136 6135
f 6136 6137 6135
f 6136 6138 6137
f 6138 6139 6137
f 6138 6140 6139
f 6140 6141 6139
f 6140 6142 6141
f 6142 6143 6141
f 6142 6144 6143
f 6144 6145 6143
f 6144 6146 6145
f 6146 6147 6145
f 6146 6148 6147
f 6148 6149 6147
f 6148 6150 6149
f 6150 6151 6149
f 6150 6152 6151
f 6152 6153 6151
f 6152 6154 6153
f 6154 6155 6153
f 6154 6156 6155
f 6156 6157 6155
f 6156 6158 6157
f 6158 6159 6157
f 6158 6160 6159
f 6158 6161 6160
f 6161 6162 6160
f 6161 6163 6162
f 6163 6164 6162
f 6163 6165 6164
f 6165 6166 6164
f 6165 6167 6166
f 6167 6168 6166
f 6167 6169 6168
f 6169 6170 6168
f 6169 6171 6170
f 6169 6172 6171
f 6173 6171 6172
f 6173 6174 6171
f 6173 6172 6175
f 6173 6175 6176
f 6177 6176 6175
f 6178 6177 6175
f 6179 6178 6175
f 6180 6179 6175
f 6181 6180 6175
f 6182 6181 6175
f 6182 6175 6183
f 6184 6182 6183
f 6184 6183 6185
f 6186 6184 6185
f 6187 6186 6185
f 6187 6185 6188
f 6189 6187 6188
f 6189 6188 6190
f 6191 6189 6190
f 6192 6191 6190
f 6192 6190 6193
f 6194 6192 6193
f 6194 6193 6195
f 6196 6194 6195
f 6196 6195 6197
f 6198 6196 6197
f 6198 6197 6199
f 6198 6199 6200
f 6201 6198 6200
f 6201 6200 6202
f 6203 6201 6202
f 6203 6202 6204
f 6205 6203 6204
f 6205 6204 6206
f 6207 6205 6206
f 6207 6206 6208
f 6209 6207 6208
f 6209 6208 6210
f 6211 6209 6210
f 6211 6210 6212
f 6213 6211 6212
f 6213 6212 6214
f 6213 6214 6215
f 6216 6213 6215
f 6216 6215 6217
f 6218 6216 6217
f 6218 6217 6219
f 6220 6218 6219
f 6220 6219 6221
f 6222 6220 6221
f 6222 6221 6223
f 6224 6222 6223
f 6224 6223 6225
f 6226 6224 6225
f 6226 6225 6227
f 6226 6227 6228
f 6229 6226 6228
f 6229 6228 6230
f 6231 6229 6230
f 6231 6230 6232
f 6233 6231 6232
f 6233 6232 6234
f 6235 6233 6234
f 6235 6234 6236
f 6237 6235 6236
f 6237 6236 6238
f 6237 6238 6239
f 6240 6237 6239
f 6240 6239 6241
f 6242 6240 6241
f 6242 6241 6243
f 6244 6242 6243
f 6244 6243 6245
f 6244 6245 6246
f 6247 6244 6246
f 6247 6246 6248
f 6247 6248 6249
f 6250 6247 6249
f 6250 6249 6251
f 6252 6250 6251
f 6252 6251 6253
f 6252 6253 6254
f 6255 6252 6254
f 6255 6254 6256
f 6257 6255 6256
f 6257 6256 6258
f 6259 6257 6258
f 6260 6259 6258
f 6261 6260 6258
f 6261 6258 6262
f 6263 6261 6262
f 6264 6263 6262
f 6265 6264 6262
f 6265 6262 6266
f 6267 6265 6266
f 6268 6267 6266
f 6269 6268 6266
f 6269 6266 6270
f 6271 6269 6270
f 6272 6271 6270
f 6272 6270 6273
f 6274 6272 6273
f 6274 6273 6275
f 6276 6274 6275
f 6277 6276 6275
f 6277 6275 6278
f 6279 6277 6278
f 6279 6278 6280
f 6281 6279 6280
f 6282 6281 6280
f 6282 6280 6283
f 6284 6282 6283
f 6284 6283 6285
f 6286 6284 6285
f 6286 6285 6287
f 6288 6286 6287
f 6288 6287 6289
f 6290 6288 6289
f 6290 6289 6291
f 6292 6290 6291
f 6292 6291 6293
f 6294 6292 6293
f 6294 6293 6295
f 6296 6294 6295
f 6297 6296 6295
f 6297 6295 6298
f 6299 6297 6298
f 6300 6299 6298
f 6300 6298 6301
f 6302 6300 6301
f 6303 6302 6301
f 6303 6301 6304
f 6305 6303 6304
f 6306 6305 6304
f 6306 6304 6307
f 6308 6306 6307
f 6309 6308 6307
f 6310 6309 6307
f 6311 6310 6307
f 6311 6307 6312
f 6313 6311 6312
f 6314 6313 6312
f 6315 6314 6312
f 6316 6315 6312
f 6317 6316 6312
f 6318 6317 6312
f 6319 6318 6312
f 6320 6319 6312
f 6321 6320 6312
f 6322 6321 6312
f 6323 6322 6312
f 6324 6323 6312
f 6325 6324 6312
f 6326 6325 6312
f 6326 6312 6327
f 6328 6326 6327
f 6329 6328 6327
f 6329 6327 6330
f 6331 6329 6330
f 6332 6331 6330
f 6332 6330 6333
f 6334 6332 6333
f 6335 6334 6333
f 6335 6333 6336
f 6337 6335 6336
f 6338 6337 6336
f 6338 6336 6339
f 6340 6338 6339
f 6341 6340 6339
f 6341 6339 6342
f 6341 6342 6343
f 6344 6343 6342
f 6341 6343 6345
f 6345 6346 6341
f 6346 6345 6347
f 6346 6347 6348
f 6349 6346 6348
f 6349 6348 6350
f 6351 6349 6350
f 6351 6350 6352
f 6353 6351 6352
f 6353 6352 6354
f 6355 6353 6354
f 6355 6354 6356
f 6357 6355 6356
f 6357 6356 6358
f 6357 6358 6359
f 6360 6357 6359
f 6360 6359 6361
f 6359 6362 6361
f 6363 6360 6361
f 6363 6361 6364
f 6365 6363 6364
f 6366 6365 6364
f 6366 6364 6367
f 6368 6366 6367
f 6369 6368 6367
f 6370 6369 6367
f 6370 6367 6371
f 6372 6370 6371
f 6373 6372 6371
f 6374 6373 6371
f 6374 6371 6375
f 6376 6374 6375
f 6377 6376 6375
f 6378 6377 6375
f 6379 6378 6375
f 6379 6375 6380
f 6381 6380 6375
f 6382 6379 6380
f 6382 6380 6383
f 6384 6382 6383
f 6385 6384 6383
f 6386 6385 6383
f 6387 6386 6383
f 6388 6387 6383
f 6389 6388 6383
f 6389 6383 6390
f 6391 6389 6390
f 6392 6391 6390
f 6393 6392 6390
f 6394 6393 6390
f 6395 6394 6390
f 6396 6395 6390
f 6396 6390 6397
f 6398 6396 6397
f 6399 6398 6397
f 6400 6399 6397
f 6401 6400 6397
f 6402 6401 6397
f 6402 6397 6403
f 6404 6402 6403
f 6405 6404 6403
f 6406 6405 6403
f 6406 6403 6407
f 6408 6406 6407
f 6409 6408 6407
f 6409 6407 6410
f 6411 6409 6410
f 6412 6411 6410
f 6412 6410 6413
f 6414 6412 6413
f 6415 6414 6413
f 6415 6413 6416
f 6417 6415 6416
f 6418 6417 6416
f 6418 6416 6419
f 6420 6418 6419
f 6421 6420 6419
f 6421 6419 6422
f 6423 6421 6422
f 6424 6423 6422
f 6424 6422 6425
f 6426 6424 6425
f 6427 6426 6425
f 6427 6425 6428
f 6429 6427 6428
f 6429 6428 6430
f 6431 6429 6430
f 6432 6431 6430
f 6432 6430 6433
f 6434 6432 6433
f 6434 6433 6435
f 6436 6434 6435
f 6436 6435 6437
f 6438 6436 6437
f 6438 6437 6439
f 6440 6438 6439
f 6440 6439 6441
f 6442 6440 6441
f 6442 6441 6443
f 6444 6442 6443
f 6444 6443 6445
f 6446 6444 6445
f 6446 6445 6447
f 6448 6446 6447
f 6448 6447 6449
f 6450 6448 6449
f 6450 6449 6451
f 6452 6450 6451
f 6452 6451 6453
f 6454 6452 6453
f 6454 6453 6455
f 6456 6454 6455
f 6456 6455 6457
f 6456 6457 6458
f 6459 6456 6458
f 6459 6458 6460
f 6461 6459 6460
f 6461 6460 6462
f 6461 6462 6463
f 6464 6461 6463
f 6464 6463 6465
f 6464 6465 6466
f 6467 6464 6466
f 6467 6466 6468
f 6469 6467 6468
f 6469 6468 6470
f 6469 6470 6471
f 6472 6469 6471
f 6472 6471 6473
f 6472 6473 6474
f 6475 6472 6474
f 6475 6474 6476
f 6477 6475 6476
f 6477 6476 6478
f 6479 6477 6478
f 6479 6478 6480
f 6479 6480 6481
f 6482 6479 6481
f 6482 6481 6483
f 6484 6482 6483
f 6484 6483 6485
f 6484 6485 6486
f 6487 6484 6486
f 6487 6486 6488
f 6487 6488 6489
f 6488 6490 6489
f 6487 6489 6491
f 6487 6491 6492
f 6493 6487 6492
f 6493 6492 6494
f 6493 6494 6495
f 6493 6495 6496
f 6497 6493 6496
f 6497 6496 6498
f 6497 6498 6499
f 6500 6497 6499
f 6500 6499 6501
f 6500 6501 6502
f 6500 6502 6503
f 6503 6502 6504
f 6500 6503 6505
f 6506 6500 6505
f 6506 6505 6507
f 6506 6507 6508
f 6509 6506 6508
f 6509 6508 6510
f 6509 6510 6511
f 6509 6511 6512
f 6513 6509 6512
f 6513 6512 6514
f 6513 6514 6515
f 6513 6515 6516
f 6513 6516 6517
f 6518 6513 6517
f 6518 6517 6519
f 6518 6519 6520
f 6521 6518 6520
f 6521 6520 6522
f 6521 6522 6523
f 6524 6521 6523
f 6524 6523 6525
f 6526 6524 6525
f 6526 6525 6527
f 6526 6527 6528
f 6529 6526 6528
f 6529 6528 6530
f 6531 6529 6530
f 6531 6530 6532
f 6533 6531 6532
f 6533 6532 6534
f 6535 6533 6534
f 6535 6534 6536
f 6537 6535 6536
f 6537 6536 6538
f 6537 6538 6539
f 6540 6537 6539
f 6540 6539 6541
f 6540 6541 6542
f 6543 6540 6542
f 6543 6542 6544
f 6545 6543 6544
f 6545 6544 6546
f 6545 6546 6547
f 6548 6545 6547
f 6548 6547 6549
f 6548 6549 6550
f 6548 6550 6551
f 6548 6551 6552
f 6548 6552 6553
f 6554 6548 6553
f 6554 6553 6555
f 6554 6555 6556
f 6554 6556 6557
f 6558 6554 6557
f 6559 6554 6558
f 6557 6560 6558
f 6557 6561 6560
f 6561 6562 6560
f 6562 6563 6560
f 6563 6564 6560
f 6564 6565 6560
f 6565 6566 6560
f 6566 6567 6560
f 6567 6568 6560
f 6568 6569 6560
f 6568 6570 6569
f 6570 6571 6569
f 6571 6572 6569
f 6571 6573 6572
f 6573 6574 6572
f 6574 6575 6572
f 6575 6576 6572
f 6575 6577 6576
f 6577 6578 6576
f 6578 6579 6576
f 6578 6580 6579
f 6580 6581 6579
f 6581 6582 6579
f 6581 6583 6582
f 6583 6584 6582
f 6584 6585 6582
f 6584 6586 6585
f 6586 6587 6585
f 6586 6588 6587
f 6588 6589 6587
f 6589 6590 6587
f 6589 6591 6590
f 6591 6592 6590
f 6591 6593 6592
f 6593 6594 6592
f 6594 6595 6592
f 6594 6596 6595
f 6596 6597 6595
f 6596 6598 6597
f 6598 6599 6597
f 6598 6600 6599
f 6600 6601 6599
f 6601 6602 6599
f 6601 6603 6602
f 6603 6604 6602
f 6603 6605 6604
f 6605 6606 6604
f 6606 6607 6604
f 6606 6608 6607
f 6608 6609 6607
f 6608 6610 6609
f 6610 6611 6609
f 6610 6612 6611
f 6612 6613 6611
f 6612 6614 6613
f 6614 6615 6613
f 6614 6616 6615
f 6614 6617 6616
f 6617 6618 6616
f 6617 6619 6618
f 6617 6620 6619
f 6620 6621 6619
f 6620 6622 6621
f 6620 6623 6622
f 6623 6624 6622
f 6623 6625 6624
f 6623 6626 6625
f 6626 6627 6625
f 6626 6628 6627
f 6626 6629 6628
f 6629 6630 6628
f 6630 6631 6628
f 6630 6632 6631
f 6632 6633 6631
f 6632 6634 6633
f 6634 6635 6633
f 6634 6636 6635
f 6636 6637 6635
f 6636 6638 6637
f 6638 6639 6637
f 6638 6640 6639
f 6640 6641 6639
f 6640 6642 6641
f 6642 6643 6641
f 6642 6644 6643
f 6644 6645 6643
f 6644 6646 6645
f 6646 6647 6645
f 6646 6648 6647
f 6648 6649 6647
f 6648 6650 6649
f 6650 6651 6649
f 6650 6652 6651
f 6652 6653 6651
f 6653 6654 6651
f 6653 6655 6654
f 6655 6656 6654
f 6655 6657 6656
f 6655 6658 6657
f 6658 6659 6657
f 6658 6660 6659
f 6658 6661 6660
f 6661 6662 6660
f 6661 6663 6662
f 6661 6664 6663
f 6664 6665 6663
f 6664 6666 6665
f 6666 6667 6665
f 6666 6668 6667
f 6666 6669 6668
f 6669 6670 6668
f 6669 6671 6670
f 6669 6672 6671
f 6672 6673 6671
f 6672 6674 6673
f 6672 6675 6674
f 6675 6676 6674
f 6675 6677 6676
f 6677 6678 6676
f 6677 6679 6678
f 6677 6680 6679
f 6680 6681 6679
f 6680 6682 6681
f 6682 6683 6681
f 6682 6684 6683
f 6682 6685 6684
f 6685 6686 6684
f 6685 6687 6686
f 6687 6688 6686
f 6687 6689 6688
f 6689 6690 6688
f 6690 6691 6688
f 6690 6692 6691
f 6692 6693 6691
f 6693 6694 6691
f 6693 6695 6694
f 6695 6696 6694
f 6696 6697 6694
f 6696 6698 6697
f 6698 6699 6697
f 6699 6700 6697
f 6699 6701 6700
f 6701 6702 6700
f 6701 6703 6702
f 6703 6704 6702
f 6704 6705 6702
f 6704 6706 6705
f 6706 6707 6705
f 6707 6708 6705
f 6708 6709 6705
f 6709 6710 6705
f 6709 6711 6710
f 6711 6712 6710
f 6712 6713 6710
f 6713 6714 6710
f 6713 6715 6714
f 6715 6716 6714
f 6716 6717 6714
f 6717 6718 6714
f 6718 6719 6714
f 6718 6720 6719
f 6720 6721 6719
f 6721 6722 6719
f 6722 6723 6719
f 6723 6724 6719
f 6724 6725 6719
f 6724 6726 6725
f 6726 6727 6725
f 6727 6728 6725
f 6728 6729 6725
f 6729 6730 6725
f 6730 6731 6725
f 6731 6732 6725
f 6732 6733 6725
f 6732 6734 6733
f 6734 6735 6733
f 6735 6736 6733
f 6736 6737 6733
f 6737 6738 6733
f 6738 6739 6733
f 6739 6740 6733
f 6740 6741 6733
f 6741 6742 6733
f 6742 6743 6733
f 6742 6744 6743
f 6744 6745 6743
f 6745 6746 6743
f 6746 6747 6743
f 6747 6748 6743
f 6748 6749 6743
f 6749 6750 6743
f 6750 6751 6743
f 6751 6752 6743
f 6752 6753 6743
f 6753 6754 6743
f 6754 6755 6743
f 6754 6756 6755
f 6757 6755 6756
f 6757 6758 6755
f 6757 6756 6759
f 6757 6759 6760
f 6757 6760 6761
f 6757 6761 6762
f 6757 6762 6763
f 6757 6763 6764
f 6765 6757 6764
f 6765 6764 6766
f 6765 6766 6767
f 6765 6767 6768
f 6765 6768 6769
f 6765 6769 6770
f 6765 6770 6771
f 6765 6771 6772
f 6765 6772 6773
f 6765 6773 6774
f 6765 6774 6775
f 6765 6775 6776
f 6777 6765 6776
f 6777 6776 6778
f 6777 6778 6779
f 6777 6779 6780
f 6777 6780 6781
f 6777 6781 6782
f 6777 6782 6783
f 6777 6783 6784
f 6785 6777 6784
f 6785 6784 6786
f 6785 6786 6787
f 6785 6787 6788
f 6785 6788 6789
f 6785 6789 6790
f 6785 6790 6791
f 6792 6785 6791
f 6792 6791 6793
f 6794 6792 6793
f 6794 6793 6795
f 6794 6795 6796
f 6797 6794 6796
f 6797 6796 6798
f 6797 6798 6799
f 6800 6797 6799
f 6800 6799 6801
f 6802 6800 6801
f 6802 6801 6803
f 6802 6803 6804
f 6803 6805 6804
f 6802 6804 6806
f 6807 6802 6806
f 6807 6806 6808
f 6807 6808 6809
f 6810 6807 6809
f 6810 6809 6811
f 6812 6810 6811
f 6813 6812 6811
f 6813 6811 6814
f 6815 6813 6814
f 6815 6814 6816
f 6817 6815 6816
f 6817 6816 6818
f 6819 6817 6818
f 6820 6819 6818
f 6820 6818 6821
f 6822 6820 6821
f 6823 6822 6821
f 6823 6821 6824
f 6825 6823 6824
f 6826 6825 6824
f 6826 6824 6827
f 6828 6826 6827
f 6828 6827 6829
f 6830 6828 6829
f 6830 6829 6831
f 6832 6830 6831
f 6832 6831 6833
f 6832 6833 6834
f 6835 6832 6834
f 6835 6834 6836
f 6836 6834 6837
f 6838 6835 6836
f 6838 6836 6839
f 6840 6838 6839
f 6840 6839 6841
f 6842 6840 6841
f 6842 6841 6843
f 6844 6842 6843
f 6844 6843 6845
f 6846 6844 6845
f 6846 6845 6847
f 6848 6846 6847
f 6848 6847 6849
f 6850 6848 6849
f 6851 6850 6849
f 6851 6849 6852
f 6853 6851 6852
f 6854 6853 6852
f 6855 6854 6852
f 6855 6852 6856
f 6857 6855 6856
f 6858 6857 6856
f 6859 6858 6856
f 6859 6856 6860
f 6861 6859 6860
f 6862 6861 6860
f 6863 6862 6860
f 6864 6863 6860
f 6865 6864 6860
f 6865 6860 6866
f 6867 6865 6866
f 6868 6867 6866
f 6869 6868 6866
f 6870 6869 6866
f 6871 6870 6866
f 6871 6866 6872
f 6873 6871 6872
f 6874 6873 6872
f 6875 6874 6872
f 6876 6875 6872
f 6877 6876 6872
f 6878 6877 6872
f 6879 6878 6872
f 6880 6879 6872
f 6881 6880 6872
f 6882 6881 6872
f 6883 6882 6872
f 6883 6872 6884
f 6885 6883 6884
f 6886 6885 6884
f 6886 6884 6887
f 6884 6888 6887
f 6889 6886 6887
f 6890 6889 6887
f 6891 6890 6887
f 6891 6887 6892
f 6893 6891 6892
f 6894 6893 6892
f 6895 6894 6892
f 6896 6895 6892
f 6897 6896 6892
f 6898 6897 6892
f 6899 6898 6892
f 6900 6899 6892
f 6901 6900 6892
f 6902 6901 6892
f 6902 6892 6903
f 6904 6902 6903
f 6905 6904 6903
f 6906 6905 6903
f 6907 6906 6903
f 6907 6903 6908
f 6909 6907 6908
f 6910 6909 6908
f 6911 6910 6908
f 6912 6911 6908
f 6912 6908 6913
f 6914 6912 6913
f 6915 6914 6913
f 6916 6915 6913
f 6917 6916 6913
f 6917 6913 6918
f 6919 6917 6918
f 6920 6919 6918
f 6920 6918 6921
f 6922 6920 6921
f 6922 6921 6923
f 6924 6922 6923
f 6924 6923 6925
f 6926 6924 6925
f 6926 6925 6927
f 6928 6926 6927
f 6929 6928 6927
f 6929 6927 6930
f 6931 6929 6930
f 6932 6931 6930
f 6932 6930 6933
f 6934 6932 6933
f 6935 6934 6933
f 6935 6933 6936
f 6937 6935 6936
f 6937 6936 6938
f 6937 6938 6939
f 6939 6938 6940
f 6939 6940 6941
f 6942 6939 6941
f 6942 6941 6943
f 6942 6943 6944
f 6945 6942 6944
f 6945 6944 6946
f 6947 6945 6946
f 6947 6946 6948
f 6947 6948 6949
f 6950 6947 6949
f 6950 6949 6951
f 6950 6951 6952
f 6953 6950 6952
f 6953 6952 6954
f 6953 6954 6955
f 6956 6953 6955
f 6956 6955 6957
f 6956 6957 6958
f 6959 6956 6958
f 6959 6958 6960
f 6961 6959 6960
f 6961 6960 6962
f 6961 6962 6963
f 6964 6961 6963
f 6964 6963 6965
f 6964 6965 6966
f 6967 6964 6966
f 6967 6966 6968
f 6967 6968 6969
f 6970 6967 6969
f 6970 6969 6971
f 6972 6970 6971
f 6972 6971 6973
f 6972 6973 6974
f 6972 6974 6975
f 6976 6972 6975
f 6976 6975 6977
f 6976 6977 6978
f 6979 6976 6978
f 6979 6978 6980
f 6979 6980 6981
f 6982 6979 6981
f 6982 6981 6983
f 6982 6983 6984
f 6982 6984 6985
f 6986 6982 6985
f 6986 6985 6987
f 6986 6987 6988
f 6989 6986 6988
f 6989 6988 6990
f 6989 6990 6991
f 6992 6989 6991
f 6992 6991 6993
f 6992 6993 6994
f 6995 6992 6994
f 6995 6994 6996
f 6995 6996 6997
f 6998 6995 6997
f 6998 6997 6999
f 6998 6999 7000
f 7001 6998 7000
f 7001 7000 7002
f 7001 7002 7003
f 7004 7001 7003
f 7004 7003 7005
f 7004 7005 7006
f 7004 7006 7007
f 7008 7004 7007
f 7008 7007 7009
f 7008 7009 7010
f 7011 7008 7010
f 7011 7010 7012
f 7013 7011 7012
f 7013 7012 7014
f 7015 7013 7014
f 7015 7014 7016
f 7017 7015 7016
f 7017 7016 7018
f 7019 7017 7018
f 7019 7018 7020
f 7021 7019 7020
f 7021 7020 7022
f 7023 7021 7022
f 7024 7023 7022
f 7024 7022 7025
f 7026 7024 7025
f 7026 7025 7027
f 7028 7026 7027
f 7029 7028 7027
f 7029 7027 7030
f 7031 7029 7030
f 7032 7031 7030
f 7032 7030 7033
f 7034 7032 7033
f 7035 7034 7033
f 7036 7035 7033
f 7036 7033 7037
f 7038 7036 7037
f 7039 7038 7037
f 7039 7037 7040
f 7041 7039 7040
f 7042 7041 7040
f 7043 7042 7040
f 7044 7043 7040
f 7044 7040 7045
f 7046 7044 7045
f 7047 7046 7045
f 7048 7047 7045
f 7049 7048 7045
f 7050 7049 7045
f 7051 7050 7045
f 7052 7051 7045
f 7053 7052 7045
f 7053 7045 7054
f 7053 7054 7055
f 7056 7055 7054
f 7057 7053 7055
f 7057 7055 7058
f 7059 7057 7058
f 7060 7059 7058
f 7061 7060 7058
f 7062 7061 7058
f 7063 7062 7058
f 7064 7063 7058
f 7065 7064 7058
f 7066 7065 7058
f 7066 7058 7067
f 7068 7066 7067
f 7069 7068 7067
f 7070 7069 7067
f 7071 7070 7067
f 7072 7071 7067
f 7072 7067 7073
f 7074 7072 7073
f 7075 7074 7073
f 7076 7075 7073
f 7076 7073 7077
f 7078 7076 7077
f 7079 7078 7077
f 7080 7079 7077
f 7080 7077 7081
f 7082 7080 7081
f 7083 7082 7081
f 7083 7081 7084
f 7081 7085 7084
f 7083 7084 7086
f 7083 7086 7087
f 7088 7083 7087
f 7088 7087 7089
f 7088 7089 7090
f 7091 7088 7090
f 7091 7090 7092
f 7093 7091 7092
f 7093 7092 7094
f 7093 7094 7095
f 7096 7093 7095
f 7096 7095 7097
f 7096 7097 7098
f 7099 7096 7098
f 7099 7098 7100
f 7100 7098 7101
f 7099 7100 7102
f 7103 7099 7102
f 7104 7103 7102
f 7104 7102 7105
f 7106 7104 7105
f 7106 7105 7107
f 7108 7106 7107
f 7108 7107 7109
f 7110 7108 7109
f 7110 7109 7111
f 7112 7110 7111
f 7112 7111 7113
f 7114 7112 7113
f 7114 7113 7115
f 7116 7114 7115
f 7116 7115 7117
f 7116 7117 7118
f 7119 7116 7118
f 7119 7118 7120
f 7119 7120 7121
f 7122 7119 7121
f 7122 7121 7123
f 7122 7123 7124
f 7125 7122 7124
f 7125 7124 7126
f 7125 7126 7127
f 7128 7125 7127
f 7128 7127 7129
f 7128 7129 7130
f 7131 7128 7130
f 7131 7130 7132
f 7131 7132 7133
f 7131 7133 7134
f 7135 7131 7134
f 7135 7134 7136
f 7135 7136 7137
f 7135 7137 7138
f 7139 7135 7138
f 7139 7138 7140
f 7139 7140 7141
f 7139 7141 7142
f 7139 7142 7143
f 7144 7139 7143
f 7144 7143 7145
f 7144 7145 7146
f 7144 7146 7147
f 7144 7147 7148
f 7144 7148 7149
f 7150 7144 7149
f 7150 7149 7151
f 7150 7151 7152
f 7153 7150 7152
f 7153 7152 7154
f 7153 7154 7155
f 7153 7155 7156
f 7157 7153 7156
f 7157 7156 7158
f 7157 7158 7159
f 7157 7159 7160
f 7157 7160 7161
f 7162 7157 7161
f 7162 7161 7163
f 7162 7163 7164
f 7162 7164 7165
f 7166 7162 7165
f 7166 7165 7167
f 7166 7167 7168
f 7166 7168 7169
f 7166 7169 7170
f 7166 7170 7171
f 7172 7166 7171
f 7172 7171 7173
f 7172 7173 7174
f 7172 7174 7175
f 7172 7175 7176
f 7172 7176 7177
f 7172 7177 7178
f 7172 7178 7179
f 7172 7179 7180
f 7181 7172 7180
f 7181 7180 7182
f 7181 7182 7183
f 7181 7183 7184
f 7181 7184 7185
f 7181 7185 7186
f 7181 7186 7187
f 7181 7187 7188
f 7181 7188 7189
f 7181 7189 7190
f 6758 7181 7190
f 6758 7190 7191
f 6758 7191 7192
f 7191 7193 7192
f 6758 7192 6755
f 7193 7194 7192
f 7194 7195 7192
f 7195 7196 7192
f 7196 7197 7192
f 7197 7198 7192
f 7198 7199 7192
f 7199 7200 7192
f 7200 7201 7192
f 7201 7202 7192
f 7201 7203 7202
f 7202 7204 7192
f 7204 7205 7192
f 7205 7206 7192
f 7206 7207 7192
f 7206 7208 7207
f 7208 7209 7207
f 7209 7210 7207
f 7210 7211 7207
f 7211 7212 7207
f 7211 7213 7212
f 7213 7214 7212
f 7214 7215 7212
f 7214 7216 7215
f 7216 7217 7215
f 7216 7218 7217
f 7218 7219 7217
f 7218 7220 7219
f 7220 7221 7219
f 7221 7222 7219
f 7221 7223 7222
f 7223 7224 7222
f 7223 7225 7224
f 7225 7226 7224
f 7226 7227 7224
f 7226 7228 7227
f 7228 7229 7227
f 7229 7230 7227
f 7229 7231 7230
f 7231 7232 7230
f 7232 7233 7230
f 7232 7234 7233
f 7234 7235 7233
f 7235 7236 7233
f 7236 7237 7233
f 7236 7238 7237
f 7238 7239 7237
f 7239 7240 7237
f 7240 7241 7237
f 7240 7242 7241
f 7242 7243 7241
f 7243 7244 7241
f 7244 7245 7241
f 7245 7246 7241
f 7246 7247 7241
f 7246 7248 7247
f 7248 7249 7247
f 7249 7250 7247
f 7250 7251 7247
f 7251 7252 7247
f 7252 7253 7247
f 7252 7254 7253
f 7254 7255 7253
f 7255 7256 7253
f 7256 7257 7253
f 7256 7258 7257
f 7258 7259 7257
f 7258 7260 7259
f 7258 7261 7260
f 7258 7262 7261
f 7262 7263 7261
f 7262 7264 7263
f 7262 7265 7264
f 7265 7266 7264
f 7265 7267 7266
f 7265 7268 7267
f 7265 7269 7268
f 7269 7270 7268
f 7269 7271 7270
f 7269 7272 7271
f 7272 7273 7271
f 7272 7274 7273
f 7272 7275 7274
f 7272 7276 7275
f 7276 7277 7275
f 7276 7278 7277
f 7276 7279 7278
f 7276 7280 7279
f 7280 7281 7279
f 7280 7282 7281
f 7280 7283 7282
f 7283 7284 7282
f 7283 7285 7284
f 7283 7286 7285
f 7283 7287 7286
f 7287 7288 7286
f 7287 7289 7288
f 7287 7290 7289
f 7290 7291 7289
f 7290 7292 7291
f 7290 7293 7292
f 7290 7294 7293
f 7294 7295 7293
f 7294 7296 7295
f 7294 7297 7296
f 7297 7298 7296
f 7297 7299 7298
f 7297 7300 7299
f 7300 7301 7299
f 7300 7302 7301
f 7300 7303 7302
f 7300 7304 7303
f 7304 7305 7303
f 7304 7306 7305
f 7304 7307 7306
f 7307 7308 7306
f 7307 7309 7308
f 7307 7310 7309
f 7310 7311 7309
f 7310 7312 7311
f 7310 7313 7312
f 7313 7314 7312
f 7313 7315 7314
f 7313 7316 7315
f 7316 7317 7315
f 7316 7318 7317
f 7318 7319 7317
f 7318 7320 7319
f 7318 7321 7320
f 7321 7322 7320
f 7321 7323 7322
f 7323 7324 7322
f 7323 7325 7324
f 7325 7326 7324
f 7325 7327 7326
f 7327 7328 7326
f 7327 7329 7328
f 7329 7330 7328
f 7329 7331 7330
f 7332 7330 7331
f 7332 7333 7330
f 7333 7334 7330
f 7334 7335 7330
f 7334 7336 7335
f 7334 7337 7336
f 7336 7338 7335
f 7338 7339 7335
f 7338 7340 7339
f 7340 7341 7339
f 7340 7342 7341
f 7342 7343 7341
f 7342 7344 7343
f 7344 7345 7343
f 7344 7346 7345
f 7346 7347 7345
f 7346 7348 7347
f 7346 7349 7348
f 7349 7350 7348
f 7349 7351 7350
f 7351 7352 7350
f 7351 7353 7352
f 7353 7354 7352
f 7353 7355 7354
f 7355 7356 7354
f 7355 7357 7356
f 7357 7358 7356
f 7357 7359 7358
f 7357 7360 7359
f 7360 7361 7359
f 7360 7362 7361
f 7362 7363 7361
f 7362 7364 7363
f 7364 7365 7363
f 7364 7366 7365
f 7366 7367 7365
f 7366 7368 7367
f 7366 7369 7368
f 7369 7370 7368
f 7369 7371 7370
f 7371 7372 7370
f 7371 7373 7372
f 7371 7374 7373
f 7374 7375 7373
f 7374 7376 7375
f 7374 7377 7376
f 7377 7378 7376
f 7377 7379 7378
f 7379 7380 7378
f 7379 7381 7380
f 7379 7382 7381
f 7382 7383 7381
f 7382 7384 7383
f 7384 7385 7383
f 7384 7386 7385
f 7386 7387 7385
f 7386 7388 7387
f 7388 7389 7387
f 7388 7390 7389
f 7390 7391 7389
f 7390 7392 7391
f 7392 7393 7391
f 7392 7394 7393
f 7394 7395 7393
f 7394 7396 7395
f 7396 7397 7395
f 7396 7398 7397
f 7398 7399 7397
f 7398 7400 7399
f 7400 7401 7399
f 7401 7402 7399
f 7401 7403 7402
f 7403 7404 7402
f 7404 7405 7402
f 7404 7406 7405
f 7406 7407 7405
f 7407 7408 7405
f 7407 7409 7408
f 7409 7410 7408
f 7409 7411 7410
f 7411 7412 7410
f 7411 7413 7412
f 7413 7414 7412
f 7413 7415 7414
f 7415 7416 7414
f 7337 7417 7336
f 7417 7418 7336
f 7418 7419 7336
f 7418 7420 7419
f 7420 7421 7419
f 7421 7422 7419
f 7422 7423 7419
f 7423 7424 7419
f 7423 7425 7424
f 7425 7426 7424
f 7425 7427 7426
f 7427 7428 7426
f 7427 7429 7428
f 7429 7430 7428
f 7429 7431 7430
f 7431 7432 7430
f 7431 7433 7432
f 7431 7434 7433
f 7434 7435 7433
f 7434 7436 7435
f 7436 7437 7435
f 7436 7438 7437
f 7438 7439 7437
f 7438 7440 7439
f 7440 7441 7439
f 7440 7442 7441
f 7440 7443 7442
f 7443 7444 7442
f 7443 7445 7444
f 7443 7446 7445
f 7446 7447 7445
f 7446 7448 7447
f 7446 7449 7448
f 7446 7450 7449
f 7450 7451 7449
f 7450 7452 7451
f 7450 7453 7452
f 7450 7454 7453
f 7450 7455 7454
f 7455 7456 7454
f 7455 7457 7456
f 7455 7458 7457
f 7455 7459 7458
f 7455 7460 7459
f 7455 7461 7460
f 7461 7462 7460
f 7461 7463 7462
f 7461 7464 7463
f 7461 7465 7464
f 7461 7466 7465
f 7461 7467 7466
f 7467 7468 7466
f 7467 7469 7468
f 7467 7470 7469
f 7467 7471 7470
f 7467 7472 7471
f 7467 7473 7472
f 7473 7474 7472
f 7473 7475 7474
f 7473 7476 7475
f 7473 7477 7476
f 7473 7478 7477
f 7478 7479 7477
f 7478 7480 7479
f 7478 7481 7480
f 7478 7482 7481
f 7482 7483 7481
f 7482 7484 7483
f 7482 7485 7484
f 7482 7486 7485
f 7486 7487 7485
f 7486 7488 7487
f 7486 7489 7488
f 7489 7490 7488
f 7489 7491 7490
f 7489 7492 7491
f 7489 7493 7492
f 7493 7494 7492
f 7493 7495 7494
f 7493 7496 7495
f 7496 7497 7495
f 7496 7498 7497
f 7498 7499 7497
f 7498 7500 7499
f 7498 7501 7500
f 7501 7502 7500
f 7501 7503 7502
f 7501 7504 7503
f 7504 7505 7503
f 7504 7506 7505
f 7506 7507 7505
f 7506 7508 7507
f 7506 7509 7508
f 7509 7510 7508
f 7509 7511 7510
f 7509 7056 7511
f 7056 7054 7511
f 7203 7512 7202
f 7203 7513 7512
f 7203 7514 7513
f 7514 7515 7513
f 7514 7516 7515
f 7514 7517 7516
f 7517 7518 7516
f 7517 7519 7518
f 7519 7520 7518
f 7519 7521 7520
f 7519 7522 7521
f 7522 7523 7521
f 7522 7524 7523
f 7524 7525 7523
f 7524 7526 7525
f 7524 7527 7526
f 7527 7528 7526
f 7527 7529 7528
f 7527 7530 7529
f 7530 7531 7529
f 7530 7532 7531
f 7530 7533 7532
f 7533 7534 7532
f 7533 7535 7534
f 7533 7536 7535
f 7536 7537 7535
f 7536 7538 7537
f 7536 7539 7538
f 7539 7540 7538
f 7539 7541 7540
f 7539 7542 7541
f 7539 7543 7542
f 7543 7544 7542
f 7543 7545 7544
f 7543 7546 7545
f 7543 7547 7546
f 7545 7546 7548
f 7549 7545 7548
f 7549 7548 7550
f 7551 7549 7550
f 7551 7550 7552
f 7553 7551 7552
f 7553 7552 7554
f 7555 7553 7554
f 7555 7554 7556
f 7557 7555 7556
f 7557 7556 7558
f 7559 7557 7558
f 7559 7558 7560
f 7559 7560 7561
f 7562 7559 7561
f 7562 7561 7563
f 7564 7562 7563
f 7564 7565 7562
f 7564 7563 7566
f 7567 7564 7566
f 7567 7566 7568
f 7569 7567 7568
f 7569 7568 7570
f 7571 7569 7570
f 7571 7570 7572
f 7573 7571 7572
f 7573 7572 7574
f 7575 7573 7574
f 7575 7574 7576
f 7577 7575 7576
f 7578 7577 7576
f 7578 7576 7579
f 7580 7578 7579
f 7580 7579 7547
f 7543 7580 7547
f 7564 7581 7565
f 7581 7582 7565
f 7582 7583 7565
f 7582 7584 7583
f 7584 7585 7583
f 7584 7586 7585
f 7586 7587 7585
f 7586 7588 7587
f 7588 7589 7587
f 7588 7590 7589
f 7590 7591 7589
f 7590 7592 7591
f 7592 7593 7591
f 7592 7594 7593
f 7594 7595 7593
f 7594 7596 7595
f 7596 7597 7595
f 7597 7598 7595
f 7597 7599 7598
f 7599 7600 7598
f 7599 7601 7600
f 7601 7602 7600
f 7601 7603 7602
f 7603 7604 7602
f 7603 7605 7604
f 7605 7606 7604
f 7605 7607 7606
f 7607 7608 7606
f 7607 7609 7608
f 7609 7610 7608
f 7609 7611 7610
f 7611 7612 7610
f 7611 7613 7612
f 7613 7614 7612
f 7613 7615 7614
f 7615 7616 7614
f 7615 7617 7616
f 7617 7618 7616
f 7618 7619 7616
f 7618 7620 7619
f 7620 7621 7619
f 7620 7622 7621
f 7622 7623 7621
f 7100 7101 7624
f 7100 7624 7625
f 7100 7625 7626
f 7627 7100 7626
f 7627 7626 7628
f 7627 7628 7629
f 7085 7627 7629
f 7085 7629 7630
f 7085 7630 7631
f 7085 7631 7084
f 6884 6381 6888
f 6381 7632 6888
f 6381 6375 7632
f 7633 6836 6837
f 7633 6837 7634
f 7635 7633 7634
f 7635 7634 7636
f 7637 7635 7636
f 7637 7636 7638
f 7639 7637 7638
f 7639 7638 7640
f 7641 7639 7640
f 7642 7641 7640
f 7642 7640 7643
f 7644 7642 7643
f 7645 7644 7643
f 7645 7643 7646
f 7647 7645 7646
f 7647 7646 7648
f 7649 7647 7648
f 7650 7649 7648
f 7650 7648 7651
f 7652 7650 7651
f 7653 7652 7651
f 7653 7651 7654
f 7655 7653 7654
f 7655 7654 7656
f 7657 7655 7656
f 7658 7657 7656
f 7658 7656 7659
f 7658 7659 7660
f 6805 7658 7660
f 6805 7660 6804
f 6559 6558 7661
f 7662 6559 7661
f 7662 7661 7663
f 7664 7662 7663
f 7664 7663 7665
f 7666 7664 7665
f 7666 7665 7667
f 7668 7666 7667
f 7669 7668 7667
f 7670 7669 7667
f 7670 7667 6171
f 6174 7670 6171
f 6503 6504 7671
f 7672 6503 7671
f 7672 7671 7673
f 7672 7673 7674
f 7675 7672 7674
f 7675 7674 7676
f 7677 7675 7676
f 7677 7676 7678
f 7677 7678 7679
f 6490 7677 7679
f 6490 7679 7680
f 6490 7680 6489
f 6362 7681 6361
f 7681 7682 6361
f 7681 7683 7682
f 7683 7684 7682
f 7684 7685 7682
f 7684 7686 7685
f 7687 7685 7686
f 7687 7688 7685
f 7688 6342 7685
f 7688 6344 6342
