3916 3948 0
v 0.06056577 -0.02277897 0.0159375
v 0.066371505 -0.02270274 0.0159375
v 0.065999025 -0.02308875 0.0159375
v 0.06137679 -0.021548985 0.0159375
v 0.06516867 -0.02399898 0.0159375
v 0.059897805 -0.02408292 0.0159375
v 0.064478385 -0.025002885 0.0159375
v 0.059374035 -0.02545806 0.0159375
v 0.063927405 -0.02610204 0.0159375
v 0.05900499 -0.02687994 0.0159375
v 0.0635349 -0.02726082 0.0159375
v 0.0587934 -0.028332705 0.0159375
v 0.063303675 -0.028465755 0.0159375
v 0.063241305 -0.029691105 0.0159375
v 0.05874219 -0.029803425 0.0159375
v 0.063346575 -0.03091002 0.0159375
v 0.05885223 -0.03126759 0.0159375
v 0.06361995 -0.03210876 0.0159375
v 0.05912154 -0.03271194 0.0159375
v 0.06405129 -0.033248175 0.0159375
v 0.059548365 -0.03412011 0.0159375
v 0.064641 -0.034329945 0.0159375
v 0.06516192 -0.03515889 0.0159375
v 0.06012453 -0.035468115 0.0159375
v 0.06564318 -0.035954565 0.0159375
v 0.0660834 -0.036715935 0.0159375
v 0.06084918 -0.036753195 0.0159375
v 0.066485865 -0.037445505 0.0159375
v 0.06145398 -0.03772086 0.0159375
v 0.066855615 -0.038147655 0.0159375
v 0.06200106 -0.03864069 0.0159375
v 0.067192125 -0.038820855 0.0159375
v 0.067496685 -0.03946326 0.0159375
v 0.062490165 -0.039515895 0.0159375
v 0.067770375 -0.04007649 0.0159375
v 0.06292305 -0.040341705 0.0159375
v 0.068018175 -0.040665225 0.0159375
v 0.068239845 -0.041229015 0.0159375
v 0.06363141 -0.0418398 0.0159375
v 0.06861537 -0.042286635 0.0159375
v 0.06414741 -0.043136055 0.0159375
v 0.068909265 -0.043262205 0.0159375
v 0.064282275 -0.04352679 0.0159375
v 0.069131625 -0.04415307 0.0159375
v 0.06440691 -0.04396353 0.0159375
v 0.064499055 -0.04446843 0.0159375
v 0.06929511 -0.044964435 0.0159375
v 0.06451962 -0.045050505 0.0159375
v 0.069405705 -0.04569579 0.0159375
v 0.06442608 -0.0456795 0.0159375
v 0.06419619 -0.046298715 0.0159375
v 0.06947187 -0.046349325 0.0159375
v 0.063823785 -0.046855095 0.0159375
v 0.06950238 -0.04697223 0.0159375
v 0.06333006 -0.04731966 0.0159375
v 0.069498435 -0.04756002 0.0159375
v 0.06277977 -0.04765713 0.0159375
v 0.069448725 -0.048153345 0.0159375
v 0.06224562 -0.047868855 0.0159375
v 0.061757235 -0.04799961 0.0159375
v 0.061311195 -0.04808955 0.0159375
v 0.060756135 -0.048190485 0.0159375
v 0.06935997 -0.048818445 0.0159375
v 0.060209955 -0.04828248 0.0159375
v 0.059672655 -0.048365535 0.0159375
v 0.059144235 -0.04843962 0.0159375
v 0.05862762 -0.048504915 0.0159375
v 0.05812287 -0.04856142 0.0159375
v 0.057623385 -0.04860879 0.0159375
v 0.057122505 -0.048646695 0.0159375
v 0.056610705 -0.04867509 0.0159375
v 0.05608923 -0.04869423 0.0159375
v 0.05557572 -0.04870383 0.0159375
v 0.055088055 -0.04870365 0.0159375
v 0.03718596 -0.048847515 0.0159375
v 0.05464101 -0.048693735 0.0159375
v 0.06924786 -0.049541205 0.0159375
v 0.036959475 -0.04972812 0.0159375
v 0.0691029 -0.05032494 0.0159375
v 0.04402632 -0.04993161 0.0159375
v 0.044271735 -0.049942485 0.0159375
v 0.04378731 -0.049930365 0.0159375
v 0.043554705 -0.049938705 0.0159375
v 0.043254495 -0.04996479 0.0159375
v 0.04296597 -0.05000832 0.0159375
v 0.04268964 -0.05006991 0.0159375
v 0.042424485 -0.050148345 0.0159375
v 0.04216932 -0.05024223 0.0159375
v 0.04192317 -0.05035017 0.0159375
v 0.041688075 -0.0504711 0.0159375
v 0.036692205 -0.050595435 0.0159375
v 0.041463075 -0.050606715 0.0159375
v 0.04124583 -0.050759265 0.0159375
v 0.04103394 -0.05093097 0.0159375
v 0.040824285 -0.051126045 0.0159375
v 0.040618035 -0.051343545 0.0159375
v 0.036410445 -0.051427725 0.0159375
v 0.04042038 -0.051575985 0.0159375
v 0.04023657 -0.051815835 0.0159375
v 0.04007145 -0.052056105 0.0159375
v 0.03611058 -0.052226985 0.0159375
v 0.03992433 -0.052297545 0.0159375
v 0.03979062 -0.05254707 0.0159375
v 0.039665685 -0.05281167 0.0159375
v 0.03581127 -0.052989525 0.0159375
v 0.03954492 -0.053098305 0.0159375
v 0.039427965 -0.0534081 0.0159375
v 0.035514465 -0.05371209 0.0159375
v 0.03931755 -0.053736615 0.0159375
v 0.039215655 -0.054079905 0.0159375
v 0.03912435 -0.054434055 0.0159375
v 0.03904455 -0.054799605 0.0159375
v 0.03494526 -0.05506752 0.0159375
v 0.03897492 -0.055180425 0.0159375
v 0.03891525 -0.055571115 0.0159375
v 0.03886533 -0.05596605 0.0159375
v 0.03442395 -0.05632635 0.0159375
v 0.038825055 -0.05635866 0.0159375
v 0.03879462 -0.056743335 0.0159375
v 0.038773935 -0.05713173 0.0159375
v 0.033967905 -0.057510255 0.0159375
v 0.03876279 -0.05753787 0.0159375
v 0.038761005 -0.05797575 0.0159375
v 0.038769225 -0.058457145 0.0159375
v 0.033597945 -0.05862336 0.0159375
v 0.038787255 -0.058969905 0.0159375
v 0.038814105 -0.059494005 0.0159375
v 0.033332835 -0.059666325 0.0159375
v 0.0388488 -0.06000942 0.0159375
v 0.033281685 -0.05992899 0.0159375
v 0.03323079 -0.06020067 0.0159375
v 0.0388905 -0.060500805 0.0159375
v 0.03317322 -0.06048915 0.0159375
v 0.033099945 -0.06080343 0.0159375
v 0.038939625 -0.0609771 0.0159375
v 0.03566511 -0.0609561 0.0159375
v 0.035809965 -0.06097737 0.0159375
v 0.035520255 -0.06097737 0.0159375
v 0.035390565 -0.061045305 0.0159375
v 0.03528588 -0.061147665 0.0159375
v 0.03299892 -0.06115194 0.0159375
v 0.035223015 -0.06127227 0.0159375
v 0.03519636 -0.061423185 0.0159375
v 0.032854035 -0.06153414 0.0159375
v 0.035223015 -0.0615741 0.0159375
v 0.03528588 -0.061698705 0.0159375
v 0.035390565 -0.061801065 0.0159375
v 0.035520255 -0.061868985 0.0159375
v 0.03566511 -0.061890285 0.0159375
v 0.032643495 -0.061945545 0.0159375
v 0.03906342 -0.06193902 0.0159375
v 0.035809965 -0.061868985 0.0159375
v 0.039139695 -0.06245016 0.0159375
v 0.03233856 -0.06237384 0.0159375
v 0.03191382 -0.062770635 0.0159375
v 0.03922539 -0.062979225 0.0159375
v 0.031365495 -0.06307389 0.0159375
v 0.03932034 -0.063522825 0.0159375
v 0.03105012 -0.063175095 0.0159375
v 0.030719655 -0.06323745 0.0159375
v 0.03037779 -0.06325623 0.0159375
v 0.022216185 -0.063101565 0.0159375
v 0.02293578 -0.06387585 0.0159375
v 0.03004842 -0.06324012 0.0159375
v 0.029452125 -0.06312159 0.0159375
v 0.028951875 -0.062943045 0.0159375
v 0.021597945 -0.062385135 0.0159375
v 0.02852595 -0.06273642 0.0159375
v 0.028156455 -0.06251325 0.0159375
v 0.027837135 -0.062285955 0.0159375
v 0.021060255 -0.06171837 0.0159375
v 0.027567645 -0.06207 0.0159375
v 0.02733447 -0.06186822 0.0159375
v 0.027119235 -0.06167325 0.0159375
v 0.02080998 -0.06139914 0.0159375
v 0.02055774 -0.0610173 0.0159375
v 0.02029947 -0.060556965 0.0159375
v 0.0258138 -0.06036942 0.0159375
v 0.02004486 -0.06002322 0.0159375
v 0.01982835 -0.059461485 0.0159375
v 0.0245934 -0.05893146 0.0159375
v 0.01965225 -0.0588927 0.0159375
v 0.024265335 -0.058418235 0.0159375
v 0.019510095 -0.05831778 0.0159375
v 0.024016545 -0.05780109 0.0159375
v 0.0193995 -0.057746925 0.0159375
v 0.023924415 -0.057459135 0.0159375
v 0.01931904 -0.057194955 0.0159375
v 0.023853765 -0.05709492 0.0159375
v 0.0192603 -0.056671875 0.0159375
v 0.02380557 -0.05679156 0.0159375
v 0.02376411 -0.056470995 0.0159375
v 0.019215915 -0.056201145 0.0159375
v 0.0237288 -0.056133045 0.0159375
v 0.01918143 -0.055776735 0.0159375
v 0.023696445 -0.055776825 0.0159375
v 0.023665755 -0.05540127 0.0159375
v 0.019153635 -0.055396605 0.0159375
v 0.0191307 -0.05507565 0.0159375
v 0.023635875 -0.055005705 0.0159375
v 0.01910496 -0.054712455 0.0159375
v 0.023607375 -0.05458863 0.0159375
v 0.01907865 -0.054368085 0.0159375
v 0.023576535 -0.054149025 0.0159375
v 0.01905219 -0.054033825 0.0159375
v 0.02355321 -0.0538431 0.0159375
v 0.019024605 -0.053671905 0.0159375
v 0.023527635 -0.05352588 0.0159375
v 0.018992865 -0.053316765 0.0159375
v 0.02349987 -0.053197335 0.0159375
v 0.018955605 -0.052915965 0.0159375
v 0.02346945 -0.052856775 0.0159375
v 0.01891029 -0.05247459 0.0159375
v 0.023436195 -0.052503555 0.0159375
v 0.023399715 -0.05213757 0.0159375
v 0.018855135 -0.0519984 0.0159375
v 0.02335824 -0.051757665 0.0159375
v 0.018790005 -0.05147967 0.0159375
v 0.023312115 -0.051364065 0.0159375
v 0.01871022 -0.050927115 0.0159375
v 0.023259675 -0.050955315 0.0159375
v 0.023200185 -0.050531685 0.0159375
v 0.01862223 -0.050330625 0.0159375
v 0.02313516 -0.050091585 0.0159375
v 0.018515325 -0.049679175 0.0159375
v 0.02306787 -0.04963368 0.0159375
v 0.0183687 -0.048963375 0.0159375
v 0.023013525 -0.049278855 0.0159375
v 0.0229503 -0.04891386 0.0159375
v 0.018161445 -0.04818801 0.0159375
v 0.022879395 -0.048538695 0.0159375
v 0.02279985 -0.048153435 0.0159375
v 0.0178734 -0.047348475 0.0159375
v 0.022707345 -0.047757975 0.0159375
v 0.02260098 -0.047352315 0.0159375
v 0.022482075 -0.046936485 0.0159375
v 0.017505225 -0.04644342 0.0159375
v 0.022350645 -0.046510485 0.0159375
v 0.022201965 -0.046064175 0.0159375
v 0.0170619 -0.04547298 0.0159375
v 0.022061715 -0.045564705 0.0159375
v 0.021972345 -0.045006555 0.0159375
v 0.016549785 -0.04443951 0.0159375
v 0.021986805 -0.044390025 0.0159375
v 0.01595553 -0.04332438 0.0159375
v 0.022146585 -0.043735035 0.0159375
v 0.02247165 -0.043106955 0.0159375
v 0.015623325 -0.04272858 0.0159375
v 0.022700445 -0.04282128 0.0159375
v 0.022963095 -0.042562305 0.0159375
v 0.015263355 -0.04209936 0.0159375
v 0.02325225 -0.04233816 0.0159375
v 0.023558955 -0.042147825 0.0159375
v 0.02419071 -0.04187352 0.0159375
v 0.014880465 -0.041445585 0.0159375
v 0.024806895 -0.041712165 0.0159375
v 0.02537301 -0.04161852 0.0159375
v 0.02586366 -0.04154853 0.0159375
v 0.02635914 -0.041486835 0.0159375
v 0.026859465 -0.041433465 0.0159375
v 0.014478 -0.040774695 0.0159375
v 0.027364995 -0.04138836 0.0159375
v 0.027886335 -0.04135065 0.0159375
v 0.02841423 -0.0413211 0.0159375
v 0.0289296 -0.041301315 0.0159375
v 0.02941461 -0.041292765 0.0159375
v 0.04776198 -0.041110305 0.0159375
v 0.04790745 -0.040517055 0.0159375
v 0.02987241 -0.04129524 0.0159375
v 0.047634345 -0.041712405 0.0159375
v 0.03031125 -0.041307975 0.0159375
v 0.030737085 -0.04133043 0.0159375
v 0.03115404 -0.04136193 0.0159375
v 0.031557765 -0.04140228 0.0159375
v 0.03195051 -0.041452545 0.0159375
v 0.03233574 -0.04151391 0.0159375
v 0.03271752 -0.04158747 0.0159375
v 0.03309558 -0.04167291 0.0159375
v 0.033462795 -0.041768775 0.0159375
v 0.047523945 -0.04232373 0.0159375
v 0.033811815 -0.04187358 0.0159375
v 0.034139385 -0.041986785 0.0159375
v 0.034449435 -0.0421092 0.0159375
v 0.034743765 -0.042240825 0.0159375
v 0.035024145 -0.042381645 0.0159375
v 0.04743078 -0.04294428 0.0159375
v 0.03528906 -0.04252962 0.0159375
v 0.035538855 -0.042686115 0.0159375
v 0.035776545 -0.042854955 0.0159375
v 0.03600531 -0.0430401 0.0159375
v 0.0474096 -0.04320504 0.0159375
v 0.036228255 -0.043244115 0.0159375
v 0.047398755 -0.0434589 0.0159375
v 0.03644049 -0.043462245 0.0159375
v 0.047398275 -0.043705875 0.0159375
v 0.036635175 -0.04368831 0.0159375
v 0.04246782 -0.043828125 0.0159375
v 0.04740816 -0.04394595 0.0159375
v 0.0422412 -0.04385205 0.0159375
v 0.03680622 -0.043916595 0.0159375
v 0.042017325 -0.0439194 0.0159375
v 0.04181889 -0.044024655 0.0159375
v 0.03695523 -0.04414797 0.0159375
v 0.0416406 -0.04417278 0.0159375
v 0.041492475 -0.04435107 0.0159375
v 0.03708531 -0.044386245 0.0159375
v 0.041388195 -0.04454583 0.0159375
v 0.03719895 -0.044634915 0.0159375
v 0.04132296 -0.044761875 0.0159375
v 0.03729831 -0.044896185 0.0159375
v 0.041295945 -0.045 0.0159375
v 0.03738264 -0.0451677 0.0159375
v 0.04132296 -0.045238125 0.0159375
v 0.037450125 -0.04545045 0.0159375
v 0.041388195 -0.04545417 0.0159375
v 0.041492475 -0.04564893 0.0159375
v 0.03749892 -0.045745845 0.0159375
v 0.0416406 -0.04582722 0.0159375
v 0.04181889 -0.045975345 0.0159375
v 0.037528185 -0.04605453 0.0159375
v 0.042017325 -0.0460806 0.0159375
v 0.0422412 -0.04614795 0.0159375
v 0.04246782 -0.046171875 0.0159375
v 0.037537965 -0.04629429 0.0159375
v 0.048298305 -0.046312215 0.0159375
v 0.04269444 -0.04614795 0.0159375
v 0.04848984 -0.04653345 0.0159375
v 0.037537335 -0.04654107 0.0159375
v 0.04870638 -0.046752315 0.0159375
v 0.037526295 -0.04679487 0.0159375
v 0.048939765 -0.046962555 0.0159375
v 0.03750486 -0.04705572 0.0159375
v 0.049181475 -0.047157765 0.0159375
v 0.049424055 -0.047332275 0.0159375
v 0.04966974 -0.04748787 0.0159375
v 0.04992573 -0.047629845 0.0159375
v 0.050199165 -0.0477636 0.0159375
v 0.05049609 -0.04789356 0.0159375
v 0.037366215 -0.047957925 0.0159375
v 0.050813925 -0.04801773 0.0159375
v 0.05114934 -0.04813377 0.0159375
v 0.051499515 -0.04823976 0.0159375
v 0.051862995 -0.04833405 0.0159375
v 0.052245495 -0.04841778 0.0159375
v 0.05264151 -0.04849104 0.0159375
v 0.053043285 -0.04855359 0.0159375
v 0.053442555 -0.048605085 0.0159375
v 0.05383338 -0.04864518 0.0159375
v 0.05422782 -0.04867449 0.0159375
v 0.048131085 -0.04608873 0.0159375
v 0.042918315 -0.0460806 0.0159375
v 0.04311675 -0.045975345 0.0159375
v 0.04798404 -0.045859245 0.0159375
v 0.04329504 -0.04582722 0.0159375
v 0.043443165 -0.04564893 0.0159375
v 0.04785441 -0.045620625 0.0159375
v 0.04354743 -0.04545417 0.0159375
v 0.047739435 -0.045369765 0.0159375
v 0.04361268 -0.045238125 0.0159375
v 0.047638515 -0.04510794 0.0159375
v 0.043639695 -0.045 0.0159375
v 0.047553435 -0.044835735 0.0159375
v 0.04361268 -0.044761875 0.0159375
v 0.047501025 -0.04462404 0.0159375
v 0.04354743 -0.04454583 0.0159375
v 0.04745916 -0.04440531 0.0159375
v 0.043443165 -0.04435107 0.0159375
v 0.047428395 -0.04417914 0.0159375
v 0.04329504 -0.04417278 0.0159375
v 0.04311675 -0.044024655 0.0159375
v 0.042918315 -0.0439194 0.0159375
v 0.04269444 -0.04385205 0.0159375
v 0.01405296 -0.04008216 0.0159375
v 0.041164635 -0.040070295 0.0159375
v 0.040920075 -0.040069545 0.0159375
v 0.04140291 -0.04006071 0.0159375
v 0.0416349 -0.040040805 0.0159375
v 0.041860635 -0.040010415 0.0159375
v 0.04208034 -0.039968595 0.0159375
v 0.04807575 -0.039929595 0.0159375
v 0.042293865 -0.03991599 0.0159375
v 0.042500985 -0.039853575 0.0159375
v 0.042701445 -0.039782355 0.0159375
v 0.04289505 -0.03970332 0.0159375
v 0.04308126 -0.03961674 0.0159375
v 0.04325988 -0.03952158 0.0159375
v 0.04343172 -0.039417945 0.0159375
v 0.048260205 -0.03935205 0.0159375
v 0.043597635 -0.03930594 0.0159375
v 0.04375848 -0.039185715 0.0159375
v 0.04391502 -0.039057465 0.0159375
v 0.044065635 -0.03892386 0.0159375
v 0.04845093 -0.038790405 0.0159375
v 0.04421025 -0.038783955 0.0159375
v 0.04435017 -0.038634825 0.0159375
v 0.044486655 -0.038473605 0.0159375
v 0.04462098 -0.0382974 0.0159375
v 0.048642615 -0.03824883 0.0159375
v 0.04475493 -0.038102475 0.0159375
v 0.044889915 -0.03788631 0.0159375
v 0.04884183 -0.037724415 0.0159375
v 0.045023025 -0.037654785 0.0159375
v 0.04515099 -0.037414395 0.0159375
v 0.04904352 -0.037216395 0.0159375
v 0.045270495 -0.037171635 0.0159375
v 0.045378315 -0.036933 0.0159375
v 0.04924155 -0.03672441 0.0159375
v 0.045502335 -0.036622875 0.0159375
v 0.04560867 -0.03631287 0.0159375
v 0.04943553 -0.03625035 0.0159375
v 0.04570212 -0.035995995 0.0159375
v 0.04962771 -0.03579339 0.0159375
v 0.0457875 -0.035665245 0.0159375
v 0.049815915 -0.035349075 0.0159375
v 0.04586709 -0.035321595 0.0159375
v 0.045937845 -0.03497199 0.0159375
v 0.049998255 -0.034913385 0.0159375
v 0.045999525 -0.03460521 0.0159375
v 0.05017644 -0.034488135 0.0159375
v 0.046052025 -0.034209465 0.0159375
v 0.05034942 -0.034073415 0.0159375
v 0.04609554 -0.033771615 0.0159375
v 0.050514975 -0.033667875 0.0159375
v 0.04612281 -0.03341259 0.0159375
v 0.050671935 -0.03327084 0.0159375
v 0.04614495 -0.03303666 0.0159375
v 0.05082195 -0.032883285 0.0159375
v 0.04616139 -0.03265311 0.0159375
v 0.05096346 -0.032504265 0.0159375
v 0.04617156 -0.032271285 0.0159375
v 0.05109465 -0.03213267 0.0159375
v 0.046174305 -0.031778475 0.0159375
v 0.05121591 -0.031768395 0.0159375
v 0.04616427 -0.03129429 0.0159375
v 0.051327675 -0.03141186 0.0159375
v 0.051428115 -0.031062735 0.0159375
v 0.04614315 -0.030812025 0.0159375
v 0.05151564 -0.030720645 0.0159375
v 0.04611288 -0.030328995 0.0159375
v 0.051591495 -0.03038481 0.0159375
v 0.05165505 -0.03005643 0.0159375
v 0.046075455 -0.02984298 0.0159375
v 0.051704805 -0.02973723 0.0159375
v 0.046031835 -0.02936466 0.0159375
v 0.0517398 -0.029428575 0.0159375
v 0.04927053 -0.0290439 0.0159375
v 0.04598028 -0.028887645 0.0159375
v 0.04941537 -0.029022615 0.0159375
v 0.0517662 -0.028983885 0.0159375
v 0.049545075 -0.028954695 0.0159375
v 0.049649745 -0.028852335 0.0159375
v 0.049712625 -0.02872773 0.0159375
v 0.04973928 -0.028576815 0.0159375
v 0.051760365 -0.02855826 0.0159375
v 0.049712625 -0.0284259 0.0159375
v 0.049649745 -0.028301295 0.0159375
v 0.049545075 -0.02819892 0.0159375
v 0.05172195 -0.02815314 0.0159375
v 0.04941537 -0.028131 0.0159375
v 0.04927053 -0.028109715 0.0159375
v 0.045844815 -0.02787432 0.0159375
v 0.049125675 -0.028131 0.0159375
v 0.05165091 -0.0277644 0.0159375
v 0.04575855 -0.02731698 0.0159375
v 0.05154588 -0.02738421 0.0159375
v 0.05140656 -0.027015585 0.0159375
v 0.04566096 -0.02673333 0.0159375
v 0.051238725 -0.02664234 0.0159375
v 0.045551925 -0.02612919 0.0159375
v 0.0510411 -0.02626224 0.0159375
v 0.050819085 -0.02587245 0.0159375
v 0.04543128 -0.02551038 0.0159375
v 0.050580465 -0.025464735 0.0159375
v 0.04529775 -0.02487501 0.0159375
v 0.05032308 -0.025041375 0.0159375
v 0.050056245 -0.024595965 0.0159375
v 0.04515075 -0.02421675 0.0159375
v 0.049780485 -0.02412969 0.0159375
v 0.04499349 -0.023547705 0.0159375
v 0.049496985 -0.02363745 0.0159375
v 0.04920825 -0.02311401 0.0159375
v 0.044829285 -0.02288055 0.0159375
v 0.04891362 -0.02256069 0.0159375
v 0.044660835 -0.02222601 0.0159375
v 0.04861569 -0.021971625 0.0159375
v 0.04448691 -0.021580065 0.0159375
v 0.048314175 -0.021347805 0.0159375
v 0.044305695 -0.020934405 0.0159375
v 0.04801017 -0.02068566 0.0159375
v 0.044115525 -0.020281005 0.0159375
v 0.047704545 -0.019983255 0.0159375
v 0.043915515 -0.019614405 0.0159375
v 0.04739712 -0.019240305 0.0159375
v 0.04371009 -0.01894791 0.0159375
v 0.047088885 -0.01845126 0.0159375
v 0.043495365 -0.018272085 0.0159375
v 0.046779765 -0.01761654 0.0159375
v 0.043265415 -0.017571195 0.0159375
v 0.043014435 -0.016830015 0.0159375
v 0.046469655 -0.016736745 0.0159375
v 0.04274367 -0.01605183 0.0159375
v 0.04637565 -0.016457895 0.0159375
v 0.046281765 -0.01616454 0.0159375
v 0.04618683 -0.015833895 0.0159375
v 0.042455295 -0.015242295 0.0159375
v 0.04609725 -0.01545036 0.0159375
v 0.046028055 -0.015009375 0.0159375
v 0.042149295 -0.01440144 0.0159375
v 0.045998625 -0.01450389 0.0159375
v 0.04603722 -0.01392747 0.0159375
v 0.04182567 -0.01352925 0.0159375
v 0.046198815 -0.013294965 0.0159375
v 0.041644995 -0.013075635 0.0159375
v 0.046344075 -0.012980175 0.0159375
v 0.041397975 -0.012584025 0.0159375
v 0.04653342 -0.012680145 0.0159375
v 0.04698948 -0.01221132 0.0159375
v 0.04105143 -0.012099765 0.0159375
v 0.04748073 -0.01190955 0.0159375
v 0.040580835 -0.01166187 0.0159375
v 0.04800993 -0.01171929 0.0159375
v 0.04856193 -0.011620035 0.0159375
v 0.040296855 -0.01147482 0.0159375
v 0.04909272 -0.01159353 0.0159375
v 0.061712955 -0.0115227 0.0159375
v 0.039977295 -0.01131636 0.0159375
v 0.06230805 -0.011929875 0.0159375
v 0.04957074 -0.011619555 0.0159375
v 0.04998447 -0.011676045 0.0159375
v 0.050340765 -0.01174515 0.0159375
v 0.05065515 -0.01181739 0.0159375
v 0.050948385 -0.01189062 0.0159375
v 0.051854955 -0.01214139 0.0159375
v 0.06286875 -0.012343515 0.0159375
v 0.05272989 -0.01240398 0.0159375
v 0.063398865 -0.01276695 0.0159375
v 0.05357322 -0.01267839 0.0159375
v 0.0543846 -0.01296483 0.0159375
v 0.063904785 -0.013202925 0.0159375
v 0.05516304 -0.013263975 0.0159375
v 0.064385055 -0.013650795 0.0159375
v 0.055910745 -0.01357434 0.0159375
v 0.0566304 -0.01389411 0.0159375
v 0.06483915 -0.014110365 0.0159375
v 0.0573237 -0.014219835 0.0159375
v 0.06530277 -0.01462272 0.0159375
v 0.05798892 -0.014554065 0.0159375
v 0.058623585 -0.01490397 0.0159375
v 0.065723385 -0.015133965 0.0159375
v 0.05922564 -0.015275475 0.0159375
v 0.06610095 -0.01564455 0.0159375
v 0.05979603 -0.015665925 0.0159375
v 0.066435435 -0.01615509 0.0159375
v 0.06033504 -0.016074405 0.0159375
v 0.06084267 -0.016500945 0.0159375
v 0.066727065 -0.01666113 0.0159375
v 0.061131915 -0.01676661 0.0159375
v 0.066975675 -0.017161935 0.0159375
v 0.061390005 -0.01703775 0.0159375
v 0.06161625 -0.017312745 0.0159375
v 0.06718167 -0.017656425 0.0159375
v 0.061815495 -0.01760214 0.0159375
v 0.061988325 -0.017907645 0.0159375
v 0.067346055 -0.018140475 0.0159375
v 0.06213177 -0.01823493 0.0159375
v 0.06746868 -0.01861599 0.0159375
v 0.062242455 -0.0185805 0.0159375
v 0.06230994 -0.01893633 0.0159375
v 0.06754941 -0.019074945 0.0159375
v 0.06233361 -0.01929783 0.0159375
v 0.06758703 -0.019512165 0.0159375
v 0.062309865 -0.01966194 0.0159375
v 0.067583535 -0.01993191 0.0159375
v 0.062242335 -0.02001318 0.0159375
v 0.067544235 -0.020336025 0.0159375
v 0.06213135 -0.020346015 0.0159375
v 0.06746994 -0.020720895 0.0159375
v 0.06198381 -0.020660985 0.0159375
v 0.06180207 -0.020960085 0.0159375
v 0.067349985 -0.021107445 0.0159375
v 0.061600485 -0.021256755 0.0159375
v 0.0671805 -0.02150907 0.0159375
v 0.066962685 -0.02191425 0.0159375
v 0.066692835 -0.022311585 0.0159375
v 0.03963303 -0.011194425 0.0159375
v 0.06108495 -0.011124405 0.0159375
v 0.03926628 -0.01111212 0.0159375
v 0.038892585 -0.01107183 0.0159375
v 0.02449866 -0.01074957 0.0159375
v 0.038515455 -0.011071155 0.0159375
v 0.060421275 -0.01074201 0.0159375
v 0.025248765 -0.01036584 0.0159375
v 0.059725695 -0.01038048 0.0159375
v 0.058987815 -0.01002603 0.0159375
v 0.026042775 -0.00998148 0.0159375
v 0.058198185 -0.009664995 0.0159375
v 0.026889195 -0.00959868 0.0159375
v 0.05736024 -0.009302295 0.0159375
v 0.02778516 -0.009215985 0.0159375
v 0.05646549 -0.00894408 0.0159375
v 0.02873742 -0.00884088 0.0159375
v 0.05551218 -0.00858798 0.0159375
v 0.02975145 -0.00847281 0.0159375
v 0.054501645 -0.008240205 0.0159375
v 0.03082179 -0.008115735 0.0159375
v 0.053431515 -0.007909605 0.0159375
v 0.031562715 -0.007891305 0.0159375
v 0.052683735 -0.007695885 0.0159375
v 0.03232788 -0.00767589 0.0159375
v 0.05191254 -0.00749187 0.0159375
v 0.033116175 -0.007469655 0.0159375
v 0.051121995 -0.007302375 0.0159375
v 0.03392286 -0.00727686 0.0159375
v 0.05030793 -0.00712638 0.0159375
v 0.034743885 -0.00710139 0.0159375
v 0.04947039 -0.00696237 0.0159375
v 0.035584995 -0.006940485 0.0159375
v 0.048619695 -0.006814395 0.0159375
v 0.036442485 -0.006794835 0.0159375
v 0.047765955 -0.00668646 0.0159375
v 0.03730818 -0.00666747 0.0159375
v 0.046906035 -0.006577845 0.0159375
v 0.038175585 -0.006560925 0.0159375
v 0.046038165 -0.006487455 0.0159375
v 0.039051 -0.0064737 0.0159375
v 0.045167115 -0.006416235 0.0159375
v 0.039931455 -0.00640569 0.0159375
v 0.0442974 -0.006365055 0.0159375
v 0.04081113 -0.006357465 0.0159375
v 0.04342803 -0.006333555 0.0159375
v 0.041685555 -0.00632952 0.0159375
v 0.042557535 -0.00632163 0.0159375
v 0.03815457 -0.011093415 0.0159375
v 0.02378754 -0.01113108 0.0159375
v 0.03780684 -0.011141085 0.0159375
v 0.03656277 -0.01133832 0.0159375
v 0.02311692 -0.011510835 0.0159375
v 0.03533631 -0.011576835 0.0159375
v 0.034127445 -0.01185666 0.0159375
v 0.022479435 -0.01188654 0.0159375
v 0.032936205 -0.01217775 0.0159375
v 0.021876075 -0.012258615 0.0159375
v 0.031755285 -0.012545175 0.0159375
v 0.021304185 -0.01262589 0.0159375
v 0.03058713 -0.012957225 0.0159375
v 0.02076069 -0.012986895 0.0159375
v 0.02944629 -0.013403865 0.0159375
v 0.02024673 -0.01334217 0.0159375
v 0.019757595 -0.01369086 0.0159375
v 0.02834733 -0.013875045 0.0159375
v 0.019293285 -0.01403292 0.0159375
v 0.02728956 -0.01437534 0.0159375
v 0.01843242 -0.014696115 0.0159375
v 0.026266755 -0.01490769 0.0159375
v 0.01765416 -0.01533036 0.0159375
v 0.025285125 -0.01545957 0.0159375
v 0.01694826 -0.01593546 0.0159375
v 0.024350955 -0.01601844 0.0159375
v 0.01630551 -0.01651248 0.0159375
v 0.023468385 -0.01658481 0.0159375
v 0.015719925 -0.01706142 0.0159375
v 0.022633245 -0.01716408 0.0159375
v 0.0151863 -0.017582295 0.0159375
v 0.021839325 -0.017751045 0.0159375
v 0.0146997 -0.018075435 0.0159375
v 0.021080415 -0.01834047 0.0159375
v 0.014254695 -0.01854207 0.0159375
v 0.020357775 -0.018933345 0.0159375
v 0.013846845 -0.018983685 0.0159375
v 0.019673715 -0.019531665 0.0159375
v 0.013472475 -0.019401555 0.0159375
v 0.01312833 -0.01979685 0.0159375
v 0.019023705 -0.02013171 0.0159375
v 0.012811275 -0.020170695 0.0159375
v 0.018403155 -0.02072979 0.0159375
v 0.012517875 -0.020525355 0.0159375
v 0.01224459 -0.02086374 0.0159375
v 0.017255805 -0.021923505 0.0159375
v 0.011989305 -0.02118696 0.0159375
v 0.01175232 -0.021492825 0.0159375
v 0.01153491 -0.02177982 0.0159375
v 0.011338305 -0.02204562 0.0159375
v 0.016221615 -0.02310732 0.0159375
v 0.011154945 -0.0222975 0.0159375
v 0.01097493 -0.02254512 0.0159375
v 0.010803765 -0.02277885 0.0159375
v 0.010665495 -0.022978635 0.0159375
v 0.010536 -0.02319435 0.0159375
v 0.01528443 -0.02427084 0.0159375
v 0.01039821 -0.02344995 0.0159375
v 0.010260345 -0.023705865 0.0159375
v 0.01013169 -0.023942685 0.0159375
v 0.009999 -0.02419611 0.0159375
v 0.00985728 -0.02448774 0.0159375
v 0.01444962 -0.025417515 0.0159375
v 0.00970692 -0.024827625 0.0159375
v 0.00955221 -0.02520465 0.0159375
v 0.009399585 -0.0256104 0.0159375
v 0.014175405 -0.025904955 0.0159375
v 0.009253575 -0.02605371 0.0159375
v 0.013937835 -0.026386065 0.0159375
v 0.00911757 -0.026545575 0.0159375
v 0.01373607 -0.026861955 0.0159375
v 0.00899316 -0.027095805 0.0159375
v 0.01356996 -0.027332805 0.0159375
v 0.00889662 -0.02770254 0.0159375
v 0.01344678 -0.027789345 0.0159375
v 0.013368045 -0.028229355 0.0159375
v 0.00884022 -0.02837277 0.0159375
v 0.013332375 -0.02865543 0.0159375
v 0.013341705 -0.029066325 0.0159375
v 0.00883728 -0.02910411 0.0159375
v 0.013393905 -0.02946405 0.0159375
v 0.01347942 -0.029859105 0.0159375
v 0.00890244 -0.02988861 0.0159375
v 0.01360047 -0.03024897 0.0159375
v 0.01374825 -0.030643605 0.0159375
v 0.00905673 -0.030717525 0.0159375
v 0.01391847 -0.031048185 0.0159375
v 0.01411203 -0.031460925 0.0159375
v 0.00930291 -0.031584525 0.0159375
v 0.014325825 -0.031884465 0.0159375
v 0.014560755 -0.032318205 0.0159375
v 0.00964296 -0.032495895 0.0159375
v 0.014811135 -0.032762625 0.0159375
v 0.00984864 -0.032970345 0.0159375
v 0.0150762 -0.033217365 0.0159375
v 0.010079955 -0.03346068 0.0159375
v 0.015355785 -0.03368358 0.0159375
v 0.010338 -0.03396666 0.0159375
v 0.01564932 -0.03416214 0.0159375
v 0.01061979 -0.0344889 0.0159375
v 0.01595652 -0.034653015 0.0159375
v 0.010922835 -0.035027895 0.0159375
v 0.016273995 -0.03515835 0.0159375
v 0.011248005 -0.035583465 0.0159375
v 0.01660182 -0.0356781 0.0159375
v 0.011594505 -0.036159585 0.0159375
v 0.0169404 -0.03621201 0.0159375
v 0.01714977 -0.03654093 0.0159375
v 0.011963175 -0.036755415 0.0159375
v 0.017396565 -0.03688533 0.0159375
v 0.01769967 -0.03723336 0.0159375
v 0.01235202 -0.03737367 0.0159375
v 0.018079455 -0.037565925 0.0159375
v 0.01855269 -0.037857645 0.0159375
v 0.012760425 -0.03802233 0.0159375
v 0.01912884 -0.03807444 0.0159375
v 0.019804155 -0.038162775 0.0159375
v 0.02560254 -0.038348205 0.0159375
v 0.025575885 -0.03819729 0.0159375
v 0.025665405 -0.038472825 0.0159375
v 0.025770075 -0.038575185 0.0159375
v 0.02589978 -0.038643105 0.0159375
v 0.026044635 -0.03866439 0.0159375
v 0.01319109 -0.038702355 0.0159375
v 0.0353769 -0.03869688 0.0159375
v 0.035761245 -0.03884172 0.0159375
v 0.02618949 -0.038643105 0.0159375
v 0.02631918 -0.038575185 0.0159375
v 0.03487815 -0.038501355 0.0159375
v 0.026423865 -0.038472825 0.0159375
v 0.02648673 -0.038348205 0.0159375
v 0.03439458 -0.038308365 0.0159375
v 0.026513385 -0.03819729 0.0159375
v 0.033927615 -0.03811905 0.0159375
v 0.02648673 -0.038046375 0.0159375
v 0.033477165 -0.037930755 0.0159375
v 0.026423865 -0.03792177 0.0159375
v 0.02631918 -0.03781941 0.0159375
v 0.02618949 -0.03775149 0.0159375
v 0.03303909 -0.037745595 0.0159375
v 0.026044635 -0.037730205 0.0159375
v 0.02167434 -0.03764892 0.0159375
v 0.03260943 -0.03756555 0.0159375
v 0.02589978 -0.03775149 0.0159375
v 0.025770075 -0.03781941 0.0159375
v 0.021308505 -0.03782982 0.0159375
v 0.025665405 -0.03792177 0.0159375
v 0.02093379 -0.037974015 0.0159375
v 0.02560254 -0.038046375 0.0159375
v 0.020547375 -0.0380826 0.0159375
v 0.02016888 -0.038147835 0.0159375
v 0.022033155 -0.037430565 0.0159375
v 0.032189385 -0.03738915 0.0159375
v 0.02234487 -0.037237845 0.0159375
v 0.03177948 -0.037217025 0.0159375
v 0.02264949 -0.03705336 0.0159375
v 0.031378575 -0.037051395 0.0159375
v 0.022947015 -0.036877125 0.0159375
v 0.030985935 -0.03689376 0.0159375
v 0.030602595 -0.036742455 0.0159375
v 0.023237175 -0.0367089 0.0159375
v 0.03022758 -0.036598665 0.0159375
v 0.02351748 -0.03654636 0.0159375
v 0.02985963 -0.036464055 0.0159375
v 0.023791065 -0.036392415 0.0159375
v 0.02949804 -0.036338745 0.0159375
v 0.0240627 -0.036251535 0.0159375
v 0.029143455 -0.036221805 0.0159375
v 0.024335175 -0.036126345 0.0159375
v 0.02879622 -0.036115065 0.0159375
v 0.024604995 -0.03601365 0.0159375
v 0.02845668 -0.03602037 0.0159375
v 0.02812515 -0.035936955 0.0159375
v 0.02487498 -0.03591591 0.0159375
v 0.02780124 -0.035864805 0.0159375
v 0.02514873 -0.035836305 0.0159375
v 0.027484275 -0.03580524 0.0159375
v 0.025427235 -0.035776695 0.0159375
v 0.02717397 -0.03575919 0.0159375
v 0.02570877 -0.03573531 0.0159375
v 0.026871585 -0.035725305 0.0159375
v 0.025993935 -0.03571023 0.0159375
v 0.02657544 -0.035704845 0.0159375
v 0.026283255 -0.035699655 0.0159375
v 0.036154665 -0.03898236 0.0159375
v 0.03655935 -0.039120015 0.0159375
v 0.036976335 -0.039257775 0.0159375
v 0.01362327 -0.039390195 0.0159375
v 0.037401405 -0.03939165 0.0159375
v 0.03783024 -0.0395175 0.0159375
v 0.038258505 -0.0396312 0.0159375
v 0.03868548 -0.03973203 0.0159375
v 0.039114315 -0.03982302 0.0159375
v 0.039545025 -0.039904185 0.0159375
v 0.039977625 -0.039975525 0.0159375
v 0.040412085 -0.04003704 0.0159375
v 0.04066923 -0.04005846 0.0159375
v 0.04899597 -0.02819892 0.0159375
v 0.0488913 -0.028301295 0.0159375
v 0.04591866 -0.02839614 0.0159375
v 0.048828435 -0.0284259 0.0159375
v 0.04880178 -0.028576815 0.0159375
v 0.048828435 -0.02872773 0.0159375
v 0.0488913 -0.028852335 0.0159375
v 0.04899597 -0.028954695 0.0159375
v 0.049125675 -0.029022615 0.0159375
v 0.0394245 -0.064080945 0.0159375
v 0.023338815 -0.06428367 0.0159375
v 0.0395379 -0.064653615 0.0159375
v 0.02377188 -0.06470442 0.0159375
v 0.03965658 -0.065180955 0.0159375
v 0.02423709 -0.06513504 0.0159375
v 0.024735465 -0.065576085 0.0159375
v 0.039853215 -0.06575928 0.0159375
v 0.02527542 -0.066028365 0.0159375
v 0.04017786 -0.066340035 0.0159375
v 0.025856595 -0.066491535 0.0159375
v 0.040630425 -0.066851175 0.0159375
v 0.02648655 -0.0669627 0.0159375
v 0.041176755 -0.067240245 0.0159375
v 0.027164865 -0.06744201 0.0159375
v 0.041768115 -0.067491135 0.0159375
v 0.042352095 -0.06761835 0.0159375
v 0.04288479 -0.06765432 0.0159375
v 0.027898875 -0.06792366 0.0159375
v 0.05663838 -0.06817287 0.0159375
v 0.04335825 -0.06764472 0.0159375
v 0.02868897 -0.068408475 0.0159375
v 0.055690725 -0.068726385 0.0159375
v 0.02953341 -0.06888402 0.0159375
v 0.05472111 -0.06924129 0.0159375
v 0.030434205 -0.069351105 0.0159375
v 0.053729685 -0.069717495 0.0159375
v 0.03137649 -0.06979404 0.0159375
v 0.052721205 -0.0701526 0.0159375
v 0.03235959 -0.07021107 0.0159375
v 0.05169543 -0.070546755 0.0159375
v 0.03337215 -0.070593825 0.0159375
v 0.050655255 -0.07089885 0.0159375
v 0.034412415 -0.070939935 0.0159375
v 0.049600425 -0.07120896 0.0159375
v 0.035470845 -0.0712455 0.0159375
v 0.04853505 -0.071475915 0.0159375
v 0.036543735 -0.071508105 0.0159375
v 0.04745916 -0.071699655 0.0159375
v 0.037625955 -0.071727195 0.0159375
v 0.04637565 -0.071879625 0.0159375
v 0.038712795 -0.071901405 0.0159375
v 0.0452844 -0.072015735 0.0159375
v 0.03980409 -0.072031275 0.0159375
v 0.04418955 -0.072107595 0.0159375
v 0.04089795 -0.07211685 0.0159375
v 0.04309176 -0.07215501 0.0159375
v 0.041994045 -0.072158085 0.0159375
v 0.057562755 -0.06758157 0.0159375
v 0.04533816 -0.067479465 0.0159375
v 0.04728507 -0.067144245 0.0159375
v 0.058464075 -0.066952335 0.0159375
v 0.049203975 -0.06663765 0.0159375
v 0.059339325 -0.06628701 0.0159375
v 0.0510669 -0.065967225 0.0159375
v 0.060188535 -0.065585355 0.0159375
v 0.052868805 -0.06513426 0.0159375
v 0.06100791 -0.064850715 0.0159375
v 0.054586275 -0.0641496 0.0159375
v 0.061797405 -0.064082355 0.0159375
v 0.056215185 -0.063016215 0.0159375
v 0.062551185 -0.06328788 0.0159375
v 0.06326793 -0.06246732 0.0159375
v 0.05773203 -0.06175014 0.0159375
v 0.06394089 -0.0616341 0.0159375
v 0.059141055 -0.060348585 0.0159375
v 0.064564635 -0.06079515 0.0159375
v 0.05932734 -0.06014313 0.0159375
v 0.0651372 -0.05996232 0.0159375
v 0.05951973 -0.059921685 0.0159375
v 0.05972604 -0.05966688 0.0159375
v 0.05994873 -0.059359755 0.0159375
v 0.065651595 -0.059153085 0.0159375
v 0.060179025 -0.05898738 0.0159375
v 0.060401445 -0.05853783 0.0159375
v 0.066113055 -0.05836656 0.0159375
v 0.06059331 -0.05800164 0.0159375
v 0.066525405 -0.05761131 0.0159375
v 0.06071244 -0.057374325 0.0159375
v 0.060723405 -0.05703267 0.0159375
v 0.06689088 -0.056885955 0.0159375
v 0.060696225 -0.056680695 0.0159375
v 0.06062259 -0.056343075 0.0159375
v 0.067216905 -0.05619366 0.0159375
v 0.060509175 -0.056024625 0.0159375
v 0.06750423 -0.05553303 0.0159375
v 0.06018792 -0.055487325 0.0159375
v 0.059788035 -0.055084635 0.0159375
v 0.067761375 -0.05490189 0.0159375
v 0.059368995 -0.05479836 0.0159375
v 0.05896857 -0.054599415 0.0159375
v 0.05859381 -0.0544605 0.0159375
v 0.058249215 -0.054362265 0.0159375
v 0.067988055 -0.054299985 0.0159375
v 0.057938025 -0.054290595 0.0159375
v 0.057654585 -0.05423439 0.0159375
v 0.057389535 -0.054184755 0.0159375
v 0.057134145 -0.054134985 0.0159375
v 0.05609118 -0.053869875 0.0159375
v 0.068191515 -0.053723355 0.0159375
v 0.054978075 -0.053499915 0.0159375
v 0.06837129 -0.05317224 0.0159375
v 0.05379417 -0.05304387 0.0159375
v 0.05253534 -0.05252256 0.0159375
v 0.058891005 -0.052269795 0.0159375
v 0.05117991 -0.051953355 0.0159375
v 0.05903586 -0.05224851 0.0159375
v 0.059165565 -0.05218059 0.0159375
v 0.068674905 -0.052139115 0.0159375
v 0.059270235 -0.05207823 0.0159375
v 0.0593331 -0.051953625 0.0159375
v 0.059359755 -0.05180271 0.0159375
v 0.0593331 -0.051651795 0.0159375
v 0.059270235 -0.051527175 0.0159375
v 0.059165565 -0.051424815 0.0159375
v 0.05903586 -0.051356895 0.0159375
v 0.058891005 -0.05133561 0.0159375
v 0.068914905 -0.05119119 0.0159375
v 0.048895545 -0.051057375 0.0159375
v 0.048063255 -0.0507756 0.0159375
v 0.05874615 -0.051356895 0.0159375
v 0.049694805 -0.05135724 0.0159375
v 0.05861646 -0.051424815 0.0159375
v 0.058511775 -0.051527175 0.0159375
v 0.05844891 -0.051651795 0.0159375
v 0.050457345 -0.05165655 0.0159375
v 0.058422255 -0.05180271 0.0159375
v 0.05844891 -0.051953625 0.0159375
v 0.058511775 -0.05207823 0.0159375
v 0.05861646 -0.05218059 0.0159375
v 0.05874615 -0.05224851 0.0159375
v 0.04719594 -0.050508345 0.0159375
v 0.046315335 -0.05028186 0.0159375
v 0.045425745 -0.050101605 0.0159375
v 0.04452354 -0.04996296 0.0159375
v 0.035939655 -0.061801065 0.0159375
v 0.03604434 -0.061698705 0.0159375
v 0.036107205 -0.0615741 0.0159375
v 0.038996985 -0.061452015 0.0159375
v 0.03613386 -0.061423185 0.0159375
v 0.036107205 -0.06127227 0.0159375
v 0.03604434 -0.061147665 0.0159375
v 0.035939655 -0.061045305 0.0159375
v 0.065999025 -0.02308875 0.0234375
v 0.065999025 -0.02308875 0.0159375
v 0.066371505 -0.02270274 0.0159375
v 0.06516867 -0.02399898 0.0234375
v 0.066371505 -0.02270274 0.0234375
v 0.066692835 -0.022311585 0.0159375
v 0.066692835 -0.022311585 0.0234375
v 0.066962685 -0.02191425 0.0159375
v 0.066962685 -0.02191425 0.0234375
v 0.0671805 -0.02150907 0.0159375
v 0.0671805 -0.02150907 0.0234375
v 0.067349985 -0.021107445 0.0159375
v 0.067349985 -0.021107445 0.0234375
v 0.06746994 -0.020720895 0.0159375
v 0.06746994 -0.020720895 0.0234375
v 0.067544235 -0.020336025 0.0159375
v 0.067544235 -0.020336025 0.0234375
v 0.067583535 -0.01993191 0.0159375
v 0.067583535 -0.01993191 0.0234375
v 0.06758703 -0.019512165 0.0159375
v 0.06758703 -0.019512165 0.0234375
v 0.06754941 -0.019074945 0.0159375
v 0.06754941 -0.019074945 0.0234375
v 0.06746868 -0.01861599 0.0159375
v 0.06746868 -0.01861599 0.0234375
v 0.067346055 -0.018140475 0.0159375
v 0.067346055 -0.018140475 0.0234375
v 0.06718167 -0.017656425 0.0159375
v 0.06718167 -0.017656425 0.0234375
v 0.066975675 -0.017161935 0.0159375
v 0.066975675 -0.017161935 0.0234375
v 0.066727065 -0.01666113 0.0159375
v 0.066727065 -0.01666113 0.0234375
v 0.066435435 -0.01615509 0.0159375
v 0.066435435 -0.01615509 0.0234375
v 0.06610095 -0.01564455 0.0159375
v 0.06610095 -0.01564455 0.0234375
v 0.065723385 -0.015133965 0.0159375
v 0.065723385 -0.015133965 0.0234375
v 0.06530277 -0.01462272 0.0159375
v 0.06530277 -0.01462272 0.0234375
v 0.06483915 -0.014110365 0.0159375
v 0.06483915 -0.014110365 0.0234375
v 0.064385055 -0.013650795 0.0159375
v 0.064385055 -0.013650795 0.0234375
v 0.063904785 -0.013202925 0.0159375
v 0.063904785 -0.013202925 0.0234375
v 0.063398865 -0.01276695 0.0159375
v 0.063398865 -0.01276695 0.0234375
v 0.06286875 -0.012343515 0.0159375
v 0.06286875 -0.012343515 0.0234375
v 0.06230805 -0.011929875 0.0159375
v 0.06230805 -0.011929875 0.0234375
v 0.061712955 -0.0115227 0.0159375
v 0.061712955 -0.0115227 0.0234375
v 0.06108495 -0.011124405 0.0159375
v 0.06108495 -0.011124405 0.0234375
v 0.060421275 -0.01074201 0.0159375
v 0.060421275 -0.01074201 0.0234375
v 0.059725695 -0.01038048 0.0159375
v 0.059725695 -0.01038048 0.0234375
v 0.058987815 -0.01002603 0.0159375
v 0.058987815 -0.01002603 0.0234375
v 0.058198185 -0.009664995 0.0159375
v 0.058198185 -0.009664995 0.0234375
v 0.05736024 -0.009302295 0.0159375
v 0.05736024 -0.009302295 0.0234375
v 0.05646549 -0.00894408 0.0159375
v 0.05646549 -0.00894408 0.0234375
v 0.05551218 -0.00858798 0.0159375
v 0.05551218 -0.00858798 0.0234375
v 0.054501645 -0.008240205 0.0159375
v 0.054501645 -0.008240205 0.0234375
v 0.053431515 -0.007909605 0.0159375
v 0.053431515 -0.007909605 0.0234375
v 0.052683735 -0.007695885 0.0159375
v 0.052683735 -0.007695885 0.0234375
v 0.05191254 -0.00749187 0.0159375
v 0.05191254 -0.00749187 0.0234375
v 0.051121995 -0.007302375 0.0159375
v 0.051121995 -0.007302375 0.0234375
v 0.05030793 -0.00712638 0.0159375
v 0.05030793 -0.00712638 0.0234375
v 0.04947039 -0.00696237 0.0159375
v 0.04947039 -0.00696237 0.0234375
v 0.048619695 -0.006814395 0.0159375
v 0.048619695 -0.006814395 0.0234375
v 0.047765955 -0.00668646 0.0159375
v 0.047765955 -0.00668646 0.0234375
v 0.046906035 -0.006577845 0.0159375
v 0.046906035 -0.006577845 0.0234375
v 0.046038165 -0.006487455 0.0159375
v 0.046038165 -0.006487455 0.0234375
v 0.045167115 -0.006416235 0.0159375
v 0.045167115 -0.006416235 0.0234375
v 0.0442974 -0.006365055 0.0159375
v 0.0442974 -0.006365055 0.0234375
v 0.04342803 -0.006333555 0.0159375
v 0.04342803 -0.006333555 0.0234375
v 0.042557535 -0.00632163 0.0159375
v 0.042557535 -0.00632163 0.0234375
v 0.041685555 -0.00632952 0.0159375
v 0.041685555 -0.00632952 0.0234375
v 0.04081113 -0.006357465 0.0159375
v 0.04081113 -0.006357465 0.0234375
v 0.039931455 -0.00640569 0.0159375
v 0.039931455 -0.00640569 0.0234375
v 0.039051 -0.0064737 0.0159375
v 0.039051 -0.0064737 0.0234375
v 0.038175585 -0.006560925 0.0159375
v 0.038175585 -0.006560925 0.0234375
v 0.03730818 -0.00666747 0.0159375
v 0.03730818 -0.00666747 0.0234375
v 0.036442485 -0.006794835 0.0159375
v 0.036442485 -0.006794835 0.0234375
v 0.035584995 -0.006940485 0.0159375
v 0.035584995 -0.006940485 0.0234375
v 0.034743885 -0.00710139 0.0159375
v 0.034743885 -0.00710139 0.0234375
v 0.03392286 -0.00727686 0.0159375
v 0.03392286 -0.00727686 0.0234375
v 0.033116175 -0.007469655 0.0159375
v 0.033116175 -0.007469655 0.0234375
v 0.03232788 -0.00767589 0.0159375
v 0.03232788 -0.00767589 0.0234375
v 0.031562715 -0.007891305 0.0159375
v 0.031562715 -0.007891305 0.0234375
v 0.03082179 -0.008115735 0.0159375
v 0.03082179 -0.008115735 0.0234375
v 0.02975145 -0.00847281 0.0159375
v 0.02975145 -0.00847281 0.0234375
v 0.02873742 -0.00884088 0.0159375
v 0.02873742 -0.00884088 0.0234375
v 0.02778516 -0.009215985 0.0159375
v 0.02778516 -0.009215985 0.0234375
v 0.026889195 -0.00959868 0.0159375
v 0.026889195 -0.00959868 0.0234375
v 0.026042775 -0.00998148 0.0159375
v 0.026042775 -0.00998148 0.0234375
v 0.025248765 -0.01036584 0.0159375
v 0.025248765 -0.01036584 0.0234375
v 0.02449866 -0.01074957 0.0159375
v 0.02449866 -0.01074957 0.0234375
v 0.02378754 -0.01113108 0.0159375
v 0.02378754 -0.01113108 0.0234375
v 0.02311692 -0.011510835 0.0159375
v 0.02311692 -0.011510835 0.0234375
v 0.022479435 -0.01188654 0.0159375
v 0.022479435 -0.01188654 0.0234375
v 0.021876075 -0.012258615 0.0159375
v 0.021876075 -0.012258615 0.0234375
v 0.021304185 -0.01262589 0.0159375
v 0.021304185 -0.01262589 0.0234375
v 0.02076069 -0.012986895 0.0159375
v 0.02076069 -0.012986895 0.0234375
v 0.02024673 -0.01334217 0.0159375
v 0.02024673 -0.01334217 0.0234375
v 0.019757595 -0.01369086 0.0159375
v 0.019757595 -0.01369086 0.0234375
v 0.019293285 -0.01403292 0.0159375
v 0.019293285 -0.01403292 0.0234375
v 0.01843242 -0.014696115 0.0159375
v 0.01843242 -0.014696115 0.0234375
v 0.01765416 -0.01533036 0.0159375
v 0.01765416 -0.01533036 0.0234375
v 0.01694826 -0.01593546 0.0159375
v 0.01694826 -0.01593546 0.0234375
v 0.01630551 -0.01651248 0.0159375
v 0.01630551 -0.01651248 0.0234375
v 0.015719925 -0.01706142 0.0159375
v 0.015719925 -0.01706142 0.0234375
v 0.0151863 -0.017582295 0.0159375
v 0.0151863 -0.017582295 0.0234375
v 0.0146997 -0.018075435 0.0159375
v 0.0146997 -0.018075435 0.0234375
v 0.014254695 -0.01854207 0.0159375
v 0.014254695 -0.01854207 0.0234375
v 0.013846845 -0.018983685 0.0159375
v 0.013846845 -0.018983685 0.0234375
v 0.013472475 -0.019401555 0.0159375
v 0.013472475 -0.019401555 0.0234375
v 0.01312833 -0.01979685 0.0159375
v 0.01312833 -0.01979685 0.0234375
v 0.012811275 -0.020170695 0.0159375
v 0.012811275 -0.020170695 0.0234375
v 0.012517875 -0.020525355 0.0159375
v 0.012517875 -0.020525355 0.0234375
v 0.01224459 -0.02086374 0.0159375
v 0.01224459 -0.02086374 0.0234375
v 0.011989305 -0.02118696 0.0159375
v 0.011989305 -0.02118696 0.0234375
v 0.01175232 -0.021492825 0.0159375
v 0.01175232 -0.021492825 0.0234375
v 0.01153491 -0.02177982 0.0159375
v 0.01153491 -0.02177982 0.0234375
v 0.011338305 -0.02204562 0.0159375
v 0.011338305 -0.02204562 0.0234375
v 0.011154945 -0.0222975 0.0159375
v 0.011154945 -0.0222975 0.0234375
v 0.01097493 -0.02254512 0.0159375
v 0.01097493 -0.02254512 0.0234375
v 0.010803765 -0.02277885 0.0159375
v 0.010803765 -0.02277885 0.0234375
v 0.010665495 -0.022978635 0.0159375
v 0.010665495 -0.022978635 0.0234375
v 0.010536 -0.02319435 0.0159375
v 0.010536 -0.02319435 0.0234375
v 0.01039821 -0.02344995 0.0159375
v 0.01039821 -0.02344995 0.0234375
v 0.010260345 -0.023705865 0.0159375
v 0.010260345 -0.023705865 0.0234375
v 0.01013169 -0.023942685 0.0159375
v 0.01013169 -0.023942685 0.0234375
v 0.009999 -0.02419611 0.0159375
v 0.009999 -0.02419611 0.0234375
v 0.00985728 -0.02448774 0.0159375
v 0.00985728 -0.02448774 0.0234375
v 0.00970692 -0.024827625 0.0159375
v 0.00970692 -0.024827625 0.0234375
v 0.00955221 -0.02520465 0.0159375
v 0.00955221 -0.02520465 0.0234375
v 0.009399585 -0.0256104 0.0159375
v 0.009399585 -0.0256104 0.0234375
v 0.009253575 -0.02605371 0.0159375
v 0.009253575 -0.02605371 0.0234375
v 0.00911757 -0.026545575 0.0159375
v 0.00911757 -0.026545575 0.0234375
v 0.00899316 -0.027095805 0.0159375
v 0.00899316 -0.027095805 0.0234375
v 0.00889662 -0.02770254 0.0159375
v 0.00889662 -0.02770254 0.0234375
v 0.00884022 -0.02837277 0.0159375
v 0.00884022 -0.02837277 0.0234375
v 0.00883728 -0.02910411 0.0159375
v 0.00883728 -0.02910411 0.0234375
v 0.00890244 -0.02988861 0.0159375
v 0.00890244 -0.02988861 0.0234375
v 0.00905673 -0.030717525 0.0159375
v 0.00905673 -0.030717525 0.0234375
v 0.00930291 -0.031584525 0.0159375
v 0.00930291 -0.031584525 0.0234375
v 0.00964296 -0.032495895 0.0159375
v 0.00964296 -0.032495895 0.0234375
v 0.00984864 -0.032970345 0.0159375
v 0.00984864 -0.032970345 0.0234375
v 0.010079955 -0.03346068 0.0159375
v 0.010079955 -0.03346068 0.0234375
v 0.010338 -0.03396666 0.0159375
v 0.010338 -0.03396666 0.0234375
v 0.01061979 -0.0344889 0.0159375
v 0.01061979 -0.0344889 0.0234375
v 0.010922835 -0.035027895 0.0159375
v 0.010922835 -0.035027895 0.0234375
v 0.011248005 -0.035583465 0.0159375
v 0.011248005 -0.035583465 0.0234375
v 0.011594505 -0.036159585 0.0159375
v 0.011594505 -0.036159585 0.0234375
v 0.011963175 -0.036755415 0.0159375
v 0.011963175 -0.036755415 0.0234375
v 0.01235202 -0.03737367 0.0159375
v 0.01235202 -0.03737367 0.0234375
v 0.012760425 -0.03802233 0.0159375
v 0.012760425 -0.03802233 0.0234375
v 0.01319109 -0.038702355 0.0159375
v 0.01319109 -0.038702355 0.0234375
v 0.01362327 -0.039390195 0.0159375
v 0.01362327 -0.039390195 0.0234375
v 0.01405296 -0.04008216 0.0159375
v 0.01405296 -0.04008216 0.0234375
v 0.014478 -0.040774695 0.0159375
v 0.014478 -0.040774695 0.0234375
v 0.014880465 -0.041445585 0.0159375
v 0.014880465 -0.041445585 0.0234375
v 0.015263355 -0.04209936 0.0159375
v 0.015263355 -0.04209936 0.0234375
v 0.015623325 -0.04272858 0.0159375
v 0.015623325 -0.04272858 0.0234375
v 0.01595553 -0.04332438 0.0159375
v 0.01595553 -0.04332438 0.0234375
v 0.016549785 -0.04443951 0.0159375
v 0.016549785 -0.04443951 0.0234375
v 0.0170619 -0.04547298 0.0159375
v 0.0170619 -0.04547298 0.0234375
v 0.017505225 -0.04644342 0.0159375
v 0.017505225 -0.04644342 0.0234375
v 0.0178734 -0.047348475 0.0159375
v 0.0178734 -0.047348475 0.0234375
v 0.018161445 -0.04818801 0.0159375
v 0.018161445 -0.04818801 0.0234375
v 0.0183687 -0.048963375 0.0159375
v 0.0183687 -0.048963375 0.0234375
v 0.018515325 -0.049679175 0.0159375
v 0.018515325 -0.049679175 0.0234375
v 0.01862223 -0.050330625 0.0159375
v 0.01862223 -0.050330625 0.0234375
v 0.01871022 -0.050927115 0.0159375
v 0.01871022 -0.050927115 0.0234375
v 0.018790005 -0.05147967 0.0159375
v 0.018790005 -0.05147967 0.0234375
v 0.018855135 -0.0519984 0.0159375
v 0.018855135 -0.0519984 0.0234375
v 0.01891029 -0.05247459 0.0159375
v 0.01891029 -0.05247459 0.0234375
v 0.018955605 -0.052915965 0.0159375
v 0.018955605 -0.052915965 0.0234375
v 0.018992865 -0.053316765 0.0159375
v 0.018992865 -0.053316765 0.0234375
v 0.019024605 -0.053671905 0.0159375
v 0.019024605 -0.053671905 0.0234375
v 0.01905219 -0.054033825 0.0159375
v 0.01905219 -0.054033825 0.0234375
v 0.01907865 -0.054368085 0.0159375
v 0.01907865 -0.054368085 0.0234375
v 0.01910496 -0.054712455 0.0159375
v 0.01910496 -0.054712455 0.0234375
v 0.0191307 -0.05507565 0.0159375
v 0.0191307 -0.05507565 0.0234375
v 0.019153635 -0.055396605 0.0159375
v 0.019153635 -0.055396605 0.0234375
v 0.01918143 -0.055776735 0.0159375
v 0.01918143 -0.055776735 0.0234375
v 0.019215915 -0.056201145 0.0159375
v 0.019215915 -0.056201145 0.0234375
v 0.0192603 -0.056671875 0.0159375
v 0.0192603 -0.056671875 0.0234375
v 0.01931904 -0.057194955 0.0159375
v 0.01931904 -0.057194955 0.0234375
v 0.0193995 -0.057746925 0.0159375
v 0.0193995 -0.057746925 0.0234375
v 0.019510095 -0.05831778 0.0159375
v 0.019510095 -0.05831778 0.0234375
v 0.01965225 -0.0588927 0.0159375
v 0.01965225 -0.0588927 0.0234375
v 0.01982835 -0.059461485 0.0159375
v 0.01982835 -0.059461485 0.0234375
v 0.02004486 -0.06002322 0.0159375
v 0.02004486 -0.06002322 0.0234375
v 0.02029947 -0.060556965 0.0159375
v 0.02029947 -0.060556965 0.0234375
v 0.02055774 -0.0610173 0.0159375
v 0.02055774 -0.0610173 0.0234375
v 0.02080998 -0.06139914 0.0159375
v 0.02080998 -0.06139914 0.0234375
v 0.021060255 -0.06171837 0.0159375
v 0.021060255 -0.06171837 0.0234375
v 0.021597945 -0.062385135 0.0159375
v 0.021597945 -0.062385135 0.0234375
v 0.022216185 -0.063101565 0.0159375
v 0.022216185 -0.063101565 0.0234375
v 0.02293578 -0.06387585 0.0159375
v 0.02293578 -0.06387585 0.0234375
v 0.023338815 -0.06428367 0.0159375
v 0.023338815 -0.06428367 0.0234375
v 0.02377188 -0.06470442 0.0159375
v 0.02377188 -0.06470442 0.0234375
v 0.02423709 -0.06513504 0.0159375
v 0.02423709 -0.06513504 0.0234375
v 0.024735465 -0.065576085 0.0159375
v 0.024735465 -0.065576085 0.0234375
v 0.02527542 -0.066028365 0.0159375
v 0.02527542 -0.066028365 0.0234375
v 0.025856595 -0.066491535 0.0159375
v 0.025856595 -0.066491535 0.0234375
v 0.02648655 -0.0669627 0.0159375
v 0.02648655 -0.0669627 0.0234375
v 0.027164865 -0.06744201 0.0159375
v 0.027164865 -0.06744201 0.0234375
v 0.027898875 -0.06792366 0.0159375
v 0.027898875 -0.06792366 0.0234375
v 0.02868897 -0.068408475 0.0159375
v 0.02868897 -0.068408475 0.0234375
v 0.02953341 -0.06888402 0.0159375
v 0.02953341 -0.06888402 0.0234375
v 0.030434205 -0.069351105 0.0159375
v 0.030434205 -0.069351105 0.0234375
v 0.03137649 -0.06979404 0.0159375
v 0.03137649 -0.06979404 0.0234375
v 0.03235959 -0.07021107 0.0159375
v 0.03235959 -0.07021107 0.0234375
v 0.03337215 -0.070593825 0.0159375
v 0.03337215 -0.070593825 0.0234375
v 0.034412415 -0.070939935 0.0159375
v 0.034412415 -0.070939935 0.0234375
v 0.035470845 -0.0712455 0.0159375
v 0.035470845 -0.0712455 0.0234375
v 0.036543735 -0.071508105 0.0159375
v 0.036543735 -0.071508105 0.0234375
v 0.037625955 -0.071727195 0.0159375
v 0.037625955 -0.071727195 0.0234375
v 0.038712795 -0.071901405 0.0159375
v 0.038712795 -0.071901405 0.0234375
v 0.03980409 -0.072031275 0.0159375
v 0.03980409 -0.072031275 0.0234375
v 0.04089795 -0.07211685 0.0159375
v 0.04089795 -0.07211685 0.0234375
v 0.041994045 -0.072158085 0.0159375
v 0.041994045 -0.072158085 0.0234375
v 0.04309176 -0.07215501 0.0159375
v 0.04309176 -0.07215501 0.0234375
v 0.04418955 -0.072107595 0.0159375
v 0.04418955 -0.072107595 0.0234375
v 0.0452844 -0.072015735 0.0159375
v 0.0452844 -0.072015735 0.0234375
v 0.04637565 -0.071879625 0.0159375
v 0.04637565 -0.071879625 0.0234375
v 0.04745916 -0.071699655 0.0159375
v 0.04745916 -0.071699655 0.0234375
v 0.04853505 -0.071475915 0.0159375
v 0.04853505 -0.071475915 0.0234375
v 0.049600425 -0.07120896 0.0159375
v 0.049600425 -0.07120896 0.0234375
v 0.050655255 -0.07089885 0.0159375
v 0.050655255 -0.07089885 0.0234375
v 0.05169543 -0.070546755 0.0159375
v 0.05169543 -0.070546755 0.0234375
v 0.052721205 -0.0701526 0.0159375
v 0.052721205 -0.0701526 0.0234375
v 0.053729685 -0.069717495 0.0159375
v 0.053729685 -0.069717495 0.0234375
v 0.05472111 -0.06924129 0.0159375
v 0.05472111 -0.06924129 0.0234375
v 0.055690725 -0.068726385 0.0159375
v 0.055690725 -0.068726385 0.0234375
v 0.05663838 -0.06817287 0.0159375
v 0.05663838 -0.06817287 0.0234375
v 0.057562755 -0.06758157 0.0159375
v 0.057562755 -0.06758157 0.0234375
v 0.058464075 -0.066952335 0.0159375
v 0.058464075 -0.066952335 0.0234375
v 0.059339325 -0.06628701 0.0159375
v 0.059339325 -0.06628701 0.0234375
v 0.060188535 -0.065585355 0.0159375
v 0.060188535 -0.065585355 0.0234375
v 0.06100791 -0.064850715 0.0159375
v 0.06100791 -0.064850715 0.0234375
v 0.061797405 -0.064082355 0.0159375
v 0.061797405 -0.064082355 0.0234375
v 0.062551185 -0.06328788 0.0159375
v 0.062551185 -0.06328788 0.0234375
v 0.06326793 -0.06246732 0.0159375
v 0.06326793 -0.06246732 0.0234375
v 0.06394089 -0.0616341 0.0159375
v 0.06394089 -0.0616341 0.0234375
v 0.064564635 -0.06079515 0.0159375
v 0.064564635 -0.06079515 0.0234375
v 0.0651372 -0.05996232 0.0159375
v 0.0651372 -0.05996232 0.0234375
v 0.065651595 -0.059153085 0.0159375
v 0.065651595 -0.059153085 0.0234375
v 0.066113055 -0.05836656 0.0159375
v 0.066113055 -0.05836656 0.0234375
v 0.066525405 -0.05761131 0.0159375
v 0.066525405 -0.05761131 0.0234375
v 0.06689088 -0.056885955 0.0159375
v 0.06689088 -0.056885955 0.0234375
v 0.067216905 -0.05619366 0.0159375
v 0.067216905 -0.05619366 0.0234375
v 0.06750423 -0.05553303 0.0159375
v 0.06750423 -0.05553303 0.0234375
v 0.067761375 -0.05490189 0.0159375
v 0.067761375 -0.05490189 0.0234375
v 0.067988055 -0.054299985 0.0159375
v 0.067988055 -0.054299985 0.0234375
v 0.068191515 -0.053723355 0.0159375
v 0.068191515 -0.053723355 0.0234375
v 0.06837129 -0.05317224 0.0159375
v 0.06837129 -0.05317224 0.0234375
v 0.068674905 -0.052139115 0.0159375
v 0.068674905 -0.052139115 0.0234375
v 0.068914905 -0.05119119 0.0159375
v 0.068914905 -0.05119119 0.0234375
v 0.0691029 -0.05032494 0.0159375
v 0.0691029 -0.05032494 0.0234375
v 0.06924786 -0.049541205 0.0159375
v 0.06924786 -0.049541205 0.0234375
v 0.06935997 -0.048818445 0.0159375
v 0.06935997 -0.048818445 0.0234375
v 0.069448725 -0.048153345 0.0159375
v 0.069448725 -0.048153345 0.0234375
v 0.069498435 -0.04756002 0.0159375
v 0.069498435 -0.04756002 0.0234375
v 0.06950238 -0.04697223 0.0159375
v 0.06950238 -0.04697223 0.0234375
v 0.06947187 -0.046349325 0.0159375
v 0.06947187 -0.046349325 0.0234375
v 0.069405705 -0.04569579 0.0159375
v 0.069405705 -0.04569579 0.0234375
v 0.06929511 -0.044964435 0.0159375
v 0.06929511 -0.044964435 0.0234375
v 0.069131625 -0.04415307 0.0159375
v 0.069131625 -0.04415307 0.0234375
v 0.068909265 -0.043262205 0.0159375
v 0.068909265 -0.043262205 0.0234375
v 0.06861537 -0.042286635 0.0159375
v 0.06861537 -0.042286635 0.0234375
v 0.068239845 -0.041229015 0.0159375
v 0.068239845 -0.041229015 0.0234375
v 0.068018175 -0.040665225 0.0159375
v 0.068018175 -0.040665225 0.0234375
v 0.067770375 -0.04007649 0.0159375
v 0.067770375 -0.04007649 0.0234375
v 0.067496685 -0.03946326 0.0159375
v 0.067496685 -0.03946326 0.0234375
v 0.067192125 -0.038820855 0.0159375
v 0.067192125 -0.038820855 0.0234375
v 0.066855615 -0.038147655 0.0159375
v 0.066855615 -0.038147655 0.0234375
v 0.066485865 -0.037445505 0.0159375
v 0.066485865 -0.037445505 0.0234375
v 0.0660834 -0.036715935 0.0159375
v 0.0660834 -0.036715935 0.0234375
v 0.06564318 -0.035954565 0.0159375
v 0.06564318 -0.035954565 0.0234375
v 0.06516192 -0.03515889 0.0159375
v 0.06516192 -0.03515889 0.0234375
v 0.064641 -0.034329945 0.0159375
v 0.064641 -0.034329945 0.0234375
v 0.06405129 -0.033248175 0.0159375
v 0.06405129 -0.033248175 0.0234375
v 0.06361995 -0.03210876 0.0159375
v 0.06361995 -0.03210876 0.0234375
v 0.063346575 -0.03091002 0.0159375
v 0.063346575 -0.03091002 0.0234375
v 0.063241305 -0.029691105 0.0159375
v 0.063241305 -0.029691105 0.0234375
v 0.063303675 -0.028465755 0.0159375
v 0.063303675 -0.028465755 0.0234375
v 0.0635349 -0.02726082 0.0159375
v 0.0635349 -0.02726082 0.0234375
v 0.063927405 -0.02610204 0.0159375
v 0.063927405 -0.02610204 0.0234375
v 0.064478385 -0.025002885 0.0159375
v 0.064478385 -0.025002885 0.0234375
v 0.06516867 -0.02399898 0.0159375
v 0.043639695 -0.045 0.0234375
v 0.043639695 -0.045 0.0159375
v 0.04361268 -0.045238125 0.0159375
v 0.04361268 -0.044761875 0.0234375
v 0.04361268 -0.045238125 0.0234375
v 0.04354743 -0.04545417 0.0159375
v 0.04354743 -0.04545417 0.0234375
v 0.043443165 -0.04564893 0.0159375
v 0.043443165 -0.04564893 0.0234375
v 0.04329504 -0.04582722 0.0159375
v 0.04329504 -0.04582722 0.0234375
v 0.04311675 -0.045975345 0.0159375
v 0.04311675 -0.045975345 0.0234375
v 0.042918315 -0.0460806 0.0159375
v 0.042918315 -0.0460806 0.0234375
v 0.04269444 -0.04614795 0.0159375
v 0.04269444 -0.04614795 0.0234375
v 0.04246782 -0.046171875 0.0159375
v 0.04246782 -0.046171875 0.0234375
v 0.0422412 -0.04614795 0.0159375
v 0.0422412 -0.04614795 0.0234375
v 0.042017325 -0.0460806 0.0159375
v 0.042017325 -0.0460806 0.0234375
v 0.04181889 -0.045975345 0.0159375
v 0.04181889 -0.045975345 0.0234375
v 0.0416406 -0.04582722 0.0159375
v 0.0416406 -0.04582722 0.0234375
v 0.041492475 -0.04564893 0.0159375
v 0.041492475 -0.04564893 0.0234375
v 0.041388195 -0.04545417 0.0159375
v 0.041388195 -0.04545417 0.0234375
v 0.04132296 -0.045238125 0.0159375
v 0.04132296 -0.045238125 0.0234375
v 0.041295945 -0.045 0.0159375
v 0.041295945 -0.045 0.0234375
v 0.04132296 -0.044761875 0.0159375
v 0.04132296 -0.044761875 0.0234375
v 0.041388195 -0.04454583 0.0159375
v 0.041388195 -0.04454583 0.0234375
v 0.041492475 -0.04435107 0.0159375
v 0.041492475 -0.04435107 0.0234375
v 0.0416406 -0.04417278 0.0159375
v 0.0416406 -0.04417278 0.0234375
v 0.04181889 -0.044024655 0.0159375
v 0.04181889 -0.044024655 0.0234375
v 0.042017325 -0.0439194 0.0159375
v 0.042017325 -0.0439194 0.0234375
v 0.0422412 -0.04385205 0.0159375
v 0.0422412 -0.04385205 0.0234375
v 0.04246782 -0.043828125 0.0159375
v 0.04246782 -0.043828125 0.0234375
v 0.04269444 -0.04385205 0.0159375
v 0.04269444 -0.04385205 0.0234375
v 0.042918315 -0.0439194 0.0159375
v 0.042918315 -0.0439194 0.0234375
v 0.04311675 -0.044024655 0.0159375
v 0.04311675 -0.044024655 0.0234375
v 0.04329504 -0.04417278 0.0159375
v 0.04329504 -0.04417278 0.0234375
v 0.043443165 -0.04435107 0.0159375
v 0.043443165 -0.04435107 0.0234375
v 0.04354743 -0.04454583 0.0159375
v 0.04354743 -0.04454583 0.0234375
v 0.04361268 -0.044761875 0.0159375
v 0.059359755 -0.05180271 0.0234375
v 0.059359755 -0.05180271 0.0159375
v 0.0593331 -0.051953625 0.0159375
v 0.0593331 -0.051651795 0.0234375
v 0.0593331 -0.051953625 0.0234375
v 0.059270235 -0.05207823 0.0159375
v 0.059270235 -0.05207823 0.0234375
v 0.059165565 -0.05218059 0.0159375
v 0.059165565 -0.05218059 0.0234375
v 0.05903586 -0.05224851 0.0159375
v 0.05903586 -0.05224851 0.0234375
v 0.058891005 -0.052269795 0.0159375
v 0.058891005 -0.052269795 0.0234375
v 0.05874615 -0.05224851 0.0159375
v 0.05874615 -0.05224851 0.0234375
v 0.05861646 -0.05218059 0.0159375
v 0.05861646 -0.05218059 0.0234375
v 0.058511775 -0.05207823 0.0159375
v 0.058511775 -0.05207823 0.0234375
v 0.05844891 -0.051953625 0.0159375
v 0.05844891 -0.051953625 0.0234375
v 0.058422255 -0.05180271 0.0159375
v 0.058422255 -0.05180271 0.0234375
v 0.05844891 -0.051651795 0.0159375
v 0.05844891 -0.051651795 0.0234375
v 0.058511775 -0.051527175 0.0159375
v 0.058511775 -0.051527175 0.0234375
v 0.05861646 -0.051424815 0.0159375
v 0.05861646 -0.051424815 0.0234375
v 0.05874615 -0.051356895 0.0159375
v 0.05874615 -0.051356895 0.0234375
v 0.058891005 -0.05133561 0.0159375
v 0.058891005 -0.05133561 0.0234375
v 0.05903586 -0.051356895 0.0159375
v 0.05903586 -0.051356895 0.0234375
v 0.059165565 -0.051424815 0.0159375
v 0.059165565 -0.051424815 0.0234375
v 0.059270235 -0.051527175 0.0159375
v 0.059270235 -0.051527175 0.0234375
v 0.0593331 -0.051651795 0.0159375
v 0.03613386 -0.061423185 0.0234375
v 0.03613386 -0.061423185 0.0159375
v 0.036107205 -0.0615741 0.0159375
v 0.036107205 -0.06127227 0.0234375
v 0.036107205 -0.0615741 0.0234375
v 0.03604434 -0.061698705 0.0159375
v 0.03604434 -0.061698705 0.0234375
v 0.035939655 -0.061801065 0.0159375
v 0.035939655 -0.061801065 0.0234375
v 0.035809965 -0.061868985 0.0159375
v 0.035809965 -0.061868985 0.0234375
v 0.03566511 -0.061890285 0.0159375
v 0.03566511 -0.061890285 0.0234375
v 0.035520255 -0.061868985 0.0159375
v 0.035520255 -0.061868985 0.0234375
v 0.035390565 -0.061801065 0.0159375
v 0.035390565 -0.061801065 0.0234375
v 0.03528588 -0.061698705 0.0159375
v 0.03528588 -0.061698705 0.0234375
v 0.035223015 -0.0615741 0.0159375
v 0.035223015 -0.0615741 0.0234375
v 0.03519636 -0.061423185 0.0159375
v 0.03519636 -0.061423185 0.0234375
v 0.035223015 -0.06127227 0.0159375
v 0.035223015 -0.06127227 0.0234375
v 0.03528588 -0.061147665 0.0159375
v 0.03528588 -0.061147665 0.0234375
v 0.035390565 -0.061045305 0.0159375
v 0.035390565 -0.061045305 0.0234375
v 0.035520255 -0.06097737 0.0159375
v 0.035520255 -0.06097737 0.0234375
v 0.03566511 -0.0609561 0.0159375
v 0.03566511 -0.0609561 0.0234375
v 0.035809965 -0.06097737 0.0159375
v 0.035809965 -0.06097737 0.0234375
v 0.035939655 -0.061045305 0.0159375
v 0.035939655 -0.061045305 0.0234375
v 0.03604434 -0.061147665 0.0159375
v 0.03604434 -0.061147665 0.0234375
v 0.036107205 -0.06127227 0.0159375
v 0.026513385 -0.03819729 0.0234375
v 0.026513385 -0.03819729 0.0159375
v 0.02648673 -0.038348205 0.0159375
v 0.02648673 -0.038046375 0.0234375
v 0.02648673 -0.038348205 0.0234375
v 0.026423865 -0.038472825 0.0159375
v 0.026423865 -0.038472825 0.0234375
v 0.02631918 -0.038575185 0.0159375
v 0.02631918 -0.038575185 0.0234375
v 0.02618949 -0.038643105 0.0159375
v 0.02618949 -0.038643105 0.0234375
v 0.026044635 -0.03866439 0.0159375
v 0.026044635 -0.03866439 0.0234375
v 0.02589978 -0.038643105 0.0159375
v 0.02589978 -0.038643105 0.0234375
v 0.025770075 -0.038575185 0.0159375
v 0.025770075 -0.038575185 0.0234375
v 0.025665405 -0.038472825 0.0159375
v 0.025665405 -0.038472825 0.0234375
v 0.02560254 -0.038348205 0.0159375
v 0.02560254 -0.038348205 0.0234375
v 0.025575885 -0.03819729 0.0159375
v 0.025575885 -0.03819729 0.0234375
v 0.02560254 -0.038046375 0.0159375
v 0.02560254 -0.038046375 0.0234375
v 0.025665405 -0.03792177 0.0159375
v 0.025665405 -0.03792177 0.0234375
v 0.025770075 -0.03781941 0.0159375
v 0.025770075 -0.03781941 0.0234375
v 0.02589978 -0.03775149 0.0159375
v 0.02589978 -0.03775149 0.0234375
v 0.026044635 -0.037730205 0.0159375
v 0.026044635 -0.037730205 0.0234375
v 0.02618949 -0.03775149 0.0159375
v 0.02618949 -0.03775149 0.0234375
v 0.02631918 -0.03781941 0.0159375
v 0.02631918 -0.03781941 0.0234375
v 0.026423865 -0.03792177 0.0159375
v 0.026423865 -0.03792177 0.0234375
v 0.02648673 -0.038046375 0.0159375
v 0.04973928 -0.028576815 0.0234375
v 0.04973928 -0.028576815 0.0159375
v 0.049712625 -0.02872773 0.0159375
v 0.049712625 -0.0284259 0.0234375
v 0.049712625 -0.02872773 0.0234375
v 0.049649745 -0.028852335 0.0159375
v 0.049649745 -0.028852335 0.0234375
v 0.049545075 -0.028954695 0.0159375
v 0.049545075 -0.028954695 0.0234375
v 0.04941537 -0.029022615 0.0159375
v 0.04941537 -0.029022615 0.0234375
v 0.04927053 -0.0290439 0.0159375
v 0.04927053 -0.0290439 0.0234375
v 0.049125675 -0.029022615 0.0159375
v 0.049125675 -0.029022615 0.0234375
v 0.04899597 -0.028954695 0.0159375
v 0.04899597 -0.028954695 0.0234375
v 0.0488913 -0.028852335 0.0159375
v 0.0488913 -0.028852335 0.0234375
v 0.048828435 -0.02872773 0.0159375
v 0.048828435 -0.02872773 0.0234375
v 0.04880178 -0.028576815 0.0159375
v 0.04880178 -0.028576815 0.0234375
v 0.048828435 -0.0284259 0.0159375
v 0.048828435 -0.0284259 0.0234375
v 0.0488913 -0.028301295 0.0159375
v 0.0488913 -0.028301295 0.0234375
v 0.04899597 -0.02819892 0.0159375
v 0.04899597 -0.02819892 0.0234375
v 0.049125675 -0.028131 0.0159375
v 0.049125675 -0.028131 0.0234375
v 0.04927053 -0.028109715 0.0159375
v 0.04927053 -0.028109715 0.0234375
v 0.04941537 -0.028131 0.0159375
v 0.04941537 -0.028131 0.0234375
v 0.049545075 -0.02819892 0.0159375
v 0.049545075 -0.02819892 0.0234375
v 0.049649745 -0.028301295 0.0159375
v 0.049649745 -0.028301295 0.0234375
v 0.049712625 -0.0284259 0.0159375
v 0.03780684 -0.011141085 0.0234375
v 0.03780684 -0.011141085 0.0159375
v 0.03815457 -0.011093415 0.0159375
v 0.03656277 -0.01133832 0.0234375
v 0.038244135 -0.011085315 0.0234375
v 0.038515455 -0.011071155 0.0159375
v 0.038667225 -0.011067585 0.0234375
v 0.038892585 -0.01107183 0.0159375
v 0.039078885 -0.01108776 0.0234375
v 0.03926628 -0.01111212 0.0159375
v 0.03945591 -0.01114752 0.0234375
v 0.03963303 -0.011194425 0.0159375
v 0.03979728 -0.01124643 0.0234375
v 0.039977295 -0.01131636 0.0159375
v 0.040115115 -0.0113778 0.0234375
v 0.040296855 -0.01147482 0.0159375
v 0.040411125 -0.01154409 0.0234375
v 0.040580835 -0.01166187 0.0159375
v 0.040692075 -0.01174917 0.0234375
v 0.04105143 -0.012099765 0.0159375
v 0.040951425 -0.01199043 0.0234375
v 0.041187495 -0.012268515 0.0234375
v 0.041397975 -0.012584025 0.0159375
v 0.04139112 -0.01257117 0.0234375
v 0.04156197 -0.012894525 0.0234375
v 0.041644995 -0.013075635 0.0159375
v 0.04170708 -0.013212765 0.0234375
v 0.04182567 -0.01352925 0.0159375
v 0.04182567 -0.01352925 0.0234375
v 0.042149295 -0.01440144 0.0159375
v 0.042149295 -0.01440144 0.0234375
v 0.042455295 -0.015242295 0.0159375
v 0.042455295 -0.015242295 0.0234375
v 0.04274367 -0.01605183 0.0159375
v 0.04274367 -0.01605183 0.0234375
v 0.043014435 -0.016830015 0.0159375
v 0.043014435 -0.016830015 0.0234375
v 0.043265415 -0.017571195 0.0159375
v 0.043265415 -0.017571195 0.0234375
v 0.043495365 -0.018272085 0.0159375
v 0.043495365 -0.018272085 0.0234375
v 0.04371009 -0.01894791 0.0159375
v 0.04371009 -0.01894791 0.0234375
v 0.043915515 -0.019614405 0.0159375
v 0.043915515 -0.019614405 0.0234375
v 0.044115525 -0.020281005 0.0159375
v 0.044115525 -0.020281005 0.0234375
v 0.044305695 -0.020934405 0.0159375
v 0.044305695 -0.020934405 0.0234375
v 0.04448691 -0.021580065 0.0159375
v 0.04448691 -0.021580065 0.0234375
v 0.044660835 -0.02222601 0.0159375
v 0.044660835 -0.02222601 0.0234375
v 0.044829285 -0.02288055 0.0159375
v 0.044829285 -0.02288055 0.0234375
v 0.04499349 -0.023547705 0.0159375
v 0.04499349 -0.023547705 0.0234375
v 0.04515075 -0.02421675 0.0159375
v 0.04515075 -0.02421675 0.0234375
v 0.04529775 -0.02487501 0.0159375
v 0.04529775 -0.02487501 0.0234375
v 0.04543128 -0.02551038 0.0159375
v 0.04543128 -0.02551038 0.0234375
v 0.045551925 -0.02612919 0.0159375
v 0.045551925 -0.02612919 0.0234375
v 0.04566096 -0.02673333 0.0159375
v 0.04566096 -0.02673333 0.0234375
v 0.04575855 -0.02731698 0.0159375
v 0.04575855 -0.02731698 0.0234375
v 0.045844815 -0.02787432 0.0159375
v 0.045844815 -0.02787432 0.0234375
v 0.04591866 -0.02839614 0.0159375
v 0.04591866 -0.02839614 0.0234375
v 0.04598028 -0.028887645 0.0159375
v 0.04598028 -0.028887645 0.0234375
v 0.046031835 -0.02936466 0.0159375
v 0.046031835 -0.02936466 0.0234375
v 0.046075455 -0.02984298 0.0159375
v 0.046075455 -0.02984298 0.0234375
v 0.04611288 -0.030328995 0.0159375
v 0.04611288 -0.030328995 0.0234375
v 0.04614315 -0.030812025 0.0159375
v 0.04614315 -0.030812025 0.0234375
v 0.04616427 -0.03129429 0.0159375
v 0.04616427 -0.03129429 0.0234375
v 0.046174305 -0.031778475 0.0159375
v 0.046174305 -0.031778475 0.0234375
v 0.04617156 -0.032271285 0.0159375
v 0.04617156 -0.032271285 0.0234375
v 0.04616139 -0.03265311 0.0159375
v 0.04616139 -0.03265311 0.0234375
v 0.04614495 -0.03303666 0.0159375
v 0.04614495 -0.03303666 0.0234375
v 0.04612281 -0.03341259 0.0159375
v 0.04612281 -0.03341259 0.0234375
v 0.04609554 -0.033771615 0.0159375
v 0.04609554 -0.033771615 0.0234375
v 0.046052025 -0.034209465 0.0159375
v 0.046052025 -0.034209465 0.0234375
v 0.045999525 -0.03460521 0.0159375
v 0.045999525 -0.03460521 0.0234375
v 0.045937845 -0.03497199 0.0159375
v 0.045937845 -0.03497199 0.0234375
v 0.04586709 -0.035321595 0.0159375
v 0.04586709 -0.035321595 0.0234375
v 0.0457875 -0.035665245 0.0159375
v 0.0457875 -0.035665245 0.0234375
v 0.04570212 -0.035995995 0.0159375
v 0.04570212 -0.035995995 0.0234375
v 0.04560867 -0.03631287 0.0159375
v 0.04560867 -0.03631287 0.0234375
v 0.045502335 -0.036622875 0.0159375
v 0.045502335 -0.036622875 0.0234375
v 0.045378315 -0.036933 0.0159375
v 0.045378315 -0.036933 0.0234375
v 0.045270495 -0.037171635 0.0159375
v 0.045270495 -0.037171635 0.0234375
v 0.04515099 -0.037414395 0.0159375
v 0.04515099 -0.037414395 0.0234375
v 0.045023025 -0.037654785 0.0159375
v 0.045023025 -0.037654785 0.0234375
v 0.044889915 -0.03788631 0.0159375
v 0.044889915 -0.03788631 0.0234375
v 0.04475493 -0.038102475 0.0159375
v 0.04475493 -0.038102475 0.0234375
v 0.04462098 -0.0382974 0.0159375
v 0.04462098 -0.0382974 0.0234375
v 0.044486655 -0.038473605 0.0159375
v 0.044486655 -0.038473605 0.0234375
v 0.04435017 -0.038634825 0.0159375
v 0.04435017 -0.038634825 0.0234375
v 0.04421025 -0.038783955 0.0159375
v 0.04421025 -0.038783955 0.0234375
v 0.044065635 -0.03892386 0.0159375
v 0.044065635 -0.03892386 0.0234375
v 0.04391502 -0.039057465 0.0159375
v 0.04391502 -0.039057465 0.0234375
v 0.04375848 -0.039185715 0.0159375
v 0.04375848 -0.039185715 0.0234375
v 0.043597635 -0.03930594 0.0159375
v 0.043597635 -0.03930594 0.0234375
v 0.04343172 -0.039417945 0.0159375
v 0.04343172 -0.039417945 0.0234375
v 0.04325988 -0.03952158 0.0159375
v 0.04325988 -0.03952158 0.0234375
v 0.04308126 -0.03961674 0.0159375
v 0.04308126 -0.03961674 0.0234375
v 0.04289505 -0.03970332 0.0159375
v 0.04289505 -0.03970332 0.0234375
v 0.042701445 -0.039782355 0.0159375
v 0.042701445 -0.039782355 0.0234375
v 0.042500985 -0.039853575 0.0159375
v 0.042500985 -0.039853575 0.0234375
v 0.042293865 -0.03991599 0.0159375
v 0.042293865 -0.03991599 0.0234375
v 0.04208034 -0.039968595 0.0159375
v 0.04208034 -0.039968595 0.0234375
v 0.041860635 -0.040010415 0.0159375
v 0.041860635 -0.040010415 0.0234375
v 0.0416349 -0.040040805 0.0159375
v 0.0416349 -0.040040805 0.0234375
v 0.04140291 -0.04006071 0.0159375
v 0.04140291 -0.04006071 0.0234375
v 0.041164635 -0.040070295 0.0159375
v 0.041164635 -0.040070295 0.0234375
v 0.040920075 -0.040069545 0.0159375
v 0.040920075 -0.040069545 0.0234375
v 0.04066923 -0.04005846 0.0159375
v 0.04066923 -0.04005846 0.0234375
v 0.040412085 -0.04003704 0.0159375
v 0.040412085 -0.04003704 0.0234375
v 0.039977625 -0.039975525 0.0159375
v 0.039977625 -0.039975525 0.0234375
v 0.039545025 -0.039904185 0.0159375
v 0.039545025 -0.039904185 0.0234375
v 0.039114315 -0.03982302 0.0159375
v 0.039114315 -0.03982302 0.0234375
v 0.03868548 -0.03973203 0.0159375
v 0.03868548 -0.03973203 0.0234375
v 0.038258505 -0.0396312 0.0159375
v 0.038258505 -0.0396312 0.0234375
v 0.03783024 -0.0395175 0.0159375
v 0.03783024 -0.0395175 0.0234375
v 0.037401405 -0.03939165 0.0159375
v 0.037401405 -0.03939165 0.0234375
v 0.036976335 -0.039257775 0.0159375
v 0.036976335 -0.039257775 0.0234375
v 0.03655935 -0.039120015 0.0159375
v 0.03655935 -0.039120015 0.0234375
v 0.036154665 -0.03898236 0.0159375
v 0.036154665 -0.03898236 0.0234375
v 0.035761245 -0.03884172 0.0159375
v 0.035761245 -0.03884172 0.0234375
v 0.0353769 -0.03869688 0.0159375
v 0.0353769 -0.03869688 0.0234375
v 0.03487815 -0.038501355 0.0159375
v 0.03487815 -0.038501355 0.0234375
v 0.03439458 -0.038308365 0.0159375
v 0.03439458 -0.038308365 0.0234375
v 0.033927615 -0.03811905 0.0159375
v 0.033927615 -0.03811905 0.0234375
v 0.033477165 -0.037930755 0.0159375
v 0.033477165 -0.037930755 0.0234375
v 0.03303909 -0.037745595 0.0159375
v 0.03303909 -0.037745595 0.0234375
v 0.03260943 -0.03756555 0.0159375
v 0.03260943 -0.03756555 0.0234375
v 0.032189385 -0.03738915 0.0159375
v 0.032189385 -0.03738915 0.0234375
v 0.03177948 -0.037217025 0.0159375
v 0.03177948 -0.037217025 0.0234375
v 0.031378575 -0.037051395 0.0159375
v 0.031378575 -0.037051395 0.0234375
v 0.030985935 -0.03689376 0.0159375
v 0.030985935 -0.03689376 0.0234375
v 0.030602595 -0.036742455 0.0159375
v 0.030602595 -0.036742455 0.0234375
v 0.03022758 -0.036598665 0.0159375
v 0.03022758 -0.036598665 0.0234375
v 0.02985963 -0.036464055 0.0159375
v 0.02985963 -0.036464055 0.0234375
v 0.02949804 -0.036338745 0.0159375
v 0.02949804 -0.036338745 0.0234375
v 0.029143455 -0.036221805 0.0159375
v 0.029143455 -0.036221805 0.0234375
v 0.02879622 -0.036115065 0.0159375
v 0.02879622 -0.036115065 0.0234375
v 0.02845668 -0.03602037 0.0159375
v 0.02845668 -0.03602037 0.0234375
v 0.02812515 -0.035936955 0.0159375
v 0.02812515 -0.035936955 0.0234375
v 0.02780124 -0.035864805 0.0159375
v 0.02780124 -0.035864805 0.0234375
v 0.027484275 -0.03580524 0.0159375
v 0.027484275 -0.03580524 0.0234375
v 0.02717397 -0.03575919 0.0159375
v 0.02717397 -0.03575919 0.0234375
v 0.026871585 -0.035725305 0.0159375
v 0.026871585 -0.035725305 0.0234375
v 0.02657544 -0.035704845 0.0159375
v 0.02657544 -0.035704845 0.0234375
v 0.026283255 -0.035699655 0.0159375
v 0.026283255 -0.035699655 0.0234375
v 0.025993935 -0.03571023 0.0159375
v 0.025993935 -0.03571023 0.0234375
v 0.02570877 -0.03573531 0.0159375
v 0.02570877 -0.03573531 0.0234375
v 0.025427235 -0.035776695 0.0159375
v 0.025427235 -0.035776695 0.0234375
v 0.02514873 -0.035836305 0.0159375
v 0.02514873 -0.035836305 0.0234375
v 0.02487498 -0.03591591 0.0159375
v 0.02487498 -0.03591591 0.0234375
v 0.024604995 -0.03601365 0.0159375
v 0.024604995 -0.03601365 0.0234375
v 0.024335175 -0.036126345 0.0159375
v 0.024335175 -0.036126345 0.0234375
v 0.0240627 -0.036251535 0.0159375
v 0.0240627 -0.036251535 0.0234375
v 0.023791065 -0.036392415 0.0159375
v 0.023791065 -0.036392415 0.0234375
v 0.02351748 -0.03654636 0.0159375
v 0.02351748 -0.03654636 0.0234375
v 0.023237175 -0.0367089 0.0159375
v 0.023237175 -0.0367089 0.0234375
v 0.022947015 -0.036877125 0.0159375
v 0.022947015 -0.036877125 0.0234375
v 0.02264949 -0.03705336 0.0159375
v 0.02264949 -0.03705336 0.0234375
v 0.02234487 -0.037237845 0.0159375
v 0.02234487 -0.037237845 0.0234375
v 0.022033155 -0.037430565 0.0159375
v 0.022033155 -0.037430565 0.0234375
v 0.02167434 -0.03764892 0.0159375
v 0.02165571 -0.037656495 0.0234375
v 0.021308505 -0.03782982 0.0159375
v 0.02127528 -0.037842285 0.0234375
v 0.02093379 -0.037974015 0.0159375
v 0.02088894 -0.037989195 0.0234375
v 0.020547375 -0.0380826 0.0159375
v 0.020500725 -0.03809544 0.0234375
v 0.02016888 -0.038147835 0.0159375
v 0.020126205 -0.038152545 0.0234375
v 0.019804155 -0.038162775 0.0159375
v 0.019763295 -0.038161185 0.0234375
v 0.01912884 -0.03807444 0.0159375
v 0.019104615 -0.03806595 0.0234375
v 0.01855269 -0.037857645 0.0159375
v 0.018539655 -0.03785157 0.0234375
v 0.018079455 -0.037565925 0.0159375
v 0.018069675 -0.037559715 0.0234375
v 0.01769967 -0.03723336 0.0159375
v 0.017691495 -0.037226955 0.0234375
v 0.017396565 -0.03688533 0.0159375
v 0.017393595 -0.03688134 0.0234375
v 0.01714977 -0.03654093 0.0159375
v 0.01715082 -0.036540735 0.0234375
v 0.0169404 -0.03621201 0.0159375
v 0.0169404 -0.03621201 0.0234375
v 0.01660182 -0.0356781 0.0159375
v 0.01660182 -0.0356781 0.0234375
v 0.016273995 -0.03515835 0.0159375
v 0.016273995 -0.03515835 0.0234375
v 0.01595652 -0.034653015 0.0159375
v 0.01595652 -0.034653015 0.0234375
v 0.01564932 -0.03416214 0.0159375
v 0.01564932 -0.03416214 0.0234375
v 0.015355785 -0.03368358 0.0159375
v 0.015355785 -0.03368358 0.0234375
v 0.0150762 -0.033217365 0.0159375
v 0.0150762 -0.033217365 0.0234375
v 0.014811135 -0.032762625 0.0159375
v 0.014811135 -0.032762625 0.0234375
v 0.014560755 -0.032318205 0.0159375
v 0.014560755 -0.032318205 0.0234375
v 0.014325825 -0.031884465 0.0159375
v 0.014325825 -0.031884465 0.0234375
v 0.01411203 -0.031460925 0.0159375
v 0.01411203 -0.031460925 0.0234375
v 0.01391847 -0.031048185 0.0159375
v 0.01391847 -0.031048185 0.0234375
v 0.01374825 -0.030643605 0.0159375
v 0.01374825 -0.030643605 0.0234375
v 0.01360047 -0.03024897 0.0159375
v 0.01360047 -0.03024897 0.0234375
v 0.01347942 -0.029859105 0.0159375
v 0.01347942 -0.029859105 0.0234375
v 0.013393905 -0.02946405 0.0159375
v 0.013393905 -0.02946405 0.0234375
v 0.013341705 -0.029066325 0.0159375
v 0.013341705 -0.029066325 0.0234375
v 0.013332375 -0.02865543 0.0159375
v 0.013332375 -0.02865543 0.0234375
v 0.013368045 -0.028229355 0.0159375
v 0.013368045 -0.028229355 0.0234375
v 0.01344678 -0.027789345 0.0159375
v 0.01344678 -0.027789345 0.0234375
v 0.01356996 -0.027332805 0.0159375
v 0.01356996 -0.027332805 0.0234375
v 0.01373607 -0.026861955 0.0159375
v 0.01373607 -0.026861955 0.0234375
v 0.013937835 -0.026386065 0.0159375
v 0.013937835 -0.026386065 0.0234375
v 0.014175405 -0.025904955 0.0159375
v 0.014175405 -0.025904955 0.0234375
v 0.01444962 -0.025417515 0.0159375
v 0.01444962 -0.025417515 0.0234375
v 0.01528443 -0.02427084 0.0159375
v 0.01528443 -0.02427084 0.0234375
v 0.016221615 -0.02310732 0.0159375
v 0.016221615 -0.02310732 0.0234375
v 0.017255805 -0.021923505 0.0159375
v 0.017255805 -0.021923505 0.0234375
v 0.018403155 -0.02072979 0.0159375
v 0.018403155 -0.02072979 0.0234375
v 0.019023705 -0.02013171 0.0159375
v 0.019023705 -0.02013171 0.0234375
v 0.019673715 -0.019531665 0.0159375
v 0.019673715 -0.019531665 0.0234375
v 0.020357775 -0.018933345 0.0159375
v 0.020357775 -0.018933345 0.0234375
v 0.021080415 -0.01834047 0.0159375
v 0.021080415 -0.01834047 0.0234375
v 0.021839325 -0.017751045 0.0159375
v 0.021839325 -0.017751045 0.0234375
v 0.022633245 -0.01716408 0.0159375
v 0.022633245 -0.01716408 0.0234375
v 0.023468385 -0.01658481 0.0159375
v 0.023468385 -0.01658481 0.0234375
v 0.024350955 -0.01601844 0.0159375
v 0.024350955 -0.01601844 0.0234375
v 0.025285125 -0.01545957 0.0159375
v 0.025285125 -0.01545957 0.0234375
v 0.026266755 -0.01490769 0.0159375
v 0.026266755 -0.01490769 0.0234375
v 0.02728956 -0.01437534 0.0159375
v 0.02728956 -0.01437534 0.0234375
v 0.02834733 -0.013875045 0.0159375
v 0.02834733 -0.013875045 0.0234375
v 0.02944629 -0.013403865 0.0159375
v 0.02944629 -0.013403865 0.0234375
v 0.03058713 -0.012957225 0.0159375
v 0.03058713 -0.012957225 0.0234375
v 0.031755285 -0.012545175 0.0159375
v 0.031755285 -0.012545175 0.0234375
v 0.032936205 -0.01217775 0.0159375
v 0.032936205 -0.01217775 0.0234375
v 0.034127445 -0.01185666 0.0159375
v 0.034127445 -0.01185666 0.0234375
v 0.03533631 -0.011576835 0.0159375
v 0.03533631 -0.011576835 0.0234375
v 0.03656277 -0.01133832 0.0159375
v 0.04335825 -0.06764472 0.0234375
v 0.04335825 -0.06764472 0.0159375
v 0.04288479 -0.06765432 0.0159375
v 0.04533816 -0.067479465 0.0234375
v 0.042837345 -0.067652385 0.0234375
v 0.042352095 -0.06761835 0.0159375
v 0.04224696 -0.06760197 0.0234375
v 0.041768115 -0.067491135 0.0159375
v 0.04161114 -0.067438185 0.0234375
v 0.041176755 -0.067240245 0.0159375
v 0.040999935 -0.067135395 0.0234375
v 0.040630425 -0.066851175 0.0159375
v 0.040477095 -0.066705075 0.0234375
v 0.04017786 -0.066340035 0.0159375
v 0.040075215 -0.06618618 0.0234375
v 0.039853215 -0.06575928 0.0159375
v 0.03980511 -0.06563775 0.0234375
v 0.03965658 -0.065180955 0.0159375
v 0.03964254 -0.06512088 0.0234375
v 0.0395379 -0.064653615 0.0159375
v 0.0395379 -0.064653615 0.0234375
v 0.0394245 -0.064080945 0.0159375
v 0.0394245 -0.064080945 0.0234375
v 0.03932034 -0.063522825 0.0159375
v 0.03932034 -0.063522825 0.0234375
v 0.03922539 -0.062979225 0.0159375
v 0.03922539 -0.062979225 0.0234375
v 0.039139695 -0.06245016 0.0159375
v 0.039139695 -0.06245016 0.0234375
v 0.03906342 -0.06193902 0.0159375
v 0.03906342 -0.06193902 0.0234375
v 0.038996985 -0.061452015 0.0159375
v 0.038996985 -0.061452015 0.0234375
v 0.038939625 -0.0609771 0.0159375
v 0.038939625 -0.0609771 0.0234375
v 0.0388905 -0.060500805 0.0159375
v 0.0388905 -0.060500805 0.0234375
v 0.0388488 -0.06000942 0.0159375
v 0.0388488 -0.06000942 0.0234375
v 0.038814105 -0.059494005 0.0159375
v 0.038814105 -0.059494005 0.0234375
v 0.038787255 -0.058969905 0.0159375
v 0.038787255 -0.058969905 0.0234375
v 0.038769225 -0.058457145 0.0159375
v 0.038769225 -0.058457145 0.0234375
v 0.038761005 -0.05797575 0.0159375
v 0.038761005 -0.05797575 0.0234375
v 0.03876279 -0.05753787 0.0159375
v 0.03876279 -0.05753787 0.0234375
v 0.038773935 -0.05713173 0.0159375
v 0.038773935 -0.05713173 0.0234375
v 0.03879462 -0.056743335 0.0159375
v 0.03879462 -0.056743335 0.0234375
v 0.038825055 -0.05635866 0.0159375
v 0.038825055 -0.05635866 0.0234375
v 0.03886533 -0.05596605 0.0159375
v 0.03886533 -0.05596605 0.0234375
v 0.03891525 -0.055571115 0.0159375
v 0.03891525 -0.055571115 0.0234375
v 0.03897492 -0.055180425 0.0159375
v 0.03897492 -0.055180425 0.0234375
v 0.03904455 -0.054799605 0.0159375
v 0.03904455 -0.054799605 0.0234375
v 0.03912435 -0.054434055 0.0159375
v 0.03912435 -0.054434055 0.0234375
v 0.039215655 -0.054079905 0.0159375
v 0.039215655 -0.054079905 0.0234375
v 0.03931755 -0.053736615 0.0159375
v 0.03931755 -0.053736615 0.0234375
v 0.039427965 -0.0534081 0.0159375
v 0.039427965 -0.0534081 0.0234375
v 0.03954492 -0.053098305 0.0159375
v 0.03954492 -0.053098305 0.0234375
v 0.039665685 -0.05281167 0.0159375
v 0.039665685 -0.05281167 0.0234375
v 0.03979062 -0.05254707 0.0159375
v 0.03979062 -0.05254707 0.0234375
v 0.03992433 -0.052297545 0.0159375
v 0.03992433 -0.052297545 0.0234375
v 0.04007145 -0.052056105 0.0159375
v 0.04007145 -0.052056105 0.0234375
v 0.04023657 -0.051815835 0.0159375
v 0.04023657 -0.051815835 0.0234375
v 0.04042038 -0.051575985 0.0159375
v 0.04042038 -0.051575985 0.0234375
v 0.040618035 -0.051343545 0.0159375
v 0.040618035 -0.051343545 0.0234375
v 0.040824285 -0.051126045 0.0159375
v 0.040824285 -0.051126045 0.0234375
v 0.04103394 -0.05093097 0.0159375
v 0.04103394 -0.05093097 0.0234375
v 0.04124583 -0.050759265 0.0159375
v 0.04124583 -0.050759265 0.0234375
v 0.041463075 -0.050606715 0.0159375
v 0.041463075 -0.050606715 0.0234375
v 0.041688075 -0.0504711 0.0159375
v 0.041688075 -0.0504711 0.0234375
v 0.04192317 -0.05035017 0.0159375
v 0.04192317 -0.05035017 0.0234375
v 0.04216932 -0.05024223 0.0159375
v 0.04216932 -0.05024223 0.0234375
v 0.042424485 -0.050148345 0.0159375
v 0.042424485 -0.050148345 0.0234375
v 0.04268964 -0.05006991 0.0159375
v 0.04268964 -0.05006991 0.0234375
v 0.04296597 -0.05000832 0.0159375
v 0.04296597 -0.05000832 0.0234375
v 0.043254495 -0.04996479 0.0159375
v 0.043254495 -0.04996479 0.0234375
v 0.043554705 -0.049938705 0.0159375
v 0.043554705 -0.049938705 0.0234375
v 0.04378731 -0.049930365 0.0159375
v 0.04378731 -0.049930365 0.0234375
v 0.04402632 -0.04993161 0.0159375
v 0.04402632 -0.04993161 0.0234375
v 0.044271735 -0.049942485 0.0159375
v 0.044271735 -0.049942485 0.0234375
v 0.04452354 -0.04996296 0.0159375
v 0.04452354 -0.04996296 0.0234375
v 0.045425745 -0.050101605 0.0159375
v 0.045425745 -0.050101605 0.0234375
v 0.046315335 -0.05028186 0.0159375
v 0.046315335 -0.05028186 0.0234375
v 0.04719594 -0.050508345 0.0159375
v 0.04719594 -0.050508345 0.0234375
v 0.048063255 -0.0507756 0.0159375
v 0.048063255 -0.0507756 0.0234375
v 0.048895545 -0.051057375 0.0159375
v 0.048895545 -0.051057375 0.0234375
v 0.049694805 -0.05135724 0.0159375
v 0.049694805 -0.05135724 0.0234375
v 0.050457345 -0.05165655 0.0159375
v 0.050457345 -0.05165655 0.0234375
v 0.05117991 -0.051953355 0.0159375
v 0.05117991 -0.051953355 0.0234375
v 0.05253534 -0.05252256 0.0159375
v 0.05253534 -0.05252256 0.0234375
v 0.05379417 -0.05304387 0.0159375
v 0.05379417 -0.05304387 0.0234375
v 0.054978075 -0.053499915 0.0159375
v 0.054978075 -0.053499915 0.0234375
v 0.05609118 -0.053869875 0.0159375
v 0.05609118 -0.053869875 0.0234375
v 0.057134145 -0.054134985 0.0159375
v 0.057134145 -0.054134985 0.0234375
v 0.057389535 -0.054184755 0.0159375
v 0.05742855 -0.054192045 0.0234375
v 0.057654585 -0.05423439 0.0159375
v 0.05775063 -0.054252735 0.0234375
v 0.057938025 -0.054290595 0.0159375
v 0.058101375 -0.05432655 0.0234375
v 0.058249215 -0.054362265 0.0159375
v 0.05848395 -0.05442663 0.0234375
v 0.05859381 -0.0544605 0.0159375
v 0.058901085 -0.05457162 0.0234375
v 0.05896857 -0.054599415 0.0159375
v 0.059353035 -0.05478987 0.0234375
v 0.059368995 -0.05479836 0.0159375
v 0.059788035 -0.055084635 0.0159375
v 0.0598236 -0.055115025 0.0234375
v 0.06018792 -0.055487325 0.0159375
v 0.060249015 -0.055568805 0.0234375
v 0.060509175 -0.056024625 0.0159375
v 0.060557235 -0.05614224 0.0234375
v 0.06062259 -0.056343075 0.0159375
v 0.060653115 -0.056462325 0.0234375
v 0.060696225 -0.056680695 0.0159375
v 0.06070998 -0.05679066 0.0234375
v 0.060723405 -0.05703267 0.0159375
v 0.06071244 -0.057374325 0.0159375
v 0.06070614 -0.057430005 0.0234375
v 0.06059331 -0.05800164 0.0159375
v 0.060596715 -0.05798655 0.0234375
v 0.060434145 -0.05845881 0.0234375
v 0.060401445 -0.05853783 0.0159375
v 0.060247995 -0.058859745 0.0234375
v 0.060179025 -0.05898738 0.0159375
v 0.06005091 -0.059203095 0.0234375
v 0.05994873 -0.059359755 0.0159375
v 0.05985216 -0.059498055 0.0234375
v 0.05972604 -0.05966688 0.0159375
v 0.059661405 -0.05974935 0.0234375
v 0.05951973 -0.059921685 0.0159375
v 0.059482125 -0.059966025 0.0234375
v 0.05932734 -0.06014313 0.0159375
v 0.05931063 -0.06016188 0.0234375
v 0.059141055 -0.060348585 0.0159375
v 0.059141055 -0.060348585 0.0234375
v 0.05773203 -0.06175014 0.0159375
v 0.05773203 -0.06175014 0.0234375
v 0.056215185 -0.063016215 0.0159375
v 0.056215185 -0.063016215 0.0234375
v 0.054586275 -0.0641496 0.0159375
v 0.054586275 -0.0641496 0.0234375
v 0.052868805 -0.06513426 0.0159375
v 0.052868805 -0.06513426 0.0234375
v 0.0510669 -0.065967225 0.0159375
v 0.0510669 -0.065967225 0.0234375
v 0.049203975 -0.06663765 0.0159375
v 0.049203975 -0.06663765 0.0234375
v 0.04728507 -0.067144245 0.0159375
v 0.04728507 -0.067144245 0.0234375
v 0.04533816 -0.067479465 0.0159375
v 0.06414741 -0.043136055 0.0234375
v 0.06414741 -0.043136055 0.0159375
v 0.064282275 -0.04352679 0.0159375
v 0.06363141 -0.0418398 0.0234375
v 0.064345185 -0.043731435 0.0234375
v 0.06440691 -0.04396353 0.0159375
v 0.064489305 -0.0443928 0.0234375
v 0.064499055 -0.04446843 0.0159375
v 0.06451989 -0.044748165 0.0234375
v 0.06451962 -0.045050505 0.0159375
v 0.06451599 -0.0451107 0.0234375
v 0.06442608 -0.0456795 0.0159375
v 0.06446961 -0.04547484 0.0234375
v 0.06438435 -0.045829575 0.0234375
v 0.06419619 -0.046298715 0.0159375
v 0.06425844 -0.046164015 0.0234375
v 0.064100145 -0.04647228 0.0234375
v 0.063823785 -0.046855095 0.0159375
v 0.063709245 -0.04698192 0.0234375
v 0.06333006 -0.04731966 0.0159375
v 0.06327591 -0.04735983 0.0234375
v 0.06277977 -0.04765713 0.0159375
v 0.06284106 -0.047626545 0.0234375
v 0.06242394 -0.04780779 0.0234375
v 0.06224562 -0.047868855 0.0159375
v 0.06202746 -0.047933085 0.0234375
v 0.061757235 -0.04799961 0.0159375
v 0.061654155 -0.048022005 0.0234375
v 0.061311195 -0.04808955 0.0159375
v 0.061311195 -0.04808955 0.0234375
v 0.060756135 -0.048190485 0.0159375
v 0.060756135 -0.048190485 0.0234375
v 0.060209955 -0.04828248 0.0159375
v 0.060209955 -0.04828248 0.0234375
v 0.059672655 -0.048365535 0.0159375
v 0.059672655 -0.048365535 0.0234375
v 0.059144235 -0.04843962 0.0159375
v 0.059144235 -0.04843962 0.0234375
v 0.05862762 -0.048504915 0.0159375
v 0.05862762 -0.048504915 0.0234375
v 0.05812287 -0.04856142 0.0159375
v 0.05812287 -0.04856142 0.0234375
v 0.057623385 -0.04860879 0.0159375
v 0.057623385 -0.04860879 0.0234375
v 0.057122505 -0.048646695 0.0159375
v 0.057122505 -0.048646695 0.0234375
v 0.056610705 -0.04867509 0.0159375
v 0.056610705 -0.04867509 0.0234375
v 0.05608923 -0.04869423 0.0159375
v 0.05608923 -0.04869423 0.0234375
v 0.05557572 -0.04870383 0.0159375
v 0.05557572 -0.04870383 0.0234375
v 0.055088055 -0.04870365 0.0159375
v 0.055088055 -0.04870365 0.0234375
v 0.05464101 -0.048693735 0.0159375
v 0.05464101 -0.048693735 0.0234375
v 0.05422782 -0.04867449 0.0159375
v 0.05422782 -0.04867449 0.0234375
v 0.05383338 -0.04864518 0.0159375
v 0.05383338 -0.04864518 0.0234375
v 0.053442555 -0.048605085 0.0159375
v 0.053442555 -0.048605085 0.0234375
v 0.053043285 -0.04855359 0.0159375
v 0.053043285 -0.04855359 0.0234375
v 0.05264151 -0.04849104 0.0159375
v 0.05264151 -0.04849104 0.0234375
v 0.052245495 -0.04841778 0.0159375
v 0.052245495 -0.04841778 0.0234375
v 0.051862995 -0.04833405 0.0159375
v 0.051862995 -0.04833405 0.0234375
v 0.051499515 -0.04823976 0.0159375
v 0.051499515 -0.04823976 0.0234375
v 0.05114934 -0.04813377 0.0159375
v 0.05114934 -0.04813377 0.0234375
v 0.050813925 -0.04801773 0.0159375
v 0.050813925 -0.04801773 0.0234375
v 0.05049609 -0.04789356 0.0159375
v 0.05049609 -0.04789356 0.0234375
v 0.050199165 -0.0477636 0.0159375
v 0.050199165 -0.0477636 0.0234375
v 0.04992573 -0.047629845 0.0159375
v 0.04992573 -0.047629845 0.0234375
v 0.04966974 -0.04748787 0.0159375
v 0.04966974 -0.04748787 0.0234375
v 0.049424055 -0.047332275 0.0159375
v 0.049424055 -0.047332275 0.0234375
v 0.049181475 -0.047157765 0.0159375
v 0.049181475 -0.047157765 0.0234375
v 0.048939765 -0.046962555 0.0159375
v 0.048939765 -0.046962555 0.0234375
v 0.04870638 -0.046752315 0.0159375
v 0.04870638 -0.046752315 0.0234375
v 0.04848984 -0.04653345 0.0159375
v 0.04848984 -0.04653345 0.0234375
v 0.048298305 -0.046312215 0.0159375
v 0.048298305 -0.046312215 0.0234375
v 0.048131085 -0.04608873 0.0159375
v 0.048131085 -0.04608873 0.0234375
v 0.04798404 -0.045859245 0.0159375
v 0.04798404 -0.045859245 0.0234375
v 0.04785441 -0.045620625 0.0159375
v 0.04785441 -0.045620625 0.0234375
v 0.047739435 -0.045369765 0.0159375
v 0.047739435 -0.045369765 0.0234375
v 0.047638515 -0.04510794 0.0159375
v 0.047638515 -0.04510794 0.0234375
v 0.047553435 -0.044835735 0.0159375
v 0.047553435 -0.044835735 0.0234375
v 0.047501025 -0.04462404 0.0159375
v 0.047501025 -0.04462404 0.0234375
v 0.04745916 -0.04440531 0.0159375
v 0.04745916 -0.04440531 0.0234375
v 0.047428395 -0.04417914 0.0159375
v 0.047428395 -0.04417914 0.0234375
v 0.04740816 -0.04394595 0.0159375
v 0.04740816 -0.04394595 0.0234375
v 0.047398275 -0.043705875 0.0159375
v 0.047398275 -0.043705875 0.0234375
v 0.047398755 -0.0434589 0.0159375
v 0.047398755 -0.0434589 0.0234375
v 0.0474096 -0.04320504 0.0159375
v 0.0474096 -0.04320504 0.0234375
v 0.04743078 -0.04294428 0.0159375
v 0.04743078 -0.04294428 0.0234375
v 0.047523945 -0.04232373 0.0159375
v 0.047523945 -0.04232373 0.0234375
v 0.047634345 -0.041712405 0.0159375
v 0.047634345 -0.041712405 0.0234375
v 0.04776198 -0.041110305 0.0159375
v 0.04776198 -0.041110305 0.0234375
v 0.04790745 -0.040517055 0.0159375
v 0.04790745 -0.040517055 0.0234375
v 0.04807575 -0.039929595 0.0159375
v 0.04807575 -0.039929595 0.0234375
v 0.048260205 -0.03935205 0.0159375
v 0.048260205 -0.03935205 0.0234375
v 0.04845093 -0.038790405 0.0159375
v 0.04845093 -0.038790405 0.0234375
v 0.048642615 -0.03824883 0.0159375
v 0.048642615 -0.03824883 0.0234375
v 0.04884183 -0.037724415 0.0159375
v 0.04884183 -0.037724415 0.0234375
v 0.04904352 -0.037216395 0.0159375
v 0.04904352 -0.037216395 0.0234375
v 0.04924155 -0.03672441 0.0159375
v 0.04924155 -0.03672441 0.0234375
v 0.04943553 -0.03625035 0.0159375
v 0.04943553 -0.03625035 0.0234375
v 0.04962771 -0.03579339 0.0159375
v 0.04962771 -0.03579339 0.0234375
v 0.049815915 -0.035349075 0.0159375
v 0.049815915 -0.035349075 0.0234375
v 0.049998255 -0.034913385 0.0159375
v 0.049998255 -0.034913385 0.0234375
v 0.05017644 -0.034488135 0.0159375
v 0.05017644 -0.034488135 0.0234375
v 0.05034942 -0.034073415 0.0159375
v 0.05034942 -0.034073415 0.0234375
v 0.050514975 -0.033667875 0.0159375
v 0.050514975 -0.033667875 0.0234375
v 0.050671935 -0.03327084 0.0159375
v 0.050671935 -0.03327084 0.0234375
v 0.05082195 -0.032883285 0.0159375
v 0.05082195 -0.032883285 0.0234375
v 0.05096346 -0.032504265 0.0159375
v 0.05096346 -0.032504265 0.0234375
v 0.05109465 -0.03213267 0.0159375
v 0.05109465 -0.03213267 0.0234375
v 0.05121591 -0.031768395 0.0159375
v 0.05121591 -0.031768395 0.0234375
v 0.051327675 -0.03141186 0.0159375
v 0.051327675 -0.03141186 0.0234375
v 0.051428115 -0.031062735 0.0159375
v 0.051428115 -0.031062735 0.0234375
v 0.05151564 -0.030720645 0.0159375
v 0.05151564 -0.030720645 0.0234375
v 0.051591495 -0.03038481 0.0159375
v 0.051591495 -0.03038481 0.0234375
v 0.05165505 -0.03005643 0.0159375
v 0.05165505 -0.03005643 0.0234375
v 0.051704805 -0.02973723 0.0159375
v 0.051704805 -0.02973723 0.0234375
v 0.0517398 -0.029428575 0.0159375
v 0.0517398 -0.029428575 0.0234375
v 0.0517662 -0.028983885 0.0159375
v 0.0517662 -0.028983885 0.0234375
v 0.051760365 -0.02855826 0.0159375
v 0.051760365 -0.02855826 0.0234375
v 0.05172195 -0.02815314 0.0159375
v 0.05172195 -0.02815314 0.0234375
v 0.05165091 -0.0277644 0.0159375
v 0.05165091 -0.0277644 0.0234375
v 0.05154588 -0.02738421 0.0159375
v 0.05154588 -0.02738421 0.0234375
v 0.05140656 -0.027015585 0.0159375
v 0.05140656 -0.027015585 0.0234375
v 0.051238725 -0.02664234 0.0159375
v 0.051238725 -0.02664234 0.0234375
v 0.0510411 -0.02626224 0.0159375
v 0.0510411 -0.02626224 0.0234375
v 0.050819085 -0.02587245 0.0159375
v 0.050819085 -0.02587245 0.0234375
v 0.050580465 -0.025464735 0.0159375
v 0.050580465 -0.025464735 0.0234375
v 0.05032308 -0.025041375 0.0159375
v 0.05032308 -0.025041375 0.0234375
v 0.050056245 -0.024595965 0.0159375
v 0.050056245 -0.024595965 0.0234375
v 0.049780485 -0.02412969 0.0159375
v 0.049780485 -0.02412969 0.0234375
v 0.049496985 -0.02363745 0.0159375
v 0.049496985 -0.02363745 0.0234375
v 0.04920825 -0.02311401 0.0159375
v 0.04920825 -0.02311401 0.0234375
v 0.04891362 -0.02256069 0.0159375
v 0.04891362 -0.02256069 0.0234375
v 0.04861569 -0.021971625 0.0159375
v 0.04861569 -0.021971625 0.0234375
v 0.048314175 -0.021347805 0.0159375
v 0.048314175 -0.021347805 0.0234375
v 0.04801017 -0.02068566 0.0159375
v 0.04801017 -0.02068566 0.0234375
v 0.047704545 -0.019983255 0.0159375
v 0.047704545 -0.019983255 0.0234375
v 0.04739712 -0.019240305 0.0159375
v 0.04739712 -0.019240305 0.0234375
v 0.047088885 -0.01845126 0.0159375
v 0.047088885 -0.01845126 0.0234375
v 0.046779765 -0.01761654 0.0159375
v 0.046779765 -0.01761654 0.0234375
v 0.046469655 -0.016736745 0.0159375
v 0.046469655 -0.016736745 0.0234375
v 0.04637565 -0.016457895 0.0159375
v 0.04638579 -0.01648851 0.0234375
v 0.046300695 -0.016225335 0.0234375
v 0.046281765 -0.01616454 0.0159375
v 0.04621335 -0.015930795 0.0234375
v 0.04618683 -0.015833895 0.0159375
v 0.046127955 -0.015592935 0.0234375
v 0.04609725 -0.01545036 0.0159375
v 0.04605546 -0.015213645 0.0234375
v 0.046028055 -0.015009375 0.0159375
v 0.046008795 -0.014795505 0.0234375
v 0.045998625 -0.01450389 0.0159375
v 0.046001475 -0.014328915 0.0234375
v 0.04603722 -0.01392747 0.0159375
v 0.046058085 -0.013803705 0.0234375
v 0.046198815 -0.013294965 0.0159375
v 0.04622565 -0.013229775 0.0234375
v 0.046344075 -0.012980175 0.0159375
v 0.04653342 -0.012680145 0.0159375
v 0.04654332 -0.012668415 0.0234375
v 0.04698948 -0.01221132 0.0159375
v 0.04700223 -0.012203445 0.0234375
v 0.04748073 -0.01190955 0.0159375
v 0.04754622 -0.011880795 0.0234375
v 0.04800993 -0.01171929 0.0159375
v 0.04809573 -0.01169808 0.0234375
v 0.04856193 -0.011620035 0.0159375
v 0.048601665 -0.01161567 0.0234375
v 0.04909272 -0.01159353 0.0159375
v 0.04905447 -0.01159344 0.0234375
v 0.049459995 -0.01160985 0.0234375
v 0.04957074 -0.011619555 0.0159375
v 0.049824855 -0.01165122 0.0234375
v 0.04998447 -0.011676045 0.0159375
v 0.0501492 -0.011706135 0.0234375
v 0.050340765 -0.01174515 0.0159375
v 0.050435565 -0.01176609 0.0234375
v 0.05065515 -0.01181739 0.0159375
v 0.05069673 -0.0118275 0.0234375
v 0.050948385 -0.01189062 0.0159375
v 0.050948385 -0.01189062 0.0234375
v 0.051854955 -0.01214139 0.0159375
v 0.051854955 -0.01214139 0.0234375
v 0.05272989 -0.01240398 0.0159375
v 0.05272989 -0.012403995 0.0234375
v 0.05357322 -0.01267839 0.0159375
v 0.05357322 -0.01267839 0.0234375
v 0.0543846 -0.01296483 0.0159375
v 0.0543846 -0.01296483 0.0234375
v 0.05516304 -0.013263975 0.0159375
v 0.05516304 -0.013263975 0.0234375
v 0.055910745 -0.01357434 0.0159375
v 0.055910745 -0.01357434 0.0234375
v 0.0566304 -0.01389411 0.0159375
v 0.0566304 -0.01389411 0.0234375
v 0.0573237 -0.014219835 0.0159375
v 0.0573237 -0.014219835 0.0234375
v 0.05798892 -0.014554065 0.0159375
v 0.05798892 -0.01455408 0.0234375
v 0.058623585 -0.01490397 0.0159375
v 0.058623585 -0.01490397 0.0234375
v 0.05922564 -0.015275475 0.0159375
v 0.059225655 -0.015275475 0.0234375
v 0.05979603 -0.015665925 0.0159375
v 0.05979603 -0.015665925 0.0234375
v 0.06033504 -0.016074405 0.0159375
v 0.06033504 -0.016074405 0.0234375
v 0.06084267 -0.016500945 0.0159375
v 0.06084267 -0.016500945 0.0234375
v 0.061131915 -0.01676661 0.0159375
v 0.061095975 -0.016731765 0.0234375
v 0.061325505 -0.01696641 0.0234375
v 0.061390005 -0.01703775 0.0159375
v 0.06161625 -0.017312745 0.0159375
v 0.06171324 -0.017447115 0.0234375
v 0.061815495 -0.01760214 0.0159375
v 0.061988325 -0.017907645 0.0159375
v 0.062023815 -0.017981295 0.0234375
v 0.06213177 -0.01823493 0.0159375
v 0.062242455 -0.0185805 0.0159375
v 0.06224433 -0.018588585 0.0234375
v 0.06230994 -0.01893633 0.0159375
v 0.062332875 -0.01923159 0.0234375
v 0.06233361 -0.01929783 0.0159375
v 0.062309865 -0.01966194 0.0159375
v 0.06227445 -0.01987611 0.0234375
v 0.062242335 -0.02001318 0.0159375
v 0.06213135 -0.020346015 0.0159375
v 0.06207807 -0.020472315 0.0234375
v 0.06198381 -0.020660985 0.0159375
v 0.06180207 -0.020960085 0.0159375
v 0.06176478 -0.021017655 0.0234375
v 0.061600485 -0.021256755 0.0159375
v 0.06137679 -0.021548985 0.0159375
v 0.06137679 -0.021548985 0.0234375
v 0.06056577 -0.02277897 0.0159375
v 0.06056577 -0.02277897 0.0234375
v 0.059897805 -0.02408292 0.0159375
v 0.059897805 -0.02408292 0.0234375
v 0.059374035 -0.02545806 0.0159375
v 0.059374035 -0.02545806 0.0234375
v 0.05900499 -0.02687994 0.0159375
v 0.05900499 -0.02687994 0.0234375
v 0.0587934 -0.028332705 0.0159375
v 0.0587934 -0.028332705 0.0234375
v 0.05874219 -0.029803425 0.0159375
v 0.05874219 -0.029803425 0.0234375
v 0.05885223 -0.03126759 0.0159375
v 0.05885223 -0.03126759 0.0234375
v 0.05912154 -0.03271194 0.0159375
v 0.05912154 -0.03271194 0.0234375
v 0.059548365 -0.03412011 0.0159375
v 0.059548365 -0.03412011 0.0234375
v 0.06012453 -0.035468115 0.0159375
v 0.06012453 -0.035468115 0.0234375
v 0.06084918 -0.036753195 0.0159375
v 0.06084918 -0.036753195 0.0234375
v 0.06145398 -0.03772086 0.0159375
v 0.06145398 -0.03772086 0.0234375
v 0.06200106 -0.03864069 0.0159375
v 0.06200106 -0.03864069 0.0234375
v 0.062490165 -0.039515895 0.0159375
v 0.062490165 -0.039515895 0.0234375
v 0.06292305 -0.040341705 0.0159375
v 0.06292305 -0.040341705 0.0234375
v 0.06363141 -0.0418398 0.0159375
v 0.033332835 -0.059666325 0.0234375
v 0.033332835 -0.059666325 0.0159375
v 0.033281685 -0.05992899 0.0159375
v 0.033597945 -0.05862336 0.0234375
v 0.0332736 -0.05997237 0.0234375
v 0.03323079 -0.06020067 0.0159375
v 0.033210465 -0.060306495 0.0234375
v 0.03317322 -0.06048915 0.0159375
v 0.033133185 -0.060668205 0.0234375
v 0.033099945 -0.06080343 0.0159375
v 0.033028005 -0.061059855 0.0234375
v 0.03299892 -0.06115194 0.0159375
v 0.03287529 -0.061483905 0.0234375
v 0.032854035 -0.06153414 0.0159375
v 0.032648625 -0.06193566 0.0234375
v 0.032643495 -0.061945545 0.0159375
v 0.03233856 -0.06237384 0.0159375
v 0.03231621 -0.062398545 0.0234375
v 0.03191382 -0.062770635 0.0159375
v 0.031846365 -0.06281817 0.0234375
v 0.031365495 -0.06307389 0.0159375
v 0.031263735 -0.063112005 0.0234375
v 0.03105012 -0.063175095 0.0159375
v 0.030719655 -0.06323745 0.0159375
v 0.03063693 -0.06324609 0.0234375
v 0.03037779 -0.06325623 0.0159375
v 0.03004842 -0.06324012 0.0159375
v 0.030026865 -0.063237105 0.0234375
v 0.029452125 -0.06312159 0.0159375
v 0.02948979 -0.06313128 0.0234375
v 0.02902899 -0.06297447 0.0234375
v 0.028951875 -0.062943045 0.0159375
v 0.028633515 -0.062793375 0.0234375
v 0.02852595 -0.06273642 0.0159375
v 0.028291335 -0.062599695 0.0234375
v 0.028156455 -0.06251325 0.0159375
v 0.02799264 -0.06240075 0.0234375
v 0.027837135 -0.062285955 0.0159375
v 0.027734595 -0.06220641 0.0234375
v 0.027567645 -0.06207 0.0159375
v 0.027511665 -0.062022735 0.0234375
v 0.02733447 -0.06186822 0.0159375
v 0.027310755 -0.06184713 0.0234375
v 0.027119235 -0.06167325 0.0159375
v 0.027119235 -0.06167325 0.0234375
v 0.0258138 -0.06036942 0.0159375
v 0.0258138 -0.06036942 0.0234375
v 0.0245934 -0.05893146 0.0159375
v 0.0245934 -0.05893146 0.0234375
v 0.024265335 -0.058418235 0.0159375
v 0.024265335 -0.058418235 0.0234375
v 0.024016545 -0.05780109 0.0159375
v 0.024016545 -0.05780109 0.0234375
v 0.023924415 -0.057459135 0.0159375
v 0.023924415 -0.057459135 0.0234375
v 0.023853765 -0.05709492 0.0159375
v 0.023853765 -0.05709492 0.0234375
v 0.02380557 -0.05679156 0.0159375
v 0.02380557 -0.05679156 0.0234375
v 0.02376411 -0.056470995 0.0159375
v 0.02376411 -0.056470995 0.0234375
v 0.0237288 -0.056133045 0.0159375
v 0.0237288 -0.056133045 0.0234375
v 0.023696445 -0.055776825 0.0159375
v 0.023696445 -0.055776825 0.0234375
v 0.023665755 -0.05540127 0.0159375
v 0.023665755 -0.05540127 0.0234375
v 0.023635875 -0.055005705 0.0159375
v 0.023635875 -0.055005705 0.0234375
v 0.023607375 -0.05458863 0.0159375
v 0.023607375 -0.05458863 0.0234375
v 0.023576535 -0.054149025 0.0159375
v 0.023576535 -0.054149025 0.0234375
v 0.02355321 -0.0538431 0.0159375
v 0.02355321 -0.0538431 0.0234375
v 0.023527635 -0.05352588 0.0159375
v 0.023527635 -0.05352588 0.0234375
v 0.02349987 -0.053197335 0.0159375
v 0.02349987 -0.053197335 0.0234375
v 0.02346945 -0.052856775 0.0159375
v 0.02346945 -0.052856775 0.0234375
v 0.023436195 -0.052503555 0.0159375
v 0.023436195 -0.052503555 0.0234375
v 0.023399715 -0.05213757 0.0159375
v 0.023399715 -0.05213757 0.0234375
v 0.02335824 -0.051757665 0.0159375
v 0.02335824 -0.051757665 0.0234375
v 0.023312115 -0.051364065 0.0159375
v 0.023312115 -0.051364065 0.0234375
v 0.023259675 -0.050955315 0.0159375
v 0.023259675 -0.050955315 0.0234375
v 0.023200185 -0.050531685 0.0159375
v 0.023200185 -0.050531685 0.0234375
v 0.02313516 -0.050091585 0.0159375
v 0.02313516 -0.050091585 0.0234375
v 0.02306787 -0.04963368 0.0159375
v 0.02306787 -0.04963368 0.0234375
v 0.023013525 -0.049278855 0.0159375
v 0.023013525 -0.049278855 0.0234375
v 0.0229503 -0.04891386 0.0159375
v 0.0229503 -0.04891386 0.0234375
v 0.022879395 -0.048538695 0.0159375
v 0.022879395 -0.048538695 0.0234375
v 0.02279985 -0.048153435 0.0159375
v 0.02279985 -0.048153435 0.0234375
v 0.022707345 -0.047757975 0.0159375
v 0.022707345 -0.047757975 0.0234375
v 0.02260098 -0.047352315 0.0159375
v 0.02260098 -0.047352315 0.0234375
v 0.022482075 -0.046936485 0.0159375
v 0.022482075 -0.046936485 0.0234375
v 0.022350645 -0.046510485 0.0159375
v 0.022350645 -0.046510485 0.0234375
v 0.022201965 -0.046064175 0.0159375
v 0.02220969 -0.04609017 0.0234375
v 0.022075455 -0.045626295 0.0234375
v 0.022061715 -0.045564705 0.0159375
v 0.021980025 -0.045102075 0.0234375
v 0.021972345 -0.045006555 0.0159375
v 0.02197452 -0.044505285 0.0234375
v 0.021986805 -0.044390025 0.0159375
v 0.022103175 -0.043864395 0.0234375
v 0.022146585 -0.043735035 0.0159375
v 0.022381485 -0.043249575 0.0234375
v 0.02247165 -0.043106955 0.0159375
v 0.022700445 -0.04282128 0.0159375
v 0.022791345 -0.042723255 0.0234375
v 0.022963095 -0.042562305 0.0159375
v 0.02325225 -0.04233816 0.0159375
v 0.023292525 -0.04230996 0.0234375
v 0.023558955 -0.042147825 0.0159375
v 0.02383596 -0.04200993 0.0234375
v 0.02419071 -0.04187352 0.0159375
v 0.02437719 -0.04181502 0.0234375
v 0.024806895 -0.041712165 0.0159375
v 0.024895845 -0.04169439 0.0234375
v 0.02537301 -0.04161852 0.0159375
v 0.02537301 -0.04161852 0.0234375
v 0.02586366 -0.04154853 0.0159375
v 0.02586366 -0.04154853 0.0234375
v 0.02635914 -0.041486835 0.0159375
v 0.02635914 -0.041486835 0.0234375
v 0.026859465 -0.041433465 0.0159375
v 0.026859465 -0.041433465 0.0234375
v 0.027364995 -0.04138836 0.0159375
v 0.027364995 -0.04138836 0.0234375
v 0.027886335 -0.04135065 0.0159375
v 0.027886335 -0.04135065 0.0234375
v 0.02841423 -0.0413211 0.0159375
v 0.02841423 -0.0413211 0.0234375
v 0.0289296 -0.041301315 0.0159375
v 0.0289296 -0.041301315 0.0234375
v 0.02941461 -0.041292765 0.0159375
v 0.02941461 -0.041292765 0.0234375
v 0.02987241 -0.04129524 0.0159375
v 0.02987241 -0.04129524 0.0234375
v 0.03031125 -0.041307975 0.0159375
v 0.03031125 -0.041307975 0.0234375
v 0.030737085 -0.04133043 0.0159375
v 0.030737085 -0.04133043 0.0234375
v 0.03115404 -0.04136193 0.0159375
v 0.03115404 -0.04136193 0.0234375
v 0.031557765 -0.04140228 0.0159375
v 0.031557765 -0.04140228 0.0234375
v 0.03195051 -0.041452545 0.0159375
v 0.03195051 -0.041452545 0.0234375
v 0.03233574 -0.04151391 0.0159375
v 0.03233574 -0.04151391 0.0234375
v 0.03271752 -0.04158747 0.0159375
v 0.03271752 -0.04158747 0.0234375
v 0.03309558 -0.04167291 0.0159375
v 0.03309558 -0.04167291 0.0234375
v 0.033462795 -0.041768775 0.0159375
v 0.033462795 -0.041768775 0.0234375
v 0.033811815 -0.04187358 0.0159375
v 0.033811815 -0.04187358 0.0234375
v 0.034139385 -0.041986785 0.0159375
v 0.034139385 -0.041986785 0.0234375
v 0.034449435 -0.0421092 0.0159375
v 0.034449435 -0.0421092 0.0234375
v 0.034743765 -0.042240825 0.0159375
v 0.034743765 -0.042240825 0.0234375
v 0.035024145 -0.042381645 0.0159375
v 0.035024145 -0.042381645 0.0234375
v 0.03528906 -0.04252962 0.0159375
v 0.03528906 -0.04252962 0.0234375
v 0.035538855 -0.042686115 0.0159375
v 0.035538855 -0.042686115 0.0234375
v 0.035776545 -0.042854955 0.0159375
v 0.035776545 -0.042854955 0.0234375
v 0.03600531 -0.0430401 0.0159375
v 0.03600531 -0.0430401 0.0234375
v 0.036228255 -0.043244115 0.0159375
v 0.036228255 -0.043244115 0.0234375
v 0.03644049 -0.043462245 0.0159375
v 0.03644049 -0.043462245 0.0234375
v 0.036635175 -0.04368831 0.0159375
v 0.036635175 -0.04368831 0.0234375
v 0.03680622 -0.043916595 0.0159375
v 0.03680622 -0.043916595 0.0234375
v 0.03695523 -0.04414797 0.0159375
v 0.03695523 -0.04414797 0.0234375
v 0.03708531 -0.044386245 0.0159375
v 0.03708531 -0.044386245 0.0234375
v 0.03719895 -0.044634915 0.0159375
v 0.03719895 -0.044634915 0.0234375
v 0.03729831 -0.044896185 0.0159375
v 0.03729831 -0.044896185 0.0234375
v 0.03738264 -0.0451677 0.0159375
v 0.03738264 -0.0451677 0.0234375
v 0.037450125 -0.04545045 0.0159375
v 0.037450125 -0.04545045 0.0234375
v 0.03749892 -0.045745845 0.0159375
v 0.03749892 -0.045745845 0.0234375
v 0.037528185 -0.04605453 0.0159375
v 0.037528185 -0.04605453 0.0234375
v 0.037537965 -0.04629429 0.0159375
v 0.037537965 -0.04629429 0.0234375
v 0.037537335 -0.04654107 0.0159375
v 0.037537335 -0.04654107 0.0234375
v 0.037526295 -0.04679487 0.0159375
v 0.037526295 -0.04679487 0.0234375
v 0.03750486 -0.04705572 0.0159375
v 0.03750486 -0.04705572 0.0234375
v 0.037366215 -0.047957925 0.0159375
v 0.037366215 -0.047957925 0.0234375
v 0.03718596 -0.048847515 0.0159375
v 0.03718596 -0.048847515 0.0234375
v 0.036959475 -0.04972812 0.0159375
v 0.036959475 -0.04972812 0.0234375
v 0.036692205 -0.050595435 0.0159375
v 0.036692205 -0.050595435 0.0234375
v 0.036410445 -0.051427725 0.0159375
v 0.036410445 -0.051427725 0.0234375
v 0.03611058 -0.052226985 0.0159375
v 0.03611058 -0.052226985 0.0234375
v 0.03581127 -0.052989525 0.0159375
v 0.03581127 -0.052989525 0.0234375
v 0.035514465 -0.05371209 0.0159375
v 0.035514465 -0.05371209 0.0234375
v 0.03494526 -0.05506752 0.0159375
v 0.03494526 -0.05506752 0.0234375
v 0.03442395 -0.05632635 0.0159375
v 0.03442395 -0.05632635 0.0234375
v 0.033967905 -0.057510255 0.0159375
v 0.033967905 -0.057510255 0.0234375
v 0.033597945 -0.05862336 0.0159375
v 0.059897805 -0.02408292 0.0234375
v 0.06516867 -0.02399898 0.0234375
v 0.065999025 -0.02308875 0.0234375
v 0.064478385 -0.025002885 0.0234375
v 0.06056577 -0.02277897 0.0234375
v 0.066371505 -0.02270274 0.0234375
v 0.066692835 -0.022311585 0.0234375
v 0.066962685 -0.02191425 0.0234375
v 0.06137679 -0.021548985 0.0234375
v 0.0671805 -0.02150907 0.0234375
v 0.067349985 -0.021107445 0.0234375
v 0.06176478 -0.021017655 0.0234375
v 0.06746994 -0.020720895 0.0234375
v 0.06207807 -0.020472315 0.0234375
v 0.067544235 -0.020336025 0.0234375
v 0.067583535 -0.01993191 0.0234375
v 0.06227445 -0.01987611 0.0234375
v 0.06758703 -0.019512165 0.0234375
v 0.062332875 -0.01923159 0.0234375
v 0.06754941 -0.019074945 0.0234375
v 0.06746868 -0.01861599 0.0234375
v 0.06224433 -0.018588585 0.0234375
v 0.067346055 -0.018140475 0.0234375
v 0.062023815 -0.017981295 0.0234375
v 0.06718167 -0.017656425 0.0234375
v 0.06171324 -0.017447115 0.0234375
v 0.066975675 -0.017161935 0.0234375
v 0.061325505 -0.01696641 0.0234375
v 0.066727065 -0.01666113 0.0234375
v 0.061095975 -0.016731765 0.0234375
v 0.06084267 -0.016500945 0.0234375
v 0.066435435 -0.01615509 0.0234375
v 0.06033504 -0.016074405 0.0234375
v 0.06610095 -0.01564455 0.0234375
v 0.05979603 -0.015665925 0.0234375
v 0.059225655 -0.015275475 0.0234375
v 0.065723385 -0.015133965 0.0234375
v 0.058623585 -0.01490397 0.0234375
v 0.06530277 -0.01462272 0.0234375
v 0.05798892 -0.01455408 0.0234375
v 0.06483915 -0.014110365 0.0234375
v 0.0573237 -0.014219835 0.0234375
v 0.0566304 -0.01389411 0.0234375
v 0.064385055 -0.013650795 0.0234375
v 0.055910745 -0.01357434 0.0234375
v 0.063904785 -0.013202925 0.0234375
v 0.05516304 -0.013263975 0.0234375
v 0.0543846 -0.01296483 0.0234375
v 0.063398865 -0.01276695 0.0234375
v 0.05357322 -0.01267839 0.0234375
v 0.06286875 -0.012343515 0.0234375
v 0.05272989 -0.012403995 0.0234375
v 0.051854955 -0.01214139 0.0234375
v 0.06230805 -0.011929875 0.0234375
v 0.050948385 -0.01189062 0.0234375
v 0.061712955 -0.0115227 0.0234375
v 0.05069673 -0.0118275 0.0234375
v 0.050435565 -0.01176609 0.0234375
v 0.0501492 -0.011706135 0.0234375
v 0.049824855 -0.01165122 0.0234375
v 0.049459995 -0.01160985 0.0234375
v 0.04905447 -0.01159344 0.0234375
v 0.040411125 -0.01154409 0.0234375
v 0.040115115 -0.0113778 0.0234375
v 0.040692075 -0.01174917 0.0234375
v 0.048601665 -0.01161567 0.0234375
v 0.04809573 -0.01169808 0.0234375
v 0.04754622 -0.011880795 0.0234375
v 0.040951425 -0.01199043 0.0234375
v 0.04700223 -0.012203445 0.0234375
v 0.041187495 -0.012268515 0.0234375
v 0.04139112 -0.01257117 0.0234375
v 0.04654332 -0.012668415 0.0234375
v 0.04156197 -0.012894525 0.0234375
v 0.04170708 -0.013212765 0.0234375
v 0.04622565 -0.013229775 0.0234375
v 0.04182567 -0.01352925 0.0234375
v 0.046058085 -0.013803705 0.0234375
v 0.042149295 -0.01440144 0.0234375
v 0.046001475 -0.014328915 0.0234375
v 0.046008795 -0.014795505 0.0234375
v 0.042455295 -0.015242295 0.0234375
v 0.04605546 -0.015213645 0.0234375
v 0.046127955 -0.015592935 0.0234375
v 0.04274367 -0.01605183 0.0234375
v 0.04621335 -0.015930795 0.0234375
v 0.046300695 -0.016225335 0.0234375
v 0.043014435 -0.016830015 0.0234375
v 0.04638579 -0.01648851 0.0234375
v 0.046469655 -0.016736745 0.0234375
v 0.043265415 -0.017571195 0.0234375
v 0.046779765 -0.01761654 0.0234375
v 0.043495365 -0.018272085 0.0234375
v 0.047088885 -0.01845126 0.0234375
v 0.04371009 -0.01894791 0.0234375
v 0.04739712 -0.019240305 0.0234375
v 0.043915515 -0.019614405 0.0234375
v 0.047704545 -0.019983255 0.0234375
v 0.044115525 -0.020281005 0.0234375
v 0.04801017 -0.02068566 0.0234375
v 0.044305695 -0.020934405 0.0234375
v 0.048314175 -0.021347805 0.0234375
v 0.04448691 -0.021580065 0.0234375
v 0.04861569 -0.021971625 0.0234375
v 0.044660835 -0.02222601 0.0234375
v 0.04891362 -0.02256069 0.0234375
v 0.044829285 -0.02288055 0.0234375
v 0.04920825 -0.02311401 0.0234375
v 0.04499349 -0.023547705 0.0234375
v 0.049496985 -0.02363745 0.0234375
v 0.04515075 -0.02421675 0.0234375
v 0.049780485 -0.02412969 0.0234375
v 0.050056245 -0.024595965 0.0234375
v 0.04529775 -0.02487501 0.0234375
v 0.05032308 -0.025041375 0.0234375
v 0.04543128 -0.02551038 0.0234375
v 0.050580465 -0.025464735 0.0234375
v 0.050819085 -0.02587245 0.0234375
v 0.045551925 -0.02612919 0.0234375
v 0.0510411 -0.02626224 0.0234375
v 0.04566096 -0.02673333 0.0234375
v 0.051238725 -0.02664234 0.0234375
v 0.05140656 -0.027015585 0.0234375
v 0.04575855 -0.02731698 0.0234375
v 0.05154588 -0.02738421 0.0234375
v 0.045844815 -0.02787432 0.0234375
v 0.05165091 -0.0277644 0.0234375
v 0.04927053 -0.028109715 0.0234375
v 0.04591866 -0.02839614 0.0234375
v 0.04941537 -0.028131 0.0234375
v 0.05172195 -0.02815314 0.0234375
v 0.049545075 -0.02819892 0.0234375
v 0.049649745 -0.028301295 0.0234375
v 0.049712625 -0.0284259 0.0234375
v 0.051760365 -0.02855826 0.0234375
v 0.04973928 -0.028576815 0.0234375
v 0.049712625 -0.02872773 0.0234375
v 0.049649745 -0.028852335 0.0234375
v 0.049545075 -0.028954695 0.0234375
v 0.0517662 -0.028983885 0.0234375
v 0.04941537 -0.029022615 0.0234375
v 0.04927053 -0.0290439 0.0234375
v 0.046031835 -0.02936466 0.0234375
v 0.049125675 -0.029022615 0.0234375
v 0.0517398 -0.029428575 0.0234375
v 0.046075455 -0.02984298 0.0234375
v 0.051704805 -0.02973723 0.0234375
v 0.05165505 -0.03005643 0.0234375
v 0.04611288 -0.030328995 0.0234375
v 0.051591495 -0.03038481 0.0234375
v 0.04614315 -0.030812025 0.0234375
v 0.05151564 -0.030720645 0.0234375
v 0.051428115 -0.031062735 0.0234375
v 0.04616427 -0.03129429 0.0234375
v 0.051327675 -0.03141186 0.0234375
v 0.046174305 -0.031778475 0.0234375
v 0.05121591 -0.031768395 0.0234375
v 0.05109465 -0.03213267 0.0234375
v 0.04617156 -0.032271285 0.0234375
v 0.05096346 -0.032504265 0.0234375
v 0.04616139 -0.03265311 0.0234375
v 0.05082195 -0.032883285 0.0234375
v 0.04614495 -0.03303666 0.0234375
v 0.050671935 -0.03327084 0.0234375
v 0.04612281 -0.03341259 0.0234375
v 0.050514975 -0.033667875 0.0234375
v 0.04609554 -0.033771615 0.0234375
v 0.05034942 -0.034073415 0.0234375
v 0.046052025 -0.034209465 0.0234375
v 0.05017644 -0.034488135 0.0234375
v 0.045999525 -0.03460521 0.0234375
v 0.049998255 -0.034913385 0.0234375
v 0.045937845 -0.03497199 0.0234375
v 0.04586709 -0.035321595 0.0234375
v 0.049815915 -0.035349075 0.0234375
v 0.0457875 -0.035665245 0.0234375
v 0.04962771 -0.03579339 0.0234375
v 0.04570212 -0.035995995 0.0234375
v 0.04943553 -0.03625035 0.0234375
v 0.04560867 -0.03631287 0.0234375
v 0.045502335 -0.036622875 0.0234375
v 0.04924155 -0.03672441 0.0234375
v 0.045378315 -0.036933 0.0234375
v 0.045270495 -0.037171635 0.0234375
v 0.04904352 -0.037216395 0.0234375
v 0.04515099 -0.037414395 0.0234375
v 0.045023025 -0.037654785 0.0234375
v 0.04884183 -0.037724415 0.0234375
v 0.044889915 -0.03788631 0.0234375
v 0.04475493 -0.038102475 0.0234375
v 0.048642615 -0.03824883 0.0234375
v 0.04462098 -0.0382974 0.0234375
v 0.044486655 -0.038473605 0.0234375
v 0.04435017 -0.038634825 0.0234375
v 0.04421025 -0.038783955 0.0234375
v 0.04845093 -0.038790405 0.0234375
v 0.044065635 -0.03892386 0.0234375
v 0.04391502 -0.039057465 0.0234375
v 0.04375848 -0.039185715 0.0234375
v 0.043597635 -0.03930594 0.0234375
v 0.048260205 -0.03935205 0.0234375
v 0.04343172 -0.039417945 0.0234375
v 0.04325988 -0.03952158 0.0234375
v 0.04308126 -0.03961674 0.0234375
v 0.04289505 -0.03970332 0.0234375
v 0.042701445 -0.039782355 0.0234375
v 0.042500985 -0.039853575 0.0234375
v 0.042293865 -0.03991599 0.0234375
v 0.04807575 -0.039929595 0.0234375
v 0.04208034 -0.039968595 0.0234375
v 0.041860635 -0.040010415 0.0234375
v 0.0416349 -0.040040805 0.0234375
v 0.04140291 -0.04006071 0.0234375
v 0.041164635 -0.040070295 0.0234375
v 0.04790745 -0.040517055 0.0234375
v 0.01405296 -0.04008216 0.0234375
v 0.040920075 -0.040069545 0.0234375
v 0.014478 -0.040774695 0.0234375
v 0.04776198 -0.041110305 0.0234375
v 0.02941461 -0.041292765 0.0234375
v 0.02987241 -0.04129524 0.0234375
v 0.014880465 -0.041445585 0.0234375
v 0.0289296 -0.041301315 0.0234375
v 0.02841423 -0.0413211 0.0234375
v 0.027886335 -0.04135065 0.0234375
v 0.027364995 -0.04138836 0.0234375
v 0.026859465 -0.041433465 0.0234375
v 0.02635914 -0.041486835 0.0234375
v 0.015263355 -0.04209936 0.0234375
v 0.02586366 -0.04154853 0.0234375
v 0.02537301 -0.04161852 0.0234375
v 0.024895845 -0.04169439 0.0234375
v 0.02437719 -0.04181502 0.0234375
v 0.02383596 -0.04200993 0.0234375
v 0.023292525 -0.04230996 0.0234375
v 0.015623325 -0.04272858 0.0234375
v 0.022791345 -0.042723255 0.0234375
v 0.022381485 -0.043249575 0.0234375
v 0.01595553 -0.04332438 0.0234375
v 0.022103175 -0.043864395 0.0234375
v 0.016549785 -0.04443951 0.0234375
v 0.02197452 -0.044505285 0.0234375
v 0.0170619 -0.04547298 0.0234375
v 0.021980025 -0.045102075 0.0234375
v 0.022075455 -0.045626295 0.0234375
v 0.017505225 -0.04644342 0.0234375
v 0.02220969 -0.04609017 0.0234375
v 0.022350645 -0.046510485 0.0234375
v 0.0178734 -0.047348475 0.0234375
v 0.022482075 -0.046936485 0.0234375
v 0.02260098 -0.047352315 0.0234375
v 0.018161445 -0.04818801 0.0234375
v 0.022707345 -0.047757975 0.0234375
v 0.02279985 -0.048153435 0.0234375
v 0.022879395 -0.048538695 0.0234375
v 0.0183687 -0.048963375 0.0234375
v 0.0229503 -0.04891386 0.0234375
v 0.023013525 -0.049278855 0.0234375
v 0.018515325 -0.049679175 0.0234375
v 0.02306787 -0.04963368 0.0234375
v 0.02313516 -0.050091585 0.0234375
v 0.01862223 -0.050330625 0.0234375
v 0.023200185 -0.050531685 0.0234375
v 0.01871022 -0.050927115 0.0234375
v 0.023259675 -0.050955315 0.0234375
v 0.018790005 -0.05147967 0.0234375
v 0.023312115 -0.051364065 0.0234375
v 0.02335824 -0.051757665 0.0234375
v 0.018855135 -0.0519984 0.0234375
v 0.023399715 -0.05213757 0.0234375
v 0.01891029 -0.05247459 0.0234375
v 0.023436195 -0.052503555 0.0234375
v 0.018955605 -0.052915965 0.0234375
v 0.02346945 -0.052856775 0.0234375
v 0.02349987 -0.053197335 0.0234375
v 0.018992865 -0.053316765 0.0234375
v 0.023527635 -0.05352588 0.0234375
v 0.019024605 -0.053671905 0.0234375
v 0.02355321 -0.0538431 0.0234375
v 0.01905219 -0.054033825 0.0234375
v 0.023576535 -0.054149025 0.0234375
v 0.01907865 -0.054368085 0.0234375
v 0.023607375 -0.05458863 0.0234375
v 0.01910496 -0.054712455 0.0234375
v 0.023635875 -0.055005705 0.0234375
v 0.0191307 -0.05507565 0.0234375
v 0.019153635 -0.055396605 0.0234375
v 0.023665755 -0.05540127 0.0234375
v 0.01918143 -0.055776735 0.0234375
v 0.023696445 -0.055776825 0.0234375
v 0.019215915 -0.056201145 0.0234375
v 0.0237288 -0.056133045 0.0234375
v 0.02376411 -0.056470995 0.0234375
v 0.0192603 -0.056671875 0.0234375
v 0.02380557 -0.05679156 0.0234375
v 0.01931904 -0.057194955 0.0234375
v 0.023853765 -0.05709492 0.0234375
v 0.023924415 -0.057459135 0.0234375
v 0.0193995 -0.057746925 0.0234375
v 0.024016545 -0.05780109 0.0234375
v 0.019510095 -0.05831778 0.0234375
v 0.024265335 -0.058418235 0.0234375
v 0.01965225 -0.0588927 0.0234375
v 0.0245934 -0.05893146 0.0234375
v 0.01982835 -0.059461485 0.0234375
v 0.02004486 -0.06002322 0.0234375
v 0.0258138 -0.06036942 0.0234375
v 0.02029947 -0.060556965 0.0234375
v 0.02055774 -0.0610173 0.0234375
v 0.02080998 -0.06139914 0.0234375
v 0.027119235 -0.06167325 0.0234375
v 0.021060255 -0.06171837 0.0234375
v 0.027310755 -0.06184713 0.0234375
v 0.021597945 -0.062385135 0.0234375
v 0.027511665 -0.062022735 0.0234375
v 0.027734595 -0.06220641 0.0234375
v 0.02799264 -0.06240075 0.0234375
v 0.022216185 -0.063101565 0.0234375
v 0.028291335 -0.062599695 0.0234375
v 0.028633515 -0.062793375 0.0234375
v 0.02902899 -0.06297447 0.0234375
v 0.02948979 -0.06313128 0.0234375
v 0.02293578 -0.06387585 0.0234375
v 0.030026865 -0.063237105 0.0234375
v 0.03063693 -0.06324609 0.0234375
v 0.03932034 -0.063522825 0.0234375
v 0.0394245 -0.064080945 0.0234375
v 0.03922539 -0.062979225 0.0234375
v 0.031263735 -0.063112005 0.0234375
v 0.031846365 -0.06281817 0.0234375
v 0.039139695 -0.06245016 0.0234375
v 0.03231621 -0.062398545 0.0234375
v 0.03906342 -0.06193902 0.0234375
v 0.032648625 -0.06193566 0.0234375
v 0.03566511 -0.061890285 0.0234375
v 0.038996985 -0.061452015 0.0234375
v 0.035520255 -0.061868985 0.0234375
v 0.035390565 -0.061801065 0.0234375
v 0.03528588 -0.061698705 0.0234375
v 0.035223015 -0.0615741 0.0234375
v 0.03287529 -0.061483905 0.0234375
v 0.03519636 -0.061423185 0.0234375
v 0.035223015 -0.06127227 0.0234375
v 0.03528588 -0.061147665 0.0234375
v 0.033028005 -0.061059855 0.0234375
v 0.035390565 -0.061045305 0.0234375
v 0.035520255 -0.06097737 0.0234375
v 0.03566511 -0.0609561 0.0234375
v 0.033133185 -0.060668205 0.0234375
v 0.0388905 -0.060500805 0.0234375
v 0.038939625 -0.0609771 0.0234375
v 0.033210465 -0.060306495 0.0234375
v 0.0388488 -0.06000942 0.0234375
v 0.0332736 -0.05997237 0.0234375
v 0.038814105 -0.059494005 0.0234375
v 0.033332835 -0.059666325 0.0234375
v 0.038787255 -0.058969905 0.0234375
v 0.033597945 -0.05862336 0.0234375
v 0.038769225 -0.058457145 0.0234375
v 0.038761005 -0.05797575 0.0234375
v 0.03876279 -0.05753787 0.0234375
v 0.033967905 -0.057510255 0.0234375
v 0.038773935 -0.05713173 0.0234375
v 0.03879462 -0.056743335 0.0234375
v 0.038825055 -0.05635866 0.0234375
v 0.03442395 -0.05632635 0.0234375
v 0.03886533 -0.05596605 0.0234375
v 0.03891525 -0.055571115 0.0234375
v 0.03897492 -0.055180425 0.0234375
v 0.03494526 -0.05506752 0.0234375
v 0.03904455 -0.054799605 0.0234375
v 0.03912435 -0.054434055 0.0234375
v 0.039215655 -0.054079905 0.0234375
v 0.03931755 -0.053736615 0.0234375
v 0.035514465 -0.05371209 0.0234375
v 0.039427965 -0.0534081 0.0234375
v 0.03954492 -0.053098305 0.0234375
v 0.03581127 -0.052989525 0.0234375
v 0.039665685 -0.05281167 0.0234375
v 0.03979062 -0.05254707 0.0234375
v 0.03992433 -0.052297545 0.0234375
v 0.03611058 -0.052226985 0.0234375
v 0.04007145 -0.052056105 0.0234375
v 0.04023657 -0.051815835 0.0234375
v 0.04042038 -0.051575985 0.0234375
v 0.036410445 -0.051427725 0.0234375
v 0.040618035 -0.051343545 0.0234375
v 0.040824285 -0.051126045 0.0234375
v 0.04103394 -0.05093097 0.0234375
v 0.04124583 -0.050759265 0.0234375
v 0.041463075 -0.050606715 0.0234375
v 0.036692205 -0.050595435 0.0234375
v 0.041688075 -0.0504711 0.0234375
v 0.04192317 -0.05035017 0.0234375
v 0.04216932 -0.05024223 0.0234375
v 0.042424485 -0.050148345 0.0234375
v 0.04268964 -0.05006991 0.0234375
v 0.04296597 -0.05000832 0.0234375
v 0.043254495 -0.04996479 0.0234375
v 0.036959475 -0.04972812 0.0234375
v 0.043554705 -0.049938705 0.0234375
v 0.04378731 -0.049930365 0.0234375
v 0.06924786 -0.049541205 0.0234375
v 0.04402632 -0.04993161 0.0234375
v 0.03718596 -0.048847515 0.0234375
v 0.06935997 -0.048818445 0.0234375
v 0.05557572 -0.04870383 0.0234375
v 0.05608923 -0.04869423 0.0234375
v 0.055088055 -0.04870365 0.0234375
v 0.05464101 -0.048693735 0.0234375
v 0.05422782 -0.04867449 0.0234375
v 0.05383338 -0.04864518 0.0234375
v 0.053442555 -0.048605085 0.0234375
v 0.053043285 -0.04855359 0.0234375
v 0.05264151 -0.04849104 0.0234375
v 0.052245495 -0.04841778 0.0234375
v 0.051862995 -0.04833405 0.0234375
v 0.051499515 -0.04823976 0.0234375
v 0.05114934 -0.04813377 0.0234375
v 0.050813925 -0.04801773 0.0234375
v 0.037366215 -0.047957925 0.0234375
v 0.05049609 -0.04789356 0.0234375
v 0.050199165 -0.0477636 0.0234375
v 0.04992573 -0.047629845 0.0234375
v 0.04966974 -0.04748787 0.0234375
v 0.049424055 -0.047332275 0.0234375
v 0.049181475 -0.047157765 0.0234375
v 0.03750486 -0.04705572 0.0234375
v 0.048939765 -0.046962555 0.0234375
v 0.037526295 -0.04679487 0.0234375
v 0.04870638 -0.046752315 0.0234375
v 0.037537335 -0.04654107 0.0234375
v 0.04848984 -0.04653345 0.0234375
v 0.048298305 -0.046312215 0.0234375
v 0.037537965 -0.04629429 0.0234375
v 0.048131085 -0.04608873 0.0234375
v 0.04246782 -0.046171875 0.0234375
v 0.04269444 -0.04614795 0.0234375
v 0.0422412 -0.04614795 0.0234375
v 0.042017325 -0.0460806 0.0234375
v 0.037528185 -0.04605453 0.0234375
v 0.04181889 -0.045975345 0.0234375
v 0.0416406 -0.04582722 0.0234375
v 0.03749892 -0.045745845 0.0234375
v 0.041492475 -0.04564893 0.0234375
v 0.041388195 -0.04545417 0.0234375
v 0.037450125 -0.04545045 0.0234375
v 0.04132296 -0.045238125 0.0234375
v 0.03738264 -0.0451677 0.0234375
v 0.041295945 -0.045 0.0234375
v 0.03729831 -0.044896185 0.0234375
v 0.04132296 -0.044761875 0.0234375
v 0.03719895 -0.044634915 0.0234375
v 0.041388195 -0.04454583 0.0234375
v 0.03708531 -0.044386245 0.0234375
v 0.041492475 -0.04435107 0.0234375
v 0.0416406 -0.04417278 0.0234375
v 0.03695523 -0.04414797 0.0234375
v 0.04181889 -0.044024655 0.0234375
v 0.042017325 -0.0439194 0.0234375
v 0.03680622 -0.043916595 0.0234375
v 0.0422412 -0.04385205 0.0234375
v 0.04246782 -0.043828125 0.0234375
v 0.047398275 -0.043705875 0.0234375
v 0.04269444 -0.04385205 0.0234375
v 0.036635175 -0.04368831 0.0234375
v 0.047398755 -0.0434589 0.0234375
v 0.03644049 -0.043462245 0.0234375
v 0.036228255 -0.043244115 0.0234375
v 0.0474096 -0.04320504 0.0234375
v 0.03600531 -0.0430401 0.0234375
v 0.04743078 -0.04294428 0.0234375
v 0.035776545 -0.042854955 0.0234375
v 0.047523945 -0.04232373 0.0234375
v 0.035538855 -0.042686115 0.0234375
v 0.03528906 -0.04252962 0.0234375
v 0.035024145 -0.042381645 0.0234375
v 0.034743765 -0.042240825 0.0234375
v 0.047634345 -0.041712405 0.0234375
v 0.034449435 -0.0421092 0.0234375
v 0.034139385 -0.041986785 0.0234375
v 0.033811815 -0.04187358 0.0234375
v 0.033462795 -0.041768775 0.0234375
v 0.03309558 -0.04167291 0.0234375
v 0.03271752 -0.04158747 0.0234375
v 0.03233574 -0.04151391 0.0234375
v 0.03195051 -0.041452545 0.0234375
v 0.031557765 -0.04140228 0.0234375
v 0.03115404 -0.04136193 0.0234375
v 0.030737085 -0.04133043 0.0234375
v 0.03031125 -0.041307975 0.0234375
v 0.042918315 -0.0439194 0.0234375
v 0.04740816 -0.04394595 0.0234375
v 0.04311675 -0.044024655 0.0234375
v 0.04329504 -0.04417278 0.0234375
v 0.047428395 -0.04417914 0.0234375
v 0.043443165 -0.04435107 0.0234375
v 0.04745916 -0.04440531 0.0234375
v 0.04354743 -0.04454583 0.0234375
v 0.047501025 -0.04462404 0.0234375
v 0.04361268 -0.044761875 0.0234375
v 0.047553435 -0.044835735 0.0234375
v 0.043639695 -0.045 0.0234375
v 0.047638515 -0.04510794 0.0234375
v 0.04361268 -0.045238125 0.0234375
v 0.047739435 -0.045369765 0.0234375
v 0.04354743 -0.04545417 0.0234375
v 0.04785441 -0.045620625 0.0234375
v 0.043443165 -0.04564893 0.0234375
v 0.04329504 -0.04582722 0.0234375
v 0.04798404 -0.045859245 0.0234375
v 0.04311675 -0.045975345 0.0234375
v 0.042918315 -0.0460806 0.0234375
v 0.056610705 -0.04867509 0.0234375
v 0.069448725 -0.048153345 0.0234375
v 0.057122505 -0.048646695 0.0234375
v 0.057623385 -0.04860879 0.0234375
v 0.05812287 -0.04856142 0.0234375
v 0.05862762 -0.048504915 0.0234375
v 0.059144235 -0.04843962 0.0234375
v 0.059672655 -0.048365535 0.0234375
v 0.060209955 -0.04828248 0.0234375
v 0.060756135 -0.048190485 0.0234375
v 0.061311195 -0.04808955 0.0234375
v 0.069498435 -0.04756002 0.0234375
v 0.061654155 -0.048022005 0.0234375
v 0.06202746 -0.047933085 0.0234375
v 0.06242394 -0.04780779 0.0234375
v 0.06284106 -0.047626545 0.0234375
v 0.06327591 -0.04735983 0.0234375
v 0.06950238 -0.04697223 0.0234375
v 0.063709245 -0.04698192 0.0234375
v 0.064100145 -0.04647228 0.0234375
v 0.06947187 -0.046349325 0.0234375
v 0.06425844 -0.046164015 0.0234375
v 0.069405705 -0.04569579 0.0234375
v 0.06438435 -0.045829575 0.0234375
v 0.06446961 -0.04547484 0.0234375
v 0.06929511 -0.044964435 0.0234375
v 0.06451599 -0.0451107 0.0234375
v 0.06451989 -0.044748165 0.0234375
v 0.069131625 -0.04415307 0.0234375
v 0.064489305 -0.0443928 0.0234375
v 0.064345185 -0.043731435 0.0234375
v 0.068909265 -0.043262205 0.0234375
v 0.06414741 -0.043136055 0.0234375
v 0.06861537 -0.042286635 0.0234375
v 0.06363141 -0.0418398 0.0234375
v 0.068239845 -0.041229015 0.0234375
v 0.068018175 -0.040665225 0.0234375
v 0.06292305 -0.040341705 0.0234375
v 0.067770375 -0.04007649 0.0234375
v 0.062490165 -0.039515895 0.0234375
v 0.067496685 -0.03946326 0.0234375
v 0.067192125 -0.038820855 0.0234375
v 0.06200106 -0.03864069 0.0234375
v 0.066855615 -0.038147655 0.0234375
v 0.06145398 -0.03772086 0.0234375
v 0.066485865 -0.037445505 0.0234375
v 0.06084918 -0.036753195 0.0234375
v 0.0660834 -0.036715935 0.0234375
v 0.06564318 -0.035954565 0.0234375
v 0.06012453 -0.035468115 0.0234375
v 0.06516192 -0.03515889 0.0234375
v 0.064641 -0.034329945 0.0234375
v 0.059548365 -0.03412011 0.0234375
v 0.06405129 -0.033248175 0.0234375
v 0.05912154 -0.03271194 0.0234375
v 0.06361995 -0.03210876 0.0234375
v 0.05885223 -0.03126759 0.0234375
v 0.063346575 -0.03091002 0.0234375
v 0.05874219 -0.029803425 0.0234375
v 0.063241305 -0.029691105 0.0234375
v 0.063303675 -0.028465755 0.0234375
v 0.0587934 -0.028332705 0.0234375
v 0.0635349 -0.02726082 0.0234375
v 0.05900499 -0.02687994 0.0234375
v 0.063927405 -0.02610204 0.0234375
v 0.059374035 -0.02545806 0.0234375
v 0.044271735 -0.049942485 0.0234375
v 0.04452354 -0.04996296 0.0234375
v 0.045425745 -0.050101605 0.0234375
v 0.046315335 -0.05028186 0.0234375
v 0.0691029 -0.05032494 0.0234375
v 0.04719594 -0.050508345 0.0234375
v 0.048063255 -0.0507756 0.0234375
v 0.048895545 -0.051057375 0.0234375
v 0.068914905 -0.05119119 0.0234375
v 0.049694805 -0.05135724 0.0234375
v 0.058891005 -0.05133561 0.0234375
v 0.05874615 -0.051356895 0.0234375
v 0.05903586 -0.051356895 0.0234375
v 0.059165565 -0.051424815 0.0234375
v 0.059270235 -0.051527175 0.0234375
v 0.0593331 -0.051651795 0.0234375
v 0.059359755 -0.05180271 0.0234375
v 0.0593331 -0.051953625 0.0234375
v 0.059270235 -0.05207823 0.0234375
v 0.068674905 -0.052139115 0.0234375
v 0.059165565 -0.05218059 0.0234375
v 0.05903586 -0.05224851 0.0234375
v 0.058891005 -0.052269795 0.0234375
v 0.05253534 -0.05252256 0.0234375
v 0.05379417 -0.05304387 0.0234375
v 0.05874615 -0.05224851 0.0234375
v 0.05861646 -0.05218059 0.0234375
v 0.058511775 -0.05207823 0.0234375
v 0.05844891 -0.051953625 0.0234375
v 0.05117991 -0.051953355 0.0234375
v 0.058422255 -0.05180271 0.0234375
v 0.050457345 -0.05165655 0.0234375
v 0.05844891 -0.051651795 0.0234375
v 0.058511775 -0.051527175 0.0234375
v 0.05861646 -0.051424815 0.0234375
v 0.06837129 -0.05317224 0.0234375
v 0.054978075 -0.053499915 0.0234375
v 0.068191515 -0.053723355 0.0234375
v 0.05609118 -0.053869875 0.0234375
v 0.057134145 -0.054134985 0.0234375
v 0.05742855 -0.054192045 0.0234375
v 0.05775063 -0.054252735 0.0234375
v 0.067988055 -0.054299985 0.0234375
v 0.058101375 -0.05432655 0.0234375
v 0.05848395 -0.05442663 0.0234375
v 0.058901085 -0.05457162 0.0234375
v 0.059353035 -0.05478987 0.0234375
v 0.067761375 -0.05490189 0.0234375
v 0.0598236 -0.055115025 0.0234375
v 0.06750423 -0.05553303 0.0234375
v 0.060249015 -0.055568805 0.0234375
v 0.060557235 -0.05614224 0.0234375
v 0.067216905 -0.05619366 0.0234375
v 0.060653115 -0.056462325 0.0234375
v 0.06070998 -0.05679066 0.0234375
v 0.06689088 -0.056885955 0.0234375
v 0.06070614 -0.057430005 0.0234375
v 0.066525405 -0.05761131 0.0234375
v 0.060596715 -0.05798655 0.0234375
v 0.066113055 -0.05836656 0.0234375
v 0.060434145 -0.05845881 0.0234375
v 0.060247995 -0.058859745 0.0234375
v 0.065651595 -0.059153085 0.0234375
v 0.06005091 -0.059203095 0.0234375
v 0.05985216 -0.059498055 0.0234375
v 0.059661405 -0.05974935 0.0234375
v 0.0651372 -0.05996232 0.0234375
v 0.059482125 -0.059966025 0.0234375
v 0.05931063 -0.06016188 0.0234375
v 0.059141055 -0.060348585 0.0234375
v 0.064564635 -0.06079515 0.0234375
v 0.05773203 -0.06175014 0.0234375
v 0.06394089 -0.0616341 0.0234375
v 0.06326793 -0.06246732 0.0234375
v 0.056215185 -0.063016215 0.0234375
v 0.062551185 -0.06328788 0.0234375
v 0.054586275 -0.0641496 0.0234375
v 0.061797405 -0.064082355 0.0234375
v 0.06100791 -0.064850715 0.0234375
v 0.052868805 -0.06513426 0.0234375
v 0.060188535 -0.065585355 0.0234375
v 0.0510669 -0.065967225 0.0234375
v 0.059339325 -0.06628701 0.0234375
v 0.049203975 -0.06663765 0.0234375
v 0.058464075 -0.066952335 0.0234375
v 0.04728507 -0.067144245 0.0234375
v 0.04533816 -0.067479465 0.0234375
v 0.057562755 -0.06758157 0.0234375
v 0.04335825 -0.06764472 0.0234375
v 0.042837345 -0.067652385 0.0234375
v 0.027898875 -0.06792366 0.0234375
v 0.04224696 -0.06760197 0.0234375
v 0.05663838 -0.06817287 0.0234375
v 0.02868897 -0.068408475 0.0234375
v 0.055690725 -0.068726385 0.0234375
v 0.02953341 -0.06888402 0.0234375
v 0.05472111 -0.06924129 0.0234375
v 0.030434205 -0.069351105 0.0234375
v 0.053729685 -0.069717495 0.0234375
v 0.03137649 -0.06979404 0.0234375
v 0.052721205 -0.0701526 0.0234375
v 0.03235959 -0.07021107 0.0234375
v 0.05169543 -0.070546755 0.0234375
v 0.03337215 -0.070593825 0.0234375
v 0.050655255 -0.07089885 0.0234375
v 0.034412415 -0.070939935 0.0234375
v 0.049600425 -0.07120896 0.0234375
v 0.035470845 -0.0712455 0.0234375
v 0.04853505 -0.071475915 0.0234375
v 0.036543735 -0.071508105 0.0234375
v 0.04745916 -0.071699655 0.0234375
v 0.037625955 -0.071727195 0.0234375
v 0.04637565 -0.071879625 0.0234375
v 0.038712795 -0.071901405 0.0234375
v 0.0452844 -0.072015735 0.0234375
v 0.03980409 -0.072031275 0.0234375
v 0.04418955 -0.072107595 0.0234375
v 0.04089795 -0.07211685 0.0234375
v 0.04309176 -0.07215501 0.0234375
v 0.041994045 -0.072158085 0.0234375
v 0.027164865 -0.06744201 0.0234375
v 0.04161114 -0.067438185 0.0234375
v 0.040999935 -0.067135395 0.0234375
v 0.02648655 -0.0669627 0.0234375
v 0.040477095 -0.066705075 0.0234375
v 0.025856595 -0.066491535 0.0234375
v 0.040075215 -0.06618618 0.0234375
v 0.02527542 -0.066028365 0.0234375
v 0.03980511 -0.06563775 0.0234375
v 0.024735465 -0.065576085 0.0234375
v 0.03964254 -0.06512088 0.0234375
v 0.02423709 -0.06513504 0.0234375
v 0.02377188 -0.06470442 0.0234375
v 0.0395379 -0.064653615 0.0234375
v 0.023338815 -0.06428367 0.0234375
v 0.035809965 -0.06097737 0.0234375
v 0.035939655 -0.061045305 0.0234375
v 0.03604434 -0.061147665 0.0234375
v 0.036107205 -0.06127227 0.0234375
v 0.03613386 -0.061423185 0.0234375
v 0.036107205 -0.0615741 0.0234375
v 0.03604434 -0.061698705 0.0234375
v 0.035939655 -0.061801065 0.0234375
v 0.035809965 -0.061868985 0.0234375
v 0.04066923 -0.04005846 0.0234375
v 0.040412085 -0.04003704 0.0234375
v 0.039977625 -0.039975525 0.0234375
v 0.039545025 -0.039904185 0.0234375
v 0.039114315 -0.03982302 0.0234375
v 0.03868548 -0.03973203 0.0234375
v 0.038258505 -0.0396312 0.0234375
v 0.03783024 -0.0395175 0.0234375
v 0.037401405 -0.03939165 0.0234375
v 0.01362327 -0.039390195 0.0234375
v 0.036976335 -0.039257775 0.0234375
v 0.03655935 -0.039120015 0.0234375
v 0.036154665 -0.03898236 0.0234375
v 0.035761245 -0.03884172 0.0234375
v 0.01319109 -0.038702355 0.0234375
v 0.0353769 -0.03869688 0.0234375
v 0.026044635 -0.03866439 0.0234375
v 0.03487815 -0.038501355 0.0234375
v 0.02589978 -0.038643105 0.0234375
v 0.025770075 -0.038575185 0.0234375
v 0.025665405 -0.038472825 0.0234375
v 0.02560254 -0.038348205 0.0234375
v 0.025575885 -0.03819729 0.0234375
v 0.019763295 -0.038161185 0.0234375
v 0.019104615 -0.03806595 0.0234375
v 0.02560254 -0.038046375 0.0234375
v 0.020126205 -0.038152545 0.0234375
v 0.020500725 -0.03809544 0.0234375
v 0.02088894 -0.037989195 0.0234375
v 0.025665405 -0.03792177 0.0234375
v 0.02127528 -0.037842285 0.0234375
v 0.025770075 -0.03781941 0.0234375
v 0.02589978 -0.03775149 0.0234375
v 0.026044635 -0.037730205 0.0234375
v 0.02165571 -0.037656495 0.0234375
v 0.03260943 -0.03756555 0.0234375
v 0.022033155 -0.037430565 0.0234375
v 0.03303909 -0.037745595 0.0234375
v 0.02618949 -0.03775149 0.0234375
v 0.02631918 -0.03781941 0.0234375
v 0.026423865 -0.03792177 0.0234375
v 0.033477165 -0.037930755 0.0234375
v 0.02648673 -0.038046375 0.0234375
v 0.033927615 -0.03811905 0.0234375
v 0.026513385 -0.03819729 0.0234375
v 0.03439458 -0.038308365 0.0234375
v 0.02648673 -0.038348205 0.0234375
v 0.026423865 -0.038472825 0.0234375
v 0.02631918 -0.038575185 0.0234375
v 0.02618949 -0.038643105 0.0234375
v 0.032189385 -0.03738915 0.0234375
v 0.02234487 -0.037237845 0.0234375
v 0.03177948 -0.037217025 0.0234375
v 0.02264949 -0.03705336 0.0234375
v 0.031378575 -0.037051395 0.0234375
v 0.030985935 -0.03689376 0.0234375
v 0.022947015 -0.036877125 0.0234375
v 0.030602595 -0.036742455 0.0234375
v 0.023237175 -0.0367089 0.0234375
v 0.03022758 -0.036598665 0.0234375
v 0.02351748 -0.03654636 0.0234375
v 0.02985963 -0.036464055 0.0234375
v 0.023791065 -0.036392415 0.0234375
v 0.02949804 -0.036338745 0.0234375
v 0.0240627 -0.036251535 0.0234375
v 0.029143455 -0.036221805 0.0234375
v 0.024335175 -0.036126345 0.0234375
v 0.02879622 -0.036115065 0.0234375
v 0.02845668 -0.03602037 0.0234375
v 0.024604995 -0.03601365 0.0234375
v 0.02812515 -0.035936955 0.0234375
v 0.02487498 -0.03591591 0.0234375
v 0.02780124 -0.035864805 0.0234375
v 0.02514873 -0.035836305 0.0234375
v 0.027484275 -0.03580524 0.0234375
v 0.025427235 -0.035776695 0.0234375
v 0.02717397 -0.03575919 0.0234375
v 0.02570877 -0.03573531 0.0234375
v 0.026871585 -0.035725305 0.0234375
v 0.025993935 -0.03571023 0.0234375
v 0.02657544 -0.035704845 0.0234375
v 0.026283255 -0.035699655 0.0234375
v 0.012760425 -0.03802233 0.0234375
v 0.018539655 -0.03785157 0.0234375
v 0.018069675 -0.037559715 0.0234375
v 0.01235202 -0.03737367 0.0234375
v 0.017691495 -0.037226955 0.0234375
v 0.017393595 -0.03688134 0.0234375
v 0.011963175 -0.036755415 0.0234375
v 0.01715082 -0.036540735 0.0234375
v 0.0169404 -0.03621201 0.0234375
v 0.011594505 -0.036159585 0.0234375
v 0.01660182 -0.0356781 0.0234375
v 0.011248005 -0.035583465 0.0234375
v 0.016273995 -0.03515835 0.0234375
v 0.010922835 -0.035027895 0.0234375
v 0.01595652 -0.034653015 0.0234375
v 0.01061979 -0.0344889 0.0234375
v 0.01564932 -0.03416214 0.0234375
v 0.010338 -0.03396666 0.0234375
v 0.015355785 -0.03368358 0.0234375
v 0.010079955 -0.03346068 0.0234375
v 0.0150762 -0.033217365 0.0234375
v 0.00984864 -0.032970345 0.0234375
v 0.014811135 -0.032762625 0.0234375
v 0.00964296 -0.032495895 0.0234375
v 0.014560755 -0.032318205 0.0234375
v 0.014325825 -0.031884465 0.0234375
v 0.00930291 -0.031584525 0.0234375
v 0.01411203 -0.031460925 0.0234375
v 0.01391847 -0.031048185 0.0234375
v 0.00905673 -0.030717525 0.0234375
v 0.01374825 -0.030643605 0.0234375
v 0.01360047 -0.03024897 0.0234375
v 0.00890244 -0.02988861 0.0234375
v 0.01347942 -0.029859105 0.0234375
v 0.013393905 -0.02946405 0.0234375
v 0.00883728 -0.02910411 0.0234375
v 0.013341705 -0.029066325 0.0234375
v 0.013332375 -0.02865543 0.0234375
v 0.00884022 -0.02837277 0.0234375
v 0.013368045 -0.028229355 0.0234375
v 0.01344678 -0.027789345 0.0234375
v 0.00889662 -0.02770254 0.0234375
v 0.01356996 -0.027332805 0.0234375
v 0.00899316 -0.027095805 0.0234375
v 0.01373607 -0.026861955 0.0234375
v 0.00911757 -0.026545575 0.0234375
v 0.013937835 -0.026386065 0.0234375
v 0.009253575 -0.02605371 0.0234375
v 0.014175405 -0.025904955 0.0234375
v 0.009399585 -0.0256104 0.0234375
v 0.01444962 -0.025417515 0.0234375
v 0.00955221 -0.02520465 0.0234375
v 0.01528443 -0.02427084 0.0234375
v 0.00970692 -0.024827625 0.0234375
v 0.00985728 -0.02448774 0.0234375
v 0.009999 -0.02419611 0.0234375
v 0.016221615 -0.02310732 0.0234375
v 0.01013169 -0.023942685 0.0234375
v 0.010260345 -0.023705865 0.0234375
v 0.01039821 -0.02344995 0.0234375
v 0.010536 -0.02319435 0.0234375
v 0.010665495 -0.022978635 0.0234375
v 0.017255805 -0.021923505 0.0234375
v 0.010803765 -0.02277885 0.0234375
v 0.01097493 -0.02254512 0.0234375
v 0.011154945 -0.0222975 0.0234375
v 0.011338305 -0.02204562 0.0234375
v 0.01153491 -0.02177982 0.0234375
v 0.018403155 -0.02072979 0.0234375
v 0.01175232 -0.021492825 0.0234375
v 0.011989305 -0.02118696 0.0234375
v 0.01224459 -0.02086374 0.0234375
v 0.012517875 -0.020525355 0.0234375
v 0.019023705 -0.02013171 0.0234375
v 0.012811275 -0.020170695 0.0234375
v 0.01312833 -0.01979685 0.0234375
v 0.019673715 -0.019531665 0.0234375
v 0.013472475 -0.019401555 0.0234375
v 0.020357775 -0.018933345 0.0234375
v 0.013846845 -0.018983685 0.0234375
v 0.014254695 -0.01854207 0.0234375
v 0.021080415 -0.01834047 0.0234375
v 0.0146997 -0.018075435 0.0234375
v 0.021839325 -0.017751045 0.0234375
v 0.0151863 -0.017582295 0.0234375
v 0.022633245 -0.01716408 0.0234375
v 0.015719925 -0.01706142 0.0234375
v 0.023468385 -0.01658481 0.0234375
v 0.01630551 -0.01651248 0.0234375
v 0.024350955 -0.01601844 0.0234375
v 0.01694826 -0.01593546 0.0234375
v 0.025285125 -0.01545957 0.0234375
v 0.01765416 -0.01533036 0.0234375
v 0.026266755 -0.01490769 0.0234375
v 0.01843242 -0.014696115 0.0234375
v 0.02728956 -0.01437534 0.0234375
v 0.019293285 -0.01403292 0.0234375
v 0.02834733 -0.013875045 0.0234375
v 0.019757595 -0.01369086 0.0234375
v 0.02944629 -0.013403865 0.0234375
v 0.02024673 -0.01334217 0.0234375
v 0.03058713 -0.012957225 0.0234375
v 0.02076069 -0.012986895 0.0234375
v 0.021304185 -0.01262589 0.0234375
v 0.031755285 -0.012545175 0.0234375
v 0.021876075 -0.012258615 0.0234375
v 0.032936205 -0.01217775 0.0234375
v 0.022479435 -0.01188654 0.0234375
v 0.034127445 -0.01185666 0.0234375
v 0.03533631 -0.011576835 0.0234375
v 0.02311692 -0.011510835 0.0234375
v 0.03656277 -0.01133832 0.0234375
v 0.03780684 -0.011141085 0.0234375
v 0.02378754 -0.01113108 0.0234375
v 0.038244135 -0.011085315 0.0234375
v 0.038667225 -0.011067585 0.0234375
v 0.02449866 -0.01074957 0.0234375
v 0.060421275 -0.01074201 0.0234375
v 0.039078885 -0.01108776 0.0234375
v 0.059725695 -0.01038048 0.0234375
v 0.025248765 -0.01036584 0.0234375
v 0.058987815 -0.01002603 0.0234375
v 0.026042775 -0.00998148 0.0234375
v 0.058198185 -0.009664995 0.0234375
v 0.026889195 -0.00959868 0.0234375
v 0.05736024 -0.009302295 0.0234375
v 0.02778516 -0.009215985 0.0234375
v 0.05646549 -0.00894408 0.0234375
v 0.02873742 -0.00884088 0.0234375
v 0.05551218 -0.00858798 0.0234375
v 0.02975145 -0.00847281 0.0234375
v 0.054501645 -0.008240205 0.0234375
v 0.03082179 -0.008115735 0.0234375
v 0.053431515 -0.007909605 0.0234375
v 0.031562715 -0.007891305 0.0234375
v 0.052683735 -0.007695885 0.0234375
v 0.03232788 -0.00767589 0.0234375
v 0.05191254 -0.00749187 0.0234375
v 0.033116175 -0.007469655 0.0234375
v 0.051121995 -0.007302375 0.0234375
v 0.03392286 -0.00727686 0.0234375
v 0.05030793 -0.00712638 0.0234375
v 0.034743885 -0.00710139 0.0234375
v 0.04947039 -0.00696237 0.0234375
v 0.035584995 -0.006940485 0.0234375
v 0.048619695 -0.006814395 0.0234375
v 0.036442485 -0.006794835 0.0234375
v 0.047765955 -0.00668646 0.0234375
v 0.03730818 -0.00666747 0.0234375
v 0.046906035 -0.006577845 0.0234375
v 0.038175585 -0.006560925 0.0234375
v 0.046038165 -0.006487455 0.0234375
v 0.039051 -0.0064737 0.0234375
v 0.045167115 -0.006416235 0.0234375
v 0.039931455 -0.00640569 0.0234375
v 0.0442974 -0.006365055 0.0234375
v 0.04081113 -0.006357465 0.0234375
v 0.04342803 -0.006333555 0.0234375
v 0.041685555 -0.00632952 0.0234375
v 0.042557535 -0.00632163 0.0234375
v 0.06108495 -0.011124405 0.0234375
v 0.03945591 -0.01114752 0.0234375
v 0.03979728 -0.01124643 0.0234375
v 0.04899597 -0.028954695 0.0234375
v 0.04598028 -0.028887645 0.0234375
v 0.0488913 -0.028852335 0.0234375
v 0.048828435 -0.02872773 0.0234375
v 0.04880178 -0.028576815 0.0234375
v 0.048828435 -0.0284259 0.0234375
v 0.0488913 -0.028301295 0.0234375
v 0.04899597 -0.02819892 0.0234375
v 0.049125675 -0.028131 0.0234375
f 1 2 3
f 1 4 2
f 1 3 5
f 6 1 5
f 6 5 7
f 8 6 7
f 8 7 9
f 10 8 9
f 10 9 11
f 12 10 11
f 12 11 13
f 12 13 14
f 15 12 14
f 15 14 16
f 17 15 16
f 17 16 18
f 19 17 18
f 19 18 20
f 21 19 20
f 21 20 22
f 21 22 23
f 24 21 23
f 24 23 25
f 24 25 26
f 27 24 26
f 27 26 28
f 29 27 28
f 29 28 30
f 31 29 30
f 31 30 32
f 31 32 33
f 34 31 33
f 34 33 35
f 36 34 35
f 36 35 37
f 36 37 38
f 39 36 38
f 39 38 40
f 39 40 41
f 41 40 42
f 43 41 42
f 43 42 44
f 45 43 44
f 46 45 44
f 46 44 47
f 48 46 47
f 48 47 49
f 50 48 49
f 51 50 49
f 51 49 52
f 53 51 52
f 53 52 54
f 55 53 54
f 55 54 56
f 57 55 56
f 57 56 58
f 59 57 58
f 60 59 58
f 61 60 58
f 62 61 58
f 62 58 63
f 64 62 63
f 65 64 63
f 66 65 63
f 67 66 63
f 68 67 63
f 69 68 63
f 70 69 63
f 71 70 63
f 72 71 63
f 73 72 63
f 74 73 63
f 75 74 63
f 75 76 74
f 75 63 77
f 78 75 77
f 78 77 79
f 78 79 80
f 81 80 79
f 78 80 82
f 78 82 83
f 78 83 84
f 78 84 85
f 78 85 86
f 78 86 87
f 78 87 88
f 78 88 89
f 78 89 90
f 91 78 90
f 91 90 92
f 91 92 93
f 91 93 94
f 91 94 95
f 91 95 96
f 97 91 96
f 97 96 98
f 97 98 99
f 97 99 100
f 101 97 100
f 101 100 102
f 101 102 103
f 101 103 104
f 105 101 104
f 105 104 106
f 105 106 107
f 108 105 107
f 108 107 109
f 108 109 110
f 108 110 111
f 108 111 112
f 113 108 112
f 113 112 114
f 113 114 115
f 113 115 116
f 117 113 116
f 117 116 118
f 117 118 119
f 117 119 120
f 121 117 120
f 121 120 122
f 121 122 123
f 121 123 124
f 125 121 124
f 125 124 126
f 125 126 127
f 125 127 128
f 128 127 129
f 130 128 129
f 131 130 129
f 131 129 132
f 133 131 132
f 134 133 132
f 134 132 135
f 134 135 136
f 135 137 136
f 134 136 138
f 134 138 139
f 134 139 140
f 141 134 140
f 141 140 142
f 141 142 143
f 144 141 143
f 144 143 145
f 144 145 146
f 144 146 147
f 144 147 148
f 144 148 149
f 150 144 149
f 150 149 151
f 151 149 152
f 150 151 153
f 154 150 153
f 155 154 153
f 155 153 156
f 157 155 156
f 157 156 158
f 159 157 158
f 160 159 158
f 161 160 158
f 161 158 162
f 158 163 162
f 164 161 162
f 165 164 162
f 166 165 162
f 166 162 167
f 168 166 167
f 169 168 167
f 170 169 167
f 170 167 171
f 172 170 171
f 173 172 171
f 174 173 171
f 174 171 175
f 174 175 176
f 174 176 177
f 178 174 177
f 178 177 179
f 178 179 180
f 181 178 180
f 181 180 182
f 183 181 182
f 183 182 184
f 185 183 184
f 185 184 186
f 187 185 186
f 187 186 188
f 189 187 188
f 189 188 190
f 191 189 190
f 192 191 190
f 192 190 193
f 194 192 193
f 194 193 195
f 196 194 195
f 197 196 195
f 197 195 198
f 197 198 199
f 200 197 199
f 200 199 201
f 202 200 201
f 202 201 203
f 204 202 203
f 204 203 205
f 206 204 205
f 206 205 207
f 208 206 207
f 208 207 209
f 210 208 209
f 210 209 211
f 212 210 211
f 212 211 213
f 214 212 213
f 215 214 213
f 215 213 216
f 217 215 216
f 217 216 218
f 219 217 218
f 219 218 220
f 221 219 220
f 222 221 220
f 222 220 223
f 224 222 223
f 224 223 225
f 226 224 225
f 226 225 227
f 228 226 227
f 229 228 227
f 229 227 230
f 231 229 230
f 232 231 230
f 232 230 233
f 234 232 233
f 235 234 233
f 236 235 233
f 236 233 237
f 238 236 237
f 239 238 237
f 239 237 240
f 241 239 240
f 242 241 240
f 242 240 243
f 244 242 243
f 244 243 245
f 246 244 245
f 247 246 245
f 247 245 248
f 249 247 248
f 250 249 248
f 250 248 251
f 252 250 251
f 253 252 251
f 254 253 251
f 254 251 255
f 256 254 255
f 257 256 255
f 258 257 255
f 259 258 255
f 260 259 255
f 260 255 261
f 262 260 261
f 263 262 261
f 264 263 261
f 265 264 261
f 266 265 261
f 266 261 267
f 268 267 261
f 269 266 267
f 269 267 270
f 271 269 270
f 272 271 270
f 273 272 270
f 274 273 270
f 275 274 270
f 276 275 270
f 277 276 270
f 278 277 270
f 279 278 270
f 279 270 280
f 281 279 280
f 282 281 280
f 283 282 280
f 284 283 280
f 285 284 280
f 285 280 286
f 287 285 286
f 288 287 286
f 289 288 286
f 290 289 286
f 290 286 291
f 292 290 291
f 292 291 293
f 294 292 293
f 294 293 295
f 296 294 295
f 296 295 297
f 295 298 297
f 296 297 299
f 300 296 299
f 300 299 301
f 300 301 302
f 303 300 302
f 303 302 304
f 303 304 305
f 306 303 305
f 306 305 307
f 308 306 307
f 308 307 309
f 310 308 309
f 310 309 311
f 312 310 311
f 312 311 313
f 314 312 313
f 314 313 315
f 314 315 316
f 317 314 316
f 317 316 318
f 317 318 319
f 320 317 319
f 320 319 321
f 320 321 322
f 320 322 323
f 324 320 323
f 324 323 325
f 325 323 326
f 324 325 327
f 328 324 327
f 328 327 329
f 330 328 329
f 330 329 331
f 332 330 331
f 332 331 333
f 332 333 334
f 332 334 335
f 332 335 336
f 332 336 337
f 332 337 338
f 339 332 338
f 339 338 340
f 339 340 341
f 339 341 342
f 339 342 343
f 339 343 344
f 339 344 345
f 339 345 346
f 339 346 347
f 339 347 348
f 339 348 349
f 339 349 76
f 75 339 76
f 350 325 326
f 350 326 351
f 350 351 352
f 353 350 352
f 353 352 354
f 353 354 355
f 356 353 355
f 356 355 357
f 358 356 357
f 358 357 359
f 360 358 359
f 360 359 361
f 362 360 361
f 362 361 363
f 364 362 363
f 364 363 365
f 366 364 365
f 366 365 367
f 368 366 367
f 368 367 369
f 368 369 370
f 298 368 370
f 298 370 371
f 298 371 372
f 298 372 297
f 268 261 373
f 268 373 374
f 375 374 373
f 268 374 376
f 268 376 377
f 268 377 378
f 268 378 379
f 380 268 379
f 380 379 381
f 380 381 382
f 380 382 383
f 380 383 384
f 380 384 385
f 380 385 386
f 380 386 387
f 388 380 387
f 388 387 389
f 388 389 390
f 388 390 391
f 388 391 392
f 393 388 392
f 393 392 394
f 393 394 395
f 393 395 396
f 393 396 397
f 398 393 397
f 398 397 399
f 398 399 400
f 401 398 400
f 401 400 402
f 401 402 403
f 404 401 403
f 404 403 405
f 404 405 406
f 407 404 406
f 407 406 408
f 407 408 409
f 410 407 409
f 410 409 411
f 412 410 411
f 412 411 413
f 414 412 413
f 414 413 415
f 414 415 416
f 417 414 416
f 417 416 418
f 419 417 418
f 419 418 420
f 421 419 420
f 421 420 422
f 423 421 422
f 423 422 424
f 425 423 424
f 425 424 426
f 427 425 426
f 427 426 428
f 429 427 428
f 429 428 430
f 431 429 430
f 431 430 432
f 433 431 432
f 433 432 434
f 435 433 434
f 436 435 434
f 436 434 437
f 438 436 437
f 438 437 439
f 440 438 439
f 441 440 439
f 441 439 442
f 443 441 442
f 443 442 444
f 445 443 444
f 445 444 446
f 444 447 446
f 445 446 448
f 449 445 448
f 449 448 450
f 449 450 451
f 449 451 452
f 449 452 453
f 454 449 453
f 454 453 455
f 454 455 456
f 454 456 457
f 458 454 457
f 458 457 459
f 458 459 460
f 458 460 461
f 461 460 462
f 463 458 461
f 463 461 464
f 465 463 464
f 466 465 464
f 466 464 467
f 468 466 467
f 468 467 469
f 470 468 469
f 471 470 469
f 471 469 472
f 473 471 472
f 473 472 474
f 475 473 474
f 476 475 474
f 476 474 477
f 478 476 477
f 478 477 479
f 480 478 479
f 481 480 479
f 481 479 482
f 483 481 482
f 483 482 484
f 485 483 484
f 485 484 486
f 487 485 486
f 487 486 488
f 489 487 488
f 489 488 490
f 491 489 490
f 491 490 492
f 493 491 492
f 493 492 494
f 495 493 494
f 495 494 496
f 497 495 496
f 497 496 498
f 497 498 499
f 500 497 499
f 500 499 501
f 502 500 501
f 503 502 501
f 504 503 501
f 504 501 505
f 506 504 505
f 507 506 505
f 507 505 508
f 509 507 508
f 510 509 508
f 510 508 511
f 512 510 511
f 512 511 513
f 514 512 513
f 514 513 515
f 516 514 515
f 517 516 515
f 517 515 518
f 519 517 518
f 519 518 520
f 521 519 520
f 522 521 520
f 522 520 523
f 524 522 523
f 524 523 525
f 523 526 525
f 524 525 527
f 528 524 527
f 529 528 527
f 530 529 527
f 531 530 527
f 532 531 527
f 533 532 527
f 533 527 534
f 535 533 534
f 535 534 536
f 537 535 536
f 538 537 536
f 538 536 539
f 540 538 539
f 540 539 541
f 542 540 541
f 543 542 541
f 543 541 544
f 545 543 544
f 545 544 546
f 547 545 546
f 548 547 546
f 548 546 549
f 550 548 549
f 550 549 551
f 552 550 551
f 552 551 553
f 554 552 553
f 555 554 553
f 555 553 556
f 557 555 556
f 557 556 558
f 559 557 558
f 560 559 558
f 560 558 561
f 562 560 561
f 563 562 561
f 563 561 564
f 565 563 564
f 565 564 566
f 567 565 566
f 568 567 566
f 568 566 569
f 570 568 569
f 570 569 571
f 572 570 571
f 572 571 573
f 574 572 573
f 574 573 575
f 576 574 575
f 576 575 577
f 578 576 577
f 579 578 577
f 579 577 580
f 581 579 580
f 581 580 582
f 4 581 582
f 4 582 583
f 4 583 584
f 4 584 2
f 526 585 525
f 585 586 525
f 585 587 586
f 587 588 586
f 588 589 586
f 588 590 589
f 589 591 586
f 589 592 591
f 592 593 591
f 592 594 593
f 592 595 594
f 595 596 594
f 595 597 596
f 597 598 596
f 597 599 598
f 599 600 598
f 599 601 600
f 601 602 600
f 601 603 602
f 603 604 602
f 603 605 604
f 605 606 604
f 605 607 606
f 607 608 606
f 607 609 608
f 609 610 608
f 609 611 610
f 611 612 610
f 611 613 612
f 613 614 612
f 613 615 614
f 615 616 614
f 615 617 616
f 617 618 616
f 617 619 618
f 619 620 618
f 619 621 620
f 621 622 620
f 621 623 622
f 623 624 622
f 623 625 624
f 625 626 624
f 625 627 626
f 627 628 626
f 627 629 628
f 629 630 628
f 629 631 630
f 631 632 630
f 590 633 589
f 633 634 589
f 633 635 634
f 636 634 635
f 636 637 634
f 636 638 637
f 638 639 637
f 639 640 637
f 639 641 640
f 641 642 640
f 641 643 642
f 643 644 642
f 643 645 644
f 645 646 644
f 645 647 646
f 647 648 646
f 647 649 648
f 647 650 649
f 650 651 649
f 650 652 651
f 652 653 651
f 652 654 653
f 654 655 653
f 654 656 655
f 656 657 655
f 656 658 657
f 658 659 657
f 658 660 659
f 660 661 659
f 660 662 661
f 662 663 661
f 662 664 663
f 664 665 663
f 664 666 665
f 666 667 665
f 666 668 667
f 668 669 667
f 668 670 669
f 670 671 669
f 670 672 671
f 670 673 672
f 673 674 672
f 673 675 674
f 675 676 674
f 675 677 676
f 675 678 677
f 678 679 677
f 678 680 679
f 678 681 680
f 678 682 681
f 678 683 682
f 683 684 682
f 683 685 684
f 683 686 685
f 683 687 686
f 683 688 687
f 683 689 688
f 689 690 688
f 689 691 690
f 689 692 691
f 689 693 692
f 689 694 693
f 689 695 694
f 695 696 694
f 695 697 696
f 695 698 697
f 695 699 698
f 699 700 698
f 699 701 700
f 701 702 700
f 701 703 702
f 703 704 702
f 703 705 704
f 705 706 704
f 705 707 706
f 707 708 706
f 708 709 706
f 708 710 709
f 710 711 709
f 711 712 709
f 711 713 712
f 713 714 712
f 714 715 712
f 714 716 715
f 716 717 715
f 717 718 715
f 717 719 718
f 719 720 718
f 720 721 718
f 720 722 721
f 722 723 721
f 723 724 721
f 723 725 724
f 725 726 724
f 725 727 726
f 727 728 726
f 727 729 728
f 729 730 728
f 729 731 730
f 731 732 730
f 731 733 732
f 733 734 732
f 733 735 734
f 735 736 734
f 735 737 736
f 737 738 736
f 737 739 738
f 739 740 738
f 740 741 738
f 740 742 741
f 742 743 741
f 743 744 741
f 743 745 744
f 745 746 744
f 746 747 744
f 746 748 747
f 748 749 747
f 749 750 747
f 749 751 750
f 750 752 747
f 752 753 747
f 753 754 747
f 754 755 747
f 755 756 747
f 757 756 755
f 757 758 756
f 757 755 759
f 757 759 760
f 761 757 760
f 761 760 762
f 761 762 763
f 764 761 763
f 764 763 765
f 766 764 765
f 766 765 767
f 768 766 767
f 768 767 769
f 768 769 770
f 768 770 771
f 772 768 771
f 772 771 773
f 774 772 773
f 774 775 772
f 774 773 776
f 774 776 777
f 778 774 777
f 778 777 779
f 780 778 779
f 780 779 781
f 782 780 781
f 782 781 751
f 783 782 751
f 749 783 751
f 774 784 775
f 784 785 775
f 784 786 785
f 786 787 785
f 786 788 787
f 788 789 787
f 788 790 789
f 790 791 789
f 790 792 791
f 790 793 792
f 793 794 792
f 793 795 794
f 795 796 794
f 795 797 796
f 797 798 796
f 797 799 798
f 799 800 798
f 799 801 800
f 801 802 800
f 801 803 802
f 803 804 802
f 803 805 804
f 803 806 805
f 806 807 805
f 806 808 807
f 808 809 807
f 808 810 809
f 810 811 809
f 810 812 811
f 812 813 811
f 812 814 813
f 814 815 813
f 814 816 815
f 758 817 756
f 817 818 756
f 818 819 756
f 819 820 756
f 819 821 820
f 821 822 820
f 822 823 820
f 823 824 820
f 824 825 820
f 825 826 820
f 826 827 820
f 827 828 820
f 828 829 820
f 829 375 820
f 375 373 820
f 461 462 830
f 461 830 831
f 832 461 831
f 832 831 833
f 832 833 834
f 832 834 835
f 832 835 836
f 447 832 836
f 447 836 837
f 447 837 838
f 447 838 446
f 158 839 163
f 839 840 163
f 839 841 840
f 841 842 840
f 841 843 842
f 843 844 842
f 843 845 844
f 843 846 845
f 846 847 845
f 846 848 847
f 848 849 847
f 848 850 849
f 850 851 849
f 850 852 851
f 852 853 851
f 852 854 853
f 854 855 853
f 855 856 853
f 856 857 853
f 856 858 857
f 856 859 858
f 858 860 857
f 858 861 860
f 861 862 860
f 861 863 862
f 863 864 862
f 863 865 864
f 865 866 864
f 865 867 866
f 867 868 866
f 867 869 868
f 869 870 868
f 869 871 870
f 871 872 870
f 871 873 872
f 873 874 872
f 873 875 874
f 875 876 874
f 875 877 876
f 877 878 876
f 877 879 878
f 879 880 878
f 879 881 880
f 881 882 880
f 881 883 882
f 883 884 882
f 883 885 884
f 885 886 884
f 859 887 858
f 888 887 859
f 888 889 887
f 889 890 887
f 889 891 890
f 891 892 890
f 891 893 892
f 893 894 892
f 893 895 894
f 895 896 894
f 895 897 896
f 897 898 896
f 897 899 898
f 899 900 898
f 899 901 900
f 899 902 901
f 902 903 901
f 902 904 903
f 904 905 903
f 904 906 905
f 906 907 905
f 906 908 907
f 908 909 907
f 909 910 907
f 910 911 907
f 910 912 911
f 912 913 911
f 913 914 911
f 913 915 914
f 915 916 914
f 915 917 916
f 917 918 916
f 918 919 916
f 918 920 919
f 920 921 919
f 921 922 919
f 921 923 922
f 923 924 922
f 923 925 924
f 925 926 924
f 926 927 924
f 926 928 927
f 928 929 927
f 929 930 927
f 930 931 927
f 931 932 927
f 931 933 932
f 933 934 932
f 934 935 932
f 935 936 932
f 936 937 932
f 937 938 932
f 937 939 938
f 939 940 938
f 939 941 940
f 941 942 940
f 942 943 940
f 942 944 943
f 943 945 940
f 945 946 940
f 946 947 940
f 946 948 947
f 948 949 947
f 949 950 947
f 951 947 950
f 951 952 947
f 952 953 947
f 953 954 947
f 954 955 947
f 955 956 947
f 957 956 955
f 957 958 956
f 957 955 959
f 960 957 959
f 960 959 961
f 960 961 962
f 960 962 963
f 964 960 963
f 964 963 965
f 944 964 965
f 944 965 966
f 944 966 967
f 944 967 968
f 944 968 969
f 944 969 943
f 958 970 956
f 970 79 956
f 970 971 79
f 971 972 79
f 972 973 79
f 973 81 79
f 151 152 974
f 151 974 975
f 151 975 976
f 977 151 976
f 977 976 978
f 977 978 979
f 977 979 980
f 977 980 981
f 977 981 137
f 135 977 137
f 982 983 984
f 985 983 982
f 986 982 984
f 986 984 987
f 986 987 988
f 988 987 989
f 988 989 990
f 990 989 991
f 990 991 992
f 992 991 993
f 992 993 994
f 994 993 995
f 994 995 996
f 996 995 997
f 996 997 998
f 998 997 999
f 998 999 1000
f 1000 999 1001
f 1000 1001 1002
f 1002 1001 1003
f 1002 1003 1004
f 1004 1003 1005
f 1004 1005 1006
f 1006 1005 1007
f 1006 1007 1008
f 1008 1007 1009
f 1008 1009 1010
f 1010 1009 1011
f 1010 1011 1012
f 1012 1011 1013
f 1012 1013 1014
f 1014 1013 1015
f 1014 1015 1016
f 1016 1015 1017
f 1016 1017 1018
f 1018 1017 1019
f 1018 1019 1020
f 1020 1019 1021
f 1020 1021 1022
f 1022 1021 1023
f 1022 1023 1024
f 1024 1023 1025
f 1024 1025 1026
f 1026 1025 1027
f 1026 1027 1028
f 1028 1027 1029
f 1028 1029 1030
f 1030 1029 1031
f 1030 1031 1032
f 1032 1031 1033
f 1032 1033 1034
f 1034 1033 1035
f 1034 1035 1036
f 1036 1035 1037
f 1036 1037 1038
f 1038 1037 1039
f 1038 1039 1040
f 1040 1039 1041
f 1040 1041 1042
f 1042 1041 1043
f 1042 1043 1044
f 1044 1043 1045
f 1044 1045 1046
f 1046 1045 1047
f 1046 1047 1048
f 1048 1047 1049
f 1048 1049 1050
f 1050 1049 1051
f 1050 1051 1052
f 1052 1051 1053
f 1052 1053 1054
f 1054 1053 1055
f 1054 1055 1056
f 1056 1055 1057
f 1056 1057 1058
f 1058 1057 1059
f 1058 1059 1060
f 1060 1059 1061
f 1060 1061 1062
f 1062 1061 1063
f 1062 1063 1064
f 1064 1063 1065
f 1064 1065 1066
f 1066 1065 1067
f 1066 1067 1068
f 1068 1067 1069
f 1068 1069 1070
f 1070 1069 1071
f 1070 1071 1072
f 1072 1071 1073
f 1072 1073 1074
f 1074 1073 1075
f 1074 1075 1076
f 1076 1075 1077
f 1076 1077 1078
f 1078 1077 1079
f 1078 1079 1080
f 1080 1079 1081
f 1080 1081 1082
f 1082 1081 1083
f 1082 1083 1084
f 1084 1083 1085
f 1084 1085 1086
f 1086 1085 1087
f 1086 1087 1088
f 1088 1087 1089
f 1088 1089 1090
f 1090 1089 1091
f 1090 1091 1092
f 1092 1091 1093
f 1092 1093 1094
f 1094 1093 1095
f 1094 1095 1096
f 1096 1095 1097
f 1096 1097 1098
f 1098 1097 1099
f 1098 1099 1100
f 1100 1099 1101
f 1100 1101 1102
f 1102 1101 1103
f 1102 1103 1104
f 1104 1103 1105
f 1104 1105 1106
f 1106 1105 1107
f 1106 1107 1108
f 1108 1107 1109
f 1108 1109 1110
f 1110 1109 1111
f 1110 1111 1112
f 1112 1111 1113
f 1112 1113 1114
f 1114 1113 1115
f 1114 1115 1116
f 1116 1115 1117
f 1116 1117 1118
f 1118 1117 1119
f 1118 1119 1120
f 1120 1119 1121
f 1120 1121 1122
f 1122 1121 1123
f 1122 1123 1124
f 1124 1123 1125
f 1124 1125 1126
f 1126 1125 1127
f 1126 1127 1128
f 1128 1127 1129
f 1128 1129 1130
f 1130 1129 1131
f 1130 1131 1132
f 1132 1131 1133
f 1132 1133 1134
f 1134 1133 1135
f 1134 1135 1136
f 1136 1135 1137
f 1136 1137 1138
f 1138 1137 1139
f 1138 1139 1140
f 1140 1139 1141
f 1140 1141 1142
f 1142 1141 1143
f 1142 1143 1144
f 1144 1143 1145
f 1144 1145 1146
f 1146 1145 1147
f 1146 1147 1148
f 1148 1147 1149
f 1148 1149 1150
f 1150 1149 1151
f 1150 1151 1152
f 1152 1151 1153
f 1152 1153 1154
f 1154 1153 1155
f 1154 1155 1156
f 1156 1155 1157
f 1156 1157 1158
f 1158 1157 1159
f 1158 1159 1160
f 1160 1159 1161
f 1160 1161 1162
f 1162 1161 1163
f 1162 1163 1164
f 1164 1163 1165
f 1164 1165 1166
f 1166 1165 1167
f 1166 1167 1168
f 1168 1167 1169
f 1168 1169 1170
f 1170 1169 1171
f 1170 1171 1172
f 1172 1171 1173
f 1172 1173 1174
f 1174 1173 1175
f 1174 1175 1176
f 1176 1175 1177
f 1176 1177 1178
f 1178 1177 1179
f 1178 1179 1180
f 1180 1179 1181
f 1180 1181 1182
f 1182 1181 1183
f 1182 1183 1184
f 1184 1183 1185
f 1184 1185 1186
f 1186 1185 1187
f 1186 1187 1188
f 1188 1187 1189
f 1188 1189 1190
f 1190 1189 1191
f 1190 1191 1192
f 1192 1191 1193
f 1192 1193 1194
f 1194 1193 1195
f 1194 1195 1196
f 1196 1195 1197
f 1196 1197 1198
f 1198 1197 1199
f 1198 1199 1200
f 1200 1199 1201
f 1200 1201 1202
f 1202 1201 1203
f 1202 1203 1204
f 1204 1203 1205
f 1204 1205 1206
f 1206 1205 1207
f 1206 1207 1208
f 1208 1207 1209
f 1208 1209 1210
f 1210 1209 1211
f 1210 1211 1212
f 1212 1211 1213
f 1212 1213 1214
f 1214 1213 1215
f 1214 1215 1216
f 1216 1215 1217
f 1216 1217 1218
f 1218 1217 1219
f 1218 1219 1220
f 1220 1219 1221
f 1220 1221 1222
f 1222 1221 1223
f 1222 1223 1224
f 1224 1223 1225
f 1224 1225 1226
f 1226 1225 1227
f 1226 1227 1228
f 1228 1227 1229
f 1228 1229 1230
f 1230 1229 1231
f 1230 1231 1232
f 1232 1231 1233
f 1232 1233 1234
f 1234 1233 1235
f 1234 1235 1236
f 1236 1235 1237
f 1236 1237 1238
f 1238 1237 1239
f 1238 1239 1240
f 1240 1239 1241
f 1240 1241 1242
f 1242 1241 1243
f 1242 1243 1244
f 1244 1243 1245
f 1244 1245 1246
f 1246 1245 1247
f 1246 1247 1248
f 1248 1247 1249
f 1248 1249 1250
f 1250 1249 1251
f 1250 1251 1252
f 1252 1251 1253
f 1252 1253 1254
f 1254 1253 1255
f 1254 1255 1256
f 1256 1255 1257
f 1256 1257 1258
f 1258 1257 1259
f 1258 1259 1260
f 1260 1259 1261
f 1260 1261 1262
f 1262 1261 1263
f 1262 1263 1264
f 1264 1263 1265
f 1264 1265 1266
f 1266 1265 1267
f 1266 1267 1268
f 1268 1267 1269
f 1268 1269 1270
f 1270 1269 1271
f 1270 1271 1272
f 1272 1271 1273
f 1272 1273 1274
f 1274 1273 1275
f 1274 1275 1276
f 1276 1275 1277
f 1276 1277 1278
f 1278 1277 1279
f 1278 1279 1280
f 1280 1279 1281
f 1280 1281 1282
f 1282 1281 1283
f 1282 1283 1284
f 1284 1283 1285
f 1284 1285 1286
f 1286 1285 1287
f 1286 1287 1288
f 1288 1287 1289
f 1288 1289 1290
f 1290 1289 1291
f 1290 1291 1292
f 1292 1291 1293
f 1292 1293 1294
f 1294 1293 1295
f 1294 1295 1296
f 1296 1295 1297
f 1296 1297 1298
f 1298 1297 1299
f 1298 1299 1300
f 1300 1299 1301
f 1300 1301 1302
f 1302 1301 1303
f 1302 1303 1304
f 1304 1303 1305
f 1304 1305 1306
f 1306 1305 1307
f 1306 1307 1308
f 1308 1307 1309
f 1308 1309 1310
f 1310 1309 1311
f 1310 1311 1312
f 1312 1311 1313
f 1312 1313 1314
f 1314 1313 1315
f 1314 1315 1316
f 1316 1315 1317
f 1316 1317 1318
f 1318 1317 1319
f 1318 1319 1320
f 1320 1319 1321
f 1320 1321 1322
f 1322 1321 1323
f 1322 1323 1324
f 1324 1323 1325
f 1324 1325 1326
f 1326 1325 1327
f 1326 1327 1328
f 1328 1327 1329
f 1328 1329 1330
f 1330 1329 1331
f 1330 1331 1332
f 1332 1331 1333
f 1332 1333 1334
f 1334 1333 1335
f 1334 1335 1336
f 1336 1335 1337
f 1336 1337 1338
f 1338 1337 1339
f 1338 1339 1340
f 1340 1339 1341
f 1340 1341 1342
f 1342 1341 1343
f 1342 1343 1344
f 1344 1343 1345
f 1344 1345 1346
f 1346 1345 1347
f 1346 1347 1348
f 1348 1347 1349
f 1348 1349 1350
f 1350 1349 1351
f 1350 1351 1352
f 1352 1351 1353
f 1352 1353 1354
f 1354 1353 1355
f 1354 1355 1356
f 1356 1355 1357
f 1356 1357 1358
f 1358 1357 1359
f 1358 1359 1360
f 1360 1359 1361
f 1360 1361 1362
f 1362 1361 1363
f 1362 1363 1364
f 1364 1363 1365
f 1364 1365 1366
f 1366 1365 1367
f 1366 1367 1368
f 1368 1367 1369
f 1368 1369 1370
f 1370 1369 1371
f 1370 1371 1372
f 1372 1371 1373
f 1372 1373 1374
f 1374 1373 1375
f 1374 1375 1376
f 1376 1375 1377
f 1376 1377 1378
f 1378 1377 1379
f 1378 1379 1380
f 1380 1379 1381
f 1380 1381 1382
f 1382 1381 1383
f 1382 1383 1384
f 1384 1383 1385
f 1384 1385 1386
f 1386 1385 1387
f 1386 1387 1388
f 1388 1387 1389
f 1388 1389 1390
f 1390 1389 1391
f 1390 1391 1392
f 1392 1391 1393
f 1392 1393 1394
f 1394 1393 1395
f 1394 1395 1396
f 1396 1395 1397
f 1396 1397 1398
f 1398 1397 1399
f 1398 1399 1400
f 1400 1399 1401
f 1400 1401 1402
f 1402 1401 1403
f 1402 1403 1404
f 1404 1403 1405
f 1404 1405 1406
f 1406 1405 1407
f 1406 1407 1408
f 1408 1407 1409
f 1408 1409 1410
f 1410 1409 1411
f 1410 1411 1412
f 1412 1411 1413
f 1412 1413 1414
f 1414 1413 1415
f 1414 1415 1416
f 1416 1415 1417
f 1416 1417 1418
f 1418 1417 1419
f 1418 1419 1420
f 1420 1419 1421
f 1420 1421 1422
f 1422 1421 1423
f 1422 1423 1424
f 1424 1423 1425
f 1424 1425 1426
f 1426 1425 1427
f 1426 1427 1428
f 1428 1427 1429
f 1428 1429 1430
f 1430 1429 1431
f 1430 1431 1432
f 1432 1431 1433
f 1432 1433 1434
f 1434 1433 1435
f 1434 1435 1436
f 1436 1435 1437
f 1436 1437 1438
f 1438 1437 1439
f 1438 1439 1440
f 1440 1439 1441
f 1440 1441 1442
f 1442 1441 1443
f 1442 1443 1444
f 1444 1443 1445
f 1444 1445 1446
f 1446 1445 1447
f 1446 1447 1448
f 1448 1447 1449
f 1448 1449 1450
f 1450 1449 1451
f 1450 1451 1452
f 1452 1451 1453
f 1452 1453 1454
f 1454 1453 1455
f 1454 1455 1456
f 1456 1455 1457
f 1456 1457 1458
f 1458 1457 1459
f 1458 1459 1460
f 1460 1459 1461
f 1460 1461 1462
f 1462 1461 1463
f 1462 1463 1464
f 1464 1463 1465
f 1464 1465 1466
f 1466 1465 1467
f 1466 1467 1468
f 1468 1467 1469
f 1468 1469 1470
f 1470 1469 1471
f 1470 1471 1472
f 1472 1471 1473
f 1472 1473 1474
f 1474 1473 1475
f 1474 1475 1476
f 1476 1475 1477
f 1476 1477 1478
f 1478 1477 1479
f 1478 1479 1480
f 1480 1479 1481
f 1480 1481 1482
f 1482 1481 1483
f 1482 1483 1484
f 1484 1483 1485
f 1484 1485 1486
f 1486 1485 1487
f 1486 1487 1488
f 1488 1487 1489
f 1488 1489 1490
f 1490 1489 1491
f 1490 1491 1492
f 1492 1491 1493
f 1492 1493 1494
f 1494 1493 1495
f 1494 1495 1496
f 1496 1495 1497
f 1496 1497 1498
f 1498 1497 1499
f 1498 1499 1500
f 1500 1499 1501
f 1500 1501 1502
f 1502 1501 1503
f 1502 1503 1504
f 1504 1503 1505
f 1504 1505 1506
f 1506 1505 1507
f 1506 1507 1508
f 1508 1507 1509
f 1508 1509 1510
f 1510 1509 1511
f 1510 1511 1512
f 1512 1511 1513
f 1512 1513 1514
f 1514 1513 1515
f 1514 1515 985
f 985 1515 983
f 1516 1517 1518
f 1519 1517 1516
f 1520 1516 1518
f 1520 1518 1521
f 1520 1521 1522
f 1522 1521 1523
f 1522 1523 1524
f 1524 1523 1525
f 1524 1525 1526
f 1526 1525 1527
f 1526 1527 1528
f 1528 1527 1529
f 1528 1529 1530
f 1530 1529 1531
f 1530 1531 1532
f 1532 1531 1533
f 1532 1533 1534
f 1534 1533 1535
f 1534 1535 1536
f 1536 1535 1537
f 1536 1537 1538
f 1538 1537 1539
f 1538 1539 1540
f 1540 1539 1541
f 1540 1541 1542
f 1542 1541 1543
f 1542 1543 1544
f 1544 1543 1545
f 1544 1545 1546
f 1546 1545 1547
f 1546 1547 1548
f 1548 1547 1549
f 1548 1549 1550
f 1550 1549 1551
f 1550 1551 1552
f 1552 1551 1553
f 1552 1553 1554
f 1554 1553 1555
f 1554 1555 1556
f 1556 1555 1557
f 1556 1557 1558
f 1558 1557 1559
f 1558 1559 1560
f 1560 1559 1561
f 1560 1561 1562
f 1562 1561 1563
f 1562 1563 1564
f 1564 1563 1565
f 1564 1565 1566
f 1566 1565 1567
f 1566 1567 1568
f 1568 1567 1569
f 1568 1569 1570
f 1570 1569 1571
f 1570 1571 1572
f 1572 1571 1573
f 1572 1573 1574
f 1574 1573 1575
f 1574 1575 1576
f 1576 1575 1577
f 1576 1577 1578
f 1578 1577 1579
f 1578 1579 1519
f 1519 1579 1517
f 1580 1581 1582
f 1583 1581 1580
f 1584 1580 1582
f 1584 1582 1585
f 1584 1585 1586
f 1586 1585 1587
f 1586 1587 1588
f 1588 1587 1589
f 1588 1589 1590
f 1590 1589 1591
f 1590 1591 1592
f 1592 1591 1593
f 1592 1593 1594
f 1594 1593 1595
f 1594 1595 1596
f 1596 1595 1597
f 1596 1597 1598
f 1598 1597 1599
f 1598 1599 1600
f 1600 1599 1601
f 1600 1601 1602
f 1602 1601 1603
f 1602 1603 1604
f 1604 1603 1605
f 1604 1605 1606
f 1606 1605 1607
f 1606 1607 1608
f 1608 1607 1609
f 1608 1609 1610
f 1610 1609 1611
f 1610 1611 1612
f 1612 1611 1613
f 1612 1613 1614
f 1614 1613 1615
f 1614 1615 1616
f 1616 1615 1617
f 1616 1617 1618
f 1618 1617 1619
f 1618 1619 1583
f 1583 1619 1581
f 1620 1621 1622
f 1623 1621 1620
f 1624 1620 1622
f 1624 1622 1625
f 1624 1625 1626
f 1626 1625 1627
f 1626 1627 1628
f 1628 1627 1629
f 1628 1629 1630
f 1630 1629 1631
f 1630 1631 1632
f 1632 1631 1633
f 1632 1633 1634
f 1634 1633 1635
f 1634 1635 1636
f 1636 1635 1637
f 1636 1637 1638
f 1638 1637 1639
f 1638 1639 1640
f 1640 1639 1641
f 1640 1641 1642
f 1642 1641 1643
f 1642 1643 1644
f 1644 1643 1645
f 1644 1645 1646
f 1646 1645 1647
f 1646 1647 1648
f 1648 1647 1649
f 1648 1649 1650
f 1650 1649 1651
f 1650 1651 1652
f 1652 1651 1653
f 1652 1653 1654
f 1654 1653 1655
f 1654 1655 1656
f 1656 1655 1657
f 1656 1657 1658
f 1658 1657 1659
f 1658 1659 1623
f 1623 1659 1621
f 1660 1661 1662
f 1663 1661 1660
f 1664 1660 1662
f 1664 1662 1665
f 1664 1665 1666
f 1666 1665 1667
f 1666 1667 1668
f 1668 1667 1669
f 1668 1669 1670
f 1670 1669 1671
f 1670 1671 1672
f 1672 1671 1673
f 1672 1673 1674
f 1674 1673 1675
f 1674 1675 1676
f 1676 1675 1677
f 1676 1677 1678
f 1678 1677 1679
f 1678 1679 1680
f 1680 1679 1681
f 1680 1681 1682
f 1682 1681 1683
f 1682 1683 1684
f 1684 1683 1685
f 1684 1685 1686
f 1686 1685 1687
f 1686 1687 1688
f 1688 1687 1689
f 1688 1689 1690
f 1690 1689 1691
f 1690 1691 1692
f 1692 1691 1693
f 1692 1693 1694
f 1694 1693 1695
f 1694 1695 1696
f 1696 1695 1697
f 1696 1697 1698
f 1698 1697 1699
f 1698 1699 1663
f 1663 1699 1661
f 1700 1701 1702
f 1703 1701 1700
f 1704 1700 1702
f 1704 1702 1705
f 1704 1705 1706
f 1706 1705 1707
f 1706 1707 1708
f 1708 1707 1709
f 1708 1709 1710
f 1710 1709 1711
f 1710 1711 1712
f 1712 1711 1713
f 1712 1713 1714
f 1714 1713 1715
f 1714 1715 1716
f 1716 1715 1717
f 1716 1717 1718
f 1718 1717 1719
f 1718 1719 1720
f 1720 1719 1721
f 1720 1721 1722
f 1722 1721 1723
f 1722 1723 1724
f 1724 1723 1725
f 1724 1725 1726
f 1726 1725 1727
f 1726 1727 1728
f 1728 1727 1729
f 1728 1729 1730
f 1730 1729 1731
f 1730 1731 1732
f 1732 1731 1733
f 1732 1733 1734
f 1734 1733 1735
f 1734 1735 1736
f 1736 1735 1737
f 1736 1737 1738
f 1738 1737 1739
f 1738 1739 1703
f 1703 1739 1701
f 1740 1741 1742
f 1743 1741 1740
f 1740 1742 1744
f 1744 1742 1745
f 1744 1745 1746
f 1746 1745 1747
f 1746 1747 1748
f 1748 1747 1749
f 1748 1749 1750
f 1750 1749 1751
f 1750 1751 1752
f 1752 1751 1753
f 1752 1753 1754
f 1754 1753 1755
f 1754 1755 1756
f 1756 1755 1757
f 1756 1757 1758
f 1758 1757 1759
f 1758 1759 1760
f 1760 1759 1761
f 1761 1759 1762
f 1761 1762 1763
f 1763 1762 1764
f 1764 1762 1765
f 1764 1765 1766
f 1766 1765 1767
f 1766 1767 1768
f 1768 1767 1769
f 1768 1769 1770
f 1770 1769 1771
f 1770 1771 1772
f 1772 1771 1773
f 1772 1773 1774
f 1774 1773 1775
f 1774 1775 1776
f 1776 1775 1777
f 1776 1777 1778
f 1778 1777 1779
f 1778 1779 1780
f 1780 1779 1781
f 1780 1781 1782
f 1782 1781 1783
f 1782 1783 1784
f 1784 1783 1785
f 1784 1785 1786
f 1786 1785 1787
f 1786 1787 1788
f 1788 1787 1789
f 1788 1789 1790
f 1790 1789 1791
f 1790 1791 1792
f 1792 1791 1793
f 1792 1793 1794
f 1794 1793 1795
f 1794 1795 1796
f 1796 1795 1797
f 1796 1797 1798
f 1798 1797 1799
f 1798 1799 1800
f 1800 1799 1801
f 1800 1801 1802
f 1802 1801 1803
f 1802 1803 1804
f 1804 1803 1805
f 1804 1805 1806
f 1806 1805 1807
f 1806 1807 1808
f 1808 1807 1809
f 1808 1809 1810
f 1810 1809 1811
f 1810 1811 1812
f 1812 1811 1813
f 1812 1813 1814
f 1814 1813 1815
f 1814 1815 1816
f 1816 1815 1817
f 1816 1817 1818
f 1818 1817 1819
f 1818 1819 1820
f 1820 1819 1821
f 1820 1821 1822
f 1822 1821 1823
f 1822 1823 1824
f 1824 1823 1825
f 1824 1825 1826
f 1826 1825 1827
f 1826 1827 1828
f 1828 1827 1829
f 1828 1829 1830
f 1830 1829 1831
f 1830 1831 1832
f 1832 1831 1833
f 1832 1833 1834
f 1834 1833 1835
f 1834 1835 1836
f 1836 1835 1837
f 1836 1837 1838
f 1838 1837 1839
f 1838 1839 1840
f 1840 1839 1841
f 1840 1841 1842
f 1842 1841 1843
f 1842 1843 1844
f 1844 1843 1845
f 1844 1845 1846
f 1846 1845 1847
f 1846 1847 1848
f 1848 1847 1849
f 1848 1849 1850
f 1850 1849 1851
f 1850 1851 1852
f 1852 1851 1853
f 1852 1853 1854
f 1854 1853 1855
f 1854 1855 1856
f 1856 1855 1857
f 1856 1857 1858
f 1858 1857 1859
f 1858 1859 1860
f 1860 1859 1861
f 1860 1861 1862
f 1862 1861 1863
f 1862 1863 1864
f 1864 1863 1865
f 1864 1865 1866
f 1866 1865 1867
f 1866 1867 1868
f 1868 1867 1869
f 1868 1869 1870
f 1870 1869 1871
f 1870 1871 1872
f 1872 1871 1873
f 1872 1873 1874
f 1874 1873 1875
f 1874 1875 1876
f 1876 1875 1877
f 1876 1877 1878
f 1878 1877 1879
f 1878 1879 1880
f 1880 1879 1881
f 1880 1881 1882
f 1882 1881 1883
f 1882 1883 1884
f 1884 1883 1885
f 1884 1885 1886
f 1886 1885 1887
f 1886 1887 1888
f 1888 1887 1889
f 1888 1889 1890
f 1890 1889 1891
f 1890 1891 1892
f 1892 1891 1893
f 1892 1893 1894
f 1894 1893 1895
f 1894 1895 1896
f 1896 1895 1897
f 1896 1897 1898
f 1898 1897 1899
f 1898 1899 1900
f 1900 1899 1901
f 1900 1901 1902
f 1902 1901 1903
f 1902 1903 1904
f 1904 1903 1905
f 1904 1905 1906
f 1906 1905 1907
f 1906 1907 1908
f 1908 1907 1909
f 1908 1909 1910
f 1910 1909 1911
f 1912 1910 1911
f 1912 1911 1913
f 1912 1913 1914
f 1914 1913 1915
f 1914 1915 1916
f 1916 1915 1917
f 1916 1917 1918
f 1918 1917 1919
f 1918 1919 1920
f 1920 1919 1921
f 1920 1921 1922
f 1922 1921 1923
f 1922 1923 1924
f 1924 1923 1925
f 1924 1925 1926
f 1926 1925 1927
f 1926 1927 1928
f 1928 1927 1929
f 1928 1929 1930
f 1930 1929 1931
f 1930 1931 1932
f 1932 1931 1933
f 1932 1933 1934
f 1934 1933 1935
f 1934 1935 1936
f 1936 1935 1937
f 1936 1937 1938
f 1938 1937 1939
f 1938 1939 1940
f 1940 1939 1941
f 1940 1941 1942
f 1942 1941 1943
f 1942 1943 1944
f 1944 1943 1945
f 1944 1945 1946
f 1946 1945 1947
f 1946 1947 1948
f 1948 1947 1949
f 1948 1949 1950
f 1950 1949 1951
f 1950 1951 1952
f 1952 1951 1953
f 1952 1953 1954
f 1954 1953 1955
f 1954 1955 1956
f 1956 1955 1957
f 1956 1957 1958
f 1958 1957 1959
f 1958 1959 1960
f 1960 1959 1961
f 1960 1961 1962
f 1962 1961 1963
f 1962 1963 1964
f 1964 1963 1965
f 1964 1965 1966
f 1966 1965 1967
f 1966 1967 1968
f 1968 1967 1969
f 1968 1969 1970
f 1970 1969 1971
f 1970 1971 1972
f 1972 1971 1973
f 1972 1973 1974
f 1974 1973 1975
f 1974 1975 1976
f 1976 1975 1977
f 1976 1977 1978
f 1978 1977 1979
f 1978 1979 1980
f 1980 1979 1981
f 1980 1981 1982
f 1982 1981 1983
f 1982 1983 1984
f 1984 1983 1985
f 1984 1985 1986
f 1986 1985 1987
f 1986 1987 1988
f 1988 1987 1989
f 1988 1989 1990
f 1990 1989 1991
f 1990 1991 1992
f 1992 1991 1993
f 1992 1993 1994
f 1994 1993 1995
f 1994 1995 1996
f 1996 1995 1997
f 1996 1997 1998
f 1998 1997 1999
f 1998 1999 2000
f 2000 1999 2001
f 2000 2001 2002
f 2002 2001 2003
f 2002 2003 2004
f 2004 2003 2005
f 2004 2005 2006
f 2006 2005 2007
f 2006 2007 2008
f 2008 2007 2009
f 2008 2009 2010
f 2010 2009 2011
f 2010 2011 2012
f 2012 2011 2013
f 2012 2013 2014
f 2014 2013 2015
f 2014 2015 2016
f 2016 2015 2017
f 2016 2017 2018
f 2018 2017 2019
f 2018 2019 2020
f 2020 2019 2021
f 2020 2021 2022
f 2022 2021 2023
f 2022 2023 2024
f 2024 2023 2025
f 2024 2025 2026
f 2026 2025 2027
f 2026 2027 2028
f 2028 2027 2029
f 2028 2029 2030
f 2030 2029 2031
f 2030 2031 2032
f 2032 2031 2033
f 2032 2033 2034
f 2034 2033 2035
f 2034 2035 2036
f 2036 2035 2037
f 2036 2037 2038
f 2038 2037 2039
f 2038 2039 2040
f 2040 2039 2041
f 2040 2041 2042
f 2042 2041 2043
f 2042 2043 2044
f 2044 2043 2045
f 2044 2045 2046
f 2046 2045 2047
f 2046 2047 2048
f 2048 2047 2049
f 2048 2049 2050
f 2050 2049 2051
f 2050 2051 2052
f 2052 2051 2053
f 2052 2053 2054
f 2054 2053 2055
f 2054 2055 2056
f 2056 2055 2057
f 2056 2057 2058
f 2058 2057 2059
f 2058 2059 2060
f 2060 2059 2061
f 2060 2061 2062
f 2062 2061 2063
f 2062 2063 2064
f 2064 2063 2065
f 2064 2065 2066
f 2066 2065 2067
f 2066 2067 2068
f 2068 2067 2069
f 2068 2069 2070
f 2070 2069 2071
f 2070 2071 2072
f 2072 2071 2073
f 2072 2073 2074
f 2074 2073 2075
f 2074 2075 2076
f 2076 2075 2077
f 2076 2077 2078
f 2078 2077 2079
f 2078 2079 2080
f 2080 2079 2081
f 2080 2081 2082
f 2082 2081 2083
f 2082 2083 2084
f 2084 2083 2085
f 2084 2085 2086
f 2086 2085 2087
f 2086 2087 2088
f 2088 2087 2089
f 2088 2089 2090
f 2090 2089 2091
f 2090 2091 2092
f 2092 2091 2093
f 2092 2093 2094
f 2094 2093 2095
f 2094 2095 2096
f 2096 2095 2097
f 2096 2097 2098
f 2098 2097 2099
f 2098 2099 2100
f 2100 2099 2101
f 2100 2101 2102
f 2102 2101 2103
f 2102 2103 2104
f 2104 2103 2105
f 2104 2105 2106
f 2106 2105 2107
f 2106 2107 2108
f 2108 2107 2109
f 2108 2109 2110
f 2110 2109 2111
f 2110 2111 2112
f 2112 2111 2113
f 2112 2113 2114
f 2114 2113 2115
f 2114 2115 2116
f 2116 2115 2117
f 2116 2117 2118
f 2118 2117 2119
f 2118 2119 2120
f 2120 2119 2121
f 2120 2121 2122
f 2122 2121 2123
f 2122 2123 2124
f 2124 2123 2125
f 2124 2125 2126
f 2126 2125 2127
f 2126 2127 2128
f 2128 2127 2129
f 2128 2129 2130
f 2130 2129 2131
f 2130 2131 1743
f 1743 2131 1741
f 2132 2133 2134
f 2135 2133 2132
f 2132 2134 2136
f 2136 2134 2137
f 2136 2137 2138
f 2138 2137 2139
f 2138 2139 2140
f 2140 2139 2141
f 2140 2141 2142
f 2142 2141 2143
f 2142 2143 2144
f 2144 2143 2145
f 2144 2145 2146
f 2146 2145 2147
f 2146 2147 2148
f 2148 2147 2149
f 2148 2149 2150
f 2150 2149 2151
f 2150 2151 2152
f 2152 2151 2153
f 2152 2153 2154
f 2154 2153 2155
f 2154 2155 2156
f 2156 2155 2157
f 2156 2157 2158
f 2158 2157 2159
f 2158 2159 2160
f 2160 2159 2161
f 2160 2161 2162
f 2162 2161 2163
f 2162 2163 2164
f 2164 2163 2165
f 2164 2165 2166
f 2166 2165 2167
f 2166 2167 2168
f 2168 2167 2169
f 2168 2169 2170
f 2170 2169 2171
f 2170 2171 2172
f 2172 2171 2173
f 2172 2173 2174
f 2174 2173 2175
f 2174 2175 2176
f 2176 2175 2177
f 2176 2177 2178
f 2178 2177 2179
f 2178 2179 2180
f 2180 2179 2181
f 2180 2181 2182
f 2182 2181 2183
f 2182 2183 2184
f 2184 2183 2185
f 2184 2185 2186
f 2186 2185 2187
f 2186 2187 2188
f 2188 2187 2189
f 2188 2189 2190
f 2190 2189 2191
f 2190 2191 2192
f 2192 2191 2193
f 2192 2193 2194
f 2194 2193 2195
f 2194 2195 2196
f 2196 2195 2197
f 2196 2197 2198
f 2198 2197 2199
f 2198 2199 2200
f 2200 2199 2201
f 2200 2201 2202
f 2202 2201 2203
f 2202 2203 2204
f 2204 2203 2205
f 2204 2205 2206
f 2206 2205 2207
f 2206 2207 2208
f 2208 2207 2209
f 2208 2209 2210
f 2210 2209 2211
f 2210 2211 2212
f 2212 2211 2213
f 2212 2213 2214
f 2214 2213 2215
f 2214 2215 2216
f 2216 2215 2217
f 2216 2217 2218
f 2218 2217 2219
f 2218 2219 2220
f 2220 2219 2221
f 2220 2221 2222
f 2222 2221 2223
f 2222 2223 2224
f 2224 2223 2225
f 2224 2225 2226
f 2226 2225 2227
f 2226 2227 2228
f 2228 2227 2229
f 2228 2229 2230
f 2230 2229 2231
f 2230 2231 2232
f 2232 2231 2233
f 2232 2233 2234
f 2234 2233 2235
f 2234 2235 2236
f 2236 2235 2237
f 2236 2237 2238
f 2238 2237 2239
f 2238 2239 2240
f 2240 2239 2241
f 2240 2241 2242
f 2242 2241 2243
f 2242 2243 2244
f 2244 2243 2245
f 2244 2245 2246
f 2246 2245 2247
f 2246 2247 2248
f 2248 2247 2249
f 2248 2249 2250
f 2250 2249 2251
f 2252 2250 2251
f 2252 2251 2253
f 2252 2253 2254
f 2254 2253 2255
f 2254 2255 2256
f 2256 2255 2257
f 2256 2257 2258
f 2258 2257 2259
f 2258 2259 2260
f 2260 2259 2261
f 2260 2261 2262
f 2262 2261 2263
f 2262 2263 2264
f 2264 2263 2265
f 2264 2265 2266
f 2266 2265 2267
f 2266 2267 2268
f 2268 2267 2269
f 2268 2269 2270
f 2270 2269 2271
f 2270 2271 2272
f 2272 2271 2273
f 2272 2273 2274
f 2274 2273 2275
f 2274 2275 2276
f 2276 2275 2277
f 2276 2277 2278
f 2278 2277 2279
f 2278 2279 2280
f 2280 2279 2281
f 2280 2281 2282
f 2282 2281 2283
f 2282 2283 2284
f 2284 2283 2285
f 2284 2285 2286
f 2286 2285 2287
f 2286 2287 2288
f 2288 2287 2289
f 2288 2289 2290
f 2288 2290 2291
f 2291 2290 2292
f 2291 2292 2293
f 2293 2292 2294
f 2293 2294 2295
f 2295 2294 2296
f 2295 2296 2297
f 2297 2296 2298
f 2297 2298 2299
f 2299 2298 2300
f 2299 2300 2301
f 2299 2301 2302
f 2302 2301 2303
f 2302 2303 2304
f 2304 2303 2305
f 2305 2303 2306
f 2305 2306 2307
f 2307 2306 2308
f 2307 2308 2309
f 2309 2308 2310
f 2309 2310 2311
f 2311 2310 2312
f 2311 2312 2313
f 2313 2312 2314
f 2313 2314 2315
f 2315 2314 2316
f 2315 2316 2317
f 2317 2316 2318
f 2317 2318 2319
f 2319 2318 2320
f 2319 2320 2321
f 2321 2320 2322
f 2321 2322 2323
f 2323 2322 2324
f 2323 2324 2325
f 2325 2324 2326
f 2325 2326 2327
f 2327 2326 2328
f 2327 2328 2329
f 2329 2328 2330
f 2329 2330 2331
f 2331 2330 2332
f 2331 2332 2333
f 2333 2332 2334
f 2333 2334 2135
f 2135 2334 2133
f 2335 2336 2337
f 2338 2336 2335
f 2335 2337 2339
f 2339 2337 2340
f 2339 2340 2341
f 2341 2340 2342
f 2341 2342 2343
f 2343 2342 2344
f 2343 2344 2345
f 2345 2344 2346
f 2345 2346 2347
f 2347 2346 2348
f 2348 2346 2349
f 2348 2349 2350
f 2350 2349 2351
f 2351 2349 2352
f 2351 2352 2353
f 2353 2352 2354
f 2353 2354 2355
f 2355 2354 2356
f 2355 2356 2357
f 2357 2356 2358
f 2358 2356 2359
f 2358 2359 2360
f 2360 2359 2361
f 2360 2361 2362
f 2362 2361 2363
f 2362 2363 2364
f 2364 2363 2365
f 2364 2365 2366
f 2366 2365 2367
f 2366 2367 2368
f 2368 2367 2369
f 2368 2369 2370
f 2370 2369 2371
f 2370 2371 2372
f 2372 2371 2373
f 2372 2373 2374
f 2374 2373 2375
f 2374 2375 2376
f 2376 2375 2377
f 2376 2377 2378
f 2378 2377 2379
f 2378 2379 2380
f 2380 2379 2381
f 2380 2381 2382
f 2382 2381 2383
f 2382 2383 2384
f 2384 2383 2385
f 2384 2385 2386
f 2386 2385 2387
f 2386 2387 2388
f 2388 2387 2389
f 2388 2389 2390
f 2390 2389 2391
f 2390 2391 2392
f 2392 2391 2393
f 2392 2393 2394
f 2394 2393 2395
f 2394 2395 2396
f 2396 2395 2397
f 2396 2397 2398
f 2398 2397 2399
f 2398 2399 2400
f 2400 2399 2401
f 2400 2401 2402
f 2402 2401 2403
f 2402 2403 2404
f 2404 2403 2405
f 2404 2405 2406
f 2406 2405 2407
f 2406 2407 2408
f 2408 2407 2409
f 2408 2409 2410
f 2410 2409 2411
f 2410 2411 2412
f 2412 2411 2413
f 2412 2413 2414
f 2414 2413 2415
f 2414 2415 2416
f 2416 2415 2417
f 2416 2417 2418
f 2418 2417 2419
f 2418 2419 2420
f 2420 2419 2421
f 2420 2421 2422
f 2422 2421 2423
f 2422 2423 2424
f 2424 2423 2425
f 2424 2425 2426
f 2426 2425 2427
f 2426 2427 2428
f 2428 2427 2429
f 2428 2429 2430
f 2430 2429 2431
f 2430 2431 2432
f 2432 2431 2433
f 2432 2433 2434
f 2434 2433 2435
f 2434 2435 2436
f 2436 2435 2437
f 2436 2437 2438
f 2438 2437 2439
f 2438 2439 2440
f 2440 2439 2441
f 2440 2441 2442
f 2442 2441 2443
f 2442 2443 2444
f 2444 2443 2445
f 2444 2445 2446
f 2446 2445 2447
f 2446 2447 2448
f 2448 2447 2449
f 2448 2449 2450
f 2450 2449 2451
f 2450 2451 2452
f 2452 2451 2453
f 2452 2453 2454
f 2454 2453 2455
f 2454 2455 2456
f 2456 2455 2457
f 2456 2457 2458
f 2458 2457 2459
f 2460 2458 2459
f 2460 2459 2461
f 2460 2461 2462
f 2462 2461 2463
f 2462 2463 2464
f 2464 2463 2465
f 2464 2465 2466
f 2466 2465 2467
f 2466 2467 2468
f 2468 2467 2469
f 2468 2469 2470
f 2470 2469 2471
f 2470 2471 2472
f 2472 2471 2473
f 2472 2473 2474
f 2474 2473 2475
f 2474 2475 2476
f 2476 2475 2477
f 2476 2477 2478
f 2478 2477 2479
f 2478 2479 2480
f 2480 2479 2481
f 2480 2481 2482
f 2482 2481 2483
f 2482 2483 2484
f 2484 2483 2485
f 2484 2485 2486
f 2486 2485 2487
f 2486 2487 2488
f 2488 2487 2489
f 2488 2489 2490
f 2490 2489 2491
f 2490 2491 2492
f 2492 2491 2493
f 2492 2493 2494
f 2494 2493 2495
f 2494 2495 2496
f 2496 2495 2497
f 2496 2497 2498
f 2498 2497 2499
f 2498 2499 2500
f 2500 2499 2501
f 2500 2501 2502
f 2502 2501 2503
f 2502 2503 2504
f 2504 2503 2505
f 2504 2505 2506
f 2506 2505 2507
f 2506 2507 2508
f 2508 2507 2509
f 2508 2509 2510
f 2510 2509 2511
f 2510 2511 2512
f 2512 2511 2513
f 2512 2513 2514
f 2514 2513 2515
f 2514 2515 2516
f 2516 2515 2517
f 2516 2517 2518
f 2518 2517 2519
f 2518 2519 2520
f 2520 2519 2521
f 2520 2521 2522
f 2522 2521 2523
f 2522 2523 2524
f 2524 2523 2525
f 2524 2525 2526
f 2526 2525 2527
f 2526 2527 2528
f 2528 2527 2529
f 2528 2529 2530
f 2530 2529 2531
f 2530 2531 2532
f 2532 2531 2533
f 2532 2533 2534
f 2534 2533 2535
f 2534 2535 2536
f 2536 2535 2537
f 2536 2537 2538
f 2538 2537 2539
f 2538 2539 2540
f 2540 2539 2541
f 2540 2541 2542
f 2542 2541 2543
f 2542 2543 2544
f 2544 2543 2545
f 2544 2545 2546
f 2546 2545 2547
f 2546 2547 2548
f 2548 2547 2549
f 2548 2549 2550
f 2550 2549 2551
f 2550 2551 2552
f 2552 2551 2553
f 2552 2553 2554
f 2554 2553 2555
f 2554 2555 2556
f 2556 2555 2557
f 2556 2557 2558
f 2558 2557 2559
f 2558 2559 2560
f 2560 2559 2561
f 2560 2561 2562
f 2562 2561 2563
f 2562 2563 2564
f 2564 2563 2565
f 2564 2565 2566
f 2566 2565 2567
f 2566 2567 2568
f 2568 2567 2569
f 2569 2567 2570
f 2569 2570 2571
f 2571 2570 2572
f 2571 2572 2573
f 2573 2572 2574
f 2573 2574 2575
f 2575 2574 2576
f 2575 2576 2577
f 2577 2576 2578
f 2577 2578 2579
f 2579 2578 2580
f 2579 2580 2581
f 2581 2580 2582
f 2581 2582 2583
f 2583 2582 2584
f 2583 2584 2585
f 2583 2585 2586
f 2586 2585 2587
f 2586 2587 2588
f 2588 2587 2589
f 2588 2589 2590
f 2590 2589 2591
f 2590 2591 2592
f 2592 2591 2593
f 2592 2593 2594
f 2594 2593 2595
f 2594 2595 2596
f 2596 2595 2597
f 2597 2595 2598
f 2597 2598 2599
f 2599 2598 2600
f 2599 2600 2601
f 2601 2600 2602
f 2601 2602 2603
f 2603 2602 2604
f 2603 2604 2605
f 2605 2604 2606
f 2605 2606 2607
f 2607 2606 2608
f 2607 2608 2609
f 2609 2608 2610
f 2609 2610 2611
f 2611 2610 2612
f 2611 2612 2613
f 2613 2612 2614
f 2613 2614 2615
f 2615 2614 2616
f 2615 2616 2617
f 2617 2616 2618
f 2617 2618 2619
f 2619 2618 2620
f 2619 2620 2621
f 2621 2620 2622
f 2621 2622 2623
f 2623 2622 2624
f 2623 2624 2625
f 2625 2624 2626
f 2625 2626 2627
f 2627 2626 2628
f 2627 2628 2629
f 2629 2628 2630
f 2629 2630 2631
f 2631 2630 2632
f 2631 2632 2633
f 2633 2632 2634
f 2633 2634 2635
f 2635 2634 2636
f 2635 2636 2637
f 2637 2636 2638
f 2638 2636 2639
f 2638 2639 2640
f 2638 2640 2641
f 2641 2640 2642
f 2641 2642 2643
f 2641 2643 2644
f 2644 2643 2645
f 2644 2645 2646
f 2644 2646 2647
f 2647 2646 2648
f 2647 2648 2649
f 2649 2648 2650
f 2649 2650 2651
f 2649 2651 2652
f 2652 2651 2653
f 2652 2653 2654
f 2652 2654 2655
f 2655 2654 2656
f 2655 2656 2657
f 2655 2657 2658
f 2658 2657 2659
f 2658 2659 2660
f 2658 2660 2661
f 2661 2660 2662
f 2661 2662 2663
f 2663 2662 2664
f 2663 2664 2665
f 2665 2664 2666
f 2665 2666 2667
f 2667 2666 2668
f 2667 2668 2669
f 2669 2668 2670
f 2669 2670 2671
f 2671 2670 2672
f 2671 2672 2673
f 2673 2672 2674
f 2673 2674 2675
f 2675 2674 2676
f 2675 2676 2677
f 2677 2676 2678
f 2677 2678 2679
f 2679 2678 2680
f 2679 2680 2681
f 2681 2680 2682
f 2681 2682 2683
f 2683 2682 2684
f 2683 2684 2685
f 2685 2684 2686
f 2685 2686 2687
f 2687 2686 2688
f 2687 2688 2689
f 2689 2688 2690
f 2689 2690 2691
f 2691 2690 2692
f 2691 2692 2338
f 2338 2692 2336
f 2693 2694 2695
f 2696 2694 2693
f 2693 2695 2697
f 2697 2695 2698
f 2697 2698 2699
f 2699 2698 2700
f 2699 2700 2701
f 2701 2700 2702
f 2701 2702 2703
f 2703 2702 2704
f 2703 2704 2705
f 2705 2704 2706
f 2705 2706 2707
f 2707 2706 2708
f 2707 2708 2709
f 2707 2709 2710
f 2710 2709 2711
f 2710 2711 2712
f 2712 2711 2713
f 2712 2713 2714
f 2714 2713 2715
f 2714 2715 2716
f 2714 2716 2717
f 2717 2716 2718
f 2717 2718 2719
f 2717 2719 2720
f 2720 2719 2721
f 2720 2721 2722
f 2722 2721 2723
f 2723 2721 2724
f 2723 2724 2725
f 2725 2724 2726
f 2725 2726 2727
f 2727 2726 2728
f 2727 2728 2729
f 2729 2728 2730
f 2729 2730 2731
f 2731 2730 2732
f 2731 2732 2733
f 2733 2732 2734
f 2733 2734 2735
f 2735 2734 2736
f 2735 2736 2737
f 2737 2736 2738
f 2737 2738 2739
f 2739 2738 2740
f 2739 2740 2741
f 2741 2740 2742
f 2743 2741 2742
f 2743 2742 2744
f 2743 2744 2745
f 2745 2744 2746
f 2745 2746 2747
f 2747 2746 2748
f 2747 2748 2749
f 2749 2748 2750
f 2749 2750 2751
f 2751 2750 2752
f 2751 2752 2753
f 2753 2752 2754
f 2753 2754 2755
f 2755 2754 2756
f 2755 2756 2757
f 2757 2756 2758
f 2757 2758 2759
f 2759 2758 2760
f 2759 2760 2761
f 2761 2760 2762
f 2761 2762 2763
f 2763 2762 2764
f 2763 2764 2765
f 2765 2764 2766
f 2765 2766 2767
f 2767 2766 2768
f 2767 2768 2769
f 2769 2768 2770
f 2769 2770 2771
f 2771 2770 2772
f 2771 2772 2773
f 2773 2772 2774
f 2773 2774 2775
f 2775 2774 2776
f 2775 2776 2777
f 2777 2776 2778
f 2777 2778 2779
f 2779 2778 2780
f 2779 2780 2781
f 2781 2780 2782
f 2781 2782 2783
f 2783 2782 2784
f 2783 2784 2785
f 2785 2784 2786
f 2785 2786 2787
f 2787 2786 2788
f 2787 2788 2789
f 2789 2788 2790
f 2789 2790 2791
f 2791 2790 2792
f 2791 2792 2793
f 2793 2792 2794
f 2793 2794 2795
f 2795 2794 2796
f 2795 2796 2797
f 2797 2796 2798
f 2797 2798 2799
f 2799 2798 2800
f 2799 2800 2801
f 2801 2800 2802
f 2801 2802 2803
f 2803 2802 2804
f 2803 2804 2805
f 2805 2804 2806
f 2805 2806 2807
f 2807 2806 2808
f 2808 2806 2809
f 2808 2809 2810
f 2810 2809 2811
f 2810 2811 2812
f 2812 2811 2813
f 2812 2813 2814
f 2814 2813 2815
f 2814 2815 2816
f 2816 2815 2817
f 2816 2817 2818
f 2816 2818 2819
f 2819 2818 2820
f 2819 2820 2821
f 2819 2821 2822
f 2822 2821 2823
f 2822 2823 2824
f 2824 2823 2825
f 2824 2825 2826
f 2826 2825 2827
f 2826 2827 2828
f 2828 2827 2829
f 2828 2829 2830
f 2830 2829 2831
f 2830 2831 2832
f 2832 2831 2833
f 2832 2833 2834
f 2834 2833 2835
f 2834 2835 2836
f 2836 2835 2837
f 2836 2837 2838
f 2838 2837 2839
f 2838 2839 2840
f 2840 2839 2841
f 2840 2841 2842
f 2842 2841 2843
f 2842 2843 2844
f 2844 2843 2845
f 2844 2845 2846
f 2846 2845 2847
f 2846 2847 2848
f 2848 2847 2849
f 2848 2849 2850
f 2850 2849 2851
f 2850 2851 2852
f 2852 2851 2853
f 2852 2853 2854
f 2854 2853 2855
f 2854 2855 2856
f 2856 2855 2857
f 2856 2857 2858
f 2858 2857 2859
f 2858 2859 2860
f 2860 2859 2861
f 2860 2861 2862
f 2862 2861 2863
f 2862 2863 2864
f 2864 2863 2865
f 2864 2865 2866
f 2866 2865 2867
f 2866 2867 2868
f 2868 2867 2869
f 2868 2869 2870
f 2870 2869 2871
f 2870 2871 2872
f 2872 2871 2873
f 2872 2873 2874
f 2874 2873 2875
f 2874 2875 2876
f 2876 2875 2877
f 2876 2877 2878
f 2878 2877 2879
f 2878 2879 2880
f 2880 2879 2881
f 2880 2881 2882
f 2882 2881 2883
f 2882 2883 2884
f 2884 2883 2885
f 2884 2885 2886
f 2886 2885 2887
f 2886 2887 2888
f 2888 2887 2889
f 2888 2889 2890
f 2890 2889 2891
f 2890 2891 2892
f 2892 2891 2893
f 2892 2893 2894
f 2894 2893 2895
f 2894 2895 2896
f 2896 2895 2897
f 2896 2897 2898
f 2898 2897 2899
f 2898 2899 2900
f 2900 2899 2901
f 2900 2901 2902
f 2902 2901 2903
f 2902 2903 2904
f 2904 2903 2905
f 2904 2905 2906
f 2906 2905 2907
f 2906 2907 2908
f 2908 2907 2909
f 2908 2909 2910
f 2910 2909 2911
f 2910 2911 2912
f 2912 2911 2913
f 2912 2913 2914
f 2914 2913 2915
f 2914 2915 2916
f 2916 2915 2917
f 2916 2917 2918
f 2918 2917 2919
f 2918 2919 2920
f 2920 2919 2921
f 2920 2921 2922
f 2922 2921 2923
f 2922 2923 2924
f 2924 2923 2925
f 2924 2925 2926
f 2926 2925 2927
f 2926 2927 2928
f 2928 2927 2929
f 2928 2929 2930
f 2930 2929 2931
f 2930 2931 2932
f 2932 2931 2933
f 2932 2933 2934
f 2934 2933 2935
f 2934 2935 2936
f 2936 2935 2937
f 2936 2937 2938
f 2938 2937 2939
f 2938 2939 2696
f 2696 2939 2694
f 2940 2941 2942
f 2940 2943 2941
f 2944 2940 2942
f 2944 2942 2945
f 2944 2945 2946
f 2944 2946 2947
f 2948 2944 2947
f 2948 2947 2949
f 2948 2949 2950
f 2951 2948 2950
f 2951 2950 2952
f 2953 2951 2952
f 2953 2952 2954
f 2953 2954 2955
f 2956 2953 2955
f 2956 2955 2957
f 2958 2956 2957
f 2958 2957 2959
f 2958 2959 2960
f 2961 2958 2960
f 2961 2960 2962
f 2963 2961 2962
f 2963 2962 2964
f 2965 2963 2964
f 2965 2964 2966
f 2967 2965 2966
f 2967 2966 2968
f 2969 2967 2968
f 2970 2969 2968
f 2970 2968 2971
f 2972 2970 2971
f 2972 2971 2973
f 2974 2972 2973
f 2975 2974 2973
f 2975 2973 2976
f 2977 2975 2976
f 2977 2976 2978
f 2979 2977 2978
f 2979 2978 2980
f 2981 2979 2980
f 2982 2981 2980
f 2982 2980 2983
f 2984 2982 2983
f 2984 2983 2985
f 2986 2984 2985
f 2987 2986 2985
f 2987 2985 2988
f 2989 2987 2988
f 2989 2988 2990
f 2991 2989 2990
f 2992 2991 2990
f 2992 2990 2993
f 2994 2992 2993
f 2994 2993 2995
f 2996 2994 2995
f 2997 2996 2995
f 2998 2997 2995
f 2999 2998 2995
f 3000 2999 2995
f 3001 3000 2995
f 3001 2995 3002
f 3003 3002 2995
f 3001 3002 3004
f 3005 3001 3004
f 3006 3005 3004
f 3007 3006 3004
f 3007 3004 3008
f 3009 3007 3008
f 3009 3008 3010
f 3009 3010 3011
f 3012 3009 3011
f 3012 3011 3013
f 3012 3013 3014
f 3015 3012 3014
f 3015 3014 3016
f 3017 3015 3016
f 3017 3016 3018
f 3019 3017 3018
f 3020 3019 3018
f 3020 3018 3021
f 3022 3020 3021
f 3023 3022 3021
f 3023 3021 3024
f 3025 3023 3024
f 3026 3025 3024
f 3026 3024 3027
f 3028 3026 3027
f 3029 3028 3027
f 3029 3027 3030
f 3031 3029 3030
f 3031 3030 3032
f 3033 3031 3032
f 3033 3032 3034
f 3035 3033 3034
f 3035 3034 3036
f 3037 3035 3036
f 3037 3036 3038
f 3039 3037 3038
f 3039 3038 3040
f 3041 3039 3040
f 3041 3040 3042
f 3043 3041 3042
f 3043 3042 3044
f 3045 3043 3044
f 3045 3044 3046
f 3047 3045 3046
f 3047 3046 3048
f 3049 3047 3048
f 3049 3048 3050
f 3051 3049 3050
f 3052 3051 3050
f 3052 3050 3053
f 3054 3052 3053
f 3054 3053 3055
f 3056 3054 3055
f 3057 3056 3055
f 3057 3055 3058
f 3059 3057 3058
f 3059 3058 3060
f 3061 3059 3060
f 3062 3061 3060
f 3062 3060 3063
f 3064 3062 3063
f 3064 3063 3065
f 3066 3064 3065
f 3066 3065 3067
f 3065 3068 3067
f 3066 3067 3069
f 3070 3066 3069
f 3070 3069 3071
f 3070 3071 3072
f 3070 3072 3073
f 3074 3070 3073
f 3074 3073 3075
f 3074 3075 3076
f 3074 3076 3077
f 3074 3077 3078
f 3079 3074 3078
f 3079 3078 3080
f 3079 3080 3081
f 3079 3081 3082
f 3082 3081 3083
f 3084 3079 3082
f 3084 3082 3085
f 3086 3084 3085
f 3087 3086 3085
f 3087 3085 3088
f 3089 3087 3088
f 3089 3088 3090
f 3091 3089 3090
f 3092 3091 3090
f 3092 3090 3093
f 3094 3092 3093
f 3094 3093 3095
f 3096 3094 3095
f 3097 3096 3095
f 3097 3095 3098
f 3099 3097 3098
f 3099 3098 3100
f 3101 3099 3100
f 3101 3100 3102
f 3103 3101 3102
f 3103 3102 3104
f 3105 3103 3104
f 3105 3104 3106
f 3107 3105 3106
f 3107 3106 3108
f 3109 3107 3108
f 3109 3108 3110
f 3111 3109 3110
f 3111 3110 3112
f 3111 3112 3113
f 3114 3111 3113
f 3114 3113 3115
f 3116 3114 3115
f 3116 3115 3117
f 3118 3116 3117
f 3118 3117 3119
f 3118 3119 3120
f 3121 3118 3120
f 3121 3120 3122
f 3121 3122 3123
f 3124 3121 3123
f 3124 3123 3125
f 3124 3125 3126
f 3127 3124 3126
f 3127 3126 3128
f 3127 3128 3129
f 3130 3127 3129
f 3130 3129 3131
f 3130 3131 3132
f 3130 3132 3133
f 3130 3133 3134
f 3135 3130 3134
f 3135 3134 3136
f 3135 3136 3137
f 3135 3137 3138
f 3135 3138 3139
f 3140 3135 3139
f 3140 3139 3141
f 3140 3141 3142
f 3140 3142 3143
f 3140 3143 3144
f 3140 3144 3145
f 3140 3145 3146
f 3140 3146 3147
f 3148 3140 3147
f 3148 3147 3149
f 3148 3149 3150
f 3148 3150 3151
f 3148 3151 3152
f 3148 3152 3153
f 3154 3148 3153
f 3154 3153 3155
f 3153 3156 3155
f 3154 3155 3157
f 3158 3154 3157
f 3159 3158 3157
f 3159 3160 3158
f 3159 3157 3161
f 3162 3159 3161
f 3163 3162 3161
f 3164 3163 3161
f 3165 3164 3161
f 3166 3165 3161
f 3167 3166 3161
f 3167 3161 3168
f 3169 3167 3168
f 3170 3169 3168
f 3171 3170 3168
f 3172 3171 3168
f 3173 3172 3168
f 3174 3173 3168
f 3174 3168 3175
f 3176 3174 3175
f 3177 3176 3175
f 3177 3175 3178
f 3179 3177 3178
f 3179 3178 3180
f 3181 3179 3180
f 3181 3180 3182
f 3183 3181 3182
f 3184 3183 3182
f 3184 3182 3185
f 3186 3184 3185
f 3187 3186 3185
f 3187 3185 3188
f 3189 3187 3188
f 3190 3189 3188
f 3190 3188 3191
f 3192 3190 3191
f 3193 3192 3191
f 3194 3193 3191
f 3194 3191 3195
f 3196 3194 3195
f 3197 3196 3195
f 3197 3195 3198
f 3199 3197 3198
f 3200 3199 3198
f 3200 3198 3201
f 3202 3200 3201
f 3202 3201 3203
f 3204 3202 3203
f 3204 3203 3205
f 3206 3204 3205
f 3207 3206 3205
f 3207 3205 3208
f 3209 3207 3208
f 3209 3208 3210
f 3211 3209 3210
f 3211 3210 3212
f 3213 3211 3212
f 3214 3213 3212
f 3214 3212 3215
f 3216 3214 3215
f 3216 3215 3217
f 3218 3216 3217
f 3218 3217 3219
f 3220 3218 3219
f 3220 3219 3221
f 3222 3220 3221
f 3222 3221 3223
f 3224 3222 3223
f 3224 3223 3225
f 3224 3225 3226
f 3227 3224 3226
f 3227 3226 3228
f 3229 3227 3228
f 3229 3228 3230
f 3231 3229 3230
f 3232 3231 3230
f 3232 3230 3233
f 3234 3232 3233
f 3234 3233 3235
f 3236 3234 3235
f 3237 3236 3235
f 3237 3235 3238
f 3239 3237 3238
f 3239 3238 3240
f 3241 3239 3240
f 3241 3240 3242
f 3241 3242 3243
f 3243 3242 3244
f 3243 3244 3245
f 3246 3243 3245
f 3246 3245 3247
f 3246 3247 3248
f 3246 3248 3249
f 3250 3246 3249
f 3250 3249 3251
f 3252 3250 3251
f 3252 3251 3253
f 3254 3252 3253
f 3255 3254 3253
f 3256 3255 3253
f 3256 3253 3257
f 3258 3256 3257
f 3259 3258 3257
f 3260 3259 3257
f 3261 3260 3257
f 3261 3257 3262
f 3263 3261 3262
f 3264 3263 3262
f 3264 3262 3265
f 3266 3265 3262
f 3264 3265 3267
f 3268 3264 3267
f 3269 3268 3267
f 3269 3267 3270
f 3271 3269 3270
f 3271 3270 3272
f 3273 3271 3272
f 3273 3272 3274
f 3272 3275 3274
f 3273 3274 3276
f 3273 3276 3277
f 3273 3277 3278
f 3273 3278 3279
f 3280 3273 3279
f 3280 3279 3281
f 3280 3281 3282
f 3280 3282 3283
f 3284 3280 3283
f 3284 3283 3285
f 3284 3285 3286
f 3284 3286 3287
f 3288 3284 3287
f 3288 3287 3289
f 3290 3289 3287
f 3291 3288 3289
f 3291 3289 3292
f 3293 3291 3292
f 3293 3292 3294
f 3295 3293 3294
f 3295 3294 3296
f 3297 3295 3296
f 3297 3296 3298
f 3297 3298 3299
f 3297 3299 3300
f 3301 3297 3300
f 3301 3300 3302
f 3301 3302 3303
f 3301 3303 3304
f 3305 3301 3304
f 3305 3304 3306
f 3305 3306 3307
f 3305 3307 3308
f 3309 3305 3308
f 3309 3308 3310
f 3309 3310 3311
f 3309 3311 3312
f 3309 3312 3313
f 3314 3309 3313
f 3314 3313 3315
f 3314 3315 3316
f 3317 3314 3316
f 3317 3316 3318
f 3317 3318 3319
f 3317 3319 3320
f 3321 3317 3320
f 3321 3320 3322
f 3321 3322 3323
f 3321 3323 3324
f 3325 3321 3324
f 3325 3324 3326
f 3325 3326 3327
f 3325 3327 3328
f 3325 3328 3329
f 3325 3329 3330
f 3331 3325 3330
f 3331 3330 3332
f 3331 3332 3333
f 3331 3333 3334
f 3331 3334 3335
f 3331 3335 3336
f 3331 3336 3337
f 3331 3337 3338
f 3339 3331 3338
f 3339 3338 3340
f 3339 3340 3341
f 3339 3341 3342
f 3341 3343 3342
f 3344 3339 3342
f 3344 3342 3345
f 3344 3345 3346
f 3347 3346 3345
f 3344 3346 3348
f 3344 3348 3349
f 3344 3349 3350
f 3344 3350 3351
f 3344 3351 3352
f 3344 3352 3353
f 3344 3353 3354
f 3344 3354 3355
f 3344 3355 3356
f 3344 3356 3357
f 3344 3357 3358
f 3344 3358 3359
f 3360 3344 3359
f 3360 3359 3361
f 3360 3361 3362
f 3360 3362 3363
f 3360 3363 3364
f 3360 3364 3365
f 3360 3365 3366
f 3367 3360 3366
f 3367 3366 3368
f 3369 3367 3368
f 3369 3368 3370
f 3371 3369 3370
f 3371 3370 3372
f 3371 3372 3373
f 3374 3371 3373
f 3374 3373 3375
f 3374 3375 3376
f 3375 3377 3376
f 3374 3376 3378
f 3374 3378 3379
f 3380 3374 3379
f 3380 3379 3381
f 3380 3381 3382
f 3383 3380 3382
f 3383 3382 3384
f 3383 3384 3385
f 3386 3383 3385
f 3386 3385 3387
f 3388 3386 3387
f 3388 3387 3389
f 3390 3388 3389
f 3390 3389 3391
f 3392 3390 3391
f 3392 3391 3393
f 3394 3392 3393
f 3394 3393 3395
f 3394 3395 3396
f 3397 3394 3396
f 3397 3396 3398
f 3397 3398 3399
f 3400 3397 3399
f 3400 3399 3401
f 3400 3401 3402
f 3400 3402 3403
f 3403 3402 3404
f 3405 3400 3403
f 3405 3403 3406
f 3407 3405 3406
f 3408 3407 3406
f 3408 3406 3409
f 3410 3408 3409
f 3410 3409 3411
f 3412 3410 3411
f 3412 3411 3413
f 3414 3412 3413
f 3415 3414 3413
f 3416 3415 3413
f 3417 3416 3413
f 3417 3413 3418
f 3419 3417 3418
f 3420 3419 3418
f 3421 3420 3418
f 3422 3421 3418
f 3423 3422 3418
f 3423 3418 3158
f 3424 3423 3158
f 3425 3424 3158
f 3426 3425 3158
f 3427 3426 3158
f 3428 3427 3158
f 3429 3428 3158
f 3430 3429 3158
f 3160 3430 3158
f 3403 3404 3431
f 3432 3403 3431
f 3432 3431 3433
f 3432 3433 3434
f 3435 3432 3434
f 3435 3434 3436
f 3437 3435 3436
f 3437 3436 3438
f 3439 3437 3438
f 3439 3438 3440
f 3441 3439 3440
f 3441 3440 3442
f 3443 3441 3442
f 3443 3442 3444
f 3445 3443 3444
f 3445 3444 3446
f 3447 3445 3446
f 3447 3446 3448
f 3447 3448 3449
f 3450 3447 3449
f 3450 3449 3451
f 3450 3451 3452
f 3375 3450 3452
f 3375 3452 3377
f 3453 3347 3345
f 3453 3345 3454
f 3455 3453 3454
f 3456 3455 3454
f 3457 3456 3454
f 3458 3457 3454
f 3459 3458 3454
f 3460 3459 3454
f 3461 3460 3454
f 3462 3461 3454
f 3463 3462 3454
f 3463 3454 3464
f 3465 3463 3464
f 3466 3465 3464
f 3467 3466 3464
f 3468 3467 3464
f 3469 3468 3464
f 3469 3464 3470
f 3471 3469 3470
f 3472 3471 3470
f 3472 3470 3473
f 3474 3472 3473
f 3474 3473 3475
f 3476 3474 3475
f 3477 3476 3475
f 3477 3475 3478
f 3479 3477 3478
f 3480 3479 3478
f 3480 3478 3481
f 3482 3480 3481
f 3483 3482 3481
f 3483 3481 3484
f 3485 3483 3484
f 3485 3484 3486
f 3487 3485 3486
f 3487 3486 3488
f 3487 3488 3489
f 3490 3487 3489
f 3490 3489 3491
f 3492 3490 3491
f 3492 3491 3493
f 3492 3493 3494
f 3495 3492 3494
f 3495 3494 3496
f 3497 3495 3496
f 3497 3496 3498
f 3499 3497 3498
f 3499 3498 3500
f 3499 3500 3501
f 3502 3499 3501
f 3502 3501 3503
f 3502 3503 3504
f 3505 3502 3504
f 3505 3504 3506
f 3507 3505 3506
f 3507 3506 3508
f 3509 3507 3508
f 3509 3508 3510
f 3511 3509 3510
f 3511 3510 3512
f 3511 3512 3513
f 3514 3511 3513
f 3514 3513 3515
f 3516 3514 3515
f 3516 3515 3517
f 3518 3516 3517
f 3518 3517 2943
f 2940 3518 2943
f 3343 3519 3342
f 3519 3520 3342
f 3521 3342 3520
f 3521 3522 3342
f 3522 3523 3342
f 3522 3524 3523
f 3524 3525 3523
f 3525 3526 3523
f 3526 3527 3523
f 3526 3528 3527
f 3528 3529 3527
f 3528 3530 3529
f 3529 3531 3527
f 3531 3532 3527
f 3532 3533 3527
f 3533 3534 3527
f 3534 3535 3527
f 3536 3527 3535
f 3536 3537 3527
f 3537 3538 3527
f 3537 3539 3538
f 3539 3540 3538
f 3540 3541 3538
f 3542 3538 3541
f 3542 3543 3538
f 3542 3541 3544
f 3542 3544 3545
f 3542 3545 3546
f 3542 3546 3547
f 3548 3542 3547
f 3548 3547 3549
f 3550 3548 3549
f 3550 3549 3551
f 3550 3551 3552
f 3550 3552 3553
f 3528 3550 3553
f 3528 3553 3530
f 3543 3554 3538
f 3543 3555 3554
f 3555 3556 3554
f 3555 3557 3556
f 3557 3558 3556
f 3558 3559 3556
f 3559 3560 3556
f 3560 3561 3556
f 3560 3562 3561
f 3562 3563 3561
f 3563 3564 3561
f 3564 3565 3561
f 3565 3566 3561
f 3565 3567 3566
f 3567 3568 3566
f 3567 3569 3568
f 3569 3570 3568
f 3570 3571 3568
f 3570 3572 3571
f 3572 3573 3571
f 3573 3574 3571
f 3573 3575 3574
f 3575 3576 3574
f 3575 3577 3576
f 3577 3578 3576
f 3577 3579 3578
f 3579 3580 3578
f 3580 3581 3578
f 3580 3582 3581
f 3582 3583 3581
f 3583 3584 3581
f 3584 3585 3581
f 3584 3586 3585
f 3586 3587 3585
f 3587 3588 3585
f 3588 3589 3585
f 3588 3590 3589
f 3590 3591 3589
f 3590 3592 3591
f 3590 3593 3592
f 3593 3594 3592
f 3593 3595 3594
f 3595 3596 3594
f 3595 3597 3596
f 3595 3598 3597
f 3598 3599 3597
f 3598 3600 3599
f 3600 3601 3599
f 3600 3602 3601
f 3602 3603 3601
f 3602 3604 3603
f 3604 3605 3603
f 3605 3606 3603
f 3605 3607 3606
f 3607 3608 3606
f 3608 3609 3606
f 3608 3610 3609
f 3609 3611 3606
f 3609 3612 3611
f 3612 3613 3611
f 3612 3614 3613
f 3614 3615 3613
f 3614 3616 3615
f 3616 3617 3615
f 3616 3618 3617
f 3618 3619 3617
f 3618 3620 3619
f 3620 3621 3619
f 3620 3622 3621
f 3622 3623 3621
f 3622 3624 3623
f 3624 3625 3623
f 3624 3626 3625
f 3626 3627 3625
f 3626 3628 3627
f 3628 3629 3627
f 3628 3630 3629
f 3630 3631 3629
f 3630 3632 3631
f 3632 3633 3631
f 3632 3634 3633
f 3634 3635 3633
f 3634 3636 3635
f 3636 3637 3635
f 3636 3638 3637
f 3610 3639 3609
f 3610 3640 3639
f 3640 3641 3639
f 3641 3642 3639
f 3641 3643 3642
f 3643 3644 3642
f 3643 3645 3644
f 3645 3646 3644
f 3645 3647 3646
f 3647 3648 3646
f 3647 3649 3648
f 3649 3650 3648
f 3649 3651 3650
f 3649 3652 3651
f 3652 3653 3651
f 3652 3266 3653
f 3266 3262 3653
f 3290 3287 3654
f 3290 3654 3655
f 3290 3655 3656
f 3290 3656 3657
f 3290 3657 3658
f 3275 3290 3658
f 3275 3658 3659
f 3275 3659 3660
f 3275 3660 3661
f 3275 3661 3662
f 3275 3662 3274
f 3156 3663 3155
f 3663 3664 3155
f 3665 3155 3664
f 3665 3666 3155
f 3666 3667 3155
f 3667 3668 3155
f 3668 3669 3155
f 3669 3670 3155
f 3670 3671 3155
f 3671 3672 3155
f 3671 3673 3672
f 3673 3674 3672
f 3674 3675 3672
f 3675 3676 3672
f 3676 3677 3672
f 3676 3678 3677
f 3678 3679 3677
f 3678 3680 3679
f 3679 3681 3677
f 3681 3682 3677
f 3682 3683 3677
f 3683 3684 3677
f 3684 3685 3677
f 3686 3677 3685
f 3686 3687 3677
f 3686 3685 3688
f 3689 3686 3688
f 3690 3689 3688
f 3691 3690 3688
f 3691 3688 3692
f 3693 3691 3692
f 3693 3692 3694
f 3693 3694 3695
f 3693 3695 3696
f 3697 3693 3696
f 3698 3697 3696
f 3698 3699 3697
f 3700 3698 3696
f 3700 3696 3701
f 3700 3701 3702
f 3700 3702 3703
f 3704 3700 3703
f 3704 3703 3705
f 3706 3704 3705
f 3706 3705 3707
f 3708 3706 3707
f 3708 3707 3709
f 3708 3709 3710
f 3680 3708 3710
f 3680 3710 3711
f 3680 3711 3712
f 3680 3712 3679
f 3698 3713 3699
f 3713 3714 3699
f 3713 3715 3714
f 3715 3716 3714
f 3715 3717 3716
f 3717 3718 3716
f 3718 3719 3716
f 3718 3720 3719
f 3720 3721 3719
f 3720 3722 3721
f 3722 3723 3721
f 3722 3724 3723
f 3724 3725 3723
f 3724 3726 3725
f 3726 3727 3725
f 3726 3728 3727
f 3728 3729 3727
f 3728 3730 3729
f 3730 3731 3729
f 3731 3732 3729
f 3731 3733 3732
f 3733 3734 3732
f 3733 3735 3734
f 3735 3736 3734
f 3735 3737 3736
f 3737 3738 3736
f 3737 3739 3738
f 3739 3740 3738
f 3739 3741 3740
f 3741 3742 3740
f 3741 3743 3742
f 3743 3744 3742
f 3687 3745 3677
f 3687 3746 3745
f 3746 3747 3745
f 3747 3748 3745
f 3747 3749 3748
f 3749 3750 3748
f 3750 3751 3748
f 3750 3752 3751
f 3752 3753 3751
f 3753 3754 3751
f 3753 3755 3754
f 3755 3756 3754
f 3755 3757 3756
f 3757 3758 3756
f 3757 3759 3758
f 3759 3760 3758
f 3759 3761 3760
f 3761 3762 3760
f 3761 3763 3762
f 3763 3764 3762
f 3763 3765 3764
f 3765 3766 3764
f 3765 3767 3766
f 3767 3768 3766
f 3767 3769 3768
f 3769 3770 3768
f 3770 3771 3768
f 3770 3772 3771
f 3772 3773 3771
f 3773 3774 3771
f 3773 3775 3774
f 3775 3776 3774
f 3776 3777 3774
f 3776 3778 3777
f 3778 3779 3777
f 3779 3780 3777
f 3779 3781 3780
f 3781 3782 3780
f 3782 3783 3780
f 3782 3784 3783
f 3784 3785 3783
f 3785 3786 3783
f 3785 3787 3786
f 3787 3788 3786
f 3787 3789 3788
f 3789 3790 3788
f 3789 3791 3790
f 3791 3792 3790
f 3791 3793 3792
f 3793 3794 3792
f 3793 3795 3794
f 3795 3796 3794
f 3795 3797 3796
f 3797 3798 3796
f 3797 3799 3798
f 3797 3800 3799
f 3797 3801 3800
f 3801 3802 3800
f 3801 3803 3802
f 3801 3804 3803
f 3801 3805 3804
f 3801 3806 3805
f 3801 3807 3806
f 3807 3808 3806
f 3807 3809 3808
f 3807 3810 3809
f 3807 3811 3810
f 3807 3812 3811
f 3807 3813 3812
f 3813 3814 3812
f 3813 3815 3814
f 3813 3816 3815
f 3813 3817 3816
f 3813 3818 3817
f 3818 3819 3817
f 3818 3820 3819
f 3818 3821 3820
f 3821 3822 3820
f 3821 3823 3822
f 3823 3824 3822
f 3823 3825 3824
f 3823 3826 3825
f 3826 3827 3825
f 3826 3828 3827
f 3828 3829 3827
f 3828 3830 3829
f 3830 3831 3829
f 3830 3832 3831
f 3832 3833 3831
f 3832 3834 3833
f 3834 3835 3833
f 3834 3836 3835
f 3836 3837 3835
f 3836 3838 3837
f 3838 3839 3837
f 3838 3840 3839
f 3840 3841 3839
f 3840 3842 3841
f 3842 3843 3841
f 3842 3844 3843
f 3844 3845 3843
f 3844 3846 3845
f 3846 3847 3845
f 3846 3848 3847
f 3846 3849 3848
f 3849 3850 3848
f 3849 3851 3850
f 3851 3852 3850
f 3851 3853 3852
f 3853 3854 3852
f 3854 3855 3852
f 3854 3856 3855
f 3856 3857 3855
f 3857 3858 3855
f 3857 3859 3858
f 3859 3860 3858
f 3860 3861 3858
f 3860 3862 3861
f 3860 3863 3862
f 3862 3864 3861
f 3864 3865 3861
f 3864 3866 3865
f 3866 3867 3865
f 3866 3868 3867
f 3868 3869 3867
f 3868 3870 3869
f 3870 3871 3869
f 3870 3872 3871
f 3872 3873 3871
f 3872 3874 3873
f 3874 3875 3873
f 3874 3876 3875
f 3876 3877 3875
f 3876 3878 3877
f 3878 3879 3877
f 3878 3880 3879
f 3880 3881 3879
f 3880 3882 3881
f 3882 3883 3881
f 3882 3884 3883
f 3884 3885 3883
f 3884 3886 3885
f 3886 3887 3885
f 3886 3888 3887
f 3888 3889 3887
f 3888 3890 3889
f 3890 3891 3889
f 3890 3892 3891
f 3892 3893 3891
f 3892 3894 3893
f 3894 3895 3893
f 3894 3896 3895
f 3896 3897 3895
f 3896 3898 3897
f 3898 3899 3897
f 3898 3900 3899
f 3900 3901 3899
f 3900 3902 3901
f 3902 3903 3901
f 3902 3904 3903
f 3863 3905 3862
f 3863 3906 3905
f 3906 3907 3905
f 3907 3003 3905
f 3003 2995 3905
f 3082 3083 3908
f 3909 3082 3908
f 3909 3908 3910
f 3909 3910 3911
f 3909 3911 3912
f 3909 3912 3913
f 3068 3909 3913
f 3068 3913 3914
f 3068 3914 3915
f 3068 3915 3916
f 3068 3916 3067
