5234 5262 0
v 0.043945245 -0.09825927 0.0084375
v 0.04364244 -0.098235075 0.0084375
v 0.043779465 -0.098197515 0.0084375
v 0.04350246 -0.09828876 0.0084375
v 0.04411632 -0.098344725 0.0084375
v 0.043359615 -0.0983586 0.0084375
v 0.04429308 -0.09845157 0.0084375
v 0.043214505 -0.09844491 0.0084375
v 0.04306767 -0.098547735 0.0084375
v 0.044476065 -0.09857715 0.0084375
v 0.042919575 -0.09866709 0.0084375
v 0.04466562 -0.09871977 0.0084375
v 0.042771555 -0.098802555 0.0084375
v 0.04486146 -0.09888006 0.0084375
v 0.042622995 -0.098954775 0.0084375
v 0.04506369 -0.099058575 0.0084375
v 0.04247367 -0.099124155 0.0084375
v 0.04527273 -0.099255075 0.0084375
v 0.042324465 -0.099311565 0.0084375
v 0.0453801 -0.099360225 0.0084375
v 0.045489645 -0.099469995 0.0084375
v 0.042175455 -0.09951705 0.0084375
v 0.045601365 -0.09958458 0.0084375
v 0.045715575 -0.09970452 0.0084375
v 0.0420267 -0.099740715 0.0084375
v 0.045832185 -0.09982965 0.0084375
v 0.04595151 -0.09996051 0.0084375
v 0.041877885 -0.09998283 0.0084375
v 0.04607355 -0.10009716 0.0084375
v 0.041803515 -0.10011087 0.0084375
v 0.046198485 -0.10023978 0.0084375
v 0.04172931 -0.100243755 0.0084375
v 0.04632663 -0.1003887 0.0084375
v 0.04165551 -0.100381515 0.0084375
v 0.041581485 -0.10052394 0.0084375
v 0.046457895 -0.100543815 0.0084375
v 0.041506635 -0.100670835 0.0084375
v 0.046592835 -0.100705665 0.0084375
v 0.04143141 -0.10082229 0.0084375
v 0.046731435 -0.10087416 0.0084375
v 0.041355195 -0.100978215 0.0084375
v 0.04687398 -0.10104966 0.0084375
v 0.041277135 -0.101138385 0.0084375
v 0.0470208 -0.101232555 0.0084375
v 0.041197815 -0.1013028 0.0084375
v 0.047171835 -0.10142277 0.0084375
v 0.041116485 -0.101471565 0.0084375
v 0.0473277 -0.101620905 0.0084375
v 0.04103196 -0.101644845 0.0084375
v 0.047488215 -0.101826795 0.0084375
v 0.040945095 -0.10182264 0.0084375
v 0.040854765 -0.102004905 0.0084375
v 0.047654025 -0.10204104 0.0084375
v 0.047767695 -0.10218873 0.0084375
v 0.04075896 -0.102191625 0.0084375
v 0.04788369 -0.102340155 0.0084375
v 0.04065873 -0.102382995 0.0084375
v 0.048002445 -0.10249557 0.0084375
v 0.040552845 -0.102578715 0.0084375
v 0.04812432 -0.10265526 0.0084375
v 0.040438515 -0.102778275 0.0084375
v 0.048249015 -0.102819045 0.0084375
v 0.040316835 -0.102982155 0.0084375
v 0.048376665 -0.10298697 0.0084375
v 0.048507825 -0.103159305 0.0084375
v 0.04018665 -0.103189785 0.0084375
v 0.04864278 -0.1033362 0.0084375
v 0.04004433 -0.10339977 0.0084375
v 0.04878105 -0.10351743 0.0084375
v 0.03989076 -0.103612905 0.0084375
v 0.048923175 -0.10370322 0.0084375
v 0.039725115 -0.10382838 0.0084375
v 0.049069815 -0.103893855 0.0084375
v 0.03960588 -0.103971945 0.0084375
v 0.04922082 -0.104089395 0.0084375
v 0.039478665 -0.104114925 0.0084375
v 0.049375935 -0.104289705 0.0084375
v 0.03934503 -0.104258745 0.0084375
v 0.03920424 -0.1044024 0.0084375
v 0.04953624 -0.10449492 0.0084375
v 0.039055035 -0.10454454 0.0084375
v 0.04970268 -0.104705115 0.0084375
v 0.03889626 -0.104683815 0.0084375
v 0.038728125 -0.10482093 0.0084375
v 0.0498309 -0.10486608 0.0084375
v 0.03855144 -0.104956875 0.0084375
v 0.049962165 -0.105029805 0.0084375
v 0.038365395 -0.10508985 0.0084375
v 0.05009712 -0.10519632 0.0084375
v 0.03816915 -0.105218055 0.0084375
v 0.050236425 -0.10536555 0.0084375
v 0.03796197 -0.105340035 0.0084375
v 0.03774435 -0.10545807 0.0084375
v 0.05038044 -0.10553754 0.0084375
v 0.03751644 -0.10557147 0.0084375
v 0.05052792 -0.105712545 0.0084375
v 0.03727815 -0.105678315 0.0084375
v 0.037029315 -0.1057767 0.0084375
v 0.05067954 -0.10589034 0.0084375
v 0.036835545 -0.10584399 0.0084375
v 0.036635205 -0.105906135 0.0084375
v 0.05083632 -0.106070595 0.0084375
v 0.036428775 -0.10596363 0.0084375
v 0.036216765 -0.106017015 0.0084375
v 0.035999715 -0.106066725 0.0084375
v 0.035778135 -0.1061133 0.0084375
v 0.05099931 -0.106253025 0.0084375
v 0.03555228 -0.106156185 0.0084375
v 0.035321175 -0.10619184 0.0084375
v 0.035085075 -0.106222545 0.0084375
v 0.03484431 -0.106251375 0.0084375
v 0.0345993 -0.10628139 0.0084375
v 0.051168705 -0.106437705 0.0084375
v 0.03435039 -0.10631565 0.0084375
v 0.03409791 -0.106356285 0.0084375
v 0.0338415 -0.106398285 0.0084375
v 0.03358101 -0.10644192 0.0084375
v 0.0513426 -0.106625505 0.0084375
v 0.03331647 -0.106489125 0.0084375
v 0.03310191 -0.106530705 0.0084375
v 0.032884755 -0.106576785 0.0084375
v 0.032664975 -0.106628295 0.0084375
v 0.051522435 -0.10681557 0.0084375
v 0.03244251 -0.10668537 0.0084375
v 0.03221715 -0.10674564 0.0084375
v 0.031989045 -0.10680954 0.0084375
v 0.031758345 -0.10687779 0.0084375
v 0.04410972 -0.10690848 0.0084375
v 0.031525215 -0.106951125 0.0084375
v 0.05167176 -0.10696854 0.0084375
v 0.044734395 -0.106943475 0.0084375
v 0.04531566 -0.107110875 0.0084375
v 0.051826935 -0.107121735 0.0084375
v 0.0519888 -0.10727469 0.0084375
v 0.04583445 -0.10738212 0.0084375
v 0.052155345 -0.107429325 0.0084375
v 0.0523263 -0.10758564 0.0084375
v 0.046280865 -0.107726205 0.0084375
v 0.05250315 -0.107742075 0.0084375
v 0.05268729 -0.107897055 0.0084375
v 0.05288019 -0.108049035 0.0084375
v 0.04665594 -0.108105465 0.0084375
v 0.05308326 -0.10819647 0.0084375
v 0.053295945 -0.10833996 0.0084375
v 0.05347974 -0.108457395 0.0084375
v 0.04697052 -0.108474885 0.0084375
v 0.05366949 -0.10857285 0.0084375
v 0.053865195 -0.108686355 0.0084375
v 0.05406687 -0.108797895 0.0084375
v 0.0542745 -0.10890747 0.0084375
v 0.054488085 -0.109015095 0.0084375
v 0.04743243 -0.109016415 0.0084375
v 0.05465088 -0.10908222 0.0084375
v 0.0548112 -0.109145715 0.0084375
v 0.05496903 -0.109205595 0.0084375
v 0.055124385 -0.109261845 0.0084375
v 0.055277235 -0.109314405 0.0084375
v 0.05542755 -0.109362945 0.0084375
v 0.055575375 -0.109407855 0.0084375
v 0.0557208 -0.109449585 0.0084375
v 0.055884105 -0.10949406 0.0084375
v 0.047896785 -0.10953138 0.0084375
v 0.056044305 -0.10953471 0.0084375
v 0.05620137 -0.10957143 0.0084375
v 0.05635539 -0.10960485 0.0084375
v 0.056506455 -0.109635555 0.0084375
v 0.056654505 -0.109663245 0.0084375
v 0.05679954 -0.109687875 0.0084375
v 0.056965065 -0.10971339 0.0084375
v 0.05712666 -0.109735965 0.0084375
v 0.05728425 -0.109755075 0.0084375
v 0.057437955 -0.10977123 0.0084375
v 0.057588 -0.10978524 0.0084375
v 0.05773431 -0.109797045 0.0084375
v 0.05790498 -0.109808175 0.0084375
v 0.058070775 -0.10981686 0.0084375
v 0.05823168 -0.10982319 0.0084375
v 0.062514705 -0.110088885 0.0084375
v 0.05838774 -0.109827165 0.0084375
v 0.062712285 -0.110272125 0.0084375
v 0.062813955 -0.1103712 0.0084375
v 0.062917785 -0.11047521 0.0084375
v 0.04883289 -0.11048157 0.0084375
v 0.0630243 -0.11058405 0.0084375
v 0.06313395 -0.11069739 0.0084375
v 0.054320055 -0.110807865 0.0084375
v 0.06324645 -0.110815785 0.0084375
v 0.0541752 -0.11082915 0.0084375
v 0.054045495 -0.11089707 0.0084375
v 0.053940825 -0.11099943 0.0084375
v 0.05387796 -0.111124035 0.0084375
v 0.053851305 -0.111274965 0.0084375
v 0.049778835 -0.111325455 0.0084375
v 0.05387796 -0.11142588 0.0084375
v 0.053940825 -0.111550485 0.0084375
v 0.054045495 -0.111652845 0.0084375
v 0.0541752 -0.111720765 0.0084375
v 0.054320055 -0.11174205 0.0084375
v 0.050292705 -0.111774585 0.0084375
v 0.064107225 -0.11182038 0.0084375
v 0.054464895 -0.111720765 0.0084375
v 0.064240575 -0.1119927 0.0084375
v 0.064376595 -0.112172895 0.0084375
v 0.05068458 -0.112269615 0.0084375
v 0.06451476 -0.11236224 0.0084375
v 0.064655025 -0.112560615 0.0084375
v 0.06474972 -0.11269821 0.0084375
v 0.050929035 -0.11278944 0.0084375
v 0.06484542 -0.112840365 0.0084375
v 0.06494217 -0.11298675 0.0084375
v 0.065039835 -0.11313777 0.0084375
v 0.06513819 -0.113293935 0.0084375
v 0.051051495 -0.11329839 0.0084375
v 0.065237295 -0.11345517 0.0084375
v 0.065337165 -0.11362137 0.0084375
v 0.051091845 -0.113769075 0.0084375
v 0.06543771 -0.113793075 0.0084375
v 0.06553884 -0.113970645 0.0084375
v 0.06564072 -0.11415363 0.0084375
v 0.05109021 -0.11419806 0.0084375
v 0.065743155 -0.11434251 0.0084375
v 0.058630185 -0.114330105 0.0084375
v 0.059114865 -0.11434773 0.0084375
v 0.05822193 -0.114329835 0.0084375
v 0.05783808 -0.114362505 0.0084375
v 0.057478305 -0.11442837 0.0084375
v 0.057142545 -0.114527445 0.0084375
v 0.05107809 -0.11461302 0.0084375
v 0.05683359 -0.11465775 0.0084375
v 0.05655354 -0.114818505 0.0084375
v 0.056297715 -0.11501109 0.0084375
v 0.0510561 -0.11502675 0.0084375
v 0.05606208 -0.115237425 0.0084375
v 0.05102424 -0.11543928 0.0084375
v 0.055848015 -0.115496115 0.0084375
v 0.05565474 -0.11578224 0.0084375
v 0.050982495 -0.115850595 0.0084375
v 0.055482255 -0.116095905 0.0084375
v 0.05093025 -0.11626659 0.0084375
v 0.05533068 -0.116437665 0.0084375
v 0.05086773 -0.1166853 0.0084375
v 0.05495547 -0.117223005 0.0084375
v 0.05079615 -0.11709495 0.0084375
v 0.05071671 -0.11748378 0.0084375
v 0.05458548 -0.118010925 0.0084375
v 0.05062983 -0.117848235 0.0084375
v 0.050534835 -0.118194735 0.0084375
v 0.054220695 -0.11880141 0.0084375
v 0.05043132 -0.118526445 0.0084375
v 0.05031891 -0.118846575 0.0084375
v 0.053853885 -0.119599035 0.0084375
v 0.050197995 -0.119155365 0.0084375
v 0.050068605 -0.11945133 0.0084375
v 0.04992987 -0.119734995 0.0084375
v 0.053492295 -0.12039924 0.0084375
v 0.049780905 -0.12000687 0.0084375
v 0.04962015 -0.120268875 0.0084375
v 0.049448505 -0.12052017 0.0084375
v 0.053157645 -0.12118824 0.0084375
v 0.04926885 -0.12075705 0.0084375
v 0.04908408 -0.1209759 0.0084375
v 0.048896325 -0.12117471 0.0084375
v 0.04870362 -0.12135576 0.0084375
v 0.052853595 -0.12196554 0.0084375
v 0.04850256 -0.12152184 0.0084375
v 0.04828977 -0.121675665 0.0084375
v 0.0481212 -0.12178416 0.0084375
v 0.047945895 -0.12188607 0.0084375
v 0.04776483 -0.121980345 0.0084375
v 0.0525765 -0.12273162 0.0084375
v 0.04757904 -0.122065965 0.0084375
v 0.047389515 -0.12214191 0.0084375
v 0.047197305 -0.12220773 0.0084375
v 0.04700244 -0.12226461 0.0084375
v 0.046803555 -0.122312325 0.0084375
v 0.04659924 -0.122350485 0.0084375
v 0.0463881 -0.12237873 0.0084375
v 0.04616886 -0.122396715 0.0084375
v 0.045942465 -0.12240471 0.0084375
v 0.021307575 -0.122473815 0.0084375
v 0.02133363 -0.12271263 0.0084375
v 0.045709395 -0.12240282 0.0084375
v 0.02128275 -0.122236335 0.0084375
v 0.045469665 -0.122391045 0.0084375
v 0.045223245 -0.1223694 0.0084375
v 0.044970165 -0.12233787 0.0084375
v 0.044082 -0.12216234 0.0084375
v 0.02125956 -0.122000565 0.0084375
v 0.043199265 -0.12194262 0.0084375
v 0.02123514 -0.121728105 0.0084375
v 0.0423171 -0.121673745 0.0084375
v 0.021214155 -0.121458915 0.0084375
v 0.041439885 -0.121360185 0.0084375
v 0.021197265 -0.12119358 0.0084375
v 0.04059906 -0.12103299 0.0084375
v 0.02118435 -0.120931995 0.0084375
v 0.03979266 -0.12068808 0.0084375
v 0.021173625 -0.120672825 0.0084375
v 0.02116533 -0.120416205 0.0084375
v 0.039027615 -0.12034656 0.0084375
v 0.03069663 -0.120340275 0.0084375
v 0.021159855 -0.120162405 0.0084375
v 0.03084147 -0.12031899 0.0084375
v 0.030971175 -0.12025107 0.0084375
v 0.031075845 -0.120148695 0.0084375
v 0.03113871 -0.120024105 0.0084375
v 0.03831171 -0.120014925 0.0084375
v 0.03116538 -0.11987319 0.0084375
v 0.03113871 -0.11972226 0.0084375
v 0.037630965 -0.11969259 0.0084375
v 0.031075845 -0.119597655 0.0084375
v 0.030971175 -0.119495295 0.0084375
v 0.03084147 -0.119427375 0.0084375
v 0.03069663 -0.11940609 0.0084375
v 0.036975195 -0.119383035 0.0084375
v 0.021173715 -0.119180235 0.0084375
v 0.021164115 -0.11942031 0.0084375
v 0.03634614 -0.119086365 0.0084375
v 0.02118804 -0.11894424 0.0084375
v 0.035736225 -0.11880732 0.0084375
v 0.021211515 -0.11866683 0.0084375
v 0.021240285 -0.11839596 0.0084375
v 0.03457563 -0.118305585 0.0084375
v 0.021274575 -0.11813103 0.0084375
v 0.03348876 -0.11789712 0.0084375
v 0.02131482 -0.11787135 0.0084375
v 0.03312009 -0.117780075 0.0084375
v 0.021361485 -0.11761626 0.0084375
v 0.03276531 -0.11766417 0.0084375
v 0.03242442 -0.117549405 0.0084375
v 0.02141499 -0.117365085 0.0084375
v 0.03209769 -0.117436215 0.0084375
v 0.031785075 -0.11732454 0.0084375
v 0.021475785 -0.117117135 0.0084375
v 0.031485555 -0.117212685 0.0084375
v 0.03106002 -0.117043005 0.0084375
v 0.021544335 -0.116871765 0.0084375
v 0.03066291 -0.11687136 0.0084375
v 0.021620775 -0.116630925 0.0084375
v 0.03029151 -0.11669484 0.0084375
v 0.02994618 -0.11651367 0.0084375
v 0.0217047 -0.11639664 0.0084375
v 0.02962599 -0.116325345 0.0084375
v 0.021795885 -0.11616702 0.0084375
v 0.029331 -0.116130045 0.0084375
v 0.02189403 -0.11594028 0.0084375
v 0.029063385 -0.115926135 0.0084375
v 0.02199891 -0.11571453 0.0084375
v 0.02882217 -0.115713675 0.0084375
v 0.022110225 -0.115487955 0.0084375
v 0.028617015 -0.11549079 0.0084375
v 0.02222775 -0.115258695 0.0084375
v 0.028447995 -0.11525553 0.0084375
v 0.02233023 -0.115064325 0.0084375
v 0.02832294 -0.115016055 0.0084375
v 0.022436835 -0.114868125 0.0084375
v 0.02824572 -0.11477409 0.0084375
v 0.022547715 -0.11467119 0.0084375
v 0.02266296 -0.114473505 0.0084375
v 0.02822295 -0.11429334 0.0084375
v 0.02278266 -0.114275025 0.0084375
v 0.02290692 -0.114075735 0.0084375
v 0.02303583 -0.113875575 0.0084375
v 0.02837553 -0.11382288 0.0084375
v 0.023169495 -0.113674545 0.0084375
v 0.02851509 -0.11359326 0.0084375
v 0.02330802 -0.1134726 0.0084375
v 0.028689195 -0.113370675 0.0084375
v 0.02345148 -0.113269725 0.0084375
v 0.028897335 -0.11315493 0.0084375
v 0.023599935 -0.11306526 0.0084375
v 0.029133405 -0.112948035 0.0084375
v 0.023753295 -0.11285886 0.0084375
v 0.02939778 -0.1127493 0.0084375
v 0.0239115 -0.11265102 0.0084375
v 0.02968563 -0.112557015 0.0084375
v 0.02407446 -0.112442235 0.0084375
v 0.029997435 -0.112371345 0.0084375
v 0.0242421 -0.112233045 0.0084375
v 0.030332115 -0.112191825 0.0084375
v 0.02441433 -0.112023915 0.0084375
v 0.030689715 -0.1120185 0.0084375
v 0.024591105 -0.111815385 0.0084375
v 0.03106998 -0.111851055 0.0084375
v 0.031472685 -0.11168964 0.0084375
v 0.02477232 -0.11160795 0.0084375
v 0.031898955 -0.11153295 0.0084375
v 0.02493114 -0.111431415 0.0084375
v 0.032195535 -0.11143017 0.0084375
v 0.025093575 -0.11125563 0.0084375
v 0.03250329 -0.11132997 0.0084375
v 0.03282429 -0.111234045 0.0084375
v 0.025261425 -0.11107773 0.0084375
v 0.033158625 -0.111142455 0.0084375
v 0.033505725 -0.11105478 0.0084375
v 0.025434165 -0.110898315 0.0084375
v 0.033865605 -0.110970975 0.0084375
v 0.034915545 -0.110815335 0.0084375
v 0.025611 -0.110718375 0.0084375
v 0.036042345 -0.110619435 0.0084375
v 0.025791165 -0.110538945 0.0084375
v 0.03725646 -0.110397825 0.0084375
v 0.02597385 -0.110361 0.0084375
v 0.03786807 -0.11023815 0.0084375
v 0.026158275 -0.11018559 0.0084375
v 0.038480895 -0.110032425 0.0084375
v 0.026343645 -0.110013705 0.0084375
v 0.02652918 -0.10984638 0.0084375
v 0.039097095 -0.109790175 0.0084375
v 0.02671407 -0.10968459 0.0084375
v 0.026897535 -0.109529385 0.0084375
v 0.03969897 -0.10951317 0.0084375
v 0.02708031 -0.109380375 0.0084375
v 0.02726442 -0.10923561 0.0084375
v 0.04027182 -0.10920291 0.0084375
v 0.027480525 -0.109072005 0.0084375
v 0.027697545 -0.108914025 0.0084375
v 0.04082226 -0.10885872 0.0084375
v 0.02791497 -0.108761595 0.0084375
v 0.028132275 -0.108614685 0.0084375
v 0.041352495 -0.10848039 0.0084375
v 0.02834895 -0.108473205 0.0084375
v 0.02856447 -0.108337095 0.0084375
v 0.02877834 -0.108206295 0.0084375
v 0.028990215 -0.10808085 0.0084375
v 0.041862525 -0.10806789 0.0084375
v 0.02920134 -0.10796157 0.0084375
v 0.029411895 -0.10784832 0.0084375
v 0.029621685 -0.10774071 0.0084375
v 0.04232976 -0.10766244 0.0084375
v 0.0298305 -0.107638365 0.0084375
v 0.0300795 -0.107521995 0.0084375
v 0.03032646 -0.10741203 0.0084375
v 0.030571035 -0.10730781 0.0084375
v 0.04286505 -0.1072875 0.0084375
v 0.03081285 -0.107208705 0.0084375
v 0.03105231 -0.107115855 0.0084375
v 0.03128982 -0.107030235 0.0084375
v 0.04347216 -0.107024325 0.0084375
v 0.030551775 -0.119427375 0.0084375
v 0.03042207 -0.119495295 0.0084375
v 0.0303174 -0.119597655 0.0084375
v 0.02115885 -0.119664195 0.0084375
v 0.03025452 -0.11972226 0.0084375
v 0.03022788 -0.11987319 0.0084375
v 0.02115756 -0.11991165 0.0084375
v 0.03025452 -0.120024105 0.0084375
v 0.0303174 -0.120148695 0.0084375
v 0.03042207 -0.12025107 0.0084375
v 0.030551775 -0.12031899 0.0084375
v 0.02136051 -0.122952495 0.0084375
v 0.033427425 -0.12309891 0.0084375
v 0.052337055 -0.123474195 0.0084375
v 0.03296772 -0.12309549 0.0084375
v 0.032499945 -0.12310035 0.0084375
v 0.03202683 -0.123113025 0.0084375
v 0.031550535 -0.123133125 0.0084375
v 0.03106935 -0.12316095 0.0084375
v 0.02138781 -0.12319305 0.0084375
v 0.03058284 -0.123196575 0.0084375
v 0.030090975 -0.12324003 0.0084375
v 0.02959377 -0.123291285 0.0084375
v 0.02909028 -0.123355845 0.0084375
v 0.021415095 -0.12343395 0.0084375
v 0.028527105 -0.123481005 0.0084375
v 0.021442005 -0.12367491 0.0084375
v 0.02792814 -0.12371886 0.0084375
v 0.021469935 -0.123918405 0.0084375
v 0.02736924 -0.124088625 0.0084375
v 0.02149953 -0.124165185 0.0084375
v 0.026911425 -0.12457065 0.0084375
v 0.0215304 -0.12441432 0.0084375
v 0.021562155 -0.124664805 0.0084375
v 0.02659293 -0.12512217 0.0084375
v 0.021594375 -0.12491565 0.0084375
v 0.021626685 -0.125165895 0.0084375
v 0.026411115 -0.125694885 0.0084375
v 0.02165865 -0.125414535 0.0084375
v 0.021689895 -0.125660595 0.0084375
v 0.021720015 -0.125903085 0.0084375
v 0.026345655 -0.126249435 0.0084375
v 0.02174862 -0.12614106 0.0084375
v 0.021775395 -0.126373755 0.0084375
v 0.026355615 -0.126765195 0.0084375
v 0.02180106 -0.12660285 0.0084375
v 0.02182584 -0.126828945 0.0084375
v 0.02639757 -0.127230465 0.0084375
v 0.021849825 -0.12705225 0.0084375
v 0.02187687 -0.12730947 0.0084375
v 0.026508255 -0.128516685 0.0084375
v 0.02190303 -0.127563465 0.0084375
v 0.02192841 -0.127814535 0.0084375
v 0.021953115 -0.128062995 0.0084375
v 0.021977265 -0.128309145 0.0084375
v 0.022000965 -0.1285533 0.0084375
v 0.02662005 -0.129771855 0.0084375
v 0.02202363 -0.128794335 0.0084375
v 0.022043955 -0.129029715 0.0084375
v 0.02206263 -0.12926067 0.0084375
v 0.02208042 -0.12948864 0.0084375
v 0.022098105 -0.129715035 0.0084375
v 0.022116435 -0.129941265 0.0084375
v 0.02677086 -0.131060985 0.0084375
v 0.02213616 -0.130168785 0.0084375
v 0.022158075 -0.130399005 0.0084375
v 0.022182915 -0.130633335 0.0084375
v 0.022210935 -0.130872375 0.0084375
v 0.022240245 -0.13111323 0.0084375
v 0.026995695 -0.132436965 0.0084375
v 0.02227086 -0.13135563 0.0084375
v 0.022303035 -0.131599725 0.0084375
v 0.022337025 -0.13184574 0.0084375
v 0.022373115 -0.13209378 0.0084375
v 0.022411575 -0.132344025 0.0084375
v 0.02245266 -0.13259664 0.0084375
v 0.027311565 -0.13391094 0.0084375
v 0.022496655 -0.13285182 0.0084375
v 0.02253687 -0.133072785 0.0084375
v 0.02257938 -0.133297635 0.0084375
v 0.02262402 -0.13352628 0.0084375
v 0.022670685 -0.133757775 0.0084375
v 0.022719225 -0.13399122 0.0084375
v 0.02751543 -0.13468557 0.0084375
v 0.02276952 -0.1342257 0.0084375
v 0.022821435 -0.134460315 0.0084375
v 0.02287485 -0.134694135 0.0084375
v 0.0277497 -0.13548528 0.0084375
v 0.02292963 -0.134926275 0.0084375
v 0.022985655 -0.13515579 0.0084375
v 0.023042775 -0.135381795 0.0084375
v 0.023101065 -0.13560414 0.0084375
v 0.02802717 -0.13630767 0.0084375
v 0.023161245 -0.13582563 0.0084375
v 0.023223225 -0.136046325 0.0084375
v 0.023297535 -0.13630227 0.0084375
v 0.023373675 -0.136555995 0.0084375
v 0.02835549 -0.137170395 0.0084375
v 0.023451315 -0.1368069 0.0084375
v 0.023530155 -0.13705437 0.0084375
v 0.023609835 -0.13729782 0.0084375
v 0.02872233 -0.13803693 0.0084375
v 0.02369004 -0.13753662 0.0084375
v 0.023770455 -0.1377702 0.0084375
v 0.023851485 -0.13799868 0.0084375
v 0.02393364 -0.138222735 0.0084375
v 0.02911416 -0.13885419 0.0084375
v 0.0240168 -0.138442575 0.0084375
v 0.02410083 -0.138658425 0.0084375
v 0.02418564 -0.138870495 0.0084375
v 0.0295341 -0.139634415 0.0084375
v 0.024288255 -0.13912032 0.0084375
v 0.024391605 -0.139365405 0.0084375
v 0.024495465 -0.139606155 0.0084375
v 0.02459976 -0.139842705 0.0084375
v 0.02998326 -0.140381835 0.0084375
v 0.024704985 -0.14007411 0.0084375
v 0.02481108 -0.14030046 0.0084375
v 0.02491794 -0.14052204 0.0084375
v 0.03022131 -0.14074719 0.0084375
v 0.0250254 -0.14073915 0.0084375
v 0.02513334 -0.14095206 0.0084375
v 0.03047547 -0.14107209 0.0084375
v 0.025241625 -0.14116104 0.0084375
v 0.0307473 -0.141357285 0.0084375
v 0.02535012 -0.14136639 0.0084375
v 0.03103539 -0.1416021 0.0084375
v 0.025458945 -0.141567885 0.0084375
v 0.02556834 -0.14176497 0.0084375
v 0.031330245 -0.141801015 0.0084375
v 0.031633725 -0.14195328 0.0084375
v 0.025678215 -0.141957885 0.0084375
v 0.03223311 -0.142135905 0.0084375
v 0.025788465 -0.14214681 0.0084375
v 0.032801355 -0.14217915 0.0084375
v 0.025926615 -0.142377735 0.0084375
v 0.042892335 -0.142183275 0.0084375
v 0.043061745 -0.142445505 0.0084375
v 0.03331674 -0.14212053 0.0084375
v 0.03377178 -0.14200149 0.0084375
v 0.04275447 -0.14190513 0.0084375
v 0.03417852 -0.141864675 0.0084375
v 0.034763835 -0.141677175 0.0084375
v 0.03537519 -0.14150775 0.0084375
v 0.03567621 -0.141438105 0.0084375
v 0.0359715 -0.141344745 0.0084375
v 0.042585525 -0.141326235 0.0084375
v 0.03626559 -0.1412286 0.0084375
v 0.036544875 -0.14108697 0.0084375
v 0.036797355 -0.1409145 0.0084375
v 0.042528825 -0.14076189 0.0084375
v 0.03702264 -0.14071998 0.0084375
v 0.03737826 -0.14028561 0.0084375
v 0.042534975 -0.140259135 0.0084375
v 0.03762924 -0.13983267 0.0084375
v 0.04255137 -0.13986513 0.0084375
v 0.042577785 -0.139470195 0.0084375
v 0.0378141 -0.139405725 0.0084375
v 0.042614205 -0.1390743 0.0084375
v 0.038155995 -0.138633225 0.0084375
v 0.042660645 -0.138677475 0.0084375
v 0.042718095 -0.13827231 0.0084375
v 0.038515515 -0.13783854 0.0084375
v 0.042786225 -0.13786128 0.0084375
v 0.042863025 -0.137459145 0.0084375
v 0.038895495 -0.13702125 0.0084375
v 0.0429465 -0.13708068 0.0084375
v 0.04303566 -0.13673136 0.0084375
v 0.039296415 -0.136181355 0.0084375
v 0.043131735 -0.136402815 0.0084375
v 0.043235985 -0.13608897 0.0084375
v 0.03969462 -0.135321675 0.0084375
v 0.0433497 -0.13578372 0.0084375
v 0.043473105 -0.13548531 0.0084375
v 0.04360557 -0.135197025 0.0084375
v 0.040093335 -0.134437545 0.0084375
v 0.043747035 -0.134920395 0.0084375
v 0.04389744 -0.134656935 0.0084375
v 0.044057835 -0.13440576 0.0084375
v 0.040474905 -0.13354272 0.0084375
v 0.04422789 -0.13416648 0.0084375
v 0.044405505 -0.133941405 0.0084375
v 0.04458858 -0.1337328 0.0084375
v 0.0447753 -0.133542105 0.0084375
v 0.04082154 -0.13264578 0.0084375
v 0.044967195 -0.133367865 0.0084375
v 0.045167205 -0.13320789 0.0084375
v 0.045378255 -0.13306005 0.0084375
v 0.04560186 -0.132922935 0.0084375
v 0.04583625 -0.13279794 0.0084375
v 0.046079265 -0.13268727 0.0084375
v 0.046265925 -0.13261494 0.0084375
v 0.0411366 -0.131747715 0.0084375
v 0.046455285 -0.13255224 0.0084375
v 0.046647255 -0.132498105 0.0084375
v 0.04684314 -0.13245279 0.0084375
v 0.04704429 -0.132416655 0.0084375
v 0.04725204 -0.13239009 0.0084375
v 0.04746762 -0.13237344 0.0084375
v 0.04769013 -0.13236645 0.0084375
v 0.06941016 -0.132223935 0.0084375
v 0.069357585 -0.131986245 0.0084375
v 0.069462075 -0.132458595 0.0084375
v 0.04791909 -0.132368955 0.0084375
v 0.048154515 -0.132381015 0.0084375
v 0.04839639 -0.132402585 0.0084375
v 0.04864473 -0.132433695 0.0084375
v 0.04966167 -0.13264698 0.0084375
v 0.06951246 -0.13269048 0.0084375
v 0.0506313 -0.13289484 0.0084375
v 0.06956052 -0.132919875 0.0084375
v 0.06960537 -0.13314702 0.0084375
v 0.05155281 -0.13318083 0.0084375
v 0.06964797 -0.133371945 0.0084375
v 0.05242605 -0.133505505 0.0084375
v 0.06968934 -0.13359441 0.0084375
v 0.06972888 -0.133814325 0.0084375
v 0.05325765 -0.13383939 0.0084375
v 0.0697659 -0.13403157 0.0084375
v 0.05404341 -0.13417935 0.0084375
v 0.069799785 -0.13424607 0.0084375
v 0.062918265 -0.134431305 0.0084375
v 0.069835395 -0.13449966 0.0084375
v 0.062773425 -0.134452575 0.0084375
v 0.06264372 -0.13452051 0.0084375
v 0.05479725 -0.13452291 0.0084375
v 0.06253905 -0.134622855 0.0084375
v 0.062476185 -0.134747475 0.0084375
v 0.055534815 -0.134865045 0.0084375
v 0.062449515 -0.13489839 0.0084375
v 0.062476185 -0.135049305 0.0084375
v 0.06253905 -0.13517391 0.0084375
v 0.056249985 -0.1352055 0.0084375
v 0.06264372 -0.13527627 0.0084375
v 0.062773425 -0.13534419 0.0084375
v 0.062918265 -0.135365475 0.0084375
v 0.056940045 -0.135529155 0.0084375
v 0.06992268 -0.135473775 0.0084375
v 0.06306312 -0.13534419 0.0084375
v 0.0699309 -0.13570674 0.0084375
v 0.057605025 -0.135836295 0.0084375
v 0.069932565 -0.13593486 0.0084375
v 0.05824521 -0.136128735 0.0084375
v 0.069927315 -0.136157895 0.0084375
v 0.058557255 -0.136266 0.0084375
v 0.069916005 -0.136376325 0.0084375
v 0.058894725 -0.13641882 0.0084375
v 0.06989853 -0.136590105 0.0084375
v 0.0592536 -0.136596375 0.0084375
v 0.0698676 -0.136850565 0.0084375
v 0.059634195 -0.13681371 0.0084375
v 0.06003606 -0.13709193 0.0084375
v 0.069826005 -0.13710327 0.0084375
v 0.06977316 -0.137347545 0.0084375
v 0.060447465 -0.13745115 0.0084375
v 0.069708555 -0.13757982 0.0084375
v 0.069633 -0.1378032 0.0084375
v 0.06083481 -0.137909385 0.0084375
v 0.06954756 -0.13802265 0.0084375
v 0.06099924 -0.138184875 0.0084375
v 0.069453285 -0.138243195 0.0084375
v 0.069350685 -0.138467325 0.0084375
v 0.061131945 -0.13848312 0.0084375
v 0.069261885 -0.1386459 0.0084375
v 0.061220475 -0.1388001 0.0084375
v 0.069167265 -0.13882434 0.0084375
v 0.06906702 -0.139003545 0.0084375
v 0.061265445 -0.13912338 0.0084375
v 0.068961375 -0.139184385 0.0084375
v 0.068850555 -0.139367745 0.0084375
v 0.06873471 -0.13955361 0.0084375
v 0.068613735 -0.13974126 0.0084375
v 0.06121401 -0.13974753 0.0084375
v 0.068487345 -0.139930605 0.0084375
v 0.068355285 -0.14012151 0.0084375
v 0.06102444 -0.14030145 0.0084375
v 0.068217285 -0.14031381 0.0084375
v 0.068073105 -0.14050743 0.0084375
v 0.06792345 -0.14070249 0.0084375
v 0.06075798 -0.14076069 0.0084375
v 0.06776835 -0.14089905 0.0084375
v 0.067607205 -0.14109702 0.0084375
v 0.060463425 -0.141136095 0.0084375
v 0.06743943 -0.14129634 0.0084375
v 0.060167205 -0.14144508 0.0084375
v 0.067294125 -0.141463395 0.0084375
v 0.067143465 -0.141631275 0.0084375
v 0.059880735 -0.141698835 0.0084375
v 0.06698793 -0.14180007 0.0084375
v 0.05960928 -0.14190819 0.0084375
v 0.066827955 -0.14196981 0.0084375
v 0.05935911 -0.14208099 0.0084375
v 0.06666321 -0.14214045 0.0084375
v 0.05913339 -0.142224495 0.0084375
v 0.06649332 -0.14231196 0.0084375
v 0.058928895 -0.142347285 0.0084375
v 0.06634335 -0.142459605 0.0084375
v 0.0587385 -0.14245752 0.0084375
v 0.05855457 -0.14256159 0.0084375
v 0.06618909 -0.142607805 0.0084375
v 0.06603036 -0.142756515 0.0084375
v 0.06586665 -0.14290602 0.0084375
v 0.06569673 -0.1430577 0.0084375
v 0.057596445 -0.14308161 0.0084375
v 0.06552132 -0.143211 0.0084375
v 0.06534147 -0.14336508 0.0084375
v 0.065158215 -0.143519025 0.0084375
v 0.05654142 -0.14361927 0.0084375
v 0.064972575 -0.14367198 0.0084375
v 0.064785585 -0.143823075 0.0084375
v 0.06459831 -0.143971455 0.0084375
v 0.06441144 -0.1441164 0.0084375
v 0.055405065 -0.14418252 0.0084375
v 0.064222065 -0.144259785 0.0084375
v 0.064029915 -0.14440191 0.0084375
v 0.054823755 -0.14447817 0.0084375
v 0.06383601 -0.144542385 0.0084375
v 0.063641295 -0.144680805 0.0084375
v 0.05423511 -0.14478681 0.0084375
v 0.063446745 -0.144816735 0.0084375
v 0.063253335 -0.144949815 0.0084375
v 0.06306207 -0.14507958 0.0084375
v 0.053661105 -0.145132785 0.0084375
v 0.062873865 -0.14520567 0.0084375
v 0.062687625 -0.14532804 0.0084375
v 0.062471805 -0.145466565 0.0084375
v 0.053109075 -0.14552418 0.0084375
v 0.062257665 -0.145600965 0.0084375
v 0.062045295 -0.14573169 0.0084375
v 0.061834845 -0.145859175 0.0084375
v 0.0525717 -0.145952895 0.0084375
v 0.061626405 -0.145983885 0.0084375
v 0.061420065 -0.14610627 0.0084375
v 0.061215825 -0.14622588 0.0084375
v 0.06101355 -0.146342145 0.0084375
v 0.052048965 -0.146418945 0.0084375
v 0.060813255 -0.14645538 0.0084375
v 0.060614925 -0.1465659 0.0084375
v 0.060418575 -0.146674005 0.0084375
v 0.060224205 -0.14678004 0.0084375
v 0.0515724 -0.14687343 0.0084375
v 0.060031815 -0.146884275 0.0084375
v 0.059841435 -0.146986395 0.0084375
v 0.05965308 -0.147085995 0.0084375
v 0.059466705 -0.147183315 0.0084375
v 0.059282295 -0.147278595 0.0084375
v 0.051019875 -0.14729232 0.0084375
v 0.059099805 -0.14737209 0.0084375
v 0.05888334 -0.14748231 0.0084375
v 0.05038206 -0.147589605 0.0084375
v 0.05866956 -0.147590625 0.0084375
v 0.05845839 -0.14769603 0.0084375
v 0.04970673 -0.14772393 0.0084375
v 0.05824989 -0.14779869 0.0084375
v 0.04222713 -0.14773689 0.0084375
v 0.042380895 -0.14789577 0.0084375
v 0.04206621 -0.14757987 0.0084375
v 0.04904703 -0.14768976 0.0084375
v 0.04844007 -0.1475106 0.0084375
v 0.04189791 -0.147422025 0.0084375
v 0.041722935 -0.147261825 0.0084375
v 0.04790727 -0.147222675 0.0084375
v 0.04154169 -0.14710224 0.0084375
v 0.041354595 -0.14694624 0.0084375
v 0.047457135 -0.146862135 0.0084375
v 0.041200995 -0.146826015 0.0084375
v 0.041044125 -0.14671149 0.0084375
v 0.040883865 -0.146603385 0.0084375
v 0.04071861 -0.14649804 0.0084375
v 0.04708386 -0.1464699 0.0084375
v 0.04054893 -0.14639577 0.0084375
v 0.040375755 -0.1462977 0.0084375
v 0.040200075 -0.14620494 0.0084375
v 0.040022805 -0.1461186 0.0084375
v 0.046772715 -0.1460919 0.0084375
v 0.03984492 -0.14603979 0.0084375
v 0.039667365 -0.14596965 0.0084375
v 0.03944526 -0.14589321 0.0084375
v 0.03922158 -0.1458276 0.0084375
v 0.03899619 -0.145772895 0.0084375
v 0.038768925 -0.1457292 0.0084375
v 0.03853971 -0.14569656 0.0084375
v 0.038308365 -0.145675125 0.0084375
v 0.046315035 -0.145540215 0.0084375
v 0.03807552 -0.14566545 0.0084375
v 0.028391505 -0.14559729 0.0084375
v 0.03784137 -0.14566761 0.0084375
v 0.02820546 -0.145408935 0.0084375
v 0.02801904 -0.145212075 0.0084375
v 0.02787915 -0.14505849 0.0084375
v 0.045852285 -0.145020795 0.0084375
v 0.02773884 -0.144900225 0.0084375
v 0.02759814 -0.14473734 0.0084375
v 0.027457305 -0.144569625 0.0084375
v 0.02731653 -0.14439684 0.0084375
v 0.027176085 -0.144218805 0.0084375
v 0.04491156 -0.14407875 0.0084375
v 0.027036165 -0.14403531 0.0084375
v 0.039294855 -0.1439637 0.0084375
v 0.026896725 -0.143846535 0.0084375
v 0.039439695 -0.143942415 0.0084375
v 0.0395694 -0.143874495 0.0084375
v 0.03967407 -0.143772135 0.0084375
v 0.039736935 -0.14364753 0.0084375
v 0.039763605 -0.143496615 0.0084375
v 0.039736935 -0.143345685 0.0084375
v 0.04395051 -0.14326575 0.0084375
v 0.03967407 -0.143221095 0.0084375
v 0.0395694 -0.14311872 0.0084375
v 0.039439695 -0.1430508 0.0084375
v 0.039294855 -0.143029515 0.0084375
v 0.04348293 -0.142897035 0.0084375
v 0.02620329 -0.142823775 0.0084375
v 0.02634159 -0.143039205 0.0084375
v 0.043262325 -0.142681995 0.0084375
v 0.026064975 -0.14260326 0.0084375
v 0.03915 -0.1430508 0.0084375
v 0.039020295 -0.14311872 0.0084375
v 0.038915625 -0.143221095 0.0084375
v 0.026480055 -0.143249085 0.0084375
v 0.038852745 -0.143345685 0.0084375
v 0.0266187 -0.143453535 0.0084375
v 0.038826105 -0.143496615 0.0084375
v 0.038852745 -0.14364753 0.0084375
v 0.026757585 -0.14365266 0.0084375
v 0.038915625 -0.143772135 0.0084375
v 0.039020295 -0.143874495 0.0084375
v 0.03915 -0.143942415 0.0084375
v 0.03760524 -0.145680855 0.0084375
v 0.037366455 -0.14570445 0.0084375
v 0.037124325 -0.145737615 0.0084375
v 0.028576875 -0.1457778 0.0084375
v 0.036878175 -0.14577963 0.0084375
v 0.03667878 -0.14582112 0.0084375
v 0.03647775 -0.1458708 0.0084375
v 0.03627474 -0.145927275 0.0084375
v 0.02876124 -0.145951125 0.0084375
v 0.036069435 -0.145989225 0.0084375
v 0.03586149 -0.14605527 0.0084375
v 0.028943925 -0.146118615 0.0084375
v 0.035650545 -0.14612403 0.0084375
v 0.035436285 -0.14619417 0.0084375
v 0.03521847 -0.146264745 0.0084375
v 0.029125125 -0.146279895 0.0084375
v 0.03499758 -0.146337675 0.0084375
v 0.034773705 -0.146413335 0.0084375
v 0.02930595 -0.1464327 0.0084375
v 0.034584855 -0.146478465 0.0084375
v 0.034393935 -0.1465455 0.0084375
v 0.0294876 -0.146574735 0.0084375
v 0.034200945 -0.146614425 0.0084375
v 0.03400587 -0.14668524 0.0084375
v 0.029670855 -0.146704395 0.0084375
v 0.03380874 -0.146757945 0.0084375
v 0.02985345 -0.14682588 0.0084375
v 0.033609525 -0.146832555 0.0084375
v 0.03335055 -0.14690979 0.0084375
v 0.0300366 -0.146937075 0.0084375
v 0.033096225 -0.146978655 0.0084375
v 0.030222615 -0.14703375 0.0084375
v 0.032846565 -0.147039135 0.0084375
v 0.032601585 -0.147091245 0.0084375
v 0.030413805 -0.147111705 0.0084375
v 0.032361225 -0.147135105 0.0084375
v 0.03061116 -0.147167175 0.0084375
v 0.032125395 -0.14717142 0.0084375
v 0.031894215 -0.147199485 0.0084375
v 0.030812865 -0.14720157 0.0084375
v 0.03166785 -0.14721828 0.0084375
v 0.03101913 -0.14721975 0.0084375
v 0.03144645 -0.14722677 0.0084375
v 0.031230225 -0.14722656 0.0084375
v 0.058044195 -0.147899295 0.0084375
v 0.05784144 -0.14799852 0.0084375
v 0.042528375 -0.148055265 0.0084375
v 0.05764173 -0.14809704 0.0084375
v 0.057444885 -0.148194945 0.0084375
v 0.042670515 -0.148214115 0.0084375
v 0.057249645 -0.14829006 0.0084375
v 0.042808185 -0.14837112 0.0084375
v 0.05705688 -0.14838342 0.0084375
v 0.05686776 -0.14847669 0.0084375
v 0.04294233 -0.148525005 0.0084375
v 0.056683515 -0.148571565 0.0084375
v 0.05650533 -0.148669665 0.0084375
v 0.043072065 -0.148676025 0.0084375
v 0.05633376 -0.148772055 0.0084375
v 0.04319652 -0.1488252 0.0084375
v 0.05616735 -0.14887731 0.0084375
v 0.04331652 -0.14897253 0.0084375
v 0.055966785 -0.1490121 0.0084375
v 0.043432905 -0.14911794 0.0084375
v 0.055774905 -0.1491498 0.0084375
v 0.0435465 -0.149261385 0.0084375
v 0.055592175 -0.14928963 0.0084375
v 0.04365813 -0.14940282 0.0084375
v 0.055419255 -0.149431575 0.0084375
v 0.05525649 -0.149576895 0.0084375
v 0.043803015 -0.14958831 0.0084375
v 0.05510262 -0.14972436 0.0084375
v 0.0439425 -0.14977035 0.0084375
v 0.054956325 -0.149872515 0.0084375
v 0.04407747 -0.149948865 0.0084375
v 0.0548163 -0.15001992 0.0084375
v 0.044208825 -0.150123795 0.0084375
v 0.054683115 -0.15016689 0.0084375
v 0.044337225 -0.150295065 0.0084375
v 0.05455755 -0.150314295 0.0084375
v 0.054438465 -0.15046146 0.0084375
v 0.04446177 -0.150462675 0.0084375
v 0.054324795 -0.15060765 0.0084375
v 0.0445827 -0.150626685 0.0084375
v 0.054180465 -0.15080031 0.0084375
v 0.044700555 -0.150787215 0.0084375
v 0.044815845 -0.1509444 0.0084375
v 0.054046365 -0.150991425 0.0084375
v 0.04492839 -0.15109809 0.0084375
v 0.05392086 -0.15118041 0.0084375
v 0.045037905 -0.15124827 0.0084375
v 0.053801595 -0.15136626 0.0084375
v 0.045144795 -0.15139512 0.0084375
v 0.053688765 -0.15154893 0.0084375
v 0.045249435 -0.15153888 0.0084375
v 0.04535208 -0.151679685 0.0084375
v 0.053582865 -0.15172869 0.0084375
v 0.045452295 -0.15181731 0.0084375
v 0.05348208 -0.15190518 0.0084375
v 0.04555026 -0.151951815 0.0084375
v 0.053385075 -0.1520781 0.0084375
v 0.045646275 -0.152083395 0.0084375
v 0.053293035 -0.152247585 0.0084375
v 0.045740625 -0.152212245 0.0084375
v 0.04587882 -0.15240015 0.0084375
v 0.05320506 -0.152413695 0.0084375
v 0.0531198 -0.15257634 0.0084375
v 0.04601295 -0.152581695 0.0084375
v 0.053037345 -0.15273552 0.0084375
v 0.046143645 -0.15275742 0.0084375
v 0.052957995 -0.152891295 0.0084375
v 0.04627095 -0.152927355 0.0084375
v 0.052880745 -0.15304365 0.0084375
v 0.046394805 -0.153091485 0.0084375
v 0.052804845 -0.153192675 0.0084375
v 0.04651572 -0.15325038 0.0084375
v 0.05269449 -0.15340986 0.0084375
v 0.04663371 -0.1534041 0.0084375
v 0.04674876 -0.153552585 0.0084375
v 0.05258703 -0.15361953 0.0084375
v 0.046861185 -0.153696285 0.0084375
v 0.052481835 -0.153821715 0.0084375
v 0.046971 -0.153835185 0.0084375
v 0.05237883 -0.154016385 0.0084375
v 0.047078205 -0.153969285 0.0084375
v 0.047183085 -0.154098975 0.0084375
v 0.05227728 -0.154203675 0.0084375
v 0.04728567 -0.154224285 0.0084375
v 0.052177335 -0.154383495 0.0084375
v 0.04738593 -0.1543452 0.0084375
v 0.047484225 -0.154462065 0.0084375
v 0.052078095 -0.154555635 0.0084375
v 0.04758057 -0.15457491 0.0084375
v 0.05197959 -0.154720005 0.0084375
v 0.04767495 -0.154683705 0.0084375
v 0.04776756 -0.154788825 0.0084375
v 0.051881595 -0.15487674 0.0084375
v 0.0478584 -0.15489021 0.0084375
v 0.051783915 -0.155025765 0.0084375
v 0.047947485 -0.15498789 0.0084375
v 0.0516867 -0.155167275 0.0084375
v 0.04812084 -0.15517326 0.0084375
v 0.05159013 -0.155301705 0.0084375
v 0.048287955 -0.155345655 0.0084375
v 0.05149416 -0.155428935 0.0084375
v 0.04844931 -0.155506185 0.0084375
v 0.0513984 -0.15554907 0.0084375
v 0.048605835 -0.15565542 0.0084375
v 0.051302775 -0.15566208 0.0084375
v 0.051207525 -0.15576813 0.0084375
v 0.048757935 -0.155793705 0.0084375
v 0.05101839 -0.15595953 0.0084375
v 0.04890606 -0.15592125 0.0084375
v 0.049050075 -0.15603831 0.0084375
v 0.050831715 -0.15612468 0.0084375
v 0.04918995 -0.15614517 0.0084375
v 0.05064645 -0.156263835 0.0084375
v 0.04932573 -0.156242625 0.0084375
v 0.049457445 -0.15632991 0.0084375
v 0.05046396 -0.156377535 0.0084375
v 0.049585185 -0.156406575 0.0084375
v 0.050285805 -0.156465495 0.0084375
v 0.049709385 -0.156471525 0.0084375
v 0.050112885 -0.15652752 0.0084375
v 0.049829835 -0.156524565 0.0084375
v 0.04994646 -0.156565635 0.0084375
v 0.063192825 -0.13527627 0.0084375
v 0.069908505 -0.13523628 0.0084375
v 0.063297495 -0.13517391 0.0084375
v 0.063360375 -0.135049305 0.0084375
v 0.06988896 -0.134994585 0.0084375
v 0.063387015 -0.13489839 0.0084375
v 0.06986463 -0.13474902 0.0084375
v 0.063360375 -0.134747475 0.0084375
v 0.063297495 -0.134622855 0.0084375
v 0.063192825 -0.13452051 0.0084375
v 0.06306312 -0.134452575 0.0084375
v 0.069305205 -0.131745255 0.0084375
v 0.060531255 -0.1316763 0.0084375
v 0.06119058 -0.131658885 0.0084375
v 0.06004659 -0.131669625 0.0084375
v 0.059575065 -0.131653605 0.0084375
v 0.04139727 -0.130878825 0.0084375
v 0.05911668 -0.131628225 0.0084375
v 0.058671435 -0.1315935 0.0084375
v 0.05823921 -0.13154931 0.0084375
v 0.05782005 -0.131495715 0.0084375
v 0.057414195 -0.131432895 0.0084375
v 0.057021885 -0.131361015 0.0084375
v 0.0566436 -0.13128033 0.0084375
v 0.0562791 -0.131190645 0.0084375
v 0.05592744 -0.1310916 0.0084375
v 0.055587705 -0.13098276 0.0084375
v 0.055258845 -0.130863795 0.0084375
v 0.041604 -0.13003848 0.0084375
v 0.05494161 -0.130735005 0.0084375
v 0.05463783 -0.1305969 0.0084375
v 0.05434935 -0.130450065 0.0084375
v 0.054076515 -0.130294725 0.0084375
v 0.053818395 -0.13013052 0.0084375
v 0.053574885 -0.129957225 0.0084375
v 0.041759535 -0.12922308 0.0084375
v 0.053345925 -0.129774555 0.0084375
v 0.05313117 -0.129582675 0.0084375
v 0.05293077 -0.129381645 0.0084375
v 0.05274534 -0.129171045 0.0084375
v 0.041790225 -0.12897675 0.0084375
v 0.052575525 -0.12895044 0.0084375
v 0.041811495 -0.12873633 0.0084375
v 0.052420695 -0.12871905 0.0084375
v 0.04182336 -0.12850185 0.0084375
v 0.046807455 -0.128557665 0.0084375
v 0.04658082 -0.128533725 0.0084375
v 0.047034075 -0.128533725 0.0084375
v 0.05228079 -0.12847734 0.0084375
v 0.047257935 -0.128466375 0.0084375
v 0.04745637 -0.12836112 0.0084375
v 0.05215722 -0.128226645 0.0084375
v 0.04763466 -0.128212995 0.0084375
v 0.047782785 -0.128034705 0.0084375
v 0.052051455 -0.1279683 0.0084375
v 0.047887065 -0.12783996 0.0084375
v 0.05196324 -0.12770415 0.0084375
v 0.047952315 -0.127623915 0.0084375
v 0.05189202 -0.127432935 0.0084375
v 0.04797933 -0.12738579 0.0084375
v 0.051850335 -0.127223025 0.0084375
v 0.047952315 -0.127147665 0.0084375
v 0.05181918 -0.127006035 0.0084375
v 0.047887065 -0.12693162 0.0084375
v 0.0517989 -0.126780795 0.0084375
v 0.047782785 -0.12673686 0.0084375
v 0.04763466 -0.12655857 0.0084375
v 0.05178924 -0.12654816 0.0084375
v 0.04745637 -0.12641043 0.0084375
v 0.051790065 -0.126308625 0.0084375
v 0.047257935 -0.126305175 0.0084375
v 0.047034075 -0.126237825 0.0084375
v 0.046807455 -0.126213915 0.0084375
v 0.05180136 -0.12606216 0.0084375
v 0.041277555 -0.126187665 0.0084375
v 0.04658082 -0.126237825 0.0084375
v 0.04114002 -0.12596433 0.0084375
v 0.051823125 -0.125808795 0.0084375
v 0.040985745 -0.12574743 0.0084375
v 0.05185536 -0.1255485 0.0084375
v 0.04081296 -0.125535525 0.0084375
v 0.04061862 -0.12532677 0.0084375
v 0.040407555 -0.125124435 0.0084375
v 0.040185615 -0.124932435 0.0084375
v 0.03995871 -0.12475467 0.0084375
v 0.039732765 -0.124594395 0.0084375
v 0.03950358 -0.12444897 0.0084375
v 0.03926178 -0.12431328 0.0084375
v 0.052138845 -0.12418914 0.0084375
v 0.038998005 -0.12418224 0.0084375
v 0.038702295 -0.124051035 0.0084375
v 0.03837105 -0.123919785 0.0084375
v 0.03801783 -0.1237932 0.0084375
v 0.03765777 -0.123676155 0.0084375
v 0.037306065 -0.123573525 0.0084375
v 0.036971205 -0.123487695 0.0084375
v 0.03664332 -0.123415545 0.0084375
v 0.036309975 -0.12335367 0.0084375
v 0.03595872 -0.123298695 0.0084375
v 0.03557877 -0.123247695 0.0084375
v 0.03517437 -0.123202125 0.0084375
v 0.03475206 -0.12316344 0.0084375
v 0.034317495 -0.12313272 0.0084375
v 0.03387633 -0.12311109 0.0084375
v 0.04635696 -0.126305175 0.0084375
v 0.046158525 -0.12641043 0.0084375
v 0.04139937 -0.126418395 0.0084375
v 0.045980235 -0.12655857 0.0084375
v 0.041506455 -0.126657495 0.0084375
v 0.04583211 -0.12673686 0.0084375
v 0.04159947 -0.12690408 0.0084375
v 0.04572783 -0.12693162 0.0084375
v 0.04566258 -0.127147665 0.0084375
v 0.041677755 -0.12715767 0.0084375
v 0.04563558 -0.12738579 0.0084375
v 0.04174032 -0.127420035 0.0084375
v 0.04566258 -0.127623915 0.0084375
v 0.04178613 -0.1276929 0.0084375
v 0.04572783 -0.12783996 0.0084375
v 0.04181442 -0.127977675 0.0084375
v 0.04583211 -0.128034705 0.0084375
v 0.045980235 -0.128212995 0.0084375
v 0.041825805 -0.12827325 0.0084375
v 0.046158525 -0.12836112 0.0084375
v 0.04635696 -0.128466375 0.0084375
v 0.061879785 -0.13154934 0.0084375
v 0.069253815 -0.13150071 0.0084375
v 0.06254262 -0.131308635 0.0084375
v 0.069209745 -0.13128873 0.0084375
v 0.06312072 -0.13094235 0.0084375
v 0.069164625 -0.131074965 0.0084375
v 0.06911904 -0.1308591 0.0084375
v 0.06357657 -0.130473285 0.0084375
v 0.069073515 -0.130640775 0.0084375
v 0.069028635 -0.130419675 0.0084375
v 0.06389808 -0.129937785 0.0084375
v 0.068984955 -0.13019541 0.0084375
v 0.06894303 -0.129967695 0.0084375
v 0.068903415 -0.12973614 0.0084375
v 0.06408939 -0.129375945 0.0084375
v 0.068865825 -0.129500295 0.0084375
v 0.068829105 -0.129260055 0.0084375
v 0.06416703 -0.128819415 0.0084375
v 0.06879357 -0.12901602 0.0084375
v 0.068759505 -0.12876873 0.0084375
v 0.06416724 -0.12829242 0.0084375
v 0.06872724 -0.128518845 0.0084375
v 0.068697075 -0.12826689 0.0084375
v 0.064134285 -0.127813905 0.0084375
v 0.068672655 -0.128045205 0.0084375
v 0.068650305 -0.12782283 0.0084375
v 0.06863031 -0.12759981 0.0084375
v 0.064090485 -0.1267131 0.0084375
v 0.06861366 -0.12737313 0.0084375
v 0.068600055 -0.12714285 0.0084375
v 0.06858876 -0.126910275 0.0084375
v 0.06857907 -0.12667668 0.0084375
v 0.06403035 -0.125615895 0.0084375
v 0.06857025 -0.1264434 0.0084375
v 0.068560365 -0.1261788 0.0084375
v 0.068549625 -0.125918205 0.0084375
v 0.068536995 -0.12566358 0.0084375
v 0.068521815 -0.125416125 0.0084375
v 0.06394239 -0.124484415 0.0084375
v 0.06850596 -0.12517293 0.0084375
v 0.06848967 -0.124933365 0.0084375
v 0.068472825 -0.124697385 0.0084375
v 0.068455245 -0.12446496 0.0084375
v 0.06381009 -0.12328521 0.0084375
v 0.068436825 -0.124236045 0.0084375
v 0.068417415 -0.12401064 0.0084375
v 0.06839685 -0.123788685 0.0084375
v 0.06837501 -0.12357018 0.0084375
v 0.06835197 -0.123355515 0.0084375
v 0.068327805 -0.123144645 0.0084375
v 0.063612645 -0.122004495 0.0084375
v 0.06829833 -0.12290313 0.0084375
v 0.06826761 -0.122666145 0.0084375
v 0.068235765 -0.122433345 0.0084375
v 0.06820296 -0.122204415 0.0084375
v 0.0681693 -0.12197901 0.0084375
v 0.063479955 -0.121331865 0.0084375
v 0.068134665 -0.121757505 0.0084375
v 0.068091585 -0.121497345 0.0084375
v 0.06804702 -0.12124296 0.0084375
v 0.063324765 -0.120637755 0.0084375
v 0.06800115 -0.1209939 0.0084375
v 0.067954125 -0.12074979 0.0084375
v 0.06790614 -0.12051015 0.0084375
v 0.0631362 -0.119923995 0.0084375
v 0.06785703 -0.12027534 0.0084375
v 0.067806615 -0.120045765 0.0084375
v 0.067755075 -0.11982105 0.0084375
v 0.062915115 -0.119186175 0.0084375
v 0.067702605 -0.11960088 0.0084375
v 0.06764937 -0.119384895 0.0084375
v 0.067595535 -0.11917278 0.0084375
v 0.06265701 -0.118433715 0.0084375
v 0.067540905 -0.118964985 0.0084375
v 0.06748542 -0.11876163 0.0084375
v 0.067429155 -0.118562445 0.0084375
v 0.067372245 -0.118367175 0.0084375
v 0.06235191 -0.117680715 0.0084375
v 0.067300335 -0.118128165 0.0084375
v 0.067227585 -0.11789469 0.0084375
v 0.067153665 -0.11766738 0.0084375
v 0.062002125 -0.11692389 0.0084375
v 0.067078875 -0.117445815 0.0084375
v 0.06700353 -0.11722953 0.0084375
v 0.066927975 -0.11701803 0.0084375
v 0.06685215 -0.116811495 0.0084375
v 0.06160845 -0.116162145 0.0084375
v 0.066775875 -0.11661021 0.0084375
v 0.066699255 -0.116413815 0.0084375
v 0.06662235 -0.11622198 0.0084375
v 0.06654525 -0.116034405 0.0084375
v 0.061437 -0.11586462 0.0084375
v 0.06646779 -0.115851495 0.0084375
v 0.06123996 -0.11557719 0.0084375
v 0.066364065 -0.11561469 0.0084375
v 0.06626022 -0.11538531 0.0084375
v 0.061016925 -0.11529771 0.0084375
v 0.066156555 -0.11516283 0.0084375
v 0.060770745 -0.115049145 0.0084375
v 0.066052785 -0.114947775 0.0084375
v 0.060503895 -0.114834405 0.0084375
v 0.06594915 -0.114739695 0.0084375
v 0.060225585 -0.11466291 0.0084375
v 0.065845935 -0.1145379 0.0084375
v 0.05965542 -0.114438135 0.0084375
v 0.063976575 -0.11165598 0.0084375
v 0.0545946 -0.111652845 0.0084375
v 0.05469927 -0.111550485 0.0084375
v 0.06384849 -0.111499005 0.0084375
v 0.05476215 -0.11142588 0.0084375
v 0.063722865 -0.111349275 0.0084375
v 0.054788805 -0.111274965 0.0084375
v 0.06359979 -0.111206535 0.0084375
v 0.05476215 -0.111124035 0.0084375
v 0.06347937 -0.11107008 0.0084375
v 0.05469927 -0.11099943 0.0084375
v 0.063361575 -0.110940075 0.0084375
v 0.0545946 -0.11089707 0.0084375
v 0.054464895 -0.11082915 0.0084375
v 0.062322345 -0.109925985 0.0084375
v 0.05853936 -0.109829445 0.0084375
v 0.062225475 -0.10987851 0.0084375
v 0.062114865 -0.10983933 0.0084375
v 0.05872251 -0.109829685 0.0084375
v 0.058899 -0.10982775 0.0084375
v 0.05906916 -0.109824195 0.0084375
v 0.059233095 -0.109819125 0.0084375
v 0.05939136 -0.10981338 0.0084375
v 0.06199152 -0.109808265 0.0084375
v 0.059543865 -0.109806855 0.0084375
v 0.05969127 -0.109799955 0.0084375
v 0.0598335 -0.109792635 0.0084375
v 0.061856775 -0.109783905 0.0084375
v 0.060015735 -0.109782855 0.0084375
v 0.060189645 -0.10977321 0.0084375
v 0.06171117 -0.10976493 0.0084375
v 0.0603558 -0.109764345 0.0084375
v 0.06051441 -0.10975641 0.0084375
v 0.06155457 -0.109750935 0.0084375
v 0.060665955 -0.1097499 0.0084375
v 0.060810765 -0.1097448 0.0084375
v 0.06138684 -0.10974222 0.0084375
v 0.06094905 -0.10974117 0.0084375
v 0.061081275 -0.109739115 0.0084375
v 0.06120759 -0.10973874 0.0084375
v 0.043779465 -0.098197515 0.0159375
v 0.043779465 -0.098197515 0.0084375
v 0.04364244 -0.098235075 0.0084375
v 0.04364244 -0.098235075 0.0159375
v 0.04350246 -0.09828876 0.0084375
v 0.04350246 -0.09828876 0.0159375
v 0.043359615 -0.0983586 0.0084375
v 0.043359615 -0.0983586 0.0159375
v 0.043214505 -0.09844491 0.0084375
v 0.043214505 -0.09844491 0.0159375
v 0.04306767 -0.098547735 0.0084375
v 0.04306767 -0.098547735 0.0159375
v 0.042919575 -0.09866709 0.0084375
v 0.042919575 -0.09866709 0.0159375
v 0.042771555 -0.098802555 0.0084375
v 0.042771555 -0.098802555 0.0159375
v 0.042622995 -0.098954775 0.0084375
v 0.042622995 -0.098954775 0.0159375
v 0.04247367 -0.099124155 0.0084375
v 0.04247367 -0.099124155 0.0159375
v 0.042324465 -0.099311565 0.0084375
v 0.042324465 -0.099311565 0.0159375
v 0.042175455 -0.09951705 0.0084375
v 0.042175455 -0.09951705 0.0159375
v 0.0420267 -0.099740715 0.0084375
v 0.0420267 -0.099740715 0.0159375
v 0.041877885 -0.09998283 0.0084375
v 0.041877885 -0.09998283 0.0159375
v 0.041803515 -0.10011087 0.0084375
v 0.041803515 -0.10011087 0.0159375
v 0.04172931 -0.100243755 0.0084375
v 0.04172931 -0.100243755 0.0159375
v 0.04165551 -0.100381515 0.0084375
v 0.04165551 -0.100381515 0.0159375
v 0.041581485 -0.10052394 0.0084375
v 0.041581485 -0.10052394 0.0159375
v 0.041506635 -0.100670835 0.0084375
v 0.041506635 -0.100670835 0.0159375
v 0.04143141 -0.10082229 0.0084375
v 0.04143141 -0.10082229 0.0159375
v 0.041355195 -0.100978215 0.0084375
v 0.041355195 -0.100978215 0.0159375
v 0.041277135 -0.101138385 0.0084375
v 0.041277135 -0.101138385 0.0159375
v 0.041197815 -0.1013028 0.0084375
v 0.041197815 -0.1013028 0.0159375
v 0.041116485 -0.101471565 0.0084375
v 0.041116485 -0.101471565 0.0159375
v 0.04103196 -0.101644845 0.0084375
v 0.04103196 -0.101644845 0.0159375
v 0.040945095 -0.10182264 0.0084375
v 0.040945095 -0.10182264 0.0159375
v 0.040854765 -0.102004905 0.0084375
v 0.040854765 -0.102004905 0.0159375
v 0.04075896 -0.102191625 0.0084375
v 0.04075896 -0.102191625 0.0159375
v 0.04065873 -0.102382995 0.0084375
v 0.04065873 -0.102382995 0.0159375
v 0.040552845 -0.102578715 0.0084375
v 0.040552845 -0.102578715 0.0159375
v 0.040438515 -0.102778275 0.0084375
v 0.040438515 -0.102778275 0.0159375
v 0.040316835 -0.102982155 0.0084375
v 0.040316835 -0.102982155 0.0159375
v 0.04018665 -0.103189785 0.0084375
v 0.04018665 -0.103189785 0.0159375
v 0.04004433 -0.10339977 0.0084375
v 0.04004433 -0.10339977 0.0159375
v 0.03989076 -0.103612905 0.0084375
v 0.03989076 -0.103612905 0.0159375
v 0.039725115 -0.10382838 0.0084375
v 0.039725115 -0.10382838 0.0159375
v 0.03960588 -0.103971945 0.0084375
v 0.03960588 -0.103971945 0.0159375
v 0.039478665 -0.104114925 0.0084375
v 0.039478665 -0.104114925 0.0159375
v 0.03934503 -0.104258745 0.0084375
v 0.03934503 -0.104258745 0.0159375
v 0.03920424 -0.1044024 0.0084375
v 0.03920424 -0.1044024 0.0159375
v 0.039055035 -0.10454454 0.0084375
v 0.039055035 -0.10454454 0.0159375
v 0.03889626 -0.104683815 0.0084375
v 0.03889626 -0.104683815 0.0159375
v 0.038728125 -0.10482093 0.0084375
v 0.038728125 -0.10482093 0.0159375
v 0.03855144 -0.104956875 0.0084375
v 0.03855144 -0.104956875 0.0159375
v 0.038365395 -0.10508985 0.0084375
v 0.038365395 -0.10508985 0.0159375
v 0.03816915 -0.105218055 0.0084375
v 0.03816915 -0.105218055 0.0159375
v 0.03796197 -0.105340035 0.0084375
v 0.03796197 -0.105340035 0.0159375
v 0.03774435 -0.10545807 0.0084375
v 0.03774435 -0.10545807 0.0159375
v 0.03751644 -0.10557147 0.0084375
v 0.03751644 -0.10557147 0.0159375
v 0.03727815 -0.105678315 0.0084375
v 0.03727815 -0.105678315 0.0159375
v 0.037029315 -0.1057767 0.0084375
v 0.037029315 -0.1057767 0.0159375
v 0.036835545 -0.10584399 0.0084375
v 0.036835545 -0.10584399 0.0159375
v 0.036635205 -0.105906135 0.0084375
v 0.036635205 -0.105906135 0.0159375
v 0.036428775 -0.10596363 0.0084375
v 0.036428775 -0.10596363 0.0159375
v 0.036216765 -0.106017015 0.0084375
v 0.036216765 -0.106017015 0.0159375
v 0.035999715 -0.106066725 0.0084375
v 0.035999715 -0.106066725 0.0159375
v 0.035778135 -0.1061133 0.0084375
v 0.035778135 -0.1061133 0.0159375
v 0.03555228 -0.106156185 0.0084375
v 0.03555228 -0.106156185 0.0159375
v 0.035321175 -0.10619184 0.0084375
v 0.035321175 -0.10619184 0.0159375
v 0.035085075 -0.106222545 0.0084375
v 0.035085075 -0.106222545 0.0159375
v 0.03484431 -0.106251375 0.0084375
v 0.03484431 -0.106251375 0.0159375
v 0.0345993 -0.10628139 0.0084375
v 0.0345993 -0.10628139 0.0159375
v 0.03435039 -0.10631565 0.0084375
v 0.03435039 -0.10631565 0.0159375
v 0.03409791 -0.106356285 0.0084375
v 0.03409791 -0.106356285 0.0159375
v 0.0338415 -0.106398285 0.0084375
v 0.0338415 -0.106398285 0.0159375
v 0.03358101 -0.10644192 0.0084375
v 0.03358101 -0.10644192 0.0159375
v 0.03331647 -0.106489125 0.0084375
v 0.03331647 -0.106489125 0.0159375
v 0.03310191 -0.106530705 0.0084375
v 0.03310191 -0.106530705 0.0159375
v 0.032884755 -0.106576785 0.0084375
v 0.032884755 -0.106576785 0.0159375
v 0.032664975 -0.106628295 0.0084375
v 0.032664975 -0.106628295 0.0159375
v 0.03244251 -0.10668537 0.0084375
v 0.03244251 -0.10668537 0.0159375
v 0.03221715 -0.10674564 0.0084375
v 0.03221715 -0.10674564 0.0159375
v 0.031989045 -0.10680954 0.0084375
v 0.031989045 -0.10680954 0.0159375
v 0.031758345 -0.10687779 0.0084375
v 0.031758345 -0.10687779 0.0159375
v 0.031525215 -0.106951125 0.0084375
v 0.031525215 -0.106951125 0.0159375
v 0.03128982 -0.107030235 0.0084375
v 0.03128982 -0.107030235 0.0159375
v 0.03105231 -0.107115855 0.0084375
v 0.03105231 -0.107115855 0.0159375
v 0.03081285 -0.107208705 0.0084375
v 0.03081285 -0.107208705 0.0159375
v 0.030571035 -0.10730781 0.0084375
v 0.030571035 -0.10730781 0.0159375
v 0.03032646 -0.10741203 0.0084375
v 0.03032646 -0.10741203 0.0159375
v 0.0300795 -0.107521995 0.0084375
v 0.0300795 -0.107521995 0.0159375
v 0.0298305 -0.107638365 0.0084375
v 0.0298305 -0.107638365 0.0159375
v 0.029621685 -0.10774071 0.0084375
v 0.029621685 -0.10774071 0.0159375
v 0.029411895 -0.10784832 0.0084375
v 0.029411895 -0.10784832 0.0159375
v 0.02920134 -0.10796157 0.0084375
v 0.02920134 -0.10796157 0.0159375
v 0.028990215 -0.10808085 0.0084375
v 0.028990215 -0.10808085 0.0159375
v 0.02877834 -0.108206295 0.0084375
v 0.02877834 -0.108206295 0.0159375
v 0.02856447 -0.108337095 0.0084375
v 0.02856447 -0.108337095 0.0159375
v 0.02834895 -0.108473205 0.0084375
v 0.02834895 -0.108473205 0.0159375
v 0.028132275 -0.108614685 0.0084375
v 0.028132275 -0.108614685 0.0159375
v 0.02791497 -0.108761595 0.0084375
v 0.02791497 -0.108761595 0.0159375
v 0.027697545 -0.108914025 0.0084375
v 0.027697545 -0.108914025 0.0159375
v 0.027480525 -0.109072005 0.0084375
v 0.027480525 -0.109072005 0.0159375
v 0.02726442 -0.10923561 0.0084375
v 0.02726442 -0.10923561 0.0159375
v 0.02708031 -0.109380375 0.0084375
v 0.02708031 -0.109380375 0.0159375
v 0.026897535 -0.109529385 0.0084375
v 0.026897535 -0.109529385 0.0159375
v 0.02671407 -0.10968459 0.0084375
v 0.02671407 -0.10968459 0.0159375
v 0.02652918 -0.10984638 0.0084375
v 0.02652918 -0.10984638 0.0159375
v 0.026343645 -0.110013705 0.0084375
v 0.026343645 -0.110013705 0.0159375
v 0.026158275 -0.11018559 0.0084375
v 0.026158275 -0.11018559 0.0159375
v 0.02597385 -0.110361 0.0084375
v 0.02597385 -0.110361 0.0159375
v 0.025791165 -0.110538945 0.0084375
v 0.025791165 -0.110538945 0.0159375
v 0.025611 -0.110718375 0.0084375
v 0.025611 -0.110718375 0.0159375
v 0.025434165 -0.110898315 0.0084375
v 0.025434165 -0.110898315 0.0159375
v 0.025261425 -0.11107773 0.0084375
v 0.025261425 -0.11107773 0.0159375
v 0.025093575 -0.11125563 0.0084375
v 0.025093575 -0.11125563 0.0159375
v 0.02493114 -0.111431415 0.0084375
v 0.02493114 -0.111431415 0.0159375
v 0.02477232 -0.11160795 0.0084375
v 0.02477232 -0.11160795 0.0159375
v 0.024591105 -0.111815385 0.0084375
v 0.024591105 -0.111815385 0.0159375
v 0.02441433 -0.112023915 0.0084375
v 0.02441433 -0.112023915 0.0159375
v 0.0242421 -0.112233045 0.0084375
v 0.0242421 -0.112233045 0.0159375
v 0.02407446 -0.112442235 0.0084375
v 0.02407446 -0.112442235 0.0159375
v 0.0239115 -0.11265102 0.0084375
v 0.0239115 -0.11265102 0.0159375
v 0.023753295 -0.11285886 0.0084375
v 0.023753295 -0.11285886 0.0159375
v 0.023599935 -0.11306526 0.0084375
v 0.023599935 -0.11306526 0.0159375
v 0.02345148 -0.113269725 0.0084375
v 0.02345148 -0.113269725 0.0159375
v 0.02330802 -0.1134726 0.0084375
v 0.02330802 -0.1134726 0.0159375
v 0.023169495 -0.113674545 0.0084375
v 0.023169495 -0.113674545 0.0159375
v 0.02303583 -0.113875575 0.0084375
v 0.02303583 -0.113875575 0.0159375
v 0.02290692 -0.114075735 0.0084375
v 0.02290692 -0.114075735 0.0159375
v 0.02278266 -0.114275025 0.0084375
v 0.02278266 -0.114275025 0.0159375
v 0.02266296 -0.114473505 0.0084375
v 0.02266296 -0.114473505 0.0159375
v 0.022547715 -0.11467119 0.0084375
v 0.022547715 -0.11467119 0.0159375
v 0.022436835 -0.114868125 0.0084375
v 0.022436835 -0.114868125 0.0159375
v 0.02233023 -0.115064325 0.0084375
v 0.02233023 -0.115064325 0.0159375
v 0.02222775 -0.115258695 0.0084375
v 0.02222775 -0.115258695 0.0159375
v 0.022110225 -0.115487955 0.0084375
v 0.022110225 -0.115487955 0.0159375
v 0.02199891 -0.11571453 0.0084375
v 0.02199891 -0.11571453 0.0159375
v 0.02189403 -0.11594028 0.0084375
v 0.02189403 -0.11594028 0.0159375
v 0.021795885 -0.11616702 0.0084375
v 0.021795885 -0.11616702 0.0159375
v 0.0217047 -0.11639664 0.0084375
v 0.0217047 -0.11639664 0.0159375
v 0.021620775 -0.116630925 0.0084375
v 0.021620775 -0.116630925 0.0159375
v 0.021544335 -0.116871765 0.0084375
v 0.021544335 -0.116871765 0.0159375
v 0.021475785 -0.117117135 0.0084375
v 0.021475785 -0.117117135 0.0159375
v 0.02141499 -0.117365085 0.0084375
v 0.02141499 -0.117365085 0.0159375
v 0.021361485 -0.11761626 0.0084375
v 0.021361485 -0.11761626 0.0159375
v 0.02131482 -0.11787135 0.0084375
v 0.02131482 -0.11787135 0.0159375
v 0.021274575 -0.11813103 0.0084375
v 0.021274575 -0.11813103 0.0159375
v 0.021240285 -0.11839596 0.0084375
v 0.021240285 -0.11839596 0.0159375
v 0.021211515 -0.11866683 0.0084375
v 0.021211515 -0.11866683 0.0159375
v 0.02118804 -0.11894424 0.0084375
v 0.02118804 -0.11894424 0.0159375
v 0.021173715 -0.119180235 0.0084375
v 0.021173715 -0.119180235 0.0159375
v 0.021164115 -0.11942031 0.0084375
v 0.021164115 -0.11942031 0.0159375
v 0.02115885 -0.119664195 0.0084375
v 0.02115885 -0.119664195 0.0159375
v 0.02115756 -0.11991165 0.0084375
v 0.02115756 -0.11991165 0.0159375
v 0.021159855 -0.120162405 0.0084375
v 0.021159855 -0.120162405 0.0159375
v 0.02116533 -0.120416205 0.0084375
v 0.02116533 -0.120416205 0.0159375
v 0.021173625 -0.120672825 0.0084375
v 0.021173625 -0.120672825 0.0159375
v 0.02118435 -0.120931995 0.0084375
v 0.02118435 -0.120931995 0.0159375
v 0.021197265 -0.12119358 0.0084375
v 0.021197265 -0.12119358 0.0159375
v 0.021214155 -0.121458915 0.0084375
v 0.021214155 -0.121458915 0.0159375
v 0.02123514 -0.121728105 0.0084375
v 0.02123514 -0.121728105 0.0159375
v 0.02125956 -0.122000565 0.0084375
v 0.02125956 -0.122000565 0.0159375
v 0.02128275 -0.122236335 0.0084375
v 0.02128275 -0.122236335 0.0159375
v 0.021307575 -0.122473815 0.0084375
v 0.021307575 -0.122473815 0.0159375
v 0.02133363 -0.12271263 0.0084375
v 0.02133363 -0.12271263 0.0159375
v 0.02136051 -0.122952495 0.0084375
v 0.02136051 -0.122952495 0.0159375
v 0.02138781 -0.12319305 0.0084375
v 0.02138781 -0.12319305 0.0159375
v 0.021415095 -0.12343395 0.0084375
v 0.021415095 -0.12343395 0.0159375
v 0.021442005 -0.12367491 0.0084375
v 0.021442005 -0.12367491 0.0159375
v 0.021469935 -0.123918405 0.0084375
v 0.021469935 -0.123918405 0.0159375
v 0.02149953 -0.124165185 0.0084375
v 0.02149953 -0.124165185 0.0159375
v 0.0215304 -0.12441432 0.0084375
v 0.0215304 -0.12441432 0.0159375
v 0.021562155 -0.124664805 0.0084375
v 0.021562155 -0.124664805 0.0159375
v 0.021594375 -0.12491565 0.0084375
v 0.021594375 -0.12491565 0.0159375
v 0.021626685 -0.125165895 0.0084375
v 0.021626685 -0.125165895 0.0159375
v 0.02165865 -0.125414535 0.0084375
v 0.02165865 -0.125414535 0.0159375
v 0.021689895 -0.125660595 0.0084375
v 0.021689895 -0.125660595 0.0159375
v 0.021720015 -0.125903085 0.0084375
v 0.021720015 -0.125903085 0.0159375
v 0.02174862 -0.12614106 0.0084375
v 0.02174862 -0.12614106 0.0159375
v 0.021775395 -0.126373755 0.0084375
v 0.021775395 -0.126373755 0.0159375
v 0.02180106 -0.12660285 0.0084375
v 0.02180106 -0.12660285 0.0159375
v 0.02182584 -0.126828945 0.0084375
v 0.02182584 -0.126828945 0.0159375
v 0.021849825 -0.12705225 0.0084375
v 0.021849825 -0.12705225 0.0159375
v 0.02187687 -0.12730947 0.0084375
v 0.02187687 -0.12730947 0.0159375
v 0.02190303 -0.127563465 0.0084375
v 0.02190303 -0.127563465 0.0159375
v 0.02192841 -0.127814535 0.0084375
v 0.02192841 -0.127814535 0.0159375
v 0.021953115 -0.128062995 0.0084375
v 0.021953115 -0.128062995 0.0159375
v 0.021977265 -0.128309145 0.0084375
v 0.021977265 -0.128309145 0.0159375
v 0.022000965 -0.1285533 0.0084375
v 0.022000965 -0.1285533 0.0159375
v 0.02202363 -0.128794335 0.0084375
v 0.02202363 -0.128794335 0.0159375
v 0.022043955 -0.129029715 0.0084375
v 0.022043955 -0.129029715 0.0159375
v 0.02206263 -0.12926067 0.0084375
v 0.02206263 -0.12926067 0.0159375
v 0.02208042 -0.12948864 0.0084375
v 0.02208042 -0.12948864 0.0159375
v 0.022098105 -0.129715035 0.0084375
v 0.022098105 -0.129715035 0.0159375
v 0.022116435 -0.129941265 0.0084375
v 0.022116435 -0.129941265 0.0159375
v 0.02213616 -0.130168785 0.0084375
v 0.02213616 -0.130168785 0.0159375
v 0.022158075 -0.130399005 0.0084375
v 0.022158075 -0.130399005 0.0159375
v 0.022182915 -0.130633335 0.0084375
v 0.022182915 -0.130633335 0.0159375
v 0.022210935 -0.130872375 0.0084375
v 0.022210935 -0.130872375 0.0159375
v 0.022240245 -0.13111323 0.0084375
v 0.022240245 -0.13111323 0.0159375
v 0.02227086 -0.13135563 0.0084375
v 0.02227086 -0.13135563 0.0159375
v 0.022303035 -0.131599725 0.0084375
v 0.022303035 -0.131599725 0.0159375
v 0.022337025 -0.13184574 0.0084375
v 0.022337025 -0.13184574 0.0159375
v 0.022373115 -0.13209378 0.0084375
v 0.022373115 -0.13209378 0.0159375
v 0.022411575 -0.132344025 0.0084375
v 0.022411575 -0.132344025 0.0159375
v 0.02245266 -0.13259664 0.0084375
v 0.02245266 -0.13259664 0.0159375
v 0.022496655 -0.13285182 0.0084375
v 0.022496655 -0.13285182 0.0159375
v 0.02253687 -0.133072785 0.0084375
v 0.02253687 -0.133072785 0.0159375
v 0.02257938 -0.133297635 0.0084375
v 0.02257938 -0.133297635 0.0159375
v 0.02262402 -0.13352628 0.0084375
v 0.02262402 -0.13352628 0.0159375
v 0.022670685 -0.133757775 0.0084375
v 0.022670685 -0.133757775 0.0159375
v 0.022719225 -0.13399122 0.0084375
v 0.022719225 -0.13399122 0.0159375
v 0.02276952 -0.1342257 0.0084375
v 0.02276952 -0.1342257 0.0159375
v 0.022821435 -0.134460315 0.0084375
v 0.022821435 -0.134460315 0.0159375
v 0.02287485 -0.134694135 0.0084375
v 0.02287485 -0.134694135 0.0159375
v 0.02292963 -0.134926275 0.0084375
v 0.02292963 -0.134926275 0.0159375
v 0.022985655 -0.13515579 0.0084375
v 0.022985655 -0.13515579 0.0159375
v 0.023042775 -0.135381795 0.0084375
v 0.023042775 -0.135381795 0.0159375
v 0.023101065 -0.13560414 0.0084375
v 0.023101065 -0.13560414 0.0159375
v 0.023161245 -0.13582563 0.0084375
v 0.023161245 -0.13582563 0.0159375
v 0.023223225 -0.136046325 0.0084375
v 0.023223225 -0.136046325 0.0159375
v 0.023297535 -0.13630227 0.0084375
v 0.023297535 -0.13630227 0.0159375
v 0.023373675 -0.136555995 0.0084375
v 0.023373675 -0.136555995 0.0159375
v 0.023451315 -0.1368069 0.0084375
v 0.023451315 -0.1368069 0.0159375
v 0.023530155 -0.13705437 0.0084375
v 0.023530155 -0.13705437 0.0159375
v 0.023609835 -0.13729782 0.0084375
v 0.023609835 -0.13729782 0.0159375
v 0.02369004 -0.13753662 0.0084375
v 0.02369004 -0.13753662 0.0159375
v 0.023770455 -0.1377702 0.0084375
v 0.023770455 -0.1377702 0.0159375
v 0.023851485 -0.13799868 0.0084375
v 0.023851485 -0.13799868 0.0159375
v 0.02393364 -0.138222735 0.0084375
v 0.02393364 -0.138222735 0.0159375
v 0.0240168 -0.138442575 0.0084375
v 0.0240168 -0.138442575 0.0159375
v 0.02410083 -0.138658425 0.0084375
v 0.02410083 -0.138658425 0.0159375
v 0.02418564 -0.138870495 0.0084375
v 0.02418564 -0.138870495 0.0159375
v 0.024288255 -0.13912032 0.0084375
v 0.024288255 -0.13912032 0.0159375
v 0.024391605 -0.139365405 0.0084375
v 0.024391605 -0.139365405 0.0159375
v 0.024495465 -0.139606155 0.0084375
v 0.024495465 -0.139606155 0.0159375
v 0.02459976 -0.139842705 0.0084375
v 0.02459976 -0.139842705 0.0159375
v 0.024704985 -0.14007411 0.0084375
v 0.024704985 -0.14007411 0.0159375
v 0.02481108 -0.14030046 0.0084375
v 0.02481108 -0.14030046 0.0159375
v 0.02491794 -0.14052204 0.0084375
v 0.02491794 -0.14052204 0.0159375
v 0.0250254 -0.14073915 0.0084375
v 0.0250254 -0.14073915 0.0159375
v 0.02513334 -0.14095206 0.0084375
v 0.02513334 -0.14095206 0.0159375
v 0.025241625 -0.14116104 0.0084375
v 0.025241625 -0.14116104 0.0159375
v 0.02535012 -0.14136639 0.0084375
v 0.02535012 -0.14136639 0.0159375
v 0.025458945 -0.141567885 0.0084375
v 0.025458945 -0.141567885 0.0159375
v 0.02556834 -0.14176497 0.0084375
v 0.02556834 -0.14176497 0.0159375
v 0.025678215 -0.141957885 0.0084375
v 0.025678215 -0.141957885 0.0159375
v 0.025788465 -0.14214681 0.0084375
v 0.025788465 -0.14214681 0.0159375
v 0.025926615 -0.142377735 0.0084375
v 0.025926615 -0.142377735 0.0159375
v 0.026064975 -0.14260326 0.0084375
v 0.026064975 -0.14260326 0.0159375
v 0.02620329 -0.142823775 0.0084375
v 0.02620329 -0.142823775 0.0159375
v 0.02634159 -0.143039205 0.0084375
v 0.02634159 -0.143039205 0.0159375
v 0.026480055 -0.143249085 0.0084375
v 0.026480055 -0.143249085 0.0159375
v 0.0266187 -0.143453535 0.0084375
v 0.0266187 -0.143453535 0.0159375
v 0.026757585 -0.14365266 0.0084375
v 0.026757585 -0.14365266 0.0159375
v 0.026896725 -0.143846535 0.0084375
v 0.026896725 -0.143846535 0.0159375
v 0.027036165 -0.14403531 0.0084375
v 0.027036165 -0.14403531 0.0159375
v 0.027176085 -0.144218805 0.0084375
v 0.027176085 -0.144218805 0.0159375
v 0.02731653 -0.14439684 0.0084375
v 0.02731653 -0.14439684 0.0159375
v 0.027457305 -0.144569625 0.0084375
v 0.027457305 -0.144569625 0.0159375
v 0.02759814 -0.14473734 0.0084375
v 0.02759814 -0.14473734 0.0159375
v 0.02773884 -0.144900225 0.0084375
v 0.02773884 -0.144900225 0.0159375
v 0.02787915 -0.14505849 0.0084375
v 0.02787915 -0.14505849 0.0159375
v 0.02801904 -0.145212075 0.0084375
v 0.02801904 -0.145212075 0.0159375
v 0.02820546 -0.145408935 0.0084375
v 0.02820546 -0.145408935 0.0159375
v 0.028391505 -0.14559729 0.0084375
v 0.028391505 -0.14559729 0.0159375
v 0.028576875 -0.1457778 0.0084375
v 0.028576875 -0.1457778 0.0159375
v 0.02876124 -0.145951125 0.0084375
v 0.02876124 -0.145951125 0.0159375
v 0.028943925 -0.146118615 0.0084375
v 0.028943925 -0.146118615 0.0159375
v 0.029125125 -0.146279895 0.0084375
v 0.029125125 -0.146279895 0.0159375
v 0.02930595 -0.1464327 0.0084375
v 0.02930595 -0.1464327 0.0159375
v 0.0294876 -0.146574735 0.0084375
v 0.0294876 -0.146574735 0.0159375
v 0.029670855 -0.146704395 0.0084375
v 0.029670855 -0.146704395 0.0159375
v 0.02985345 -0.14682588 0.0084375
v 0.02985345 -0.14682588 0.0159375
v 0.0300366 -0.146937075 0.0084375
v 0.0300366 -0.146937075 0.0159375
v 0.030222615 -0.14703375 0.0084375
v 0.030222615 -0.14703375 0.0159375
v 0.030413805 -0.147111705 0.0084375
v 0.030413805 -0.147111705 0.0159375
v 0.03061116 -0.147167175 0.0084375
v 0.03061116 -0.147167175 0.0159375
v 0.030812865 -0.14720157 0.0084375
v 0.030812865 -0.14720157 0.0159375
v 0.03101913 -0.14721975 0.0084375
v 0.03101913 -0.14721975 0.0159375
v 0.031230225 -0.14722656 0.0084375
v 0.031230225 -0.14722656 0.0159375
v 0.03144645 -0.14722677 0.0084375
v 0.03144645 -0.14722677 0.0159375
v 0.03166785 -0.14721828 0.0084375
v 0.03166785 -0.14721828 0.0159375
v 0.031894215 -0.147199485 0.0084375
v 0.031894215 -0.147199485 0.0159375
v 0.032125395 -0.14717142 0.0084375
v 0.032125395 -0.14717142 0.0159375
v 0.032361225 -0.147135105 0.0084375
v 0.032361225 -0.147135105 0.0159375
v 0.032601585 -0.147091245 0.0084375
v 0.032601585 -0.147091245 0.0159375
v 0.032846565 -0.147039135 0.0084375
v 0.032846565 -0.147039135 0.0159375
v 0.033096225 -0.146978655 0.0084375
v 0.033096225 -0.146978655 0.0159375
v 0.03335055 -0.14690979 0.0084375
v 0.03335055 -0.14690979 0.0159375
v 0.033609525 -0.146832555 0.0084375
v 0.033609525 -0.146832555 0.0159375
v 0.03380874 -0.146757945 0.0084375
v 0.03380874 -0.146757945 0.0159375
v 0.03400587 -0.14668524 0.0084375
v 0.03400587 -0.14668524 0.0159375
v 0.034200945 -0.146614425 0.0084375
v 0.034200945 -0.146614425 0.0159375
v 0.034393935 -0.1465455 0.0084375
v 0.034393935 -0.1465455 0.0159375
v 0.034584855 -0.146478465 0.0084375
v 0.034584855 -0.146478465 0.0159375
v 0.034773705 -0.146413335 0.0084375
v 0.034773705 -0.146413335 0.0159375
v 0.03499758 -0.146337675 0.0084375
v 0.03499758 -0.146337675 0.0159375
v 0.03521847 -0.146264745 0.0084375
v 0.03521847 -0.146264745 0.0159375
v 0.035436285 -0.14619417 0.0084375
v 0.035436285 -0.14619417 0.0159375
v 0.035650545 -0.14612403 0.0084375
v 0.035650545 -0.14612403 0.0159375
v 0.03586149 -0.14605527 0.0084375
v 0.03586149 -0.14605527 0.0159375
v 0.036069435 -0.145989225 0.0084375
v 0.036069435 -0.145989225 0.0159375
v 0.03627474 -0.145927275 0.0084375
v 0.03627474 -0.145927275 0.0159375
v 0.03647775 -0.1458708 0.0084375
v 0.03647775 -0.1458708 0.0159375
v 0.03667878 -0.14582112 0.0084375
v 0.03667878 -0.14582112 0.0159375
v 0.036878175 -0.14577963 0.0084375
v 0.036878175 -0.14577963 0.0159375
v 0.037124325 -0.145737615 0.0084375
v 0.037124325 -0.145737615 0.0159375
v 0.037366455 -0.14570445 0.0084375
v 0.037366455 -0.14570445 0.0159375
v 0.03760524 -0.145680855 0.0084375
v 0.03760524 -0.145680855 0.0159375
v 0.03784137 -0.14566761 0.0084375
v 0.03784137 -0.14566761 0.0159375
v 0.03807552 -0.14566545 0.0084375
v 0.03807552 -0.14566545 0.0159375
v 0.038308365 -0.145675125 0.0084375
v 0.038308365 -0.145675125 0.0159375
v 0.03853971 -0.14569656 0.0084375
v 0.03853971 -0.14569656 0.0159375
v 0.038768925 -0.1457292 0.0084375
v 0.038768925 -0.1457292 0.0159375
v 0.03899619 -0.145772895 0.0084375
v 0.03899619 -0.145772895 0.0159375
v 0.03922158 -0.1458276 0.0084375
v 0.03922158 -0.1458276 0.0159375
v 0.03944526 -0.14589321 0.0084375
v 0.03944526 -0.14589321 0.0159375
v 0.039667365 -0.14596965 0.0084375
v 0.039667365 -0.14596965 0.0159375
v 0.03984492 -0.14603979 0.0084375
v 0.03984492 -0.14603979 0.0159375
v 0.040022805 -0.1461186 0.0084375
v 0.040022805 -0.1461186 0.0159375
v 0.040200075 -0.14620494 0.0084375
v 0.040200075 -0.14620494 0.0159375
v 0.040375755 -0.1462977 0.0084375
v 0.040375755 -0.1462977 0.0159375
v 0.04054893 -0.14639577 0.0084375
v 0.04054893 -0.14639577 0.0159375
v 0.04071861 -0.14649804 0.0084375
v 0.04071861 -0.14649804 0.0159375
v 0.040883865 -0.146603385 0.0084375
v 0.040883865 -0.146603385 0.0159375
v 0.041044125 -0.14671149 0.0084375
v 0.041044125 -0.14671149 0.0159375
v 0.041200995 -0.146826015 0.0084375
v 0.041200995 -0.146826015 0.0159375
v 0.041354595 -0.14694624 0.0084375
v 0.041354595 -0.14694624 0.0159375
v 0.04154169 -0.14710224 0.0084375
v 0.04154169 -0.14710224 0.0159375
v 0.041722935 -0.147261825 0.0084375
v 0.041722935 -0.147261825 0.0159375
v 0.04189791 -0.147422025 0.0084375
v 0.04189791 -0.147422025 0.0159375
v 0.04206621 -0.14757987 0.0084375
v 0.04206621 -0.14757987 0.0159375
v 0.04222713 -0.14773689 0.0084375
v 0.04222713 -0.14773689 0.0159375
v 0.042380895 -0.14789577 0.0084375
v 0.042380895 -0.14789577 0.0159375
v 0.042528375 -0.148055265 0.0084375
v 0.042528375 -0.148055265 0.0159375
v 0.042670515 -0.148214115 0.0084375
v 0.042670515 -0.148214115 0.0159375
v 0.042808185 -0.14837112 0.0084375
v 0.042808185 -0.14837112 0.0159375
v 0.04294233 -0.148525005 0.0084375
v 0.04294233 -0.148525005 0.0159375
v 0.043072065 -0.148676025 0.0084375
v 0.043072065 -0.148676025 0.0159375
v 0.04319652 -0.1488252 0.0084375
v 0.04319652 -0.1488252 0.0159375
v 0.04331652 -0.14897253 0.0084375
v 0.04331652 -0.14897253 0.0159375
v 0.043432905 -0.14911794 0.0084375
v 0.043432905 -0.14911794 0.0159375
v 0.0435465 -0.149261385 0.0084375
v 0.0435465 -0.149261385 0.0159375
v 0.04365813 -0.14940282 0.0084375
v 0.04365813 -0.14940282 0.0159375
v 0.043803015 -0.14958831 0.0084375
v 0.043803015 -0.14958831 0.0159375
v 0.0439425 -0.14977035 0.0084375
v 0.0439425 -0.14977035 0.0159375
v 0.04407747 -0.149948865 0.0084375
v 0.04407747 -0.149948865 0.0159375
v 0.044208825 -0.150123795 0.0084375
v 0.044208825 -0.150123795 0.0159375
v 0.044337225 -0.150295065 0.0084375
v 0.044337225 -0.150295065 0.0159375
v 0.04446177 -0.150462675 0.0084375
v 0.04446177 -0.150462675 0.0159375
v 0.0445827 -0.150626685 0.0084375
v 0.0445827 -0.150626685 0.0159375
v 0.044700555 -0.150787215 0.0084375
v 0.044700555 -0.150787215 0.0159375
v 0.044815845 -0.1509444 0.0084375
v 0.044815845 -0.1509444 0.0159375
v 0.04492839 -0.15109809 0.0084375
v 0.04492839 -0.15109809 0.0159375
v 0.045037905 -0.15124827 0.0084375
v 0.045037905 -0.15124827 0.0159375
v 0.045144795 -0.15139512 0.0084375
v 0.045144795 -0.15139512 0.0159375
v 0.045249435 -0.15153888 0.0084375
v 0.045249435 -0.15153888 0.0159375
v 0.04535208 -0.151679685 0.0084375
v 0.04535208 -0.151679685 0.0159375
v 0.045452295 -0.15181731 0.0084375
v 0.045452295 -0.15181731 0.0159375
v 0.04555026 -0.151951815 0.0084375
v 0.04555026 -0.151951815 0.0159375
v 0.045646275 -0.152083395 0.0084375
v 0.045646275 -0.152083395 0.0159375
v 0.045740625 -0.152212245 0.0084375
v 0.045740625 -0.152212245 0.0159375
v 0.04587882 -0.15240015 0.0084375
v 0.04587882 -0.15240015 0.0159375
v 0.04601295 -0.152581695 0.0084375
v 0.04601295 -0.152581695 0.0159375
v 0.046143645 -0.15275742 0.0084375
v 0.046143645 -0.15275742 0.0159375
v 0.04627095 -0.152927355 0.0084375
v 0.04627095 -0.152927355 0.0159375
v 0.046394805 -0.153091485 0.0084375
v 0.046394805 -0.153091485 0.0159375
v 0.04651572 -0.15325038 0.0084375
v 0.04651572 -0.15325038 0.0159375
v 0.04663371 -0.1534041 0.0084375
v 0.04663371 -0.1534041 0.0159375
v 0.04674876 -0.153552585 0.0084375
v 0.04674876 -0.153552585 0.0159375
v 0.046861185 -0.153696285 0.0084375
v 0.046861185 -0.153696285 0.0159375
v 0.046971 -0.153835185 0.0084375
v 0.046971 -0.153835185 0.0159375
v 0.047078205 -0.153969285 0.0084375
v 0.047078205 -0.153969285 0.0159375
v 0.047183085 -0.154098975 0.0084375
v 0.047183085 -0.154098975 0.0159375
v 0.04728567 -0.154224285 0.0084375
v 0.04728567 -0.154224285 0.0159375
v 0.04738593 -0.1543452 0.0084375
v 0.04738593 -0.1543452 0.0159375
v 0.047484225 -0.154462065 0.0084375
v 0.047484225 -0.154462065 0.0159375
v 0.04758057 -0.15457491 0.0084375
v 0.04758057 -0.15457491 0.0159375
v 0.04767495 -0.154683705 0.0084375
v 0.04767495 -0.154683705 0.0159375
v 0.04776756 -0.154788825 0.0084375
v 0.04776756 -0.154788825 0.0159375
v 0.0478584 -0.15489021 0.0084375
v 0.0478584 -0.15489021 0.0159375
v 0.047947485 -0.15498789 0.0084375
v 0.047947485 -0.15498789 0.0159375
v 0.04812084 -0.15517326 0.0084375
v 0.04812084 -0.15517326 0.0159375
v 0.048287955 -0.155345655 0.0084375
v 0.048287955 -0.155345655 0.0159375
v 0.04844931 -0.155506185 0.0084375
v 0.04844931 -0.155506185 0.0159375
v 0.048605835 -0.15565542 0.0084375
v 0.048605835 -0.15565542 0.0159375
v 0.048757935 -0.155793705 0.0084375
v 0.048757935 -0.155793705 0.0159375
v 0.04890606 -0.15592125 0.0084375
v 0.04890606 -0.15592125 0.0159375
v 0.049050075 -0.15603831 0.0084375
v 0.049050075 -0.15603831 0.0159375
v 0.04918995 -0.15614517 0.0084375
v 0.04918995 -0.15614517 0.0159375
v 0.04932573 -0.156242625 0.0084375
v 0.04932573 -0.156242625 0.0159375
v 0.049457445 -0.15632991 0.0084375
v 0.049457445 -0.15632991 0.0159375
v 0.049585185 -0.156406575 0.0084375
v 0.049585185 -0.156406575 0.0159375
v 0.049709385 -0.156471525 0.0084375
v 0.049709385 -0.156471525 0.0159375
v 0.049829835 -0.156524565 0.0084375
v 0.049829835 -0.156524565 0.0159375
v 0.04994646 -0.156565635 0.0084375
v 0.04994646 -0.156565635 0.0159375
v 0.043945245 -0.09825927 0.0159375
v 0.043945245 -0.09825927 0.0084375
v 0.043779465 -0.098197515 0.0084375
v 0.04411632 -0.098344725 0.0159375
v 0.043779465 -0.098197515 0.0159375
v 0.04411632 -0.098344725 0.0084375
v 0.04429308 -0.09845157 0.0159375
v 0.04429308 -0.09845157 0.0084375
v 0.044476065 -0.09857715 0.0159375
v 0.044476065 -0.09857715 0.0084375
v 0.04466562 -0.09871977 0.0159375
v 0.04466562 -0.09871977 0.0084375
v 0.04486146 -0.09888006 0.0159375
v 0.04486146 -0.09888006 0.0084375
v 0.04506369 -0.099058575 0.0159375
v 0.04506369 -0.099058575 0.0084375
v 0.04527273 -0.099255075 0.0159375
v 0.04527273 -0.099255075 0.0084375
v 0.0453801 -0.099360225 0.0159375
v 0.0453801 -0.099360225 0.0084375
v 0.045489645 -0.099469995 0.0159375
v 0.045489645 -0.099469995 0.0084375
v 0.045601365 -0.09958458 0.0159375
v 0.045601365 -0.09958458 0.0084375
v 0.045715575 -0.09970452 0.0159375
v 0.045715575 -0.09970452 0.0084375
v 0.045832185 -0.09982965 0.0159375
v 0.045832185 -0.09982965 0.0084375
v 0.04595151 -0.09996051 0.0159375
v 0.04595151 -0.09996051 0.0084375
v 0.04607355 -0.10009716 0.0159375
v 0.04607355 -0.10009716 0.0084375
v 0.046198485 -0.10023978 0.0159375
v 0.046198485 -0.10023978 0.0084375
v 0.04632663 -0.1003887 0.0159375
v 0.04632663 -0.1003887 0.0084375
v 0.046457895 -0.100543815 0.0159375
v 0.046457895 -0.100543815 0.0084375
v 0.046592835 -0.100705665 0.0159375
v 0.046592835 -0.100705665 0.0084375
v 0.046731435 -0.10087416 0.0159375
v 0.046731435 -0.10087416 0.0084375
v 0.04687398 -0.10104966 0.0159375
v 0.04687398 -0.10104966 0.0084375
v 0.0470208 -0.101232555 0.0159375
v 0.0470208 -0.101232555 0.0084375
v 0.047171835 -0.10142277 0.0159375
v 0.047171835 -0.10142277 0.0084375
v 0.0473277 -0.101620905 0.0159375
v 0.0473277 -0.101620905 0.0084375
v 0.047488215 -0.101826795 0.0159375
v 0.047488215 -0.101826795 0.0084375
v 0.047654025 -0.10204104 0.0159375
v 0.047654025 -0.10204104 0.0084375
v 0.047767695 -0.10218873 0.0159375
v 0.047767695 -0.10218873 0.0084375
v 0.04788369 -0.102340155 0.0159375
v 0.04788369 -0.102340155 0.0084375
v 0.048002445 -0.10249557 0.0159375
v 0.048002445 -0.10249557 0.0084375
v 0.04812432 -0.10265526 0.0159375
v 0.04812432 -0.10265526 0.0084375
v 0.048249015 -0.102819045 0.0159375
v 0.048249015 -0.102819045 0.0084375
v 0.048376665 -0.10298697 0.0159375
v 0.048376665 -0.10298697 0.0084375
v 0.048507825 -0.103159305 0.0159375
v 0.048507825 -0.103159305 0.0084375
v 0.04864278 -0.1033362 0.0159375
v 0.04864278 -0.1033362 0.0084375
v 0.04878105 -0.10351743 0.0159375
v 0.04878105 -0.10351743 0.0084375
v 0.048923175 -0.10370322 0.0159375
v 0.048923175 -0.10370322 0.0084375
v 0.049069815 -0.103893855 0.0159375
v 0.049069815 -0.103893855 0.0084375
v 0.04922082 -0.104089395 0.0159375
v 0.04922082 -0.104089395 0.0084375
v 0.049375935 -0.104289705 0.0159375
v 0.049375935 -0.104289705 0.0084375
v 0.04953624 -0.10449492 0.0159375
v 0.04953624 -0.10449492 0.0084375
v 0.04970268 -0.104705115 0.0159375
v 0.04970268 -0.104705115 0.0084375
v 0.0498309 -0.10486608 0.0159375
v 0.0498309 -0.10486608 0.0084375
v 0.049962165 -0.105029805 0.0159375
v 0.049962165 -0.105029805 0.0084375
v 0.05009712 -0.10519632 0.0159375
v 0.05009712 -0.10519632 0.0084375
v 0.050236425 -0.10536555 0.0159375
v 0.050236425 -0.10536555 0.0084375
v 0.05038044 -0.10553754 0.0159375
v 0.05038044 -0.10553754 0.0084375
v 0.05052792 -0.105712545 0.0159375
v 0.05052792 -0.105712545 0.0084375
v 0.05067954 -0.10589034 0.0159375
v 0.05067954 -0.10589034 0.0084375
v 0.05083632 -0.106070595 0.0159375
v 0.05083632 -0.106070595 0.0084375
v 0.05099931 -0.106253025 0.0159375
v 0.05099931 -0.106253025 0.0084375
v 0.051168705 -0.106437705 0.0159375
v 0.051168705 -0.106437705 0.0084375
v 0.0513426 -0.106625505 0.0159375
v 0.0513426 -0.106625505 0.0084375
v 0.051522435 -0.10681557 0.0159375
v 0.051522435 -0.10681557 0.0084375
v 0.05167176 -0.10696854 0.0159375
v 0.05167176 -0.10696854 0.0084375
v 0.051826935 -0.107121735 0.0159375
v 0.051826935 -0.107121735 0.0084375
v 0.0519888 -0.10727469 0.0159375
v 0.0519888 -0.10727469 0.0084375
v 0.052155345 -0.107429325 0.0159375
v 0.052155345 -0.107429325 0.0084375
v 0.052326315 -0.107585655 0.0159375
v 0.0523263 -0.10758564 0.0084375
v 0.05250315 -0.107742075 0.0159375
v 0.05250315 -0.107742075 0.0084375
v 0.052687305 -0.107897055 0.0159375
v 0.05268729 -0.107897055 0.0084375
v 0.05288019 -0.108049035 0.0159375
v 0.05288019 -0.108049035 0.0084375
v 0.05308326 -0.10819647 0.0159375
v 0.05308326 -0.10819647 0.0084375
v 0.05329593 -0.10833996 0.0159375
v 0.053295945 -0.10833996 0.0084375
v 0.053479725 -0.10845738 0.0159375
v 0.05347974 -0.108457395 0.0084375
v 0.05366946 -0.108572835 0.0159375
v 0.05366949 -0.10857285 0.0084375
v 0.05386515 -0.108686325 0.0159375
v 0.053865195 -0.108686355 0.0084375
v 0.05406681 -0.108797865 0.0159375
v 0.05406687 -0.108797895 0.0084375
v 0.05427441 -0.10890744 0.0159375
v 0.0542745 -0.10890747 0.0084375
v 0.05448798 -0.109015065 0.0159375
v 0.054488085 -0.109015095 0.0084375
v 0.05465088 -0.10908222 0.0084375
v 0.05465082 -0.109082205 0.0159375
v 0.0548112 -0.109145715 0.0084375
v 0.05481117 -0.109145715 0.0159375
v 0.05496903 -0.109205595 0.0084375
v 0.05496903 -0.109205595 0.0159375
v 0.055124385 -0.109261845 0.0084375
v 0.0551244 -0.10926186 0.0159375
v 0.055277235 -0.109314405 0.0084375
v 0.055277265 -0.10931442 0.0159375
v 0.05542755 -0.109362945 0.0084375
v 0.055427595 -0.10936296 0.0159375
v 0.055575375 -0.109407855 0.0084375
v 0.055575435 -0.10940787 0.0159375
v 0.0557208 -0.109449585 0.0084375
v 0.055720845 -0.1094496 0.0159375
v 0.055884105 -0.10949406 0.0084375
v 0.055884165 -0.109494075 0.0159375
v 0.056044305 -0.10953471 0.0084375
v 0.056044365 -0.109534725 0.0159375
v 0.05620137 -0.10957143 0.0084375
v 0.05620143 -0.109571445 0.0159375
v 0.05635539 -0.10960485 0.0084375
v 0.056355465 -0.109604865 0.0159375
v 0.056506455 -0.109635555 0.0084375
v 0.05650653 -0.10963557 0.0159375
v 0.056654505 -0.109663245 0.0084375
v 0.056654595 -0.10966326 0.0159375
v 0.05679954 -0.109687875 0.0084375
v 0.056799645 -0.109687905 0.0159375
v 0.056965065 -0.10971339 0.0084375
v 0.056965155 -0.109713405 0.0159375
v 0.05712666 -0.109735965 0.0084375
v 0.057126765 -0.10973598 0.0159375
v 0.05728425 -0.109755075 0.0084375
v 0.057284355 -0.10975509 0.0159375
v 0.057437955 -0.10977123 0.0084375
v 0.05743806 -0.109771245 0.0159375
v 0.057588 -0.10978524 0.0084375
v 0.057588105 -0.109785255 0.0159375
v 0.05773431 -0.109797045 0.0084375
v 0.057734415 -0.109797045 0.0159375
v 0.05790498 -0.109808175 0.0084375
v 0.0579051 -0.109808175 0.0159375
v 0.058070775 -0.10981686 0.0084375
v 0.058070895 -0.109816875 0.0159375
v 0.05823168 -0.10982319 0.0084375
v 0.0582318 -0.10982319 0.0159375
v 0.05838774 -0.109827165 0.0084375
v 0.058387875 -0.109827165 0.0159375
v 0.05853936 -0.109829445 0.0084375
v 0.058539495 -0.109829445 0.0159375
v 0.05872251 -0.109829685 0.0084375
v 0.058722645 -0.109829685 0.0159375
v 0.058899 -0.10982775 0.0084375
v 0.058899135 -0.10982775 0.0159375
v 0.05906916 -0.109824195 0.0084375
v 0.059069295 -0.10982418 0.0159375
v 0.059233095 -0.109819125 0.0084375
v 0.05923323 -0.10981911 0.0159375
v 0.05939136 -0.10981338 0.0084375
v 0.059391495 -0.10981338 0.0159375
v 0.059543865 -0.109806855 0.0084375
v 0.059544015 -0.10980684 0.0159375
v 0.05969127 -0.109799955 0.0084375
v 0.05969142 -0.10979994 0.0159375
v 0.0598335 -0.109792635 0.0084375
v 0.05983365 -0.10979262 0.0159375
v 0.060015735 -0.109782855 0.0084375
v 0.060015885 -0.109782855 0.0159375
v 0.060189645 -0.10977321 0.0084375
v 0.060189795 -0.109773195 0.0159375
v 0.0603558 -0.109764345 0.0084375
v 0.06035595 -0.10976433 0.0159375
v 0.06051441 -0.10975641 0.0084375
v 0.06051456 -0.10975641 0.0159375
v 0.060665955 -0.1097499 0.0084375
v 0.060666105 -0.109749885 0.0159375
v 0.060810765 -0.1097448 0.0084375
v 0.060810915 -0.109744785 0.0159375
v 0.06094905 -0.10974117 0.0084375
v 0.0609492 -0.10974117 0.0159375
v 0.061081275 -0.109739115 0.0084375
v 0.061081425 -0.109739115 0.0159375
v 0.06120759 -0.10973874 0.0084375
v 0.06120774 -0.10973874 0.0159375
v 0.06138684 -0.10974222 0.0084375
v 0.06138699 -0.10974222 0.0159375
v 0.06155457 -0.109750935 0.0084375
v 0.06155472 -0.10975095 0.0159375
v 0.06171117 -0.10976493 0.0084375
v 0.061711305 -0.109764945 0.0159375
v 0.061856775 -0.109783905 0.0084375
v 0.061856925 -0.109783935 0.0159375
v 0.06199152 -0.109808265 0.0084375
v 0.061991655 -0.109808295 0.0159375
v 0.062114865 -0.10983933 0.0084375
v 0.062115 -0.109839375 0.0159375
v 0.062225475 -0.10987851 0.0084375
v 0.06222558 -0.109878555 0.0159375
v 0.062322345 -0.109925985 0.0084375
v 0.06232233 -0.109926 0.0159375
v 0.062514585 -0.11008878 0.0159375
v 0.062514705 -0.110088885 0.0084375
v 0.062712135 -0.11027199 0.0159375
v 0.062712285 -0.110272125 0.0084375
v 0.06281382 -0.110371065 0.0159375
v 0.062813955 -0.1103712 0.0084375
v 0.06291765 -0.110475075 0.0159375
v 0.062917785 -0.11047521 0.0084375
v 0.06302415 -0.110583915 0.0159375
v 0.0630243 -0.11058405 0.0084375
v 0.063133815 -0.11069724 0.0159375
v 0.06313395 -0.11069739 0.0084375
v 0.063246315 -0.11081562 0.0159375
v 0.06324645 -0.110815785 0.0084375
v 0.063361425 -0.11093991 0.0159375
v 0.063361575 -0.110940075 0.0084375
v 0.06347922 -0.111069915 0.0159375
v 0.06347937 -0.11107008 0.0084375
v 0.06359964 -0.111206355 0.0159375
v 0.06359979 -0.111206535 0.0084375
v 0.0637227 -0.111349095 0.0159375
v 0.063722865 -0.111349275 0.0084375
v 0.063848325 -0.111498825 0.0159375
v 0.06384849 -0.111499005 0.0084375
v 0.063976425 -0.111655785 0.0159375
v 0.063976575 -0.11165598 0.0084375
v 0.06410706 -0.11182017 0.0159375
v 0.064107225 -0.11182038 0.0084375
v 0.064240425 -0.11199249 0.0159375
v 0.064240575 -0.1119927 0.0084375
v 0.064376445 -0.11217267 0.0159375
v 0.064376595 -0.112172895 0.0084375
v 0.064514595 -0.112362 0.0159375
v 0.06451476 -0.11236224 0.0084375
v 0.06465486 -0.112560375 0.0159375
v 0.064655025 -0.112560615 0.0084375
v 0.06474957 -0.112697955 0.0159375
v 0.06474972 -0.11269821 0.0084375
v 0.064845255 -0.11284011 0.0159375
v 0.06484542 -0.112840365 0.0084375
v 0.064942005 -0.112986495 0.0159375
v 0.06494217 -0.11298675 0.0084375
v 0.065039655 -0.1131375 0.0159375
v 0.065039835 -0.11313777 0.0084375
v 0.065138025 -0.113293665 0.0159375
v 0.06513819 -0.113293935 0.0084375
v 0.06523713 -0.113454885 0.0159375
v 0.065237295 -0.11345517 0.0084375
v 0.065337 -0.113621085 0.0159375
v 0.065337165 -0.11362137 0.0084375
v 0.06543753 -0.11379279 0.0159375
v 0.06543771 -0.113793075 0.0084375
v 0.065538675 -0.113970345 0.0159375
v 0.06553884 -0.113970645 0.0084375
v 0.065640555 -0.11415333 0.0159375
v 0.06564072 -0.11415363 0.0084375
v 0.06574299 -0.114342195 0.0159375
v 0.065743155 -0.11434251 0.0084375
v 0.06584577 -0.114537585 0.0159375
v 0.065845935 -0.1145379 0.0084375
v 0.065948985 -0.114739365 0.0159375
v 0.06594915 -0.114739695 0.0084375
v 0.06605262 -0.114947445 0.0159375
v 0.066052785 -0.114947775 0.0084375
v 0.06615639 -0.115162485 0.0159375
v 0.066156555 -0.11516283 0.0084375
v 0.066260055 -0.11538495 0.0159375
v 0.06626022 -0.11538531 0.0084375
v 0.0663639 -0.115614315 0.0159375
v 0.066364065 -0.11561469 0.0084375
v 0.066467625 -0.11585112 0.0159375
v 0.06646779 -0.115851495 0.0084375
v 0.066545085 -0.116034015 0.0159375
v 0.06654525 -0.116034405 0.0084375
v 0.066622185 -0.11622159 0.0159375
v 0.06662235 -0.11622198 0.0084375
v 0.06669909 -0.11641341 0.0159375
v 0.066699255 -0.116413815 0.0084375
v 0.066775725 -0.11660979 0.0159375
v 0.066775875 -0.11661021 0.0084375
v 0.066852 -0.116811075 0.0159375
v 0.06685215 -0.116811495 0.0084375
v 0.06692781 -0.117017595 0.0159375
v 0.066927975 -0.11701803 0.0084375
v 0.06700338 -0.117229095 0.0159375
v 0.06700353 -0.11722953 0.0084375
v 0.067078725 -0.11744538 0.0159375
v 0.067078875 -0.117445815 0.0084375
v 0.067153515 -0.11766693 0.0159375
v 0.067153665 -0.11766738 0.0084375
v 0.067227435 -0.11789424 0.0159375
v 0.067227585 -0.11789469 0.0084375
v 0.0673002 -0.1181277 0.0159375
v 0.067300335 -0.118128165 0.0084375
v 0.06737211 -0.118366695 0.0159375
v 0.067372245 -0.118367175 0.0084375
v 0.06742902 -0.11856195 0.0159375
v 0.067429155 -0.118562445 0.0084375
v 0.067485285 -0.118761135 0.0159375
v 0.06748542 -0.11876163 0.0084375
v 0.06754077 -0.118964475 0.0159375
v 0.067540905 -0.118964985 0.0084375
v 0.0675954 -0.11917227 0.0159375
v 0.067595535 -0.11917278 0.0084375
v 0.067649235 -0.11938437 0.0159375
v 0.06764937 -0.119384895 0.0084375
v 0.067702485 -0.11960034 0.0159375
v 0.067702605 -0.11960088 0.0084375
v 0.067754955 -0.11982051 0.0159375
v 0.067755075 -0.11982105 0.0084375
v 0.067806495 -0.120045225 0.0159375
v 0.067806615 -0.120045765 0.0084375
v 0.06785691 -0.120274785 0.0159375
v 0.06785703 -0.12027534 0.0084375
v 0.06790602 -0.120509595 0.0159375
v 0.06790614 -0.12051015 0.0084375
v 0.067954005 -0.120749205 0.0159375
v 0.067954125 -0.12074979 0.0084375
v 0.06800103 -0.120993315 0.0159375
v 0.06800115 -0.1209939 0.0084375
v 0.068046915 -0.12124236 0.0159375
v 0.06804702 -0.12124296 0.0084375
v 0.068091495 -0.121496745 0.0159375
v 0.068091585 -0.121497345 0.0084375
v 0.068134575 -0.12175689 0.0159375
v 0.068134665 -0.121757505 0.0084375
v 0.068169195 -0.121978395 0.0159375
v 0.0681693 -0.12197901 0.0084375
v 0.068202855 -0.122203785 0.0159375
v 0.06820296 -0.122204415 0.0084375
v 0.068235675 -0.1224327 0.0159375
v 0.068235765 -0.122433345 0.0084375
v 0.06826752 -0.122665485 0.0159375
v 0.06826761 -0.122666145 0.0084375
v 0.06829824 -0.12290247 0.0159375
v 0.06829833 -0.12290313 0.0084375
v 0.06832773 -0.123143985 0.0159375
v 0.068327805 -0.123144645 0.0084375
v 0.068351895 -0.123354855 0.0159375
v 0.06835197 -0.123355515 0.0084375
v 0.06837495 -0.123569505 0.0159375
v 0.06837501 -0.12357018 0.0084375
v 0.068396775 -0.12378798 0.0159375
v 0.06839685 -0.123788685 0.0084375
v 0.06841734 -0.12400992 0.0159375
v 0.068417415 -0.12401064 0.0084375
v 0.068436765 -0.124235325 0.0159375
v 0.068436825 -0.124236045 0.0084375
v 0.0684552 -0.124464225 0.0159375
v 0.068455245 -0.12446496 0.0084375
v 0.068472765 -0.124696635 0.0159375
v 0.068472825 -0.124697385 0.0084375
v 0.068489625 -0.124932615 0.0159375
v 0.06848967 -0.124933365 0.0084375
v 0.068505915 -0.12517218 0.0159375
v 0.06850596 -0.12517293 0.0084375
v 0.06852177 -0.12541536 0.0159375
v 0.068521815 -0.125416125 0.0084375
v 0.06853695 -0.125662815 0.0159375
v 0.068536995 -0.12566358 0.0084375
v 0.068549595 -0.12591744 0.0159375
v 0.068549625 -0.125918205 0.0084375
v 0.06856032 -0.12617802 0.0159375
v 0.068560365 -0.1261788 0.0084375
v 0.068570205 -0.12644262 0.0159375
v 0.06857025 -0.1264434 0.0084375
v 0.06857901 -0.126675915 0.0159375
v 0.06857907 -0.12667668 0.0084375
v 0.0685887 -0.12690948 0.0159375
v 0.06858876 -0.126910275 0.0084375
v 0.068599995 -0.12714207 0.0159375
v 0.068600055 -0.12714285 0.0084375
v 0.068613615 -0.12737235 0.0159375
v 0.06861366 -0.12737313 0.0084375
v 0.06863025 -0.127599045 0.0159375
v 0.06863031 -0.12759981 0.0084375
v 0.068650245 -0.12782205 0.0159375
v 0.068650305 -0.12782283 0.0084375
v 0.06867258 -0.128044455 0.0159375
v 0.068672655 -0.128045205 0.0084375
v 0.068697 -0.12826614 0.0159375
v 0.068697075 -0.12826689 0.0084375
v 0.06872715 -0.128518095 0.0159375
v 0.06872724 -0.128518845 0.0084375
v 0.068759415 -0.12876801 0.0159375
v 0.068759505 -0.12876873 0.0084375
v 0.068793465 -0.1290153 0.0159375
v 0.06879357 -0.12901602 0.0084375
v 0.068829015 -0.12925935 0.0159375
v 0.068829105 -0.129260055 0.0084375
v 0.068865705 -0.129499605 0.0159375
v 0.068865825 -0.129500295 0.0084375
v 0.068903295 -0.129735465 0.0159375
v 0.068903415 -0.12973614 0.0084375
v 0.06894291 -0.12996702 0.0159375
v 0.06894303 -0.129967695 0.0084375
v 0.068984835 -0.13019475 0.0159375
v 0.068984955 -0.13019541 0.0084375
v 0.069028515 -0.130419015 0.0159375
v 0.069028635 -0.130419675 0.0084375
v 0.069073395 -0.130640145 0.0159375
v 0.069073515 -0.130640775 0.0084375
v 0.069118905 -0.13085847 0.0159375
v 0.06911904 -0.1308591 0.0084375
v 0.069164505 -0.13107435 0.0159375
v 0.069164625 -0.131074965 0.0084375
v 0.06920961 -0.131288115 0.0159375
v 0.069209745 -0.13128873 0.0084375
v 0.06925368 -0.13150011 0.0159375
v 0.069253815 -0.13150071 0.0084375
v 0.06930507 -0.13174467 0.0159375
v 0.069305205 -0.131745255 0.0084375
v 0.069357465 -0.131985675 0.0159375
v 0.069357585 -0.131986245 0.0084375
v 0.06941004 -0.132223365 0.0159375
v 0.06941016 -0.132223935 0.0084375
v 0.06946194 -0.13245804 0.0159375
v 0.069462075 -0.132458595 0.0084375
v 0.069512355 -0.13268994 0.0159375
v 0.06951246 -0.13269048 0.0084375
v 0.0695604 -0.13291932 0.0159375
v 0.06956052 -0.132919875 0.0084375
v 0.069605265 -0.13314648 0.0159375
v 0.06960537 -0.13314702 0.0084375
v 0.069647865 -0.13337142 0.0159375
v 0.06964797 -0.133371945 0.0084375
v 0.06968925 -0.1335939 0.0159375
v 0.06968934 -0.13359441 0.0084375
v 0.069728775 -0.133813815 0.0159375
v 0.06972888 -0.133814325 0.0084375
v 0.06976581 -0.134031075 0.0159375
v 0.0697659 -0.13403157 0.0084375
v 0.06979971 -0.134245575 0.0159375
v 0.069799785 -0.13424607 0.0084375
v 0.069835335 -0.13449918 0.0159375
v 0.069835395 -0.13449966 0.0084375
v 0.069864585 -0.134748525 0.0159375
v 0.06986463 -0.13474902 0.0084375
v 0.069888915 -0.13499412 0.0159375
v 0.06988896 -0.134994585 0.0084375
v 0.069908475 -0.13523583 0.0159375
v 0.069908505 -0.13523628 0.0084375
v 0.069922665 -0.135473325 0.0159375
v 0.06992268 -0.135473775 0.0084375
v 0.069930885 -0.13570632 0.0159375
v 0.0699309 -0.13570674 0.0084375
v 0.069932565 -0.135934425 0.0159375
v 0.069932565 -0.13593486 0.0084375
v 0.06992733 -0.13615749 0.0159375
v 0.069927315 -0.136157895 0.0084375
v 0.069916035 -0.13637592 0.0159375
v 0.069916005 -0.136376325 0.0084375
v 0.069898575 -0.1365897 0.0159375
v 0.06989853 -0.136590105 0.0084375
v 0.069867645 -0.136850175 0.0159375
v 0.0698676 -0.136850565 0.0084375
v 0.069826065 -0.137102895 0.0159375
v 0.069826005 -0.13710327 0.0084375
v 0.069773235 -0.1373472 0.0159375
v 0.06977316 -0.137347545 0.0084375
v 0.069708645 -0.13757949 0.0159375
v 0.069708555 -0.13757982 0.0084375
v 0.06963312 -0.13780287 0.0159375
v 0.069633 -0.1378032 0.0084375
v 0.069547695 -0.138022335 0.0159375
v 0.06954756 -0.13802265 0.0084375
v 0.069453435 -0.13824288 0.0159375
v 0.069453285 -0.138243195 0.0084375
v 0.06935085 -0.138467025 0.0159375
v 0.069350685 -0.138467325 0.0084375
v 0.06926205 -0.138645585 0.0159375
v 0.069261885 -0.1386459 0.0084375
v 0.069167445 -0.138824025 0.0159375
v 0.069167265 -0.13882434 0.0084375
v 0.0690672 -0.13900323 0.0159375
v 0.06906702 -0.139003545 0.0084375
v 0.06896157 -0.13918407 0.0159375
v 0.068961375 -0.139184385 0.0084375
v 0.06885075 -0.13936743 0.0159375
v 0.068850555 -0.139367745 0.0084375
v 0.068734905 -0.139553295 0.0159375
v 0.06873471 -0.13955361 0.0084375
v 0.068613945 -0.139740945 0.0159375
v 0.068613735 -0.13974126 0.0084375
v 0.068487555 -0.13993029 0.0159375
v 0.068487345 -0.139930605 0.0084375
v 0.06835551 -0.14012118 0.0159375
v 0.068355285 -0.14012151 0.0084375
v 0.06821751 -0.140313495 0.0159375
v 0.068217285 -0.14031381 0.0084375
v 0.068073345 -0.140507115 0.0159375
v 0.068073105 -0.14050743 0.0084375
v 0.06792369 -0.14070216 0.0159375
v 0.06792345 -0.14070249 0.0084375
v 0.067768605 -0.140898735 0.0159375
v 0.06776835 -0.14089905 0.0084375
v 0.06760746 -0.14109669 0.0159375
v 0.067607205 -0.14109702 0.0084375
v 0.0674397 -0.14129601 0.0159375
v 0.06743943 -0.14129634 0.0084375
v 0.06729441 -0.14146308 0.0159375
v 0.067294125 -0.141463395 0.0084375
v 0.067143765 -0.14163096 0.0159375
v 0.067143465 -0.141631275 0.0084375
v 0.066988215 -0.141799755 0.0159375
v 0.06698793 -0.14180007 0.0084375
v 0.06682827 -0.14196948 0.0159375
v 0.066827955 -0.14196981 0.0084375
v 0.066663525 -0.142140135 0.0159375
v 0.06666321 -0.14214045 0.0084375
v 0.06649365 -0.14231163 0.0159375
v 0.06649332 -0.14231196 0.0084375
v 0.06634368 -0.142459275 0.0159375
v 0.06634335 -0.142459605 0.0084375
v 0.066189435 -0.142607475 0.0159375
v 0.06618909 -0.142607805 0.0084375
v 0.066030705 -0.142756185 0.0159375
v 0.06603036 -0.142756515 0.0084375
v 0.065866995 -0.14290569 0.0159375
v 0.06586665 -0.14290602 0.0084375
v 0.06569709 -0.143057385 0.0159375
v 0.06569673 -0.1430577 0.0084375
v 0.06552168 -0.143210685 0.0159375
v 0.06552132 -0.143211 0.0084375
v 0.06534183 -0.143364765 0.0159375
v 0.06534147 -0.14336508 0.0084375
v 0.065158575 -0.14351871 0.0159375
v 0.065158215 -0.143519025 0.0084375
v 0.06497295 -0.14367168 0.0159375
v 0.064972575 -0.14367198 0.0084375
v 0.064785975 -0.143822775 0.0159375
v 0.064785585 -0.143823075 0.0084375
v 0.064598685 -0.143971155 0.0159375
v 0.06459831 -0.143971455 0.0084375
v 0.06441183 -0.144116115 0.0159375
v 0.06441144 -0.1441164 0.0084375
v 0.064222455 -0.1442595 0.0159375
v 0.064222065 -0.144259785 0.0084375
v 0.064030305 -0.14440164 0.0159375
v 0.064029915 -0.14440191 0.0084375
v 0.063836385 -0.144542115 0.0159375
v 0.06383601 -0.144542385 0.0084375
v 0.06364167 -0.144680535 0.0159375
v 0.063641295 -0.144680805 0.0084375
v 0.06344712 -0.14481648 0.0159375
v 0.063446745 -0.144816735 0.0084375
v 0.063253725 -0.144949545 0.0159375
v 0.063253335 -0.144949815 0.0084375
v 0.063062445 -0.14507934 0.0159375
v 0.06306207 -0.14507958 0.0084375
v 0.062874225 -0.14520543 0.0159375
v 0.062873865 -0.14520567 0.0084375
v 0.062688 -0.145327785 0.0159375
v 0.062687625 -0.14532804 0.0084375
v 0.062472165 -0.14546634 0.0159375
v 0.062471805 -0.145466565 0.0084375
v 0.062258025 -0.14560074 0.0159375
v 0.062257665 -0.145600965 0.0084375
v 0.062045655 -0.145731465 0.0159375
v 0.062045295 -0.14573169 0.0084375
v 0.06183519 -0.14585895 0.0159375
v 0.061834845 -0.145859175 0.0084375
v 0.061626735 -0.145983675 0.0159375
v 0.061626405 -0.145983885 0.0084375
v 0.06142041 -0.146106075 0.0159375
v 0.061420065 -0.14610627 0.0084375
v 0.061216155 -0.146225685 0.0159375
v 0.061215825 -0.14622588 0.0084375
v 0.06101388 -0.14634195 0.0159375
v 0.06101355 -0.146342145 0.0084375
v 0.06081357 -0.1464552 0.0159375
v 0.060813255 -0.14645538 0.0084375
v 0.06061524 -0.14656572 0.0159375
v 0.060614925 -0.1465659 0.0084375
v 0.06041889 -0.146673825 0.0159375
v 0.060418575 -0.146674005 0.0084375
v 0.060224505 -0.14677986 0.0159375
v 0.060224205 -0.14678004 0.0084375
v 0.060032115 -0.14688411 0.0159375
v 0.060031815 -0.146884275 0.0084375
v 0.059841735 -0.146986245 0.0159375
v 0.059841435 -0.146986395 0.0084375
v 0.059653365 -0.14708583 0.0159375
v 0.05965308 -0.147085995 0.0084375
v 0.05946699 -0.14718315 0.0159375
v 0.059466705 -0.147183315 0.0084375
v 0.059282565 -0.147278445 0.0159375
v 0.059282295 -0.147278595 0.0084375
v 0.05910009 -0.14737197 0.0159375
v 0.059099805 -0.14737209 0.0084375
v 0.05888361 -0.147482175 0.0159375
v 0.05888334 -0.14748231 0.0084375
v 0.05866983 -0.147590505 0.0159375
v 0.05866956 -0.147590625 0.0084375
v 0.058458645 -0.14769591 0.0159375
v 0.05845839 -0.14769603 0.0084375
v 0.058250145 -0.14779857 0.0159375
v 0.05824989 -0.14779869 0.0084375
v 0.05804445 -0.147899175 0.0159375
v 0.058044195 -0.147899295 0.0084375
v 0.05784168 -0.1479984 0.0159375
v 0.05784144 -0.14799852 0.0084375
v 0.057641955 -0.148096905 0.0159375
v 0.05764173 -0.14809704 0.0084375
v 0.05744511 -0.14819484 0.0159375
v 0.057444885 -0.148194945 0.0084375
v 0.05724987 -0.148289955 0.0159375
v 0.057249645 -0.14829006 0.0084375
v 0.05705709 -0.1483833 0.0159375
v 0.05705688 -0.14838342 0.0084375
v 0.05686797 -0.148476585 0.0159375
v 0.05686776 -0.14847669 0.0084375
v 0.056683725 -0.148571445 0.0159375
v 0.056683515 -0.148571565 0.0084375
v 0.05650554 -0.14866956 0.0159375
v 0.05650533 -0.148669665 0.0084375
v 0.05633394 -0.14877195 0.0159375
v 0.05633376 -0.148772055 0.0084375
v 0.05616753 -0.14887719 0.0159375
v 0.05616735 -0.14887731 0.0084375
v 0.05596695 -0.149011995 0.0159375
v 0.055966785 -0.1490121 0.0084375
v 0.055775055 -0.149149695 0.0159375
v 0.055774905 -0.1491498 0.0084375
v 0.055592325 -0.149289525 0.0159375
v 0.055592175 -0.14928963 0.0084375
v 0.055419405 -0.14943144 0.0159375
v 0.055419255 -0.149431575 0.0084375
v 0.055256625 -0.149576775 0.0159375
v 0.05525649 -0.149576895 0.0084375
v 0.055102755 -0.14972424 0.0159375
v 0.05510262 -0.14972436 0.0084375
v 0.054956445 -0.14987238 0.0159375
v 0.054956325 -0.149872515 0.0084375
v 0.054816405 -0.150019785 0.0159375
v 0.0548163 -0.15001992 0.0084375
v 0.05468322 -0.15016677 0.0159375
v 0.054683115 -0.15016689 0.0084375
v 0.05455764 -0.15031419 0.0159375
v 0.05455755 -0.150314295 0.0084375
v 0.054438555 -0.15046134 0.0159375
v 0.054438465 -0.15046146 0.0084375
v 0.054324885 -0.150607545 0.0159375
v 0.054324795 -0.15060765 0.0084375
v 0.05418054 -0.15080022 0.0159375
v 0.054180465 -0.15080031 0.0084375
v 0.054046425 -0.150991335 0.0159375
v 0.054046365 -0.150991425 0.0084375
v 0.05392092 -0.151180305 0.0159375
v 0.05392086 -0.15118041 0.0084375
v 0.053801655 -0.15136617 0.0159375
v 0.053801595 -0.15136626 0.0084375
v 0.05368881 -0.151548825 0.0159375
v 0.053688765 -0.15154893 0.0084375
v 0.05358291 -0.1517286 0.0159375
v 0.053582865 -0.15172869 0.0084375
v 0.053482125 -0.151905105 0.0159375
v 0.05348208 -0.15190518 0.0084375
v 0.05338512 -0.152078025 0.0159375
v 0.053385075 -0.1520781 0.0084375
v 0.05329308 -0.152247525 0.0159375
v 0.053293035 -0.152247585 0.0084375
v 0.05320509 -0.152413605 0.0159375
v 0.05320506 -0.152413695 0.0084375
v 0.05311983 -0.152576265 0.0159375
v 0.0531198 -0.15257634 0.0084375
v 0.053037375 -0.15273546 0.0159375
v 0.053037345 -0.15273552 0.0084375
v 0.052958025 -0.15289122 0.0159375
v 0.052957995 -0.152891295 0.0084375
v 0.05288079 -0.15304359 0.0159375
v 0.052880745 -0.15304365 0.0084375
v 0.052804875 -0.153192615 0.0159375
v 0.052804845 -0.153192675 0.0084375
v 0.052694535 -0.153409815 0.0159375
v 0.05269449 -0.15340986 0.0084375
v 0.05258706 -0.153619485 0.0159375
v 0.05258703 -0.15361953 0.0084375
v 0.052481865 -0.153821655 0.0159375
v 0.052481835 -0.153821715 0.0084375
v 0.05237886 -0.15401634 0.0159375
v 0.05237883 -0.154016385 0.0084375
v 0.05227731 -0.15420363 0.0159375
v 0.05227728 -0.154203675 0.0084375
v 0.052177365 -0.15438348 0.0159375
v 0.052177335 -0.154383495 0.0084375
v 0.05207811 -0.15455559 0.0159375
v 0.052078095 -0.154555635 0.0084375
v 0.051979605 -0.154719975 0.0159375
v 0.05197959 -0.154720005 0.0084375
v 0.051881625 -0.15487671 0.0159375
v 0.051881595 -0.15487674 0.0084375
v 0.05178393 -0.155025735 0.0159375
v 0.051783915 -0.155025765 0.0084375
v 0.051686715 -0.155167245 0.0159375
v 0.0516867 -0.155167275 0.0084375
v 0.051590145 -0.155301675 0.0159375
v 0.05159013 -0.155301705 0.0084375
v 0.051494175 -0.15542892 0.0159375
v 0.05149416 -0.155428935 0.0084375
v 0.051398415 -0.155549055 0.0159375
v 0.0513984 -0.15554907 0.0084375
v 0.05130279 -0.155662065 0.0159375
v 0.051302775 -0.15566208 0.0084375
v 0.05120754 -0.155768115 0.0159375
v 0.051207525 -0.15576813 0.0084375
v 0.051018405 -0.155959515 0.0159375
v 0.05101839 -0.15595953 0.0084375
v 0.05083173 -0.156124665 0.0159375
v 0.050831715 -0.15612468 0.0084375
v 0.05064645 -0.15626382 0.0159375
v 0.05064645 -0.156263835 0.0084375
v 0.05046396 -0.15637752 0.0159375
v 0.05046396 -0.156377535 0.0084375
v 0.050285805 -0.156465495 0.0159375
v 0.050285805 -0.156465495 0.0084375
v 0.050112885 -0.15652752 0.0159375
v 0.050112885 -0.15652752 0.0084375
v 0.04994646 -0.156565635 0.0159375
v 0.04994646 -0.156565635 0.0084375
v 0.03116538 -0.11987319 0.0159375
v 0.03116538 -0.11987319 0.0084375
v 0.03113871 -0.120024105 0.0084375
v 0.03113871 -0.11972226 0.0159375
v 0.03113871 -0.120024105 0.0159375
v 0.031075845 -0.120148695 0.0084375
v 0.031075845 -0.120148695 0.0159375
v 0.030971175 -0.12025107 0.0084375
v 0.030971175 -0.12025107 0.0159375
v 0.03084147 -0.12031899 0.0084375
v 0.03084147 -0.12031899 0.0159375
v 0.03069663 -0.120340275 0.0084375
v 0.03069663 -0.120340275 0.0159375
v 0.030551775 -0.12031899 0.0084375
v 0.030551775 -0.12031899 0.0159375
v 0.03042207 -0.12025107 0.0084375
v 0.03042207 -0.12025107 0.0159375
v 0.0303174 -0.120148695 0.0084375
v 0.0303174 -0.120148695 0.0159375
v 0.03025452 -0.120024105 0.0084375
v 0.03025452 -0.120024105 0.0159375
v 0.03022788 -0.11987319 0.0084375
v 0.03022788 -0.11987319 0.0159375
v 0.03025452 -0.11972226 0.0084375
v 0.03025452 -0.11972226 0.0159375
v 0.0303174 -0.119597655 0.0084375
v 0.0303174 -0.119597655 0.0159375
v 0.03042207 -0.119495295 0.0084375
v 0.03042207 -0.119495295 0.0159375
v 0.030551775 -0.119427375 0.0084375
v 0.030551775 -0.119427375 0.0159375
v 0.03069663 -0.11940609 0.0084375
v 0.03069663 -0.11940609 0.0159375
v 0.03084147 -0.119427375 0.0084375
v 0.03084147 -0.119427375 0.0159375
v 0.030971175 -0.119495295 0.0084375
v 0.030971175 -0.119495295 0.0159375
v 0.031075845 -0.119597655 0.0084375
v 0.031075845 -0.119597655 0.0159375
v 0.03113871 -0.11972226 0.0084375
v 0.054788805 -0.111274965 0.0159375
v 0.054788805 -0.111274965 0.0084375
v 0.05476215 -0.11142588 0.0084375
v 0.05476215 -0.111124035 0.0159375
v 0.05476215 -0.11142588 0.0159375
v 0.05469927 -0.111550485 0.0084375
v 0.05469927 -0.111550485 0.0159375
v 0.0545946 -0.111652845 0.0084375
v 0.0545946 -0.111652845 0.0159375
v 0.054464895 -0.111720765 0.0084375
v 0.054464895 -0.111720765 0.0159375
v 0.054320055 -0.11174205 0.0084375
v 0.054320055 -0.11174205 0.0159375
v 0.0541752 -0.111720765 0.0084375
v 0.0541752 -0.111720765 0.0159375
v 0.054045495 -0.111652845 0.0084375
v 0.054045495 -0.111652845 0.0159375
v 0.053940825 -0.111550485 0.0084375
v 0.053940825 -0.111550485 0.0159375
v 0.05387796 -0.11142588 0.0084375
v 0.05387796 -0.11142588 0.0159375
v 0.053851305 -0.111274965 0.0084375
v 0.053851305 -0.111274965 0.0159375
v 0.05387796 -0.111124035 0.0084375
v 0.05387796 -0.111124035 0.0159375
v 0.053940825 -0.11099943 0.0084375
v 0.053940825 -0.11099943 0.0159375
v 0.054045495 -0.11089707 0.0084375
v 0.054045495 -0.11089707 0.0159375
v 0.0541752 -0.11082915 0.0084375
v 0.0541752 -0.11082915 0.0159375
v 0.054320055 -0.110807865 0.0084375
v 0.054320055 -0.110807865 0.0159375
v 0.054464895 -0.11082915 0.0084375
v 0.054464895 -0.11082915 0.0159375
v 0.0545946 -0.11089707 0.0084375
v 0.0545946 -0.11089707 0.0159375
v 0.05469927 -0.11099943 0.0084375
v 0.05469927 -0.11099943 0.0159375
v 0.05476215 -0.111124035 0.0084375
v 0.063387015 -0.13489839 0.0159375
v 0.063387015 -0.13489839 0.0084375
v 0.063360375 -0.135049305 0.0084375
v 0.063360375 -0.134747475 0.0159375
v 0.063360375 -0.135049305 0.0159375
v 0.063297495 -0.13517391 0.0084375
v 0.063297495 -0.13517391 0.0159375
v 0.063192825 -0.13527627 0.0084375
v 0.063192825 -0.13527627 0.0159375
v 0.06306312 -0.13534419 0.0084375
v 0.06306312 -0.13534419 0.0159375
v 0.062918265 -0.135365475 0.0084375
v 0.062918265 -0.135365475 0.0159375
v 0.062773425 -0.13534419 0.0084375
v 0.062773425 -0.13534419 0.0159375
v 0.06264372 -0.13527627 0.0084375
v 0.06264372 -0.13527627 0.0159375
v 0.06253905 -0.13517391 0.0084375
v 0.06253905 -0.13517391 0.0159375
v 0.062476185 -0.135049305 0.0084375
v 0.062476185 -0.135049305 0.0159375
v 0.062449515 -0.13489839 0.0084375
v 0.062449515 -0.13489839 0.0159375
v 0.062476185 -0.134747475 0.0084375
v 0.062476185 -0.134747475 0.0159375
v 0.06253905 -0.134622855 0.0084375
v 0.06253905 -0.134622855 0.0159375
v 0.06264372 -0.13452051 0.0084375
v 0.06264372 -0.13452051 0.0159375
v 0.062773425 -0.134452575 0.0084375
v 0.062773425 -0.134452575 0.0159375
v 0.062918265 -0.134431305 0.0084375
v 0.062918265 -0.134431305 0.0159375
v 0.06306312 -0.134452575 0.0084375
v 0.06306312 -0.134452575 0.0159375
v 0.063192825 -0.13452051 0.0084375
v 0.063192825 -0.13452051 0.0159375
v 0.063297495 -0.134622855 0.0084375
v 0.063297495 -0.134622855 0.0159375
v 0.063360375 -0.134747475 0.0084375
v 0.039763605 -0.143496615 0.0159375
v 0.039763605 -0.143496615 0.0084375
v 0.039736935 -0.14364753 0.0084375
v 0.039736935 -0.143345685 0.0159375
v 0.039736935 -0.14364753 0.0159375
v 0.03967407 -0.143772135 0.0084375
v 0.03967407 -0.143772135 0.0159375
v 0.0395694 -0.143874495 0.0084375
v 0.0395694 -0.143874495 0.0159375
v 0.039439695 -0.143942415 0.0084375
v 0.039439695 -0.143942415 0.0159375
v 0.039294855 -0.1439637 0.0084375
v 0.039294855 -0.1439637 0.0159375
v 0.03915 -0.143942415 0.0084375
v 0.03915 -0.143942415 0.0159375
v 0.039020295 -0.143874495 0.0084375
v 0.039020295 -0.143874495 0.0159375
v 0.038915625 -0.143772135 0.0084375
v 0.038915625 -0.143772135 0.0159375
v 0.038852745 -0.14364753 0.0084375
v 0.038852745 -0.14364753 0.0159375
v 0.038826105 -0.143496615 0.0084375
v 0.038826105 -0.143496615 0.0159375
v 0.038852745 -0.143345685 0.0084375
v 0.038852745 -0.143345685 0.0159375
v 0.038915625 -0.143221095 0.0084375
v 0.038915625 -0.143221095 0.0159375
v 0.039020295 -0.14311872 0.0084375
v 0.039020295 -0.14311872 0.0159375
v 0.03915 -0.1430508 0.0084375
v 0.03915 -0.1430508 0.0159375
v 0.039294855 -0.143029515 0.0084375
v 0.039294855 -0.143029515 0.0159375
v 0.039439695 -0.1430508 0.0084375
v 0.039439695 -0.1430508 0.0159375
v 0.0395694 -0.14311872 0.0084375
v 0.0395694 -0.14311872 0.0159375
v 0.03967407 -0.143221095 0.0084375
v 0.03967407 -0.143221095 0.0159375
v 0.039736935 -0.143345685 0.0084375
v 0.04797933 -0.12738579 0.0159375
v 0.04797933 -0.12738579 0.0084375
v 0.047952315 -0.127623915 0.0084375
v 0.047952315 -0.127147665 0.0159375
v 0.047952315 -0.127623915 0.0159375
v 0.047887065 -0.12783996 0.0084375
v 0.047887065 -0.12783996 0.0159375
v 0.047782785 -0.128034705 0.0084375
v 0.047782785 -0.128034705 0.0159375
v 0.04763466 -0.128212995 0.0084375
v 0.04763466 -0.128212995 0.0159375
v 0.04745637 -0.12836112 0.0084375
v 0.04745637 -0.12836112 0.0159375
v 0.047257935 -0.128466375 0.0084375
v 0.047257935 -0.128466375 0.0159375
v 0.047034075 -0.128533725 0.0084375
v 0.047034075 -0.128533725 0.0159375
v 0.046807455 -0.128557665 0.0084375
v 0.046807455 -0.128557665 0.0159375
v 0.04658082 -0.128533725 0.0084375
v 0.04658082 -0.128533725 0.0159375
v 0.04635696 -0.128466375 0.0084375
v 0.04635696 -0.128466375 0.0159375
v 0.046158525 -0.12836112 0.0084375
v 0.046158525 -0.12836112 0.0159375
v 0.045980235 -0.128212995 0.0084375
v 0.045980235 -0.128212995 0.0159375
v 0.04583211 -0.128034705 0.0084375
v 0.04583211 -0.128034705 0.0159375
v 0.04572783 -0.12783996 0.0084375
v 0.04572783 -0.12783996 0.0159375
v 0.04566258 -0.127623915 0.0084375
v 0.04566258 -0.127623915 0.0159375
v 0.04563558 -0.12738579 0.0084375
v 0.04563558 -0.12738579 0.0159375
v 0.04566258 -0.127147665 0.0084375
v 0.04566258 -0.127147665 0.0159375
v 0.04572783 -0.12693162 0.0084375
v 0.04572783 -0.12693162 0.0159375
v 0.04583211 -0.12673686 0.0084375
v 0.04583211 -0.12673686 0.0159375
v 0.045980235 -0.12655857 0.0084375
v 0.045980235 -0.12655857 0.0159375
v 0.046158525 -0.12641043 0.0084375
v 0.046158525 -0.12641043 0.0159375
v 0.04635696 -0.126305175 0.0084375
v 0.04635696 -0.126305175 0.0159375
v 0.04658082 -0.126237825 0.0084375
v 0.04658082 -0.126237825 0.0159375
v 0.046807455 -0.126213915 0.0084375
v 0.046807455 -0.126213915 0.0159375
v 0.047034075 -0.126237825 0.0084375
v 0.047034075 -0.126237825 0.0159375
v 0.047257935 -0.126305175 0.0084375
v 0.047257935 -0.126305175 0.0159375
v 0.04745637 -0.12641043 0.0084375
v 0.04745637 -0.12641043 0.0159375
v 0.04763466 -0.12655857 0.0084375
v 0.04763466 -0.12655857 0.0159375
v 0.047782785 -0.12673686 0.0084375
v 0.047782785 -0.12673686 0.0159375
v 0.047887065 -0.12693162 0.0084375
v 0.047887065 -0.12693162 0.0159375
v 0.047952315 -0.127147665 0.0084375
v 0.02639757 -0.127230465 0.0159375
v 0.02639757 -0.127230465 0.0084375
v 0.026355615 -0.126765195 0.0084375
v 0.026508255 -0.128516685 0.0159375
v 0.026353665 -0.1268214 0.0159375
v 0.02634231 -0.12642384 0.0159375
v 0.026345655 -0.126249435 0.0084375
v 0.026362095 -0.12603396 0.0159375
v 0.026411115 -0.125694885 0.0084375
v 0.026417205 -0.125663205 0.0159375
v 0.02659293 -0.12512217 0.0084375
v 0.026514075 -0.125322555 0.0159375
v 0.02664459 -0.125009595 0.0159375
v 0.026911425 -0.12457065 0.0084375
v 0.02698851 -0.12447042 0.0159375
v 0.02736924 -0.124088625 0.0084375
v 0.02744868 -0.12402408 0.0159375
v 0.02792814 -0.12371886 0.0084375
v 0.027990015 -0.12368703 0.0159375
v 0.028527105 -0.123481005 0.0084375
v 0.028563015 -0.12346962 0.0159375
v 0.02909028 -0.123355845 0.0084375
v 0.029107005 -0.12335274 0.0159375
v 0.02959377 -0.123291285 0.0084375
v 0.02959377 -0.123291285 0.0159375
v 0.030090975 -0.12324003 0.0084375
v 0.030090975 -0.12324003 0.0159375
v 0.03058284 -0.123196575 0.0084375
v 0.03058284 -0.123196575 0.0159375
v 0.03106935 -0.12316095 0.0084375
v 0.03106935 -0.12316095 0.0159375
v 0.031550535 -0.123133125 0.0084375
v 0.031550535 -0.123133125 0.0159375
v 0.03202683 -0.123113025 0.0084375
v 0.03202683 -0.123113025 0.0159375
v 0.032499945 -0.12310035 0.0084375
v 0.032499945 -0.12310035 0.0159375
v 0.03296772 -0.12309549 0.0084375
v 0.03296772 -0.12309549 0.0159375
v 0.033427425 -0.12309891 0.0084375
v 0.033427425 -0.12309891 0.0159375
v 0.03387633 -0.12311109 0.0084375
v 0.03387633 -0.12311109 0.0159375
v 0.034317495 -0.12313272 0.0084375
v 0.034317495 -0.12313272 0.0159375
v 0.03475206 -0.12316344 0.0084375
v 0.03475206 -0.12316344 0.0159375
v 0.03517437 -0.123202125 0.0084375
v 0.03517437 -0.123202125 0.0159375
v 0.03557877 -0.123247695 0.0084375
v 0.03557877 -0.123247695 0.0159375
v 0.03595872 -0.123298695 0.0084375
v 0.03595872 -0.123298695 0.0159375
v 0.036309975 -0.12335367 0.0084375
v 0.036309975 -0.12335367 0.0159375
v 0.03664332 -0.123415545 0.0084375
v 0.03664332 -0.123415545 0.0159375
v 0.036971205 -0.123487695 0.0084375
v 0.036971205 -0.123487695 0.0159375
v 0.037306065 -0.123573525 0.0084375
v 0.037306065 -0.123573525 0.0159375
v 0.03765777 -0.123676155 0.0084375
v 0.03765777 -0.123676155 0.0159375
v 0.03801783 -0.1237932 0.0084375
v 0.03801783 -0.1237932 0.0159375
v 0.03837105 -0.123919785 0.0084375
v 0.03837105 -0.123919785 0.0159375
v 0.038702295 -0.124051035 0.0084375
v 0.038702295 -0.124051035 0.0159375
v 0.038998005 -0.12418224 0.0084375
v 0.038998005 -0.12418224 0.0159375
v 0.03926178 -0.12431328 0.0084375
v 0.03926178 -0.12431328 0.0159375
v 0.03950358 -0.12444897 0.0084375
v 0.03950358 -0.12444897 0.0159375
v 0.039732765 -0.124594395 0.0084375
v 0.039732765 -0.124594395 0.0159375
v 0.03995871 -0.12475467 0.0084375
v 0.03995871 -0.12475467 0.0159375
v 0.040185615 -0.124932435 0.0084375
v 0.040185615 -0.124932435 0.0159375
v 0.040407555 -0.125124435 0.0084375
v 0.040407555 -0.125124435 0.0159375
v 0.04061862 -0.12532677 0.0084375
v 0.04061862 -0.12532677 0.0159375
v 0.04081296 -0.125535525 0.0084375
v 0.04081296 -0.125535525 0.0159375
v 0.040985745 -0.12574743 0.0084375
v 0.040985745 -0.12574743 0.0159375
v 0.04114002 -0.12596433 0.0084375
v 0.04114002 -0.12596433 0.0159375
v 0.041277555 -0.126187665 0.0084375
v 0.041277555 -0.126187665 0.0159375
v 0.04139937 -0.126418395 0.0084375
v 0.04139937 -0.126418395 0.0159375
v 0.041506455 -0.126657495 0.0084375
v 0.041506455 -0.126657495 0.0159375
v 0.04159947 -0.12690408 0.0084375
v 0.04159947 -0.12690408 0.0159375
v 0.041677755 -0.12715767 0.0084375
v 0.041677755 -0.12715767 0.0159375
v 0.04174032 -0.127420035 0.0084375
v 0.04174032 -0.127420035 0.0159375
v 0.04178613 -0.1276929 0.0084375
v 0.04178613 -0.1276929 0.0159375
v 0.04181442 -0.127977675 0.0084375
v 0.04181442 -0.127977675 0.0159375
v 0.041825805 -0.12827325 0.0084375
v 0.041825805 -0.12827325 0.0159375
v 0.04182336 -0.12850185 0.0084375
v 0.04182336 -0.12850185 0.0159375
v 0.041811495 -0.12873633 0.0084375
v 0.041811495 -0.12873633 0.0159375
v 0.041790225 -0.12897675 0.0084375
v 0.041790225 -0.12897675 0.0159375
v 0.041759535 -0.12922308 0.0084375
v 0.041759535 -0.12922308 0.0159375
v 0.041604 -0.13003848 0.0084375
v 0.041604 -0.13003848 0.0159375
v 0.04139727 -0.130878825 0.0084375
v 0.04139727 -0.130878825 0.0159375
v 0.0411366 -0.131747715 0.0084375
v 0.0411366 -0.131747715 0.0159375
v 0.04082154 -0.13264578 0.0084375
v 0.04082154 -0.13264578 0.0159375
v 0.040474905 -0.13354272 0.0084375
v 0.040474905 -0.13354272 0.0159375
v 0.040093335 -0.134437545 0.0084375
v 0.040093335 -0.134437545 0.0159375
v 0.03969462 -0.135321675 0.0084375
v 0.03969462 -0.135321675 0.0159375
v 0.039296415 -0.136181355 0.0084375
v 0.039296415 -0.136181355 0.0159375
v 0.038895495 -0.13702125 0.0084375
v 0.038895495 -0.13702125 0.0159375
v 0.038515515 -0.13783854 0.0084375
v 0.038515515 -0.13783854 0.0159375
v 0.038155995 -0.138633225 0.0084375
v 0.038155995 -0.138633225 0.0159375
v 0.0378141 -0.139405725 0.0084375
v 0.0378141 -0.139405725 0.0159375
v 0.03762924 -0.13983267 0.0084375
v 0.03768861 -0.13971975 0.0159375
v 0.0375339 -0.14002344 0.0159375
v 0.03737826 -0.14028561 0.0084375
v 0.037350915 -0.140322195 0.0159375
v 0.03702264 -0.14071998 0.0084375
v 0.037136835 -0.140599785 0.0159375
v 0.03688596 -0.140841975 0.0159375
v 0.036797355 -0.1409145 0.0084375
v 0.036608085 -0.141048225 0.0159375
v 0.036544875 -0.14108697 0.0084375
v 0.036307305 -0.14120988 0.0159375
v 0.03626559 -0.1412286 0.0084375
v 0.035995125 -0.14133684 0.0159375
v 0.0359715 -0.141344745 0.0084375
v 0.03568602 -0.14143701 0.0159375
v 0.03567621 -0.141438105 0.0084375
v 0.03537519 -0.14150775 0.0084375
v 0.03537519 -0.14150775 0.0159375
v 0.034763835 -0.141677175 0.0084375
v 0.034763835 -0.141677175 0.0159375
v 0.03417852 -0.141864675 0.0084375
v 0.03417852 -0.141864675 0.0159375
v 0.03377178 -0.14200149 0.0084375
v 0.03383781 -0.141979065 0.0159375
v 0.033476385 -0.14208297 0.0159375
v 0.03331674 -0.14212053 0.0084375
v 0.03306396 -0.14215965 0.0159375
v 0.032801355 -0.14217915 0.0084375
v 0.032590275 -0.14217654 0.0159375
v 0.03223311 -0.142135905 0.0084375
v 0.032068635 -0.14210097 0.0159375
v 0.031633725 -0.14195328 0.0084375
v 0.03152295 -0.141903885 0.0159375
v 0.031330245 -0.141801015 0.0084375
v 0.031247745 -0.14174991 0.0159375
v 0.03103539 -0.1416021 0.0084375
v 0.030972675 -0.14155596 0.0159375
v 0.0307473 -0.141357285 0.0084375
v 0.030707415 -0.141319845 0.0159375
v 0.03047547 -0.14107209 0.0084375
v 0.03045246 -0.141042735 0.0159375
v 0.03022131 -0.14074719 0.0084375
v 0.030211305 -0.14073039 0.0159375
v 0.02998326 -0.140381835 0.0084375
v 0.02998326 -0.140381835 0.0159375
v 0.0295341 -0.139634415 0.0084375
v 0.0295341 -0.139634415 0.0159375
v 0.02911416 -0.13885419 0.0084375
v 0.02911416 -0.13885419 0.0159375
v 0.02872233 -0.13803693 0.0084375
v 0.02872233 -0.13803693 0.0159375
v 0.02835549 -0.137170395 0.0084375
v 0.02835549 -0.137170395 0.0159375
v 0.02802717 -0.13630767 0.0084375
v 0.02802717 -0.13630767 0.0159375
v 0.0277497 -0.13548528 0.0084375
v 0.0277497 -0.13548528 0.0159375
v 0.02751543 -0.13468557 0.0084375
v 0.02751543 -0.13468557 0.0159375
v 0.027311565 -0.13391094 0.0084375
v 0.027311565 -0.13391094 0.0159375
v 0.026995695 -0.132436965 0.0084375
v 0.026995695 -0.132436965 0.0159375
v 0.02677086 -0.131060985 0.0084375
v 0.02677086 -0.131060985 0.0159375
v 0.02662005 -0.129771855 0.0084375
v 0.02662005 -0.129771855 0.0159375
v 0.026508255 -0.128516685 0.0084375
v 0.052048965 -0.146418945 0.0159375
v 0.052048965 -0.146418945 0.0084375
v 0.0515724 -0.14687343 0.0084375
v 0.0525717 -0.145952895 0.0159375
v 0.05161368 -0.14683377 0.0159375
v 0.051087165 -0.14724849 0.0159375
v 0.051019875 -0.14729232 0.0084375
v 0.0504567 -0.147565455 0.0159375
v 0.05038206 -0.147589605 0.0084375
v 0.049757865 -0.14772048 0.0159375
v 0.04970673 -0.14772393 0.0084375
v 0.04908801 -0.147697455 0.0159375
v 0.04904703 -0.14768976 0.0084375
v 0.04850379 -0.14753598 0.0159375
v 0.04844007 -0.1475106 0.0084375
v 0.048015645 -0.14729238 0.0159375
v 0.04790727 -0.147222675 0.0084375
v 0.04761621 -0.147002685 0.0159375
v 0.047457135 -0.146862135 0.0084375
v 0.047287365 -0.146692635 0.0159375
v 0.04708386 -0.1464699 0.0084375
v 0.04701282 -0.146384715 0.0159375
v 0.046772715 -0.1460919 0.0084375
v 0.046772715 -0.1460919 0.0159375
v 0.046315035 -0.145540215 0.0084375
v 0.046315035 -0.145540215 0.0159375
v 0.045852285 -0.145020795 0.0084375
v 0.045852285 -0.145020795 0.0159375
v 0.04491156 -0.14407875 0.0084375
v 0.04491156 -0.14407875 0.0159375
v 0.04395051 -0.14326575 0.0084375
v 0.04395051 -0.14326575 0.0159375
v 0.04348293 -0.142897035 0.0084375
v 0.04360095 -0.142996245 0.0159375
v 0.043262325 -0.142681995 0.0084375
v 0.04323903 -0.142660485 0.0159375
v 0.043061745 -0.142445505 0.0084375
v 0.04290594 -0.14220936 0.0159375
v 0.042892335 -0.142183275 0.0084375
v 0.042768465 -0.141937575 0.0159375
v 0.04275447 -0.14190513 0.0084375
v 0.042659535 -0.141635775 0.0159375
v 0.042585525 -0.141326235 0.0084375
v 0.04258209 -0.141307245 0.0159375
v 0.042528825 -0.14076189 0.0084375
v 0.04253997 -0.14096049 0.0159375
v 0.04252491 -0.14060976 0.0159375
v 0.042534975 -0.140259135 0.0084375
v 0.042534975 -0.140259135 0.0159375
v 0.04255137 -0.13986513 0.0084375
v 0.04255137 -0.13986513 0.0159375
v 0.042577785 -0.139470195 0.0084375
v 0.042577785 -0.139470195 0.0159375
v 0.042614205 -0.1390743 0.0084375
v 0.042614205 -0.1390743 0.0159375
v 0.042660645 -0.138677475 0.0084375
v 0.042660645 -0.138677475 0.0159375
v 0.042718095 -0.13827231 0.0084375
v 0.042718095 -0.13827231 0.0159375
v 0.042786225 -0.13786128 0.0084375
v 0.042786225 -0.13786128 0.0159375
v 0.042863025 -0.137459145 0.0084375
v 0.042863025 -0.137459145 0.0159375
v 0.0429465 -0.13708068 0.0084375
v 0.0429465 -0.13708068 0.0159375
v 0.04303566 -0.13673136 0.0084375
v 0.04303566 -0.13673136 0.0159375
v 0.043131735 -0.136402815 0.0084375
v 0.043131735 -0.136402815 0.0159375
v 0.043235985 -0.13608897 0.0084375
v 0.043235985 -0.13608897 0.0159375
v 0.0433497 -0.13578372 0.0084375
v 0.0433497 -0.13578372 0.0159375
v 0.043473105 -0.13548531 0.0084375
v 0.043473105 -0.13548531 0.0159375
v 0.04360557 -0.135197025 0.0084375
v 0.04360557 -0.135197025 0.0159375
v 0.043747035 -0.134920395 0.0084375
v 0.043747035 -0.134920395 0.0159375
v 0.04389744 -0.134656935 0.0084375
v 0.04389744 -0.134656935 0.0159375
v 0.044057835 -0.13440576 0.0084375
v 0.044057835 -0.13440576 0.0159375
v 0.04422789 -0.13416648 0.0084375
v 0.04422789 -0.13416648 0.0159375
v 0.044405505 -0.133941405 0.0084375
v 0.044405505 -0.133941405 0.0159375
v 0.04458858 -0.1337328 0.0084375
v 0.04458858 -0.1337328 0.0159375
v 0.0447753 -0.133542105 0.0084375
v 0.0447753 -0.133542105 0.0159375
v 0.044967195 -0.133367865 0.0084375
v 0.044967195 -0.133367865 0.0159375
v 0.045167205 -0.13320789 0.0084375
v 0.045167205 -0.13320789 0.0159375
v 0.045378255 -0.13306005 0.0084375
v 0.045378255 -0.13306005 0.0159375
v 0.04560186 -0.132922935 0.0084375
v 0.04560186 -0.132922935 0.0159375
v 0.04583625 -0.13279794 0.0084375
v 0.04583625 -0.13279794 0.0159375
v 0.046079265 -0.13268727 0.0084375
v 0.046079265 -0.13268727 0.0159375
v 0.046265925 -0.13261494 0.0084375
v 0.046265925 -0.13261494 0.0159375
v 0.046455285 -0.13255224 0.0084375
v 0.046455285 -0.13255224 0.0159375
v 0.046647255 -0.132498105 0.0084375
v 0.046647255 -0.132498105 0.0159375
v 0.04684314 -0.13245279 0.0084375
v 0.04684314 -0.13245279 0.0159375
v 0.04704429 -0.132416655 0.0084375
v 0.04704429 -0.132416655 0.0159375
v 0.04725204 -0.13239009 0.0084375
v 0.04725204 -0.13239009 0.0159375
v 0.04746762 -0.13237344 0.0084375
v 0.04746762 -0.13237344 0.0159375
v 0.04769013 -0.13236645 0.0084375
v 0.04769013 -0.13236645 0.0159375
v 0.04791909 -0.132368955 0.0084375
v 0.04791909 -0.132368955 0.0159375
v 0.048154515 -0.132381015 0.0084375
v 0.048154515 -0.132381015 0.0159375
v 0.04839639 -0.132402585 0.0084375
v 0.04839639 -0.132402585 0.0159375
v 0.04864473 -0.132433695 0.0084375
v 0.04864473 -0.132433695 0.0159375
v 0.04966167 -0.13264698 0.0084375
v 0.04966167 -0.13264698 0.0159375
v 0.0506313 -0.13289484 0.0084375
v 0.0506313 -0.13289484 0.0159375
v 0.05155281 -0.13318083 0.0084375
v 0.05155281 -0.13318083 0.0159375
v 0.05242605 -0.133505505 0.0084375
v 0.05242605 -0.133505505 0.0159375
v 0.05325765 -0.13383939 0.0084375
v 0.05325765 -0.13383939 0.0159375
v 0.05404341 -0.13417935 0.0084375
v 0.05404341 -0.13417935 0.0159375
v 0.05479725 -0.13452291 0.0084375
v 0.05479725 -0.13452291 0.0159375
v 0.055534815 -0.134865045 0.0084375
v 0.055534815 -0.134865045 0.0159375
v 0.056249985 -0.1352055 0.0084375
v 0.056249985 -0.1352055 0.0159375
v 0.056940045 -0.135529155 0.0084375
v 0.056940045 -0.135529155 0.0159375
v 0.057605025 -0.135836295 0.0084375
v 0.057605025 -0.135836295 0.0159375
v 0.05824521 -0.136128735 0.0084375
v 0.05824521 -0.136128735 0.0159375
v 0.058557255 -0.136266 0.0084375
v 0.05856834 -0.136270905 0.0159375
v 0.058894725 -0.13641882 0.0084375
v 0.05892075 -0.136431045 0.0159375
v 0.0592536 -0.136596375 0.0084375
v 0.059298585 -0.136620255 0.0159375
v 0.059634195 -0.13681371 0.0084375
v 0.05970288 -0.136857195 0.0159375
v 0.06003606 -0.13709193 0.0084375
v 0.060130995 -0.137167185 0.0159375
v 0.060447465 -0.13745115 0.0084375
v 0.06056283 -0.137571 0.0159375
v 0.06083481 -0.137909385 0.0084375
v 0.06076716 -0.13781646 0.0159375
v 0.060949275 -0.138090015 0.0159375
v 0.06099924 -0.138184875 0.0084375
v 0.06109656 -0.13839597 0.0159375
v 0.061131945 -0.13848312 0.0084375
v 0.061203375 -0.138718605 0.0159375
v 0.061220475 -0.1388001 0.0084375
v 0.06125742 -0.13904703 0.0159375
v 0.061265445 -0.13912338 0.0084375
v 0.061265925 -0.13937124 0.0159375
v 0.06121401 -0.13974753 0.0084375
v 0.0611556 -0.139965885 0.0159375
v 0.06102444 -0.14030145 0.0084375
v 0.060938325 -0.14047038 0.0159375
v 0.06075798 -0.14076069 0.0084375
v 0.06066981 -0.140882805 0.0159375
v 0.060463425 -0.141136095 0.0084375
v 0.06038538 -0.141222825 0.0159375
v 0.060167205 -0.14144508 0.0084375
v 0.06010476 -0.141503745 0.0159375
v 0.059880735 -0.141698835 0.0084375
v 0.059834835 -0.14173614 0.0159375
v 0.05960928 -0.14190819 0.0084375
v 0.05957961 -0.14192958 0.0159375
v 0.05935911 -0.14208099 0.0084375
v 0.05934336 -0.14209134 0.0159375
v 0.05913339 -0.142224495 0.0084375
v 0.059127465 -0.142228125 0.0159375
v 0.058928895 -0.142347285 0.0084375
v 0.058928325 -0.142347615 0.0159375
v 0.0587385 -0.14245752 0.0084375
v 0.058739595 -0.14245689 0.0159375
v 0.05855457 -0.14256159 0.0084375
v 0.05855457 -0.14256159 0.0159375
v 0.057596445 -0.14308161 0.0084375
v 0.057596445 -0.14308161 0.0159375
v 0.05654142 -0.14361927 0.0084375
v 0.05654142 -0.14361927 0.0159375
v 0.055405065 -0.14418252 0.0084375
v 0.055405065 -0.14418252 0.0159375
v 0.054823755 -0.14447817 0.0084375
v 0.054823755 -0.14447817 0.0159375
v 0.05423511 -0.14478681 0.0084375
v 0.05423511 -0.14478681 0.0159375
v 0.053661105 -0.145132785 0.0084375
v 0.053661105 -0.145132785 0.0159375
v 0.053109075 -0.14552418 0.0084375
v 0.053109075 -0.14552418 0.0159375
v 0.0525717 -0.145952895 0.0084375
v 0.05533068 -0.116437665 0.0159375
v 0.05533068 -0.116437665 0.0084375
v 0.055482255 -0.116095905 0.0084375
v 0.05495547 -0.117223005 0.0159375
v 0.05548629 -0.116088645 0.0159375
v 0.05565474 -0.11578224 0.0084375
v 0.055662 -0.11577039 0.0159375
v 0.055848015 -0.115496115 0.0084375
v 0.05585772 -0.1154826 0.0159375
v 0.05606208 -0.115237425 0.0084375
v 0.05607345 -0.11522523 0.0159375
v 0.056297715 -0.11501109 0.0084375
v 0.05630973 -0.11500089 0.0159375
v 0.05655354 -0.114818505 0.0084375
v 0.056564835 -0.114810855 0.0159375
v 0.05683359 -0.11465775 0.0084375
v 0.056843655 -0.114652725 0.0159375
v 0.057142545 -0.114527445 0.0084375
v 0.057151875 -0.114524235 0.0159375
v 0.057478305 -0.11442837 0.0084375
v 0.057486855 -0.114426495 0.0159375
v 0.05783808 -0.114362505 0.0084375
v 0.0578448 -0.11436162 0.0159375
v 0.05822193 -0.114329835 0.0084375
v 0.058225755 -0.11432958 0.0159375
v 0.058630185 -0.114330105 0.0084375
v 0.058630185 -0.114330105 0.0159375
v 0.059114865 -0.11434773 0.0084375
v 0.059102115 -0.114346185 0.0159375
v 0.059627325 -0.11443005 0.0159375
v 0.05965542 -0.114438135 0.0084375
v 0.060189105 -0.11464317 0.0159375
v 0.060225585 -0.11466291 0.0084375
v 0.06046791 -0.11480949 0.0159375
v 0.060503895 -0.114834405 0.0084375
v 0.060736755 -0.11501859 0.0159375
v 0.060770745 -0.115049145 0.0084375
v 0.06099099 -0.11526834 0.0159375
v 0.061016925 -0.11529771 0.0084375
v 0.061221435 -0.11555178 0.0159375
v 0.06123996 -0.11557719 0.0084375
v 0.06142746 -0.115851315 0.0159375
v 0.061437 -0.11586462 0.0084375
v 0.06160845 -0.116162145 0.0084375
v 0.06160845 -0.116162145 0.0159375
v 0.062002125 -0.11692389 0.0084375
v 0.062002125 -0.11692389 0.0159375
v 0.06235191 -0.117680715 0.0084375
v 0.06235191 -0.117680715 0.0159375
v 0.06265701 -0.118433715 0.0084375
v 0.06265701 -0.118433715 0.0159375
v 0.062915115 -0.119186175 0.0084375
v 0.062915115 -0.119186175 0.0159375
v 0.0631362 -0.119923995 0.0084375
v 0.0631362 -0.119923995 0.0159375
v 0.063324765 -0.120637755 0.0084375
v 0.063324765 -0.120637755 0.0159375
v 0.063479955 -0.121331865 0.0084375
v 0.063479955 -0.121331865 0.0159375
v 0.063612645 -0.122004495 0.0084375
v 0.063612645 -0.122004495 0.0159375
v 0.06381009 -0.12328521 0.0084375
v 0.06381009 -0.12328521 0.0159375
v 0.06394239 -0.124484415 0.0084375
v 0.06394239 -0.124484415 0.0159375
v 0.06403035 -0.125615895 0.0084375
v 0.06403035 -0.125615895 0.0159375
v 0.064090485 -0.1267131 0.0084375
v 0.064090485 -0.1267131 0.0159375
v 0.064134285 -0.127813905 0.0084375
v 0.064134285 -0.127813905 0.0159375
v 0.06416724 -0.12829242 0.0084375
v 0.064168455 -0.128316915 0.0159375
v 0.06416703 -0.128819415 0.0084375
v 0.064163865 -0.12886917 0.0159375
v 0.06408939 -0.129375945 0.0084375
v 0.064072575 -0.129443835 0.0159375
v 0.06389808 -0.129937785 0.0084375
v 0.063862995 -0.130011225 0.0159375
v 0.06357657 -0.130473285 0.0084375
v 0.06352608 -0.130537515 0.0159375
v 0.06312072 -0.13094235 0.0084375
v 0.06306393 -0.1309875 0.0159375
v 0.06254262 -0.131308635 0.0084375
v 0.062491515 -0.13133316 0.0159375
v 0.061879785 -0.13154934 0.0084375
v 0.061844325 -0.131558025 0.0159375
v 0.06119058 -0.131658885 0.0084375
v 0.061174005 -0.131660055 0.0159375
v 0.060531255 -0.1316763 0.0084375
v 0.060531255 -0.1316763 0.0159375
v 0.06004659 -0.131669625 0.0084375
v 0.06004659 -0.131669625 0.0159375
v 0.059575065 -0.131653605 0.0084375
v 0.059575065 -0.131653605 0.0159375
v 0.05911668 -0.131628225 0.0084375
v 0.05911668 -0.131628225 0.0159375
v 0.058671435 -0.1315935 0.0084375
v 0.058671435 -0.1315935 0.0159375
v 0.05823921 -0.13154931 0.0084375
v 0.05823921 -0.13154931 0.0159375
v 0.05782005 -0.131495715 0.0084375
v 0.05782005 -0.131495715 0.0159375
v 0.057414195 -0.131432895 0.0084375
v 0.057414195 -0.131432895 0.0159375
v 0.057021885 -0.131361015 0.0084375
v 0.057021885 -0.131361015 0.0159375
v 0.0566436 -0.13128033 0.0084375
v 0.0566436 -0.13128033 0.0159375
v 0.0562791 -0.131190645 0.0084375
v 0.0562791 -0.131190645 0.0159375
v 0.05592744 -0.1310916 0.0084375
v 0.05592744 -0.1310916 0.0159375
v 0.055587705 -0.13098276 0.0084375
v 0.055587705 -0.13098276 0.0159375
v 0.055258845 -0.130863795 0.0084375
v 0.055258845 -0.130863795 0.0159375
v 0.05494161 -0.130735005 0.0084375
v 0.05494161 -0.130735005 0.0159375
v 0.05463783 -0.1305969 0.0084375
v 0.05463783 -0.1305969 0.0159375
v 0.05434935 -0.130450065 0.0084375
v 0.05434935 -0.130450065 0.0159375
v 0.054076515 -0.130294725 0.0084375
v 0.054076515 -0.130294725 0.0159375
v 0.053818395 -0.13013052 0.0084375
v 0.053818395 -0.13013052 0.0159375
v 0.053574885 -0.129957225 0.0084375
v 0.053574885 -0.129957225 0.0159375
v 0.053345925 -0.129774555 0.0084375
v 0.053345925 -0.129774555 0.0159375
v 0.05313117 -0.129582675 0.0084375
v 0.05313117 -0.129582675 0.0159375
v 0.05293077 -0.129381645 0.0084375
v 0.05293077 -0.129381645 0.0159375
v 0.05274534 -0.129171045 0.0084375
v 0.05274534 -0.129171045 0.0159375
v 0.052575525 -0.12895044 0.0084375
v 0.052575525 -0.12895044 0.0159375
v 0.052420695 -0.12871905 0.0084375
v 0.052420695 -0.12871905 0.0159375
v 0.05228079 -0.12847734 0.0084375
v 0.05228079 -0.12847734 0.0159375
v 0.05215722 -0.128226645 0.0084375
v 0.05215722 -0.128226645 0.0159375
v 0.052051455 -0.1279683 0.0084375
v 0.052051455 -0.1279683 0.0159375
v 0.05196324 -0.12770415 0.0084375
v 0.05196324 -0.12770415 0.0159375
v 0.05189202 -0.127432935 0.0084375
v 0.05189202 -0.127432935 0.0159375
v 0.051850335 -0.127223025 0.0084375
v 0.051850335 -0.127223025 0.0159375
v 0.05181918 -0.127006035 0.0084375
v 0.05181918 -0.127006035 0.0159375
v 0.0517989 -0.126780795 0.0084375
v 0.0517989 -0.126780795 0.0159375
v 0.05178924 -0.12654816 0.0084375
v 0.05178924 -0.12654816 0.0159375
v 0.051790065 -0.126308625 0.0084375
v 0.051790065 -0.126308625 0.0159375
v 0.05180136 -0.12606216 0.0084375
v 0.05180136 -0.12606216 0.0159375
v 0.051823125 -0.125808795 0.0084375
v 0.051823125 -0.125808795 0.0159375
v 0.05185536 -0.1255485 0.0084375
v 0.05185536 -0.1255485 0.0159375
v 0.052138845 -0.12418914 0.0084375
v 0.052138845 -0.12418914 0.0159375
v 0.052337055 -0.123474195 0.0084375
v 0.052337055 -0.123474195 0.0159375
v 0.0525765 -0.12273162 0.0084375
v 0.0525765 -0.12273162 0.0159375
v 0.052853595 -0.12196554 0.0084375
v 0.052853595 -0.12196554 0.0159375
v 0.053157645 -0.12118824 0.0084375
v 0.053157645 -0.12118824 0.0159375
v 0.053492295 -0.12039924 0.0084375
v 0.053492295 -0.12039924 0.0159375
v 0.053853885 -0.119599035 0.0084375
v 0.053853885 -0.119599035 0.0159375
v 0.054220695 -0.11880141 0.0084375
v 0.054220695 -0.11880141 0.0159375
v 0.05458548 -0.118010925 0.0084375
v 0.05458548 -0.118010925 0.0159375
v 0.05495547 -0.117223005 0.0084375
v 0.03348876 -0.11789712 0.0159375
v 0.03348876 -0.11789712 0.0084375
v 0.03312009 -0.117780075 0.0084375
v 0.03457563 -0.118305585 0.0159375
v 0.03314163 -0.11778681 0.0159375
v 0.032805735 -0.11767722 0.0159375
v 0.03276531 -0.11766417 0.0084375
v 0.032481105 -0.117568335 0.0159375
v 0.03242442 -0.117549405 0.0084375
v 0.032167995 -0.117460665 0.0159375
v 0.03209769 -0.117436215 0.0084375
v 0.03186636 -0.117354105 0.0159375
v 0.031785075 -0.11732454 0.0084375
v 0.03157521 -0.11724684 0.0159375
v 0.031485555 -0.117212685 0.0084375
v 0.03115701 -0.117082845 0.0159375
v 0.03106002 -0.117043005 0.0084375
v 0.0307617 -0.11691564 0.0159375
v 0.03066291 -0.11687136 0.0084375
v 0.030388725 -0.11674263 0.0159375
v 0.03029151 -0.11669484 0.0084375
v 0.03003837 -0.116564055 0.0159375
v 0.02994618 -0.11651367 0.0084375
v 0.029712195 -0.116378145 0.0159375
v 0.02962599 -0.116325345 0.0084375
v 0.029410035 -0.11618502 0.0159375
v 0.029331 -0.116130045 0.0084375
v 0.02913474 -0.115983375 0.0159375
v 0.029063385 -0.115926135 0.0084375
v 0.028885455 -0.115773345 0.0159375
v 0.02882217 -0.115713675 0.0084375
v 0.028670565 -0.115552965 0.0159375
v 0.028617015 -0.11549079 0.0084375
v 0.02848956 -0.11532066 0.0159375
v 0.028447995 -0.11525553 0.0084375
v 0.028352145 -0.115082775 0.0159375
v 0.02832294 -0.115016055 0.0084375
v 0.028262835 -0.11483985 0.0159375
v 0.02824572 -0.11477409 0.0084375
v 0.02821563 -0.114357345 0.0159375
v 0.02822295 -0.11429334 0.0084375
v 0.028344495 -0.113886225 0.0159375
v 0.02837553 -0.11382288 0.0084375
v 0.02847303 -0.113656065 0.0159375
v 0.02851509 -0.11359326 0.0084375
v 0.02863701 -0.113432085 0.0159375
v 0.028689195 -0.113370675 0.0084375
v 0.02883588 -0.11321442 0.0159375
v 0.028897335 -0.11315493 0.0084375
v 0.02906349 -0.113005755 0.0159375
v 0.029133405 -0.112948035 0.0084375
v 0.02932023 -0.11280525 0.0159375
v 0.02939778 -0.1127493 0.0084375
v 0.029600775 -0.11261127 0.0159375
v 0.02968563 -0.112557015 0.0084375
v 0.029905725 -0.112423935 0.0159375
v 0.029997435 -0.112371345 0.0084375
v 0.03023493 -0.11224212 0.0159375
v 0.030332115 -0.112191825 0.0084375
v 0.03058824 -0.1120659 0.0159375
v 0.030689715 -0.1120185 0.0084375
v 0.030967785 -0.11189454 0.0159375
v 0.03106998 -0.111851055 0.0084375
v 0.03137325 -0.11172819 0.0159375
v 0.031472685 -0.11168964 0.0084375
v 0.03180795 -0.11156529 0.0159375
v 0.031898955 -0.11153295 0.0084375
v 0.03211386 -0.11145741 0.0159375
v 0.032195535 -0.11143017 0.0084375
v 0.032433495 -0.11135172 0.0159375
v 0.03250329 -0.11132997 0.0084375
v 0.032768565 -0.11125032 0.0159375
v 0.03282429 -0.111234045 0.0084375
v 0.03311919 -0.11115336 0.0159375
v 0.033158625 -0.111142455 0.0084375
v 0.03348486 -0.111060255 0.0159375
v 0.033505725 -0.11105478 0.0084375
v 0.033865605 -0.110970975 0.0084375
v 0.033865605 -0.110970975 0.0159375
v 0.034915545 -0.110815335 0.0084375
v 0.034915545 -0.110815335 0.0159375
v 0.036042345 -0.110619435 0.0084375
v 0.036042345 -0.110619435 0.0159375
v 0.03725646 -0.110397825 0.0084375
v 0.03725646 -0.110397825 0.0159375
v 0.03786807 -0.11023815 0.0084375
v 0.03786807 -0.11023815 0.0159375
v 0.038480895 -0.110032425 0.0084375
v 0.038480895 -0.110032425 0.0159375
v 0.039097095 -0.109790175 0.0084375
v 0.039097095 -0.109790175 0.0159375
v 0.03969897 -0.10951317 0.0084375
v 0.03969897 -0.10951317 0.0159375
v 0.04027182 -0.10920291 0.0084375
v 0.04027182 -0.10920291 0.0159375
v 0.04082226 -0.10885872 0.0084375
v 0.04082226 -0.10885872 0.0159375
v 0.041352495 -0.10848039 0.0084375
v 0.041352495 -0.10848039 0.0159375
v 0.041862525 -0.10806789 0.0084375
v 0.041862525 -0.10806789 0.0159375
v 0.04232976 -0.10766244 0.0084375
v 0.042384555 -0.107622195 0.0159375
v 0.04286505 -0.1072875 0.0084375
v 0.042678555 -0.10740525 0.0159375
v 0.042989655 -0.10722084 0.0159375
v 0.04347216 -0.107024325 0.0084375
v 0.043317285 -0.10707588 0.0159375
v 0.043650045 -0.10697529 0.0159375
v 0.04410972 -0.10690848 0.0084375
v 0.044312055 -0.10690317 0.0159375
v 0.044734395 -0.106943475 0.0084375
v 0.04493046 -0.106984755 0.0159375
v 0.04531566 -0.107110875 0.0084375
v 0.045486765 -0.107187045 0.0159375
v 0.04583445 -0.10738212 0.0084375
v 0.045968685 -0.107474535 0.0159375
v 0.046280865 -0.107726205 0.0084375
v 0.046371675 -0.10781232 0.0159375
v 0.04665594 -0.108105465 0.0084375
v 0.046697805 -0.108154665 0.0159375
v 0.04697052 -0.108474885 0.0084375
v 0.04697052 -0.108474885 0.0159375
v 0.04743243 -0.109016415 0.0084375
v 0.04743243 -0.109016415 0.0159375
v 0.047896785 -0.10953138 0.0084375
v 0.047896785 -0.10953138 0.0159375
v 0.04883289 -0.11048157 0.0084375
v 0.04883289 -0.11048157 0.0159375
v 0.049778835 -0.111325455 0.0084375
v 0.049778835 -0.111325455 0.0159375
v 0.050292705 -0.111774585 0.0084375
v 0.05013546 -0.111625755 0.0159375
v 0.05050383 -0.112012035 0.0159375
v 0.05068458 -0.112269615 0.0084375
v 0.050814375 -0.112507395 0.0159375
v 0.050929035 -0.11278944 0.0084375
v 0.051010665 -0.11308122 0.0159375
v 0.051051495 -0.11329839 0.0084375
v 0.05108739 -0.113667045 0.0159375
v 0.051091845 -0.113769075 0.0084375
v 0.05109021 -0.11419806 0.0084375
v 0.05109021 -0.11419806 0.0159375
v 0.05107809 -0.11461302 0.0084375
v 0.05107809 -0.11461302 0.0159375
v 0.0510561 -0.11502675 0.0084375
v 0.0510561 -0.11502675 0.0159375
v 0.05102424 -0.11543928 0.0084375
v 0.05102424 -0.11543928 0.0159375
v 0.050982495 -0.115850595 0.0084375
v 0.050982495 -0.115850595 0.0159375
v 0.05093025 -0.11626659 0.0084375
v 0.05093025 -0.11626659 0.0159375
v 0.05086773 -0.1166853 0.0084375
v 0.05086773 -0.1166853 0.0159375
v 0.05079615 -0.11709495 0.0084375
v 0.05079615 -0.11709495 0.0159375
v 0.05071671 -0.11748378 0.0084375
v 0.05071671 -0.11748378 0.0159375
v 0.05062983 -0.117848235 0.0084375
v 0.05062983 -0.117848235 0.0159375
v 0.050534835 -0.118194735 0.0084375
v 0.050534835 -0.118194735 0.0159375
v 0.05043132 -0.118526445 0.0084375
v 0.05043132 -0.118526445 0.0159375
v 0.05031891 -0.118846575 0.0084375
v 0.05031891 -0.118846575 0.0159375
v 0.050197995 -0.119155365 0.0084375
v 0.050197995 -0.119155365 0.0159375
v 0.050068605 -0.11945133 0.0084375
v 0.050068605 -0.11945133 0.0159375
v 0.04992987 -0.119734995 0.0084375
v 0.04992987 -0.119734995 0.0159375
v 0.049780905 -0.12000687 0.0084375
v 0.049780905 -0.12000687 0.0159375
v 0.04962015 -0.120268875 0.0084375
v 0.04962015 -0.120268875 0.0159375
v 0.049448505 -0.12052017 0.0084375
v 0.049448505 -0.12052017 0.0159375
v 0.04926885 -0.12075705 0.0084375
v 0.04926885 -0.12075705 0.0159375
v 0.04908408 -0.1209759 0.0084375
v 0.04908408 -0.1209759 0.0159375
v 0.048896325 -0.12117471 0.0084375
v 0.048896325 -0.12117471 0.0159375
v 0.04870362 -0.12135576 0.0084375
v 0.04870362 -0.12135576 0.0159375
v 0.04850256 -0.12152184 0.0084375
v 0.04850256 -0.12152184 0.0159375
v 0.04828977 -0.121675665 0.0084375
v 0.04828977 -0.121675665 0.0159375
v 0.0481212 -0.12178416 0.0084375
v 0.0481212 -0.12178416 0.0159375
v 0.047945895 -0.12188607 0.0084375
v 0.047945895 -0.12188607 0.0159375
v 0.04776483 -0.121980345 0.0084375
v 0.04776483 -0.121980345 0.0159375
v 0.04757904 -0.122065965 0.0084375
v 0.04757904 -0.122065965 0.0159375
v 0.047389515 -0.12214191 0.0084375
v 0.047389515 -0.12214191 0.0159375
v 0.047197305 -0.12220773 0.0084375
v 0.047197305 -0.12220773 0.0159375
v 0.04700244 -0.12226461 0.0084375
v 0.04700244 -0.12226461 0.0159375
v 0.046803555 -0.122312325 0.0084375
v 0.046803555 -0.122312325 0.0159375
v 0.04659924 -0.122350485 0.0084375
v 0.04659924 -0.122350485 0.0159375
v 0.0463881 -0.12237873 0.0084375
v 0.0463881 -0.12237873 0.0159375
v 0.04616886 -0.122396715 0.0084375
v 0.04616886 -0.122396715 0.0159375
v 0.045942465 -0.12240471 0.0084375
v 0.045942465 -0.12240471 0.0159375
v 0.045709395 -0.12240282 0.0084375
v 0.045709395 -0.12240282 0.0159375
v 0.045469665 -0.122391045 0.0084375
v 0.045469665 -0.122391045 0.0159375
v 0.045223245 -0.1223694 0.0084375
v 0.045223245 -0.1223694 0.0159375
v 0.044970165 -0.12233787 0.0084375
v 0.044970165 -0.12233787 0.0159375
v 0.044082 -0.12216234 0.0084375
v 0.044082 -0.12216234 0.0159375
v 0.043199265 -0.12194262 0.0084375
v 0.043199265 -0.12194262 0.0159375
v 0.0423171 -0.121673745 0.0084375
v 0.0423171 -0.121673745 0.0159375
v 0.041439885 -0.121360185 0.0084375
v 0.041439885 -0.121360185 0.0159375
v 0.04059906 -0.12103299 0.0084375
v 0.04059906 -0.12103299 0.0159375
v 0.03979266 -0.12068808 0.0084375
v 0.03979266 -0.12068808 0.0159375
v 0.039027615 -0.12034656 0.0084375
v 0.039027615 -0.12034656 0.0159375
v 0.03831171 -0.120014925 0.0084375
v 0.03831171 -0.120014925 0.0159375
v 0.037630965 -0.11969259 0.0084375
v 0.037630965 -0.11969259 0.0159375
v 0.036975195 -0.119383035 0.0084375
v 0.036975195 -0.119383035 0.0159375
v 0.03634614 -0.119086365 0.0084375
v 0.03634614 -0.119086365 0.0159375
v 0.035736225 -0.11880732 0.0084375
v 0.035736225 -0.11880732 0.0159375
v 0.03457563 -0.118305585 0.0084375
v 0.04364244 -0.098235075 0.0159375
v 0.043945245 -0.09825927 0.0159375
v 0.043779465 -0.098197515 0.0159375
v 0.04350246 -0.09828876 0.0159375
v 0.04411632 -0.098344725 0.0159375
v 0.043359615 -0.0983586 0.0159375
v 0.043214505 -0.09844491 0.0159375
v 0.04429308 -0.09845157 0.0159375
v 0.04306767 -0.098547735 0.0159375
v 0.044476065 -0.09857715 0.0159375
v 0.042919575 -0.09866709 0.0159375
v 0.04466562 -0.09871977 0.0159375
v 0.042771555 -0.098802555 0.0159375
v 0.04486146 -0.09888006 0.0159375
v 0.042622995 -0.098954775 0.0159375
v 0.04506369 -0.099058575 0.0159375
v 0.04247367 -0.099124155 0.0159375
v 0.04527273 -0.099255075 0.0159375
v 0.042324465 -0.099311565 0.0159375
v 0.0453801 -0.099360225 0.0159375
v 0.042175455 -0.09951705 0.0159375
v 0.045489645 -0.099469995 0.0159375
v 0.045601365 -0.09958458 0.0159375
v 0.0420267 -0.099740715 0.0159375
v 0.045715575 -0.09970452 0.0159375
v 0.045832185 -0.09982965 0.0159375
v 0.041877885 -0.09998283 0.0159375
v 0.04595151 -0.09996051 0.0159375
v 0.04607355 -0.10009716 0.0159375
v 0.041803515 -0.10011087 0.0159375
v 0.046198485 -0.10023978 0.0159375
v 0.04172931 -0.100243755 0.0159375
v 0.04165551 -0.100381515 0.0159375
v 0.04632663 -0.1003887 0.0159375
v 0.041581485 -0.10052394 0.0159375
v 0.046457895 -0.100543815 0.0159375
v 0.041506635 -0.100670835 0.0159375
v 0.046592835 -0.100705665 0.0159375
v 0.04143141 -0.10082229 0.0159375
v 0.046731435 -0.10087416 0.0159375
v 0.041355195 -0.100978215 0.0159375
v 0.04687398 -0.10104966 0.0159375
v 0.041277135 -0.101138385 0.0159375
v 0.0470208 -0.101232555 0.0159375
v 0.041197815 -0.1013028 0.0159375
v 0.047171835 -0.10142277 0.0159375
v 0.041116485 -0.101471565 0.0159375
v 0.0473277 -0.101620905 0.0159375
v 0.04103196 -0.101644845 0.0159375
v 0.040945095 -0.10182264 0.0159375
v 0.047488215 -0.101826795 0.0159375
v 0.040854765 -0.102004905 0.0159375
v 0.047654025 -0.10204104 0.0159375
v 0.04075896 -0.102191625 0.0159375
v 0.047767695 -0.10218873 0.0159375
v 0.04788369 -0.102340155 0.0159375
v 0.04065873 -0.102382995 0.0159375
v 0.048002445 -0.10249557 0.0159375
v 0.040552845 -0.102578715 0.0159375
v 0.04812432 -0.10265526 0.0159375
v 0.040438515 -0.102778275 0.0159375
v 0.048249015 -0.102819045 0.0159375
v 0.040316835 -0.102982155 0.0159375
v 0.048376665 -0.10298697 0.0159375
v 0.04018665 -0.103189785 0.0159375
v 0.048507825 -0.103159305 0.0159375
v 0.04864278 -0.1033362 0.0159375
v 0.04004433 -0.10339977 0.0159375
v 0.04878105 -0.10351743 0.0159375
v 0.03989076 -0.103612905 0.0159375
v 0.048923175 -0.10370322 0.0159375
v 0.039725115 -0.10382838 0.0159375
v 0.049069815 -0.103893855 0.0159375
v 0.03960588 -0.103971945 0.0159375
v 0.04922082 -0.104089395 0.0159375
v 0.039478665 -0.104114925 0.0159375
v 0.03934503 -0.104258745 0.0159375
v 0.049375935 -0.104289705 0.0159375
v 0.03920424 -0.1044024 0.0159375
v 0.04953624 -0.10449492 0.0159375
v 0.039055035 -0.10454454 0.0159375
v 0.03889626 -0.104683815 0.0159375
v 0.04970268 -0.104705115 0.0159375
v 0.038728125 -0.10482093 0.0159375
v 0.0498309 -0.10486608 0.0159375
v 0.03855144 -0.104956875 0.0159375
v 0.049962165 -0.105029805 0.0159375
v 0.038365395 -0.10508985 0.0159375
v 0.05009712 -0.10519632 0.0159375
v 0.03816915 -0.105218055 0.0159375
v 0.03796197 -0.105340035 0.0159375
v 0.050236425 -0.10536555 0.0159375
v 0.03774435 -0.10545807 0.0159375
v 0.05038044 -0.10553754 0.0159375
v 0.03751644 -0.10557147 0.0159375
v 0.03727815 -0.105678315 0.0159375
v 0.05052792 -0.105712545 0.0159375
v 0.037029315 -0.1057767 0.0159375
v 0.036835545 -0.10584399 0.0159375
v 0.05067954 -0.10589034 0.0159375
v 0.036635205 -0.105906135 0.0159375
v 0.036428775 -0.10596363 0.0159375
v 0.036216765 -0.106017015 0.0159375
v 0.035999715 -0.106066725 0.0159375
v 0.05083632 -0.106070595 0.0159375
v 0.035778135 -0.1061133 0.0159375
v 0.03555228 -0.106156185 0.0159375
v 0.035321175 -0.10619184 0.0159375
v 0.035085075 -0.106222545 0.0159375
v 0.03484431 -0.106251375 0.0159375
v 0.05099931 -0.106253025 0.0159375
v 0.0345993 -0.10628139 0.0159375
v 0.03435039 -0.10631565 0.0159375
v 0.03409791 -0.106356285 0.0159375
v 0.0338415 -0.106398285 0.0159375
v 0.051168705 -0.106437705 0.0159375
v 0.03358101 -0.10644192 0.0159375
v 0.03331647 -0.106489125 0.0159375
v 0.03310191 -0.106530705 0.0159375
v 0.032884755 -0.106576785 0.0159375
v 0.0513426 -0.106625505 0.0159375
v 0.032664975 -0.106628295 0.0159375
v 0.03244251 -0.10668537 0.0159375
v 0.03221715 -0.10674564 0.0159375
v 0.031989045 -0.10680954 0.0159375
v 0.051522435 -0.10681557 0.0159375
v 0.031758345 -0.10687779 0.0159375
v 0.044312055 -0.10690317 0.0159375
v 0.05167176 -0.10696854 0.0159375
v 0.031525215 -0.106951125 0.0159375
v 0.043650045 -0.10697529 0.0159375
v 0.03128982 -0.107030235 0.0159375
v 0.043317285 -0.10707588 0.0159375
v 0.03105231 -0.107115855 0.0159375
v 0.03081285 -0.107208705 0.0159375
v 0.042989655 -0.10722084 0.0159375
v 0.030571035 -0.10730781 0.0159375
v 0.042678555 -0.10740525 0.0159375
v 0.03032646 -0.10741203 0.0159375
v 0.0300795 -0.107521995 0.0159375
v 0.042384555 -0.107622195 0.0159375
v 0.0298305 -0.107638365 0.0159375
v 0.029621685 -0.10774071 0.0159375
v 0.029411895 -0.10784832 0.0159375
v 0.02920134 -0.10796157 0.0159375
v 0.041862525 -0.10806789 0.0159375
v 0.028990215 -0.10808085 0.0159375
v 0.02877834 -0.108206295 0.0159375
v 0.02856447 -0.108337095 0.0159375
v 0.02834895 -0.108473205 0.0159375
v 0.041352495 -0.10848039 0.0159375
v 0.028132275 -0.108614685 0.0159375
v 0.02791497 -0.108761595 0.0159375
v 0.04082226 -0.10885872 0.0159375
v 0.027697545 -0.108914025 0.0159375
v 0.027480525 -0.109072005 0.0159375
v 0.04027182 -0.10920291 0.0159375
v 0.02726442 -0.10923561 0.0159375
v 0.02708031 -0.109380375 0.0159375
v 0.03969897 -0.10951317 0.0159375
v 0.026897535 -0.109529385 0.0159375
v 0.02671407 -0.10968459 0.0159375
v 0.039097095 -0.109790175 0.0159375
v 0.02652918 -0.10984638 0.0159375
v 0.026343645 -0.110013705 0.0159375
v 0.038480895 -0.110032425 0.0159375
v 0.026158275 -0.11018559 0.0159375
v 0.03786807 -0.11023815 0.0159375
v 0.02597385 -0.110361 0.0159375
v 0.03725646 -0.110397825 0.0159375
v 0.025791165 -0.110538945 0.0159375
v 0.036042345 -0.110619435 0.0159375
v 0.025611 -0.110718375 0.0159375
v 0.034915545 -0.110815335 0.0159375
v 0.025434165 -0.110898315 0.0159375
v 0.033865605 -0.110970975 0.0159375
v 0.025261425 -0.11107773 0.0159375
v 0.03348486 -0.111060255 0.0159375
v 0.03311919 -0.11115336 0.0159375
v 0.025093575 -0.11125563 0.0159375
v 0.032768565 -0.11125032 0.0159375
v 0.032433495 -0.11135172 0.0159375
v 0.02493114 -0.111431415 0.0159375
v 0.03211386 -0.11145741 0.0159375
v 0.02477232 -0.11160795 0.0159375
v 0.03180795 -0.11156529 0.0159375
v 0.03137325 -0.11172819 0.0159375
v 0.024591105 -0.111815385 0.0159375
v 0.030967785 -0.11189454 0.0159375
v 0.02441433 -0.112023915 0.0159375
v 0.03058824 -0.1120659 0.0159375
v 0.0242421 -0.112233045 0.0159375
v 0.03023493 -0.11224212 0.0159375
v 0.02407446 -0.112442235 0.0159375
v 0.029905725 -0.112423935 0.0159375
v 0.029600775 -0.11261127 0.0159375
v 0.0239115 -0.11265102 0.0159375
v 0.02932023 -0.11280525 0.0159375
v 0.023753295 -0.11285886 0.0159375
v 0.02906349 -0.113005755 0.0159375
v 0.023599935 -0.11306526 0.0159375
v 0.02883588 -0.11321442 0.0159375
v 0.02345148 -0.113269725 0.0159375
v 0.02863701 -0.113432085 0.0159375
v 0.02330802 -0.1134726 0.0159375
v 0.02847303 -0.113656065 0.0159375
v 0.023169495 -0.113674545 0.0159375
v 0.02303583 -0.113875575 0.0159375
v 0.028344495 -0.113886225 0.0159375
v 0.02290692 -0.114075735 0.0159375
v 0.02278266 -0.114275025 0.0159375
v 0.02821563 -0.114357345 0.0159375
v 0.02266296 -0.114473505 0.0159375
v 0.022547715 -0.11467119 0.0159375
v 0.028262835 -0.11483985 0.0159375
v 0.022436835 -0.114868125 0.0159375
v 0.02233023 -0.115064325 0.0159375
v 0.028352145 -0.115082775 0.0159375
v 0.02222775 -0.115258695 0.0159375
v 0.02848956 -0.11532066 0.0159375
v 0.022110225 -0.115487955 0.0159375
v 0.028670565 -0.115552965 0.0159375
v 0.02199891 -0.11571453 0.0159375
v 0.028885455 -0.115773345 0.0159375
v 0.02189403 -0.11594028 0.0159375
v 0.02913474 -0.115983375 0.0159375
v 0.021795885 -0.11616702 0.0159375
v 0.029410035 -0.11618502 0.0159375
v 0.0217047 -0.11639664 0.0159375
v 0.029712195 -0.116378145 0.0159375
v 0.03003837 -0.116564055 0.0159375
v 0.021620775 -0.116630925 0.0159375
v 0.030388725 -0.11674263 0.0159375
v 0.021544335 -0.116871765 0.0159375
v 0.0307617 -0.11691564 0.0159375
v 0.021475785 -0.117117135 0.0159375
v 0.03115701 -0.117082845 0.0159375
v 0.03157521 -0.11724684 0.0159375
v 0.02141499 -0.117365085 0.0159375
v 0.03186636 -0.117354105 0.0159375
v 0.032167995 -0.117460665 0.0159375
v 0.021361485 -0.11761626 0.0159375
v 0.032481105 -0.117568335 0.0159375
v 0.032805735 -0.11767722 0.0159375
v 0.02131482 -0.11787135 0.0159375
v 0.03314163 -0.11778681 0.0159375
v 0.03348876 -0.11789712 0.0159375
v 0.021274575 -0.11813103 0.0159375
v 0.03457563 -0.118305585 0.0159375
v 0.021240285 -0.11839596 0.0159375
v 0.021211515 -0.11866683 0.0159375
v 0.035736225 -0.11880732 0.0159375
v 0.02118804 -0.11894424 0.0159375
v 0.03634614 -0.119086365 0.0159375
v 0.021173715 -0.119180235 0.0159375
v 0.036975195 -0.119383035 0.0159375
v 0.021164115 -0.11942031 0.0159375
v 0.03069663 -0.11940609 0.0159375
v 0.030551775 -0.119427375 0.0159375
v 0.03084147 -0.119427375 0.0159375
v 0.030971175 -0.119495295 0.0159375
v 0.031075845 -0.119597655 0.0159375
v 0.037630965 -0.11969259 0.0159375
v 0.03113871 -0.11972226 0.0159375
v 0.03116538 -0.11987319 0.0159375
v 0.03831171 -0.120014925 0.0159375
v 0.03113871 -0.120024105 0.0159375
v 0.031075845 -0.120148695 0.0159375
v 0.030971175 -0.12025107 0.0159375
v 0.03084147 -0.12031899 0.0159375
v 0.03069663 -0.120340275 0.0159375
v 0.039027615 -0.12034656 0.0159375
v 0.02116533 -0.120416205 0.0159375
v 0.030551775 -0.12031899 0.0159375
v 0.021173625 -0.120672825 0.0159375
v 0.03979266 -0.12068808 0.0159375
v 0.02118435 -0.120931995 0.0159375
v 0.04059906 -0.12103299 0.0159375
v 0.021197265 -0.12119358 0.0159375
v 0.041439885 -0.121360185 0.0159375
v 0.021214155 -0.121458915 0.0159375
v 0.0423171 -0.121673745 0.0159375
v 0.02123514 -0.121728105 0.0159375
v 0.043199265 -0.12194262 0.0159375
v 0.02125956 -0.122000565 0.0159375
v 0.044082 -0.12216234 0.0159375
v 0.02128275 -0.122236335 0.0159375
v 0.044970165 -0.12233787 0.0159375
v 0.021307575 -0.122473815 0.0159375
v 0.045223245 -0.1223694 0.0159375
v 0.045469665 -0.122391045 0.0159375
v 0.045709395 -0.12240282 0.0159375
v 0.045942465 -0.12240471 0.0159375
v 0.02133363 -0.12271263 0.0159375
v 0.0525765 -0.12273162 0.0159375
v 0.02136051 -0.122952495 0.0159375
v 0.04616886 -0.122396715 0.0159375
v 0.052853595 -0.12196554 0.0159375
v 0.0463881 -0.12237873 0.0159375
v 0.04659924 -0.122350485 0.0159375
v 0.046803555 -0.122312325 0.0159375
v 0.04700244 -0.12226461 0.0159375
v 0.047197305 -0.12220773 0.0159375
v 0.047389515 -0.12214191 0.0159375
v 0.04757904 -0.122065965 0.0159375
v 0.04776483 -0.121980345 0.0159375
v 0.047945895 -0.12188607 0.0159375
v 0.053157645 -0.12118824 0.0159375
v 0.0481212 -0.12178416 0.0159375
v 0.04828977 -0.121675665 0.0159375
v 0.04850256 -0.12152184 0.0159375
v 0.04870362 -0.12135576 0.0159375
v 0.048896325 -0.12117471 0.0159375
v 0.053492295 -0.12039924 0.0159375
v 0.04908408 -0.1209759 0.0159375
v 0.04926885 -0.12075705 0.0159375
v 0.049448505 -0.12052017 0.0159375
v 0.04962015 -0.120268875 0.0159375
v 0.053853885 -0.119599035 0.0159375
v 0.049780905 -0.12000687 0.0159375
v 0.04992987 -0.119734995 0.0159375
v 0.050068605 -0.11945133 0.0159375
v 0.054220695 -0.11880141 0.0159375
v 0.050197995 -0.119155365 0.0159375
v 0.05031891 -0.118846575 0.0159375
v 0.05043132 -0.118526445 0.0159375
v 0.05458548 -0.118010925 0.0159375
v 0.050534835 -0.118194735 0.0159375
v 0.05062983 -0.117848235 0.0159375
v 0.05495547 -0.117223005 0.0159375
v 0.05071671 -0.11748378 0.0159375
v 0.05079615 -0.11709495 0.0159375
v 0.05533068 -0.116437665 0.0159375
v 0.05086773 -0.1166853 0.0159375
v 0.05093025 -0.11626659 0.0159375
v 0.05548629 -0.116088645 0.0159375
v 0.050982495 -0.115850595 0.0159375
v 0.055662 -0.11577039 0.0159375
v 0.05585772 -0.1154826 0.0159375
v 0.05102424 -0.11543928 0.0159375
v 0.05607345 -0.11522523 0.0159375
v 0.0510561 -0.11502675 0.0159375
v 0.05630973 -0.11500089 0.0159375
v 0.056564835 -0.114810855 0.0159375
v 0.056843655 -0.114652725 0.0159375
v 0.05107809 -0.11461302 0.0159375
v 0.057151875 -0.114524235 0.0159375
v 0.057486855 -0.114426495 0.0159375
v 0.0578448 -0.11436162 0.0159375
v 0.058225755 -0.11432958 0.0159375
v 0.05109021 -0.11419806 0.0159375
v 0.065640555 -0.11415333 0.0159375
v 0.058630185 -0.114330105 0.0159375
v 0.065538675 -0.113970345 0.0159375
v 0.06543753 -0.11379279 0.0159375
v 0.05108739 -0.113667045 0.0159375
v 0.065337 -0.113621085 0.0159375
v 0.06523713 -0.113454885 0.0159375
v 0.065138025 -0.113293665 0.0159375
v 0.065039655 -0.1131375 0.0159375
v 0.051010665 -0.11308122 0.0159375
v 0.064942005 -0.112986495 0.0159375
v 0.064845255 -0.11284011 0.0159375
v 0.06474957 -0.112697955 0.0159375
v 0.06465486 -0.112560375 0.0159375
v 0.050814375 -0.112507395 0.0159375
v 0.064514595 -0.112362 0.0159375
v 0.064376445 -0.11217267 0.0159375
v 0.05050383 -0.112012035 0.0159375
v 0.064240425 -0.11199249 0.0159375
v 0.06410706 -0.11182017 0.0159375
v 0.054320055 -0.11174205 0.0159375
v 0.063976425 -0.111655785 0.0159375
v 0.0541752 -0.111720765 0.0159375
v 0.054045495 -0.111652845 0.0159375
v 0.05013546 -0.111625755 0.0159375
v 0.053940825 -0.111550485 0.0159375
v 0.05387796 -0.11142588 0.0159375
v 0.049778835 -0.111325455 0.0159375
v 0.053851305 -0.111274965 0.0159375
v 0.05387796 -0.111124035 0.0159375
v 0.053940825 -0.11099943 0.0159375
v 0.054045495 -0.11089707 0.0159375
v 0.0541752 -0.11082915 0.0159375
v 0.054320055 -0.110807865 0.0159375
v 0.04883289 -0.11048157 0.0159375
v 0.06302415 -0.110583915 0.0159375
v 0.063133815 -0.11069724 0.0159375
v 0.06291765 -0.110475075 0.0159375
v 0.06281382 -0.110371065 0.0159375
v 0.062712135 -0.11027199 0.0159375
v 0.062514585 -0.11008878 0.0159375
v 0.06232233 -0.109926 0.0159375
v 0.06222558 -0.109878555 0.0159375
v 0.062115 -0.109839375 0.0159375
v 0.058722645 -0.109829685 0.0159375
v 0.061991655 -0.109808295 0.0159375
v 0.058539495 -0.109829445 0.0159375
v 0.058387875 -0.109827165 0.0159375
v 0.0582318 -0.10982319 0.0159375
v 0.058070895 -0.109816875 0.0159375
v 0.0579051 -0.109808175 0.0159375
v 0.057734415 -0.109797045 0.0159375
v 0.057588105 -0.109785255 0.0159375
v 0.05743806 -0.109771245 0.0159375
v 0.057284355 -0.10975509 0.0159375
v 0.057126765 -0.10973598 0.0159375
v 0.056965155 -0.109713405 0.0159375
v 0.056799645 -0.109687905 0.0159375
v 0.056654595 -0.10966326 0.0159375
v 0.05650653 -0.10963557 0.0159375
v 0.056355465 -0.109604865 0.0159375
v 0.05620143 -0.109571445 0.0159375
v 0.056044365 -0.109534725 0.0159375
v 0.047896785 -0.10953138 0.0159375
v 0.055884165 -0.109494075 0.0159375
v 0.055720845 -0.1094496 0.0159375
v 0.055575435 -0.10940787 0.0159375
v 0.055427595 -0.10936296 0.0159375
v 0.055277265 -0.10931442 0.0159375
v 0.0551244 -0.10926186 0.0159375
v 0.05496903 -0.109205595 0.0159375
v 0.05481117 -0.109145715 0.0159375
v 0.05465082 -0.109082205 0.0159375
v 0.04743243 -0.109016415 0.0159375
v 0.05448798 -0.109015065 0.0159375
v 0.05427441 -0.10890744 0.0159375
v 0.05406681 -0.108797865 0.0159375
v 0.05386515 -0.108686325 0.0159375
v 0.05366946 -0.108572835 0.0159375
v 0.04697052 -0.108474885 0.0159375
v 0.053479725 -0.10845738 0.0159375
v 0.05329593 -0.10833996 0.0159375
v 0.05308326 -0.10819647 0.0159375
v 0.046697805 -0.108154665 0.0159375
v 0.05288019 -0.108049035 0.0159375
v 0.052687305 -0.107897055 0.0159375
v 0.046371675 -0.10781232 0.0159375
v 0.05250315 -0.107742075 0.0159375
v 0.052326315 -0.107585655 0.0159375
v 0.045968685 -0.107474535 0.0159375
v 0.052155345 -0.107429325 0.0159375
v 0.0519888 -0.10727469 0.0159375
v 0.045486765 -0.107187045 0.0159375
v 0.051826935 -0.107121735 0.0159375
v 0.04493046 -0.106984755 0.0159375
v 0.058899135 -0.10982775 0.0159375
v 0.059069295 -0.10982418 0.0159375
v 0.05923323 -0.10981911 0.0159375
v 0.059391495 -0.10981338 0.0159375
v 0.059544015 -0.10980684 0.0159375
v 0.061856925 -0.109783935 0.0159375
v 0.05969142 -0.10979994 0.0159375
v 0.05983365 -0.10979262 0.0159375
v 0.060015885 -0.109782855 0.0159375
v 0.061711305 -0.109764945 0.0159375
v 0.060189795 -0.109773195 0.0159375
v 0.06035595 -0.10976433 0.0159375
v 0.06155472 -0.10975095 0.0159375
v 0.06051456 -0.10975641 0.0159375
v 0.060666105 -0.109749885 0.0159375
v 0.06138699 -0.10974222 0.0159375
v 0.060810915 -0.109744785 0.0159375
v 0.0609492 -0.10974117 0.0159375
v 0.06120774 -0.10973874 0.0159375
v 0.061081425 -0.109739115 0.0159375
v 0.063246315 -0.11081562 0.0159375
v 0.054464895 -0.11082915 0.0159375
v 0.0545946 -0.11089707 0.0159375
v 0.063361425 -0.11093991 0.0159375
v 0.05469927 -0.11099943 0.0159375
v 0.06347922 -0.111069915 0.0159375
v 0.05476215 -0.111124035 0.0159375
v 0.06359964 -0.111206355 0.0159375
v 0.054788805 -0.111274965 0.0159375
v 0.0637227 -0.111349095 0.0159375
v 0.05476215 -0.11142588 0.0159375
v 0.063848325 -0.111498825 0.0159375
v 0.05469927 -0.111550485 0.0159375
v 0.0545946 -0.111652845 0.0159375
v 0.054464895 -0.111720765 0.0159375
v 0.06574299 -0.114342195 0.0159375
v 0.059102115 -0.114346185 0.0159375
v 0.059627325 -0.11443005 0.0159375
v 0.06584577 -0.114537585 0.0159375
v 0.060189105 -0.11464317 0.0159375
v 0.065948985 -0.114739365 0.0159375
v 0.06046791 -0.11480949 0.0159375
v 0.06605262 -0.114947445 0.0159375
v 0.060736755 -0.11501859 0.0159375
v 0.06615639 -0.115162485 0.0159375
v 0.06099099 -0.11526834 0.0159375
v 0.066260055 -0.11538495 0.0159375
v 0.061221435 -0.11555178 0.0159375
v 0.0663639 -0.115614315 0.0159375
v 0.06142746 -0.115851315 0.0159375
v 0.066467625 -0.11585112 0.0159375
v 0.066545085 -0.116034015 0.0159375
v 0.06160845 -0.116162145 0.0159375
v 0.066622185 -0.11622159 0.0159375
v 0.062002125 -0.11692389 0.0159375
v 0.06669909 -0.11641341 0.0159375
v 0.066775725 -0.11660979 0.0159375
v 0.066852 -0.116811075 0.0159375
v 0.06692781 -0.117017595 0.0159375
v 0.06235191 -0.117680715 0.0159375
v 0.06700338 -0.117229095 0.0159375
v 0.067078725 -0.11744538 0.0159375
v 0.067153515 -0.11766693 0.0159375
v 0.067227435 -0.11789424 0.0159375
v 0.06265701 -0.118433715 0.0159375
v 0.0673002 -0.1181277 0.0159375
v 0.06737211 -0.118366695 0.0159375
v 0.06742902 -0.11856195 0.0159375
v 0.062915115 -0.119186175 0.0159375
v 0.067485285 -0.118761135 0.0159375
v 0.06754077 -0.118964475 0.0159375
v 0.0675954 -0.11917227 0.0159375
v 0.067649235 -0.11938437 0.0159375
v 0.0631362 -0.119923995 0.0159375
v 0.067702485 -0.11960034 0.0159375
v 0.067754955 -0.11982051 0.0159375
v 0.067806495 -0.120045225 0.0159375
v 0.063324765 -0.120637755 0.0159375
v 0.06785691 -0.120274785 0.0159375
v 0.06790602 -0.120509595 0.0159375
v 0.067954005 -0.120749205 0.0159375
v 0.063479955 -0.121331865 0.0159375
v 0.06800103 -0.120993315 0.0159375
v 0.068046915 -0.12124236 0.0159375
v 0.068091495 -0.121496745 0.0159375
v 0.063612645 -0.122004495 0.0159375
v 0.068134575 -0.12175689 0.0159375
v 0.068169195 -0.121978395 0.0159375
v 0.068202855 -0.122203785 0.0159375
v 0.06381009 -0.12328521 0.0159375
v 0.068235675 -0.1224327 0.0159375
v 0.06826752 -0.122665485 0.0159375
v 0.06829824 -0.12290247 0.0159375
v 0.06832773 -0.123143985 0.0159375
v 0.068351895 -0.123354855 0.0159375
v 0.06394239 -0.124484415 0.0159375
v 0.06837495 -0.123569505 0.0159375
v 0.068396775 -0.12378798 0.0159375
v 0.06841734 -0.12400992 0.0159375
v 0.068436765 -0.124235325 0.0159375
v 0.0684552 -0.124464225 0.0159375
v 0.068472765 -0.124696635 0.0159375
v 0.06403035 -0.125615895 0.0159375
v 0.068489625 -0.124932615 0.0159375
v 0.068505915 -0.12517218 0.0159375
v 0.06852177 -0.12541536 0.0159375
v 0.06853695 -0.125662815 0.0159375
v 0.064090485 -0.1267131 0.0159375
v 0.068549595 -0.12591744 0.0159375
v 0.06856032 -0.12617802 0.0159375
v 0.068570205 -0.12644262 0.0159375
v 0.06857901 -0.126675915 0.0159375
v 0.0685887 -0.12690948 0.0159375
v 0.064134285 -0.127813905 0.0159375
v 0.068599995 -0.12714207 0.0159375
v 0.068613615 -0.12737235 0.0159375
v 0.06863025 -0.127599045 0.0159375
v 0.068650245 -0.12782205 0.0159375
v 0.064168455 -0.128316915 0.0159375
v 0.06867258 -0.128044455 0.0159375
v 0.068697 -0.12826614 0.0159375
v 0.06872715 -0.128518095 0.0159375
v 0.064163865 -0.12886917 0.0159375
v 0.068759415 -0.12876801 0.0159375
v 0.068793465 -0.1290153 0.0159375
v 0.064072575 -0.129443835 0.0159375
v 0.068829015 -0.12925935 0.0159375
v 0.068865705 -0.129499605 0.0159375
v 0.063862995 -0.130011225 0.0159375
v 0.068903295 -0.129735465 0.0159375
v 0.06894291 -0.12996702 0.0159375
v 0.068984835 -0.13019475 0.0159375
v 0.06352608 -0.130537515 0.0159375
v 0.069028515 -0.130419015 0.0159375
v 0.069073395 -0.130640145 0.0159375
v 0.06306393 -0.1309875 0.0159375
v 0.069118905 -0.13085847 0.0159375
v 0.069164505 -0.13107435 0.0159375
v 0.062491515 -0.13133316 0.0159375
v 0.06920961 -0.131288115 0.0159375
v 0.06925368 -0.13150011 0.0159375
v 0.061844325 -0.131558025 0.0159375
v 0.061174005 -0.131660055 0.0159375
v 0.060531255 -0.1316763 0.0159375
v 0.06930507 -0.13174467 0.0159375
v 0.0411366 -0.131747715 0.0159375
v 0.06004659 -0.131669625 0.0159375
v 0.069357465 -0.131985675 0.0159375
v 0.04769013 -0.13236645 0.0159375
v 0.06941004 -0.132223365 0.0159375
v 0.04746762 -0.13237344 0.0159375
v 0.04082154 -0.13264578 0.0159375
v 0.04725204 -0.13239009 0.0159375
v 0.04704429 -0.132416655 0.0159375
v 0.04684314 -0.13245279 0.0159375
v 0.046647255 -0.132498105 0.0159375
v 0.046455285 -0.13255224 0.0159375
v 0.046265925 -0.13261494 0.0159375
v 0.046079265 -0.13268727 0.0159375
v 0.040474905 -0.13354272 0.0159375
v 0.04583625 -0.13279794 0.0159375
v 0.04560186 -0.132922935 0.0159375
v 0.045378255 -0.13306005 0.0159375
v 0.045167205 -0.13320789 0.0159375
v 0.044967195 -0.133367865 0.0159375
v 0.0447753 -0.133542105 0.0159375
v 0.04458858 -0.1337328 0.0159375
v 0.040093335 -0.134437545 0.0159375
v 0.044405505 -0.133941405 0.0159375
v 0.04422789 -0.13416648 0.0159375
v 0.044057835 -0.13440576 0.0159375
v 0.04389744 -0.134656935 0.0159375
v 0.03969462 -0.135321675 0.0159375
v 0.043747035 -0.134920395 0.0159375
v 0.04360557 -0.135197025 0.0159375
v 0.043473105 -0.13548531 0.0159375
v 0.039296415 -0.136181355 0.0159375
v 0.0433497 -0.13578372 0.0159375
v 0.043235985 -0.13608897 0.0159375
v 0.043131735 -0.136402815 0.0159375
v 0.038895495 -0.13702125 0.0159375
v 0.04303566 -0.13673136 0.0159375
v 0.0429465 -0.13708068 0.0159375
v 0.038515515 -0.13783854 0.0159375
v 0.042863025 -0.137459145 0.0159375
v 0.042786225 -0.13786128 0.0159375
v 0.038155995 -0.138633225 0.0159375
v 0.042718095 -0.13827231 0.0159375
v 0.042660645 -0.138677475 0.0159375
v 0.0378141 -0.139405725 0.0159375
v 0.042614205 -0.1390743 0.0159375
v 0.042577785 -0.139470195 0.0159375
v 0.03768861 -0.13971975 0.0159375
v 0.04255137 -0.13986513 0.0159375
v 0.0375339 -0.14002344 0.0159375
v 0.042534975 -0.140259135 0.0159375
v 0.037350915 -0.140322195 0.0159375
v 0.037136835 -0.140599785 0.0159375
v 0.04252491 -0.14060976 0.0159375
v 0.03688596 -0.140841975 0.0159375
v 0.04253997 -0.14096049 0.0159375
v 0.036608085 -0.141048225 0.0159375
v 0.036307305 -0.14120988 0.0159375
v 0.04258209 -0.141307245 0.0159375
v 0.035995125 -0.14133684 0.0159375
v 0.03568602 -0.14143701 0.0159375
v 0.03537519 -0.14150775 0.0159375
v 0.042659535 -0.141635775 0.0159375
v 0.034763835 -0.141677175 0.0159375
v 0.03417852 -0.141864675 0.0159375
v 0.042768465 -0.141937575 0.0159375
v 0.03383781 -0.141979065 0.0159375
v 0.033476385 -0.14208297 0.0159375
v 0.03306396 -0.14215965 0.0159375
v 0.032590275 -0.14217654 0.0159375
v 0.04290594 -0.14220936 0.0159375
v 0.025926615 -0.142377735 0.0159375
v 0.025788465 -0.14214681 0.0159375
v 0.026064975 -0.14260326 0.0159375
v 0.04323903 -0.142660485 0.0159375
v 0.02620329 -0.142823775 0.0159375
v 0.04360095 -0.142996245 0.0159375
v 0.02634159 -0.143039205 0.0159375
v 0.039294855 -0.143029515 0.0159375
v 0.03915 -0.1430508 0.0159375
v 0.039439695 -0.1430508 0.0159375
v 0.0395694 -0.14311872 0.0159375
v 0.03967407 -0.143221095 0.0159375
v 0.04395051 -0.14326575 0.0159375
v 0.039736935 -0.143345685 0.0159375
v 0.039763605 -0.143496615 0.0159375
v 0.039736935 -0.14364753 0.0159375
v 0.03967407 -0.143772135 0.0159375
v 0.0395694 -0.143874495 0.0159375
v 0.039439695 -0.143942415 0.0159375
v 0.04491156 -0.14407875 0.0159375
v 0.039294855 -0.1439637 0.0159375
v 0.027036165 -0.14403531 0.0159375
v 0.03915 -0.143942415 0.0159375
v 0.027176085 -0.144218805 0.0159375
v 0.02731653 -0.14439684 0.0159375
v 0.027457305 -0.144569625 0.0159375
v 0.02759814 -0.14473734 0.0159375
v 0.02773884 -0.144900225 0.0159375
v 0.045852285 -0.145020795 0.0159375
v 0.02787915 -0.14505849 0.0159375
v 0.02801904 -0.145212075 0.0159375
v 0.02820546 -0.145408935 0.0159375
v 0.046315035 -0.145540215 0.0159375
v 0.028391505 -0.14559729 0.0159375
v 0.03807552 -0.14566545 0.0159375
v 0.03784137 -0.14566761 0.0159375
v 0.038308365 -0.145675125 0.0159375
v 0.03853971 -0.14569656 0.0159375
v 0.038768925 -0.1457292 0.0159375
v 0.03899619 -0.145772895 0.0159375
v 0.03922158 -0.1458276 0.0159375
v 0.03944526 -0.14589321 0.0159375
v 0.039667365 -0.14596965 0.0159375
v 0.03984492 -0.14603979 0.0159375
v 0.046772715 -0.1460919 0.0159375
v 0.040022805 -0.1461186 0.0159375
v 0.040200075 -0.14620494 0.0159375
v 0.040375755 -0.1462977 0.0159375
v 0.04701282 -0.146384715 0.0159375
v 0.04054893 -0.14639577 0.0159375
v 0.04071861 -0.14649804 0.0159375
v 0.040883865 -0.146603385 0.0159375
v 0.047287365 -0.146692635 0.0159375
v 0.041044125 -0.14671149 0.0159375
v 0.041200995 -0.146826015 0.0159375
v 0.041354595 -0.14694624 0.0159375
v 0.04761621 -0.147002685 0.0159375
v 0.04154169 -0.14710224 0.0159375
v 0.041722935 -0.147261825 0.0159375
v 0.048015645 -0.14729238 0.0159375
v 0.04189791 -0.147422025 0.0159375
v 0.04850379 -0.14753598 0.0159375
v 0.04206621 -0.14757987 0.0159375
v 0.04908801 -0.147697455 0.0159375
v 0.04222713 -0.14773689 0.0159375
v 0.049757865 -0.14772048 0.0159375
v 0.058250145 -0.14779857 0.0159375
v 0.042380895 -0.14789577 0.0159375
v 0.058458645 -0.14769591 0.0159375
v 0.05866983 -0.147590505 0.0159375
v 0.0504567 -0.147565455 0.0159375
v 0.05888361 -0.147482175 0.0159375
v 0.05910009 -0.14737197 0.0159375
v 0.059282565 -0.147278445 0.0159375
v 0.051087165 -0.14724849 0.0159375
v 0.05946699 -0.14718315 0.0159375
v 0.059653365 -0.14708583 0.0159375
v 0.059841735 -0.146986245 0.0159375
v 0.060032115 -0.14688411 0.0159375
v 0.05161368 -0.14683377 0.0159375
v 0.060224505 -0.14677986 0.0159375
v 0.06041889 -0.146673825 0.0159375
v 0.06061524 -0.14656572 0.0159375
v 0.06081357 -0.1464552 0.0159375
v 0.052048965 -0.146418945 0.0159375
v 0.06101388 -0.14634195 0.0159375
v 0.061216155 -0.146225685 0.0159375
v 0.06142041 -0.146106075 0.0159375
v 0.061626735 -0.145983675 0.0159375
v 0.0525717 -0.145952895 0.0159375
v 0.06183519 -0.14585895 0.0159375
v 0.062045655 -0.145731465 0.0159375
v 0.062258025 -0.14560074 0.0159375
v 0.053109075 -0.14552418 0.0159375
v 0.062472165 -0.14546634 0.0159375
v 0.062688 -0.145327785 0.0159375
v 0.062874225 -0.14520543 0.0159375
v 0.053661105 -0.145132785 0.0159375
v 0.063062445 -0.14507934 0.0159375
v 0.063253725 -0.144949545 0.0159375
v 0.06344712 -0.14481648 0.0159375
v 0.05423511 -0.14478681 0.0159375
v 0.06364167 -0.144680535 0.0159375
v 0.063836385 -0.144542115 0.0159375
v 0.054823755 -0.14447817 0.0159375
v 0.064030305 -0.14440164 0.0159375
v 0.064222455 -0.1442595 0.0159375
v 0.055405065 -0.14418252 0.0159375
v 0.06441183 -0.144116115 0.0159375
v 0.064598685 -0.143971155 0.0159375
v 0.064785975 -0.143822775 0.0159375
v 0.06497295 -0.14367168 0.0159375
v 0.05654142 -0.14361927 0.0159375
v 0.065158575 -0.14351871 0.0159375
v 0.06534183 -0.143364765 0.0159375
v 0.06552168 -0.143210685 0.0159375
v 0.057596445 -0.14308161 0.0159375
v 0.06569709 -0.143057385 0.0159375
v 0.065866995 -0.14290569 0.0159375
v 0.066030705 -0.142756185 0.0159375
v 0.066189435 -0.142607475 0.0159375
v 0.05855457 -0.14256159 0.0159375
v 0.06634368 -0.142459275 0.0159375
v 0.058739595 -0.14245689 0.0159375
v 0.06649365 -0.14231163 0.0159375
v 0.058928325 -0.142347615 0.0159375
v 0.059127465 -0.142228125 0.0159375
v 0.066663525 -0.142140135 0.0159375
v 0.05934336 -0.14209134 0.0159375
v 0.06682827 -0.14196948 0.0159375
v 0.05957961 -0.14192958 0.0159375
v 0.066988215 -0.141799755 0.0159375
v 0.059834835 -0.14173614 0.0159375
v 0.067143765 -0.14163096 0.0159375
v 0.06010476 -0.141503745 0.0159375
v 0.06729441 -0.14146308 0.0159375
v 0.0674397 -0.14129601 0.0159375
v 0.06038538 -0.141222825 0.0159375
v 0.06760746 -0.14109669 0.0159375
v 0.067768605 -0.140898735 0.0159375
v 0.06066981 -0.140882805 0.0159375
v 0.06792369 -0.14070216 0.0159375
v 0.068073345 -0.140507115 0.0159375
v 0.060938325 -0.14047038 0.0159375
v 0.06821751 -0.140313495 0.0159375
v 0.06835551 -0.14012118 0.0159375
v 0.0611556 -0.139965885 0.0159375
v 0.068487555 -0.13993029 0.0159375
v 0.068613945 -0.139740945 0.0159375
v 0.068734905 -0.139553295 0.0159375
v 0.061265925 -0.13937124 0.0159375
v 0.06885075 -0.13936743 0.0159375
v 0.06896157 -0.13918407 0.0159375
v 0.06125742 -0.13904703 0.0159375
v 0.0690672 -0.13900323 0.0159375
v 0.069167445 -0.138824025 0.0159375
v 0.061203375 -0.138718605 0.0159375
v 0.06926205 -0.138645585 0.0159375
v 0.06935085 -0.138467025 0.0159375
v 0.06109656 -0.13839597 0.0159375
v 0.069453435 -0.13824288 0.0159375
v 0.060949275 -0.138090015 0.0159375
v 0.069547695 -0.138022335 0.0159375
v 0.06076716 -0.13781646 0.0159375
v 0.06963312 -0.13780287 0.0159375
v 0.069708645 -0.13757949 0.0159375
v 0.06056283 -0.137571 0.0159375
v 0.069773235 -0.1373472 0.0159375
v 0.060130995 -0.137167185 0.0159375
v 0.069826065 -0.137102895 0.0159375
v 0.05970288 -0.136857195 0.0159375
v 0.069867645 -0.136850175 0.0159375
v 0.059298585 -0.136620255 0.0159375
v 0.069898575 -0.1365897 0.0159375
v 0.05892075 -0.136431045 0.0159375
v 0.069916035 -0.13637592 0.0159375
v 0.05856834 -0.136270905 0.0159375
v 0.06992733 -0.13615749 0.0159375
v 0.05824521 -0.136128735 0.0159375
v 0.069932565 -0.135934425 0.0159375
v 0.057605025 -0.135836295 0.0159375
v 0.069930885 -0.13570632 0.0159375
v 0.056940045 -0.135529155 0.0159375
v 0.069922665 -0.135473325 0.0159375
v 0.062918265 -0.135365475 0.0159375
v 0.069908475 -0.13523583 0.0159375
v 0.062773425 -0.13534419 0.0159375
v 0.06264372 -0.13527627 0.0159375
v 0.056249985 -0.1352055 0.0159375
v 0.06253905 -0.13517391 0.0159375
v 0.062476185 -0.135049305 0.0159375
v 0.062449515 -0.13489839 0.0159375
v 0.055534815 -0.134865045 0.0159375
v 0.062476185 -0.134747475 0.0159375
v 0.06253905 -0.134622855 0.0159375
v 0.05479725 -0.13452291 0.0159375
v 0.06264372 -0.13452051 0.0159375
v 0.062773425 -0.134452575 0.0159375
v 0.062918265 -0.134431305 0.0159375
v 0.06979971 -0.134245575 0.0159375
v 0.06306312 -0.134452575 0.0159375
v 0.05404341 -0.13417935 0.0159375
v 0.06976581 -0.134031075 0.0159375
v 0.05325765 -0.13383939 0.0159375
v 0.069728775 -0.133813815 0.0159375
v 0.06968925 -0.1335939 0.0159375
v 0.05242605 -0.133505505 0.0159375
v 0.069647865 -0.13337142 0.0159375
v 0.05155281 -0.13318083 0.0159375
v 0.069605265 -0.13314648 0.0159375
v 0.0695604 -0.13291932 0.0159375
v 0.0506313 -0.13289484 0.0159375
v 0.069512355 -0.13268994 0.0159375
v 0.04966167 -0.13264698 0.0159375
v 0.06946194 -0.13245804 0.0159375
v 0.04864473 -0.132433695 0.0159375
v 0.04839639 -0.132402585 0.0159375
v 0.048154515 -0.132381015 0.0159375
v 0.04791909 -0.132368955 0.0159375
v 0.069835335 -0.13449918 0.0159375
v 0.063192825 -0.13452051 0.0159375
v 0.063297495 -0.134622855 0.0159375
v 0.063360375 -0.134747475 0.0159375
v 0.069864585 -0.134748525 0.0159375
v 0.063387015 -0.13489839 0.0159375
v 0.069888915 -0.13499412 0.0159375
v 0.063360375 -0.135049305 0.0159375
v 0.063297495 -0.13517391 0.0159375
v 0.063192825 -0.13527627 0.0159375
v 0.06306312 -0.13534419 0.0159375
v 0.05804445 -0.147899175 0.0159375
v 0.042528375 -0.148055265 0.0159375
v 0.05784168 -0.1479984 0.0159375
v 0.057641955 -0.148096905 0.0159375
v 0.042670515 -0.148214115 0.0159375
v 0.05744511 -0.14819484 0.0159375
v 0.05724987 -0.148289955 0.0159375
v 0.042808185 -0.14837112 0.0159375
v 0.05705709 -0.1483833 0.0159375
v 0.04294233 -0.148525005 0.0159375
v 0.05686797 -0.148476585 0.0159375
v 0.056683725 -0.148571445 0.0159375
v 0.043072065 -0.148676025 0.0159375
v 0.05650554 -0.14866956 0.0159375
v 0.05633394 -0.14877195 0.0159375
v 0.04319652 -0.1488252 0.0159375
v 0.05616753 -0.14887719 0.0159375
v 0.04331652 -0.14897253 0.0159375
v 0.05596695 -0.149011995 0.0159375
v 0.043432905 -0.14911794 0.0159375
v 0.055775055 -0.149149695 0.0159375
v 0.0435465 -0.149261385 0.0159375
v 0.055592325 -0.149289525 0.0159375
v 0.04365813 -0.14940282 0.0159375
v 0.055419405 -0.14943144 0.0159375
v 0.043803015 -0.14958831 0.0159375
v 0.055256625 -0.149576775 0.0159375
v 0.055102755 -0.14972424 0.0159375
v 0.0439425 -0.14977035 0.0159375
v 0.054956445 -0.14987238 0.0159375
v 0.04407747 -0.149948865 0.0159375
v 0.054816405 -0.150019785 0.0159375
v 0.044208825 -0.150123795 0.0159375
v 0.05468322 -0.15016677 0.0159375
v 0.044337225 -0.150295065 0.0159375
v 0.05455764 -0.15031419 0.0159375
v 0.04446177 -0.150462675 0.0159375
v 0.054438555 -0.15046134 0.0159375
v 0.054324885 -0.150607545 0.0159375
v 0.0445827 -0.150626685 0.0159375
v 0.044700555 -0.150787215 0.0159375
v 0.05418054 -0.15080022 0.0159375
v 0.044815845 -0.1509444 0.0159375
v 0.054046425 -0.150991335 0.0159375
v 0.04492839 -0.15109809 0.0159375
v 0.05392092 -0.151180305 0.0159375
v 0.045037905 -0.15124827 0.0159375
v 0.053801655 -0.15136617 0.0159375
v 0.045144795 -0.15139512 0.0159375
v 0.045249435 -0.15153888 0.0159375
v 0.05368881 -0.151548825 0.0159375
v 0.04535208 -0.151679685 0.0159375
v 0.05358291 -0.1517286 0.0159375
v 0.045452295 -0.15181731 0.0159375
v 0.053482125 -0.151905105 0.0159375
v 0.04555026 -0.151951815 0.0159375
v 0.05338512 -0.152078025 0.0159375
v 0.045646275 -0.152083395 0.0159375
v 0.045740625 -0.152212245 0.0159375
v 0.05329308 -0.152247525 0.0159375
v 0.04587882 -0.15240015 0.0159375
v 0.05320509 -0.152413605 0.0159375
v 0.04601295 -0.152581695 0.0159375
v 0.05311983 -0.152576265 0.0159375
v 0.053037375 -0.15273546 0.0159375
v 0.046143645 -0.15275742 0.0159375
v 0.052958025 -0.15289122 0.0159375
v 0.04627095 -0.152927355 0.0159375
v 0.05288079 -0.15304359 0.0159375
v 0.046394805 -0.153091485 0.0159375
v 0.052804875 -0.153192615 0.0159375
v 0.04651572 -0.15325038 0.0159375
v 0.04663371 -0.1534041 0.0159375
v 0.052694535 -0.153409815 0.0159375
v 0.04674876 -0.153552585 0.0159375
v 0.05258706 -0.153619485 0.0159375
v 0.046861185 -0.153696285 0.0159375
v 0.052481865 -0.153821655 0.0159375
v 0.046971 -0.153835185 0.0159375
v 0.047078205 -0.153969285 0.0159375
v 0.05237886 -0.15401634 0.0159375
v 0.047183085 -0.154098975 0.0159375
v 0.05227731 -0.15420363 0.0159375
v 0.04728567 -0.154224285 0.0159375
v 0.04738593 -0.1543452 0.0159375
v 0.052177365 -0.15438348 0.0159375
v 0.047484225 -0.154462065 0.0159375
v 0.05207811 -0.15455559 0.0159375
v 0.04758057 -0.15457491 0.0159375
v 0.04767495 -0.154683705 0.0159375
v 0.051979605 -0.154719975 0.0159375
v 0.04776756 -0.154788825 0.0159375
v 0.051881625 -0.15487671 0.0159375
v 0.0478584 -0.15489021 0.0159375
v 0.047947485 -0.15498789 0.0159375
v 0.05178393 -0.155025735 0.0159375
v 0.04812084 -0.15517326 0.0159375
v 0.051686715 -0.155167245 0.0159375
v 0.051590145 -0.155301675 0.0159375
v 0.048287955 -0.155345655 0.0159375
v 0.051494175 -0.15542892 0.0159375
v 0.04844931 -0.155506185 0.0159375
v 0.051398415 -0.155549055 0.0159375
v 0.048605835 -0.15565542 0.0159375
v 0.05130279 -0.155662065 0.0159375
v 0.048757935 -0.155793705 0.0159375
v 0.05120754 -0.155768115 0.0159375
v 0.04890606 -0.15592125 0.0159375
v 0.051018405 -0.155959515 0.0159375
v 0.049050075 -0.15603831 0.0159375
v 0.05083173 -0.156124665 0.0159375
v 0.04918995 -0.15614517 0.0159375
v 0.04932573 -0.156242625 0.0159375
v 0.05064645 -0.15626382 0.0159375
v 0.049457445 -0.15632991 0.0159375
v 0.05046396 -0.15637752 0.0159375
v 0.049585185 -0.156406575 0.0159375
v 0.050285805 -0.156465495 0.0159375
v 0.049709385 -0.156471525 0.0159375
v 0.049829835 -0.156524565 0.0159375
v 0.050112885 -0.15652752 0.0159375
v 0.04994646 -0.156565635 0.0159375
v 0.028576875 -0.1457778 0.0159375
v 0.03760524 -0.145680855 0.0159375
v 0.037366455 -0.14570445 0.0159375
v 0.037124325 -0.145737615 0.0159375
v 0.036878175 -0.14577963 0.0159375
v 0.02876124 -0.145951125 0.0159375
v 0.03667878 -0.14582112 0.0159375
v 0.03647775 -0.1458708 0.0159375
v 0.03627474 -0.145927275 0.0159375
v 0.036069435 -0.145989225 0.0159375
v 0.028943925 -0.146118615 0.0159375
v 0.03586149 -0.14605527 0.0159375
v 0.035650545 -0.14612403 0.0159375
v 0.029125125 -0.146279895 0.0159375
v 0.035436285 -0.14619417 0.0159375
v 0.03521847 -0.146264745 0.0159375
v 0.03499758 -0.146337675 0.0159375
v 0.02930595 -0.1464327 0.0159375
v 0.034773705 -0.146413335 0.0159375
v 0.034584855 -0.146478465 0.0159375
v 0.0294876 -0.146574735 0.0159375
v 0.034393935 -0.1465455 0.0159375
v 0.034200945 -0.146614425 0.0159375
v 0.029670855 -0.146704395 0.0159375
v 0.03400587 -0.14668524 0.0159375
v 0.03380874 -0.146757945 0.0159375
v 0.02985345 -0.14682588 0.0159375
v 0.033609525 -0.146832555 0.0159375
v 0.0300366 -0.146937075 0.0159375
v 0.03335055 -0.14690979 0.0159375
v 0.033096225 -0.146978655 0.0159375
v 0.030222615 -0.14703375 0.0159375
v 0.032846565 -0.147039135 0.0159375
v 0.030413805 -0.147111705 0.0159375
v 0.032601585 -0.147091245 0.0159375
v 0.032361225 -0.147135105 0.0159375
v 0.03061116 -0.147167175 0.0159375
v 0.032125395 -0.14717142 0.0159375
v 0.030812865 -0.14720157 0.0159375
v 0.031894215 -0.147199485 0.0159375
v 0.03166785 -0.14721828 0.0159375
v 0.03101913 -0.14721975 0.0159375
v 0.031230225 -0.14722656 0.0159375
v 0.03144645 -0.14722677 0.0159375
v 0.039020295 -0.143874495 0.0159375
v 0.026896725 -0.143846535 0.0159375
v 0.038915625 -0.143772135 0.0159375
v 0.026757585 -0.14365266 0.0159375
v 0.038852745 -0.14364753 0.0159375
v 0.038826105 -0.143496615 0.0159375
v 0.0266187 -0.143453535 0.0159375
v 0.038852745 -0.143345685 0.0159375
v 0.026480055 -0.143249085 0.0159375
v 0.038915625 -0.143221095 0.0159375
v 0.039020295 -0.14311872 0.0159375
v 0.032068635 -0.14210097 0.0159375
v 0.025678215 -0.141957885 0.0159375
v 0.03152295 -0.141903885 0.0159375
v 0.02556834 -0.14176497 0.0159375
v 0.031247745 -0.14174991 0.0159375
v 0.025458945 -0.141567885 0.0159375
v 0.030972675 -0.14155596 0.0159375
v 0.02535012 -0.14136639 0.0159375
v 0.030707415 -0.141319845 0.0159375
v 0.025241625 -0.14116104 0.0159375
v 0.03045246 -0.141042735 0.0159375
v 0.02513334 -0.14095206 0.0159375
v 0.030211305 -0.14073039 0.0159375
v 0.0250254 -0.14073915 0.0159375
v 0.02491794 -0.14052204 0.0159375
v 0.02998326 -0.140381835 0.0159375
v 0.02481108 -0.14030046 0.0159375
v 0.0295341 -0.139634415 0.0159375
v 0.024704985 -0.14007411 0.0159375
v 0.02459976 -0.139842705 0.0159375
v 0.024495465 -0.139606155 0.0159375
v 0.02911416 -0.13885419 0.0159375
v 0.024391605 -0.139365405 0.0159375
v 0.024288255 -0.13912032 0.0159375
v 0.02418564 -0.138870495 0.0159375
v 0.02410083 -0.138658425 0.0159375
v 0.02872233 -0.13803693 0.0159375
v 0.0240168 -0.138442575 0.0159375
v 0.02393364 -0.138222735 0.0159375
v 0.023851485 -0.13799868 0.0159375
v 0.02835549 -0.137170395 0.0159375
v 0.023770455 -0.1377702 0.0159375
v 0.02369004 -0.13753662 0.0159375
v 0.023609835 -0.13729782 0.0159375
v 0.023530155 -0.13705437 0.0159375
v 0.02802717 -0.13630767 0.0159375
v 0.023451315 -0.1368069 0.0159375
v 0.023373675 -0.136555995 0.0159375
v 0.023297535 -0.13630227 0.0159375
v 0.0277497 -0.13548528 0.0159375
v 0.023223225 -0.136046325 0.0159375
v 0.023161245 -0.13582563 0.0159375
v 0.023101065 -0.13560414 0.0159375
v 0.023042775 -0.135381795 0.0159375
v 0.02751543 -0.13468557 0.0159375
v 0.022985655 -0.13515579 0.0159375
v 0.02292963 -0.134926275 0.0159375
v 0.02287485 -0.134694135 0.0159375
v 0.022821435 -0.134460315 0.0159375
v 0.027311565 -0.13391094 0.0159375
v 0.02276952 -0.1342257 0.0159375
v 0.022719225 -0.13399122 0.0159375
v 0.022670685 -0.133757775 0.0159375
v 0.026995695 -0.132436965 0.0159375
v 0.02262402 -0.13352628 0.0159375
v 0.02257938 -0.133297635 0.0159375
v 0.02253687 -0.133072785 0.0159375
v 0.022496655 -0.13285182 0.0159375
v 0.02245266 -0.13259664 0.0159375
v 0.022411575 -0.132344025 0.0159375
v 0.02677086 -0.131060985 0.0159375
v 0.022373115 -0.13209378 0.0159375
v 0.022337025 -0.13184574 0.0159375
v 0.022303035 -0.131599725 0.0159375
v 0.02227086 -0.13135563 0.0159375
v 0.022240245 -0.13111323 0.0159375
v 0.022210935 -0.130872375 0.0159375
v 0.02662005 -0.129771855 0.0159375
v 0.022182915 -0.130633335 0.0159375
v 0.022158075 -0.130399005 0.0159375
v 0.02213616 -0.130168785 0.0159375
v 0.022116435 -0.129941265 0.0159375
v 0.022098105 -0.129715035 0.0159375
v 0.026508255 -0.128516685 0.0159375
v 0.02208042 -0.12948864 0.0159375
v 0.02206263 -0.12926067 0.0159375
v 0.022043955 -0.129029715 0.0159375
v 0.02202363 -0.128794335 0.0159375
v 0.022000965 -0.1285533 0.0159375
v 0.021977265 -0.128309145 0.0159375
v 0.02639757 -0.127230465 0.0159375
v 0.021953115 -0.128062995 0.0159375
v 0.02192841 -0.127814535 0.0159375
v 0.02190303 -0.127563465 0.0159375
v 0.02187687 -0.12730947 0.0159375
v 0.021849825 -0.12705225 0.0159375
v 0.026353665 -0.1268214 0.0159375
v 0.02182584 -0.126828945 0.0159375
v 0.02180106 -0.12660285 0.0159375
v 0.02634231 -0.12642384 0.0159375
v 0.021775395 -0.126373755 0.0159375
v 0.026362095 -0.12603396 0.0159375
v 0.02174862 -0.12614106 0.0159375
v 0.021720015 -0.125903085 0.0159375
v 0.026417205 -0.125663205 0.0159375
v 0.021689895 -0.125660595 0.0159375
v 0.026514075 -0.125322555 0.0159375
v 0.02165865 -0.125414535 0.0159375
v 0.021626685 -0.125165895 0.0159375
v 0.02664459 -0.125009595 0.0159375
v 0.021594375 -0.12491565 0.0159375
v 0.02698851 -0.12447042 0.0159375
v 0.021562155 -0.124664805 0.0159375
v 0.0215304 -0.12441432 0.0159375
v 0.02744868 -0.12402408 0.0159375
v 0.02149953 -0.124165185 0.0159375
v 0.021469935 -0.123918405 0.0159375
v 0.027990015 -0.12368703 0.0159375
v 0.021442005 -0.12367491 0.0159375
v 0.028563015 -0.12346962 0.0159375
v 0.021415095 -0.12343395 0.0159375
v 0.029107005 -0.12335274 0.0159375
v 0.02959377 -0.123291285 0.0159375
v 0.030090975 -0.12324003 0.0159375
v 0.03058284 -0.123196575 0.0159375
v 0.02138781 -0.12319305 0.0159375
v 0.03106935 -0.12316095 0.0159375
v 0.031550535 -0.123133125 0.0159375
v 0.03202683 -0.123113025 0.0159375
v 0.032499945 -0.12310035 0.0159375
v 0.03296772 -0.12309549 0.0159375
v 0.033427425 -0.12309891 0.0159375
v 0.03387633 -0.12311109 0.0159375
v 0.034317495 -0.12313272 0.0159375
v 0.03475206 -0.12316344 0.0159375
v 0.03517437 -0.123202125 0.0159375
v 0.03557877 -0.123247695 0.0159375
v 0.03595872 -0.123298695 0.0159375
v 0.036309975 -0.12335367 0.0159375
v 0.03664332 -0.123415545 0.0159375
v 0.052337055 -0.123474195 0.0159375
v 0.036971205 -0.123487695 0.0159375
v 0.037306065 -0.123573525 0.0159375
v 0.03765777 -0.123676155 0.0159375
v 0.03801783 -0.1237932 0.0159375
v 0.03837105 -0.123919785 0.0159375
v 0.038702295 -0.124051035 0.0159375
v 0.038998005 -0.12418224 0.0159375
v 0.052138845 -0.12418914 0.0159375
v 0.03926178 -0.12431328 0.0159375
v 0.03950358 -0.12444897 0.0159375
v 0.039732765 -0.124594395 0.0159375
v 0.03995871 -0.12475467 0.0159375
v 0.040185615 -0.124932435 0.0159375
v 0.040407555 -0.125124435 0.0159375
v 0.04061862 -0.12532677 0.0159375
v 0.04081296 -0.125535525 0.0159375
v 0.05185536 -0.1255485 0.0159375
v 0.040985745 -0.12574743 0.0159375
v 0.051823125 -0.125808795 0.0159375
v 0.04114002 -0.12596433 0.0159375
v 0.05180136 -0.12606216 0.0159375
v 0.041277555 -0.126187665 0.0159375
v 0.046807455 -0.126213915 0.0159375
v 0.04139937 -0.126418395 0.0159375
v 0.047034075 -0.126237825 0.0159375
v 0.047257935 -0.126305175 0.0159375
v 0.051790065 -0.126308625 0.0159375
v 0.04745637 -0.12641043 0.0159375
v 0.05178924 -0.12654816 0.0159375
v 0.04763466 -0.12655857 0.0159375
v 0.047782785 -0.12673686 0.0159375
v 0.0517989 -0.126780795 0.0159375
v 0.047887065 -0.12693162 0.0159375
v 0.05181918 -0.127006035 0.0159375
v 0.047952315 -0.127147665 0.0159375
v 0.051850335 -0.127223025 0.0159375
v 0.04797933 -0.12738579 0.0159375
v 0.05189202 -0.127432935 0.0159375
v 0.047952315 -0.127623915 0.0159375
v 0.05196324 -0.12770415 0.0159375
v 0.047887065 -0.12783996 0.0159375
v 0.052051455 -0.1279683 0.0159375
v 0.047782785 -0.128034705 0.0159375
v 0.04763466 -0.128212995 0.0159375
v 0.05215722 -0.128226645 0.0159375
v 0.04745637 -0.12836112 0.0159375
v 0.047257935 -0.128466375 0.0159375
v 0.05228079 -0.12847734 0.0159375
v 0.047034075 -0.128533725 0.0159375
v 0.046807455 -0.128557665 0.0159375
v 0.052420695 -0.12871905 0.0159375
v 0.041811495 -0.12873633 0.0159375
v 0.04658082 -0.128533725 0.0159375
v 0.052575525 -0.12895044 0.0159375
v 0.041790225 -0.12897675 0.0159375
v 0.05274534 -0.129171045 0.0159375
v 0.041759535 -0.12922308 0.0159375
v 0.05293077 -0.129381645 0.0159375
v 0.041604 -0.13003848 0.0159375
v 0.05313117 -0.129582675 0.0159375
v 0.053345925 -0.129774555 0.0159375
v 0.053574885 -0.129957225 0.0159375
v 0.053818395 -0.13013052 0.0159375
v 0.04139727 -0.130878825 0.0159375
v 0.054076515 -0.130294725 0.0159375
v 0.05434935 -0.130450065 0.0159375
v 0.05463783 -0.1305969 0.0159375
v 0.05494161 -0.130735005 0.0159375
v 0.055258845 -0.130863795 0.0159375
v 0.055587705 -0.13098276 0.0159375
v 0.05592744 -0.1310916 0.0159375
v 0.0562791 -0.131190645 0.0159375
v 0.0566436 -0.13128033 0.0159375
v 0.057021885 -0.131361015 0.0159375
v 0.057414195 -0.131432895 0.0159375
v 0.05782005 -0.131495715 0.0159375
v 0.05823921 -0.13154931 0.0159375
v 0.058671435 -0.1315935 0.0159375
v 0.05911668 -0.131628225 0.0159375
v 0.059575065 -0.131653605 0.0159375
v 0.04182336 -0.12850185 0.0159375
v 0.04635696 -0.128466375 0.0159375
v 0.046158525 -0.12836112 0.0159375
v 0.041825805 -0.12827325 0.0159375
v 0.045980235 -0.128212995 0.0159375
v 0.04583211 -0.128034705 0.0159375
v 0.04181442 -0.127977675 0.0159375
v 0.04572783 -0.12783996 0.0159375
v 0.04178613 -0.1276929 0.0159375
v 0.04566258 -0.127623915 0.0159375
v 0.04174032 -0.127420035 0.0159375
v 0.04563558 -0.12738579 0.0159375
v 0.041677755 -0.12715767 0.0159375
v 0.04566258 -0.127147665 0.0159375
v 0.04572783 -0.12693162 0.0159375
v 0.04159947 -0.12690408 0.0159375
v 0.04583211 -0.12673686 0.0159375
v 0.041506455 -0.126657495 0.0159375
v 0.045980235 -0.12655857 0.0159375
v 0.046158525 -0.12641043 0.0159375
v 0.04635696 -0.126305175 0.0159375
v 0.04658082 -0.126237825 0.0159375
v 0.03042207 -0.12025107 0.0159375
v 0.021159855 -0.120162405 0.0159375
v 0.0303174 -0.120148695 0.0159375
v 0.03025452 -0.120024105 0.0159375
v 0.02115756 -0.11991165 0.0159375
v 0.03022788 -0.11987319 0.0159375
v 0.03025452 -0.11972226 0.0159375
v 0.02115885 -0.119664195 0.0159375
v 0.0303174 -0.119597655 0.0159375
v 0.03042207 -0.119495295 0.0159375
f 1 2 3
f 1 4 2
f 1 5 4
f 5 6 4
f 5 7 6
f 7 8 6
f 7 9 8
f 7 10 9
f 10 11 9
f 10 12 11
f 12 13 11
f 12 14 13
f 14 15 13
f 14 16 15
f 16 17 15
f 16 18 17
f 18 19 17
f 18 20 19
f 20 21 19
f 21 22 19
f 21 23 22
f 23 24 22
f 24 25 22
f 24 26 25
f 26 27 25
f 27 28 25
f 27 29 28
f 29 30 28
f 29 31 30
f 31 32 30
f 31 33 32
f 33 34 32
f 33 35 34
f 33 36 35
f 36 37 35
f 36 38 37
f 38 39 37
f 38 40 39
f 40 41 39
f 40 42 41
f 42 43 41
f 42 44 43
f 44 45 43
f 44 46 45
f 46 47 45
f 46 48 47
f 48 49 47
f 48 50 49
f 50 51 49
f 50 52 51
f 50 53 52
f 53 54 52
f 54 55 52
f 54 56 55
f 56 57 55
f 56 58 57
f 58 59 57
f 58 60 59
f 60 61 59
f 60 62 61
f 62 63 61
f 62 64 63
f 64 65 63
f 65 66 63
f 65 67 66
f 67 68 66
f 67 69 68
f 69 70 68
f 69 71 70
f 71 72 70
f 71 73 72
f 73 74 72
f 73 75 74
f 75 76 74
f 75 77 76
f 77 78 76
f 77 79 78
f 77 80 79
f 80 81 79
f 80 82 81
f 82 83 81
f 82 84 83
f 82 85 84
f 85 86 84
f 85 87 86
f 87 88 86
f 87 89 88
f 89 90 88
f 89 91 90
f 91 92 90
f 91 93 92
f 91 94 93
f 94 95 93
f 94 96 95
f 96 97 95
f 96 98 97
f 96 99 98
f 99 100 98
f 99 101 100
f 99 102 101
f 102 103 101
f 102 104 103
f 102 105 104
f 102 106 105
f 102 107 106
f 107 108 106
f 107 109 108
f 107 110 109
f 107 111 110
f 107 112 111
f 107 113 112
f 113 114 112
f 113 115 114
f 113 116 115
f 113 117 116
f 113 118 117
f 118 119 117
f 118 120 119
f 118 121 120
f 118 122 121
f 118 123 122
f 123 124 122
f 123 125 124
f 123 126 125
f 123 127 126
f 128 127 123
f 128 129 127
f 128 123 130
f 131 128 130
f 132 131 130
f 132 130 133
f 132 133 134
f 135 132 134
f 135 134 136
f 135 136 137
f 138 135 137
f 138 137 139
f 138 139 140
f 138 140 141
f 142 138 141
f 142 141 143
f 142 143 144
f 142 144 145
f 146 142 145
f 146 145 147
f 146 147 148
f 146 148 149
f 146 149 150
f 146 150 151
f 152 146 151
f 152 151 153
f 152 153 154
f 152 154 155
f 152 155 156
f 152 156 157
f 152 157 158
f 152 158 159
f 152 159 160
f 152 160 161
f 162 152 161
f 162 161 163
f 162 163 164
f 162 164 165
f 162 165 166
f 162 166 167
f 162 167 168
f 162 168 169
f 162 169 170
f 162 170 171
f 162 171 172
f 162 172 173
f 162 173 174
f 162 174 175
f 162 175 176
f 162 176 177
f 162 177 178
f 177 179 178
f 162 178 180
f 162 180 181
f 162 181 182
f 183 162 182
f 183 182 184
f 183 184 185
f 183 185 186
f 186 185 187
f 183 186 188
f 183 188 189
f 183 189 190
f 183 190 191
f 183 191 192
f 193 183 192
f 193 192 194
f 193 194 195
f 193 195 196
f 193 196 197
f 193 197 198
f 199 193 198
f 199 198 200
f 198 201 200
f 199 200 202
f 199 202 203
f 204 199 203
f 204 203 205
f 204 205 206
f 204 206 207
f 208 204 207
f 208 207 209
f 208 209 210
f 208 210 211
f 208 211 212
f 213 208 212
f 213 212 214
f 213 214 215
f 216 213 215
f 216 215 217
f 216 217 218
f 216 218 219
f 220 216 219
f 220 219 221
f 220 221 222
f 223 222 221
f 220 222 224
f 220 224 225
f 220 225 226
f 220 226 227
f 228 220 227
f 228 227 229
f 228 229 230
f 228 230 231
f 232 228 231
f 232 231 233
f 234 232 233
f 234 233 235
f 234 235 236
f 237 234 236
f 237 236 238
f 239 237 238
f 239 238 240
f 241 239 240
f 241 240 242
f 243 241 242
f 244 243 242
f 244 242 245
f 246 244 245
f 247 246 245
f 247 245 248
f 249 247 248
f 250 249 248
f 250 248 251
f 252 250 251
f 253 252 251
f 254 253 251
f 254 251 255
f 256 254 255
f 257 256 255
f 258 257 255
f 258 255 259
f 260 258 259
f 261 260 259
f 262 261 259
f 263 262 259
f 263 259 264
f 265 263 264
f 266 265 264
f 267 266 264
f 268 267 264
f 269 268 264
f 269 264 270
f 271 269 270
f 272 271 270
f 273 272 270
f 274 273 270
f 275 274 270
f 276 275 270
f 277 276 270
f 278 277 270
f 279 278 270
f 279 270 280
f 270 281 280
f 282 279 280
f 280 283 282
f 284 282 283
f 285 284 283
f 286 285 283
f 287 286 283
f 287 283 288
f 289 287 288
f 289 288 290
f 291 289 290
f 291 290 292
f 293 291 292
f 293 292 294
f 295 293 294
f 295 294 296
f 297 295 296
f 297 296 298
f 297 298 299
f 300 297 299
f 300 299 301
f 301 299 302
f 300 301 303
f 300 303 304
f 300 304 305
f 300 305 306
f 307 300 306
f 307 306 308
f 307 308 309
f 310 307 309
f 310 309 311
f 310 311 312
f 310 312 313
f 310 313 314
f 315 310 314
f 315 314 316
f 314 317 316
f 318 315 316
f 318 316 319
f 320 318 319
f 320 319 321
f 320 321 322
f 323 320 322
f 323 322 324
f 323 324 325
f 325 324 326
f 327 325 326
f 327 326 328
f 329 327 328
f 330 329 328
f 330 328 331
f 332 330 331
f 333 332 331
f 333 331 334
f 335 333 334
f 336 335 334
f 336 334 337
f 338 336 337
f 338 337 339
f 340 338 339
f 341 340 339
f 341 339 342
f 343 341 342
f 343 342 344
f 345 343 344
f 345 344 346
f 347 345 346
f 347 346 348
f 349 347 348
f 349 348 350
f 351 349 350
f 351 350 352
f 353 351 352
f 353 352 354
f 355 353 354
f 355 354 356
f 357 355 356
f 357 356 358
f 357 358 359
f 360 357 359
f 360 359 361
f 360 361 362
f 360 362 363
f 364 360 363
f 364 363 365
f 366 364 365
f 366 365 367
f 368 366 367
f 368 367 369
f 370 368 369
f 370 369 371
f 372 370 371
f 372 371 373
f 374 372 373
f 374 373 375
f 376 374 375
f 376 375 377
f 378 376 377
f 378 377 379
f 380 378 379
f 380 379 381
f 382 380 381
f 382 381 383
f 384 382 383
f 385 384 383
f 385 383 386
f 387 385 386
f 387 386 388
f 389 387 388
f 389 388 390
f 391 389 390
f 392 391 390
f 392 390 393
f 394 392 393
f 395 394 393
f 395 393 396
f 397 395 396
f 398 397 396
f 398 396 399
f 400 398 399
f 400 399 401
f 402 400 401
f 402 401 403
f 404 402 403
f 404 403 405
f 406 404 405
f 406 405 407
f 406 407 408
f 409 406 408
f 409 408 410
f 409 410 411
f 412 409 411
f 412 411 413
f 412 413 414
f 415 412 414
f 415 414 416
f 415 416 417
f 418 415 417
f 418 417 419
f 418 419 420
f 421 418 420
f 421 420 422
f 421 422 423
f 421 423 424
f 421 424 425
f 426 421 425
f 426 425 427
f 426 427 428
f 426 428 429
f 430 426 429
f 430 429 431
f 430 431 432
f 430 432 433
f 430 433 434
f 435 430 434
f 435 434 436
f 435 436 437
f 435 437 438
f 439 435 438
f 439 438 129
f 128 439 129
f 314 440 317
f 440 441 317
f 441 442 317
f 442 443 317
f 442 444 443
f 444 445 443
f 445 446 443
f 445 447 446
f 447 448 446
f 448 302 446
f 448 449 302
f 449 450 302
f 450 301 302
f 270 451 281
f 270 452 451
f 270 453 452
f 452 454 451
f 454 455 451
f 455 456 451
f 456 457 451
f 457 458 451
f 458 459 451
f 458 460 459
f 460 461 459
f 461 462 459
f 462 463 459
f 463 464 459
f 463 465 464
f 465 466 464
f 465 467 466
f 467 468 466
f 467 469 468
f 469 470 468
f 469 471 470
f 471 472 470
f 471 473 472
f 471 474 473
f 474 475 473
f 474 476 475
f 474 477 476
f 477 478 476
f 477 479 478
f 477 480 479
f 477 481 480
f 481 482 480
f 481 483 482
f 481 484 483
f 484 485 483
f 484 486 485
f 484 487 486
f 487 488 486
f 487 489 488
f 490 489 487
f 490 491 489
f 490 492 491
f 490 493 492
f 490 494 493
f 490 495 494
f 490 496 495
f 496 497 495
f 496 498 497
f 496 499 498
f 496 500 499
f 496 501 500
f 496 502 501
f 496 503 502
f 503 504 502
f 503 505 504
f 503 506 505
f 503 507 506
f 503 508 507
f 503 509 508
f 509 510 508
f 509 511 510
f 509 512 511
f 509 513 512
f 509 514 513
f 509 515 514
f 509 516 515
f 516 517 515
f 516 518 517
f 516 519 518
f 516 520 519
f 516 521 520
f 516 522 521
f 516 523 522
f 523 524 522
f 523 525 524
f 523 526 525
f 523 527 526
f 527 528 526
f 527 529 528
f 527 530 529
f 527 531 530
f 527 532 531
f 532 533 531
f 532 534 533
f 532 535 534
f 532 536 535
f 532 537 536
f 537 538 536
f 537 539 538
f 537 540 539
f 537 541 540
f 541 542 540
f 541 543 542
f 541 544 543
f 541 545 544
f 541 546 545
f 546 547 545
f 546 548 547
f 546 549 548
f 546 550 549
f 550 551 549
f 550 552 551
f 550 553 552
f 550 554 553
f 550 555 554
f 555 556 554
f 555 557 556
f 555 558 557
f 555 559 558
f 559 560 558
f 559 561 560
f 559 562 561
f 562 563 561
f 562 564 563
f 564 565 563
f 564 566 565
f 566 567 565
f 566 568 567
f 566 569 568
f 569 570 568
f 570 571 568
f 570 572 571
f 572 573 571
f 572 574 573
f 574 575 573
f 576 575 574
f 576 577 575
f 576 574 578
f 576 578 579
f 580 576 579
f 580 579 581
f 580 581 582
f 580 582 583
f 580 583 584
f 580 584 585
f 586 580 585
f 586 585 587
f 586 587 588
f 586 588 589
f 590 586 589
f 590 589 591
f 590 591 592
f 593 590 592
f 593 592 594
f 595 593 594
f 596 595 594
f 596 594 597
f 598 596 597
f 598 597 599
f 600 598 599
f 601 600 599
f 601 599 602
f 603 601 602
f 604 603 602
f 604 602 605
f 606 604 605
f 607 606 605
f 607 605 608
f 609 607 608
f 610 609 608
f 610 608 611
f 612 610 611
f 613 612 611
f 614 613 611
f 614 611 615
f 616 614 615
f 617 616 615
f 618 617 615
f 618 615 619
f 620 618 619
f 621 620 619
f 622 621 619
f 623 622 619
f 623 619 624
f 625 623 624
f 626 625 624
f 627 626 624
f 628 627 624
f 629 628 624
f 630 629 624
f 631 630 624
f 631 624 632
f 633 631 632
f 634 633 632
f 635 634 632
f 636 635 632
f 637 636 632
f 638 637 632
f 639 638 632
f 639 632 640
f 632 641 640
f 639 640 642
f 643 639 642
f 644 643 642
f 645 644 642
f 646 645 642
f 647 646 642
f 647 642 648
f 649 647 648
f 649 648 650
f 649 650 651
f 652 649 651
f 652 651 653
f 654 652 653
f 654 653 655
f 654 655 656
f 657 654 656
f 657 656 658
f 659 657 658
f 659 658 660
f 659 660 661
f 661 660 662
f 659 661 663
f 659 663 664
f 665 659 664
f 665 664 666
f 665 666 667
f 668 665 667
f 668 667 669
f 668 669 670
f 668 670 671
f 672 668 671
f 672 671 673
f 672 673 674
f 672 674 675
f 676 672 675
f 676 675 677
f 675 678 677
f 676 677 679
f 680 676 679
f 680 679 681
f 682 680 681
f 682 681 683
f 684 682 683
f 684 683 685
f 686 684 685
f 686 685 687
f 688 686 687
f 688 687 689
f 690 688 689
f 691 690 689
f 691 689 692
f 691 692 693
f 694 691 693
f 694 693 695
f 694 695 696
f 697 694 696
f 697 696 698
f 699 697 698
f 699 698 700
f 699 700 701
f 702 699 701
f 702 701 703
f 704 702 703
f 704 703 705
f 704 705 706
f 707 704 706
f 707 706 708
f 707 708 709
f 707 709 710
f 707 710 711
f 712 707 711
f 712 711 713
f 712 713 714
f 715 712 714
f 715 714 716
f 715 716 717
f 715 717 718
f 719 715 718
f 719 718 720
f 719 720 721
f 722 719 721
f 722 721 723
f 724 722 723
f 724 723 725
f 724 725 726
f 727 724 726
f 727 726 728
f 729 727 728
f 729 728 730
f 731 729 730
f 731 730 732
f 733 731 732
f 733 732 734
f 735 733 734
f 735 734 736
f 737 735 736
f 738 737 736
f 738 736 739
f 738 739 740
f 738 740 741
f 738 741 742
f 743 738 742
f 743 742 744
f 743 744 745
f 743 745 746
f 747 743 746
f 747 746 748
f 747 748 749
f 747 749 750
f 747 750 751
f 752 747 751
f 752 751 753
f 752 753 754
f 755 752 754
f 755 754 756
f 755 756 757
f 758 755 757
f 758 757 759
f 758 759 760
f 758 760 761
f 762 758 761
f 762 761 763
f 762 763 764
f 762 764 765
f 766 762 765
f 766 765 767
f 766 767 768
f 766 768 769
f 770 766 769
f 770 769 771
f 770 771 772
f 770 772 773
f 770 773 774
f 770 774 775
f 775 774 776
f 775 776 777
f 775 777 778
f 775 778 779
f 780 775 779
f 780 779 781
f 780 781 782
f 780 782 783
f 780 783 784
f 780 784 785
f 786 780 785
f 786 785 787
f 786 787 788
f 789 786 788
f 789 788 790
f 789 790 791
f 792 789 791
f 792 791 793
f 792 793 794
f 793 795 794
f 792 794 796
f 797 792 796
f 798 797 796
f 798 796 799
f 798 799 800
f 801 798 800
f 801 800 802
f 801 802 803
f 804 801 803
f 804 803 805
f 804 805 806
f 804 806 807
f 804 807 808
f 809 804 808
f 809 808 810
f 809 810 811
f 809 811 812
f 809 812 813
f 814 809 813
f 814 813 815
f 814 815 816
f 814 816 817
f 814 817 818
f 814 818 819
f 814 819 820
f 814 820 821
f 814 821 822
f 823 814 822
f 823 822 824
f 823 824 825
f 824 826 825
f 823 825 827
f 823 827 828
f 823 828 829
f 830 823 829
f 830 829 831
f 830 831 832
f 830 832 833
f 830 833 834
f 830 834 835
f 836 830 835
f 836 835 837
f 836 837 838
f 838 837 839
f 836 838 840
f 836 840 841
f 836 841 842
f 836 842 843
f 836 843 844
f 836 844 845
f 846 836 845
f 846 845 847
f 846 847 848
f 846 848 849
f 846 849 850
f 851 846 850
f 851 850 852
f 850 853 852
f 854 851 852
f 854 852 855
f 577 854 855
f 577 855 575
f 850 856 853
f 856 857 853
f 857 858 853
f 858 859 853
f 858 860 859
f 860 861 859
f 860 862 861
f 862 863 861
f 863 864 861
f 863 865 864
f 865 839 864
f 865 866 839
f 866 867 839
f 867 838 839
f 826 868 825
f 868 869 825
f 869 870 825
f 870 871 825
f 870 872 871
f 872 873 871
f 873 874 871
f 874 875 871
f 875 876 871
f 875 877 876
f 877 878 876
f 878 879 876
f 878 880 879
f 880 881 879
f 881 882 879
f 882 883 879
f 882 884 883
f 884 885 883
f 885 886 883
f 885 887 886
f 887 888 886
f 888 889 886
f 888 890 889
f 890 891 889
f 891 892 889
f 891 893 892
f 893 894 892
f 893 895 894
f 895 896 894
f 896 897 894
f 896 898 897
f 898 899 897
f 898 900 899
f 900 901 899
f 901 902 899
f 901 903 902
f 903 904 902
f 903 905 904
f 905 906 904
f 906 907 904
f 906 908 907
f 908 909 907
f 908 910 909
f 910 911 909
f 793 912 795
f 912 913 795
f 913 914 795
f 913 915 914
f 915 916 914
f 916 917 914
f 916 918 917
f 918 919 917
f 918 920 919
f 920 921 919
f 921 922 919
f 921 923 922
f 923 924 922
f 924 925 922
f 924 926 925
f 926 927 925
f 926 928 927
f 928 929 927
f 928 930 929
f 930 931 929
f 930 932 931
f 932 933 931
f 932 934 933
f 934 935 933
f 934 936 935
f 936 937 935
f 937 938 935
f 937 939 938
f 939 940 938
f 939 941 940
f 941 942 940
f 941 943 942
f 943 944 942
f 943 945 944
f 945 946 944
f 945 947 946
f 947 948 946
f 948 949 946
f 948 950 949
f 950 951 949
f 950 952 951
f 952 953 951
f 952 954 953
f 952 955 954
f 955 956 954
f 955 957 956
f 957 958 956
f 957 959 958
f 959 960 958
f 959 961 960
f 961 962 960
f 961 963 962
f 961 964 963
f 964 965 963
f 964 966 965
f 966 967 965
f 966 968 967
f 968 969 967
f 968 970 969
f 970 971 969
f 970 972 971
f 970 973 972
f 973 974 972
f 974 975 972
f 974 976 975
f 976 977 975
f 976 978 977
f 978 979 977
f 978 980 979
f 980 981 979
f 980 982 981
f 982 983 981
f 982 984 983
f 984 985 983
f 984 986 985
f 984 987 986
f 987 988 986
f 987 989 988
f 989 990 988
f 989 991 990
f 991 992 990
f 991 993 992
f 991 994 993
f 994 995 993
f 994 996 995
f 996 997 995
f 996 998 997
f 996 999 998
f 999 1000 998
f 999 1001 1000
f 1001 1002 1000
f 1001 1003 1002
f 1001 1004 1003
f 1004 1005 1003
f 1004 1006 1005
f 1006 1007 1005
f 1006 1008 1007
f 1008 1009 1007
f 1008 1010 1009
f 1010 1011 1009
f 1010 1012 1011
f 1012 1013 1011
f 1012 1014 1013
f 1014 1015 1013
f 1014 1016 1015
f 1016 1017 1015
f 1017 1018 1015
f 1017 1019 1018
f 1019 1020 1018
f 1019 1021 1020
f 1019 1022 1021
f 1022 1023 1021
f 1022 1024 1023
f 1024 1025 1023
f 1024 1026 1025
f 1024 1027 1026
f 1027 1028 1026
f 1027 1029 1028
f 1029 1030 1028
f 1029 1031 1030
f 1031 1032 1030
f 1031 1033 1032
f 678 1034 677
f 1034 1035 677
f 1034 1036 1035
f 1036 1037 1035
f 1037 1038 1035
f 1037 1039 1038
f 1039 1040 1038
f 1041 1040 1039
f 1041 1042 1040
f 1042 1043 1040
f 1043 662 1040
f 1043 1044 662
f 1044 661 662
f 632 1045 641
f 1046 1045 632
f 1046 1047 1045
f 1048 1046 632
f 1049 1048 632
f 1049 632 1050
f 1051 1049 1050
f 1052 1051 1050
f 1053 1052 1050
f 1054 1053 1050
f 1055 1054 1050
f 1056 1055 1050
f 1057 1056 1050
f 1058 1057 1050
f 1059 1058 1050
f 1060 1059 1050
f 1061 1060 1050
f 1061 1050 1062
f 1063 1061 1062
f 1064 1063 1062
f 1065 1064 1062
f 1066 1065 1062
f 1067 1066 1062
f 1068 1067 1062
f 1068 1062 1069
f 1070 1068 1069
f 1071 1070 1069
f 1072 1071 1069
f 1073 1072 1069
f 1073 1069 1074
f 1075 1073 1074
f 1075 1074 1076
f 1077 1075 1076
f 1077 1076 1078
f 1077 1078 1079
f 1078 1080 1079
f 1077 1079 1081
f 1082 1077 1081
f 1082 1081 1083
f 1082 1083 1084
f 1085 1082 1084
f 1085 1084 1086
f 1085 1086 1087
f 1088 1085 1087
f 1088 1087 1089
f 1090 1088 1089
f 1090 1089 1091
f 1092 1090 1091
f 1092 1091 1093
f 1094 1092 1093
f 1094 1093 1095
f 1096 1094 1095
f 1096 1095 1097
f 1098 1096 1097
f 1098 1097 1099
f 1098 1099 1100
f 1101 1098 1100
f 1101 1100 1102
f 1103 1101 1102
f 1103 1102 1104
f 1103 1104 1105
f 1103 1105 1106
f 1107 1103 1106
f 1107 1106 1108
f 1108 1106 1109
f 1107 1108 1110
f 1111 1107 1110
f 1111 1110 1112
f 1113 1111 1112
f 1113 1112 1114
f 1113 1114 1115
f 1113 1115 1116
f 1113 1116 1117
f 1113 1117 1118
f 1113 1118 1119
f 1113 1119 1120
f 1113 1120 1121
f 1122 1113 1121
f 1122 1121 1123
f 1122 1123 1124
f 1122 1124 1125
f 1122 1125 1126
f 1122 1126 1127
f 1122 1127 1128
f 1122 1128 1129
f 453 1122 1129
f 453 1129 1130
f 453 1130 1131
f 453 1131 1132
f 453 1132 1133
f 453 1133 1134
f 453 1134 1135
f 453 1135 1136
f 453 1136 1137
f 453 1137 452
f 1108 1109 1138
f 1108 1138 1139
f 1140 1108 1139
f 1140 1139 1141
f 1142 1140 1141
f 1142 1141 1143
f 1144 1142 1143
f 1144 1143 1145
f 1144 1145 1146
f 1147 1144 1146
f 1147 1146 1148
f 1149 1147 1148
f 1149 1148 1150
f 1151 1149 1150
f 1151 1150 1152
f 1153 1151 1152
f 1153 1152 1154
f 1153 1154 1155
f 1156 1153 1155
f 1156 1155 1157
f 1156 1157 1158
f 1078 1156 1158
f 1078 1158 1080
f 1047 1159 1045
f 1159 1160 1045
f 1159 1161 1160
f 1161 1162 1160
f 1161 1163 1162
f 1163 1164 1162
f 1163 1165 1164
f 1163 1166 1165
f 1166 1167 1165
f 1166 1168 1167
f 1166 1169 1168
f 1169 1170 1168
f 1169 1171 1170
f 1169 1172 1171
f 1169 1173 1172
f 1173 1174 1172
f 1173 1175 1174
f 1173 1176 1175
f 1176 1177 1175
f 1176 1178 1177
f 1176 1179 1178
f 1179 1180 1178
f 1179 1181 1180
f 1179 1182 1181
f 1182 1183 1181
f 1182 1184 1183
f 1182 1185 1184
f 1182 1186 1185
f 1186 1187 1185
f 1186 1188 1187
f 1186 1189 1188
f 1186 1190 1189
f 1186 1191 1190
f 1191 1192 1190
f 1191 1193 1192
f 1191 1194 1193
f 1191 1195 1194
f 1191 1196 1195
f 1191 1197 1196
f 1197 1198 1196
f 1197 1199 1198
f 1197 1200 1199
f 1197 1201 1200
f 1197 1202 1201
f 1202 1203 1201
f 1202 1204 1203
f 1202 1205 1204
f 1202 1206 1205
f 1202 1207 1206
f 1202 1208 1207
f 1202 1209 1208
f 1209 1210 1208
f 1209 1211 1210
f 1209 1212 1211
f 1209 1213 1212
f 1209 1214 1213
f 1209 1215 1214
f 1215 1216 1214
f 1215 1217 1216
f 1215 1218 1217
f 1215 1219 1218
f 1219 1220 1218
f 1219 1221 1220
f 1219 1222 1221
f 1219 1223 1222
f 1223 1224 1222
f 1223 1225 1224
f 1223 1226 1225
f 1223 1227 1226
f 1227 1228 1226
f 1227 1229 1228
f 1227 1230 1229
f 1227 1231 1230
f 1231 1232 1230
f 1231 1233 1232
f 1231 1234 1233
f 1231 1235 1234
f 1231 1236 1235
f 1236 1237 1235
f 1236 1238 1237
f 1236 1239 1238
f 1236 1240 1239
f 1240 1241 1239
f 1240 1242 1241
f 1240 1243 1242
f 1240 1244 1243
f 1240 1245 1244
f 1245 1246 1244
f 1245 1247 1246
f 1245 1248 1247
f 1245 1249 1248
f 1245 1250 1249
f 1250 1251 1249
f 1250 1252 1251
f 1252 1253 1251
f 1252 1254 1253
f 1252 1255 1254
f 1255 1256 1254
f 1255 1257 1256
f 1257 1258 1256
f 1257 1259 1258
f 1259 1260 1258
f 1259 1261 1260
f 1261 1262 1260
f 1261 1263 1262
f 1263 223 1262
f 223 221 1262
f 201 1264 200
f 201 1265 1264
f 1265 1266 1264
f 1266 1267 1264
f 1266 1268 1267
f 1268 1269 1267
f 1268 1270 1269
f 1270 1271 1269
f 1272 1271 1270
f 1272 1273 1271
f 1272 1274 1273
f 1274 1275 1273
f 1274 1276 1275
f 1276 1277 1275
f 1277 187 1275
f 1277 186 187
f 179 1278 178
f 179 1279 1278
f 1279 1280 1278
f 1279 1281 1280
f 1279 1282 1281
f 1282 1283 1281
f 1283 1284 1281
f 1284 1285 1281
f 1285 1286 1281
f 1286 1287 1281
f 1286 1288 1287
f 1288 1289 1287
f 1289 1290 1287
f 1290 1291 1287
f 1290 1292 1291
f 1292 1293 1291
f 1293 1294 1291
f 1293 1295 1294
f 1295 1296 1294
f 1296 1297 1294
f 1296 1298 1297
f 1298 1299 1297
f 1299 1300 1297
f 1299 1301 1300
f 1301 1302 1300
f 1302 1303 1300
f 1304 1305 1306
f 1307 1304 1306
f 1307 1306 1308
f 1307 1308 1309
f 1309 1308 1310
f 1309 1310 1311
f 1311 1310 1312
f 1311 1312 1313
f 1313 1312 1314
f 1313 1314 1315
f 1315 1314 1316
f 1315 1316 1317
f 1317 1316 1318
f 1317 1318 1319
f 1319 1318 1320
f 1319 1320 1321
f 1321 1320 1322
f 1321 1322 1323
f 1323 1322 1324
f 1323 1324 1325
f 1325 1324 1326
f 1325 1326 1327
f 1327 1326 1328
f 1327 1328 1329
f 1329 1328 1330
f 1329 1330 1331
f 1331 1330 1332
f 1331 1332 1333
f 1333 1332 1334
f 1333 1334 1335
f 1335 1334 1336
f 1335 1336 1337
f 1337 1336 1338
f 1337 1338 1339
f 1339 1338 1340
f 1339 1340 1341
f 1341 1340 1342
f 1341 1342 1343
f 1343 1342 1344
f 1343 1344 1345
f 1345 1344 1346
f 1345 1346 1347
f 1347 1346 1348
f 1347 1348 1349
f 1349 1348 1350
f 1349 1350 1351
f 1351 1350 1352
f 1351 1352 1353
f 1353 1352 1354
f 1353 1354 1355
f 1355 1354 1356
f 1355 1356 1357
f 1357 1356 1358
f 1357 1358 1359
f 1359 1358 1360
f 1359 1360 1361
f 1361 1360 1362
f 1361 1362 1363
f 1363 1362 1364
f 1363 1364 1365
f 1365 1364 1366
f 1365 1366 1367
f 1367 1366 1368
f 1367 1368 1369
f 1369 1368 1370
f 1369 1370 1371
f 1371 1370 1372
f 1371 1372 1373
f 1373 1372 1374
f 1373 1374 1375
f 1375 1374 1376
f 1375 1376 1377
f 1377 1376 1378
f 1377 1378 1379
f 1379 1378 1380
f 1379 1380 1381
f 1381 1380 1382
f 1381 1382 1383
f 1383 1382 1384
f 1383 1384 1385
f 1385 1384 1386
f 1385 1386 1387
f 1387 1386 1388
f 1387 1388 1389
f 1389 1388 1390
f 1389 1390 1391
f 1391 1390 1392
f 1391 1392 1393
f 1393 1392 1394
f 1393 1394 1395
f 1395 1394 1396
f 1395 1396 1397
f 1397 1396 1398
f 1397 1398 1399
f 1399 1398 1400
f 1399 1400 1401
f 1401 1400 1402
f 1401 1402 1403
f 1403 1402 1404
f 1403 1404 1405
f 1405 1404 1406
f 1405 1406 1407
f 1407 1406 1408
f 1407 1408 1409
f 1409 1408 1410
f 1409 1410 1411
f 1411 1410 1412
f 1411 1412 1413
f 1413 1412 1414
f 1413 1414 1415
f 1415 1414 1416
f 1415 1416 1417
f 1417 1416 1418
f 1417 1418 1419
f 1419 1418 1420
f 1419 1420 1421
f 1421 1420 1422
f 1421 1422 1423
f 1423 1422 1424
f 1423 1424 1425
f 1425 1424 1426
f 1425 1426 1427
f 1427 1426 1428
f 1427 1428 1429
f 1429 1428 1430
f 1429 1430 1431
f 1431 1430 1432
f 1431 1432 1433
f 1433 1432 1434
f 1433 1434 1435
f 1435 1434 1436
f 1435 1436 1437
f 1437 1436 1438
f 1437 1438 1439
f 1439 1438 1440
f 1439 1440 1441
f 1441 1440 1442
f 1441 1442 1443
f 1443 1442 1444
f 1443 1444 1445
f 1445 1444 1446
f 1445 1446 1447
f 1447 1446 1448
f 1447 1448 1449
f 1449 1448 1450
f 1449 1450 1451
f 1451 1450 1452
f 1451 1452 1453
f 1453 1452 1454
f 1453 1454 1455
f 1455 1454 1456
f 1455 1456 1457
f 1457 1456 1458
f 1457 1458 1459
f 1459 1458 1460
f 1459 1460 1461
f 1461 1460 1462
f 1461 1462 1463
f 1463 1462 1464
f 1463 1464 1465
f 1465 1464 1466
f 1465 1466 1467
f 1467 1466 1468
f 1467 1468 1469
f 1469 1468 1470
f 1469 1470 1471
f 1471 1470 1472
f 1471 1472 1473
f 1473 1472 1474
f 1473 1474 1475
f 1475 1474 1476
f 1475 1476 1477
f 1477 1476 1478
f 1477 1478 1479
f 1479 1478 1480
f 1479 1480 1481
f 1481 1480 1482
f 1481 1482 1483
f 1483 1482 1484
f 1483 1484 1485
f 1485 1484 1486
f 1485 1486 1487
f 1487 1486 1488
f 1487 1488 1489
f 1489 1488 1490
f 1489 1490 1491
f 1491 1490 1492
f 1491 1492 1493
f 1493 1492 1494
f 1493 1494 1495
f 1495 1494 1496
f 1495 1496 1497
f 1497 1496 1498
f 1497 1498 1499
f 1499 1498 1500
f 1499 1500 1501
f 1501 1500 1502
f 1501 1502 1503
f 1503 1502 1504
f 1503 1504 1505
f 1505 1504 1506
f 1505 1506 1507
f 1507 1506 1508
f 1507 1508 1509
f 1509 1508 1510
f 1509 1510 1511
f 1511 1510 1512
f 1511 1512 1513
f 1513 1512 1514
f 1513 1514 1515
f 1515 1514 1516
f 1515 1516 1517
f 1517 1516 1518
f 1517 1518 1519
f 1519 1518 1520
f 1519 1520 1521
f 1521 1520 1522
f 1521 1522 1523
f 1523 1522 1524
f 1523 1524 1525
f 1525 1524 1526
f 1525 1526 1527
f 1527 1526 1528
f 1527 1528 1529
f 1529 1528 1530
f 1529 1530 1531
f 1531 1530 1532
f 1531 1532 1533
f 1533 1532 1534
f 1533 1534 1535
f 1535 1534 1536
f 1535 1536 1537
f 1537 1536 1538
f 1537 1538 1539
f 1539 1538 1540
f 1539 1540 1541
f 1541 1540 1542
f 1541 1542 1543
f 1543 1542 1544
f 1543 1544 1545
f 1545 1544 1546
f 1545 1546 1547
f 1547 1546 1548
f 1547 1548 1549
f 1549 1548 1550
f 1549 1550 1551
f 1551 1550 1552
f 1551 1552 1553
f 1553 1552 1554
f 1553 1554 1555
f 1555 1554 1556
f 1555 1556 1557
f 1557 1556 1558
f 1557 1558 1559
f 1559 1558 1560
f 1559 1560 1561
f 1561 1560 1562
f 1561 1562 1563
f 1563 1562 1564
f 1563 1564 1565
f 1565 1564 1566
f 1565 1566 1567
f 1567 1566 1568
f 1567 1568 1569
f 1569 1568 1570
f 1569 1570 1571
f 1571 1570 1572
f 1571 1572 1573
f 1573 1572 1574
f 1573 1574 1575
f 1575 1574 1576
f 1575 1576 1577
f 1577 1576 1578
f 1577 1578 1579
f 1579 1578 1580
f 1579 1580 1581
f 1581 1580 1582
f 1581 1582 1583
f 1583 1582 1584
f 1583 1584 1585
f 1585 1584 1586
f 1585 1586 1587
f 1587 1586 1588
f 1587 1588 1589
f 1589 1588 1590
f 1589 1590 1591
f 1591 1590 1592
f 1591 1592 1593
f 1593 1592 1594
f 1593 1594 1595
f 1595 1594 1596
f 1595 1596 1597
f 1597 1596 1598
f 1597 1598 1599
f 1599 1598 1600
f 1599 1600 1601
f 1601 1600 1602
f 1601 1602 1603
f 1603 1602 1604
f 1603 1604 1605
f 1605 1604 1606
f 1605 1606 1607
f 1607 1606 1608
f 1607 1608 1609
f 1609 1608 1610
f 1609 1610 1611
f 1611 1610 1612
f 1611 1612 1613
f 1613 1612 1614
f 1613 1614 1615
f 1615 1614 1616
f 1615 1616 1617
f 1617 1616 1618
f 1617 1618 1619
f 1619 1618 1620
f 1619 1620 1621
f 1621 1620 1622
f 1621 1622 1623
f 1623 1622 1624
f 1623 1624 1625
f 1625 1624 1626
f 1625 1626 1627
f 1627 1626 1628
f 1627 1628 1629
f 1629 1628 1630
f 1629 1630 1631
f 1631 1630 1632
f 1631 1632 1633
f 1633 1632 1634
f 1633 1634 1635
f 1635 1634 1636
f 1635 1636 1637
f 1637 1636 1638
f 1637 1638 1639
f 1639 1638 1640
f 1639 1640 1641
f 1641 1640 1642
f 1641 1642 1643
f 1643 1642 1644
f 1643 1644 1645
f 1645 1644 1646
f 1645 1646 1647
f 1647 1646 1648
f 1647 1648 1649
f 1649 1648 1650
f 1649 1650 1651
f 1651 1650 1652
f 1651 1652 1653
f 1653 1652 1654
f 1653 1654 1655
f 1655 1654 1656
f 1655 1656 1657
f 1657 1656 1658
f 1657 1658 1659
f 1659 1658 1660
f 1659 1660 1661
f 1661 1660 1662
f 1661 1662 1663
f 1663 1662 1664
f 1663 1664 1665
f 1665 1664 1666
f 1665 1666 1667
f 1667 1666 1668
f 1667 1668 1669
f 1669 1668 1670
f 1669 1670 1671
f 1671 1670 1672
f 1671 1672 1673
f 1673 1672 1674
f 1673 1674 1675
f 1675 1674 1676
f 1675 1676 1677
f 1677 1676 1678
f 1677 1678 1679
f 1679 1678 1680
f 1679 1680 1681
f 1681 1680 1682
f 1681 1682 1683
f 1683 1682 1684
f 1683 1684 1685
f 1685 1684 1686
f 1685 1686 1687
f 1687 1686 1688
f 1687 1688 1689
f 1689 1688 1690
f 1689 1690 1691
f 1691 1690 1692
f 1691 1692 1693
f 1693 1692 1694
f 1693 1694 1695
f 1695 1694 1696
f 1695 1696 1697
f 1697 1696 1698
f 1697 1698 1699
f 1699 1698 1700
f 1699 1700 1701
f 1701 1700 1702
f 1701 1702 1703
f 1703 1702 1704
f 1703 1704 1705
f 1705 1704 1706
f 1705 1706 1707
f 1707 1706 1708
f 1707 1708 1709
f 1709 1708 1710
f 1709 1710 1711
f 1711 1710 1712
f 1711 1712 1713
f 1713 1712 1714
f 1713 1714 1715
f 1715 1714 1716
f 1715 1716 1717
f 1717 1716 1718
f 1717 1718 1719
f 1719 1718 1720
f 1719 1720 1721
f 1721 1720 1722
f 1721 1722 1723
f 1723 1722 1724
f 1723 1724 1725
f 1725 1724 1726
f 1725 1726 1727
f 1727 1726 1728
f 1727 1728 1729
f 1729 1728 1730
f 1729 1730 1731
f 1731 1730 1732
f 1731 1732 1733
f 1733 1732 1734
f 1733 1734 1735
f 1735 1734 1736
f 1735 1736 1737
f 1737 1736 1738
f 1737 1738 1739
f 1739 1738 1740
f 1739 1740 1741
f 1741 1740 1742
f 1741 1742 1743
f 1743 1742 1744
f 1743 1744 1745
f 1745 1744 1746
f 1745 1746 1747
f 1747 1746 1748
f 1747 1748 1749
f 1749 1748 1750
f 1749 1750 1751
f 1751 1750 1752
f 1751 1752 1753
f 1753 1752 1754
f 1753 1754 1755
f 1755 1754 1756
f 1755 1756 1757
f 1757 1756 1758
f 1757 1758 1759
f 1759 1758 1760
f 1759 1760 1761
f 1761 1760 1762
f 1761 1762 1763
f 1763 1762 1764
f 1763 1764 1765
f 1765 1764 1766
f 1765 1766 1767
f 1767 1766 1768
f 1767 1768 1769
f 1769 1768 1770
f 1769 1770 1771
f 1771 1770 1772
f 1771 1772 1773
f 1773 1772 1774
f 1773 1774 1775
f 1775 1774 1776
f 1775 1776 1777
f 1777 1776 1778
f 1777 1778 1779
f 1779 1778 1780
f 1779 1780 1781
f 1781 1780 1782
f 1781 1782 1783
f 1783 1782 1784
f 1783 1784 1785
f 1785 1784 1786
f 1785 1786 1787
f 1787 1786 1788
f 1787 1788 1789
f 1789 1788 1790
f 1789 1790 1791
f 1791 1790 1792
f 1791 1792 1793
f 1793 1792 1794
f 1793 1794 1795
f 1795 1794 1796
f 1795 1796 1797
f 1797 1796 1798
f 1797 1798 1799
f 1799 1798 1800
f 1799 1800 1801
f 1801 1800 1802
f 1801 1802 1803
f 1803 1802 1804
f 1803 1804 1805
f 1805 1804 1806
f 1805 1806 1807
f 1807 1806 1808
f 1807 1808 1809
f 1809 1808 1810
f 1809 1810 1811
f 1811 1810 1812
f 1811 1812 1813
f 1813 1812 1814
f 1813 1814 1815
f 1815 1814 1816
f 1815 1816 1817
f 1817 1816 1818
f 1817 1818 1819
f 1819 1818 1820
f 1819 1820 1821
f 1821 1820 1822
f 1821 1822 1823
f 1823 1822 1824
f 1823 1824 1825
f 1825 1824 1826
f 1825 1826 1827
f 1827 1826 1828
f 1827 1828 1829
f 1829 1828 1830
f 1829 1830 1831
f 1831 1830 1832
f 1831 1832 1833
f 1833 1832 1834
f 1833 1834 1835
f 1835 1834 1836
f 1835 1836 1837
f 1837 1836 1838
f 1837 1838 1839
f 1839 1838 1840
f 1839 1840 1841
f 1841 1840 1842
f 1841 1842 1843
f 1843 1842 1844
f 1843 1844 1845
f 1845 1844 1846
f 1845 1846 1847
f 1847 1846 1848
f 1847 1848 1849
f 1849 1848 1850
f 1849 1850 1851
f 1851 1850 1852
f 1851 1852 1853
f 1853 1852 1854
f 1853 1854 1855
f 1855 1854 1856
f 1855 1856 1857
f 1857 1856 1858
f 1857 1858 1859
f 1859 1858 1860
f 1859 1860 1861
f 1861 1860 1862
f 1861 1862 1863
f 1863 1862 1864
f 1863 1864 1865
f 1865 1864 1866
f 1865 1866 1867
f 1867 1866 1868
f 1867 1868 1869
f 1869 1868 1870
f 1869 1870 1871
f 1871 1870 1872
f 1871 1872 1873
f 1873 1872 1874
f 1873 1874 1875
f 1875 1874 1876
f 1875 1876 1877
f 1877 1876 1878
f 1877 1878 1879
f 1879 1878 1880
f 1879 1880 1881
f 1881 1880 1882
f 1881 1882 1883
f 1883 1882 1884
f 1883 1884 1885
f 1885 1884 1886
f 1885 1886 1887
f 1887 1886 1888
f 1887 1888 1889
f 1889 1888 1890
f 1889 1890 1891
f 1891 1890 1892
f 1891 1892 1893
f 1893 1892 1894
f 1893 1894 1895
f 1895 1894 1896
f 1895 1896 1897
f 1897 1896 1898
f 1897 1898 1899
f 1899 1898 1900
f 1899 1900 1901
f 1901 1900 1902
f 1901 1902 1903
f 1903 1902 1904
f 1903 1904 1905
f 1905 1904 1906
f 1905 1906 1907
f 1907 1906 1908
f 1907 1908 1909
f 1909 1908 1910
f 1909 1910 1911
f 1911 1910 1912
f 1911 1912 1913
f 1913 1912 1914
f 1913 1914 1915
f 1915 1914 1916
f 1915 1916 1917
f 1917 1916 1918
f 1917 1918 1919
f 1919 1918 1920
f 1919 1920 1921
f 1921 1920 1922
f 1921 1922 1923
f 1923 1922 1924
f 1923 1924 1925
f 1925 1924 1926
f 1925 1926 1927
f 1927 1926 1928
f 1927 1928 1929
f 1929 1928 1930
f 1929 1930 1931
f 1931 1930 1932
f 1931 1932 1933
f 1933 1932 1934
f 1933 1934 1935
f 1935 1934 1936
f 1935 1936 1937
f 1937 1936 1938
f 1937 1938 1939
f 1939 1938 1940
f 1939 1940 1941
f 1941 1940 1942
f 1941 1942 1943
f 1943 1942 1944
f 1943 1944 1945
f 1945 1944 1946
f 1945 1946 1947
f 1947 1946 1948
f 1947 1948 1949
f 1949 1948 1950
f 1949 1950 1951
f 1951 1950 1952
f 1951 1952 1953
f 1953 1952 1954
f 1953 1954 1955
f 1955 1954 1956
f 1955 1956 1957
f 1957 1956 1958
f 1957 1958 1959
f 1959 1958 1960
f 1959 1960 1961
f 1961 1960 1962
f 1961 1962 1963
f 1963 1962 1964
f 1963 1964 1965
f 1965 1964 1966
f 1965 1966 1967
f 1967 1966 1968
f 1967 1968 1969
f 1969 1968 1970
f 1969 1970 1971
f 1971 1970 1972
f 1971 1972 1973
f 1973 1972 1974
f 1973 1974 1975
f 1975 1974 1976
f 1975 1976 1977
f 1977 1976 1978
f 1977 1978 1979
f 1979 1978 1980
f 1979 1980 1981
f 1981 1980 1982
f 1981 1982 1983
f 1983 1982 1984
f 1983 1984 1985
f 1985 1984 1986
f 1985 1986 1987
f 1987 1986 1988
f 1987 1988 1989
f 1989 1988 1990
f 1989 1990 1991
f 1991 1990 1992
f 1991 1992 1993
f 1993 1992 1994
f 1993 1994 1995
f 1995 1994 1996
f 1995 1996 1997
f 1997 1996 1998
f 1997 1998 1999
f 1999 1998 2000
f 1999 2000 2001
f 2001 2000 2002
f 2001 2002 2003
f 2003 2002 2004
f 2003 2004 2005
f 2005 2004 2006
f 2005 2006 2007
f 2007 2006 2008
f 2007 2008 2009
f 2009 2008 2010
f 2009 2010 2011
f 2011 2010 2012
f 2011 2012 2013
f 2013 2012 2014
f 2013 2014 2015
f 2015 2014 2016
f 2015 2016 2017
f 2017 2016 2018
f 2017 2018 2019
f 2019 2018 2020
f 2019 2020 2021
f 2021 2020 2022
f 2021 2022 2023
f 2023 2022 2024
f 2023 2024 2025
f 2025 2024 2026
f 2025 2026 2027
f 2027 2026 2028
f 2027 2028 2029
f 2029 2028 2030
f 2029 2030 2031
f 2031 2030 2032
f 2031 2032 2033
f 2033 2032 2034
f 2033 2034 2035
f 2035 2034 2036
f 2035 2036 2037
f 2037 2036 2038
f 2037 2038 2039
f 2039 2038 2040
f 2039 2040 2041
f 2041 2040 2042
f 2041 2042 2043
f 2043 2042 2044
f 2043 2044 2045
f 2045 2044 2046
f 2045 2046 2047
f 2047 2046 2048
f 2047 2048 2049
f 2049 2048 2050
f 2049 2050 2051
f 2051 2050 2052
f 2051 2052 2053
f 2053 2052 2054
f 2053 2054 2055
f 2055 2054 2056
f 2055 2056 2057
f 2057 2056 2058
f 2057 2058 2059
f 2059 2058 2060
f 2059 2060 2061
f 2061 2060 2062
f 2061 2062 2063
f 2063 2062 2064
f 2063 2064 2065
f 2065 2064 2066
f 2065 2066 2067
f 2067 2066 2068
f 2067 2068 2069
f 2069 2068 2070
f 2069 2070 2071
f 2071 2070 2072
f 2071 2072 2073
f 2073 2072 2074
f 2073 2074 2075
f 2075 2074 2076
f 2075 2076 2077
f 2077 2076 2078
f 2077 2078 2079
f 2080 2081 2082
f 2083 2081 2080
f 2080 2082 2084
f 2083 2085 2081
f 2086 2085 2083
f 2086 2087 2085
f 2088 2087 2086
f 2088 2089 2087
f 2090 2089 2088
f 2090 2091 2089
f 2092 2091 2090
f 2092 2093 2091
f 2094 2093 2092
f 2094 2095 2093
f 2096 2095 2094
f 2096 2097 2095
f 2098 2097 2096
f 2098 2099 2097
f 2100 2099 2098
f 2100 2101 2099
f 2102 2101 2100
f 2102 2103 2101
f 2104 2103 2102
f 2104 2105 2103
f 2106 2105 2104
f 2106 2107 2105
f 2108 2107 2106
f 2108 2109 2107
f 2110 2109 2108
f 2110 2111 2109
f 2112 2111 2110
f 2112 2113 2111
f 2114 2113 2112
f 2114 2115 2113
f 2116 2115 2114
f 2116 2117 2115
f 2118 2117 2116
f 2118 2119 2117
f 2120 2119 2118
f 2120 2121 2119
f 2122 2121 2120
f 2122 2123 2121
f 2124 2123 2122
f 2124 2125 2123
f 2126 2125 2124
f 2126 2127 2125
f 2128 2127 2126
f 2128 2129 2127
f 2130 2129 2128
f 2130 2131 2129
f 2132 2131 2130
f 2132 2133 2131
f 2134 2133 2132
f 2134 2135 2133
f 2136 2135 2134
f 2136 2137 2135
f 2138 2137 2136
f 2138 2139 2137
f 2140 2139 2138
f 2140 2141 2139
f 2142 2141 2140
f 2142 2143 2141
f 2144 2143 2142
f 2144 2145 2143
f 2146 2145 2144
f 2146 2147 2145
f 2148 2147 2146
f 2148 2149 2147
f 2150 2149 2148
f 2150 2151 2149
f 2152 2151 2150
f 2152 2153 2151
f 2154 2153 2152
f 2154 2155 2153
f 2156 2155 2154
f 2156 2157 2155
f 2158 2157 2156
f 2158 2159 2157
f 2160 2159 2158
f 2160 2161 2159
f 2162 2161 2160
f 2162 2163 2161
f 2164 2163 2162
f 2164 2165 2163
f 2166 2165 2164
f 2166 2167 2165
f 2168 2167 2166
f 2168 2169 2167
f 2170 2169 2168
f 2170 2171 2169
f 2172 2171 2170
f 2172 2173 2171
f 2174 2173 2172
f 2174 2175 2173
f 2176 2175 2174
f 2176 2177 2175
f 2178 2177 2176
f 2178 2179 2177
f 2180 2179 2178
f 2180 2181 2179
f 2182 2181 2180
f 2182 2183 2181
f 2184 2183 2182
f 2184 2185 2183
f 2186 2185 2184
f 2186 2187 2185
f 2188 2187 2186
f 2188 2189 2187
f 2190 2189 2188
f 2190 2191 2189
f 2192 2191 2190
f 2192 2193 2191
f 2194 2193 2192
f 2194 2195 2193
f 2196 2195 2194
f 2196 2197 2195
f 2198 2197 2196
f 2198 2199 2197
f 2200 2199 2198
f 2200 2201 2199
f 2202 2201 2200
f 2202 2203 2201
f 2204 2203 2202
f 2204 2205 2203
f 2206 2205 2204
f 2206 2207 2205
f 2208 2207 2206
f 2208 2209 2207
f 2210 2209 2208
f 2210 2211 2209
f 2212 2211 2210
f 2212 2213 2211
f 2214 2213 2212
f 2214 2215 2213
f 2216 2215 2214
f 2216 2217 2215
f 2218 2217 2216
f 2218 2219 2217
f 2218 2220 2219
f 2221 2220 2218
f 2221 2222 2220
f 2223 2222 2221
f 2223 2224 2222
f 2225 2224 2223
f 2225 2226 2224
f 2227 2226 2225
f 2227 2228 2226
f 2229 2228 2227
f 2229 2230 2228
f 2231 2230 2229
f 2231 2232 2230
f 2233 2232 2231
f 2233 2234 2232
f 2235 2234 2233
f 2235 2236 2234
f 2237 2236 2235
f 2237 2238 2236
f 2239 2238 2237
f 2239 2240 2238
f 2241 2240 2239
f 2241 2242 2240
f 2243 2242 2241
f 2243 2244 2242
f 2245 2244 2243
f 2245 2246 2244
f 2247 2246 2245
f 2247 2248 2246
f 2249 2248 2247
f 2249 2250 2248
f 2251 2250 2249
f 2251 2252 2250
f 2253 2252 2251
f 2253 2254 2252
f 2255 2254 2253
f 2255 2256 2254
f 2257 2256 2255
f 2257 2258 2256
f 2259 2258 2257
f 2259 2260 2258
f 2261 2260 2259
f 2261 2262 2260
f 2263 2262 2261
f 2263 2264 2262
f 2265 2264 2263
f 2265 2266 2264
f 2267 2266 2265
f 2267 2268 2266
f 2269 2268 2267
f 2269 2270 2268
f 2271 2270 2269
f 2271 2272 2270
f 2273 2272 2271
f 2273 2274 2272
f 2275 2274 2273
f 2275 2276 2274
f 2277 2276 2275
f 2277 2278 2276
f 2279 2278 2277
f 2279 2280 2278
f 2281 2280 2279
f 2281 2282 2280
f 2283 2282 2281
f 2283 2284 2282
f 2285 2284 2283
f 2285 2286 2284
f 2287 2286 2285
f 2287 2288 2286
f 2289 2288 2287
f 2289 2290 2288
f 2291 2290 2289
f 2291 2292 2290
f 2293 2292 2291
f 2293 2294 2292
f 2295 2294 2293
f 2295 2296 2294
f 2297 2296 2295
f 2297 2298 2296
f 2299 2298 2297
f 2299 2300 2298
f 2301 2300 2299
f 2301 2302 2300
f 2303 2302 2301
f 2303 2304 2302
f 2305 2304 2303
f 2305 2306 2304
f 2307 2306 2305
f 2307 2308 2306
f 2309 2308 2307
f 2309 2310 2308
f 2311 2310 2309
f 2311 2312 2310
f 2313 2312 2311
f 2313 2314 2312
f 2315 2314 2313
f 2315 2316 2314
f 2317 2316 2315
f 2317 2318 2316
f 2319 2318 2317
f 2319 2320 2318
f 2321 2320 2319
f 2322 2320 2321
f 2322 2323 2320
f 2324 2323 2322
f 2324 2325 2323
f 2326 2325 2324
f 2326 2327 2325
f 2328 2327 2326
f 2328 2329 2327
f 2330 2329 2328
f 2330 2331 2329
f 2332 2331 2330
f 2332 2333 2331
f 2334 2333 2332
f 2334 2335 2333
f 2336 2335 2334
f 2336 2337 2335
f 2338 2337 2336
f 2338 2339 2337
f 2340 2339 2338
f 2340 2341 2339
f 2342 2341 2340
f 2342 2343 2341
f 2344 2343 2342
f 2344 2345 2343
f 2346 2345 2344
f 2346 2347 2345
f 2348 2347 2346
f 2348 2349 2347
f 2350 2349 2348
f 2350 2351 2349
f 2352 2351 2350
f 2352 2353 2351
f 2354 2353 2352
f 2354 2355 2353
f 2356 2355 2354
f 2356 2357 2355
f 2358 2357 2356
f 2358 2359 2357
f 2360 2359 2358
f 2360 2361 2359
f 2362 2361 2360
f 2362 2363 2361
f 2364 2363 2362
f 2364 2365 2363
f 2366 2365 2364
f 2366 2367 2365
f 2368 2367 2366
f 2368 2369 2367
f 2370 2369 2368
f 2370 2371 2369
f 2372 2371 2370
f 2372 2373 2371
f 2374 2373 2372
f 2374 2375 2373
f 2376 2375 2374
f 2376 2377 2375
f 2378 2377 2376
f 2378 2379 2377
f 2380 2379 2378
f 2380 2381 2379
f 2382 2381 2380
f 2382 2383 2381
f 2384 2383 2382
f 2384 2385 2383
f 2386 2385 2384
f 2386 2387 2385
f 2388 2387 2386
f 2388 2389 2387
f 2390 2389 2388
f 2390 2391 2389
f 2392 2391 2390
f 2392 2393 2391
f 2394 2393 2392
f 2394 2395 2393
f 2396 2395 2394
f 2396 2397 2395
f 2398 2397 2396
f 2398 2399 2397
f 2400 2399 2398
f 2400 2401 2399
f 2402 2401 2400
f 2402 2403 2401
f 2404 2403 2402
f 2404 2405 2403
f 2406 2405 2404
f 2406 2407 2405
f 2408 2407 2406
f 2408 2409 2407
f 2410 2409 2408
f 2410 2411 2409
f 2412 2411 2410
f 2412 2413 2411
f 2414 2413 2412
f 2414 2415 2413
f 2416 2415 2414
f 2416 2417 2415
f 2418 2417 2416
f 2418 2419 2417
f 2420 2419 2418
f 2420 2421 2419
f 2422 2421 2420
f 2422 2423 2421
f 2424 2423 2422
f 2424 2425 2423
f 2426 2425 2424
f 2426 2427 2425
f 2428 2427 2426
f 2428 2429 2427
f 2430 2429 2428
f 2430 2431 2429
f 2432 2431 2430
f 2432 2433 2431
f 2434 2433 2432
f 2434 2435 2433
f 2436 2435 2434
f 2436 2437 2435
f 2438 2437 2436
f 2438 2439 2437
f 2440 2439 2438
f 2440 2441 2439
f 2442 2441 2440
f 2442 2443 2441
f 2444 2443 2442
f 2444 2445 2443
f 2446 2445 2444
f 2446 2447 2445
f 2448 2447 2446
f 2448 2449 2447
f 2450 2449 2448
f 2450 2451 2449
f 2452 2451 2450
f 2452 2453 2451
f 2454 2453 2452
f 2454 2455 2453
f 2456 2455 2454
f 2456 2457 2455
f 2458 2457 2456
f 2458 2459 2457
f 2460 2459 2458
f 2460 2461 2459
f 2462 2461 2460
f 2462 2463 2461
f 2464 2463 2462
f 2464 2465 2463
f 2466 2465 2464
f 2466 2467 2465
f 2468 2467 2466
f 2468 2469 2467
f 2470 2469 2468
f 2470 2471 2469
f 2472 2471 2470
f 2472 2473 2471
f 2474 2473 2472
f 2474 2475 2473
f 2476 2475 2474
f 2476 2477 2475
f 2478 2477 2476
f 2478 2479 2477
f 2480 2479 2478
f 2480 2481 2479
f 2482 2481 2480
f 2482 2483 2481
f 2484 2483 2482
f 2484 2485 2483
f 2486 2485 2484
f 2486 2487 2485
f 2488 2487 2486
f 2488 2489 2487
f 2490 2489 2488
f 2490 2491 2489
f 2492 2491 2490
f 2492 2493 2491
f 2494 2493 2492
f 2494 2495 2493
f 2496 2495 2494
f 2496 2497 2495
f 2498 2497 2496
f 2498 2499 2497
f 2500 2499 2498
f 2500 2501 2499
f 2502 2501 2500
f 2502 2503 2501
f 2504 2503 2502
f 2504 2505 2503
f 2506 2505 2504
f 2506 2507 2505
f 2508 2507 2506
f 2508 2509 2507
f 2510 2509 2508
f 2510 2511 2509
f 2512 2511 2510
f 2512 2513 2511
f 2514 2513 2512
f 2514 2515 2513
f 2516 2515 2514
f 2516 2517 2515
f 2518 2517 2516
f 2518 2519 2517
f 2520 2519 2518
f 2520 2521 2519
f 2522 2521 2520
f 2522 2523 2521
f 2524 2523 2522
f 2524 2525 2523
f 2526 2525 2524
f 2526 2527 2525
f 2528 2527 2526
f 2528 2529 2527
f 2530 2529 2528
f 2530 2531 2529
f 2532 2531 2530
f 2532 2533 2531
f 2534 2533 2532
f 2534 2535 2533
f 2536 2535 2534
f 2536 2537 2535
f 2538 2537 2536
f 2538 2539 2537
f 2540 2539 2538
f 2540 2541 2539
f 2542 2541 2540
f 2542 2543 2541
f 2544 2543 2542
f 2544 2545 2543
f 2546 2545 2544
f 2546 2547 2545
f 2548 2547 2546
f 2548 2549 2547
f 2550 2549 2548
f 2550 2551 2549
f 2552 2551 2550
f 2552 2553 2551
f 2554 2553 2552
f 2554 2555 2553
f 2556 2555 2554
f 2556 2557 2555
f 2558 2557 2556
f 2558 2559 2557
f 2560 2559 2558
f 2560 2561 2559
f 2562 2561 2560
f 2562 2563 2561
f 2564 2563 2562
f 2564 2565 2563
f 2566 2565 2564
f 2566 2567 2565
f 2568 2567 2566
f 2568 2569 2567
f 2570 2569 2568
f 2570 2571 2569
f 2572 2571 2570
f 2572 2573 2571
f 2574 2573 2572
f 2574 2575 2573
f 2576 2575 2574
f 2576 2577 2575
f 2578 2577 2576
f 2578 2579 2577
f 2580 2579 2578
f 2580 2581 2579
f 2582 2581 2580
f 2582 2583 2581
f 2584 2583 2582
f 2584 2585 2583
f 2586 2585 2584
f 2586 2587 2585
f 2588 2587 2586
f 2588 2589 2587
f 2590 2589 2588
f 2590 2591 2589
f 2592 2591 2590
f 2592 2593 2591
f 2594 2593 2592
f 2594 2595 2593
f 2596 2595 2594
f 2596 2597 2595
f 2598 2597 2596
f 2598 2599 2597
f 2600 2599 2598
f 2600 2601 2599
f 2602 2601 2600
f 2602 2603 2601
f 2604 2603 2602
f 2604 2605 2603
f 2606 2605 2604
f 2606 2607 2605
f 2608 2607 2606
f 2608 2609 2607
f 2610 2609 2608
f 2610 2611 2609
f 2612 2611 2610
f 2612 2613 2611
f 2614 2613 2612
f 2614 2615 2613
f 2616 2615 2614
f 2616 2617 2615
f 2618 2617 2616
f 2618 2619 2617
f 2620 2619 2618
f 2620 2621 2619
f 2622 2621 2620
f 2622 2623 2621
f 2624 2623 2622
f 2624 2625 2623
f 2626 2625 2624
f 2626 2627 2625
f 2628 2627 2626
f 2628 2629 2627
f 2630 2629 2628
f 2630 2631 2629
f 2632 2631 2630
f 2632 2633 2631
f 2634 2633 2632
f 2634 2635 2633
f 2636 2635 2634
f 2636 2637 2635
f 2638 2637 2636
f 2638 2639 2637
f 2640 2639 2638
f 2640 2641 2639
f 2642 2641 2640
f 2642 2643 2641
f 2644 2643 2642
f 2644 2645 2643
f 2646 2645 2644
f 2646 2647 2645
f 2648 2647 2646
f 2648 2649 2647
f 2650 2649 2648
f 2650 2651 2649
f 2652 2651 2650
f 2652 2653 2651
f 2654 2653 2652
f 2654 2655 2653
f 2656 2655 2654
f 2656 2657 2655
f 2658 2657 2656
f 2658 2659 2657
f 2660 2659 2658
f 2660 2661 2659
f 2662 2661 2660
f 2662 2663 2661
f 2664 2663 2662
f 2664 2665 2663
f 2666 2665 2664
f 2666 2667 2665
f 2668 2667 2666
f 2668 2669 2667
f 2670 2669 2668
f 2670 2671 2669
f 2672 2671 2670
f 2672 2673 2671
f 2674 2673 2672
f 2674 2675 2673
f 2676 2675 2674
f 2676 2677 2675
f 2678 2677 2676
f 2678 2679 2677
f 2680 2679 2678
f 2680 2681 2679
f 2682 2681 2680
f 2682 2683 2681
f 2684 2683 2682
f 2684 2685 2683
f 2686 2685 2684
f 2686 2687 2685
f 2688 2687 2686
f 2688 2689 2687
f 2690 2689 2688
f 2690 2691 2689
f 2692 2691 2690
f 2692 2693 2691
f 2694 2693 2692
f 2694 2695 2693
f 2696 2695 2694
f 2696 2697 2695
f 2698 2697 2696
f 2698 2699 2697
f 2700 2699 2698
f 2700 2701 2699
f 2702 2701 2700
f 2702 2703 2701
f 2704 2703 2702
f 2704 2705 2703
f 2706 2705 2704
f 2706 2707 2705
f 2708 2707 2706
f 2708 2709 2707
f 2710 2709 2708
f 2710 2711 2709
f 2712 2711 2710
f 2712 2713 2711
f 2714 2713 2712
f 2714 2715 2713
f 2716 2715 2714
f 2716 2717 2715
f 2718 2717 2716
f 2718 2719 2717
f 2720 2719 2718
f 2720 2721 2719
f 2722 2721 2720
f 2722 2723 2721
f 2724 2723 2722
f 2724 2725 2723
f 2726 2725 2724
f 2726 2727 2725
f 2728 2727 2726
f 2728 2729 2727
f 2730 2729 2728
f 2730 2731 2729
f 2732 2731 2730
f 2732 2733 2731
f 2734 2733 2732
f 2734 2735 2733
f 2736 2735 2734
f 2736 2737 2735
f 2738 2737 2736
f 2738 2739 2737
f 2740 2739 2738
f 2740 2741 2739
f 2742 2741 2740
f 2742 2743 2741
f 2744 2743 2742
f 2744 2745 2743
f 2746 2745 2744
f 2746 2747 2745
f 2748 2747 2746
f 2748 2749 2747
f 2750 2749 2748
f 2750 2751 2749
f 2752 2751 2750
f 2752 2753 2751
f 2754 2753 2752
f 2754 2755 2753
f 2756 2755 2754
f 2756 2757 2755
f 2758 2757 2756
f 2758 2759 2757
f 2760 2759 2758
f 2760 2761 2759
f 2762 2761 2760
f 2762 2763 2761
f 2764 2763 2762
f 2764 2765 2763
f 2766 2765 2764
f 2766 2767 2765
f 2768 2767 2766
f 2768 2769 2767
f 2770 2769 2768
f 2770 2771 2769
f 2772 2771 2770
f 2772 2773 2771
f 2774 2773 2772
f 2774 2775 2773
f 2776 2775 2774
f 2776 2777 2775
f 2778 2777 2776
f 2778 2779 2777
f 2780 2779 2778
f 2780 2781 2779
f 2782 2781 2780
f 2782 2783 2781
f 2784 2783 2782
f 2784 2785 2783
f 2786 2785 2784
f 2786 2787 2785
f 2788 2787 2786
f 2788 2789 2787
f 2790 2789 2788
f 2790 2791 2789
f 2792 2791 2790
f 2792 2793 2791
f 2794 2793 2792
f 2794 2795 2793
f 2796 2795 2794
f 2796 2797 2795
f 2798 2797 2796
f 2798 2799 2797
f 2800 2799 2798
f 2800 2801 2799
f 2802 2801 2800
f 2802 2803 2801
f 2804 2803 2802
f 2804 2805 2803
f 2806 2805 2804
f 2806 2807 2805
f 2808 2807 2806
f 2808 2809 2807
f 2810 2809 2808
f 2810 2811 2809
f 2812 2811 2810
f 2812 2813 2811
f 2814 2813 2812
f 2814 2815 2813
f 2816 2815 2814
f 2816 2817 2815
f 2818 2817 2816
f 2818 2819 2817
f 2820 2819 2818
f 2820 2821 2819
f 2822 2821 2820
f 2822 2823 2821
f 2824 2823 2822
f 2824 2825 2823
f 2826 2825 2824
f 2826 2827 2825
f 2828 2827 2826
f 2828 2829 2827
f 2830 2829 2828
f 2830 2831 2829
f 2832 2831 2830
f 2832 2833 2831
f 2834 2833 2832
f 2834 2835 2833
f 2836 2835 2834
f 2836 2837 2835
f 2838 2837 2836
f 2838 2839 2837
f 2840 2839 2838
f 2840 2841 2839
f 2842 2843 2844
f 2845 2843 2842
f 2846 2842 2844
f 2846 2844 2847
f 2846 2847 2848
f 2848 2847 2849
f 2848 2849 2850
f 2850 2849 2851
f 2850 2851 2852
f 2852 2851 2853
f 2852 2853 2854
f 2854 2853 2855
f 2854 2855 2856
f 2856 2855 2857
f 2856 2857 2858
f 2858 2857 2859
f 2858 2859 2860
f 2860 2859 2861
f 2860 2861 2862
f 2862 2861 2863
f 2862 2863 2864
f 2864 2863 2865
f 2864 2865 2866
f 2866 2865 2867
f 2866 2867 2868
f 2868 2867 2869
f 2868 2869 2870
f 2870 2869 2871
f 2870 2871 2872
f 2872 2871 2873
f 2872 2873 2874
f 2874 2873 2875
f 2874 2875 2876
f 2876 2875 2877
f 2876 2877 2878
f 2878 2877 2879
f 2878 2879 2880
f 2880 2879 2881
f 2880 2881 2845
f 2845 2881 2843
f 2882 2883 2884
f 2885 2883 2882
f 2886 2882 2884
f 2886 2884 2887
f 2886 2887 2888
f 2888 2887 2889
f 2888 2889 2890
f 2890 2889 2891
f 2890 2891 2892
f 2892 2891 2893
f 2892 2893 2894
f 2894 2893 2895
f 2894 2895 2896
f 2896 2895 2897
f 2896 2897 2898
f 2898 2897 2899
f 2898 2899 2900
f 2900 2899 2901
f 2900 2901 2902
f 2902 2901 2903
f 2902 2903 2904
f 2904 2903 2905
f 2904 2905 2906
f 2906 2905 2907
f 2906 2907 2908
f 2908 2907 2909
f 2908 2909 2910
f 2910 2909 2911
f 2910 2911 2912
f 2912 2911 2913
f 2912 2913 2914
f 2914 2913 2915
f 2914 2915 2916
f 2916 2915 2917
f 2916 2917 2918
f 2918 2917 2919
f 2918 2919 2920
f 2920 2919 2921
f 2920 2921 2885
f 2885 2921 2883
f 2922 2923 2924
f 2925 2923 2922
f 2926 2922 2924
f 2926 2924 2927
f 2926 2927 2928
f 2928 2927 2929
f 2928 2929 2930
f 2930 2929 2931
f 2930 2931 2932
f 2932 2931 2933
f 2932 2933 2934
f 2934 2933 2935
f 2934 2935 2936
f 2936 2935 2937
f 2936 2937 2938
f 2938 2937 2939
f 2938 2939 2940
f 2940 2939 2941
f 2940 2941 2942
f 2942 2941 2943
f 2942 2943 2944
f 2944 2943 2945
f 2944 2945 2946
f 2946 2945 2947
f 2946 2947 2948
f 2948 2947 2949
f 2948 2949 2950
f 2950 2949 2951
f 2950 2951 2952
f 2952 2951 2953
f 2952 2953 2954
f 2954 2953 2955
f 2954 2955 2956
f 2956 2955 2957
f 2956 2957 2958
f 2958 2957 2959
f 2958 2959 2960
f 2960 2959 2961
f 2960 2961 2925
f 2925 2961 2923
f 2962 2963 2964
f 2965 2963 2962
f 2966 2962 2964
f 2966 2964 2967
f 2966 2967 2968
f 2968 2967 2969
f 2968 2969 2970
f 2970 2969 2971
f 2970 2971 2972
f 2972 2971 2973
f 2972 2973 2974
f 2974 2973 2975
f 2974 2975 2976
f 2976 2975 2977
f 2976 2977 2978
f 2978 2977 2979
f 2978 2979 2980
f 2980 2979 2981
f 2980 2981 2982
f 2982 2981 2983
f 2982 2983 2984
f 2984 2983 2985
f 2984 2985 2986
f 2986 2985 2987
f 2986 2987 2988
f 2988 2987 2989
f 2988 2989 2990
f 2990 2989 2991
f 2990 2991 2992
f 2992 2991 2993
f 2992 2993 2994
f 2994 2993 2995
f 2994 2995 2996
f 2996 2995 2997
f 2996 2997 2998
f 2998 2997 2999
f 2998 2999 3000
f 3000 2999 3001
f 3000 3001 2965
f 2965 3001 2963
f 3002 3003 3004
f 3005 3003 3002
f 3006 3002 3004
f 3006 3004 3007
f 3006 3007 3008
f 3008 3007 3009
f 3008 3009 3010
f 3010 3009 3011
f 3010 3011 3012
f 3012 3011 3013
f 3012 3013 3014
f 3014 3013 3015
f 3014 3015 3016
f 3016 3015 3017
f 3016 3017 3018
f 3018 3017 3019
f 3018 3019 3020
f 3020 3019 3021
f 3020 3021 3022
f 3022 3021 3023
f 3022 3023 3024
f 3024 3023 3025
f 3024 3025 3026
f 3026 3025 3027
f 3026 3027 3028
f 3028 3027 3029
f 3028 3029 3030
f 3030 3029 3031
f 3030 3031 3032
f 3032 3031 3033
f 3032 3033 3034
f 3034 3033 3035
f 3034 3035 3036
f 3036 3035 3037
f 3036 3037 3038
f 3038 3037 3039
f 3038 3039 3040
f 3040 3039 3041
f 3040 3041 3042
f 3042 3041 3043
f 3042 3043 3044
f 3044 3043 3045
f 3044 3045 3046
f 3046 3045 3047
f 3046 3047 3048
f 3048 3047 3049
f 3048 3049 3050
f 3050 3049 3051
f 3050 3051 3052
f 3052 3051 3053
f 3052 3053 3054
f 3054 3053 3055
f 3054 3055 3056
f 3056 3055 3057
f 3056 3057 3058
f 3058 3057 3059
f 3058 3059 3060
f 3060 3059 3061
f 3060 3061 3062
f 3062 3061 3063
f 3062 3063 3064
f 3064 3063 3065
f 3064 3065 3005
f 3005 3065 3003
f 3066 3067 3068
f 3069 3067 3066
f 3066 3068 3070
f 3070 3068 3071
f 3071 3068 3072
f 3071 3072 3073
f 3073 3072 3074
f 3073 3074 3075
f 3075 3074 3076
f 3075 3076 3077
f 3077 3076 3078
f 3078 3076 3079
f 3078 3079 3080
f 3080 3079 3081
f 3080 3081 3082
f 3082 3081 3083
f 3082 3083 3084
f 3084 3083 3085
f 3084 3085 3086
f 3086 3085 3087
f 3086 3087 3088
f 3088 3087 3089
f 3088 3089 3090
f 3090 3089 3091
f 3090 3091 3092
f 3092 3091 3093
f 3092 3093 3094
f 3094 3093 3095
f 3094 3095 3096
f 3096 3095 3097
f 3096 3097 3098
f 3098 3097 3099
f 3098 3099 3100
f 3100 3099 3101
f 3100 3101 3102
f 3102 3101 3103
f 3102 3103 3104
f 3104 3103 3105
f 3104 3105 3106
f 3106 3105 3107
f 3106 3107 3108
f 3108 3107 3109
f 3108 3109 3110
f 3110 3109 3111
f 3110 3111 3112
f 3112 3111 3113
f 3112 3113 3114
f 3114 3113 3115
f 3114 3115 3116
f 3116 3115 3117
f 3116 3117 3118
f 3118 3117 3119
f 3118 3119 3120
f 3120 3119 3121
f 3120 3121 3122
f 3122 3121 3123
f 3122 3123 3124
f 3124 3123 3125
f 3124 3125 3126
f 3126 3125 3127
f 3126 3127 3128
f 3128 3127 3129
f 3128 3129 3130
f 3130 3129 3131
f 3130 3131 3132
f 3132 3131 3133
f 3132 3133 3134
f 3134 3133 3135
f 3134 3135 3136
f 3136 3135 3137
f 3136 3137 3138
f 3138 3137 3139
f 3138 3139 3140
f 3140 3139 3141
f 3140 3141 3142
f 3142 3141 3143
f 3142 3143 3144
f 3144 3143 3145
f 3144 3145 3146
f 3146 3145 3147
f 3146 3147 3148
f 3148 3147 3149
f 3148 3149 3150
f 3150 3149 3151
f 3150 3151 3152
f 3152 3151 3153
f 3152 3153 3154
f 3154 3153 3155
f 3154 3155 3156
f 3156 3155 3157
f 3156 3157 3158
f 3158 3157 3159
f 3158 3159 3160
f 3160 3159 3161
f 3160 3161 3162
f 3162 3161 3163
f 3162 3163 3164
f 3164 3163 3165
f 3164 3165 3166
f 3166 3165 3167
f 3166 3167 3168
f 3168 3167 3169
f 3168 3169 3170
f 3170 3169 3171
f 3170 3171 3172
f 3172 3171 3173
f 3172 3173 3174
f 3174 3173 3175
f 3174 3175 3176
f 3176 3175 3177
f 3176 3177 3178
f 3178 3177 3179
f 3178 3179 3180
f 3180 3179 3181
f 3180 3181 3182
f 3182 3181 3183
f 3184 3182 3183
f 3184 3183 3185
f 3184 3185 3186
f 3186 3185 3187
f 3186 3187 3188
f 3188 3187 3189
f 3188 3189 3190
f 3190 3189 3191
f 3190 3191 3192
f 3192 3191 3193
f 3192 3193 3194
f 3194 3193 3195
f 3194 3195 3196
f 3196 3195 3197
f 3196 3197 3198
f 3198 3197 3199
f 3198 3199 3200
f 3200 3199 3201
f 3200 3201 3202
f 3202 3201 3203
f 3202 3203 3204
f 3204 3203 3205
f 3204 3205 3206
f 3206 3205 3207
f 3206 3207 3208
f 3208 3207 3209
f 3209 3207 3210
f 3209 3210 3211
f 3211 3210 3212
f 3211 3212 3213
f 3213 3212 3214
f 3214 3212 3215
f 3214 3215 3216
f 3216 3215 3217
f 3216 3217 3218
f 3218 3217 3219
f 3218 3219 3220
f 3220 3219 3221
f 3220 3221 3222
f 3222 3221 3223
f 3222 3223 3224
f 3222 3224 3225
f 3225 3224 3226
f 3225 3226 3227
f 3227 3226 3228
f 3227 3228 3229
f 3229 3228 3230
f 3229 3230 3231
f 3231 3230 3232
f 3232 3230 3233
f 3232 3233 3234
f 3234 3233 3235
f 3234 3235 3236
f 3236 3235 3237
f 3236 3237 3238
f 3238 3237 3239
f 3238 3239 3240
f 3240 3239 3241
f 3240 3241 3242
f 3242 3241 3243
f 3242 3243 3244
f 3244 3243 3245
f 3244 3245 3246
f 3246 3245 3247
f 3246 3247 3248
f 3248 3247 3249
f 3248 3249 3250
f 3250 3249 3251
f 3250 3251 3252
f 3252 3251 3253
f 3252 3253 3254
f 3254 3253 3255
f 3254 3255 3256
f 3256 3255 3257
f 3256 3257 3258
f 3258 3257 3259
f 3258 3259 3260
f 3260 3259 3261
f 3260 3261 3262
f 3262 3261 3263
f 3262 3263 3264
f 3264 3263 3265
f 3264 3265 3266
f 3266 3265 3267
f 3266 3267 3268
f 3268 3267 3269
f 3268 3269 3270
f 3270 3269 3271
f 3270 3271 3272
f 3272 3271 3273
f 3272 3273 3274
f 3274 3273 3275
f 3274 3275 3069
f 3069 3275 3067
f 3276 3277 3278
f 3279 3277 3276
f 3276 3278 3280
f 3280 3278 3281
f 3281 3278 3282
f 3281 3282 3283
f 3283 3282 3284
f 3283 3284 3285
f 3285 3284 3286
f 3285 3286 3287
f 3287 3286 3288
f 3287 3288 3289
f 3289 3288 3290
f 3289 3290 3291
f 3291 3290 3292
f 3291 3292 3293
f 3293 3292 3294
f 3293 3294 3295
f 3295 3294 3296
f 3295 3296 3297
f 3297 3296 3298
f 3297 3298 3299
f 3299 3298 3300
f 3299 3300 3301
f 3301 3300 3302
f 3301 3302 3303
f 3303 3302 3304
f 3303 3304 3305
f 3305 3304 3306
f 3305 3306 3307
f 3307 3306 3308
f 3309 3307 3308
f 3309 3308 3310
f 3309 3310 3311
f 3311 3310 3312
f 3311 3312 3313
f 3313 3312 3314
f 3313 3314 3315
f 3315 3314 3316
f 3315 3316 3317
f 3317 3316 3318
f 3317 3318 3319
f 3319 3318 3320
f 3319 3320 3321
f 3321 3320 3322
f 3322 3320 3323
f 3322 3323 3324
f 3324 3323 3325
f 3324 3325 3326
f 3326 3325 3327
f 3326 3327 3328
f 3328 3327 3329
f 3328 3329 3330
f 3330 3329 3331
f 3330 3331 3332
f 3332 3331 3333
f 3332 3333 3334
f 3334 3333 3335
f 3334 3335 3336
f 3336 3335 3337
f 3336 3337 3338
f 3338 3337 3339
f 3338 3339 3340
f 3340 3339 3341
f 3340 3341 3342
f 3342 3341 3343
f 3342 3343 3344
f 3344 3343 3345
f 3344 3345 3346
f 3346 3345 3347
f 3346 3347 3348
f 3348 3347 3349
f 3348 3349 3350
f 3350 3349 3351
f 3350 3351 3352
f 3352 3351 3353
f 3352 3353 3354
f 3354 3353 3355
f 3354 3355 3356
f 3356 3355 3357
f 3356 3357 3358
f 3358 3357 3359
f 3358 3359 3360
f 3360 3359 3361
f 3360 3361 3362
f 3362 3361 3363
f 3362 3363 3364
f 3364 3363 3365
f 3364 3365 3366
f 3366 3365 3367
f 3366 3367 3368
f 3368 3367 3369
f 3368 3369 3370
f 3370 3369 3371
f 3370 3371 3372
f 3372 3371 3373
f 3372 3373 3374
f 3374 3373 3375
f 3374 3375 3376
f 3376 3375 3377
f 3376 3377 3378
f 3378 3377 3379
f 3378 3379 3380
f 3380 3379 3381
f 3380 3381 3382
f 3382 3381 3383
f 3382 3383 3384
f 3384 3383 3385
f 3384 3385 3386
f 3386 3385 3387
f 3386 3387 3388
f 3388 3387 3389
f 3388 3389 3390
f 3390 3389 3391
f 3390 3391 3392
f 3392 3391 3393
f 3392 3393 3394
f 3394 3393 3395
f 3394 3395 3396
f 3396 3395 3397
f 3396 3397 3398
f 3398 3397 3399
f 3398 3399 3400
f 3400 3399 3401
f 3400 3401 3402
f 3402 3401 3403
f 3402 3403 3404
f 3404 3403 3405
f 3404 3405 3406
f 3406 3405 3407
f 3406 3407 3408
f 3408 3407 3409
f 3408 3409 3410
f 3410 3409 3411
f 3410 3411 3412
f 3412 3411 3413
f 3412 3413 3414
f 3414 3413 3415
f 3414 3415 3416
f 3416 3415 3417
f 3416 3417 3418
f 3418 3417 3419
f 3418 3419 3420
f 3420 3419 3421
f 3420 3421 3422
f 3422 3421 3423
f 3422 3423 3424
f 3424 3423 3425
f 3424 3425 3426
f 3426 3425 3427
f 3426 3427 3428
f 3428 3427 3429
f 3428 3429 3430
f 3430 3429 3431
f 3430 3431 3432
f 3432 3431 3433
f 3432 3433 3434
f 3434 3433 3435
f 3434 3435 3436
f 3436 3435 3437
f 3436 3437 3438
f 3438 3437 3439
f 3438 3439 3440
f 3440 3439 3441
f 3441 3439 3442
f 3441 3442 3443
f 3443 3442 3444
f 3443 3444 3445
f 3445 3444 3446
f 3445 3446 3447
f 3447 3446 3448
f 3447 3448 3449
f 3449 3448 3450
f 3449 3450 3451
f 3451 3450 3452
f 3451 3452 3453
f 3453 3452 3454
f 3453 3454 3455
f 3455 3454 3456
f 3455 3456 3457
f 3457 3456 3458
f 3457 3458 3459
f 3459 3458 3460
f 3459 3460 3461
f 3461 3460 3462
f 3461 3462 3463
f 3463 3462 3464
f 3463 3464 3465
f 3465 3464 3466
f 3465 3466 3467
f 3467 3466 3468
f 3467 3468 3469
f 3469 3468 3470
f 3469 3470 3471
f 3471 3470 3472
f 3471 3472 3473
f 3473 3472 3474
f 3473 3474 3475
f 3475 3474 3476
f 3475 3476 3477
f 3477 3476 3478
f 3477 3478 3479
f 3479 3478 3480
f 3479 3480 3481
f 3481 3480 3482
f 3481 3482 3483
f 3483 3482 3484
f 3483 3484 3485
f 3485 3484 3486
f 3485 3486 3487
f 3487 3486 3488
f 3487 3488 3279
f 3279 3488 3277
f 3489 3490 3491
f 3492 3490 3489
f 3489 3491 3493
f 3493 3491 3494
f 3493 3494 3495
f 3495 3494 3496
f 3495 3496 3497
f 3497 3496 3498
f 3497 3498 3499
f 3499 3498 3500
f 3499 3500 3501
f 3501 3500 3502
f 3501 3502 3503
f 3503 3502 3504
f 3503 3504 3505
f 3505 3504 3506
f 3505 3506 3507
f 3507 3506 3508
f 3507 3508 3509
f 3509 3508 3510
f 3509 3510 3511
f 3511 3510 3512
f 3511 3512 3513
f 3513 3512 3514
f 3513 3514 3515
f 3515 3514 3516
f 3517 3515 3516
f 3517 3516 3518
f 3518 3516 3519
f 3518 3519 3520
f 3520 3519 3521
f 3520 3521 3522
f 3522 3521 3523
f 3522 3523 3524
f 3524 3523 3525
f 3524 3525 3526
f 3526 3525 3527
f 3526 3527 3528
f 3528 3527 3529
f 3528 3529 3530
f 3530 3529 3531
f 3530 3531 3532
f 3530 3532 3533
f 3533 3532 3534
f 3533 3534 3535
f 3535 3534 3536
f 3535 3536 3537
f 3537 3536 3538
f 3537 3538 3539
f 3539 3538 3540
f 3539 3540 3541
f 3541 3540 3542
f 3541 3542 3543
f 3543 3542 3544
f 3543 3544 3545
f 3545 3544 3546
f 3545 3546 3547
f 3547 3546 3548
f 3547 3548 3549
f 3549 3548 3550
f 3549 3550 3551
f 3551 3550 3552
f 3551 3552 3553
f 3553 3552 3554
f 3553 3554 3555
f 3555 3554 3556
f 3555 3556 3557
f 3557 3556 3558
f 3557 3558 3559
f 3559 3558 3560
f 3559 3560 3561
f 3561 3560 3562
f 3561 3562 3563
f 3563 3562 3564
f 3563 3564 3565
f 3565 3564 3566
f 3565 3566 3567
f 3567 3566 3568
f 3567 3568 3569
f 3569 3568 3570
f 3569 3570 3571
f 3571 3570 3572
f 3571 3572 3573
f 3573 3572 3574
f 3573 3574 3575
f 3575 3574 3576
f 3575 3576 3577
f 3577 3576 3578
f 3577 3578 3579
f 3579 3578 3580
f 3579 3580 3581
f 3581 3580 3582
f 3581 3582 3583
f 3583 3582 3584
f 3583 3584 3585
f 3585 3584 3586
f 3585 3586 3587
f 3587 3586 3588
f 3587 3588 3589
f 3589 3588 3590
f 3589 3590 3591
f 3591 3590 3592
f 3591 3592 3593
f 3593 3592 3594
f 3593 3594 3595
f 3595 3594 3596
f 3595 3596 3597
f 3597 3596 3598
f 3597 3598 3599
f 3599 3598 3600
f 3599 3600 3601
f 3601 3600 3602
f 3601 3602 3603
f 3603 3602 3604
f 3603 3604 3605
f 3605 3604 3606
f 3605 3606 3607
f 3607 3606 3608
f 3607 3608 3609
f 3609 3608 3610
f 3609 3610 3611
f 3611 3610 3612
f 3611 3612 3613
f 3613 3612 3614
f 3613 3614 3615
f 3615 3614 3616
f 3615 3616 3617
f 3617 3616 3618
f 3617 3618 3619
f 3619 3618 3620
f 3619 3620 3621
f 3621 3620 3622
f 3621 3622 3623
f 3623 3622 3624
f 3623 3624 3625
f 3625 3624 3626
f 3625 3626 3627
f 3627 3626 3628
f 3627 3628 3629
f 3629 3628 3630
f 3629 3630 3631
f 3631 3630 3632
f 3631 3632 3633
f 3633 3632 3634
f 3633 3634 3635
f 3635 3634 3636
f 3635 3636 3637
f 3637 3636 3638
f 3637 3638 3639
f 3639 3638 3640
f 3639 3640 3641
f 3641 3640 3642
f 3641 3642 3643
f 3643 3642 3644
f 3643 3644 3645
f 3645 3644 3646
f 3645 3646 3647
f 3647 3646 3648
f 3647 3648 3649
f 3649 3648 3650
f 3649 3650 3651
f 3651 3650 3652
f 3651 3652 3653
f 3653 3652 3654
f 3653 3654 3655
f 3655 3654 3656
f 3655 3656 3657
f 3657 3656 3658
f 3657 3658 3659
f 3659 3658 3660
f 3659 3660 3661
f 3661 3660 3662
f 3661 3662 3663
f 3663 3662 3664
f 3663 3664 3665
f 3665 3664 3666
f 3665 3666 3667
f 3667 3666 3668
f 3667 3668 3669
f 3669 3668 3670
f 3669 3670 3671
f 3671 3670 3672
f 3671 3672 3673
f 3673 3672 3674
f 3673 3674 3492
f 3492 3674 3490
f 3675 3676 3677
f 3678 3676 3675
f 3675 3677 3679
f 3679 3677 3680
f 3680 3677 3681
f 3680 3681 3682
f 3682 3681 3683
f 3682 3683 3684
f 3684 3683 3685
f 3684 3685 3686
f 3686 3685 3687
f 3686 3687 3688
f 3688 3687 3689
f 3688 3689 3690
f 3690 3689 3691
f 3690 3691 3692
f 3692 3691 3693
f 3692 3693 3694
f 3694 3693 3695
f 3694 3695 3696
f 3696 3695 3697
f 3696 3697 3698
f 3698 3697 3699
f 3698 3699 3700
f 3700 3699 3701
f 3700 3701 3702
f 3702 3701 3703
f 3702 3703 3704
f 3704 3703 3705
f 3704 3705 3706
f 3706 3705 3707
f 3706 3707 3708
f 3708 3707 3709
f 3708 3709 3710
f 3710 3709 3711
f 3710 3711 3712
f 3712 3711 3713
f 3712 3713 3714
f 3714 3713 3715
f 3714 3715 3716
f 3716 3715 3717
f 3716 3717 3718
f 3718 3717 3719
f 3718 3719 3720
f 3720 3719 3721
f 3720 3721 3722
f 3722 3721 3723
f 3722 3723 3724
f 3724 3723 3725
f 3724 3725 3726
f 3726 3725 3727
f 3726 3727 3728
f 3728 3727 3729
f 3728 3729 3730
f 3730 3729 3731
f 3730 3731 3732
f 3732 3731 3733
f 3732 3733 3734
f 3734 3733 3735
f 3734 3735 3736
f 3736 3735 3737
f 3736 3737 3738
f 3738 3737 3739
f 3738 3739 3740
f 3740 3739 3741
f 3740 3741 3742
f 3742 3741 3743
f 3742 3743 3744
f 3744 3743 3745
f 3744 3745 3746
f 3746 3745 3747
f 3746 3747 3748
f 3748 3747 3749
f 3748 3749 3750
f 3750 3749 3751
f 3750 3751 3752
f 3750 3752 3753
f 3753 3752 3754
f 3755 3753 3754
f 3755 3754 3756
f 3755 3756 3757
f 3757 3756 3758
f 3757 3758 3759
f 3759 3758 3760
f 3759 3760 3761
f 3761 3760 3762
f 3761 3762 3763
f 3763 3762 3764
f 3763 3764 3765
f 3765 3764 3766
f 3765 3766 3767
f 3767 3766 3768
f 3767 3768 3769
f 3769 3768 3770
f 3769 3770 3771
f 3771 3770 3772
f 3771 3772 3773
f 3773 3772 3774
f 3773 3774 3775
f 3775 3774 3776
f 3775 3776 3777
f 3777 3776 3778
f 3777 3778 3779
f 3779 3778 3780
f 3780 3778 3781
f 3780 3781 3782
f 3782 3781 3783
f 3783 3781 3784
f 3783 3784 3785
f 3785 3784 3786
f 3785 3786 3787
f 3787 3786 3788
f 3787 3788 3789
f 3789 3788 3790
f 3789 3790 3791
f 3791 3790 3792
f 3791 3792 3793
f 3793 3792 3794
f 3793 3794 3795
f 3795 3794 3796
f 3795 3796 3797
f 3797 3796 3798
f 3797 3798 3799
f 3799 3798 3800
f 3799 3800 3801
f 3801 3800 3802
f 3801 3802 3803
f 3803 3802 3804
f 3803 3804 3805
f 3805 3804 3806
f 3805 3806 3807
f 3807 3806 3808
f 3808 3806 3809
f 3808 3809 3810
f 3810 3809 3811
f 3810 3811 3812
f 3812 3811 3813
f 3812 3813 3814
f 3814 3813 3815
f 3814 3815 3816
f 3814 3816 3817
f 3817 3816 3818
f 3817 3818 3819
f 3819 3818 3820
f 3819 3820 3821
f 3821 3820 3822
f 3821 3822 3823
f 3823 3822 3824
f 3823 3824 3825
f 3825 3824 3826
f 3825 3826 3827
f 3827 3826 3828
f 3827 3828 3829
f 3829 3828 3830
f 3829 3830 3831
f 3831 3830 3832
f 3831 3832 3833
f 3833 3832 3834
f 3833 3834 3835
f 3835 3834 3836
f 3835 3836 3837
f 3837 3836 3838
f 3837 3838 3839
f 3839 3838 3840
f 3839 3840 3841
f 3841 3840 3842
f 3841 3842 3843
f 3843 3842 3844
f 3843 3844 3845
f 3845 3844 3846
f 3845 3846 3847
f 3847 3846 3848
f 3847 3848 3849
f 3849 3848 3850
f 3849 3850 3851
f 3851 3850 3852
f 3851 3852 3853
f 3853 3852 3854
f 3853 3854 3855
f 3855 3854 3856
f 3855 3856 3857
f 3857 3856 3858
f 3857 3858 3859
f 3859 3858 3860
f 3859 3860 3861
f 3861 3860 3862
f 3861 3862 3863
f 3863 3862 3864
f 3863 3864 3865
f 3865 3864 3866
f 3865 3866 3867
f 3867 3866 3868
f 3867 3868 3869
f 3869 3868 3870
f 3869 3870 3871
f 3871 3870 3872
f 3871 3872 3873
f 3873 3872 3874
f 3873 3874 3875
f 3875 3874 3876
f 3875 3876 3877
f 3877 3876 3878
f 3877 3878 3879
f 3879 3878 3880
f 3879 3880 3881
f 3881 3880 3882
f 3881 3882 3883
f 3883 3882 3884
f 3883 3884 3885
f 3885 3884 3886
f 3885 3886 3887
f 3887 3886 3888
f 3887 3888 3889
f 3889 3888 3890
f 3889 3890 3891
f 3891 3890 3892
f 3891 3892 3893
f 3893 3892 3894
f 3893 3894 3895
f 3895 3894 3896
f 3895 3896 3897
f 3897 3896 3898
f 3897 3898 3899
f 3899 3898 3900
f 3899 3900 3901
f 3901 3900 3902
f 3901 3902 3903
f 3903 3902 3904
f 3903 3904 3905
f 3905 3904 3906
f 3905 3906 3907
f 3907 3906 3908
f 3907 3908 3909
f 3909 3908 3910
f 3909 3910 3911
f 3911 3910 3912
f 3911 3912 3913
f 3913 3912 3914
f 3913 3914 3915
f 3915 3914 3916
f 3915 3916 3917
f 3917 3916 3918
f 3917 3918 3919
f 3919 3918 3920
f 3919 3920 3921
f 3921 3920 3922
f 3921 3922 3678
f 3678 3922 3676
f 3923 3924 3925
f 3923 3926 3924
f 3926 3927 3924
f 3926 3928 3927
f 3928 3929 3927
f 3929 3930 3927
f 3929 3931 3930
f 3931 3932 3930
f 3931 3933 3932
f 3933 3934 3932
f 3933 3935 3934
f 3935 3936 3934
f 3935 3937 3936
f 3937 3938 3936
f 3937 3939 3938
f 3939 3940 3938
f 3939 3941 3940
f 3941 3942 3940
f 3941 3943 3942
f 3943 3944 3942
f 3943 3945 3944
f 3943 3946 3945
f 3946 3947 3945
f 3946 3948 3947
f 3946 3949 3948
f 3949 3950 3948
f 3949 3951 3950
f 3949 3952 3951
f 3952 3953 3951
f 3952 3954 3953
f 3954 3955 3953
f 3955 3956 3953
f 3955 3957 3956
f 3957 3958 3956
f 3957 3959 3958
f 3959 3960 3958
f 3959 3961 3960
f 3961 3962 3960
f 3961 3963 3962
f 3963 3964 3962
f 3963 3965 3964
f 3965 3966 3964
f 3965 3967 3966
f 3967 3968 3966
f 3967 3969 3968
f 3969 3970 3968
f 3969 3971 3970
f 3971 3972 3970
f 3972 3973 3970
f 3972 3974 3973
f 3974 3975 3973
f 3974 3976 3975
f 3976 3977 3975
f 3976 3978 3977
f 3976 3979 3978
f 3979 3980 3978
f 3979 3981 3980
f 3981 3982 3980
f 3981 3983 3982
f 3983 3984 3982
f 3983 3985 3984
f 3985 3986 3984
f 3985 3987 3986
f 3987 3988 3986
f 3987 3989 3988
f 3987 3990 3989
f 3990 3991 3989
f 3990 3992 3991
f 3992 3993 3991
f 3992 3994 3993
f 3994 3995 3993
f 3994 3996 3995
f 3996 3997 3995
f 3996 3998 3997
f 3998 3999 3997
f 3999 4000 3997
f 3999 4001 4000
f 4001 4002 4000
f 4001 4003 4002
f 4003 4004 4002
f 4004 4005 4002
f 4004 4006 4005
f 4006 4007 4005
f 4006 4008 4007
f 4008 4009 4007
f 4008 4010 4009
f 4010 4011 4009
f 4010 4012 4011
f 4012 4013 4011
f 4013 4014 4011
f 4013 4015 4014
f 4015 4016 4014
f 4015 4017 4016
f 4017 4018 4016
f 4018 4019 4016
f 4018 4020 4019
f 4020 4021 4019
f 4021 4022 4019
f 4021 4023 4022
f 4023 4024 4022
f 4024 4025 4022
f 4025 4026 4022
f 4026 4027 4022
f 4026 4028 4027
f 4028 4029 4027
f 4029 4030 4027
f 4030 4031 4027
f 4031 4032 4027
f 4032 4033 4027
f 4032 4034 4033
f 4034 4035 4033
f 4035 4036 4033
f 4036 4037 4033
f 4037 4038 4033
f 4037 4039 4038
f 4039 4040 4038
f 4040 4041 4038
f 4041 4042 4038
f 4042 4043 4038
f 4042 4044 4043
f 4044 4045 4043
f 4045 4046 4043
f 4046 4047 4043
f 4047 4048 4043
f 4047 4049 4048
f 4050 4048 4049
f 4050 4051 4048
f 4050 4049 4052
f 4053 4050 4052
f 4053 4052 4054
f 4055 4053 4054
f 4055 4054 4056
f 4055 4056 4057
f 4058 4055 4057
f 4058 4057 4059
f 4060 4058 4059
f 4060 4059 4061
f 4060 4061 4062
f 4063 4060 4062
f 4063 4062 4064
f 4063 4064 4065
f 4063 4065 4066
f 4063 4066 4067
f 4068 4063 4067
f 4068 4067 4069
f 4068 4069 4070
f 4068 4070 4071
f 4068 4071 4072
f 4073 4068 4072
f 4073 4072 4074
f 4073 4074 4075
f 4076 4073 4075
f 4076 4075 4077
f 4076 4077 4078
f 4079 4076 4078
f 4079 4078 4080
f 4079 4080 4081
f 4082 4079 4081
f 4082 4081 4083
f 4082 4083 4084
f 4085 4082 4084
f 4085 4084 4086
f 4085 4086 4087
f 4088 4085 4087
f 4088 4087 4089
f 4090 4088 4089
f 4090 4089 4091
f 4092 4090 4091
f 4092 4091 4093
f 4094 4092 4093
f 4094 4093 4095
f 4096 4094 4095
f 4096 4095 4097
f 4096 4097 4098
f 4098 4097 4099
f 4100 4098 4099
f 4101 4100 4099
f 4101 4099 4102
f 4103 4101 4102
f 4104 4103 4102
f 4104 4102 4105
f 4106 4104 4105
f 4106 4105 4107
f 4108 4106 4107
f 4109 4108 4107
f 4109 4107 4110
f 4111 4109 4110
f 4111 4110 4112
f 4113 4111 4112
f 4113 4112 4114
f 4115 4113 4114
f 4115 4114 4116
f 4117 4115 4116
f 4118 4117 4116
f 4118 4116 4119
f 4120 4118 4119
f 4120 4119 4121
f 4122 4120 4121
f 4122 4121 4123
f 4124 4122 4123
f 4124 4123 4125
f 4126 4124 4125
f 4126 4125 4127
f 4128 4126 4127
f 4128 4127 4129
f 4128 4129 4130
f 4131 4128 4130
f 4131 4130 4132
f 4131 4132 4133
f 4134 4131 4133
f 4134 4133 4135
f 4134 4135 4136
f 4137 4134 4136
f 4137 4136 4138
f 4137 4138 4139
f 4140 4137 4139
f 4140 4139 4141
f 4142 4140 4141
f 4142 4141 4143
f 4144 4142 4143
f 4144 4143 4145
f 4146 4144 4145
f 4146 4145 4147
f 4148 4146 4147
f 4148 4147 4149
f 4150 4148 4149
f 4150 4149 4151
f 4152 4150 4151
f 4153 4152 4151
f 4153 4151 4154
f 4155 4153 4154
f 4155 4154 4156
f 4157 4155 4156
f 4157 4156 4158
f 4159 4157 4158
f 4160 4159 4158
f 4160 4158 4161
f 4162 4160 4161
f 4163 4162 4161
f 4163 4161 4164
f 4165 4163 4164
f 4166 4165 4164
f 4166 4164 4167
f 4168 4166 4167
f 4169 4168 4167
f 4169 4167 4170
f 4171 4169 4170
f 4171 4170 4172
f 4171 4172 4173
f 4174 4171 4173
f 4174 4173 4175
f 4176 4174 4175
f 4176 4175 4177
f 4178 4176 4177
f 4178 4177 4179
f 4178 4179 4180
f 4181 4180 4179
f 4178 4180 4182
f 4178 4182 4183
f 4178 4183 4184
f 4185 4178 4184
f 4185 4184 4186
f 4185 4186 4187
f 4188 4185 4187
f 4188 4187 4189
f 4188 4189 4190
f 4188 4190 4191
f 4188 4191 4192
f 4188 4192 4193
f 4194 4188 4193
f 4194 4193 4195
f 4193 4196 4195
f 4194 4195 4197
f 4198 4194 4197
f 4198 4197 4199
f 4200 4198 4199
f 4200 4199 4201
f 4202 4200 4201
f 4202 4201 4203
f 4204 4202 4203
f 4204 4203 4205
f 4206 4204 4205
f 4206 4205 4207
f 4208 4206 4207
f 4208 4207 4209
f 4210 4208 4209
f 4210 4209 4211
f 4212 4210 4211
f 4213 4212 4211
f 4214 4213 4211
f 4215 4214 4211
f 4215 4211 4216
f 4215 4216 4217
f 4217 4216 4218
f 4219 4215 4217
f 4219 4217 4220
f 4221 4219 4220
f 4222 4221 4220
f 4223 4222 4220
f 4224 4223 4220
f 4225 4224 4220
f 4226 4225 4220
f 4227 4226 4220
f 4228 4227 4220
f 4229 4228 4220
f 4229 4220 4230
f 4231 4229 4230
f 4232 4231 4230
f 4233 4232 4230
f 4234 4233 4230
f 4235 4234 4230
f 4235 4230 4236
f 4237 4235 4236
f 4238 4237 4236
f 4239 4238 4236
f 4240 4239 4236
f 4240 4236 4241
f 4242 4240 4241
f 4243 4242 4241
f 4244 4243 4241
f 4244 4241 4245
f 4246 4244 4245
f 4247 4246 4245
f 4248 4247 4245
f 4248 4245 4249
f 4250 4248 4249
f 4251 4250 4249
f 4251 4249 4252
f 4253 4251 4252
f 4254 4253 4252
f 4254 4252 4255
f 4256 4254 4255
f 4257 4256 4255
f 4257 4255 4258
f 4259 4257 4258
f 4259 4258 4260
f 4259 4260 4261
f 4262 4259 4261
f 4262 4261 4263
f 4264 4262 4263
f 4264 4263 4265
f 4264 4265 4266
f 4264 4266 4267
f 4268 4264 4267
f 4268 4267 4269
f 4268 4269 4270
f 4268 4270 4271
f 4268 4271 4272
f 4273 4268 4272
f 4273 4272 4274
f 4272 4275 4274
f 4273 4274 4276
f 4273 4276 4277
f 4278 4273 4277
f 4278 4277 4279
f 4278 4279 4280
f 4278 4280 4281
f 4278 4281 4282
f 4283 4278 4282
f 4283 4282 4284
f 4283 4284 4285
f 4283 4285 4286
f 4283 4286 4287
f 4288 4283 4287
f 4288 4287 4289
f 4288 4289 4290
f 4291 4288 4290
f 4291 4290 4292
f 4291 4292 4293
f 4291 4293 4294
f 4294 4293 4295
f 4291 4294 4296
f 4291 4296 4297
f 4298 4291 4297
f 4298 4297 4299
f 4298 4299 4300
f 4301 4298 4300
f 4301 4300 4302
f 4301 4302 4303
f 4301 4303 4304
f 4301 4304 4305
f 4301 4305 4306
f 4301 4306 4307
f 4308 4301 4307
f 4308 4307 4309
f 4307 4310 4309
f 4308 4309 4311
f 4308 4311 4312
f 4308 4312 4313
f 4308 4313 4314
f 4308 4314 4315
f 4308 4315 4316
f 4308 4316 4317
f 4308 4317 4318
f 4317 4319 4318
f 4308 4318 4320
f 4308 4320 4321
f 4308 4321 4322
f 4308 4322 4323
f 4308 4323 4324
f 4308 4324 4325
f 4308 4325 4326
f 4308 4326 4327
f 4308 4327 4328
f 4308 4328 4329
f 4308 4329 4330
f 4308 4330 4331
f 4308 4331 4332
f 4308 4332 4333
f 4308 4333 4334
f 4308 4334 4335
f 4308 4335 4336
f 4337 4308 4336
f 4337 4336 4338
f 4337 4338 4339
f 4337 4339 4340
f 4337 4340 4341
f 4337 4341 4342
f 4337 4342 4343
f 4337 4343 4344
f 4337 4344 4345
f 4337 4345 4346
f 4347 4337 4346
f 4347 4346 4348
f 4347 4348 4349
f 4347 4349 4350
f 4347 4350 4351
f 4347 4351 4352
f 4353 4347 4352
f 4353 4352 4354
f 4353 4354 4355
f 4353 4355 4356
f 4357 4353 4356
f 4357 4356 4358
f 4357 4358 4359
f 4360 4357 4359
f 4360 4359 4361
f 4360 4361 4362
f 4363 4360 4362
f 4363 4362 4364
f 4363 4364 4365
f 4366 4363 4365
f 4366 4365 4367
f 4368 4366 4367
f 4368 4367 4051
f 4050 4368 4051
f 4319 4369 4318
f 4319 4370 4369
f 4319 4371 4370
f 4319 4372 4371
f 4319 4373 4372
f 4319 4374 4373
f 4374 4375 4373
f 4374 4376 4375
f 4374 4377 4376
f 4374 4378 4377
f 4378 4379 4377
f 4378 4380 4379
f 4378 4381 4380
f 4381 4382 4380
f 4381 4383 4382
f 4381 4384 4383
f 4384 4385 4383
f 4384 4386 4385
f 4384 4387 4386
f 4387 4388 4386
f 4307 4389 4310
f 4307 4390 4389
f 4390 4391 4389
f 4391 4392 4389
f 4391 4393 4392
f 4393 4394 4392
f 4393 4395 4394
f 4395 4396 4394
f 4395 4397 4396
f 4397 4398 4396
f 4399 4398 4397
f 4399 4400 4398
f 4399 4401 4400
f 4401 4402 4400
f 4402 4295 4400
f 4402 4403 4295
f 4403 4294 4295
f 4275 4404 4274
f 4405 4404 4275
f 4405 4406 4404
f 4406 4407 4404
f 4406 4408 4407
f 4408 4409 4407
f 4408 4410 4409
f 4410 4411 4409
f 4410 4412 4411
f 4412 4413 4411
f 4412 4414 4413
f 4414 4415 4413
f 4414 4416 4415
f 4416 4417 4415
f 4416 4418 4417
f 4418 4419 4417
f 4418 4420 4419
f 4418 4421 4420
f 4421 4422 4420
f 4421 4423 4422
f 4423 4424 4422
f 4423 4425 4424
f 4423 4426 4425
f 4423 4427 4426
f 4423 4428 4427
f 4428 4429 4427
f 4428 4430 4429
f 4428 4431 4430
f 4428 4432 4431
f 4428 4433 4432
f 4433 4434 4432
f 4433 4435 4434
f 4433 4436 4435
f 4433 4437 4436
f 4437 4438 4436
f 4437 4439 4438
f 4437 4440 4439
f 4437 4441 4440
f 4437 4442 4441
f 4442 4443 4441
f 4442 4444 4443
f 4442 4445 4444
f 4442 4446 4445
f 4446 4447 4445
f 4446 4448 4447
f 4446 4449 4448
f 4446 4450 4449
f 4450 4451 4449
f 4450 4452 4451
f 4450 4453 4452
f 4450 4454 4453
f 4454 4455 4453
f 4454 4456 4455
f 4454 4457 4456
f 4454 4458 4457
f 4458 4459 4457
f 4458 4460 4459
f 4458 4461 4460
f 4458 4462 4461
f 4458 4463 4462
f 4458 4464 4463
f 4464 4465 4463
f 4464 4466 4465
f 4464 4467 4466
f 4464 4468 4467
f 4464 4469 4468
f 4464 4470 4469
f 4464 4471 4470
f 4471 4472 4470
f 4471 4473 4472
f 4471 4474 4473
f 4471 4475 4474
f 4471 4476 4475
f 4476 4477 4475
f 4476 4478 4477
f 4476 4479 4478
f 4476 4480 4479
f 4476 4481 4480
f 4476 4482 4481
f 4482 4483 4481
f 4482 4484 4483
f 4482 4485 4484
f 4482 4486 4485
f 4482 4487 4486
f 4487 4488 4486
f 4487 4489 4488
f 4487 4490 4489
f 4487 4491 4490
f 4491 4492 4490
f 4491 4493 4492
f 4491 4494 4493
f 4494 4495 4493
f 4494 4496 4495
f 4494 4497 4496
f 4497 4498 4496
f 4497 4499 4498
f 4497 4500 4499
f 4497 4501 4500
f 4501 4502 4500
f 4501 4503 4502
f 4501 4504 4503
f 4504 4505 4503
f 4504 4506 4505
f 4504 4507 4506
f 4507 4508 4506
f 4507 4509 4508
f 4507 4510 4509
f 4510 4511 4509
f 4511 4512 4509
f 4512 4513 4509
f 4512 4514 4513
f 4512 4515 4514
f 4514 4516 4513
f 4517 4516 4514
f 4517 4518 4516
f 4519 4517 4514
f 4519 4514 4520
f 4521 4519 4520
f 4522 4521 4520
f 4523 4522 4520
f 4524 4523 4520
f 4525 4524 4520
f 4526 4525 4520
f 4527 4526 4520
f 4527 4520 4528
f 4529 4527 4528
f 4530 4529 4528
f 4531 4530 4528
f 4532 4531 4528
f 4533 4532 4528
f 4534 4533 4528
f 4535 4534 4528
f 4535 4528 4536
f 4537 4535 4536
f 4538 4537 4536
f 4539 4538 4536
f 4540 4539 4536
f 4540 4536 4541
f 4542 4540 4541
f 4543 4542 4541
f 4544 4543 4541
f 4544 4541 4545
f 4546 4544 4545
f 4547 4546 4545
f 4548 4547 4545
f 4548 4545 4549
f 4550 4548 4549
f 4551 4550 4549
f 4551 4549 4552
f 4553 4551 4552
f 4554 4553 4552
f 4554 4552 4555
f 4556 4554 4555
f 4557 4556 4555
f 4557 4555 4558
f 4559 4557 4558
f 4560 4559 4558
f 4560 4558 4561
f 4562 4560 4561
f 4562 4561 4563
f 4564 4562 4563
f 4564 4563 4565
f 4564 4565 4566
f 4567 4564 4566
f 4567 4566 4568
f 4569 4567 4568
f 4569 4568 4570
f 4569 4570 4571
f 4572 4569 4571
f 4572 4571 4573
f 4572 4573 4574
f 4572 4574 4575
f 4576 4572 4575
f 4576 4575 4577
f 4576 4577 4578
f 4579 4576 4578
f 4579 4578 4580
f 4579 4580 4581
f 4579 4581 4582
f 4579 4582 4583
f 4584 4579 4583
f 4584 4583 4585
f 4583 4586 4585
f 4584 4585 4587
f 4588 4584 4587
f 4588 4587 4589
f 4590 4588 4589
f 4590 4589 4591
f 4590 4591 4592
f 4593 4592 4591
f 4590 4592 4594
f 4590 4594 4595
f 4590 4595 4596
f 4590 4596 4597
f 4597 4596 4598
f 4597 4598 4599
f 4597 4599 4600
f 4597 4600 4601
f 4597 4601 4602
f 4597 4602 4603
f 4604 4597 4603
f 4604 4603 4605
f 4604 4605 4606
f 4605 4607 4606
f 4604 4606 4608
f 4604 4608 4609
f 4604 4609 4610
f 4604 4610 4611
f 4604 4611 4612
f 4613 4604 4612
f 4613 4612 4614
f 4613 4614 4615
f 4613 4615 4616
f 4617 4613 4616
f 4617 4616 4618
f 4617 4618 4619
f 4618 4620 4619
f 4617 4619 4621
f 4617 4621 4622
f 4617 4622 4623
f 4617 4623 4624
f 4617 4624 4625
f 4617 4625 4626
f 4617 4626 4627
f 4617 4627 4628
f 4629 4617 4628
f 4629 4628 4630
f 4629 4630 4631
f 4629 4631 4632
f 4633 4629 4632
f 4633 4632 4634
f 4633 4634 4635
f 4633 4635 4636
f 4637 4633 4636
f 4637 4636 4638
f 4637 4638 4639
f 4637 4639 4640
f 4641 4637 4640
f 4641 4640 4642
f 4641 4642 4643
f 4644 4641 4643
f 4644 4643 4645
f 4646 4644 4645
f 4646 4645 4647
f 4648 4646 4647
f 4648 4647 4649
f 4650 4648 4649
f 4650 4649 4651
f 4649 4652 4651
f 4650 4651 4653
f 4650 4653 4654
f 4655 4650 4654
f 4655 4654 4656
f 4655 4656 4657
f 4655 4657 4658
f 4659 4655 4658
f 4659 4658 4660
f 4659 4660 4661
f 4659 4661 4662
f 4659 4662 4663
f 4664 4659 4663
f 4664 4663 4665
f 4664 4665 4666
f 4664 4666 4667
f 4664 4667 4668
f 4669 4664 4668
f 4669 4668 4670
f 4669 4670 4671
f 4669 4671 4672
f 4669 4672 4673
f 4674 4669 4673
f 4674 4673 4675
f 4674 4675 4676
f 4674 4676 4677
f 4678 4674 4677
f 4678 4677 4679
f 4678 4679 4680
f 4678 4680 4681
f 4682 4678 4681
f 4682 4681 4683
f 4682 4683 4684
f 4682 4684 4685
f 4686 4682 4685
f 4686 4685 4687
f 4686 4687 4688
f 4689 4686 4688
f 4689 4688 4690
f 4689 4690 4691
f 4692 4689 4691
f 4692 4691 4693
f 4692 4693 4694
f 4692 4694 4695
f 4692 4695 4696
f 4697 4692 4696
f 4697 4696 4698
f 4697 4698 4699
f 4697 4699 4700
f 4701 4697 4700
f 4701 4700 4702
f 4701 4702 4703
f 4701 4703 4704
f 4701 4704 4705
f 4706 4701 4705
f 4706 4705 4707
f 4708 4706 4707
f 4708 4707 4709
f 4710 4708 4709
f 4711 4710 4709
f 4711 4709 4712
f 4713 4711 4712
f 4713 4712 4714
f 4715 4713 4714
f 4715 4714 4716
f 4717 4715 4716
f 4717 4716 4718
f 4719 4717 4718
f 4719 4718 4720
f 4719 4720 4721
f 4722 4719 4721
f 4722 4721 4723
f 4722 4723 4724
f 4725 4722 4724
f 4725 4724 4726
f 4725 4726 4727
f 4728 4725 4727
f 4728 4727 4729
f 4728 4729 4730
f 4731 4728 4730
f 4731 4730 4732
f 4731 4732 4733
f 4731 4733 4734
f 4735 4731 4734
f 4735 4734 4736
f 4735 4736 4737
f 4738 4735 4737
f 4738 4737 4739
f 4738 4739 4740
f 4741 4738 4740
f 4741 4740 4742
f 4741 4742 4743
f 4744 4741 4743
f 4744 4743 4745
f 4746 4744 4745
f 4746 4745 4747
f 4748 4746 4747
f 4748 4747 4749
f 4748 4749 4750
f 4751 4748 4750
f 4751 4750 4752
f 4753 4751 4752
f 4753 4752 4754
f 4755 4753 4754
f 4755 4754 4756
f 4757 4755 4756
f 4757 4756 4758
f 4759 4757 4758
f 4759 4758 4760
f 4761 4759 4760
f 4761 4760 4762
f 4763 4761 4762
f 4763 4762 4764
f 4765 4763 4764
f 4765 4764 4766
f 4767 4765 4766
f 4767 4766 4768
f 4767 4768 4769
f 4769 4768 4770
f 4767 4769 4771
f 4767 4771 4772
f 4773 4767 4772
f 4773 4772 4774
f 4773 4774 4775
f 4773 4775 4776
f 4777 4773 4776
f 4777 4776 4778
f 4777 4778 4779
f 4780 4777 4779
f 4780 4779 4781
f 4780 4781 4782
f 4780 4782 4783
f 4780 4783 4784
f 4783 4785 4784
f 4786 4780 4784
f 4786 4784 4787
f 4788 4786 4787
f 4788 4787 4789
f 4788 4789 4790
f 4791 4788 4790
f 4791 4790 4792
f 4793 4791 4792
f 4793 4792 4794
f 4793 4794 4795
f 4796 4793 4795
f 4796 4795 4797
f 4798 4796 4797
f 4798 4797 4799
f 4800 4798 4799
f 4800 4799 4518
f 4801 4800 4518
f 4802 4801 4518
f 4803 4802 4518
f 4517 4803 4518
f 4785 4804 4784
f 4785 4805 4804
f 4805 4806 4804
f 4806 4807 4804
f 4807 4808 4804
f 4807 4809 4808
f 4809 4810 4808
f 4811 4810 4809
f 4811 4812 4810
f 4812 4770 4810
f 4812 4813 4770
f 4813 4814 4770
f 4814 4769 4770
f 4652 4815 4651
f 4652 4816 4815
f 4816 4817 4815
f 4816 4818 4817
f 4816 4819 4818
f 4819 4820 4818
f 4819 4821 4820
f 4819 4822 4821
f 4822 4823 4821
f 4822 4824 4823
f 4824 4825 4823
f 4824 4826 4825
f 4824 4827 4826
f 4827 4828 4826
f 4827 4829 4828
f 4827 4830 4829
f 4830 4831 4829
f 4830 4832 4831
f 4832 4833 4831
f 4832 4834 4833
f 4834 4835 4833
f 4834 4836 4835
f 4836 4837 4835
f 4836 4838 4837
f 4838 4839 4837
f 4838 4840 4839
f 4840 4841 4839
f 4840 4842 4841
f 4840 4843 4842
f 4843 4844 4842
f 4843 4845 4844
f 4845 4846 4844
f 4845 4847 4846
f 4847 4848 4846
f 4847 4849 4848
f 4849 4850 4848
f 4849 4851 4850
f 4851 4852 4850
f 4851 4853 4852
f 4851 4854 4853
f 4854 4855 4853
f 4855 4856 4853
f 4855 4857 4856
f 4857 4858 4856
f 4857 4859 4858
f 4859 4860 4858
f 4859 4861 4860
f 4861 4862 4860
f 4861 4863 4862
f 4863 4864 4862
f 4864 4865 4862
f 4864 4866 4865
f 4866 4867 4865
f 4866 4868 4867
f 4868 4869 4867
f 4868 4870 4869
f 4870 4871 4869
f 4870 4872 4871
f 4872 4873 4871
f 4873 4874 4871
f 4873 4875 4874
f 4875 4876 4874
f 4875 4877 4876
f 4877 4878 4876
f 4877 4879 4878
f 4877 4880 4879
f 4880 4881 4879
f 4880 4882 4881
f 4882 4883 4881
f 4882 4884 4883
f 4884 4885 4883
f 4884 4886 4885
f 4886 4887 4885
f 4887 4888 4885
f 4887 4889 4888
f 4889 4890 4888
f 4889 4891 4890
f 4891 4892 4890
f 4891 4893 4892
f 4893 4894 4892
f 4894 4895 4892
f 4894 4896 4895
f 4896 4897 4895
f 4896 4898 4897
f 4898 4899 4897
f 4899 4900 4897
f 4899 4901 4900
f 4901 4902 4900
f 4901 4903 4902
f 4903 4904 4902
f 4904 4905 4902
f 4904 4906 4905
f 4906 4907 4905
f 4906 4908 4907
f 4908 4909 4907
f 4909 4910 4907
f 4909 4911 4910
f 4911 4912 4910
f 4911 4913 4912
f 4911 4914 4913
f 4914 4915 4913
f 4914 4916 4915
f 4916 4917 4915
f 4916 4918 4917
f 4918 4919 4917
f 4918 4920 4919
f 4920 4921 4919
f 4920 4922 4921
f 4922 4923 4921
f 4922 4924 4923
f 4924 4925 4923
f 4924 4926 4925
f 4926 4927 4925
f 4927 4928 4925
f 4927 4929 4928
f 4929 4930 4928
f 4929 4931 4930
f 4931 4932 4930
f 4931 4933 4932
f 4933 4934 4932
f 4934 4935 4932
f 4934 4936 4935
f 4618 4937 4620
f 4937 4938 4620
f 4937 4939 4938
f 4937 4940 4939
f 4937 4941 4940
f 4937 4942 4941
f 4942 4943 4941
f 4942 4944 4943
f 4942 4945 4944
f 4942 4946 4945
f 4942 4947 4946
f 4947 4948 4946
f 4947 4949 4948
f 4947 4950 4949
f 4950 4951 4949
f 4950 4952 4951
f 4950 4953 4952
f 4950 4954 4953
f 4954 4955 4953
f 4954 4956 4955
f 4954 4957 4956
f 4957 4958 4956
f 4957 4959 4958
f 4957 4960 4959
f 4960 4961 4959
f 4960 4962 4961
f 4960 4963 4962
f 4963 4964 4962
f 4963 4965 4964
f 4965 4966 4964
f 4965 4967 4966
f 4965 4968 4967
f 4968 4969 4967
f 4968 4970 4969
f 4970 4971 4969
f 4970 4972 4971
f 4970 4973 4972
f 4973 4974 4972
f 4973 4975 4974
f 4975 4976 4974
f 4975 4977 4976
f 4975 4978 4977
f 4978 4979 4977
f 4979 4980 4977
f 4607 4981 4606
f 4981 4982 4606
f 4981 4983 4982
f 4983 4984 4982
f 4983 4985 4984
f 4985 4986 4984
f 4986 4987 4984
f 4986 4988 4987
f 4988 4989 4987
f 4988 4990 4989
f 4990 4991 4989
f 4991 4593 4989
f 4593 4591 4989
f 4583 4992 4586
f 4992 4993 4586
f 4992 4994 4993
f 4994 4995 4993
f 4994 4996 4995
f 4996 4997 4995
f 4996 4998 4997
f 4998 4999 4997
f 4998 5000 4999
f 5000 5001 4999
f 5000 5002 5001
f 5002 5003 5001
f 5002 5004 5003
f 5004 5005 5003
f 5004 5006 5005
f 5004 5007 5006
f 5007 5008 5006
f 5007 5009 5008
f 5009 5010 5008
f 5009 5011 5010
f 5009 5012 5011
f 5009 5013 5012
f 5013 5014 5012
f 5013 5015 5014
f 5013 5016 5015
f 5013 5017 5016
f 5013 5018 5017
f 5018 5019 5017
f 5018 5020 5019
f 5018 5021 5020
f 5018 5022 5021
f 5022 5023 5021
f 5022 5024 5023
f 5022 5025 5024
f 5022 5026 5025
f 5022 5027 5026
f 5027 5028 5026
f 5027 5029 5028
f 5027 5030 5029
f 5027 5031 5030
f 5031 5032 5030
f 5031 5033 5032
f 5031 5034 5033
f 5031 5035 5034
f 5031 5036 5035
f 5036 5037 5035
f 5036 5038 5037
f 5036 5039 5038
f 5036 5040 5039
f 5036 5041 5040
f 5041 5042 5040
f 5041 5043 5042
f 5041 5044 5043
f 5041 5045 5044
f 5045 5046 5044
f 5045 5047 5046
f 5045 5048 5047
f 5045 5049 5048
f 5045 5050 5049
f 5045 5051 5050
f 5045 5052 5051
f 5052 5053 5051
f 5052 5054 5053
f 5052 5055 5054
f 5052 5056 5055
f 5052 5057 5056
f 5052 5058 5057
f 5052 5059 5058
f 5059 5060 5058
f 5059 5061 5060
f 5059 5062 5061
f 5059 5063 5062
f 5059 5064 5063
f 5059 5065 5064
f 5065 5066 5064
f 5065 5067 5066
f 5065 5068 5067
f 5065 5069 5068
f 5065 5070 5069
f 5065 5071 5070
f 5065 5072 5071
f 5072 5073 5071
f 5072 5074 5073
f 5072 5075 5074
f 5072 5076 5075
f 5072 5077 5076
f 5072 5078 5077
f 5078 5079 5077
f 5078 5080 5079
f 5078 5081 5080
f 5081 5082 5080
f 5081 5083 5082
f 5083 5084 5082
f 5083 5085 5084
f 5083 5086 5085
f 5086 5087 5085
f 5086 5088 5087
f 5088 5089 5087
f 5088 5090 5089
f 5088 5091 5090
f 5091 5092 5090
f 5091 5093 5092
f 5093 5094 5092
f 5093 5095 5094
f 5093 5096 5095
f 5096 5097 5095
f 5096 5098 5097
f 5096 5099 5098
f 5099 5100 5098
f 5099 5101 5100
f 5101 5102 5100
f 5101 5103 5102
f 5103 5104 5102
f 5104 5105 5102
f 5105 5106 5102
f 5106 5107 5102
f 5106 5108 5107
f 5108 5109 5107
f 5109 5110 5107
f 5110 5111 5107
f 5111 5112 5107
f 5112 4218 5107
f 4217 4218 5112
f 4217 5112 5113
f 4217 5113 5114
f 4217 5114 5115
f 4217 5115 5116
f 4217 5116 5117
f 4217 5117 5118
f 4217 5118 5119
f 4217 5119 5120
f 4217 5120 5121
f 5122 4217 5121
f 5122 5121 5123
f 5122 5123 5124
f 5122 5124 5125
f 5122 5125 5126
f 5122 5126 5127
f 5122 5127 5128
f 5122 5128 5129
f 5130 5122 5129
f 5130 5129 5131
f 5130 5131 5132
f 5130 5132 5133
f 5130 5133 5134
f 5130 5134 5135
f 5130 5135 5136
f 5130 5136 5137
f 5130 5137 5138
f 5139 5130 5138
f 5139 5138 5140
f 5141 5139 5140
f 5141 5140 5142
f 5143 5141 5142
f 5143 5142 5144
f 5143 5144 5145
f 5144 5146 5145
f 5143 5145 5147
f 5143 5147 5148
f 5149 5143 5148
f 5149 5148 5150
f 5151 5149 5150
f 5151 5150 5152
f 5151 5152 5153
f 5154 5151 5153
f 5154 5153 5155
f 5156 5154 5155
f 5156 5155 5157
f 5158 5156 5157
f 5158 5157 5159
f 5160 5158 5159
f 5160 5159 5161
f 5162 5160 5161
f 5162 5161 5163
f 5164 5162 5163
f 5164 5163 5165
f 5164 5165 5166
f 5167 5164 5166
f 5167 5166 5168
f 5167 5168 5169
f 5170 5167 5169
f 5170 5169 5171
f 5170 5171 5172
f 5173 5170 5172
f 5173 5172 5174
f 5174 5172 5175
f 5176 5173 5174
f 5176 5174 5177
f 5178 5176 5177
f 5178 5177 5179
f 5180 5178 5179
f 5180 5179 5181
f 5182 5180 5181
f 5183 5182 5181
f 5184 5183 5181
f 5185 5184 5181
f 5185 5181 5186
f 5187 5185 5186
f 5188 5187 5186
f 5189 5188 5186
f 5190 5189 5186
f 5191 5190 5186
f 5192 5191 5186
f 5192 5186 4514
f 5193 5192 4514
f 5194 5193 4514
f 5195 5194 4514
f 5196 5195 4514
f 5197 5196 4514
f 5198 5197 4514
f 5199 5198 4514
f 5200 5199 4514
f 5201 5200 4514
f 5202 5201 4514
f 4515 5202 4514
f 5203 5174 5175
f 5203 5175 5204
f 5203 5204 5205
f 5206 5203 5205
f 5206 5205 5207
f 5206 5207 5208
f 5209 5206 5208
f 5209 5208 5210
f 5211 5209 5210
f 5211 5210 5212
f 5213 5211 5212
f 5213 5212 5214
f 5215 5213 5214
f 5215 5214 5216
f 5215 5216 5217
f 5218 5215 5217
f 5218 5217 5219
f 5220 5218 5219
f 5220 5219 5221
f 5146 5220 5221
f 5146 5221 5222
f 5146 5222 5223
f 5146 5223 5224
f 5146 5224 5145
f 4196 5225 4195
f 5225 5226 4195
f 5225 5227 5226
f 5227 5228 5226
f 5228 5229 5226
f 5228 5230 5229
f 5230 5231 5229
f 5231 5232 5229
f 5231 5233 5232
f 5233 5234 5232
f 5234 4181 5232
f 4181 4179 5232
