2536 2552 0
v 0.043434315 -0.04994475 0.0140625
v 0.04359519 -0.0453126 0.0140625
v 0.043639695 -0.045 0.0140625
v 0.04348269 -0.045585945 0.0140625
v 0.04364088 -0.04993215 0.0140625
v 0.04372998 -0.03920937 0.0140625
v 0.04359519 -0.0446874 0.0140625
v 0.043853085 -0.04992768 0.0140625
v 0.04392882 -0.039045555 0.0140625
v 0.04407093 -0.049931325 0.0140625
v 0.04412241 -0.038868495 0.0140625
v 0.044294415 -0.049943085 0.0140625
v 0.04430802 -0.038678685 0.0140625
v 0.044489895 -0.038466 0.0140625
v 0.04452354 -0.04996296 0.0140625
v 0.044611365 -0.0383064 0.0140625
v 0.044734905 -0.038131095 0.0140625
v 0.044858265 -0.0379431 0.0140625
v 0.04486173 -0.050004825 0.0140625
v 0.04497849 -0.03774585 0.0140625
v 0.04509258 -0.03754281 0.0140625
v 0.04519803 -0.037336515 0.0140625
v 0.045210045 -0.050057535 0.0140625
v 0.04529688 -0.037123035 0.0140625
v 0.045389805 -0.03690303 0.0140625
v 0.04547679 -0.036678675 0.0140625
v 0.045568485 -0.05012112 0.0140625
v 0.04559607 -0.036338625 0.0140625
v 0.045700425 -0.036000285 0.0140625
v 0.045790965 -0.03565743 0.0140625
v 0.045871605 -0.03529785 0.0140625
v 0.045937095 -0.050195565 0.0140625
v 0.045945225 -0.03491568 0.0140625
v 0.046010295 -0.034517235 0.0140625
v 0.04606533 -0.034093695 0.0140625
v 0.046109295 -0.033635085 0.0140625
v 0.046133205 -0.03330753 0.0140625
v 0.04615236 -0.032966745 0.0140625
v 0.046166055 -0.03261708 0.0140625
v 0.046173585 -0.032262915 0.0140625
v 0.04631724 -0.02283624 0.0140625
v 0.046318455 -0.050281755 0.0140625
v 0.046174335 -0.031904685 0.0140625
v 0.04617108 -0.02282457 0.0140625
v 0.046168485 -0.031536315 0.0140625
v 0.046148955 -0.03097464 0.0140625
v 0.04611879 -0.030417195 0.0140625
v 0.04607937 -0.02987772 0.0140625
v 0.046029555 -0.029347515 0.0140625
v 0.046004505 -0.022828485 0.0140625
v 0.04596888 -0.028808655 0.0140625
v 0.045897735 -0.02824995 0.0140625
v 0.04581756 -0.027683325 0.0140625
v 0.045813255 -0.022860915 0.0140625
v 0.045724035 -0.027092445 0.0140625
v 0.04561245 -0.02645811 0.0140625
v 0.04560003 -0.02293986 0.0140625
v 0.04548336 -0.025782615 0.0140625
v 0.045394395 -0.02307975 0.0140625
v 0.045337845 -0.02507037 0.0140625
v 0.045235875 -0.023280165 0.0140625
v 0.04517592 -0.024321375 0.0140625
v 0.04514814 -0.02419635 0.0140625
v 0.045141675 -0.023507565 0.0140625
v 0.045121695 -0.02405709 0.0140625
v 0.04510425 -0.02371821 0.0140625
v 0.04510341 -0.023900025 0.0140625
v 0.046448355 -0.022855395 0.0140625
v 0.046564725 -0.02287614 0.0140625
v 0.04671363 -0.050380005 0.0140625
v 0.04780476 -0.02314212 0.0140625
v 0.047115885 -0.050488125 0.0140625
v 0.047399145 -0.043396875 0.0140625
v 0.047410905 -0.043173405 0.0140625
v 0.0473955 -0.043614735 0.0140625
v 0.04739997 -0.04382694 0.0140625
v 0.04741257 -0.044033505 0.0140625
v 0.047433465 -0.044233605 0.0140625
v 0.047462625 -0.044427435 0.0140625
v 0.047499795 -0.04461609 0.0140625
v 0.047518425 -0.05060385 0.0140625
v 0.04754472 -0.044800725 0.0140625
v 0.04759716 -0.044982465 0.0140625
v 0.04765833 -0.045162285 0.0140625
v 0.047727915 -0.04533915 0.0140625
v 0.047804475 -0.04551138 0.0140625
v 0.04788654 -0.045677325 0.0140625
v 0.04791816 -0.0507267 0.0140625
v 0.047972655 -0.045835305 0.0140625
v 0.04810953 -0.04605591 0.0140625
v 0.04825845 -0.04626216 0.0140625
v 0.04832127 -0.05085954 0.0140625
v 0.048422265 -0.046461 0.0140625
v 0.048599325 -0.04665459 0.0140625
v 0.048723645 -0.050999055 0.0140625
v 0.04878912 -0.0468402 0.0140625
v 0.04900182 -0.047022075 0.0140625
v 0.049120215 -0.05114148 0.0140625
v 0.04916142 -0.047143545 0.0140625
v 0.049336725 -0.047267085 0.0140625
v 0.049507275 -0.051284235 0.0140625
v 0.04952472 -0.047390445 0.0140625
v 0.04972197 -0.04751067 0.0140625
v 0.049888755 -0.051431055 0.0140625
v 0.04992501 -0.04762476 0.0140625
v 0.050131305 -0.04773021 0.0140625
v 0.050263635 -0.05158002 0.0140625
v 0.050344785 -0.04782906 0.0140625
v 0.05056479 -0.047921985 0.0140625
v 0.050629665 -0.05172804 0.0140625
v 0.050789145 -0.04800897 0.0140625
v 0.05098473 -0.051872355 0.0140625
v 0.051129195 -0.048128265 0.0140625
v 0.05132898 -0.052014855 0.0140625
v 0.051467535 -0.048232605 0.0140625
v 0.051663705 -0.052155615 0.0140625
v 0.05181039 -0.048323145 0.0140625
v 0.05199 -0.05229351 0.0140625
v 0.05216997 -0.048403785 0.0140625
v 0.0523089 -0.05242743 0.0140625
v 0.05255214 -0.048477405 0.0140625
v 0.05261955 -0.052557885 0.0140625
v 0.05295057 -0.048542475 0.0140625
v 0.05292201 -0.0526851 0.0140625
v 0.05321739 -0.05280849 0.0140625
v 0.053374125 -0.04859751 0.0140625
v 0.053506815 -0.052927545 0.0140625
v 0.053832735 -0.048641475 0.0140625
v 0.05379021 -0.053042415 0.0140625
v 0.05406705 -0.053153355 0.0140625
v 0.05416029 -0.048665385 0.0140625
v 0.054470955 -0.05331126 0.0140625
v 0.054501075 -0.04868454 0.0140625
v 0.05485074 -0.048698235 0.0140625
v 0.05486202 -0.05345784 0.0140625
v 0.055204905 -0.048705765 0.0140625
v 0.055239615 -0.05359362 0.0140625
v 0.055563135 -0.048706515 0.0140625
v 0.05560542 -0.053718045 0.0140625
v 0.055931505 -0.048700665 0.0140625
v 0.055960575 -0.05383077 0.0140625
v 0.056493165 -0.048681135 0.0140625
v 0.056304495 -0.053932005 0.0140625
v 0.05663793 -0.05402109 0.0140625
v 0.057050625 -0.04865097 0.0140625
v 0.05696163 -0.05409792 0.0140625
v 0.0572748 -0.05416254 0.0140625
v 0.0575901 -0.04861155 0.0140625
v 0.057575955 -0.054214605 0.0140625
v 0.057864555 -0.054253785 0.0140625
v 0.058120305 -0.048561735 0.0140625
v 0.058141755 -0.05428074 0.0140625
v 0.058659165 -0.04850106 0.0140625
v 0.058422255 -0.05180271 0.0140625
v 0.058461225 -0.051618165 0.0140625
v 0.058408425 -0.05429628 0.0140625
v 0.058461225 -0.05198724 0.0140625
v 0.05855889 -0.0521322 0.0140625
v 0.058663245 -0.054300165 0.0140625
v 0.058713225 -0.05223609 0.0140625
v 0.058891005 -0.052269795 0.0140625
v 0.05891004 -0.05429259 0.0140625
v 0.059068785 -0.05223609 0.0140625
v 0.059151225 -0.054274185 0.0140625
v 0.05922312 -0.0521322 0.0140625
v 0.059320785 -0.05198724 0.0140625
v 0.059359755 -0.05180271 0.0140625
v 0.05938512 -0.054244965 0.0140625
v 0.059784495 -0.048349755 0.0140625
v 0.05961825 -0.054202485 0.0140625
v 0.059320785 -0.051618165 0.0140625
v 0.05922312 -0.05147322 0.0140625
v 0.05921787 -0.048429915 0.0140625
v 0.059068785 -0.051369315 0.0140625
v 0.058891005 -0.05133561 0.0140625
v 0.058713225 -0.051369315 0.0140625
v 0.05855889 -0.05147322 0.0140625
v 0.05985285 -0.054146055 0.0140625
v 0.060375375 -0.048256215 0.0140625
v 0.060087885 -0.054075945 0.0140625
v 0.06032916 -0.053989635 0.0140625
v 0.060577575 -0.053885715 0.0140625
v 0.06100971 -0.04814463 0.0140625
v 0.06083226 -0.053766165 0.0140625
v 0.061094415 -0.053633175 0.0140625
v 0.061685205 -0.04801554 0.0140625
v 0.0613641 -0.053484825 0.0140625
v 0.06164079 -0.0533253 0.0140625
v 0.06192402 -0.053159175 0.0140625
v 0.06239745 -0.047870025 0.0140625
v 0.06221388 -0.052984245 0.0140625
v 0.06251064 -0.05280453 0.0140625
v 0.063146445 -0.0477081 0.0140625
v 0.06281454 -0.05262324 0.0140625
v 0.063125445 -0.05243877 0.0140625
v 0.06327867 -0.047678805 0.0140625
v 0.06342819 -0.04765113 0.0140625
v 0.06344337 -0.052251 0.0140625
v 0.063599385 -0.04763382 0.0140625
v 0.0636246 -0.052135905 0.0140625
v 0.063797565 -0.047641275 0.0140625
v 0.06378693 -0.051982845 0.0140625
v 0.06390966 -0.05178405 0.0140625
v 0.06402297 -0.047693715 0.0140625
v 0.06398943 -0.051562815 0.0140625
v 0.064252365 -0.04780893 0.0140625
v 0.06432582 -0.050336475 0.0140625
v 0.06443547 -0.04798326 0.0140625
v 0.064554225 -0.048189015 0.0140625
v 0.06459168 -0.049096905 0.0140625
v 0.06461736 -0.04838952 0.0140625
v 0.06461139 -0.04898664 0.0140625
v 0.0646299 -0.04886307 0.0140625
v 0.064641675 -0.04856835 0.0140625
v 0.06464229 -0.04872507 0.0140625
v 0.04743078 -0.04294428 0.0140625
v 0.047472645 -0.04260609 0.0140625
v 0.047525355 -0.042257775 0.0140625
v 0.04758894 -0.04189932 0.0140625
v 0.047663385 -0.041530725 0.0140625
v 0.047749575 -0.041149365 0.0140625
v 0.047847825 -0.04075419 0.0140625
v 0.049030635 -0.02347839 0.0140625
v 0.047955945 -0.040351935 0.0140625
v 0.04807167 -0.039949395 0.0140625
v 0.04819452 -0.03954966 0.0140625
v 0.04880178 -0.028576815 0.0140625
v 0.04884075 -0.028392285 0.0140625
v 0.04832736 -0.039146535 0.0140625
v 0.048466875 -0.038744175 0.0140625
v 0.0486093 -0.038347605 0.0140625
v 0.048752055 -0.037960545 0.0140625
v 0.04884075 -0.028761345 0.0140625
v 0.048898875 -0.037579065 0.0140625
v 0.048938415 -0.028906305 0.0140625
v 0.04904784 -0.037204185 0.0140625
v 0.049092735 -0.02901021 0.0140625
v 0.04919586 -0.036838155 0.0140625
v 0.04927053 -0.0290439 0.0140625
v 0.049340175 -0.03648309 0.0140625
v 0.04944831 -0.02901021 0.0140625
v 0.049482675 -0.03613884 0.0140625
v 0.049602645 -0.028906305 0.0140625
v 0.049623435 -0.035804115 0.0140625
v 0.049700295 -0.028761345 0.0140625
v 0.04973928 -0.028576815 0.0140625
v 0.04976133 -0.03547782 0.0140625
v 0.04990659 -0.024342375 0.0140625
v 0.04989525 -0.03515892 0.0140625
v 0.04971882 -0.02402445 0.0140625
v 0.049700295 -0.028392285 0.0140625
v 0.049602645 -0.028247325 0.0140625
v 0.04960017 -0.02383938 0.0140625
v 0.04944831 -0.02814342 0.0140625
v 0.049522005 -0.0237468 0.0140625
v 0.049431285 -0.0236664 0.0140625
v 0.04927053 -0.028109715 0.0140625
v 0.04922691 -0.02354751 0.0140625
v 0.049092735 -0.02814342 0.0140625
v 0.048938415 -0.028247325 0.0140625
v 0.050025705 -0.03484827 0.0140625
v 0.05009106 -0.02465328 0.0140625
v 0.05015292 -0.03454581 0.0140625
v 0.05027235 -0.02495718 0.0140625
v 0.05027631 -0.03425043 0.0140625
v 0.050452065 -0.025253955 0.0140625
v 0.050395365 -0.033961005 0.0140625
v 0.050510235 -0.03367761 0.0140625
v 0.050626995 -0.0255438 0.0140625
v 0.050621175 -0.033400755 0.0140625
v 0.05077908 -0.032996865 0.0140625
v 0.05079312 -0.02582703 0.0140625
v 0.05092566 -0.0326058 0.0140625
v 0.05095263 -0.026103705 0.0140625
v 0.05106144 -0.032228205 0.0140625
v 0.051100995 -0.026373405 0.0140625
v 0.051185865 -0.031862385 0.0140625
v 0.051233985 -0.02663556 0.0140625
v 0.05129859 -0.03150723 0.0140625
v 0.05135352 -0.026890245 0.0140625
v 0.051399825 -0.031163325 0.0140625
v 0.051457455 -0.02713866 0.0140625
v 0.05148891 -0.03082989 0.0140625
v 0.051543765 -0.027379935 0.0140625
v 0.05156574 -0.03050619 0.0140625
v 0.051613875 -0.02761497 0.0140625
v 0.05163036 -0.03019302 0.0140625
v 0.051670305 -0.02784957 0.0140625
v 0.051682425 -0.029891865 0.0140625
v 0.051712785 -0.0280827 0.0140625
v 0.051721605 -0.029603265 0.0140625
v 0.051742005 -0.02831658 0.0140625
v 0.05174856 -0.029326065 0.0140625
v 0.05176041 -0.02855778 0.0140625
v 0.051764085 -0.029059395 0.0140625
v 0.051767985 -0.028804575 0.0140625
v 0.04352373 -0.03935829 0.0140625
v 0.04348269 -0.04441407 0.0140625
v 0.043303125 -0.039495165 0.0140625
v 0.04329504 -0.04417278 0.0140625
v 0.043145145 -0.03958128 0.0140625
v 0.04305375 -0.04398513 0.0140625
v 0.0429792 -0.03966333 0.0140625
v 0.042770595 -0.043870005 0.0140625
v 0.04280697 -0.039739905 0.0140625
v 0.042630105 -0.03980949 0.0140625
v 0.04246782 -0.043828125 0.0140625
v 0.042450285 -0.03987066 0.0140625
v 0.04216503 -0.043870005 0.0140625
v 0.042268545 -0.0399231 0.0140625
v 0.04208391 -0.039968025 0.0140625
v 0.041881875 -0.04398513 0.0140625
v 0.04189524 -0.040005195 0.0140625
v 0.041701425 -0.040034355 0.0140625
v 0.0416406 -0.04417278 0.0140625
v 0.041501325 -0.04005525 0.0140625
v 0.04145295 -0.04441407 0.0140625
v 0.04134045 -0.0446874 0.0140625
v 0.041295945 -0.045 0.0140625
v 0.04129476 -0.04006785 0.0140625
v 0.04120566 -0.05079063 0.0140625
v 0.04108254 -0.04007232 0.0140625
v 0.04134045 -0.0453126 0.0140625
v 0.04141191 -0.05064171 0.0140625
v 0.04145295 -0.045585945 0.0140625
v 0.041632515 -0.050504835 0.0140625
v 0.0416406 -0.04582722 0.0140625
v 0.041790495 -0.05041872 0.0140625
v 0.041881875 -0.04601487 0.0140625
v 0.04195644 -0.05033667 0.0140625
v 0.04216503 -0.046129995 0.0140625
v 0.04212867 -0.050260095 0.0140625
v 0.042305535 -0.05019051 0.0140625
v 0.04246782 -0.046171875 0.0140625
v 0.042485355 -0.05012934 0.0140625
v 0.042770595 -0.046129995 0.0140625
v 0.04266708 -0.0500769 0.0140625
v 0.042851715 -0.050031975 0.0140625
v 0.04305375 -0.04601487 0.0140625
v 0.043040385 -0.049994805 0.0140625
v 0.043234215 -0.049965645 0.0140625
v 0.04329504 -0.04582722 0.0140625
v 0.04100682 -0.050954445 0.0140625
v 0.040864695 -0.040068675 0.0140625
v 0.04081323 -0.051131505 0.0140625
v 0.04064121 -0.040056915 0.0140625
v 0.04062762 -0.051321315 0.0140625
v 0.040445745 -0.051534 0.0140625
v 0.040412085 -0.04003704 0.0140625
v 0.040324275 -0.0516936 0.0140625
v 0.040200735 -0.051868905 0.0140625
v 0.040077375 -0.0520569 0.0140625
v 0.04007391 -0.039995175 0.0140625
v 0.03995715 -0.05225415 0.0140625
v 0.03984306 -0.05245719 0.0140625
v 0.03973761 -0.052663485 0.0140625
v 0.039725595 -0.039942465 0.0140625
v 0.03963876 -0.052876965 0.0140625
v 0.039545835 -0.05309697 0.0140625
v 0.039458835 -0.053321325 0.0140625
v 0.03936714 -0.03987888 0.0140625
v 0.039339555 -0.053661375 0.0140625
v 0.039235215 -0.053999715 0.0140625
v 0.039144675 -0.05434257 0.0140625
v 0.039064035 -0.05470215 0.0140625
v 0.038998545 -0.039804435 0.0140625
v 0.038990415 -0.05508432 0.0140625
v 0.038925345 -0.055482765 0.0140625
v 0.038870295 -0.055906305 0.0140625
v 0.038826345 -0.056364915 0.0140625
v 0.038802435 -0.05669247 0.0140625
v 0.03878328 -0.057033255 0.0140625
v 0.038769585 -0.05738292 0.0140625
v 0.03876204 -0.057737085 0.0140625
v 0.038617185 -0.039718245 0.0140625
v 0.038761305 -0.058095315 0.0140625
v 0.038755815 -0.067175085 0.0140625
v 0.038767155 -0.058463685 0.0140625
v 0.0386142 -0.06716325 0.0140625
v 0.03848652 -0.06714447 0.0140625
v 0.038370915 -0.06712386 0.0140625
v 0.03822201 -0.039619995 0.0140625
v 0.03713088 -0.06685788 0.0140625
v 0.037819755 -0.039511875 0.0140625
v 0.037536495 -0.046603125 0.0140625
v 0.037524735 -0.046826595 0.0140625
v 0.03754014 -0.046385265 0.0140625
v 0.037535655 -0.04617306 0.0140625
v 0.03752307 -0.045966495 0.0140625
v 0.037502175 -0.045766395 0.0140625
v 0.037473015 -0.045572565 0.0140625
v 0.037435845 -0.04538391 0.0140625
v 0.037417215 -0.03939615 0.0140625
v 0.03739092 -0.045199275 0.0140625
v 0.03733848 -0.045017535 0.0140625
v 0.03727731 -0.044837715 0.0140625
v 0.03720771 -0.04466085 0.0140625
v 0.03713115 -0.04448862 0.0140625
v 0.0370491 -0.044322675 0.0140625
v 0.03701748 -0.0392733 0.0140625
v 0.036962985 -0.044164695 0.0140625
v 0.03682611 -0.04394409 0.0140625
v 0.03667719 -0.04373784 0.0140625
v 0.036614355 -0.03914046 0.0140625
v 0.036513375 -0.043539 0.0140625
v 0.036336315 -0.04334541 0.0140625
v 0.036211995 -0.039000945 0.0140625
v 0.036146505 -0.0431598 0.0140625
v 0.03593382 -0.042977925 0.0140625
v 0.035815425 -0.03885852 0.0140625
v 0.03577422 -0.042856455 0.0140625
v 0.035598915 -0.042732915 0.0140625
v 0.035428365 -0.038715765 0.0140625
v 0.03541092 -0.042609555 0.0140625
v 0.03521367 -0.04248933 0.0140625
v 0.035046885 -0.038568945 0.0140625
v 0.03501063 -0.04237524 0.0140625
v 0.034804335 -0.04226979 0.0140625
v 0.034672005 -0.03841998 0.0140625
v 0.034590855 -0.04217094 0.0140625
v 0.03437085 -0.042078015 0.0140625
v 0.034305975 -0.03827196 0.0140625
v 0.034146495 -0.04199103 0.0140625
v 0.03395091 -0.038127645 0.0140625
v 0.033806445 -0.041871735 0.0140625
v 0.03360666 -0.037985145 0.0140625
v 0.033468105 -0.041767395 0.0140625
v 0.033271935 -0.037844385 0.0140625
v 0.03312525 -0.041676855 0.0140625
v 0.03294564 -0.03770649 0.0140625
v 0.03276567 -0.041596215 0.0140625
v 0.03262674 -0.03757257 0.0140625
v 0.0323835 -0.041522595 0.0140625
v 0.03231609 -0.037442115 0.0140625
v 0.031985055 -0.041457525 0.0140625
v 0.03201363 -0.0373149 0.0140625
v 0.03171825 -0.03719151 0.0140625
v 0.031561515 -0.04140249 0.0140625
v 0.031428825 -0.037072455 0.0140625
v 0.031102905 -0.041358525 0.0140625
v 0.03114543 -0.036957585 0.0140625
v 0.030868575 -0.036846645 0.0140625
v 0.03077535 -0.041334615 0.0140625
v 0.030464685 -0.03668874 0.0140625
v 0.030434565 -0.04131546 0.0140625
v 0.0300849 -0.041301765 0.0140625
v 0.03007362 -0.03654216 0.0140625
v 0.029730735 -0.041294235 0.0140625
v 0.029696025 -0.03640638 0.0140625
v 0.029372505 -0.041293485 0.0140625
v 0.029330205 -0.036281955 0.0140625
v 0.029004135 -0.041299335 0.0140625
v 0.02897505 -0.03616923 0.0140625
v 0.02844246 -0.041318865 0.0140625
v 0.028631145 -0.036067995 0.0140625
v 0.02829771 -0.03597891 0.0140625
v 0.027885015 -0.04134903 0.0140625
v 0.02797401 -0.03590208 0.0140625
v 0.02766084 -0.03583746 0.0140625
v 0.027345525 -0.04138845 0.0140625
v 0.027359685 -0.035785395 0.0140625
v 0.027071085 -0.035746215 0.0140625
v 0.02681532 -0.041438265 0.0140625
v 0.026793885 -0.03571926 0.0140625
v 0.026276475 -0.04149894 0.0140625
v 0.026513385 -0.03819729 0.0140625
v 0.0264744 -0.038381835 0.0140625
v 0.0265272 -0.03570372 0.0140625
v 0.0264744 -0.03801276 0.0140625
v 0.02637675 -0.0378678 0.0140625
v 0.026272395 -0.035699835 0.0140625
v 0.026222415 -0.03776391 0.0140625
v 0.026044635 -0.037730205 0.0140625
v 0.0260256 -0.03570741 0.0140625
v 0.02586684 -0.03776391 0.0140625
v 0.0257844 -0.035725815 0.0140625
v 0.02571252 -0.0378678 0.0140625
v 0.025614855 -0.03801276 0.0140625
v 0.025575885 -0.03819729 0.0140625
v 0.02555052 -0.035755035 0.0140625
v 0.025151145 -0.041650245 0.0140625
v 0.02531739 -0.035797515 0.0140625
v 0.025614855 -0.038381835 0.0140625
v 0.02571252 -0.03852678 0.0140625
v 0.02571777 -0.041570085 0.0140625
v 0.02586684 -0.038630685 0.0140625
v 0.026044635 -0.03866439 0.0140625
v 0.026222415 -0.038630685 0.0140625
v 0.02637675 -0.03852678 0.0140625
v 0.02508279 -0.035853945 0.0140625
v 0.024560265 -0.041743785 0.0140625
v 0.024847755 -0.035924055 0.0140625
v 0.02460648 -0.036010365 0.0140625
v 0.024358065 -0.036114285 0.0140625
v 0.02392593 -0.04185537 0.0140625
v 0.02410338 -0.036233835 0.0140625
v 0.023841225 -0.036366825 0.0140625
v 0.023250435 -0.04198446 0.0140625
v 0.023571525 -0.036515175 0.0140625
v 0.02329485 -0.0366747 0.0140625
v 0.02301162 -0.036840825 0.0140625
v 0.02253819 -0.042129975 0.0140625
v 0.02272176 -0.037015755 0.0140625
v 0.022425 -0.03719547 0.0140625
v 0.021789195 -0.0422919 0.0140625
v 0.0221211 -0.03737676 0.0140625
v 0.021810195 -0.03756123 0.0140625
v 0.02166348 -0.042319815 0.0140625
v 0.021523305 -0.04234638 0.0140625
v 0.02149227 -0.037749 0.0140625
v 0.021365115 -0.04236459 0.0140625
v 0.021389925 -0.037809165 0.0140625
v 0.02128944 -0.037881045 0.0140625
v 0.02118204 -0.042363255 0.0140625
v 0.021196395 -0.03796443 0.0140625
v 0.021117135 -0.038058135 0.0140625
v 0.020970285 -0.042324705 0.0140625
v 0.02100954 -0.038253255 0.0140625
v 0.02094621 -0.038437185 0.0140625
v 0.02074257 -0.04222881 0.0140625
v 0.02060982 -0.039663525 0.0140625
v 0.02054331 -0.042068745 0.0140625
v 0.020405175 -0.041862765 0.0140625
v 0.02034396 -0.040903095 0.0140625
v 0.020327685 -0.04165053 0.0140625
v 0.02032332 -0.041018835 0.0140625
v 0.020296065 -0.041460465 0.0140625
v 0.02030421 -0.041149335 0.0140625
v 0.02029245 -0.041294805 0.0140625
v 0.03750486 -0.04705572 0.0140625
v 0.037462995 -0.04739391 0.0140625
v 0.037410285 -0.047742225 0.0140625
v 0.0373467 -0.04810068 0.0140625
v 0.037272255 -0.048469275 0.0140625
v 0.037186065 -0.048850635 0.0140625
v 0.037087815 -0.04924581 0.0140625
v 0.035905005 -0.066521595 0.0140625
v 0.036979695 -0.049648065 0.0140625
v 0.03686397 -0.050050605 0.0140625
v 0.03674112 -0.05045034 0.0140625
v 0.03613386 -0.061423185 0.0140625
v 0.03609489 -0.06160773 0.0140625
v 0.03660828 -0.050853465 0.0140625
v 0.036468765 -0.051255825 0.0140625
v 0.03632634 -0.051652395 0.0140625
v 0.036183585 -0.052039455 0.0140625
v 0.03609489 -0.061238655 0.0140625
v 0.036036765 -0.052420935 0.0140625
v 0.035997225 -0.061093695 0.0140625
v 0.0358878 -0.052795815 0.0140625
v 0.035842905 -0.060989805 0.0140625
v 0.03573978 -0.053161845 0.0140625
v 0.03566511 -0.0609561 0.0140625
v 0.035595465 -0.05351691 0.0140625
v 0.03548733 -0.060989805 0.0140625
v 0.035452965 -0.05386116 0.0140625
v 0.035332995 -0.061093695 0.0140625
v 0.035312205 -0.054195885 0.0140625
v 0.035235345 -0.061238655 0.0140625
v 0.03519636 -0.061423185 0.0140625
v 0.03517431 -0.05452218 0.0140625
v 0.035029035 -0.065657625 0.0140625
v 0.03504039 -0.05484108 0.0140625
v 0.03521682 -0.06597555 0.0140625
v 0.035235345 -0.06160773 0.0140625
v 0.035332995 -0.061752675 0.0140625
v 0.035335815 -0.066161085 0.0140625
v 0.03548733 -0.06185658 0.0140625
v 0.03541383 -0.066253395 0.0140625
v 0.035504175 -0.066333495 0.0140625
v 0.03566511 -0.061890285 0.0140625
v 0.035707875 -0.06645213 0.0140625
v 0.035842905 -0.06185658 0.0140625
v 0.035997225 -0.061752675 0.0140625
v 0.034909935 -0.05515173 0.0140625
v 0.034844565 -0.06534672 0.0140625
v 0.03478272 -0.05545419 0.0140625
v 0.03466329 -0.06504282 0.0140625
v 0.03465933 -0.05574957 0.0140625
v 0.034483575 -0.064746045 0.0140625
v 0.034540275 -0.056038995 0.0140625
v 0.034425405 -0.05632239 0.0140625
v 0.034308645 -0.0644562 0.0140625
v 0.034314465 -0.056599245 0.0140625
v 0.03415656 -0.057003135 0.0140625
v 0.03414252 -0.06417297 0.0140625
v 0.03400998 -0.0573942 0.0140625
v 0.033982995 -0.063896295 0.0140625
v 0.0338742 -0.057771795 0.0140625
v 0.033834645 -0.063626595 0.0140625
v 0.033749775 -0.058137615 0.0140625
v 0.033701655 -0.063364455 0.0140625
v 0.033637035 -0.05849277 0.0140625
v 0.033582105 -0.063109755 0.0140625
v 0.033535815 -0.058836675 0.0140625
v 0.033478185 -0.06286134 0.0140625
v 0.033446715 -0.05917011 0.0140625
v 0.033391875 -0.062620065 0.0140625
v 0.0333699 -0.05949381 0.0140625
v 0.033321765 -0.06238503 0.0140625
v 0.03330528 -0.05980698 0.0140625
v 0.033265335 -0.06215043 0.0140625
v 0.033253215 -0.060108135 0.0140625
v 0.033222855 -0.0619173 0.0140625
v 0.033214035 -0.060396735 0.0140625
v 0.033193635 -0.061683405 0.0140625
v 0.03318708 -0.060673935 0.0140625
v 0.03317523 -0.06144222 0.0140625
v 0.03317154 -0.060940605 0.0140625
v 0.033167655 -0.061195425 0.0140625
v 0.038786685 -0.05902536 0.0140625
v 0.03881685 -0.059582805 0.0140625
v 0.03885627 -0.06012228 0.0140625
v 0.038906085 -0.060652485 0.0140625
v 0.038916855 -0.06717267 0.0140625
v 0.038966745 -0.061191345 0.0140625
v 0.039037905 -0.06175005 0.0140625
v 0.039101355 -0.06714432 0.0140625
v 0.039118065 -0.062316675 0.0140625
v 0.03921159 -0.062907555 0.0140625
v 0.039308445 -0.06707322 0.0140625
v 0.03932319 -0.06354189 0.0140625
v 0.03945228 -0.064217385 0.0140625
v 0.03951438 -0.066943785 0.0140625
v 0.039597795 -0.06492963 0.0140625
v 0.0396807 -0.066751515 0.0140625
v 0.03975972 -0.065678625 0.0140625
v 0.0397851 -0.066522135 0.0140625
v 0.03978816 -0.0658068 0.0140625
v 0.03981516 -0.06595053 0.0140625
v 0.039829425 -0.06630378 0.0140625
v 0.0398331 -0.066114045 0.0140625
v 0.043639695 -0.045 0.0159375
v 0.043639695 -0.045 0.0140625
v 0.04359519 -0.0453126 0.0140625
v 0.04359519 -0.0446874 0.0159375
v 0.04359519 -0.0453126 0.0159375
v 0.04348269 -0.045585945 0.0140625
v 0.04348269 -0.045585945 0.0159375
v 0.04329504 -0.04582722 0.0140625
v 0.04329504 -0.04582722 0.0159375
v 0.04305375 -0.04601487 0.0140625
v 0.04305375 -0.04601487 0.0159375
v 0.042770595 -0.046129995 0.0140625
v 0.042770595 -0.046129995 0.0159375
v 0.04246782 -0.046171875 0.0140625
v 0.04246782 -0.046171875 0.0159375
v 0.04216503 -0.046129995 0.0140625
v 0.04216503 -0.046129995 0.0159375
v 0.041881875 -0.04601487 0.0140625
v 0.041881875 -0.04601487 0.0159375
v 0.0416406 -0.04582722 0.0140625
v 0.0416406 -0.04582722 0.0159375
v 0.04145295 -0.045585945 0.0140625
v 0.04145295 -0.045585945 0.0159375
v 0.04134045 -0.0453126 0.0140625
v 0.04134045 -0.0453126 0.0159375
v 0.041295945 -0.045 0.0140625
v 0.041295945 -0.045 0.0159375
v 0.04134045 -0.0446874 0.0140625
v 0.04134045 -0.0446874 0.0159375
v 0.04145295 -0.04441407 0.0140625
v 0.04145295 -0.04441407 0.0159375
v 0.0416406 -0.04417278 0.0140625
v 0.0416406 -0.04417278 0.0159375
v 0.041881875 -0.04398513 0.0140625
v 0.041881875 -0.04398513 0.0159375
v 0.04216503 -0.043870005 0.0140625
v 0.04216503 -0.043870005 0.0159375
v 0.04246782 -0.043828125 0.0140625
v 0.04246782 -0.043828125 0.0159375
v 0.042770595 -0.043870005 0.0140625
v 0.042770595 -0.043870005 0.0159375
v 0.04305375 -0.04398513 0.0140625
v 0.04305375 -0.04398513 0.0159375
v 0.04329504 -0.04417278 0.0140625
v 0.04329504 -0.04417278 0.0159375
v 0.04348269 -0.04441407 0.0140625
v 0.04348269 -0.04441407 0.0159375
v 0.04359519 -0.0446874 0.0140625
v 0.059359755 -0.05180271 0.0159375
v 0.059359755 -0.05180271 0.0140625
v 0.059320785 -0.05198724 0.0140625
v 0.059320785 -0.051618165 0.0159375
v 0.059320785 -0.05198724 0.0159375
v 0.05922312 -0.0521322 0.0140625
v 0.05922312 -0.0521322 0.0159375
v 0.059068785 -0.05223609 0.0140625
v 0.059068785 -0.05223609 0.0159375
v 0.058891005 -0.052269795 0.0140625
v 0.058891005 -0.052269795 0.0159375
v 0.058713225 -0.05223609 0.0140625
v 0.058713225 -0.05223609 0.0159375
v 0.05855889 -0.0521322 0.0140625
v 0.05855889 -0.0521322 0.0159375
v 0.058461225 -0.05198724 0.0140625
v 0.058461225 -0.05198724 0.0159375
v 0.058422255 -0.05180271 0.0140625
v 0.058422255 -0.05180271 0.0159375
v 0.058461225 -0.051618165 0.0140625
v 0.058461225 -0.051618165 0.0159375
v 0.05855889 -0.05147322 0.0140625
v 0.05855889 -0.05147322 0.0159375
v 0.058713225 -0.051369315 0.0140625
v 0.058713225 -0.051369315 0.0159375
v 0.058891005 -0.05133561 0.0140625
v 0.058891005 -0.05133561 0.0159375
v 0.059068785 -0.051369315 0.0140625
v 0.059068785 -0.051369315 0.0159375
v 0.05922312 -0.05147322 0.0140625
v 0.05922312 -0.05147322 0.0159375
v 0.059320785 -0.051618165 0.0140625
v 0.03613386 -0.061423185 0.0159375
v 0.03613386 -0.061423185 0.0140625
v 0.03609489 -0.06160773 0.0140625
v 0.03609489 -0.061238655 0.0159375
v 0.03609489 -0.06160773 0.0159375
v 0.035997225 -0.061752675 0.0140625
v 0.035997225 -0.061752675 0.0159375
v 0.035842905 -0.06185658 0.0140625
v 0.035842905 -0.06185658 0.0159375
v 0.03566511 -0.061890285 0.0140625
v 0.03566511 -0.061890285 0.0159375
v 0.03548733 -0.06185658 0.0140625
v 0.03548733 -0.06185658 0.0159375
v 0.035332995 -0.061752675 0.0140625
v 0.035332995 -0.061752675 0.0159375
v 0.035235345 -0.06160773 0.0140625
v 0.035235345 -0.06160773 0.0159375
v 0.03519636 -0.061423185 0.0140625
v 0.03519636 -0.061423185 0.0159375
v 0.035235345 -0.061238655 0.0140625
v 0.035235345 -0.061238655 0.0159375
v 0.035332995 -0.061093695 0.0140625
v 0.035332995 -0.061093695 0.0159375
v 0.03548733 -0.060989805 0.0140625
v 0.03548733 -0.060989805 0.0159375
v 0.03566511 -0.0609561 0.0140625
v 0.03566511 -0.0609561 0.0159375
v 0.035842905 -0.060989805 0.0140625
v 0.035842905 -0.060989805 0.0159375
v 0.035997225 -0.061093695 0.0140625
v 0.035997225 -0.061093695 0.0159375
v 0.03609489 -0.061238655 0.0140625
v 0.026513385 -0.03819729 0.0159375
v 0.026513385 -0.03819729 0.0140625
v 0.0264744 -0.038381835 0.0140625
v 0.0264744 -0.03801276 0.0159375
v 0.0264744 -0.038381835 0.0159375
v 0.02637675 -0.03852678 0.0140625
v 0.02637675 -0.03852678 0.0159375
v 0.026222415 -0.038630685 0.0140625
v 0.026222415 -0.038630685 0.0159375
v 0.026044635 -0.03866439 0.0140625
v 0.026044635 -0.03866439 0.0159375
v 0.02586684 -0.038630685 0.0140625
v 0.02586684 -0.038630685 0.0159375
v 0.02571252 -0.03852678 0.0140625
v 0.02571252 -0.03852678 0.0159375
v 0.025614855 -0.038381835 0.0140625
v 0.025614855 -0.038381835 0.0159375
v 0.025575885 -0.03819729 0.0140625
v 0.025575885 -0.03819729 0.0159375
v 0.025614855 -0.03801276 0.0140625
v 0.025614855 -0.03801276 0.0159375
v 0.02571252 -0.0378678 0.0140625
v 0.02571252 -0.0378678 0.0159375
v 0.02586684 -0.03776391 0.0140625
v 0.02586684 -0.03776391 0.0159375
v 0.026044635 -0.037730205 0.0140625
v 0.026044635 -0.037730205 0.0159375
v 0.026222415 -0.03776391 0.0140625
v 0.026222415 -0.03776391 0.0159375
v 0.02637675 -0.0378678 0.0140625
v 0.02637675 -0.0378678 0.0159375
v 0.0264744 -0.03801276 0.0140625
v 0.04973928 -0.028576815 0.0159375
v 0.04973928 -0.028576815 0.0140625
v 0.049700295 -0.028761345 0.0140625
v 0.049700295 -0.028392285 0.0159375
v 0.049700295 -0.028761345 0.0159375
v 0.049602645 -0.028906305 0.0140625
v 0.049602645 -0.028906305 0.0159375
v 0.04944831 -0.02901021 0.0140625
v 0.04944831 -0.02901021 0.0159375
v 0.04927053 -0.0290439 0.0140625
v 0.04927053 -0.0290439 0.0159375
v 0.049092735 -0.02901021 0.0140625
v 0.049092735 -0.02901021 0.0159375
v 0.048938415 -0.028906305 0.0140625
v 0.048938415 -0.028906305 0.0159375
v 0.04884075 -0.028761345 0.0140625
v 0.04884075 -0.028761345 0.0159375
v 0.04880178 -0.028576815 0.0140625
v 0.04880178 -0.028576815 0.0159375
v 0.04884075 -0.028392285 0.0140625
v 0.04884075 -0.028392285 0.0159375
v 0.048938415 -0.028247325 0.0140625
v 0.048938415 -0.028247325 0.0159375
v 0.049092735 -0.02814342 0.0140625
v 0.049092735 -0.02814342 0.0159375
v 0.04927053 -0.028109715 0.0140625
v 0.04927053 -0.028109715 0.0159375
v 0.04944831 -0.02814342 0.0140625
v 0.04944831 -0.02814342 0.0159375
v 0.049602645 -0.028247325 0.0140625
v 0.049602645 -0.028247325 0.0159375
v 0.049700295 -0.028392285 0.0140625
v 0.04517592 -0.024321375 0.0159375
v 0.04517592 -0.024321375 0.0140625
v 0.045337845 -0.02507037 0.0140625
v 0.045147525 -0.02419341 0.0159375
v 0.045337845 -0.02507037 0.0159375
v 0.04548336 -0.025782615 0.0140625
v 0.04548336 -0.025782615 0.0159375
v 0.04561245 -0.02645811 0.0140625
v 0.04561245 -0.02645811 0.0159375
v 0.045724035 -0.027092445 0.0140625
v 0.045724035 -0.027092445 0.0159375
v 0.04581756 -0.027683325 0.0140625
v 0.04581756 -0.027683325 0.0159375
v 0.045897735 -0.02824995 0.0140625
v 0.045897735 -0.02824995 0.0159375
v 0.04596888 -0.028808655 0.0140625
v 0.04596888 -0.028808655 0.0159375
v 0.046029555 -0.029347515 0.0140625
v 0.046029555 -0.029347515 0.0159375
v 0.04607937 -0.02987772 0.0140625
v 0.04607937 -0.02987772 0.0159375
v 0.04611879 -0.030417195 0.0140625
v 0.04611879 -0.030417195 0.0159375
v 0.046148955 -0.03097464 0.0140625
v 0.046148955 -0.03097464 0.0159375
v 0.046168485 -0.031536315 0.0140625
v 0.046168485 -0.031536315 0.0159375
v 0.046174335 -0.031904685 0.0140625
v 0.046174335 -0.031904685 0.0159375
v 0.046173585 -0.032262915 0.0140625
v 0.046173585 -0.032262915 0.0159375
v 0.046166055 -0.03261708 0.0140625
v 0.046166055 -0.03261708 0.0159375
v 0.04615236 -0.032966745 0.0140625
v 0.04615236 -0.032966745 0.0159375
v 0.046133205 -0.03330753 0.0140625
v 0.046133205 -0.03330753 0.0159375
v 0.046109295 -0.033635085 0.0140625
v 0.046109295 -0.033635085 0.0159375
v 0.04606533 -0.034093695 0.0140625
v 0.04606533 -0.034093695 0.0159375
v 0.046010295 -0.034517235 0.0140625
v 0.046010295 -0.034517235 0.0159375
v 0.045945225 -0.03491568 0.0140625
v 0.045945225 -0.03491568 0.0159375
v 0.045871605 -0.03529785 0.0140625
v 0.045871605 -0.03529785 0.0159375
v 0.045790965 -0.03565743 0.0140625
v 0.045790965 -0.03565743 0.0159375
v 0.045700425 -0.036000285 0.0140625
v 0.045700425 -0.036000285 0.0159375
v 0.04559607 -0.036338625 0.0140625
v 0.04559607 -0.036338625 0.0159375
v 0.04547679 -0.036678675 0.0140625
v 0.04547679 -0.036678675 0.0159375
v 0.045389805 -0.03690303 0.0140625
v 0.045389805 -0.03690303 0.0159375
v 0.04529688 -0.037123035 0.0140625
v 0.04529688 -0.037123035 0.0159375
v 0.04519803 -0.037336515 0.0140625
v 0.04519803 -0.037336515 0.0159375
v 0.04509258 -0.03754281 0.0140625
v 0.04509258 -0.03754281 0.0159375
v 0.04497849 -0.03774585 0.0140625
v 0.04497849 -0.03774585 0.0159375
v 0.044858265 -0.0379431 0.0140625
v 0.044858265 -0.0379431 0.0159375
v 0.044734905 -0.038131095 0.0140625
v 0.044734905 -0.038131095 0.0159375
v 0.044611365 -0.0383064 0.0140625
v 0.044611365 -0.0383064 0.0159375
v 0.044489895 -0.038466 0.0140625
v 0.044489895 -0.038466 0.0159375
v 0.04430802 -0.038678685 0.0140625
v 0.04430802 -0.038678685 0.0159375
v 0.04412241 -0.038868495 0.0140625
v 0.04412241 -0.038868495 0.0159375
v 0.04392882 -0.039045555 0.0140625
v 0.04392882 -0.039045555 0.0159375
v 0.04372998 -0.03920937 0.0140625
v 0.04372998 -0.03920937 0.0159375
v 0.04352373 -0.03935829 0.0140625
v 0.04352373 -0.03935829 0.0159375
v 0.043303125 -0.039495165 0.0140625
v 0.043303125 -0.039495165 0.0159375
v 0.043145145 -0.03958128 0.0140625
v 0.043145145 -0.03958128 0.0159375
v 0.0429792 -0.03966333 0.0140625
v 0.0429792 -0.03966333 0.0159375
v 0.04280697 -0.039739905 0.0140625
v 0.04280697 -0.039739905 0.0159375
v 0.042630105 -0.03980949 0.0140625
v 0.042630105 -0.03980949 0.0159375
v 0.042450285 -0.03987066 0.0140625
v 0.042450285 -0.03987066 0.0159375
v 0.042268545 -0.0399231 0.0140625
v 0.042268545 -0.0399231 0.0159375
v 0.04208391 -0.039968025 0.0140625
v 0.04208391 -0.039968025 0.0159375
v 0.04189524 -0.040005195 0.0140625
v 0.04189524 -0.040005195 0.0159375
v 0.041701425 -0.040034355 0.0140625
v 0.041701425 -0.040034355 0.0159375
v 0.041501325 -0.04005525 0.0140625
v 0.041501325 -0.04005525 0.0159375
v 0.04129476 -0.04006785 0.0140625
v 0.04129476 -0.04006785 0.0159375
v 0.04108254 -0.04007232 0.0140625
v 0.04108254 -0.04007232 0.0159375
v 0.040864695 -0.040068675 0.0140625
v 0.040864695 -0.040068675 0.0159375
v 0.04064121 -0.040056915 0.0140625
v 0.04064121 -0.040056915 0.0159375
v 0.040412085 -0.04003704 0.0140625
v 0.040412085 -0.04003704 0.0159375
v 0.04007391 -0.039995175 0.0140625
v 0.04007391 -0.039995175 0.0159375
v 0.039725595 -0.039942465 0.0140625
v 0.039725595 -0.039942465 0.0159375
v 0.03936714 -0.03987888 0.0140625
v 0.03936714 -0.03987888 0.0159375
v 0.038998545 -0.039804435 0.0140625
v 0.038998545 -0.039804435 0.0159375
v 0.038617185 -0.039718245 0.0140625
v 0.038617185 -0.039718245 0.0159375
v 0.03822201 -0.039619995 0.0140625
v 0.03822201 -0.039619995 0.0159375
v 0.037819755 -0.039511875 0.0140625
v 0.037819755 -0.039511875 0.0159375
v 0.037417215 -0.03939615 0.0140625
v 0.037417215 -0.03939615 0.0159375
v 0.03701748 -0.0392733 0.0140625
v 0.03701748 -0.0392733 0.0159375
v 0.036614355 -0.03914046 0.0140625
v 0.036614355 -0.03914046 0.0159375
v 0.036211995 -0.039000945 0.0140625
v 0.036211995 -0.039000945 0.0159375
v 0.035815425 -0.03885852 0.0140625
v 0.035815425 -0.03885852 0.0159375
v 0.035428365 -0.038715765 0.0140625
v 0.035428365 -0.038715765 0.0159375
v 0.035046885 -0.038568945 0.0140625
v 0.035046885 -0.038568945 0.0159375
v 0.034672005 -0.03841998 0.0140625
v 0.034672005 -0.03841998 0.0159375
v 0.034305975 -0.03827196 0.0140625
v 0.034305975 -0.03827196 0.0159375
v 0.03395091 -0.038127645 0.0140625
v 0.03395091 -0.038127645 0.0159375
v 0.03360666 -0.037985145 0.0140625
v 0.03360666 -0.037985145 0.0159375
v 0.033271935 -0.037844385 0.0140625
v 0.033271935 -0.037844385 0.0159375
v 0.03294564 -0.03770649 0.0140625
v 0.03294564 -0.03770649 0.0159375
v 0.03262674 -0.03757257 0.0140625
v 0.03262674 -0.03757257 0.0159375
v 0.03231609 -0.037442115 0.0140625
v 0.03231609 -0.037442115 0.0159375
v 0.03201363 -0.0373149 0.0140625
v 0.03201363 -0.0373149 0.0159375
v 0.03171825 -0.03719151 0.0140625
v 0.03171825 -0.03719151 0.0159375
v 0.031428825 -0.037072455 0.0140625
v 0.031428825 -0.037072455 0.0159375
v 0.03114543 -0.036957585 0.0140625
v 0.03114543 -0.036957585 0.0159375
v 0.030868575 -0.036846645 0.0140625
v 0.030868575 -0.036846645 0.0159375
v 0.030464685 -0.03668874 0.0140625
v 0.030464685 -0.03668874 0.0159375
v 0.03007362 -0.03654216 0.0140625
v 0.03007362 -0.03654216 0.0159375
v 0.029696025 -0.03640638 0.0140625
v 0.029696025 -0.03640638 0.0159375
v 0.029330205 -0.036281955 0.0140625
v 0.029330205 -0.036281955 0.0159375
v 0.02897505 -0.03616923 0.0140625
v 0.02897505 -0.03616923 0.0159375
v 0.028631145 -0.036067995 0.0140625
v 0.028631145 -0.036067995 0.0159375
v 0.02829771 -0.03597891 0.0140625
v 0.02829771 -0.03597891 0.0159375
v 0.02797401 -0.03590208 0.0140625
v 0.02797401 -0.03590208 0.0159375
v 0.02766084 -0.03583746 0.0140625
v 0.02766084 -0.03583746 0.0159375
v 0.027359685 -0.035785395 0.0140625
v 0.027359685 -0.035785395 0.0159375
v 0.027071085 -0.035746215 0.0140625
v 0.027071085 -0.035746215 0.0159375
v 0.026793885 -0.03571926 0.0140625
v 0.026793885 -0.03571926 0.0159375
v 0.0265272 -0.03570372 0.0140625
v 0.0265272 -0.03570372 0.0159375
v 0.026272395 -0.035699835 0.0140625
v 0.026272395 -0.035699835 0.0159375
v 0.0260256 -0.03570741 0.0140625
v 0.0260256 -0.03570741 0.0159375
v 0.0257844 -0.035725815 0.0140625
v 0.0257844 -0.035725815 0.0159375
v 0.02555052 -0.035755035 0.0140625
v 0.02555052 -0.035755035 0.0159375
v 0.02531739 -0.035797515 0.0140625
v 0.02531739 -0.035797515 0.0159375
v 0.02508279 -0.035853945 0.0140625
v 0.02508279 -0.035853945 0.0159375
v 0.024847755 -0.035924055 0.0140625
v 0.024847755 -0.035924055 0.0159375
v 0.02460648 -0.036010365 0.0140625
v 0.02460648 -0.036010365 0.0159375
v 0.024358065 -0.036114285 0.0140625
v 0.024358065 -0.036114285 0.0159375
v 0.02410338 -0.036233835 0.0140625
v 0.02410338 -0.036233835 0.0159375
v 0.023841225 -0.036366825 0.0140625
v 0.023841225 -0.036366825 0.0159375
v 0.023571525 -0.036515175 0.0140625
v 0.023571525 -0.036515175 0.0159375
v 0.02329485 -0.0366747 0.0140625
v 0.02329485 -0.0366747 0.0159375
v 0.02301162 -0.036840825 0.0140625
v 0.02301162 -0.036840825 0.0159375
v 0.02272176 -0.037015755 0.0140625
v 0.02272176 -0.037015755 0.0159375
v 0.022425 -0.03719547 0.0140625
v 0.022425 -0.03719547 0.0159375
v 0.0221211 -0.03737676 0.0140625
v 0.0221211 -0.03737676 0.0159375
v 0.021810195 -0.03756123 0.0140625
v 0.021810195 -0.03756123 0.0159375
v 0.02149227 -0.037749 0.0140625
v 0.02149227 -0.037749 0.0159375
v 0.021389925 -0.037809165 0.0140625
v 0.02138541 -0.037812015 0.0159375
v 0.02128944 -0.037881045 0.0140625
v 0.02128194 -0.03788712 0.0159375
v 0.021196395 -0.03796443 0.0140625
v 0.021188145 -0.03797292 0.0159375
v 0.021117135 -0.038058135 0.0140625
v 0.02111079 -0.038067045 0.0159375
v 0.02100954 -0.038253255 0.0140625
v 0.02100756 -0.03825801 0.0159375
v 0.02094621 -0.038437185 0.0140625
v 0.02094621 -0.038437185 0.0159375
v 0.02060982 -0.039663525 0.0140625
v 0.02060982 -0.039663525 0.0159375
v 0.02034396 -0.040903095 0.0140625
v 0.02034396 -0.040903095 0.0159375
v 0.02032332 -0.041018835 0.0140625
v 0.020323665 -0.041016765 0.0159375
v 0.020304825 -0.041144325 0.0159375
v 0.02030421 -0.041149335 0.0140625
v 0.02029275 -0.041287635 0.0159375
v 0.02029245 -0.041294805 0.0140625
v 0.020295285 -0.041450895 0.0159375
v 0.020296065 -0.041460465 0.0140625
v 0.02032416 -0.04163649 0.0159375
v 0.020327685 -0.04165053 0.0140625
v 0.02039688 -0.04184574 0.0159375
v 0.020405175 -0.041862765 0.0140625
v 0.02053452 -0.04205883 0.0159375
v 0.02054331 -0.042068745 0.0140625
v 0.0206319 -0.042151785 0.0159375
v 0.02074257 -0.04222881 0.0140625
v 0.020740605 -0.042227745 0.0159375
v 0.020967495 -0.042324045 0.0159375
v 0.020970285 -0.042324705 0.0140625
v 0.02117391 -0.04236258 0.0159375
v 0.02118204 -0.042363255 0.0140625
v 0.0213576 -0.04236504 0.0159375
v 0.021365115 -0.04236459 0.0140625
v 0.02151894 -0.042347085 0.0159375
v 0.021523305 -0.04234638 0.0140625
v 0.02166144 -0.042320265 0.0159375
v 0.02166348 -0.042319815 0.0140625
v 0.021789195 -0.0422919 0.0140625
v 0.021789195 -0.0422919 0.0159375
v 0.02253819 -0.042129975 0.0140625
v 0.02253819 -0.042129975 0.0159375
v 0.023250435 -0.04198446 0.0140625
v 0.023250435 -0.04198446 0.0159375
v 0.02392593 -0.04185537 0.0140625
v 0.02392593 -0.04185537 0.0159375
v 0.024560265 -0.041743785 0.0140625
v 0.024560265 -0.041743785 0.0159375
v 0.025151145 -0.041650245 0.0140625
v 0.025151145 -0.041650245 0.0159375
v 0.02571777 -0.041570085 0.0140625
v 0.02571777 -0.041570085 0.0159375
v 0.026276475 -0.04149894 0.0140625
v 0.026276475 -0.04149894 0.0159375
v 0.02681532 -0.041438265 0.0140625
v 0.02681532 -0.041438265 0.0159375
v 0.027345525 -0.04138845 0.0140625
v 0.027345525 -0.04138845 0.0159375
v 0.027885015 -0.04134903 0.0140625
v 0.027885015 -0.04134903 0.0159375
v 0.02844246 -0.041318865 0.0140625
v 0.02844246 -0.041318865 0.0159375
v 0.029004135 -0.041299335 0.0140625
v 0.029004135 -0.041299335 0.0159375
v 0.029372505 -0.041293485 0.0140625
v 0.029372505 -0.041293485 0.0159375
v 0.029730735 -0.041294235 0.0140625
v 0.029730735 -0.041294235 0.0159375
v 0.0300849 -0.041301765 0.0140625
v 0.0300849 -0.041301765 0.0159375
v 0.030434565 -0.04131546 0.0140625
v 0.030434565 -0.04131546 0.0159375
v 0.03077535 -0.041334615 0.0140625
v 0.03077535 -0.041334615 0.0159375
v 0.031102905 -0.041358525 0.0140625
v 0.031102905 -0.041358525 0.0159375
v 0.031561515 -0.04140249 0.0140625
v 0.031561515 -0.04140249 0.0159375
v 0.031985055 -0.041457525 0.0140625
v 0.031985055 -0.041457525 0.0159375
v 0.0323835 -0.041522595 0.0140625
v 0.0323835 -0.041522595 0.0159375
v 0.03276567 -0.041596215 0.0140625
v 0.03276567 -0.041596215 0.0159375
v 0.03312525 -0.041676855 0.0140625
v 0.03312525 -0.041676855 0.0159375
v 0.033468105 -0.041767395 0.0140625
v 0.033468105 -0.041767395 0.0159375
v 0.033806445 -0.041871735 0.0140625
v 0.033806445 -0.041871735 0.0159375
v 0.034146495 -0.04199103 0.0140625
v 0.034146495 -0.04199103 0.0159375
v 0.03437085 -0.042078015 0.0140625
v 0.03437085 -0.042078015 0.0159375
v 0.034590855 -0.04217094 0.0140625
v 0.034590855 -0.04217094 0.0159375
v 0.034804335 -0.04226979 0.0140625
v 0.034804335 -0.04226979 0.0159375
v 0.03501063 -0.04237524 0.0140625
v 0.03501063 -0.04237524 0.0159375
v 0.03521367 -0.04248933 0.0140625
v 0.03521367 -0.04248933 0.0159375
v 0.03541092 -0.042609555 0.0140625
v 0.03541092 -0.042609555 0.0159375
v 0.035598915 -0.042732915 0.0140625
v 0.035598915 -0.042732915 0.0159375
v 0.03577422 -0.042856455 0.0140625
v 0.03577422 -0.042856455 0.0159375
v 0.03593382 -0.042977925 0.0140625
v 0.03593382 -0.042977925 0.0159375
v 0.036146505 -0.0431598 0.0140625
v 0.036146505 -0.0431598 0.0159375
v 0.036336315 -0.04334541 0.0140625
v 0.036336315 -0.04334541 0.0159375
v 0.036513375 -0.043539 0.0140625
v 0.036513375 -0.043539 0.0159375
v 0.03667719 -0.04373784 0.0140625
v 0.03667719 -0.04373784 0.0159375
v 0.03682611 -0.04394409 0.0140625
v 0.03682611 -0.04394409 0.0159375
v 0.036962985 -0.044164695 0.0140625
v 0.036962985 -0.044164695 0.0159375
v 0.0370491 -0.044322675 0.0140625
v 0.0370491 -0.044322675 0.0159375
v 0.03713115 -0.04448862 0.0140625
v 0.03713115 -0.04448862 0.0159375
v 0.03720771 -0.04466085 0.0140625
v 0.03720771 -0.04466085 0.0159375
v 0.03727731 -0.044837715 0.0140625
v 0.03727731 -0.044837715 0.0159375
v 0.03733848 -0.045017535 0.0140625
v 0.03733848 -0.045017535 0.0159375
v 0.03739092 -0.045199275 0.0140625
v 0.03739092 -0.045199275 0.0159375
v 0.037435845 -0.04538391 0.0140625
v 0.037435845 -0.04538391 0.0159375
v 0.037473015 -0.045572565 0.0140625
v 0.037473015 -0.045572565 0.0159375
v 0.037502175 -0.045766395 0.0140625
v 0.037502175 -0.045766395 0.0159375
v 0.03752307 -0.045966495 0.0140625
v 0.03752307 -0.045966495 0.0159375
v 0.037535655 -0.04617306 0.0140625
v 0.037535655 -0.04617306 0.0159375
v 0.03754014 -0.046385265 0.0140625
v 0.03754014 -0.046385265 0.0159375
v 0.037536495 -0.046603125 0.0140625
v 0.037536495 -0.046603125 0.0159375
v 0.037524735 -0.046826595 0.0140625
v 0.037524735 -0.046826595 0.0159375
v 0.03750486 -0.04705572 0.0140625
v 0.03750486 -0.04705572 0.0159375
v 0.037462995 -0.04739391 0.0140625
v 0.037462995 -0.04739391 0.0159375
v 0.037410285 -0.047742225 0.0140625
v 0.037410285 -0.047742225 0.0159375
v 0.0373467 -0.04810068 0.0140625
v 0.0373467 -0.04810068 0.0159375
v 0.037272255 -0.048469275 0.0140625
v 0.037272255 -0.048469275 0.0159375
v 0.037186065 -0.048850635 0.0140625
v 0.037186065 -0.048850635 0.0159375
v 0.037087815 -0.04924581 0.0140625
v 0.037087815 -0.04924581 0.0159375
v 0.036979695 -0.049648065 0.0140625
v 0.036979695 -0.049648065 0.0159375
v 0.03686397 -0.050050605 0.0140625
v 0.03686397 -0.050050605 0.0159375
v 0.03674112 -0.05045034 0.0140625
v 0.03674112 -0.05045034 0.0159375
v 0.03660828 -0.050853465 0.0140625
v 0.03660828 -0.050853465 0.0159375
v 0.036468765 -0.051255825 0.0140625
v 0.036468765 -0.051255825 0.0159375
v 0.03632634 -0.051652395 0.0140625
v 0.03632634 -0.051652395 0.0159375
v 0.036183585 -0.052039455 0.0140625
v 0.036183585 -0.052039455 0.0159375
v 0.036036765 -0.052420935 0.0140625
v 0.036036765 -0.052420935 0.0159375
v 0.0358878 -0.052795815 0.0140625
v 0.0358878 -0.052795815 0.0159375
v 0.03573978 -0.053161845 0.0140625
v 0.03573978 -0.053161845 0.0159375
v 0.035595465 -0.05351691 0.0140625
v 0.035595465 -0.05351691 0.0159375
v 0.035452965 -0.05386116 0.0140625
v 0.035452965 -0.05386116 0.0159375
v 0.035312205 -0.054195885 0.0140625
v 0.035312205 -0.054195885 0.0159375
v 0.03517431 -0.05452218 0.0140625
v 0.03517431 -0.05452218 0.0159375
v 0.03504039 -0.05484108 0.0140625
v 0.03504039 -0.05484108 0.0159375
v 0.034909935 -0.05515173 0.0140625
v 0.034909935 -0.05515173 0.0159375
v 0.03478272 -0.05545419 0.0140625
v 0.03478272 -0.05545419 0.0159375
v 0.03465933 -0.05574957 0.0140625
v 0.03465933 -0.05574957 0.0159375
v 0.034540275 -0.056038995 0.0140625
v 0.034540275 -0.056038995 0.0159375
v 0.034425405 -0.05632239 0.0140625
v 0.034425405 -0.05632239 0.0159375
v 0.034314465 -0.056599245 0.0140625
v 0.034314465 -0.056599245 0.0159375
v 0.03415656 -0.057003135 0.0140625
v 0.03415656 -0.057003135 0.0159375
v 0.03400998 -0.0573942 0.0140625
v 0.03400998 -0.0573942 0.0159375
v 0.0338742 -0.057771795 0.0140625
v 0.0338742 -0.057771795 0.0159375
v 0.033749775 -0.058137615 0.0140625
v 0.033749775 -0.058137615 0.0159375
v 0.033637035 -0.05849277 0.0140625
v 0.033637035 -0.05849277 0.0159375
v 0.033535815 -0.058836675 0.0140625
v 0.033535815 -0.058836675 0.0159375
v 0.033446715 -0.05917011 0.0140625
v 0.033446715 -0.05917011 0.0159375
v 0.0333699 -0.05949381 0.0140625
v 0.0333699 -0.05949381 0.0159375
v 0.03330528 -0.05980698 0.0140625
v 0.03330528 -0.05980698 0.0159375
v 0.033253215 -0.060108135 0.0140625
v 0.033253215 -0.060108135 0.0159375
v 0.033214035 -0.060396735 0.0140625
v 0.033214035 -0.060396735 0.0159375
v 0.03318708 -0.060673935 0.0140625
v 0.03318708 -0.060673935 0.0159375
v 0.03317154 -0.060940605 0.0140625
v 0.03317154 -0.060940605 0.0159375
v 0.033167655 -0.061195425 0.0140625
v 0.033167655 -0.061195425 0.0159375
v 0.03317523 -0.06144222 0.0140625
v 0.03317523 -0.06144222 0.0159375
v 0.033193635 -0.061683405 0.0140625
v 0.033193635 -0.061683405 0.0159375
v 0.033222855 -0.0619173 0.0140625
v 0.033222855 -0.0619173 0.0159375
v 0.033265335 -0.06215043 0.0140625
v 0.033265335 -0.06215043 0.0159375
v 0.033321765 -0.06238503 0.0140625
v 0.033321765 -0.06238503 0.0159375
v 0.033391875 -0.062620065 0.0140625
v 0.033391875 -0.062620065 0.0159375
v 0.033478185 -0.06286134 0.0140625
v 0.033478185 -0.06286134 0.0159375
v 0.033582105 -0.063109755 0.0140625
v 0.033582105 -0.063109755 0.0159375
v 0.033701655 -0.063364455 0.0140625
v 0.033701655 -0.063364455 0.0159375
v 0.033834645 -0.063626595 0.0140625
v 0.033834645 -0.063626595 0.0159375
v 0.033982995 -0.063896295 0.0140625
v 0.033982995 -0.063896295 0.0159375
v 0.03414252 -0.06417297 0.0140625
v 0.03414252 -0.06417297 0.0159375
v 0.034308645 -0.0644562 0.0140625
v 0.034308645 -0.0644562 0.0159375
v 0.034483575 -0.064746045 0.0140625
v 0.034483575 -0.064746045 0.0159375
v 0.03466329 -0.06504282 0.0140625
v 0.03466329 -0.06504282 0.0159375
v 0.034844565 -0.06534672 0.0140625
v 0.034844565 -0.06534672 0.0159375
v 0.035029035 -0.065657625 0.0140625
v 0.035029035 -0.065657625 0.0159375
v 0.03521682 -0.06597555 0.0140625
v 0.03521682 -0.06597555 0.0159375
v 0.035335815 -0.066161085 0.0140625
v 0.0353376 -0.06616347 0.0159375
v 0.03541383 -0.066253395 0.0140625
v 0.035415945 -0.066255555 0.0159375
v 0.035504175 -0.066333495 0.0140625
v 0.035506095 -0.066335025 0.0159375
v 0.035707875 -0.06645213 0.0140625
v 0.035708385 -0.066452385 0.0159375
v 0.035905005 -0.066521595 0.0140625
v 0.035905005 -0.066521595 0.0159375
v 0.03713088 -0.06685788 0.0140625
v 0.03713088 -0.06685788 0.0159375
v 0.038370915 -0.06712386 0.0140625
v 0.038370915 -0.06712386 0.0159375
v 0.03848652 -0.06714447 0.0140625
v 0.03848499 -0.06714423 0.0159375
v 0.03861306 -0.067163115 0.0159375
v 0.0386142 -0.06716325 0.0140625
v 0.038755815 -0.067175085 0.0140625
v 0.03875718 -0.067175025 0.0159375
v 0.038916855 -0.06717267 0.0140625
v 0.038921745 -0.06717237 0.0159375
v 0.039101355 -0.06714432 0.0140625
v 0.03910929 -0.067142565 0.0159375
v 0.039308445 -0.06707322 0.0140625
v 0.039320355 -0.067067175 0.0159375
v 0.03951438 -0.066943785 0.0140625
v 0.039536145 -0.06692418 0.0159375
v 0.0396807 -0.066751515 0.0140625
v 0.039628395 -0.066826005 0.0159375
v 0.03970356 -0.066712395 0.0159375
v 0.0397851 -0.066522135 0.0140625
v 0.03979584 -0.066486915 0.0159375
v 0.039829425 -0.06630378 0.0140625
v 0.039831315 -0.066283905 0.0159375
v 0.0398331 -0.066114045 0.0140625
v 0.03983226 -0.06610308 0.0159375
v 0.03981516 -0.06595053 0.0140625
v 0.039814185 -0.06594429 0.0159375
v 0.03978816 -0.0658068 0.0140625
v 0.039787605 -0.06580407 0.0159375
v 0.03975972 -0.065678625 0.0140625
v 0.03975972 -0.065678625 0.0159375
v 0.039597795 -0.06492963 0.0140625
v 0.039597795 -0.06492963 0.0159375
v 0.03945228 -0.064217385 0.0140625
v 0.03945228 -0.064217385 0.0159375
v 0.03932319 -0.06354189 0.0140625
v 0.03932319 -0.06354189 0.0159375
v 0.03921159 -0.062907555 0.0140625
v 0.03921159 -0.062907555 0.0159375
v 0.039118065 -0.062316675 0.0140625
v 0.039118065 -0.062316675 0.0159375
v 0.039037905 -0.06175005 0.0140625
v 0.039037905 -0.06175005 0.0159375
v 0.038966745 -0.061191345 0.0140625
v 0.038966745 -0.061191345 0.0159375
v 0.038906085 -0.060652485 0.0140625
v 0.038906085 -0.060652485 0.0159375
v 0.03885627 -0.06012228 0.0140625
v 0.03885627 -0.06012228 0.0159375
v 0.03881685 -0.059582805 0.0140625
v 0.03881685 -0.059582805 0.0159375
v 0.038786685 -0.05902536 0.0140625
v 0.038786685 -0.05902536 0.0159375
v 0.038767155 -0.058463685 0.0140625
v 0.038767155 -0.058463685 0.0159375
v 0.038761305 -0.058095315 0.0140625
v 0.038761305 -0.058095315 0.0159375
v 0.03876204 -0.057737085 0.0140625
v 0.03876204 -0.057737085 0.0159375
v 0.038769585 -0.05738292 0.0140625
v 0.038769585 -0.05738292 0.0159375
v 0.03878328 -0.057033255 0.0140625
v 0.03878328 -0.057033255 0.0159375
v 0.038802435 -0.05669247 0.0140625
v 0.038802435 -0.05669247 0.0159375
v 0.038826345 -0.056364915 0.0140625
v 0.038826345 -0.056364915 0.0159375
v 0.038870295 -0.055906305 0.0140625
v 0.038870295 -0.055906305 0.0159375
v 0.038925345 -0.055482765 0.0140625
v 0.038925345 -0.055482765 0.0159375
v 0.038990415 -0.05508432 0.0140625
v 0.038990415 -0.05508432 0.0159375
v 0.039064035 -0.05470215 0.0140625
v 0.039064035 -0.05470215 0.0159375
v 0.039144675 -0.05434257 0.0140625
v 0.039144675 -0.05434257 0.0159375
v 0.039235215 -0.053999715 0.0140625
v 0.039235215 -0.053999715 0.0159375
v 0.039339555 -0.053661375 0.0140625
v 0.039339555 -0.053661375 0.0159375
v 0.039458835 -0.053321325 0.0140625
v 0.039458835 -0.053321325 0.0159375
v 0.039545835 -0.05309697 0.0140625
v 0.039545835 -0.05309697 0.0159375
v 0.03963876 -0.052876965 0.0140625
v 0.03963876 -0.052876965 0.0159375
v 0.03973761 -0.052663485 0.0140625
v 0.03973761 -0.052663485 0.0159375
v 0.03984306 -0.05245719 0.0140625
v 0.03984306 -0.05245719 0.0159375
v 0.03995715 -0.05225415 0.0140625
v 0.03995715 -0.05225415 0.0159375
v 0.040077375 -0.0520569 0.0140625
v 0.040077375 -0.0520569 0.0159375
v 0.040200735 -0.051868905 0.0140625
v 0.040200735 -0.051868905 0.0159375
v 0.040324275 -0.0516936 0.0140625
v 0.040324275 -0.0516936 0.0159375
v 0.040445745 -0.051534 0.0140625
v 0.040445745 -0.051534 0.0159375
v 0.04062762 -0.051321315 0.0140625
v 0.04062762 -0.051321315 0.0159375
v 0.04081323 -0.051131505 0.0140625
v 0.04081323 -0.051131505 0.0159375
v 0.04100682 -0.050954445 0.0140625
v 0.04100682 -0.050954445 0.0159375
v 0.04120566 -0.05079063 0.0140625
v 0.04120566 -0.05079063 0.0159375
v 0.04141191 -0.05064171 0.0140625
v 0.04141191 -0.05064171 0.0159375
v 0.041632515 -0.050504835 0.0140625
v 0.041632515 -0.050504835 0.0159375
v 0.041790495 -0.05041872 0.0140625
v 0.041790495 -0.05041872 0.0159375
v 0.04195644 -0.05033667 0.0140625
v 0.04195644 -0.05033667 0.0159375
v 0.04212867 -0.050260095 0.0140625
v 0.04212867 -0.050260095 0.0159375
v 0.042305535 -0.05019051 0.0140625
v 0.042305535 -0.05019051 0.0159375
v 0.042485355 -0.05012934 0.0140625
v 0.042485355 -0.05012934 0.0159375
v 0.04266708 -0.0500769 0.0140625
v 0.04266708 -0.0500769 0.0159375
v 0.042851715 -0.050031975 0.0140625
v 0.042851715 -0.050031975 0.0159375
v 0.043040385 -0.049994805 0.0140625
v 0.043040385 -0.049994805 0.0159375
v 0.043234215 -0.049965645 0.0140625
v 0.043234215 -0.049965645 0.0159375
v 0.043434315 -0.04994475 0.0140625
v 0.043434315 -0.04994475 0.0159375
v 0.04364088 -0.04993215 0.0140625
v 0.04364088 -0.04993215 0.0159375
v 0.043853085 -0.04992768 0.0140625
v 0.043853085 -0.04992768 0.0159375
v 0.04407093 -0.049931325 0.0140625
v 0.04407093 -0.049931325 0.0159375
v 0.044294415 -0.049943085 0.0140625
v 0.044294415 -0.049943085 0.0159375
v 0.04452354 -0.04996296 0.0140625
v 0.04452354 -0.04996296 0.0159375
v 0.04486173 -0.050004825 0.0140625
v 0.04486173 -0.050004825 0.0159375
v 0.045210045 -0.050057535 0.0140625
v 0.045210045 -0.050057535 0.0159375
v 0.045568485 -0.05012112 0.0140625
v 0.045568485 -0.05012112 0.0159375
v 0.045937095 -0.050195565 0.0140625
v 0.045937095 -0.050195565 0.0159375
v 0.046318455 -0.050281755 0.0140625
v 0.046318455 -0.050281755 0.0159375
v 0.04671363 -0.050380005 0.0140625
v 0.04671363 -0.050380005 0.0159375
v 0.047115885 -0.050488125 0.0140625
v 0.047115885 -0.050488125 0.0159375
v 0.047518425 -0.05060385 0.0140625
v 0.047518425 -0.05060385 0.0159375
v 0.04791816 -0.0507267 0.0140625
v 0.04791816 -0.0507267 0.0159375
v 0.04832127 -0.05085954 0.0140625
v 0.04832127 -0.05085954 0.0159375
v 0.048723645 -0.050999055 0.0140625
v 0.048723645 -0.050999055 0.0159375
v 0.049120215 -0.05114148 0.0140625
v 0.049120215 -0.05114148 0.0159375
v 0.049507275 -0.051284235 0.0140625
v 0.049507275 -0.051284235 0.0159375
v 0.049888755 -0.051431055 0.0140625
v 0.049888755 -0.051431055 0.0159375
v 0.050263635 -0.05158002 0.0140625
v 0.050263635 -0.05158002 0.0159375
v 0.050629665 -0.05172804 0.0140625
v 0.050629665 -0.05172804 0.0159375
v 0.05098473 -0.051872355 0.0140625
v 0.05098473 -0.051872355 0.0159375
v 0.05132898 -0.052014855 0.0140625
v 0.05132898 -0.052014855 0.0159375
v 0.051663705 -0.052155615 0.0140625
v 0.051663705 -0.052155615 0.0159375
v 0.05199 -0.05229351 0.0140625
v 0.05199 -0.05229351 0.0159375
v 0.0523089 -0.05242743 0.0140625
v 0.0523089 -0.05242743 0.0159375
v 0.05261955 -0.052557885 0.0140625
v 0.05261955 -0.052557885 0.0159375
v 0.05292201 -0.0526851 0.0140625
v 0.05292201 -0.0526851 0.0159375
v 0.05321739 -0.05280849 0.0140625
v 0.05321739 -0.05280849 0.0159375
v 0.053506815 -0.052927545 0.0140625
v 0.053506815 -0.052927545 0.0159375
v 0.05379021 -0.053042415 0.0140625
v 0.05379021 -0.053042415 0.0159375
v 0.05406705 -0.053153355 0.0140625
v 0.05406705 -0.053153355 0.0159375
v 0.054470955 -0.05331126 0.0140625
v 0.054470955 -0.05331126 0.0159375
v 0.05486202 -0.05345784 0.0140625
v 0.05486202 -0.05345784 0.0159375
v 0.055239615 -0.05359362 0.0140625
v 0.055239615 -0.05359362 0.0159375
v 0.05560542 -0.053718045 0.0140625
v 0.05560542 -0.053718045 0.0159375
v 0.055960575 -0.05383077 0.0140625
v 0.055960575 -0.05383077 0.0159375
v 0.056304495 -0.053932005 0.0140625
v 0.056304495 -0.053932005 0.0159375
v 0.05663793 -0.05402109 0.0140625
v 0.05663793 -0.05402109 0.0159375
v 0.05696163 -0.05409792 0.0140625
v 0.05696163 -0.05409792 0.0159375
v 0.0572748 -0.05416254 0.0140625
v 0.0572748 -0.05416254 0.0159375
v 0.057575955 -0.054214605 0.0140625
v 0.057575955 -0.054214605 0.0159375
v 0.057864555 -0.054253785 0.0140625
v 0.057864555 -0.054253785 0.0159375
v 0.058141755 -0.05428074 0.0140625
v 0.058141755 -0.05428074 0.0159375
v 0.058408425 -0.05429628 0.0140625
v 0.058408425 -0.05429628 0.0159375
v 0.058663245 -0.054300165 0.0140625
v 0.058663245 -0.054300165 0.0159375
v 0.05891004 -0.05429259 0.0140625
v 0.05891004 -0.05429259 0.0159375
v 0.059151225 -0.054274185 0.0140625
v 0.059151225 -0.054274185 0.0159375
v 0.05938512 -0.054244965 0.0140625
v 0.05938512 -0.054244965 0.0159375
v 0.05961825 -0.054202485 0.0140625
v 0.05961825 -0.054202485 0.0159375
v 0.05985285 -0.054146055 0.0140625
v 0.05985285 -0.054146055 0.0159375
v 0.060087885 -0.054075945 0.0140625
v 0.060087885 -0.054075945 0.0159375
v 0.06032916 -0.053989635 0.0140625
v 0.06032916 -0.053989635 0.0159375
v 0.060577575 -0.053885715 0.0140625
v 0.060577575 -0.053885715 0.0159375
v 0.06083226 -0.053766165 0.0140625
v 0.06083226 -0.053766165 0.0159375
v 0.061094415 -0.053633175 0.0140625
v 0.061094415 -0.053633175 0.0159375
v 0.0613641 -0.053484825 0.0140625
v 0.0613641 -0.053484825 0.0159375
v 0.06164079 -0.0533253 0.0140625
v 0.06164079 -0.0533253 0.0159375
v 0.06192402 -0.053159175 0.0140625
v 0.06192402 -0.053159175 0.0159375
v 0.06221388 -0.052984245 0.0140625
v 0.06221388 -0.052984245 0.0159375
v 0.06251064 -0.05280453 0.0140625
v 0.06251064 -0.05280453 0.0159375
v 0.06281454 -0.05262324 0.0140625
v 0.06281454 -0.05262324 0.0159375
v 0.063125445 -0.05243877 0.0140625
v 0.063125445 -0.05243877 0.0159375
v 0.06344337 -0.052251 0.0140625
v 0.06344337 -0.052251 0.0159375
v 0.0636246 -0.052135905 0.0140625
v 0.063631605 -0.05213061 0.0159375
v 0.06378693 -0.051982845 0.0140625
v 0.06379626 -0.051971325 0.0159375
v 0.06390966 -0.05178405 0.0140625
v 0.063914145 -0.05177418 0.0159375
v 0.06398943 -0.051562815 0.0140625
v 0.06398943 -0.051562815 0.0159375
v 0.06432582 -0.050336475 0.0140625
v 0.06432582 -0.050336475 0.0159375
v 0.06459168 -0.049096905 0.0140625
v 0.06459168 -0.049096905 0.0159375
v 0.06461139 -0.04898664 0.0140625
v 0.064612005 -0.048983145 0.0159375
v 0.0646299 -0.04886307 0.0140625
v 0.064630785 -0.04885608 0.0159375
v 0.06464229 -0.04872507 0.0140625
v 0.06464268 -0.0487146 0.0159375
v 0.064641675 -0.04856835 0.0140625
v 0.06464076 -0.048553485 0.0159375
v 0.06461736 -0.04838952 0.0140625
v 0.06461262 -0.04836798 0.0159375
v 0.064554225 -0.048189015 0.0140625
v 0.06454077 -0.04815966 0.0159375
v 0.06443547 -0.04798326 0.0140625
v 0.064405515 -0.04794684 0.0159375
v 0.064252365 -0.04780893 0.0140625
v 0.064311375 -0.047853705 0.0159375
v 0.06420054 -0.047775945 0.0159375
v 0.06402297 -0.047693715 0.0140625
v 0.06397323 -0.04767723 0.0159375
v 0.063797565 -0.047641275 0.0140625
v 0.063766155 -0.04763778 0.0159375
v 0.063599385 -0.04763382 0.0140625
v 0.06358107 -0.047634945 0.0159375
v 0.06342819 -0.04765113 0.0140625
v 0.0634185 -0.04765263 0.0159375
v 0.06327867 -0.047678805 0.0140625
v 0.063274845 -0.047679585 0.0159375
v 0.063146445 -0.0477081 0.0140625
v 0.063146445 -0.0477081 0.0159375
v 0.06239745 -0.047870025 0.0140625
v 0.06239745 -0.047870025 0.0159375
v 0.061685205 -0.04801554 0.0140625
v 0.061685205 -0.04801554 0.0159375
v 0.06100971 -0.04814463 0.0140625
v 0.06100971 -0.04814463 0.0159375
v 0.060375375 -0.048256215 0.0140625
v 0.060375375 -0.048256215 0.0159375
v 0.059784495 -0.048349755 0.0140625
v 0.059784495 -0.048349755 0.0159375
v 0.05921787 -0.048429915 0.0140625
v 0.05921787 -0.048429915 0.0159375
v 0.058659165 -0.04850106 0.0140625
v 0.058659165 -0.04850106 0.0159375
v 0.058120305 -0.048561735 0.0140625
v 0.058120305 -0.048561735 0.0159375
v 0.0575901 -0.04861155 0.0140625
v 0.0575901 -0.04861155 0.0159375
v 0.057050625 -0.04865097 0.0140625
v 0.057050625 -0.04865097 0.0159375
v 0.056493165 -0.048681135 0.0140625
v 0.056493165 -0.048681135 0.0159375
v 0.055931505 -0.048700665 0.0140625
v 0.055931505 -0.048700665 0.0159375
v 0.055563135 -0.048706515 0.0140625
v 0.055563135 -0.048706515 0.0159375
v 0.055204905 -0.048705765 0.0140625
v 0.055204905 -0.048705765 0.0159375
v 0.05485074 -0.048698235 0.0140625
v 0.05485074 -0.048698235 0.0159375
v 0.054501075 -0.04868454 0.0140625
v 0.054501075 -0.04868454 0.0159375
v 0.05416029 -0.048665385 0.0140625
v 0.05416029 -0.048665385 0.0159375
v 0.053832735 -0.048641475 0.0140625
v 0.053832735 -0.048641475 0.0159375
v 0.053374125 -0.04859751 0.0140625
v 0.053374125 -0.04859751 0.0159375
v 0.05295057 -0.048542475 0.0140625
v 0.05295057 -0.048542475 0.0159375
v 0.05255214 -0.048477405 0.0140625
v 0.05255214 -0.048477405 0.0159375
v 0.05216997 -0.048403785 0.0140625
v 0.05216997 -0.048403785 0.0159375
v 0.05181039 -0.048323145 0.0140625
v 0.05181039 -0.048323145 0.0159375
v 0.051467535 -0.048232605 0.0140625
v 0.051467535 -0.048232605 0.0159375
v 0.051129195 -0.048128265 0.0140625
v 0.051129195 -0.048128265 0.0159375
v 0.050789145 -0.04800897 0.0140625
v 0.050789145 -0.04800897 0.0159375
v 0.05056479 -0.047921985 0.0140625
v 0.05056479 -0.047921985 0.0159375
v 0.050344785 -0.04782906 0.0140625
v 0.050344785 -0.04782906 0.0159375
v 0.050131305 -0.04773021 0.0140625
v 0.050131305 -0.04773021 0.0159375
v 0.04992501 -0.04762476 0.0140625
v 0.04992501 -0.04762476 0.0159375
v 0.04972197 -0.04751067 0.0140625
v 0.04972197 -0.04751067 0.0159375
v 0.04952472 -0.047390445 0.0140625
v 0.04952472 -0.047390445 0.0159375
v 0.049336725 -0.047267085 0.0140625
v 0.049336725 -0.047267085 0.0159375
v 0.04916142 -0.047143545 0.0140625
v 0.04916142 -0.047143545 0.0159375
v 0.04900182 -0.047022075 0.0140625
v 0.04900182 -0.047022075 0.0159375
v 0.04878912 -0.0468402 0.0140625
v 0.04878912 -0.0468402 0.0159375
v 0.048599325 -0.04665459 0.0140625
v 0.048599325 -0.04665459 0.0159375
v 0.048422265 -0.046461 0.0140625
v 0.048422265 -0.046461 0.0159375
v 0.04825845 -0.04626216 0.0140625
v 0.04825845 -0.04626216 0.0159375
v 0.04810953 -0.04605591 0.0140625
v 0.04810953 -0.04605591 0.0159375
v 0.047972655 -0.045835305 0.0140625
v 0.047972655 -0.045835305 0.0159375
v 0.04788654 -0.045677325 0.0140625
v 0.04788654 -0.045677325 0.0159375
v 0.047804475 -0.04551138 0.0140625
v 0.047804475 -0.04551138 0.0159375
v 0.047727915 -0.04533915 0.0140625
v 0.047727915 -0.04533915 0.0159375
v 0.04765833 -0.045162285 0.0140625
v 0.04765833 -0.045162285 0.0159375
v 0.04759716 -0.044982465 0.0140625
v 0.04759716 -0.044982465 0.0159375
v 0.04754472 -0.044800725 0.0140625
v 0.04754472 -0.044800725 0.0159375
v 0.047499795 -0.04461609 0.0140625
v 0.047499795 -0.04461609 0.0159375
v 0.047462625 -0.044427435 0.0140625
v 0.047462625 -0.044427435 0.0159375
v 0.047433465 -0.044233605 0.0140625
v 0.047433465 -0.044233605 0.0159375
v 0.04741257 -0.044033505 0.0140625
v 0.04741257 -0.044033505 0.0159375
v 0.04739997 -0.04382694 0.0140625
v 0.04739997 -0.04382694 0.0159375
v 0.0473955 -0.043614735 0.0140625
v 0.0473955 -0.043614735 0.0159375
v 0.047399145 -0.043396875 0.0140625
v 0.047399145 -0.043396875 0.0159375
v 0.047410905 -0.043173405 0.0140625
v 0.047410905 -0.043173405 0.0159375
v 0.04743078 -0.04294428 0.0140625
v 0.04743078 -0.04294428 0.0159375
v 0.047472645 -0.04260609 0.0140625
v 0.047472645 -0.04260609 0.0159375
v 0.047525355 -0.042257775 0.0140625
v 0.047525355 -0.042257775 0.0159375
v 0.04758894 -0.04189932 0.0140625
v 0.04758894 -0.04189932 0.0159375
v 0.047663385 -0.041530725 0.0140625
v 0.047663385 -0.041530725 0.0159375
v 0.047749575 -0.041149365 0.0140625
v 0.047749575 -0.041149365 0.0159375
v 0.047847825 -0.04075419 0.0140625
v 0.047847825 -0.04075419 0.0159375
v 0.047955945 -0.040351935 0.0140625
v 0.047955945 -0.040351935 0.0159375
v 0.04807167 -0.039949395 0.0140625
v 0.04807167 -0.039949395 0.0159375
v 0.04819452 -0.03954966 0.0140625
v 0.04819452 -0.03954966 0.0159375
v 0.04832736 -0.039146535 0.0140625
v 0.04832736 -0.039146535 0.0159375
v 0.048466875 -0.038744175 0.0140625
v 0.048466875 -0.038744175 0.0159375
v 0.0486093 -0.038347605 0.0140625
v 0.0486093 -0.038347605 0.0159375
v 0.048752055 -0.037960545 0.0140625
v 0.048752055 -0.037960545 0.0159375
v 0.048898875 -0.037579065 0.0140625
v 0.048898875 -0.037579065 0.0159375
v 0.04904784 -0.037204185 0.0140625
v 0.04904784 -0.037204185 0.0159375
v 0.04919586 -0.036838155 0.0140625
v 0.04919586 -0.036838155 0.0159375
v 0.049340175 -0.03648309 0.0140625
v 0.049340175 -0.03648309 0.0159375
v 0.049482675 -0.03613884 0.0140625
v 0.049482675 -0.03613884 0.0159375
v 0.049623435 -0.035804115 0.0140625
v 0.049623435 -0.035804115 0.0159375
v 0.04976133 -0.03547782 0.0140625
v 0.04976133 -0.03547782 0.0159375
v 0.04989525 -0.03515892 0.0140625
v 0.04989525 -0.03515892 0.0159375
v 0.050025705 -0.03484827 0.0140625
v 0.050025705 -0.03484827 0.0159375
v 0.05015292 -0.03454581 0.0140625
v 0.05015292 -0.03454581 0.0159375
v 0.05027631 -0.03425043 0.0140625
v 0.05027631 -0.03425043 0.0159375
v 0.050395365 -0.033961005 0.0140625
v 0.050395365 -0.033961005 0.0159375
v 0.050510235 -0.03367761 0.0140625
v 0.050510235 -0.03367761 0.0159375
v 0.050621175 -0.033400755 0.0140625
v 0.050621175 -0.033400755 0.0159375
v 0.05077908 -0.032996865 0.0140625
v 0.05077908 -0.032996865 0.0159375
v 0.05092566 -0.0326058 0.0140625
v 0.05092566 -0.0326058 0.0159375
v 0.05106144 -0.032228205 0.0140625
v 0.05106144 -0.032228205 0.0159375
v 0.051185865 -0.031862385 0.0140625
v 0.051185865 -0.031862385 0.0159375
v 0.05129859 -0.03150723 0.0140625
v 0.05129859 -0.03150723 0.0159375
v 0.051399825 -0.031163325 0.0140625
v 0.051399825 -0.031163325 0.0159375
v 0.05148891 -0.03082989 0.0140625
v 0.05148891 -0.03082989 0.0159375
v 0.05156574 -0.03050619 0.0140625
v 0.05156574 -0.03050619 0.0159375
v 0.05163036 -0.03019302 0.0140625
v 0.05163036 -0.03019302 0.0159375
v 0.051682425 -0.029891865 0.0140625
v 0.051682425 -0.029891865 0.0159375
v 0.051721605 -0.029603265 0.0140625
v 0.051721605 -0.029603265 0.0159375
v 0.05174856 -0.029326065 0.0140625
v 0.05174856 -0.029326065 0.0159375
v 0.051764085 -0.029059395 0.0140625
v 0.051764085 -0.029059395 0.0159375
v 0.051767985 -0.028804575 0.0140625
v 0.051767985 -0.028804575 0.0159375
v 0.05176041 -0.02855778 0.0140625
v 0.05176041 -0.02855778 0.0159375
v 0.051742005 -0.02831658 0.0140625
v 0.051742005 -0.02831658 0.0159375
v 0.051712785 -0.0280827 0.0140625
v 0.051712785 -0.0280827 0.0159375
v 0.051670305 -0.02784957 0.0140625
v 0.051670305 -0.02784957 0.0159375
v 0.051613875 -0.02761497 0.0140625
v 0.051613875 -0.02761497 0.0159375
v 0.051543765 -0.027379935 0.0140625
v 0.051543765 -0.027379935 0.0159375
v 0.051457455 -0.02713866 0.0140625
v 0.051457455 -0.02713866 0.0159375
v 0.05135352 -0.026890245 0.0140625
v 0.05135352 -0.026890245 0.0159375
v 0.051233985 -0.02663556 0.0140625
v 0.051233985 -0.02663556 0.0159375
v 0.051100995 -0.026373405 0.0140625
v 0.051100995 -0.026373405 0.0159375
v 0.05095263 -0.026103705 0.0140625
v 0.05095263 -0.026103705 0.0159375
v 0.05079312 -0.02582703 0.0140625
v 0.05079312 -0.02582703 0.0159375
v 0.050626995 -0.0255438 0.0140625
v 0.050626995 -0.0255438 0.0159375
v 0.050452065 -0.025253955 0.0140625
v 0.050452065 -0.025253955 0.0159375
v 0.05027235 -0.02495718 0.0140625
v 0.05027235 -0.02495718 0.0159375
v 0.05009106 -0.02465328 0.0140625
v 0.05009106 -0.02465328 0.0159375
v 0.04990659 -0.024342375 0.0140625
v 0.04990659 -0.024342375 0.0159375
v 0.04971882 -0.02402445 0.0140625
v 0.04971882 -0.02402445 0.0159375
v 0.04960017 -0.02383938 0.0140625
v 0.049598985 -0.02383779 0.0159375
v 0.049522005 -0.0237468 0.0140625
v 0.049520805 -0.02374557 0.0159375
v 0.049431285 -0.0236664 0.0140625
v 0.04943046 -0.02366571 0.0159375
v 0.04922691 -0.02354751 0.0140625
v 0.049227285 -0.023547645 0.0159375
v 0.049030635 -0.02347839 0.0140625
v 0.049030635 -0.02347839 0.0159375
v 0.04780476 -0.02314212 0.0140625
v 0.04780476 -0.02314212 0.0159375
v 0.046564725 -0.02287614 0.0140625
v 0.046564725 -0.02287614 0.0159375
v 0.046448355 -0.022855395 0.0140625
v 0.046450485 -0.022855755 0.0159375
v 0.046323195 -0.02283696 0.0159375
v 0.04631724 -0.02283624 0.0140625
v 0.04618158 -0.02282499 0.0159375
v 0.04617108 -0.02282457 0.0140625
v 0.046019865 -0.022827255 0.0159375
v 0.046004505 -0.022828485 0.0140625
v 0.045833385 -0.022855875 0.0159375
v 0.045813255 -0.022860915 0.0140625
v 0.04562283 -0.02292873 0.0159375
v 0.04560003 -0.02293986 0.0140625
v 0.04541034 -0.023065515 0.0159375
v 0.045394395 -0.02307975 0.0140625
v 0.045317385 -0.0231624 0.0159375
v 0.045235875 -0.023280165 0.0140625
v 0.0452412 -0.02327088 0.0159375
v 0.045144225 -0.023498145 0.0159375
v 0.045141675 -0.023507565 0.0140625
v 0.045105345 -0.023704995 0.0159375
v 0.04510425 -0.02371821 0.0140625
v 0.045102735 -0.02388903 0.0159375
v 0.04510341 -0.023900025 0.0140625
v 0.04512066 -0.02405067 0.0159375
v 0.045121695 -0.02405709 0.0140625
v 0.04514814 -0.02419635 0.0140625
v 0.04754472 -0.044800725 0.0159375
v 0.04359519 -0.0446874 0.0159375
v 0.043639695 -0.045 0.0159375
v 0.047499795 -0.04461609 0.0159375
v 0.04759716 -0.044982465 0.0159375
v 0.04765833 -0.045162285 0.0159375
v 0.04359519 -0.0453126 0.0159375
v 0.047727915 -0.04533915 0.0159375
v 0.04348269 -0.045585945 0.0159375
v 0.047804475 -0.04551138 0.0159375
v 0.04788654 -0.045677325 0.0159375
v 0.04329504 -0.04582722 0.0159375
v 0.047972655 -0.045835305 0.0159375
v 0.04305375 -0.04601487 0.0159375
v 0.04810953 -0.04605591 0.0159375
v 0.042770595 -0.046129995 0.0159375
v 0.04246782 -0.046171875 0.0159375
v 0.04825845 -0.04626216 0.0159375
v 0.037535655 -0.04617306 0.0159375
v 0.03754014 -0.046385265 0.0159375
v 0.04216503 -0.046129995 0.0159375
v 0.041881875 -0.04601487 0.0159375
v 0.03752307 -0.045966495 0.0159375
v 0.0416406 -0.04582722 0.0159375
v 0.037502175 -0.045766395 0.0159375
v 0.04145295 -0.045585945 0.0159375
v 0.037473015 -0.045572565 0.0159375
v 0.04134045 -0.0453126 0.0159375
v 0.037435845 -0.04538391 0.0159375
v 0.03739092 -0.045199275 0.0159375
v 0.041295945 -0.045 0.0159375
v 0.03733848 -0.045017535 0.0159375
v 0.03727731 -0.044837715 0.0159375
v 0.04134045 -0.0446874 0.0159375
v 0.03720771 -0.04466085 0.0159375
v 0.04145295 -0.04441407 0.0159375
v 0.03713115 -0.04448862 0.0159375
v 0.0370491 -0.044322675 0.0159375
v 0.0416406 -0.04417278 0.0159375
v 0.036962985 -0.044164695 0.0159375
v 0.041881875 -0.04398513 0.0159375
v 0.03682611 -0.04394409 0.0159375
v 0.04216503 -0.043870005 0.0159375
v 0.04246782 -0.043828125 0.0159375
v 0.03667719 -0.04373784 0.0159375
v 0.04739997 -0.04382694 0.0159375
v 0.042770595 -0.043870005 0.0159375
v 0.0473955 -0.043614735 0.0159375
v 0.036513375 -0.043539 0.0159375
v 0.047399145 -0.043396875 0.0159375
v 0.036336315 -0.04334541 0.0159375
v 0.047410905 -0.043173405 0.0159375
v 0.036146505 -0.0431598 0.0159375
v 0.04743078 -0.04294428 0.0159375
v 0.03593382 -0.042977925 0.0159375
v 0.03577422 -0.042856455 0.0159375
v 0.047472645 -0.04260609 0.0159375
v 0.035598915 -0.042732915 0.0159375
v 0.03541092 -0.042609555 0.0159375
v 0.03521367 -0.04248933 0.0159375
v 0.047525355 -0.042257775 0.0159375
v 0.03501063 -0.04237524 0.0159375
v 0.034804335 -0.04226979 0.0159375
v 0.034590855 -0.04217094 0.0159375
v 0.04758894 -0.04189932 0.0159375
v 0.03437085 -0.042078015 0.0159375
v 0.034146495 -0.04199103 0.0159375
v 0.033806445 -0.041871735 0.0159375
v 0.047663385 -0.041530725 0.0159375
v 0.033468105 -0.041767395 0.0159375
v 0.03312525 -0.041676855 0.0159375
v 0.03276567 -0.041596215 0.0159375
v 0.0323835 -0.041522595 0.0159375
v 0.047749575 -0.041149365 0.0159375
v 0.031985055 -0.041457525 0.0159375
v 0.031561515 -0.04140249 0.0159375
v 0.031102905 -0.041358525 0.0159375
v 0.03077535 -0.041334615 0.0159375
v 0.030434565 -0.04131546 0.0159375
v 0.0300849 -0.041301765 0.0159375
v 0.029730735 -0.041294235 0.0159375
v 0.029372505 -0.041293485 0.0159375
v 0.02029275 -0.041287635 0.0159375
v 0.029004135 -0.041299335 0.0159375
v 0.020304825 -0.041144325 0.0159375
v 0.047847825 -0.04075419 0.0159375
v 0.020323665 -0.041016765 0.0159375
v 0.02034396 -0.040903095 0.0159375
v 0.047955945 -0.040351935 0.0159375
v 0.04108254 -0.04007232 0.0159375
v 0.040864695 -0.040068675 0.0159375
v 0.04807167 -0.039949395 0.0159375
v 0.04129476 -0.04006785 0.0159375
v 0.041501325 -0.04005525 0.0159375
v 0.041701425 -0.040034355 0.0159375
v 0.04189524 -0.040005195 0.0159375
v 0.04208391 -0.039968025 0.0159375
v 0.042268545 -0.0399231 0.0159375
v 0.04819452 -0.03954966 0.0159375
v 0.042450285 -0.03987066 0.0159375
v 0.042630105 -0.03980949 0.0159375
v 0.04280697 -0.039739905 0.0159375
v 0.0429792 -0.03966333 0.0159375
v 0.043145145 -0.03958128 0.0159375
v 0.043303125 -0.039495165 0.0159375
v 0.04832736 -0.039146535 0.0159375
v 0.04352373 -0.03935829 0.0159375
v 0.04372998 -0.03920937 0.0159375
v 0.04392882 -0.039045555 0.0159375
v 0.048466875 -0.038744175 0.0159375
v 0.04412241 -0.038868495 0.0159375
v 0.04430802 -0.038678685 0.0159375
v 0.0486093 -0.038347605 0.0159375
v 0.044489895 -0.038466 0.0159375
v 0.044611365 -0.0383064 0.0159375
v 0.048752055 -0.037960545 0.0159375
v 0.044734905 -0.038131095 0.0159375
v 0.044858265 -0.0379431 0.0159375
v 0.048898875 -0.037579065 0.0159375
v 0.04497849 -0.03774585 0.0159375
v 0.04509258 -0.03754281 0.0159375
v 0.04904784 -0.037204185 0.0159375
v 0.04519803 -0.037336515 0.0159375
v 0.04529688 -0.037123035 0.0159375
v 0.04919586 -0.036838155 0.0159375
v 0.045389805 -0.03690303 0.0159375
v 0.04547679 -0.036678675 0.0159375
v 0.049340175 -0.03648309 0.0159375
v 0.04559607 -0.036338625 0.0159375
v 0.049482675 -0.03613884 0.0159375
v 0.045700425 -0.036000285 0.0159375
v 0.049623435 -0.035804115 0.0159375
v 0.045790965 -0.03565743 0.0159375
v 0.04976133 -0.03547782 0.0159375
v 0.045871605 -0.03529785 0.0159375
v 0.04989525 -0.03515892 0.0159375
v 0.045945225 -0.03491568 0.0159375
v 0.050025705 -0.03484827 0.0159375
v 0.05015292 -0.03454581 0.0159375
v 0.046010295 -0.034517235 0.0159375
v 0.05027631 -0.03425043 0.0159375
v 0.04606533 -0.034093695 0.0159375
v 0.050395365 -0.033961005 0.0159375
v 0.050510235 -0.03367761 0.0159375
v 0.046109295 -0.033635085 0.0159375
v 0.050621175 -0.033400755 0.0159375
v 0.046133205 -0.03330753 0.0159375
v 0.05077908 -0.032996865 0.0159375
v 0.04615236 -0.032966745 0.0159375
v 0.05092566 -0.0326058 0.0159375
v 0.046166055 -0.03261708 0.0159375
v 0.046173585 -0.032262915 0.0159375
v 0.05106144 -0.032228205 0.0159375
v 0.046174335 -0.031904685 0.0159375
v 0.051185865 -0.031862385 0.0159375
v 0.046168485 -0.031536315 0.0159375
v 0.05129859 -0.03150723 0.0159375
v 0.051399825 -0.031163325 0.0159375
v 0.046148955 -0.03097464 0.0159375
v 0.05148891 -0.03082989 0.0159375
v 0.05156574 -0.03050619 0.0159375
v 0.04611879 -0.030417195 0.0159375
v 0.05163036 -0.03019302 0.0159375
v 0.051682425 -0.029891865 0.0159375
v 0.04607937 -0.02987772 0.0159375
v 0.051721605 -0.029603265 0.0159375
v 0.046029555 -0.029347515 0.0159375
v 0.05174856 -0.029326065 0.0159375
v 0.051764085 -0.029059395 0.0159375
v 0.04927053 -0.0290439 0.0159375
v 0.051767985 -0.028804575 0.0159375
v 0.049092735 -0.02901021 0.0159375
v 0.048938415 -0.028906305 0.0159375
v 0.04596888 -0.028808655 0.0159375
v 0.04884075 -0.028761345 0.0159375
v 0.04880178 -0.028576815 0.0159375
v 0.04884075 -0.028392285 0.0159375
v 0.045897735 -0.02824995 0.0159375
v 0.048938415 -0.028247325 0.0159375
v 0.049092735 -0.02814342 0.0159375
v 0.04927053 -0.028109715 0.0159375
v 0.051670305 -0.02784957 0.0159375
v 0.051712785 -0.0280827 0.0159375
v 0.04581756 -0.027683325 0.0159375
v 0.051613875 -0.02761497 0.0159375
v 0.051543765 -0.027379935 0.0159375
v 0.051457455 -0.02713866 0.0159375
v 0.045724035 -0.027092445 0.0159375
v 0.05135352 -0.026890245 0.0159375
v 0.051233985 -0.02663556 0.0159375
v 0.04561245 -0.02645811 0.0159375
v 0.051100995 -0.026373405 0.0159375
v 0.05095263 -0.026103705 0.0159375
v 0.05079312 -0.02582703 0.0159375
v 0.04548336 -0.025782615 0.0159375
v 0.050626995 -0.0255438 0.0159375
v 0.050452065 -0.025253955 0.0159375
v 0.045337845 -0.02507037 0.0159375
v 0.05027235 -0.02495718 0.0159375
v 0.05009106 -0.02465328 0.0159375
v 0.04990659 -0.024342375 0.0159375
v 0.04517592 -0.024321375 0.0159375
v 0.04971882 -0.02402445 0.0159375
v 0.045147525 -0.02419341 0.0159375
v 0.04512066 -0.02405067 0.0159375
v 0.045102735 -0.02388903 0.0159375
v 0.049598985 -0.02383779 0.0159375
v 0.049520805 -0.02374557 0.0159375
v 0.045105345 -0.023704995 0.0159375
v 0.04943046 -0.02366571 0.0159375
v 0.049227285 -0.023547645 0.0159375
v 0.045144225 -0.023498145 0.0159375
v 0.049030635 -0.02347839 0.0159375
v 0.0452412 -0.02327088 0.0159375
v 0.04780476 -0.02314212 0.0159375
v 0.045317385 -0.0231624 0.0159375
v 0.04541034 -0.023065515 0.0159375
v 0.046564725 -0.02287614 0.0159375
v 0.04562283 -0.02292873 0.0159375
v 0.045833385 -0.022855875 0.0159375
v 0.046450485 -0.022855755 0.0159375
v 0.046323195 -0.02283696 0.0159375
v 0.046019865 -0.022827255 0.0159375
v 0.04618158 -0.02282499 0.0159375
v 0.04944831 -0.02814342 0.0159375
v 0.049602645 -0.028247325 0.0159375
v 0.051742005 -0.02831658 0.0159375
v 0.049700295 -0.028392285 0.0159375
v 0.05176041 -0.02855778 0.0159375
v 0.04973928 -0.028576815 0.0159375
v 0.049700295 -0.028761345 0.0159375
v 0.049602645 -0.028906305 0.0159375
v 0.04944831 -0.02901021 0.0159375
v 0.04064121 -0.040056915 0.0159375
v 0.040412085 -0.04003704 0.0159375
v 0.04007391 -0.039995175 0.0159375
v 0.039725595 -0.039942465 0.0159375
v 0.03936714 -0.03987888 0.0159375
v 0.038998545 -0.039804435 0.0159375
v 0.038617185 -0.039718245 0.0159375
v 0.02060982 -0.039663525 0.0159375
v 0.03822201 -0.039619995 0.0159375
v 0.037819755 -0.039511875 0.0159375
v 0.037417215 -0.03939615 0.0159375
v 0.03701748 -0.0392733 0.0159375
v 0.036614355 -0.03914046 0.0159375
v 0.036211995 -0.039000945 0.0159375
v 0.035815425 -0.03885852 0.0159375
v 0.035428365 -0.038715765 0.0159375
v 0.026044635 -0.03866439 0.0159375
v 0.035046885 -0.038568945 0.0159375
v 0.02586684 -0.038630685 0.0159375
v 0.02571252 -0.03852678 0.0159375
v 0.02094621 -0.038437185 0.0159375
v 0.025614855 -0.038381835 0.0159375
v 0.02100756 -0.03825801 0.0159375
v 0.025575885 -0.03819729 0.0159375
v 0.02111079 -0.038067045 0.0159375
v 0.025614855 -0.03801276 0.0159375
v 0.021188145 -0.03797292 0.0159375
v 0.02571252 -0.0378678 0.0159375
v 0.02128194 -0.03788712 0.0159375
v 0.02138541 -0.037812015 0.0159375
v 0.02586684 -0.03776391 0.0159375
v 0.02149227 -0.037749 0.0159375
v 0.026044635 -0.037730205 0.0159375
v 0.03262674 -0.03757257 0.0159375
v 0.021810195 -0.03756123 0.0159375
v 0.03294564 -0.03770649 0.0159375
v 0.026222415 -0.03776391 0.0159375
v 0.033271935 -0.037844385 0.0159375
v 0.02637675 -0.0378678 0.0159375
v 0.03360666 -0.037985145 0.0159375
v 0.0264744 -0.03801276 0.0159375
v 0.03395091 -0.038127645 0.0159375
v 0.026513385 -0.03819729 0.0159375
v 0.034305975 -0.03827196 0.0159375
v 0.0264744 -0.038381835 0.0159375
v 0.034672005 -0.03841998 0.0159375
v 0.02637675 -0.03852678 0.0159375
v 0.026222415 -0.038630685 0.0159375
v 0.03231609 -0.037442115 0.0159375
v 0.0221211 -0.03737676 0.0159375
v 0.03201363 -0.0373149 0.0159375
v 0.022425 -0.03719547 0.0159375
v 0.03171825 -0.03719151 0.0159375
v 0.031428825 -0.037072455 0.0159375
v 0.02272176 -0.037015755 0.0159375
v 0.03114543 -0.036957585 0.0159375
v 0.030868575 -0.036846645 0.0159375
v 0.02301162 -0.036840825 0.0159375
v 0.030464685 -0.03668874 0.0159375
v 0.02329485 -0.0366747 0.0159375
v 0.03007362 -0.03654216 0.0159375
v 0.023571525 -0.036515175 0.0159375
v 0.029696025 -0.03640638 0.0159375
v 0.023841225 -0.036366825 0.0159375
v 0.029330205 -0.036281955 0.0159375
v 0.02410338 -0.036233835 0.0159375
v 0.02897505 -0.03616923 0.0159375
v 0.024358065 -0.036114285 0.0159375
v 0.028631145 -0.036067995 0.0159375
v 0.02460648 -0.036010365 0.0159375
v 0.02829771 -0.03597891 0.0159375
v 0.024847755 -0.035924055 0.0159375
v 0.02797401 -0.03590208 0.0159375
v 0.02508279 -0.035853945 0.0159375
v 0.02766084 -0.03583746 0.0159375
v 0.02531739 -0.035797515 0.0159375
v 0.027359685 -0.035785395 0.0159375
v 0.02555052 -0.035755035 0.0159375
v 0.027071085 -0.035746215 0.0159375
v 0.0257844 -0.035725815 0.0159375
v 0.026793885 -0.03571926 0.0159375
v 0.0260256 -0.03570741 0.0159375
v 0.0265272 -0.03570372 0.0159375
v 0.026272395 -0.035699835 0.0159375
v 0.020295285 -0.041450895 0.0159375
v 0.02844246 -0.041318865 0.0159375
v 0.027885015 -0.04134903 0.0159375
v 0.027345525 -0.04138845 0.0159375
v 0.02681532 -0.041438265 0.0159375
v 0.026276475 -0.04149894 0.0159375
v 0.02032416 -0.04163649 0.0159375
v 0.02571777 -0.041570085 0.0159375
v 0.025151145 -0.041650245 0.0159375
v 0.02039688 -0.04184574 0.0159375
v 0.024560265 -0.041743785 0.0159375
v 0.02392593 -0.04185537 0.0159375
v 0.02053452 -0.04205883 0.0159375
v 0.023250435 -0.04198446 0.0159375
v 0.02253819 -0.042129975 0.0159375
v 0.0206319 -0.042151785 0.0159375
v 0.020740605 -0.042227745 0.0159375
v 0.021789195 -0.0422919 0.0159375
v 0.020967495 -0.042324045 0.0159375
v 0.02166144 -0.042320265 0.0159375
v 0.02151894 -0.042347085 0.0159375
v 0.02117391 -0.04236258 0.0159375
v 0.0213576 -0.04236504 0.0159375
v 0.04305375 -0.04398513 0.0159375
v 0.04741257 -0.044033505 0.0159375
v 0.04329504 -0.04417278 0.0159375
v 0.047433465 -0.044233605 0.0159375
v 0.04348269 -0.04441407 0.0159375
v 0.047462625 -0.044427435 0.0159375
v 0.048422265 -0.046461 0.0159375
v 0.037536495 -0.046603125 0.0159375
v 0.048599325 -0.04665459 0.0159375
v 0.037524735 -0.046826595 0.0159375
v 0.04878912 -0.0468402 0.0159375
v 0.03750486 -0.04705572 0.0159375
v 0.04900182 -0.047022075 0.0159375
v 0.04916142 -0.047143545 0.0159375
v 0.037462995 -0.04739391 0.0159375
v 0.049336725 -0.047267085 0.0159375
v 0.04952472 -0.047390445 0.0159375
v 0.04972197 -0.04751067 0.0159375
v 0.037410285 -0.047742225 0.0159375
v 0.04992501 -0.04762476 0.0159375
v 0.050131305 -0.04773021 0.0159375
v 0.050344785 -0.04782906 0.0159375
v 0.0373467 -0.04810068 0.0159375
v 0.05056479 -0.047921985 0.0159375
v 0.050789145 -0.04800897 0.0159375
v 0.051129195 -0.048128265 0.0159375
v 0.037272255 -0.048469275 0.0159375
v 0.051467535 -0.048232605 0.0159375
v 0.05181039 -0.048323145 0.0159375
v 0.05216997 -0.048403785 0.0159375
v 0.05255214 -0.048477405 0.0159375
v 0.037186065 -0.048850635 0.0159375
v 0.05295057 -0.048542475 0.0159375
v 0.053374125 -0.04859751 0.0159375
v 0.053832735 -0.048641475 0.0159375
v 0.05416029 -0.048665385 0.0159375
v 0.054501075 -0.04868454 0.0159375
v 0.05485074 -0.048698235 0.0159375
v 0.055204905 -0.048705765 0.0159375
v 0.055563135 -0.048706515 0.0159375
v 0.06464268 -0.0487146 0.0159375
v 0.064630785 -0.04885608 0.0159375
v 0.055931505 -0.048700665 0.0159375
v 0.06464076 -0.048553485 0.0159375
v 0.056493165 -0.048681135 0.0159375
v 0.057050625 -0.04865097 0.0159375
v 0.0575901 -0.04861155 0.0159375
v 0.058120305 -0.048561735 0.0159375
v 0.058659165 -0.04850106 0.0159375
v 0.06461262 -0.04836798 0.0159375
v 0.05921787 -0.048429915 0.0159375
v 0.059784495 -0.048349755 0.0159375
v 0.06454077 -0.04815966 0.0159375
v 0.060375375 -0.048256215 0.0159375
v 0.06100971 -0.04814463 0.0159375
v 0.064405515 -0.04794684 0.0159375
v 0.061685205 -0.04801554 0.0159375
v 0.06239745 -0.047870025 0.0159375
v 0.064311375 -0.047853705 0.0159375
v 0.06420054 -0.047775945 0.0159375
v 0.063146445 -0.0477081 0.0159375
v 0.06397323 -0.04767723 0.0159375
v 0.063274845 -0.047679585 0.0159375
v 0.0634185 -0.04765263 0.0159375
v 0.063766155 -0.04763778 0.0159375
v 0.06358107 -0.047634945 0.0159375
v 0.037087815 -0.04924581 0.0159375
v 0.064612005 -0.048983145 0.0159375
v 0.06459168 -0.049096905 0.0159375
v 0.036979695 -0.049648065 0.0159375
v 0.043853085 -0.04992768 0.0159375
v 0.03686397 -0.050050605 0.0159375
v 0.04407093 -0.049931325 0.0159375
v 0.044294415 -0.049943085 0.0159375
v 0.04452354 -0.04996296 0.0159375
v 0.04486173 -0.050004825 0.0159375
v 0.045210045 -0.050057535 0.0159375
v 0.045568485 -0.05012112 0.0159375
v 0.045937095 -0.050195565 0.0159375
v 0.046318455 -0.050281755 0.0159375
v 0.06432582 -0.050336475 0.0159375
v 0.04671363 -0.050380005 0.0159375
v 0.047115885 -0.050488125 0.0159375
v 0.047518425 -0.05060385 0.0159375
v 0.04791816 -0.0507267 0.0159375
v 0.04832127 -0.05085954 0.0159375
v 0.048723645 -0.050999055 0.0159375
v 0.049120215 -0.05114148 0.0159375
v 0.049507275 -0.051284235 0.0159375
v 0.058891005 -0.05133561 0.0159375
v 0.049888755 -0.051431055 0.0159375
v 0.059068785 -0.051369315 0.0159375
v 0.05922312 -0.05147322 0.0159375
v 0.06398943 -0.051562815 0.0159375
v 0.059320785 -0.051618165 0.0159375
v 0.063914145 -0.05177418 0.0159375
v 0.059359755 -0.05180271 0.0159375
v 0.06379626 -0.051971325 0.0159375
v 0.059320785 -0.05198724 0.0159375
v 0.063631605 -0.05213061 0.0159375
v 0.05922312 -0.0521322 0.0159375
v 0.059068785 -0.05223609 0.0159375
v 0.06344337 -0.052251 0.0159375
v 0.058891005 -0.052269795 0.0159375
v 0.0523089 -0.05242743 0.0159375
v 0.063125445 -0.05243877 0.0159375
v 0.05199 -0.05229351 0.0159375
v 0.058713225 -0.05223609 0.0159375
v 0.051663705 -0.052155615 0.0159375
v 0.05855889 -0.0521322 0.0159375
v 0.05132898 -0.052014855 0.0159375
v 0.058461225 -0.05198724 0.0159375
v 0.05098473 -0.051872355 0.0159375
v 0.058422255 -0.05180271 0.0159375
v 0.050629665 -0.05172804 0.0159375
v 0.058461225 -0.051618165 0.0159375
v 0.050263635 -0.05158002 0.0159375
v 0.05855889 -0.05147322 0.0159375
v 0.058713225 -0.051369315 0.0159375
v 0.05261955 -0.052557885 0.0159375
v 0.06281454 -0.05262324 0.0159375
v 0.05292201 -0.0526851 0.0159375
v 0.06251064 -0.05280453 0.0159375
v 0.05321739 -0.05280849 0.0159375
v 0.053506815 -0.052927545 0.0159375
v 0.06221388 -0.052984245 0.0159375
v 0.05379021 -0.053042415 0.0159375
v 0.05406705 -0.053153355 0.0159375
v 0.06192402 -0.053159175 0.0159375
v 0.054470955 -0.05331126 0.0159375
v 0.06164079 -0.0533253 0.0159375
v 0.05486202 -0.05345784 0.0159375
v 0.0613641 -0.053484825 0.0159375
v 0.055239615 -0.05359362 0.0159375
v 0.061094415 -0.053633175 0.0159375
v 0.05560542 -0.053718045 0.0159375
v 0.06083226 -0.053766165 0.0159375
v 0.055960575 -0.05383077 0.0159375
v 0.060577575 -0.053885715 0.0159375
v 0.056304495 -0.053932005 0.0159375
v 0.06032916 -0.053989635 0.0159375
v 0.05663793 -0.05402109 0.0159375
v 0.060087885 -0.054075945 0.0159375
v 0.05696163 -0.05409792 0.0159375
v 0.05985285 -0.054146055 0.0159375
v 0.0572748 -0.05416254 0.0159375
v 0.05961825 -0.054202485 0.0159375
v 0.057575955 -0.054214605 0.0159375
v 0.05938512 -0.054244965 0.0159375
v 0.057864555 -0.054253785 0.0159375
v 0.059151225 -0.054274185 0.0159375
v 0.058141755 -0.05428074 0.0159375
v 0.05891004 -0.05429259 0.0159375
v 0.058408425 -0.05429628 0.0159375
v 0.058663245 -0.054300165 0.0159375
v 0.04364088 -0.04993215 0.0159375
v 0.043434315 -0.04994475 0.0159375
v 0.043234215 -0.049965645 0.0159375
v 0.043040385 -0.049994805 0.0159375
v 0.042851715 -0.050031975 0.0159375
v 0.04266708 -0.0500769 0.0159375
v 0.03674112 -0.05045034 0.0159375
v 0.042485355 -0.05012934 0.0159375
v 0.042305535 -0.05019051 0.0159375
v 0.04212867 -0.050260095 0.0159375
v 0.04195644 -0.05033667 0.0159375
v 0.041790495 -0.05041872 0.0159375
v 0.041632515 -0.050504835 0.0159375
v 0.03660828 -0.050853465 0.0159375
v 0.04141191 -0.05064171 0.0159375
v 0.04120566 -0.05079063 0.0159375
v 0.04100682 -0.050954445 0.0159375
v 0.036468765 -0.051255825 0.0159375
v 0.04081323 -0.051131505 0.0159375
v 0.04062762 -0.051321315 0.0159375
v 0.03632634 -0.051652395 0.0159375
v 0.040445745 -0.051534 0.0159375
v 0.040324275 -0.0516936 0.0159375
v 0.036183585 -0.052039455 0.0159375
v 0.040200735 -0.051868905 0.0159375
v 0.040077375 -0.0520569 0.0159375
v 0.036036765 -0.052420935 0.0159375
v 0.03995715 -0.05225415 0.0159375
v 0.03984306 -0.05245719 0.0159375
v 0.0358878 -0.052795815 0.0159375
v 0.03973761 -0.052663485 0.0159375
v 0.03963876 -0.052876965 0.0159375
v 0.03573978 -0.053161845 0.0159375
v 0.039545835 -0.05309697 0.0159375
v 0.039458835 -0.053321325 0.0159375
v 0.035595465 -0.05351691 0.0159375
v 0.039339555 -0.053661375 0.0159375
v 0.035452965 -0.05386116 0.0159375
v 0.039235215 -0.053999715 0.0159375
v 0.035312205 -0.054195885 0.0159375
v 0.039144675 -0.05434257 0.0159375
v 0.03517431 -0.05452218 0.0159375
v 0.039064035 -0.05470215 0.0159375
v 0.03504039 -0.05484108 0.0159375
v 0.038990415 -0.05508432 0.0159375
v 0.034909935 -0.05515173 0.0159375
v 0.03478272 -0.05545419 0.0159375
v 0.038925345 -0.055482765 0.0159375
v 0.03465933 -0.05574957 0.0159375
v 0.038870295 -0.055906305 0.0159375
v 0.034540275 -0.056038995 0.0159375
v 0.034425405 -0.05632239 0.0159375
v 0.038826345 -0.056364915 0.0159375
v 0.034314465 -0.056599245 0.0159375
v 0.038802435 -0.05669247 0.0159375
v 0.03415656 -0.057003135 0.0159375
v 0.03878328 -0.057033255 0.0159375
v 0.03400998 -0.0573942 0.0159375
v 0.038769585 -0.05738292 0.0159375
v 0.03876204 -0.057737085 0.0159375
v 0.0338742 -0.057771795 0.0159375
v 0.038761305 -0.058095315 0.0159375
v 0.033749775 -0.058137615 0.0159375
v 0.038767155 -0.058463685 0.0159375
v 0.033637035 -0.05849277 0.0159375
v 0.033535815 -0.058836675 0.0159375
v 0.038786685 -0.05902536 0.0159375
v 0.033446715 -0.05917011 0.0159375
v 0.0333699 -0.05949381 0.0159375
v 0.03881685 -0.059582805 0.0159375
v 0.03330528 -0.05980698 0.0159375
v 0.033253215 -0.060108135 0.0159375
v 0.03885627 -0.06012228 0.0159375
v 0.033214035 -0.060396735 0.0159375
v 0.038906085 -0.060652485 0.0159375
v 0.03318708 -0.060673935 0.0159375
v 0.03317154 -0.060940605 0.0159375
v 0.03566511 -0.0609561 0.0159375
v 0.033167655 -0.061195425 0.0159375
v 0.035842905 -0.060989805 0.0159375
v 0.035997225 -0.061093695 0.0159375
v 0.038966745 -0.061191345 0.0159375
v 0.03609489 -0.061238655 0.0159375
v 0.03613386 -0.061423185 0.0159375
v 0.03609489 -0.06160773 0.0159375
v 0.039037905 -0.06175005 0.0159375
v 0.035997225 -0.061752675 0.0159375
v 0.035842905 -0.06185658 0.0159375
v 0.03566511 -0.061890285 0.0159375
v 0.033265335 -0.06215043 0.0159375
v 0.039118065 -0.062316675 0.0159375
v 0.033222855 -0.0619173 0.0159375
v 0.03548733 -0.06185658 0.0159375
v 0.035332995 -0.061752675 0.0159375
v 0.033193635 -0.061683405 0.0159375
v 0.035235345 -0.06160773 0.0159375
v 0.03317523 -0.06144222 0.0159375
v 0.03519636 -0.061423185 0.0159375
v 0.035235345 -0.061238655 0.0159375
v 0.035332995 -0.061093695 0.0159375
v 0.03548733 -0.060989805 0.0159375
v 0.033321765 -0.06238503 0.0159375
v 0.033391875 -0.062620065 0.0159375
v 0.033478185 -0.06286134 0.0159375
v 0.03921159 -0.062907555 0.0159375
v 0.033582105 -0.063109755 0.0159375
v 0.033701655 -0.063364455 0.0159375
v 0.03932319 -0.06354189 0.0159375
v 0.033834645 -0.063626595 0.0159375
v 0.033982995 -0.063896295 0.0159375
v 0.03414252 -0.06417297 0.0159375
v 0.03945228 -0.064217385 0.0159375
v 0.034308645 -0.0644562 0.0159375
v 0.034483575 -0.064746045 0.0159375
v 0.039597795 -0.06492963 0.0159375
v 0.03466329 -0.06504282 0.0159375
v 0.034844565 -0.06534672 0.0159375
v 0.035029035 -0.065657625 0.0159375
v 0.03975972 -0.065678625 0.0159375
v 0.03521682 -0.06597555 0.0159375
v 0.039787605 -0.06580407 0.0159375
v 0.039814185 -0.06594429 0.0159375
v 0.03983226 -0.06610308 0.0159375
v 0.0353376 -0.06616347 0.0159375
v 0.035415945 -0.066255555 0.0159375
v 0.039831315 -0.066283905 0.0159375
v 0.035506095 -0.066335025 0.0159375
v 0.035708385 -0.066452385 0.0159375
v 0.03979584 -0.066486915 0.0159375
v 0.035905005 -0.066521595 0.0159375
v 0.03970356 -0.066712395 0.0159375
v 0.03713088 -0.06685788 0.0159375
v 0.039628395 -0.066826005 0.0159375
v 0.039536145 -0.06692418 0.0159375
v 0.038370915 -0.06712386 0.0159375
v 0.039320355 -0.067067175 0.0159375
v 0.03910929 -0.067142565 0.0159375
v 0.03848499 -0.06714423 0.0159375
v 0.03861306 -0.067163115 0.0159375
v 0.038921745 -0.06717237 0.0159375
v 0.03875718 -0.067175025 0.0159375
f 1 2 3
f 1 4 2
f 5 1 3
f 5 3 6
f 6 3 7
f 8 5 6
f 8 6 9
f 10 8 9
f 10 9 11
f 12 10 11
f 12 11 13
f 12 13 14
f 15 12 14
f 15 14 16
f 15 16 17
f 15 17 18
f 19 15 18
f 19 18 20
f 19 20 21
f 19 21 22
f 23 19 22
f 23 22 24
f 23 24 25
f 23 25 26
f 27 23 26
f 27 26 28
f 27 28 29
f 27 29 30
f 27 30 31
f 32 27 31
f 32 31 33
f 32 33 34
f 32 34 35
f 32 35 36
f 32 36 37
f 32 37 38
f 32 38 39
f 32 39 40
f 41 32 40
f 41 42 32
f 41 40 43
f 44 41 43
f 44 43 45
f 44 45 46
f 44 46 47
f 44 47 48
f 44 48 49
f 50 44 49
f 50 49 51
f 50 51 52
f 50 52 53
f 54 50 53
f 54 53 55
f 54 55 56
f 57 54 56
f 57 56 58
f 59 57 58
f 59 58 60
f 61 59 60
f 61 60 62
f 63 61 62
f 63 64 61
f 63 65 64
f 65 66 64
f 65 67 66
f 41 68 42
f 68 69 42
f 69 70 42
f 69 71 70
f 71 72 70
f 71 73 72
f 71 74 73
f 73 75 72
f 75 76 72
f 76 77 72
f 77 78 72
f 78 79 72
f 79 80 72
f 80 81 72
f 80 82 81
f 82 83 81
f 83 84 81
f 84 85 81
f 85 86 81
f 86 87 81
f 87 88 81
f 87 89 88
f 89 90 88
f 90 91 88
f 91 92 88
f 91 93 92
f 93 94 92
f 94 95 92
f 94 96 95
f 96 97 95
f 97 98 95
f 97 99 98
f 99 100 98
f 100 101 98
f 100 102 101
f 102 103 101
f 103 104 101
f 103 105 104
f 105 106 104
f 106 107 104
f 106 108 107
f 108 109 107
f 109 110 107
f 109 111 110
f 111 112 110
f 111 113 112
f 113 114 112
f 113 115 114
f 115 116 114
f 115 117 116
f 117 118 116
f 117 119 118
f 119 120 118
f 119 121 120
f 121 122 120
f 121 123 122
f 123 124 122
f 123 125 124
f 123 126 125
f 126 127 125
f 126 128 127
f 128 129 127
f 128 130 129
f 128 131 130
f 131 132 130
f 131 133 132
f 133 134 132
f 134 135 132
f 134 136 135
f 136 137 135
f 136 138 137
f 138 139 137
f 138 140 139
f 140 141 139
f 140 142 141
f 142 143 141
f 142 144 143
f 142 145 144
f 145 146 144
f 145 147 146
f 145 148 147
f 148 149 147
f 148 150 149
f 148 151 150
f 151 152 150
f 151 153 152
f 153 154 152
f 153 155 154
f 156 152 154
f 156 154 157
f 156 157 158
f 159 156 158
f 159 158 160
f 159 160 161
f 162 159 161
f 162 161 163
f 164 162 163
f 164 163 165
f 164 165 166
f 164 166 167
f 168 164 167
f 169 168 167
f 169 170 168
f 169 167 171
f 169 171 172
f 173 169 172
f 173 172 174
f 173 174 175
f 173 175 176
f 153 173 176
f 153 176 177
f 153 177 155
f 169 178 170
f 169 179 178
f 179 180 178
f 179 181 180
f 179 182 181
f 179 183 182
f 183 184 182
f 183 185 184
f 183 186 185
f 186 187 185
f 186 188 187
f 186 189 188
f 186 190 189
f 190 191 189
f 190 192 191
f 190 193 192
f 193 194 192
f 193 195 194
f 193 196 195
f 196 197 195
f 197 198 195
f 197 199 198
f 199 200 198
f 199 201 200
f 201 202 200
f 201 203 202
f 201 204 203
f 204 205 203
f 204 206 205
f 206 207 205
f 206 208 207
f 208 209 207
f 209 210 207
f 209 211 210
f 211 212 210
f 211 213 212
f 211 214 213
f 214 215 213
f 71 216 74
f 71 217 216
f 71 218 217
f 71 219 218
f 71 220 219
f 71 221 220
f 71 222 221
f 71 223 222
f 223 224 222
f 223 225 224
f 223 226 225
f 223 227 226
f 223 228 227
f 229 226 227
f 230 229 227
f 231 230 227
f 232 231 227
f 232 227 233
f 234 232 233
f 234 233 235
f 236 234 235
f 236 235 237
f 238 236 237
f 238 237 239
f 240 238 239
f 240 239 241
f 242 240 241
f 242 241 243
f 244 242 243
f 244 243 245
f 244 245 246
f 247 244 246
f 248 247 246
f 248 249 247
f 250 248 246
f 250 246 251
f 250 251 252
f 253 250 252
f 253 252 254
f 255 253 254
f 256 255 254
f 256 254 257
f 258 256 257
f 258 257 259
f 223 258 259
f 223 259 260
f 223 260 228
f 248 261 249
f 248 262 261
f 262 263 261
f 262 264 263
f 264 265 263
f 264 266 265
f 266 267 265
f 266 268 267
f 266 269 268
f 269 270 268
f 269 271 270
f 269 272 271
f 272 273 271
f 272 274 273
f 274 275 273
f 274 276 275
f 276 277 275
f 276 278 277
f 278 279 277
f 278 280 279
f 280 281 279
f 280 282 281
f 282 283 281
f 282 284 283
f 284 285 283
f 284 286 285
f 286 287 285
f 286 288 287
f 288 289 287
f 288 290 289
f 290 291 289
f 290 292 291
f 292 293 291
f 292 294 293
f 294 295 293
f 294 296 295
f 297 6 7
f 297 7 298
f 299 297 298
f 299 298 300
f 301 299 300
f 301 300 302
f 303 301 302
f 303 302 304
f 305 303 304
f 306 305 304
f 306 304 307
f 308 306 307
f 308 307 309
f 310 308 309
f 311 310 309
f 311 309 312
f 313 311 312
f 314 313 312
f 314 312 315
f 316 314 315
f 316 315 317
f 316 317 318
f 316 318 319
f 320 316 319
f 321 320 319
f 321 322 320
f 321 319 323
f 324 321 323
f 324 323 325
f 326 324 325
f 326 325 327
f 328 326 327
f 328 327 329
f 330 328 329
f 330 329 331
f 332 330 331
f 333 332 331
f 333 331 334
f 335 333 334
f 335 334 336
f 337 335 336
f 338 337 336
f 338 336 339
f 340 338 339
f 341 340 339
f 341 339 342
f 1 341 342
f 1 342 4
f 321 343 322
f 343 344 322
f 343 345 344
f 345 346 344
f 345 347 346
f 347 348 346
f 348 349 346
f 348 350 349
f 350 351 349
f 351 352 349
f 352 353 349
f 352 354 353
f 354 355 353
f 355 356 353
f 356 357 353
f 356 358 357
f 358 359 357
f 359 360 357
f 360 361 357
f 360 362 361
f 362 363 361
f 363 364 361
f 364 365 361
f 365 366 361
f 365 367 366
f 367 368 366
f 368 369 366
f 369 370 366
f 370 371 366
f 371 372 366
f 372 373 366
f 373 374 366
f 374 375 366
f 374 376 375
f 376 377 375
f 376 378 377
f 377 379 375
f 379 380 375
f 380 381 375
f 381 382 375
f 381 383 382
f 383 384 382
f 383 385 384
f 383 386 385
f 385 387 384
f 387 388 384
f 388 389 384
f 389 390 384
f 390 391 384
f 391 392 384
f 392 393 384
f 392 394 393
f 394 395 393
f 395 396 393
f 396 397 393
f 397 398 393
f 398 399 393
f 399 400 393
f 399 401 400
f 401 402 400
f 402 403 400
f 403 404 400
f 403 405 404
f 405 406 404
f 406 407 404
f 406 408 407
f 408 409 407
f 409 410 407
f 409 411 410
f 411 412 410
f 412 413 410
f 412 414 413
f 414 415 413
f 415 416 413
f 415 417 416
f 417 418 416
f 418 419 416
f 418 420 419
f 420 421 419
f 421 422 419
f 421 423 422
f 423 424 422
f 423 425 424
f 425 426 424
f 425 427 426
f 427 428 426
f 427 429 428
f 429 430 428
f 429 431 430
f 431 432 430
f 431 433 432
f 433 434 432
f 433 435 434
f 435 436 434
f 435 437 436
f 435 438 437
f 438 439 437
f 438 440 439
f 440 441 439
f 440 442 441
f 440 443 442
f 443 444 442
f 443 445 444
f 445 446 444
f 446 447 444
f 446 448 447
f 448 449 447
f 448 450 449
f 450 451 449
f 450 452 451
f 452 453 451
f 452 454 453
f 454 455 453
f 454 456 455
f 454 457 456
f 457 458 456
f 457 459 458
f 457 460 459
f 460 461 459
f 460 462 461
f 460 463 462
f 463 464 462
f 463 465 464
f 465 466 464
f 465 467 466
f 468 464 466
f 468 466 469
f 468 469 470
f 471 468 470
f 471 470 472
f 471 472 473
f 474 471 473
f 474 473 475
f 476 474 475
f 476 475 477
f 476 477 478
f 476 478 479
f 480 476 479
f 481 480 479
f 481 482 480
f 481 479 483
f 481 483 484
f 485 481 484
f 485 484 486
f 485 486 487
f 485 487 488
f 465 485 488
f 465 488 489
f 465 489 467
f 481 490 482
f 481 491 490
f 491 492 490
f 491 493 492
f 491 494 493
f 491 495 494
f 495 496 494
f 495 497 496
f 495 498 497
f 498 499 497
f 498 500 499
f 498 501 500
f 498 502 501
f 502 503 501
f 502 504 503
f 502 505 504
f 505 506 504
f 505 507 506
f 505 508 507
f 508 509 507
f 509 510 507
f 509 511 510
f 511 512 510
f 511 513 512
f 511 514 513
f 514 515 513
f 514 516 515
f 514 517 516
f 517 518 516
f 517 519 518
f 517 520 519
f 520 521 519
f 520 522 521
f 522 523 521
f 523 524 521
f 523 525 524
f 525 526 524
f 525 527 526
f 527 528 526
f 527 529 528
f 383 530 386
f 383 531 530
f 383 532 531
f 383 533 532
f 383 534 533
f 383 535 534
f 383 536 535
f 383 537 536
f 537 538 536
f 537 539 538
f 537 540 539
f 537 541 540
f 537 542 541
f 543 540 541
f 544 543 541
f 545 544 541
f 546 545 541
f 546 541 547
f 548 546 547
f 548 547 549
f 550 548 549
f 550 549 551
f 552 550 551
f 552 551 553
f 554 552 553
f 554 553 555
f 556 554 555
f 556 555 557
f 558 556 557
f 558 557 559
f 558 559 560
f 561 558 560
f 562 561 560
f 562 563 561
f 564 562 560
f 564 560 565
f 564 565 566
f 567 564 566
f 567 566 568
f 569 567 568
f 570 569 568
f 570 568 571
f 572 570 571
f 572 571 573
f 537 572 573
f 537 573 574
f 537 574 542
f 562 575 563
f 562 576 575
f 576 577 575
f 576 578 577
f 578 579 577
f 578 580 579
f 580 581 579
f 580 582 581
f 580 583 582
f 583 584 582
f 583 585 584
f 583 586 585
f 586 587 585
f 586 588 587
f 588 589 587
f 588 590 589
f 590 591 589
f 590 592 591
f 592 593 591
f 592 594 593
f 594 595 593
f 594 596 595
f 596 597 595
f 596 598 597
f 598 599 597
f 598 600 599
f 600 601 599
f 600 602 601
f 602 603 601
f 602 604 603
f 604 605 603
f 604 606 605
f 606 607 605
f 606 608 607
f 608 609 607
f 608 610 609
f 378 611 377
f 611 612 377
f 612 613 377
f 613 614 377
f 614 615 377
f 614 616 615
f 616 617 615
f 617 618 615
f 617 619 618
f 619 620 618
f 620 621 618
f 620 622 621
f 622 623 621
f 623 624 621
f 623 625 624
f 625 626 624
f 625 627 626
f 627 628 626
f 627 629 628
f 629 630 628
f 630 631 628
f 630 632 631
f 633 634 635
f 636 634 633
f 637 633 635
f 637 635 638
f 637 638 639
f 639 638 640
f 639 640 641
f 641 640 642
f 641 642 643
f 643 642 644
f 643 644 645
f 645 644 646
f 645 646 647
f 647 646 648
f 647 648 649
f 649 648 650
f 649 650 651
f 651 650 652
f 651 652 653
f 653 652 654
f 653 654 655
f 655 654 656
f 655 656 657
f 657 656 658
f 657 658 659
f 659 658 660
f 659 660 661
f 661 660 662
f 661 662 663
f 663 662 664
f 663 664 665
f 665 664 666
f 665 666 667
f 667 666 668
f 667 668 669
f 669 668 670
f 669 670 671
f 671 670 672
f 671 672 673
f 673 672 674
f 673 674 675
f 675 674 676
f 675 676 677
f 677 676 678
f 677 678 679
f 679 678 680
f 679 680 636
f 636 680 634
f 681 682 683
f 684 682 681
f 685 681 683
f 685 683 686
f 685 686 687
f 687 686 688
f 687 688 689
f 689 688 690
f 689 690 691
f 691 690 692
f 691 692 693
f 693 692 694
f 693 694 695
f 695 694 696
f 695 696 697
f 697 696 698
f 697 698 699
f 699 698 700
f 699 700 701
f 701 700 702
f 701 702 703
f 703 702 704
f 703 704 705
f 705 704 706
f 705 706 707
f 707 706 708
f 707 708 709
f 709 708 710
f 709 710 711
f 711 710 712
f 711 712 684
f 684 712 682
f 713 714 715
f 716 714 713
f 717 713 715
f 717 715 718
f 717 718 719
f 719 718 720
f 719 720 721
f 721 720 722
f 721 722 723
f 723 722 724
f 723 724 725
f 725 724 726
f 725 726 727
f 727 726 728
f 727 728 729
f 729 728 730
f 729 730 731
f 731 730 732
f 731 732 733
f 733 732 734
f 733 734 735
f 735 734 736
f 735 736 737
f 737 736 738
f 737 738 739
f 739 738 740
f 739 740 741
f 741 740 742
f 741 742 743
f 743 742 744
f 743 744 716
f 716 744 714
f 745 746 747
f 748 746 745
f 749 745 747
f 749 747 750
f 749 750 751
f 751 750 752
f 751 752 753
f 753 752 754
f 753 754 755
f 755 754 756
f 755 756 757
f 757 756 758
f 757 758 759
f 759 758 760
f 759 760 761
f 761 760 762
f 761 762 763
f 763 762 764
f 763 764 765
f 765 764 766
f 765 766 767
f 767 766 768
f 767 768 769
f 769 768 770
f 769 770 771
f 771 770 772
f 771 772 773
f 773 772 774
f 773 774 775
f 775 774 776
f 775 776 748
f 748 776 746
f 777 778 779
f 780 778 777
f 781 777 779
f 781 779 782
f 781 782 783
f 783 782 784
f 783 784 785
f 785 784 786
f 785 786 787
f 787 786 788
f 787 788 789
f 789 788 790
f 789 790 791
f 791 790 792
f 791 792 793
f 793 792 794
f 793 794 795
f 795 794 796
f 795 796 797
f 797 796 798
f 797 798 799
f 799 798 800
f 799 800 801
f 801 800 802
f 801 802 803
f 803 802 804
f 803 804 805
f 805 804 806
f 805 806 807
f 807 806 808
f 807 808 780
f 780 808 778
f 809 810 811
f 812 810 809
f 809 811 813
f 813 811 814
f 813 814 815
f 815 814 816
f 815 816 817
f 817 816 818
f 817 818 819
f 819 818 820
f 819 820 821
f 821 820 822
f 821 822 823
f 823 822 824
f 823 824 825
f 825 824 826
f 825 826 827
f 827 826 828
f 827 828 829
f 829 828 830
f 829 830 831
f 831 830 832
f 831 832 833
f 833 832 834
f 833 834 835
f 835 834 836
f 835 836 837
f 837 836 838
f 837 838 839
f 839 838 840
f 839 840 841
f 841 840 842
f 841 842 843
f 843 842 844
f 843 844 845
f 845 844 846
f 845 846 847
f 847 846 848
f 847 848 849
f 849 848 850
f 849 850 851
f 851 850 852
f 851 852 853
f 853 852 854
f 853 854 855
f 855 854 856
f 855 856 857
f 857 856 858
f 857 858 859
f 859 858 860
f 859 860 861
f 861 860 862
f 861 862 863
f 863 862 864
f 863 864 865
f 865 864 866
f 865 866 867
f 867 866 868
f 867 868 869
f 869 868 870
f 869 870 871
f 871 870 872
f 871 872 873
f 873 872 874
f 873 874 875
f 875 874 876
f 875 876 877
f 877 876 878
f 877 878 879
f 879 878 880
f 879 880 881
f 881 880 882
f 881 882 883
f 883 882 884
f 883 884 885
f 885 884 886
f 885 886 887
f 887 886 888
f 887 888 889
f 889 888 890
f 889 890 891
f 891 890 892
f 891 892 893
f 893 892 894
f 893 894 895
f 895 894 896
f 895 896 897
f 897 896 898
f 897 898 899
f 899 898 900
f 899 900 901
f 901 900 902
f 901 902 903
f 903 902 904
f 903 904 905
f 905 904 906
f 905 906 907
f 907 906 908
f 907 908 909
f 909 908 910
f 909 910 911
f 911 910 912
f 911 912 913
f 913 912 914
f 913 914 915
f 915 914 916
f 915 916 917
f 917 916 918
f 917 918 919
f 919 918 920
f 919 920 921
f 921 920 922
f 921 922 923
f 923 922 924
f 923 924 925
f 925 924 926
f 925 926 927
f 927 926 928
f 927 928 929
f 929 928 930
f 929 930 931
f 931 930 932
f 931 932 933
f 933 932 934
f 933 934 935
f 935 934 936
f 935 936 937
f 937 936 938
f 937 938 939
f 939 938 940
f 939 940 941
f 941 940 942
f 941 942 943
f 943 942 944
f 943 944 945
f 945 944 946
f 945 946 947
f 947 946 948
f 947 948 949
f 949 948 950
f 949 950 951
f 951 950 952
f 951 952 953
f 953 952 954
f 953 954 955
f 955 954 956
f 955 956 957
f 957 956 958
f 957 958 959
f 959 958 960
f 959 960 961
f 961 960 962
f 961 962 963
f 963 962 964
f 963 964 965
f 965 964 966
f 965 966 967
f 967 966 968
f 967 968 969
f 969 968 970
f 969 970 971
f 971 970 972
f 971 972 973
f 973 972 974
f 973 974 975
f 975 974 976
f 975 976 977
f 977 976 978
f 977 978 979
f 979 978 980
f 979 980 981
f 981 980 982
f 981 982 983
f 983 982 984
f 983 984 985
f 985 984 986
f 985 986 987
f 987 986 988
f 987 988 989
f 989 988 990
f 989 990 991
f 991 990 992
f 991 992 993
f 993 992 994
f 993 994 995
f 995 994 996
f 995 996 997
f 997 996 998
f 997 998 999
f 999 998 1000
f 999 1000 1001
f 1001 1000 1002
f 1001 1002 1003
f 1003 1002 1004
f 1003 1004 1005
f 1005 1004 1006
f 1005 1006 1007
f 1007 1006 1008
f 1007 1008 1009
f 1009 1008 1010
f 1009 1010 1011
f 1011 1010 1012
f 1011 1012 1013
f 1013 1012 1014
f 1013 1014 1015
f 1015 1014 1016
f 1015 1016 1017
f 1017 1016 1018
f 1017 1018 1019
f 1019 1018 1020
f 1019 1020 1021
f 1021 1020 1022
f 1021 1022 1023
f 1023 1022 1024
f 1023 1024 1025
f 1025 1024 1026
f 1025 1026 1027
f 1027 1026 1028
f 1027 1028 1029
f 1029 1028 1030
f 1029 1030 1031
f 1031 1030 1032
f 1031 1032 1033
f 1033 1032 1034
f 1033 1034 1035
f 1035 1034 1036
f 1035 1036 1037
f 1037 1036 1038
f 1037 1038 1039
f 1039 1038 1040
f 1039 1040 1041
f 1041 1040 1042
f 1041 1042 1043
f 1043 1042 1044
f 1043 1044 1045
f 1045 1044 1046
f 1045 1046 1047
f 1047 1046 1048
f 1047 1048 1049
f 1049 1048 1050
f 1049 1050 1051
f 1051 1050 1052
f 1051 1052 1053
f 1053 1052 1054
f 1053 1054 1055
f 1055 1054 1056
f 1055 1056 1057
f 1057 1056 1058
f 1057 1058 1059
f 1059 1058 1060
f 1060 1058 1061
f 1060 1061 1062
f 1062 1061 1063
f 1062 1063 1064
f 1064 1063 1065
f 1064 1065 1066
f 1066 1065 1067
f 1066 1067 1068
f 1068 1067 1069
f 1068 1069 1070
f 1070 1069 1071
f 1070 1071 1072
f 1072 1071 1073
f 1072 1073 1074
f 1074 1073 1075
f 1075 1073 1076
f 1075 1076 1077
f 1077 1076 1078
f 1077 1078 1079
f 1079 1078 1080
f 1079 1080 1081
f 1081 1080 1082
f 1081 1082 1083
f 1083 1082 1084
f 1083 1084 1085
f 1083 1085 1086
f 1086 1085 1087
f 1086 1087 1088
f 1088 1087 1089
f 1088 1089 1090
f 1090 1089 1091
f 1090 1091 1092
f 1092 1091 1093
f 1092 1093 1094
f 1094 1093 1095
f 1094 1095 1096
f 1096 1095 1097
f 1096 1097 1098
f 1098 1097 1099
f 1098 1099 1100
f 1100 1099 1101
f 1100 1101 1102
f 1102 1101 1103
f 1102 1103 1104
f 1104 1103 1105
f 1104 1105 1106
f 1106 1105 1107
f 1106 1107 1108
f 1108 1107 1109
f 1108 1109 1110
f 1110 1109 1111
f 1110 1111 1112
f 1112 1111 1113
f 1112 1113 1114
f 1114 1113 1115
f 1114 1115 1116
f 1116 1115 1117
f 1116 1117 1118
f 1118 1117 1119
f 1118 1119 1120
f 1120 1119 1121
f 1120 1121 1122
f 1122 1121 1123
f 1122 1123 1124
f 1124 1123 1125
f 1124 1125 1126
f 1126 1125 1127
f 1126 1127 1128
f 1128 1127 1129
f 1128 1129 1130
f 1130 1129 1131
f 1130 1131 1132
f 1132 1131 1133
f 1132 1133 1134
f 1134 1133 1135
f 1134 1135 1136
f 1136 1135 1137
f 1136 1137 1138
f 1138 1137 1139
f 1138 1139 1140
f 1140 1139 1141
f 1140 1141 1142
f 1142 1141 1143
f 1142 1143 1144
f 1144 1143 1145
f 1144 1145 1146
f 1146 1145 1147
f 1146 1147 1148
f 1148 1147 1149
f 1148 1149 1150
f 1150 1149 1151
f 1150 1151 1152
f 1152 1151 1153
f 1152 1153 1154
f 1154 1153 1155
f 1154 1155 1156
f 1156 1155 1157
f 1156 1157 1158
f 1158 1157 1159
f 1158 1159 1160
f 1160 1159 1161
f 1160 1161 1162
f 1162 1161 1163
f 1162 1163 1164
f 1164 1163 1165
f 1164 1165 1166
f 1166 1165 1167
f 1166 1167 1168
f 1168 1167 1169
f 1168 1169 1170
f 1170 1169 1171
f 1170 1171 1172
f 1172 1171 1173
f 1172 1173 1174
f 1174 1173 1175
f 1174 1175 1176
f 1176 1175 1177
f 1176 1177 1178
f 1178 1177 1179
f 1178 1179 1180
f 1180 1179 1181
f 1180 1181 1182
f 1182 1181 1183
f 1182 1183 1184
f 1184 1183 1185
f 1184 1185 1186
f 1186 1185 1187
f 1186 1187 1188
f 1188 1187 1189
f 1188 1189 1190
f 1190 1189 1191
f 1190 1191 1192
f 1192 1191 1193
f 1192 1193 1194
f 1194 1193 1195
f 1194 1195 1196
f 1196 1195 1197
f 1196 1197 1198
f 1198 1197 1199
f 1198 1199 1200
f 1200 1199 1201
f 1200 1201 1202
f 1202 1201 1203
f 1202 1203 1204
f 1204 1203 1205
f 1204 1205 1206
f 1206 1205 1207
f 1206 1207 1208
f 1208 1207 1209
f 1208 1209 1210
f 1210 1209 1211
f 1210 1211 1212
f 1212 1211 1213
f 1212 1213 1214
f 1214 1213 1215
f 1214 1215 1216
f 1216 1215 1217
f 1216 1217 1218
f 1218 1217 1219
f 1218 1219 1220
f 1220 1219 1221
f 1220 1221 1222
f 1222 1221 1223
f 1222 1223 1224
f 1224 1223 1225
f 1224 1225 1226
f 1226 1225 1227
f 1226 1227 1228
f 1228 1227 1229
f 1228 1229 1230
f 1230 1229 1231
f 1230 1231 1232
f 1232 1231 1233
f 1232 1233 1234
f 1234 1233 1235
f 1234 1235 1236
f 1236 1235 1237
f 1236 1237 1238
f 1238 1237 1239
f 1238 1239 1240
f 1240 1239 1241
f 1240 1241 1242
f 1242 1241 1243
f 1242 1243 1244
f 1244 1243 1245
f 1244 1245 1246
f 1246 1245 1247
f 1246 1247 1248
f 1248 1247 1249
f 1248 1249 1250
f 1250 1249 1251
f 1250 1251 1252
f 1252 1251 1253
f 1252 1253 1254
f 1254 1253 1255
f 1254 1255 1256
f 1256 1255 1257
f 1256 1257 1258
f 1258 1257 1259
f 1258 1259 1260
f 1260 1259 1261
f 1260 1261 1262
f 1262 1261 1263
f 1262 1263 1264
f 1264 1263 1265
f 1264 1265 1266
f 1266 1265 1267
f 1266 1267 1268
f 1268 1267 1269
f 1268 1269 1270
f 1270 1269 1271
f 1270 1271 1272
f 1272 1271 1273
f 1272 1273 1274
f 1274 1273 1275
f 1274 1275 1276
f 1276 1275 1277
f 1276 1277 1278
f 1278 1277 1279
f 1278 1279 1280
f 1280 1279 1281
f 1280 1281 1282
f 1282 1281 1283
f 1282 1283 1284
f 1284 1283 1285
f 1284 1285 1286
f 1286 1285 1287
f 1286 1287 1288
f 1288 1287 1289
f 1288 1289 1290
f 1290 1289 1291
f 1290 1291 1292
f 1292 1291 1293
f 1292 1293 1294
f 1294 1293 1295
f 1294 1295 1296
f 1296 1295 1297
f 1296 1297 1298
f 1298 1297 1299
f 1298 1299 1300
f 1300 1299 1301
f 1300 1301 1302
f 1302 1301 1303
f 1302 1303 1304
f 1304 1303 1305
f 1304 1305 1306
f 1306 1305 1307
f 1306 1307 1308
f 1308 1307 1309
f 1308 1309 1310
f 1310 1309 1311
f 1310 1311 1312
f 1312 1311 1313
f 1312 1313 1314
f 1314 1313 1315
f 1314 1315 1316
f 1316 1315 1317
f 1316 1317 1318
f 1318 1317 1319
f 1318 1319 1320
f 1320 1319 1321
f 1320 1321 1322
f 1322 1321 1323
f 1322 1323 1324
f 1324 1323 1325
f 1324 1325 1326
f 1326 1325 1327
f 1326 1327 1328
f 1328 1327 1329
f 1328 1329 1330
f 1330 1329 1331
f 1330 1331 1332
f 1332 1331 1333
f 1333 1331 1334
f 1333 1334 1335
f 1333 1335 1336
f 1336 1335 1337
f 1336 1337 1338
f 1338 1337 1339
f 1338 1339 1340
f 1340 1339 1341
f 1340 1341 1342
f 1342 1341 1343
f 1342 1343 1344
f 1344 1343 1345
f 1344 1345 1346
f 1346 1345 1347
f 1347 1345 1348
f 1347 1348 1349
f 1349 1348 1350
f 1349 1350 1351
f 1351 1350 1352
f 1351 1352 1353
f 1353 1352 1354
f 1353 1354 1355
f 1355 1354 1356
f 1355 1356 1357
f 1357 1356 1358
f 1357 1358 1359
f 1359 1358 1360
f 1359 1360 1361
f 1361 1360 1362
f 1361 1362 1363
f 1363 1362 1364
f 1363 1364 1365
f 1365 1364 1366
f 1365 1366 1367
f 1367 1366 1368
f 1367 1368 1369
f 1369 1368 1370
f 1369 1370 1371
f 1371 1370 1372
f 1371 1372 1373
f 1373 1372 1374
f 1373 1374 1375
f 1375 1374 1376
f 1375 1376 1377
f 1377 1376 1378
f 1377 1378 1379
f 1379 1378 1380
f 1379 1380 1381
f 1381 1380 1382
f 1381 1382 1383
f 1383 1382 1384
f 1383 1384 1385
f 1385 1384 1386
f 1385 1386 1387
f 1387 1386 1388
f 1387 1388 1389
f 1389 1388 1390
f 1389 1390 1391
f 1391 1390 1392
f 1391 1392 1393
f 1393 1392 1394
f 1393 1394 1395
f 1395 1394 1396
f 1395 1396 1397
f 1397 1396 1398
f 1397 1398 1399
f 1399 1398 1400
f 1399 1400 1401
f 1401 1400 1402
f 1401 1402 1403
f 1403 1402 1404
f 1403 1404 1405
f 1405 1404 1406
f 1405 1406 1407
f 1407 1406 1408
f 1407 1408 1409
f 1409 1408 1410
f 1409 1410 1411
f 1411 1410 1412
f 1411 1412 1413
f 1413 1412 1414
f 1413 1414 1415
f 1415 1414 1416
f 1415 1416 1417
f 1417 1416 1418
f 1417 1418 1419
f 1419 1418 1420
f 1419 1420 1421
f 1421 1420 1422
f 1421 1422 1423
f 1423 1422 1424
f 1423 1424 1425
f 1425 1424 1426
f 1425 1426 1427
f 1427 1426 1428
f 1427 1428 1429
f 1429 1428 1430
f 1429 1430 1431
f 1431 1430 1432
f 1431 1432 1433
f 1433 1432 1434
f 1433 1434 1435
f 1435 1434 1436
f 1435 1436 1437
f 1437 1436 1438
f 1437 1438 1439
f 1439 1438 1440
f 1439 1440 1441
f 1441 1440 1442
f 1441 1442 1443
f 1443 1442 1444
f 1443 1444 1445
f 1445 1444 1446
f 1445 1446 1447
f 1447 1446 1448
f 1447 1448 1449
f 1449 1448 1450
f 1449 1450 1451
f 1451 1450 1452
f 1451 1452 1453
f 1453 1452 1454
f 1453 1454 1455
f 1455 1454 1456
f 1455 1456 1457
f 1457 1456 1458
f 1457 1458 1459
f 1459 1458 1460
f 1459 1460 1461
f 1461 1460 1462
f 1461 1462 1463
f 1463 1462 1464
f 1463 1464 1465
f 1465 1464 1466
f 1465 1466 1467
f 1467 1466 1468
f 1467 1468 1469
f 1469 1468 1470
f 1469 1470 1471
f 1471 1470 1472
f 1471 1472 1473
f 1473 1472 1474
f 1473 1474 1475
f 1475 1474 1476
f 1475 1476 1477
f 1477 1476 1478
f 1477 1478 1479
f 1479 1478 1480
f 1479 1480 1481
f 1481 1480 1482
f 1481 1482 1483
f 1483 1482 1484
f 1483 1484 1485
f 1485 1484 1486
f 1485 1486 1487
f 1487 1486 1488
f 1487 1488 1489
f 1489 1488 1490
f 1489 1490 1491
f 1491 1490 1492
f 1491 1492 1493
f 1493 1492 1494
f 1493 1494 1495
f 1495 1494 1496
f 1495 1496 1497
f 1497 1496 1498
f 1497 1498 1499
f 1499 1498 1500
f 1499 1500 1501
f 1501 1500 1502
f 1501 1502 1503
f 1503 1502 1504
f 1503 1504 1505
f 1505 1504 1506
f 1505 1506 1507
f 1507 1506 1508
f 1507 1508 1509
f 1509 1508 1510
f 1509 1510 1511
f 1511 1510 1512
f 1511 1512 1513
f 1513 1512 1514
f 1513 1514 1515
f 1515 1514 1516
f 1515 1516 1517
f 1517 1516 1518
f 1517 1518 1519
f 1519 1518 1520
f 1519 1520 1521
f 1521 1520 1522
f 1521 1522 1523
f 1523 1522 1524
f 1523 1524 1525
f 1525 1524 1526
f 1525 1526 1527
f 1527 1526 1528
f 1527 1528 1529
f 1529 1528 1530
f 1529 1530 1531
f 1531 1530 1532
f 1531 1532 1533
f 1533 1532 1534
f 1533 1534 1535
f 1535 1534 1536
f 1535 1536 1537
f 1537 1536 1538
f 1537 1538 1539
f 1539 1538 1540
f 1539 1540 1541
f 1541 1540 1542
f 1541 1542 1543
f 1543 1542 1544
f 1543 1544 1545
f 1545 1544 1546
f 1545 1546 1547
f 1547 1546 1548
f 1547 1548 1549
f 1549 1548 1550
f 1549 1550 1551
f 1551 1550 1552
f 1551 1552 1553
f 1553 1552 1554
f 1553 1554 1555
f 1555 1554 1556
f 1555 1556 1557
f 1557 1556 1558
f 1557 1558 1559
f 1559 1558 1560
f 1559 1560 1561
f 1561 1560 1562
f 1561 1562 1563
f 1563 1562 1564
f 1563 1564 1565
f 1565 1564 1566
f 1565 1566 1567
f 1567 1566 1568
f 1567 1568 1569
f 1569 1568 1570
f 1569 1570 1571
f 1571 1570 1572
f 1571 1572 1573
f 1573 1572 1574
f 1573 1574 1575
f 1575 1574 1576
f 1575 1576 1577
f 1577 1576 1578
f 1577 1578 1579
f 1579 1578 1580
f 1579 1580 1581
f 1581 1580 1582
f 1581 1582 1583
f 1583 1582 1584
f 1583 1584 1585
f 1585 1584 1586
f 1585 1586 1587
f 1587 1586 1588
f 1587 1588 1589
f 1589 1588 1590
f 1589 1590 1591
f 1591 1590 1592
f 1591 1592 1593
f 1593 1592 1594
f 1593 1594 1595
f 1595 1594 1596
f 1595 1596 1597
f 1597 1596 1598
f 1597 1598 1599
f 1599 1598 1600
f 1599 1600 1601
f 1601 1600 1602
f 1601 1602 1603
f 1603 1602 1604
f 1603 1604 1605
f 1605 1604 1606
f 1605 1606 1607
f 1607 1606 1608
f 1607 1608 1609
f 1609 1608 1610
f 1609 1610 1611
f 1611 1610 1612
f 1611 1612 1613
f 1613 1612 1614
f 1613 1614 1615
f 1615 1614 1616
f 1615 1616 1617
f 1617 1616 1618
f 1618 1616 1619
f 1618 1619 1620
f 1620 1619 1621
f 1620 1621 1622
f 1622 1621 1623
f 1622 1623 1624
f 1624 1623 1625
f 1624 1625 1626
f 1626 1625 1627
f 1626 1627 1628
f 1628 1627 1629
f 1628 1629 1630
f 1630 1629 1631
f 1630 1631 1632
f 1632 1631 1633
f 1632 1633 1634
f 1634 1633 1635
f 1634 1635 1636
f 1636 1635 1637
f 1636 1637 1638
f 1638 1637 1639
f 1638 1639 1640
f 1640 1639 1641
f 1640 1641 1642
f 1642 1641 1643
f 1642 1643 1644
f 1644 1643 1645
f 1644 1645 1646
f 1646 1645 1647
f 1646 1647 1648
f 1648 1647 1649
f 1648 1649 1650
f 1650 1649 1651
f 1650 1651 1652
f 1652 1651 1653
f 1652 1653 1654
f 1654 1653 1655
f 1654 1655 1656
f 1656 1655 1657
f 1656 1657 1658
f 1658 1657 1659
f 1658 1659 1660
f 1660 1659 1661
f 1660 1661 1662
f 1662 1661 1663
f 1662 1663 1664
f 1664 1663 1665
f 1664 1665 1666
f 1666 1665 1667
f 1666 1667 1668
f 1668 1667 1669
f 1668 1669 1670
f 1670 1669 1671
f 1670 1671 1672
f 1672 1671 1673
f 1672 1673 1674
f 1674 1673 1675
f 1674 1675 1676
f 1676 1675 1677
f 1676 1677 1678
f 1678 1677 1679
f 1678 1679 1680
f 1680 1679 1681
f 1680 1681 1682
f 1682 1681 1683
f 1682 1683 1684
f 1684 1683 1685
f 1684 1685 1686
f 1686 1685 1687
f 1686 1687 1688
f 1688 1687 1689
f 1688 1689 1690
f 1690 1689 1691
f 1690 1691 1692
f 1692 1691 1693
f 1692 1693 1694
f 1694 1693 1695
f 1694 1695 1696
f 1696 1695 1697
f 1696 1697 1698
f 1698 1697 1699
f 1698 1699 1700
f 1700 1699 1701
f 1700 1701 1702
f 1702 1701 1703
f 1702 1703 1704
f 1704 1703 1705
f 1704 1705 1706
f 1706 1705 1707
f 1706 1707 1708
f 1708 1707 1709
f 1708 1709 1710
f 1710 1709 1711
f 1710 1711 1712
f 1712 1711 1713
f 1712 1713 1714
f 1714 1713 1715
f 1714 1715 1716
f 1716 1715 1717
f 1716 1717 1718
f 1718 1717 1719
f 1718 1719 1720
f 1720 1719 1721
f 1720 1721 1722
f 1722 1721 1723
f 1722 1723 1724
f 1724 1723 1725
f 1724 1725 1726
f 1726 1725 1727
f 1726 1727 1728
f 1728 1727 1729
f 1728 1729 1730
f 1730 1729 1731
f 1730 1731 1732
f 1732 1731 1733
f 1732 1733 1734
f 1734 1733 1735
f 1734 1735 1736
f 1736 1735 1737
f 1736 1737 1738
f 1738 1737 1739
f 1738 1739 1740
f 1740 1739 1741
f 1740 1741 1742
f 1742 1741 1743
f 1742 1743 1744
f 1744 1743 1745
f 1744 1745 1746
f 1746 1745 1747
f 1746 1747 1748
f 1748 1747 1749
f 1748 1749 1750
f 1750 1749 1751
f 1750 1751 1752
f 1752 1751 1753
f 1752 1753 1754
f 1754 1753 1755
f 1754 1755 1756
f 1756 1755 1757
f 1756 1757 1758
f 1758 1757 1759
f 1758 1759 1760
f 1760 1759 1761
f 1760 1761 1762
f 1762 1761 1763
f 1762 1763 1764
f 1764 1763 1765
f 1764 1765 1766
f 1766 1765 1767
f 1766 1767 1768
f 1768 1767 1769
f 1768 1769 1770
f 1770 1769 1771
f 1770 1771 1772
f 1772 1771 1773
f 1772 1773 1774
f 1774 1773 1775
f 1774 1775 1776
f 1776 1775 1777
f 1776 1777 1778
f 1778 1777 1779
f 1778 1779 1780
f 1780 1779 1781
f 1780 1781 1782
f 1782 1781 1783
f 1782 1783 1784
f 1784 1783 1785
f 1784 1785 1786
f 1786 1785 1787
f 1786 1787 1788
f 1788 1787 1789
f 1788 1789 1790
f 1790 1789 1791
f 1790 1791 1792
f 1792 1791 1793
f 1792 1793 1794
f 1794 1793 1795
f 1794 1795 1796
f 1796 1795 1797
f 1796 1797 1798
f 1798 1797 1799
f 1798 1799 1800
f 1800 1799 1801
f 1800 1801 1802
f 1802 1801 1803
f 1802 1803 1804
f 1804 1803 1805
f 1804 1805 1806
f 1806 1805 1807
f 1806 1807 1808
f 1808 1807 1809
f 1808 1809 1810
f 1810 1809 1811
f 1810 1811 1812
f 1812 1811 1813
f 1812 1813 1814
f 1814 1813 1815
f 1814 1815 1816
f 1816 1815 1817
f 1816 1817 1818
f 1818 1817 1819
f 1818 1819 1820
f 1820 1819 1821
f 1820 1821 1822
f 1822 1821 1823
f 1822 1823 1824
f 1824 1823 1825
f 1824 1825 1826
f 1826 1825 1827
f 1826 1827 1828
f 1828 1827 1829
f 1828 1829 1830
f 1830 1829 1831
f 1830 1831 1832
f 1832 1831 1833
f 1832 1833 1834
f 1834 1833 1835
f 1834 1835 1836
f 1836 1835 1837
f 1836 1837 1838
f 1838 1837 1839
f 1838 1839 1840
f 1840 1839 1841
f 1840 1841 1842
f 1842 1841 1843
f 1842 1843 1844
f 1844 1843 1845
f 1844 1845 1846
f 1846 1845 1847
f 1846 1847 1848
f 1848 1847 1849
f 1848 1849 1850
f 1850 1849 1851
f 1850 1851 1852
f 1852 1851 1853
f 1852 1853 1854
f 1854 1853 1855
f 1854 1855 1856
f 1856 1855 1857
f 1856 1857 1858
f 1858 1857 1859
f 1858 1859 1860
f 1860 1859 1861
f 1860 1861 1862
f 1862 1861 1863
f 1862 1863 1864
f 1864 1863 1865
f 1864 1865 1866
f 1866 1865 1867
f 1866 1867 1868
f 1868 1867 1869
f 1868 1869 1870
f 1870 1869 1871
f 1870 1871 1872
f 1872 1871 1873
f 1872 1873 1874
f 1874 1873 1875
f 1876 1874 1875
f 1876 1875 1877
f 1877 1875 1878
f 1877 1878 1879
f 1879 1878 1880
f 1879 1880 1881
f 1881 1880 1882
f 1881 1882 1883
f 1883 1882 1884
f 1883 1884 1885
f 1885 1884 1886
f 1885 1886 1887
f 1887 1886 1888
f 1887 1888 1889
f 1889 1888 1890
f 1889 1890 1891
f 1891 1890 1892
f 1892 1890 1893
f 1892 1893 1894
f 1894 1893 1895
f 1894 1895 1896
f 1896 1895 1897
f 1896 1897 1898
f 1898 1897 1899
f 1898 1899 812
f 812 1899 1900
f 812 1900 810
f 1901 1902 1903
f 1901 1904 1902
f 1905 1901 1903
f 1906 1905 1903
f 1906 1903 1907
f 1908 1906 1907
f 1908 1907 1909
f 1910 1908 1909
f 1911 1910 1909
f 1911 1909 1912
f 1913 1911 1912
f 1913 1912 1914
f 1915 1913 1914
f 1915 1914 1916
f 1915 1916 1917
f 1918 1915 1917
f 1919 1918 1917
f 1919 1920 1918
f 1919 1917 1921
f 1919 1921 1922
f 1923 1919 1922
f 1923 1922 1924
f 1925 1923 1924
f 1925 1924 1926
f 1927 1925 1926
f 1927 1926 1928
f 1929 1927 1928
f 1930 1929 1928
f 1930 1928 1931
f 1932 1930 1931
f 1933 1932 1931
f 1933 1931 1934
f 1935 1933 1934
f 1935 1934 1936
f 1937 1935 1936
f 1938 1937 1936
f 1938 1936 1939
f 1940 1938 1939
f 1940 1939 1941
f 1942 1940 1941
f 1942 1941 1943
f 1942 1943 1944
f 1945 1942 1944
f 1945 1944 1946
f 1946 1944 1947
f 1945 1946 1948
f 1949 1945 1948
f 1949 1948 1950
f 1951 1949 1950
f 1951 1950 1952
f 1953 1951 1952
f 1953 1952 1954
f 1955 1953 1954
f 1956 1955 1954
f 1956 1954 1957
f 1958 1956 1957
f 1959 1958 1957
f 1960 1959 1957
f 1960 1957 1961
f 1962 1960 1961
f 1963 1962 1961
f 1964 1963 1961
f 1964 1961 1965
f 1966 1964 1965
f 1967 1966 1965
f 1968 1967 1965
f 1968 1965 1969
f 1970 1968 1969
f 1971 1970 1969
f 1972 1971 1969
f 1973 1972 1969
f 1973 1969 1974
f 1975 1973 1974
f 1976 1975 1974
f 1977 1976 1974
f 1978 1977 1974
f 1979 1978 1974
f 1980 1979 1974
f 1981 1980 1974
f 1982 1981 1974
f 1983 1982 1974
f 1983 1984 1982
f 1985 1983 1974
f 1985 1974 1986
f 1987 1985 1986
f 1988 1987 1986
f 1988 1986 1989
f 1990 1988 1989
f 1990 1991 1988
f 1990 1989 1992
f 1993 1990 1992
f 1994 1993 1992
f 1995 1994 1992
f 1996 1995 1992
f 1997 1996 1992
f 1998 1997 1992
f 1998 1992 1999
f 2000 1998 1999
f 2001 2000 1999
f 2002 2001 1999
f 2003 2002 1999
f 2004 2003 1999
f 2005 2004 1999
f 2005 1999 2006
f 2007 2005 2006
f 2008 2007 2006
f 2009 2008 2006
f 2009 2006 2010
f 2011 2009 2010
f 2012 2011 2010
f 2012 2010 2013
f 2014 2012 2013
f 2015 2014 2013
f 2015 2013 2016
f 2017 2015 2016
f 2018 2017 2016
f 2018 2016 2019
f 2020 2018 2019
f 2021 2020 2019
f 2021 2019 2022
f 2023 2021 2022
f 2024 2023 2022
f 2024 2022 2025
f 2026 2024 2025
f 2027 2026 2025
f 2027 2025 2028
f 2029 2027 2028
f 2029 2028 2030
f 2031 2029 2030
f 2031 2030 2032
f 2033 2031 2032
f 2033 2032 2034
f 2035 2033 2034
f 2035 2034 2036
f 2037 2035 2036
f 2037 2036 2038
f 2037 2038 2039
f 2040 2037 2039
f 2040 2039 2041
f 2042 2040 2041
f 2042 2041 2043
f 2042 2043 2044
f 2045 2042 2044
f 2045 2044 2046
f 2047 2045 2046
f 2047 2046 2048
f 2049 2047 2048
f 2049 2048 2050
f 2051 2049 2050
f 2052 2051 2050
f 2052 2050 2053
f 2054 2052 2053
f 2054 2053 2055
f 2056 2054 2055
f 2056 2055 2057
f 2056 2057 2058
f 2059 2056 2058
f 2059 2058 2060
f 2059 2060 2061
f 2062 2059 2061
f 2062 2061 2063
f 2062 2063 2064
f 2065 2062 2064
f 2065 2064 2066
f 2067 2065 2066
f 2067 2066 2068
f 2067 2068 2069
f 2067 2069 2070
f 2069 2071 2070
f 2067 2070 2072
f 2067 2072 2073
f 2074 2067 2073
f 2074 2073 2075
f 2074 2075 2076
f 2074 2076 2077
f 2078 2074 2077
f 2078 2077 2079
f 2078 2079 2080
f 2078 2080 2081
f 2078 2081 2082
f 2083 2082 2081
f 2084 2078 2082
f 2084 2082 2085
f 2084 2085 2086
f 2084 2086 2087
f 2088 2084 2087
f 2088 2087 2089
f 2088 2089 2090
f 2091 2088 2090
f 2091 2090 2092
f 2091 2092 2093
f 2091 2093 2094
f 2095 2091 2094
f 2095 2094 2096
f 2095 2096 2097
f 2098 2095 2097
f 2098 2097 2099
f 2098 2099 2100
f 2098 2100 2101
f 2102 2098 2101
f 2102 2101 2103
f 2104 2102 2103
f 2105 2104 2103
f 2106 2105 2103
f 2106 2103 2107
f 2106 2107 2108
f 2109 2106 2108
f 2109 2108 2110
f 2109 2110 2111
f 2112 2109 2111
f 2112 2111 2113
f 2114 2112 2113
f 2114 2113 2115
f 2116 2114 2115
f 2117 2116 2115
f 2117 2115 2118
f 2119 2117 2118
f 2120 2119 2118
f 2121 2120 2118
f 2121 2122 2120
f 2122 2123 2120
f 2122 2124 2123
f 2083 2081 2125
f 2083 2125 2126
f 2127 2083 2126
f 2127 2126 2128
f 2129 2127 2128
f 2129 2128 2130
f 2129 2130 2131
f 2071 2129 2131
f 2071 2131 2132
f 2071 2132 2133
f 2071 2133 2070
f 1991 2134 1988
f 2134 2135 1988
f 2135 2136 1988
f 2136 2137 1988
f 2137 2138 1988
f 2138 2139 1988
f 2139 2140 1988
f 2140 2141 1988
f 2140 2142 2141
f 2142 2143 2141
f 2143 2144 2141
f 2144 2145 2141
f 2145 2146 2141
f 2146 2147 2141
f 2147 2148 2141
f 2148 2149 2141
f 2149 2150 2141
f 2149 2151 2150
f 2141 2150 2152
f 2141 2152 2153
f 2154 2141 2153
f 2154 2153 2155
f 2156 2154 2155
f 2156 2155 2157
f 2158 2156 2157
f 2158 2157 2159
f 2160 2158 2159
f 2160 2159 2161
f 2162 2160 2161
f 2163 2162 2161
f 2163 2161 2164
f 2165 2163 2164
f 2165 2164 2166
f 2167 2165 2166
f 2167 2168 2165
f 2169 2167 2166
f 2169 2166 2170
f 2171 2169 2170
f 2171 2170 2172
f 2173 2171 2172
f 2173 2172 2174
f 2175 2173 2174
f 2175 2174 2176
f 2177 2175 2176
f 2177 2176 2178
f 2179 2177 2178
f 2179 2178 2180
f 2151 2179 2180
f 2151 2180 2181
f 2151 2181 2150
f 2167 2182 2168
f 2182 2183 2168
f 2182 2184 2183
f 2184 2185 2183
f 2184 2186 2185
f 2186 2187 2185
f 2187 2188 2185
f 2187 2189 2188
f 2189 2190 2188
f 2190 2191 2188
f 2190 2192 2191
f 2192 2193 2191
f 2192 2194 2193
f 2194 2195 2193
f 2194 2196 2195
f 2196 2197 2195
f 2196 2198 2197
f 2198 2199 2197
f 2198 2200 2199
f 2200 2201 2199
f 2200 2202 2201
f 2202 2203 2201
f 2202 2204 2203
f 2204 2205 2203
f 2204 2206 2205
f 2206 2207 2205
f 2206 2208 2207
f 2208 2209 2207
f 2208 2210 2209
f 2210 2211 2209
f 2210 2212 2211
f 2212 2213 2211
f 2212 2214 2213
f 2214 2215 2213
f 2214 2216 2215
f 2216 2217 2215
f 1983 2218 1984
f 2218 2219 1984
f 2218 2220 2219
f 2218 2221 2220
f 2218 2222 2221
f 2218 2223 2222
f 2218 2224 2223
f 2224 2225 2223
f 2224 2226 2225
f 2224 2227 2226
f 2227 2228 2226
f 2227 2229 2228
f 2227 2230 2229
f 2230 2231 2229
f 2230 2232 2231
f 2230 2233 2232
f 2233 2234 2232
f 2234 2235 2232
f 2234 2236 2235
f 2236 2237 2235
f 2236 2238 2237
f 2236 2239 2238
f 2239 2240 2238
f 1946 1947 2241
f 2242 1946 2241
f 2242 2241 2243
f 2244 2242 2243
f 2244 2243 2245
f 2246 2244 2245
f 2246 2245 1902
f 1904 2246 1902
f 1920 2247 1918
f 1920 2248 2247
f 2248 2249 2247
f 2248 2250 2249
f 2250 2251 2249
f 2250 2252 2251
f 2252 2253 2251
f 2252 2254 2253
f 2252 2255 2254
f 2255 2256 2254
f 2255 2257 2256
f 2255 2258 2257
f 2255 2259 2258
f 2259 2260 2258
f 2259 2261 2260
f 2259 2262 2261
f 2259 2263 2262
f 2263 2264 2262
f 2263 2265 2264
f 2263 2266 2265
f 2263 2267 2266
f 2267 2268 2266
f 2267 2269 2268
f 2267 2270 2269
f 2267 2271 2270
f 2267 2272 2271
f 2272 2273 2271
f 2272 2274 2273
f 2272 2275 2274
f 2272 2276 2275
f 2272 2277 2276
f 2272 2278 2277
f 2272 2279 2278
f 2272 2280 2279
f 2272 2281 2280
f 2272 2282 2281
f 2281 2283 2280
f 2281 2284 2283
f 2284 2285 2283
f 2284 2286 2285
f 2284 2287 2286
f 2284 2288 2287
f 2284 2289 2288
f 2284 2290 2289
f 2290 2291 2289
f 2290 2292 2291
f 2290 2293 2292
f 2293 2294 2292
f 2293 2295 2294
f 2293 2296 2295
f 2296 2297 2295
f 2296 2298 2297
f 2296 2299 2298
f 2299 2300 2298
f 2300 2301 2298
f 2300 2302 2301
f 2302 2303 2301
f 2302 2304 2303
f 2302 2305 2304
f 2305 2306 2304
f 2272 2307 2282
f 2307 2308 2282
f 2307 2309 2308
f 2307 2310 2309
f 2310 2311 2309
f 2310 2312 2311
f 2311 2313 2309
f 2313 2314 2309
f 2314 2315 2309
f 2315 2316 2309
f 2316 2317 2309
f 2317 2318 2309
f 2318 2319 2309
f 2319 2320 2309
f 2320 2321 2309
f 2320 2322 2321
f 2322 2323 2321
f 2323 2324 2321
f 2324 2325 2321
f 2325 2326 2321
f 2326 2327 2321
f 2327 2328 2321
f 2328 2329 2321
f 2329 2330 2321
f 2329 2331 2330
f 2321 2330 2332
f 2321 2332 2333
f 2334 2321 2333
f 2334 2333 2335
f 2336 2334 2335
f 2336 2335 2337
f 2338 2336 2337
f 2338 2337 2339
f 2340 2338 2339
f 2340 2339 2341
f 2340 2341 2342
f 2343 2340 2342
f 2343 2342 2344
f 2345 2343 2344
f 2345 2346 2343
f 2347 2345 2344
f 2347 2344 2348
f 2349 2347 2348
f 2349 2348 2350
f 2351 2349 2350
f 2351 2350 2352
f 2353 2351 2352
f 2353 2352 2354
f 2355 2353 2354
f 2355 2354 2356
f 2357 2355 2356
f 2357 2356 2358
f 2331 2357 2358
f 2331 2358 2359
f 2331 2359 2330
f 2345 2360 2346
f 2360 2361 2346
f 2360 2362 2361
f 2362 2363 2361
f 2362 2364 2363
f 2364 2365 2363
f 2365 2366 2363
f 2365 2367 2366
f 2367 2368 2366
f 2368 2369 2366
f 2368 2370 2369
f 2370 2371 2369
f 2370 2372 2371
f 2372 2373 2371
f 2372 2374 2373
f 2374 2375 2373
f 2374 2376 2375
f 2376 2377 2375
f 2376 2378 2377
f 2378 2379 2377
f 2378 2380 2379
f 2380 2381 2379
f 2380 2382 2381
f 2382 2383 2381
f 2382 2384 2383
f 2384 2385 2383
f 2384 2386 2385
f 2386 2387 2385
f 2386 2388 2387
f 2388 2389 2387
f 2388 2390 2389
f 2390 2391 2389
f 2390 2392 2391
f 2392 2393 2391
f 2392 2394 2393
f 2394 2395 2393
f 2312 2396 2311
f 2312 2397 2396
f 2312 2398 2397
f 2312 2399 2398
f 2312 2400 2399
f 2312 2401 2400
f 2312 2402 2401
f 2402 2403 2401
f 2402 2404 2403
f 2402 2405 2404
f 2402 2406 2405
f 2402 2407 2406
f 2402 2408 2407
f 2402 2409 2408
f 2409 2410 2408
f 2409 2411 2410
f 2409 2412 2411
f 2409 2413 2412
f 2413 2414 2412
f 2413 2415 2414
f 2413 2416 2415
f 2416 2417 2415
f 2416 2418 2417
f 2416 2419 2418
f 2419 2420 2418
f 2419 2421 2420
f 2419 2422 2421
f 2422 2423 2421
f 2422 2424 2423
f 2422 2425 2424
f 2425 2426 2424
f 2425 2427 2426
f 2425 2428 2427
f 2428 2429 2427
f 2428 2430 2429
f 2428 2431 2430
f 2431 2432 2430
f 2431 2433 2432
f 2433 2434 2432
f 2433 2435 2434
f 2435 2436 2434
f 2435 2437 2436
f 2437 2438 2436
f 2437 2439 2438
f 2439 2440 2438
f 2439 2441 2440
f 2441 2442 2440
f 2442 2443 2440
f 2442 2444 2443
f 2444 2445 2443
f 2444 2446 2445
f 2446 2447 2445
f 2447 2448 2445
f 2447 2449 2448
f 2449 2450 2448
f 2449 2451 2450
f 2451 2452 2450
f 2451 2453 2452
f 2453 2454 2452
f 2453 2455 2454
f 2453 2456 2455
f 2456 2457 2455
f 2456 2458 2457
f 2458 2459 2457
f 2458 2460 2459
f 2460 2461 2459
f 2461 2462 2459
f 2461 2463 2462
f 2463 2464 2462
f 2464 2465 2462
f 2464 2466 2465
f 2466 2467 2465
f 2467 2468 2465
f 2467 2469 2468
f 2469 2470 2468
f 2469 2471 2470
f 2471 2472 2470
f 2472 2473 2470
f 2472 2474 2473
f 2470 2473 2475
f 2470 2475 2476
f 2477 2470 2476
f 2477 2476 2478
f 2477 2478 2479
f 2477 2479 2480
f 2481 2477 2480
f 2481 2480 2482
f 2481 2482 2483
f 2481 2483 2484
f 2485 2481 2484
f 2485 2486 2481
f 2487 2485 2484
f 2487 2484 2488
f 2487 2488 2489
f 2490 2487 2489
f 2490 2489 2491
f 2492 2490 2491
f 2492 2491 2493
f 2492 2493 2494
f 2474 2492 2494
f 2474 2494 2495
f 2474 2495 2496
f 2474 2496 2473
f 2485 2497 2486
f 2497 2498 2486
f 2498 2499 2486
f 2499 2500 2486
f 2499 2501 2500
f 2501 2502 2500
f 2502 2503 2500
f 2502 2504 2503
f 2504 2505 2503
f 2505 2506 2503
f 2506 2507 2503
f 2506 2508 2507
f 2508 2509 2507
f 2509 2510 2507
f 2509 2511 2510
f 2511 2512 2510
f 2512 2513 2510
f 2513 2514 2510
f 2513 2515 2514
f 2515 2516 2514
f 2515 2517 2516
f 2515 2518 2517
f 2515 2519 2518
f 2519 2520 2518
f 2520 2521 2518
f 2520 2522 2521
f 2522 2523 2521
f 2523 2524 2521
f 2523 2525 2524
f 2525 2526 2524
f 2525 2527 2526
f 2527 2528 2526
f 2527 2529 2528
f 2527 2530 2529
f 2530 2531 2529
f 2530 2532 2531
f 2530 2533 2532
f 2533 2534 2532
f 2534 2535 2532
f 2534 2536 2535
