3774 3790 0
v -0.113225925 -0.156505275 -0.02625
v -0.11622318 -0.156406575 -0.02625
v -0.11625 -0.1575 -0.02625
v -0.11315943 -0.15553437 -0.02625
v -0.113249205 -0.15747177 -0.02625
v -0.11322927 -0.158433885 -0.02625
v -0.11622318 -0.158593425 -0.02625
v -0.11316612 -0.15939156 -0.02625
v -0.11615025 -0.159675495 -0.02625
v -0.11305938 -0.160346745 -0.02625
v -0.116031195 -0.160746195 -0.02625
v -0.11290869 -0.161301075 -0.02625
v -0.11586603 -0.16180551 -0.02625
v -0.112715175 -0.162249075 -0.02625
v -0.11565477 -0.16285347 -0.02625
v -0.11247999 -0.16318503 -0.02625
v -0.11539686 -0.16389147 -0.02625
v -0.11220372 -0.164105205 -0.02625
v -0.115090455 -0.164924415 -0.02625
v -0.111884385 -0.16501593 -0.02625
v -0.114737295 -0.16594764 -0.02625
v -0.111523665 -0.165913665 -0.02625
v -0.111123915 -0.166792845 -0.02625
v -0.11433963 -0.16695528 -0.02625
v -0.110687385 -0.167648175 -0.02625
v -0.113899695 -0.16794144 -0.02625
v -0.11021337 -0.16848126 -0.02625
v -0.113419665 -0.16890033 -0.02625
v -0.10970112 -0.169293945 -0.02625
v -0.11289603 -0.169837695 -0.02625
v -0.109150635 -0.17008623 -0.02625
v -0.112327695 -0.170756835 -0.02625
v -0.108561885 -0.170858085 -0.02625
v -0.11171823 -0.17165256 -0.02625
v -0.10842252 -0.171032055 -0.02625
v -0.10826766 -0.17120946 -0.02625
v -0.108098805 -0.171391005 -0.02625
v -0.10790421 -0.171572535 -0.02625
v -0.10768206 -0.171752115 -0.02625
v -0.111071205 -0.17251974 -0.02625
v -0.107424345 -0.171917145 -0.02625
v -0.107137245 -0.17206089 -0.02625
v -0.106985085 -0.172119405 -0.02625
v -0.106826835 -0.172170015 -0.02625
v -0.10666638 -0.172210245 -0.02625
v -0.10650669 -0.172238025 -0.02625
v -0.10618413 -0.17225943 -0.02625
v -0.10136469 -0.172351155 -0.02625
v -0.101248095 -0.172244055 -0.02625
v -0.101487615 -0.1724679 -0.02625
v -0.101616555 -0.172596495 -0.02625
v -0.110390175 -0.173353155 -0.02625
v -0.101750655 -0.172739655 -0.02625
v -0.101888535 -0.17290149 -0.02625
v -0.102027975 -0.17308692 -0.02625
v -0.10216533 -0.17330079 -0.02625
v -0.10229454 -0.173548485 -0.02625
v -0.10967592 -0.174150915 -0.02625
v -0.102404445 -0.173826705 -0.02625
v -0.10248561 -0.17412747 -0.02625
v -0.102513255 -0.17428431 -0.02625
v -0.10892157 -0.17492094 -0.02625
v -0.102529695 -0.17444172 -0.02625
v -0.102535215 -0.174600495 -0.02625
v -0.10252926 -0.17475879 -0.02625
v -0.102510465 -0.17491413 -0.02625
v -0.10247913 -0.17506749 -0.02625
v -0.10813071 -0.17566035 -0.02625
v -0.102383475 -0.175362345 -0.02625
v -0.102249705 -0.175637385 -0.02625
v -0.10208877 -0.17588583 -0.02625
v -0.10730805 -0.176364945 -0.02625
v -0.10191423 -0.17610267 -0.02625
v -0.10173708 -0.176286105 -0.02625
v -0.101563785 -0.17643825 -0.02625
v -0.106458285 -0.177030555 -0.02625
v -0.10139772 -0.176564235 -0.02625
v -0.10123914 -0.17667114 -0.02625
v -0.10108758 -0.176763255 -0.02625
v -0.1009428 -0.17684361 -0.02625
v -0.10080468 -0.17691456 -0.02625
v -0.10067328 -0.176978055 -0.02625
v -0.1005489 -0.177035415 -0.02625
v -0.105585915 -0.177653175 -0.02625
v -0.10043169 -0.1770876 -0.02625
v -0.100321665 -0.177135285 -0.02625
v -0.09941883 -0.177498555 -0.02625
v -0.09850683 -0.17781936 -0.02625
v -0.104684055 -0.17823708 -0.02625
v -0.097585665 -0.1780977 -0.02625
v -0.09665532 -0.17833359 -0.02625
v -0.10375152 -0.17878386 -0.02625
v -0.09571392 -0.178527225 -0.02625
v -0.09475974 -0.17867883 -0.02625
v -0.09379833 -0.17878773 -0.02625
v -0.102793845 -0.179290575 -0.02625
v -0.09283551 -0.178853295 -0.02625
v -0.091875 -0.17887488 -0.02625
v -0.07999848 -0.17878386 -0.02625
v -0.080956155 -0.179290575 -0.02625
v -0.09091017 -0.178852605 -0.02625
v -0.08994489 -0.17878695 -0.02625
v -0.08898522 -0.17867847 -0.02625
v -0.079065945 -0.17823708 -0.02625
v -0.08803686 -0.1785276 -0.02625
v -0.08709807 -0.17833422 -0.02625
v -0.086166855 -0.17809818 -0.02625
v -0.078164085 -0.177653175 -0.02625
v -0.08524326 -0.17781945 -0.02625
v -0.08432724 -0.177498045 -0.02625
v -0.077291715 -0.177030555 -0.02625
v -0.08412126 -0.17742021 -0.02625
v -0.08390715 -0.177329025 -0.02625
v -0.083684865 -0.177226155 -0.02625
v -0.08345361 -0.17709873 -0.02625
v -0.083214645 -0.176944455 -0.02625
v -0.07644195 -0.176364945 -0.02625
v -0.082978305 -0.176752335 -0.02625
v -0.08275266 -0.17652579 -0.02625
v -0.08255187 -0.17626608 -0.02625
v -0.07561929 -0.17566035 -0.02625
v -0.08246322 -0.176126535 -0.02625
v -0.08238645 -0.17598339 -0.02625
v -0.08226381 -0.175682355 -0.02625
v -0.082187145 -0.175371885 -0.02625
v -0.07482843 -0.17492094 -0.02625
v -0.082156245 -0.175054605 -0.02625
v -0.08216484 -0.1747437 -0.02625
v -0.07407408 -0.174150915 -0.02625
v -0.08220882 -0.17444406 -0.02625
v -0.082282095 -0.17416707 -0.02625
v -0.08237457 -0.173914485 -0.02625
v -0.073359825 -0.173353155 -0.02625
v -0.082480995 -0.17368953 -0.02625
v -0.082591545 -0.17348643 -0.02625
v -0.082704525 -0.173303835 -0.02625
v -0.07812045 -0.17301207 -0.02625
v -0.072678795 -0.17251974 -0.02625
v -0.078282285 -0.173019345 -0.02625
v -0.082815435 -0.173133525 -0.02625
v -0.078443025 -0.173014425 -0.02625
v -0.07860126 -0.17299539 -0.02625
v -0.08292492 -0.17297658 -0.02625
v -0.07875726 -0.172964145 -0.02625
v -0.07904823 -0.17287161 -0.02625
v -0.079312635 -0.172745655 -0.02625
v -0.08315028 -0.17265822 -0.02625
v -0.079550445 -0.172595835 -0.02625
v -0.079761255 -0.172431255 -0.02625
v -0.083376285 -0.172347765 -0.02625
v -0.079945125 -0.1722582 -0.02625
v -0.0801033 -0.17208141 -0.02625
v -0.08360298 -0.1720452 -0.02625
v -0.08023794 -0.171904995 -0.02625
v -0.083830335 -0.17175054 -0.02625
v -0.08035341 -0.17173287 -0.02625
v -0.080453115 -0.17156646 -0.02625
v -0.084058365 -0.17146377 -0.02625
v -0.08053998 -0.17140659 -0.02625
v -0.080617125 -0.171253155 -0.02625
v -0.084287055 -0.17118489 -0.02625
v -0.080686845 -0.171106545 -0.02625
v -0.08075055 -0.170967105 -0.02625
v -0.08451648 -0.170913825 -0.02625
v -0.0808092 -0.170835135 -0.02625
v -0.08474664 -0.17065053 -0.02625
v -0.080993385 -0.170412555 -0.02625
v -0.08497746 -0.17039514 -0.02625
v -0.081170115 -0.16999341 -0.02625
v -0.085208895 -0.17014776 -0.02625
v -0.08544087 -0.16990848 -0.02625
v -0.08133939 -0.16957773 -0.02625
v -0.08567334 -0.16967745 -0.02625
v -0.08590569 -0.169454685 -0.02625
v -0.08150121 -0.16916547 -0.02625
v -0.08613786 -0.169240125 -0.02625
v -0.08637057 -0.16903368 -0.02625
v -0.08165559 -0.168756645 -0.02625
v -0.08660457 -0.168835275 -0.02625
v -0.086840595 -0.16864479 -0.02625
v -0.081802515 -0.168351255 -0.02625
v -0.087079395 -0.168462135 -0.02625
v -0.087322065 -0.16828611 -0.02625
v -0.081942255 -0.16794906 -0.02625
v -0.087568245 -0.16811655 -0.02625
v -0.087816465 -0.167954925 -0.02625
v -0.088065225 -0.16780269 -0.02625
v -0.082074825 -0.167550015 -0.02625
v -0.08831304 -0.167661345 -0.02625
v -0.088558455 -0.16753233 -0.02625
v -0.08219997 -0.167154405 -0.02625
v -0.088802055 -0.16741527 -0.02625
v -0.089045175 -0.16730889 -0.02625
v -0.08928735 -0.16721337 -0.02625
v -0.08952816 -0.167128965 -0.02625
v -0.082317345 -0.166762515 -0.02625
v -0.08976717 -0.167055795 -0.02625
v -0.090003915 -0.166994145 -0.02625
v -0.090238515 -0.166943955 -0.02625
v -0.090471285 -0.16690503 -0.02625
v -0.09070227 -0.16687737 -0.02625
v -0.09093144 -0.16686102 -0.02625
v -0.091158795 -0.16685595 -0.02625
v -0.101399955 -0.166871355 -0.02625
v -0.10126764 -0.166584255 -0.02625
v -0.09138435 -0.16686216 -0.02625
v -0.091678215 -0.166886415 -0.02625
v -0.10154001 -0.167161155 -0.02625
v -0.09197478 -0.16692222 -0.02625
v -0.092274075 -0.166969575 -0.02625
v -0.09257607 -0.16702848 -0.02625
v -0.09288078 -0.167098935 -0.02625
v -0.093188205 -0.16718094 -0.02625
v -0.10168791 -0.167453655 -0.02625
v -0.093498645 -0.167275095 -0.02625
v -0.09381219 -0.167381535 -0.02625
v -0.09412842 -0.167499525 -0.02625
v -0.10184379 -0.167748225 -0.02625
v -0.094447005 -0.167628315 -0.02625
v -0.094767555 -0.167767245 -0.02625
v -0.102007545 -0.168044775 -0.02625
v -0.09508971 -0.16791552 -0.02625
v -0.09541377 -0.168073815 -0.02625
v -0.102179115 -0.168343215 -0.02625
v -0.095740125 -0.168242805 -0.02625
v -0.09606843 -0.16842189 -0.02625
v -0.102358395 -0.16864347 -0.02625
v -0.096398415 -0.168610485 -0.02625
v -0.09672972 -0.168807975 -0.02625
v -0.102545295 -0.16894542 -0.02625
v -0.09706206 -0.16901379 -0.02625
v -0.10273986 -0.16924911 -0.02625
v -0.097395615 -0.16922832 -0.02625
v -0.0977307 -0.16945215 -0.02625
v -0.10294212 -0.169554585 -0.02625
v -0.098067135 -0.169684875 -0.02625
v -0.10315212 -0.169861875 -0.02625
v -0.09840471 -0.169926135 -0.02625
v -0.103369815 -0.170170965 -0.02625
v -0.09874326 -0.170175555 -0.02625
v -0.103595235 -0.170481855 -0.02625
v -0.09908259 -0.17043273 -0.02625
v -0.09942273 -0.17069772 -0.02625
v -0.103828365 -0.170794545 -0.02625
v -0.103944975 -0.170948655 -0.02625
v -0.09976383 -0.170970885 -0.02625
v -0.104073105 -0.171107235 -0.02625
v -0.10010592 -0.17125218 -0.02625
v -0.10421154 -0.171270585 -0.02625
v -0.104369295 -0.17143719 -0.02625
v -0.100448955 -0.171541635 -0.02625
v -0.10454823 -0.171606015 -0.02625
v -0.104757795 -0.17177082 -0.02625
v -0.100792965 -0.171839235 -0.02625
v -0.104996475 -0.1719255 -0.02625
v -0.10526574 -0.172059915 -0.02625
v -0.10113795 -0.17214498 -0.02625
v -0.105556905 -0.172164765 -0.02625
v -0.10586676 -0.172234635 -0.02625
v -0.082426665 -0.166374675 -0.02625
v -0.10114323 -0.166299135 -0.02625
v -0.08252763 -0.16599114 -0.02625
v -0.10102683 -0.16601526 -0.02625
v -0.100918605 -0.165731925 -0.02625
v -0.08262066 -0.165611475 -0.02625
v -0.10081869 -0.16544838 -0.02625
v -0.082706115 -0.16523535 -0.02625
v -0.100726275 -0.1651632 -0.02625
v -0.082783515 -0.164863245 -0.02625
v -0.100641075 -0.164876655 -0.02625
v -0.100564065 -0.16459065 -0.02625
v -0.08285238 -0.164495655 -0.02625
v -0.100496145 -0.16430703 -0.02625
v -0.082912245 -0.16413306 -0.02625
v -0.100438305 -0.164027655 -0.02625
v -0.082962645 -0.16377594 -0.02625
v -0.100391445 -0.163754385 -0.02625
v -0.08300412 -0.16342374 -0.02625
v -0.1003554 -0.16348653 -0.02625
v -0.100329345 -0.16322244 -0.02625
v -0.08303718 -0.16307595 -0.02625
v -0.10031334 -0.16296261 -0.02625
v -0.08306124 -0.162733155 -0.02625
v -0.10030746 -0.16270749 -0.02625
v -0.08307573 -0.162395925 -0.02625
v -0.10031175 -0.162457575 -0.02625
v -0.10032627 -0.16221336 -0.02625
v -0.083080065 -0.16206486 -0.02625
v -0.10035102 -0.16197474 -0.02625
v -0.083073675 -0.161740515 -0.02625
v -0.10038594 -0.161741325 -0.02625
v -0.10043103 -0.1615131 -0.02625
v -0.08305668 -0.161422785 -0.02625
v -0.100486275 -0.161290095 -0.02625
v -0.083029515 -0.16111122 -0.02625
v -0.100551705 -0.161072295 -0.02625
v -0.082992225 -0.160805805 -0.02625
v -0.10062732 -0.1608597 -0.02625
v -0.1007412 -0.16058772 -0.02625
v -0.08294478 -0.16050654 -0.02625
v -0.1008669 -0.160316715 -0.02625
v -0.08288718 -0.16021341 -0.02625
v -0.10100442 -0.160046715 -0.02625
v -0.082819455 -0.15992643 -0.02625
v -0.10115376 -0.159777705 -0.02625
v -0.082755645 -0.159709995 -0.02625
v -0.101314935 -0.159509685 -0.02625
v -0.08268057 -0.15949533 -0.02625
v -0.091875 -0.159373245 -0.02625
v -0.082594185 -0.159282435 -0.02625
v -0.09217074 -0.159351075 -0.02625
v -0.092451585 -0.159283395 -0.02625
v -0.10148793 -0.159242655 -0.02625
v -0.092726085 -0.15916878 -0.02625
v -0.09297861 -0.159015525 -0.02625
v -0.101673405 -0.158976495 -0.02625
v -0.09319824 -0.158827035 -0.02625
v -0.101871525 -0.158711205 -0.02625
v -0.09339141 -0.15860004 -0.02625
v -0.10208145 -0.15844689 -0.02625
v -0.093546135 -0.15835014 -0.02625
v -0.1023024 -0.1581837 -0.02625
v -0.093655155 -0.158086395 -0.02625
v -0.102533565 -0.15792177 -0.02625
v -0.093723075 -0.157803075 -0.02625
v -0.10277415 -0.15766122 -0.02625
v -0.09375 -0.1575 -0.02625
v -0.10302483 -0.15740193 -0.02625
v -0.093723075 -0.157196925 -0.02625
v -0.1032864 -0.157143765 -0.02625
v -0.093655155 -0.156913605 -0.02625
v -0.10355817 -0.15688686 -0.02625
v -0.093546135 -0.15664986 -0.02625
v -0.10383951 -0.156631305 -0.02625
v -0.09339141 -0.15639996 -0.02625
v -0.104129715 -0.15637725 -0.02625
v -0.09319824 -0.156172965 -0.02625
v -0.104428155 -0.156124785 -0.02625
v -0.09297861 -0.155984475 -0.02625
v -0.104735265 -0.155873835 -0.02625
v -0.092726085 -0.15583122 -0.02625
v -0.092451585 -0.155716605 -0.02625
v -0.09217074 -0.155648925 -0.02625
v -0.091875 -0.155626755 -0.02625
v -0.10505169 -0.15562431 -0.02625
v -0.07866081 -0.15551706 -0.02625
v -0.09157926 -0.155648925 -0.02625
v -0.10537698 -0.15537627 -0.02625
v -0.078377145 -0.1553649 -0.02625
v -0.078085575 -0.155215215 -0.02625
v -0.105710745 -0.15512976 -0.02625
v -0.077786325 -0.155068515 -0.02625
v -0.07747953 -0.15492486 -0.02625
v -0.106052565 -0.154884855 -0.02625
v -0.07716531 -0.154784265 -0.02625
v -0.0768438 -0.15464673 -0.02625
v -0.10640202 -0.154641615 -0.02625
v -0.076515105 -0.1545123 -0.02625
v -0.10675917 -0.15440001 -0.02625
v -0.076179195 -0.154380975 -0.02625
v -0.075835995 -0.154252725 -0.02625
v -0.107124345 -0.154159995 -0.02625
v -0.07548549 -0.15412755 -0.02625
v -0.075127695 -0.154005465 -0.02625
v -0.10749759 -0.153921585 -0.02625
v -0.07476258 -0.15388644 -0.02625
v -0.074390175 -0.153770505 -0.02625
v -0.074215905 -0.15371787 -0.02625
v -0.10787889 -0.15368478 -0.02625
v -0.0740292 -0.153666765 -0.02625
v -0.073829925 -0.15361737 -0.02625
v -0.073614375 -0.153574635 -0.02625
v -0.073380345 -0.153542925 -0.02625
v -0.07312419 -0.15352632 -0.02625
v -0.10826823 -0.15344958 -0.02625
v -0.06788397 -0.15319449 -0.02625
v -0.072849645 -0.153536025 -0.02625
v -0.10866561 -0.153215955 -0.02625
v -0.10878387 -0.15314757 -0.02625
v -0.06809523 -0.15214653 -0.02625
v -0.108909555 -0.15307644 -0.02625
v -0.10904346 -0.153003105 -0.02625
v -0.10918674 -0.152928255 -0.02625
v -0.10934088 -0.152853255 -0.02625
v -0.109507905 -0.15277962 -0.02625
v -0.109690005 -0.15270924 -0.02625
v -0.109889685 -0.15264447 -0.02625
v -0.11011053 -0.15258969 -0.02625
v -0.110353545 -0.152550465 -0.02625
v -0.110617305 -0.152531955 -0.02625
v -0.11565477 -0.15214653 -0.02625
v -0.06835314 -0.15110853 -0.02625
v -0.110898675 -0.152539725 -0.02625
v -0.11586603 -0.15319449 -0.02625
v -0.111191385 -0.15258147 -0.02625
v -0.11148795 -0.152665065 -0.02625
v -0.111635835 -0.152724 -0.02625
v -0.111778845 -0.15279588 -0.02625
v -0.11191878 -0.15288237 -0.02625
v -0.112051695 -0.1529784 -0.02625
v -0.112284465 -0.15318957 -0.02625
v -0.112475115 -0.15341007 -0.02625
v -0.116031195 -0.154253805 -0.02625
v -0.112626015 -0.15362814 -0.02625
v -0.11274591 -0.15383925 -0.02625
v -0.11284095 -0.15404121 -0.02625
v -0.112915485 -0.15423336 -0.02625
v -0.1129734 -0.154415295 -0.02625
v -0.11615025 -0.155324505 -0.02625
v -0.11301855 -0.15458688 -0.02625
v -0.1130541 -0.15474837 -0.02625
v -0.113082015 -0.15490023 -0.02625
v -0.11310405 -0.15504297 -0.02625
v -0.113121765 -0.15517716 -0.02625
v -0.113136405 -0.15530334 -0.02625
v -0.11314878 -0.15542223 -0.02625
v -0.07886796 -0.15128232 -0.02625
v -0.079288455 -0.15128511 -0.02625
v -0.078442275 -0.151273725 -0.02625
v -0.078011325 -0.15125925 -0.02625
v -0.07757481 -0.15123876 -0.02625
v -0.077132715 -0.151212255 -0.02625
v -0.076685055 -0.151179735 -0.02625
v -0.076231815 -0.151141155 -0.02625
v -0.075773025 -0.15109659 -0.02625
v -0.075631425 -0.151081845 -0.02625
v -0.07548018 -0.151064445 -0.02625
v -0.07531944 -0.15104355 -0.02625
v -0.068659545 -0.150075585 -0.02625
v -0.075149535 -0.15101772 -0.02625
v -0.07497078 -0.15098454 -0.02625
v -0.074783145 -0.15094164 -0.02625
v -0.074586645 -0.150886515 -0.02625
v -0.074381325 -0.150814995 -0.02625
v -0.074167815 -0.15072183 -0.02625
v -0.073947405 -0.150602865 -0.02625
v -0.07372185 -0.15045345 -0.02625
v -0.073496145 -0.150265575 -0.02625
v -0.07328292 -0.150038565 -0.02625
v -0.069012705 -0.14905236 -0.02625
v -0.07318416 -0.14990931 -0.02625
v -0.073095525 -0.149773905 -0.02625
v -0.073020855 -0.149633985 -0.02625
v -0.072957975 -0.149488605 -0.02625
v -0.07286745 -0.14919921 -0.02625
v -0.07281978 -0.14891526 -0.02625
v -0.06941037 -0.14804472 -0.02625
v -0.072805035 -0.148643205 -0.02625
v -0.072814965 -0.14838858 -0.02625
v -0.07284441 -0.14815368 -0.02625
v -0.072888435 -0.14794023 -0.02625
v -0.069850305 -0.14705856 -0.02625
v -0.072941715 -0.147746925 -0.02625
v -0.07300134 -0.14757087 -0.02625
v -0.07306497 -0.14741004 -0.02625
v -0.07313031 -0.14726253 -0.02625
v -0.07319586 -0.14712651 -0.02625
v -0.073260765 -0.14700084 -0.02625
v -0.070330335 -0.14609967 -0.02625
v -0.073324215 -0.146884335 -0.02625
v -0.073385385 -0.146775855 -0.02625
v -0.07344408 -0.146674455 -0.02625
v -0.07350018 -0.14657955 -0.02625
v -0.074017065 -0.145754985 -0.02625
v -0.07085397 -0.145162305 -0.02625
v -0.07456632 -0.1449594 -0.02625
v -0.071422305 -0.144243165 -0.02625
v -0.075147945 -0.14419275 -0.02625
v -0.07203177 -0.14334744 -0.02625
v -0.075761955 -0.14345508 -0.02625
v -0.07640976 -0.14274507 -0.02625
v -0.072678795 -0.14248026 -0.02625
v -0.077092605 -0.14206158 -0.02625
v -0.073359825 -0.141646845 -0.02625
v -0.07780638 -0.141408375 -0.02625
v -0.07407408 -0.140849085 -0.02625
v -0.07854678 -0.140789415 -0.02625
v -0.07482843 -0.14007906 -0.02625
v -0.07931115 -0.140207355 -0.02625
v -0.08010483 -0.13965828 -0.02625
v -0.07561929 -0.13933965 -0.02625
v -0.080924325 -0.139144005 -0.02625
v -0.07644195 -0.138635055 -0.02625
v -0.08176449 -0.138667695 -0.02625
v -0.082620405 -0.138232305 -0.02625
v -0.077291715 -0.137969445 -0.02625
v -0.08349357 -0.137836935 -0.02625
v -0.078164085 -0.137346825 -0.02625
v -0.084385665 -0.137480565 -0.02625
v -0.08529672 -0.13716318 -0.02625
v -0.079065945 -0.13676292 -0.02625
v -0.086226705 -0.136884765 -0.02625
v -0.08645016 -0.136824135 -0.02625
v -0.086688645 -0.13676964 -0.02625
v -0.086942385 -0.136721625 -0.02625
v -0.07999848 -0.13621614 -0.02625
v -0.087219135 -0.13668927 -0.02625
v -0.087516675 -0.1366803 -0.02625
v -0.094485975 -0.136601115 -0.02625
v -0.09421959 -0.136694925 -0.02625
v -0.09474348 -0.136537395 -0.02625
v -0.09498522 -0.13649925 -0.02625
v -0.09520854 -0.136481805 -0.02625
v -0.09541368 -0.136479915 -0.02625
v -0.10375152 -0.13621614 -0.02625
v -0.080956155 -0.135709425 -0.02625
v -0.104684055 -0.13676292 -0.02625
v -0.09560244 -0.136488405 -0.02625
v -0.095776185 -0.136504095 -0.02625
v -0.095936295 -0.136524675 -0.02625
v -0.096084225 -0.136548285 -0.02625
v -0.096221595 -0.136573425 -0.02625
v -0.09634962 -0.136599075 -0.02625
v -0.096469665 -0.13662468 -0.02625
v -0.09658284 -0.136649895 -0.02625
v -0.09752676 -0.13688667 -0.02625
v -0.105585915 -0.137346825 -0.02625
v -0.09845316 -0.13716321 -0.02625
v -0.09936201 -0.13747947 -0.02625
v -0.106458285 -0.137969445 -0.02625
v -0.10025331 -0.13783548 -0.02625
v -0.10112874 -0.138232155 -0.02625
v -0.10730805 -0.138635055 -0.02625
v -0.1019898 -0.13867038 -0.02625
v -0.10813071 -0.13933965 -0.02625
v -0.1028316 -0.139147365 -0.02625
v -0.10364907 -0.139660245 -0.02625
v -0.10892157 -0.14007906 -0.02625
v -0.104438835 -0.140207355 -0.02625
v -0.10967592 -0.140849085 -0.02625
v -0.10520631 -0.140792505 -0.02625
v -0.105948645 -0.14141298 -0.02625
v -0.110390175 -0.141646845 -0.02625
v -0.106661265 -0.142064835 -0.02625
v -0.111071205 -0.14248026 -0.02625
v -0.107339835 -0.14274432 -0.02625
v -0.11171823 -0.14334744 -0.02625
v -0.107985675 -0.14345256 -0.02625
v -0.112327695 -0.144243165 -0.02625
v -0.108600285 -0.144190875 -0.02625
v -0.10918368 -0.144959265 -0.02625
v -0.11289603 -0.145162305 -0.02625
v -0.10973583 -0.1457577 -0.02625
v -0.113419665 -0.14609967 -0.02625
v -0.109860855 -0.145948005 -0.02625
v -0.109984125 -0.146154795 -0.02625
v -0.113899695 -0.14705856 -0.02625
v -0.11010681 -0.146376765 -0.02625
v -0.11022081 -0.14662482 -0.02625
v -0.1103235 -0.14689989 -0.02625
v -0.11039886 -0.1472031 -0.02625
v -0.11433963 -0.14804472 -0.02625
v -0.110442885 -0.147526185 -0.02625
v -0.11044896 -0.14769081 -0.02625
v -0.110445225 -0.147858225 -0.02625
v -0.11043075 -0.148024005 -0.02625
v -0.110404575 -0.148184745 -0.02625
v -0.114737295 -0.14905236 -0.02625
v -0.11031807 -0.148497195 -0.02625
v -0.110190705 -0.148788135 -0.02625
v -0.110024565 -0.14905584 -0.02625
v -0.115090455 -0.150075585 -0.02625
v -0.10983336 -0.149294145 -0.02625
v -0.10962285 -0.14950209 -0.02625
v -0.109404375 -0.14967513 -0.02625
v -0.109185945 -0.14981844 -0.02625
v -0.10897314 -0.14993304 -0.02625
v -0.108769305 -0.150028905 -0.02625
v -0.10857489 -0.150108 -0.02625
v -0.11539686 -0.15110853 -0.02625
v -0.108389325 -0.15017871 -0.02625
v -0.10821267 -0.15023991 -0.02625
v -0.10784322 -0.15036501 -0.02625
v -0.107477895 -0.15048333 -0.02625
v -0.107116665 -0.15059487 -0.02625
v -0.106759515 -0.1506996 -0.02625
v -0.10640649 -0.15079758 -0.02625
v -0.106057545 -0.15088878 -0.02625
v -0.105712605 -0.150973215 -0.02625
v -0.105371655 -0.151050945 -0.02625
v -0.1050348 -0.151121895 -0.02625
v -0.10470216 -0.15118599 -0.02625
v -0.10437384 -0.151243215 -0.02625
v -0.104049975 -0.15129348 -0.02625
v -0.10373106 -0.15133713 -0.02625
v -0.103417125 -0.151374255 -0.02625
v -0.10310751 -0.15140448 -0.02625
v -0.10280157 -0.151427445 -0.02625
v -0.10249866 -0.151442835 -0.02625
v -0.102198105 -0.15145023 -0.02625
v -0.101898315 -0.15144999 -0.02625
v -0.101599485 -0.151442475 -0.02625
v -0.10130367 -0.151427355 -0.02625
v -0.101012955 -0.151404285 -0.02625
v -0.10072938 -0.15137298 -0.02625
v -0.100455015 -0.151333095 -0.02625
v -0.10018911 -0.1512846 -0.02625
v -0.07970337 -0.15128187 -0.02625
v -0.080112345 -0.151272405 -0.02625
v -0.08051499 -0.15125652 -0.02625
v -0.080910945 -0.151234035 -0.02625
v -0.09992991 -0.15122778 -0.02625
v -0.081300795 -0.15120519 -0.02625
v -0.081684915 -0.151170225 -0.02625
v -0.099677835 -0.151162695 -0.02625
v -0.08206272 -0.15112884 -0.02625
v -0.099433395 -0.15108945 -0.02625
v -0.082433595 -0.15108075 -0.02625
v -0.08279694 -0.151025655 -0.02625
v -0.09919704 -0.151008135 -0.02625
v -0.083152155 -0.150963225 -0.02625
v -0.09896925 -0.150918855 -0.02625
v -0.083499945 -0.15089382 -0.02625
v -0.098749965 -0.150821595 -0.02625
v -0.083840925 -0.1508178 -0.02625
v -0.084174375 -0.15073476 -0.02625
v -0.098538765 -0.15071625 -0.02625
v -0.084499575 -0.15064431 -0.02625
v -0.09833565 -0.150602865 -0.02625
v -0.084815775 -0.150546135 -0.02625
v -0.098140635 -0.150481395 -0.02625
v -0.085122285 -0.150439845 -0.02625
v -0.097953705 -0.15035187 -0.02625
v -0.085419195 -0.150325485 -0.02625
v -0.097774875 -0.15021426 -0.02625
v -0.08570712 -0.15020337 -0.02625
v -0.085986075 -0.15007353 -0.02625
v -0.097551405 -0.1500219 -0.02625
v -0.08625603 -0.14993592 -0.02625
v -0.09733251 -0.149818605 -0.02625
v -0.086517015 -0.14979057 -0.02625
v -0.086769015 -0.149637465 -0.02625
v -0.09711822 -0.14960439 -0.02625
v -0.086955135 -0.149509905 -0.02625
v -0.09690852 -0.14937921 -0.02625
v -0.087136095 -0.14937216 -0.02625
v -0.08731188 -0.149224215 -0.02625
v -0.096703425 -0.14914311 -0.02625
v -0.08748249 -0.1490661 -0.02625
v -0.08764794 -0.14889777 -0.02625
v -0.096502905 -0.148896075 -0.02625
v -0.087808215 -0.14871927 -0.02625
v -0.096307095 -0.14863743 -0.02625
v -0.08796351 -0.14853024 -0.02625
v -0.09611601 -0.148367025 -0.02625
v -0.088113885 -0.148330575 -0.02625
v -0.08825907 -0.148120725 -0.02625
v -0.095929515 -0.148085685 -0.02625
v -0.08839887 -0.14790111 -0.02625
v -0.09574749 -0.14779422 -0.02625
v -0.088533015 -0.14767215 -0.02625
v -0.0955698 -0.147493425 -0.02625
v -0.08866128 -0.14743425 -0.02625
v -0.088783995 -0.14718564 -0.02625
v -0.09539634 -0.14718411 -0.02625
v -0.088901415 -0.146925615 -0.02625
v -0.095227215 -0.14686557 -0.02625
v -0.08901318 -0.14665623 -0.02625
v -0.095062515 -0.146537025 -0.02625
v -0.089118975 -0.146379585 -0.02625
v -0.094902165 -0.14619918 -0.02625
v -0.08921847 -0.146097705 -0.02625
v -0.09474606 -0.14585265 -0.02625
v -0.089311335 -0.145812645 -0.02625
v -0.08939718 -0.145524525 -0.02625
v -0.09459411 -0.145498125 -0.02625
v -0.089476155 -0.145231695 -0.02625
v -0.09444621 -0.14513628 -0.02625
v -0.089548845 -0.14493363 -0.02625
v -0.094302465 -0.14476665 -0.02625
v -0.089615775 -0.144629835 -0.02625
v -0.094162935 -0.144388605 -0.02625
v -0.089677485 -0.1443198 -0.02625
v -0.08973453 -0.144003 -0.02625
v -0.09402756 -0.14400258 -0.02625
v -0.08978679 -0.143679435 -0.02625
v -0.09389625 -0.14360898 -0.02625
v -0.08983383 -0.14334951 -0.02625
v -0.09376896 -0.14320821 -0.02625
v -0.089875665 -0.143013345 -0.02625
v -0.0936456 -0.14280069 -0.02625
v -0.08991228 -0.142671045 -0.02625
v -0.093526185 -0.142386375 -0.02625
v -0.08994372 -0.14232276 -0.02625
v -0.08997 -0.14196861 -0.02625
v -0.09341079 -0.14196489 -0.02625
v -0.08999109 -0.14160858 -0.02625
v -0.093299385 -0.141536235 -0.02625
v -0.09000702 -0.141242535 -0.02625
v -0.093191985 -0.141100425 -0.02625
v -0.09001776 -0.14087052 -0.02625
v -0.093088605 -0.140657475 -0.02625
v -0.09002331 -0.14049249 -0.02625
v -0.092989215 -0.14020734 -0.02625
v -0.09002367 -0.140108475 -0.02625
v -0.092955585 -0.140049315 -0.02625
v -0.090018855 -0.139718475 -0.02625
v -0.09292185 -0.139880835 -0.02625
v -0.09288942 -0.13970127 -0.02625
v -0.090015075 -0.1395369 -0.02625
v -0.092860335 -0.139509675 -0.02625
v -0.090006015 -0.13934397 -0.02625
v -0.092837175 -0.139304625 -0.02625
v -0.089991495 -0.13913964 -0.02625
v -0.09282378 -0.13908363 -0.02625
v -0.08996568 -0.13892202 -0.02625
v -0.09282507 -0.13884483 -0.02625
v -0.089923785 -0.138690255 -0.02625
v -0.092846655 -0.1385874 -0.02625
v -0.08986083 -0.138442155 -0.02625
v -0.09289578 -0.13831182 -0.02625
v -0.08976735 -0.138184545 -0.02625
v -0.09297819 -0.1380264 -0.02625
v -0.08964108 -0.137921535 -0.02625
v -0.09309714 -0.13774116 -0.02625
v -0.089478525 -0.137664 -0.02625
v -0.093171015 -0.13760103 -0.02625
v -0.08928051 -0.137422425 -0.02625
v -0.093255285 -0.13746642 -0.02625
v -0.093350475 -0.13733619 -0.02625
v -0.08904705 -0.137203815 -0.02625
v -0.09345519 -0.137213115 -0.02625
v -0.09356871 -0.137100975 -0.02625
v -0.08877813 -0.13701993 -0.02625
v -0.093691695 -0.13699848 -0.02625
v -0.08863128 -0.13694124 -0.02625
v -0.08847987 -0.13687299 -0.02625
v -0.093950745 -0.13682592 -0.02625
v -0.08832189 -0.136815225 -0.02625
v -0.08815914 -0.136767555 -0.02625
v -0.08799678 -0.13673013 -0.02625
v -0.087835605 -0.1367037 -0.02625
v -0.102793845 -0.135709425 -0.02625
v -0.08193336 -0.135245685 -0.02625
v -0.10181664 -0.135245685 -0.02625
v -0.082924575 -0.134827845 -0.02625
v -0.100825425 -0.134827845 -0.02625
v -0.08392926 -0.134456835 -0.02625
v -0.09982074 -0.134456835 -0.02625
v -0.084956655 -0.134128905 -0.02625
v -0.098793345 -0.134128905 -0.02625
v -0.08600169 -0.133845195 -0.02625
v -0.09774831 -0.133845195 -0.02625
v -0.08705823 -0.13360719 -0.02625
v -0.09669177 -0.13360719 -0.02625
v -0.088120185 -0.13341639 -0.02625
v -0.095629815 -0.13341639 -0.02625
v -0.089182035 -0.13327428 -0.02625
v -0.094567965 -0.13327428 -0.02625
v -0.09025293 -0.133179975 -0.02625
v -0.09349707 -0.133179975 -0.02625
v -0.09133326 -0.133132845 -0.02625
v -0.09241674 -0.133132845 -0.02625
v -0.072559935 -0.15357537 -0.02625
v -0.072264495 -0.153651045 -0.02625
v -0.07197351 -0.15376548 -0.02625
v -0.07169361 -0.153920775 -0.02625
v -0.07143615 -0.154120305 -0.02625
v -0.071316315 -0.154235865 -0.02625
v -0.067718805 -0.154253805 -0.02625
v -0.071204985 -0.15435891 -0.02625
v -0.071101605 -0.15449139 -0.02625
v -0.071006355 -0.15463146 -0.02625
v -0.070920975 -0.15477426 -0.02625
v -0.070846395 -0.15491925 -0.02625
v -0.070726275 -0.155214945 -0.02625
v -0.06759975 -0.155324505 -0.02625
v -0.07064337 -0.15550008 -0.02625
v -0.07058898 -0.15577251 -0.02625
v -0.070556445 -0.1560279 -0.02625
v -0.07053468 -0.156270825 -0.02625
v -0.06752682 -0.156406575 -0.02625
v -0.07052334 -0.15650139 -0.02625
v -0.07050072 -0.15747189 -0.02625
v -0.0675 -0.1575 -0.02625
v -0.07052106 -0.15843642 -0.02625
v -0.06752682 -0.158593425 -0.02625
v -0.070584315 -0.159394995 -0.02625
v -0.06759975 -0.159675495 -0.02625
v -0.070690515 -0.160347585 -0.02625
v -0.067718805 -0.160746195 -0.02625
v -0.070840095 -0.16129617 -0.02625
v -0.06788397 -0.16180551 -0.02625
v -0.071033475 -0.162242385 -0.02625
v -0.06809523 -0.16285347 -0.02625
v -0.07126932 -0.16318071 -0.02625
v -0.06835314 -0.16389147 -0.02625
v -0.07154628 -0.164105205 -0.02625
v -0.068659545 -0.164924415 -0.02625
v -0.071863635 -0.16501203 -0.02625
v -0.072223515 -0.165907455 -0.02625
v -0.069012705 -0.16594764 -0.02625
v -0.07262418 -0.166788165 -0.02625
v -0.06941037 -0.16695528 -0.02625
v -0.073063215 -0.16764879 -0.02625
v -0.069850305 -0.16794144 -0.02625
v -0.073538295 -0.16848429 -0.02625
v -0.070330335 -0.16890033 -0.02625
v -0.07405011 -0.169296195 -0.02625
v -0.07085397 -0.169837695 -0.02625
v -0.0745995 -0.170086275 -0.02625
v -0.071422305 -0.170756835 -0.02625
v -0.07518642 -0.1708545 -0.02625
v -0.0758109 -0.1716009 -0.02625
v -0.07203177 -0.17165256 -0.02625
v -0.075891645 -0.17169237 -0.02625
v -0.075979005 -0.171789315 -0.02625
v -0.07607355 -0.171891435 -0.02625
v -0.076176165 -0.171998325 -0.02625
v -0.076288095 -0.172109055 -0.02625
v -0.0764112 -0.17222304 -0.02625
v -0.07654746 -0.1723395 -0.02625
v -0.076699215 -0.172457475 -0.02625
v -0.076870515 -0.172575 -0.02625
v -0.07706499 -0.172689225 -0.02625
v -0.07728537 -0.172796625 -0.02625
v -0.07753326 -0.172892205 -0.02625
v -0.07781376 -0.17296782 -0.02625
v -0.0789366 -0.155671545 -0.02625
v -0.091298415 -0.155716605 -0.02625
v -0.079204845 -0.155829075 -0.02625
v -0.091023915 -0.15583122 -0.02625
v -0.09077139 -0.155984475 -0.02625
v -0.07946586 -0.15599031 -0.02625
v -0.09055176 -0.156172965 -0.02625
v -0.07971996 -0.15615594 -0.02625
v -0.07996746 -0.156326595 -0.02625
v -0.09035859 -0.15639996 -0.02625
v -0.08020986 -0.15650301 -0.02625
v -0.090203865 -0.15664986 -0.02625
v -0.080447205 -0.156684735 -0.02625
v -0.090094845 -0.156913605 -0.02625
v -0.08067762 -0.15687084 -0.02625
v -0.080899275 -0.157060395 -0.02625
v -0.090026925 -0.157196925 -0.02625
v -0.08111028 -0.157252395 -0.02625
v -0.09 -0.1575 -0.02625
v -0.08130882 -0.15744594 -0.02625
v -0.08149542 -0.15764145 -0.02625
v -0.090026925 -0.157803075 -0.02625
v -0.08167173 -0.157839795 -0.02625
v -0.090094845 -0.158086395 -0.02625
v -0.081837405 -0.158040585 -0.02625
v -0.0819921 -0.158243535 -0.02625
v -0.090203865 -0.15835014 -0.02625
v -0.08213553 -0.158448225 -0.02625
v -0.09035859 -0.15860004 -0.02625
v -0.08226732 -0.158654355 -0.02625
v -0.09055176 -0.158827035 -0.02625
v -0.082387575 -0.15886194 -0.02625
v -0.09077139 -0.159015525 -0.02625
v -0.08249652 -0.159071295 -0.02625
v -0.091023915 -0.15916878 -0.02625
v -0.091298415 -0.159283395 -0.02625
v -0.09157926 -0.159351075 -0.02625
v -0.10181664 -0.179754315 -0.02625
v -0.08193336 -0.179754315 -0.02625
v -0.100825425 -0.180172155 -0.02625
v -0.082924575 -0.180172155 -0.02625
v -0.09982074 -0.180543165 -0.02625
v -0.08392926 -0.180543165 -0.02625
v -0.098793345 -0.180871095 -0.02625
v -0.084956655 -0.180871095 -0.02625
v -0.09774831 -0.181154805 -0.02625
v -0.08600169 -0.181154805 -0.02625
v -0.09669177 -0.18139281 -0.02625
v -0.08705823 -0.18139281 -0.02625
v -0.095629815 -0.18158361 -0.02625
v -0.088120185 -0.18158361 -0.02625
v -0.094567965 -0.18172572 -0.02625
v -0.089182035 -0.18172572 -0.02625
v -0.09349707 -0.181820025 -0.02625
v -0.09025293 -0.181820025 -0.02625
v -0.09241674 -0.181867155 -0.02625
v -0.09133326 -0.181867155 -0.02625
v -0.11625 -0.1575 -0.031875
v -0.11625 -0.1575 -0.02625
v -0.11622318 -0.156406575 -0.02625
v -0.11622318 -0.158593425 -0.031875
v -0.11622318 -0.156406575 -0.031875
v -0.11615025 -0.155324505 -0.02625
v -0.11615025 -0.155324505 -0.031875
v -0.116031195 -0.154253805 -0.02625
v -0.116031195 -0.154253805 -0.031875
v -0.11586603 -0.15319449 -0.02625
v -0.11586603 -0.15319449 -0.031875
v -0.11565477 -0.15214653 -0.02625
v -0.11565477 -0.15214653 -0.031875
v -0.11539686 -0.15110853 -0.02625
v -0.11539686 -0.15110853 -0.031875
v -0.115090455 -0.150075585 -0.02625
v -0.115090455 -0.150075585 -0.031875
v -0.114737295 -0.14905236 -0.02625
v -0.114737295 -0.14905236 -0.031875
v -0.11433963 -0.14804472 -0.02625
v -0.11433963 -0.14804472 -0.031875
v -0.113899695 -0.14705856 -0.02625
v -0.113899695 -0.14705856 -0.031875
v -0.113419665 -0.14609967 -0.02625
v -0.113419665 -0.14609967 -0.031875
v -0.11289603 -0.145162305 -0.02625
v -0.11289603 -0.145162305 -0.031875
v -0.112327695 -0.144243165 -0.02625
v -0.112327695 -0.144243165 -0.031875
v -0.11171823 -0.14334744 -0.02625
v -0.11171823 -0.14334744 -0.031875
v -0.111071205 -0.14248026 -0.02625
v -0.111071205 -0.14248026 -0.031875
v -0.110390175 -0.141646845 -0.02625
v -0.110390175 -0.141646845 -0.031875
v -0.10967592 -0.140849085 -0.02625
v -0.10967592 -0.140849085 -0.031875
v -0.10892157 -0.14007906 -0.02625
v -0.10892157 -0.14007906 -0.031875
v -0.10813071 -0.13933965 -0.02625
v -0.10813071 -0.13933965 -0.031875
v -0.10730805 -0.138635055 -0.02625
v -0.10730805 -0.138635055 -0.031875
v -0.106458285 -0.137969445 -0.02625
v -0.106458285 -0.137969445 -0.031875
v -0.105585915 -0.137346825 -0.02625
v -0.105585915 -0.137346825 -0.031875
v -0.104684055 -0.13676292 -0.02625
v -0.104684055 -0.13676292 -0.031875
v -0.10375152 -0.13621614 -0.02625
v -0.10375152 -0.13621614 -0.031875
v -0.102793845 -0.135709425 -0.02625
v -0.102793845 -0.135709425 -0.031875
v -0.10181664 -0.135245685 -0.02625
v -0.10181664 -0.135245685 -0.031875
v -0.100825425 -0.134827845 -0.02625
v -0.100825425 -0.134827845 -0.031875
v -0.09982074 -0.134456835 -0.02625
v -0.09982074 -0.134456835 -0.031875
v -0.098793345 -0.134128905 -0.02625
v -0.098793345 -0.134128905 -0.031875
v -0.09774831 -0.133845195 -0.02625
v -0.09774831 -0.133845195 -0.031875
v -0.09669177 -0.13360719 -0.02625
v -0.09669177 -0.13360719 -0.031875
v -0.095629815 -0.13341639 -0.02625
v -0.095629815 -0.13341639 -0.031875
v -0.094567965 -0.13327428 -0.02625
v -0.094567965 -0.13327428 -0.031875
v -0.09349707 -0.133179975 -0.02625
v -0.09349707 -0.133179975 -0.031875
v -0.09241674 -0.133132845 -0.02625
v -0.09241674 -0.133132845 -0.031875
v -0.09133326 -0.133132845 -0.02625
v -0.09133326 -0.133132845 -0.031875
v -0.09025293 -0.133179975 -0.02625
v -0.09025293 -0.133179975 -0.031875
v -0.089182035 -0.13327428 -0.02625
v -0.089182035 -0.13327428 -0.031875
v -0.088120185 -0.13341639 -0.02625
v -0.088120185 -0.13341639 -0.031875
v -0.08705823 -0.13360719 -0.02625
v -0.08705823 -0.13360719 -0.031875
v -0.08600169 -0.133845195 -0.02625
v -0.08600169 -0.133845195 -0.031875
v -0.084956655 -0.134128905 -0.02625
v -0.084956655 -0.134128905 -0.031875
v -0.08392926 -0.134456835 -0.02625
v -0.08392926 -0.134456835 -0.031875
v -0.082924575 -0.134827845 -0.02625
v -0.082924575 -0.134827845 -0.031875
v -0.08193336 -0.135245685 -0.02625
v -0.08193336 -0.135245685 -0.031875
v -0.080956155 -0.135709425 -0.02625
v -0.080956155 -0.135709425 -0.031875
v -0.07999848 -0.13621614 -0.02625
v -0.07999848 -0.13621614 -0.031875
v -0.079065945 -0.13676292 -0.02625
v -0.079065945 -0.13676292 -0.031875
v -0.078164085 -0.137346825 -0.02625
v -0.078164085 -0.137346825 -0.031875
v -0.077291715 -0.137969445 -0.02625
v -0.077291715 -0.137969445 -0.031875
v -0.07644195 -0.138635055 -0.02625
v -0.07644195 -0.138635055 -0.031875
v -0.07561929 -0.13933965 -0.02625
v -0.07561929 -0.13933965 -0.031875
v -0.07482843 -0.14007906 -0.02625
v -0.07482843 -0.14007906 -0.031875
v -0.07407408 -0.140849085 -0.02625
v -0.07407408 -0.140849085 -0.031875
v -0.073359825 -0.141646845 -0.02625
v -0.073359825 -0.141646845 -0.031875
v -0.072678795 -0.14248026 -0.02625
v -0.072678795 -0.14248026 -0.031875
v -0.07203177 -0.14334744 -0.02625
v -0.07203177 -0.14334744 -0.031875
v -0.071422305 -0.144243165 -0.02625
v -0.071422305 -0.144243165 -0.031875
v -0.07085397 -0.145162305 -0.02625
v -0.07085397 -0.145162305 -0.031875
v -0.070330335 -0.14609967 -0.02625
v -0.070330335 -0.14609967 -0.031875
v -0.069850305 -0.14705856 -0.02625
v -0.069850305 -0.14705856 -0.031875
v -0.06941037 -0.14804472 -0.02625
v -0.06941037 -0.14804472 -0.031875
v -0.069012705 -0.14905236 -0.02625
v -0.069012705 -0.14905236 -0.031875
v -0.068659545 -0.150075585 -0.02625
v -0.068659545 -0.150075585 -0.031875
v -0.06835314 -0.15110853 -0.02625
v -0.06835314 -0.15110853 -0.031875
v -0.06809523 -0.15214653 -0.02625
v -0.06809523 -0.15214653 -0.031875
v -0.06788397 -0.15319449 -0.02625
v -0.06788397 -0.15319449 -0.031875
v -0.067718805 -0.154253805 -0.02625
v -0.067718805 -0.154253805 -0.031875
v -0.06759975 -0.155324505 -0.02625
v -0.06759975 -0.155324505 -0.031875
v -0.06752682 -0.156406575 -0.02625
v -0.06752682 -0.156406575 -0.031875
v -0.0675 -0.1575 -0.02625
v -0.0675 -0.1575 -0.031875
v -0.06752682 -0.158593425 -0.02625
v -0.06752682 -0.158593425 -0.031875
v -0.06759975 -0.159675495 -0.02625
v -0.06759975 -0.159675495 -0.031875
v -0.067718805 -0.160746195 -0.02625
v -0.067718805 -0.160746195 -0.031875
v -0.06788397 -0.16180551 -0.02625
v -0.06788397 -0.16180551 -0.031875
v -0.06809523 -0.16285347 -0.02625
v -0.06809523 -0.16285347 -0.031875
v -0.06835314 -0.16389147 -0.02625
v -0.06835314 -0.16389147 -0.031875
v -0.068659545 -0.164924415 -0.02625
v -0.068659545 -0.164924415 -0.031875
v -0.069012705 -0.16594764 -0.02625
v -0.069012705 -0.16594764 -0.031875
v -0.06941037 -0.16695528 -0.02625
v -0.06941037 -0.16695528 -0.031875
v -0.069850305 -0.16794144 -0.02625
v -0.069850305 -0.16794144 -0.031875
v -0.070330335 -0.16890033 -0.02625
v -0.070330335 -0.16890033 -0.031875
v -0.07085397 -0.169837695 -0.02625
v -0.07085397 -0.169837695 -0.031875
v -0.071422305 -0.170756835 -0.02625
v -0.071422305 -0.170756835 -0.031875
v -0.07203177 -0.17165256 -0.02625
v -0.07203177 -0.17165256 -0.031875
v -0.072678795 -0.17251974 -0.02625
v -0.072678795 -0.17251974 -0.031875
v -0.073359825 -0.173353155 -0.02625
v -0.073359825 -0.173353155 -0.031875
v -0.07407408 -0.174150915 -0.02625
v -0.07407408 -0.174150915 -0.031875
v -0.07482843 -0.17492094 -0.02625
v -0.07482843 -0.17492094 -0.031875
v -0.07561929 -0.17566035 -0.02625
v -0.07561929 -0.17566035 -0.031875
v -0.07644195 -0.176364945 -0.02625
v -0.07644195 -0.176364945 -0.031875
v -0.077291715 -0.177030555 -0.02625
v -0.077291715 -0.177030555 -0.031875
v -0.078164085 -0.177653175 -0.02625
v -0.078164085 -0.177653175 -0.031875
v -0.079065945 -0.17823708 -0.02625
v -0.079065945 -0.17823708 -0.031875
v -0.07999848 -0.17878386 -0.02625
v -0.07999848 -0.17878386 -0.031875
v -0.080956155 -0.179290575 -0.02625
v -0.080956155 -0.179290575 -0.031875
v -0.08193336 -0.179754315 -0.02625
v -0.08193336 -0.179754315 -0.031875
v -0.082924575 -0.180172155 -0.02625
v -0.082924575 -0.180172155 -0.031875
v -0.08392926 -0.180543165 -0.02625
v -0.08392926 -0.180543165 -0.031875
v -0.084956655 -0.180871095 -0.02625
v -0.084956655 -0.180871095 -0.031875
v -0.08600169 -0.181154805 -0.02625
v -0.08600169 -0.181154805 -0.031875
v -0.08705823 -0.18139281 -0.02625
v -0.08705823 -0.18139281 -0.031875
v -0.088120185 -0.18158361 -0.02625
v -0.088120185 -0.18158361 -0.031875
v -0.089182035 -0.18172572 -0.02625
v -0.089182035 -0.18172572 -0.031875
v -0.09025293 -0.181820025 -0.02625
v -0.09025293 -0.181820025 -0.031875
v -0.09133326 -0.181867155 -0.02625
v -0.11622318 -0.158593425 -0.02625
v -0.11615025 -0.159675495 -0.031875
v -0.11615025 -0.159675495 -0.02625
v -0.116031195 -0.160746195 -0.031875
v -0.116031195 -0.160746195 -0.02625
v -0.11586603 -0.16180551 -0.031875
v -0.11586603 -0.16180551 -0.02625
v -0.11565477 -0.16285347 -0.031875
v -0.11565477 -0.16285347 -0.02625
v -0.11539686 -0.16389147 -0.031875
v -0.11539686 -0.16389147 -0.02625
v -0.115090455 -0.164924415 -0.031875
v -0.115090455 -0.164924415 -0.02625
v -0.114737295 -0.16594764 -0.031875
v -0.114737295 -0.16594764 -0.02625
v -0.11433963 -0.16695528 -0.031875
v -0.11433963 -0.16695528 -0.02625
v -0.113899695 -0.16794144 -0.031875
v -0.113899695 -0.16794144 -0.02625
v -0.113419665 -0.16890033 -0.031875
v -0.113419665 -0.16890033 -0.02625
v -0.11289603 -0.169837695 -0.031875
v -0.11289603 -0.169837695 -0.02625
v -0.112327695 -0.170756835 -0.031875
v -0.112327695 -0.170756835 -0.02625
v -0.11171823 -0.17165256 -0.031875
v -0.11171823 -0.17165256 -0.02625
v -0.111071205 -0.17251974 -0.031875
v -0.111071205 -0.17251974 -0.02625
v -0.110390175 -0.173353155 -0.031875
v -0.110390175 -0.173353155 -0.02625
v -0.10967592 -0.174150915 -0.031875
v -0.10967592 -0.174150915 -0.02625
v -0.10892157 -0.17492094 -0.031875
v -0.10892157 -0.17492094 -0.02625
v -0.10813071 -0.17566035 -0.031875
v -0.10813071 -0.17566035 -0.02625
v -0.10730805 -0.176364945 -0.031875
v -0.10730805 -0.176364945 -0.02625
v -0.106458285 -0.177030555 -0.031875
v -0.106458285 -0.177030555 -0.02625
v -0.105585915 -0.177653175 -0.031875
v -0.105585915 -0.177653175 -0.02625
v -0.104684055 -0.17823708 -0.031875
v -0.104684055 -0.17823708 -0.02625
v -0.10375152 -0.17878386 -0.031875
v -0.10375152 -0.17878386 -0.02625
v -0.102793845 -0.179290575 -0.031875
v -0.102793845 -0.179290575 -0.02625
v -0.10181664 -0.179754315 -0.031875
v -0.10181664 -0.179754315 -0.02625
v -0.100825425 -0.180172155 -0.031875
v -0.100825425 -0.180172155 -0.02625
v -0.09982074 -0.180543165 -0.031875
v -0.09982074 -0.180543165 -0.02625
v -0.098793345 -0.180871095 -0.031875
v -0.098793345 -0.180871095 -0.02625
v -0.09774831 -0.181154805 -0.031875
v -0.09774831 -0.181154805 -0.02625
v -0.09669177 -0.18139281 -0.031875
v -0.09669177 -0.18139281 -0.02625
v -0.095629815 -0.18158361 -0.031875
v -0.095629815 -0.18158361 -0.02625
v -0.094567965 -0.18172572 -0.031875
v -0.094567965 -0.18172572 -0.02625
v -0.09349707 -0.181820025 -0.031875
v -0.09349707 -0.181820025 -0.02625
v -0.09241674 -0.181867155 -0.031875
v -0.091347645 -0.181869285 -0.02815011
v -0.09133326 -0.181867155 -0.02625
v -0.09241674 -0.181867155 -0.02625
v -0.09117036 -0.181864815 -0.02827806
v -0.091552095 -0.181872855 -0.028059
v -0.091764525 -0.181874745 -0.02801406
v -0.09198663 -0.181874745 -0.028014225
v -0.09219846 -0.181872855 -0.02805903
v -0.09240159 -0.1818693 -0.02814936
v -0.09257829 -0.18186486 -0.02827701
v -0.09349707 -0.181820025 -0.02625
v -0.09272787 -0.181860075 -0.0284442
v -0.09283875 -0.18185595 -0.02863398
v -0.092905005 -0.181853235 -0.02883879
v -0.092929695 -0.18185217 -0.0290625
v -0.09290505 -0.181853235 -0.029285895
v -0.0910215 -0.181860045 -0.02844471
v -0.090911265 -0.18185595 -0.02863398
v -0.090845145 -0.181853235 -0.028838685
v -0.090845145 -0.181853235 -0.028838685
v -0.09025293 -0.181820025 -0.031875
v -0.09133326 -0.181867155 -0.02625
v -0.09290505 -0.181853235 -0.029285895
v -0.09349707 -0.181820025 -0.02625
v -0.09241674 -0.181867155 -0.031875
v -0.09375 -0.1575 -0.031875
v -0.09375 -0.1575 -0.02625
v -0.093723075 -0.157803075 -0.02625
v -0.093723075 -0.157196925 -0.031875
v -0.093723075 -0.157803075 -0.031875
v -0.093655155 -0.158086395 -0.02625
v -0.093655155 -0.158086395 -0.031875
v -0.093546135 -0.15835014 -0.02625
v -0.093546135 -0.15835014 -0.031875
v -0.09339141 -0.15860004 -0.02625
v -0.09339141 -0.15860004 -0.031875
v -0.09319824 -0.158827035 -0.02625
v -0.09319824 -0.158827035 -0.031875
v -0.09297861 -0.159015525 -0.02625
v -0.09297861 -0.159015525 -0.031875
v -0.092929695 -0.15905025 -0.0290625
v -0.092902005 -0.15906873 -0.02928225
v -0.092726085 -0.15916878 -0.02625
v -0.09290775 -0.159064935 -0.028858575
v -0.092853225 -0.1590996 -0.02866929
v -0.09276186 -0.159151995 -0.02849202
v -0.09263271 -0.159215085 -0.028329135
v -0.092451585 -0.159283395 -0.02625
v -0.092477235 -0.159275655 -0.028197315
v -0.09229155 -0.159328155 -0.02809467
v -0.09217074 -0.159351075 -0.02625
v -0.092092545 -0.15936234 -0.028030545
v -0.091875 -0.159373245 -0.02625
v -0.09188457 -0.15937497 -0.02800878
v -0.091676475 -0.159364455 -0.028026765
v -0.09157926 -0.159351075 -0.02625
v -0.09147759 -0.1593324 -0.0280863
v -0.091298415 -0.159283395 -0.02625
v -0.091291605 -0.159281925 -0.028184265
v -0.091023915 -0.15916878 -0.02625
v -0.09113361 -0.159222195 -0.02831247
v -0.0910002 -0.159158415 -0.02847252
v -0.09077139 -0.159015525 -0.02625
v -0.09090468 -0.1591044 -0.02865147
v -0.09084624 -0.159067575 -0.028847445
v -0.09082032 -0.15905025 -0.0290625
v -0.09077139 -0.159015525 -0.031875
v -0.09055176 -0.158827035 -0.02625
v -0.091023915 -0.15916878 -0.031875
v -0.09083862 -0.159062535 -0.029256675
v -0.09089025 -0.159095595 -0.02944059
v -0.09097959 -0.15914739 -0.02961771
v -0.091107525 -0.159210735 -0.0297849
v -0.091298415 -0.159283395 -0.031875
v -0.09126162 -0.15927183 -0.029920035
v -0.09144567 -0.159325185 -0.030025035
v -0.09157926 -0.159351075 -0.031875
v -0.091644075 -0.15936072 -0.030091485
v -0.091875 -0.159373245 -0.031875
v -0.0918534 -0.159374865 -0.03011574
v -0.092063355 -0.15936552 -0.03010008
v -0.09217074 -0.159351075 -0.031875
v -0.092263275 -0.159334365 -0.030042525
v -0.092451585 -0.159283395 -0.031875
v -0.092450115 -0.159284625 -0.029946225
v -0.09260949 -0.15922515 -0.02981946
v -0.092726085 -0.15916878 -0.031875
v -0.092744625 -0.159161145 -0.02966064
v -0.092841855 -0.1591065 -0.02948103
v -0.09055176 -0.158827035 -0.031875
v -0.09035859 -0.15860004 -0.02625
v -0.09035859 -0.15860004 -0.031875
v -0.090203865 -0.15835014 -0.02625
v -0.090203865 -0.15835014 -0.031875
v -0.090094845 -0.158086395 -0.02625
v -0.090094845 -0.158086395 -0.031875
v -0.090026925 -0.157803075 -0.02625
v -0.090026925 -0.157803075 -0.031875
v -0.09 -0.1575 -0.02625
v -0.09 -0.1575 -0.031875
v -0.090026925 -0.157196925 -0.02625
v -0.090026925 -0.157196925 -0.031875
v -0.090094845 -0.156913605 -0.02625
v -0.090094845 -0.156913605 -0.031875
v -0.090203865 -0.15664986 -0.02625
v -0.090203865 -0.15664986 -0.031875
v -0.09035859 -0.15639996 -0.02625
v -0.09035859 -0.15639996 -0.031875
v -0.09055176 -0.156172965 -0.02625
v -0.09055176 -0.156172965 -0.031875
v -0.09077139 -0.155984475 -0.02625
v -0.09077139 -0.155984475 -0.031875
v -0.091023915 -0.15583122 -0.02625
v -0.091023915 -0.15583122 -0.031875
v -0.091298415 -0.155716605 -0.02625
v -0.091298415 -0.155716605 -0.031875
v -0.09157926 -0.155648925 -0.02625
v -0.09157926 -0.155648925 -0.031875
v -0.091875 -0.155626755 -0.02625
v -0.091875 -0.155626755 -0.031875
v -0.09217074 -0.155648925 -0.02625
v -0.09217074 -0.155648925 -0.031875
v -0.092451585 -0.155716605 -0.02625
v -0.092451585 -0.155716605 -0.031875
v -0.092726085 -0.15583122 -0.02625
v -0.092726085 -0.15583122 -0.031875
v -0.09297861 -0.155984475 -0.02625
v -0.09297861 -0.155984475 -0.031875
v -0.09319824 -0.156172965 -0.02625
v -0.09319824 -0.156172965 -0.031875
v -0.09339141 -0.15639996 -0.02625
v -0.09339141 -0.15639996 -0.031875
v -0.093546135 -0.15664986 -0.02625
v -0.093546135 -0.15664986 -0.031875
v -0.093655155 -0.156913605 -0.02625
v -0.093655155 -0.156913605 -0.031875
v -0.093723075 -0.157196925 -0.02625
v -0.086769015 -0.149637465 -0.031875
v -0.086769015 -0.149637465 -0.02625
v -0.086517015 -0.14979057 -0.02625
v -0.086955135 -0.149509905 -0.031875
v -0.086517015 -0.14979057 -0.031875
v -0.08625603 -0.14993592 -0.02625
v -0.08625603 -0.14993592 -0.031875
v -0.085986075 -0.15007353 -0.02625
v -0.085986075 -0.15007353 -0.031875
v -0.08570712 -0.15020337 -0.02625
v -0.08570712 -0.15020337 -0.031875
v -0.085419195 -0.150325485 -0.02625
v -0.085419195 -0.150325485 -0.031875
v -0.085122285 -0.150439845 -0.02625
v -0.085122285 -0.150439845 -0.031875
v -0.084815775 -0.150546135 -0.02625
v -0.084815775 -0.150546135 -0.031875
v -0.084499575 -0.15064431 -0.02625
v -0.084499575 -0.15064431 -0.031875
v -0.084174375 -0.15073476 -0.02625
v -0.084174375 -0.15073476 -0.031875
v -0.083840925 -0.1508178 -0.02625
v -0.083840925 -0.1508178 -0.031875
v -0.083499945 -0.15089382 -0.02625
v -0.083499945 -0.15089382 -0.031875
v -0.083152155 -0.150963225 -0.02625
v -0.083152155 -0.150963225 -0.031875
v -0.08279694 -0.151025655 -0.02625
v -0.08279694 -0.151025655 -0.031875
v -0.082433595 -0.15108075 -0.02625
v -0.082433595 -0.15108075 -0.031875
v -0.08206272 -0.15112884 -0.02625
v -0.08206272 -0.15112884 -0.031875
v -0.081684915 -0.151170225 -0.02625
v -0.081684915 -0.151170225 -0.031875
v -0.081300795 -0.15120519 -0.02625
v -0.081300795 -0.15120519 -0.031875
v -0.080910945 -0.151234035 -0.02625
v -0.080910945 -0.151234035 -0.031875
v -0.08051499 -0.15125652 -0.02625
v -0.08051499 -0.15125652 -0.031875
v -0.080112345 -0.151272405 -0.02625
v -0.080112345 -0.151272405 -0.031875
v -0.07970337 -0.15128187 -0.02625
v -0.07970337 -0.15128187 -0.031875
v -0.079288455 -0.15128511 -0.02625
v -0.079288455 -0.15128511 -0.031875
v -0.07886796 -0.15128232 -0.02625
v -0.07886796 -0.15128232 -0.031875
v -0.078442275 -0.151273725 -0.02625
v -0.078442275 -0.151273725 -0.031875
v -0.078011325 -0.15125925 -0.02625
v -0.078011325 -0.15125925 -0.031875
v -0.07757481 -0.15123876 -0.02625
v -0.07757481 -0.15123876 -0.031875
v -0.077132715 -0.151212255 -0.02625
v -0.077132715 -0.151212255 -0.031875
v -0.076685055 -0.151179735 -0.02625
v -0.076685055 -0.151179735 -0.031875
v -0.076231815 -0.151141155 -0.02625
v -0.076231815 -0.151141155 -0.031875
v -0.075773025 -0.15109659 -0.02625
v -0.075773025 -0.15109659 -0.031875
v -0.075631425 -0.151081845 -0.02625
v -0.075620745 -0.151080645 -0.031875
v -0.07548018 -0.151064445 -0.02625
v -0.07545717 -0.151061685 -0.031875
v -0.07531944 -0.15104355 -0.02625
v -0.0752817 -0.15103818 -0.031875
v -0.075149535 -0.15101772 -0.02625
v -0.07509357 -0.151007895 -0.031875
v -0.07497078 -0.15098454 -0.02625
v -0.074891925 -0.1509678 -0.031875
v -0.074783145 -0.15094164 -0.02625
v -0.07467564 -0.1509132 -0.031875
v -0.074586645 -0.150886515 -0.02625
v -0.074443425 -0.150837855 -0.031875
v -0.074381325 -0.150814995 -0.02625
v -0.07419609 -0.150735225 -0.031875
v -0.074167815 -0.15072183 -0.02625
v -0.073947405 -0.150602865 -0.02625
v -0.07393815 -0.150597705 -0.031875
v -0.07372185 -0.15045345 -0.02625
v -0.07368357 -0.15042393 -0.031875
v -0.073496145 -0.150265575 -0.02625
v -0.07344519 -0.150216405 -0.031875
v -0.07328292 -0.150038565 -0.02625
v -0.07333506 -0.15010074 -0.031875
v -0.07323492 -0.149979345 -0.031875
v -0.07318416 -0.14990931 -0.02625
v -0.073095525 -0.149773905 -0.02625
v -0.073064355 -0.14971911 -0.031875
v -0.073020855 -0.149633985 -0.02625
v -0.072957975 -0.149488605 -0.02625
v -0.072939585 -0.14944137 -0.031875
v -0.07286745 -0.14919921 -0.02625
v -0.072857805 -0.149154165 -0.031875
v -0.07281978 -0.14891526 -0.02625
v -0.07281489 -0.14886576 -0.031875
v -0.072805035 -0.148643205 -0.02625
v -0.072805275 -0.14858505 -0.031875
v -0.072814965 -0.14838858 -0.02625
v -0.07282176 -0.14832093 -0.031875
v -0.07284441 -0.14815368 -0.02625
v -0.072858075 -0.14807847 -0.031875
v -0.072888435 -0.14794023 -0.02625
v -0.07290888 -0.1478592 -0.031875
v -0.072941715 -0.147746925 -0.02625
v -0.07296927 -0.147662145 -0.031875
v -0.07300134 -0.14757087 -0.02625
v -0.073035105 -0.147483315 -0.031875
v -0.07306497 -0.14741004 -0.02625
v -0.07310385 -0.147320355 -0.031875
v -0.07313031 -0.14726253 -0.02625
v -0.073173645 -0.147171315 -0.031875
v -0.07319586 -0.14712651 -0.02625
v -0.07324311 -0.14703447 -0.031875
v -0.073260765 -0.14700084 -0.02625
v -0.07331109 -0.146908035 -0.031875
v -0.073324215 -0.146884335 -0.02625
v -0.073376835 -0.14679075 -0.031875
v -0.073385385 -0.146775855 -0.02625
v -0.07343994 -0.146681535 -0.031875
v -0.07344408 -0.146674455 -0.02625
v -0.07350018 -0.14657955 -0.02625
v -0.07350018 -0.14657955 -0.031875
v -0.074017065 -0.145754985 -0.02625
v -0.074017065 -0.145754985 -0.031875
v -0.07456632 -0.1449594 -0.02625
v -0.07456632 -0.1449594 -0.031875
v -0.075147945 -0.14419275 -0.02625
v -0.075147945 -0.14419275 -0.031875
v -0.075761955 -0.14345508 -0.02625
v -0.075761955 -0.14345508 -0.031875
v -0.07640976 -0.14274507 -0.02625
v -0.07640976 -0.14274507 -0.031875
v -0.077092605 -0.14206158 -0.02625
v -0.077092605 -0.14206158 -0.031875
v -0.07780638 -0.141408375 -0.02625
v -0.07780638 -0.141408375 -0.031875
v -0.07854678 -0.140789415 -0.02625
v -0.07854678 -0.140789415 -0.031875
v -0.07931115 -0.140207355 -0.02625
v -0.07931115 -0.140207355 -0.031875
v -0.08010483 -0.13965828 -0.02625
v -0.08010483 -0.13965828 -0.031875
v -0.080924325 -0.139144005 -0.02625
v -0.080924325 -0.139144005 -0.031875
v -0.08176449 -0.138667695 -0.02625
v -0.08176449 -0.138667695 -0.031875
v -0.082620405 -0.138232305 -0.02625
v -0.082620405 -0.138232305 -0.031875
v -0.08349357 -0.137836935 -0.02625
v -0.08349357 -0.137836935 -0.031875
v -0.084385665 -0.137480565 -0.02625
v -0.084385665 -0.137480565 -0.031875
v -0.08529672 -0.13716318 -0.02625
v -0.08529672 -0.13716318 -0.031875
v -0.086226705 -0.136884765 -0.02625
v -0.086226705 -0.136884765 -0.031875
v -0.08645016 -0.136824135 -0.02625
v -0.08639085 -0.136840185 -0.031875
v -0.08656602 -0.136797165 -0.031875
v -0.086688645 -0.13676964 -0.02625
v -0.086752275 -0.136755915 -0.031875
v -0.086942385 -0.136721625 -0.02625
v -0.086951475 -0.13672059 -0.031875
v -0.087219135 -0.13668927 -0.02625
v -0.087165465 -0.13669425 -0.031875
v -0.087396645 -0.136679685 -0.031875
v -0.087516675 -0.1366803 -0.02625
v -0.087645345 -0.13668537 -0.031875
v -0.087835605 -0.1367037 -0.02625
v -0.087910095 -0.136714455 -0.031875
v -0.08799678 -0.13673013 -0.02625
v -0.08815914 -0.136767555 -0.02625
v -0.088186365 -0.13677402 -0.031875
v -0.08832189 -0.136815225 -0.02625
v -0.0884658 -0.136867845 -0.031875
v -0.08847987 -0.13687299 -0.02625
v -0.08863128 -0.13694124 -0.02625
v -0.08874339 -0.13699875 -0.031875
v -0.08877813 -0.13701993 -0.02625
v -0.08900781 -0.137174355 -0.031875
v -0.08904705 -0.137203815 -0.02625
v -0.089134365 -0.13727868 -0.031875
v -0.08928051 -0.137422425 -0.02625
v -0.08925372 -0.13739346 -0.031875
v -0.089366865 -0.137520405 -0.031875
v -0.089478525 -0.137664 -0.02625
v -0.0894732 -0.13765752 -0.031875
v -0.08956992 -0.137800725 -0.031875
v -0.08964108 -0.137921535 -0.02625
v -0.08965614 -0.137950155 -0.031875
v -0.08976735 -0.138184545 -0.02625
v -0.089732865 -0.138106515 -0.031875
v -0.089799255 -0.13826433 -0.031875
v -0.08986083 -0.138442155 -0.02625
v -0.089854155 -0.13842048 -0.031875
v -0.089897535 -0.138577605 -0.031875
v -0.089923785 -0.138690255 -0.02625
v -0.08996043 -0.13888407 -0.031875
v -0.08996568 -0.13892202 -0.02625
v -0.089991495 -0.13913964 -0.02625
v -0.089993985 -0.139176045 -0.031875
v -0.090006015 -0.13934397 -0.02625
v -0.09001332 -0.139454205 -0.031875
v -0.090015075 -0.1395369 -0.02625
v -0.090018855 -0.139718475 -0.02625
v -0.090018855 -0.139718475 -0.031875
v -0.09002367 -0.140108475 -0.02625
v -0.09002367 -0.140108475 -0.031875
v -0.09002331 -0.14049249 -0.02625
v -0.09002331 -0.14049249 -0.031875
v -0.09001776 -0.14087052 -0.02625
v -0.09001776 -0.14087052 -0.031875
v -0.09000702 -0.141242535 -0.02625
v -0.09000702 -0.141242535 -0.031875
v -0.08999109 -0.14160858 -0.02625
v -0.08999109 -0.14160858 -0.031875
v -0.08997 -0.14196861 -0.02625
v -0.08997 -0.14196861 -0.031875
v -0.08994372 -0.14232276 -0.02625
v -0.08994372 -0.14232276 -0.031875
v -0.08991228 -0.142671045 -0.02625
v -0.08991228 -0.142671045 -0.031875
v -0.089875665 -0.143013345 -0.02625
v -0.089875665 -0.143013345 -0.031875
v -0.08983383 -0.14334951 -0.02625
v -0.08983383 -0.14334951 -0.031875
v -0.08978679 -0.143679435 -0.02625
v -0.08978679 -0.143679435 -0.031875
v -0.08973453 -0.144003 -0.02625
v -0.08973453 -0.144003 -0.031875
v -0.089677485 -0.1443198 -0.02625
v -0.089677485 -0.1443198 -0.031875
v -0.089615775 -0.144629835 -0.02625
v -0.089615775 -0.144629835 -0.031875
v -0.089548845 -0.14493363 -0.02625
v -0.089548845 -0.14493363 -0.031875
v -0.089476155 -0.145231695 -0.02625
v -0.089476155 -0.145231695 -0.031875
v -0.08939718 -0.145524525 -0.02625
v -0.08939718 -0.145524525 -0.031875
v -0.089311335 -0.145812645 -0.02625
v -0.089311335 -0.145812645 -0.031875
v -0.08921847 -0.146097705 -0.02625
v -0.08921847 -0.146097705 -0.031875
v -0.089118975 -0.146379585 -0.02625
v -0.089118975 -0.146379585 -0.031875
v -0.08901318 -0.14665623 -0.02625
v -0.08901318 -0.14665623 -0.031875
v -0.088901415 -0.146925615 -0.02625
v -0.088901415 -0.146925615 -0.031875
v -0.088783995 -0.14718564 -0.02625
v -0.088783995 -0.14718564 -0.031875
v -0.08866128 -0.14743425 -0.02625
v -0.08866128 -0.14743425 -0.031875
v -0.088533015 -0.14767215 -0.02625
v -0.088533015 -0.14767215 -0.031875
v -0.08839887 -0.14790111 -0.02625
v -0.08839887 -0.14790111 -0.031875
v -0.08825907 -0.148120725 -0.02625
v -0.08825907 -0.148120725 -0.031875
v -0.088113885 -0.148330575 -0.02625
v -0.088113885 -0.148330575 -0.031875
v -0.08796351 -0.14853024 -0.02625
v -0.08796351 -0.14853024 -0.031875
v -0.087808215 -0.14871927 -0.02625
v -0.087808215 -0.14871927 -0.031875
v -0.08764794 -0.14889777 -0.02625
v -0.08764794 -0.14889777 -0.031875
v -0.08748249 -0.1490661 -0.02625
v -0.08748249 -0.1490661 -0.031875
v -0.08731188 -0.149224215 -0.02625
v -0.08731188 -0.149224215 -0.031875
v -0.087136095 -0.14937216 -0.02625
v -0.087136095 -0.14937216 -0.031875
v -0.086955135 -0.149509905 -0.02625
v -0.097774875 -0.15021426 -0.031875
v -0.097774875 -0.15021426 -0.02625
v -0.097551405 -0.1500219 -0.02625
v -0.097953705 -0.15035187 -0.031875
v -0.097551405 -0.1500219 -0.031875
v -0.09733251 -0.149818605 -0.02625
v -0.09733251 -0.149818605 -0.031875
v -0.09711822 -0.14960439 -0.02625
v -0.09711822 -0.14960439 -0.031875
v -0.09690852 -0.14937921 -0.02625
v -0.09690852 -0.14937921 -0.031875
v -0.096703425 -0.14914311 -0.02625
v -0.096703425 -0.14914311 -0.031875
v -0.096502905 -0.148896075 -0.02625
v -0.096502905 -0.148896075 -0.031875
v -0.096307095 -0.14863743 -0.02625
v -0.096307095 -0.14863743 -0.031875
v -0.09611601 -0.148367025 -0.02625
v -0.09611601 -0.148367025 -0.031875
v -0.095929515 -0.148085685 -0.02625
v -0.095929515 -0.148085685 -0.031875
v -0.09574749 -0.14779422 -0.02625
v -0.09574749 -0.14779422 -0.031875
v -0.0955698 -0.147493425 -0.02625
v -0.0955698 -0.147493425 -0.031875
v -0.09539634 -0.14718411 -0.02625
v -0.09539634 -0.14718411 -0.031875
v -0.095227215 -0.14686557 -0.02625
v -0.095227215 -0.14686557 -0.031875
v -0.095062515 -0.146537025 -0.02625
v -0.095062515 -0.146537025 -0.031875
v -0.094902165 -0.14619918 -0.02625
v -0.094902165 -0.14619918 -0.031875
v -0.09474606 -0.14585265 -0.02625
v -0.09474606 -0.14585265 -0.031875
v -0.09459411 -0.145498125 -0.02625
v -0.09459411 -0.145498125 -0.031875
v -0.09444621 -0.14513628 -0.02625
v -0.09444621 -0.14513628 -0.031875
v -0.094302465 -0.14476665 -0.02625
v -0.094302465 -0.14476665 -0.031875
v -0.094162935 -0.144388605 -0.02625
v -0.094162935 -0.144388605 -0.031875
v -0.09402756 -0.14400258 -0.02625
v -0.09402756 -0.14400258 -0.031875
v -0.09389625 -0.14360898 -0.02625
v -0.09389625 -0.14360898 -0.031875
v -0.09376896 -0.14320821 -0.02625
v -0.09376896 -0.14320821 -0.031875
v -0.0936456 -0.14280069 -0.02625
v -0.0936456 -0.14280069 -0.031875
v -0.093526185 -0.142386375 -0.02625
v -0.093526185 -0.142386375 -0.031875
v -0.09341079 -0.14196489 -0.02625
v -0.09341079 -0.14196489 -0.031875
v -0.093299385 -0.141536235 -0.02625
v -0.093299385 -0.141536235 -0.031875
v -0.093191985 -0.141100425 -0.02625
v -0.093191985 -0.141100425 -0.031875
v -0.093088605 -0.140657475 -0.02625
v -0.093088605 -0.140657475 -0.031875
v -0.092989215 -0.14020734 -0.02625
v -0.092989215 -0.14020734 -0.031875
v -0.092955585 -0.140049315 -0.02625
v -0.09295818 -0.14006166 -0.031875
v -0.09292635 -0.139904115 -0.031875
v -0.09292185 -0.139880835 -0.02625
v -0.092894895 -0.139733385 -0.031875
v -0.09288942 -0.13970127 -0.02625
v -0.09286557 -0.139547655 -0.031875
v -0.092860335 -0.139509675 -0.02625
v -0.09284091 -0.13934478 -0.031875
v -0.092837175 -0.139304625 -0.02625
v -0.092825055 -0.139120515 -0.031875
v -0.09282378 -0.13908363 -0.02625
v -0.092824065 -0.13887354 -0.031875
v -0.09282507 -0.13884483 -0.02625
v -0.092844495 -0.138605475 -0.031875
v -0.092846655 -0.1385874 -0.02625
v -0.092893695 -0.138321375 -0.031875
v -0.09289578 -0.13831182 -0.02625
v -0.09297627 -0.138032055 -0.031875
v -0.09297819 -0.1380264 -0.02625
v -0.09309318 -0.13774905 -0.031875
v -0.09309714 -0.13774116 -0.02625
v -0.093171015 -0.13760103 -0.02625
v -0.09324507 -0.13748163 -0.031875
v -0.093255285 -0.13746642 -0.02625
v -0.093350475 -0.13733619 -0.02625
v -0.093432255 -0.13723803 -0.031875
v -0.09345519 -0.137213115 -0.02625
v -0.09356871 -0.137100975 -0.02625
v -0.093655215 -0.1370271 -0.031875
v -0.093691695 -0.13699848 -0.02625
v -0.09390417 -0.136853415 -0.031875
v -0.093950745 -0.13682592 -0.02625
v -0.094166835 -0.13671759 -0.031875
v -0.09421959 -0.136694925 -0.02625
v -0.094430145 -0.136618065 -0.031875
v -0.094485975 -0.136601115 -0.02625
v -0.09468135 -0.13655055 -0.031875
v -0.09474348 -0.136537395 -0.02625
v -0.094914165 -0.13650837 -0.031875
v -0.09498522 -0.13649925 -0.02625
v -0.09512907 -0.136486155 -0.031875
v -0.09520854 -0.136481805 -0.02625
v -0.095327235 -0.13647912 -0.031875
v -0.09541368 -0.136479915 -0.02625
v -0.095509875 -0.136483065 -0.031875
v -0.09560244 -0.136488405 -0.02625
v -0.09567846 -0.136494405 -0.031875
v -0.095776185 -0.136504095 -0.02625
v -0.095834385 -0.136510965 -0.031875
v -0.095936295 -0.136524675 -0.02625
v -0.09597903 -0.13653108 -0.031875
v -0.096084225 -0.136548285 -0.02625
v -0.096113865 -0.136553475 -0.031875
v -0.096221595 -0.136573425 -0.02625
v -0.09624042 -0.13657707 -0.031875
v -0.09634962 -0.136599075 -0.02625
v -0.096359925 -0.136601235 -0.031875
v -0.096469665 -0.13662468 -0.02625
v -0.0964737 -0.136625565 -0.031875
v -0.09658284 -0.136649895 -0.02625
v -0.09658284 -0.136649895 -0.031875
v -0.09752676 -0.13688667 -0.02625
v -0.09752676 -0.13688667 -0.031875
v -0.09845316 -0.13716321 -0.02625
v -0.09845316 -0.13716321 -0.031875
v -0.09936201 -0.13747947 -0.02625
v -0.09936201 -0.13747947 -0.031875
v -0.10025331 -0.13783548 -0.02625
v -0.10025331 -0.13783548 -0.031875
v -0.10112874 -0.138232155 -0.02625
v -0.10112874 -0.138232155 -0.031875
v -0.1019898 -0.13867038 -0.02625
v -0.1019898 -0.13867038 -0.031875
v -0.1028316 -0.139147365 -0.02625
v -0.1028316 -0.139147365 -0.031875
v -0.10364907 -0.139660245 -0.02625
v -0.10364907 -0.139660245 -0.031875
v -0.104438835 -0.140207355 -0.02625
v -0.104438835 -0.140207355 -0.031875
v -0.10520631 -0.140792505 -0.02625
v -0.10520631 -0.140792505 -0.031875
v -0.105948645 -0.14141298 -0.02625
v -0.105948645 -0.14141298 -0.031875
v -0.106661265 -0.142064835 -0.02625
v -0.106661265 -0.142064835 -0.031875
v -0.107339835 -0.14274432 -0.02625
v -0.107339835 -0.14274432 -0.031875
v -0.107985675 -0.14345256 -0.02625
v -0.107985675 -0.14345256 -0.031875
v -0.108600285 -0.144190875 -0.02625
v -0.108600285 -0.144190875 -0.031875
v -0.10918368 -0.144959265 -0.02625
v -0.10918368 -0.144959265 -0.031875
v -0.10973583 -0.1457577 -0.02625
v -0.10973583 -0.1457577 -0.031875
v -0.109860855 -0.145948005 -0.02625
v -0.10982847 -0.145899075 -0.031875
v -0.109919325 -0.146045625 -0.031875
v -0.109984125 -0.146154795 -0.02625
v -0.11000868 -0.14619636 -0.031875
v -0.11010681 -0.146376765 -0.02625
v -0.110095095 -0.14635608 -0.031875
v -0.110178465 -0.14652564 -0.031875
v -0.11022081 -0.14662482 -0.02625
v -0.110256045 -0.146710785 -0.031875
v -0.1103235 -0.14689989 -0.02625
v -0.110327175 -0.14691216 -0.031875
v -0.11039886 -0.1472031 -0.02625
v -0.11038509 -0.14713356 -0.031875
v -0.1104279 -0.147374145 -0.031875
v -0.110442885 -0.147526185 -0.02625
v -0.11044863 -0.14763309 -0.031875
v -0.11044896 -0.14769081 -0.02625
v -0.110445225 -0.147858225 -0.02625
v -0.110442405 -0.147908025 -0.031875
v -0.11043075 -0.148024005 -0.02625
v -0.110404575 -0.148184745 -0.02625
v -0.110402415 -0.148197405 -0.031875
v -0.11031807 -0.148497195 -0.02625
v -0.11031987 -0.148493265 -0.031875
v -0.11025879 -0.148643595 -0.031875
v -0.110190705 -0.148788135 -0.02625
v -0.110185965 -0.14879391 -0.031875
v -0.110024565 -0.14905584 -0.02625
v -0.11010255 -0.148939725 -0.031875
v -0.11000865 -0.149078595 -0.031875
v -0.10983336 -0.149294145 -0.02625
v -0.10990287 -0.14921349 -0.031875
v -0.109788015 -0.14934219 -0.031875
v -0.10962285 -0.14950209 -0.02625
v -0.10966725 -0.14946195 -0.031875
v -0.109538865 -0.14957244 -0.031875
v -0.109404375 -0.14967513 -0.02625
v -0.10940268 -0.149674695 -0.031875
v -0.109185945 -0.14981844 -0.02625
v -0.109264005 -0.149768205 -0.031875
v -0.108991275 -0.149925285 -0.031875
v -0.10897314 -0.14993304 -0.02625
v -0.108769305 -0.150028905 -0.02625
v -0.108720825 -0.150048555 -0.031875
v -0.10857489 -0.150108 -0.02625
v -0.108461985 -0.1501545 -0.031875
v -0.108389325 -0.15017871 -0.02625
v -0.10821267 -0.15023991 -0.02625
v -0.10821267 -0.15023991 -0.031875
v -0.10784322 -0.15036501 -0.02625
v -0.10784322 -0.15036501 -0.031875
v -0.107477895 -0.15048333 -0.02625
v -0.107477895 -0.15048333 -0.031875
v -0.107116665 -0.15059487 -0.02625
v -0.107116665 -0.15059487 -0.031875
v -0.106759515 -0.1506996 -0.02625
v -0.106759515 -0.1506996 -0.031875
v -0.10640649 -0.15079758 -0.02625
v -0.10640649 -0.15079758 -0.031875
v -0.106057545 -0.15088878 -0.02625
v -0.106057545 -0.15088878 -0.031875
v -0.105712605 -0.150973215 -0.02625
v -0.105712605 -0.150973215 -0.031875
v -0.105371655 -0.151050945 -0.02625
v -0.105371655 -0.151050945 -0.031875
v -0.1050348 -0.151121895 -0.02625
v -0.1050348 -0.151121895 -0.031875
v -0.10470216 -0.15118599 -0.02625
v -0.10470216 -0.15118599 -0.031875
v -0.10437384 -0.151243215 -0.02625
v -0.10437384 -0.151243215 -0.031875
v -0.104049975 -0.15129348 -0.02625
v -0.104049975 -0.15129348 -0.031875
v -0.10373106 -0.15133713 -0.02625
v -0.10373106 -0.15133713 -0.031875
v -0.103417125 -0.151374255 -0.02625
v -0.103417125 -0.151374255 -0.031875
v -0.10310751 -0.15140448 -0.02625
v -0.10310751 -0.15140448 -0.031875
v -0.10280157 -0.151427445 -0.02625
v -0.10280157 -0.151427445 -0.031875
v -0.10249866 -0.151442835 -0.02625
v -0.10249866 -0.151442835 -0.031875
v -0.102198105 -0.15145023 -0.02625
v -0.102198105 -0.15145023 -0.031875
v -0.101898315 -0.15144999 -0.02625
v -0.101898315 -0.15144999 -0.031875
v -0.101599485 -0.151442475 -0.02625
v -0.101599485 -0.151442475 -0.031875
v -0.10130367 -0.151427355 -0.02625
v -0.10130367 -0.151427355 -0.031875
v -0.101012955 -0.151404285 -0.02625
v -0.101012955 -0.151404285 -0.031875
v -0.10072938 -0.15137298 -0.02625
v -0.10072938 -0.15137298 -0.031875
v -0.100455015 -0.151333095 -0.02625
v -0.100455015 -0.151333095 -0.031875
v -0.10018911 -0.1512846 -0.02625
v -0.10018911 -0.1512846 -0.031875
v -0.09992991 -0.15122778 -0.02625
v -0.09992991 -0.15122778 -0.031875
v -0.099677835 -0.151162695 -0.02625
v -0.099677835 -0.151162695 -0.031875
v -0.099433395 -0.15108945 -0.02625
v -0.099433395 -0.15108945 -0.031875
v -0.09919704 -0.151008135 -0.02625
v -0.09919704 -0.151008135 -0.031875
v -0.09896925 -0.150918855 -0.02625
v -0.09896925 -0.150918855 -0.031875
v -0.098749965 -0.150821595 -0.02625
v -0.098749965 -0.150821595 -0.031875
v -0.098538765 -0.15071625 -0.02625
v -0.098538765 -0.15071625 -0.031875
v -0.09833565 -0.150602865 -0.02625
v -0.09833565 -0.150602865 -0.031875
v -0.098140635 -0.150481395 -0.02625
v -0.098140635 -0.150481395 -0.031875
v -0.097953705 -0.15035187 -0.02625
v -0.07052334 -0.15650139 -0.031875
v -0.07052334 -0.15650139 -0.02625
v -0.07053468 -0.156270825 -0.02625
v -0.07050072 -0.15747189 -0.031875
v -0.07053282 -0.156313125 -0.031875
v -0.070548075 -0.156113085 -0.031875
v -0.070556445 -0.1560279 -0.02625
v -0.070570905 -0.15590142 -0.031875
v -0.07058898 -0.15577251 -0.02625
v -0.07060539 -0.155678595 -0.031875
v -0.07064337 -0.15550008 -0.02625
v -0.07065753 -0.15544341 -0.031875
v -0.070726275 -0.155214945 -0.02625
v -0.07073229 -0.15519678 -0.031875
v -0.070846395 -0.15491925 -0.02625
v -0.070836375 -0.154939785 -0.031875
v -0.070920975 -0.15477426 -0.02625
v -0.07097499 -0.15468108 -0.031875
v -0.071006355 -0.15463146 -0.02625
v -0.071101605 -0.15449139 -0.02625
v -0.07114926 -0.154428375 -0.031875
v -0.071204985 -0.15435891 -0.02625
v -0.071316315 -0.154235865 -0.02625
v -0.071360145 -0.154190535 -0.031875
v -0.07143615 -0.154120305 -0.02625
v -0.071606625 -0.15398217 -0.031875
v -0.07169361 -0.153920775 -0.02625
v -0.071742045 -0.153890325 -0.031875
v -0.07197351 -0.15376548 -0.02625
v -0.071883645 -0.153809355 -0.031875
v -0.07203309 -0.153738525 -0.031875
v -0.072264495 -0.153651045 -0.02625
v -0.072185985 -0.153678 -0.031875
v -0.07249452 -0.15358956 -0.031875
v -0.072559935 -0.15357537 -0.02625
v -0.072793995 -0.153540255 -0.031875
v -0.072849645 -0.153536025 -0.02625
v -0.07307244 -0.15352656 -0.031875
v -0.07312419 -0.15352632 -0.02625
v -0.07333029 -0.153537765 -0.031875
v -0.073380345 -0.153542925 -0.02625
v -0.073570365 -0.153567255 -0.031875
v -0.073614375 -0.153574635 -0.02625
v -0.07379451 -0.15360993 -0.031875
v -0.073829925 -0.15361737 -0.02625
v -0.07400529 -0.153660405 -0.031875
v -0.0740292 -0.153666765 -0.02625
v -0.07420368 -0.153714525 -0.031875
v -0.074215905 -0.15371787 -0.02625
v -0.074390175 -0.153770505 -0.02625
v -0.074390175 -0.153770505 -0.031875
v -0.07476258 -0.15388644 -0.02625
v -0.07476258 -0.15388644 -0.031875
v -0.075127695 -0.154005465 -0.02625
v -0.075127695 -0.154005465 -0.031875
v -0.07548549 -0.15412755 -0.02625
v -0.07548549 -0.15412755 -0.031875
v -0.075835995 -0.154252725 -0.02625
v -0.075835995 -0.154252725 -0.031875
v -0.076179195 -0.154380975 -0.02625
v -0.076179195 -0.154380975 -0.031875
v -0.076515105 -0.1545123 -0.02625
v -0.076515105 -0.1545123 -0.031875
v -0.0768438 -0.15464673 -0.02625
v -0.0768438 -0.15464673 -0.031875
v -0.07716531 -0.154784265 -0.02625
v -0.07716531 -0.154784265 -0.031875
v -0.07747953 -0.15492486 -0.02625
v -0.07747953 -0.15492486 -0.031875
v -0.077786325 -0.155068515 -0.02625
v -0.077786325 -0.155068515 -0.031875
v -0.078085575 -0.155215215 -0.02625
v -0.078085575 -0.155215215 -0.031875
v -0.078377145 -0.1553649 -0.02625
v -0.078377145 -0.1553649 -0.031875
v -0.07866081 -0.15551706 -0.02625
v -0.07866081 -0.15551706 -0.031875
v -0.0789366 -0.155671545 -0.02625
v -0.0789366 -0.155671545 -0.031875
v -0.079204845 -0.155829075 -0.02625
v -0.079204845 -0.155829075 -0.031875
v -0.07946586 -0.15599031 -0.02625
v -0.07946586 -0.15599031 -0.031875
v -0.07971996 -0.15615594 -0.02625
v -0.07971996 -0.15615594 -0.031875
v -0.07996746 -0.156326595 -0.02625
v -0.07996746 -0.156326595 -0.031875
v -0.08020986 -0.15650301 -0.02625
v -0.08020986 -0.15650301 -0.031875
v -0.080447205 -0.156684735 -0.02625
v -0.080447205 -0.156684735 -0.031875
v -0.08067762 -0.15687084 -0.02625
v -0.08067762 -0.15687084 -0.031875
v -0.080899275 -0.157060395 -0.02625
v -0.080899275 -0.157060395 -0.031875
v -0.08111028 -0.157252395 -0.02625
v -0.08111028 -0.157252395 -0.031875
v -0.08130882 -0.15744594 -0.02625
v -0.08130882 -0.15744594 -0.031875
v -0.08149542 -0.15764145 -0.02625
v -0.08149542 -0.15764145 -0.031875
v -0.08167173 -0.157839795 -0.02625
v -0.08167173 -0.157839795 -0.031875
v -0.081837405 -0.158040585 -0.02625
v -0.081837405 -0.158040585 -0.031875
v -0.0819921 -0.158243535 -0.02625
v -0.0819921 -0.158243535 -0.031875
v -0.08213553 -0.158448225 -0.02625
v -0.08213553 -0.158448225 -0.031875
v -0.08226732 -0.158654355 -0.02625
v -0.08226732 -0.158654355 -0.031875
v -0.082387575 -0.15886194 -0.02625
v -0.082387575 -0.15886194 -0.031875
v -0.08249652 -0.159071295 -0.02625
v -0.08249652 -0.159071295 -0.031875
v -0.082594185 -0.159282435 -0.02625
v -0.082594185 -0.159282435 -0.031875
v -0.08268057 -0.15949533 -0.02625
v -0.08268057 -0.15949533 -0.031875
v -0.082755645 -0.159709995 -0.02625
v -0.082755645 -0.159709995 -0.031875
v -0.082819455 -0.15992643 -0.02625
v -0.082819455 -0.15992643 -0.031875
v -0.08288718 -0.16021341 -0.02625
v -0.08288718 -0.16021341 -0.031875
v -0.08294478 -0.16050654 -0.02625
v -0.08294478 -0.16050654 -0.031875
v -0.082992225 -0.160805805 -0.02625
v -0.082992225 -0.160805805 -0.031875
v -0.083029515 -0.16111122 -0.02625
v -0.083029515 -0.16111122 -0.031875
v -0.08305668 -0.161422785 -0.02625
v -0.08305668 -0.161422785 -0.031875
v -0.083073675 -0.161740515 -0.02625
v -0.083073675 -0.161740515 -0.031875
v -0.083080065 -0.16206486 -0.02625
v -0.083080065 -0.16206486 -0.031875
v -0.08307573 -0.162395925 -0.02625
v -0.08307573 -0.162395925 -0.031875
v -0.08306124 -0.162733155 -0.02625
v -0.08306124 -0.162733155 -0.031875
v -0.08303718 -0.16307595 -0.02625
v -0.08303718 -0.16307595 -0.031875
v -0.08300412 -0.16342374 -0.02625
v -0.08300412 -0.16342374 -0.031875
v -0.082962645 -0.16377594 -0.02625
v -0.082962645 -0.16377594 -0.031875
v -0.082912245 -0.16413306 -0.02625
v -0.082912245 -0.16413306 -0.031875
v -0.08285238 -0.164495655 -0.02625
v -0.08285238 -0.164495655 -0.031875
v -0.082783515 -0.164863245 -0.02625
v -0.082783515 -0.164863245 -0.031875
v -0.082706115 -0.16523535 -0.02625
v -0.082706115 -0.16523535 -0.031875
v -0.08262066 -0.165611475 -0.02625
v -0.08262066 -0.165611475 -0.031875
v -0.08252763 -0.16599114 -0.02625
v -0.08252763 -0.16599114 -0.031875
v -0.082426665 -0.166374675 -0.02625
v -0.082426665 -0.166374675 -0.031875
v -0.082317345 -0.166762515 -0.02625
v -0.082317345 -0.166762515 -0.031875
v -0.08219997 -0.167154405 -0.02625
v -0.08219997 -0.167154405 -0.031875
v -0.082074825 -0.167550015 -0.02625
v -0.082074825 -0.167550015 -0.031875
v -0.081942255 -0.16794906 -0.02625
v -0.081942255 -0.16794906 -0.031875
v -0.081802515 -0.168351255 -0.02625
v -0.081802515 -0.168351255 -0.031875
v -0.08165559 -0.168756645 -0.02625
v -0.08165559 -0.168756645 -0.031875
v -0.08150121 -0.16916547 -0.02625
v -0.08150121 -0.16916547 -0.031875
v -0.08133939 -0.16957773 -0.02625
v -0.08133939 -0.16957773 -0.031875
v -0.081170115 -0.16999341 -0.02625
v -0.081170115 -0.16999341 -0.031875
v -0.080993385 -0.170412555 -0.02625
v -0.080993385 -0.170412555 -0.031875
v -0.0808092 -0.170835135 -0.02625
v -0.0808092 -0.170835135 -0.031875
v -0.08075055 -0.170967105 -0.02625
v -0.080748135 -0.17097261 -0.031875
v -0.080686845 -0.171106545 -0.02625
v -0.08068146 -0.171118095 -0.031875
v -0.080617125 -0.171253155 -0.02625
v -0.08060802 -0.17127174 -0.031875
v -0.08053998 -0.17140659 -0.02625
v -0.080525805 -0.171433845 -0.031875
v -0.080453115 -0.17156646 -0.02625
v -0.08043054 -0.171605685 -0.031875
v -0.08035341 -0.17173287 -0.02625
v -0.08031858 -0.17178675 -0.031875
v -0.08023794 -0.171904995 -0.02625
v -0.08018628 -0.17197611 -0.031875
v -0.0801033 -0.17208141 -0.02625
v -0.080028945 -0.17216802 -0.031875
v -0.079945125 -0.1722582 -0.02625
v -0.079844295 -0.17235666 -0.031875
v -0.079761255 -0.172431255 -0.02625
v -0.079631415 -0.17253663 -0.031875
v -0.079550445 -0.172595835 -0.02625
v -0.079391655 -0.17269989 -0.031875
v -0.079312635 -0.172745655 -0.02625
v -0.07912839 -0.17283732 -0.031875
v -0.07904823 -0.17287161 -0.02625
v -0.07884303 -0.172941855 -0.031875
v -0.07875726 -0.172964145 -0.02625
v -0.078690945 -0.17297877 -0.031875
v -0.07860126 -0.17299539 -0.02625
v -0.07853529 -0.17300487 -0.031875
v -0.078443025 -0.173014425 -0.02625
v -0.07837986 -0.173018115 -0.031875
v -0.078282285 -0.173019345 -0.02625
v -0.07822218 -0.17301795 -0.031875
v -0.07812045 -0.17301207 -0.02625
v -0.077919345 -0.1729884 -0.031875
v -0.07781376 -0.17296782 -0.02625
v -0.07764189 -0.17292474 -0.031875
v -0.07753326 -0.172892205 -0.02625
v -0.07739562 -0.172842315 -0.031875
v -0.07728537 -0.172796625 -0.02625
v -0.0771771 -0.172747155 -0.031875
v -0.07706499 -0.172689225 -0.02625
v -0.076983975 -0.17264403 -0.031875
v -0.076870515 -0.172575 -0.02625
v -0.07681329 -0.172537215 -0.031875
v -0.076699215 -0.172457475 -0.02625
v -0.0766605 -0.17242866 -0.031875
v -0.07654746 -0.1723395 -0.02625
v -0.076522665 -0.172319265 -0.031875
v -0.0764112 -0.17222304 -0.02625
v -0.07639641 -0.172209675 -0.031875
v -0.076288095 -0.172109055 -0.02625
v -0.076279695 -0.17210088 -0.031875
v -0.076176165 -0.171998325 -0.02625
v -0.07617156 -0.171993675 -0.031875
v -0.07607355 -0.171891435 -0.02625
v -0.07607112 -0.171888855 -0.031875
v -0.075979005 -0.171789315 -0.02625
v -0.07597773 -0.17178789 -0.031875
v -0.075891645 -0.17169237 -0.02625
v -0.075891045 -0.171691725 -0.031875
v -0.0758109 -0.1716009 -0.02625
v -0.0758109 -0.1716009 -0.031875
v -0.07518642 -0.1708545 -0.02625
v -0.07518642 -0.1708545 -0.031875
v -0.0745995 -0.170086275 -0.02625
v -0.0745995 -0.170086275 -0.031875
v -0.07405011 -0.169296195 -0.02625
v -0.07405011 -0.169296195 -0.031875
v -0.073538295 -0.16848429 -0.02625
v -0.073538295 -0.16848429 -0.031875
v -0.073063215 -0.16764879 -0.02625
v -0.073063215 -0.16764879 -0.031875
v -0.07262418 -0.166788165 -0.02625
v -0.07262418 -0.166788165 -0.031875
v -0.072223515 -0.165907455 -0.02625
v -0.072223515 -0.165907455 -0.031875
v -0.071863635 -0.16501203 -0.02625
v -0.071863635 -0.16501203 -0.031875
v -0.07154628 -0.164105205 -0.02625
v -0.07154628 -0.164105205 -0.031875
v -0.07126932 -0.16318071 -0.02625
v -0.07126932 -0.16318071 -0.031875
v -0.071033475 -0.162242385 -0.02625
v -0.071033475 -0.162242385 -0.031875
v -0.070840095 -0.16129617 -0.02625
v -0.070840095 -0.16129617 -0.031875
v -0.070690515 -0.160347585 -0.02625
v -0.070690515 -0.160347585 -0.031875
v -0.070584315 -0.159394995 -0.02625
v -0.070584315 -0.159394995 -0.031875
v -0.07052106 -0.15843642 -0.02625
v -0.07052106 -0.15843642 -0.031875
v -0.07050072 -0.15747189 -0.02625
v -0.10062732 -0.1608597 -0.031875
v -0.10062732 -0.1608597 -0.02625
v -0.1007412 -0.16058772 -0.02625
v -0.100551705 -0.161072295 -0.031875
v -0.1007412 -0.16058772 -0.031875
v -0.1008669 -0.160316715 -0.02625
v -0.1008669 -0.160316715 -0.031875
v -0.10100442 -0.160046715 -0.02625
v -0.10100442 -0.160046715 -0.031875
v -0.10115376 -0.159777705 -0.02625
v -0.10115376 -0.159777705 -0.031875
v -0.101314935 -0.159509685 -0.02625
v -0.101314935 -0.159509685 -0.031875
v -0.10148793 -0.159242655 -0.02625
v -0.10148793 -0.159242655 -0.031875
v -0.101673405 -0.158976495 -0.02625
v -0.101673405 -0.158976495 -0.031875
v -0.101871525 -0.158711205 -0.02625
v -0.101871525 -0.158711205 -0.031875
v -0.10208145 -0.15844689 -0.02625
v -0.10208145 -0.15844689 -0.031875
v -0.1023024 -0.1581837 -0.02625
v -0.1023024 -0.1581837 -0.031875
v -0.102533565 -0.15792177 -0.02625
v -0.102533565 -0.15792177 -0.031875
v -0.10277415 -0.15766122 -0.02625
v -0.10277415 -0.15766122 -0.031875
v -0.10302483 -0.15740193 -0.02625
v -0.10302483 -0.15740193 -0.031875
v -0.1032864 -0.157143765 -0.02625
v -0.1032864 -0.157143765 -0.031875
v -0.10355817 -0.15688686 -0.02625
v -0.10355817 -0.15688686 -0.031875
v -0.10383951 -0.156631305 -0.02625
v -0.10383951 -0.156631305 -0.031875
v -0.104129715 -0.15637725 -0.02625
v -0.104129715 -0.15637725 -0.031875
v -0.104428155 -0.156124785 -0.02625
v -0.104428155 -0.156124785 -0.031875
v -0.104735265 -0.155873835 -0.02625
v -0.104735265 -0.155873835 -0.031875
v -0.10505169 -0.15562431 -0.02625
v -0.10505169 -0.15562431 -0.031875
v -0.10537698 -0.15537627 -0.02625
v -0.10537698 -0.15537627 -0.031875
v -0.105710745 -0.15512976 -0.02625
v -0.105710745 -0.15512976 -0.031875
v -0.106052565 -0.154884855 -0.02625
v -0.106052565 -0.154884855 -0.031875
v -0.10640202 -0.154641615 -0.02625
v -0.10640202 -0.154641615 -0.031875
v -0.10675917 -0.15440001 -0.02625
v -0.10675917 -0.15440001 -0.031875
v -0.107124345 -0.154159995 -0.02625
v -0.107124345 -0.154159995 -0.031875
v -0.10749759 -0.153921585 -0.02625
v -0.10749759 -0.153921585 -0.031875
v -0.10787889 -0.15368478 -0.02625
v -0.10787889 -0.15368478 -0.031875
v -0.10826823 -0.15344958 -0.02625
v -0.10826823 -0.15344958 -0.031875
v -0.10866561 -0.153215955 -0.02625
v -0.10866561 -0.153215955 -0.031875
v -0.10878387 -0.15314757 -0.02625
v -0.108801915 -0.15313722 -0.031875
v -0.108909555 -0.15307644 -0.02625
v -0.108949635 -0.153054105 -0.031875
v -0.10904346 -0.153003105 -0.02625
v -0.109110495 -0.152967525 -0.031875
v -0.10918674 -0.152928255 -0.02625
v -0.109286805 -0.15287904 -0.031875
v -0.10934088 -0.152853255 -0.02625
v -0.10948143 -0.152790735 -0.031875
v -0.109507905 -0.15277962 -0.02625
v -0.109690005 -0.15270924 -0.02625
v -0.10969863 -0.1527057 -0.031875
v -0.109889685 -0.15264447 -0.02625
v -0.109944105 -0.15262935 -0.031875
v -0.11011053 -0.15258969 -0.02625
v -0.11021949 -0.152569815 -0.031875
v -0.110353545 -0.152550465 -0.02625
v -0.110521545 -0.152535825 -0.031875
v -0.110617305 -0.152531955 -0.02625
v -0.110680185 -0.152531115 -0.031875
v -0.110898675 -0.152539725 -0.02625
v -0.110840835 -0.15253572 -0.031875
v -0.111001335 -0.15255081 -0.031875
v -0.111191385 -0.15258147 -0.02625
v -0.111162135 -0.152575935 -0.031875
v -0.11131878 -0.15261198 -0.031875
v -0.11148795 -0.152665065 -0.02625
v -0.1114719 -0.152659035 -0.031875
v -0.111619695 -0.1527168 -0.031875
v -0.111635835 -0.152724 -0.02625
v -0.111760185 -0.15278568 -0.031875
v -0.111778845 -0.15279588 -0.02625
v -0.11191878 -0.15288237 -0.02625
v -0.112020165 -0.15295308 -0.031875
v -0.112051695 -0.1529784 -0.02625
v -0.112248855 -0.15315309 -0.031875
v -0.112284465 -0.15318957 -0.02625
v -0.11244354 -0.153370905 -0.031875
v -0.112475115 -0.15341007 -0.02625
v -0.112604445 -0.153594555 -0.031875
v -0.112626015 -0.15362814 -0.02625
v -0.112733295 -0.153814275 -0.031875
v -0.11274591 -0.15383925 -0.02625
v -0.112833405 -0.154023285 -0.031875
v -0.11284095 -0.15404121 -0.02625
v -0.112910565 -0.15422028 -0.031875
v -0.112915485 -0.15423336 -0.02625
v -0.11297049 -0.15440568 -0.031875
v -0.1129734 -0.154415295 -0.02625
v -0.11301693 -0.154579605 -0.031875
v -0.11301855 -0.15458688 -0.02625
v -0.113052975 -0.15474249 -0.031875
v -0.1130541 -0.15474837 -0.02625
v -0.113081085 -0.154894995 -0.031875
v -0.113082015 -0.15490023 -0.02625
v -0.1131033 -0.15503808 -0.031875
v -0.11310405 -0.15504297 -0.02625
v -0.113121225 -0.15517266 -0.031875
v -0.113121765 -0.15517716 -0.02625
v -0.113136 -0.155299575 -0.031875
v -0.113136405 -0.15530334 -0.02625
v -0.113148525 -0.1554198 -0.031875
v -0.11314878 -0.15542223 -0.02625
v -0.11315943 -0.15553437 -0.02625
v -0.11315943 -0.15553437 -0.031875
v -0.113225925 -0.156505275 -0.02625
v -0.113225925 -0.156505275 -0.031875
v -0.113249205 -0.15747177 -0.02625
v -0.113249205 -0.15747177 -0.031875
v -0.11322927 -0.158433885 -0.02625
v -0.11322927 -0.158433885 -0.031875
v -0.11316612 -0.15939156 -0.02625
v -0.11316612 -0.15939156 -0.031875
v -0.11305938 -0.160346745 -0.02625
v -0.11305938 -0.160346745 -0.031875
v -0.11290869 -0.161301075 -0.02625
v -0.11290869 -0.161301075 -0.031875
v -0.112715175 -0.162249075 -0.02625
v -0.112715175 -0.162249075 -0.031875
v -0.11247999 -0.16318503 -0.02625
v -0.11247999 -0.16318503 -0.031875
v -0.11220372 -0.164105205 -0.02625
v -0.11220372 -0.164105205 -0.031875
v -0.111884385 -0.16501593 -0.02625
v -0.111884385 -0.16501593 -0.031875
v -0.111523665 -0.165913665 -0.02625
v -0.111523665 -0.165913665 -0.031875
v -0.111123915 -0.166792845 -0.02625
v -0.111123915 -0.166792845 -0.031875
v -0.110687385 -0.167648175 -0.02625
v -0.110687385 -0.167648175 -0.031875
v -0.11021337 -0.16848126 -0.02625
v -0.11021337 -0.16848126 -0.031875
v -0.10970112 -0.169293945 -0.02625
v -0.10970112 -0.169293945 -0.031875
v -0.109150635 -0.17008623 -0.02625
v -0.109150635 -0.17008623 -0.031875
v -0.108561885 -0.170858085 -0.02625
v -0.108561885 -0.170858085 -0.031875
v -0.10842252 -0.171032055 -0.02625
v -0.10844799 -0.17099961 -0.031875
v -0.10832559 -0.171143805 -0.031875
v -0.10826766 -0.17120946 -0.02625
v -0.10819449 -0.17129067 -0.031875
v -0.108098805 -0.171391005 -0.02625
v -0.10804815 -0.17144046 -0.031875
v -0.10790421 -0.171572535 -0.02625
v -0.107882685 -0.1715916 -0.031875
v -0.10768206 -0.171752115 -0.02625
v -0.10769343 -0.17174352 -0.031875
v -0.107475675 -0.17188761 -0.031875
v -0.107424345 -0.171917145 -0.02625
v -0.107229405 -0.172019835 -0.031875
v -0.107137245 -0.17206089 -0.02625
v -0.106985085 -0.172119405 -0.02625
v -0.106956555 -0.172130145 -0.031875
v -0.106826835 -0.172170015 -0.02625
v -0.10666638 -0.172210245 -0.02625
v -0.10666293 -0.17221041 -0.031875
v -0.10650669 -0.172238025 -0.02625
v -0.10635183 -0.172255095 -0.031875
v -0.10618413 -0.17225943 -0.02625
v -0.10603149 -0.172253025 -0.031875
v -0.10586676 -0.172234635 -0.02625
v -0.105868455 -0.1722345 -0.031875
v -0.10570623 -0.17220405 -0.031875
v -0.105556905 -0.172164765 -0.02625
v -0.10554306 -0.172160715 -0.031875
v -0.10526574 -0.172059915 -0.02625
v -0.105380595 -0.17210571 -0.031875
v -0.105223485 -0.17204133 -0.031875
v -0.104996475 -0.1719255 -0.02625
v -0.105072585 -0.171967125 -0.031875
v -0.10492659 -0.171882885 -0.031875
v -0.104757795 -0.17177082 -0.02625
v -0.10478853 -0.171792885 -0.031875
v -0.10454823 -0.171606015 -0.02625
v -0.104542185 -0.171599655 -0.031875
v -0.104369295 -0.17143719 -0.02625
v -0.10432803 -0.171396345 -0.031875
v -0.10421154 -0.171270585 -0.02625
v -0.104144145 -0.17119197 -0.031875
v -0.104073105 -0.171107235 -0.02625
v -0.10397772 -0.1709913 -0.031875
v -0.103944975 -0.170948655 -0.02625
v -0.103828365 -0.170794545 -0.02625
v -0.103828365 -0.170794545 -0.031875
v -0.103595235 -0.170481855 -0.02625
v -0.103595235 -0.170481855 -0.031875
v -0.103369815 -0.170170965 -0.02625
v -0.103369815 -0.170170965 -0.031875
v -0.10315212 -0.169861875 -0.02625
v -0.10315212 -0.169861875 -0.031875
v -0.10294212 -0.169554585 -0.02625
v -0.10294212 -0.169554585 -0.031875
v -0.10273986 -0.16924911 -0.02625
v -0.10273986 -0.16924911 -0.031875
v -0.102545295 -0.16894542 -0.02625
v -0.102545295 -0.16894542 -0.031875
v -0.102358395 -0.16864347 -0.02625
v -0.102358395 -0.16864347 -0.031875
v -0.102179115 -0.168343215 -0.02625
v -0.102179115 -0.168343215 -0.031875
v -0.102007545 -0.168044775 -0.02625
v -0.102007545 -0.168044775 -0.031875
v -0.10184379 -0.167748225 -0.02625
v -0.10184379 -0.167748225 -0.031875
v -0.10168791 -0.167453655 -0.02625
v -0.10168791 -0.167453655 -0.031875
v -0.10154001 -0.167161155 -0.02625
v -0.10154001 -0.167161155 -0.031875
v -0.101399955 -0.166871355 -0.02625
v -0.101399955 -0.166871355 -0.031875
v -0.10126764 -0.166584255 -0.02625
v -0.10126764 -0.166584255 -0.031875
v -0.10114323 -0.166299135 -0.02625
v -0.10114323 -0.166299135 -0.031875
v -0.10102683 -0.16601526 -0.02625
v -0.10102683 -0.16601526 -0.031875
v -0.100918605 -0.165731925 -0.02625
v -0.100918605 -0.165731925 -0.031875
v -0.10081869 -0.16544838 -0.02625
v -0.10081869 -0.16544838 -0.031875
v -0.100726275 -0.1651632 -0.02625
v -0.100726275 -0.1651632 -0.031875
v -0.100641075 -0.164876655 -0.02625
v -0.100641075 -0.164876655 -0.031875
v -0.100564065 -0.16459065 -0.02625
v -0.100564065 -0.16459065 -0.031875
v -0.100496145 -0.16430703 -0.02625
v -0.100496145 -0.16430703 -0.031875
v -0.100438305 -0.164027655 -0.02625
v -0.100438305 -0.164027655 -0.031875
v -0.100391445 -0.163754385 -0.02625
v -0.100391445 -0.163754385 -0.031875
v -0.1003554 -0.16348653 -0.02625
v -0.1003554 -0.16348653 -0.031875
v -0.100329345 -0.16322244 -0.02625
v -0.100329345 -0.16322244 -0.031875
v -0.10031334 -0.16296261 -0.02625
v -0.10031334 -0.16296261 -0.031875
v -0.10030746 -0.16270749 -0.02625
v -0.10030746 -0.16270749 -0.031875
v -0.10031175 -0.162457575 -0.02625
v -0.10031175 -0.162457575 -0.031875
v -0.10032627 -0.16221336 -0.02625
v -0.10032627 -0.16221336 -0.031875
v -0.10035102 -0.16197474 -0.02625
v -0.10035102 -0.16197474 -0.031875
v -0.10038594 -0.161741325 -0.02625
v -0.10038594 -0.161741325 -0.031875
v -0.10043103 -0.1615131 -0.02625
v -0.10043103 -0.1615131 -0.031875
v -0.100486275 -0.161290095 -0.02625
v -0.100486275 -0.161290095 -0.031875
v -0.100551705 -0.161072295 -0.02625
v -0.09138435 -0.16686216 -0.028128885
v -0.09138435 -0.16686216 -0.02625
v -0.091678215 -0.166886415 -0.02625
v -0.091226655 -0.166857705 -0.02823063
v -0.09158631 -0.166876215 -0.028048095
v -0.09180018 -0.166896885 -0.028010475
v -0.09197478 -0.16692222 -0.02625
v -0.092016735 -0.16692516 -0.028017375
v -0.092274075 -0.166969575 -0.02625
v -0.092227125 -0.1669581 -0.02806833
v -0.092422785 -0.166994325 -0.028161225
v -0.09257607 -0.16702848 -0.02625
v -0.09259524 -0.16703016 -0.028292025
v -0.09288078 -0.167098935 -0.02625
v -0.0927372 -0.167062245 -0.02845506
v -0.092842815 -0.167088075 -0.028643325
v -0.09290778 -0.167103585 -0.02884866
v -0.093188205 -0.16718094 -0.02625
v -0.092929695 -0.16711014 -0.0290625
v -0.09288078 -0.167098935 -0.031875
v -0.093188205 -0.16718094 -0.031875
v -0.092907525 -0.167103495 -0.029277585
v -0.092841825 -0.167087835 -0.029483955
v -0.09257607 -0.16702848 -0.031875
v -0.09273504 -0.16706172 -0.029672985
v -0.09259182 -0.16702941 -0.029836155
v -0.092418555 -0.166993515 -0.029966325
v -0.092274075 -0.166969575 -0.031875
v -0.092222925 -0.166957365 -0.03005814
v -0.09197478 -0.16692222 -0.031875
v -0.092014185 -0.166924755 -0.03010797
v -0.09179952 -0.16689681 -0.03011448
v -0.091678215 -0.166886415 -0.031875
v -0.091586385 -0.166876245 -0.030076935
v -0.09138435 -0.16686216 -0.031875
v -0.09138435 -0.16686216 -0.029996115
v -0.091158795 -0.16685595 -0.031875
v -0.091224585 -0.16685772 -0.02989275
v -0.091085475 -0.166856445 -0.0297618
v -0.09093144 -0.16686102 -0.031875
v -0.090971595 -0.16685931 -0.02960676
v -0.090887865 -0.16686342 -0.0294339
v -0.09070227 -0.16687737 -0.031875
v -0.090837225 -0.166865895 -0.029250585
v -0.09082032 -0.16686771 -0.0290625
v -0.09093144 -0.16686102 -0.02625
v -0.09070227 -0.16687737 -0.02625
v -0.09083832 -0.16686576 -0.028868415
v -0.09089106 -0.166863225 -0.028682715
v -0.090975675 -0.166859175 -0.02851152
v -0.091158795 -0.16685595 -0.02625
v -0.09108879 -0.1668564 -0.02835948
v -0.090471285 -0.16690503 -0.031875
v -0.090471285 -0.16690503 -0.02625
v -0.090238515 -0.166943955 -0.031875
v -0.090238515 -0.166943955 -0.02625
v -0.090003915 -0.166994145 -0.031875
v -0.090003915 -0.166994145 -0.02625
v -0.08976717 -0.167055795 -0.031875
v -0.08976717 -0.167055795 -0.02625
v -0.08952816 -0.167128965 -0.031875
v -0.08952816 -0.167128965 -0.02625
v -0.08928735 -0.16721337 -0.031875
v -0.08928735 -0.16721337 -0.02625
v -0.089045175 -0.16730889 -0.031875
v -0.089045175 -0.16730889 -0.02625
v -0.088802055 -0.16741527 -0.031875
v -0.088802055 -0.16741527 -0.02625
v -0.088558455 -0.16753233 -0.031875
v -0.088558455 -0.16753233 -0.02625
v -0.08831304 -0.167661345 -0.031875
v -0.08831304 -0.167661345 -0.02625
v -0.088065225 -0.16780269 -0.031875
v -0.088065225 -0.16780269 -0.02625
v -0.087816465 -0.167954925 -0.031875
v -0.087816465 -0.167954925 -0.02625
v -0.087568245 -0.16811655 -0.031875
v -0.087568245 -0.16811655 -0.02625
v -0.087322065 -0.16828611 -0.031875
v -0.087322065 -0.16828611 -0.02625
v -0.087079395 -0.168462135 -0.031875
v -0.087079395 -0.168462135 -0.02625
v -0.086840595 -0.16864479 -0.031875
v -0.086840595 -0.16864479 -0.02625
v -0.08660457 -0.168835275 -0.031875
v -0.08660457 -0.168835275 -0.02625
v -0.08637057 -0.16903368 -0.031875
v -0.08637057 -0.16903368 -0.02625
v -0.08613786 -0.169240125 -0.031875
v -0.08613786 -0.169240125 -0.02625
v -0.08590569 -0.169454685 -0.031875
v -0.08590569 -0.169454685 -0.02625
v -0.08567334 -0.16967745 -0.031875
v -0.08567334 -0.16967745 -0.02625
v -0.08544087 -0.16990848 -0.031875
v -0.08544087 -0.16990848 -0.02625
v -0.085208895 -0.17014776 -0.031875
v -0.085208895 -0.17014776 -0.02625
v -0.08497746 -0.17039514 -0.031875
v -0.08497746 -0.17039514 -0.02625
v -0.08474664 -0.17065053 -0.031875
v -0.08474664 -0.17065053 -0.02625
v -0.08451648 -0.170913825 -0.031875
v -0.08451648 -0.170913825 -0.02625
v -0.084287055 -0.17118489 -0.031875
v -0.084287055 -0.17118489 -0.02625
v -0.084058365 -0.17146377 -0.031875
v -0.084058365 -0.17146377 -0.02625
v -0.083830335 -0.17175054 -0.031875
v -0.083830335 -0.17175054 -0.02625
v -0.08360298 -0.1720452 -0.031875
v -0.08360298 -0.1720452 -0.02625
v -0.083376285 -0.172347765 -0.031875
v -0.083376285 -0.172347765 -0.02625
v -0.08315028 -0.17265822 -0.031875
v -0.08315028 -0.17265822 -0.02625
v -0.08292492 -0.17297658 -0.031875
v -0.08292492 -0.17297658 -0.02625
v -0.08276742 -0.173201985 -0.031875
v -0.082815435 -0.173133525 -0.02625
v -0.082704525 -0.173303835 -0.02625
v -0.082615665 -0.17344797 -0.031875
v -0.082591545 -0.17348643 -0.02625
v -0.08246736 -0.173713785 -0.031875
v -0.082480995 -0.17368953 -0.02625
v -0.08237457 -0.173914485 -0.02625
v -0.082339605 -0.174006225 -0.031875
v -0.08228346 -0.17416314 -0.031875
v -0.082282095 -0.17416707 -0.02625
v -0.082236015 -0.17432487 -0.031875
v -0.08220882 -0.17444406 -0.02625
v -0.082200225 -0.174490395 -0.031875
v -0.082174125 -0.17466234 -0.031875
v -0.08216484 -0.1747437 -0.02625
v -0.082158465 -0.174836775 -0.031875
v -0.082154715 -0.17500878 -0.031875
v -0.082156245 -0.175054605 -0.02625
v -0.08216352 -0.17517861 -0.031875
v -0.0821841 -0.17534742 -0.031875
v -0.082187145 -0.175371885 -0.02625
v -0.082215735 -0.17551161 -0.031875
v -0.082258275 -0.17566836 -0.031875
v -0.08226381 -0.175682355 -0.02625
v -0.08237784 -0.175964415 -0.031875
v -0.08238645 -0.17598339 -0.02625
v -0.082527195 -0.17623083 -0.031875
v -0.08246322 -0.176126535 -0.02625
v -0.08255187 -0.17626608 -0.02625
v -0.08270283 -0.17646666 -0.031875
v -0.08275266 -0.17652579 -0.02625
v -0.082887915 -0.1766691 -0.031875
v -0.082978305 -0.176752335 -0.02625
v -0.083079975 -0.17684058 -0.031875
v -0.083214645 -0.176944455 -0.02625
v -0.0832713 -0.17698335 -0.031875
v -0.08345361 -0.17709873 -0.02625
v -0.08346003 -0.177103635 -0.031875
v -0.083644095 -0.177204405 -0.031875
v -0.083684865 -0.177226155 -0.02625
v -0.08382276 -0.177291825 -0.031875
v -0.08390715 -0.177329025 -0.02625
v -0.083995905 -0.177367215 -0.031875
v -0.08412126 -0.17742021 -0.02625
v -0.084164085 -0.177436215 -0.031875
v -0.08432724 -0.177498045 -0.031875
v -0.08432724 -0.177498045 -0.02625
v -0.08524326 -0.17781945 -0.031875
v -0.08524326 -0.17781945 -0.02625
v -0.086166855 -0.17809818 -0.031875
v -0.086166855 -0.17809818 -0.02625
v -0.08709807 -0.17833422 -0.031875
v -0.08709807 -0.17833422 -0.02625
v -0.08803686 -0.1785276 -0.031875
v -0.08803686 -0.1785276 -0.02625
v -0.08898522 -0.17867847 -0.031875
v -0.08898522 -0.17867847 -0.02625
v -0.08994489 -0.17878695 -0.031875
v -0.08994489 -0.17878695 -0.02625
v -0.09091017 -0.178852605 -0.031875
v -0.09082032 -0.178848975 -0.0290625
v -0.090845535 -0.178850205 -0.028837605
v -0.090845415 -0.17885019 -0.029287935
v -0.090912585 -0.17885331 -0.02949402
v -0.091875 -0.17887488 -0.031875
v -0.091025145 -0.178858095 -0.0296847
v -0.09117666 -0.178863585 -0.029852265
v -0.09135441 -0.17886867 -0.02997921
v -0.091557975 -0.178872645 -0.03006804
v -0.091769895 -0.178874745 -0.030111375
v -0.091991715 -0.178874685 -0.03011007
v -0.09283551 -0.178853295 -0.031875
v -0.09220245 -0.17887248 -0.030064785
v -0.09240348 -0.17886846 -0.029974635
v -0.092578425 -0.17886342 -0.02984796
v -0.092726715 -0.17885802 -0.02968308
v -0.09283707 -0.17885334 -0.0294945
v -0.092903745 -0.17885022 -0.029288745
v -0.09379833 -0.17878773 -0.031875
v -0.092929695 -0.178848975 -0.0290625
v -0.09283551 -0.178853295 -0.02625
v -0.09379833 -0.17878773 -0.02625
v -0.09290481 -0.17885019 -0.02883789
v -0.092838045 -0.178853295 -0.02863239
v -0.09272607 -0.17885805 -0.02844204
v -0.091875 -0.17887488 -0.02625
v -0.09257538 -0.17886351 -0.02827458
v -0.09239898 -0.17886858 -0.028147575
v -0.092197125 -0.17887257 -0.02805849
v -0.091986285 -0.178874715 -0.028014225
v -0.09176505 -0.178874715 -0.028013985
v -0.09091017 -0.178852605 -0.02625
v -0.09155328 -0.178872585 -0.02805861
v -0.09134931 -0.178868535 -0.02814909
v -0.0911721 -0.17886345 -0.02827653
v -0.091022805 -0.178858005 -0.028442895
v -0.090912045 -0.178853295 -0.028632285
v -0.09475974 -0.17867883 -0.031875
v -0.09475974 -0.17867883 -0.02625
v -0.09571392 -0.178527225 -0.031875
v -0.09571392 -0.178527225 -0.02625
v -0.09665532 -0.17833359 -0.031875
v -0.09665532 -0.17833359 -0.02625
v -0.097585665 -0.1780977 -0.031875
v -0.097585665 -0.1780977 -0.02625
v -0.09850683 -0.17781936 -0.031875
v -0.09850683 -0.17781936 -0.02625
v -0.09941883 -0.177498555 -0.031875
v -0.09941883 -0.177498555 -0.02625
v -0.100321665 -0.177135285 -0.031875
v -0.100321665 -0.177135285 -0.02625
v -0.100427805 -0.177089265 -0.031875
v -0.10043169 -0.1770876 -0.02625
v -0.100539345 -0.17703972 -0.031875
v -0.1005489 -0.177035415 -0.02625
v -0.100656885 -0.176985765 -0.031875
v -0.10067328 -0.176978055 -0.02625
v -0.100780905 -0.17692629 -0.031875
v -0.10080468 -0.17691456 -0.02625
v -0.100911675 -0.17685999 -0.031875
v -0.1009428 -0.17684361 -0.02625
v -0.101049405 -0.176785095 -0.031875
v -0.10108758 -0.176763255 -0.02625
v -0.101194275 -0.17669943 -0.031875
v -0.10123914 -0.17667114 -0.02625
v -0.10134609 -0.176600415 -0.031875
v -0.10139772 -0.176564235 -0.02625
v -0.101504295 -0.17648502 -0.031875
v -0.101563785 -0.17643825 -0.02625
v -0.101667945 -0.17634951 -0.031875
v -0.10173708 -0.176286105 -0.02625
v -0.1018362 -0.17618772 -0.031875
v -0.10191423 -0.17610267 -0.02625
v -0.102003675 -0.175997355 -0.031875
v -0.10208877 -0.17588583 -0.02625
v -0.10216317 -0.17577816 -0.031875
v -0.102249705 -0.175637385 -0.02625
v -0.102306135 -0.175531275 -0.031875
v -0.102383475 -0.175362345 -0.02625
v -0.10242282 -0.175259145 -0.031875
v -0.10247913 -0.17506749 -0.02625
v -0.10250145 -0.174966465 -0.031875
v -0.102510465 -0.17491413 -0.02625
v -0.102534375 -0.17465655 -0.031875
v -0.10252926 -0.17475879 -0.02625
v -0.102535215 -0.174600495 -0.02625
v -0.10253301 -0.17449695 -0.031875
v -0.102529695 -0.17444172 -0.02625
v -0.102519945 -0.17433702 -0.031875
v -0.102513255 -0.17428431 -0.02625
v -0.102495195 -0.174176055 -0.031875
v -0.10248561 -0.17412747 -0.02625
v -0.102460875 -0.174018405 -0.031875
v -0.10241643 -0.17386377 -0.031875
v -0.102404445 -0.173826705 -0.02625
v -0.10236372 -0.173713905 -0.031875
v -0.10229454 -0.173548485 -0.02625
v -0.1022397 -0.17343675 -0.031875
v -0.10216533 -0.17330079 -0.02625
v -0.10209969 -0.17319318 -0.031875
v -0.102027975 -0.17308692 -0.02625
v -0.10195266 -0.172983105 -0.031875
v -0.101888535 -0.17290149 -0.02625
v -0.101805255 -0.17280192 -0.031875
v -0.101750655 -0.172739655 -0.02625
v -0.101660655 -0.172642515 -0.031875
v -0.101616555 -0.172596495 -0.02625
v -0.10152063 -0.172500075 -0.031875
v -0.101487615 -0.1724679 -0.02625
v -0.101386365 -0.172371375 -0.031875
v -0.10136469 -0.172351155 -0.02625
v -0.10125867 -0.17225367 -0.031875
v -0.101248095 -0.172244055 -0.02625
v -0.10113795 -0.17214498 -0.031875
v -0.10113795 -0.17214498 -0.02625
v -0.100792965 -0.171839235 -0.031875
v -0.100792965 -0.171839235 -0.02625
v -0.100448955 -0.171541635 -0.031875
v -0.100448955 -0.171541635 -0.02625
v -0.10010592 -0.17125218 -0.031875
v -0.10010592 -0.17125218 -0.02625
v -0.09976383 -0.170970885 -0.031875
v -0.09976383 -0.170970885 -0.02625
v -0.09942273 -0.17069772 -0.031875
v -0.09942273 -0.17069772 -0.02625
v -0.09908259 -0.17043273 -0.031875
v -0.09908259 -0.17043273 -0.02625
v -0.09874326 -0.170175555 -0.031875
v -0.09874326 -0.170175555 -0.02625
v -0.09840471 -0.169926135 -0.031875
v -0.09840471 -0.169926135 -0.02625
v -0.098067135 -0.169684875 -0.031875
v -0.098067135 -0.169684875 -0.02625
v -0.0977307 -0.16945215 -0.031875
v -0.0977307 -0.16945215 -0.02625
v -0.097395615 -0.16922832 -0.031875
v -0.097395615 -0.16922832 -0.02625
v -0.09706206 -0.16901379 -0.031875
v -0.09706206 -0.16901379 -0.02625
v -0.09672972 -0.168807975 -0.031875
v -0.09672972 -0.168807975 -0.02625
v -0.096398415 -0.168610485 -0.031875
v -0.096398415 -0.168610485 -0.02625
v -0.09606843 -0.16842189 -0.031875
v -0.09606843 -0.16842189 -0.02625
v -0.095740125 -0.168242805 -0.031875
v -0.095740125 -0.168242805 -0.02625
v -0.09541377 -0.168073815 -0.031875
v -0.09541377 -0.168073815 -0.02625
v -0.09508971 -0.16791552 -0.031875
v -0.09508971 -0.16791552 -0.02625
v -0.094767555 -0.167767245 -0.031875
v -0.094767555 -0.167767245 -0.02625
v -0.094447005 -0.167628315 -0.031875
v -0.094447005 -0.167628315 -0.02625
v -0.09412842 -0.167499525 -0.031875
v -0.09412842 -0.167499525 -0.02625
v -0.09381219 -0.167381535 -0.031875
v -0.09381219 -0.167381535 -0.02625
v -0.093498645 -0.167275095 -0.031875
v -0.093498645 -0.167275095 -0.02625
v -0.11322927 -0.158433885 -0.031875
v -0.11622318 -0.158593425 -0.031875
v -0.11625 -0.1575 -0.031875
v -0.11316612 -0.15939156 -0.031875
v -0.113249205 -0.15747177 -0.031875
v -0.11622318 -0.156406575 -0.031875
v -0.113225925 -0.156505275 -0.031875
v -0.11315943 -0.15553437 -0.031875
v -0.11615025 -0.155324505 -0.031875
v -0.113148525 -0.1554198 -0.031875
v -0.113136 -0.155299575 -0.031875
v -0.116031195 -0.154253805 -0.031875
v -0.113121225 -0.15517266 -0.031875
v -0.1131033 -0.15503808 -0.031875
v -0.113081085 -0.154894995 -0.031875
v -0.113052975 -0.15474249 -0.031875
v -0.11301693 -0.154579605 -0.031875
v -0.11297049 -0.15440568 -0.031875
v -0.112910565 -0.15422028 -0.031875
v -0.11586603 -0.15319449 -0.031875
v -0.112833405 -0.154023285 -0.031875
v -0.112733295 -0.153814275 -0.031875
v -0.112604445 -0.153594555 -0.031875
v -0.11244354 -0.153370905 -0.031875
v -0.112248855 -0.15315309 -0.031875
v -0.11565477 -0.15214653 -0.031875
v -0.112020165 -0.15295308 -0.031875
v -0.111760185 -0.15278568 -0.031875
v -0.111619695 -0.1527168 -0.031875
v -0.1114719 -0.152659035 -0.031875
v -0.11131878 -0.15261198 -0.031875
v -0.111162135 -0.152575935 -0.031875
v -0.111001335 -0.15255081 -0.031875
v -0.110840835 -0.15253572 -0.031875
v -0.110680185 -0.152531115 -0.031875
v -0.06788397 -0.15319449 -0.031875
v -0.06809523 -0.15214653 -0.031875
v -0.110521545 -0.152535825 -0.031875
v -0.11021949 -0.152569815 -0.031875
v -0.109944105 -0.15262935 -0.031875
v -0.10969863 -0.1527057 -0.031875
v -0.10948143 -0.152790735 -0.031875
v -0.109286805 -0.15287904 -0.031875
v -0.109110495 -0.152967525 -0.031875
v -0.108949635 -0.153054105 -0.031875
v -0.108801915 -0.15313722 -0.031875
v -0.10866561 -0.153215955 -0.031875
v -0.07307244 -0.15352656 -0.031875
v -0.072793995 -0.153540255 -0.031875
v -0.10826823 -0.15344958 -0.031875
v -0.07333029 -0.153537765 -0.031875
v -0.073570365 -0.153567255 -0.031875
v -0.07379451 -0.15360993 -0.031875
v -0.07400529 -0.153660405 -0.031875
v -0.10787889 -0.15368478 -0.031875
v -0.07420368 -0.153714525 -0.031875
v -0.074390175 -0.153770505 -0.031875
v -0.07476258 -0.15388644 -0.031875
v -0.10749759 -0.153921585 -0.031875
v -0.075127695 -0.154005465 -0.031875
v -0.07548549 -0.15412755 -0.031875
v -0.107124345 -0.154159995 -0.031875
v -0.075835995 -0.154252725 -0.031875
v -0.076179195 -0.154380975 -0.031875
v -0.10675917 -0.15440001 -0.031875
v -0.076515105 -0.1545123 -0.031875
v -0.10640202 -0.154641615 -0.031875
v -0.0768438 -0.15464673 -0.031875
v -0.07716531 -0.154784265 -0.031875
v -0.106052565 -0.154884855 -0.031875
v -0.07747953 -0.15492486 -0.031875
v -0.077786325 -0.155068515 -0.031875
v -0.105710745 -0.15512976 -0.031875
v -0.078085575 -0.155215215 -0.031875
v -0.078377145 -0.1553649 -0.031875
v -0.10537698 -0.15537627 -0.031875
v -0.07866081 -0.15551706 -0.031875
v -0.10505169 -0.15562431 -0.031875
v -0.091875 -0.155626755 -0.031875
v -0.0789366 -0.155671545 -0.031875
v -0.09217074 -0.155648925 -0.031875
v -0.092451585 -0.155716605 -0.031875
v -0.092726085 -0.15583122 -0.031875
v -0.104735265 -0.155873835 -0.031875
v -0.09297861 -0.155984475 -0.031875
v -0.104428155 -0.156124785 -0.031875
v -0.09319824 -0.156172965 -0.031875
v -0.104129715 -0.15637725 -0.031875
v -0.09339141 -0.15639996 -0.031875
v -0.10383951 -0.156631305 -0.031875
v -0.093546135 -0.15664986 -0.031875
v -0.10355817 -0.15688686 -0.031875
v -0.093655155 -0.156913605 -0.031875
v -0.1032864 -0.157143765 -0.031875
v -0.093723075 -0.157196925 -0.031875
v -0.10302483 -0.15740193 -0.031875
v -0.09375 -0.1575 -0.031875
v -0.10277415 -0.15766122 -0.031875
v -0.093723075 -0.157803075 -0.031875
v -0.102533565 -0.15792177 -0.031875
v -0.093655155 -0.158086395 -0.031875
v -0.1023024 -0.1581837 -0.031875
v -0.093546135 -0.15835014 -0.031875
v -0.10208145 -0.15844689 -0.031875
v -0.09339141 -0.15860004 -0.031875
v -0.101871525 -0.158711205 -0.031875
v -0.09319824 -0.158827035 -0.031875
v -0.101673405 -0.158976495 -0.031875
v -0.09297861 -0.159015525 -0.031875
v -0.092726085 -0.15916878 -0.031875
v -0.10148793 -0.159242655 -0.031875
v -0.092451585 -0.159283395 -0.031875
v -0.09217074 -0.159351075 -0.031875
v -0.091875 -0.159373245 -0.031875
v -0.101314935 -0.159509685 -0.031875
v -0.08268057 -0.15949533 -0.031875
v -0.09157926 -0.159351075 -0.031875
v -0.082755645 -0.159709995 -0.031875
v -0.10115376 -0.159777705 -0.031875
v -0.082819455 -0.15992643 -0.031875
v -0.10100442 -0.160046715 -0.031875
v -0.08288718 -0.16021341 -0.031875
v -0.1008669 -0.160316715 -0.031875
v -0.08294478 -0.16050654 -0.031875
v -0.1007412 -0.16058772 -0.031875
v -0.082992225 -0.160805805 -0.031875
v -0.10062732 -0.1608597 -0.031875
v -0.083029515 -0.16111122 -0.031875
v -0.100551705 -0.161072295 -0.031875
v -0.100486275 -0.161290095 -0.031875
v -0.08305668 -0.161422785 -0.031875
v -0.10043103 -0.1615131 -0.031875
v -0.083073675 -0.161740515 -0.031875
v -0.10038594 -0.161741325 -0.031875
v -0.083080065 -0.16206486 -0.031875
v -0.10035102 -0.16197474 -0.031875
v -0.10032627 -0.16221336 -0.031875
v -0.08307573 -0.162395925 -0.031875
v -0.10031175 -0.162457575 -0.031875
v -0.08306124 -0.162733155 -0.031875
v -0.10030746 -0.16270749 -0.031875
v -0.10031334 -0.16296261 -0.031875
v -0.08303718 -0.16307595 -0.031875
v -0.100329345 -0.16322244 -0.031875
v -0.08300412 -0.16342374 -0.031875
v -0.1003554 -0.16348653 -0.031875
v -0.082962645 -0.16377594 -0.031875
v -0.100391445 -0.163754385 -0.031875
v -0.100438305 -0.164027655 -0.031875
v -0.082912245 -0.16413306 -0.031875
v -0.100496145 -0.16430703 -0.031875
v -0.08285238 -0.164495655 -0.031875
v -0.100564065 -0.16459065 -0.031875
v -0.082783515 -0.164863245 -0.031875
v -0.100641075 -0.164876655 -0.031875
v -0.082706115 -0.16523535 -0.031875
v -0.100726275 -0.1651632 -0.031875
v -0.10081869 -0.16544838 -0.031875
v -0.08262066 -0.165611475 -0.031875
v -0.100918605 -0.165731925 -0.031875
v -0.08252763 -0.16599114 -0.031875
v -0.10102683 -0.16601526 -0.031875
v -0.082426665 -0.166374675 -0.031875
v -0.10114323 -0.166299135 -0.031875
v -0.10126764 -0.166584255 -0.031875
v -0.082317345 -0.166762515 -0.031875
v -0.091158795 -0.16685595 -0.031875
v -0.09138435 -0.16686216 -0.031875
v -0.09093144 -0.16686102 -0.031875
v -0.08219997 -0.167154405 -0.031875
v -0.09070227 -0.16687737 -0.031875
v -0.090471285 -0.16690503 -0.031875
v -0.090238515 -0.166943955 -0.031875
v -0.090003915 -0.166994145 -0.031875
v -0.08976717 -0.167055795 -0.031875
v -0.08952816 -0.167128965 -0.031875
v -0.08928735 -0.16721337 -0.031875
v -0.082074825 -0.167550015 -0.031875
v -0.089045175 -0.16730889 -0.031875
v -0.088802055 -0.16741527 -0.031875
v -0.088558455 -0.16753233 -0.031875
v -0.08831304 -0.167661345 -0.031875
v -0.081942255 -0.16794906 -0.031875
v -0.088065225 -0.16780269 -0.031875
v -0.087816465 -0.167954925 -0.031875
v -0.081802515 -0.168351255 -0.031875
v -0.087568245 -0.16811655 -0.031875
v -0.087322065 -0.16828611 -0.031875
v -0.087079395 -0.168462135 -0.031875
v -0.08165559 -0.168756645 -0.031875
v -0.086840595 -0.16864479 -0.031875
v -0.08660457 -0.168835275 -0.031875
v -0.08150121 -0.16916547 -0.031875
v -0.08637057 -0.16903368 -0.031875
v -0.08613786 -0.169240125 -0.031875
v -0.08133939 -0.16957773 -0.031875
v -0.08590569 -0.169454685 -0.031875
v -0.08567334 -0.16967745 -0.031875
v -0.081170115 -0.16999341 -0.031875
v -0.08544087 -0.16990848 -0.031875
v -0.085208895 -0.17014776 -0.031875
v -0.080993385 -0.170412555 -0.031875
v -0.08497746 -0.17039514 -0.031875
v -0.08474664 -0.17065053 -0.031875
v -0.0808092 -0.170835135 -0.031875
v -0.08451648 -0.170913825 -0.031875
v -0.080748135 -0.17097261 -0.031875
v -0.08068146 -0.171118095 -0.031875
v -0.084287055 -0.17118489 -0.031875
v -0.08060802 -0.17127174 -0.031875
v -0.080525805 -0.171433845 -0.031875
v -0.084058365 -0.17146377 -0.031875
v -0.08043054 -0.171605685 -0.031875
v -0.083830335 -0.17175054 -0.031875
v -0.08031858 -0.17178675 -0.031875
v -0.08018628 -0.17197611 -0.031875
v -0.08360298 -0.1720452 -0.031875
v -0.080028945 -0.17216802 -0.031875
v -0.083376285 -0.172347765 -0.031875
v -0.079844295 -0.17235666 -0.031875
v -0.079631415 -0.17253663 -0.031875
v -0.08315028 -0.17265822 -0.031875
v -0.079391655 -0.17269989 -0.031875
v -0.07912839 -0.17283732 -0.031875
v -0.07884303 -0.172941855 -0.031875
v -0.08292492 -0.17297658 -0.031875
v -0.078690945 -0.17297877 -0.031875
v -0.07853529 -0.17300487 -0.031875
v -0.07837986 -0.173018115 -0.031875
v -0.08276742 -0.173201985 -0.031875
v -0.073359825 -0.173353155 -0.031875
v -0.07822218 -0.17301795 -0.031875
v -0.082615665 -0.17344797 -0.031875
v -0.07407408 -0.174150915 -0.031875
v -0.08246736 -0.173713785 -0.031875
v -0.082339605 -0.174006225 -0.031875
v -0.08228346 -0.17416314 -0.031875
v -0.07482843 -0.17492094 -0.031875
v -0.082236015 -0.17432487 -0.031875
v -0.082200225 -0.174490395 -0.031875
v -0.082174125 -0.17466234 -0.031875
v -0.082158465 -0.174836775 -0.031875
v -0.082154715 -0.17500878 -0.031875
v -0.07561929 -0.17566035 -0.031875
v -0.08216352 -0.17517861 -0.031875
v -0.0821841 -0.17534742 -0.031875
v -0.082215735 -0.17551161 -0.031875
v -0.082258275 -0.17566836 -0.031875
v -0.07644195 -0.176364945 -0.031875
v -0.08237784 -0.175964415 -0.031875
v -0.082527195 -0.17623083 -0.031875
v -0.08270283 -0.17646666 -0.031875
v -0.077291715 -0.177030555 -0.031875
v -0.082887915 -0.1766691 -0.031875
v -0.083079975 -0.17684058 -0.031875
v -0.0832713 -0.17698335 -0.031875
v -0.08346003 -0.177103635 -0.031875
v -0.078164085 -0.177653175 -0.031875
v -0.083644095 -0.177204405 -0.031875
v -0.08382276 -0.177291825 -0.031875
v -0.083995905 -0.177367215 -0.031875
v -0.084164085 -0.177436215 -0.031875
v -0.08432724 -0.177498045 -0.031875
v -0.08524326 -0.17781945 -0.031875
v -0.079065945 -0.17823708 -0.031875
v -0.086166855 -0.17809818 -0.031875
v -0.08709807 -0.17833422 -0.031875
v -0.07999848 -0.17878386 -0.031875
v -0.08803686 -0.1785276 -0.031875
v -0.08898522 -0.17867847 -0.031875
v -0.08994489 -0.17878695 -0.031875
v -0.080956155 -0.179290575 -0.031875
v -0.09091017 -0.178852605 -0.031875
v -0.091875 -0.17887488 -0.031875
v -0.10375152 -0.17878386 -0.031875
v -0.102793845 -0.179290575 -0.031875
v -0.09283551 -0.178853295 -0.031875
v -0.09379833 -0.17878773 -0.031875
v -0.09475974 -0.17867883 -0.031875
v -0.104684055 -0.17823708 -0.031875
v -0.09571392 -0.178527225 -0.031875
v -0.09665532 -0.17833359 -0.031875
v -0.097585665 -0.1780977 -0.031875
v -0.105585915 -0.177653175 -0.031875
v -0.09850683 -0.17781936 -0.031875
v -0.09941883 -0.177498555 -0.031875
v -0.106458285 -0.177030555 -0.031875
v -0.100321665 -0.177135285 -0.031875
v -0.100427805 -0.177089265 -0.031875
v -0.100539345 -0.17703972 -0.031875
v -0.100656885 -0.176985765 -0.031875
v -0.10730805 -0.176364945 -0.031875
v -0.100780905 -0.17692629 -0.031875
v -0.100911675 -0.17685999 -0.031875
v -0.101049405 -0.176785095 -0.031875
v -0.101194275 -0.17669943 -0.031875
v -0.10134609 -0.176600415 -0.031875
v -0.101504295 -0.17648502 -0.031875
v -0.101667945 -0.17634951 -0.031875
v -0.10813071 -0.17566035 -0.031875
v -0.1018362 -0.17618772 -0.031875
v -0.102003675 -0.175997355 -0.031875
v -0.10216317 -0.17577816 -0.031875
v -0.102306135 -0.175531275 -0.031875
v -0.10892157 -0.17492094 -0.031875
v -0.10242282 -0.175259145 -0.031875
v -0.10250145 -0.174966465 -0.031875
v -0.102534375 -0.17465655 -0.031875
v -0.10967592 -0.174150915 -0.031875
v -0.10253301 -0.17449695 -0.031875
v -0.102519945 -0.17433702 -0.031875
v -0.102495195 -0.174176055 -0.031875
v -0.102460875 -0.174018405 -0.031875
v -0.110390175 -0.173353155 -0.031875
v -0.10241643 -0.17386377 -0.031875
v -0.10236372 -0.173713905 -0.031875
v -0.1022397 -0.17343675 -0.031875
v -0.10209969 -0.17319318 -0.031875
v -0.111071205 -0.17251974 -0.031875
v -0.10195266 -0.172983105 -0.031875
v -0.101805255 -0.17280192 -0.031875
v -0.101660655 -0.172642515 -0.031875
v -0.10152063 -0.172500075 -0.031875
v -0.10635183 -0.172255095 -0.031875
v -0.11171823 -0.17165256 -0.031875
v -0.101386365 -0.172371375 -0.031875
v -0.10125867 -0.17225367 -0.031875
v -0.10603149 -0.172253025 -0.031875
v -0.105868455 -0.1722345 -0.031875
v -0.10570623 -0.17220405 -0.031875
v -0.10554306 -0.172160715 -0.031875
v -0.10113795 -0.17214498 -0.031875
v -0.105380595 -0.17210571 -0.031875
v -0.105223485 -0.17204133 -0.031875
v -0.105072585 -0.171967125 -0.031875
v -0.10492659 -0.171882885 -0.031875
v -0.100792965 -0.171839235 -0.031875
v -0.10478853 -0.171792885 -0.031875
v -0.104542185 -0.171599655 -0.031875
v -0.100448955 -0.171541635 -0.031875
v -0.10432803 -0.171396345 -0.031875
v -0.10010592 -0.17125218 -0.031875
v -0.104144145 -0.17119197 -0.031875
v -0.10397772 -0.1709913 -0.031875
v -0.09976383 -0.170970885 -0.031875
v -0.103828365 -0.170794545 -0.031875
v -0.09942273 -0.17069772 -0.031875
v -0.103595235 -0.170481855 -0.031875
v -0.09908259 -0.17043273 -0.031875
v -0.103369815 -0.170170965 -0.031875
v -0.09874326 -0.170175555 -0.031875
v -0.09840471 -0.169926135 -0.031875
v -0.10315212 -0.169861875 -0.031875
v -0.098067135 -0.169684875 -0.031875
v -0.10294212 -0.169554585 -0.031875
v -0.0977307 -0.16945215 -0.031875
v -0.10273986 -0.16924911 -0.031875
v -0.097395615 -0.16922832 -0.031875
v -0.102545295 -0.16894542 -0.031875
v -0.09706206 -0.16901379 -0.031875
v -0.09672972 -0.168807975 -0.031875
v -0.102358395 -0.16864347 -0.031875
v -0.096398415 -0.168610485 -0.031875
v -0.102179115 -0.168343215 -0.031875
v -0.09606843 -0.16842189 -0.031875
v -0.095740125 -0.168242805 -0.031875
v -0.102007545 -0.168044775 -0.031875
v -0.09541377 -0.168073815 -0.031875
v -0.09508971 -0.16791552 -0.031875
v -0.10184379 -0.167748225 -0.031875
v -0.094767555 -0.167767245 -0.031875
v -0.094447005 -0.167628315 -0.031875
v -0.10168791 -0.167453655 -0.031875
v -0.09412842 -0.167499525 -0.031875
v -0.09381219 -0.167381535 -0.031875
v -0.10154001 -0.167161155 -0.031875
v -0.093498645 -0.167275095 -0.031875
v -0.093188205 -0.16718094 -0.031875
v -0.09288078 -0.167098935 -0.031875
v -0.101399955 -0.166871355 -0.031875
v -0.09257607 -0.16702848 -0.031875
v -0.092274075 -0.166969575 -0.031875
v -0.09197478 -0.16692222 -0.031875
v -0.091678215 -0.166886415 -0.031875
v -0.10666293 -0.17221041 -0.031875
v -0.106956555 -0.172130145 -0.031875
v -0.107229405 -0.172019835 -0.031875
v -0.107475675 -0.17188761 -0.031875
v -0.10769343 -0.17174352 -0.031875
v -0.107882685 -0.1715916 -0.031875
v -0.112327695 -0.170756835 -0.031875
v -0.10804815 -0.17144046 -0.031875
v -0.10819449 -0.17129067 -0.031875
v -0.10832559 -0.171143805 -0.031875
v -0.10844799 -0.17099961 -0.031875
v -0.108561885 -0.170858085 -0.031875
v -0.109150635 -0.17008623 -0.031875
v -0.11289603 -0.169837695 -0.031875
v -0.10970112 -0.169293945 -0.031875
v -0.113419665 -0.16890033 -0.031875
v -0.11021337 -0.16848126 -0.031875
v -0.113899695 -0.16794144 -0.031875
v -0.110687385 -0.167648175 -0.031875
v -0.11433963 -0.16695528 -0.031875
v -0.111123915 -0.166792845 -0.031875
v -0.114737295 -0.16594764 -0.031875
v -0.111523665 -0.165913665 -0.031875
v -0.115090455 -0.164924415 -0.031875
v -0.111884385 -0.16501593 -0.031875
v -0.11220372 -0.164105205 -0.031875
v -0.11539686 -0.16389147 -0.031875
v -0.11247999 -0.16318503 -0.031875
v -0.11565477 -0.16285347 -0.031875
v -0.112715175 -0.162249075 -0.031875
v -0.11586603 -0.16180551 -0.031875
v -0.11290869 -0.161301075 -0.031875
v -0.116031195 -0.160746195 -0.031875
v -0.11305938 -0.160346745 -0.031875
v -0.11615025 -0.159675495 -0.031875
v -0.08193336 -0.179754315 -0.031875
v -0.10181664 -0.179754315 -0.031875
v -0.082924575 -0.180172155 -0.031875
v -0.100825425 -0.180172155 -0.031875
v -0.08392926 -0.180543165 -0.031875
v -0.09982074 -0.180543165 -0.031875
v -0.084956655 -0.180871095 -0.031875
v -0.098793345 -0.180871095 -0.031875
v -0.08600169 -0.181154805 -0.031875
v -0.09774831 -0.181154805 -0.031875
v -0.08705823 -0.18139281 -0.031875
v -0.09669177 -0.18139281 -0.031875
v -0.088120185 -0.18158361 -0.031875
v -0.095629815 -0.18158361 -0.031875
v -0.089182035 -0.18172572 -0.031875
v -0.094567965 -0.18172572 -0.031875
v -0.09025293 -0.181820025 -0.031875
v -0.09349707 -0.181820025 -0.031875
v -0.09133326 -0.181867155 -0.031875
v -0.09241674 -0.181867155 -0.031875
v -0.077919345 -0.1729884 -0.031875
v -0.07764189 -0.17292474 -0.031875
v -0.07739562 -0.172842315 -0.031875
v -0.0771771 -0.172747155 -0.031875
v -0.076983975 -0.17264403 -0.031875
v -0.07681329 -0.172537215 -0.031875
v -0.072678795 -0.17251974 -0.031875
v -0.0766605 -0.17242866 -0.031875
v -0.076522665 -0.172319265 -0.031875
v -0.07639641 -0.172209675 -0.031875
v -0.076279695 -0.17210088 -0.031875
v -0.07617156 -0.171993675 -0.031875
v -0.07607112 -0.171888855 -0.031875
v -0.07597773 -0.17178789 -0.031875
v -0.075891045 -0.171691725 -0.031875
v -0.07203177 -0.17165256 -0.031875
v -0.0758109 -0.1716009 -0.031875
v -0.07518642 -0.1708545 -0.031875
v -0.071422305 -0.170756835 -0.031875
v -0.0745995 -0.170086275 -0.031875
v -0.07085397 -0.169837695 -0.031875
v -0.07405011 -0.169296195 -0.031875
v -0.070330335 -0.16890033 -0.031875
v -0.073538295 -0.16848429 -0.031875
v -0.069850305 -0.16794144 -0.031875
v -0.073063215 -0.16764879 -0.031875
v -0.06941037 -0.16695528 -0.031875
v -0.07262418 -0.166788165 -0.031875
v -0.069012705 -0.16594764 -0.031875
v -0.072223515 -0.165907455 -0.031875
v -0.071863635 -0.16501203 -0.031875
v -0.068659545 -0.164924415 -0.031875
v -0.07154628 -0.164105205 -0.031875
v -0.06835314 -0.16389147 -0.031875
v -0.07126932 -0.16318071 -0.031875
v -0.06809523 -0.16285347 -0.031875
v -0.071033475 -0.162242385 -0.031875
v -0.06788397 -0.16180551 -0.031875
v -0.070840095 -0.16129617 -0.031875
v -0.067718805 -0.160746195 -0.031875
v -0.070690515 -0.160347585 -0.031875
v -0.06759975 -0.159675495 -0.031875
v -0.070584315 -0.159394995 -0.031875
v -0.06752682 -0.158593425 -0.031875
v -0.07052106 -0.15843642 -0.031875
v -0.0675 -0.1575 -0.031875
v -0.07050072 -0.15747189 -0.031875
v -0.07052334 -0.15650139 -0.031875
v -0.06752682 -0.156406575 -0.031875
v -0.07053282 -0.156313125 -0.031875
v -0.070548075 -0.156113085 -0.031875
v -0.070570905 -0.15590142 -0.031875
v -0.07060539 -0.155678595 -0.031875
v -0.07065753 -0.15544341 -0.031875
v -0.06759975 -0.155324505 -0.031875
v -0.07073229 -0.15519678 -0.031875
v -0.070836375 -0.154939785 -0.031875
v -0.07097499 -0.15468108 -0.031875
v -0.07114926 -0.154428375 -0.031875
v -0.067718805 -0.154253805 -0.031875
v -0.071360145 -0.154190535 -0.031875
v -0.071606625 -0.15398217 -0.031875
v -0.071742045 -0.153890325 -0.031875
v -0.071883645 -0.153809355 -0.031875
v -0.07203309 -0.153738525 -0.031875
v -0.072185985 -0.153678 -0.031875
v -0.07249452 -0.15358956 -0.031875
v -0.091298415 -0.159283395 -0.031875
v -0.082594185 -0.159282435 -0.031875
v -0.091023915 -0.15916878 -0.031875
v -0.08249652 -0.159071295 -0.031875
v -0.09077139 -0.159015525 -0.031875
v -0.082387575 -0.15886194 -0.031875
v -0.09055176 -0.158827035 -0.031875
v -0.08226732 -0.158654355 -0.031875
v -0.09035859 -0.15860004 -0.031875
v -0.08213553 -0.158448225 -0.031875
v -0.090203865 -0.15835014 -0.031875
v -0.0819921 -0.158243535 -0.031875
v -0.090094845 -0.158086395 -0.031875
v -0.081837405 -0.158040585 -0.031875
v -0.090026925 -0.157803075 -0.031875
v -0.08167173 -0.157839795 -0.031875
v -0.08149542 -0.15764145 -0.031875
v -0.09 -0.1575 -0.031875
v -0.08130882 -0.15744594 -0.031875
v -0.090026925 -0.157196925 -0.031875
v -0.08111028 -0.157252395 -0.031875
v -0.080899275 -0.157060395 -0.031875
v -0.090094845 -0.156913605 -0.031875
v -0.08067762 -0.15687084 -0.031875
v -0.090203865 -0.15664986 -0.031875
v -0.080447205 -0.156684735 -0.031875
v -0.08020986 -0.15650301 -0.031875
v -0.09035859 -0.15639996 -0.031875
v -0.07996746 -0.156326595 -0.031875
v -0.09055176 -0.156172965 -0.031875
v -0.07971996 -0.15615594 -0.031875
v -0.09077139 -0.155984475 -0.031875
v -0.07946586 -0.15599031 -0.031875
v -0.091023915 -0.15583122 -0.031875
v -0.079204845 -0.155829075 -0.031875
v -0.091298415 -0.155716605 -0.031875
v -0.09157926 -0.155648925 -0.031875
v -0.102198105 -0.15145023 -0.031875
v -0.101898315 -0.15144999 -0.031875
v -0.10249866 -0.151442835 -0.031875
v -0.11539686 -0.15110853 -0.031875
v -0.10280157 -0.151427445 -0.031875
v -0.10310751 -0.15140448 -0.031875
v -0.103417125 -0.151374255 -0.031875
v -0.10373106 -0.15133713 -0.031875
v -0.104049975 -0.15129348 -0.031875
v -0.10437384 -0.151243215 -0.031875
v -0.10470216 -0.15118599 -0.031875
v -0.1050348 -0.151121895 -0.031875
v -0.105371655 -0.151050945 -0.031875
v -0.115090455 -0.150075585 -0.031875
v -0.105712605 -0.150973215 -0.031875
v -0.106057545 -0.15088878 -0.031875
v -0.10640649 -0.15079758 -0.031875
v -0.106759515 -0.1506996 -0.031875
v -0.107116665 -0.15059487 -0.031875
v -0.107477895 -0.15048333 -0.031875
v -0.10784322 -0.15036501 -0.031875
v -0.10821267 -0.15023991 -0.031875
v -0.108461985 -0.1501545 -0.031875
v -0.108720825 -0.150048555 -0.031875
v -0.114737295 -0.14905236 -0.031875
v -0.108991275 -0.149925285 -0.031875
v -0.109264005 -0.149768205 -0.031875
v -0.10940268 -0.149674695 -0.031875
v -0.109538865 -0.14957244 -0.031875
v -0.10966725 -0.14946195 -0.031875
v -0.109788015 -0.14934219 -0.031875
v -0.10990287 -0.14921349 -0.031875
v -0.11000865 -0.149078595 -0.031875
v -0.11010255 -0.148939725 -0.031875
v -0.11433963 -0.14804472 -0.031875
v -0.110185965 -0.14879391 -0.031875
v -0.11025879 -0.148643595 -0.031875
v -0.11031987 -0.148493265 -0.031875
v -0.110402415 -0.148197405 -0.031875
v -0.110442405 -0.147908025 -0.031875
v -0.113899695 -0.14705856 -0.031875
v -0.11044863 -0.14763309 -0.031875
v -0.1104279 -0.147374145 -0.031875
v -0.11038509 -0.14713356 -0.031875
v -0.110327175 -0.14691216 -0.031875
v -0.113419665 -0.14609967 -0.031875
v -0.110256045 -0.146710785 -0.031875
v -0.110178465 -0.14652564 -0.031875
v -0.110095095 -0.14635608 -0.031875
v -0.11000868 -0.14619636 -0.031875
v -0.109919325 -0.146045625 -0.031875
v -0.11289603 -0.145162305 -0.031875
v -0.10982847 -0.145899075 -0.031875
v -0.10973583 -0.1457577 -0.031875
v -0.10918368 -0.144959265 -0.031875
v -0.112327695 -0.144243165 -0.031875
v -0.108600285 -0.144190875 -0.031875
v -0.11171823 -0.14334744 -0.031875
v -0.107985675 -0.14345256 -0.031875
v -0.107339835 -0.14274432 -0.031875
v -0.111071205 -0.14248026 -0.031875
v -0.106661265 -0.142064835 -0.031875
v -0.110390175 -0.141646845 -0.031875
v -0.105948645 -0.14141298 -0.031875
v -0.10967592 -0.140849085 -0.031875
v -0.10520631 -0.140792505 -0.031875
v -0.10892157 -0.14007906 -0.031875
v -0.104438835 -0.140207355 -0.031875
v -0.10364907 -0.139660245 -0.031875
v -0.10813071 -0.13933965 -0.031875
v -0.1028316 -0.139147365 -0.031875
v -0.10730805 -0.138635055 -0.031875
v -0.1019898 -0.13867038 -0.031875
v -0.10112874 -0.138232155 -0.031875
v -0.106458285 -0.137969445 -0.031875
v -0.10025331 -0.13783548 -0.031875
v -0.105585915 -0.137346825 -0.031875
v -0.09936201 -0.13747947 -0.031875
v -0.09845316 -0.13716321 -0.031875
v -0.104684055 -0.13676292 -0.031875
v -0.09752676 -0.13688667 -0.031875
v -0.09658284 -0.136649895 -0.031875
v -0.10375152 -0.13621614 -0.031875
v -0.0964737 -0.136625565 -0.031875
v -0.096359925 -0.136601235 -0.031875
v -0.09624042 -0.13657707 -0.031875
v -0.096113865 -0.136553475 -0.031875
v -0.09597903 -0.13653108 -0.031875
v -0.095834385 -0.136510965 -0.031875
v -0.09567846 -0.136494405 -0.031875
v -0.095509875 -0.136483065 -0.031875
v -0.095327235 -0.13647912 -0.031875
v -0.079065945 -0.13676292 -0.031875
v -0.07999848 -0.13621614 -0.031875
v -0.09512907 -0.136486155 -0.031875
v -0.094914165 -0.13650837 -0.031875
v -0.09468135 -0.13655055 -0.031875
v -0.087396645 -0.136679685 -0.031875
v -0.087165465 -0.13669425 -0.031875
v -0.094430145 -0.136618065 -0.031875
v -0.087645345 -0.13668537 -0.031875
v -0.087910095 -0.136714455 -0.031875
v -0.094166835 -0.13671759 -0.031875
v -0.088186365 -0.13677402 -0.031875
v -0.09390417 -0.136853415 -0.031875
v -0.0884658 -0.136867845 -0.031875
v -0.08874339 -0.13699875 -0.031875
v -0.093655215 -0.1370271 -0.031875
v -0.08900781 -0.137174355 -0.031875
v -0.093432255 -0.13723803 -0.031875
v -0.089134365 -0.13727868 -0.031875
v -0.08925372 -0.13739346 -0.031875
v -0.09324507 -0.13748163 -0.031875
v -0.089366865 -0.137520405 -0.031875
v -0.0894732 -0.13765752 -0.031875
v -0.09309318 -0.13774905 -0.031875
v -0.08956992 -0.137800725 -0.031875
v -0.08965614 -0.137950155 -0.031875
v -0.09297627 -0.138032055 -0.031875
v -0.089732865 -0.138106515 -0.031875
v -0.089799255 -0.13826433 -0.031875
v -0.092893695 -0.138321375 -0.031875
v -0.089854155 -0.13842048 -0.031875
v -0.089897535 -0.138577605 -0.031875
v -0.092844495 -0.138605475 -0.031875
v -0.08996043 -0.13888407 -0.031875
v -0.092824065 -0.13887354 -0.031875
v -0.092825055 -0.139120515 -0.031875
v -0.089993985 -0.139176045 -0.031875
v -0.09284091 -0.13934478 -0.031875
v -0.09001332 -0.139454205 -0.031875
v -0.09286557 -0.139547655 -0.031875
v -0.090018855 -0.139718475 -0.031875
v -0.092894895 -0.139733385 -0.031875
v -0.09002367 -0.140108475 -0.031875
v -0.09292635 -0.139904115 -0.031875
v -0.09295818 -0.14006166 -0.031875
v -0.092989215 -0.14020734 -0.031875
v -0.09002331 -0.14049249 -0.031875
v -0.093088605 -0.140657475 -0.031875
v -0.09001776 -0.14087052 -0.031875
v -0.093191985 -0.141100425 -0.031875
v -0.09000702 -0.141242535 -0.031875
v -0.093299385 -0.141536235 -0.031875
v -0.08999109 -0.14160858 -0.031875
v -0.09341079 -0.14196489 -0.031875
v -0.08997 -0.14196861 -0.031875
v -0.08994372 -0.14232276 -0.031875
v -0.093526185 -0.142386375 -0.031875
v -0.08991228 -0.142671045 -0.031875
v -0.0936456 -0.14280069 -0.031875
v -0.089875665 -0.143013345 -0.031875
v -0.09376896 -0.14320821 -0.031875
v -0.08983383 -0.14334951 -0.031875
v -0.09389625 -0.14360898 -0.031875
v -0.08978679 -0.143679435 -0.031875
v -0.09402756 -0.14400258 -0.031875
v -0.08973453 -0.144003 -0.031875
v -0.089677485 -0.1443198 -0.031875
v -0.094162935 -0.144388605 -0.031875
v -0.089615775 -0.144629835 -0.031875
v -0.094302465 -0.14476665 -0.031875
v -0.089548845 -0.14493363 -0.031875
v -0.09444621 -0.14513628 -0.031875
v -0.089476155 -0.145231695 -0.031875
v -0.09459411 -0.145498125 -0.031875
v -0.08939718 -0.145524525 -0.031875
v -0.089311335 -0.145812645 -0.031875
v -0.09474606 -0.14585265 -0.031875
v -0.08921847 -0.146097705 -0.031875
v -0.094902165 -0.14619918 -0.031875
v -0.089118975 -0.146379585 -0.031875
v -0.095062515 -0.146537025 -0.031875
v -0.08901318 -0.14665623 -0.031875
v -0.095227215 -0.14686557 -0.031875
v -0.088901415 -0.146925615 -0.031875
v -0.09539634 -0.14718411 -0.031875
v -0.088783995 -0.14718564 -0.031875
v -0.08866128 -0.14743425 -0.031875
v -0.0955698 -0.147493425 -0.031875
v -0.088533015 -0.14767215 -0.031875
v -0.09574749 -0.14779422 -0.031875
v -0.08839887 -0.14790111 -0.031875
v -0.095929515 -0.148085685 -0.031875
v -0.08825907 -0.148120725 -0.031875
v -0.088113885 -0.148330575 -0.031875
v -0.09611601 -0.148367025 -0.031875
v -0.08796351 -0.14853024 -0.031875
v -0.096307095 -0.14863743 -0.031875
v -0.087808215 -0.14871927 -0.031875
v -0.096502905 -0.148896075 -0.031875
v -0.08764794 -0.14889777 -0.031875
v -0.08748249 -0.1490661 -0.031875
v -0.096703425 -0.14914311 -0.031875
v -0.08731188 -0.149224215 -0.031875
v -0.087136095 -0.14937216 -0.031875
v -0.09690852 -0.14937921 -0.031875
v -0.086955135 -0.149509905 -0.031875
v -0.09711822 -0.14960439 -0.031875
v -0.086769015 -0.149637465 -0.031875
v -0.086517015 -0.14979057 -0.031875
v -0.09733251 -0.149818605 -0.031875
v -0.08625603 -0.14993592 -0.031875
v -0.097551405 -0.1500219 -0.031875
v -0.085986075 -0.15007353 -0.031875
v -0.08570712 -0.15020337 -0.031875
v -0.097774875 -0.15021426 -0.031875
v -0.085419195 -0.150325485 -0.031875
v -0.097953705 -0.15035187 -0.031875
v -0.085122285 -0.150439845 -0.031875
v -0.098140635 -0.150481395 -0.031875
v -0.084815775 -0.150546135 -0.031875
v -0.09833565 -0.150602865 -0.031875
v -0.084499575 -0.15064431 -0.031875
v -0.098538765 -0.15071625 -0.031875
v -0.084174375 -0.15073476 -0.031875
v -0.083840925 -0.1508178 -0.031875
v -0.098749965 -0.150821595 -0.031875
v -0.083499945 -0.15089382 -0.031875
v -0.09896925 -0.150918855 -0.031875
v -0.083152155 -0.150963225 -0.031875
v -0.09919704 -0.151008135 -0.031875
v -0.08279694 -0.151025655 -0.031875
v -0.082433595 -0.15108075 -0.031875
v -0.099433395 -0.15108945 -0.031875
v -0.08206272 -0.15112884 -0.031875
v -0.099677835 -0.151162695 -0.031875
v -0.081684915 -0.151170225 -0.031875
v -0.081300795 -0.15120519 -0.031875
v -0.09992991 -0.15122778 -0.031875
v -0.080910945 -0.151234035 -0.031875
v -0.08051499 -0.15125652 -0.031875
v -0.080112345 -0.151272405 -0.031875
v -0.07970337 -0.15128187 -0.031875
v -0.10018911 -0.1512846 -0.031875
v -0.079288455 -0.15128511 -0.031875
v -0.100455015 -0.151333095 -0.031875
v -0.07886796 -0.15128232 -0.031875
v -0.10072938 -0.15137298 -0.031875
v -0.101012955 -0.151404285 -0.031875
v -0.10130367 -0.151427355 -0.031875
v -0.101599485 -0.151442475 -0.031875
v -0.078442275 -0.151273725 -0.031875
v -0.078011325 -0.15125925 -0.031875
v -0.07757481 -0.15123876 -0.031875
v -0.077132715 -0.151212255 -0.031875
v -0.076685055 -0.151179735 -0.031875
v -0.076231815 -0.151141155 -0.031875
v -0.06835314 -0.15110853 -0.031875
v -0.075773025 -0.15109659 -0.031875
v -0.075620745 -0.151080645 -0.031875
v -0.07545717 -0.151061685 -0.031875
v -0.0752817 -0.15103818 -0.031875
v -0.07509357 -0.151007895 -0.031875
v -0.074891925 -0.1509678 -0.031875
v -0.07467564 -0.1509132 -0.031875
v -0.074443425 -0.150837855 -0.031875
v -0.07419609 -0.150735225 -0.031875
v -0.07393815 -0.150597705 -0.031875
v -0.07368357 -0.15042393 -0.031875
v -0.07344519 -0.150216405 -0.031875
v -0.07333506 -0.15010074 -0.031875
v -0.068659545 -0.150075585 -0.031875
v -0.07323492 -0.149979345 -0.031875
v -0.073064355 -0.14971911 -0.031875
v -0.072939585 -0.14944137 -0.031875
v -0.072857805 -0.149154165 -0.031875
v -0.069012705 -0.14905236 -0.031875
v -0.07281489 -0.14886576 -0.031875
v -0.072805275 -0.14858505 -0.031875
v -0.07282176 -0.14832093 -0.031875
v -0.072858075 -0.14807847 -0.031875
v -0.06941037 -0.14804472 -0.031875
v -0.07290888 -0.1478592 -0.031875
v -0.07296927 -0.147662145 -0.031875
v -0.073035105 -0.147483315 -0.031875
v -0.07310385 -0.147320355 -0.031875
v -0.073173645 -0.147171315 -0.031875
v -0.069850305 -0.14705856 -0.031875
v -0.07324311 -0.14703447 -0.031875
v -0.07331109 -0.146908035 -0.031875
v -0.073376835 -0.14679075 -0.031875
v -0.07343994 -0.146681535 -0.031875
v -0.07350018 -0.14657955 -0.031875
v -0.070330335 -0.14609967 -0.031875
v -0.074017065 -0.145754985 -0.031875
v -0.07085397 -0.145162305 -0.031875
v -0.07456632 -0.1449594 -0.031875
v -0.071422305 -0.144243165 -0.031875
v -0.075147945 -0.14419275 -0.031875
v -0.075761955 -0.14345508 -0.031875
v -0.07203177 -0.14334744 -0.031875
v -0.07640976 -0.14274507 -0.031875
v -0.072678795 -0.14248026 -0.031875
v -0.077092605 -0.14206158 -0.031875
v -0.073359825 -0.141646845 -0.031875
v -0.07780638 -0.141408375 -0.031875
v -0.07407408 -0.140849085 -0.031875
v -0.07854678 -0.140789415 -0.031875
v -0.07931115 -0.140207355 -0.031875
v -0.07482843 -0.14007906 -0.031875
v -0.08010483 -0.13965828 -0.031875
v -0.07561929 -0.13933965 -0.031875
v -0.080924325 -0.139144005 -0.031875
v -0.08176449 -0.138667695 -0.031875
v -0.07644195 -0.138635055 -0.031875
v -0.082620405 -0.138232305 -0.031875
v -0.077291715 -0.137969445 -0.031875
v -0.08349357 -0.137836935 -0.031875
v -0.084385665 -0.137480565 -0.031875
v -0.078164085 -0.137346825 -0.031875
v -0.08529672 -0.13716318 -0.031875
v -0.086226705 -0.136884765 -0.031875
v -0.08639085 -0.136840185 -0.031875
v -0.08656602 -0.136797165 -0.031875
v -0.086752275 -0.136755915 -0.031875
v -0.086951475 -0.13672059 -0.031875
v -0.102793845 -0.135709425 -0.031875
v -0.080956155 -0.135709425 -0.031875
v -0.10181664 -0.135245685 -0.031875
v -0.08193336 -0.135245685 -0.031875
v -0.100825425 -0.134827845 -0.031875
v -0.082924575 -0.134827845 -0.031875
v -0.09982074 -0.134456835 -0.031875
v -0.08392926 -0.134456835 -0.031875
v -0.098793345 -0.134128905 -0.031875
v -0.084956655 -0.134128905 -0.031875
v -0.09774831 -0.133845195 -0.031875
v -0.08600169 -0.133845195 -0.031875
v -0.09669177 -0.13360719 -0.031875
v -0.08705823 -0.13360719 -0.031875
v -0.095629815 -0.13341639 -0.031875
v -0.088120185 -0.13341639 -0.031875
v -0.094567965 -0.13327428 -0.031875
v -0.089182035 -0.13327428 -0.031875
v -0.09349707 -0.133179975 -0.031875
v -0.09025293 -0.133179975 -0.031875
v -0.09241674 -0.133132845 -0.031875
v -0.09133326 -0.133132845 -0.031875
v -0.09240189 -0.1818693 -0.02997504
v -0.09241674 -0.181867155 -0.031875
v -0.09133326 -0.181867155 -0.031875
v -0.092579895 -0.1818648 -0.02984676
v -0.092196285 -0.181872885 -0.030066465
v -0.091982775 -0.18187476 -0.03011115
v -0.091759635 -0.18187473 -0.030110175
v -0.091548015 -0.18187281 -0.03006504
v -0.091346595 -0.181869285 -0.02997486
v -0.091171095 -0.18186483 -0.02984736
v -0.09025293 -0.181820025 -0.031875
v -0.0910218 -0.18186006 -0.0296802
v -0.09091101 -0.181855935 -0.029490525
v -0.090844905 -0.181853235 -0.02928591
v -0.09082032 -0.18185217 -0.0290625
v -0.090845145 -0.181853235 -0.028838685
v -0.092728845 -0.18186003 -0.02967981
v -0.09283902 -0.181855935 -0.02949042
v -0.09290505 -0.181853235 -0.029285895
v -0.092929695 -0.178848975 -0.0290625
v -0.092929695 -0.18185217 -0.0290625
v -0.09290505 -0.181853235 -0.029285895
v -0.09290481 -0.17885019 -0.02883789
v -0.092903745 -0.17885022 -0.029288745
v -0.09283902 -0.181855935 -0.02949042
v -0.09283707 -0.17885334 -0.0294945
v -0.092728845 -0.18186003 -0.02967981
v -0.092726715 -0.17885802 -0.02968308
v -0.092579895 -0.1818648 -0.02984676
v -0.092578425 -0.17886342 -0.02984796
v -0.09240189 -0.1818693 -0.02997504
v -0.09240348 -0.17886846 -0.029974635
v -0.09220245 -0.17887248 -0.030064785
v -0.092196285 -0.181872885 -0.030066465
v -0.091991715 -0.178874685 -0.03011007
v -0.091982775 -0.18187476 -0.03011115
v -0.091769895 -0.178874745 -0.030111375
v -0.091759635 -0.18187473 -0.030110175
v -0.091557975 -0.178872645 -0.03006804
v -0.091548015 -0.18187281 -0.03006504
v -0.09135441 -0.17886867 -0.02997921
v -0.091346595 -0.181869285 -0.02997486
v -0.09117666 -0.178863585 -0.029852265
v -0.091171095 -0.18186483 -0.02984736
v -0.091025145 -0.178858095 -0.0296847
v -0.0910218 -0.18186006 -0.0296802
v -0.090912585 -0.17885331 -0.02949402
v -0.09091101 -0.181855935 -0.029490525
v -0.090845415 -0.17885019 -0.029287935
v -0.090844905 -0.181853235 -0.02928591
v -0.09082032 -0.18185217 -0.0290625
v -0.09082032 -0.178848975 -0.0290625
v -0.090845145 -0.181853235 -0.028838685
v -0.090845535 -0.178850205 -0.028837605
v -0.090911265 -0.18185595 -0.02863398
v -0.090912045 -0.178853295 -0.028632285
v -0.0910215 -0.181860045 -0.02844471
v -0.091022805 -0.178858005 -0.028442895
v -0.09117036 -0.181864815 -0.02827806
v -0.0911721 -0.17886345 -0.02827653
v -0.091347645 -0.181869285 -0.02815011
v -0.09134931 -0.178868535 -0.02814909
v -0.091552095 -0.181872855 -0.028059
v -0.09155328 -0.178872585 -0.02805861
v -0.091764525 -0.181874745 -0.02801406
v -0.09176505 -0.178874715 -0.028013985
v -0.09198663 -0.181874745 -0.028014225
v -0.091986285 -0.178874715 -0.028014225
v -0.092197125 -0.17887257 -0.02805849
v -0.09219846 -0.181872855 -0.02805903
v -0.09239898 -0.17886858 -0.028147575
v -0.09240159 -0.1818693 -0.02814936
v -0.09257538 -0.17886351 -0.02827458
v -0.09257829 -0.18186486 -0.02827701
v -0.09272607 -0.17885805 -0.02844204
v -0.09272787 -0.181860075 -0.0284442
v -0.092838045 -0.178853295 -0.02863239
v -0.09283875 -0.18185595 -0.02863398
v -0.092905005 -0.181853235 -0.02883879
v -0.09082032 -0.16686771 -0.0290625
v -0.09082032 -0.15905025 -0.0290625
v -0.09083862 -0.159062535 -0.029256675
v -0.09083832 -0.16686576 -0.028868415
v -0.090837225 -0.166865895 -0.029250585
v -0.090887865 -0.16686342 -0.0294339
v -0.09089025 -0.159095595 -0.02944059
v -0.090971595 -0.16685931 -0.02960676
v -0.09097959 -0.15914739 -0.02961771
v -0.091085475 -0.166856445 -0.0297618
v -0.091107525 -0.159210735 -0.0297849
v -0.091224585 -0.16685772 -0.02989275
v -0.09126162 -0.15927183 -0.029920035
v -0.09138435 -0.16686216 -0.029996115
v -0.09144567 -0.159325185 -0.030025035
v -0.091586385 -0.166876245 -0.030076935
v -0.091644075 -0.15936072 -0.030091485
v -0.09179952 -0.16689681 -0.03011448
v -0.0918534 -0.159374865 -0.03011574
v -0.092014185 -0.166924755 -0.03010797
v -0.092063355 -0.15936552 -0.03010008
v -0.092222925 -0.166957365 -0.03005814
v -0.092263275 -0.159334365 -0.030042525
v -0.092418555 -0.166993515 -0.029966325
v -0.092450115 -0.159284625 -0.029946225
v -0.09259182 -0.16702941 -0.029836155
v -0.09260949 -0.15922515 -0.02981946
v -0.09273504 -0.16706172 -0.029672985
v -0.092744625 -0.159161145 -0.02966064
v -0.092841825 -0.167087835 -0.029483955
v -0.092841855 -0.1591065 -0.02948103
v -0.092907525 -0.167103495 -0.029277585
v -0.092902005 -0.15906873 -0.02928225
v -0.092929695 -0.15905025 -0.0290625
v -0.092929695 -0.16711014 -0.0290625
v -0.09290775 -0.159064935 -0.028858575
v -0.09290778 -0.167103585 -0.02884866
v -0.092853225 -0.1590996 -0.02866929
v -0.092842815 -0.167088075 -0.028643325
v -0.09276186 -0.159151995 -0.02849202
v -0.0927372 -0.167062245 -0.02845506
v -0.09263271 -0.159215085 -0.028329135
v -0.09259524 -0.16703016 -0.028292025
v -0.092477235 -0.159275655 -0.028197315
v -0.092422785 -0.166994325 -0.028161225
v -0.09229155 -0.159328155 -0.02809467
v -0.092227125 -0.1669581 -0.02806833
v -0.092092545 -0.15936234 -0.028030545
v -0.092016735 -0.16692516 -0.028017375
v -0.09188457 -0.15937497 -0.02800878
v -0.09180018 -0.166896885 -0.028010475
v -0.091676475 -0.159364455 -0.028026765
v -0.09158631 -0.166876215 -0.028048095
v -0.09147759 -0.1593324 -0.0280863
v -0.09138435 -0.16686216 -0.028128885
v -0.091291605 -0.159281925 -0.028184265
v -0.091226655 -0.166857705 -0.02823063
v -0.09113361 -0.159222195 -0.02831247
v -0.09108879 -0.1668564 -0.02835948
v -0.0910002 -0.159158415 -0.02847252
v -0.090975675 -0.166859175 -0.02851152
v -0.09090468 -0.1591044 -0.02865147
v -0.09089106 -0.166863225 -0.028682715
v -0.09084624 -0.159067575 -0.028847445
f 1 2 3
f 1 4 2
f 5 1 3
f 6 5 3
f 6 3 7
f 8 6 7
f 8 7 9
f 10 8 9
f 10 9 11
f 12 10 11
f 12 11 13
f 14 12 13
f 14 13 15
f 16 14 15
f 16 15 17
f 18 16 17
f 18 17 19
f 20 18 19
f 20 19 21
f 22 20 21
f 23 22 21
f 23 21 24
f 25 23 24
f 25 24 26
f 27 25 26
f 27 26 28
f 29 27 28
f 29 28 30
f 31 29 30
f 31 30 32
f 33 31 32
f 33 32 34
f 35 33 34
f 36 35 34
f 37 36 34
f 38 37 34
f 39 38 34
f 39 34 40
f 41 39 40
f 42 41 40
f 43 42 40
f 44 43 40
f 45 44 40
f 46 45 40
f 47 46 40
f 48 47 40
f 48 49 47
f 50 48 40
f 51 50 40
f 51 40 52
f 53 51 52
f 54 53 52
f 55 54 52
f 56 55 52
f 57 56 52
f 57 52 58
f 59 57 58
f 60 59 58
f 61 60 58
f 61 58 62
f 63 61 62
f 64 63 62
f 65 64 62
f 66 65 62
f 67 66 62
f 67 62 68
f 69 67 68
f 70 69 68
f 71 70 68
f 71 68 72
f 73 71 72
f 74 73 72
f 75 74 72
f 75 72 76
f 77 75 76
f 78 77 76
f 79 78 76
f 80 79 76
f 81 80 76
f 82 81 76
f 83 82 76
f 83 76 84
f 85 83 84
f 86 85 84
f 87 86 84
f 88 87 84
f 88 84 89
f 90 88 89
f 91 90 89
f 91 89 92
f 93 91 92
f 94 93 92
f 95 94 92
f 95 92 96
f 97 95 96
f 98 97 96
f 98 96 99
f 96 100 99
f 101 98 99
f 102 101 99
f 103 102 99
f 103 99 104
f 105 103 104
f 106 105 104
f 107 106 104
f 107 104 108
f 109 107 108
f 110 109 108
f 110 108 111
f 112 110 111
f 113 112 111
f 114 113 111
f 115 114 111
f 116 115 111
f 116 111 117
f 118 116 117
f 119 118 117
f 120 119 117
f 120 117 121
f 122 120 121
f 123 122 121
f 124 123 121
f 125 124 121
f 125 121 126
f 127 125 126
f 128 127 126
f 128 126 129
f 130 128 129
f 131 130 129
f 132 131 129
f 132 129 133
f 134 132 133
f 135 134 133
f 136 135 133
f 136 133 137
f 137 133 138
f 136 137 139
f 140 136 139
f 140 139 141
f 140 141 142
f 143 140 142
f 143 142 144
f 143 144 145
f 143 145 146
f 147 143 146
f 147 146 148
f 147 148 149
f 150 147 149
f 150 149 151
f 150 151 152
f 153 150 152
f 153 152 154
f 155 153 154
f 155 154 156
f 155 156 157
f 158 155 157
f 158 157 159
f 158 159 160
f 161 158 160
f 161 160 162
f 161 162 163
f 164 161 163
f 164 163 165
f 166 164 165
f 166 165 167
f 168 166 167
f 168 167 169
f 170 168 169
f 171 170 169
f 171 169 172
f 173 171 172
f 174 173 172
f 174 172 175
f 176 174 175
f 177 176 175
f 177 175 178
f 179 177 178
f 180 179 178
f 180 178 181
f 182 180 181
f 183 182 181
f 183 181 184
f 185 183 184
f 186 185 184
f 187 186 184
f 187 184 188
f 189 187 188
f 190 189 188
f 190 188 191
f 192 190 191
f 193 192 191
f 194 193 191
f 195 194 191
f 195 191 196
f 197 195 196
f 198 197 196
f 199 198 196
f 200 199 196
f 201 200 196
f 202 201 196
f 203 202 196
f 203 196 204
f 205 204 196
f 203 204 206
f 207 206 204
f 207 204 208
f 209 207 208
f 210 209 208
f 211 210 208
f 212 211 208
f 213 212 208
f 213 208 214
f 215 213 214
f 216 215 214
f 217 216 214
f 217 214 218
f 219 217 218
f 220 219 218
f 220 218 221
f 222 220 221
f 223 222 221
f 223 221 224
f 225 223 224
f 226 225 224
f 226 224 227
f 228 226 227
f 229 228 227
f 229 227 230
f 231 229 230
f 231 230 232
f 233 231 232
f 234 233 232
f 234 232 235
f 236 234 235
f 236 235 237
f 238 236 237
f 238 237 239
f 240 238 239
f 240 239 241
f 242 240 241
f 243 242 241
f 243 241 244
f 243 244 245
f 246 243 245
f 246 245 247
f 248 246 247
f 248 247 249
f 248 249 250
f 251 248 250
f 251 250 252
f 251 252 253
f 254 251 253
f 254 253 255
f 254 255 256
f 257 254 256
f 257 256 258
f 257 258 259
f 49 257 259
f 49 259 47
f 205 196 260
f 261 205 260
f 261 260 262
f 263 261 262
f 264 263 262
f 264 262 265
f 266 264 265
f 266 265 267
f 268 266 267
f 268 267 269
f 270 268 269
f 271 270 269
f 271 269 272
f 273 271 272
f 273 272 274
f 275 273 274
f 275 274 276
f 277 275 276
f 277 276 278
f 279 277 278
f 280 279 278
f 280 278 281
f 282 280 281
f 282 281 283
f 284 282 283
f 284 283 285
f 286 284 285
f 287 286 285
f 287 285 288
f 289 287 288
f 289 288 290
f 291 289 290
f 292 291 290
f 292 290 293
f 294 292 293
f 294 293 295
f 296 294 295
f 296 295 297
f 296 297 298
f 299 298 297
f 299 297 300
f 301 299 300
f 301 300 302
f 303 301 302
f 303 302 304
f 305 303 304
f 305 304 306
f 307 305 306
f 307 306 308
f 307 308 309
f 308 310 309
f 307 309 311
f 307 311 312
f 313 307 312
f 313 312 314
f 313 314 315
f 316 313 315
f 316 315 317
f 318 316 317
f 318 317 319
f 320 318 319
f 320 319 321
f 322 320 321
f 322 321 323
f 324 322 323
f 324 323 325
f 326 324 325
f 326 325 327
f 328 326 327
f 328 327 329
f 330 328 329
f 330 329 331
f 332 330 331
f 332 331 333
f 334 332 333
f 334 333 335
f 336 334 335
f 336 335 337
f 338 336 337
f 338 337 339
f 340 338 339
f 340 339 341
f 340 341 342
f 340 342 343
f 340 343 344
f 345 340 344
f 345 344 346
f 346 344 347
f 348 345 346
f 348 346 349
f 348 349 350
f 351 348 350
f 351 350 352
f 351 352 353
f 354 351 353
f 354 353 355
f 354 355 356
f 357 354 356
f 357 356 358
f 359 357 358
f 359 358 360
f 359 360 361
f 362 359 361
f 362 361 363
f 362 363 364
f 365 362 364
f 365 364 366
f 365 366 367
f 365 367 368
f 369 365 368
f 369 368 370
f 369 370 371
f 369 371 372
f 369 372 373
f 369 373 374
f 375 369 374
f 375 374 376
f 374 377 376
f 378 375 376
f 379 378 376
f 379 376 380
f 381 379 380
f 382 381 380
f 383 382 380
f 384 383 380
f 385 384 380
f 386 385 380
f 387 386 380
f 388 387 380
f 389 388 380
f 390 389 380
f 390 380 391
f 380 392 391
f 393 390 391
f 393 391 394
f 395 393 394
f 396 395 394
f 397 396 394
f 398 397 394
f 399 398 394
f 400 399 394
f 401 400 394
f 402 401 394
f 402 394 403
f 404 402 403
f 405 404 403
f 406 405 403
f 407 406 403
f 408 407 403
f 408 403 409
f 410 408 409
f 411 410 409
f 412 411 409
f 413 412 409
f 414 413 409
f 415 414 409
f 416 415 409
f 416 409 2
f 4 416 2
f 417 391 392
f 391 417 418
f 419 417 392
f 420 419 392
f 421 420 392
f 422 421 392
f 423 422 392
f 424 423 392
f 425 424 392
f 426 425 392
f 427 426 392
f 428 427 392
f 428 392 429
f 430 428 429
f 431 430 429
f 432 431 429
f 433 432 429
f 434 433 429
f 435 434 429
f 436 435 429
f 437 436 429
f 438 437 429
f 439 438 429
f 439 429 440
f 441 439 440
f 442 441 440
f 443 442 440
f 444 443 440
f 445 444 440
f 446 445 440
f 446 440 447
f 448 446 447
f 449 448 447
f 450 449 447
f 451 450 447
f 451 447 452
f 453 451 452
f 454 453 452
f 455 454 452
f 456 455 452
f 457 456 452
f 458 457 452
f 458 452 459
f 460 458 459
f 461 460 459
f 462 461 459
f 463 462 459
f 464 463 459
f 464 459 465
f 466 464 465
f 466 465 467
f 468 466 467
f 468 467 469
f 470 468 469
f 471 470 469
f 471 469 472
f 473 471 472
f 473 472 474
f 475 473 474
f 475 474 476
f 477 475 476
f 477 476 478
f 479 477 478
f 480 479 478
f 480 478 481
f 482 480 481
f 482 481 483
f 484 482 483
f 485 484 483
f 485 483 486
f 487 485 486
f 487 486 488
f 489 487 488
f 490 489 488
f 490 488 491
f 492 490 491
f 493 492 491
f 494 493 491
f 495 494 491
f 495 491 496
f 497 495 496
f 498 497 496
f 499 498 496
f 499 500 498
f 501 499 496
f 502 501 496
f 503 502 496
f 504 503 496
f 504 496 505
f 496 506 505
f 504 505 507
f 508 504 507
f 509 508 507
f 510 509 507
f 511 510 507
f 512 511 507
f 513 512 507
f 514 513 507
f 515 514 507
f 516 515 507
f 516 507 517
f 518 516 517
f 519 518 517
f 519 517 520
f 521 519 520
f 522 521 520
f 522 520 523
f 524 522 523
f 524 523 525
f 526 524 525
f 527 526 525
f 527 525 528
f 529 527 528
f 529 528 530
f 531 529 530
f 532 531 530
f 532 530 533
f 534 532 533
f 534 533 535
f 536 534 535
f 536 535 537
f 538 536 537
f 538 537 539
f 540 538 539
f 541 540 539
f 541 539 542
f 543 541 542
f 543 542 544
f 545 543 544
f 546 545 544
f 546 544 547
f 548 546 547
f 549 548 547
f 550 549 547
f 551 550 547
f 551 547 552
f 553 551 552
f 554 553 552
f 555 554 552
f 556 555 552
f 557 556 552
f 557 552 558
f 559 557 558
f 560 559 558
f 561 560 558
f 561 558 562
f 563 561 562
f 564 563 562
f 565 564 562
f 566 565 562
f 567 566 562
f 568 567 562
f 569 568 562
f 569 562 570
f 571 569 570
f 572 571 570
f 573 572 570
f 574 573 570
f 575 574 570
f 576 575 570
f 577 576 570
f 578 577 570
f 579 578 570
f 580 579 570
f 581 580 570
f 581 570 391
f 582 581 391
f 583 582 391
f 584 583 391
f 585 584 391
f 586 585 391
f 587 586 391
f 588 587 391
f 589 588 391
f 590 589 391
f 591 590 391
f 418 591 391
f 418 592 591
f 593 592 418
f 594 593 418
f 595 594 418
f 596 595 418
f 597 596 418
f 597 418 598
f 597 598 599
f 597 599 600
f 597 600 601
f 602 597 601
f 602 601 603
f 602 603 604
f 605 602 604
f 605 604 606
f 607 605 606
f 607 606 608
f 607 608 609
f 610 607 609
f 610 609 611
f 612 610 611
f 612 611 613
f 614 612 613
f 614 613 615
f 614 615 616
f 617 614 616
f 617 616 618
f 619 617 618
f 619 618 620
f 621 619 620
f 621 620 622
f 623 621 622
f 623 622 624
f 623 624 625
f 625 624 626
f 625 626 627
f 628 625 627
f 628 627 629
f 630 628 629
f 630 629 631
f 630 631 632
f 633 630 632
f 633 632 634
f 635 633 634
f 635 634 636
f 635 636 637
f 638 635 637
f 638 637 639
f 638 639 640
f 641 638 640
f 641 640 642
f 643 641 642
f 643 642 644
f 645 643 644
f 645 644 646
f 645 646 647
f 648 645 647
f 648 647 649
f 650 648 649
f 650 649 651
f 652 650 651
f 652 651 653
f 652 653 654
f 655 652 654
f 655 654 656
f 657 655 656
f 657 656 658
f 659 657 658
f 659 658 660
f 661 659 660
f 661 660 662
f 663 661 662
f 663 662 664
f 663 664 665
f 666 663 665
f 666 665 667
f 668 666 667
f 668 667 669
f 670 668 669
f 670 669 671
f 672 670 671
f 672 671 673
f 672 673 674
f 675 672 674
f 675 674 676
f 677 675 676
f 677 676 678
f 679 677 678
f 679 678 680
f 681 679 680
f 681 680 682
f 683 681 682
f 683 682 684
f 683 684 685
f 686 683 685
f 686 685 687
f 688 686 687
f 688 687 689
f 690 688 689
f 690 689 691
f 692 690 691
f 692 691 693
f 694 692 693
f 694 693 695
f 696 694 695
f 696 695 697
f 698 696 697
f 699 698 697
f 699 697 700
f 701 699 700
f 701 700 702
f 703 701 702
f 703 702 704
f 705 703 704
f 705 704 706
f 707 705 706
f 707 706 708
f 709 707 708
f 709 708 710
f 711 709 710
f 711 710 712
f 713 711 712
f 713 712 714
f 715 713 714
f 715 714 716
f 717 715 716
f 717 716 718
f 719 717 718
f 720 719 718
f 720 718 721
f 722 720 721
f 723 722 721
f 723 721 724
f 725 723 724
f 725 724 726
f 725 726 727
f 728 725 727
f 728 727 729
f 728 729 730
f 728 730 731
f 728 731 732
f 500 728 732
f 500 732 498
f 506 733 505
f 506 734 733
f 734 735 733
f 734 736 735
f 736 737 735
f 736 738 737
f 738 739 737
f 738 740 739
f 740 741 739
f 740 742 741
f 742 743 741
f 742 744 743
f 744 745 743
f 744 746 745
f 746 747 745
f 746 748 747
f 748 749 747
f 748 750 749
f 750 751 749
f 750 752 751
f 752 753 751
f 377 754 376
f 754 755 376
f 755 756 376
f 756 757 376
f 757 758 376
f 758 759 376
f 759 760 376
f 759 761 760
f 761 762 760
f 762 763 760
f 763 764 760
f 764 765 760
f 765 766 760
f 766 767 760
f 766 768 767
f 768 769 767
f 769 770 767
f 770 771 767
f 771 772 767
f 771 773 772
f 774 772 773
f 774 775 772
f 774 776 775
f 776 777 775
f 776 778 777
f 778 779 777
f 778 780 779
f 780 781 779
f 780 782 781
f 782 783 781
f 782 784 783
f 784 785 783
f 784 786 785
f 786 787 785
f 786 788 787
f 788 789 787
f 788 790 789
f 790 791 789
f 791 792 789
f 791 793 792
f 793 794 792
f 793 795 794
f 795 796 794
f 795 797 796
f 797 798 796
f 797 799 798
f 799 800 798
f 799 801 800
f 801 802 800
f 801 803 802
f 803 804 802
f 804 805 802
f 804 806 805
f 806 807 805
f 807 808 805
f 808 809 805
f 809 810 805
f 810 811 805
f 811 812 805
f 812 813 805
f 813 138 805
f 813 814 138
f 814 815 138
f 815 816 138
f 816 817 138
f 817 818 138
f 818 137 138
f 819 346 347
f 819 347 820
f 821 819 820
f 821 820 822
f 821 822 823
f 824 821 823
f 824 823 825
f 826 824 825
f 827 826 825
f 827 825 828
f 829 827 828
f 829 828 830
f 831 829 830
f 831 830 832
f 833 831 832
f 834 833 832
f 834 832 835
f 836 834 835
f 836 835 837
f 838 836 837
f 839 838 837
f 839 837 840
f 841 839 840
f 841 840 842
f 843 841 842
f 844 843 842
f 844 842 845
f 846 844 845
f 846 845 847
f 848 846 847
f 848 847 849
f 850 848 849
f 850 849 851
f 852 850 851
f 852 851 853
f 310 852 853
f 310 853 854
f 310 854 855
f 310 855 309
f 96 856 100
f 856 857 100
f 856 858 857
f 858 859 857
f 858 860 859
f 860 861 859
f 860 862 861
f 862 863 861
f 862 864 863
f 864 865 863
f 864 866 865
f 866 867 865
f 866 868 867
f 868 869 867
f 868 870 869
f 870 871 869
f 870 872 871
f 872 873 871
f 872 874 873
f 874 875 873
f 876 877 878
f 879 877 876
f 880 876 878
f 880 878 881
f 880 881 882
f 882 881 883
f 882 883 884
f 884 883 885
f 884 885 886
f 886 885 887
f 886 887 888
f 888 887 889
f 888 889 890
f 890 889 891
f 890 891 892
f 892 891 893
f 892 893 894
f 894 893 895
f 894 895 896
f 896 895 897
f 896 897 898
f 898 897 899
f 898 899 900
f 900 899 901
f 900 901 902
f 902 901 903
f 902 903 904
f 904 903 905
f 904 905 906
f 906 905 907
f 906 907 908
f 908 907 909
f 908 909 910
f 910 909 911
f 910 911 912
f 912 911 913
f 912 913 914
f 914 913 915
f 914 915 916
f 916 915 917
f 916 917 918
f 918 917 919
f 918 919 920
f 920 919 921
f 920 921 922
f 922 921 923
f 922 923 924
f 924 923 925
f 924 925 926
f 926 925 927
f 926 927 928
f 928 927 929
f 928 929 930
f 930 929 931
f 930 931 932
f 932 931 933
f 932 933 934
f 934 933 935
f 934 935 936
f 936 935 937
f 936 937 938
f 938 937 939
f 938 939 940
f 940 939 941
f 940 941 942
f 942 941 943
f 942 943 944
f 944 943 945
f 944 945 946
f 946 945 947
f 946 947 948
f 948 947 949
f 948 949 950
f 950 949 951
f 950 951 952
f 952 951 953
f 952 953 954
f 954 953 955
f 954 955 956
f 956 955 957
f 956 957 958
f 958 957 959
f 958 959 960
f 960 959 961
f 960 961 962
f 962 961 963
f 962 963 964
f 964 963 965
f 964 965 966
f 966 965 967
f 966 967 968
f 968 967 969
f 968 969 970
f 970 969 971
f 970 971 972
f 972 971 973
f 972 973 974
f 974 973 975
f 974 975 976
f 976 975 977
f 976 977 978
f 978 977 979
f 978 979 980
f 980 979 981
f 980 981 982
f 982 981 983
f 982 983 984
f 984 983 985
f 984 985 986
f 986 985 987
f 986 987 988
f 988 987 989
f 988 989 990
f 990 989 991
f 990 991 992
f 992 991 993
f 992 993 994
f 994 993 995
f 994 995 996
f 996 995 997
f 996 997 998
f 998 997 999
f 998 999 1000
f 1000 999 1001
f 1000 1001 1002
f 1002 1001 1003
f 1002 1003 1004
f 1004 1003 1005
f 1004 1005 1006
f 1006 1005 1007
f 1006 1007 1008
f 1008 1007 1009
f 1008 1009 1010
f 1010 1009 1011
f 1010 1011 1012
f 1012 1011 1013
f 1012 1013 1014
f 1014 1013 1015
f 1014 1015 1016
f 1016 1015 1017
f 1016 1017 1018
f 1018 1017 1019
f 1018 1019 1020
f 1020 1019 1021
f 1020 1021 1022
f 1022 1021 1023
f 1022 1023 1024
f 1024 1023 1025
f 1024 1025 1026
f 1026 1025 1027
f 1026 1027 1028
f 1028 1027 1029
f 1028 1029 1030
f 1030 1029 1031
f 1030 1031 1032
f 1032 1031 1033
f 1032 1033 1034
f 1034 1033 1035
f 1034 1035 1036
f 1036 1035 1037
f 1036 1037 1038
f 1038 1037 1039
f 1038 1039 1040
f 1040 1039 1041
f 1040 1041 1042
f 1042 1041 1043
f 1042 1043 1044
f 1044 1043 1045
f 1044 1045 1046
f 1046 1045 1047
f 1046 1047 1048
f 1048 1047 1049
f 1048 1049 1050
f 1050 1049 1051
f 1050 1051 1052
f 1052 1051 1053
f 1052 1053 1054
f 1054 1053 1055
f 1054 1055 1056
f 1056 1055 1057
f 1056 1057 1058
f 1058 1057 1059
f 1058 1059 1060
f 1060 1059 1061
f 1060 1061 1062
f 1062 1061 1063
f 1062 1063 1064
f 1064 1063 1065
f 1064 1065 1066
f 1066 1065 1067
f 1066 1067 1068
f 1068 1067 1069
f 1068 1069 1070
f 1070 1069 1071
f 1070 1071 1072
f 1072 1071 1073
f 1072 1073 1074
f 1074 1073 1075
f 1074 1075 1076
f 1076 1075 1077
f 1076 1077 1078
f 1078 1077 1079
f 1078 1079 1080
f 1080 1079 1081
f 1080 1081 1082
f 1082 1081 1083
f 1082 1083 1084
f 1084 1083 1085
f 1084 1085 1086
f 1086 1085 1087
f 1086 1087 1088
f 1088 1087 1089
f 879 1090 877
f 1091 1090 879
f 1091 1092 1090
f 1093 1092 1091
f 1093 1094 1092
f 1095 1094 1093
f 1095 1096 1094
f 1097 1096 1095
f 1097 1098 1096
f 1099 1098 1097
f 1099 1100 1098
f 1101 1100 1099
f 1101 1102 1100
f 1103 1102 1101
f 1103 1104 1102
f 1105 1104 1103
f 1105 1106 1104
f 1107 1106 1105
f 1107 1108 1106
f 1109 1108 1107
f 1109 1110 1108
f 1111 1110 1109
f 1111 1112 1110
f 1113 1112 1111
f 1113 1114 1112
f 1115 1114 1113
f 1115 1116 1114
f 1117 1116 1115
f 1117 1118 1116
f 1119 1118 1117
f 1119 1120 1118
f 1121 1120 1119
f 1121 1122 1120
f 1123 1122 1121
f 1123 1124 1122
f 1125 1124 1123
f 1125 1126 1124
f 1127 1126 1125
f 1127 1128 1126
f 1129 1128 1127
f 1129 1130 1128
f 1131 1130 1129
f 1131 1132 1130
f 1133 1132 1131
f 1133 1134 1132
f 1135 1134 1133
f 1135 1136 1134
f 1137 1136 1135
f 1137 1138 1136
f 1139 1138 1137
f 1139 1140 1138
f 1141 1140 1139
f 1141 1142 1140
f 1143 1142 1141
f 1143 1144 1142
f 1145 1144 1143
f 1145 1146 1144
f 1147 1146 1145
f 1147 1148 1146
f 1149 1148 1147
f 1149 1150 1148
f 1151 1150 1149
f 1151 1152 1150
f 1153 1152 1151
f 1153 1154 1152
f 1155 1154 1153
f 1155 1156 1154
f 1157 1156 1155
f 1158 1159 1160
f 1158 1161 1159
f 1162 1158 1160
f 1163 1162 1160
f 1164 1163 1160
f 1165 1164 1160
f 1166 1165 1160
f 1167 1166 1160
f 1167 1160 1168
f 1169 1167 1168
f 1170 1169 1168
f 1171 1170 1168
f 1171 1168 1172
f 1173 1172 1168
f 1161 1174 1159
f 1174 1175 1159
f 1175 1176 1159
f 1177 1178 1179
f 1180 1181 1182
f 1183 1184 1185
f 1186 1184 1183
f 1187 1183 1185
f 1187 1185 1188
f 1187 1188 1189
f 1189 1188 1190
f 1189 1190 1191
f 1191 1190 1192
f 1191 1192 1193
f 1193 1192 1194
f 1193 1194 1195
f 1195 1194 1196
f 1195 1196 1197
f 1198 1197 1196
f 1198 1199 1197
f 1198 1196 1200
f 1201 1198 1200
f 1202 1201 1200
f 1203 1202 1200
f 1204 1203 1200
f 1204 1200 1205
f 1206 1204 1205
f 1207 1206 1205
f 1207 1205 1208
f 1209 1207 1208
f 1209 1208 1210
f 1211 1209 1210
f 1212 1211 1210
f 1212 1210 1213
f 1214 1212 1213
f 1214 1213 1215
f 1216 1214 1215
f 1216 1215 1217
f 1218 1216 1217
f 1219 1218 1217
f 1219 1217 1220
f 1221 1219 1220
f 1222 1221 1220
f 1222 1220 1223
f 1223 1220 1224
f 1224 1220 1225
f 1223 1224 1226
f 1227 1223 1226
f 1228 1227 1226
f 1229 1228 1226
f 1230 1229 1226
f 1230 1226 1231
f 1232 1230 1231
f 1233 1232 1231
f 1233 1231 1234
f 1235 1233 1234
f 1235 1234 1236
f 1237 1235 1236
f 1238 1237 1236
f 1238 1236 1239
f 1240 1238 1239
f 1240 1239 1241
f 1242 1240 1241
f 1243 1242 1241
f 1243 1241 1244
f 1245 1243 1244
f 1245 1244 1197
f 1246 1245 1197
f 1199 1246 1197
f 1224 1225 1247
f 1247 1225 1248
f 1247 1248 1249
f 1249 1248 1250
f 1249 1250 1251
f 1251 1250 1252
f 1251 1252 1253
f 1253 1252 1254
f 1253 1254 1255
f 1255 1254 1256
f 1255 1256 1257
f 1257 1256 1258
f 1257 1258 1259
f 1259 1258 1260
f 1259 1260 1261
f 1261 1260 1262
f 1261 1262 1263
f 1263 1262 1264
f 1263 1264 1265
f 1265 1264 1266
f 1265 1266 1267
f 1267 1266 1268
f 1267 1268 1269
f 1269 1268 1270
f 1269 1270 1271
f 1271 1270 1272
f 1271 1272 1273
f 1273 1272 1274
f 1273 1274 1275
f 1275 1274 1276
f 1275 1276 1277
f 1277 1276 1278
f 1277 1278 1279
f 1279 1278 1280
f 1279 1280 1281
f 1281 1280 1282
f 1281 1282 1283
f 1283 1282 1284
f 1283 1284 1285
f 1285 1284 1286
f 1285 1286 1287
f 1287 1286 1288
f 1287 1288 1289
f 1289 1288 1290
f 1289 1290 1291
f 1291 1290 1292
f 1291 1292 1293
f 1293 1292 1294
f 1293 1294 1186
f 1186 1294 1184
f 1295 1296 1297
f 1298 1296 1295
f 1295 1297 1299
f 1299 1297 1300
f 1299 1300 1301
f 1301 1300 1302
f 1301 1302 1303
f 1303 1302 1304
f 1303 1304 1305
f 1305 1304 1306
f 1305 1306 1307
f 1307 1306 1308
f 1307 1308 1309
f 1309 1308 1310
f 1309 1310 1311
f 1311 1310 1312
f 1311 1312 1313
f 1313 1312 1314
f 1313 1314 1315
f 1315 1314 1316
f 1315 1316 1317
f 1317 1316 1318
f 1317 1318 1319
f 1319 1318 1320
f 1319 1320 1321
f 1321 1320 1322
f 1321 1322 1323
f 1323 1322 1324
f 1323 1324 1325
f 1325 1324 1326
f 1325 1326 1327
f 1327 1326 1328
f 1327 1328 1329
f 1329 1328 1330
f 1329 1330 1331
f 1331 1330 1332
f 1331 1332 1333
f 1333 1332 1334
f 1333 1334 1335
f 1335 1334 1336
f 1335 1336 1337
f 1337 1336 1338
f 1337 1338 1339
f 1339 1338 1340
f 1339 1340 1341
f 1341 1340 1342
f 1341 1342 1343
f 1343 1342 1344
f 1343 1344 1345
f 1345 1344 1346
f 1345 1346 1347
f 1347 1346 1348
f 1347 1348 1349
f 1349 1348 1350
f 1349 1350 1351
f 1351 1350 1352
f 1351 1352 1353
f 1353 1352 1354
f 1353 1354 1355
f 1355 1354 1356
f 1355 1356 1357
f 1357 1356 1358
f 1357 1358 1359
f 1359 1358 1360
f 1359 1360 1361
f 1361 1360 1362
f 1361 1362 1363
f 1363 1362 1364
f 1363 1364 1365
f 1365 1364 1366
f 1365 1366 1367
f 1367 1366 1368
f 1367 1368 1369
f 1369 1368 1370
f 1369 1370 1371
f 1371 1370 1372
f 1371 1372 1373
f 1373 1372 1374
f 1373 1374 1375
f 1373 1375 1376
f 1376 1375 1377
f 1376 1377 1378
f 1378 1377 1379
f 1378 1379 1380
f 1380 1379 1381
f 1380 1381 1382
f 1382 1381 1383
f 1383 1381 1384
f 1383 1384 1385
f 1383 1385 1386
f 1386 1385 1387
f 1386 1387 1388
f 1386 1388 1389
f 1389 1388 1390
f 1389 1390 1391
f 1391 1390 1392
f 1391 1392 1393
f 1393 1392 1394
f 1393 1394 1395
f 1395 1394 1396
f 1395 1396 1397
f 1397 1396 1398
f 1397 1398 1399
f 1399 1398 1400
f 1399 1400 1401
f 1401 1400 1402
f 1401 1402 1403
f 1403 1402 1404
f 1403 1404 1405
f 1405 1404 1406
f 1405 1406 1407
f 1407 1406 1408
f 1407 1408 1409
f 1409 1408 1410
f 1409 1410 1411
f 1411 1410 1412
f 1411 1412 1413
f 1413 1412 1414
f 1413 1414 1415
f 1415 1414 1416
f 1415 1416 1417
f 1417 1416 1418
f 1417 1418 1419
f 1417 1419 1420
f 1420 1419 1421
f 1420 1421 1422
f 1422 1421 1423
f 1422 1423 1424
f 1424 1423 1425
f 1424 1425 1426
f 1426 1425 1427
f 1426 1427 1428
f 1428 1427 1429
f 1428 1429 1430
f 1430 1429 1431
f 1430 1431 1432
f 1432 1431 1433
f 1432 1433 1434
f 1434 1433 1435
f 1434 1435 1436
f 1436 1435 1437
f 1436 1437 1438
f 1438 1437 1439
f 1438 1439 1440
f 1440 1439 1441
f 1440 1441 1442
f 1442 1441 1443
f 1442 1443 1444
f 1444 1443 1445
f 1444 1445 1446
f 1446 1445 1447
f 1446 1447 1448
f 1448 1447 1449
f 1448 1449 1450
f 1450 1449 1451
f 1450 1451 1452
f 1452 1451 1453
f 1452 1453 1454
f 1454 1453 1455
f 1456 1454 1455
f 1456 1455 1457
f 1457 1455 1458
f 1457 1458 1459
f 1459 1458 1460
f 1459 1460 1461
f 1461 1460 1462
f 1461 1462 1463
f 1463 1462 1464
f 1464 1462 1465
f 1464 1465 1466
f 1466 1465 1467
f 1466 1467 1468
f 1468 1467 1469
f 1468 1469 1470
f 1468 1470 1471
f 1471 1470 1472
f 1471 1472 1473
f 1473 1472 1474
f 1473 1474 1475
f 1473 1475 1476
f 1476 1475 1477
f 1476 1477 1478
f 1478 1477 1479
f 1478 1479 1480
f 1480 1479 1481
f 1480 1481 1482
f 1482 1481 1483
f 1483 1481 1484
f 1483 1484 1485
f 1485 1484 1486
f 1486 1484 1487
f 1486 1487 1488
f 1488 1487 1489
f 1488 1489 1490
f 1490 1489 1491
f 1491 1489 1492
f 1491 1492 1493
f 1493 1492 1494
f 1494 1492 1495
f 1494 1495 1496
f 1496 1495 1497
f 1496 1497 1498
f 1496 1498 1499
f 1499 1498 1500
f 1499 1500 1501
f 1501 1500 1502
f 1501 1502 1503
f 1501 1503 1504
f 1504 1503 1505
f 1504 1505 1506
f 1506 1505 1507
f 1506 1507 1508
f 1508 1507 1509
f 1508 1509 1510
f 1510 1509 1511
f 1510 1511 1512
f 1512 1511 1513
f 1512 1513 1514
f 1514 1513 1515
f 1514 1515 1516
f 1516 1515 1517
f 1516 1517 1518
f 1518 1517 1519
f 1518 1519 1520
f 1520 1519 1521
f 1520 1521 1522
f 1522 1521 1523
f 1522 1523 1524
f 1524 1523 1525
f 1524 1525 1526
f 1526 1525 1527
f 1526 1527 1528
f 1528 1527 1529
f 1528 1529 1530
f 1530 1529 1531
f 1530 1531 1532
f 1532 1531 1533
f 1532 1533 1534
f 1534 1533 1535
f 1534 1535 1536
f 1536 1535 1537
f 1536 1537 1538
f 1538 1537 1539
f 1538 1539 1540
f 1540 1539 1541
f 1540 1541 1542
f 1542 1541 1543
f 1542 1543 1544
f 1544 1543 1545
f 1544 1545 1546
f 1546 1545 1547
f 1546 1547 1548
f 1548 1547 1549
f 1548 1549 1550
f 1550 1549 1551
f 1550 1551 1552
f 1552 1551 1553
f 1552 1553 1554
f 1554 1553 1555
f 1554 1555 1556
f 1556 1555 1557
f 1556 1557 1558
f 1558 1557 1559
f 1558 1559 1560
f 1560 1559 1561
f 1560 1561 1562
f 1562 1561 1563
f 1562 1563 1564
f 1564 1563 1565
f 1564 1565 1566
f 1566 1565 1567
f 1566 1567 1568
f 1568 1567 1569
f 1568 1569 1570
f 1570 1569 1571
f 1570 1571 1572
f 1572 1571 1573
f 1572 1573 1298
f 1298 1573 1296
f 1574 1575 1576
f 1577 1575 1574
f 1574 1576 1578
f 1578 1576 1579
f 1578 1579 1580
f 1580 1579 1581
f 1580 1581 1582
f 1582 1581 1583
f 1582 1583 1584
f 1584 1583 1585
f 1584 1585 1586
f 1586 1585 1587
f 1586 1587 1588
f 1588 1587 1589
f 1588 1589 1590
f 1590 1589 1591
f 1590 1591 1592
f 1592 1591 1593
f 1592 1593 1594
f 1594 1593 1595
f 1594 1595 1596
f 1596 1595 1597
f 1596 1597 1598
f 1598 1597 1599
f 1598 1599 1600
f 1600 1599 1601
f 1600 1601 1602
f 1602 1601 1603
f 1602 1603 1604
f 1604 1603 1605
f 1604 1605 1606
f 1606 1605 1607
f 1606 1607 1608
f 1608 1607 1609
f 1608 1609 1610
f 1610 1609 1611
f 1610 1611 1612
f 1612 1611 1613
f 1612 1613 1614
f 1614 1613 1615
f 1614 1615 1616
f 1616 1615 1617
f 1616 1617 1618
f 1618 1617 1619
f 1618 1619 1620
f 1620 1619 1621
f 1620 1621 1622
f 1622 1621 1623
f 1622 1623 1624
f 1624 1623 1625
f 1624 1625 1626
f 1626 1625 1627
f 1626 1627 1628
f 1628 1627 1629
f 1628 1629 1630
f 1630 1629 1631
f 1630 1631 1632
f 1632 1631 1633
f 1632 1633 1634
f 1634 1633 1635
f 1634 1635 1636
f 1636 1635 1637
f 1636 1637 1638
f 1638 1637 1639
f 1639 1637 1640
f 1639 1640 1641
f 1641 1640 1642
f 1641 1642 1643
f 1643 1642 1644
f 1643 1644 1645
f 1645 1644 1646
f 1645 1646 1647
f 1647 1646 1648
f 1647 1648 1649
f 1649 1648 1650
f 1649 1650 1651
f 1651 1650 1652
f 1651 1652 1653
f 1653 1652 1654
f 1653 1654 1655
f 1655 1654 1656
f 1655 1656 1657
f 1657 1656 1658
f 1657 1658 1659
f 1657 1659 1660
f 1660 1659 1661
f 1660 1661 1662
f 1660 1662 1663
f 1663 1662 1664
f 1663 1664 1665
f 1663 1665 1666
f 1666 1665 1667
f 1666 1667 1668
f 1668 1667 1669
f 1668 1669 1670
f 1670 1669 1671
f 1670 1671 1672
f 1672 1671 1673
f 1672 1673 1674
f 1674 1673 1675
f 1674 1675 1676
f 1676 1675 1677
f 1676 1677 1678
f 1678 1677 1679
f 1678 1679 1680
f 1680 1679 1681
f 1680 1681 1682
f 1682 1681 1683
f 1682 1683 1684
f 1684 1683 1685
f 1684 1685 1686
f 1686 1685 1687
f 1686 1687 1688
f 1688 1687 1689
f 1688 1689 1690
f 1690 1689 1691
f 1690 1691 1692
f 1692 1691 1693
f 1692 1693 1694
f 1694 1693 1695
f 1694 1695 1696
f 1696 1695 1697
f 1696 1697 1698
f 1698 1697 1699
f 1698 1699 1700
f 1700 1699 1701
f 1700 1701 1702
f 1702 1701 1703
f 1702 1703 1704
f 1704 1703 1705
f 1704 1705 1706
f 1706 1705 1707
f 1706 1707 1708
f 1708 1707 1709
f 1708 1709 1710
f 1710 1709 1711
f 1710 1711 1712
f 1712 1711 1713
f 1712 1713 1714
f 1714 1713 1715
f 1714 1715 1716
f 1716 1715 1717
f 1716 1717 1718
f 1718 1717 1719
f 1718 1719 1720
f 1720 1719 1721
f 1720 1721 1722
f 1722 1721 1723
f 1722 1723 1724
f 1724 1723 1725
f 1724 1725 1726
f 1726 1725 1727
f 1726 1727 1728
f 1728 1727 1729
f 1728 1729 1730
f 1730 1729 1731
f 1730 1731 1732
f 1732 1731 1733
f 1734 1732 1733
f 1734 1733 1735
f 1735 1733 1736
f 1735 1736 1737
f 1737 1736 1738
f 1737 1738 1739
f 1739 1738 1740
f 1740 1738 1741
f 1740 1741 1742
f 1742 1741 1743
f 1742 1743 1744
f 1744 1743 1745
f 1744 1745 1746
f 1746 1745 1747
f 1747 1745 1748
f 1747 1748 1749
f 1749 1748 1750
f 1749 1750 1751
f 1749 1751 1752
f 1752 1751 1753
f 1752 1753 1754
f 1752 1754 1755
f 1755 1754 1756
f 1755 1756 1757
f 1757 1756 1758
f 1758 1756 1759
f 1758 1759 1760
f 1760 1759 1761
f 1760 1761 1762
f 1762 1761 1763
f 1763 1761 1764
f 1763 1764 1765
f 1765 1764 1766
f 1766 1764 1767
f 1766 1767 1768
f 1768 1767 1769
f 1769 1767 1770
f 1769 1770 1771
f 1771 1770 1772
f 1771 1772 1773
f 1773 1772 1774
f 1774 1772 1775
f 1774 1775 1776
f 1774 1776 1777
f 1777 1776 1778
f 1777 1778 1779
f 1779 1778 1780
f 1779 1780 1781
f 1779 1781 1782
f 1782 1781 1783
f 1782 1783 1784
f 1784 1783 1785
f 1784 1785 1786
f 1786 1785 1787
f 1786 1787 1788
f 1788 1787 1789
f 1788 1789 1790
f 1790 1789 1791
f 1790 1791 1792
f 1792 1791 1793
f 1792 1793 1794
f 1794 1793 1795
f 1794 1795 1796
f 1796 1795 1797
f 1796 1797 1798
f 1798 1797 1799
f 1798 1799 1800
f 1800 1799 1801
f 1800 1801 1802
f 1802 1801 1803
f 1802 1803 1804
f 1804 1803 1805
f 1804 1805 1806
f 1806 1805 1807
f 1806 1807 1808
f 1808 1807 1809
f 1808 1809 1810
f 1810 1809 1811
f 1810 1811 1812
f 1812 1811 1813
f 1812 1813 1814
f 1814 1813 1815
f 1814 1815 1816
f 1816 1815 1817
f 1816 1817 1818
f 1818 1817 1819
f 1818 1819 1820
f 1820 1819 1821
f 1820 1821 1822
f 1822 1821 1823
f 1822 1823 1824
f 1824 1823 1825
f 1824 1825 1826
f 1826 1825 1827
f 1826 1827 1828
f 1828 1827 1829
f 1828 1829 1830
f 1830 1829 1831
f 1830 1831 1832
f 1832 1831 1833
f 1832 1833 1834
f 1834 1833 1835
f 1834 1835 1836
f 1836 1835 1837
f 1836 1837 1838
f 1838 1837 1839
f 1838 1839 1840
f 1840 1839 1841
f 1840 1841 1842
f 1842 1841 1843
f 1842 1843 1844
f 1844 1843 1845
f 1844 1845 1846
f 1846 1845 1847
f 1846 1847 1848
f 1848 1847 1849
f 1848 1849 1850
f 1850 1849 1851
f 1850 1851 1577
f 1577 1851 1575
f 1852 1853 1854
f 1855 1853 1852
f 1852 1854 1856
f 1856 1854 1857
f 1857 1854 1858
f 1857 1858 1859
f 1859 1858 1860
f 1859 1860 1861
f 1861 1860 1862
f 1861 1862 1863
f 1863 1862 1864
f 1863 1864 1865
f 1865 1864 1866
f 1865 1866 1867
f 1867 1866 1868
f 1867 1868 1869
f 1869 1868 1870
f 1869 1870 1871
f 1869 1871 1872
f 1872 1871 1873
f 1872 1873 1874
f 1872 1874 1875
f 1875 1874 1876
f 1875 1876 1877
f 1877 1876 1878
f 1877 1878 1879
f 1879 1878 1880
f 1879 1880 1881
f 1881 1880 1882
f 1882 1880 1883
f 1882 1883 1884
f 1884 1883 1885
f 1885 1883 1886
f 1885 1886 1887
f 1887 1886 1888
f 1887 1888 1889
f 1889 1888 1890
f 1889 1890 1891
f 1891 1890 1892
f 1891 1892 1893
f 1893 1892 1894
f 1893 1894 1895
f 1895 1894 1896
f 1895 1896 1897
f 1897 1896 1898
f 1897 1898 1899
f 1899 1898 1900
f 1899 1900 1901
f 1899 1901 1902
f 1902 1901 1903
f 1904 1902 1903
f 1904 1903 1905
f 1904 1905 1906
f 1906 1905 1907
f 1906 1907 1908
f 1908 1907 1909
f 1908 1909 1910
f 1910 1909 1911
f 1910 1911 1912
f 1912 1911 1913
f 1912 1913 1914
f 1914 1913 1915
f 1914 1915 1916
f 1916 1915 1917
f 1916 1917 1918
f 1918 1917 1919
f 1918 1919 1920
f 1920 1919 1921
f 1920 1921 1922
f 1922 1921 1923
f 1922 1923 1924
f 1924 1923 1925
f 1924 1925 1926
f 1926 1925 1927
f 1926 1927 1928
f 1928 1927 1929
f 1928 1929 1930
f 1930 1929 1931
f 1930 1931 1932
f 1932 1931 1933
f 1932 1933 1934
f 1934 1933 1935
f 1934 1935 1936
f 1936 1935 1937
f 1936 1937 1938
f 1938 1937 1939
f 1938 1939 1940
f 1940 1939 1941
f 1940 1941 1942
f 1942 1941 1943
f 1942 1943 1944
f 1944 1943 1945
f 1944 1945 1946
f 1946 1945 1947
f 1946 1947 1948
f 1948 1947 1949
f 1948 1949 1950
f 1950 1949 1951
f 1950 1951 1952
f 1952 1951 1953
f 1952 1953 1954
f 1954 1953 1955
f 1954 1955 1956
f 1956 1955 1957
f 1956 1957 1958
f 1958 1957 1959
f 1958 1959 1960
f 1960 1959 1961
f 1960 1961 1962
f 1962 1961 1963
f 1962 1963 1964
f 1964 1963 1965
f 1964 1965 1966
f 1966 1965 1967
f 1966 1967 1968
f 1968 1967 1969
f 1968 1969 1970
f 1970 1969 1971
f 1970 1971 1972
f 1972 1971 1973
f 1972 1973 1974
f 1974 1973 1975
f 1974 1975 1976
f 1976 1975 1977
f 1976 1977 1978
f 1978 1977 1979
f 1978 1979 1980
f 1980 1979 1981
f 1980 1981 1982
f 1982 1981 1983
f 1982 1983 1984
f 1984 1983 1985
f 1984 1985 1986
f 1986 1985 1987
f 1986 1987 1988
f 1988 1987 1989
f 1988 1989 1990
f 1990 1989 1991
f 1990 1991 1992
f 1992 1991 1993
f 1992 1993 1994
f 1994 1993 1995
f 1994 1995 1996
f 1996 1995 1997
f 1996 1997 1998
f 1998 1997 1999
f 1998 1999 2000
f 2000 1999 2001
f 2000 2001 2002
f 2002 2001 2003
f 2002 2003 2004
f 2004 2003 2005
f 2004 2005 2006
f 2006 2005 2007
f 2006 2007 2008
f 2008 2007 2009
f 2008 2009 2010
f 2010 2009 2011
f 2010 2011 2012
f 2012 2011 2013
f 2012 2013 2014
f 2014 2013 2015
f 2014 2015 2016
f 2016 2015 2017
f 2016 2017 2018
f 2018 2017 2019
f 2018 2019 2020
f 2020 2019 2021
f 2020 2021 2022
f 2022 2021 2023
f 2022 2023 2024
f 2024 2023 2025
f 2024 2025 2026
f 2026 2025 2027
f 2026 2027 2028
f 2028 2027 2029
f 2028 2029 2030
f 2030 2029 2031
f 2030 2031 2032
f 2032 2031 2033
f 2032 2033 2034
f 2034 2033 2035
f 2034 2035 2036
f 2036 2035 2037
f 2036 2037 2038
f 2038 2037 2039
f 2038 2039 2040
f 2040 2039 2041
f 2040 2041 2042
f 2042 2041 2043
f 2042 2043 2044
f 2044 2043 2045
f 2044 2045 2046
f 2046 2045 2047
f 2046 2047 2048
f 2048 2047 2049
f 2048 2049 2050
f 2050 2049 2051
f 2050 2051 2052
f 2052 2051 2053
f 2052 2053 2054
f 2054 2053 2055
f 2054 2055 2056
f 2056 2055 2057
f 2056 2057 2058
f 2058 2057 2059
f 2058 2059 2060
f 2060 2059 2061
f 2060 2061 2062
f 2062 2061 2063
f 2062 2063 2064
f 2064 2063 2065
f 2064 2065 2066
f 2066 2065 2067
f 2066 2067 2068
f 2068 2067 2069
f 2068 2069 2070
f 2070 2069 2071
f 2070 2071 2072
f 2072 2071 2073
f 2072 2073 2074
f 2074 2073 2075
f 2074 2075 2076
f 2076 2075 2077
f 2076 2077 2078
f 2078 2077 2079
f 2078 2079 2080
f 2080 2079 2081
f 2080 2081 2082
f 2082 2081 2083
f 2082 2083 2084
f 2084 2083 2085
f 2084 2085 2086
f 2086 2085 2087
f 2086 2087 2088
f 2088 2087 2089
f 2088 2089 2090
f 2090 2089 2091
f 2090 2091 2092
f 2092 2091 2093
f 2092 2093 2094
f 2094 2093 2095
f 2094 2095 2096
f 2096 2095 2097
f 2096 2097 2098
f 2098 2097 2099
f 2098 2099 2100
f 2100 2099 2101
f 2100 2101 2102
f 2102 2101 2103
f 2102 2103 2104
f 2104 2103 2105
f 2104 2105 2106
f 2106 2105 2107
f 2106 2107 2108
f 2108 2107 2109
f 2108 2109 2110
f 2110 2109 2111
f 2110 2111 2112
f 2112 2111 2113
f 2112 2113 2114
f 2114 2113 2115
f 2114 2115 2116
f 2116 2115 2117
f 2116 2117 2118
f 2118 2117 2119
f 2118 2119 2120
f 2120 2119 2121
f 2120 2121 2122
f 2122 2121 2123
f 2122 2123 2124
f 2124 2123 2125
f 2124 2125 2126
f 2126 2125 2127
f 2126 2127 2128
f 2128 2127 2129
f 2128 2129 1855
f 1855 2129 1853
f 2130 2131 2132
f 2133 2131 2130
f 2130 2132 2134
f 2134 2132 2135
f 2134 2135 2136
f 2136 2135 2137
f 2136 2137 2138
f 2138 2137 2139
f 2138 2139 2140
f 2140 2139 2141
f 2140 2141 2142
f 2142 2141 2143
f 2142 2143 2144
f 2144 2143 2145
f 2144 2145 2146
f 2146 2145 2147
f 2146 2147 2148
f 2148 2147 2149
f 2148 2149 2150
f 2150 2149 2151
f 2150 2151 2152
f 2152 2151 2153
f 2152 2153 2154
f 2154 2153 2155
f 2154 2155 2156
f 2156 2155 2157
f 2156 2157 2158
f 2158 2157 2159
f 2158 2159 2160
f 2160 2159 2161
f 2160 2161 2162
f 2162 2161 2163
f 2162 2163 2164
f 2164 2163 2165
f 2164 2165 2166
f 2166 2165 2167
f 2166 2167 2168
f 2168 2167 2169
f 2168 2169 2170
f 2170 2169 2171
f 2170 2171 2172
f 2172 2171 2173
f 2172 2173 2174
f 2174 2173 2175
f 2174 2175 2176
f 2176 2175 2177
f 2176 2177 2178
f 2178 2177 2179
f 2178 2179 2180
f 2180 2179 2181
f 2180 2181 2182
f 2182 2181 2183
f 2182 2183 2184
f 2184 2183 2185
f 2184 2185 2186
f 2186 2185 2187
f 2186 2187 2188
f 2188 2187 2189
f 2188 2189 2190
f 2190 2189 2191
f 2190 2191 2192
f 2192 2191 2193
f 2192 2193 2194
f 2194 2193 2195
f 2194 2195 2196
f 2196 2195 2197
f 2196 2197 2198
f 2198 2197 2199
f 2198 2199 2200
f 2200 2199 2201
f 2200 2201 2202
f 2202 2201 2203
f 2202 2203 2204
f 2202 2204 2205
f 2205 2204 2206
f 2205 2206 2207
f 2207 2206 2208
f 2207 2208 2209
f 2209 2208 2210
f 2209 2210 2211
f 2211 2210 2212
f 2211 2212 2213
f 2213 2212 2214
f 2213 2214 2215
f 2215 2214 2216
f 2216 2214 2217
f 2216 2217 2218
f 2218 2217 2219
f 2219 2217 2220
f 2219 2220 2221
f 2221 2220 2222
f 2222 2220 2223
f 2222 2223 2224
f 2224 2223 2225
f 2224 2225 2226
f 2224 2226 2227
f 2227 2226 2228
f 2227 2228 2229
f 2229 2228 2230
f 2229 2230 2231
f 2231 2230 2232
f 2231 2232 2233
f 2233 2232 2234
f 2233 2234 2235
f 2235 2234 2236
f 2235 2236 2237
f 2237 2236 2238
f 2237 2238 2239
f 2239 2238 2240
f 2239 2240 2241
f 2241 2240 2242
f 2241 2242 2243
f 2243 2242 2244
f 2243 2244 2245
f 2245 2244 2246
f 2245 2246 2247
f 2247 2246 2248
f 2247 2248 2249
f 2249 2248 2250
f 2249 2250 2251
f 2251 2250 2252
f 2251 2252 2253
f 2253 2252 2254
f 2253 2254 2255
f 2255 2254 2256
f 2255 2256 2257
f 2255 2257 2258
f 2258 2257 2259
f 2258 2259 2260
f 2260 2259 2261
f 2260 2261 2262
f 2262 2261 2263
f 2262 2263 2264
f 2264 2263 2265
f 2264 2265 2266
f 2266 2265 2267
f 2266 2267 2268
f 2268 2267 2269
f 2268 2269 2270
f 2270 2269 2271
f 2270 2271 2272
f 2272 2271 2273
f 2272 2273 2274
f 2274 2273 2275
f 2274 2275 2276
f 2276 2275 2277
f 2276 2277 2278
f 2278 2277 2279
f 2278 2279 2280
f 2280 2279 2281
f 2280 2281 2282
f 2282 2281 2283
f 2282 2283 2284
f 2284 2283 2285
f 2284 2285 2286
f 2286 2285 2287
f 2286 2287 2288
f 2288 2287 2289
f 2288 2289 2290
f 2290 2289 2291
f 2290 2291 2292
f 2292 2291 2293
f 2294 2292 2293
f 2294 2293 2295
f 2295 2293 2296
f 2295 2296 2297
f 2297 2296 2298
f 2297 2298 2299
f 2299 2298 2300
f 2299 2300 2301
f 2301 2300 2302
f 2301 2302 2303
f 2303 2302 2304
f 2304 2302 2305
f 2304 2305 2306
f 2306 2305 2307
f 2306 2307 2308
f 2306 2308 2309
f 2309 2308 2310
f 2309 2310 2311
f 2309 2311 2312
f 2312 2311 2313
f 2312 2313 2314
f 2314 2313 2315
f 2314 2315 2316
f 2316 2315 2317
f 2316 2317 2318
f 2318 2317 2319
f 2319 2317 2320
f 2319 2320 2321
f 2321 2320 2322
f 2321 2322 2323
f 2323 2322 2324
f 2324 2322 2325
f 2324 2325 2326
f 2326 2325 2327
f 2327 2325 2328
f 2327 2328 2329
f 2329 2328 2330
f 2329 2330 2331
f 2331 2330 2332
f 2331 2332 2333
f 2333 2332 2334
f 2333 2334 2335
f 2335 2334 2336
f 2335 2336 2337
f 2337 2336 2338
f 2337 2338 2339
f 2337 2339 2340
f 2340 2339 2341
f 2340 2341 2342
f 2342 2341 2343
f 2342 2343 2344
f 2344 2343 2345
f 2344 2345 2346
f 2346 2345 2347
f 2346 2347 2348
f 2348 2347 2349
f 2348 2349 2350
f 2350 2349 2351
f 2350 2351 2352
f 2352 2351 2353
f 2352 2353 2354
f 2354 2353 2355
f 2354 2355 2356
f 2356 2355 2357
f 2356 2357 2358
f 2358 2357 2359
f 2358 2359 2360
f 2360 2359 2361
f 2360 2361 2362
f 2362 2361 2363
f 2362 2363 2364
f 2364 2363 2365
f 2364 2365 2366
f 2366 2365 2367
f 2366 2367 2368
f 2368 2367 2369
f 2368 2369 2370
f 2370 2369 2371
f 2370 2371 2372
f 2372 2371 2373
f 2372 2373 2374
f 2374 2373 2375
f 2374 2375 2376
f 2376 2375 2377
f 2376 2377 2378
f 2378 2377 2379
f 2378 2379 2380
f 2380 2379 2381
f 2380 2381 2382
f 2382 2381 2383
f 2382 2383 2384
f 2384 2383 2385
f 2384 2385 2386
f 2386 2385 2387
f 2386 2387 2388
f 2388 2387 2389
f 2388 2389 2390
f 2390 2389 2391
f 2390 2391 2392
f 2392 2391 2393
f 2392 2393 2394
f 2394 2393 2395
f 2394 2395 2396
f 2396 2395 2397
f 2396 2397 2398
f 2398 2397 2399
f 2398 2399 2400
f 2400 2399 2401
f 2400 2401 2402
f 2402 2401 2403
f 2402 2403 2404
f 2404 2403 2405
f 2404 2405 2406
f 2406 2405 2407
f 2406 2407 2408
f 2408 2407 2409
f 2408 2409 2133
f 2133 2409 2131
f 2410 2411 2412
f 2413 2411 2410
f 2414 2410 2412
f 2415 2414 2412
f 2415 2412 2416
f 2417 2415 2416
f 2417 2416 2418
f 2419 2417 2418
f 2420 2419 2418
f 2420 2418 2421
f 2422 2420 2421
f 2422 2421 2423
f 2424 2422 2423
f 2425 2424 2423
f 2426 2425 2423
f 2426 2423 2427
f 2426 2427 2428
f 2428 2427 2429
f 2429 2427 2430
f 2431 2428 2429
f 2432 2431 2429
f 2432 2429 2433
f 2434 2432 2433
f 2435 2434 2433
f 2436 2435 2433
f 2436 2433 2437
f 2438 2436 2437
f 2438 2437 2439
f 2440 2438 2439
f 2441 2440 2439
f 2441 2439 2442
f 2443 2441 2442
f 2443 2442 2444
f 2443 2444 2445
f 2445 2444 2446
f 2447 2445 2446
f 2448 2447 2446
f 2448 2446 2449
f 2450 2448 2449
f 2451 2450 2449
f 2451 2449 2452
f 2453 2451 2452
f 2454 2453 2452
f 2454 2452 2455
f 2452 2456 2455
f 2457 2454 2455
f 2458 2457 2455
f 2459 2458 2455
f 2459 2455 2460
f 2461 2459 2460
f 2413 2461 2460
f 2413 2460 2411
f 2462 2456 2452
f 2462 2463 2456
f 2464 2463 2462
f 2464 2465 2463
f 2466 2465 2464
f 2466 2467 2465
f 2468 2467 2466
f 2468 2469 2467
f 2470 2469 2468
f 2470 2471 2469
f 2472 2471 2470
f 2472 2473 2471
f 2474 2473 2472
f 2474 2475 2473
f 2476 2475 2474
f 2476 2477 2475
f 2478 2477 2476
f 2478 2479 2477
f 2480 2479 2478
f 2480 2481 2479
f 2482 2481 2480
f 2482 2483 2481
f 2484 2483 2482
f 2484 2485 2483
f 2486 2485 2484
f 2486 2487 2485
f 2488 2487 2486
f 2488 2489 2487
f 2490 2489 2488
f 2490 2491 2489
f 2492 2491 2490
f 2492 2493 2491
f 2494 2493 2492
f 2494 2495 2493
f 2496 2495 2494
f 2496 2497 2495
f 2498 2497 2496
f 2498 2499 2497
f 2500 2499 2498
f 2500 2501 2499
f 2502 2501 2500
f 2502 2503 2501
f 2504 2503 2502
f 2504 2505 2503
f 2506 2505 2504
f 2506 2507 2505
f 2508 2507 2506
f 2508 2509 2507
f 2510 2509 2508
f 2510 2511 2509
f 2512 2511 2510
f 2512 2513 2511
f 2514 2513 2512
f 2514 2515 2513
f 2516 2515 2514
f 2516 2517 2515
f 2518 2517 2516
f 2518 2519 2517
f 2520 2519 2518
f 2520 2521 2519
f 2522 2521 2520
f 2522 2523 2521
f 2524 2523 2522
f 2524 2525 2523
f 2526 2525 2524
f 2526 2527 2525
f 2528 2527 2526
f 2528 2529 2527
f 2528 2530 2529
f 2531 2530 2528
f 2531 2532 2530
f 2533 2532 2531
f 2533 2534 2532
f 2533 2535 2534
f 2536 2535 2533
f 2537 2535 2536
f 2537 2538 2535
f 2539 2538 2537
f 2539 2540 2538
f 2541 2540 2539
f 2542 2540 2541
f 2542 2543 2540
f 2544 2543 2542
f 2545 2543 2544
f 2545 2546 2543
f 2547 2546 2545
f 2548 2546 2547
f 2548 2549 2546
f 2550 2549 2548
f 2551 2549 2550
f 2551 2552 2549
f 2553 2552 2551
f 2553 2554 2552
f 2555 2554 2553
f 2555 2556 2554
f 2555 2557 2556
f 2558 2557 2555
f 2558 2559 2557
f 2560 2559 2558
f 2560 2561 2559
f 2562 2561 2560
f 2562 2563 2561
f 2564 2563 2562
f 2564 2565 2563
f 2566 2565 2564
f 2567 2565 2566
f 2567 2568 2565
f 2569 2568 2567
f 2569 2570 2568
f 2571 2570 2569
f 2571 2572 2570
f 2573 2572 2571
f 2573 2574 2572
f 2574 2575 2572
f 2576 2575 2574
f 2576 2577 2575
f 2578 2577 2576
f 2578 2579 2577
f 2580 2579 2578
f 2580 2581 2579
f 2582 2581 2580
f 2582 2583 2581
f 2584 2583 2582
f 2584 2585 2583
f 2586 2585 2584
f 2586 2587 2585
f 2588 2587 2586
f 2589 2587 2588
f 2590 2587 2589
f 2591 2589 2588
f 2592 2591 2588
f 2592 2588 2593
f 2594 2592 2593
f 2595 2594 2593
f 2596 2595 2593
f 2597 2596 2593
f 2598 2597 2593
f 2599 2598 2593
f 2599 2593 2600
f 2601 2599 2600
f 2602 2601 2600
f 2603 2602 2600
f 2604 2603 2600
f 2605 2604 2600
f 2606 2605 2600
f 2606 2600 2607
f 2608 2606 2607
f 2608 2607 2609
f 2607 2610 2609
f 2611 2608 2609
f 2612 2611 2609
f 2613 2612 2609
f 2613 2609 2614
f 2615 2613 2614
f 2616 2615 2614
f 2617 2616 2614
f 2618 2617 2614
f 2619 2618 2614
f 2619 2614 2620
f 2621 2619 2620
f 2622 2621 2620
f 2623 2622 2620
f 2624 2623 2620
f 2625 2624 2620
f 2590 2625 2620
f 2590 2620 2587
f 2626 2610 2607
f 2626 2627 2610
f 2628 2627 2626
f 2628 2629 2627
f 2630 2629 2628
f 2630 2631 2629
f 2632 2631 2630
f 2632 2633 2631
f 2634 2633 2632
f 2634 2635 2633
f 2636 2635 2634
f 2636 2637 2635
f 2638 2637 2636
f 2638 2639 2637
f 2640 2639 2638
f 2640 2641 2639
f 2642 2641 2640
f 2642 2643 2641
f 2644 2643 2642
f 2644 2645 2643
f 2646 2645 2644
f 2646 2647 2645
f 2648 2647 2646
f 2648 2649 2647
f 2650 2649 2648
f 2650 2651 2649
f 2652 2651 2650
f 2652 2653 2651
f 2654 2653 2652
f 2654 2655 2653
f 2656 2655 2654
f 2656 2657 2655
f 2658 2657 2656
f 2658 2659 2657
f 2660 2659 2658
f 2660 2661 2659
f 2662 2661 2660
f 2662 2663 2661
f 2664 2663 2662
f 2664 2665 2663
f 2666 2665 2664
f 2666 2667 2665
f 2668 2667 2666
f 2668 2669 2667
f 2670 2669 2668
f 2670 2671 2669
f 2672 2671 2670
f 2672 2673 2671
f 2672 2674 2673
f 2675 2674 2672
f 2675 2676 2674
f 2677 2676 2675
f 2677 2678 2676
f 2679 2678 2677
f 2679 2680 2678
f 2681 2680 2679
f 2682 2680 2681
f 2682 2683 2680
f 2684 2683 2682
f 2684 2685 2683
f 2686 2685 2684
f 2686 2687 2685
f 2688 2687 2686
f 2688 2689 2687
f 2690 2689 2688
f 2690 2691 2689
f 2692 2691 2690
f 2692 2693 2691
f 2694 2693 2692
f 2694 2695 2693
f 2696 2695 2694
f 2696 2697 2695
f 2698 2697 2696
f 2698 2699 2697
f 2700 2699 2698
f 2700 2701 2699
f 2702 2701 2700
f 2702 2703 2701
f 2704 2703 2702
f 2704 2705 2703
f 2706 2705 2704
f 2706 2707 2705
f 2708 2707 2706
f 2708 2709 2707
f 2710 2709 2708
f 2710 2711 2709
f 2712 2711 2710
f 2712 2713 2711
f 2714 2713 2712
f 2714 2715 2713
f 2716 2715 2714
f 2716 2717 2715
f 2718 2717 2716
f 2718 2719 2717
f 2720 2719 2718
f 2720 2721 2719
f 2722 2721 2720
f 2722 2723 2721
f 2724 2723 2722
f 2724 2725 2723
f 2726 2725 2724
f 2726 2727 2725
f 2728 2727 2726
f 2728 2729 2727
f 2730 2729 2728
f 2730 2731 2729
f 2732 2731 2730
f 2732 2733 2731
f 2734 2733 2732
f 2734 2735 2733
f 2736 2735 2734
f 2736 2737 2735
f 2738 2737 2736
f 2738 2739 2737
f 2740 2739 2738
f 2740 2741 2739
f 2742 2741 2740
f 2742 2743 2741
f 2744 2743 2742
f 2744 2745 2743
f 2746 2745 2744
f 2746 2747 2745
f 2748 2747 2746
f 2748 2749 2747
f 2430 2749 2748
f 2430 2427 2749
f 2750 2751 2752
f 2750 2753 2751
f 2754 2750 2752
f 2754 2752 2755
f 2756 2754 2755
f 2757 2756 2755
f 2757 2755 2758
f 2759 2757 2758
f 2760 2759 2758
f 2760 2758 2761
f 2762 2760 2761
f 2763 2762 2761
f 2764 2763 2761
f 2765 2764 2761
f 2766 2765 2761
f 2767 2766 2761
f 2768 2767 2761
f 2768 2761 2769
f 2770 2768 2769
f 2771 2770 2769
f 2772 2771 2769
f 2773 2772 2769
f 2774 2773 2769
f 2774 2769 2775
f 2776 2774 2775
f 2777 2776 2775
f 2778 2777 2775
f 2779 2778 2775
f 2780 2779 2775
f 2781 2780 2775
f 2782 2781 2775
f 2783 2782 2775
f 2784 2783 2775
f 2784 2775 2785
f 2775 2786 2785
f 2787 2784 2785
f 2788 2787 2785
f 2789 2788 2785
f 2790 2789 2785
f 2791 2790 2785
f 2792 2791 2785
f 2793 2792 2785
f 2794 2793 2785
f 2795 2794 2785
f 2796 2795 2785
f 2796 2785 2797
f 2798 2797 2785
f 2799 2796 2797
f 2799 2797 2800
f 2799 2800 2801
f 2799 2801 2802
f 2799 2802 2803
f 2804 2799 2803
f 2804 2803 2805
f 2804 2805 2806
f 2804 2806 2807
f 2808 2804 2807
f 2808 2807 2809
f 2808 2809 2810
f 2811 2808 2810
f 2811 2810 2812
f 2811 2812 2813
f 2814 2811 2813
f 2814 2813 2815
f 2816 2814 2815
f 2816 2815 2817
f 2816 2817 2818
f 2819 2816 2818
f 2819 2818 2820
f 2819 2820 2821
f 2822 2819 2821
f 2822 2821 2823
f 2822 2823 2824
f 2825 2822 2824
f 2825 2824 2826
f 2827 2825 2826
f 2827 2826 2828
f 2826 2829 2828
f 2827 2828 2830
f 2827 2830 2831
f 2827 2831 2832
f 2833 2827 2832
f 2833 2832 2834
f 2835 2833 2834
f 2835 2834 2836
f 2837 2835 2836
f 2837 2836 2838
f 2839 2837 2838
f 2839 2838 2840
f 2841 2839 2840
f 2841 2840 2842
f 2843 2841 2842
f 2843 2842 2844
f 2845 2843 2844
f 2845 2844 2846
f 2847 2845 2846
f 2847 2846 2848
f 2849 2847 2848
f 2849 2848 2850
f 2851 2849 2850
f 2851 2850 2852
f 2853 2851 2852
f 2853 2852 2854
f 2855 2853 2854
f 2855 2854 2856
f 2857 2855 2856
f 2857 2856 2858
f 2857 2858 2859
f 2860 2857 2859
f 2860 2859 2861
f 2860 2861 2862
f 2860 2862 2863
f 2864 2860 2863
f 2864 2863 2865
f 2865 2863 2866
f 2864 2865 2867
f 2868 2864 2867
f 2868 2867 2869
f 2870 2868 2869
f 2870 2869 2871
f 2872 2870 2871
f 2872 2871 2873
f 2874 2872 2873
f 2874 2873 2875
f 2876 2874 2875
f 2876 2875 2877
f 2878 2876 2877
f 2879 2878 2877
f 2879 2877 2880
f 2881 2879 2880
f 2881 2880 2882
f 2883 2881 2882
f 2883 2882 2884
f 2885 2883 2884
f 2886 2885 2884
f 2886 2884 2887
f 2888 2886 2887
f 2888 2887 2889
f 2890 2888 2889
f 2891 2890 2889
f 2891 2889 2892
f 2893 2891 2892
f 2893 2892 2894
f 2895 2893 2894
f 2895 2894 2896
f 2897 2895 2896
f 2898 2897 2896
f 2898 2896 2899
f 2900 2898 2899
f 2900 2899 2901
f 2902 2900 2901
f 2902 2901 2903
f 2904 2902 2903
f 2904 2903 2905
f 2906 2904 2905
f 2907 2906 2905
f 2907 2905 2908
f 2909 2907 2908
f 2909 2908 2910
f 2911 2909 2910
f 2911 2910 2912
f 2913 2911 2912
f 2914 2913 2912
f 2914 2912 2915
f 2916 2914 2915
f 2916 2917 2914
f 2918 2916 2915
f 2918 2915 2919
f 2920 2918 2919
f 2921 2920 2919
f 2922 2921 2919
f 2923 2922 2919
f 2924 2923 2919
f 2925 2924 2919
f 2926 2925 2919
f 2926 2919 2927
f 2928 2926 2927
f 2929 2928 2927
f 2930 2929 2927
f 2931 2930 2927
f 2931 2927 2932
f 2933 2931 2932
f 2934 2933 2932
f 2934 2932 2935
f 2936 2934 2935
f 2937 2936 2935
f 2938 2937 2935
f 2938 2935 2939
f 2940 2938 2939
f 2941 2940 2939
f 2941 2939 2942
f 2943 2941 2942
f 2944 2943 2942
f 2944 2942 2945
f 2946 2944 2945
f 2947 2946 2945
f 2947 2945 2948
f 2949 2947 2948
f 2950 2949 2948
f 2950 2948 2951
f 2952 2950 2951
f 2953 2952 2951
f 2953 2951 2954
f 2955 2953 2954
f 2955 2954 2956
f 2955 2956 2957
f 2958 2955 2957
f 2958 2957 2959
f 2958 2959 2960
f 2961 2958 2960
f 2961 2960 2962
f 2963 2961 2962
f 2963 2962 2964
f 2963 2964 2965
f 2966 2963 2965
f 2966 2965 2967
f 2968 2966 2967
f 2968 2967 2969
f 2968 2969 2970
f 2971 2968 2970
f 2971 2970 2972
f 2971 2972 2973
f 2971 2973 2974
f 2975 2971 2974
f 2975 2974 2976
f 2975 2976 2977
f 2975 2977 2978
f 2979 2975 2978
f 2979 2978 2980
f 2978 2981 2980
f 2982 2979 2980
f 2982 2980 2983
f 2984 2982 2983
f 2985 2984 2983
f 2986 2985 2983
f 2986 2983 2987
f 2988 2986 2987
f 2989 2988 2987
f 2990 2989 2987
f 2991 2990 2987
f 2992 2991 2987
f 2992 2987 2993
f 2994 2992 2993
f 2995 2994 2993
f 2996 2995 2993
f 2997 2996 2993
f 2997 2993 2998
f 2999 2997 2998
f 3000 2999 2998
f 3001 3000 2998
f 3001 2998 3002
f 3003 3001 3002
f 3004 3003 3002
f 3005 3004 3002
f 3006 3005 3002
f 3006 3002 3007
f 3008 3006 3007
f 3009 3008 3007
f 3010 3009 3007
f 3011 3010 3007
f 3011 3007 3012
f 3013 3012 3007
f 3013 3007 3014
f 3015 3013 3014
f 3016 3015 3014
f 3016 3014 3017
f 3018 3016 3017
f 3019 3018 3017
f 3020 3019 3017
f 3020 3017 3021
f 3022 3020 3021
f 3023 3022 3021
f 3023 3021 3024
f 3021 3025 3024
f 3026 3023 3024
f 3027 3026 3024
f 3028 3027 3024
f 3028 3024 3029
f 3030 3028 3029
f 3031 3030 3029
f 3032 3031 3029
f 3032 3029 3033
f 3034 3032 3033
f 3035 3034 3033
f 3035 3033 3036
f 3037 3035 3036
f 3038 3037 3036
f 3039 3038 3036
f 3040 3039 3036
f 3040 3036 3041
f 3042 3040 3041
f 3043 3042 3041
f 3044 3043 3041
f 3045 3044 3041
f 3046 3045 3041
f 3047 3046 3041
f 3048 3047 3041
f 3048 3041 3049
f 3050 3048 3049
f 3051 3050 3049
f 3052 3051 3049
f 3053 3052 3049
f 3053 3049 3054
f 3055 3053 3054
f 3056 3055 3054
f 3057 3056 3054
f 3057 3054 3058
f 3059 3057 3058
f 3060 3059 3058
f 3061 3060 3058
f 3062 3061 3058
f 3062 3058 3063
f 3064 3062 3063
f 3065 3064 3063
f 3066 3065 3063
f 3067 3066 3063
f 3067 3063 3068
f 3069 3067 3068
f 3070 3069 3068
f 3071 3070 3068
f 3072 3071 3068
f 3072 3068 3073
f 3073 3068 3074
f 3075 3072 3073
f 3076 3075 3073
f 3076 3073 3077
f 3076 3077 3078
f 3076 3078 3079
f 3076 3079 3080
f 3081 3076 3080
f 3081 3080 3082
f 3081 3082 3083
f 3081 3083 3084
f 3081 3084 3085
f 3086 3081 3085
f 3086 3085 3087
f 3086 3087 3088
f 3089 3086 3088
f 3089 3088 3090
f 3091 3089 3090
f 3091 3090 3092
f 3091 3092 3093
f 3094 3091 3093
f 3094 3093 3095
f 3096 3094 3095
f 3096 3095 3097
f 3098 3096 3097
f 3098 3097 3099
f 3100 3098 3099
f 3101 3100 3099
f 3101 3099 3102
f 3103 3101 3102
f 3103 3102 3104
f 3105 3103 3104
f 3105 3104 3106
f 3107 3105 3106
f 3107 3106 3108
f 3109 3107 3108
f 3110 3109 3108
f 3110 3108 3111
f 3112 3110 3111
f 3112 3111 3113
f 3114 3112 3113
f 3115 3114 3113
f 3115 3113 3116
f 3117 3115 3116
f 3118 3117 3116
f 3118 3116 3119
f 3120 3118 3119
f 3121 3120 3119
f 3121 3119 3122
f 3123 3121 3122
f 3124 3123 3122
f 3124 3122 3125
f 3126 3124 3125
f 3127 3126 3125
f 3128 3127 3125
f 3128 3125 3129
f 3130 3128 3129
f 3131 3130 3129
f 3132 3131 3129
f 3133 3132 3129
f 2917 3133 3129
f 2917 3129 2914
f 3134 3073 3074
f 3135 3134 3074
f 3136 3135 3074
f 3137 3136 3074
f 3138 3137 3074
f 3139 3138 3074
f 3139 3074 3140
f 3141 3139 3140
f 3142 3141 3140
f 3143 3142 3140
f 3144 3143 3140
f 3144 3140 3145
f 3146 3145 3140
f 3146 3140 3147
f 3148 3146 3147
f 3148 3147 3149
f 3150 3148 3149
f 3150 3149 3151
f 3152 3150 3151
f 3152 3151 3153
f 3154 3152 3153
f 3154 3153 3155
f 3156 3154 3155
f 3156 3155 3157
f 3158 3156 3157
f 3159 3158 3157
f 3159 3157 3160
f 3161 3159 3160
f 3161 3160 3162
f 3163 3161 3162
f 3163 3162 3164
f 3165 3163 3164
f 3165 3164 3166
f 3167 3165 3166
f 3167 3166 3168
f 2753 3167 3168
f 2753 3168 2751
f 3021 3169 3025
f 3169 3170 3025
f 3169 3171 3170
f 3171 3172 3170
f 3171 3173 3172
f 3173 3174 3172
f 3173 3175 3174
f 3175 3176 3174
f 3175 3177 3176
f 3177 3178 3176
f 3177 3179 3178
f 3179 3180 3178
f 3179 3181 3180
f 3181 3182 3180
f 3181 3183 3182
f 3183 3184 3182
f 3183 3185 3184
f 3185 3186 3184
f 3185 3187 3186
f 3187 3188 3186
f 2981 3189 2980
f 3189 3190 2980
f 3190 3191 2980
f 3191 3192 2980
f 3192 3193 2980
f 3193 3194 2980
f 3194 3195 2980
f 3194 3196 3195
f 3196 3197 3195
f 3197 3198 3195
f 3198 3199 3195
f 3199 3200 3195
f 3200 3201 3195
f 3201 3202 3195
f 3202 3203 3195
f 3203 3204 3195
f 3203 3205 3204
f 3205 3206 3204
f 3206 3207 3204
f 3206 3208 3207
f 3208 3209 3207
f 3208 3210 3209
f 3210 3211 3209
f 3210 3212 3211
f 3212 3213 3211
f 3212 3214 3213
f 3214 3215 3213
f 3214 3216 3215
f 3216 3217 3215
f 3216 3218 3217
f 3218 3219 3217
f 3219 3220 3217
f 3219 3221 3220
f 3221 3222 3220
f 3221 3223 3222
f 3223 3224 3222
f 3223 3225 3224
f 3225 3226 3224
f 3225 3227 3226
f 3227 3228 3226
f 3227 3229 3228
f 3229 3230 3228
f 3229 3231 3230
f 3231 3232 3230
f 3231 3233 3232
f 3233 3234 3232
f 3233 3235 3234
f 3235 3236 3234
f 3236 3237 3234
f 3236 3238 3237
f 3238 3239 3237
f 3239 3240 3237
f 3240 3241 3237
f 3241 3242 3237
f 3242 3243 3237
f 3242 3244 3243
f 3244 3245 3243
f 3245 3246 3243
f 3246 3247 3243
f 3247 3248 3243
f 3247 3249 3248
f 3249 3250 3248
f 3250 3251 3248
f 3251 3252 3248
f 3252 3253 3248
f 3253 3254 3248
f 3254 3255 3248
f 3255 2798 3248
f 2798 2785 3248
f 2865 2866 3256
f 3257 2865 3256
f 3257 3256 3258
f 3259 3257 3258
f 3259 3258 3260
f 3261 3259 3260
f 3261 3260 3262
f 3263 3261 3262
f 3263 3262 3264
f 3265 3263 3264
f 3265 3264 3266
f 3267 3265 3266
f 3267 3266 3268
f 3269 3267 3268
f 3269 3268 3270
f 3271 3269 3270
f 3272 3271 3270
f 3272 3270 3273
f 3274 3272 3273
f 3274 3273 3275
f 3276 3274 3275
f 3277 3276 3275
f 3277 3275 3278
f 3279 3277 3278
f 3279 3278 3280
f 3281 3279 3280
f 3282 3281 3280
f 3282 3280 3283
f 3284 3282 3283
f 3284 3283 3285
f 3286 3284 3285
f 3286 3285 3287
f 3288 3286 3287
f 3288 3287 3289
f 3290 3288 3289
f 3290 3289 3291
f 2829 3290 3291
f 2829 3291 3292
f 2829 3292 2828
f 3293 2786 2775
f 3293 3294 2786
f 3295 3293 2775
f 3295 2775 3296
f 3297 3295 3296
f 3298 3297 3296
f 3299 3298 3296
f 3300 3299 3296
f 3301 3300 3296
f 3302 3301 3296
f 3303 3302 3296
f 3304 3303 3296
f 3305 3304 3296
f 3305 3296 3306
f 3307 3305 3306
f 3308 3307 3306
f 3309 3308 3306
f 3310 3309 3306
f 3311 3310 3306
f 3312 3311 3306
f 3313 3312 3306
f 3314 3313 3306
f 3315 3314 3306
f 3316 3315 3306
f 3316 3306 3317
f 3318 3316 3317
f 3319 3318 3317
f 3320 3319 3317
f 3321 3320 3317
f 3322 3321 3317
f 3323 3322 3317
f 3324 3323 3317
f 3325 3324 3317
f 3326 3325 3317
f 3326 3317 3327
f 3328 3326 3327
f 3329 3328 3327
f 3330 3329 3327
f 3331 3330 3327
f 3332 3331 3327
f 3332 3327 3333
f 3334 3332 3333
f 3335 3334 3333
f 3336 3335 3333
f 3337 3336 3333
f 3337 3333 3338
f 3339 3337 3338
f 3340 3339 3338
f 3341 3340 3338
f 3342 3341 3338
f 3343 3342 3338
f 3343 3338 3344
f 3345 3343 3344
f 3345 3344 3346
f 3347 3346 3344
f 3347 3344 3348
f 3349 3347 3348
f 3349 3348 3350
f 3351 3349 3350
f 3352 3351 3350
f 3352 3350 3353
f 3354 3352 3353
f 3354 3353 3355
f 3356 3354 3355
f 3356 3355 3357
f 3358 3356 3357
f 3358 3357 3359
f 3360 3358 3359
f 3361 3360 3359
f 3361 3359 3362
f 3363 3361 3362
f 3363 3362 3364
f 3365 3363 3364
f 3366 3365 3364
f 3366 3364 3367
f 3368 3366 3367
f 3368 3367 3369
f 3370 3368 3369
f 3371 3370 3369
f 3371 3369 3372
f 3373 3371 3372
f 3374 3373 3372
f 3374 3372 3375
f 3376 3374 3375
f 3377 3376 3375
f 3378 3377 3375
f 3379 3378 3375
f 3380 3379 3375
f 3381 3380 3375
f 3382 3381 3375
f 3383 3382 3375
f 3384 3383 3375
f 3384 3375 3385
f 3375 3386 3385
f 3387 3384 3385
f 3388 3387 3385
f 3389 3388 3385
f 3389 3385 3390
f 3391 3390 3385
f 3392 3389 3390
f 3392 3390 3393
f 3392 3393 3394
f 3395 3392 3394
f 3395 3394 3396
f 3397 3395 3396
f 3397 3396 3398
f 3397 3398 3399
f 3400 3397 3399
f 3400 3399 3401
f 3402 3400 3401
f 3402 3401 3403
f 3402 3403 3404
f 3405 3402 3404
f 3405 3404 3406
f 3405 3406 3407
f 3408 3405 3407
f 3408 3407 3409
f 3408 3409 3410
f 3411 3408 3410
f 3411 3410 3412
f 3411 3412 3413
f 3414 3411 3413
f 3414 3413 3415
f 3414 3415 3416
f 3417 3414 3416
f 3417 3416 3418
f 3419 3417 3418
f 3420 3419 3418
f 3420 3418 3421
f 3422 3420 3421
f 3422 3421 3423
f 3424 3422 3423
f 3424 3423 3425
f 3426 3424 3425
f 3426 3425 3427
f 3428 3426 3427
f 3429 3428 3427
f 3430 3429 3427
f 3430 3427 3431
f 3432 3430 3431
f 3432 3431 3433
f 3434 3432 3433
f 3434 3433 3435
f 3436 3434 3435
f 3436 3435 3437
f 3438 3436 3437
f 3438 3437 3439
f 3438 3439 3440
f 3441 3438 3440
f 3441 3440 3442
f 3443 3441 3442
f 3443 3442 3444
f 3445 3443 3444
f 3445 3444 3446
f 3447 3445 3446
f 3447 3446 3448
f 3449 3447 3448
f 3449 3448 3450
f 3449 3450 3451
f 3452 3449 3451
f 3452 3451 3453
f 3454 3452 3453
f 3454 3453 3455
f 3456 3454 3455
f 3456 3455 3457
f 3458 3456 3457
f 3458 3457 3459
f 3458 3459 3460
f 3461 3458 3460
f 3461 3460 3462
f 3463 3461 3462
f 3463 3462 3464
f 3465 3463 3464
f 3465 3464 3466
f 3467 3465 3466
f 3467 3466 3468
f 3469 3467 3468
f 3469 3468 3470
f 3469 3470 3471
f 3472 3469 3471
f 3472 3471 3473
f 3474 3472 3473
f 3474 3473 3475
f 3476 3474 3475
f 3476 3475 3477
f 3476 3477 3478
f 3479 3476 3478
f 3479 3478 3480
f 3481 3479 3480
f 3481 3480 3482
f 3483 3481 3482
f 3483 3482 3484
f 3483 3484 3485
f 3486 3483 3485
f 3486 3485 3487
f 3486 3487 3488
f 3489 3486 3488
f 3489 3488 3490
f 3491 3489 3490
f 3491 3490 3492
f 3491 3492 3493
f 3494 3491 3493
f 3494 3493 3495
f 3496 3494 3495
f 3496 3495 3497
f 3496 3497 3498
f 3499 3496 3498
f 3499 3498 3500
f 3501 3499 3500
f 3501 3500 3502
f 3503 3501 3502
f 3503 3502 3504
f 3505 3503 3504
f 3505 3504 3506
f 3507 3505 3506
f 3507 3506 3508
f 3507 3508 3509
f 3510 3507 3509
f 3510 3509 3511
f 3512 3510 3511
f 3512 3511 3513
f 3514 3512 3513
f 3514 3513 3515
f 3514 3515 3516
f 3517 3514 3516
f 3517 3516 3518
f 3519 3517 3518
f 3519 3518 3520
f 3519 3520 3521
f 3522 3519 3521
f 3522 3521 3523
f 3522 3523 3524
f 3522 3524 3525
f 3522 3525 3526
f 3527 3522 3526
f 3527 3526 3528
f 3529 3527 3528
f 3529 3528 2786
f 3528 3530 2786
f 3531 3529 2786
f 3532 3531 2786
f 3533 3532 2786
f 3534 3533 2786
f 3294 3534 2786
f 3530 3535 2786
f 3535 3536 2786
f 3536 3537 2786
f 3537 3538 2786
f 3538 3539 2786
f 3539 3540 2786
f 3540 3541 2786
f 3540 3542 3541
f 3542 3543 3541
f 3543 3544 3541
f 3544 3545 3541
f 3545 3546 3541
f 3546 3547 3541
f 3547 3548 3541
f 3548 3549 3541
f 3549 3550 3541
f 3550 3551 3541
f 3551 3552 3541
f 3552 3553 3541
f 3553 3554 3541
f 3554 3555 3541
f 3554 3556 3555
f 3556 3557 3555
f 3557 3558 3555
f 3558 3559 3555
f 3559 3560 3555
f 3559 3561 3560
f 3561 3562 3560
f 3562 3563 3560
f 3563 3564 3560
f 3564 3565 3560
f 3564 3566 3565
f 3566 3567 3565
f 3567 3568 3565
f 3568 3569 3565
f 3569 3570 3565
f 3570 3571 3565
f 3570 3572 3571
f 3572 3573 3571
f 3573 3574 3571
f 3574 3575 3571
f 3575 3576 3571
f 3576 3577 3571
f 3576 3578 3577
f 3578 3579 3577
f 3578 3580 3579
f 3580 3581 3579
f 3580 3582 3581
f 3582 3583 3581
f 3583 3584 3581
f 3583 3585 3584
f 3585 3586 3584
f 3585 3587 3586
f 3587 3588 3586
f 3587 3589 3588
f 3589 3590 3588
f 3589 3591 3590
f 3591 3592 3590
f 3592 3593 3590
f 3592 3594 3593
f 3594 3595 3593
f 3594 3596 3595
f 3596 3597 3595
f 3597 3598 3595
f 3597 3599 3598
f 3599 3600 3598
f 3599 3601 3600
f 3601 3602 3600
f 3602 3603 3600
f 3602 3604 3603
f 3604 3605 3603
f 3606 3603 3605
f 3606 3607 3603
f 3607 3385 3603
f 3607 3608 3385
f 3608 3609 3385
f 3609 3391 3385
f 3375 3610 3386
f 3610 3611 3386
f 3610 3612 3611
f 3612 3613 3611
f 3612 3614 3613
f 3614 3615 3613
f 3614 3616 3615
f 3616 3617 3615
f 3616 3618 3617
f 3618 3619 3617
f 3618 3620 3619
f 3620 3621 3619
f 3620 3622 3621
f 3622 3623 3621
f 3622 3624 3623
f 3624 3625 3623
f 3624 3626 3625
f 3626 3627 3625
f 3626 3628 3627
f 3628 3629 3627
f 3628 3630 3629
f 3630 3631 3629
f 3632 3633 3634
f 3632 3635 3633
f 3636 3632 3634
f 3637 3636 3634
f 3638 3637 3634
f 3639 3638 3634
f 3640 3639 3634
f 3641 3640 3634
f 3641 3634 3642
f 3643 3641 3642
f 3644 3643 3642
f 3645 3644 3642
f 3646 3645 3642
f 3647 3646 3642
f 3635 3648 3633
f 3648 3649 3633
f 3649 3650 3633
f 3651 3652 3653
f 3654 3652 3651
f 3651 3653 3655
f 3655 3653 3656
f 3655 3656 3657
f 3657 3656 3658
f 3657 3658 3659
f 3659 3658 3660
f 3659 3660 3661
f 3661 3660 3662
f 3661 3662 3663
f 3663 3662 3664
f 3664 3662 3665
f 3664 3665 3666
f 3666 3665 3667
f 3666 3667 3668
f 3668 3667 3669
f 3668 3669 3670
f 3670 3669 3671
f 3670 3671 3672
f 3672 3671 3673
f 3672 3673 3674
f 3674 3673 3675
f 3674 3675 3676
f 3676 3675 3677
f 3676 3677 3678
f 3678 3677 3679
f 3678 3679 3680
f 3680 3679 3681
f 3680 3681 3682
f 3680 3682 3683
f 3683 3682 3684
f 3685 3683 3684
f 3685 3684 3686
f 3685 3686 3687
f 3687 3686 3688
f 3687 3688 3689
f 3689 3688 3690
f 3689 3690 3691
f 3691 3690 3692
f 3691 3692 3693
f 3693 3692 3694
f 3693 3694 3695
f 3695 3694 3696
f 3695 3696 3697
f 3697 3696 3698
f 3697 3698 3699
f 3699 3698 3700
f 3700 3698 3701
f 3700 3701 3702
f 3702 3701 3703
f 3702 3703 3704
f 3704 3703 3705
f 3704 3705 3706
f 3706 3705 3707
f 3706 3707 3708
f 3708 3707 3709
f 3708 3709 3654
f 3654 3709 3710
f 3654 3710 3652
f 3711 3712 3713
f 3714 3712 3711
f 3711 3713 3715
f 3715 3713 3716
f 3716 3713 3717
f 3716 3717 3718
f 3718 3717 3719
f 3718 3719 3720
f 3720 3719 3721
f 3720 3721 3722
f 3722 3721 3723
f 3722 3723 3724
f 3724 3723 3725
f 3726 3724 3725
f 3726 3725 3727
f 3726 3727 3728
f 3728 3727 3729
f 3728 3729 3730
f 3730 3729 3731
f 3730 3731 3732
f 3732 3731 3733
f 3732 3733 3734
f 3734 3733 3735
f 3734 3735 3736
f 3736 3735 3737
f 3736 3737 3738
f 3738 3737 3739
f 3738 3739 3740
f 3740 3739 3741
f 3740 3741 3742
f 3742 3741 3743
f 3742 3743 3744
f 3742 3744 3745
f 3745 3744 3746
f 3747 3745 3746
f 3747 3746 3748
f 3747 3748 3749
f 3749 3748 3750
f 3749 3750 3751
f 3751 3750 3752
f 3751 3752 3753
f 3753 3752 3754
f 3753 3754 3755
f 3755 3754 3756
f 3755 3756 3757
f 3757 3756 3758
f 3757 3758 3759
f 3759 3758 3760
f 3759 3760 3761
f 3761 3760 3762
f 3761 3762 3763
f 3763 3762 3764
f 3763 3764 3765
f 3765 3764 3766
f 3767 3765 3766
f 3767 3766 3768
f 3767 3768 3769
f 3769 3768 3770
f 3769 3770 3771
f 3771 3770 3772
f 3771 3772 3773
f 3773 3772 3774
f 3773 3774 3714
f 3714 3774 3712
