6980 7020 0
v 0.13875 0.071050755 -0.00052617
v 0.13875 0.06831654 -0.000579855
v 0.13875 0.06825 -0.000585945
v 0.13875 0.06837942 -0.000568755
v 0.13875 0.071037735 -0.00062223
v 0.13875 0.0645 -0.000585945
v 0.13875 0.06818346 -0.000579855
v 0.13875 0.05477457 -0.0005991
v 0.13875 0.06 -0.000585945
v 0.13875 0.054734655 -0.000666195
v 0.13875 0.0547056 -0.00071097
v 0.13875 0.07102317 -0.00071523
v 0.13875 0.054674595 -0.000755775
v 0.13875 0.054641655 -0.00080064
v 0.13875 0.07100706 -0.00080517
v 0.13875 0.054606795 -0.000845565
v 0.13875 0.05457003 -0.00089055
v 0.13875 0.07098939 -0.00089205
v 0.13875 0.05453136 -0.000935625
v 0.13875 0.07097019 -0.00097587
v 0.13875 0.0544908 -0.000980775
v 0.13875 0.05444838 -0.00102603
v 0.13875 0.07094943 -0.001056645
v 0.13875 0.054404085 -0.001071375
v 0.13875 0.05435796 -0.001116855
v 0.13875 0.070927125 -0.00113436
v 0.13875 0.05430999 -0.00116244
v 0.13875 0.05425992 -0.00120807
v 0.13875 0.070903275 -0.001209
v 0.13875 0.054207555 -0.00125367
v 0.13875 0.070877865 -0.00127995
v 0.13875 0.054153015 -0.00129927
v 0.13875 0.054096435 -0.001344915
v 0.13875 0.070850865 -0.00134676
v 0.13875 0.054037935 -0.00139065
v 0.13875 0.05397765 -0.00143649
v 0.13875 0.070807425 -0.001439925
v 0.13875 0.053915685 -0.001482495
v 0.13875 0.07076049 -0.001525605
v 0.13875 0.05385219 -0.00152868
v 0.13875 0.05378727 -0.001575105
v 0.13875 0.07071009 -0.00160488
v 0.13875 0.05372106 -0.001621785
v 0.13875 0.05365368 -0.001668765
v 0.13875 0.070656255 -0.00167886
v 0.13875 0.053585265 -0.001716075
v 0.13875 0.07059903 -0.001748625
v 0.13875 0.05351595 -0.001763775
v 0.13875 0.053444955 -0.0018117
v 0.13875 0.07053843 -0.001815285
v 0.13875 0.05337165 -0.001859745
v 0.13875 0.070496175 -0.00185853
v 0.13875 0.07045245 -0.00190119
v 0.13875 0.053296335 -0.00190794
v 0.13875 0.070407375 -0.00194274
v 0.13875 0.05321931 -0.00195633
v 0.13875 0.07036101 -0.001982445
v 0.13875 0.053140845 -0.002004945
v 0.13875 0.07031328 -0.002020365
v 0.13875 0.05306124 -0.00205386
v 0.13875 0.07026414 -0.002056545
v 0.13875 0.056359425 -0.002059095
v 0.13875 0.052980795 -0.00210309
v 0.13875 0.056425965 -0.00206517
v 0.13875 0.056488845 -0.002076285
v 0.13875 0.07021353 -0.00209106
v 0.13875 0.056548065 -0.00209241
v 0.13875 0.05660364 -0.002113575
v 0.13875 0.070161345 -0.002123955
v 0.13875 0.05665557 -0.00213978
v 0.13875 0.07010757 -0.00215529
v 0.13875 0.056703825 -0.002170995
v 0.13875 0.070052115 -0.002185125
v 0.13875 0.05674938 -0.002208555
v 0.13875 0.06999492 -0.002213505
v 0.13875 0.0567924 -0.002252685
v 0.13875 0.069935925 -0.00224049
v 0.13875 0.069875055 -0.002266155
v 0.13875 0.056831775 -0.00230184
v 0.13875 0.069812265 -0.00229053
v 0.13875 0.069747465 -0.00231369
v 0.13875 0.056866365 -0.00235449
v 0.13875 0.069680625 -0.002335455
v 0.13875 0.069611775 -0.00235563
v 0.13875 0.056895045 -0.002409045
v 0.13875 0.065793705 -0.002376915
v 0.13875 0.065872215 -0.00237687
v 0.13875 0.065716545 -0.00237771
v 0.13875 0.06564081 -0.00237936
v 0.13875 0.065566605 -0.00238197
v 0.13875 0.065494005 -0.002385645
v 0.13875 0.06542307 -0.002390475
v 0.13875 0.065353905 -0.002396595
v 0.13875 0.065286585 -0.00240408
v 0.13875 0.065220975 -0.002412765
v 0.13875 0.05691669 -0.002463975
v 0.13875 0.065156925 -0.002422425
v 0.13875 0.065094435 -0.00243309
v 0.13875 0.06503352 -0.00244476
v 0.13875 0.064974165 -0.00245745
v 0.13875 0.0649164 -0.00247119
v 0.13875 0.056931465 -0.002521125
v 0.13875 0.06486021 -0.002485965
v 0.13875 0.064805595 -0.00250182
v 0.13875 0.06475257 -0.002518755
v 0.13875 0.06470115 -0.002536785
v 0.13875 0.05694033 -0.002582115
v 0.13875 0.064651335 -0.002555925
v 0.13875 0.064579605 -0.00258675
v 0.13875 0.056943285 -0.00264504
v 0.13875 0.06451149 -0.002620125
v 0.13875 0.06444696 -0.002655975
v 0.13875 0.05694033 -0.00270795
v 0.13875 0.064386015 -0.00269427
v 0.13875 0.06432867 -0.002735025
v 0.13875 0.056931465 -0.00276894
v 0.13875 0.064274895 -0.00277824
v 0.13875 0.05691669 -0.002826105
v 0.13875 0.064224705 -0.002823915
v 0.13875 0.0641781 -0.002872035
v 0.13875 0.056895045 -0.00288102
v 0.13875 0.06413508 -0.00292263
v 0.13875 0.056866365 -0.00293559
v 0.13875 0.064095645 -0.00297567
v 0.13875 0.056831775 -0.002988225
v 0.13875 0.06405759 -0.00302922
v 0.13875 0.0567924 -0.00303738
v 0.13875 0.05674938 -0.003081525
v 0.13875 0.06402294 -0.003085395
v 0.13875 0.056703825 -0.00311907
v 0.13875 0.063991695 -0.00314421
v 0.13875 0.05665557 -0.003150285
v 0.13875 0.05660364 -0.00317649
v 0.13875 0.056548065 -0.003197655
v 0.13875 0.06396387 -0.00320565
v 0.13875 0.056488845 -0.003213795
v 0.13875 0.056425965 -0.003224895
v 0.13875 0.056359425 -0.00323097
v 0.13875 0.063939435 -0.003269715
v 0.13875 0.051334755 -0.00323697
v 0.13875 0.056292885 -0.003224895
v 0.13875 0.051271785 -0.003292935
v 0.13875 0.06391842 -0.00333642
v 0.13875 0.0512106 -0.003349005
v 0.13875 0.051151275 -0.00340515
v 0.13875 0.06390081 -0.00340575
v 0.13875 0.0510939 -0.003461385
v 0.13875 0.06388659 -0.003477705
v 0.13875 0.05103855 -0.00351771
v 0.13875 0.063875805 -0.003552285
v 0.13875 0.05098533 -0.00357411
v 0.13875 0.063868455 -0.00362937
v 0.13875 0.05093433 -0.00363063
v 0.13875 0.06386547 -0.00368217
v 0.13875 0.050885625 -0.003687225
v 0.13875 0.061390575 -0.00369381
v 0.13875 0.050839305 -0.003743925
v 0.13875 0.061457115 -0.0036999
v 0.13875 0.061519995 -0.003711
v 0.13875 0.061579215 -0.00372714
v 0.13875 0.063864015 -0.003736125
v 0.13875 0.06163479 -0.003748305
v 0.13875 0.06168672 -0.003774495
v 0.13875 0.063864075 -0.00379122
v 0.13875 0.061734975 -0.003805725
v 0.13875 0.06178053 -0.00384327
v 0.13875 0.06386565 -0.003847515
v 0.13875 0.061823565 -0.0038874
v 0.13875 0.063868725 -0.003904995
v 0.13875 0.06186294 -0.00393657
v 0.13875 0.063873285 -0.003963705
v 0.13875 0.06189753 -0.003989205
v 0.13875 0.06387933 -0.004023645
v 0.13875 0.061926195 -0.00404376
v 0.13875 0.063886875 -0.00408483
v 0.13875 0.06194784 -0.00409869
v 0.13875 0.063895875 -0.00414729
v 0.13875 0.061962615 -0.00415584
v 0.13875 0.063906345 -0.004211055
v 0.13875 0.061971495 -0.004216845
v 0.13875 0.063918285 -0.00427611
v 0.13875 0.061974435 -0.004279755
v 0.13875 0.063931875 -0.004342455
v 0.13875 0.061971495 -0.004342665
v 0.13875 0.061962615 -0.00440367
v 0.13875 0.06394731 -0.004410045
v 0.13875 0.06194784 -0.00446082
v 0.13875 0.063964455 -0.00447888
v 0.13875 0.061926195 -0.00451575
v 0.13875 0.063983205 -0.004548975
v 0.13875 0.06189753 -0.004570305
v 0.13875 0.064003485 -0.0046203
v 0.13875 0.06186294 -0.00462294
v 0.13875 0.061823565 -0.00467211
v 0.13875 0.064025175 -0.004692885
v 0.13875 0.06178053 -0.00471624
v 0.13875 0.061734975 -0.004753785
v 0.13875 0.064048185 -0.004766715
v 0.13875 0.06168672 -0.004785015
v 0.13875 0.06163479 -0.004811205
v 0.13875 0.061579215 -0.00483237
v 0.13875 0.06407241 -0.00484179
v 0.13875 0.061519995 -0.00484851
v 0.13875 0.061457115 -0.00485961
v 0.13875 0.061390575 -0.004865685
v 0.13875 0.06409773 -0.00491811
v 0.13875 0.058619805 -0.00489057
v 0.13875 0.058559625 -0.004861125
v 0.13875 0.05867874 -0.004924185
v 0.13875 0.05873646 -0.00496197
v 0.13875 0.064124085 -0.00499569
v 0.13875 0.05879295 -0.005003925
v 0.13875 0.05884821 -0.00505005
v 0.13875 0.064151325 -0.0050745
v 0.13875 0.05890224 -0.005100345
v 0.13875 0.064179375 -0.00515457
v 0.13875 0.058955025 -0.00515481
v 0.13875 0.059006505 -0.005213505
v 0.13875 0.06420813 -0.00523587
v 0.13875 0.059040105 -0.005254965
v 0.13875 0.05907315 -0.0052983
v 0.13875 0.0642384 -0.005319
v 0.13875 0.05910564 -0.005343495
v 0.13875 0.05913759 -0.005390535
v 0.13875 0.0642708 -0.00540435
v 0.13875 0.059169015 -0.005439405
v 0.13875 0.05919993 -0.005490105
v 0.13875 0.064305015 -0.00549162
v 0.13875 0.059230335 -0.005542635
v 0.13875 0.064340715 -0.005580525
v 0.13875 0.05926026 -0.005596965
v 0.13875 0.059289705 -0.005653095
v 0.13875 0.064377555 -0.00567078
v 0.13875 0.0593187 -0.005711025
v 0.13875 0.064415235 -0.005762085
v 0.13875 0.05934723 -0.00577074
v 0.13875 0.05937516 -0.005832465
v 0.13875 0.064453395 -0.00585414
v 0.13875 0.05940234 -0.00589635
v 0.13875 0.064491735 -0.00594669
v 0.13875 0.05942886 -0.005962305
v 0.13875 0.059454795 -0.006030225
v 0.13875 0.064529895 -0.006039405
v 0.13875 0.059480205 -0.00609999
v 0.13875 0.064567575 -0.006132015
v 0.13875 0.05950518 -0.006171495
v 0.13875 0.064604415 -0.006224235
v 0.13875 0.05952978 -0.006244635
v 0.13875 0.064640115 -0.006315765
v 0.13875 0.05955408 -0.006319305
v 0.13875 0.05957817 -0.006395385
v 0.13875 0.06467433 -0.00640632
v 0.13875 0.05960211 -0.006472785
v 0.13875 0.064708035 -0.00649674
v 0.13875 0.059625975 -0.006551385
v 0.13875 0.064742265 -0.00658794
v 0.13875 0.059649825 -0.006631065
v 0.13875 0.06477675 -0.00667968
v 0.13875 0.059673765 -0.006711735
v 0.13875 0.064811205 -0.00677172
v 0.13875 0.059697405 -0.00679407
v 0.13875 0.064845375 -0.00686382
v 0.13875 0.05972046 -0.006878625
v 0.13875 0.064878975 -0.006955755
v 0.13875 0.059743005 -0.006965145
v 0.13875 0.064911735 -0.007047285
v 0.13875 0.059765235 -0.00705336
v 0.13875 0.064943385 -0.007138185
v 0.13875 0.059787225 -0.007143015
v 0.13875 0.064973655 -0.00722823
v 0.13875 0.05980914 -0.007233825
v 0.13875 0.0625494 -0.007260285
v 0.13875 0.0598311 -0.00732555
v 0.13875 0.062615925 -0.00726636
v 0.13875 0.062678805 -0.00727746
v 0.13875 0.06273804 -0.0072936
v 0.13875 0.062793615 -0.007314765
v 0.13875 0.065002275 -0.00731715
v 0.13875 0.06284553 -0.007340955
v 0.13875 0.0628938 -0.007372185
v 0.13875 0.06502896 -0.00740475
v 0.13875 0.062939355 -0.00740973
v 0.13875 0.062982375 -0.00745386
v 0.13875 0.065053455 -0.007490775
v 0.13875 0.06302175 -0.00750303
v 0.13875 0.06305634 -0.007555665
v 0.13875 0.065075475 -0.007575
v 0.13875 0.063085005 -0.00761022
v 0.13875 0.065095515 -0.007657815
v 0.13875 0.06310665 -0.00766515
v 0.13875 0.06312144 -0.0077223
v 0.13875 0.065114235 -0.007739745
v 0.13875 0.063130305 -0.007783305
v 0.13875 0.065131545 -0.00782076
v 0.13875 0.06313326 -0.007846215
v 0.13875 0.06514737 -0.0079008
v 0.13875 0.063130305 -0.00790914
v 0.13875 0.06312144 -0.00797013
v 0.13875 0.065161665 -0.007979835
v 0.13875 0.06310665 -0.00802728
v 0.13875 0.06517434 -0.00805782
v 0.13875 0.063085005 -0.00808221
v 0.13875 0.06518535 -0.00813471
v 0.13875 0.06305634 -0.008136765
v 0.13875 0.06302175 -0.0081894
v 0.13875 0.06519462 -0.00821046
v 0.13875 0.062982375 -0.00823857
v 0.13875 0.062939355 -0.0082827
v 0.13875 0.06520206 -0.00828501
v 0.13875 0.0628938 -0.008320245
v 0.13875 0.06284553 -0.008351475
v 0.13875 0.06520761 -0.008358345
v 0.13875 0.062793615 -0.008377665
v 0.13875 0.06273804 -0.00839883
v 0.13875 0.062678805 -0.00841497
v 0.13875 0.062615925 -0.00842607
v 0.13875 0.06521121 -0.008430405
v 0.13875 0.0625494 -0.00843216
v 0.13875 0.06012816 -0.00844992
v 0.13875 0.06248286 -0.00842607
v 0.13875 0.0652128 -0.00850116
v 0.13875 0.060155715 -0.00854559
v 0.13875 0.06521229 -0.00857055
v 0.13875 0.06018384 -0.00864024
v 0.13875 0.06520986 -0.008638485
v 0.13875 0.06520569 -0.00870498
v 0.13875 0.06021258 -0.008733435
v 0.13875 0.065199735 -0.00877008
v 0.13875 0.060241995 -0.00882471
v 0.13875 0.06519198 -0.008833875
v 0.13875 0.06027219 -0.008913585
v 0.13875 0.065182365 -0.00889644
v 0.13875 0.065170875 -0.008957835
v 0.13875 0.06030318 -0.008999655
v 0.13875 0.06515745 -0.009018135
v 0.13875 0.06033504 -0.00908241
v 0.13875 0.065142075 -0.009077415
v 0.13875 0.06512469 -0.00913575
v 0.13875 0.06036765 -0.00916266
v 0.13875 0.06510528 -0.009193215
v 0.13875 0.06040083 -0.009241425
v 0.13875 0.0650838 -0.009249855
v 0.13875 0.06043461 -0.0093186
v 0.13875 0.06506022 -0.009305775
v 0.13875 0.06502098 -0.009388365
v 0.13875 0.06046902 -0.00939411
v 0.13875 0.060504075 -0.009467895
v 0.13875 0.064979055 -0.00946851
v 0.13875 0.060539835 -0.009539835
v 0.13875 0.06493422 -0.009546165
v 0.13875 0.0605763 -0.00960987
v 0.13875 0.06488541 -0.00962163
v 0.13875 0.0606135 -0.00967791
v 0.13875 0.064831575 -0.00969519
v 0.13875 0.06065148 -0.009743895
v 0.13875 0.064771695 -0.00976716
v 0.13875 0.060690255 -0.009807705
v 0.13875 0.064704735 -0.00983784
v 0.13875 0.06072987 -0.00986928
v 0.13875 0.064629615 -0.0099075
v 0.13875 0.060770325 -0.00992853
v 0.13875 0.064574505 -0.009953535
v 0.13875 0.06081168 -0.009985365
v 0.13875 0.064515015 -0.00999933
v 0.13875 0.060853725 -0.01003983
v 0.13875 0.064451535 -0.010044795
v 0.13875 0.06089631 -0.010092015
v 0.13875 0.06438471 -0.010089735
v 0.13875 0.06431451 -0.01013415
v 0.13875 0.060939525 -0.01014198
v 0.13875 0.064240965 -0.010178055
v 0.13875 0.06098343 -0.01018974
v 0.13875 0.064164045 -0.010221435
v 0.13875 0.0610281 -0.01023537
v 0.13875 0.06408378 -0.01026429
v 0.13875 0.06107361 -0.010278885
v 0.13875 0.06400014 -0.01030662
v 0.13875 0.06112002 -0.01032036
v 0.13875 0.063913155 -0.01034844
v 0.13875 0.061167435 -0.01035981
v 0.13875 0.06382281 -0.01038975
v 0.13875 0.0612159 -0.010397295
v 0.13875 0.063729105 -0.01043052
v 0.13875 0.061265505 -0.010432845
v 0.13875 0.06131631 -0.01046652
v 0.13875 0.06363204 -0.01047078
v 0.13875 0.061368405 -0.01049835
v 0.13875 0.0635316 -0.010510515
v 0.13875 0.06142185 -0.01052838
v 0.13875 0.063427815 -0.01054974
v 0.13875 0.061475925 -0.010556775
v 0.13875 0.06332028 -0.010579125
v 0.13875 0.06153012 -0.010583595
v 0.13875 0.063215175 -0.01060608
v 0.13875 0.06161223 -0.01062063
v 0.13875 0.063112515 -0.010630635
v 0.13875 0.061696275 -0.010653495
v 0.13875 0.06301227 -0.010652775
v 0.13875 0.062914455 -0.010672485
v 0.13875 0.061783275 -0.010681845
v 0.13875 0.062819085 -0.010689795
v 0.13875 0.061874235 -0.010705275
v 0.13875 0.06272613 -0.010704675
v 0.13875 0.062635605 -0.01071714
v 0.13875 0.061970235 -0.01072344
v 0.13875 0.062547525 -0.01072719
v 0.13875 0.06207225 -0.010735965
v 0.13875 0.06246186 -0.010734825
v 0.13875 0.06237864 -0.010740045
v 0.13875 0.06214413 -0.01074099
v 0.13875 0.062297835 -0.01074285
v 0.13875 0.06221946 -0.01074324
v 0.13875 0.06241998 -0.00841497
v 0.13875 0.062360745 -0.00839883
v 0.13875 0.06230517 -0.008377665
v 0.13875 0.060101115 -0.008353695
v 0.13875 0.062253255 -0.008351475
v 0.13875 0.062204985 -0.008320245
v 0.13875 0.06215943 -0.0082827
v 0.13875 0.06007449 -0.00825735
v 0.13875 0.06211641 -0.00823857
v 0.13875 0.062077035 -0.0081894
v 0.13875 0.06004824 -0.00816138
v 0.13875 0.062042445 -0.008136765
v 0.13875 0.062013765 -0.00808221
v 0.13875 0.060022305 -0.008066205
v 0.13875 0.061992135 -0.00802728
v 0.13875 0.059996625 -0.007972305
v 0.13875 0.061977345 -0.00797013
v 0.13875 0.06196848 -0.00790914
v 0.13875 0.059971125 -0.007880115
v 0.13875 0.061965525 -0.007846215
v 0.13875 0.059946135 -0.007788495
v 0.13875 0.06196848 -0.007783305
v 0.13875 0.061977345 -0.0077223
v 0.13875 0.059922 -0.007696215
v 0.13875 0.061992135 -0.00766515
v 0.13875 0.062013765 -0.00761022
v 0.13875 0.059898555 -0.007603515
v 0.13875 0.062042445 -0.007555665
v 0.13875 0.059875665 -0.00751065
v 0.13875 0.062077035 -0.00750303
v 0.13875 0.06211641 -0.00745386
v 0.13875 0.059853225 -0.00741792
v 0.13875 0.06215943 -0.00740973
v 0.13875 0.062204985 -0.007372185
v 0.13875 0.062253255 -0.007340955
v 0.13875 0.06230517 -0.007314765
v 0.13875 0.062360745 -0.0072936
v 0.13875 0.06241998 -0.00727746
v 0.13875 0.06248286 -0.00726636
v 0.13875 0.061324035 -0.00485961
v 0.13875 0.061261155 -0.00484851
v 0.13875 0.05849823 -0.004835835
v 0.13875 0.061201935 -0.00483237
v 0.13875 0.058435605 -0.00481473
v 0.13875 0.06114636 -0.004811205
v 0.13875 0.058372905 -0.00479508
v 0.13875 0.06109443 -0.004785015
v 0.13875 0.058308765 -0.00477948
v 0.13875 0.061046175 -0.004753785
v 0.13875 0.058243185 -0.004767945
v 0.13875 0.05817615 -0.00476046
v 0.13875 0.058107675 -0.004757025
v 0.13875 0.053897655 -0.004725315
v 0.13875 0.06100062 -0.00471624
v 0.13875 0.05390652 -0.004786305
v 0.13875 0.058037745 -0.00475764
v 0.13875 0.05796636 -0.00476232
v 0.13875 0.057893535 -0.004771035
v 0.13875 0.05781927 -0.004783815
v 0.13875 0.057743685 -0.00480066
v 0.13875 0.053909475 -0.00484923
v 0.13875 0.057692535 -0.00481413
v 0.13875 0.057640785 -0.004829415
v 0.13875 0.05758839 -0.0048465
v 0.13875 0.05753535 -0.0048654
v 0.13875 0.05390652 -0.00491214
v 0.13875 0.05748162 -0.004886085
v 0.13875 0.0574272 -0.004908555
v 0.13875 0.057372075 -0.00493284
v 0.13875 0.053897655 -0.004973145
v 0.13875 0.0573162 -0.00495891
v 0.13875 0.057259575 -0.00498678
v 0.13875 0.053882865 -0.005030295
v 0.13875 0.057202185 -0.00501645
v 0.13875 0.057144 -0.00504789
v 0.13875 0.053861235 -0.005085225
v 0.13875 0.057085095 -0.00508134
v 0.13875 0.05702559 -0.00511689
v 0.13875 0.053832555 -0.00513978
v 0.13875 0.05696541 -0.005154465
v 0.13875 0.053797965 -0.005192415
v 0.13875 0.056904555 -0.005193975
v 0.13875 0.05375859 -0.005241585
v 0.13875 0.056842965 -0.0052353
v 0.13875 0.056780655 -0.005278365
v 0.13875 0.05371557 -0.005285715
v 0.13875 0.056717535 -0.00532305
v 0.13875 0.053670015 -0.00532326
v 0.13875 0.053621745 -0.00535449
v 0.13875 0.05665362 -0.00536928
v 0.13875 0.05356983 -0.00538068
v 0.13875 0.053514255 -0.005401845
v 0.13875 0.056588865 -0.005416965
v 0.13875 0.05345502 -0.005417985
v 0.13875 0.05339214 -0.005429085
v 0.13875 0.053325615 -0.00543516
v 0.13875 0.056523225 -0.005465985
v 0.13875 0.050493015 -0.00550509
v 0.13875 0.056456685 -0.00551625
v 0.13875 0.05046843 -0.005430675
v 0.13875 0.053259075 -0.005429085
v 0.13875 0.053196195 -0.005417985
v 0.13875 0.05313696 -0.005401845
v 0.13875 0.053081385 -0.00538068
v 0.13875 0.050447295 -0.005358345
v 0.13875 0.05302947 -0.00535449
v 0.13875 0.0529812 -0.00532326
v 0.13875 0.050429865 -0.00528843
v 0.13875 0.052935645 -0.005285715
v 0.13875 0.052892625 -0.005241585
v 0.13875 0.05285325 -0.005192415
v 0.13875 0.050410245 -0.005187525
v 0.13875 0.05281866 -0.00513978
v 0.13875 0.050397855 -0.005090625
v 0.13875 0.05278998 -0.005085225
v 0.13875 0.05276835 -0.005030295
v 0.13875 0.05039202 -0.00499686
v 0.13875 0.052753575 -0.004973145
v 0.13875 0.052744695 -0.00491214
v 0.13875 0.050392095 -0.00490536
v 0.13875 0.05274174 -0.00484923
v 0.13875 0.05039739 -0.004815285
v 0.13875 0.052744695 -0.004786305
v 0.13875 0.05040723 -0.004725735
v 0.13875 0.052753575 -0.004725315
v 0.13875 0.05276835 -0.004668165
v 0.13875 0.050416005 -0.004665915
v 0.13875 0.05278998 -0.004613235
v 0.13875 0.050426295 -0.004605705
v 0.13875 0.05281866 -0.00455868
v 0.13875 0.05043834 -0.004545585
v 0.13875 0.05285325 -0.004506045
v 0.13875 0.050452515 -0.004486215
v 0.13875 0.052892625 -0.004456875
v 0.13875 0.050468835 -0.00442749
v 0.13875 0.052935645 -0.004412745
v 0.13875 0.0529812 -0.0043752
v 0.13875 0.05048733 -0.004369335
v 0.13875 0.05302947 -0.00434397
v 0.13875 0.053081385 -0.00431778
v 0.13875 0.050508 -0.004311645
v 0.13875 0.05313696 -0.004296615
v 0.13875 0.053196195 -0.004280475
v 0.13875 0.053259075 -0.004269375
v 0.13875 0.053325615 -0.004263285
v 0.13875 0.05053086 -0.004254375
v 0.13875 0.06080967 -0.004216845
v 0.13875 0.05339214 -0.004269375
v 0.13875 0.050555955 -0.00419742
v 0.13875 0.060818535 -0.00415584
v 0.13875 0.050583285 -0.00414069
v 0.13875 0.06083331 -0.00409869
v 0.13875 0.05061288 -0.00408411
v 0.13875 0.060854955 -0.00404376
v 0.13875 0.05064474 -0.00402759
v 0.13875 0.06088362 -0.003989205
v 0.13875 0.050678895 -0.003971055
v 0.13875 0.06091821 -0.00393657
v 0.13875 0.050715375 -0.003914415
v 0.13875 0.060957585 -0.0038874
v 0.13875 0.05075418 -0.003857595
v 0.13875 0.06100062 -0.00384327
v 0.13875 0.061046175 -0.003805725
v 0.13875 0.05079546 -0.003800715
v 0.13875 0.06109443 -0.003774495
v 0.13875 0.06114636 -0.003748305
v 0.13875 0.061201935 -0.00372714
v 0.13875 0.061261155 -0.003711
v 0.13875 0.061324035 -0.0036999
v 0.13875 0.060806715 -0.004279755
v 0.13875 0.05345502 -0.004280475
v 0.13875 0.053514255 -0.004296615
v 0.13875 0.05356983 -0.00431778
v 0.13875 0.06080967 -0.004342665
v 0.13875 0.053621745 -0.00434397
v 0.13875 0.053670015 -0.0043752
v 0.13875 0.060818535 -0.00440367
v 0.13875 0.05371557 -0.004412745
v 0.13875 0.05375859 -0.004456875
v 0.13875 0.06083331 -0.00446082
v 0.13875 0.053797965 -0.004506045
v 0.13875 0.060854955 -0.00451575
v 0.13875 0.053832555 -0.00455868
v 0.13875 0.06088362 -0.004570305
v 0.13875 0.053861235 -0.004613235
v 0.13875 0.06091821 -0.00462294
v 0.13875 0.053882865 -0.004668165
v 0.13875 0.060957585 -0.00467211
v 0.13875 0.050520645 -0.005581065
v 0.13875 0.056389215 -0.00556767
v 0.13875 0.056320785 -0.005620155
v 0.13875 0.050551335 -0.005658615
v 0.13875 0.056251065 -0.00567462
v 0.13875 0.050585055 -0.005737725
v 0.13875 0.056179905 -0.005731815
v 0.13875 0.05610747 -0.00579132
v 0.13875 0.050621835 -0.005818395
v 0.13875 0.056033955 -0.005852745
v 0.13875 0.050661675 -0.005900625
v 0.13875 0.05595951 -0.00591567
v 0.13875 0.050704545 -0.00598443
v 0.13875 0.055884315 -0.00597972
v 0.13875 0.05580855 -0.00604446
v 0.13875 0.050750475 -0.006069795
v 0.13875 0.05573238 -0.006109515
v 0.13875 0.050799465 -0.00615672
v 0.13875 0.055656 -0.006174465
v 0.13875 0.050851485 -0.00624522
v 0.13875 0.05557956 -0.00623892
v 0.13875 0.05550324 -0.00630246
v 0.13875 0.050906565 -0.00633528
v 0.13875 0.05542722 -0.00636468
v 0.13875 0.05096469 -0.0064269
v 0.13875 0.05535168 -0.006425205
v 0.13875 0.055276095 -0.006485205
v 0.13875 0.05102586 -0.006520095
v 0.13875 0.05519994 -0.006545955
v 0.13875 0.05109522 -0.00660669
v 0.13875 0.05512335 -0.006607095
v 0.13875 0.051164055 -0.00668991
v 0.13875 0.05504646 -0.00666831
v 0.13875 0.05496942 -0.00672927
v 0.13875 0.051232335 -0.006769785
v 0.13875 0.05489238 -0.00678963
v 0.13875 0.051300075 -0.006846315
v 0.13875 0.054815445 -0.006849075
v 0.13875 0.051367275 -0.006919485
v 0.13875 0.054738765 -0.00690726
v 0.13875 0.05466249 -0.00696387
v 0.13875 0.051433935 -0.00698928
v 0.13875 0.054586755 -0.007018575
v 0.13875 0.05150004 -0.007055745
v 0.13875 0.054511695 -0.007071015
v 0.13875 0.051565605 -0.007118835
v 0.13875 0.05443746 -0.00712089
v 0.13875 0.05163063 -0.00717858
v 0.13875 0.054364155 -0.007167855
v 0.13875 0.054291585 -0.00721251
v 0.13875 0.051695115 -0.007234965
v 0.13875 0.05421945 -0.007255635
v 0.13875 0.051759045 -0.007288005
v 0.13875 0.05414775 -0.007297125
v 0.13875 0.051822435 -0.00733767
v 0.13875 0.054076515 -0.00733692
v 0.13875 0.05400576 -0.007374945
v 0.13875 0.051885285 -0.00738399
v 0.13875 0.053935515 -0.00741111
v 0.13875 0.051947235 -0.007426425
v 0.13875 0.053865795 -0.007445325
v 0.13875 0.052008045 -0.007464615
v 0.13875 0.053796615 -0.007477545
v 0.13875 0.052097505 -0.00751452
v 0.13875 0.053728005 -0.007507665
v 0.13875 0.05365998 -0.00753561
v 0.13875 0.05218542 -0.007556385
v 0.13875 0.053592555 -0.007561305
v 0.13875 0.05227236 -0.00759108
v 0.13875 0.05352576 -0.007584675
v 0.13875 0.05345961 -0.00760563
v 0.13875 0.05235897 -0.007619535
v 0.13875 0.05339424 -0.007624305
v 0.13875 0.05244582 -0.00764265
v 0.13875 0.053329725 -0.007640895
v 0.13875 0.05326596 -0.007655355
v 0.13875 0.052533525 -0.007661295
v 0.13875 0.053202885 -0.007667685
v 0.13875 0.0526227 -0.0076764
v 0.13875 0.053140425 -0.00767787
v 0.13875 0.052713375 -0.00768819
v 0.13875 0.053078475 -0.00768591
v 0.13875 0.053016975 -0.00769179
v 0.13875 0.05277384 -0.00769335
v 0.13875 0.05295585 -0.00769548
v 0.13875 0.05283435 -0.007696275
v 0.13875 0.052894995 -0.00769698
v 0.13875 0.056230005 -0.003213795
v 0.13875 0.056170785 -0.003197655
v 0.13875 0.05139939 -0.00318108
v 0.13875 0.05611521 -0.00317649
v 0.13875 0.05606328 -0.003150285
v 0.13875 0.051465645 -0.003125265
v 0.13875 0.05601501 -0.00311907
v 0.13875 0.05596947 -0.003081525
v 0.13875 0.05153451 -0.003069375
v 0.13875 0.055926435 -0.00303738
v 0.13875 0.05160678 -0.003013305
v 0.13875 0.05588706 -0.002988225
v 0.13875 0.05168199 -0.002957145
v 0.13875 0.05585247 -0.00293559
v 0.13875 0.05175969 -0.002900955
v 0.13875 0.055823805 -0.00288102
v 0.13875 0.051839445 -0.002844825
v 0.13875 0.05580216 -0.002826105
v 0.13875 0.051920775 -0.00278883
v 0.13875 0.055787385 -0.00276894
v 0.13875 0.05200326 -0.00273306
v 0.13875 0.05577852 -0.00270795
v 0.13875 0.05208642 -0.00267759
v 0.13875 0.05577555 -0.00264504
v 0.13875 0.052169805 -0.00262251
v 0.13875 0.05577852 -0.002582115
v 0.13875 0.05225298 -0.002567895
v 0.13875 0.055787385 -0.002521125
v 0.13875 0.05233548 -0.00251382
v 0.13875 0.05580216 -0.002463975
v 0.13875 0.052416855 -0.00246036
v 0.13875 0.055823805 -0.002409045
v 0.13875 0.05249664 -0.00240762
v 0.13875 0.05585247 -0.00235449
v 0.13875 0.05257605 -0.002355555
v 0.13875 0.05265636 -0.002304075
v 0.13875 0.05588706 -0.00230184
v 0.13875 0.052737285 -0.002253135
v 0.13875 0.055926435 -0.002252685
v 0.13875 0.05596947 -0.002208555
v 0.13875 0.052818525 -0.002202675
v 0.13875 0.05601501 -0.002170995
v 0.13875 0.052899795 -0.00215268
v 0.13875 0.05606328 -0.00213978
v 0.13875 0.05611521 -0.002113575
v 0.13875 0.056170785 -0.00209241
v 0.13875 0.056230005 -0.002076285
v 0.13875 0.056292885 -0.00206517
v 0.13875 0.069540975 -0.002374275
v 0.13875 0.065952015 -0.00237747
v 0.13875 0.06603303 -0.002378625
v 0.13875 0.066115155 -0.002380215
v 0.13875 0.0661983 -0.00238215
v 0.13875 0.06628242 -0.00238431
v 0.13875 0.06636804 -0.002387265
v 0.13875 0.0694683 -0.002391435
v 0.13875 0.06645558 -0.00239148
v 0.13875 0.06654483 -0.00239676
v 0.13875 0.066635595 -0.002402895
v 0.13875 0.06939384 -0.00240717
v 0.13875 0.06672765 -0.002409675
v 0.13875 0.0668208 -0.00241689
v 0.13875 0.06931761 -0.002421525
v 0.13875 0.06691482 -0.00242436
v 0.13875 0.0670095 -0.002431845
v 0.13875 0.069239745 -0.00243456
v 0.13875 0.067104645 -0.002439165
v 0.13875 0.067200015 -0.002446095
v 0.13875 0.06916026 -0.002446335
v 0.13875 0.06729543 -0.00245244
v 0.13875 0.069079275 -0.00245688
v 0.13875 0.067390665 -0.002458005
v 0.13875 0.067485495 -0.00246255
v 0.13875 0.06899682 -0.00246627
v 0.13875 0.06758106 -0.002466795
v 0.13875 0.06767832 -0.00247137
v 0.13875 0.068912985 -0.00247455
v 0.13875 0.06777684 -0.002476125
v 0.13875 0.06787623 -0.00248082
v 0.13875 0.068827815 -0.002481765
v 0.13875 0.06797607 -0.002485275
v 0.13875 0.06874143 -0.002487975
v 0.13875 0.068075955 -0.00248928
v 0.13875 0.068175465 -0.00249264
v 0.13875 0.068652855 -0.002492715
v 0.13875 0.068274165 -0.002495145
v 0.13875 0.068561445 -0.002495595
v 0.13875 0.06837168 -0.002496615
v 0.13875 0.068467575 -0.002496825
v 0.13875 0.06443346 -0.000579855
v 0.13875 0.05993346 -0.000579855
v 0.13875 0.05987058 -0.000568755
v 0.13875 0.05981136 -0.000552615
v 0.13875 0.05481006 -0.00053205
v 0.13875 0.059755785 -0.00053145
v 0.13875 0.059703855 -0.00050526
v 0.13875 0.0596556 -0.00047403
v 0.13875 0.054841185 -0.000465135
v 0.13875 0.059610045 -0.000436485
v 0.13875 0.054867975 -0.000398325
v 0.13875 0.05956701 -0.000392355
v 0.13875 0.059527635 -0.000343185
v 0.13875 0.05489043 -0.000331635
v 0.13875 0.059493045 -0.00029055
v 0.13875 0.05490852 -0.00026508
v 0.13875 0.05946438 -0.000235995
v 0.13875 0.05492229 -0.00019863
v 0.13875 0.059442735 -0.000181065
v 0.13875 0.054931695 -0.0001323
v 0.13875 0.05942796 -0.000123915
v 0.13875 0.05493678 -6.609e-05
v 0.13875 0.059419095 -6.291e-05
v 0.13875 0.05941614 0
v 0.13875 0.0549375 0
v 0.13875 0.059419095 6.291e-05
v 0.13875 0.05493681 6.57e-05
v 0.13875 0.05942796 0.000123915
v 0.13875 0.054931815 0.000131505
v 0.13875 0.059442735 0.000181065
v 0.13875 0.05492253 0.00019746
v 0.13875 0.05946438 0.000235995
v 0.13875 0.054908925 0.00026352
v 0.13875 0.059493045 0.00029055
v 0.13875 0.05489103 0.000329715
v 0.13875 0.059527635 0.000343185
v 0.13875 0.05956701 0.000392355
v 0.13875 0.054868845 0.00039603
v 0.13875 0.059610045 0.000436485
v 0.13875 0.05484234 0.000462465
v 0.13875 0.0596556 0.00047403
v 0.13875 0.059703855 0.00050526
v 0.13875 0.05481153 0.000529035
v 0.13875 0.059755785 0.00053145
v 0.13875 0.05981136 0.000552615
v 0.13875 0.05987058 0.000568755
v 0.13875 0.05993346 0.000579855
v 0.13875 0.06 0.000585945
v 0.13875 0.05477643 0.000595725
v 0.13875 0.071038305 0.00061944
v 0.13875 0.054737055 0.0006624
v 0.13875 0.0645 0.000585945
v 0.13875 0.06006654 0.000579855
v 0.13875 0.06825 0.000585945
v 0.13875 0.06456654 0.000579855
v 0.13875 0.06831654 0.000579855
v 0.13875 0.06837942 0.000568755
v 0.13875 0.06843864 0.000552615
v 0.13875 0.068494215 0.00053145
v 0.13875 0.07105119 0.000523785
v 0.13875 0.068546145 0.00050526
v 0.13875 0.0685944 0.00047403
v 0.13875 0.068639955 0.000436485
v 0.13875 0.071062545 0.0004251
v 0.13875 0.06868299 0.000392355
v 0.13875 0.068722365 0.000343185
v 0.13875 0.07107237 0.00032337
v 0.13875 0.068756955 0.00029055
v 0.13875 0.06878562 0.000235995
v 0.13875 0.071080665 0.000218625
v 0.13875 0.068807265 0.000181065
v 0.13875 0.06882204 0.000123915
v 0.13875 0.071087415 0.00011082
v 0.13875 0.068830905 6.291e-05
v 0.13875 0.06883386 0
v 0.13875 0.07109265 0
v 0.13875 0.068830905 -6.291e-05
v 0.13875 0.07108737 -0.000111345
v 0.13875 0.06882204 -0.000123915
v 0.13875 0.068807265 -0.000181065
v 0.13875 0.07108053 -0.000219645
v 0.13875 0.06878562 -0.000235995
v 0.13875 0.068756955 -0.00029055
v 0.13875 0.071072145 -0.00032487
v 0.13875 0.068722365 -0.000343185
v 0.13875 0.06868299 -0.000392355
v 0.13875 0.07106223 -0.00042705
v 0.13875 0.068639955 -0.000436485
v 0.13875 0.0685944 -0.00047403
v 0.13875 0.068546145 -0.00050526
v 0.13875 0.068494215 -0.00053145
v 0.13875 0.06843864 -0.000552615
v 0.13875 0.06818346 0.000579855
v 0.13875 0.06462942 0.000568755
v 0.13875 0.06812058 0.000568755
v 0.13875 0.06468864 0.000552615
v 0.13875 0.06806136 0.000552615
v 0.13875 0.064744215 0.00053145
v 0.13875 0.068005785 0.00053145
v 0.13875 0.064796145 0.00050526
v 0.13875 0.067953855 0.00050526
v 0.13875 0.0648444 0.00047403
v 0.13875 0.0679056 0.00047403
v 0.13875 0.064889955 0.000436485
v 0.13875 0.067860045 0.000436485
v 0.13875 0.06493299 0.000392355
v 0.13875 0.06781701 0.000392355
v 0.13875 0.064972365 0.000343185
v 0.13875 0.067777635 0.000343185
v 0.13875 0.065006955 0.00029055
v 0.13875 0.067743045 0.00029055
v 0.13875 0.06503562 0.000235995
v 0.13875 0.06771438 0.000235995
v 0.13875 0.065057265 0.000181065
v 0.13875 0.067692735 0.000181065
v 0.13875 0.06507204 0.000123915
v 0.13875 0.06767796 0.000123915
v 0.13875 0.065080905 6.291e-05
v 0.13875 0.06766908 6.291e-05
v 0.13875 0.06508386 0
v 0.13875 0.067666125 0
v 0.13875 0.065080905 -6.291e-05
v 0.13875 0.06766908 -6.291e-05
v 0.13875 0.06507204 -0.000123915
v 0.13875 0.06767796 -0.000123915
v 0.13875 0.065057265 -0.000181065
v 0.13875 0.067692735 -0.000181065
v 0.13875 0.06503562 -0.000235995
v 0.13875 0.06771438 -0.000235995
v 0.13875 0.065006955 -0.00029055
v 0.13875 0.067743045 -0.00029055
v 0.13875 0.064972365 -0.000343185
v 0.13875 0.067777635 -0.000343185
v 0.13875 0.06493299 -0.000392355
v 0.13875 0.06781701 -0.000392355
v 0.13875 0.064889955 -0.000436485
v 0.13875 0.067860045 -0.000436485
v 0.13875 0.0648444 -0.00047403
v 0.13875 0.0679056 -0.00047403
v 0.13875 0.064796145 -0.00050526
v 0.13875 0.067953855 -0.00050526
v 0.13875 0.064744215 -0.00053145
v 0.13875 0.068005785 -0.00053145
v 0.13875 0.06468864 -0.000552615
v 0.13875 0.06806136 -0.000552615
v 0.13875 0.06462942 -0.000568755
v 0.13875 0.06812058 -0.000568755
v 0.13875 0.06456654 -0.000579855
v 0.13875 0.06443346 0.000579855
v 0.13875 0.06012942 0.000568755
v 0.13875 0.06437058 0.000568755
v 0.13875 0.060188655 0.000552615
v 0.13875 0.06431136 0.000552615
v 0.13875 0.060244215 0.00053145
v 0.13875 0.064255785 0.00053145
v 0.13875 0.06029613 0.00050526
v 0.13875 0.064203855 0.00050526
v 0.13875 0.0603444 0.00047403
v 0.13875 0.0641556 0.00047403
v 0.13875 0.060389955 0.000436485
v 0.13875 0.064110045 0.000436485
v 0.13875 0.06043299 0.000392355
v 0.13875 0.06406701 0.000392355
v 0.13875 0.06047235 0.000343185
v 0.13875 0.064027635 0.000343185
v 0.13875 0.06050694 0.00029055
v 0.13875 0.063993045 0.00029055
v 0.13875 0.06053562 0.000235995
v 0.13875 0.06396438 0.000235995
v 0.13875 0.060557265 0.000181065
v 0.13875 0.063942735 0.000181065
v 0.13875 0.06057204 0.000123915
v 0.13875 0.06392796 0.000123915
v 0.13875 0.060580905 6.291e-05
v 0.13875 0.06391908 6.291e-05
v 0.13875 0.06058386 0
v 0.13875 0.063916125 0
v 0.13875 0.060580905 -6.291e-05
v 0.13875 0.06391908 -6.291e-05
v 0.13875 0.06057204 -0.000123915
v 0.13875 0.06392796 -0.000123915
v 0.13875 0.060557265 -0.000181065
v 0.13875 0.063942735 -0.000181065
v 0.13875 0.06053562 -0.000235995
v 0.13875 0.06396438 -0.000235995
v 0.13875 0.06050694 -0.00029055
v 0.13875 0.063993045 -0.00029055
v 0.13875 0.06047235 -0.000343185
v 0.13875 0.064027635 -0.000343185
v 0.13875 0.06043299 -0.000392355
v 0.13875 0.06406701 -0.000392355
v 0.13875 0.060389955 -0.000436485
v 0.13875 0.064110045 -0.000436485
v 0.13875 0.0603444 -0.00047403
v 0.13875 0.0641556 -0.00047403
v 0.13875 0.06029613 -0.00050526
v 0.13875 0.064203855 -0.00050526
v 0.13875 0.060244215 -0.00053145
v 0.13875 0.064255785 -0.00053145
v 0.13875 0.060188655 -0.000552615
v 0.13875 0.06431136 -0.000552615
v 0.13875 0.06012942 -0.000568755
v 0.13875 0.06437058 -0.000568755
v 0.13875 0.06006654 -0.000579855
v 0.13875 0.071023875 0.000712065
v 0.13875 0.054708435 0.000706875
v 0.13875 0.05467791 0.000751365
v 0.13875 0.071007915 0.000801645
v 0.13875 0.054645465 0.000795915
v 0.13875 0.054611115 0.00084054
v 0.13875 0.070990425 0.000888195
v 0.13875 0.054574845 0.00088524
v 0.13875 0.05453664 0.000930045
v 0.13875 0.070971405 0.000971715
v 0.13875 0.054496515 0.00097497
v 0.13875 0.070950855 0.001052205
v 0.13875 0.054454455 0.00102006
v 0.13875 0.054410445 0.0010653
v 0.13875 0.07092876 0.00112965
v 0.13875 0.0543645 0.00111072
v 0.13875 0.054316605 0.001156335
v 0.13875 0.07090515 0.001204065
v 0.13875 0.05426661 0.00120201
v 0.13875 0.05421441 0.00124764
v 0.13875 0.070879965 0.001274805
v 0.13875 0.054160065 0.001293255
v 0.13875 0.07085322 0.00134145
v 0.13875 0.054103695 0.00133893
v 0.13875 0.05404536 0.00138471
v 0.13875 0.070810185 0.001434405
v 0.13875 0.05398515 0.001430685
v 0.13875 0.05392314 0.001476885
v 0.13875 0.070763655 0.001519935
v 0.13875 0.05385942 0.001523385
v 0.13875 0.07071372 0.00159912
v 0.13875 0.053794065 0.001570245
v 0.13875 0.053727165 0.001617525
v 0.13875 0.07066038 0.001673055
v 0.13875 0.053658795 0.00166527
v 0.13875 0.05358903 0.001713555
v 0.13875 0.070603695 0.00174279
v 0.13875 0.053517975 0.001762425
v 0.13875 0.070543695 0.001809435
v 0.13875 0.053444625 0.001811895
v 0.13875 0.070480425 0.00187407
v 0.13875 0.05336826 0.001861905
v 0.13875 0.05328927 0.001912395
v 0.13875 0.07041402 0.001936905
v 0.13875 0.053208135 0.001963335
v 0.13875 0.07036812 0.00197661
v 0.13875 0.070320885 0.00201456
v 0.13875 0.053125275 0.002014695
v 0.13875 0.07027224 0.00205077
v 0.13875 0.056359425 0.002059095
v 0.13875 0.070222125 0.00208533
v 0.13875 0.056292885 0.00206517
v 0.13875 0.05304114 0.002066415
v 0.13875 0.056230005 0.002076285
v 0.13875 0.056170785 0.00209241
v 0.13875 0.05611521 0.002113575
v 0.13875 0.05295615 0.002118465
v 0.13875 0.05606328 0.00213978
v 0.13875 0.05287074 0.0021708
v 0.13875 0.05601501 0.002170995
v 0.13875 0.05596947 0.002208555
v 0.13875 0.05278536 0.002223375
v 0.13875 0.055926435 0.002252685
v 0.13875 0.052700445 0.00227616
v 0.13875 0.05588706 0.00230184
v 0.13875 0.05261643 0.00232911
v 0.13875 0.05585247 0.00235449
v 0.13875 0.05253375 0.002382165
v 0.13875 0.055823805 0.002409045
v 0.13875 0.052452855 0.002435325
v 0.13875 0.05580216 0.002463975
v 0.13875 0.052372425 0.002488665
v 0.13875 0.055787385 0.002521125
v 0.13875 0.052291125 0.00254232
v 0.13875 0.05577852 0.002582115
v 0.13875 0.052209315 0.002596275
v 0.13875 0.05577555 0.00264504
v 0.13875 0.05212734 0.00265047
v 0.13875 0.05577852 0.00270795
v 0.13875 0.05204556 0.002704905
v 0.13875 0.051964335 0.002759535
v 0.13875 0.055787385 0.00276894
v 0.13875 0.051884025 0.00281433
v 0.13875 0.05580216 0.002826105
v 0.13875 0.05180499 0.00286926
v 0.13875 0.055823805 0.00288102
v 0.13875 0.051727575 0.00292431
v 0.13875 0.05585247 0.00293559
v 0.13875 0.051652155 0.002979435
v 0.13875 0.05588706 0.002988225
v 0.13875 0.051579075 0.00303462
v 0.13875 0.055926435 0.00303738
v 0.13875 0.05596947 0.003081525
v 0.13875 0.05150871 0.00308982
v 0.13875 0.05601501 0.00311907
v 0.13875 0.05144139 0.00314502
v 0.13875 0.05606328 0.003150285
v 0.13875 0.05611521 0.00317649
v 0.13875 0.056170785 0.003197655
v 0.13875 0.0513765 0.003200235
v 0.13875 0.056230005 0.003213795
v 0.13875 0.056292885 0.003224895
v 0.13875 0.056359425 0.00323097
v 0.13875 0.0513132 0.003255525
v 0.13875 0.063938805 0.003271635
v 0.13875 0.05125158 0.00331089
v 0.13875 0.056425965 0.003224895
v 0.13875 0.056488845 0.003213795
v 0.13875 0.063963285 0.003207135
v 0.13875 0.056548065 0.003197655
v 0.13875 0.05660364 0.00317649
v 0.13875 0.05665557 0.003150285
v 0.13875 0.0639912 0.00314529
v 0.13875 0.056703825 0.00311907
v 0.13875 0.06402258 0.0030861
v 0.13875 0.05674938 0.003081525
v 0.13875 0.0567924 0.00303738
v 0.13875 0.064057395 0.003029565
v 0.13875 0.056831775 0.002988225
v 0.13875 0.064095645 0.00297567
v 0.13875 0.056866365 0.00293559
v 0.13875 0.064134825 0.002922915
v 0.13875 0.056895045 0.00288102
v 0.13875 0.064177545 0.002872605
v 0.13875 0.05691669 0.002826105
v 0.13875 0.06422382 0.002824725
v 0.13875 0.056931465 0.00276894
v 0.13875 0.06427365 0.00277926
v 0.13875 0.064327035 0.002736225
v 0.13875 0.05694033 0.00270795
v 0.13875 0.064383975 0.00269562
v 0.13875 0.056943285 0.00264504
v 0.13875 0.06444447 0.002657445
v 0.13875 0.06450852 0.0026217
v 0.13875 0.05694033 0.002582115
v 0.13875 0.06457611 0.002588385
v 0.13875 0.064647165 0.002557575
v 0.13875 0.056931465 0.002521125
v 0.13875 0.064696455 0.002538435
v 0.13875 0.064747305 0.002520375
v 0.13875 0.05691669 0.002463975
v 0.13875 0.06479973 0.002503395
v 0.13875 0.06485376 0.002487495
v 0.13875 0.064909365 0.00247266
v 0.13875 0.06496662 0.00245886
v 0.13875 0.056895045 0.002409045
v 0.13875 0.06502548 0.002446095
v 0.13875 0.065086005 0.00243435
v 0.13875 0.06514821 0.00242361
v 0.13875 0.06521208 0.002413875
v 0.13875 0.06527763 0.002405115
v 0.13875 0.056866365 0.00235449
v 0.13875 0.065344935 0.002397555
v 0.13875 0.06541398 0.00239133
v 0.13875 0.06548475 0.002386365
v 0.13875 0.065557215 0.002382555
v 0.13875 0.065631315 0.002379795
v 0.13875 0.06570705 0.002377995
v 0.13875 0.065784375 0.002377065
v 0.13875 0.06586326 0.0023769
v 0.13875 0.06955851 0.002369865
v 0.13875 0.06948705 0.002387235
v 0.13875 0.069628155 0.002351025
v 0.13875 0.056831775 0.00230184
v 0.13875 0.069695925 0.00233067
v 0.13875 0.06976176 0.00230874
v 0.13875 0.06982563 0.00228543
v 0.13875 0.0567924 0.002252685
v 0.13875 0.06988758 0.00226092
v 0.13875 0.069947655 0.002235135
v 0.13875 0.05674938 0.002208555
v 0.13875 0.07000593 0.002208045
v 0.13875 0.056703825 0.002170995
v 0.13875 0.070062465 0.002179575
v 0.13875 0.070117305 0.002149665
v 0.13875 0.05665557 0.00213978
v 0.13875 0.070170495 0.00211827
v 0.13875 0.05660364 0.002113575
v 0.13875 0.056548065 0.00209241
v 0.13875 0.056488845 0.002076285
v 0.13875 0.056425965 0.00206517
v 0.13875 0.065943675 0.002377395
v 0.13875 0.06602559 0.002378475
v 0.13875 0.066108975 0.002380035
v 0.13875 0.066193785 0.002381985
v 0.13875 0.06627999 0.002384205
v 0.13875 0.066368415 0.002387295
v 0.13875 0.069413835 0.002403195
v 0.13875 0.0664596 0.002391735
v 0.13875 0.06655317 0.0023973
v 0.13875 0.06664875 0.00240378
v 0.13875 0.069338925 0.002417805
v 0.13875 0.066745965 0.002410935
v 0.13875 0.06684444 0.002418555
v 0.13875 0.06926241 0.002431095
v 0.13875 0.0669438 0.0024264
v 0.13875 0.067043655 0.00243426
v 0.13875 0.06918432 0.002443125
v 0.13875 0.06714363 0.00244191
v 0.13875 0.06724335 0.002449125
v 0.13875 0.06910473 0.002453955
v 0.13875 0.06734244 0.002455665
v 0.13875 0.069023715 0.00246363
v 0.13875 0.067440525 0.002461335
v 0.13875 0.067537215 0.00246588
v 0.13875 0.06894132 0.00247221
v 0.13875 0.067633635 0.002470005
v 0.13875 0.067730955 0.00247437
v 0.13875 0.06885762 0.002479725
v 0.13875 0.067828845 0.002478825
v 0.13875 0.067927035 0.00248316
v 0.13875 0.06877266 0.00248625
v 0.13875 0.06802518 0.002487195
v 0.13875 0.06868575 0.002491335
v 0.13875 0.068122995 0.002490735
v 0.13875 0.06822018 0.002493615
v 0.13875 0.06859638 0.002494635
v 0.13875 0.06831642 0.002495625
v 0.13875 0.06850482 0.002496315
v 0.13875 0.0684114 0.002496585
v 0.13875 0.06391776 0.003338775
v 0.13875 0.051191715 0.00336633
v 0.13875 0.063900165 0.00340857
v 0.13875 0.051133695 0.003421875
v 0.13875 0.06388602 0.00348102
v 0.13875 0.051077595 0.00347751
v 0.13875 0.051023505 0.003533235
v 0.13875 0.063875325 0.00355611
v 0.13875 0.050971485 0.00358908
v 0.13875 0.06386817 0.003633855
v 0.13875 0.05092164 0.00364503
v 0.13875 0.063865365 0.00368715
v 0.13875 0.061390575 0.00369381
v 0.13875 0.063864105 0.00374163
v 0.13875 0.061324035 0.0036999
v 0.13875 0.050874045 0.003701085
v 0.13875 0.061261155 0.003711
v 0.13875 0.061201935 0.00372714
v 0.13875 0.06114636 0.003748305
v 0.13875 0.05082876 0.00375726
v 0.13875 0.06109443 0.003774495
v 0.13875 0.061046175 0.003805725
v 0.13875 0.050785905 0.00381357
v 0.13875 0.06100062 0.00384327
v 0.13875 0.050745525 0.00387
v 0.13875 0.060957585 0.0038874
v 0.13875 0.05070756 0.0039264
v 0.13875 0.06091821 0.00393657
v 0.13875 0.05067186 0.00398265
v 0.13875 0.06088362 0.003989205
v 0.13875 0.050638395 0.00403881
v 0.13875 0.060854955 0.00404376
v 0.13875 0.05060718 0.004094985
v 0.13875 0.06083331 0.00409869
v 0.13875 0.050578185 0.00415125
v 0.13875 0.060818535 0.00415584
v 0.13875 0.050551395 0.00420768
v 0.13875 0.06080967 0.004216845
v 0.13875 0.053325615 0.004263285
v 0.13875 0.060806715 0.004279755
v 0.13875 0.05052681 0.00426435
v 0.13875 0.053259075 0.004269375
v 0.13875 0.053196195 0.004280475
v 0.13875 0.05313696 0.004296615
v 0.13875 0.053081385 0.00431778
v 0.13875 0.0505044 0.00432135
v 0.13875 0.05302947 0.00434397
v 0.13875 0.0529812 0.0043752
v 0.13875 0.05048418 0.004378755
v 0.13875 0.052935645 0.004412745
v 0.13875 0.050466105 0.004436655
v 0.13875 0.052892625 0.004456875
v 0.13875 0.05045019 0.00449511
v 0.13875 0.05285325 0.004506045
v 0.13875 0.050436405 0.004554225
v 0.13875 0.05281866 0.00455868
v 0.13875 0.05278998 0.004613235
v 0.13875 0.050419605 0.00464409
v 0.13875 0.05276835 0.004668165
v 0.13875 0.052753575 0.004725315
v 0.13875 0.050406405 0.004733565
v 0.13875 0.052744695 0.004786305
v 0.13875 0.050397045 0.00482274
v 0.13875 0.05274174 0.00484923
v 0.13875 0.052744695 0.00491214
v 0.13875 0.05039217 0.004912485
v 0.13875 0.052753575 0.004973145
v 0.13875 0.050392485 0.00500364
v 0.13875 0.05276835 0.005030295
v 0.13875 0.05278998 0.005085225
v 0.13875 0.05039862 0.00509706
v 0.13875 0.05281866 0.00513978
v 0.13875 0.05285325 0.005192415
v 0.13875 0.050411265 0.0051936
v 0.13875 0.052892625 0.005241585
v 0.13875 0.052935645 0.005285715
v 0.13875 0.05043108 0.005294115
v 0.13875 0.0529812 0.00532326
v 0.13875 0.05302947 0.00535449
v 0.13875 0.0504486 0.005363745
v 0.13875 0.053081385 0.00538068
v 0.13875 0.05313696 0.005401845
v 0.13875 0.053196195 0.005417985
v 0.13875 0.053259075 0.005429085
v 0.13875 0.053325615 0.00543516
v 0.13875 0.050469825 0.005435775
v 0.13875 0.0565173 0.00547047
v 0.13875 0.050494455 0.00550986
v 0.13875 0.05339214 0.005429085
v 0.13875 0.056582145 0.00542193
v 0.13875 0.05345502 0.005417985
v 0.13875 0.053514255 0.005401845
v 0.13875 0.05356983 0.00538068
v 0.13875 0.05664636 0.00537453
v 0.13875 0.053621745 0.00535449
v 0.13875 0.056709915 0.005328405
v 0.13875 0.053670015 0.00532326
v 0.13875 0.05371557 0.005285715
v 0.13875 0.056772795 0.005283705
v 0.13875 0.05375859 0.005241585
v 0.13875 0.05683503 0.00524052
v 0.13875 0.053797965 0.005192415
v 0.13875 0.056896605 0.005199015
v 0.13875 0.056957505 0.005159325
v 0.13875 0.053832555 0.00513978
v 0.13875 0.05701773 0.00512154
v 0.13875 0.053861235 0.005085225
v 0.13875 0.05707728 0.005085825
v 0.13875 0.05713614 0.005052315
v 0.13875 0.053882865 0.005030295
v 0.13875 0.057194325 0.00502077
v 0.13875 0.053897655 0.004973145
v 0.13875 0.05725182 0.00499095
v 0.13875 0.05730864 0.004962855
v 0.13875 0.05390652 0.00491214
v 0.13875 0.057364785 0.004936485
v 0.13875 0.05742027 0.00491187
v 0.13875 0.053909475 0.00484923
v 0.13875 0.05747508 0.00488901
v 0.13875 0.05752923 0.00486795
v 0.13875 0.05758272 0.004848675
v 0.13875 0.05390652 0.004786305
v 0.13875 0.057635565 0.004831215
v 0.13875 0.057687765 0.00481557
v 0.13875 0.057739335 0.00480177
v 0.13875 0.057815475 0.00478455
v 0.13875 0.053897655 0.004725315
v 0.13875 0.057890205 0.004771515
v 0.13875 0.05796348 0.00476259
v 0.13875 0.058035285 0.004757745
v 0.13875 0.05810565 0.00475701
v 0.13875 0.061046175 0.004753785
v 0.13875 0.06100062 0.00471624
v 0.13875 0.06109443 0.004785015
v 0.13875 0.058174545 0.00476037
v 0.13875 0.058242 0.00476781
v 0.13875 0.058307985 0.00477936
v 0.13875 0.058372515 0.00479499
v 0.13875 0.06114636 0.004811205
v 0.13875 0.058435605 0.00481473
v 0.13875 0.061201935 0.00483237
v 0.13875 0.05849787 0.004835685
v 0.13875 0.061261155 0.00484851
v 0.13875 0.061324035 0.00485961
v 0.13875 0.05855892 0.004860765
v 0.13875 0.061390575 0.004865685
v 0.13875 0.058618755 0.004889985
v 0.13875 0.064100385 0.00492603
v 0.13875 0.05867739 0.00492333
v 0.13875 0.061457115 0.00485961
v 0.13875 0.064075155 0.004850325
v 0.13875 0.061519995 0.00484851
v 0.13875 0.061579215 0.00483237
v 0.13875 0.06163479 0.004811205
v 0.13875 0.06168672 0.004785015
v 0.13875 0.064050915 0.004775625
v 0.13875 0.061734975 0.004753785
v 0.13875 0.06178053 0.00471624
v 0.13875 0.064027845 0.004702005
v 0.13875 0.061823565 0.00467211
v 0.13875 0.064006005 0.004629465
v 0.13875 0.06186294 0.00462294
v 0.13875 0.06189753 0.004570305
v 0.13875 0.06398556 0.004558095
v 0.13875 0.061926195 0.00451575
v 0.13875 0.063966615 0.00448791
v 0.13875 0.06194784 0.00446082
v 0.13875 0.063949305 0.004418955
v 0.13875 0.061962615 0.00440367
v 0.13875 0.063933735 0.00435129
v 0.13875 0.061971495 0.004342665
v 0.13875 0.063920055 0.004284945
v 0.13875 0.061974435 0.004279755
v 0.13875 0.06390804 0.00421986
v 0.13875 0.061971495 0.004216845
v 0.13875 0.06389745 0.00415596
v 0.13875 0.061962615 0.00415584
v 0.13875 0.06194784 0.00409869
v 0.13875 0.06388827 0.00409323
v 0.13875 0.061926195 0.00404376
v 0.13875 0.063880545 0.004031685
v 0.13875 0.06189753 0.003989205
v 0.13875 0.06387429 0.003971325
v 0.13875 0.06186294 0.00393657
v 0.13875 0.06386949 0.003912135
v 0.13875 0.061823565 0.0038874
v 0.13875 0.063866175 0.003854115
v 0.13875 0.06178053 0.00384327
v 0.13875 0.061734975 0.003805725
v 0.13875 0.06386439 0.003797295
v 0.13875 0.06168672 0.003774495
v 0.13875 0.06163479 0.003748305
v 0.13875 0.061579215 0.00372714
v 0.13875 0.061519995 0.003711
v 0.13875 0.061457115 0.0036999
v 0.13875 0.058734825 0.0049608
v 0.13875 0.064126515 0.00500271
v 0.13875 0.05879103 0.00500241
v 0.13875 0.058846035 0.005048145
v 0.13875 0.06415341 0.00508032
v 0.13875 0.058899825 0.005098005
v 0.13875 0.064180935 0.005158815
v 0.13875 0.058952385 0.00515199
v 0.13875 0.059003655 0.00521004
v 0.13875 0.064209 0.00523815
v 0.13875 0.05903709 0.005251005
v 0.13875 0.06423825 0.005318655
v 0.13875 0.059069985 0.0052938
v 0.13875 0.059102325 0.00533841
v 0.13875 0.064269315 0.005400615
v 0.13875 0.05913414 0.005384865
v 0.13875 0.059165445 0.00543318
v 0.13875 0.06430191 0.005483865
v 0.13875 0.059196255 0.005483355
v 0.13875 0.059226585 0.005535405
v 0.13875 0.064335795 0.005568285
v 0.13875 0.059256465 0.005589345
v 0.13875 0.064370685 0.005653755
v 0.13875 0.059285895 0.005645175
v 0.13875 0.05931489 0.00570291
v 0.13875 0.06440634 0.00574011
v 0.13875 0.05934348 0.00576255
v 0.13875 0.06444249 0.005827215
v 0.13875 0.05937147 0.005824215
v 0.13875 0.059398725 0.005887965
v 0.13875 0.06447888 0.00591495
v 0.13875 0.05942532 0.00595374
v 0.13875 0.06451524 0.006003165
v 0.13875 0.05945133 0.006021465
v 0.13875 0.064551315 0.00609174
v 0.13875 0.05947686 0.006091095
v 0.13875 0.05950197 0.00616257
v 0.13875 0.064586835 0.006180525
v 0.13875 0.05952675 0.006235815
v 0.13875 0.064621545 0.00626937
v 0.13875 0.05955129 0.0063108
v 0.13875 0.064655175 0.00635817
v 0.13875 0.05957565 0.006387435
v 0.13875 0.06468873 0.006447735
v 0.13875 0.05959995 0.00646566
v 0.13875 0.064723155 0.006538815
v 0.13875 0.05962422 0.006545445
v 0.13875 0.064758105 0.00663105
v 0.13875 0.059648595 0.0066267
v 0.13875 0.059673105 0.006709395
v 0.13875 0.06479328 0.006724125
v 0.13875 0.059697495 0.00679443
v 0.13875 0.06482838 0.00681771
v 0.13875 0.05972145 0.006882525
v 0.13875 0.064863045 0.00691146
v 0.13875 0.059745075 0.006973245
v 0.13875 0.06489699 0.00700506
v 0.13875 0.059768445 0.007066155
v 0.13875 0.064929885 0.007098165
v 0.13875 0.05979168 0.00716082
v 0.13875 0.0649614 0.007190445
v 0.13875 0.05981487 0.007256835
v 0.13875 0.0625494 0.007260285
v 0.13875 0.06499125 0.007281585
v 0.13875 0.06248286 0.00726636
v 0.13875 0.06241998 0.00727746
v 0.13875 0.062360745 0.0072936
v 0.13875 0.06230517 0.007314765
v 0.13875 0.062253255 0.007340955
v 0.13875 0.059838105 0.00735375
v 0.13875 0.062204985 0.007372185
v 0.13875 0.06215943 0.00740973
v 0.13875 0.05986149 0.007451145
v 0.13875 0.06211641 0.00745386
v 0.13875 0.062077035 0.00750303
v 0.13875 0.059885115 0.007548585
v 0.13875 0.062042445 0.007555665
v 0.13875 0.062013765 0.00761022
v 0.13875 0.05990907 0.007645665
v 0.13875 0.061992135 0.00766515
v 0.13875 0.061977345 0.0077223
v 0.13875 0.05993346 0.00774192
v 0.13875 0.06196848 0.007783305
v 0.13875 0.05995839 0.007836945
v 0.13875 0.061965525 0.007846215
v 0.13875 0.06196848 0.00790914
v 0.13875 0.059983935 0.00793032
v 0.13875 0.061977345 0.00797013
v 0.13875 0.06000981 0.00802329
v 0.13875 0.061992135 0.00802728
v 0.13875 0.062013765 0.00808221
v 0.13875 0.060035715 0.00811719
v 0.13875 0.062042445 0.008136765
v 0.13875 0.062077035 0.0081894
v 0.13875 0.060061755 0.008211675
v 0.13875 0.06211641 0.00823857
v 0.13875 0.06215943 0.0082827
v 0.13875 0.06008796 0.008306385
v 0.13875 0.062204985 0.008320245
v 0.13875 0.062253255 0.008351475
v 0.13875 0.06230517 0.008377665
v 0.13875 0.062360745 0.00839883
v 0.13875 0.060114465 0.00840099
v 0.13875 0.06241998 0.00841497
v 0.13875 0.06248286 0.00842607
v 0.13875 0.0625494 0.00843216
v 0.13875 0.06521262 0.00848514
v 0.13875 0.060141315 0.008495115
v 0.13875 0.062615925 0.00842607
v 0.13875 0.062678805 0.00841497
v 0.13875 0.065210535 0.00841341
v 0.13875 0.06273804 0.00839883
v 0.13875 0.062793615 0.008377665
v 0.13875 0.06284553 0.008351475
v 0.13875 0.065206395 0.008340315
v 0.13875 0.0628938 0.008320245
v 0.13875 0.062939355 0.0082827
v 0.13875 0.06520026 0.0082659
v 0.13875 0.062982375 0.00823857
v 0.13875 0.065192205 0.00819021
v 0.13875 0.06302175 0.0081894
v 0.13875 0.06305634 0.008136765
v 0.13875 0.065182305 0.00811329
v 0.13875 0.063085005 0.00808221
v 0.13875 0.065170635 0.0080352
v 0.13875 0.06310665 0.00802728
v 0.13875 0.06312144 0.00797013
v 0.13875 0.065157285 0.00795597
v 0.13875 0.063130305 0.00790914
v 0.13875 0.065142285 0.007875675
v 0.13875 0.06313326 0.007846215
v 0.13875 0.065125725 0.00779436
v 0.13875 0.063130305 0.007783305
v 0.13875 0.06312144 0.0077223
v 0.13875 0.065107695 0.00771207
v 0.13875 0.06310665 0.00766515
v 0.13875 0.06508824 0.00762885
v 0.13875 0.063085005 0.00761022
v 0.13875 0.06305634 0.007555665
v 0.13875 0.06506745 0.00754476
v 0.13875 0.06302175 0.00750303
v 0.13875 0.06504459 0.007459065
v 0.13875 0.062982375 0.00745386
v 0.13875 0.062939355 0.00740973
v 0.13875 0.0628938 0.007372185
v 0.13875 0.065019075 0.007371225
v 0.13875 0.06284553 0.007340955
v 0.13875 0.062793615 0.007314765
v 0.13875 0.06273804 0.0072936
v 0.13875 0.062678805 0.00727746
v 0.13875 0.062615925 0.00726636
v 0.13875 0.06521259 0.00855543
v 0.13875 0.060168615 0.00858843
v 0.13875 0.065210595 0.008624205
v 0.13875 0.06019644 0.008680575
v 0.13875 0.0652068 0.00869145
v 0.13875 0.065201205 0.00875727
v 0.13875 0.060224865 0.008771205
v 0.13875 0.065193765 0.008821725
v 0.13875 0.060253995 0.00885996
v 0.13875 0.06518445 0.00888489
v 0.13875 0.06028389 0.008946525
v 0.13875 0.065173215 0.00894684
v 0.13875 0.06516003 0.00900768
v 0.13875 0.06031464 0.00903051
v 0.13875 0.065144865 0.009067455
v 0.13875 0.06034632 0.009111585
v 0.13875 0.06512769 0.00912627
v 0.13875 0.06510846 0.009184185
v 0.13875 0.060378795 0.009190365
v 0.13875 0.065087145 0.00924129
v 0.13875 0.06041181 0.009267645
v 0.13875 0.065063715 0.00929766
v 0.13875 0.060445425 0.009343365
v 0.13875 0.06503814 0.00935337
v 0.13875 0.065011065 0.009408135
v 0.13875 0.06047967 0.009417435
v 0.13875 0.064983 0.009461685
v 0.13875 0.06051456 0.00948978
v 0.13875 0.06493833 0.00953991
v 0.13875 0.060550125 0.009560325
v 0.13875 0.064889655 0.0096159
v 0.13875 0.060586425 0.009628995
v 0.13875 0.06483594 0.00968997
v 0.13875 0.06062346 0.009695715
v 0.13875 0.064776105 0.009762405
v 0.13875 0.06066126 0.00976041
v 0.13875 0.06069987 0.009823005
v 0.13875 0.06470913 0.00983352
v 0.13875 0.060739305 0.009883425
v 0.13875 0.06463395 0.009903615
v 0.13875 0.06077961 0.009941595
v 0.13875 0.06457875 0.009949935
v 0.13875 0.064519125 0.00999603
v 0.13875 0.0608208 0.009997425
v 0.13875 0.06445551 0.01004178
v 0.13875 0.06086271 0.01005096
v 0.13875 0.06438849 0.010087005
v 0.13875 0.06090516 0.010102305
v 0.13875 0.06431808 0.010131705
v 0.13875 0.060948255 0.010151475
v 0.13875 0.064244295 0.01017588
v 0.13875 0.060992025 0.01019853
v 0.13875 0.06416712 0.010219515
v 0.13875 0.061036575 0.0102435
v 0.13875 0.06408657 0.01026264
v 0.13875 0.061081965 0.0102864
v 0.13875 0.064002615 0.01030524
v 0.13875 0.06112827 0.010327305
v 0.13875 0.063915285 0.0103473
v 0.13875 0.06117555 0.010366215
v 0.13875 0.063824565 0.010388835
v 0.13875 0.061223895 0.010403205
v 0.13875 0.063730455 0.01042986
v 0.13875 0.06127338 0.010438275
v 0.13875 0.06363297 0.010470345
v 0.13875 0.06132405 0.010471485
v 0.13875 0.06353208 0.010510305
v 0.13875 0.061375995 0.01050285
v 0.13875 0.061456275 0.010546605
v 0.13875 0.063427815 0.01054974
v 0.13875 0.063320805 0.010579005
v 0.13875 0.061537305 0.010586805
v 0.13875 0.063216195 0.0106059
v 0.13875 0.06161922 0.01062327
v 0.13875 0.063114 0.01063038
v 0.13875 0.06301422 0.010652475
v 0.13875 0.06170307 0.010655625
v 0.13875 0.062916855 0.01067217
v 0.13875 0.06178986 0.01068351
v 0.13875 0.062821905 0.010689465
v 0.13875 0.062729355 0.01070436
v 0.13875 0.06188061 0.010706535
v 0.13875 0.06263922 0.01071687
v 0.13875 0.061976325 0.01072434
v 0.13875 0.0625515 0.010726995
v 0.13875 0.062466195 0.010734705
v 0.13875 0.06207804 0.01073655
v 0.13875 0.06238329 0.01074003
v 0.13875 0.06214968 0.01074141
v 0.13875 0.062302815 0.010742955
v 0.13875 0.06222474 0.010743495
v 0.13875 0.053882865 0.004668165
v 0.13875 0.060957585 0.00467211
v 0.13875 0.06091821 0.00462294
v 0.13875 0.053861235 0.004613235
v 0.13875 0.06088362 0.004570305
v 0.13875 0.053832555 0.00455868
v 0.13875 0.060854955 0.00451575
v 0.13875 0.053797965 0.004506045
v 0.13875 0.06083331 0.00446082
v 0.13875 0.05375859 0.004456875
v 0.13875 0.05371557 0.004412745
v 0.13875 0.060818535 0.00440367
v 0.13875 0.053670015 0.0043752
v 0.13875 0.053621745 0.00434397
v 0.13875 0.06080967 0.004342665
v 0.13875 0.05356983 0.00431778
v 0.13875 0.053514255 0.004296615
v 0.13875 0.05345502 0.004280475
v 0.13875 0.05339214 0.004269375
v 0.13875 0.056451795 0.00552003
v 0.13875 0.056385645 0.005570475
v 0.13875 0.0505221 0.005585505
v 0.13875 0.056318865 0.00562167
v 0.13875 0.05055279 0.005662695
v 0.13875 0.05625135 0.00567438
v 0.13875 0.05618301 0.005729235
v 0.13875 0.05058648 0.005741445
v 0.13875 0.056113905 0.00578598
v 0.13875 0.050623215 0.00582174
v 0.13875 0.05604408 0.005844285
v 0.13875 0.050662965 0.005903595
v 0.13875 0.05597358 0.00590388
v 0.13875 0.05590248 0.00596448
v 0.13875 0.05070573 0.00598701
v 0.13875 0.055830795 0.00602577
v 0.13875 0.050751525 0.00607197
v 0.13875 0.0557586 0.006087495
v 0.13875 0.055685925 0.006149325
v 0.13875 0.05080035 0.00615849
v 0.13875 0.055612845 0.006211005
v 0.13875 0.05085219 0.006246555
v 0.13875 0.05553939 0.00627222
v 0.13875 0.055465605 0.006332685
v 0.13875 0.05090706 0.00633618
v 0.13875 0.05539155 0.006392115
v 0.13875 0.050964945 0.006427365
v 0.13875 0.05531673 0.00645171
v 0.13875 0.055240755 0.00651258
v 0.13875 0.05102586 0.006520095
v 0.13875 0.055163835 0.006574335
v 0.13875 0.05109558 0.00660708
v 0.13875 0.05508618 0.006636555
v 0.13875 0.05116476 0.00669066
v 0.13875 0.05500803 0.00669885
v 0.13875 0.05492958 0.0067608
v 0.13875 0.0512334 0.00677088
v 0.13875 0.054851055 0.006822
v 0.13875 0.051301485 0.00684771
v 0.13875 0.054772665 0.006882045
v 0.13875 0.05136903 0.00692115
v 0.13875 0.054694635 0.006940545
v 0.13875 0.05143602 0.0069912
v 0.13875 0.05461719 0.006997095
v 0.13875 0.054540525 0.00705126
v 0.13875 0.05150247 0.00705789
v 0.13875 0.054464865 0.007102665
v 0.13875 0.051568365 0.007121175
v 0.13875 0.054390435 0.00715089
v 0.13875 0.051633735 0.007181085
v 0.13875 0.05431689 0.007196655
v 0.13875 0.051698535 0.00723762
v 0.13875 0.05424375 0.007240875
v 0.13875 0.05417106 0.007283445
v 0.13875 0.05176281 0.00729075
v 0.13875 0.054098835 0.00732432
v 0.13875 0.05182653 0.00734052
v 0.13875 0.054027105 0.007363395
v 0.13875 0.051889695 0.0073869
v 0.13875 0.0539559 0.00740058
v 0.13875 0.05195196 0.00742935
v 0.13875 0.05388522 0.007435815
v 0.13875 0.05201307 0.007467525
v 0.13875 0.053815125 0.007468995
v 0.13875 0.05374563 0.007500045
v 0.13875 0.052102965 0.00751737
v 0.13875 0.05367675 0.007528875
v 0.13875 0.053608515 0.00755541
v 0.13875 0.0521913 0.0075591
v 0.13875 0.053540955 0.00757956
v 0.13875 0.052278675 0.007593615
v 0.13875 0.053474085 0.007601235
v 0.13875 0.053408055 0.007620585
v 0.13875 0.05236572 0.007621815
v 0.13875 0.053342925 0.007637775
v 0.13875 0.052453035 0.00764463
v 0.13875 0.053278605 0.00765279
v 0.13875 0.052541235 0.00766293
v 0.13875 0.053215005 0.00766563
v 0.13875 0.05260083 0.007673085
v 0.13875 0.05315205 0.00767628
v 0.13875 0.05266128 0.007681905
v 0.13875 0.05308965 0.00768474
v 0.13875 0.05272218 0.007689015
v 0.13875 0.05302773 0.00769101
v 0.13875 0.05278302 0.007693875
v 0.13875 0.052966185 0.00769506
v 0.13875 0.05284392 0.0076965
v 0.13875 0.05290494 0.00769689
v 0.133125 0.06825 -0.000585945
v 0.13875 0.06825 -0.000585945
v 0.13875 0.06831654 -0.000579855
v 0.133125 0.06818346 -0.000579855
v 0.133125 0.06831654 -0.000579855
v 0.13875 0.06837942 -0.000568755
v 0.133125 0.06837942 -0.000568755
v 0.13875 0.06843864 -0.000552615
v 0.133125 0.06843864 -0.000552615
v 0.13875 0.068494215 -0.00053145
v 0.133125 0.068494215 -0.00053145
v 0.13875 0.068546145 -0.00050526
v 0.133125 0.068546145 -0.00050526
v 0.13875 0.0685944 -0.00047403
v 0.133125 0.0685944 -0.00047403
v 0.13875 0.068639955 -0.000436485
v 0.133125 0.068639955 -0.000436485
v 0.13875 0.06868299 -0.000392355
v 0.133125 0.06868299 -0.000392355
v 0.13875 0.068722365 -0.000343185
v 0.133125 0.068722365 -0.000343185
v 0.13875 0.068756955 -0.00029055
v 0.133125 0.068756955 -0.00029055
v 0.13875 0.06878562 -0.000235995
v 0.133125 0.06878562 -0.000235995
v 0.13875 0.068807265 -0.000181065
v 0.133125 0.068807265 -0.000181065
v 0.13875 0.06882204 -0.000123915
v 0.133125 0.06882204 -0.000123915
v 0.13875 0.068830905 -6.291e-05
v 0.133125 0.068830905 -6.291e-05
v 0.13875 0.06883386 0
v 0.133125 0.06883386 0
v 0.13875 0.068830905 6.291e-05
v 0.133125 0.068830905 6.291e-05
v 0.13875 0.06882204 0.000123915
v 0.133125 0.06882204 0.000123915
v 0.13875 0.068807265 0.000181065
v 0.133125 0.068807265 0.000181065
v 0.13875 0.06878562 0.000235995
v 0.133125 0.06878562 0.000235995
v 0.13875 0.068756955 0.00029055
v 0.133125 0.068756955 0.00029055
v 0.13875 0.068722365 0.000343185
v 0.133125 0.068722365 0.000343185
v 0.13875 0.06868299 0.000392355
v 0.133125 0.06868299 0.000392355
v 0.13875 0.068639955 0.000436485
v 0.133125 0.068639955 0.000436485
v 0.13875 0.0685944 0.00047403
v 0.133125 0.0685944 0.00047403
v 0.13875 0.068546145 0.00050526
v 0.133125 0.068546145 0.00050526
v 0.13875 0.068494215 0.00053145
v 0.133125 0.068494215 0.00053145
v 0.13875 0.06843864 0.000552615
v 0.133125 0.06843864 0.000552615
v 0.13875 0.06837942 0.000568755
v 0.133125 0.06837942 0.000568755
v 0.13875 0.06831654 0.000579855
v 0.133125 0.06831654 0.000579855
v 0.13875 0.06825 0.000585945
v 0.133125 0.06825 0.000585945
v 0.13875 0.06818346 0.000579855
v 0.133125 0.06818346 0.000579855
v 0.13875 0.06812058 0.000568755
v 0.133125 0.06812058 0.000568755
v 0.13875 0.06806136 0.000552615
v 0.133125 0.06806136 0.000552615
v 0.13875 0.068005785 0.00053145
v 0.133125 0.068005785 0.00053145
v 0.13875 0.067953855 0.00050526
v 0.133125 0.067953855 0.00050526
v 0.13875 0.0679056 0.00047403
v 0.133125 0.0679056 0.00047403
v 0.13875 0.067860045 0.000436485
v 0.133125 0.067860045 0.000436485
v 0.13875 0.06781701 0.000392355
v 0.133125 0.06781701 0.000392355
v 0.13875 0.067777635 0.000343185
v 0.133125 0.067777635 0.000343185
v 0.13875 0.067743045 0.00029055
v 0.133125 0.067743045 0.00029055
v 0.13875 0.06771438 0.000235995
v 0.133125 0.06771438 0.000235995
v 0.13875 0.067692735 0.000181065
v 0.133125 0.067692735 0.000181065
v 0.13875 0.06767796 0.000123915
v 0.133125 0.06767796 0.000123915
v 0.13875 0.06766908 6.291e-05
v 0.133125 0.06766908 6.291e-05
v 0.13875 0.067666125 0
v 0.133125 0.067666125 0
v 0.13875 0.06766908 -6.291e-05
v 0.133125 0.06766908 -6.291e-05
v 0.13875 0.06767796 -0.000123915
v 0.133125 0.06767796 -0.000123915
v 0.13875 0.067692735 -0.000181065
v 0.133125 0.067692735 -0.000181065
v 0.13875 0.06771438 -0.000235995
v 0.133125 0.06771438 -0.000235995
v 0.13875 0.067743045 -0.00029055
v 0.133125 0.067743045 -0.00029055
v 0.13875 0.067777635 -0.000343185
v 0.133125 0.067777635 -0.000343185
v 0.13875 0.06781701 -0.000392355
v 0.133125 0.06781701 -0.000392355
v 0.13875 0.067860045 -0.000436485
v 0.133125 0.067860045 -0.000436485
v 0.13875 0.0679056 -0.00047403
v 0.133125 0.0679056 -0.00047403
v 0.13875 0.067953855 -0.00050526
v 0.133125 0.067953855 -0.00050526
v 0.13875 0.068005785 -0.00053145
v 0.133125 0.068005785 -0.00053145
v 0.13875 0.06806136 -0.000552615
v 0.133125 0.06806136 -0.000552615
v 0.13875 0.06812058 -0.000568755
v 0.133125 0.06812058 -0.000568755
v 0.13875 0.06818346 -0.000579855
v 0.133125 0.0645 -0.000585945
v 0.13875 0.0645 -0.000585945
v 0.13875 0.06456654 -0.000579855
v 0.133125 0.06443346 -0.000579855
v 0.133125 0.06456654 -0.000579855
v 0.13875 0.06462942 -0.000568755
v 0.133125 0.06462942 -0.000568755
v 0.13875 0.06468864 -0.000552615
v 0.133125 0.06468864 -0.000552615
v 0.13875 0.064744215 -0.00053145
v 0.133125 0.064744215 -0.00053145
v 0.13875 0.064796145 -0.00050526
v 0.133125 0.064796145 -0.00050526
v 0.13875 0.0648444 -0.00047403
v 0.133125 0.0648444 -0.00047403
v 0.13875 0.064889955 -0.000436485
v 0.133125 0.064889955 -0.000436485
v 0.13875 0.06493299 -0.000392355
v 0.133125 0.06493299 -0.000392355
v 0.13875 0.064972365 -0.000343185
v 0.133125 0.064972365 -0.000343185
v 0.13875 0.065006955 -0.00029055
v 0.133125 0.065006955 -0.00029055
v 0.13875 0.06503562 -0.000235995
v 0.133125 0.06503562 -0.000235995
v 0.13875 0.065057265 -0.000181065
v 0.133125 0.065057265 -0.000181065
v 0.13875 0.06507204 -0.000123915
v 0.133125 0.06507204 -0.000123915
v 0.13875 0.065080905 -6.291e-05
v 0.133125 0.065080905 -6.291e-05
v 0.13875 0.06508386 0
v 0.133125 0.06508386 0
v 0.13875 0.065080905 6.291e-05
v 0.133125 0.065080905 6.291e-05
v 0.13875 0.06507204 0.000123915
v 0.133125 0.06507204 0.000123915
v 0.13875 0.065057265 0.000181065
v 0.133125 0.065057265 0.000181065
v 0.13875 0.06503562 0.000235995
v 0.133125 0.06503562 0.000235995
v 0.13875 0.065006955 0.00029055
v 0.133125 0.065006955 0.00029055
v 0.13875 0.064972365 0.000343185
v 0.133125 0.064972365 0.000343185
v 0.13875 0.06493299 0.000392355
v 0.133125 0.06493299 0.000392355
v 0.13875 0.064889955 0.000436485
v 0.133125 0.064889955 0.000436485
v 0.13875 0.0648444 0.00047403
v 0.133125 0.0648444 0.00047403
v 0.13875 0.064796145 0.00050526
v 0.133125 0.064796145 0.00050526
v 0.13875 0.064744215 0.00053145
v 0.133125 0.064744215 0.00053145
v 0.13875 0.06468864 0.000552615
v 0.133125 0.06468864 0.000552615
v 0.13875 0.06462942 0.000568755
v 0.133125 0.06462942 0.000568755
v 0.13875 0.06456654 0.000579855
v 0.133125 0.06456654 0.000579855
v 0.13875 0.0645 0.000585945
v 0.133125 0.0645 0.000585945
v 0.13875 0.06443346 0.000579855
v 0.133125 0.06443346 0.000579855
v 0.13875 0.06437058 0.000568755
v 0.133125 0.06437058 0.000568755
v 0.13875 0.06431136 0.000552615
v 0.133125 0.06431136 0.000552615
v 0.13875 0.064255785 0.00053145
v 0.133125 0.064255785 0.00053145
v 0.13875 0.064203855 0.00050526
v 0.133125 0.064203855 0.00050526
v 0.13875 0.0641556 0.00047403
v 0.133125 0.0641556 0.00047403
v 0.13875 0.064110045 0.000436485
v 0.133125 0.064110045 0.000436485
v 0.13875 0.06406701 0.000392355
v 0.133125 0.06406701 0.000392355
v 0.13875 0.064027635 0.000343185
v 0.133125 0.064027635 0.000343185
v 0.13875 0.063993045 0.00029055
v 0.133125 0.063993045 0.00029055
v 0.13875 0.06396438 0.000235995
v 0.133125 0.06396438 0.000235995
v 0.13875 0.063942735 0.000181065
v 0.133125 0.063942735 0.000181065
v 0.13875 0.06392796 0.000123915
v 0.133125 0.06392796 0.000123915
v 0.13875 0.06391908 6.291e-05
v 0.133125 0.06391908 6.291e-05
v 0.13875 0.063916125 0
v 0.133125 0.063916125 0
v 0.13875 0.06391908 -6.291e-05
v 0.133125 0.06391908 -6.291e-05
v 0.13875 0.06392796 -0.000123915
v 0.133125 0.06392796 -0.000123915
v 0.13875 0.063942735 -0.000181065
v 0.133125 0.063942735 -0.000181065
v 0.13875 0.06396438 -0.000235995
v 0.133125 0.06396438 -0.000235995
v 0.13875 0.063993045 -0.00029055
v 0.133125 0.063993045 -0.00029055
v 0.13875 0.064027635 -0.000343185
v 0.133125 0.064027635 -0.000343185
v 0.13875 0.06406701 -0.000392355
v 0.133125 0.06406701 -0.000392355
v 0.13875 0.064110045 -0.000436485
v 0.133125 0.064110045 -0.000436485
v 0.13875 0.0641556 -0.00047403
v 0.133125 0.0641556 -0.00047403
v 0.13875 0.064203855 -0.00050526
v 0.133125 0.064203855 -0.00050526
v 0.13875 0.064255785 -0.00053145
v 0.133125 0.064255785 -0.00053145
v 0.13875 0.06431136 -0.000552615
v 0.133125 0.06431136 -0.000552615
v 0.13875 0.06437058 -0.000568755
v 0.133125 0.06437058 -0.000568755
v 0.13875 0.06443346 -0.000579855
v 0.133125 0.061390575 -0.004865685
v 0.13875 0.061390575 -0.004865685
v 0.13875 0.061457115 -0.00485961
v 0.133125 0.061324035 -0.00485961
v 0.133125 0.061457115 -0.00485961
v 0.13875 0.061519995 -0.00484851
v 0.133125 0.061519995 -0.00484851
v 0.13875 0.061579215 -0.00483237
v 0.133125 0.061579215 -0.00483237
v 0.13875 0.06163479 -0.004811205
v 0.133125 0.06163479 -0.004811205
v 0.13875 0.06168672 -0.004785015
v 0.133125 0.06168672 -0.004785015
v 0.13875 0.061734975 -0.004753785
v 0.133125 0.061734975 -0.004753785
v 0.13875 0.06178053 -0.00471624
v 0.133125 0.06178053 -0.00471624
v 0.13875 0.061823565 -0.00467211
v 0.133125 0.061823565 -0.00467211
v 0.13875 0.06186294 -0.00462294
v 0.133125 0.06186294 -0.00462294
v 0.13875 0.06189753 -0.004570305
v 0.133125 0.06189753 -0.004570305
v 0.13875 0.061926195 -0.00451575
v 0.133125 0.061926195 -0.00451575
v 0.13875 0.06194784 -0.00446082
v 0.133125 0.06194784 -0.00446082
v 0.13875 0.061962615 -0.00440367
v 0.133125 0.061962615 -0.00440367
v 0.13875 0.061971495 -0.004342665
v 0.133125 0.061971495 -0.004342665
v 0.13875 0.061974435 -0.004279755
v 0.133125 0.061974435 -0.004279755
v 0.13875 0.061971495 -0.004216845
v 0.133125 0.061971495 -0.004216845
v 0.13875 0.061962615 -0.00415584
v 0.133125 0.061962615 -0.00415584
v 0.13875 0.06194784 -0.00409869
v 0.133125 0.06194784 -0.00409869
v 0.13875 0.061926195 -0.00404376
v 0.133125 0.061926195 -0.00404376
v 0.13875 0.06189753 -0.003989205
v 0.133125 0.06189753 -0.003989205
v 0.13875 0.06186294 -0.00393657
v 0.133125 0.06186294 -0.00393657
v 0.13875 0.061823565 -0.0038874
v 0.133125 0.061823565 -0.0038874
v 0.13875 0.06178053 -0.00384327
v 0.133125 0.06178053 -0.00384327
v 0.13875 0.061734975 -0.003805725
v 0.133125 0.061734975 -0.003805725
v 0.13875 0.06168672 -0.003774495
v 0.133125 0.06168672 -0.003774495
v 0.13875 0.06163479 -0.003748305
v 0.133125 0.06163479 -0.003748305
v 0.13875 0.061579215 -0.00372714
v 0.133125 0.061579215 -0.00372714
v 0.13875 0.061519995 -0.003711
v 0.133125 0.061519995 -0.003711
v 0.13875 0.061457115 -0.0036999
v 0.133125 0.061457115 -0.0036999
v 0.13875 0.061390575 -0.00369381
v 0.133125 0.061390575 -0.00369381
v 0.13875 0.061324035 -0.0036999
v 0.133125 0.061324035 -0.0036999
v 0.13875 0.061261155 -0.003711
v 0.133125 0.061261155 -0.003711
v 0.13875 0.061201935 -0.00372714
v 0.133125 0.061201935 -0.00372714
v 0.13875 0.06114636 -0.003748305
v 0.133125 0.06114636 -0.003748305
v 0.13875 0.06109443 -0.003774495
v 0.133125 0.06109443 -0.003774495
v 0.13875 0.061046175 -0.003805725
v 0.133125 0.061046175 -0.003805725
v 0.13875 0.06100062 -0.00384327
v 0.133125 0.06100062 -0.00384327
v 0.13875 0.060957585 -0.0038874
v 0.133125 0.060957585 -0.0038874
v 0.13875 0.06091821 -0.00393657
v 0.133125 0.06091821 -0.00393657
v 0.13875 0.06088362 -0.003989205
v 0.133125 0.06088362 -0.003989205
v 0.13875 0.060854955 -0.00404376
v 0.133125 0.060854955 -0.00404376
v 0.13875 0.06083331 -0.00409869
v 0.133125 0.06083331 -0.00409869
v 0.13875 0.060818535 -0.00415584
v 0.133125 0.060818535 -0.00415584
v 0.13875 0.06080967 -0.004216845
v 0.133125 0.06080967 -0.004216845
v 0.13875 0.060806715 -0.004279755
v 0.133125 0.060806715 -0.004279755
v 0.13875 0.06080967 -0.004342665
v 0.133125 0.06080967 -0.004342665
v 0.13875 0.060818535 -0.00440367
v 0.133125 0.060818535 -0.00440367
v 0.13875 0.06083331 -0.00446082
v 0.133125 0.06083331 -0.00446082
v 0.13875 0.060854955 -0.00451575
v 0.133125 0.060854955 -0.00451575
v 0.13875 0.06088362 -0.004570305
v 0.133125 0.06088362 -0.004570305
v 0.13875 0.06091821 -0.00462294
v 0.133125 0.06091821 -0.00462294
v 0.13875 0.060957585 -0.00467211
v 0.133125 0.060957585 -0.00467211
v 0.13875 0.06100062 -0.00471624
v 0.133125 0.06100062 -0.00471624
v 0.13875 0.061046175 -0.004753785
v 0.133125 0.061046175 -0.004753785
v 0.13875 0.06109443 -0.004785015
v 0.133125 0.06109443 -0.004785015
v 0.13875 0.06114636 -0.004811205
v 0.133125 0.06114636 -0.004811205
v 0.13875 0.061201935 -0.00483237
v 0.133125 0.061201935 -0.00483237
v 0.13875 0.061261155 -0.00484851
v 0.133125 0.061261155 -0.00484851
v 0.13875 0.061324035 -0.00485961
v 0.133125 0.0625494 -0.00843216
v 0.13875 0.0625494 -0.00843216
v 0.13875 0.062615925 -0.00842607
v 0.133125 0.06248286 -0.00842607
v 0.133125 0.062615925 -0.00842607
v 0.13875 0.062678805 -0.00841497
v 0.133125 0.062678805 -0.00841497
v 0.13875 0.06273804 -0.00839883
v 0.133125 0.06273804 -0.00839883
v 0.13875 0.062793615 -0.008377665
v 0.133125 0.062793615 -0.008377665
v 0.13875 0.06284553 -0.008351475
v 0.133125 0.06284553 -0.008351475
v 0.13875 0.0628938 -0.008320245
v 0.133125 0.0628938 -0.008320245
v 0.13875 0.062939355 -0.0082827
v 0.133125 0.062939355 -0.0082827
v 0.13875 0.062982375 -0.00823857
v 0.133125 0.062982375 -0.00823857
v 0.13875 0.06302175 -0.0081894
v 0.133125 0.06302175 -0.0081894
v 0.13875 0.06305634 -0.008136765
v 0.133125 0.06305634 -0.008136765
v 0.13875 0.063085005 -0.00808221
v 0.133125 0.063085005 -0.00808221
v 0.13875 0.06310665 -0.00802728
v 0.133125 0.06310665 -0.00802728
v 0.13875 0.06312144 -0.00797013
v 0.133125 0.06312144 -0.00797013
v 0.13875 0.063130305 -0.00790914
v 0.133125 0.063130305 -0.00790914
v 0.13875 0.06313326 -0.007846215
v 0.133125 0.06313326 -0.007846215
v 0.13875 0.063130305 -0.007783305
v 0.133125 0.063130305 -0.007783305
v 0.13875 0.06312144 -0.0077223
v 0.133125 0.06312144 -0.0077223
v 0.13875 0.06310665 -0.00766515
v 0.133125 0.06310665 -0.00766515
v 0.13875 0.063085005 -0.00761022
v 0.133125 0.063085005 -0.00761022
v 0.13875 0.06305634 -0.007555665
v 0.133125 0.06305634 -0.007555665
v 0.13875 0.06302175 -0.00750303
v 0.133125 0.06302175 -0.00750303
v 0.13875 0.062982375 -0.00745386
v 0.133125 0.062982375 -0.00745386
v 0.13875 0.062939355 -0.00740973
v 0.133125 0.062939355 -0.00740973
v 0.13875 0.0628938 -0.007372185
v 0.133125 0.0628938 -0.007372185
v 0.13875 0.06284553 -0.007340955
v 0.133125 0.06284553 -0.007340955
v 0.13875 0.062793615 -0.007314765
v 0.133125 0.062793615 -0.007314765
v 0.13875 0.06273804 -0.0072936
v 0.133125 0.06273804 -0.0072936
v 0.13875 0.062678805 -0.00727746
v 0.133125 0.062678805 -0.00727746
v 0.13875 0.062615925 -0.00726636
v 0.133125 0.062615925 -0.00726636
v 0.13875 0.0625494 -0.007260285
v 0.133125 0.0625494 -0.007260285
v 0.13875 0.06248286 -0.00726636
v 0.133125 0.06248286 -0.00726636
v 0.13875 0.06241998 -0.00727746
v 0.133125 0.06241998 -0.00727746
v 0.13875 0.062360745 -0.0072936
v 0.133125 0.062360745 -0.0072936
v 0.13875 0.06230517 -0.007314765
v 0.133125 0.06230517 -0.007314765
v 0.13875 0.062253255 -0.007340955
v 0.133125 0.062253255 -0.007340955
v 0.13875 0.062204985 -0.007372185
v 0.133125 0.062204985 -0.007372185
v 0.13875 0.06215943 -0.00740973
v 0.133125 0.06215943 -0.00740973
v 0.13875 0.06211641 -0.00745386
v 0.133125 0.06211641 -0.00745386
v 0.13875 0.062077035 -0.00750303
v 0.133125 0.062077035 -0.00750303
v 0.13875 0.062042445 -0.007555665
v 0.133125 0.062042445 -0.007555665
v 0.13875 0.062013765 -0.00761022
v 0.133125 0.062013765 -0.00761022
v 0.13875 0.061992135 -0.00766515
v 0.133125 0.061992135 -0.00766515
v 0.13875 0.061977345 -0.0077223
v 0.133125 0.061977345 -0.0077223
v 0.13875 0.06196848 -0.007783305
v 0.133125 0.06196848 -0.007783305
v 0.13875 0.061965525 -0.007846215
v 0.133125 0.061965525 -0.007846215
v 0.13875 0.06196848 -0.00790914
v 0.133125 0.06196848 -0.00790914
v 0.13875 0.061977345 -0.00797013
v 0.133125 0.061977345 -0.00797013
v 0.13875 0.061992135 -0.00802728
v 0.133125 0.061992135 -0.00802728
v 0.13875 0.062013765 -0.00808221
v 0.133125 0.062013765 -0.00808221
v 0.13875 0.062042445 -0.008136765
v 0.133125 0.062042445 -0.008136765
v 0.13875 0.062077035 -0.0081894
v 0.133125 0.062077035 -0.0081894
v 0.13875 0.06211641 -0.00823857
v 0.133125 0.06211641 -0.00823857
v 0.13875 0.06215943 -0.0082827
v 0.133125 0.06215943 -0.0082827
v 0.13875 0.062204985 -0.008320245
v 0.133125 0.062204985 -0.008320245
v 0.13875 0.062253255 -0.008351475
v 0.133125 0.062253255 -0.008351475
v 0.13875 0.06230517 -0.008377665
v 0.133125 0.06230517 -0.008377665
v 0.13875 0.062360745 -0.00839883
v 0.133125 0.062360745 -0.00839883
v 0.13875 0.06241998 -0.00841497
v 0.133125 0.06241998 -0.00841497
v 0.13875 0.06248286 -0.00842607
v 0.133125 0.053325615 -0.00543516
v 0.13875 0.053325615 -0.00543516
v 0.13875 0.05339214 -0.005429085
v 0.133125 0.053259075 -0.005429085
v 0.133125 0.05339214 -0.005429085
v 0.13875 0.05345502 -0.005417985
v 0.133125 0.05345502 -0.005417985
v 0.13875 0.053514255 -0.005401845
v 0.133125 0.053514255 -0.005401845
v 0.13875 0.05356983 -0.00538068
v 0.133125 0.05356983 -0.00538068
v 0.13875 0.053621745 -0.00535449
v 0.133125 0.053621745 -0.00535449
v 0.13875 0.053670015 -0.00532326
v 0.133125 0.053670015 -0.00532326
v 0.13875 0.05371557 -0.005285715
v 0.133125 0.05371557 -0.005285715
v 0.13875 0.05375859 -0.005241585
v 0.133125 0.05375859 -0.005241585
v 0.13875 0.053797965 -0.005192415
v 0.133125 0.053797965 -0.005192415
v 0.13875 0.053832555 -0.00513978
v 0.133125 0.053832555 -0.00513978
v 0.13875 0.053861235 -0.005085225
v 0.133125 0.053861235 -0.005085225
v 0.13875 0.053882865 -0.005030295
v 0.133125 0.053882865 -0.005030295
v 0.13875 0.053897655 -0.004973145
v 0.133125 0.053897655 -0.004973145
v 0.13875 0.05390652 -0.00491214
v 0.133125 0.05390652 -0.00491214
v 0.13875 0.053909475 -0.00484923
v 0.133125 0.053909475 -0.00484923
v 0.13875 0.05390652 -0.004786305
v 0.133125 0.05390652 -0.004786305
v 0.13875 0.053897655 -0.004725315
v 0.133125 0.053897655 -0.004725315
v 0.13875 0.053882865 -0.004668165
v 0.133125 0.053882865 -0.004668165
v 0.13875 0.053861235 -0.004613235
v 0.133125 0.053861235 -0.004613235
v 0.13875 0.053832555 -0.00455868
v 0.133125 0.053832555 -0.00455868
v 0.13875 0.053797965 -0.004506045
v 0.133125 0.053797965 -0.004506045
v 0.13875 0.05375859 -0.004456875
v 0.133125 0.05375859 -0.004456875
v 0.13875 0.05371557 -0.004412745
v 0.133125 0.05371557 -0.004412745
v 0.13875 0.053670015 -0.0043752
v 0.133125 0.053670015 -0.0043752
v 0.13875 0.053621745 -0.00434397
v 0.133125 0.053621745 -0.00434397
v 0.13875 0.05356983 -0.00431778
v 0.133125 0.05356983 -0.00431778
v 0.13875 0.053514255 -0.004296615
v 0.133125 0.053514255 -0.004296615
v 0.13875 0.05345502 -0.004280475
v 0.133125 0.05345502 -0.004280475
v 0.13875 0.05339214 -0.004269375
v 0.133125 0.05339214 -0.004269375
v 0.13875 0.053325615 -0.004263285
v 0.133125 0.053325615 -0.004263285
v 0.13875 0.053259075 -0.004269375
v 0.133125 0.053259075 -0.004269375
v 0.13875 0.053196195 -0.004280475
v 0.133125 0.053196195 -0.004280475
v 0.13875 0.05313696 -0.004296615
v 0.133125 0.05313696 -0.004296615
v 0.13875 0.053081385 -0.00431778
v 0.133125 0.053081385 -0.00431778
v 0.13875 0.05302947 -0.00434397
v 0.133125 0.05302947 -0.00434397
v 0.13875 0.0529812 -0.0043752
v 0.133125 0.0529812 -0.0043752
v 0.13875 0.052935645 -0.004412745
v 0.133125 0.052935645 -0.004412745
v 0.13875 0.052892625 -0.004456875
v 0.133125 0.052892625 -0.004456875
v 0.13875 0.05285325 -0.004506045
v 0.133125 0.05285325 -0.004506045
v 0.13875 0.05281866 -0.00455868
v 0.133125 0.05281866 -0.00455868
v 0.13875 0.05278998 -0.004613235
v 0.133125 0.05278998 -0.004613235
v 0.13875 0.05276835 -0.004668165
v 0.133125 0.05276835 -0.004668165
v 0.13875 0.052753575 -0.004725315
v 0.133125 0.052753575 -0.004725315
v 0.13875 0.052744695 -0.004786305
v 0.133125 0.052744695 -0.004786305
v 0.13875 0.05274174 -0.00484923
v 0.133125 0.05274174 -0.00484923
v 0.13875 0.052744695 -0.00491214
v 0.133125 0.052744695 -0.00491214
v 0.13875 0.052753575 -0.004973145
v 0.133125 0.052753575 -0.004973145
v 0.13875 0.05276835 -0.005030295
v 0.133125 0.05276835 -0.005030295
v 0.13875 0.05278998 -0.005085225
v 0.133125 0.05278998 -0.005085225
v 0.13875 0.05281866 -0.00513978
v 0.133125 0.05281866 -0.00513978
v 0.13875 0.05285325 -0.005192415
v 0.133125 0.05285325 -0.005192415
v 0.13875 0.052892625 -0.005241585
v 0.133125 0.052892625 -0.005241585
v 0.13875 0.052935645 -0.005285715
v 0.133125 0.052935645 -0.005285715
v 0.13875 0.0529812 -0.00532326
v 0.133125 0.0529812 -0.00532326
v 0.13875 0.05302947 -0.00535449
v 0.133125 0.05302947 -0.00535449
v 0.13875 0.053081385 -0.00538068
v 0.133125 0.053081385 -0.00538068
v 0.13875 0.05313696 -0.005401845
v 0.133125 0.05313696 -0.005401845
v 0.13875 0.053196195 -0.005417985
v 0.133125 0.053196195 -0.005417985
v 0.13875 0.053259075 -0.005429085
v 0.133125 0.056359425 -0.00323097
v 0.13875 0.056359425 -0.00323097
v 0.13875 0.056425965 -0.003224895
v 0.133125 0.056292885 -0.003224895
v 0.133125 0.056425965 -0.003224895
v 0.13875 0.056488845 -0.003213795
v 0.133125 0.056488845 -0.003213795
v 0.13875 0.056548065 -0.003197655
v 0.133125 0.056548065 -0.003197655
v 0.13875 0.05660364 -0.00317649
v 0.133125 0.05660364 -0.00317649
v 0.13875 0.05665557 -0.003150285
v 0.133125 0.05665557 -0.003150285
v 0.13875 0.056703825 -0.00311907
v 0.133125 0.056703825 -0.00311907
v 0.13875 0.05674938 -0.003081525
v 0.133125 0.05674938 -0.003081525
v 0.13875 0.0567924 -0.00303738
v 0.133125 0.0567924 -0.00303738
v 0.13875 0.056831775 -0.002988225
v 0.133125 0.056831775 -0.002988225
v 0.13875 0.056866365 -0.00293559
v 0.133125 0.056866365 -0.00293559
v 0.13875 0.056895045 -0.00288102
v 0.133125 0.056895045 -0.00288102
v 0.13875 0.05691669 -0.002826105
v 0.133125 0.05691669 -0.002826105
v 0.13875 0.056931465 -0.00276894
v 0.133125 0.056931465 -0.00276894
v 0.13875 0.05694033 -0.00270795
v 0.133125 0.05694033 -0.00270795
v 0.13875 0.056943285 -0.00264504
v 0.133125 0.056943285 -0.00264504
v 0.13875 0.05694033 -0.002582115
v 0.133125 0.05694033 -0.002582115
v 0.13875 0.056931465 -0.002521125
v 0.133125 0.056931465 -0.002521125
v 0.13875 0.05691669 -0.002463975
v 0.133125 0.05691669 -0.002463975
v 0.13875 0.056895045 -0.002409045
v 0.133125 0.056895045 -0.002409045
v 0.13875 0.056866365 -0.00235449
v 0.133125 0.056866365 -0.00235449
v 0.13875 0.056831775 -0.00230184
v 0.133125 0.056831775 -0.00230184
v 0.13875 0.0567924 -0.002252685
v 0.133125 0.0567924 -0.002252685
v 0.13875 0.05674938 -0.002208555
v 0.133125 0.05674938 -0.002208555
v 0.13875 0.056703825 -0.002170995
v 0.133125 0.056703825 -0.002170995
v 0.13875 0.05665557 -0.00213978
v 0.133125 0.05665557 -0.00213978
v 0.13875 0.05660364 -0.002113575
v 0.133125 0.05660364 -0.002113575
v 0.13875 0.056548065 -0.00209241
v 0.133125 0.056548065 -0.00209241
v 0.13875 0.056488845 -0.002076285
v 0.133125 0.056488845 -0.002076285
v 0.13875 0.056425965 -0.00206517
v 0.133125 0.056425965 -0.00206517
v 0.13875 0.056359425 -0.002059095
v 0.133125 0.056359425 -0.002059095
v 0.13875 0.056292885 -0.00206517
v 0.133125 0.056292885 -0.00206517
v 0.13875 0.056230005 -0.002076285
v 0.133125 0.056230005 -0.002076285
v 0.13875 0.056170785 -0.00209241
v 0.133125 0.056170785 -0.00209241
v 0.13875 0.05611521 -0.002113575
v 0.133125 0.05611521 -0.002113575
v 0.13875 0.05606328 -0.00213978
v 0.133125 0.05606328 -0.00213978
v 0.13875 0.05601501 -0.002170995
v 0.133125 0.05601501 -0.002170995
v 0.13875 0.05596947 -0.002208555
v 0.133125 0.05596947 -0.002208555
v 0.13875 0.055926435 -0.002252685
v 0.133125 0.055926435 -0.002252685
v 0.13875 0.05588706 -0.00230184
v 0.133125 0.05588706 -0.00230184
v 0.13875 0.05585247 -0.00235449
v 0.133125 0.05585247 -0.00235449
v 0.13875 0.055823805 -0.002409045
v 0.133125 0.055823805 -0.002409045
v 0.13875 0.05580216 -0.002463975
v 0.133125 0.05580216 -0.002463975
v 0.13875 0.055787385 -0.002521125
v 0.133125 0.055787385 -0.002521125
v 0.13875 0.05577852 -0.002582115
v 0.133125 0.05577852 -0.002582115
v 0.13875 0.05577555 -0.00264504
v 0.133125 0.05577555 -0.00264504
v 0.13875 0.05577852 -0.00270795
v 0.133125 0.05577852 -0.00270795
v 0.13875 0.055787385 -0.00276894
v 0.133125 0.055787385 -0.00276894
v 0.13875 0.05580216 -0.002826105
v 0.133125 0.05580216 -0.002826105
v 0.13875 0.055823805 -0.00288102
v 0.133125 0.055823805 -0.00288102
v 0.13875 0.05585247 -0.00293559
v 0.133125 0.05585247 -0.00293559
v 0.13875 0.05588706 -0.002988225
v 0.133125 0.05588706 -0.002988225
v 0.13875 0.055926435 -0.00303738
v 0.133125 0.055926435 -0.00303738
v 0.13875 0.05596947 -0.003081525
v 0.133125 0.05596947 -0.003081525
v 0.13875 0.05601501 -0.00311907
v 0.133125 0.05601501 -0.00311907
v 0.13875 0.05606328 -0.003150285
v 0.133125 0.05606328 -0.003150285
v 0.13875 0.05611521 -0.00317649
v 0.133125 0.05611521 -0.00317649
v 0.13875 0.056170785 -0.003197655
v 0.133125 0.056170785 -0.003197655
v 0.13875 0.056230005 -0.003213795
v 0.133125 0.056230005 -0.003213795
v 0.13875 0.056292885 -0.003224895
v 0.133125 0.056359425 0.002059095
v 0.13875 0.056359425 0.002059095
v 0.13875 0.056425965 0.00206517
v 0.133125 0.056292885 0.00206517
v 0.133125 0.056425965 0.00206517
v 0.13875 0.056488845 0.002076285
v 0.133125 0.056488845 0.002076285
v 0.13875 0.056548065 0.00209241
v 0.133125 0.056548065 0.00209241
v 0.13875 0.05660364 0.002113575
v 0.133125 0.05660364 0.002113575
v 0.13875 0.05665557 0.00213978
v 0.133125 0.05665557 0.00213978
v 0.13875 0.056703825 0.002170995
v 0.133125 0.056703825 0.002170995
v 0.13875 0.05674938 0.002208555
v 0.133125 0.05674938 0.002208555
v 0.13875 0.0567924 0.002252685
v 0.133125 0.0567924 0.002252685
v 0.13875 0.056831775 0.00230184
v 0.133125 0.056831775 0.00230184
v 0.13875 0.056866365 0.00235449
v 0.133125 0.056866365 0.00235449
v 0.13875 0.056895045 0.002409045
v 0.133125 0.056895045 0.002409045
v 0.13875 0.05691669 0.002463975
v 0.133125 0.05691669 0.002463975
v 0.13875 0.056931465 0.002521125
v 0.133125 0.056931465 0.002521125
v 0.13875 0.05694033 0.002582115
v 0.133125 0.05694033 0.002582115
v 0.13875 0.056943285 0.00264504
v 0.133125 0.056943285 0.00264504
v 0.13875 0.05694033 0.00270795
v 0.133125 0.05694033 0.00270795
v 0.13875 0.056931465 0.00276894
v 0.133125 0.056931465 0.00276894
v 0.13875 0.05691669 0.002826105
v 0.133125 0.05691669 0.002826105
v 0.13875 0.056895045 0.00288102
v 0.133125 0.056895045 0.00288102
v 0.13875 0.056866365 0.00293559
v 0.133125 0.056866365 0.00293559
v 0.13875 0.056831775 0.002988225
v 0.133125 0.056831775 0.002988225
v 0.13875 0.0567924 0.00303738
v 0.133125 0.0567924 0.00303738
v 0.13875 0.05674938 0.003081525
v 0.133125 0.05674938 0.003081525
v 0.13875 0.056703825 0.00311907
v 0.133125 0.056703825 0.00311907
v 0.13875 0.05665557 0.003150285
v 0.133125 0.05665557 0.003150285
v 0.13875 0.05660364 0.00317649
v 0.133125 0.05660364 0.00317649
v 0.13875 0.056548065 0.003197655
v 0.133125 0.056548065 0.003197655
v 0.13875 0.056488845 0.003213795
v 0.133125 0.056488845 0.003213795
v 0.13875 0.056425965 0.003224895
v 0.133125 0.056425965 0.003224895
v 0.13875 0.056359425 0.00323097
v 0.133125 0.056359425 0.00323097
v 0.13875 0.056292885 0.003224895
v 0.133125 0.056292885 0.003224895
v 0.13875 0.056230005 0.003213795
v 0.133125 0.056230005 0.003213795
v 0.13875 0.056170785 0.003197655
v 0.133125 0.056170785 0.003197655
v 0.13875 0.05611521 0.00317649
v 0.133125 0.05611521 0.00317649
v 0.13875 0.05606328 0.003150285
v 0.133125 0.05606328 0.003150285
v 0.13875 0.05601501 0.00311907
v 0.133125 0.05601501 0.00311907
v 0.13875 0.05596947 0.003081525
v 0.133125 0.05596947 0.003081525
v 0.13875 0.055926435 0.00303738
v 0.133125 0.055926435 0.00303738
v 0.13875 0.05588706 0.002988225
v 0.133125 0.05588706 0.002988225
v 0.13875 0.05585247 0.00293559
v 0.133125 0.05585247 0.00293559
v 0.13875 0.055823805 0.00288102
v 0.133125 0.055823805 0.00288102
v 0.13875 0.05580216 0.002826105
v 0.133125 0.05580216 0.002826105
v 0.13875 0.055787385 0.00276894
v 0.133125 0.055787385 0.00276894
v 0.13875 0.05577852 0.00270795
v 0.133125 0.05577852 0.00270795
v 0.13875 0.05577555 0.00264504
v 0.133125 0.05577555 0.00264504
v 0.13875 0.05577852 0.002582115
v 0.133125 0.05577852 0.002582115
v 0.13875 0.055787385 0.002521125
v 0.133125 0.055787385 0.002521125
v 0.13875 0.05580216 0.002463975
v 0.133125 0.05580216 0.002463975
v 0.13875 0.055823805 0.002409045
v 0.133125 0.055823805 0.002409045
v 0.13875 0.05585247 0.00235449
v 0.133125 0.05585247 0.00235449
v 0.13875 0.05588706 0.00230184
v 0.133125 0.05588706 0.00230184
v 0.13875 0.055926435 0.002252685
v 0.133125 0.055926435 0.002252685
v 0.13875 0.05596947 0.002208555
v 0.133125 0.05596947 0.002208555
v 0.13875 0.05601501 0.002170995
v 0.133125 0.05601501 0.002170995
v 0.13875 0.05606328 0.00213978
v 0.133125 0.05606328 0.00213978
v 0.13875 0.05611521 0.002113575
v 0.133125 0.05611521 0.002113575
v 0.13875 0.056170785 0.00209241
v 0.133125 0.056170785 0.00209241
v 0.13875 0.056230005 0.002076285
v 0.133125 0.056230005 0.002076285
v 0.13875 0.056292885 0.00206517
v 0.133125 0.053325615 0.004263285
v 0.13875 0.053325615 0.004263285
v 0.13875 0.05339214 0.004269375
v 0.133125 0.053259075 0.004269375
v 0.133125 0.05339214 0.004269375
v 0.13875 0.05345502 0.004280475
v 0.133125 0.05345502 0.004280475
v 0.13875 0.053514255 0.004296615
v 0.133125 0.053514255 0.004296615
v 0.13875 0.05356983 0.00431778
v 0.133125 0.05356983 0.00431778
v 0.13875 0.053621745 0.00434397
v 0.133125 0.053621745 0.00434397
v 0.13875 0.053670015 0.0043752
v 0.133125 0.053670015 0.0043752
v 0.13875 0.05371557 0.004412745
v 0.133125 0.05371557 0.004412745
v 0.13875 0.05375859 0.004456875
v 0.133125 0.05375859 0.004456875
v 0.13875 0.053797965 0.004506045
v 0.133125 0.053797965 0.004506045
v 0.13875 0.053832555 0.00455868
v 0.133125 0.053832555 0.00455868
v 0.13875 0.053861235 0.004613235
v 0.133125 0.053861235 0.004613235
v 0.13875 0.053882865 0.004668165
v 0.133125 0.053882865 0.004668165
v 0.13875 0.053897655 0.004725315
v 0.133125 0.053897655 0.004725315
v 0.13875 0.05390652 0.004786305
v 0.133125 0.05390652 0.004786305
v 0.13875 0.053909475 0.00484923
v 0.133125 0.053909475 0.00484923
v 0.13875 0.05390652 0.00491214
v 0.133125 0.05390652 0.00491214
v 0.13875 0.053897655 0.004973145
v 0.133125 0.053897655 0.004973145
v 0.13875 0.053882865 0.005030295
v 0.133125 0.053882865 0.005030295
v 0.13875 0.053861235 0.005085225
v 0.133125 0.053861235 0.005085225
v 0.13875 0.053832555 0.00513978
v 0.133125 0.053832555 0.00513978
v 0.13875 0.053797965 0.005192415
v 0.133125 0.053797965 0.005192415
v 0.13875 0.05375859 0.005241585
v 0.133125 0.05375859 0.005241585
v 0.13875 0.05371557 0.005285715
v 0.133125 0.05371557 0.005285715
v 0.13875 0.053670015 0.00532326
v 0.133125 0.053670015 0.00532326
v 0.13875 0.053621745 0.00535449
v 0.133125 0.053621745 0.00535449
v 0.13875 0.05356983 0.00538068
v 0.133125 0.05356983 0.00538068
v 0.13875 0.053514255 0.005401845
v 0.133125 0.053514255 0.005401845
v 0.13875 0.05345502 0.005417985
v 0.133125 0.05345502 0.005417985
v 0.13875 0.05339214 0.005429085
v 0.133125 0.05339214 0.005429085
v 0.13875 0.053325615 0.00543516
v 0.133125 0.053325615 0.00543516
v 0.13875 0.053259075 0.005429085
v 0.133125 0.053259075 0.005429085
v 0.13875 0.053196195 0.005417985
v 0.133125 0.053196195 0.005417985
v 0.13875 0.05313696 0.005401845
v 0.133125 0.05313696 0.005401845
v 0.13875 0.053081385 0.00538068
v 0.133125 0.053081385 0.00538068
v 0.13875 0.05302947 0.00535449
v 0.133125 0.05302947 0.00535449
v 0.13875 0.0529812 0.00532326
v 0.133125 0.0529812 0.00532326
v 0.13875 0.052935645 0.005285715
v 0.133125 0.052935645 0.005285715
v 0.13875 0.052892625 0.005241585
v 0.133125 0.052892625 0.005241585
v 0.13875 0.05285325 0.005192415
v 0.133125 0.05285325 0.005192415
v 0.13875 0.05281866 0.00513978
v 0.133125 0.05281866 0.00513978
v 0.13875 0.05278998 0.005085225
v 0.133125 0.05278998 0.005085225
v 0.13875 0.05276835 0.005030295
v 0.133125 0.05276835 0.005030295
v 0.13875 0.052753575 0.004973145
v 0.133125 0.052753575 0.004973145
v 0.13875 0.052744695 0.00491214
v 0.133125 0.052744695 0.00491214
v 0.13875 0.05274174 0.00484923
v 0.133125 0.05274174 0.00484923
v 0.13875 0.052744695 0.004786305
v 0.133125 0.052744695 0.004786305
v 0.13875 0.052753575 0.004725315
v 0.133125 0.052753575 0.004725315
v 0.13875 0.05276835 0.004668165
v 0.133125 0.05276835 0.004668165
v 0.13875 0.05278998 0.004613235
v 0.133125 0.05278998 0.004613235
v 0.13875 0.05281866 0.00455868
v 0.133125 0.05281866 0.00455868
v 0.13875 0.05285325 0.004506045
v 0.133125 0.05285325 0.004506045
v 0.13875 0.052892625 0.004456875
v 0.133125 0.052892625 0.004456875
v 0.13875 0.052935645 0.004412745
v 0.133125 0.052935645 0.004412745
v 0.13875 0.0529812 0.0043752
v 0.133125 0.0529812 0.0043752
v 0.13875 0.05302947 0.00434397
v 0.133125 0.05302947 0.00434397
v 0.13875 0.053081385 0.00431778
v 0.133125 0.053081385 0.00431778
v 0.13875 0.05313696 0.004296615
v 0.133125 0.05313696 0.004296615
v 0.13875 0.053196195 0.004280475
v 0.133125 0.053196195 0.004280475
v 0.13875 0.053259075 0.004269375
v 0.133125 0.0625494 0.007260285
v 0.13875 0.0625494 0.007260285
v 0.13875 0.062615925 0.00726636
v 0.133125 0.06248286 0.00726636
v 0.133125 0.062615925 0.00726636
v 0.13875 0.062678805 0.00727746
v 0.133125 0.062678805 0.00727746
v 0.13875 0.06273804 0.0072936
v 0.133125 0.06273804 0.0072936
v 0.13875 0.062793615 0.007314765
v 0.133125 0.062793615 0.007314765
v 0.13875 0.06284553 0.007340955
v 0.133125 0.06284553 0.007340955
v 0.13875 0.0628938 0.007372185
v 0.133125 0.0628938 0.007372185
v 0.13875 0.062939355 0.00740973
v 0.133125 0.062939355 0.00740973
v 0.13875 0.062982375 0.00745386
v 0.133125 0.062982375 0.00745386
v 0.13875 0.06302175 0.00750303
v 0.133125 0.06302175 0.00750303
v 0.13875 0.06305634 0.007555665
v 0.133125 0.06305634 0.007555665
v 0.13875 0.063085005 0.00761022
v 0.133125 0.063085005 0.00761022
v 0.13875 0.06310665 0.00766515
v 0.133125 0.06310665 0.00766515
v 0.13875 0.06312144 0.0077223
v 0.133125 0.06312144 0.0077223
v 0.13875 0.063130305 0.007783305
v 0.133125 0.063130305 0.007783305
v 0.13875 0.06313326 0.007846215
v 0.133125 0.06313326 0.007846215
v 0.13875 0.063130305 0.00790914
v 0.133125 0.063130305 0.00790914
v 0.13875 0.06312144 0.00797013
v 0.133125 0.06312144 0.00797013
v 0.13875 0.06310665 0.00802728
v 0.133125 0.06310665 0.00802728
v 0.13875 0.063085005 0.00808221
v 0.133125 0.063085005 0.00808221
v 0.13875 0.06305634 0.008136765
v 0.133125 0.06305634 0.008136765
v 0.13875 0.06302175 0.0081894
v 0.133125 0.06302175 0.0081894
v 0.13875 0.062982375 0.00823857
v 0.133125 0.062982375 0.00823857
v 0.13875 0.062939355 0.0082827
v 0.133125 0.062939355 0.0082827
v 0.13875 0.0628938 0.008320245
v 0.133125 0.0628938 0.008320245
v 0.13875 0.06284553 0.008351475
v 0.133125 0.06284553 0.008351475
v 0.13875 0.062793615 0.008377665
v 0.133125 0.062793615 0.008377665
v 0.13875 0.06273804 0.00839883
v 0.133125 0.06273804 0.00839883
v 0.13875 0.062678805 0.00841497
v 0.133125 0.062678805 0.00841497
v 0.13875 0.062615925 0.00842607
v 0.133125 0.062615925 0.00842607
v 0.13875 0.0625494 0.00843216
v 0.133125 0.0625494 0.00843216
v 0.13875 0.06248286 0.00842607
v 0.133125 0.06248286 0.00842607
v 0.13875 0.06241998 0.00841497
v 0.133125 0.06241998 0.00841497
v 0.13875 0.062360745 0.00839883
v 0.133125 0.062360745 0.00839883
v 0.13875 0.06230517 0.008377665
v 0.133125 0.06230517 0.008377665
v 0.13875 0.062253255 0.008351475
v 0.133125 0.062253255 0.008351475
v 0.13875 0.062204985 0.008320245
v 0.133125 0.062204985 0.008320245
v 0.13875 0.06215943 0.0082827
v 0.133125 0.06215943 0.0082827
v 0.13875 0.06211641 0.00823857
v 0.133125 0.06211641 0.00823857
v 0.13875 0.062077035 0.0081894
v 0.133125 0.062077035 0.0081894
v 0.13875 0.062042445 0.008136765
v 0.133125 0.062042445 0.008136765
v 0.13875 0.062013765 0.00808221
v 0.133125 0.062013765 0.00808221
v 0.13875 0.061992135 0.00802728
v 0.133125 0.061992135 0.00802728
v 0.13875 0.061977345 0.00797013
v 0.133125 0.061977345 0.00797013
v 0.13875 0.06196848 0.00790914
v 0.133125 0.06196848 0.00790914
v 0.13875 0.061965525 0.007846215
v 0.133125 0.061965525 0.007846215
v 0.13875 0.06196848 0.007783305
v 0.133125 0.06196848 0.007783305
v 0.13875 0.061977345 0.0077223
v 0.133125 0.061977345 0.0077223
v 0.13875 0.061992135 0.00766515
v 0.133125 0.061992135 0.00766515
v 0.13875 0.062013765 0.00761022
v 0.133125 0.062013765 0.00761022
v 0.13875 0.062042445 0.007555665
v 0.133125 0.062042445 0.007555665
v 0.13875 0.062077035 0.00750303
v 0.133125 0.062077035 0.00750303
v 0.13875 0.06211641 0.00745386
v 0.133125 0.06211641 0.00745386
v 0.13875 0.06215943 0.00740973
v 0.133125 0.06215943 0.00740973
v 0.13875 0.062204985 0.007372185
v 0.133125 0.062204985 0.007372185
v 0.13875 0.062253255 0.007340955
v 0.133125 0.062253255 0.007340955
v 0.13875 0.06230517 0.007314765
v 0.133125 0.06230517 0.007314765
v 0.13875 0.062360745 0.0072936
v 0.133125 0.062360745 0.0072936
v 0.13875 0.06241998 0.00727746
v 0.133125 0.06241998 0.00727746
v 0.13875 0.06248286 0.00726636
v 0.133125 0.061390575 0.00369381
v 0.13875 0.061390575 0.00369381
v 0.13875 0.061457115 0.0036999
v 0.133125 0.061324035 0.0036999
v 0.133125 0.061457115 0.0036999
v 0.13875 0.061519995 0.003711
v 0.133125 0.061519995 0.003711
v 0.13875 0.061579215 0.00372714
v 0.133125 0.061579215 0.00372714
v 0.13875 0.06163479 0.003748305
v 0.133125 0.06163479 0.003748305
v 0.13875 0.06168672 0.003774495
v 0.133125 0.06168672 0.003774495
v 0.13875 0.061734975 0.003805725
v 0.133125 0.061734975 0.003805725
v 0.13875 0.06178053 0.00384327
v 0.133125 0.06178053 0.00384327
v 0.13875 0.061823565 0.0038874
v 0.133125 0.061823565 0.0038874
v 0.13875 0.06186294 0.00393657
v 0.133125 0.06186294 0.00393657
v 0.13875 0.06189753 0.003989205
v 0.133125 0.06189753 0.003989205
v 0.13875 0.061926195 0.00404376
v 0.133125 0.061926195 0.00404376
v 0.13875 0.06194784 0.00409869
v 0.133125 0.06194784 0.00409869
v 0.13875 0.061962615 0.00415584
v 0.133125 0.061962615 0.00415584
v 0.13875 0.061971495 0.004216845
v 0.133125 0.061971495 0.004216845
v 0.13875 0.061974435 0.004279755
v 0.133125 0.061974435 0.004279755
v 0.13875 0.061971495 0.004342665
v 0.133125 0.061971495 0.004342665
v 0.13875 0.061962615 0.00440367
v 0.133125 0.061962615 0.00440367
v 0.13875 0.06194784 0.00446082
v 0.133125 0.06194784 0.00446082
v 0.13875 0.061926195 0.00451575
v 0.133125 0.061926195 0.00451575
v 0.13875 0.06189753 0.004570305
v 0.133125 0.06189753 0.004570305
v 0.13875 0.06186294 0.00462294
v 0.133125 0.06186294 0.00462294
v 0.13875 0.061823565 0.00467211
v 0.133125 0.061823565 0.00467211
v 0.13875 0.06178053 0.00471624
v 0.133125 0.06178053 0.00471624
v 0.13875 0.061734975 0.004753785
v 0.133125 0.061734975 0.004753785
v 0.13875 0.06168672 0.004785015
v 0.133125 0.06168672 0.004785015
v 0.13875 0.06163479 0.004811205
v 0.133125 0.06163479 0.004811205
v 0.13875 0.061579215 0.00483237
v 0.133125 0.061579215 0.00483237
v 0.13875 0.061519995 0.00484851
v 0.133125 0.061519995 0.00484851
v 0.13875 0.061457115 0.00485961
v 0.133125 0.061457115 0.00485961
v 0.13875 0.061390575 0.004865685
v 0.133125 0.061390575 0.004865685
v 0.13875 0.061324035 0.00485961
v 0.133125 0.061324035 0.00485961
v 0.13875 0.061261155 0.00484851
v 0.133125 0.061261155 0.00484851
v 0.13875 0.061201935 0.00483237
v 0.133125 0.061201935 0.00483237
v 0.13875 0.06114636 0.004811205
v 0.133125 0.06114636 0.004811205
v 0.13875 0.06109443 0.004785015
v 0.133125 0.06109443 0.004785015
v 0.13875 0.061046175 0.004753785
v 0.133125 0.061046175 0.004753785
v 0.13875 0.06100062 0.00471624
v 0.133125 0.06100062 0.00471624
v 0.13875 0.060957585 0.00467211
v 0.133125 0.060957585 0.00467211
v 0.13875 0.06091821 0.00462294
v 0.133125 0.06091821 0.00462294
v 0.13875 0.06088362 0.004570305
v 0.133125 0.06088362 0.004570305
v 0.13875 0.060854955 0.00451575
v 0.133125 0.060854955 0.00451575
v 0.13875 0.06083331 0.00446082
v 0.133125 0.06083331 0.00446082
v 0.13875 0.060818535 0.00440367
v 0.133125 0.060818535 0.00440367
v 0.13875 0.06080967 0.004342665
v 0.133125 0.06080967 0.004342665
v 0.13875 0.060806715 0.004279755
v 0.133125 0.060806715 0.004279755
v 0.13875 0.06080967 0.004216845
v 0.133125 0.06080967 0.004216845
v 0.13875 0.060818535 0.00415584
v 0.133125 0.060818535 0.00415584
v 0.13875 0.06083331 0.00409869
v 0.133125 0.06083331 0.00409869
v 0.13875 0.060854955 0.00404376
v 0.133125 0.060854955 0.00404376
v 0.13875 0.06088362 0.003989205
v 0.133125 0.06088362 0.003989205
v 0.13875 0.06091821 0.00393657
v 0.133125 0.06091821 0.00393657
v 0.13875 0.060957585 0.0038874
v 0.133125 0.060957585 0.0038874
v 0.13875 0.06100062 0.00384327
v 0.133125 0.06100062 0.00384327
v 0.13875 0.061046175 0.003805725
v 0.133125 0.061046175 0.003805725
v 0.13875 0.06109443 0.003774495
v 0.133125 0.06109443 0.003774495
v 0.13875 0.06114636 0.003748305
v 0.133125 0.06114636 0.003748305
v 0.13875 0.061201935 0.00372714
v 0.133125 0.061201935 0.00372714
v 0.13875 0.061261155 0.003711
v 0.133125 0.061261155 0.003711
v 0.13875 0.061324035 0.0036999
v 0.133125 0.06 -0.000585945
v 0.13875 0.06 -0.000585945
v 0.13875 0.06006654 -0.000579855
v 0.133125 0.05993346 -0.000579855
v 0.133125 0.06006654 -0.000579855
v 0.13875 0.06012942 -0.000568755
v 0.133125 0.06012942 -0.000568755
v 0.13875 0.060188655 -0.000552615
v 0.133125 0.060188655 -0.000552615
v 0.13875 0.060244215 -0.00053145
v 0.133125 0.060244215 -0.00053145
v 0.13875 0.06029613 -0.00050526
v 0.133125 0.06029613 -0.00050526
v 0.13875 0.0603444 -0.00047403
v 0.133125 0.0603444 -0.00047403
v 0.13875 0.060389955 -0.000436485
v 0.133125 0.060389955 -0.000436485
v 0.13875 0.06043299 -0.000392355
v 0.133125 0.06043299 -0.000392355
v 0.13875 0.06047235 -0.000343185
v 0.133125 0.06047235 -0.000343185
v 0.13875 0.06050694 -0.00029055
v 0.133125 0.06050694 -0.00029055
v 0.13875 0.06053562 -0.000235995
v 0.133125 0.06053562 -0.000235995
v 0.13875 0.060557265 -0.000181065
v 0.133125 0.060557265 -0.000181065
v 0.13875 0.06057204 -0.000123915
v 0.133125 0.06057204 -0.000123915
v 0.13875 0.060580905 -6.291e-05
v 0.133125 0.060580905 -6.291e-05
v 0.13875 0.06058386 0
v 0.133125 0.06058386 0
v 0.13875 0.060580905 6.291e-05
v 0.133125 0.060580905 6.291e-05
v 0.13875 0.06057204 0.000123915
v 0.133125 0.06057204 0.000123915
v 0.13875 0.060557265 0.000181065
v 0.133125 0.060557265 0.000181065
v 0.13875 0.06053562 0.000235995
v 0.133125 0.06053562 0.000235995
v 0.13875 0.06050694 0.00029055
v 0.133125 0.06050694 0.00029055
v 0.13875 0.06047235 0.000343185
v 0.133125 0.06047235 0.000343185
v 0.13875 0.06043299 0.000392355
v 0.133125 0.06043299 0.000392355
v 0.13875 0.060389955 0.000436485
v 0.133125 0.060389955 0.000436485
v 0.13875 0.0603444 0.00047403
v 0.133125 0.0603444 0.00047403
v 0.13875 0.06029613 0.00050526
v 0.133125 0.06029613 0.00050526
v 0.13875 0.060244215 0.00053145
v 0.133125 0.060244215 0.00053145
v 0.13875 0.060188655 0.000552615
v 0.133125 0.060188655 0.000552615
v 0.13875 0.06012942 0.000568755
v 0.133125 0.06012942 0.000568755
v 0.13875 0.06006654 0.000579855
v 0.133125 0.06006654 0.000579855
v 0.13875 0.06 0.000585945
v 0.133125 0.06 0.000585945
v 0.13875 0.05993346 0.000579855
v 0.133125 0.05993346 0.000579855
v 0.13875 0.05987058 0.000568755
v 0.133125 0.05987058 0.000568755
v 0.13875 0.05981136 0.000552615
v 0.133125 0.05981136 0.000552615
v 0.13875 0.059755785 0.00053145
v 0.133125 0.059755785 0.00053145
v 0.13875 0.059703855 0.00050526
v 0.133125 0.059703855 0.00050526
v 0.13875 0.0596556 0.00047403
v 0.133125 0.0596556 0.00047403
v 0.13875 0.059610045 0.000436485
v 0.133125 0.059610045 0.000436485
v 0.13875 0.05956701 0.000392355
v 0.133125 0.05956701 0.000392355
v 0.13875 0.059527635 0.000343185
v 0.133125 0.059527635 0.000343185
v 0.13875 0.059493045 0.00029055
v 0.133125 0.059493045 0.00029055
v 0.13875 0.05946438 0.000235995
v 0.133125 0.05946438 0.000235995
v 0.13875 0.059442735 0.000181065
v 0.133125 0.059442735 0.000181065
v 0.13875 0.05942796 0.000123915
v 0.133125 0.05942796 0.000123915
v 0.13875 0.059419095 6.291e-05
v 0.133125 0.059419095 6.291e-05
v 0.13875 0.05941614 0
v 0.133125 0.05941614 0
v 0.13875 0.059419095 -6.291e-05
v 0.133125 0.059419095 -6.291e-05
v 0.13875 0.05942796 -0.000123915
v 0.133125 0.05942796 -0.000123915
v 0.13875 0.059442735 -0.000181065
v 0.133125 0.059442735 -0.000181065
v 0.13875 0.05946438 -0.000235995
v 0.133125 0.05946438 -0.000235995
v 0.13875 0.059493045 -0.00029055
v 0.133125 0.059493045 -0.00029055
v 0.13875 0.059527635 -0.000343185
v 0.133125 0.059527635 -0.000343185
v 0.13875 0.05956701 -0.000392355
v 0.133125 0.05956701 -0.000392355
v 0.13875 0.059610045 -0.000436485
v 0.133125 0.059610045 -0.000436485
v 0.13875 0.0596556 -0.00047403
v 0.133125 0.0596556 -0.00047403
v 0.13875 0.059703855 -0.00050526
v 0.133125 0.059703855 -0.00050526
v 0.13875 0.059755785 -0.00053145
v 0.133125 0.059755785 -0.00053145
v 0.13875 0.05981136 -0.000552615
v 0.133125 0.05981136 -0.000552615
v 0.13875 0.05987058 -0.000568755
v 0.133125 0.05987058 -0.000568755
v 0.13875 0.05993346 -0.000579855
v 0.133125 0.063427815 -0.01054974
v 0.13875 0.063427815 -0.01054974
v 0.13875 0.06332028 -0.010579125
v 0.133125 0.0635316 -0.010510515
v 0.133125 0.06332028 -0.010579125
v 0.13875 0.063215175 -0.01060608
v 0.133125 0.063215175 -0.01060608
v 0.13875 0.063112515 -0.010630635
v 0.133125 0.063112515 -0.010630635
v 0.13875 0.06301227 -0.010652775
v 0.133125 0.06301227 -0.010652775
v 0.13875 0.062914455 -0.010672485
v 0.133125 0.062914455 -0.010672485
v 0.13875 0.062819085 -0.010689795
v 0.133125 0.062819085 -0.010689795
v 0.13875 0.06272613 -0.010704675
v 0.133125 0.06272613 -0.010704675
v 0.13875 0.062635605 -0.01071714
v 0.133125 0.062635605 -0.01071714
v 0.13875 0.062547525 -0.01072719
v 0.133125 0.062547525 -0.01072719
v 0.13875 0.06246186 -0.010734825
v 0.133125 0.06246186 -0.010734825
v 0.13875 0.06237864 -0.010740045
v 0.133125 0.06237864 -0.010740045
v 0.13875 0.062297835 -0.01074285
v 0.133125 0.062297835 -0.01074285
v 0.13875 0.06221946 -0.01074324
v 0.133125 0.06221946 -0.01074324
v 0.13875 0.06214413 -0.01074099
v 0.133125 0.06214413 -0.01074099
v 0.13875 0.06207225 -0.010735965
v 0.133125 0.06207225 -0.010735965
v 0.13875 0.061970235 -0.01072344
v 0.133125 0.061970235 -0.01072344
v 0.13875 0.061874235 -0.010705275
v 0.133125 0.061874235 -0.010705275
v 0.13875 0.061783275 -0.010681845
v 0.133125 0.061783275 -0.010681845
v 0.13875 0.061696275 -0.010653495
v 0.133125 0.061696275 -0.010653495
v 0.13875 0.06161223 -0.01062063
v 0.133125 0.06161223 -0.01062063
v 0.13875 0.06153012 -0.010583595
v 0.133125 0.06153012 -0.010583595
v 0.13875 0.061475925 -0.010556775
v 0.133125 0.061475925 -0.010556775
v 0.13875 0.06142185 -0.01052838
v 0.133125 0.06142185 -0.01052838
v 0.13875 0.061368405 -0.01049835
v 0.133125 0.061368405 -0.01049835
v 0.13875 0.06131631 -0.01046652
v 0.133125 0.06131631 -0.01046652
v 0.13875 0.061265505 -0.010432845
v 0.133125 0.061265505 -0.010432845
v 0.13875 0.0612159 -0.010397295
v 0.133125 0.0612159 -0.010397295
v 0.13875 0.061167435 -0.01035981
v 0.133125 0.061167435 -0.01035981
v 0.13875 0.06112002 -0.01032036
v 0.133125 0.06112002 -0.01032036
v 0.13875 0.06107361 -0.010278885
v 0.133125 0.06107361 -0.010278885
v 0.13875 0.0610281 -0.01023537
v 0.133125 0.0610281 -0.01023537
v 0.13875 0.06098343 -0.01018974
v 0.133125 0.06098343 -0.01018974
v 0.13875 0.060939525 -0.01014198
v 0.133125 0.060939525 -0.01014198
v 0.13875 0.06089631 -0.010092015
v 0.133125 0.06089631 -0.010092015
v 0.13875 0.060853725 -0.01003983
v 0.133125 0.060853725 -0.01003983
v 0.13875 0.06081168 -0.009985365
v 0.133125 0.06081168 -0.009985365
v 0.13875 0.060770325 -0.00992853
v 0.133125 0.060770325 -0.00992853
v 0.13875 0.06072987 -0.00986928
v 0.133125 0.06072987 -0.00986928
v 0.13875 0.060690255 -0.009807705
v 0.133125 0.060690255 -0.009807705
v 0.13875 0.06065148 -0.009743895
v 0.133125 0.06065148 -0.009743895
v 0.13875 0.0606135 -0.00967791
v 0.133125 0.0606135 -0.00967791
v 0.13875 0.0605763 -0.00960987
v 0.133125 0.0605763 -0.00960987
v 0.13875 0.060539835 -0.009539835
v 0.133125 0.060539835 -0.009539835
v 0.13875 0.060504075 -0.009467895
v 0.133125 0.060504075 -0.009467895
v 0.13875 0.06046902 -0.00939411
v 0.133125 0.06046902 -0.00939411
v 0.13875 0.06043461 -0.0093186
v 0.133125 0.06043461 -0.0093186
v 0.13875 0.06040083 -0.009241425
v 0.133125 0.06040083 -0.009241425
v 0.13875 0.06036765 -0.00916266
v 0.133125 0.06036765 -0.00916266
v 0.13875 0.06033504 -0.00908241
v 0.133125 0.06033504 -0.00908241
v 0.13875 0.06030318 -0.008999655
v 0.133125 0.06030318 -0.008999655
v 0.13875 0.06027219 -0.008913585
v 0.133125 0.06027219 -0.008913585
v 0.13875 0.060241995 -0.00882471
v 0.133125 0.060241995 -0.00882471
v 0.13875 0.06021258 -0.008733435
v 0.133125 0.06021258 -0.008733435
v 0.13875 0.06018384 -0.00864024
v 0.133125 0.06018384 -0.00864024
v 0.13875 0.060155715 -0.00854559
v 0.133125 0.060155715 -0.00854559
v 0.13875 0.06012816 -0.00844992
v 0.133125 0.06012816 -0.00844992
v 0.13875 0.060101115 -0.008353695
v 0.133125 0.060101115 -0.008353695
v 0.13875 0.06007449 -0.00825735
v 0.133125 0.06007449 -0.00825735
v 0.13875 0.06004824 -0.00816138
v 0.133125 0.06004824 -0.00816138
v 0.13875 0.060022305 -0.008066205
v 0.133125 0.060022305 -0.008066205
v 0.13875 0.059996625 -0.007972305
v 0.133125 0.059996625 -0.007972305
v 0.13875 0.059971125 -0.007880115
v 0.133125 0.059971125 -0.007880115
v 0.13875 0.059946135 -0.007788495
v 0.133125 0.059946135 -0.007788495
v 0.13875 0.059922 -0.007696215
v 0.133125 0.059922 -0.007696215
v 0.13875 0.059898555 -0.007603515
v 0.133125 0.059898555 -0.007603515
v 0.13875 0.059875665 -0.00751065
v 0.133125 0.059875665 -0.00751065
v 0.13875 0.059853225 -0.00741792
v 0.133125 0.059853225 -0.00741792
v 0.13875 0.0598311 -0.00732555
v 0.133125 0.0598311 -0.00732555
v 0.13875 0.05980914 -0.007233825
v 0.133125 0.05980914 -0.007233825
v 0.13875 0.059787225 -0.007143015
v 0.133125 0.059787225 -0.007143015
v 0.13875 0.059765235 -0.00705336
v 0.133125 0.059765235 -0.00705336
v 0.13875 0.059743005 -0.006965145
v 0.133125 0.059743005 -0.006965145
v 0.13875 0.05972046 -0.006878625
v 0.133125 0.05972046 -0.006878625
v 0.13875 0.059697405 -0.00679407
v 0.133125 0.059697405 -0.00679407
v 0.13875 0.059673765 -0.006711735
v 0.133125 0.059673765 -0.006711735
v 0.13875 0.059649825 -0.006631065
v 0.133125 0.059649825 -0.006631065
v 0.13875 0.059625975 -0.006551385
v 0.133125 0.059625975 -0.006551385
v 0.13875 0.05960211 -0.006472785
v 0.133125 0.05960211 -0.006472785
v 0.13875 0.05957817 -0.006395385
v 0.133125 0.05957817 -0.006395385
v 0.13875 0.05955408 -0.006319305
v 0.133125 0.05955408 -0.006319305
v 0.13875 0.05952978 -0.006244635
v 0.133125 0.05952978 -0.006244635
v 0.13875 0.05950518 -0.006171495
v 0.133125 0.05950518 -0.006171495
v 0.13875 0.059480205 -0.00609999
v 0.133125 0.059480205 -0.00609999
v 0.13875 0.059454795 -0.006030225
v 0.133125 0.059454795 -0.006030225
v 0.13875 0.05942886 -0.005962305
v 0.133125 0.05942886 -0.005962305
v 0.13875 0.05940234 -0.00589635
v 0.133125 0.05940234 -0.00589635
v 0.13875 0.05937516 -0.005832465
v 0.133125 0.05937516 -0.005832465
v 0.13875 0.05934723 -0.00577074
v 0.133125 0.05934723 -0.00577074
v 0.13875 0.0593187 -0.005711025
v 0.133125 0.0593187 -0.005711025
v 0.13875 0.059289705 -0.005653095
v 0.133125 0.059289705 -0.005653095
v 0.13875 0.05926026 -0.005596965
v 0.133125 0.05926026 -0.005596965
v 0.13875 0.059230335 -0.005542635
v 0.133125 0.059230335 -0.005542635
v 0.13875 0.05919993 -0.005490105
v 0.133125 0.05919993 -0.005490105
v 0.13875 0.059169015 -0.005439405
v 0.133125 0.059169015 -0.005439405
v 0.13875 0.05913759 -0.005390535
v 0.133125 0.05913759 -0.005390535
v 0.13875 0.05910564 -0.005343495
v 0.133125 0.05910564 -0.005343495
v 0.13875 0.05907315 -0.0052983
v 0.133125 0.05907315 -0.0052983
v 0.13875 0.059040105 -0.005254965
v 0.133125 0.059040105 -0.005254965
v 0.13875 0.059006505 -0.005213505
v 0.133125 0.059006505 -0.005213505
v 0.13875 0.058955025 -0.00515481
v 0.133125 0.058955025 -0.00515481
v 0.13875 0.05890224 -0.005100345
v 0.133125 0.05890224 -0.005100345
v 0.13875 0.05884821 -0.00505005
v 0.133125 0.05884821 -0.00505005
v 0.13875 0.05879295 -0.005003925
v 0.133125 0.05879295 -0.005003925
v 0.13875 0.05873646 -0.00496197
v 0.133125 0.05873646 -0.00496197
v 0.13875 0.05867874 -0.004924185
v 0.133125 0.05867874 -0.004924185
v 0.13875 0.058619805 -0.00489057
v 0.133125 0.058619805 -0.00489057
v 0.13875 0.058559625 -0.004861125
v 0.133125 0.058559625 -0.004861125
v 0.13875 0.05849823 -0.004835835
v 0.133125 0.05849823 -0.004835835
v 0.13875 0.058435605 -0.00481473
v 0.133125 0.058435605 -0.00481473
v 0.13875 0.058372905 -0.00479508
v 0.133125 0.058372905 -0.00479508
v 0.13875 0.058308765 -0.00477948
v 0.133125 0.058308765 -0.00477948
v 0.13875 0.058243185 -0.004767945
v 0.133125 0.058243185 -0.004767945
v 0.13875 0.05817615 -0.00476046
v 0.133125 0.05817615 -0.00476046
v 0.13875 0.058107675 -0.004757025
v 0.133125 0.058107675 -0.004757025
v 0.13875 0.058037745 -0.00475764
v 0.133125 0.058037745 -0.00475764
v 0.13875 0.05796636 -0.00476232
v 0.133125 0.05796636 -0.00476232
v 0.13875 0.057893535 -0.004771035
v 0.133125 0.057893535 -0.004771035
v 0.13875 0.05781927 -0.004783815
v 0.133125 0.05781927 -0.004783815
v 0.13875 0.057743685 -0.00480066
v 0.133125 0.057743685 -0.00480066
v 0.13875 0.057692535 -0.00481413
v 0.133125 0.057692535 -0.00481413
v 0.13875 0.057640785 -0.004829415
v 0.133125 0.057640785 -0.004829415
v 0.13875 0.05758839 -0.0048465
v 0.133125 0.05758839 -0.0048465
v 0.13875 0.05753535 -0.0048654
v 0.133125 0.05753535 -0.0048654
v 0.13875 0.05748162 -0.004886085
v 0.133125 0.05748162 -0.004886085
v 0.13875 0.0574272 -0.004908555
v 0.133125 0.0574272 -0.004908555
v 0.13875 0.057372075 -0.00493284
v 0.133125 0.057372075 -0.00493284
v 0.13875 0.0573162 -0.00495891
v 0.133125 0.0573162 -0.00495891
v 0.13875 0.057259575 -0.00498678
v 0.133125 0.057259575 -0.00498678
v 0.13875 0.057202185 -0.00501645
v 0.133125 0.057202185 -0.00501645
v 0.13875 0.057144 -0.00504789
v 0.133125 0.057144 -0.00504789
v 0.13875 0.057085095 -0.00508134
v 0.133125 0.057085095 -0.00508134
v 0.13875 0.05702559 -0.00511689
v 0.133125 0.05702559 -0.00511689
v 0.13875 0.05696541 -0.005154465
v 0.133125 0.05696541 -0.005154465
v 0.13875 0.056904555 -0.005193975
v 0.133125 0.056904555 -0.005193975
v 0.13875 0.056842965 -0.0052353
v 0.133125 0.056842965 -0.0052353
v 0.13875 0.056780655 -0.005278365
v 0.133125 0.056780655 -0.005278365
v 0.13875 0.056717535 -0.00532305
v 0.133125 0.056717535 -0.00532305
v 0.13875 0.05665362 -0.00536928
v 0.133125 0.05665362 -0.00536928
v 0.13875 0.056588865 -0.005416965
v 0.133125 0.056588865 -0.005416965
v 0.13875 0.056523225 -0.005465985
v 0.133125 0.056523225 -0.005465985
v 0.13875 0.056456685 -0.00551625
v 0.133125 0.056456685 -0.00551625
v 0.13875 0.056389215 -0.00556767
v 0.133125 0.056389215 -0.00556767
v 0.13875 0.056320785 -0.005620155
v 0.133125 0.056320785 -0.005620155
v 0.13875 0.056251065 -0.00567462
v 0.133125 0.056251065 -0.00567462
v 0.13875 0.056179905 -0.005731815
v 0.133125 0.056179905 -0.005731815
v 0.13875 0.05610747 -0.00579132
v 0.133125 0.05610747 -0.00579132
v 0.13875 0.056033955 -0.005852745
v 0.133125 0.056033955 -0.005852745
v 0.13875 0.05595951 -0.00591567
v 0.133125 0.05595951 -0.00591567
v 0.13875 0.055884315 -0.00597972
v 0.133125 0.055884315 -0.00597972
v 0.13875 0.05580855 -0.00604446
v 0.133125 0.05580855 -0.00604446
v 0.13875 0.05573238 -0.006109515
v 0.133125 0.05573238 -0.006109515
v 0.13875 0.055656 -0.006174465
v 0.133125 0.055656 -0.006174465
v 0.13875 0.05557956 -0.00623892
v 0.133125 0.05557956 -0.00623892
v 0.13875 0.05550324 -0.00630246
v 0.133125 0.05550324 -0.00630246
v 0.13875 0.05542722 -0.00636468
v 0.133125 0.05542722 -0.00636468
v 0.13875 0.05535168 -0.006425205
v 0.133125 0.05535168 -0.006425205
v 0.13875 0.055276095 -0.006485205
v 0.133125 0.055276095 -0.006485205
v 0.13875 0.05519994 -0.006545955
v 0.133125 0.05519994 -0.006545955
v 0.13875 0.05512335 -0.006607095
v 0.133125 0.05512335 -0.006607095
v 0.13875 0.05504646 -0.00666831
v 0.133125 0.05504646 -0.00666831
v 0.13875 0.05496942 -0.00672927
v 0.133125 0.05496942 -0.00672927
v 0.13875 0.05489238 -0.00678963
v 0.133125 0.05489238 -0.00678963
v 0.13875 0.054815445 -0.006849075
v 0.133125 0.054815445 -0.006849075
v 0.13875 0.054738765 -0.00690726
v 0.133125 0.054738765 -0.00690726
v 0.13875 0.05466249 -0.00696387
v 0.133125 0.05466249 -0.00696387
v 0.13875 0.054586755 -0.007018575
v 0.133125 0.054586755 -0.007018575
v 0.13875 0.054511695 -0.007071015
v 0.133125 0.054511695 -0.007071015
v 0.13875 0.05443746 -0.00712089
v 0.133125 0.05443746 -0.00712089
v 0.13875 0.054364155 -0.007167855
v 0.133125 0.054364155 -0.007167855
v 0.13875 0.054291585 -0.00721251
v 0.133125 0.054291585 -0.00721251
v 0.13875 0.05421945 -0.007255635
v 0.133125 0.05421945 -0.007255635
v 0.13875 0.05414775 -0.007297125
v 0.133125 0.05414775 -0.007297125
v 0.13875 0.054076515 -0.00733692
v 0.133125 0.054076515 -0.00733692
v 0.13875 0.05400576 -0.007374945
v 0.133125 0.05400576 -0.007374945
v 0.13875 0.053935515 -0.00741111
v 0.133125 0.053935515 -0.00741111
v 0.13875 0.053865795 -0.007445325
v 0.133125 0.053865795 -0.007445325
v 0.13875 0.053796615 -0.007477545
v 0.133125 0.053796615 -0.007477545
v 0.13875 0.053728005 -0.007507665
v 0.133125 0.053728005 -0.007507665
v 0.13875 0.05365998 -0.00753561
v 0.133125 0.05365998 -0.00753561
v 0.13875 0.053592555 -0.007561305
v 0.133125 0.053592555 -0.007561305
v 0.13875 0.05352576 -0.007584675
v 0.133125 0.05352576 -0.007584675
v 0.13875 0.05345961 -0.00760563
v 0.133125 0.05345961 -0.00760563
v 0.13875 0.05339424 -0.007624305
v 0.133125 0.05339424 -0.007624305
v 0.13875 0.053329725 -0.007640895
v 0.133125 0.053329725 -0.007640895
v 0.13875 0.05326596 -0.007655355
v 0.133125 0.05326596 -0.007655355
v 0.13875 0.053202885 -0.007667685
v 0.133125 0.053202885 -0.007667685
v 0.13875 0.053140425 -0.00767787
v 0.133125 0.053140425 -0.00767787
v 0.13875 0.053078475 -0.00768591
v 0.133125 0.053078475 -0.00768591
v 0.13875 0.053016975 -0.00769179
v 0.133125 0.053016975 -0.00769179
v 0.13875 0.05295585 -0.00769548
v 0.133125 0.05295585 -0.00769548
v 0.13875 0.052894995 -0.00769698
v 0.133125 0.052894995 -0.00769698
v 0.13875 0.05283435 -0.007696275
v 0.133125 0.05283435 -0.007696275
v 0.13875 0.05277384 -0.00769335
v 0.133125 0.05277384 -0.00769335
v 0.13875 0.052713375 -0.00768819
v 0.133125 0.052713375 -0.00768819
v 0.13875 0.0526227 -0.0076764
v 0.133125 0.0526227 -0.0076764
v 0.13875 0.052533525 -0.007661295
v 0.133125 0.052533525 -0.007661295
v 0.13875 0.05244582 -0.00764265
v 0.133125 0.05244582 -0.00764265
v 0.13875 0.05235897 -0.007619535
v 0.133125 0.05235897 -0.007619535
v 0.13875 0.05227236 -0.00759108
v 0.133125 0.05227236 -0.00759108
v 0.13875 0.05218542 -0.007556385
v 0.133125 0.05218542 -0.007556385
v 0.13875 0.052097505 -0.00751452
v 0.133125 0.052097505 -0.00751452
v 0.13875 0.052008045 -0.007464615
v 0.133125 0.052008045 -0.007464615
v 0.13875 0.051947235 -0.007426425
v 0.133125 0.051947235 -0.007426425
v 0.13875 0.051885285 -0.00738399
v 0.133125 0.051885285 -0.00738399
v 0.13875 0.051822435 -0.00733767
v 0.133125 0.051822435 -0.00733767
v 0.13875 0.051759045 -0.007288005
v 0.133125 0.051759045 -0.007288005
v 0.13875 0.051695115 -0.007234965
v 0.133125 0.051695115 -0.007234965
v 0.13875 0.05163063 -0.00717858
v 0.133125 0.05163063 -0.00717858
v 0.13875 0.051565605 -0.007118835
v 0.133125 0.051565605 -0.007118835
v 0.13875 0.05150004 -0.007055745
v 0.133125 0.05150004 -0.007055745
v 0.13875 0.051433935 -0.00698928
v 0.133125 0.051433935 -0.00698928
v 0.13875 0.051367275 -0.006919485
v 0.133125 0.051367275 -0.006919485
v 0.13875 0.051300075 -0.006846315
v 0.133125 0.051300075 -0.006846315
v 0.13875 0.051232335 -0.006769785
v 0.133125 0.051232335 -0.006769785
v 0.13875 0.051164055 -0.00668991
v 0.133125 0.051164055 -0.00668991
v 0.13875 0.05109522 -0.00660669
v 0.133125 0.05109522 -0.00660669
v 0.13875 0.05102586 -0.006520095
v 0.133125 0.05102586 -0.006520095
v 0.13875 0.05096469 -0.0064269
v 0.133125 0.05096469 -0.0064269
v 0.13875 0.050906565 -0.00633528
v 0.133125 0.050906565 -0.00633528
v 0.13875 0.050851485 -0.00624522
v 0.133125 0.050851485 -0.00624522
v 0.13875 0.050799465 -0.00615672
v 0.133125 0.050799465 -0.00615672
v 0.13875 0.050750475 -0.006069795
v 0.133125 0.050750475 -0.006069795
v 0.13875 0.050704545 -0.00598443
v 0.133125 0.050704545 -0.00598443
v 0.13875 0.050661675 -0.005900625
v 0.133125 0.050661675 -0.005900625
v 0.13875 0.050621835 -0.005818395
v 0.133125 0.050621835 -0.005818395
v 0.13875 0.050585055 -0.005737725
v 0.133125 0.050585055 -0.005737725
v 0.13875 0.050551335 -0.005658615
v 0.133125 0.050551335 -0.005658615
v 0.13875 0.050520645 -0.005581065
v 0.133125 0.050520645 -0.005581065
v 0.13875 0.050493015 -0.00550509
v 0.133125 0.050493015 -0.00550509
v 0.13875 0.05046843 -0.005430675
v 0.133125 0.05046843 -0.005430675
v 0.13875 0.050447295 -0.005358345
v 0.133125 0.050447295 -0.005358345
v 0.13875 0.050429865 -0.00528843
v 0.133125 0.050429865 -0.00528843
v 0.13875 0.050410245 -0.005187525
v 0.133125 0.050410245 -0.005187525
v 0.13875 0.050397855 -0.005090625
v 0.133125 0.050397855 -0.005090625
v 0.13875 0.05039202 -0.00499686
v 0.133125 0.05039202 -0.00499686
v 0.13875 0.050392095 -0.00490536
v 0.133125 0.050392095 -0.00490536
v 0.13875 0.05039739 -0.004815285
v 0.133125 0.05039739 -0.004815285
v 0.13875 0.05040723 -0.004725735
v 0.133125 0.05040723 -0.004725735
v 0.13875 0.050416005 -0.004665915
v 0.133125 0.050416005 -0.004665915
v 0.13875 0.050426295 -0.004605705
v 0.133125 0.050426295 -0.004605705
v 0.13875 0.05043834 -0.004545585
v 0.133125 0.05043834 -0.004545585
v 0.13875 0.050452515 -0.004486215
v 0.133125 0.050452515 -0.004486215
v 0.13875 0.050468835 -0.00442749
v 0.133125 0.050468835 -0.00442749
v 0.13875 0.05048733 -0.004369335
v 0.133125 0.05048733 -0.004369335
v 0.13875 0.050508 -0.004311645
v 0.133125 0.050508 -0.004311645
v 0.13875 0.05053086 -0.004254375
v 0.133125 0.05053086 -0.004254375
v 0.13875 0.050555955 -0.00419742
v 0.133125 0.050555955 -0.00419742
v 0.13875 0.050583285 -0.00414069
v 0.133125 0.050583285 -0.00414069
v 0.13875 0.05061288 -0.00408411
v 0.133125 0.05061288 -0.00408411
v 0.13875 0.05064474 -0.00402759
v 0.133125 0.05064474 -0.00402759
v 0.13875 0.050678895 -0.003971055
v 0.133125 0.050678895 -0.003971055
v 0.13875 0.050715375 -0.003914415
v 0.133125 0.050715375 -0.003914415
v 0.13875 0.05075418 -0.003857595
v 0.133125 0.05075418 -0.003857595
v 0.13875 0.05079546 -0.003800715
v 0.133125 0.05079546 -0.003800715
v 0.13875 0.050839305 -0.003743925
v 0.133125 0.050839305 -0.003743925
v 0.13875 0.050885625 -0.003687225
v 0.133125 0.050885625 -0.003687225
v 0.13875 0.05093433 -0.00363063
v 0.133125 0.05093433 -0.00363063
v 0.13875 0.05098533 -0.00357411
v 0.133125 0.05098533 -0.00357411
v 0.13875 0.05103855 -0.00351771
v 0.133125 0.05103855 -0.00351771
v 0.13875 0.0510939 -0.003461385
v 0.133125 0.0510939 -0.003461385
v 0.13875 0.051151275 -0.00340515
v 0.133125 0.051151275 -0.00340515
v 0.13875 0.0512106 -0.003349005
v 0.133125 0.0512106 -0.003349005
v 0.13875 0.051271785 -0.003292935
v 0.133125 0.051271785 -0.003292935
v 0.13875 0.051334755 -0.00323697
v 0.133125 0.051334755 -0.00323697
v 0.13875 0.05139939 -0.00318108
v 0.133125 0.05139939 -0.00318108
v 0.13875 0.051465645 -0.003125265
v 0.133125 0.051465645 -0.003125265
v 0.13875 0.05153451 -0.003069375
v 0.133125 0.05153451 -0.003069375
v 0.13875 0.05160678 -0.003013305
v 0.133125 0.05160678 -0.003013305
v 0.13875 0.05168199 -0.002957145
v 0.133125 0.05168199 -0.002957145
v 0.13875 0.05175969 -0.002900955
v 0.133125 0.05175969 -0.002900955
v 0.13875 0.051839445 -0.002844825
v 0.133125 0.051839445 -0.002844825
v 0.13875 0.051920775 -0.00278883
v 0.133125 0.051920775 -0.00278883
v 0.13875 0.05200326 -0.00273306
v 0.133125 0.05200326 -0.00273306
v 0.13875 0.05208642 -0.00267759
v 0.133125 0.05208642 -0.00267759
v 0.13875 0.052169805 -0.00262251
v 0.133125 0.052169805 -0.00262251
v 0.13875 0.05225298 -0.002567895
v 0.133125 0.05225298 -0.002567895
v 0.13875 0.05233548 -0.00251382
v 0.133125 0.05233548 -0.00251382
v 0.13875 0.052416855 -0.00246036
v 0.133125 0.052416855 -0.00246036
v 0.13875 0.05249664 -0.00240762
v 0.133125 0.05249664 -0.00240762
v 0.13875 0.05257605 -0.002355555
v 0.133125 0.05257605 -0.002355555
v 0.13875 0.05265636 -0.002304075
v 0.133125 0.05265636 -0.002304075
v 0.13875 0.052737285 -0.002253135
v 0.133125 0.052737285 -0.002253135
v 0.13875 0.052818525 -0.002202675
v 0.133125 0.052818525 -0.002202675
v 0.13875 0.052899795 -0.00215268
v 0.133125 0.052899795 -0.00215268
v 0.13875 0.052980795 -0.00210309
v 0.133125 0.052980795 -0.00210309
v 0.13875 0.05306124 -0.00205386
v 0.133125 0.05306124 -0.00205386
v 0.13875 0.053140845 -0.002004945
v 0.133125 0.053140845 -0.002004945
v 0.13875 0.05321931 -0.00195633
v 0.133125 0.05321931 -0.00195633
v 0.13875 0.053296335 -0.00190794
v 0.133125 0.053296335 -0.00190794
v 0.13875 0.05337165 -0.001859745
v 0.133125 0.05337165 -0.001859745
v 0.13875 0.053444955 -0.0018117
v 0.133125 0.053444955 -0.0018117
v 0.13875 0.05351595 -0.001763775
v 0.133125 0.05351595 -0.001763775
v 0.13875 0.053585265 -0.001716075
v 0.133125 0.053585265 -0.001716075
v 0.13875 0.05365368 -0.001668765
v 0.133125 0.05365368 -0.001668765
v 0.13875 0.05372106 -0.001621785
v 0.133125 0.05372106 -0.001621785
v 0.13875 0.05378727 -0.001575105
v 0.133125 0.05378727 -0.001575105
v 0.13875 0.05385219 -0.00152868
v 0.133125 0.05385219 -0.00152868
v 0.13875 0.053915685 -0.001482495
v 0.133125 0.053915685 -0.001482495
v 0.13875 0.05397765 -0.00143649
v 0.133125 0.05397765 -0.00143649
v 0.13875 0.054037935 -0.00139065
v 0.133125 0.054037935 -0.00139065
v 0.13875 0.054096435 -0.001344915
v 0.133125 0.054096435 -0.001344915
v 0.13875 0.054153015 -0.00129927
v 0.133125 0.054153015 -0.00129927
v 0.13875 0.054207555 -0.00125367
v 0.133125 0.054207555 -0.00125367
v 0.13875 0.05425992 -0.00120807
v 0.133125 0.05425992 -0.00120807
v 0.13875 0.05430999 -0.00116244
v 0.133125 0.05430999 -0.00116244
v 0.13875 0.05435796 -0.001116855
v 0.133125 0.05435796 -0.001116855
v 0.13875 0.054404085 -0.001071375
v 0.133125 0.054404085 -0.001071375
v 0.13875 0.05444838 -0.00102603
v 0.133125 0.05444838 -0.00102603
v 0.13875 0.0544908 -0.000980775
v 0.133125 0.0544908 -0.000980775
v 0.13875 0.05453136 -0.000935625
v 0.133125 0.05453136 -0.000935625
v 0.13875 0.05457003 -0.00089055
v 0.133125 0.05457003 -0.00089055
v 0.13875 0.054606795 -0.000845565
v 0.133125 0.054606795 -0.000845565
v 0.13875 0.054641655 -0.00080064
v 0.133125 0.054641655 -0.00080064
v 0.13875 0.054674595 -0.000755775
v 0.133125 0.054674595 -0.000755775
v 0.13875 0.0547056 -0.00071097
v 0.133125 0.0547056 -0.00071097
v 0.13875 0.054734655 -0.000666195
v 0.133125 0.054734655 -0.000666195
v 0.13875 0.05477457 -0.0005991
v 0.133125 0.05477457 -0.0005991
v 0.13875 0.05481006 -0.00053205
v 0.133125 0.05481006 -0.00053205
v 0.13875 0.054841185 -0.000465135
v 0.133125 0.054841185 -0.000465135
v 0.13875 0.054867975 -0.000398325
v 0.133125 0.054867975 -0.000398325
v 0.13875 0.05489043 -0.000331635
v 0.133125 0.05489043 -0.000331635
v 0.13875 0.05490852 -0.00026508
v 0.133125 0.05490852 -0.00026508
v 0.13875 0.05492229 -0.00019863
v 0.133125 0.05492229 -0.00019863
v 0.13875 0.054931695 -0.0001323
v 0.133125 0.054931695 -0.0001323
v 0.13875 0.05493678 -6.609e-05
v 0.133125 0.05493678 -6.609e-05
v 0.13875 0.0549375 0
v 0.133125 0.0549375 0
v 0.13875 0.05493681 6.57e-05
v 0.133125 0.05493681 6.57e-05
v 0.13875 0.054931815 0.000131505
v 0.133125 0.054931815 0.000131505
v 0.13875 0.05492253 0.00019746
v 0.133125 0.05492253 0.00019746
v 0.13875 0.054908925 0.00026352
v 0.133125 0.054908925 0.00026352
v 0.13875 0.05489103 0.000329715
v 0.133125 0.05489103 0.000329715
v 0.13875 0.054868845 0.00039603
v 0.133125 0.054868845 0.00039603
v 0.13875 0.05484234 0.000462465
v 0.133125 0.05484234 0.000462465
v 0.13875 0.05481153 0.000529035
v 0.133125 0.05481153 0.000529035
v 0.13875 0.05477643 0.000595725
v 0.133125 0.05477643 0.000595725
v 0.13875 0.054737055 0.0006624
v 0.133125 0.054737055 0.0006624
v 0.13875 0.054708435 0.000706875
v 0.133125 0.054708435 0.000706875
v 0.13875 0.05467791 0.000751365
v 0.133125 0.05467791 0.000751365
v 0.13875 0.054645465 0.000795915
v 0.133125 0.054645465 0.000795915
v 0.13875 0.054611115 0.00084054
v 0.133125 0.054611115 0.00084054
v 0.13875 0.054574845 0.00088524
v 0.133125 0.054574845 0.00088524
v 0.13875 0.05453664 0.000930045
v 0.133125 0.05453664 0.000930045
v 0.13875 0.054496515 0.00097497
v 0.133125 0.054496515 0.00097497
v 0.13875 0.054454455 0.00102006
v 0.133125 0.054454455 0.00102006
v 0.13875 0.054410445 0.0010653
v 0.133125 0.054410445 0.0010653
v 0.13875 0.0543645 0.00111072
v 0.133125 0.0543645 0.00111072
v 0.13875 0.054316605 0.001156335
v 0.133125 0.054316605 0.001156335
v 0.13875 0.05426661 0.00120201
v 0.133125 0.05426661 0.00120201
v 0.13875 0.05421441 0.00124764
v 0.133125 0.05421441 0.00124764
v 0.13875 0.054160065 0.001293255
v 0.133125 0.054160065 0.001293255
v 0.13875 0.054103695 0.00133893
v 0.133125 0.054103695 0.00133893
v 0.13875 0.05404536 0.00138471
v 0.133125 0.05404536 0.00138471
v 0.13875 0.05398515 0.001430685
v 0.133125 0.05398515 0.001430685
v 0.13875 0.05392314 0.001476885
v 0.133125 0.05392314 0.001476885
v 0.13875 0.05385942 0.001523385
v 0.133125 0.05385942 0.001523385
v 0.13875 0.053794065 0.001570245
v 0.133125 0.053794065 0.001570245
v 0.13875 0.053727165 0.001617525
v 0.133125 0.053727165 0.001617525
v 0.13875 0.053658795 0.00166527
v 0.133125 0.053658795 0.00166527
v 0.13875 0.05358903 0.001713555
v 0.133125 0.05358903 0.001713555
v 0.13875 0.053517975 0.001762425
v 0.133125 0.053517975 0.001762425
v 0.13875 0.053444625 0.001811895
v 0.133125 0.053444625 0.001811895
v 0.13875 0.05336826 0.001861905
v 0.133125 0.05336826 0.001861905
v 0.13875 0.05328927 0.001912395
v 0.133125 0.05328927 0.001912395
v 0.13875 0.053208135 0.001963335
v 0.133125 0.053208135 0.001963335
v 0.13875 0.053125275 0.002014695
v 0.133125 0.053125275 0.002014695
v 0.13875 0.05304114 0.002066415
v 0.133125 0.05304114 0.002066415
v 0.13875 0.05295615 0.002118465
v 0.133125 0.05295615 0.002118465
v 0.13875 0.05287074 0.0021708
v 0.133125 0.05287074 0.0021708
v 0.13875 0.05278536 0.002223375
v 0.133125 0.05278536 0.002223375
v 0.13875 0.052700445 0.00227616
v 0.133125 0.052700445 0.00227616
v 0.13875 0.05261643 0.00232911
v 0.133125 0.05261643 0.00232911
v 0.13875 0.05253375 0.002382165
v 0.133125 0.05253375 0.002382165
v 0.13875 0.052452855 0.002435325
v 0.133125 0.052452855 0.002435325
v 0.13875 0.052372425 0.002488665
v 0.133125 0.052372425 0.002488665
v 0.13875 0.052291125 0.00254232
v 0.133125 0.052291125 0.00254232
v 0.13875 0.052209315 0.002596275
v 0.133125 0.052209315 0.002596275
v 0.13875 0.05212734 0.00265047
v 0.133125 0.05212734 0.00265047
v 0.13875 0.05204556 0.002704905
v 0.133125 0.05204556 0.002704905
v 0.13875 0.051964335 0.002759535
v 0.133125 0.051964335 0.002759535
v 0.13875 0.051884025 0.00281433
v 0.133125 0.051884025 0.00281433
v 0.13875 0.05180499 0.00286926
v 0.133125 0.05180499 0.00286926
v 0.13875 0.051727575 0.00292431
v 0.133125 0.051727575 0.00292431
v 0.13875 0.051652155 0.002979435
v 0.133125 0.051652155 0.002979435
v 0.13875 0.051579075 0.00303462
v 0.133125 0.051579075 0.00303462
v 0.13875 0.05150871 0.00308982
v 0.133125 0.05150871 0.00308982
v 0.13875 0.05144139 0.00314502
v 0.133125 0.05144139 0.00314502
v 0.13875 0.0513765 0.003200235
v 0.133125 0.0513765 0.003200235
v 0.13875 0.0513132 0.003255525
v 0.133125 0.0513132 0.003255525
v 0.13875 0.05125158 0.00331089
v 0.133125 0.05125158 0.00331089
v 0.13875 0.051191715 0.00336633
v 0.133125 0.051191715 0.00336633
v 0.13875 0.051133695 0.003421875
v 0.133125 0.051133695 0.003421875
v 0.13875 0.051077595 0.00347751
v 0.133125 0.051077595 0.00347751
v 0.13875 0.051023505 0.003533235
v 0.133125 0.051023505 0.003533235
v 0.13875 0.050971485 0.00358908
v 0.133125 0.050971485 0.00358908
v 0.13875 0.05092164 0.00364503
v 0.133125 0.05092164 0.00364503
v 0.13875 0.050874045 0.003701085
v 0.133125 0.050874045 0.003701085
v 0.13875 0.05082876 0.00375726
v 0.133125 0.05082876 0.00375726
v 0.13875 0.050785905 0.00381357
v 0.133125 0.050785905 0.00381357
v 0.13875 0.050745525 0.00387
v 0.133125 0.050745525 0.00387
v 0.13875 0.05070756 0.0039264
v 0.133125 0.05070756 0.0039264
v 0.13875 0.05067186 0.00398265
v 0.133125 0.05067186 0.00398265
v 0.13875 0.050638395 0.00403881
v 0.133125 0.050638395 0.00403881
v 0.13875 0.05060718 0.004094985
v 0.133125 0.05060718 0.004094985
v 0.13875 0.050578185 0.00415125
v 0.133125 0.050578185 0.00415125
v 0.13875 0.050551395 0.00420768
v 0.133125 0.050551395 0.00420768
v 0.13875 0.05052681 0.00426435
v 0.133125 0.05052681 0.00426435
v 0.13875 0.0505044 0.00432135
v 0.133125 0.0505044 0.00432135
v 0.13875 0.05048418 0.004378755
v 0.133125 0.05048418 0.004378755
v 0.13875 0.050466105 0.004436655
v 0.133125 0.050466105 0.004436655
v 0.13875 0.05045019 0.00449511
v 0.133125 0.05045019 0.00449511
v 0.13875 0.050436405 0.004554225
v 0.133125 0.050436405 0.004554225
v 0.13875 0.050419605 0.00464409
v 0.133125 0.050419605 0.00464409
v 0.13875 0.050406405 0.004733565
v 0.133125 0.050406405 0.004733565
v 0.13875 0.050397045 0.00482274
v 0.133125 0.050397045 0.00482274
v 0.13875 0.05039217 0.004912485
v 0.133125 0.05039217 0.004912485
v 0.13875 0.050392485 0.00500364
v 0.133125 0.050392485 0.00500364
v 0.13875 0.05039862 0.00509706
v 0.133125 0.05039862 0.00509706
v 0.13875 0.050411265 0.0051936
v 0.133125 0.050411265 0.0051936
v 0.13875 0.05043108 0.005294115
v 0.133125 0.05043108 0.005294115
v 0.13875 0.0504486 0.005363745
v 0.133125 0.0504486 0.005363745
v 0.13875 0.050469825 0.005435775
v 0.133125 0.050469825 0.005435775
v 0.13875 0.050494455 0.00550986
v 0.133125 0.050494455 0.00550986
v 0.13875 0.0505221 0.005585505
v 0.133125 0.0505221 0.005585505
v 0.13875 0.05055279 0.005662695
v 0.133125 0.05055279 0.005662695
v 0.13875 0.05058648 0.005741445
v 0.133125 0.05058648 0.005741445
v 0.13875 0.050623215 0.00582174
v 0.133125 0.050623215 0.00582174
v 0.13875 0.050662965 0.005903595
v 0.133125 0.050662965 0.005903595
v 0.13875 0.05070573 0.00598701
v 0.133125 0.05070573 0.00598701
v 0.13875 0.050751525 0.00607197
v 0.133125 0.050751525 0.00607197
v 0.13875 0.05080035 0.00615849
v 0.133125 0.05080035 0.00615849
v 0.13875 0.05085219 0.006246555
v 0.133125 0.05085219 0.006246555
v 0.13875 0.05090706 0.00633618
v 0.133125 0.05090706 0.00633618
v 0.13875 0.050964945 0.006427365
v 0.133125 0.050964945 0.006427365
v 0.13875 0.05102586 0.006520095
v 0.133125 0.05102586 0.006520095
v 0.13875 0.05109558 0.00660708
v 0.133125 0.05109558 0.00660708
v 0.13875 0.05116476 0.00669066
v 0.133125 0.05116476 0.00669066
v 0.13875 0.0512334 0.00677088
v 0.133125 0.0512334 0.00677088
v 0.13875 0.051301485 0.00684771
v 0.133125 0.051301485 0.00684771
v 0.13875 0.05136903 0.00692115
v 0.133125 0.05136903 0.00692115
v 0.13875 0.05143602 0.0069912
v 0.133125 0.05143602 0.0069912
v 0.13875 0.05150247 0.00705789
v 0.133125 0.05150247 0.00705789
v 0.13875 0.051568365 0.007121175
v 0.133125 0.051568365 0.007121175
v 0.13875 0.051633735 0.007181085
v 0.133125 0.051633735 0.007181085
v 0.13875 0.051698535 0.00723762
v 0.133125 0.051698535 0.00723762
v 0.13875 0.05176281 0.00729075
v 0.133125 0.05176281 0.00729075
v 0.13875 0.05182653 0.00734052
v 0.133125 0.05182653 0.00734052
v 0.13875 0.051889695 0.0073869
v 0.133125 0.051889695 0.0073869
v 0.13875 0.05195196 0.00742935
v 0.133125 0.05195196 0.00742935
v 0.13875 0.05201307 0.007467525
v 0.133125 0.05201307 0.007467525
v 0.13875 0.052102965 0.00751737
v 0.133125 0.052102965 0.00751737
v 0.13875 0.0521913 0.0075591
v 0.133125 0.0521913 0.0075591
v 0.13875 0.052278675 0.007593615
v 0.133125 0.052278675 0.007593615
v 0.13875 0.05236572 0.007621815
v 0.133125 0.05236572 0.007621815
v 0.13875 0.052453035 0.00764463
v 0.133125 0.052453035 0.00764463
v 0.13875 0.052541235 0.00766293
v 0.133125 0.052541235 0.00766293
v 0.13875 0.05260083 0.007673085
v 0.133125 0.05260083 0.007673085
v 0.13875 0.05266128 0.007681905
v 0.133125 0.05266128 0.007681905
v 0.13875 0.05272218 0.007689015
v 0.133125 0.05272218 0.007689015
v 0.13875 0.05278302 0.007693875
v 0.133125 0.05278302 0.007693875
v 0.13875 0.05284392 0.0076965
v 0.133125 0.05284392 0.0076965
v 0.13875 0.05290494 0.00769689
v 0.133125 0.05290494 0.00769689
v 0.13875 0.052966185 0.00769506
v 0.133125 0.052966185 0.00769506
v 0.13875 0.05302773 0.00769101
v 0.133125 0.05302773 0.00769101
v 0.13875 0.05308965 0.00768474
v 0.133125 0.05308965 0.00768474
v 0.13875 0.05315205 0.00767628
v 0.133125 0.05315205 0.00767628
v 0.13875 0.053215005 0.00766563
v 0.133125 0.053215005 0.00766563
v 0.13875 0.053278605 0.00765279
v 0.133125 0.053278605 0.00765279
v 0.13875 0.053342925 0.007637775
v 0.133125 0.053342925 0.007637775
v 0.13875 0.053408055 0.007620585
v 0.133125 0.053408055 0.007620585
v 0.13875 0.053474085 0.007601235
v 0.133125 0.053474085 0.007601235
v 0.13875 0.053540955 0.00757956
v 0.133125 0.053540955 0.00757956
v 0.13875 0.053608515 0.00755541
v 0.133125 0.053608515 0.00755541
v 0.13875 0.05367675 0.007528875
v 0.133125 0.05367675 0.007528875
v 0.13875 0.05374563 0.007500045
v 0.133125 0.05374563 0.007500045
v 0.13875 0.053815125 0.007468995
v 0.133125 0.053815125 0.007468995
v 0.13875 0.05388522 0.007435815
v 0.133125 0.05388522 0.007435815
v 0.13875 0.0539559 0.00740058
v 0.133125 0.0539559 0.00740058
v 0.13875 0.054027105 0.007363395
v 0.133125 0.054027105 0.007363395
v 0.13875 0.054098835 0.00732432
v 0.133125 0.054098835 0.00732432
v 0.13875 0.05417106 0.007283445
v 0.133125 0.05417106 0.007283445
v 0.13875 0.05424375 0.007240875
v 0.133125 0.05424375 0.007240875
v 0.13875 0.05431689 0.007196655
v 0.133125 0.05431689 0.007196655
v 0.13875 0.054390435 0.00715089
v 0.133125 0.054390435 0.00715089
v 0.13875 0.054464865 0.007102665
v 0.133125 0.054464865 0.007102665
v 0.13875 0.054540525 0.00705126
v 0.133125 0.054540525 0.00705126
v 0.13875 0.05461719 0.006997095
v 0.133125 0.05461719 0.006997095
v 0.13875 0.054694635 0.006940545
v 0.133125 0.054694635 0.006940545
v 0.13875 0.054772665 0.006882045
v 0.133125 0.054772665 0.006882045
v 0.13875 0.054851055 0.006822
v 0.133125 0.054851055 0.006822
v 0.13875 0.05492958 0.0067608
v 0.133125 0.05492958 0.0067608
v 0.13875 0.05500803 0.00669885
v 0.133125 0.05500803 0.00669885
v 0.13875 0.05508618 0.006636555
v 0.133125 0.05508618 0.006636555
v 0.13875 0.055163835 0.006574335
v 0.133125 0.055163835 0.006574335
v 0.13875 0.055240755 0.00651258
v 0.133125 0.055240755 0.00651258
v 0.13875 0.05531673 0.00645171
v 0.133125 0.05531673 0.00645171
v 0.13875 0.05539155 0.006392115
v 0.133125 0.05539155 0.006392115
v 0.13875 0.055465605 0.006332685
v 0.133125 0.055465605 0.006332685
v 0.13875 0.05553939 0.00627222
v 0.133125 0.05553939 0.00627222
v 0.13875 0.055612845 0.006211005
v 0.133125 0.055612845 0.006211005
v 0.13875 0.055685925 0.006149325
v 0.133125 0.055685925 0.006149325
v 0.13875 0.0557586 0.006087495
v 0.133125 0.0557586 0.006087495
v 0.13875 0.055830795 0.00602577
v 0.133125 0.055830795 0.00602577
v 0.13875 0.05590248 0.00596448
v 0.133125 0.05590248 0.00596448
v 0.13875 0.05597358 0.00590388
v 0.133125 0.05597358 0.00590388
v 0.13875 0.05604408 0.005844285
v 0.133125 0.05604408 0.005844285
v 0.13875 0.056113905 0.00578598
v 0.133125 0.056113905 0.00578598
v 0.13875 0.05618301 0.005729235
v 0.133125 0.05618301 0.005729235
v 0.13875 0.05625135 0.00567438
v 0.133125 0.05625135 0.00567438
v 0.13875 0.056318865 0.00562167
v 0.133125 0.056318865 0.00562167
v 0.13875 0.056385645 0.005570475
v 0.133125 0.056385645 0.005570475
v 0.13875 0.056451795 0.00552003
v 0.133125 0.056451795 0.00552003
v 0.13875 0.0565173 0.00547047
v 0.133125 0.0565173 0.00547047
v 0.13875 0.056582145 0.00542193
v 0.133125 0.056582145 0.00542193
v 0.13875 0.05664636 0.00537453
v 0.133125 0.05664636 0.00537453
v 0.13875 0.056709915 0.005328405
v 0.133125 0.056709915 0.005328405
v 0.13875 0.056772795 0.005283705
v 0.133125 0.056772795 0.005283705
v 0.13875 0.05683503 0.00524052
v 0.133125 0.05683503 0.00524052
v 0.13875 0.056896605 0.005199015
v 0.133125 0.056896605 0.005199015
v 0.13875 0.056957505 0.005159325
v 0.133125 0.056957505 0.005159325
v 0.13875 0.05701773 0.00512154
v 0.133125 0.05701773 0.00512154
v 0.13875 0.05707728 0.005085825
v 0.133125 0.05707728 0.005085825
v 0.13875 0.05713614 0.005052315
v 0.133125 0.05713614 0.005052315
v 0.13875 0.057194325 0.00502077
v 0.133125 0.057194325 0.00502077
v 0.13875 0.05725182 0.00499095
v 0.133125 0.05725182 0.00499095
v 0.13875 0.05730864 0.004962855
v 0.133125 0.05730864 0.004962855
v 0.13875 0.057364785 0.004936485
v 0.133125 0.057364785 0.004936485
v 0.13875 0.05742027 0.00491187
v 0.133125 0.05742027 0.00491187
v 0.13875 0.05747508 0.00488901
v 0.133125 0.05747508 0.00488901
v 0.13875 0.05752923 0.00486795
v 0.133125 0.05752923 0.00486795
v 0.13875 0.05758272 0.004848675
v 0.133125 0.05758272 0.004848675
v 0.13875 0.057635565 0.004831215
v 0.133125 0.057635565 0.004831215
v 0.13875 0.057687765 0.00481557
v 0.133125 0.057687765 0.00481557
v 0.13875 0.057739335 0.00480177
v 0.133125 0.057739335 0.00480177
v 0.13875 0.057815475 0.00478455
v 0.133125 0.057815475 0.00478455
v 0.13875 0.057890205 0.004771515
v 0.133125 0.057890205 0.004771515
v 0.13875 0.05796348 0.00476259
v 0.133125 0.05796348 0.00476259
v 0.13875 0.058035285 0.004757745
v 0.133125 0.058035285 0.004757745
v 0.13875 0.05810565 0.00475701
v 0.133125 0.05810565 0.00475701
v 0.13875 0.058174545 0.00476037
v 0.133125 0.058174545 0.00476037
v 0.13875 0.058242 0.00476781
v 0.133125 0.058242 0.00476781
v 0.13875 0.058307985 0.00477936
v 0.133125 0.058307985 0.00477936
v 0.13875 0.058372515 0.00479499
v 0.133125 0.058372515 0.00479499
v 0.13875 0.058435605 0.00481473
v 0.133125 0.058435605 0.00481473
v 0.13875 0.05849787 0.004835685
v 0.133125 0.05849787 0.004835685
v 0.13875 0.05855892 0.004860765
v 0.133125 0.05855892 0.004860765
v 0.13875 0.058618755 0.004889985
v 0.133125 0.058618755 0.004889985
v 0.13875 0.05867739 0.00492333
v 0.133125 0.05867739 0.00492333
v 0.13875 0.058734825 0.0049608
v 0.133125 0.058734825 0.0049608
v 0.13875 0.05879103 0.00500241
v 0.133125 0.05879103 0.00500241
v 0.13875 0.058846035 0.005048145
v 0.133125 0.058846035 0.005048145
v 0.13875 0.058899825 0.005098005
v 0.133125 0.058899825 0.005098005
v 0.13875 0.058952385 0.00515199
v 0.133125 0.058952385 0.00515199
v 0.13875 0.059003655 0.00521004
v 0.133125 0.059003655 0.00521004
v 0.13875 0.05903709 0.005251005
v 0.133125 0.05903709 0.005251005
v 0.13875 0.059069985 0.0052938
v 0.133125 0.059069985 0.0052938
v 0.13875 0.059102325 0.00533841
v 0.133125 0.059102325 0.00533841
v 0.13875 0.05913414 0.005384865
v 0.133125 0.05913414 0.005384865
v 0.13875 0.059165445 0.00543318
v 0.133125 0.059165445 0.00543318
v 0.13875 0.059196255 0.005483355
v 0.133125 0.059196255 0.005483355
v 0.13875 0.059226585 0.005535405
v 0.133125 0.059226585 0.005535405
v 0.13875 0.059256465 0.005589345
v 0.133125 0.059256465 0.005589345
v 0.13875 0.059285895 0.005645175
v 0.133125 0.059285895 0.005645175
v 0.13875 0.05931489 0.00570291
v 0.133125 0.05931489 0.00570291
v 0.13875 0.05934348 0.00576255
v 0.133125 0.05934348 0.00576255
v 0.13875 0.05937147 0.005824215
v 0.133125 0.05937147 0.005824215
v 0.13875 0.059398725 0.005887965
v 0.133125 0.059398725 0.005887965
v 0.13875 0.05942532 0.00595374
v 0.133125 0.05942532 0.00595374
v 0.13875 0.05945133 0.006021465
v 0.133125 0.05945133 0.006021465
v 0.13875 0.05947686 0.006091095
v 0.133125 0.05947686 0.006091095
v 0.13875 0.05950197 0.00616257
v 0.133125 0.05950197 0.00616257
v 0.13875 0.05952675 0.006235815
v 0.133125 0.05952675 0.006235815
v 0.13875 0.05955129 0.0063108
v 0.133125 0.05955129 0.0063108
v 0.13875 0.05957565 0.006387435
v 0.133125 0.05957565 0.006387435
v 0.13875 0.05959995 0.00646566
v 0.133125 0.05959995 0.00646566
v 0.13875 0.05962422 0.006545445
v 0.133125 0.05962422 0.006545445
v 0.13875 0.059648595 0.0066267
v 0.133125 0.059648595 0.0066267
v 0.13875 0.059673105 0.006709395
v 0.133125 0.059673105 0.006709395
v 0.13875 0.059697495 0.00679443
v 0.133125 0.059697495 0.00679443
v 0.13875 0.05972145 0.006882525
v 0.133125 0.05972145 0.006882525
v 0.13875 0.059745075 0.006973245
v 0.133125 0.059745075 0.006973245
v 0.13875 0.059768445 0.007066155
v 0.133125 0.059768445 0.007066155
v 0.13875 0.05979168 0.00716082
v 0.133125 0.05979168 0.00716082
v 0.13875 0.05981487 0.007256835
v 0.133125 0.05981487 0.007256835
v 0.13875 0.059838105 0.00735375
v 0.133125 0.059838105 0.00735375
v 0.13875 0.05986149 0.007451145
v 0.133125 0.05986149 0.007451145
v 0.13875 0.059885115 0.007548585
v 0.133125 0.059885115 0.007548585
v 0.13875 0.05990907 0.007645665
v 0.133125 0.05990907 0.007645665
v 0.13875 0.05993346 0.00774192
v 0.133125 0.05993346 0.00774192
v 0.13875 0.05995839 0.007836945
v 0.133125 0.05995839 0.007836945
v 0.13875 0.059983935 0.00793032
v 0.133125 0.059983935 0.00793032
v 0.13875 0.06000981 0.00802329
v 0.133125 0.06000981 0.00802329
v 0.13875 0.060035715 0.00811719
v 0.133125 0.060035715 0.00811719
v 0.13875 0.060061755 0.008211675
v 0.133125 0.060061755 0.008211675
v 0.13875 0.06008796 0.008306385
v 0.133125 0.06008796 0.008306385
v 0.13875 0.060114465 0.00840099
v 0.133125 0.060114465 0.00840099
v 0.13875 0.060141315 0.008495115
v 0.133125 0.060141315 0.008495115
v 0.13875 0.060168615 0.00858843
v 0.133125 0.060168615 0.00858843
v 0.13875 0.06019644 0.008680575
v 0.133125 0.06019644 0.008680575
v 0.13875 0.060224865 0.008771205
v 0.133125 0.060224865 0.008771205
v 0.13875 0.060253995 0.00885996
v 0.133125 0.060253995 0.00885996
v 0.13875 0.06028389 0.008946525
v 0.133125 0.06028389 0.008946525
v 0.13875 0.06031464 0.00903051
v 0.133125 0.06031464 0.00903051
v 0.13875 0.06034632 0.009111585
v 0.133125 0.06034632 0.009111585
v 0.13875 0.060378795 0.009190365
v 0.133125 0.060378795 0.009190365
v 0.13875 0.06041181 0.009267645
v 0.133125 0.06041181 0.009267645
v 0.13875 0.060445425 0.009343365
v 0.133125 0.060445425 0.009343365
v 0.13875 0.06047967 0.009417435
v 0.133125 0.06047967 0.009417435
v 0.13875 0.06051456 0.00948978
v 0.133125 0.06051456 0.00948978
v 0.13875 0.060550125 0.009560325
v 0.133125 0.060550125 0.009560325
v 0.13875 0.060586425 0.009628995
v 0.133125 0.060586425 0.009628995
v 0.13875 0.06062346 0.009695715
v 0.133125 0.06062346 0.009695715
v 0.13875 0.06066126 0.00976041
v 0.133125 0.06066126 0.00976041
v 0.13875 0.06069987 0.009823005
v 0.133125 0.06069987 0.009823005
v 0.13875 0.060739305 0.009883425
v 0.133125 0.060739305 0.009883425
v 0.13875 0.06077961 0.009941595
v 0.133125 0.06077961 0.009941595
v 0.13875 0.0608208 0.009997425
v 0.133125 0.0608208 0.009997425
v 0.13875 0.06086271 0.01005096
v 0.133125 0.06086271 0.01005096
v 0.13875 0.06090516 0.010102305
v 0.133125 0.06090516 0.010102305
v 0.13875 0.060948255 0.010151475
v 0.133125 0.060948255 0.010151475
v 0.13875 0.060992025 0.01019853
v 0.133125 0.060992025 0.01019853
v 0.13875 0.061036575 0.0102435
v 0.133125 0.061036575 0.0102435
v 0.13875 0.061081965 0.0102864
v 0.133125 0.061081965 0.0102864
v 0.13875 0.06112827 0.010327305
v 0.133125 0.06112827 0.010327305
v 0.13875 0.06117555 0.010366215
v 0.133125 0.06117555 0.010366215
v 0.13875 0.061223895 0.010403205
v 0.133125 0.061223895 0.010403205
v 0.13875 0.06127338 0.010438275
v 0.133125 0.06127338 0.010438275
v 0.13875 0.06132405 0.010471485
v 0.133125 0.06132405 0.010471485
v 0.13875 0.061375995 0.01050285
v 0.133125 0.061375995 0.01050285
v 0.13875 0.061456275 0.010546605
v 0.133125 0.061456275 0.010546605
v 0.13875 0.061537305 0.010586805
v 0.133125 0.061537305 0.010586805
v 0.13875 0.06161922 0.01062327
v 0.133125 0.06161922 0.01062327
v 0.13875 0.06170307 0.010655625
v 0.133125 0.06170307 0.010655625
v 0.13875 0.06178986 0.01068351
v 0.133125 0.06178986 0.01068351
v 0.13875 0.06188061 0.010706535
v 0.133125 0.06188061 0.010706535
v 0.13875 0.061976325 0.01072434
v 0.133125 0.061976325 0.01072434
v 0.13875 0.06207804 0.01073655
v 0.133125 0.06207804 0.01073655
v 0.13875 0.06214968 0.01074141
v 0.133125 0.06214968 0.01074141
v 0.13875 0.06222474 0.010743495
v 0.133125 0.06222474 0.010743495
v 0.13875 0.062302815 0.010742955
v 0.133125 0.062302815 0.010742955
v 0.13875 0.06238329 0.01074003
v 0.133125 0.06238329 0.01074003
v 0.13875 0.062466195 0.010734705
v 0.133125 0.062466195 0.010734705
v 0.13875 0.0625515 0.010726995
v 0.133125 0.0625515 0.010726995
v 0.13875 0.06263922 0.01071687
v 0.133125 0.06263922 0.01071687
v 0.13875 0.062729355 0.01070436
v 0.133125 0.062729355 0.01070436
v 0.13875 0.062821905 0.010689465
v 0.133125 0.062821905 0.010689465
v 0.13875 0.062916855 0.01067217
v 0.133125 0.062916855 0.01067217
v 0.13875 0.06301422 0.010652475
v 0.133125 0.06301422 0.010652475
v 0.13875 0.063114 0.01063038
v 0.133125 0.063114 0.01063038
v 0.13875 0.063216195 0.0106059
v 0.133125 0.063216195 0.0106059
v 0.13875 0.063320805 0.010579005
v 0.133125 0.063320805 0.010579005
v 0.13875 0.063427815 0.01054974
v 0.133125 0.063427815 0.01054974
v 0.13875 0.06353208 0.010510305
v 0.133125 0.06353208 0.010510305
v 0.13875 0.06363297 0.010470345
v 0.133125 0.06363297 0.010470345
v 0.13875 0.063730455 0.01042986
v 0.133125 0.063730455 0.01042986
v 0.13875 0.063824565 0.010388835
v 0.133125 0.063824565 0.010388835
v 0.13875 0.063915285 0.0103473
v 0.133125 0.063915285 0.0103473
v 0.13875 0.064002615 0.01030524
v 0.133125 0.064002615 0.01030524
v 0.13875 0.06408657 0.01026264
v 0.133125 0.06408657 0.01026264
v 0.13875 0.06416712 0.010219515
v 0.133125 0.06416712 0.010219515
v 0.13875 0.064244295 0.01017588
v 0.133125 0.064244295 0.01017588
v 0.13875 0.06431808 0.010131705
v 0.133125 0.06431808 0.010131705
v 0.13875 0.06438849 0.010087005
v 0.133125 0.06438849 0.010087005
v 0.13875 0.06445551 0.01004178
v 0.133125 0.06445551 0.01004178
v 0.13875 0.064519125 0.00999603
v 0.133125 0.064519125 0.00999603
v 0.13875 0.06457875 0.009949935
v 0.133125 0.06457875 0.009949935
v 0.13875 0.06463395 0.009903615
v 0.133125 0.06463395 0.009903615
v 0.13875 0.06470913 0.00983352
v 0.133125 0.06470913 0.00983352
v 0.13875 0.064776105 0.009762405
v 0.133125 0.064776105 0.009762405
v 0.13875 0.06483594 0.00968997
v 0.133125 0.06483594 0.00968997
v 0.13875 0.064889655 0.0096159
v 0.133125 0.064889655 0.0096159
v 0.13875 0.06493833 0.00953991
v 0.133125 0.06493833 0.00953991
v 0.13875 0.064983 0.009461685
v 0.133125 0.064983 0.009461685
v 0.13875 0.065011065 0.009408135
v 0.133125 0.065011065 0.009408135
v 0.13875 0.06503814 0.00935337
v 0.133125 0.06503814 0.00935337
v 0.13875 0.065063715 0.00929766
v 0.133125 0.065063715 0.00929766
v 0.13875 0.065087145 0.00924129
v 0.133125 0.065087145 0.00924129
v 0.13875 0.06510846 0.009184185
v 0.133125 0.06510846 0.009184185
v 0.13875 0.06512769 0.00912627
v 0.133125 0.06512769 0.00912627
v 0.13875 0.065144865 0.009067455
v 0.133125 0.065144865 0.009067455
v 0.13875 0.06516003 0.00900768
v 0.133125 0.06516003 0.00900768
v 0.13875 0.065173215 0.00894684
v 0.133125 0.065173215 0.00894684
v 0.13875 0.06518445 0.00888489
v 0.133125 0.06518445 0.00888489
v 0.13875 0.065193765 0.008821725
v 0.133125 0.065193765 0.008821725
v 0.13875 0.065201205 0.00875727
v 0.133125 0.065201205 0.00875727
v 0.13875 0.0652068 0.00869145
v 0.133125 0.0652068 0.00869145
v 0.13875 0.065210595 0.008624205
v 0.133125 0.065210595 0.008624205
v 0.13875 0.06521259 0.00855543
v 0.133125 0.06521259 0.00855543
v 0.13875 0.06521262 0.00848514
v 0.133125 0.06521262 0.00848514
v 0.13875 0.065210535 0.00841341
v 0.133125 0.065210535 0.00841341
v 0.13875 0.065206395 0.008340315
v 0.133125 0.065206395 0.008340315
v 0.13875 0.06520026 0.0082659
v 0.133125 0.06520026 0.0082659
v 0.13875 0.065192205 0.00819021
v 0.133125 0.065192205 0.00819021
v 0.13875 0.065182305 0.00811329
v 0.133125 0.065182305 0.00811329
v 0.13875 0.065170635 0.0080352
v 0.133125 0.065170635 0.0080352
v 0.13875 0.065157285 0.00795597
v 0.133125 0.065157285 0.00795597
v 0.13875 0.065142285 0.007875675
v 0.133125 0.065142285 0.007875675
v 0.13875 0.065125725 0.00779436
v 0.133125 0.065125725 0.00779436
v 0.13875 0.065107695 0.00771207
v 0.133125 0.065107695 0.00771207
v 0.13875 0.06508824 0.00762885
v 0.133125 0.06508824 0.00762885
v 0.13875 0.06506745 0.00754476
v 0.133125 0.06506745 0.00754476
v 0.13875 0.06504459 0.007459065
v 0.133125 0.06504459 0.007459065
v 0.13875 0.065019075 0.007371225
v 0.133125 0.065019075 0.007371225
v 0.13875 0.06499125 0.007281585
v 0.133125 0.06499125 0.007281585
v 0.13875 0.0649614 0.007190445
v 0.133125 0.0649614 0.007190445
v 0.13875 0.064929885 0.007098165
v 0.133125 0.064929885 0.007098165
v 0.13875 0.06489699 0.00700506
v 0.133125 0.06489699 0.00700506
v 0.13875 0.064863045 0.00691146
v 0.133125 0.064863045 0.00691146
v 0.13875 0.06482838 0.00681771
v 0.133125 0.06482838 0.00681771
v 0.13875 0.06479328 0.006724125
v 0.133125 0.06479328 0.006724125
v 0.13875 0.064758105 0.00663105
v 0.133125 0.064758105 0.00663105
v 0.13875 0.064723155 0.006538815
v 0.133125 0.064723155 0.006538815
v 0.13875 0.06468873 0.006447735
v 0.133125 0.06468873 0.006447735
v 0.13875 0.064655175 0.00635817
v 0.133125 0.064655175 0.00635817
v 0.13875 0.064621545 0.00626937
v 0.133125 0.064621545 0.00626937
v 0.13875 0.064586835 0.006180525
v 0.133125 0.064586835 0.006180525
v 0.13875 0.064551315 0.00609174
v 0.133125 0.064551315 0.00609174
v 0.13875 0.06451524 0.006003165
v 0.133125 0.06451524 0.006003165
v 0.13875 0.06447888 0.00591495
v 0.133125 0.06447888 0.00591495
v 0.13875 0.06444249 0.005827215
v 0.133125 0.06444249 0.005827215
v 0.13875 0.06440634 0.00574011
v 0.133125 0.06440634 0.00574011
v 0.13875 0.064370685 0.005653755
v 0.133125 0.064370685 0.005653755
v 0.13875 0.064335795 0.005568285
v 0.133125 0.064335795 0.005568285
v 0.13875 0.06430191 0.005483865
v 0.133125 0.06430191 0.005483865
v 0.13875 0.064269315 0.005400615
v 0.133125 0.064269315 0.005400615
v 0.13875 0.06423825 0.005318655
v 0.133125 0.06423825 0.005318655
v 0.13875 0.064209 0.00523815
v 0.133125 0.064209 0.00523815
v 0.13875 0.064180935 0.005158815
v 0.133125 0.064180935 0.005158815
v 0.13875 0.06415341 0.00508032
v 0.133125 0.06415341 0.00508032
v 0.13875 0.064126515 0.00500271
v 0.133125 0.064126515 0.00500271
v 0.13875 0.064100385 0.00492603
v 0.133125 0.064100385 0.00492603
v 0.13875 0.064075155 0.004850325
v 0.133125 0.064075155 0.004850325
v 0.13875 0.064050915 0.004775625
v 0.133125 0.064050915 0.004775625
v 0.13875 0.064027845 0.004702005
v 0.133125 0.064027845 0.004702005
v 0.13875 0.064006005 0.004629465
v 0.133125 0.064006005 0.004629465
v 0.13875 0.06398556 0.004558095
v 0.133125 0.06398556 0.004558095
v 0.13875 0.063966615 0.00448791
v 0.133125 0.063966615 0.00448791
v 0.13875 0.063949305 0.004418955
v 0.133125 0.063949305 0.004418955
v 0.13875 0.063933735 0.00435129
v 0.133125 0.063933735 0.00435129
v 0.13875 0.063920055 0.004284945
v 0.133125 0.063920055 0.004284945
v 0.13875 0.06390804 0.00421986
v 0.133125 0.06390804 0.00421986
v 0.13875 0.06389745 0.00415596
v 0.133125 0.06389745 0.00415596
v 0.13875 0.06388827 0.00409323
v 0.133125 0.06388827 0.00409323
v 0.13875 0.063880545 0.004031685
v 0.133125 0.063880545 0.004031685
v 0.13875 0.06387429 0.003971325
v 0.133125 0.06387429 0.003971325
v 0.13875 0.06386949 0.003912135
v 0.133125 0.06386949 0.003912135
v 0.13875 0.063866175 0.003854115
v 0.133125 0.063866175 0.003854115
v 0.13875 0.06386439 0.003797295
v 0.133125 0.06386439 0.003797295
v 0.13875 0.063864105 0.00374163
v 0.133125 0.063864105 0.00374163
v 0.13875 0.063865365 0.00368715
v 0.133125 0.063865365 0.00368715
v 0.13875 0.06386817 0.003633855
v 0.133125 0.06386817 0.003633855
v 0.13875 0.063875325 0.00355611
v 0.133125 0.063875325 0.00355611
v 0.13875 0.06388602 0.00348102
v 0.133125 0.06388602 0.00348102
v 0.13875 0.063900165 0.00340857
v 0.133125 0.063900165 0.00340857
v 0.13875 0.06391776 0.003338775
v 0.133125 0.06391776 0.003338775
v 0.13875 0.063938805 0.003271635
v 0.133125 0.063938805 0.003271635
v 0.13875 0.063963285 0.003207135
v 0.133125 0.063963285 0.003207135
v 0.13875 0.0639912 0.00314529
v 0.133125 0.0639912 0.00314529
v 0.13875 0.06402258 0.0030861
v 0.133125 0.06402258 0.0030861
v 0.13875 0.064057395 0.003029565
v 0.133125 0.064057395 0.003029565
v 0.13875 0.064095645 0.00297567
v 0.133125 0.064095645 0.00297567
v 0.13875 0.064134825 0.002922915
v 0.133125 0.064134825 0.002922915
v 0.13875 0.064177545 0.002872605
v 0.133125 0.064177545 0.002872605
v 0.13875 0.06422382 0.002824725
v 0.133125 0.06422382 0.002824725
v 0.13875 0.06427365 0.00277926
v 0.133125 0.06427365 0.00277926
v 0.13875 0.064327035 0.002736225
v 0.133125 0.064327035 0.002736225
v 0.13875 0.064383975 0.00269562
v 0.133125 0.064383975 0.00269562
v 0.13875 0.06444447 0.002657445
v 0.133125 0.06444447 0.002657445
v 0.13875 0.06450852 0.0026217
v 0.133125 0.06450852 0.0026217
v 0.13875 0.06457611 0.002588385
v 0.133125 0.06457611 0.002588385
v 0.13875 0.064647165 0.002557575
v 0.133125 0.064647165 0.002557575
v 0.13875 0.064696455 0.002538435
v 0.133125 0.064696455 0.002538435
v 0.13875 0.064747305 0.002520375
v 0.133125 0.064747305 0.002520375
v 0.13875 0.06479973 0.002503395
v 0.133125 0.06479973 0.002503395
v 0.13875 0.06485376 0.002487495
v 0.133125 0.06485376 0.002487495
v 0.13875 0.064909365 0.00247266
v 0.133125 0.064909365 0.00247266
v 0.13875 0.06496662 0.00245886
v 0.133125 0.06496662 0.00245886
v 0.13875 0.06502548 0.002446095
v 0.133125 0.06502548 0.002446095
v 0.13875 0.065086005 0.00243435
v 0.133125 0.065086005 0.00243435
v 0.13875 0.06514821 0.00242361
v 0.133125 0.06514821 0.00242361
v 0.13875 0.06521208 0.002413875
v 0.133125 0.06521208 0.002413875
v 0.13875 0.06527763 0.002405115
v 0.133125 0.06527763 0.002405115
v 0.13875 0.065344935 0.002397555
v 0.133125 0.065344935 0.002397555
v 0.13875 0.06541398 0.00239133
v 0.133125 0.06541398 0.00239133
v 0.13875 0.06548475 0.002386365
v 0.133125 0.06548475 0.002386365
v 0.13875 0.065557215 0.002382555
v 0.133125 0.065557215 0.002382555
v 0.13875 0.065631315 0.002379795
v 0.133125 0.065631315 0.002379795
v 0.13875 0.06570705 0.002377995
v 0.133125 0.06570705 0.002377995
v 0.13875 0.065784375 0.002377065
v 0.133125 0.065784375 0.002377065
v 0.13875 0.06586326 0.0023769
v 0.133125 0.06586326 0.0023769
v 0.13875 0.065943675 0.002377395
v 0.133125 0.065943675 0.002377395
v 0.13875 0.06602559 0.002378475
v 0.133125 0.06602559 0.002378475
v 0.13875 0.066108975 0.002380035
v 0.133125 0.066108975 0.002380035
v 0.13875 0.066193785 0.002381985
v 0.133125 0.066193785 0.002381985
v 0.13875 0.06627999 0.002384205
v 0.133125 0.06627999 0.002384205
v 0.13875 0.066368415 0.002387295
v 0.133125 0.066368415 0.002387295
v 0.13875 0.0664596 0.002391735
v 0.133125 0.0664596 0.002391735
v 0.13875 0.06655317 0.0023973
v 0.133125 0.06655317 0.0023973
v 0.13875 0.06664875 0.00240378
v 0.133125 0.06664875 0.00240378
v 0.13875 0.066745965 0.002410935
v 0.133125 0.066745965 0.002410935
v 0.13875 0.06684444 0.002418555
v 0.133125 0.06684444 0.002418555
v 0.13875 0.0669438 0.0024264
v 0.133125 0.0669438 0.0024264
v 0.13875 0.067043655 0.00243426
v 0.133125 0.067043655 0.00243426
v 0.13875 0.06714363 0.00244191
v 0.133125 0.06714363 0.00244191
v 0.13875 0.06724335 0.002449125
v 0.133125 0.06724335 0.002449125
v 0.13875 0.06734244 0.002455665
v 0.133125 0.06734244 0.002455665
v 0.13875 0.067440525 0.002461335
v 0.133125 0.067440525 0.002461335
v 0.13875 0.067537215 0.00246588
v 0.133125 0.067537215 0.00246588
v 0.13875 0.067633635 0.002470005
v 0.133125 0.067633635 0.002470005
v 0.13875 0.067730955 0.00247437
v 0.133125 0.067730955 0.00247437
v 0.13875 0.067828845 0.002478825
v 0.133125 0.067828845 0.002478825
v 0.13875 0.067927035 0.00248316
v 0.133125 0.067927035 0.00248316
v 0.13875 0.06802518 0.002487195
v 0.133125 0.06802518 0.002487195
v 0.13875 0.068122995 0.002490735
v 0.133125 0.068122995 0.002490735
v 0.13875 0.06822018 0.002493615
v 0.133125 0.06822018 0.002493615
v 0.13875 0.06831642 0.002495625
v 0.133125 0.06831642 0.002495625
v 0.13875 0.0684114 0.002496585
v 0.133125 0.0684114 0.002496585
v 0.13875 0.06850482 0.002496315
v 0.133125 0.06850482 0.002496315
v 0.13875 0.06859638 0.002494635
v 0.133125 0.06859638 0.002494635
v 0.13875 0.06868575 0.002491335
v 0.133125 0.06868575 0.002491335
v 0.13875 0.06877266 0.00248625
v 0.133125 0.06877266 0.00248625
v 0.13875 0.06885762 0.002479725
v 0.133125 0.06885762 0.002479725
v 0.13875 0.06894132 0.00247221
v 0.133125 0.06894132 0.00247221
v 0.13875 0.069023715 0.00246363
v 0.133125 0.069023715 0.00246363
v 0.13875 0.06910473 0.002453955
v 0.133125 0.06910473 0.002453955
v 0.13875 0.06918432 0.002443125
v 0.133125 0.06918432 0.002443125
v 0.13875 0.06926241 0.002431095
v 0.133125 0.06926241 0.002431095
v 0.13875 0.069338925 0.002417805
v 0.133125 0.069338925 0.002417805
v 0.13875 0.069413835 0.002403195
v 0.133125 0.069413835 0.002403195
v 0.13875 0.06948705 0.002387235
v 0.133125 0.06948705 0.002387235
v 0.13875 0.06955851 0.002369865
v 0.133125 0.06955851 0.002369865
v 0.13875 0.069628155 0.002351025
v 0.133125 0.069628155 0.002351025
v 0.13875 0.069695925 0.00233067
v 0.133125 0.069695925 0.00233067
v 0.13875 0.06976176 0.00230874
v 0.133125 0.06976176 0.00230874
v 0.13875 0.06982563 0.00228543
v 0.133125 0.06982563 0.00228543
v 0.13875 0.06988758 0.00226092
v 0.133125 0.06988758 0.00226092
v 0.13875 0.069947655 0.002235135
v 0.133125 0.069947655 0.002235135
v 0.13875 0.07000593 0.002208045
v 0.133125 0.07000593 0.002208045
v 0.13875 0.070062465 0.002179575
v 0.133125 0.070062465 0.002179575
v 0.13875 0.070117305 0.002149665
v 0.133125 0.070117305 0.002149665
v 0.13875 0.070170495 0.00211827
v 0.133125 0.070170495 0.00211827
v 0.13875 0.070222125 0.00208533
v 0.133125 0.070222125 0.00208533
v 0.13875 0.07027224 0.00205077
v 0.133125 0.07027224 0.00205077
v 0.13875 0.070320885 0.00201456
v 0.133125 0.070320885 0.00201456
v 0.13875 0.07036812 0.00197661
v 0.133125 0.07036812 0.00197661
v 0.13875 0.07041402 0.001936905
v 0.133125 0.07041402 0.001936905
v 0.13875 0.070480425 0.00187407
v 0.133125 0.070480425 0.00187407
v 0.13875 0.070543695 0.001809435
v 0.133125 0.070543695 0.001809435
v 0.13875 0.070603695 0.00174279
v 0.133125 0.070603695 0.00174279
v 0.13875 0.07066038 0.001673055
v 0.133125 0.07066038 0.001673055
v 0.13875 0.07071372 0.00159912
v 0.133125 0.07071372 0.00159912
v 0.13875 0.070763655 0.001519935
v 0.133125 0.070763655 0.001519935
v 0.13875 0.070810185 0.001434405
v 0.133125 0.070810185 0.001434405
v 0.13875 0.07085322 0.00134145
v 0.133125 0.07085322 0.00134145
v 0.13875 0.070879965 0.001274805
v 0.133125 0.070879965 0.001274805
v 0.13875 0.07090515 0.001204065
v 0.133125 0.07090515 0.001204065
v 0.13875 0.07092876 0.00112965
v 0.133125 0.07092876 0.00112965
v 0.13875 0.070950855 0.001052205
v 0.133125 0.070950855 0.001052205
v 0.13875 0.070971405 0.000971715
v 0.133125 0.070971405 0.000971715
v 0.13875 0.070990425 0.000888195
v 0.133125 0.070990425 0.000888195
v 0.13875 0.071007915 0.000801645
v 0.133125 0.071007915 0.000801645
v 0.13875 0.071023875 0.000712065
v 0.133125 0.071023875 0.000712065
v 0.13875 0.071038305 0.00061944
v 0.133125 0.071038305 0.00061944
v 0.13875 0.07105119 0.000523785
v 0.133125 0.07105119 0.000523785
v 0.13875 0.071062545 0.0004251
v 0.133125 0.071062545 0.0004251
v 0.13875 0.07107237 0.00032337
v 0.133125 0.07107237 0.00032337
v 0.13875 0.071080665 0.000218625
v 0.133125 0.071080665 0.000218625
v 0.13875 0.071087415 0.00011082
v 0.133125 0.071087415 0.00011082
v 0.13875 0.07109265 0
v 0.133125 0.07109265 0
v 0.13875 0.07108737 -0.000111345
v 0.133125 0.07108737 -0.000111345
v 0.13875 0.07108053 -0.000219645
v 0.133125 0.07108053 -0.000219645
v 0.13875 0.071072145 -0.00032487
v 0.133125 0.071072145 -0.00032487
v 0.13875 0.07106223 -0.00042705
v 0.133125 0.07106223 -0.00042705
v 0.13875 0.071050755 -0.00052617
v 0.133125 0.071050755 -0.00052617
v 0.13875 0.071037735 -0.00062223
v 0.133125 0.071037735 -0.00062223
v 0.13875 0.07102317 -0.00071523
v 0.133125 0.07102317 -0.00071523
v 0.13875 0.07100706 -0.00080517
v 0.133125 0.07100706 -0.00080517
v 0.13875 0.07098939 -0.00089205
v 0.133125 0.07098939 -0.00089205
v 0.13875 0.07097019 -0.00097587
v 0.133125 0.07097019 -0.00097587
v 0.13875 0.07094943 -0.001056645
v 0.133125 0.07094943 -0.001056645
v 0.13875 0.070927125 -0.00113436
v 0.133125 0.070927125 -0.00113436
v 0.13875 0.070903275 -0.001209
v 0.133125 0.070903275 -0.001209
v 0.13875 0.070877865 -0.00127995
v 0.133125 0.070877865 -0.00127995
v 0.13875 0.070850865 -0.00134676
v 0.133125 0.070850865 -0.00134676
v 0.13875 0.070807425 -0.001439925
v 0.133125 0.070807425 -0.001439925
v 0.13875 0.07076049 -0.001525605
v 0.133125 0.07076049 -0.001525605
v 0.13875 0.07071009 -0.00160488
v 0.133125 0.07071009 -0.00160488
v 0.13875 0.070656255 -0.00167886
v 0.133125 0.070656255 -0.00167886
v 0.13875 0.07059903 -0.001748625
v 0.133125 0.07059903 -0.001748625
v 0.13875 0.07053843 -0.001815285
v 0.133125 0.07053843 -0.001815285
v 0.13875 0.070496175 -0.00185853
v 0.133125 0.070496175 -0.00185853
v 0.13875 0.07045245 -0.00190119
v 0.133125 0.07045245 -0.00190119
v 0.13875 0.070407375 -0.00194274
v 0.133125 0.070407375 -0.00194274
v 0.13875 0.07036101 -0.001982445
v 0.133125 0.07036101 -0.001982445
v 0.13875 0.07031328 -0.002020365
v 0.133125 0.07031328 -0.002020365
v 0.13875 0.07026414 -0.002056545
v 0.133125 0.07026414 -0.002056545
v 0.13875 0.07021353 -0.00209106
v 0.133125 0.07021353 -0.00209106
v 0.13875 0.070161345 -0.002123955
v 0.133125 0.070161345 -0.002123955
v 0.13875 0.07010757 -0.00215529
v 0.133125 0.07010757 -0.00215529
v 0.13875 0.070052115 -0.002185125
v 0.133125 0.070052115 -0.002185125
v 0.13875 0.06999492 -0.002213505
v 0.133125 0.06999492 -0.002213505
v 0.13875 0.069935925 -0.00224049
v 0.133125 0.069935925 -0.00224049
v 0.13875 0.069875055 -0.002266155
v 0.133125 0.069875055 -0.002266155
v 0.13875 0.069812265 -0.00229053
v 0.133125 0.069812265 -0.00229053
v 0.13875 0.069747465 -0.00231369
v 0.133125 0.069747465 -0.00231369
v 0.13875 0.069680625 -0.002335455
v 0.133125 0.069680625 -0.002335455
v 0.13875 0.069611775 -0.00235563
v 0.133125 0.069611775 -0.00235563
v 0.13875 0.069540975 -0.002374275
v 0.133125 0.069540975 -0.002374275
v 0.13875 0.0694683 -0.002391435
v 0.133125 0.0694683 -0.002391435
v 0.13875 0.06939384 -0.00240717
v 0.133125 0.06939384 -0.00240717
v 0.13875 0.06931761 -0.002421525
v 0.133125 0.06931761 -0.002421525
v 0.13875 0.069239745 -0.00243456
v 0.133125 0.069239745 -0.00243456
v 0.13875 0.06916026 -0.002446335
v 0.133125 0.06916026 -0.002446335
v 0.13875 0.069079275 -0.00245688
v 0.133125 0.069079275 -0.00245688
v 0.13875 0.06899682 -0.00246627
v 0.133125 0.06899682 -0.00246627
v 0.13875 0.068912985 -0.00247455
v 0.133125 0.068912985 -0.00247455
v 0.13875 0.068827815 -0.002481765
v 0.133125 0.068827815 -0.002481765
v 0.13875 0.06874143 -0.002487975
v 0.133125 0.06874143 -0.002487975
v 0.13875 0.068652855 -0.002492715
v 0.133125 0.068652855 -0.002492715
v 0.13875 0.068561445 -0.002495595
v 0.133125 0.068561445 -0.002495595
v 0.13875 0.068467575 -0.002496825
v 0.133125 0.068467575 -0.002496825
v 0.13875 0.06837168 -0.002496615
v 0.133125 0.06837168 -0.002496615
v 0.13875 0.068274165 -0.002495145
v 0.133125 0.068274165 -0.002495145
v 0.13875 0.068175465 -0.00249264
v 0.133125 0.068175465 -0.00249264
v 0.13875 0.068075955 -0.00248928
v 0.133125 0.068075955 -0.00248928
v 0.13875 0.06797607 -0.002485275
v 0.133125 0.06797607 -0.002485275
v 0.13875 0.06787623 -0.00248082
v 0.133125 0.06787623 -0.00248082
v 0.13875 0.06777684 -0.002476125
v 0.133125 0.06777684 -0.002476125
v 0.13875 0.06767832 -0.00247137
v 0.133125 0.06767832 -0.00247137
v 0.13875 0.06758106 -0.002466795
v 0.133125 0.06758106 -0.002466795
v 0.13875 0.067485495 -0.00246255
v 0.133125 0.067485495 -0.00246255
v 0.13875 0.067390665 -0.002458005
v 0.133125 0.067390665 -0.002458005
v 0.13875 0.06729543 -0.00245244
v 0.133125 0.06729543 -0.00245244
v 0.13875 0.067200015 -0.002446095
v 0.133125 0.067200015 -0.002446095
v 0.13875 0.067104645 -0.002439165
v 0.133125 0.067104645 -0.002439165
v 0.13875 0.0670095 -0.002431845
v 0.133125 0.0670095 -0.002431845
v 0.13875 0.06691482 -0.00242436
v 0.133125 0.06691482 -0.00242436
v 0.13875 0.0668208 -0.00241689
v 0.133125 0.0668208 -0.00241689
v 0.13875 0.06672765 -0.002409675
v 0.133125 0.06672765 -0.002409675
v 0.13875 0.066635595 -0.002402895
v 0.133125 0.066635595 -0.002402895
v 0.13875 0.06654483 -0.00239676
v 0.133125 0.06654483 -0.00239676
v 0.13875 0.06645558 -0.00239148
v 0.133125 0.06645558 -0.00239148
v 0.13875 0.06636804 -0.002387265
v 0.133125 0.06636804 -0.002387265
v 0.13875 0.06628242 -0.00238431
v 0.133125 0.06628242 -0.00238431
v 0.13875 0.0661983 -0.00238215
v 0.133125 0.0661983 -0.00238215
v 0.13875 0.066115155 -0.002380215
v 0.133125 0.066115155 -0.002380215
v 0.13875 0.06603303 -0.002378625
v 0.133125 0.06603303 -0.002378625
v 0.13875 0.065952015 -0.00237747
v 0.133125 0.065952015 -0.00237747
v 0.13875 0.065872215 -0.00237687
v 0.133125 0.065872215 -0.00237687
v 0.13875 0.065793705 -0.002376915
v 0.133125 0.065793705 -0.002376915
v 0.13875 0.065716545 -0.00237771
v 0.133125 0.065716545 -0.00237771
v 0.13875 0.06564081 -0.00237936
v 0.133125 0.06564081 -0.00237936
v 0.13875 0.065566605 -0.00238197
v 0.133125 0.065566605 -0.00238197
v 0.13875 0.065494005 -0.002385645
v 0.133125 0.065494005 -0.002385645
v 0.13875 0.06542307 -0.002390475
v 0.133125 0.06542307 -0.002390475
v 0.13875 0.065353905 -0.002396595
v 0.133125 0.065353905 -0.002396595
v 0.13875 0.065286585 -0.00240408
v 0.133125 0.065286585 -0.00240408
v 0.13875 0.065220975 -0.002412765
v 0.133125 0.065220975 -0.002412765
v 0.13875 0.065156925 -0.002422425
v 0.133125 0.065156925 -0.002422425
v 0.13875 0.065094435 -0.00243309
v 0.133125 0.065094435 -0.00243309
v 0.13875 0.06503352 -0.00244476
v 0.133125 0.06503352 -0.00244476
v 0.13875 0.064974165 -0.00245745
v 0.133125 0.064974165 -0.00245745
v 0.13875 0.0649164 -0.00247119
v 0.133125 0.0649164 -0.00247119
v 0.13875 0.06486021 -0.002485965
v 0.133125 0.06486021 -0.002485965
v 0.13875 0.064805595 -0.00250182
v 0.133125 0.064805595 -0.00250182
v 0.13875 0.06475257 -0.002518755
v 0.133125 0.06475257 -0.002518755
v 0.13875 0.06470115 -0.002536785
v 0.133125 0.06470115 -0.002536785
v 0.13875 0.064651335 -0.002555925
v 0.133125 0.064651335 -0.002555925
v 0.13875 0.064579605 -0.00258675
v 0.133125 0.064579605 -0.00258675
v 0.13875 0.06451149 -0.002620125
v 0.133125 0.06451149 -0.002620125
v 0.13875 0.06444696 -0.002655975
v 0.133125 0.06444696 -0.002655975
v 0.13875 0.064386015 -0.00269427
v 0.133125 0.064386015 -0.00269427
v 0.13875 0.06432867 -0.002735025
v 0.133125 0.06432867 -0.002735025
v 0.13875 0.064274895 -0.00277824
v 0.133125 0.064274895 -0.00277824
v 0.13875 0.064224705 -0.002823915
v 0.133125 0.064224705 -0.002823915
v 0.13875 0.0641781 -0.002872035
v 0.133125 0.0641781 -0.002872035
v 0.13875 0.06413508 -0.00292263
v 0.133125 0.06413508 -0.00292263
v 0.13875 0.064095645 -0.00297567
v 0.133125 0.064095645 -0.00297567
v 0.13875 0.06405759 -0.00302922
v 0.133125 0.06405759 -0.00302922
v 0.13875 0.06402294 -0.003085395
v 0.133125 0.06402294 -0.003085395
v 0.13875 0.063991695 -0.00314421
v 0.133125 0.063991695 -0.00314421
v 0.13875 0.06396387 -0.00320565
v 0.133125 0.06396387 -0.00320565
v 0.13875 0.063939435 -0.003269715
v 0.133125 0.063939435 -0.003269715
v 0.13875 0.06391842 -0.00333642
v 0.133125 0.06391842 -0.00333642
v 0.13875 0.06390081 -0.00340575
v 0.133125 0.06390081 -0.00340575
v 0.13875 0.06388659 -0.003477705
v 0.133125 0.06388659 -0.003477705
v 0.13875 0.063875805 -0.003552285
v 0.133125 0.063875805 -0.003552285
v 0.13875 0.063868455 -0.00362937
v 0.133125 0.063868455 -0.00362937
v 0.13875 0.06386547 -0.00368217
v 0.133125 0.06386547 -0.00368217
v 0.13875 0.063864015 -0.003736125
v 0.133125 0.063864015 -0.003736125
v 0.13875 0.063864075 -0.00379122
v 0.133125 0.063864075 -0.00379122
v 0.13875 0.06386565 -0.003847515
v 0.133125 0.06386565 -0.003847515
v 0.13875 0.063868725 -0.003904995
v 0.133125 0.063868725 -0.003904995
v 0.13875 0.063873285 -0.003963705
v 0.133125 0.063873285 -0.003963705
v 0.13875 0.06387933 -0.004023645
v 0.133125 0.06387933 -0.004023645
v 0.13875 0.063886875 -0.00408483
v 0.133125 0.063886875 -0.00408483
v 0.13875 0.063895875 -0.00414729
v 0.133125 0.063895875 -0.00414729
v 0.13875 0.063906345 -0.004211055
v 0.133125 0.063906345 -0.004211055
v 0.13875 0.063918285 -0.00427611
v 0.133125 0.063918285 -0.00427611
v 0.13875 0.063931875 -0.004342455
v 0.133125 0.063931875 -0.004342455
v 0.13875 0.06394731 -0.004410045
v 0.133125 0.06394731 -0.004410045
v 0.13875 0.063964455 -0.00447888
v 0.133125 0.063964455 -0.00447888
v 0.13875 0.063983205 -0.004548975
v 0.133125 0.063983205 -0.004548975
v 0.13875 0.064003485 -0.0046203
v 0.133125 0.064003485 -0.0046203
v 0.13875 0.064025175 -0.004692885
v 0.133125 0.064025175 -0.004692885
v 0.13875 0.064048185 -0.004766715
v 0.133125 0.064048185 -0.004766715
v 0.13875 0.06407241 -0.00484179
v 0.133125 0.06407241 -0.00484179
v 0.13875 0.06409773 -0.00491811
v 0.133125 0.06409773 -0.00491811
v 0.13875 0.064124085 -0.00499569
v 0.133125 0.064124085 -0.00499569
v 0.13875 0.064151325 -0.0050745
v 0.133125 0.064151325 -0.0050745
v 0.13875 0.064179375 -0.00515457
v 0.133125 0.064179375 -0.00515457
v 0.13875 0.06420813 -0.00523587
v 0.133125 0.06420813 -0.00523587
v 0.13875 0.0642384 -0.005319
v 0.133125 0.0642384 -0.005319
v 0.13875 0.0642708 -0.00540435
v 0.133125 0.0642708 -0.00540435
v 0.13875 0.064305015 -0.00549162
v 0.133125 0.064305015 -0.00549162
v 0.13875 0.064340715 -0.005580525
v 0.133125 0.064340715 -0.005580525
v 0.13875 0.064377555 -0.00567078
v 0.133125 0.064377555 -0.00567078
v 0.13875 0.064415235 -0.005762085
v 0.133125 0.064415235 -0.005762085
v 0.13875 0.064453395 -0.00585414
v 0.133125 0.064453395 -0.00585414
v 0.13875 0.064491735 -0.00594669
v 0.133125 0.064491735 -0.00594669
v 0.13875 0.064529895 -0.006039405
v 0.133125 0.064529895 -0.006039405
v 0.13875 0.064567575 -0.006132015
v 0.133125 0.064567575 -0.006132015
v 0.13875 0.064604415 -0.006224235
v 0.133125 0.064604415 -0.006224235
v 0.13875 0.064640115 -0.006315765
v 0.133125 0.064640115 -0.006315765
v 0.13875 0.06467433 -0.00640632
v 0.133125 0.06467433 -0.00640632
v 0.13875 0.064708035 -0.00649674
v 0.133125 0.064708035 -0.00649674
v 0.13875 0.064742265 -0.00658794
v 0.133125 0.064742265 -0.00658794
v 0.13875 0.06477675 -0.00667968
v 0.133125 0.06477675 -0.00667968
v 0.13875 0.064811205 -0.00677172
v 0.133125 0.064811205 -0.00677172
v 0.13875 0.064845375 -0.00686382
v 0.133125 0.064845375 -0.00686382
v 0.13875 0.064878975 -0.006955755
v 0.133125 0.064878975 -0.006955755
v 0.13875 0.064911735 -0.007047285
v 0.133125 0.064911735 -0.007047285
v 0.13875 0.064943385 -0.007138185
v 0.133125 0.064943385 -0.007138185
v 0.13875 0.064973655 -0.00722823
v 0.133125 0.064973655 -0.00722823
v 0.13875 0.065002275 -0.00731715
v 0.133125 0.065002275 -0.00731715
v 0.13875 0.06502896 -0.00740475
v 0.133125 0.06502896 -0.00740475
v 0.13875 0.065053455 -0.007490775
v 0.133125 0.065053455 -0.007490775
v 0.13875 0.065075475 -0.007575
v 0.133125 0.065075475 -0.007575
v 0.13875 0.065095515 -0.007657815
v 0.133125 0.065095515 -0.007657815
v 0.13875 0.065114235 -0.007739745
v 0.133125 0.065114235 -0.007739745
v 0.13875 0.065131545 -0.00782076
v 0.133125 0.065131545 -0.00782076
v 0.13875 0.06514737 -0.0079008
v 0.133125 0.06514737 -0.0079008
v 0.13875 0.065161665 -0.007979835
v 0.133125 0.065161665 -0.007979835
v 0.13875 0.06517434 -0.00805782
v 0.133125 0.06517434 -0.00805782
v 0.13875 0.06518535 -0.00813471
v 0.133125 0.06518535 -0.00813471
v 0.13875 0.06519462 -0.00821046
v 0.133125 0.06519462 -0.00821046
v 0.13875 0.06520206 -0.00828501
v 0.133125 0.06520206 -0.00828501
v 0.13875 0.06520761 -0.008358345
v 0.133125 0.06520761 -0.008358345
v 0.13875 0.06521121 -0.008430405
v 0.133125 0.06521121 -0.008430405
v 0.13875 0.0652128 -0.00850116
v 0.133125 0.0652128 -0.00850116
v 0.13875 0.06521229 -0.00857055
v 0.133125 0.06521229 -0.00857055
v 0.13875 0.06520986 -0.008638485
v 0.133125 0.06520986 -0.008638485
v 0.13875 0.06520569 -0.00870498
v 0.133125 0.06520569 -0.00870498
v 0.13875 0.065199735 -0.00877008
v 0.133125 0.065199735 -0.00877008
v 0.13875 0.06519198 -0.008833875
v 0.133125 0.06519198 -0.008833875
v 0.13875 0.065182365 -0.00889644
v 0.133125 0.065182365 -0.00889644
v 0.13875 0.065170875 -0.008957835
v 0.133125 0.065170875 -0.008957835
v 0.13875 0.06515745 -0.009018135
v 0.133125 0.06515745 -0.009018135
v 0.13875 0.065142075 -0.009077415
v 0.133125 0.065142075 -0.009077415
v 0.13875 0.06512469 -0.00913575
v 0.133125 0.06512469 -0.00913575
v 0.13875 0.06510528 -0.009193215
v 0.133125 0.06510528 -0.009193215
v 0.13875 0.0650838 -0.009249855
v 0.133125 0.0650838 -0.009249855
v 0.13875 0.06506022 -0.009305775
v 0.133125 0.06506022 -0.009305775
v 0.13875 0.06502098 -0.009388365
v 0.133125 0.06502098 -0.009388365
v 0.13875 0.064979055 -0.00946851
v 0.133125 0.064979055 -0.00946851
v 0.13875 0.06493422 -0.009546165
v 0.133125 0.06493422 -0.009546165
v 0.13875 0.06488541 -0.00962163
v 0.133125 0.06488541 -0.00962163
v 0.13875 0.064831575 -0.00969519
v 0.133125 0.064831575 -0.00969519
v 0.13875 0.064771695 -0.00976716
v 0.133125 0.064771695 -0.00976716
v 0.13875 0.064704735 -0.00983784
v 0.133125 0.064704735 -0.00983784
v 0.13875 0.064629615 -0.0099075
v 0.133125 0.064629615 -0.0099075
v 0.13875 0.064574505 -0.009953535
v 0.133125 0.064574505 -0.009953535
v 0.13875 0.064515015 -0.00999933
v 0.133125 0.064515015 -0.00999933
v 0.13875 0.064451535 -0.010044795
v 0.133125 0.064451535 -0.010044795
v 0.13875 0.06438471 -0.010089735
v 0.133125 0.06438471 -0.010089735
v 0.13875 0.06431451 -0.01013415
v 0.133125 0.06431451 -0.01013415
v 0.13875 0.064240965 -0.010178055
v 0.133125 0.064240965 -0.010178055
v 0.13875 0.064164045 -0.010221435
v 0.133125 0.064164045 -0.010221435
v 0.13875 0.06408378 -0.01026429
v 0.133125 0.06408378 -0.01026429
v 0.13875 0.06400014 -0.01030662
v 0.133125 0.06400014 -0.01030662
v 0.13875 0.063913155 -0.01034844
v 0.133125 0.063913155 -0.01034844
v 0.13875 0.06382281 -0.01038975
v 0.133125 0.06382281 -0.01038975
v 0.13875 0.063729105 -0.01043052
v 0.133125 0.063729105 -0.01043052
v 0.13875 0.06363204 -0.01047078
v 0.133125 0.06363204 -0.01047078
v 0.13875 0.0635316 -0.010510515
v 0.133125 0.06456654 -0.000579855
v 0.133125 0.06818346 -0.000579855
v 0.133125 0.06825 -0.000585945
v 0.133125 0.06462942 -0.000568755
v 0.133125 0.0645 -0.000585945
v 0.133125 0.071037735 -0.00062223
v 0.133125 0.06 -0.000585945
v 0.133125 0.06831654 -0.000579855
v 0.133125 0.06837942 -0.000568755
v 0.133125 0.06843864 -0.000552615
v 0.133125 0.068494215 -0.00053145
v 0.133125 0.071050755 -0.00052617
v 0.133125 0.068546145 -0.00050526
v 0.133125 0.0685944 -0.00047403
v 0.133125 0.068639955 -0.000436485
v 0.133125 0.07106223 -0.00042705
v 0.133125 0.06868299 -0.000392355
v 0.133125 0.068722365 -0.000343185
v 0.133125 0.071072145 -0.00032487
v 0.133125 0.068756955 -0.00029055
v 0.133125 0.06878562 -0.000235995
v 0.133125 0.07108053 -0.000219645
v 0.133125 0.068807265 -0.000181065
v 0.133125 0.06882204 -0.000123915
v 0.133125 0.07108737 -0.000111345
v 0.133125 0.068830905 -6.291e-05
v 0.133125 0.06883386 0
v 0.133125 0.07109265 0
v 0.133125 0.068830905 6.291e-05
v 0.133125 0.071087415 0.00011082
v 0.133125 0.06882204 0.000123915
v 0.133125 0.068807265 0.000181065
v 0.133125 0.071080665 0.000218625
v 0.133125 0.06878562 0.000235995
v 0.133125 0.068756955 0.00029055
v 0.133125 0.07107237 0.00032337
v 0.133125 0.068722365 0.000343185
v 0.133125 0.06868299 0.000392355
v 0.133125 0.071062545 0.0004251
v 0.133125 0.068639955 0.000436485
v 0.133125 0.0685944 0.00047403
v 0.133125 0.068546145 0.00050526
v 0.133125 0.07105119 0.000523785
v 0.133125 0.068494215 0.00053145
v 0.133125 0.06843864 0.000552615
v 0.133125 0.06837942 0.000568755
v 0.133125 0.06831654 0.000579855
v 0.133125 0.06825 0.000585945
v 0.133125 0.071038305 0.00061944
v 0.133125 0.0645 0.000585945
v 0.133125 0.06818346 0.000579855
v 0.133125 0.05477643 0.000595725
v 0.133125 0.06 0.000585945
v 0.133125 0.054737055 0.0006624
v 0.133125 0.054708435 0.000706875
v 0.133125 0.071023875 0.000712065
v 0.133125 0.05467791 0.000751365
v 0.133125 0.054645465 0.000795915
v 0.133125 0.071007915 0.000801645
v 0.133125 0.054611115 0.00084054
v 0.133125 0.054574845 0.00088524
v 0.133125 0.070990425 0.000888195
v 0.133125 0.05453664 0.000930045
v 0.133125 0.070971405 0.000971715
v 0.133125 0.054496515 0.00097497
v 0.133125 0.054454455 0.00102006
v 0.133125 0.070950855 0.001052205
v 0.133125 0.054410445 0.0010653
v 0.133125 0.0543645 0.00111072
v 0.133125 0.07092876 0.00112965
v 0.133125 0.054316605 0.001156335
v 0.133125 0.05426661 0.00120201
v 0.133125 0.07090515 0.001204065
v 0.133125 0.05421441 0.00124764
v 0.133125 0.070879965 0.001274805
v 0.133125 0.054160065 0.001293255
v 0.133125 0.054103695 0.00133893
v 0.133125 0.07085322 0.00134145
v 0.133125 0.05404536 0.00138471
v 0.133125 0.05398515 0.001430685
v 0.133125 0.070810185 0.001434405
v 0.133125 0.05392314 0.001476885
v 0.133125 0.070763655 0.001519935
v 0.133125 0.05385942 0.001523385
v 0.133125 0.053794065 0.001570245
v 0.133125 0.07071372 0.00159912
v 0.133125 0.053727165 0.001617525
v 0.133125 0.053658795 0.00166527
v 0.133125 0.07066038 0.001673055
v 0.133125 0.05358903 0.001713555
v 0.133125 0.070603695 0.00174279
v 0.133125 0.053517975 0.001762425
v 0.133125 0.070543695 0.001809435
v 0.133125 0.053444625 0.001811895
v 0.133125 0.05336826 0.001861905
v 0.133125 0.070480425 0.00187407
v 0.133125 0.05328927 0.001912395
v 0.133125 0.07041402 0.001936905
v 0.133125 0.053208135 0.001963335
v 0.133125 0.07036812 0.00197661
v 0.133125 0.053125275 0.002014695
v 0.133125 0.070320885 0.00201456
v 0.133125 0.07027224 0.00205077
v 0.133125 0.056359425 0.002059095
v 0.133125 0.05304114 0.002066415
v 0.133125 0.056425965 0.00206517
v 0.133125 0.056488845 0.002076285
v 0.133125 0.070222125 0.00208533
v 0.133125 0.056548065 0.00209241
v 0.133125 0.05660364 0.002113575
v 0.133125 0.070170495 0.00211827
v 0.133125 0.05665557 0.00213978
v 0.133125 0.070117305 0.002149665
v 0.133125 0.056703825 0.002170995
v 0.133125 0.070062465 0.002179575
v 0.133125 0.05674938 0.002208555
v 0.133125 0.07000593 0.002208045
v 0.133125 0.069947655 0.002235135
v 0.133125 0.0567924 0.002252685
v 0.133125 0.06988758 0.00226092
v 0.133125 0.056831775 0.00230184
v 0.133125 0.06982563 0.00228543
v 0.133125 0.06976176 0.00230874
v 0.133125 0.056866365 0.00235449
v 0.133125 0.069695925 0.00233067
v 0.133125 0.069628155 0.002351025
v 0.133125 0.06955851 0.002369865
v 0.133125 0.06586326 0.0023769
v 0.133125 0.065943675 0.002377395
v 0.133125 0.065784375 0.002377065
v 0.133125 0.056895045 0.002409045
v 0.133125 0.06570705 0.002377995
v 0.133125 0.065631315 0.002379795
v 0.133125 0.065557215 0.002382555
v 0.133125 0.06548475 0.002386365
v 0.133125 0.06541398 0.00239133
v 0.133125 0.065344935 0.002397555
v 0.133125 0.06527763 0.002405115
v 0.133125 0.06521208 0.002413875
v 0.133125 0.05691669 0.002463975
v 0.133125 0.06514821 0.00242361
v 0.133125 0.065086005 0.00243435
v 0.133125 0.06502548 0.002446095
v 0.133125 0.06496662 0.00245886
v 0.133125 0.064909365 0.00247266
v 0.133125 0.056931465 0.002521125
v 0.133125 0.06485376 0.002487495
v 0.133125 0.06479973 0.002503395
v 0.133125 0.064747305 0.002520375
v 0.133125 0.064696455 0.002538435
v 0.133125 0.05694033 0.002582115
v 0.133125 0.064647165 0.002557575
v 0.133125 0.06457611 0.002588385
v 0.133125 0.056943285 0.00264504
v 0.133125 0.06450852 0.0026217
v 0.133125 0.06444447 0.002657445
v 0.133125 0.05694033 0.00270795
v 0.133125 0.064383975 0.00269562
v 0.133125 0.064327035 0.002736225
v 0.133125 0.056931465 0.00276894
v 0.133125 0.06427365 0.00277926
v 0.133125 0.05691669 0.002826105
v 0.133125 0.06422382 0.002824725
v 0.133125 0.064177545 0.002872605
v 0.133125 0.056895045 0.00288102
v 0.133125 0.064134825 0.002922915
v 0.133125 0.056866365 0.00293559
v 0.133125 0.064095645 0.00297567
v 0.133125 0.056831775 0.002988225
v 0.133125 0.064057395 0.003029565
v 0.133125 0.0567924 0.00303738
v 0.133125 0.05674938 0.003081525
v 0.133125 0.06402258 0.0030861
v 0.133125 0.056703825 0.00311907
v 0.133125 0.0639912 0.00314529
v 0.133125 0.05665557 0.003150285
v 0.133125 0.05660364 0.00317649
v 0.133125 0.056548065 0.003197655
v 0.133125 0.063963285 0.003207135
v 0.133125 0.056488845 0.003213795
v 0.133125 0.056425965 0.003224895
v 0.133125 0.056359425 0.00323097
v 0.133125 0.0513132 0.003255525
v 0.133125 0.063938805 0.003271635
v 0.133125 0.056292885 0.003224895
v 0.133125 0.056230005 0.003213795
v 0.133125 0.0513765 0.003200235
v 0.133125 0.056170785 0.003197655
v 0.133125 0.05611521 0.00317649
v 0.133125 0.05606328 0.003150285
v 0.133125 0.05144139 0.00314502
v 0.133125 0.05601501 0.00311907
v 0.133125 0.05150871 0.00308982
v 0.133125 0.05596947 0.003081525
v 0.133125 0.055926435 0.00303738
v 0.133125 0.051579075 0.00303462
v 0.133125 0.05588706 0.002988225
v 0.133125 0.051652155 0.002979435
v 0.133125 0.05585247 0.00293559
v 0.133125 0.051727575 0.00292431
v 0.133125 0.055823805 0.00288102
v 0.133125 0.05180499 0.00286926
v 0.133125 0.05580216 0.002826105
v 0.133125 0.051884025 0.00281433
v 0.133125 0.055787385 0.00276894
v 0.133125 0.051964335 0.002759535
v 0.133125 0.05577852 0.00270795
v 0.133125 0.05204556 0.002704905
v 0.133125 0.05577555 0.00264504
v 0.133125 0.05212734 0.00265047
v 0.133125 0.052209315 0.002596275
v 0.133125 0.05577852 0.002582115
v 0.133125 0.052291125 0.00254232
v 0.133125 0.055787385 0.002521125
v 0.133125 0.052372425 0.002488665
v 0.133125 0.05580216 0.002463975
v 0.133125 0.052452855 0.002435325
v 0.133125 0.055823805 0.002409045
v 0.133125 0.05253375 0.002382165
v 0.133125 0.05585247 0.00235449
v 0.133125 0.05261643 0.00232911
v 0.133125 0.05588706 0.00230184
v 0.133125 0.052700445 0.00227616
v 0.133125 0.055926435 0.002252685
v 0.133125 0.05278536 0.002223375
v 0.133125 0.05596947 0.002208555
v 0.133125 0.05601501 0.002170995
v 0.133125 0.05287074 0.0021708
v 0.133125 0.05606328 0.00213978
v 0.133125 0.05295615 0.002118465
v 0.133125 0.05611521 0.002113575
v 0.133125 0.056170785 0.00209241
v 0.133125 0.056230005 0.002076285
v 0.133125 0.056292885 0.00206517
v 0.133125 0.05125158 0.00331089
v 0.133125 0.06391776 0.003338775
v 0.133125 0.051191715 0.00336633
v 0.133125 0.063900165 0.00340857
v 0.133125 0.051133695 0.003421875
v 0.133125 0.051077595 0.00347751
v 0.133125 0.06388602 0.00348102
v 0.133125 0.051023505 0.003533235
v 0.133125 0.063875325 0.00355611
v 0.133125 0.050971485 0.00358908
v 0.133125 0.06386817 0.003633855
v 0.133125 0.05092164 0.00364503
v 0.133125 0.063865365 0.00368715
v 0.133125 0.050874045 0.003701085
v 0.133125 0.061390575 0.00369381
v 0.133125 0.061324035 0.0036999
v 0.133125 0.061457115 0.0036999
v 0.133125 0.061519995 0.003711
v 0.133125 0.061579215 0.00372714
v 0.133125 0.063864105 0.00374163
v 0.133125 0.06163479 0.003748305
v 0.133125 0.06168672 0.003774495
v 0.133125 0.06386439 0.003797295
v 0.133125 0.061734975 0.003805725
v 0.133125 0.06178053 0.00384327
v 0.133125 0.063866175 0.003854115
v 0.133125 0.061823565 0.0038874
v 0.133125 0.06386949 0.003912135
v 0.133125 0.06186294 0.00393657
v 0.133125 0.06387429 0.003971325
v 0.133125 0.06189753 0.003989205
v 0.133125 0.063880545 0.004031685
v 0.133125 0.061926195 0.00404376
v 0.133125 0.06388827 0.00409323
v 0.133125 0.06194784 0.00409869
v 0.133125 0.061962615 0.00415584
v 0.133125 0.06389745 0.00415596
v 0.133125 0.061971495 0.004216845
v 0.133125 0.06390804 0.00421986
v 0.133125 0.061974435 0.004279755
v 0.133125 0.063920055 0.004284945
v 0.133125 0.061971495 0.004342665
v 0.133125 0.063933735 0.00435129
v 0.133125 0.061962615 0.00440367
v 0.133125 0.063949305 0.004418955
v 0.133125 0.06194784 0.00446082
v 0.133125 0.063966615 0.00448791
v 0.133125 0.061926195 0.00451575
v 0.133125 0.06398556 0.004558095
v 0.133125 0.06189753 0.004570305
v 0.133125 0.06186294 0.00462294
v 0.133125 0.064006005 0.004629465
v 0.133125 0.061823565 0.00467211
v 0.133125 0.064027845 0.004702005
v 0.133125 0.06178053 0.00471624
v 0.133125 0.061734975 0.004753785
v 0.133125 0.064050915 0.004775625
v 0.133125 0.06168672 0.004785015
v 0.133125 0.06163479 0.004811205
v 0.133125 0.061579215 0.00483237
v 0.133125 0.061519995 0.00484851
v 0.133125 0.064075155 0.004850325
v 0.133125 0.061457115 0.00485961
v 0.133125 0.061390575 0.004865685
v 0.133125 0.058618755 0.004889985
v 0.133125 0.05867739 0.00492333
v 0.133125 0.05855892 0.004860765
v 0.133125 0.061324035 0.00485961
v 0.133125 0.061261155 0.00484851
v 0.133125 0.05849787 0.004835685
v 0.133125 0.061201935 0.00483237
v 0.133125 0.058435605 0.00481473
v 0.133125 0.06114636 0.004811205
v 0.133125 0.058372515 0.00479499
v 0.133125 0.06109443 0.004785015
v 0.133125 0.058307985 0.00477936
v 0.133125 0.061046175 0.004753785
v 0.133125 0.058242 0.00476781
v 0.133125 0.058174545 0.00476037
v 0.133125 0.05810565 0.00475701
v 0.133125 0.053897655 0.004725315
v 0.133125 0.06100062 0.00471624
v 0.133125 0.05390652 0.004786305
v 0.133125 0.058035285 0.004757745
v 0.133125 0.05796348 0.00476259
v 0.133125 0.057890205 0.004771515
v 0.133125 0.057815475 0.00478455
v 0.133125 0.057739335 0.00480177
v 0.133125 0.053909475 0.00484923
v 0.133125 0.057687765 0.00481557
v 0.133125 0.057635565 0.004831215
v 0.133125 0.05758272 0.004848675
v 0.133125 0.05752923 0.00486795
v 0.133125 0.05390652 0.00491214
v 0.133125 0.05747508 0.00488901
v 0.133125 0.05742027 0.00491187
v 0.133125 0.057364785 0.004936485
v 0.133125 0.053897655 0.004973145
v 0.133125 0.05730864 0.004962855
v 0.133125 0.05725182 0.00499095
v 0.133125 0.053882865 0.005030295
v 0.133125 0.057194325 0.00502077
v 0.133125 0.05713614 0.005052315
v 0.133125 0.053861235 0.005085225
v 0.133125 0.05707728 0.005085825
v 0.133125 0.053832555 0.00513978
v 0.133125 0.05701773 0.00512154
v 0.133125 0.056957505 0.005159325
v 0.133125 0.053797965 0.005192415
v 0.133125 0.056896605 0.005199015
v 0.133125 0.05375859 0.005241585
v 0.133125 0.05683503 0.00524052
v 0.133125 0.056772795 0.005283705
v 0.133125 0.05371557 0.005285715
v 0.133125 0.053670015 0.00532326
v 0.133125 0.056709915 0.005328405
v 0.133125 0.053621745 0.00535449
v 0.133125 0.05664636 0.00537453
v 0.133125 0.05356983 0.00538068
v 0.133125 0.053514255 0.005401845
v 0.133125 0.05345502 0.005417985
v 0.133125 0.056582145 0.00542193
v 0.133125 0.05339214 0.005429085
v 0.133125 0.053325615 0.00543516
v 0.133125 0.0565173 0.00547047
v 0.133125 0.050469825 0.005435775
v 0.133125 0.050494455 0.00550986
v 0.133125 0.053259075 0.005429085
v 0.133125 0.053196195 0.005417985
v 0.133125 0.05313696 0.005401845
v 0.133125 0.053081385 0.00538068
v 0.133125 0.0504486 0.005363745
v 0.133125 0.05302947 0.00535449
v 0.133125 0.0529812 0.00532326
v 0.133125 0.05043108 0.005294115
v 0.133125 0.052935645 0.005285715
v 0.133125 0.052892625 0.005241585
v 0.133125 0.050411265 0.0051936
v 0.133125 0.05285325 0.005192415
v 0.133125 0.05281866 0.00513978
v 0.133125 0.05039862 0.00509706
v 0.133125 0.05278998 0.005085225
v 0.133125 0.05276835 0.005030295
v 0.133125 0.050392485 0.00500364
v 0.133125 0.052753575 0.004973145
v 0.133125 0.05039217 0.004912485
v 0.133125 0.052744695 0.00491214
v 0.133125 0.05274174 0.00484923
v 0.133125 0.050397045 0.00482274
v 0.133125 0.052744695 0.004786305
v 0.133125 0.050406405 0.004733565
v 0.133125 0.052753575 0.004725315
v 0.133125 0.05276835 0.004668165
v 0.133125 0.050419605 0.00464409
v 0.133125 0.05278998 0.004613235
v 0.133125 0.05281866 0.00455868
v 0.133125 0.050436405 0.004554225
v 0.133125 0.05285325 0.004506045
v 0.133125 0.05045019 0.00449511
v 0.133125 0.052892625 0.004456875
v 0.133125 0.050466105 0.004436655
v 0.133125 0.052935645 0.004412745
v 0.133125 0.05048418 0.004378755
v 0.133125 0.0529812 0.0043752
v 0.133125 0.05302947 0.00434397
v 0.133125 0.0505044 0.00432135
v 0.133125 0.053081385 0.00431778
v 0.133125 0.05313696 0.004296615
v 0.133125 0.053196195 0.004280475
v 0.133125 0.053259075 0.004269375
v 0.133125 0.05052681 0.00426435
v 0.133125 0.053325615 0.004263285
v 0.133125 0.06080967 0.004216845
v 0.133125 0.05339214 0.004269375
v 0.133125 0.050551395 0.00420768
v 0.133125 0.060818535 0.00415584
v 0.133125 0.050578185 0.00415125
v 0.133125 0.06083331 0.00409869
v 0.133125 0.05060718 0.004094985
v 0.133125 0.060854955 0.00404376
v 0.133125 0.050638395 0.00403881
v 0.133125 0.06088362 0.003989205
v 0.133125 0.05067186 0.00398265
v 0.133125 0.06091821 0.00393657
v 0.133125 0.05070756 0.0039264
v 0.133125 0.060957585 0.0038874
v 0.133125 0.050745525 0.00387
v 0.133125 0.06100062 0.00384327
v 0.133125 0.050785905 0.00381357
v 0.133125 0.061046175 0.003805725
v 0.133125 0.06109443 0.003774495
v 0.133125 0.05082876 0.00375726
v 0.133125 0.06114636 0.003748305
v 0.133125 0.061201935 0.00372714
v 0.133125 0.061261155 0.003711
v 0.133125 0.060806715 0.004279755
v 0.133125 0.05345502 0.004280475
v 0.133125 0.053514255 0.004296615
v 0.133125 0.05356983 0.00431778
v 0.133125 0.06080967 0.004342665
v 0.133125 0.053621745 0.00434397
v 0.133125 0.053670015 0.0043752
v 0.133125 0.060818535 0.00440367
v 0.133125 0.05371557 0.004412745
v 0.133125 0.05375859 0.004456875
v 0.133125 0.06083331 0.00446082
v 0.133125 0.053797965 0.004506045
v 0.133125 0.060854955 0.00451575
v 0.133125 0.053832555 0.00455868
v 0.133125 0.06088362 0.004570305
v 0.133125 0.053861235 0.004613235
v 0.133125 0.06091821 0.00462294
v 0.133125 0.053882865 0.004668165
v 0.133125 0.060957585 0.00467211
v 0.133125 0.056451795 0.00552003
v 0.133125 0.0505221 0.005585505
v 0.133125 0.056385645 0.005570475
v 0.133125 0.056318865 0.00562167
v 0.133125 0.05055279 0.005662695
v 0.133125 0.05625135 0.00567438
v 0.133125 0.05058648 0.005741445
v 0.133125 0.05618301 0.005729235
v 0.133125 0.056113905 0.00578598
v 0.133125 0.050623215 0.00582174
v 0.133125 0.05604408 0.005844285
v 0.133125 0.050662965 0.005903595
v 0.133125 0.05597358 0.00590388
v 0.133125 0.05070573 0.00598701
v 0.133125 0.05590248 0.00596448
v 0.133125 0.055830795 0.00602577
v 0.133125 0.050751525 0.00607197
v 0.133125 0.0557586 0.006087495
v 0.133125 0.05080035 0.00615849
v 0.133125 0.055685925 0.006149325
v 0.133125 0.055612845 0.006211005
v 0.133125 0.05085219 0.006246555
v 0.133125 0.05553939 0.00627222
v 0.133125 0.05090706 0.00633618
v 0.133125 0.055465605 0.006332685
v 0.133125 0.05539155 0.006392115
v 0.133125 0.050964945 0.006427365
v 0.133125 0.05531673 0.00645171
v 0.133125 0.05102586 0.006520095
v 0.133125 0.055240755 0.00651258
v 0.133125 0.055163835 0.006574335
v 0.133125 0.05109558 0.00660708
v 0.133125 0.05508618 0.006636555
v 0.133125 0.05116476 0.00669066
v 0.133125 0.05500803 0.00669885
v 0.133125 0.0512334 0.00677088
v 0.133125 0.05492958 0.0067608
v 0.133125 0.054851055 0.006822
v 0.133125 0.051301485 0.00684771
v 0.133125 0.054772665 0.006882045
v 0.133125 0.05136903 0.00692115
v 0.133125 0.054694635 0.006940545
v 0.133125 0.05143602 0.0069912
v 0.133125 0.05461719 0.006997095
v 0.133125 0.05150247 0.00705789
v 0.133125 0.054540525 0.00705126
v 0.133125 0.054464865 0.007102665
v 0.133125 0.051568365 0.007121175
v 0.133125 0.054390435 0.00715089
v 0.133125 0.051633735 0.007181085
v 0.133125 0.05431689 0.007196655
v 0.133125 0.051698535 0.00723762
v 0.133125 0.05424375 0.007240875
v 0.133125 0.05176281 0.00729075
v 0.133125 0.05417106 0.007283445
v 0.133125 0.054098835 0.00732432
v 0.133125 0.05182653 0.00734052
v 0.133125 0.054027105 0.007363395
v 0.133125 0.051889695 0.0073869
v 0.133125 0.0539559 0.00740058
v 0.133125 0.05195196 0.00742935
v 0.133125 0.05388522 0.007435815
v 0.133125 0.05201307 0.007467525
v 0.133125 0.053815125 0.007468995
v 0.133125 0.052102965 0.00751737
v 0.133125 0.05374563 0.007500045
v 0.133125 0.05367675 0.007528875
v 0.133125 0.0521913 0.0075591
v 0.133125 0.053608515 0.00755541
v 0.133125 0.053540955 0.00757956
v 0.133125 0.052278675 0.007593615
v 0.133125 0.053474085 0.007601235
v 0.133125 0.05236572 0.007621815
v 0.133125 0.053408055 0.007620585
v 0.133125 0.053342925 0.007637775
v 0.133125 0.052453035 0.00764463
v 0.133125 0.053278605 0.00765279
v 0.133125 0.052541235 0.00766293
v 0.133125 0.053215005 0.00766563
v 0.133125 0.05260083 0.007673085
v 0.133125 0.05315205 0.00767628
v 0.133125 0.05266128 0.007681905
v 0.133125 0.05308965 0.00768474
v 0.133125 0.05272218 0.007689015
v 0.133125 0.05302773 0.00769101
v 0.133125 0.05278302 0.007693875
v 0.133125 0.052966185 0.00769506
v 0.133125 0.05284392 0.0076965
v 0.133125 0.05290494 0.00769689
v 0.133125 0.064100385 0.00492603
v 0.133125 0.058734825 0.0049608
v 0.133125 0.05879103 0.00500241
v 0.133125 0.064126515 0.00500271
v 0.133125 0.058846035 0.005048145
v 0.133125 0.06415341 0.00508032
v 0.133125 0.058899825 0.005098005
v 0.133125 0.058952385 0.00515199
v 0.133125 0.064180935 0.005158815
v 0.133125 0.059003655 0.00521004
v 0.133125 0.064209 0.00523815
v 0.133125 0.05903709 0.005251005
v 0.133125 0.059069985 0.0052938
v 0.133125 0.06423825 0.005318655
v 0.133125 0.059102325 0.00533841
v 0.133125 0.05913414 0.005384865
v 0.133125 0.064269315 0.005400615
v 0.133125 0.059165445 0.00543318
v 0.133125 0.059196255 0.005483355
v 0.133125 0.06430191 0.005483865
v 0.133125 0.059226585 0.005535405
v 0.133125 0.064335795 0.005568285
v 0.133125 0.059256465 0.005589345
v 0.133125 0.059285895 0.005645175
v 0.133125 0.064370685 0.005653755
v 0.133125 0.05931489 0.00570291
v 0.133125 0.06440634 0.00574011
v 0.133125 0.05934348 0.00576255
v 0.133125 0.05937147 0.005824215
v 0.133125 0.06444249 0.005827215
v 0.133125 0.059398725 0.005887965
v 0.133125 0.06447888 0.00591495
v 0.133125 0.05942532 0.00595374
v 0.133125 0.06451524 0.006003165
v 0.133125 0.05945133 0.006021465
v 0.133125 0.05947686 0.006091095
v 0.133125 0.064551315 0.00609174
v 0.133125 0.05950197 0.00616257
v 0.133125 0.064586835 0.006180525
v 0.133125 0.05952675 0.006235815
v 0.133125 0.064621545 0.00626937
v 0.133125 0.05955129 0.0063108
v 0.133125 0.064655175 0.00635817
v 0.133125 0.05957565 0.006387435
v 0.133125 0.06468873 0.006447735
v 0.133125 0.05959995 0.00646566
v 0.133125 0.064723155 0.006538815
v 0.133125 0.05962422 0.006545445
v 0.133125 0.059648595 0.0066267
v 0.133125 0.064758105 0.00663105
v 0.133125 0.059673105 0.006709395
v 0.133125 0.06479328 0.006724125
v 0.133125 0.059697495 0.00679443
v 0.133125 0.06482838 0.00681771
v 0.133125 0.05972145 0.006882525
v 0.133125 0.064863045 0.00691146
v 0.133125 0.059745075 0.006973245
v 0.133125 0.06489699 0.00700506
v 0.133125 0.059768445 0.007066155
v 0.133125 0.064929885 0.007098165
v 0.133125 0.05979168 0.00716082
v 0.133125 0.0649614 0.007190445
v 0.133125 0.05981487 0.007256835
v 0.133125 0.0625494 0.007260285
v 0.133125 0.059838105 0.00735375
v 0.133125 0.062615925 0.00726636
v 0.133125 0.062678805 0.00727746
v 0.133125 0.06499125 0.007281585
v 0.133125 0.06273804 0.0072936
v 0.133125 0.062793615 0.007314765
v 0.133125 0.06284553 0.007340955
v 0.133125 0.065019075 0.007371225
v 0.133125 0.0628938 0.007372185
v 0.133125 0.062939355 0.00740973
v 0.133125 0.062982375 0.00745386
v 0.133125 0.06504459 0.007459065
v 0.133125 0.06302175 0.00750303
v 0.133125 0.06506745 0.00754476
v 0.133125 0.06305634 0.007555665
v 0.133125 0.063085005 0.00761022
v 0.133125 0.06508824 0.00762885
v 0.133125 0.06310665 0.00766515
v 0.133125 0.065107695 0.00771207
v 0.133125 0.06312144 0.0077223
v 0.133125 0.063130305 0.007783305
v 0.133125 0.065125725 0.00779436
v 0.133125 0.06313326 0.007846215
v 0.133125 0.065142285 0.007875675
v 0.133125 0.063130305 0.00790914
v 0.133125 0.065157285 0.00795597
v 0.133125 0.06312144 0.00797013
v 0.133125 0.06310665 0.00802728
v 0.133125 0.065170635 0.0080352
v 0.133125 0.063085005 0.00808221
v 0.133125 0.065182305 0.00811329
v 0.133125 0.06305634 0.008136765
v 0.133125 0.06302175 0.0081894
v 0.133125 0.065192205 0.00819021
v 0.133125 0.062982375 0.00823857
v 0.133125 0.06520026 0.0082659
v 0.133125 0.062939355 0.0082827
v 0.133125 0.0628938 0.008320245
v 0.133125 0.065206395 0.008340315
v 0.133125 0.06284553 0.008351475
v 0.133125 0.062793615 0.008377665
v 0.133125 0.06273804 0.00839883
v 0.133125 0.065210535 0.00841341
v 0.133125 0.062678805 0.00841497
v 0.133125 0.062615925 0.00842607
v 0.133125 0.0625494 0.00843216
v 0.133125 0.06521262 0.00848514
v 0.133125 0.060141315 0.008495115
v 0.133125 0.06521259 0.00855543
v 0.133125 0.06248286 0.00842607
v 0.133125 0.06241998 0.00841497
v 0.133125 0.060114465 0.00840099
v 0.133125 0.062360745 0.00839883
v 0.133125 0.06230517 0.008377665
v 0.133125 0.062253255 0.008351475
v 0.133125 0.062204985 0.008320245
v 0.133125 0.06008796 0.008306385
v 0.133125 0.06215943 0.0082827
v 0.133125 0.06211641 0.00823857
v 0.133125 0.060061755 0.008211675
v 0.133125 0.062077035 0.0081894
v 0.133125 0.062042445 0.008136765
v 0.133125 0.060035715 0.00811719
v 0.133125 0.062013765 0.00808221
v 0.133125 0.061992135 0.00802728
v 0.133125 0.06000981 0.00802329
v 0.133125 0.061977345 0.00797013
v 0.133125 0.059983935 0.00793032
v 0.133125 0.06196848 0.00790914
v 0.133125 0.061965525 0.007846215
v 0.133125 0.05995839 0.007836945
v 0.133125 0.06196848 0.007783305
v 0.133125 0.05993346 0.00774192
v 0.133125 0.061977345 0.0077223
v 0.133125 0.061992135 0.00766515
v 0.133125 0.05990907 0.007645665
v 0.133125 0.062013765 0.00761022
v 0.133125 0.062042445 0.007555665
v 0.133125 0.059885115 0.007548585
v 0.133125 0.062077035 0.00750303
v 0.133125 0.06211641 0.00745386
v 0.133125 0.05986149 0.007451145
v 0.133125 0.06215943 0.00740973
v 0.133125 0.062204985 0.007372185
v 0.133125 0.062253255 0.007340955
v 0.133125 0.06230517 0.007314765
v 0.133125 0.062360745 0.0072936
v 0.133125 0.06241998 0.00727746
v 0.133125 0.06248286 0.00726636
v 0.133125 0.060168615 0.00858843
v 0.133125 0.065210595 0.008624205
v 0.133125 0.06019644 0.008680575
v 0.133125 0.0652068 0.00869145
v 0.133125 0.060224865 0.008771205
v 0.133125 0.065201205 0.00875727
v 0.133125 0.065193765 0.008821725
v 0.133125 0.060253995 0.00885996
v 0.133125 0.06518445 0.00888489
v 0.133125 0.06028389 0.008946525
v 0.133125 0.065173215 0.00894684
v 0.133125 0.06031464 0.00903051
v 0.133125 0.06516003 0.00900768
v 0.133125 0.065144865 0.009067455
v 0.133125 0.06034632 0.009111585
v 0.133125 0.06512769 0.00912627
v 0.133125 0.060378795 0.009190365
v 0.133125 0.06510846 0.009184185
v 0.133125 0.065087145 0.00924129
v 0.133125 0.06041181 0.009267645
v 0.133125 0.065063715 0.00929766
v 0.133125 0.060445425 0.009343365
v 0.133125 0.06503814 0.00935337
v 0.133125 0.06047967 0.009417435
v 0.133125 0.065011065 0.009408135
v 0.133125 0.064983 0.009461685
v 0.133125 0.06051456 0.00948978
v 0.133125 0.06493833 0.00953991
v 0.133125 0.060550125 0.009560325
v 0.133125 0.064889655 0.0096159
v 0.133125 0.060586425 0.009628995
v 0.133125 0.06483594 0.00968997
v 0.133125 0.06062346 0.009695715
v 0.133125 0.06066126 0.00976041
v 0.133125 0.064776105 0.009762405
v 0.133125 0.06069987 0.009823005
v 0.133125 0.06470913 0.00983352
v 0.133125 0.060739305 0.009883425
v 0.133125 0.06463395 0.009903615
v 0.133125 0.06077961 0.009941595
v 0.133125 0.06457875 0.009949935
v 0.133125 0.0608208 0.009997425
v 0.133125 0.064519125 0.00999603
v 0.133125 0.06445551 0.01004178
v 0.133125 0.06086271 0.01005096
v 0.133125 0.06438849 0.010087005
v 0.133125 0.06090516 0.010102305
v 0.133125 0.06431808 0.010131705
v 0.133125 0.060948255 0.010151475
v 0.133125 0.064244295 0.01017588
v 0.133125 0.060992025 0.01019853
v 0.133125 0.06416712 0.010219515
v 0.133125 0.061036575 0.0102435
v 0.133125 0.06408657 0.01026264
v 0.133125 0.061081965 0.0102864
v 0.133125 0.064002615 0.01030524
v 0.133125 0.06112827 0.010327305
v 0.133125 0.063915285 0.0103473
v 0.133125 0.06117555 0.010366215
v 0.133125 0.063824565 0.010388835
v 0.133125 0.061223895 0.010403205
v 0.133125 0.063730455 0.01042986
v 0.133125 0.06127338 0.010438275
v 0.133125 0.06363297 0.010470345
v 0.133125 0.06132405 0.010471485
v 0.133125 0.061375995 0.01050285
v 0.133125 0.06353208 0.010510305
v 0.133125 0.061456275 0.010546605
v 0.133125 0.063427815 0.01054974
v 0.133125 0.061537305 0.010586805
v 0.133125 0.063320805 0.010579005
v 0.133125 0.063216195 0.0106059
v 0.133125 0.06161922 0.01062327
v 0.133125 0.063114 0.01063038
v 0.133125 0.06170307 0.010655625
v 0.133125 0.06301422 0.010652475
v 0.133125 0.062916855 0.01067217
v 0.133125 0.06178986 0.01068351
v 0.133125 0.062821905 0.010689465
v 0.133125 0.06188061 0.010706535
v 0.133125 0.062729355 0.01070436
v 0.133125 0.06263922 0.01071687
v 0.133125 0.061976325 0.01072434
v 0.133125 0.0625515 0.010726995
v 0.133125 0.06207804 0.01073655
v 0.133125 0.062466195 0.010734705
v 0.133125 0.06238329 0.01074003
v 0.133125 0.06214968 0.01074141
v 0.133125 0.062302815 0.010742955
v 0.133125 0.06222474 0.010743495
v 0.133125 0.06602559 0.002378475
v 0.133125 0.066108975 0.002380035
v 0.133125 0.066193785 0.002381985
v 0.133125 0.06627999 0.002384205
v 0.133125 0.06948705 0.002387235
v 0.133125 0.066368415 0.002387295
v 0.133125 0.0664596 0.002391735
v 0.133125 0.06655317 0.0023973
v 0.133125 0.069413835 0.002403195
v 0.133125 0.06664875 0.00240378
v 0.133125 0.066745965 0.002410935
v 0.133125 0.069338925 0.002417805
v 0.133125 0.06684444 0.002418555
v 0.133125 0.0669438 0.0024264
v 0.133125 0.06926241 0.002431095
v 0.133125 0.067043655 0.00243426
v 0.133125 0.06714363 0.00244191
v 0.133125 0.06918432 0.002443125
v 0.133125 0.06724335 0.002449125
v 0.133125 0.06910473 0.002453955
v 0.133125 0.06734244 0.002455665
v 0.133125 0.067440525 0.002461335
v 0.133125 0.069023715 0.00246363
v 0.133125 0.067537215 0.00246588
v 0.133125 0.067633635 0.002470005
v 0.133125 0.06894132 0.00247221
v 0.133125 0.067730955 0.00247437
v 0.133125 0.067828845 0.002478825
v 0.133125 0.06885762 0.002479725
v 0.133125 0.067927035 0.00248316
v 0.133125 0.06877266 0.00248625
v 0.133125 0.06802518 0.002487195
v 0.133125 0.068122995 0.002490735
v 0.133125 0.06868575 0.002491335
v 0.133125 0.06822018 0.002493615
v 0.133125 0.06859638 0.002494635
v 0.133125 0.06831642 0.002495625
v 0.133125 0.06850482 0.002496315
v 0.133125 0.0684114 0.002496585
v 0.133125 0.06443346 0.000579855
v 0.133125 0.05993346 0.000579855
v 0.133125 0.05987058 0.000568755
v 0.133125 0.05981136 0.000552615
v 0.133125 0.059755785 0.00053145
v 0.133125 0.05481153 0.000529035
v 0.133125 0.059703855 0.00050526
v 0.133125 0.0596556 0.00047403
v 0.133125 0.05484234 0.000462465
v 0.133125 0.059610045 0.000436485
v 0.133125 0.054868845 0.00039603
v 0.133125 0.05956701 0.000392355
v 0.133125 0.059527635 0.000343185
v 0.133125 0.05489103 0.000329715
v 0.133125 0.059493045 0.00029055
v 0.133125 0.054908925 0.00026352
v 0.133125 0.05946438 0.000235995
v 0.133125 0.05492253 0.00019746
v 0.133125 0.059442735 0.000181065
v 0.133125 0.054931815 0.000131505
v 0.133125 0.05942796 0.000123915
v 0.133125 0.05493681 6.57e-05
v 0.133125 0.059419095 6.291e-05
v 0.133125 0.05941614 0
v 0.133125 0.0549375 0
v 0.133125 0.059419095 -6.291e-05
v 0.133125 0.05493678 -6.609e-05
v 0.133125 0.05942796 -0.000123915
v 0.133125 0.054931695 -0.0001323
v 0.133125 0.059442735 -0.000181065
v 0.133125 0.05492229 -0.00019863
v 0.133125 0.05946438 -0.000235995
v 0.133125 0.05490852 -0.00026508
v 0.133125 0.059493045 -0.00029055
v 0.133125 0.05489043 -0.000331635
v 0.133125 0.059527635 -0.000343185
v 0.133125 0.05956701 -0.000392355
v 0.133125 0.054867975 -0.000398325
v 0.133125 0.059610045 -0.000436485
v 0.133125 0.054841185 -0.000465135
v 0.133125 0.0596556 -0.00047403
v 0.133125 0.059703855 -0.00050526
v 0.133125 0.059755785 -0.00053145
v 0.133125 0.05481006 -0.00053205
v 0.133125 0.05981136 -0.000552615
v 0.133125 0.05987058 -0.000568755
v 0.133125 0.05993346 -0.000579855
v 0.133125 0.05477457 -0.0005991
v 0.133125 0.054734655 -0.000666195
v 0.133125 0.07102317 -0.00071523
v 0.133125 0.0547056 -0.00071097
v 0.133125 0.054674595 -0.000755775
v 0.133125 0.07100706 -0.00080517
v 0.133125 0.054641655 -0.00080064
v 0.133125 0.054606795 -0.000845565
v 0.133125 0.07098939 -0.00089205
v 0.133125 0.05457003 -0.00089055
v 0.133125 0.05453136 -0.000935625
v 0.133125 0.07097019 -0.00097587
v 0.133125 0.0544908 -0.000980775
v 0.133125 0.07094943 -0.001056645
v 0.133125 0.05444838 -0.00102603
v 0.133125 0.054404085 -0.001071375
v 0.133125 0.070927125 -0.00113436
v 0.133125 0.05435796 -0.001116855
v 0.133125 0.05430999 -0.00116244
v 0.133125 0.070903275 -0.001209
v 0.133125 0.05425992 -0.00120807
v 0.133125 0.054207555 -0.00125367
v 0.133125 0.070877865 -0.00127995
v 0.133125 0.054153015 -0.00129927
v 0.133125 0.070850865 -0.00134676
v 0.133125 0.054096435 -0.001344915
v 0.133125 0.054037935 -0.00139065
v 0.133125 0.070807425 -0.001439925
v 0.133125 0.05397765 -0.00143649
v 0.133125 0.053915685 -0.001482495
v 0.133125 0.07076049 -0.001525605
v 0.133125 0.05385219 -0.00152868
v 0.133125 0.07071009 -0.00160488
v 0.133125 0.05378727 -0.001575105
v 0.133125 0.05372106 -0.001621785
v 0.133125 0.070656255 -0.00167886
v 0.133125 0.05365368 -0.001668765
v 0.133125 0.053585265 -0.001716075
v 0.133125 0.07059903 -0.001748625
v 0.133125 0.05351595 -0.001763775
v 0.133125 0.07053843 -0.001815285
v 0.133125 0.053444955 -0.0018117
v 0.133125 0.070496175 -0.00185853
v 0.133125 0.05337165 -0.001859745
v 0.133125 0.07045245 -0.00190119
v 0.133125 0.053296335 -0.00190794
v 0.133125 0.070407375 -0.00194274
v 0.133125 0.05321931 -0.00195633
v 0.133125 0.07036101 -0.001982445
v 0.133125 0.053140845 -0.002004945
v 0.133125 0.07031328 -0.002020365
v 0.133125 0.05306124 -0.00205386
v 0.133125 0.07026414 -0.002056545
v 0.133125 0.056359425 -0.002059095
v 0.133125 0.07021353 -0.00209106
v 0.133125 0.056292885 -0.00206517
v 0.133125 0.056230005 -0.002076285
v 0.133125 0.056170785 -0.00209241
v 0.133125 0.052980795 -0.00210309
v 0.133125 0.05611521 -0.002113575
v 0.133125 0.05606328 -0.00213978
v 0.133125 0.052899795 -0.00215268
v 0.133125 0.05601501 -0.002170995
v 0.133125 0.052818525 -0.002202675
v 0.133125 0.05596947 -0.002208555
v 0.133125 0.055926435 -0.002252685
v 0.133125 0.052737285 -0.002253135
v 0.133125 0.05588706 -0.00230184
v 0.133125 0.05265636 -0.002304075
v 0.133125 0.05585247 -0.00235449
v 0.133125 0.05257605 -0.002355555
v 0.133125 0.055823805 -0.002409045
v 0.133125 0.05249664 -0.00240762
v 0.133125 0.052416855 -0.00246036
v 0.133125 0.05580216 -0.002463975
v 0.133125 0.05233548 -0.00251382
v 0.133125 0.055787385 -0.002521125
v 0.133125 0.05225298 -0.002567895
v 0.133125 0.05577852 -0.002582115
v 0.133125 0.052169805 -0.00262251
v 0.133125 0.05577555 -0.00264504
v 0.133125 0.05208642 -0.00267759
v 0.133125 0.05577852 -0.00270795
v 0.133125 0.05200326 -0.00273306
v 0.133125 0.055787385 -0.00276894
v 0.133125 0.051920775 -0.00278883
v 0.133125 0.05580216 -0.002826105
v 0.133125 0.051839445 -0.002844825
v 0.133125 0.055823805 -0.00288102
v 0.133125 0.05175969 -0.002900955
v 0.133125 0.05585247 -0.00293559
v 0.133125 0.05168199 -0.002957145
v 0.133125 0.05588706 -0.002988225
v 0.133125 0.05160678 -0.003013305
v 0.133125 0.055926435 -0.00303738
v 0.133125 0.05153451 -0.003069375
v 0.133125 0.05596947 -0.003081525
v 0.133125 0.05601501 -0.00311907
v 0.133125 0.051465645 -0.003125265
v 0.133125 0.05606328 -0.003150285
v 0.133125 0.05611521 -0.00317649
v 0.133125 0.05139939 -0.00318108
v 0.133125 0.056170785 -0.003197655
v 0.133125 0.056230005 -0.003213795
v 0.133125 0.056292885 -0.003224895
v 0.133125 0.056359425 -0.00323097
v 0.133125 0.051334755 -0.00323697
v 0.133125 0.063939435 -0.003269715
v 0.133125 0.056425965 -0.003224895
v 0.133125 0.051271785 -0.003292935
v 0.133125 0.06391842 -0.00333642
v 0.133125 0.0512106 -0.003349005
v 0.133125 0.06390081 -0.00340575
v 0.133125 0.051151275 -0.00340515
v 0.133125 0.0510939 -0.003461385
v 0.133125 0.06388659 -0.003477705
v 0.133125 0.05103855 -0.00351771
v 0.133125 0.063875805 -0.003552285
v 0.133125 0.05098533 -0.00357411
v 0.133125 0.063868455 -0.00362937
v 0.133125 0.05093433 -0.00363063
v 0.133125 0.06386547 -0.00368217
v 0.133125 0.050885625 -0.003687225
v 0.133125 0.061390575 -0.00369381
v 0.133125 0.063864015 -0.003736125
v 0.133125 0.061324035 -0.0036999
v 0.133125 0.061261155 -0.003711
v 0.133125 0.061201935 -0.00372714
v 0.133125 0.050839305 -0.003743925
v 0.133125 0.06114636 -0.003748305
v 0.133125 0.06109443 -0.003774495
v 0.133125 0.05079546 -0.003800715
v 0.133125 0.061046175 -0.003805725
v 0.133125 0.06100062 -0.00384327
v 0.133125 0.05075418 -0.003857595
v 0.133125 0.060957585 -0.0038874
v 0.133125 0.050715375 -0.003914415
v 0.133125 0.06091821 -0.00393657
v 0.133125 0.050678895 -0.003971055
v 0.133125 0.06088362 -0.003989205
v 0.133125 0.05064474 -0.00402759
v 0.133125 0.060854955 -0.00404376
v 0.133125 0.05061288 -0.00408411
v 0.133125 0.06083331 -0.00409869
v 0.133125 0.050583285 -0.00414069
v 0.133125 0.060818535 -0.00415584
v 0.133125 0.050555955 -0.00419742
v 0.133125 0.06080967 -0.004216845
v 0.133125 0.05053086 -0.004254375
v 0.133125 0.053325615 -0.004263285
v 0.133125 0.053259075 -0.004269375
v 0.133125 0.060806715 -0.004279755
v 0.133125 0.05339214 -0.004269375
v 0.133125 0.05345502 -0.004280475
v 0.133125 0.06080967 -0.004342665
v 0.133125 0.053514255 -0.004296615
v 0.133125 0.05356983 -0.00431778
v 0.133125 0.053621745 -0.00434397
v 0.133125 0.060818535 -0.00440367
v 0.133125 0.053670015 -0.0043752
v 0.133125 0.05371557 -0.004412745
v 0.133125 0.06083331 -0.00446082
v 0.133125 0.05375859 -0.004456875
v 0.133125 0.053797965 -0.004506045
v 0.133125 0.060854955 -0.00451575
v 0.133125 0.053832555 -0.00455868
v 0.133125 0.06088362 -0.004570305
v 0.133125 0.053861235 -0.004613235
v 0.133125 0.06091821 -0.00462294
v 0.133125 0.053882865 -0.004668165
v 0.133125 0.060957585 -0.00467211
v 0.133125 0.06100062 -0.00471624
v 0.133125 0.053897655 -0.004725315
v 0.133125 0.061046175 -0.004753785
v 0.133125 0.058107675 -0.004757025
v 0.133125 0.058037745 -0.00475764
v 0.133125 0.06109443 -0.004785015
v 0.133125 0.05817615 -0.00476046
v 0.133125 0.058243185 -0.004767945
v 0.133125 0.058308765 -0.00477948
v 0.133125 0.058372905 -0.00479508
v 0.133125 0.06114636 -0.004811205
v 0.133125 0.058435605 -0.00481473
v 0.133125 0.061201935 -0.00483237
v 0.133125 0.05849823 -0.004835835
v 0.133125 0.061261155 -0.00484851
v 0.133125 0.061324035 -0.00485961
v 0.133125 0.058559625 -0.004861125
v 0.133125 0.061390575 -0.004865685
v 0.133125 0.058619805 -0.00489057
v 0.133125 0.06409773 -0.00491811
v 0.133125 0.061457115 -0.00485961
v 0.133125 0.05867874 -0.004924185
v 0.133125 0.064124085 -0.00499569
v 0.133125 0.05873646 -0.00496197
v 0.133125 0.05879295 -0.005003925
v 0.133125 0.064151325 -0.0050745
v 0.133125 0.05884821 -0.00505005
v 0.133125 0.05890224 -0.005100345
v 0.133125 0.064179375 -0.00515457
v 0.133125 0.058955025 -0.00515481
v 0.133125 0.06420813 -0.00523587
v 0.133125 0.059006505 -0.005213505
v 0.133125 0.059040105 -0.005254965
v 0.133125 0.0642384 -0.005319
v 0.133125 0.05907315 -0.0052983
v 0.133125 0.05910564 -0.005343495
v 0.133125 0.0642708 -0.00540435
v 0.133125 0.05913759 -0.005390535
v 0.133125 0.059169015 -0.005439405
v 0.133125 0.064305015 -0.00549162
v 0.133125 0.05919993 -0.005490105
v 0.133125 0.059230335 -0.005542635
v 0.133125 0.064340715 -0.005580525
v 0.133125 0.05926026 -0.005596965
v 0.133125 0.064377555 -0.00567078
v 0.133125 0.059289705 -0.005653095
v 0.133125 0.0593187 -0.005711025
v 0.133125 0.064415235 -0.005762085
v 0.133125 0.05934723 -0.00577074
v 0.133125 0.064453395 -0.00585414
v 0.133125 0.05937516 -0.005832465
v 0.133125 0.05940234 -0.00589635
v 0.133125 0.064491735 -0.00594669
v 0.133125 0.05942886 -0.005962305
v 0.133125 0.064529895 -0.006039405
v 0.133125 0.059454795 -0.006030225
v 0.133125 0.059480205 -0.00609999
v 0.133125 0.064567575 -0.006132015
v 0.133125 0.05950518 -0.006171495
v 0.133125 0.064604415 -0.006224235
v 0.133125 0.05952978 -0.006244635
v 0.133125 0.064640115 -0.006315765
v 0.133125 0.05955408 -0.006319305
v 0.133125 0.06467433 -0.00640632
v 0.133125 0.05957817 -0.006395385
v 0.133125 0.05960211 -0.006472785
v 0.133125 0.064708035 -0.00649674
v 0.133125 0.059625975 -0.006551385
v 0.133125 0.064742265 -0.00658794
v 0.133125 0.059649825 -0.006631065
v 0.133125 0.06477675 -0.00667968
v 0.133125 0.059673765 -0.006711735
v 0.133125 0.064811205 -0.00677172
v 0.133125 0.059697405 -0.00679407
v 0.133125 0.064845375 -0.00686382
v 0.133125 0.05972046 -0.006878625
v 0.133125 0.064878975 -0.006955755
v 0.133125 0.059743005 -0.006965145
v 0.133125 0.064911735 -0.007047285
v 0.133125 0.059765235 -0.00705336
v 0.133125 0.064943385 -0.007138185
v 0.133125 0.059787225 -0.007143015
v 0.133125 0.064973655 -0.00722823
v 0.133125 0.05980914 -0.007233825
v 0.133125 0.0625494 -0.007260285
v 0.133125 0.065002275 -0.00731715
v 0.133125 0.06248286 -0.00726636
v 0.133125 0.06241998 -0.00727746
v 0.133125 0.062360745 -0.0072936
v 0.133125 0.06230517 -0.007314765
v 0.133125 0.0598311 -0.00732555
v 0.133125 0.062253255 -0.007340955
v 0.133125 0.062204985 -0.007372185
v 0.133125 0.06215943 -0.00740973
v 0.133125 0.059853225 -0.00741792
v 0.133125 0.06211641 -0.00745386
v 0.133125 0.062077035 -0.00750303
v 0.133125 0.059875665 -0.00751065
v 0.133125 0.062042445 -0.007555665
v 0.133125 0.059898555 -0.007603515
v 0.133125 0.062013765 -0.00761022
v 0.133125 0.061992135 -0.00766515
v 0.133125 0.059922 -0.007696215
v 0.133125 0.061977345 -0.0077223
v 0.133125 0.06196848 -0.007783305
v 0.133125 0.059946135 -0.007788495
v 0.133125 0.061965525 -0.007846215
v 0.133125 0.059971125 -0.007880115
v 0.133125 0.06196848 -0.00790914
v 0.133125 0.061977345 -0.00797013
v 0.133125 0.059996625 -0.007972305
v 0.133125 0.061992135 -0.00802728
v 0.133125 0.060022305 -0.008066205
v 0.133125 0.062013765 -0.00808221
v 0.133125 0.062042445 -0.008136765
v 0.133125 0.06004824 -0.00816138
v 0.133125 0.062077035 -0.0081894
v 0.133125 0.06211641 -0.00823857
v 0.133125 0.06007449 -0.00825735
v 0.133125 0.06215943 -0.0082827
v 0.133125 0.062204985 -0.008320245
v 0.133125 0.062253255 -0.008351475
v 0.133125 0.060101115 -0.008353695
v 0.133125 0.06230517 -0.008377665
v 0.133125 0.062360745 -0.00839883
v 0.133125 0.06241998 -0.00841497
v 0.133125 0.06248286 -0.00842607
v 0.133125 0.0625494 -0.00843216
v 0.133125 0.06012816 -0.00844992
v 0.133125 0.0652128 -0.00850116
v 0.133125 0.06521121 -0.008430405
v 0.133125 0.060155715 -0.00854559
v 0.133125 0.06521229 -0.00857055
v 0.133125 0.06520986 -0.008638485
v 0.133125 0.06018384 -0.00864024
v 0.133125 0.06520569 -0.00870498
v 0.133125 0.06021258 -0.008733435
v 0.133125 0.065199735 -0.00877008
v 0.133125 0.060241995 -0.00882471
v 0.133125 0.06519198 -0.008833875
v 0.133125 0.065182365 -0.00889644
v 0.133125 0.06027219 -0.008913585
v 0.133125 0.065170875 -0.008957835
v 0.133125 0.06030318 -0.008999655
v 0.133125 0.06515745 -0.009018135
v 0.133125 0.065142075 -0.009077415
v 0.133125 0.06033504 -0.00908241
v 0.133125 0.06512469 -0.00913575
v 0.133125 0.06036765 -0.00916266
v 0.133125 0.06510528 -0.009193215
v 0.133125 0.06040083 -0.009241425
v 0.133125 0.0650838 -0.009249855
v 0.133125 0.06506022 -0.009305775
v 0.133125 0.06043461 -0.0093186
v 0.133125 0.06502098 -0.009388365
v 0.133125 0.06046902 -0.00939411
v 0.133125 0.064979055 -0.00946851
v 0.133125 0.060504075 -0.009467895
v 0.133125 0.060539835 -0.009539835
v 0.133125 0.06493422 -0.009546165
v 0.133125 0.0605763 -0.00960987
v 0.133125 0.06488541 -0.00962163
v 0.133125 0.0606135 -0.00967791
v 0.133125 0.064831575 -0.00969519
v 0.133125 0.06065148 -0.009743895
v 0.133125 0.064771695 -0.00976716
v 0.133125 0.060690255 -0.009807705
v 0.133125 0.064704735 -0.00983784
v 0.133125 0.06072987 -0.00986928
v 0.133125 0.064629615 -0.0099075
v 0.133125 0.060770325 -0.00992853
v 0.133125 0.064574505 -0.009953535
v 0.133125 0.06081168 -0.009985365
v 0.133125 0.064515015 -0.00999933
v 0.133125 0.060853725 -0.01003983
v 0.133125 0.064451535 -0.010044795
v 0.133125 0.06438471 -0.010089735
v 0.133125 0.06089631 -0.010092015
v 0.133125 0.06431451 -0.01013415
v 0.133125 0.060939525 -0.01014198
v 0.133125 0.064240965 -0.010178055
v 0.133125 0.06098343 -0.01018974
v 0.133125 0.064164045 -0.010221435
v 0.133125 0.0610281 -0.01023537
v 0.133125 0.06408378 -0.01026429
v 0.133125 0.06107361 -0.010278885
v 0.133125 0.06400014 -0.01030662
v 0.133125 0.06112002 -0.01032036
v 0.133125 0.063913155 -0.01034844
v 0.133125 0.061167435 -0.01035981
v 0.133125 0.06382281 -0.01038975
v 0.133125 0.0612159 -0.010397295
v 0.133125 0.063729105 -0.01043052
v 0.133125 0.061265505 -0.010432845
v 0.133125 0.06363204 -0.01047078
v 0.133125 0.06131631 -0.01046652
v 0.133125 0.061368405 -0.01049835
v 0.133125 0.0635316 -0.010510515
v 0.133125 0.06142185 -0.01052838
v 0.133125 0.063427815 -0.01054974
v 0.133125 0.061475925 -0.010556775
v 0.133125 0.06332028 -0.010579125
v 0.133125 0.06153012 -0.010583595
v 0.133125 0.063215175 -0.01060608
v 0.133125 0.06161223 -0.01062063
v 0.133125 0.063112515 -0.010630635
v 0.133125 0.06301227 -0.010652775
v 0.133125 0.061696275 -0.010653495
v 0.133125 0.062914455 -0.010672485
v 0.133125 0.061783275 -0.010681845
v 0.133125 0.062819085 -0.010689795
v 0.133125 0.06272613 -0.010704675
v 0.133125 0.061874235 -0.010705275
v 0.133125 0.062635605 -0.01071714
v 0.133125 0.061970235 -0.01072344
v 0.133125 0.062547525 -0.01072719
v 0.133125 0.06246186 -0.010734825
v 0.133125 0.06207225 -0.010735965
v 0.133125 0.06237864 -0.010740045
v 0.133125 0.06214413 -0.01074099
v 0.133125 0.062297835 -0.01074285
v 0.133125 0.06221946 -0.01074324
v 0.133125 0.062615925 -0.00842607
v 0.133125 0.062678805 -0.00841497
v 0.133125 0.06273804 -0.00839883
v 0.133125 0.062793615 -0.008377665
v 0.133125 0.06520761 -0.008358345
v 0.133125 0.06284553 -0.008351475
v 0.133125 0.0628938 -0.008320245
v 0.133125 0.06520206 -0.00828501
v 0.133125 0.062939355 -0.0082827
v 0.133125 0.062982375 -0.00823857
v 0.133125 0.06519462 -0.00821046
v 0.133125 0.06302175 -0.0081894
v 0.133125 0.06305634 -0.008136765
v 0.133125 0.06518535 -0.00813471
v 0.133125 0.063085005 -0.00808221
v 0.133125 0.06517434 -0.00805782
v 0.133125 0.06310665 -0.00802728
v 0.133125 0.065161665 -0.007979835
v 0.133125 0.06312144 -0.00797013
v 0.133125 0.063130305 -0.00790914
v 0.133125 0.06514737 -0.0079008
v 0.133125 0.06313326 -0.007846215
v 0.133125 0.065131545 -0.00782076
v 0.133125 0.063130305 -0.007783305
v 0.133125 0.065114235 -0.007739745
v 0.133125 0.06312144 -0.0077223
v 0.133125 0.06310665 -0.00766515
v 0.133125 0.065095515 -0.007657815
v 0.133125 0.063085005 -0.00761022
v 0.133125 0.065075475 -0.007575
v 0.133125 0.06305634 -0.007555665
v 0.133125 0.06302175 -0.00750303
v 0.133125 0.065053455 -0.007490775
v 0.133125 0.062982375 -0.00745386
v 0.133125 0.062939355 -0.00740973
v 0.133125 0.06502896 -0.00740475
v 0.133125 0.0628938 -0.007372185
v 0.133125 0.06284553 -0.007340955
v 0.133125 0.062793615 -0.007314765
v 0.133125 0.06273804 -0.0072936
v 0.133125 0.062678805 -0.00727746
v 0.133125 0.062615925 -0.00726636
v 0.133125 0.061519995 -0.00484851
v 0.133125 0.06407241 -0.00484179
v 0.133125 0.061579215 -0.00483237
v 0.133125 0.06163479 -0.004811205
v 0.133125 0.06168672 -0.004785015
v 0.133125 0.064048185 -0.004766715
v 0.133125 0.061734975 -0.004753785
v 0.133125 0.06178053 -0.00471624
v 0.133125 0.064025175 -0.004692885
v 0.133125 0.061823565 -0.00467211
v 0.133125 0.06186294 -0.00462294
v 0.133125 0.064003485 -0.0046203
v 0.133125 0.06189753 -0.004570305
v 0.133125 0.063983205 -0.004548975
v 0.133125 0.061926195 -0.00451575
v 0.133125 0.063964455 -0.00447888
v 0.133125 0.06194784 -0.00446082
v 0.133125 0.06394731 -0.004410045
v 0.133125 0.061962615 -0.00440367
v 0.133125 0.061971495 -0.004342665
v 0.133125 0.063931875 -0.004342455
v 0.133125 0.061974435 -0.004279755
v 0.133125 0.063918285 -0.00427611
v 0.133125 0.061971495 -0.004216845
v 0.133125 0.063906345 -0.004211055
v 0.133125 0.061962615 -0.00415584
v 0.133125 0.063895875 -0.00414729
v 0.133125 0.06194784 -0.00409869
v 0.133125 0.063886875 -0.00408483
v 0.133125 0.061926195 -0.00404376
v 0.133125 0.06387933 -0.004023645
v 0.133125 0.06189753 -0.003989205
v 0.133125 0.063873285 -0.003963705
v 0.133125 0.06186294 -0.00393657
v 0.133125 0.063868725 -0.003904995
v 0.133125 0.061823565 -0.0038874
v 0.133125 0.06386565 -0.003847515
v 0.133125 0.06178053 -0.00384327
v 0.133125 0.061734975 -0.003805725
v 0.133125 0.063864075 -0.00379122
v 0.133125 0.06168672 -0.003774495
v 0.133125 0.06163479 -0.003748305
v 0.133125 0.061579215 -0.00372714
v 0.133125 0.061519995 -0.003711
v 0.133125 0.061457115 -0.0036999
v 0.133125 0.05796636 -0.00476232
v 0.133125 0.057893535 -0.004771035
v 0.133125 0.05781927 -0.004783815
v 0.133125 0.05390652 -0.004786305
v 0.133125 0.057743685 -0.00480066
v 0.133125 0.057692535 -0.00481413
v 0.133125 0.057640785 -0.004829415
v 0.133125 0.05758839 -0.0048465
v 0.133125 0.053909475 -0.00484923
v 0.133125 0.05753535 -0.0048654
v 0.133125 0.05748162 -0.004886085
v 0.133125 0.0574272 -0.004908555
v 0.133125 0.05390652 -0.00491214
v 0.133125 0.057372075 -0.00493284
v 0.133125 0.0573162 -0.00495891
v 0.133125 0.053897655 -0.004973145
v 0.133125 0.057259575 -0.00498678
v 0.133125 0.057202185 -0.00501645
v 0.133125 0.053882865 -0.005030295
v 0.133125 0.057144 -0.00504789
v 0.133125 0.057085095 -0.00508134
v 0.133125 0.053861235 -0.005085225
v 0.133125 0.05702559 -0.00511689
v 0.133125 0.053832555 -0.00513978
v 0.133125 0.05696541 -0.005154465
v 0.133125 0.053797965 -0.005192415
v 0.133125 0.056904555 -0.005193975
v 0.133125 0.056842965 -0.0052353
v 0.133125 0.05375859 -0.005241585
v 0.133125 0.056780655 -0.005278365
v 0.133125 0.05371557 -0.005285715
v 0.133125 0.056717535 -0.00532305
v 0.133125 0.053670015 -0.00532326
v 0.133125 0.05665362 -0.00536928
v 0.133125 0.053621745 -0.00535449
v 0.133125 0.05356983 -0.00538068
v 0.133125 0.056588865 -0.005416965
v 0.133125 0.053514255 -0.005401845
v 0.133125 0.05345502 -0.005417985
v 0.133125 0.056523225 -0.005465985
v 0.133125 0.05339214 -0.005429085
v 0.133125 0.053325615 -0.00543516
v 0.133125 0.05046843 -0.005430675
v 0.133125 0.050493015 -0.00550509
v 0.133125 0.053259075 -0.005429085
v 0.133125 0.050447295 -0.005358345
v 0.133125 0.053196195 -0.005417985
v 0.133125 0.05313696 -0.005401845
v 0.133125 0.053081385 -0.00538068
v 0.133125 0.05302947 -0.00535449
v 0.133125 0.050429865 -0.00528843
v 0.133125 0.0529812 -0.00532326
v 0.133125 0.052935645 -0.005285715
v 0.133125 0.050410245 -0.005187525
v 0.133125 0.052892625 -0.005241585
v 0.133125 0.05285325 -0.005192415
v 0.133125 0.05281866 -0.00513978
v 0.133125 0.050397855 -0.005090625
v 0.133125 0.05278998 -0.005085225
v 0.133125 0.05039202 -0.00499686
v 0.133125 0.05276835 -0.005030295
v 0.133125 0.052753575 -0.004973145
v 0.133125 0.050392095 -0.00490536
v 0.133125 0.052744695 -0.00491214
v 0.133125 0.05274174 -0.00484923
v 0.133125 0.05039739 -0.004815285
v 0.133125 0.052744695 -0.004786305
v 0.133125 0.05040723 -0.004725735
v 0.133125 0.052753575 -0.004725315
v 0.133125 0.050416005 -0.004665915
v 0.133125 0.05276835 -0.004668165
v 0.133125 0.05278998 -0.004613235
v 0.133125 0.050426295 -0.004605705
v 0.133125 0.05281866 -0.00455868
v 0.133125 0.05043834 -0.004545585
v 0.133125 0.05285325 -0.004506045
v 0.133125 0.050452515 -0.004486215
v 0.133125 0.052892625 -0.004456875
v 0.133125 0.050468835 -0.00442749
v 0.133125 0.052935645 -0.004412745
v 0.133125 0.05048733 -0.004369335
v 0.133125 0.0529812 -0.0043752
v 0.133125 0.05302947 -0.00434397
v 0.133125 0.050508 -0.004311645
v 0.133125 0.053081385 -0.00431778
v 0.133125 0.05313696 -0.004296615
v 0.133125 0.053196195 -0.004280475
v 0.133125 0.056456685 -0.00551625
v 0.133125 0.056389215 -0.00556767
v 0.133125 0.050520645 -0.005581065
v 0.133125 0.056320785 -0.005620155
v 0.133125 0.050551335 -0.005658615
v 0.133125 0.056251065 -0.00567462
v 0.133125 0.056179905 -0.005731815
v 0.133125 0.050585055 -0.005737725
v 0.133125 0.05610747 -0.00579132
v 0.133125 0.050621835 -0.005818395
v 0.133125 0.056033955 -0.005852745
v 0.133125 0.050661675 -0.005900625
v 0.133125 0.05595951 -0.00591567
v 0.133125 0.055884315 -0.00597972
v 0.133125 0.050704545 -0.00598443
v 0.133125 0.05580855 -0.00604446
v 0.133125 0.050750475 -0.006069795
v 0.133125 0.05573238 -0.006109515
v 0.133125 0.050799465 -0.00615672
v 0.133125 0.055656 -0.006174465
v 0.133125 0.05557956 -0.00623892
v 0.133125 0.050851485 -0.00624522
v 0.133125 0.05550324 -0.00630246
v 0.133125 0.050906565 -0.00633528
v 0.133125 0.05542722 -0.00636468
v 0.133125 0.05535168 -0.006425205
v 0.133125 0.05096469 -0.0064269
v 0.133125 0.055276095 -0.006485205
v 0.133125 0.05102586 -0.006520095
v 0.133125 0.05519994 -0.006545955
v 0.133125 0.05109522 -0.00660669
v 0.133125 0.05512335 -0.006607095
v 0.133125 0.05504646 -0.00666831
v 0.133125 0.051164055 -0.00668991
v 0.133125 0.05496942 -0.00672927
v 0.133125 0.051232335 -0.006769785
v 0.133125 0.05489238 -0.00678963
v 0.133125 0.051300075 -0.006846315
v 0.133125 0.054815445 -0.006849075
v 0.133125 0.054738765 -0.00690726
v 0.133125 0.051367275 -0.006919485
v 0.133125 0.05466249 -0.00696387
v 0.133125 0.051433935 -0.00698928
v 0.133125 0.054586755 -0.007018575
v 0.133125 0.05150004 -0.007055745
v 0.133125 0.054511695 -0.007071015
v 0.133125 0.051565605 -0.007118835
v 0.133125 0.05443746 -0.00712089
v 0.133125 0.054364155 -0.007167855
v 0.133125 0.05163063 -0.00717858
v 0.133125 0.054291585 -0.00721251
v 0.133125 0.051695115 -0.007234965
v 0.133125 0.05421945 -0.007255635
v 0.133125 0.051759045 -0.007288005
v 0.133125 0.05414775 -0.007297125
v 0.133125 0.054076515 -0.00733692
v 0.133125 0.051822435 -0.00733767
v 0.133125 0.05400576 -0.007374945
v 0.133125 0.051885285 -0.00738399
v 0.133125 0.053935515 -0.00741111
v 0.133125 0.051947235 -0.007426425
v 0.133125 0.053865795 -0.007445325
v 0.133125 0.052008045 -0.007464615
v 0.133125 0.053796615 -0.007477545
v 0.133125 0.053728005 -0.007507665
v 0.133125 0.052097505 -0.00751452
v 0.133125 0.05365998 -0.00753561
v 0.133125 0.05218542 -0.007556385
v 0.133125 0.053592555 -0.007561305
v 0.133125 0.05352576 -0.007584675
v 0.133125 0.05227236 -0.00759108
v 0.133125 0.05345961 -0.00760563
v 0.133125 0.05235897 -0.007619535
v 0.133125 0.05339424 -0.007624305
v 0.133125 0.053329725 -0.007640895
v 0.133125 0.05244582 -0.00764265
v 0.133125 0.05326596 -0.007655355
v 0.133125 0.052533525 -0.007661295
v 0.133125 0.053202885 -0.007667685
v 0.133125 0.0526227 -0.0076764
v 0.133125 0.053140425 -0.00767787
v 0.133125 0.053078475 -0.00768591
v 0.133125 0.052713375 -0.00768819
v 0.133125 0.053016975 -0.00769179
v 0.133125 0.05277384 -0.00769335
v 0.133125 0.05295585 -0.00769548
v 0.133125 0.05283435 -0.007696275
v 0.133125 0.052894995 -0.00769698
v 0.133125 0.056488845 -0.003213795
v 0.133125 0.06396387 -0.00320565
v 0.133125 0.056548065 -0.003197655
v 0.133125 0.05660364 -0.00317649
v 0.133125 0.05665557 -0.003150285
v 0.133125 0.063991695 -0.00314421
v 0.133125 0.056703825 -0.00311907
v 0.133125 0.06402294 -0.003085395
v 0.133125 0.05674938 -0.003081525
v 0.133125 0.0567924 -0.00303738
v 0.133125 0.06405759 -0.00302922
v 0.133125 0.056831775 -0.002988225
v 0.133125 0.064095645 -0.00297567
v 0.133125 0.056866365 -0.00293559
v 0.133125 0.06413508 -0.00292263
v 0.133125 0.056895045 -0.00288102
v 0.133125 0.0641781 -0.002872035
v 0.133125 0.05691669 -0.002826105
v 0.133125 0.064224705 -0.002823915
v 0.133125 0.056931465 -0.00276894
v 0.133125 0.064274895 -0.00277824
v 0.133125 0.06432867 -0.002735025
v 0.133125 0.05694033 -0.00270795
v 0.133125 0.064386015 -0.00269427
v 0.133125 0.056943285 -0.00264504
v 0.133125 0.06444696 -0.002655975
v 0.133125 0.06451149 -0.002620125
v 0.133125 0.05694033 -0.002582115
v 0.133125 0.064579605 -0.00258675
v 0.133125 0.064651335 -0.002555925
v 0.133125 0.056931465 -0.002521125
v 0.133125 0.06470115 -0.002536785
v 0.133125 0.06475257 -0.002518755
v 0.133125 0.05691669 -0.002463975
v 0.133125 0.064805595 -0.00250182
v 0.133125 0.06486021 -0.002485965
v 0.133125 0.0649164 -0.00247119
v 0.133125 0.064974165 -0.00245745
v 0.133125 0.056895045 -0.002409045
v 0.133125 0.06503352 -0.00244476
v 0.133125 0.065094435 -0.00243309
v 0.133125 0.065156925 -0.002422425
v 0.133125 0.065220975 -0.002412765
v 0.133125 0.065286585 -0.00240408
v 0.133125 0.056866365 -0.00235449
v 0.133125 0.065353905 -0.002396595
v 0.133125 0.06542307 -0.002390475
v 0.133125 0.065494005 -0.002385645
v 0.133125 0.065566605 -0.00238197
v 0.133125 0.06564081 -0.00237936
v 0.133125 0.065716545 -0.00237771
v 0.133125 0.065793705 -0.002376915
v 0.133125 0.065872215 -0.00237687
v 0.133125 0.069540975 -0.002374275
v 0.133125 0.0694683 -0.002391435
v 0.133125 0.069611775 -0.00235563
v 0.133125 0.069680625 -0.002335455
v 0.133125 0.056831775 -0.00230184
v 0.133125 0.069747465 -0.00231369
v 0.133125 0.069812265 -0.00229053
v 0.133125 0.0567924 -0.002252685
v 0.133125 0.069875055 -0.002266155
v 0.133125 0.069935925 -0.00224049
v 0.133125 0.05674938 -0.002208555
v 0.133125 0.06999492 -0.002213505
v 0.133125 0.070052115 -0.002185125
v 0.133125 0.056703825 -0.002170995
v 0.133125 0.07010757 -0.00215529
v 0.133125 0.05665557 -0.00213978
v 0.133125 0.070161345 -0.002123955
v 0.133125 0.05660364 -0.002113575
v 0.133125 0.056548065 -0.00209241
v 0.133125 0.056488845 -0.002076285
v 0.133125 0.056425965 -0.00206517
v 0.133125 0.065952015 -0.00237747
v 0.133125 0.06603303 -0.002378625
v 0.133125 0.066115155 -0.002380215
v 0.133125 0.0661983 -0.00238215
v 0.133125 0.06628242 -0.00238431
v 0.133125 0.06636804 -0.002387265
v 0.133125 0.06645558 -0.00239148
v 0.133125 0.06939384 -0.00240717
v 0.133125 0.06654483 -0.00239676
v 0.133125 0.066635595 -0.002402895
v 0.133125 0.06672765 -0.002409675
v 0.133125 0.06931761 -0.002421525
v 0.133125 0.0668208 -0.00241689
v 0.133125 0.06691482 -0.00242436
v 0.133125 0.069239745 -0.00243456
v 0.133125 0.0670095 -0.002431845
v 0.133125 0.067104645 -0.002439165
v 0.133125 0.06916026 -0.002446335
v 0.133125 0.067200015 -0.002446095
v 0.133125 0.06729543 -0.00245244
v 0.133125 0.069079275 -0.00245688
v 0.133125 0.067390665 -0.002458005
v 0.133125 0.06899682 -0.00246627
v 0.133125 0.067485495 -0.00246255
v 0.133125 0.06758106 -0.002466795
v 0.133125 0.068912985 -0.00247455
v 0.133125 0.06767832 -0.00247137
v 0.133125 0.06777684 -0.002476125
v 0.133125 0.068827815 -0.002481765
v 0.133125 0.06787623 -0.00248082
v 0.133125 0.06797607 -0.002485275
v 0.133125 0.06874143 -0.002487975
v 0.133125 0.068075955 -0.00248928
v 0.133125 0.068652855 -0.002492715
v 0.133125 0.068175465 -0.00249264
v 0.133125 0.068274165 -0.002495145
v 0.133125 0.068561445 -0.002495595
v 0.133125 0.06837168 -0.002496615
v 0.133125 0.068467575 -0.002496825
v 0.133125 0.06006654 0.000579855
v 0.133125 0.06437058 0.000568755
v 0.133125 0.06012942 0.000568755
v 0.133125 0.06431136 0.000552615
v 0.133125 0.060188655 0.000552615
v 0.133125 0.064255785 0.00053145
v 0.133125 0.060244215 0.00053145
v 0.133125 0.064203855 0.00050526
v 0.133125 0.06029613 0.00050526
v 0.133125 0.0641556 0.00047403
v 0.133125 0.0603444 0.00047403
v 0.133125 0.064110045 0.000436485
v 0.133125 0.060389955 0.000436485
v 0.133125 0.06406701 0.000392355
v 0.133125 0.06043299 0.000392355
v 0.133125 0.064027635 0.000343185
v 0.133125 0.06047235 0.000343185
v 0.133125 0.063993045 0.00029055
v 0.133125 0.06050694 0.00029055
v 0.133125 0.06396438 0.000235995
v 0.133125 0.06053562 0.000235995
v 0.133125 0.063942735 0.000181065
v 0.133125 0.060557265 0.000181065
v 0.133125 0.06392796 0.000123915
v 0.133125 0.06057204 0.000123915
v 0.133125 0.06391908 6.291e-05
v 0.133125 0.060580905 6.291e-05
v 0.133125 0.063916125 0
v 0.133125 0.06058386 0
v 0.133125 0.06391908 -6.291e-05
v 0.133125 0.060580905 -6.291e-05
v 0.133125 0.06392796 -0.000123915
v 0.133125 0.06057204 -0.000123915
v 0.133125 0.063942735 -0.000181065
v 0.133125 0.060557265 -0.000181065
v 0.133125 0.06396438 -0.000235995
v 0.133125 0.06053562 -0.000235995
v 0.133125 0.063993045 -0.00029055
v 0.133125 0.06050694 -0.00029055
v 0.133125 0.064027635 -0.000343185
v 0.133125 0.06047235 -0.000343185
v 0.133125 0.06406701 -0.000392355
v 0.133125 0.06043299 -0.000392355
v 0.133125 0.064110045 -0.000436485
v 0.133125 0.060389955 -0.000436485
v 0.133125 0.0641556 -0.00047403
v 0.133125 0.0603444 -0.00047403
v 0.133125 0.064203855 -0.00050526
v 0.133125 0.06029613 -0.00050526
v 0.133125 0.064255785 -0.00053145
v 0.133125 0.060244215 -0.00053145
v 0.133125 0.06431136 -0.000552615
v 0.133125 0.060188655 -0.000552615
v 0.133125 0.06437058 -0.000568755
v 0.133125 0.06012942 -0.000568755
v 0.133125 0.06443346 -0.000579855
v 0.133125 0.06006654 -0.000579855
v 0.133125 0.06456654 0.000579855
v 0.133125 0.06812058 0.000568755
v 0.133125 0.06462942 0.000568755
v 0.133125 0.06806136 0.000552615
v 0.133125 0.06468864 0.000552615
v 0.133125 0.068005785 0.00053145
v 0.133125 0.064744215 0.00053145
v 0.133125 0.067953855 0.00050526
v 0.133125 0.064796145 0.00050526
v 0.133125 0.0679056 0.00047403
v 0.133125 0.0648444 0.00047403
v 0.133125 0.067860045 0.000436485
v 0.133125 0.064889955 0.000436485
v 0.133125 0.06781701 0.000392355
v 0.133125 0.06493299 0.000392355
v 0.133125 0.067777635 0.000343185
v 0.133125 0.064972365 0.000343185
v 0.133125 0.067743045 0.00029055
v 0.133125 0.065006955 0.00029055
v 0.133125 0.06771438 0.000235995
v 0.133125 0.06503562 0.000235995
v 0.133125 0.067692735 0.000181065
v 0.133125 0.065057265 0.000181065
v 0.133125 0.06767796 0.000123915
v 0.133125 0.06507204 0.000123915
v 0.133125 0.06766908 6.291e-05
v 0.133125 0.065080905 6.291e-05
v 0.133125 0.067666125 0
v 0.133125 0.06508386 0
v 0.133125 0.06766908 -6.291e-05
v 0.133125 0.065080905 -6.291e-05
v 0.133125 0.06767796 -0.000123915
v 0.133125 0.06507204 -0.000123915
v 0.133125 0.067692735 -0.000181065
v 0.133125 0.065057265 -0.000181065
v 0.133125 0.06771438 -0.000235995
v 0.133125 0.06503562 -0.000235995
v 0.133125 0.067743045 -0.00029055
v 0.133125 0.065006955 -0.00029055
v 0.133125 0.067777635 -0.000343185
v 0.133125 0.064972365 -0.000343185
v 0.133125 0.06781701 -0.000392355
v 0.133125 0.06493299 -0.000392355
v 0.133125 0.067860045 -0.000436485
v 0.133125 0.064889955 -0.000436485
v 0.133125 0.0679056 -0.00047403
v 0.133125 0.0648444 -0.00047403
v 0.133125 0.067953855 -0.00050526
v 0.133125 0.064796145 -0.00050526
v 0.133125 0.068005785 -0.00053145
v 0.133125 0.064744215 -0.00053145
v 0.133125 0.06806136 -0.000552615
v 0.133125 0.06468864 -0.000552615
v 0.133125 0.06812058 -0.000568755
f 1 2 3
f 1 4 2
f 5 1 3
f 5 3 6
f 6 3 7
f 6 8 5
f 8 6 9
f 5 8 10
f 5 10 11
f 12 5 11
f 12 11 13
f 12 13 14
f 15 12 14
f 15 14 16
f 15 16 17
f 18 15 17
f 18 17 19
f 20 18 19
f 20 19 21
f 20 21 22
f 23 20 22
f 23 22 24
f 23 24 25
f 26 23 25
f 26 25 27
f 26 27 28
f 29 26 28
f 29 28 30
f 31 29 30
f 31 30 32
f 31 32 33
f 34 31 33
f 34 33 35
f 34 35 36
f 37 34 36
f 37 36 38
f 39 37 38
f 39 38 40
f 39 40 41
f 42 39 41
f 42 41 43
f 42 43 44
f 45 42 44
f 45 44 46
f 47 45 46
f 47 46 48
f 47 48 49
f 50 47 49
f 50 49 51
f 52 50 51
f 53 52 51
f 53 51 54
f 55 53 54
f 55 54 56
f 57 55 56
f 57 56 58
f 59 57 58
f 59 58 60
f 61 59 60
f 61 60 62
f 60 63 62
f 61 62 64
f 61 64 65
f 66 61 65
f 66 65 67
f 66 67 68
f 69 66 68
f 69 68 70
f 71 69 70
f 71 70 72
f 73 71 72
f 73 72 74
f 75 73 74
f 75 74 76
f 77 75 76
f 78 77 76
f 78 76 79
f 80 78 79
f 81 80 79
f 81 79 82
f 83 81 82
f 84 83 82
f 84 82 85
f 86 84 85
f 84 86 87
f 88 86 85
f 89 88 85
f 90 89 85
f 91 90 85
f 92 91 85
f 93 92 85
f 94 93 85
f 95 94 85
f 95 85 96
f 97 95 96
f 98 97 96
f 99 98 96
f 100 99 96
f 101 100 96
f 101 96 102
f 103 101 102
f 104 103 102
f 105 104 102
f 106 105 102
f 106 102 107
f 108 106 107
f 109 108 107
f 109 107 110
f 111 109 110
f 112 111 110
f 112 110 113
f 114 112 113
f 115 114 113
f 115 113 116
f 117 115 116
f 117 116 118
f 119 117 118
f 120 119 118
f 120 118 121
f 122 120 121
f 122 121 123
f 124 122 123
f 124 123 125
f 126 124 125
f 126 125 127
f 126 127 128
f 129 126 128
f 129 128 130
f 131 129 130
f 131 130 132
f 131 132 133
f 131 133 134
f 135 131 134
f 135 134 136
f 135 136 137
f 135 137 138
f 139 135 138
f 139 138 140
f 140 138 141
f 139 140 142
f 143 139 142
f 143 142 144
f 143 144 145
f 146 143 145
f 146 145 147
f 148 146 147
f 148 147 149
f 150 148 149
f 150 149 151
f 152 150 151
f 152 151 153
f 154 152 153
f 154 153 155
f 154 155 156
f 155 157 156
f 154 156 158
f 154 158 159
f 154 159 160
f 161 154 160
f 161 160 162
f 161 162 163
f 164 161 163
f 164 163 165
f 164 165 166
f 167 164 166
f 167 166 168
f 169 167 168
f 169 168 170
f 171 169 170
f 171 170 172
f 173 171 172
f 173 172 174
f 175 173 174
f 175 174 176
f 177 175 176
f 177 176 178
f 179 177 178
f 179 178 180
f 181 179 180
f 181 180 182
f 183 181 182
f 183 182 184
f 183 184 185
f 186 183 185
f 186 185 187
f 188 186 187
f 188 187 189
f 190 188 189
f 190 189 191
f 192 190 191
f 192 191 193
f 192 193 194
f 195 192 194
f 195 194 196
f 195 196 197
f 198 195 197
f 198 197 199
f 198 199 200
f 198 200 201
f 202 198 201
f 202 201 203
f 202 203 204
f 202 204 205
f 206 202 205
f 205 207 206
f 208 207 205
f 206 207 209
f 206 209 210
f 211 206 210
f 211 210 212
f 211 212 213
f 214 211 213
f 214 213 215
f 216 214 215
f 216 215 217
f 216 217 218
f 219 216 218
f 219 218 220
f 219 220 221
f 222 219 221
f 222 221 223
f 222 223 224
f 225 222 224
f 225 224 226
f 225 226 227
f 228 225 227
f 228 227 229
f 230 228 229
f 230 229 231
f 230 231 232
f 233 230 232
f 233 232 234
f 235 233 234
f 235 234 236
f 235 236 237
f 238 235 237
f 238 237 239
f 240 238 239
f 240 239 241
f 240 241 242
f 243 240 242
f 243 242 244
f 245 243 244
f 245 244 246
f 247 245 246
f 247 246 248
f 249 247 248
f 249 248 250
f 249 250 251
f 252 249 251
f 252 251 253
f 254 252 253
f 254 253 255
f 256 254 255
f 256 255 257
f 258 256 257
f 258 257 259
f 260 258 259
f 260 259 261
f 262 260 261
f 262 261 263
f 264 262 263
f 264 263 265
f 266 264 265
f 266 265 267
f 268 266 267
f 268 267 269
f 270 268 269
f 270 269 271
f 270 271 272
f 271 273 272
f 270 272 274
f 270 274 275
f 270 275 276
f 270 276 277
f 278 270 277
f 278 277 279
f 278 279 280
f 281 278 280
f 281 280 282
f 281 282 283
f 284 281 283
f 284 283 285
f 284 285 286
f 287 284 286
f 287 286 288
f 289 287 288
f 289 288 290
f 289 290 291
f 292 289 291
f 292 291 293
f 294 292 293
f 294 293 295
f 296 294 295
f 296 295 297
f 296 297 298
f 299 296 298
f 299 298 300
f 301 299 300
f 301 300 302
f 303 301 302
f 303 302 304
f 303 304 305
f 306 303 305
f 306 305 307
f 306 307 308
f 309 306 308
f 309 308 310
f 309 310 311
f 312 309 311
f 312 311 313
f 312 313 314
f 312 314 315
f 312 315 316
f 317 312 316
f 317 316 318
f 317 318 319
f 319 318 320
f 321 317 319
f 321 319 322
f 323 321 322
f 323 322 324
f 325 323 324
f 326 325 324
f 326 324 327
f 328 326 327
f 328 327 329
f 330 328 329
f 330 329 331
f 332 330 331
f 333 332 331
f 333 331 334
f 335 333 334
f 335 334 336
f 337 335 336
f 338 337 336
f 338 336 339
f 340 338 339
f 340 339 341
f 342 340 341
f 342 341 343
f 344 342 343
f 345 344 343
f 345 343 346
f 345 346 347
f 348 345 347
f 348 347 349
f 350 348 349
f 350 349 351
f 352 350 351
f 352 351 353
f 354 352 353
f 354 353 355
f 356 354 355
f 356 355 357
f 358 356 357
f 358 357 359
f 360 358 359
f 360 359 361
f 362 360 361
f 362 361 363
f 364 362 363
f 364 363 365
f 366 364 365
f 366 365 367
f 368 366 367
f 369 368 367
f 369 367 370
f 371 369 370
f 371 370 372
f 373 371 372
f 373 372 374
f 375 373 374
f 375 374 376
f 377 375 376
f 377 376 378
f 379 377 378
f 379 378 380
f 381 379 380
f 381 380 382
f 383 381 382
f 383 382 384
f 383 384 385
f 386 383 385
f 386 385 387
f 388 386 387
f 388 387 389
f 388 389 390
f 389 391 390
f 391 392 390
f 391 393 392
f 393 394 392
f 393 395 394
f 395 396 394
f 395 397 396
f 397 398 396
f 397 399 398
f 397 400 399
f 400 401 399
f 400 402 401
f 402 403 401
f 402 404 403
f 402 405 404
f 405 406 404
f 405 407 406
f 407 408 406
f 407 409 408
f 407 410 409
f 410 411 409
f 410 412 411
f 319 320 413
f 319 413 414
f 319 414 415
f 416 319 415
f 416 415 417
f 416 417 418
f 416 418 419
f 420 416 419
f 420 419 421
f 420 421 422
f 423 420 422
f 423 422 424
f 423 424 425
f 426 423 425
f 426 425 427
f 428 426 427
f 428 427 429
f 428 429 430
f 431 428 430
f 431 430 432
f 433 431 432
f 433 432 434
f 433 434 435
f 436 433 435
f 436 435 437
f 436 437 438
f 439 436 438
f 439 438 440
f 441 439 440
f 441 440 442
f 441 442 443
f 444 441 443
f 444 443 445
f 444 445 446
f 444 446 447
f 273 444 447
f 273 447 448
f 273 448 449
f 273 449 450
f 273 450 451
f 273 451 272
f 208 205 452
f 208 452 453
f 454 208 453
f 454 453 455
f 456 454 455
f 456 455 457
f 458 456 457
f 458 457 459
f 460 458 459
f 460 459 461
f 462 460 461
f 463 462 461
f 464 463 461
f 464 461 465
f 465 461 466
f 464 465 467
f 468 464 467
f 469 468 467
f 470 469 467
f 471 470 467
f 472 471 467
f 472 467 473
f 474 472 473
f 475 474 473
f 476 475 473
f 477 476 473
f 477 473 478
f 479 477 478
f 480 479 478
f 481 480 478
f 481 478 482
f 483 481 482
f 484 483 482
f 484 482 485
f 486 484 485
f 487 486 485
f 487 485 488
f 489 487 488
f 490 489 488
f 490 488 491
f 492 490 491
f 492 491 493
f 494 492 493
f 494 493 495
f 496 494 495
f 497 496 495
f 497 495 498
f 499 497 498
f 499 498 500
f 499 500 501
f 502 499 501
f 502 501 503
f 502 503 504
f 505 502 504
f 505 504 506
f 505 506 507
f 505 507 508
f 509 505 508
f 510 509 508
f 510 511 509
f 512 510 508
f 512 508 513
f 512 513 514
f 512 514 515
f 512 515 516
f 517 512 516
f 517 516 518
f 517 518 519
f 520 517 519
f 520 519 521
f 520 521 522
f 520 522 523
f 524 520 523
f 524 523 525
f 526 524 525
f 526 525 527
f 526 527 528
f 529 526 528
f 529 528 530
f 529 530 531
f 532 529 531
f 532 531 533
f 534 532 533
f 534 533 535
f 536 534 535
f 536 535 537
f 536 537 538
f 539 536 538
f 539 538 540
f 541 539 540
f 541 540 542
f 543 541 542
f 543 542 544
f 545 543 544
f 545 544 546
f 547 545 546
f 547 546 548
f 547 548 549
f 550 547 549
f 550 549 551
f 550 551 552
f 553 550 552
f 553 552 554
f 553 554 555
f 553 555 556
f 553 556 557
f 558 553 557
f 558 557 559
f 557 560 559
f 561 558 559
f 561 559 562
f 563 561 562
f 563 562 564
f 565 563 564
f 565 564 566
f 567 565 566
f 567 566 568
f 569 567 568
f 569 568 570
f 571 569 570
f 571 570 572
f 573 571 572
f 573 572 574
f 573 574 575
f 576 573 575
f 576 575 577
f 576 577 578
f 157 576 578
f 157 578 579
f 157 579 580
f 157 580 581
f 157 581 156
f 560 582 559
f 560 583 582
f 583 584 582
f 584 585 582
f 585 586 582
f 585 587 586
f 587 588 586
f 588 589 586
f 588 590 589
f 590 591 589
f 591 592 589
f 591 593 592
f 593 594 592
f 593 595 594
f 595 596 594
f 595 597 596
f 597 598 596
f 597 599 598
f 599 600 598
f 599 465 600
f 465 466 600
f 510 601 511
f 601 602 511
f 601 603 602
f 601 604 603
f 604 605 603
f 604 606 605
f 606 607 605
f 606 608 607
f 606 609 608
f 609 610 608
f 609 611 610
f 611 612 610
f 611 613 612
f 613 614 612
f 613 615 614
f 613 616 615
f 616 617 615
f 616 618 617
f 618 619 617
f 618 620 619
f 620 621 619
f 620 622 621
f 620 623 622
f 623 624 622
f 623 625 624
f 625 626 624
f 625 627 626
f 625 628 627
f 628 629 627
f 628 630 629
f 630 631 629
f 630 632 631
f 632 633 631
f 632 634 633
f 632 635 634
f 635 636 634
f 635 637 636
f 637 638 636
f 637 639 638
f 639 640 638
f 639 641 640
f 639 642 641
f 642 643 641
f 642 644 643
f 644 645 643
f 644 646 645
f 646 647 645
f 646 648 647
f 648 649 647
f 648 650 649
f 648 651 650
f 651 652 650
f 651 653 652
f 653 654 652
f 653 655 654
f 655 656 654
f 655 657 656
f 655 658 657
f 658 659 657
f 658 660 659
f 660 661 659
f 660 662 661
f 662 663 661
f 662 664 663
f 664 665 663
f 664 666 665
f 664 667 666
f 667 668 666
f 667 669 668
f 669 670 668
f 669 671 670
f 669 672 671
f 672 673 671
f 672 674 673
f 674 675 673
f 674 676 675
f 674 677 676
f 677 678 676
f 677 679 678
f 679 680 678
f 679 681 680
f 681 682 680
f 681 683 682
f 681 684 683
f 684 685 683
f 684 686 685
f 686 687 685
f 140 141 688
f 140 688 689
f 690 140 689
f 690 689 691
f 690 691 692
f 693 690 692
f 693 692 694
f 693 694 695
f 696 693 695
f 696 695 697
f 698 696 697
f 698 697 699
f 700 698 699
f 700 699 701
f 702 700 701
f 702 701 703
f 704 702 703
f 704 703 705
f 706 704 705
f 706 705 707
f 708 706 707
f 708 707 709
f 710 708 709
f 710 709 711
f 712 710 711
f 712 711 713
f 714 712 713
f 714 713 715
f 716 714 715
f 716 715 717
f 718 716 717
f 718 717 719
f 720 718 719
f 720 719 721
f 722 720 721
f 723 722 721
f 723 721 724
f 725 723 724
f 725 724 726
f 725 726 727
f 728 725 727
f 728 727 729
f 730 728 729
f 730 729 731
f 730 731 732
f 63 730 732
f 63 732 733
f 63 733 734
f 63 734 735
f 63 735 62
f 87 736 84
f 87 737 736
f 737 738 736
f 738 739 736
f 739 740 736
f 740 741 736
f 741 742 736
f 742 743 736
f 742 744 743
f 744 745 743
f 745 746 743
f 746 747 743
f 746 748 747
f 748 749 747
f 749 750 747
f 749 751 750
f 751 752 750
f 752 753 750
f 752 754 753
f 754 755 753
f 755 756 753
f 755 757 756
f 757 758 756
f 757 759 758
f 759 760 758
f 760 761 758
f 760 762 761
f 762 763 761
f 763 764 761
f 763 765 764
f 765 766 764
f 766 767 764
f 766 768 767
f 768 769 767
f 768 770 769
f 770 771 769
f 771 772 769
f 771 773 772
f 773 774 772
f 773 775 774
f 775 776 774
f 9 6 777
f 8 9 778
f 8 778 779
f 8 779 780
f 781 8 780
f 781 780 782
f 781 782 783
f 781 783 784
f 785 781 784
f 785 784 786
f 787 785 786
f 787 786 788
f 787 788 789
f 790 787 789
f 790 789 791
f 792 790 791
f 792 791 793
f 794 792 793
f 794 793 795
f 796 794 795
f 796 795 797
f 798 796 797
f 798 797 799
f 798 799 800
f 801 798 800
f 801 800 802
f 803 801 802
f 803 802 804
f 805 803 804
f 805 804 806
f 807 805 806
f 807 806 808
f 809 807 808
f 809 808 810
f 811 809 810
f 811 810 812
f 811 812 813
f 814 811 813
f 814 813 815
f 816 814 815
f 816 815 817
f 816 817 818
f 819 816 818
f 819 818 820
f 819 820 821
f 819 821 822
f 819 822 823
f 819 823 824
f 825 819 824
f 826 825 824
f 826 827 825
f 826 824 828
f 824 829 828
f 826 828 830
f 828 831 830
f 826 830 832
f 826 832 833
f 826 833 834
f 826 834 835
f 836 826 835
f 836 835 837
f 836 837 838
f 836 838 839
f 840 836 839
f 840 839 841
f 840 841 842
f 843 840 842
f 843 842 844
f 843 844 845
f 846 843 845
f 846 845 847
f 846 847 848
f 849 846 848
f 849 848 850
f 849 850 851
f 852 849 851
f 852 851 853
f 854 852 853
f 854 853 855
f 854 855 856
f 857 854 856
f 857 856 858
f 857 858 859
f 860 857 859
f 860 859 861
f 860 861 862
f 863 860 862
f 863 862 864
f 863 864 865
f 863 865 866
f 1 863 866
f 1 866 867
f 1 867 868
f 1 868 4
f 831 869 830
f 831 870 869
f 870 871 869
f 870 872 871
f 872 873 871
f 872 874 873
f 874 875 873
f 874 876 875
f 876 877 875
f 876 878 877
f 878 879 877
f 878 880 879
f 880 881 879
f 880 882 881
f 882 883 881
f 882 884 883
f 884 885 883
f 884 886 885
f 886 887 885
f 886 888 887
f 888 889 887
f 888 890 889
f 890 891 889
f 890 892 891
f 892 893 891
f 892 894 893
f 894 895 893
f 894 896 895
f 896 897 895
f 896 898 897
f 898 899 897
f 898 900 899
f 900 901 899
f 900 902 901
f 902 903 901
f 902 904 903
f 904 905 903
f 904 906 905
f 906 907 905
f 906 908 907
f 908 909 907
f 908 910 909
f 910 911 909
f 910 912 911
f 912 913 911
f 912 914 913
f 914 915 913
f 914 916 915
f 916 917 915
f 916 918 917
f 918 919 917
f 918 920 919
f 920 921 919
f 920 922 921
f 922 923 921
f 922 924 923
f 924 7 923
f 924 6 7
f 829 925 828
f 829 926 925
f 926 927 925
f 926 928 927
f 928 929 927
f 928 930 929
f 930 931 929
f 930 932 931
f 932 933 931
f 932 934 933
f 934 935 933
f 934 936 935
f 936 937 935
f 936 938 937
f 938 939 937
f 938 940 939
f 940 941 939
f 940 942 941
f 942 943 941
f 942 944 943
f 944 945 943
f 944 946 945
f 946 947 945
f 946 948 947
f 948 949 947
f 948 950 949
f 950 951 949
f 950 952 951
f 952 953 951
f 952 954 953
f 954 955 953
f 954 956 955
f 956 957 955
f 956 958 957
f 958 959 957
f 958 960 959
f 960 961 959
f 960 962 961
f 962 963 961
f 962 964 963
f 964 965 963
f 964 966 965
f 966 967 965
f 966 968 967
f 968 969 967
f 968 970 969
f 970 971 969
f 970 972 971
f 972 973 971
f 972 974 973
f 974 975 973
f 974 976 975
f 976 977 975
f 976 978 977
f 978 979 977
f 978 980 979
f 980 777 979
f 980 9 777
f 826 981 827
f 981 982 827
f 981 983 982
f 981 984 983
f 984 985 983
f 984 986 985
f 984 987 986
f 987 988 986
f 987 989 988
f 987 990 989
f 990 991 989
f 990 992 991
f 992 993 991
f 992 994 993
f 992 995 994
f 995 996 994
f 995 997 996
f 995 998 997
f 998 999 997
f 998 1000 999
f 998 1001 1000
f 1001 1002 1000
f 1001 1003 1002
f 1003 1004 1002
f 1003 1005 1004
f 1003 1006 1005
f 1006 1007 1005
f 1006 1008 1007
f 1006 1009 1008
f 1009 1010 1008
f 1009 1011 1010
f 1011 1012 1010
f 1011 1013 1012
f 1011 1014 1013
f 1014 1015 1013
f 1014 1016 1015
f 1014 1017 1016
f 1017 1018 1016
f 1017 1019 1018
f 1019 1020 1018
f 1019 1021 1020
f 1021 1022 1020
f 1021 1023 1022
f 1021 1024 1023
f 1024 1025 1023
f 1024 1026 1025
f 1026 1027 1025
f 1027 1028 1025
f 1027 1029 1028
f 1029 1030 1028
f 1029 1031 1030
f 1028 1030 1032
f 1033 1028 1032
f 1033 1032 1034
f 1033 1034 1035
f 1033 1035 1036
f 1037 1033 1036
f 1037 1036 1038
f 1039 1037 1038
f 1039 1038 1040
f 1039 1040 1041
f 1042 1039 1041
f 1042 1041 1043
f 1044 1042 1043
f 1044 1043 1045
f 1046 1044 1045
f 1046 1045 1047
f 1048 1046 1047
f 1048 1047 1049
f 1050 1048 1049
f 1050 1049 1051
f 1052 1050 1051
f 1052 1051 1053
f 1054 1052 1053
f 1054 1053 1055
f 1056 1054 1055
f 1056 1055 1057
f 1058 1056 1057
f 1058 1057 1059
f 1060 1058 1059
f 1061 1060 1059
f 1061 1059 1062
f 1063 1061 1062
f 1063 1062 1064
f 1065 1063 1064
f 1065 1064 1066
f 1067 1065 1066
f 1067 1066 1068
f 1069 1067 1068
f 1069 1068 1070
f 1071 1069 1070
f 1071 1070 1072
f 1071 1072 1073
f 1074 1071 1073
f 1074 1073 1075
f 1076 1074 1075
f 1076 1075 1077
f 1076 1077 1078
f 1076 1078 1079
f 1080 1076 1079
f 1080 1079 1081
f 1080 1081 1082
f 1080 1082 1083
f 1084 1080 1083
f 1085 1084 1083
f 1085 1086 1084
f 1085 1083 1087
f 1085 1087 1088
f 1089 1085 1088
f 1089 1088 1090
f 1089 1090 1091
f 1089 1091 1092
f 1093 1089 1092
f 1093 1092 1094
f 1095 1093 1094
f 1095 1094 1096
f 1095 1096 1097
f 1098 1095 1097
f 1098 1097 1099
f 1100 1098 1099
f 1100 1099 1101
f 1102 1100 1101
f 1102 1101 1103
f 1104 1102 1103
f 1104 1103 1105
f 1106 1104 1105
f 1106 1105 1107
f 1108 1106 1107
f 1109 1108 1107
f 1109 1107 1110
f 1111 1109 1110
f 1111 1110 1112
f 1113 1111 1112
f 1114 1113 1112
f 1114 1112 1115
f 1116 1114 1115
f 1117 1116 1115
f 1117 1115 1118
f 1119 1117 1118
f 1120 1119 1118
f 1120 1118 1121
f 1122 1120 1121
f 1123 1122 1121
f 1124 1123 1121
f 1125 1124 1121
f 1125 1121 1126
f 1127 1125 1126
f 1128 1127 1126
f 1129 1128 1126
f 1130 1129 1126
f 1131 1130 1126
f 1131 1126 1132
f 1133 1131 1132
f 1134 1133 1132
f 1135 1134 1132
f 1136 1135 1132
f 1137 1136 1132
f 1138 1137 1132
f 1139 1138 1132
f 1140 1139 1132
f 1141 1140 1132
f 1141 1142 1140
f 1143 1141 1132
f 1143 1132 1144
f 1145 1143 1144
f 1146 1145 1144
f 1147 1146 1144
f 1147 1144 1148
f 1149 1147 1148
f 1150 1149 1148
f 1150 1148 1151
f 1152 1150 1151
f 1152 1151 1153
f 1154 1152 1153
f 1155 1154 1153
f 1155 1153 1156
f 1157 1155 1156
f 1157 1156 1158
f 1157 1158 1159
f 1031 1157 1159
f 1031 1159 1160
f 1031 1160 1161
f 1031 1161 1030
f 1142 1162 1140
f 1142 1163 1162
f 1142 1164 1163
f 1142 1165 1164
f 1142 1166 1165
f 1142 1167 1166
f 1142 1168 1167
f 1168 1169 1167
f 1168 1170 1169
f 1168 1171 1170
f 1168 1172 1171
f 1172 1173 1171
f 1172 1174 1173
f 1172 1175 1174
f 1175 1176 1174
f 1175 1177 1176
f 1175 1178 1177
f 1178 1179 1177
f 1178 1180 1179
f 1178 1181 1180
f 1181 1182 1180
f 1181 1183 1182
f 1183 1184 1182
f 1183 1185 1184
f 1183 1186 1185
f 1186 1187 1185
f 1186 1188 1187
f 1186 1189 1188
f 1189 1190 1188
f 1189 1191 1190
f 1189 1192 1191
f 1192 1193 1191
f 1192 1194 1193
f 1194 1195 1193
f 1194 1196 1195
f 1194 1197 1196
f 1197 1198 1196
f 1197 1199 1198
f 1199 1200 1198
f 1085 1201 1086
f 1201 1202 1086
f 1201 1203 1202
f 1203 1204 1202
f 1203 1205 1204
f 1205 1206 1204
f 1205 1207 1206
f 1205 1208 1207
f 1208 1209 1207
f 1208 1210 1209
f 1210 1211 1209
f 1210 1212 1211
f 1212 1213 1211
f 1212 1214 1213
f 1211 1213 1215
f 1216 1211 1215
f 1216 1215 1217
f 1216 1217 1218
f 1216 1218 1219
f 1220 1216 1219
f 1220 1219 1221
f 1220 1221 1222
f 1223 1220 1222
f 1223 1222 1224
f 1225 1223 1224
f 1225 1224 1226
f 1227 1225 1226
f 1227 1226 1228
f 1229 1227 1228
f 1229 1228 1230
f 1231 1229 1230
f 1231 1230 1232
f 1233 1231 1232
f 1233 1232 1234
f 1235 1233 1234
f 1235 1234 1236
f 1237 1235 1236
f 1237 1236 1238
f 1237 1238 1239
f 1238 1240 1239
f 1241 1237 1239
f 1241 1239 1242
f 1241 1242 1243
f 1241 1243 1244
f 1241 1244 1245
f 1246 1241 1245
f 1246 1245 1247
f 1246 1247 1248
f 1249 1246 1248
f 1249 1248 1250
f 1251 1249 1250
f 1251 1250 1252
f 1253 1251 1252
f 1253 1252 1254
f 1255 1253 1254
f 1255 1254 1256
f 1255 1256 1257
f 1258 1255 1257
f 1258 1257 1259
f 1258 1259 1260
f 1261 1258 1260
f 1261 1260 1262
f 1263 1261 1262
f 1263 1262 1264
f 1263 1264 1265
f 1266 1263 1265
f 1266 1265 1267
f 1268 1266 1267
f 1268 1267 1269
f 1268 1269 1270
f 1271 1268 1270
f 1271 1270 1272
f 1271 1272 1273
f 1274 1271 1273
f 1274 1273 1275
f 1274 1275 1276
f 1277 1274 1276
f 1277 1276 1278
f 1277 1278 1279
f 1280 1277 1279
f 1280 1279 1281
f 1280 1281 1282
f 1280 1282 1283
f 1280 1283 1284
f 1280 1284 1285
f 1286 1280 1285
f 1287 1286 1285
f 1287 1288 1286
f 1287 1285 1289
f 1290 1287 1289
f 1290 1289 1291
f 1290 1291 1292
f 1290 1292 1293
f 1294 1290 1293
f 1294 1293 1295
f 1296 1294 1295
f 1296 1295 1297
f 1296 1297 1298
f 1299 1296 1298
f 1299 1298 1300
f 1301 1299 1300
f 1301 1300 1302
f 1303 1301 1302
f 1304 1303 1302
f 1304 1302 1305
f 1306 1304 1305
f 1306 1305 1307
f 1308 1306 1307
f 1309 1308 1307
f 1309 1307 1310
f 1311 1309 1310
f 1311 1310 1312
f 1313 1311 1312
f 1314 1313 1312
f 1314 1312 1315
f 1316 1314 1315
f 1317 1316 1315
f 1317 1315 1318
f 1319 1317 1318
f 1320 1319 1318
f 1321 1320 1318
f 1321 1318 1322
f 1323 1321 1322
f 1324 1323 1322
f 1325 1324 1322
f 1326 1325 1322
f 1326 1322 1327
f 1328 1326 1327
f 1329 1328 1327
f 1330 1329 1327
f 1331 1330 1327
f 1331 1327 1332
f 1333 1332 1327
f 1331 1332 1334
f 1335 1331 1334
f 1336 1335 1334
f 1337 1336 1334
f 1338 1337 1334
f 1338 1334 1339
f 1340 1338 1339
f 1340 1339 1341
f 1342 1340 1341
f 1342 1341 1343
f 1342 1343 1344
f 1345 1342 1344
f 1345 1344 1346
f 1347 1345 1346
f 1348 1347 1346
f 1348 1349 1347
f 1348 1346 1350
f 1351 1348 1350
f 1351 1350 1352
f 1351 1352 1353
f 1351 1353 1354
f 1351 1354 1355
f 1356 1351 1355
f 1356 1355 1357
f 1356 1357 1358
f 1359 1356 1358
f 1359 1358 1360
f 1361 1359 1360
f 1361 1360 1362
f 1361 1362 1363
f 1364 1361 1363
f 1364 1363 1365
f 1366 1364 1365
f 1366 1365 1367
f 1368 1366 1367
f 1368 1367 1369
f 1370 1368 1369
f 1370 1369 1371
f 1372 1370 1371
f 1372 1371 1373
f 1374 1372 1373
f 1374 1373 1375
f 1376 1374 1375
f 1376 1375 1377
f 1376 1377 1378
f 1379 1376 1378
f 1379 1378 1380
f 1381 1379 1380
f 1381 1380 1382
f 1383 1381 1382
f 1383 1382 1384
f 1385 1383 1384
f 1385 1384 1386
f 1387 1385 1386
f 1387 1386 1388
f 1387 1388 1389
f 1390 1387 1389
f 1390 1389 1391
f 1390 1391 1392
f 1214 1390 1392
f 1214 1392 1393
f 1214 1393 1394
f 1214 1394 1395
f 1214 1395 1213
f 1348 1396 1349
f 1348 1397 1396
f 1397 1398 1396
f 1397 1399 1398
f 1397 1400 1399
f 1400 1401 1399
f 1400 1402 1401
f 1402 1403 1401
f 1402 1404 1403
f 1402 1405 1404
f 1405 1406 1404
f 1405 1407 1406
f 1407 1408 1406
f 1407 1409 1408
f 1407 1410 1409
f 1410 1411 1409
f 1410 1412 1411
f 1410 1413 1412
f 1413 1414 1412
f 1413 1415 1414
f 1413 1416 1415
f 1416 1417 1415
f 1416 1418 1417
f 1418 1419 1417
f 1418 1420 1419
f 1418 1421 1420
f 1421 1422 1420
f 1421 1423 1422
f 1423 1424 1422
f 1423 1425 1424
f 1423 1426 1425
f 1426 1427 1425
f 1426 1428 1427
f 1428 1429 1427
f 1428 1430 1429
f 1430 1431 1429
f 1430 1432 1431
f 1430 1433 1432
f 1433 1434 1432
f 1433 1435 1434
f 1435 1436 1434
f 1435 1437 1436
f 1437 1438 1436
f 1437 1439 1438
f 1439 1440 1438
f 1439 1441 1440
f 1441 1442 1440
f 1441 1443 1442
f 1443 1444 1442
f 1443 1445 1444
f 1443 1446 1445
f 1446 1447 1445
f 1446 1448 1447
f 1448 1449 1447
f 1448 1450 1449
f 1450 1451 1449
f 1450 1452 1451
f 1452 1453 1451
f 1452 1454 1453
f 1454 1455 1453
f 1454 1456 1455
f 1456 1457 1455
f 1456 1458 1457
f 1456 1459 1458
f 1457 1458 1460
f 1457 1460 1461
f 1457 1461 1462
f 1457 1462 1463
f 1457 1463 1464
f 1465 1457 1464
f 1465 1464 1466
f 1465 1466 1467
f 1468 1465 1467
f 1468 1467 1469
f 1468 1469 1470
f 1471 1468 1470
f 1471 1470 1472
f 1471 1472 1473
f 1474 1471 1473
f 1474 1473 1475
f 1474 1475 1476
f 1477 1474 1476
f 1477 1476 1478
f 1479 1477 1478
f 1479 1478 1480
f 1479 1480 1481
f 1482 1479 1481
f 1482 1481 1483
f 1484 1482 1483
f 1484 1483 1485
f 1484 1485 1486
f 1487 1484 1486
f 1487 1486 1488
f 1487 1488 1489
f 1490 1487 1489
f 1490 1489 1491
f 1490 1491 1492
f 1493 1490 1492
f 1493 1492 1494
f 1493 1494 1495
f 1493 1495 1496
f 1493 1496 1497
f 1498 1493 1497
f 1498 1497 1499
f 1498 1499 1500
f 1498 1500 1501
f 1502 1498 1501
f 1502 1503 1498
f 1502 1501 1504
f 1502 1504 1505
f 1506 1502 1505
f 1506 1505 1507
f 1506 1507 1508
f 1506 1508 1509
f 1510 1506 1509
f 1510 1509 1511
f 1510 1511 1512
f 1513 1510 1512
f 1513 1512 1514
f 1515 1513 1514
f 1515 1514 1516
f 1515 1516 1517
f 1518 1515 1517
f 1518 1517 1519
f 1520 1518 1519
f 1520 1519 1521
f 1520 1521 1522
f 1523 1520 1522
f 1523 1522 1524
f 1525 1523 1524
f 1525 1524 1526
f 1527 1525 1526
f 1527 1526 1528
f 1527 1528 1529
f 1530 1527 1529
f 1530 1529 1531
f 1532 1530 1531
f 1532 1531 1533
f 1532 1533 1534
f 1535 1532 1534
f 1535 1534 1536
f 1537 1535 1536
f 1537 1536 1538
f 1537 1538 1539
f 1537 1539 1540
f 1541 1537 1540
f 1541 1540 1542
f 1541 1542 1543
f 1541 1543 1544
f 1459 1541 1544
f 1459 1544 1545
f 1459 1545 1546
f 1459 1546 1458
f 1502 1547 1503
f 1547 1548 1503
f 1547 1549 1548
f 1549 1550 1548
f 1549 1551 1550
f 1551 1552 1550
f 1552 1553 1550
f 1552 1554 1553
f 1554 1555 1553
f 1554 1556 1555
f 1556 1557 1555
f 1556 1558 1557
f 1558 1559 1557
f 1559 1560 1557
f 1559 1561 1560
f 1561 1562 1560
f 1561 1563 1562
f 1563 1564 1562
f 1564 1565 1562
f 1564 1566 1565
f 1566 1567 1565
f 1566 1568 1567
f 1568 1569 1567
f 1568 1570 1569
f 1570 1571 1569
f 1571 1572 1569
f 1571 1573 1572
f 1573 1574 1572
f 1573 1575 1574
f 1575 1576 1574
f 1575 1577 1576
f 1577 1578 1576
f 1577 1579 1578
f 1579 1580 1578
f 1579 1581 1580
f 1581 1582 1580
f 1581 1583 1582
f 1581 1584 1583
f 1584 1585 1583
f 1584 1586 1585
f 1586 1587 1585
f 1586 1588 1587
f 1588 1589 1587
f 1589 1590 1587
f 1589 1591 1590
f 1591 1592 1590
f 1591 1593 1592
f 1593 1594 1592
f 1593 1595 1594
f 1595 1596 1594
f 1595 1597 1596
f 1597 1598 1596
f 1597 1599 1598
f 1599 1600 1598
f 1599 1601 1600
f 1601 1602 1600
f 1601 1603 1602
f 1603 1604 1602
f 1603 1605 1604
f 1605 1606 1604
f 1605 1607 1606
f 1607 1608 1606
f 1607 1609 1608
f 1609 1610 1608
f 1609 1611 1610
f 1611 1612 1610
f 1611 1613 1612
f 1613 1614 1612
f 1613 1615 1614
f 1613 1616 1615
f 1616 1617 1615
f 1617 1618 1615
f 1617 1619 1618
f 1619 1620 1618
f 1619 1621 1620
f 1621 1622 1620
f 1622 1623 1620
f 1622 1624 1623
f 1624 1625 1623
f 1624 1626 1625
f 1626 1627 1625
f 1627 1628 1625
f 1627 1629 1628
f 1629 1630 1628
f 1629 1631 1630
f 1631 1632 1630
f 1632 1633 1630
f 1632 1634 1633
f 1634 1635 1633
f 1634 1636 1635
f 1636 1637 1635
f 1333 1327 1638
f 1639 1333 1638
f 1640 1639 1638
f 1640 1638 1641
f 1642 1640 1641
f 1642 1641 1643
f 1644 1642 1643
f 1644 1643 1645
f 1646 1644 1645
f 1646 1645 1647
f 1646 1647 1648
f 1649 1646 1648
f 1649 1648 1650
f 1649 1650 1651
f 1652 1649 1651
f 1652 1651 1653
f 1652 1653 1654
f 1652 1654 1655
f 1240 1652 1655
f 1240 1655 1656
f 1240 1656 1239
f 1287 1657 1288
f 1657 1658 1288
f 1658 1659 1288
f 1658 1660 1659
f 1660 1661 1659
f 1660 1662 1661
f 1662 1663 1661
f 1663 1664 1661
f 1663 1665 1664
f 1665 1666 1664
f 1665 1667 1666
f 1667 1668 1666
f 1667 1669 1668
f 1669 1670 1668
f 1670 1671 1668
f 1670 1672 1671
f 1672 1673 1671
f 1672 1674 1673
f 1674 1675 1673
f 1675 1676 1673
f 1675 1677 1676
f 1677 1678 1676
f 1677 1679 1678
f 1679 1680 1678
f 1680 1681 1678
f 1680 1682 1681
f 1682 1683 1681
f 1682 1684 1683
f 1684 1685 1683
f 1685 1686 1683
f 1685 1687 1686
f 1687 1688 1686
f 1687 1689 1688
f 1689 1690 1688
f 1689 1691 1690
f 1691 1692 1690
f 1692 1693 1690
f 1692 1694 1693
f 1694 1695 1693
f 1694 1696 1695
f 1696 1697 1695
f 1696 1698 1697
f 1698 1699 1697
f 1698 1700 1699
f 1700 1701 1699
f 1701 1702 1699
f 1701 1703 1702
f 1703 1704 1702
f 1703 1705 1704
f 1705 1706 1704
f 1705 1707 1706
f 1707 1708 1706
f 1707 1709 1708
f 1709 1710 1708
f 1710 1711 1708
f 1710 1712 1711
f 1712 1713 1711
f 1712 1714 1713
f 1714 1715 1713
f 1714 1716 1715
f 1716 1717 1715
f 1716 1718 1717
f 1718 1719 1717
f 1718 1720 1719
f 1720 1721 1719
f 1721 1722 1719
f 1721 1723 1722
f 1723 1724 1722
f 1724 1725 1722
f 1724 1726 1725
f 1726 1727 1725
f 1726 1728 1727
f 1728 1729 1727
f 1729 1730 1727
f 1729 1731 1730
f 1731 1732 1730
f 1731 1733 1732
f 1733 1734 1732
f 1733 1735 1734
f 1735 1736 1734
f 1735 1737 1736
f 1737 1738 1736
f 1737 1739 1738
f 1739 1740 1738
f 1739 1741 1740
f 1741 1742 1740
f 1741 1743 1742
f 1743 1744 1742
f 1743 1745 1744
f 1746 1747 1748
f 1749 1747 1746
f 1750 1746 1748
f 1750 1748 1751
f 1750 1751 1752
f 1752 1751 1753
f 1752 1753 1754
f 1754 1753 1755
f 1754 1755 1756
f 1756 1755 1757
f 1756 1757 1758
f 1758 1757 1759
f 1758 1759 1760
f 1760 1759 1761
f 1760 1761 1762
f 1762 1761 1763
f 1762 1763 1764
f 1764 1763 1765
f 1764 1765 1766
f 1766 1765 1767
f 1766 1767 1768
f 1768 1767 1769
f 1768 1769 1770
f 1770 1769 1771
f 1770 1771 1772
f 1772 1771 1773
f 1772 1773 1774
f 1774 1773 1775
f 1774 1775 1776
f 1776 1775 1777
f 1776 1777 1778
f 1778 1777 1779
f 1778 1779 1780
f 1780 1779 1781
f 1780 1781 1782
f 1782 1781 1783
f 1782 1783 1784
f 1784 1783 1785
f 1784 1785 1786
f 1786 1785 1787
f 1786 1787 1788
f 1788 1787 1789
f 1788 1789 1790
f 1790 1789 1791
f 1790 1791 1792
f 1792 1791 1793
f 1792 1793 1794
f 1794 1793 1795
f 1794 1795 1796
f 1796 1795 1797
f 1796 1797 1798
f 1798 1797 1799
f 1798 1799 1800
f 1800 1799 1801
f 1800 1801 1802
f 1802 1801 1803
f 1802 1803 1804
f 1804 1803 1805
f 1804 1805 1806
f 1806 1805 1807
f 1806 1807 1808
f 1808 1807 1809
f 1808 1809 1810
f 1810 1809 1811
f 1810 1811 1812
f 1812 1811 1813
f 1812 1813 1814
f 1814 1813 1815
f 1814 1815 1816
f 1816 1815 1817
f 1816 1817 1818
f 1818 1817 1819
f 1818 1819 1820
f 1820 1819 1821
f 1820 1821 1822
f 1822 1821 1823
f 1822 1823 1824
f 1824 1823 1825
f 1824 1825 1826
f 1826 1825 1827
f 1826 1827 1828
f 1828 1827 1829
f 1828 1829 1830
f 1830 1829 1831
f 1830 1831 1832
f 1832 1831 1833
f 1832 1833 1834
f 1834 1833 1835
f 1834 1835 1836
f 1836 1835 1837
f 1836 1837 1838
f 1838 1837 1839
f 1838 1839 1840
f 1840 1839 1841
f 1840 1841 1842
f 1842 1841 1843
f 1842 1843 1844
f 1844 1843 1845
f 1844 1845 1846
f 1846 1845 1847
f 1846 1847 1848
f 1848 1847 1849
f 1848 1849 1850
f 1850 1849 1851
f 1850 1851 1852
f 1852 1851 1853
f 1852 1853 1854
f 1854 1853 1855
f 1854 1855 1856
f 1856 1855 1857
f 1856 1857 1858
f 1858 1857 1859
f 1858 1859 1860
f 1860 1859 1861
f 1860 1861 1862
f 1862 1861 1863
f 1862 1863 1864
f 1864 1863 1865
f 1864 1865 1749
f 1749 1865 1747
f 1866 1867 1868
f 1869 1867 1866
f 1870 1866 1868
f 1870 1868 1871
f 1870 1871 1872
f 1872 1871 1873
f 1872 1873 1874
f 1874 1873 1875
f 1874 1875 1876
f 1876 1875 1877
f 1876 1877 1878
f 1878 1877 1879
f 1878 1879 1880
f 1880 1879 1881
f 1880 1881 1882
f 1882 1881 1883
f 1882 1883 1884
f 1884 1883 1885
f 1884 1885 1886
f 1886 1885 1887
f 1886 1887 1888
f 1888 1887 1889
f 1888 1889 1890
f 1890 1889 1891
f 1890 1891 1892
f 1892 1891 1893
f 1892 1893 1894
f 1894 1893 1895
f 1894 1895 1896
f 1896 1895 1897
f 1896 1897 1898
f 1898 1897 1899
f 1898 1899 1900
f 1900 1899 1901
f 1900 1901 1902
f 1902 1901 1903
f 1902 1903 1904
f 1904 1903 1905
f 1904 1905 1906
f 1906 1905 1907
f 1906 1907 1908
f 1908 1907 1909
f 1908 1909 1910
f 1910 1909 1911
f 1910 1911 1912
f 1912 1911 1913
f 1912 1913 1914
f 1914 1913 1915
f 1914 1915 1916
f 1916 1915 1917
f 1916 1917 1918
f 1918 1917 1919
f 1918 1919 1920
f 1920 1919 1921
f 1920 1921 1922
f 1922 1921 1923
f 1922 1923 1924
f 1924 1923 1925
f 1924 1925 1926
f 1926 1925 1927
f 1926 1927 1928
f 1928 1927 1929
f 1928 1929 1930
f 1930 1929 1931
f 1930 1931 1932
f 1932 1931 1933
f 1932 1933 1934
f 1934 1933 1935
f 1934 1935 1936
f 1936 1935 1937
f 1936 1937 1938
f 1938 1937 1939
f 1938 1939 1940
f 1940 1939 1941
f 1940 1941 1942
f 1942 1941 1943
f 1942 1943 1944
f 1944 1943 1945
f 1944 1945 1946
f 1946 1945 1947
f 1946 1947 1948
f 1948 1947 1949
f 1948 1949 1950
f 1950 1949 1951
f 1950 1951 1952
f 1952 1951 1953
f 1952 1953 1954
f 1954 1953 1955
f 1954 1955 1956
f 1956 1955 1957
f 1956 1957 1958
f 1958 1957 1959
f 1958 1959 1960
f 1960 1959 1961
f 1960 1961 1962
f 1962 1961 1963
f 1962 1963 1964
f 1964 1963 1965
f 1964 1965 1966
f 1966 1965 1967
f 1966 1967 1968
f 1968 1967 1969
f 1968 1969 1970
f 1970 1969 1971
f 1970 1971 1972
f 1972 1971 1973
f 1972 1973 1974
f 1974 1973 1975
f 1974 1975 1976
f 1976 1975 1977
f 1976 1977 1978
f 1978 1977 1979
f 1978 1979 1980
f 1980 1979 1981
f 1980 1981 1982
f 1982 1981 1983
f 1982 1983 1984
f 1984 1983 1985
f 1984 1985 1869
f 1869 1985 1867
f 1986 1987 1988
f 1989 1987 1986
f 1990 1986 1988
f 1990 1988 1991
f 1990 1991 1992
f 1992 1991 1993
f 1992 1993 1994
f 1994 1993 1995
f 1994 1995 1996
f 1996 1995 1997
f 1996 1997 1998
f 1998 1997 1999
f 1998 1999 2000
f 2000 1999 2001
f 2000 2001 2002
f 2002 2001 2003
f 2002 2003 2004
f 2004 2003 2005
f 2004 2005 2006
f 2006 2005 2007
f 2006 2007 2008
f 2008 2007 2009
f 2008 2009 2010
f 2010 2009 2011
f 2010 2011 2012
f 2012 2011 2013
f 2012 2013 2014
f 2014 2013 2015
f 2014 2015 2016
f 2016 2015 2017
f 2016 2017 2018
f 2018 2017 2019
f 2018 2019 2020
f 2020 2019 2021
f 2020 2021 2022
f 2022 2021 2023
f 2022 2023 2024
f 2024 2023 2025
f 2024 2025 2026
f 2026 2025 2027
f 2026 2027 2028
f 2028 2027 2029
f 2028 2029 2030
f 2030 2029 2031
f 2030 2031 2032
f 2032 2031 2033
f 2032 2033 2034
f 2034 2033 2035
f 2034 2035 2036
f 2036 2035 2037
f 2036 2037 2038
f 2038 2037 2039
f 2038 2039 2040
f 2040 2039 2041
f 2040 2041 2042
f 2042 2041 2043
f 2042 2043 2044
f 2044 2043 2045
f 2044 2045 2046
f 2046 2045 2047
f 2046 2047 2048
f 2048 2047 2049
f 2048 2049 2050
f 2050 2049 2051
f 2050 2051 2052
f 2052 2051 2053
f 2052 2053 2054
f 2054 2053 2055
f 2054 2055 2056
f 2056 2055 2057
f 2056 2057 2058
f 2058 2057 2059
f 2058 2059 2060
f 2060 2059 2061
f 2060 2061 2062
f 2062 2061 2063
f 2062 2063 2064
f 2064 2063 2065
f 2064 2065 2066
f 2066 2065 2067
f 2066 2067 2068
f 2068 2067 2069
f 2068 2069 2070
f 2070 2069 2071
f 2070 2071 2072
f 2072 2071 2073
f 2072 2073 2074
f 2074 2073 2075
f 2074 2075 2076
f 2076 2075 2077
f 2076 2077 2078
f 2078 2077 2079
f 2078 2079 2080
f 2080 2079 2081
f 2080 2081 2082
f 2082 2081 2083
f 2082 2083 2084
f 2084 2083 2085
f 2084 2085 2086
f 2086 2085 2087
f 2086 2087 2088
f 2088 2087 2089
f 2088 2089 2090
f 2090 2089 2091
f 2090 2091 2092
f 2092 2091 2093
f 2092 2093 2094
f 2094 2093 2095
f 2094 2095 2096
f 2096 2095 2097
f 2096 2097 2098
f 2098 2097 2099
f 2098 2099 2100
f 2100 2099 2101
f 2100 2101 2102
f 2102 2101 2103
f 2102 2103 2104
f 2104 2103 2105
f 2104 2105 1989
f 1989 2105 1987
f 2106 2107 2108
f 2109 2107 2106
f 2110 2106 2108
f 2110 2108 2111
f 2110 2111 2112
f 2112 2111 2113
f 2112 2113 2114
f 2114 2113 2115
f 2114 2115 2116
f 2116 2115 2117
f 2116 2117 2118
f 2118 2117 2119
f 2118 2119 2120
f 2120 2119 2121
f 2120 2121 2122
f 2122 2121 2123
f 2122 2123 2124
f 2124 2123 2125
f 2124 2125 2126
f 2126 2125 2127
f 2126 2127 2128
f 2128 2127 2129
f 2128 2129 2130
f 2130 2129 2131
f 2130 2131 2132
f 2132 2131 2133
f 2132 2133 2134
f 2134 2133 2135
f 2134 2135 2136
f 2136 2135 2137
f 2136 2137 2138
f 2138 2137 2139
f 2138 2139 2140
f 2140 2139 2141
f 2140 2141 2142
f 2142 2141 2143
f 2142 2143 2144
f 2144 2143 2145
f 2144 2145 2146
f 2146 2145 2147
f 2146 2147 2148
f 2148 2147 2149
f 2148 2149 2150
f 2150 2149 2151
f 2150 2151 2152
f 2152 2151 2153
f 2152 2153 2154
f 2154 2153 2155
f 2154 2155 2156
f 2156 2155 2157
f 2156 2157 2158
f 2158 2157 2159
f 2158 2159 2160
f 2160 2159 2161
f 2160 2161 2162
f 2162 2161 2163
f 2162 2163 2164
f 2164 2163 2165
f 2164 2165 2166
f 2166 2165 2167
f 2166 2167 2168
f 2168 2167 2169
f 2168 2169 2170
f 2170 2169 2171
f 2170 2171 2172
f 2172 2171 2173
f 2172 2173 2174
f 2174 2173 2175
f 2174 2175 2176
f 2176 2175 2177
f 2176 2177 2178
f 2178 2177 2179
f 2178 2179 2180
f 2180 2179 2181
f 2180 2181 2182
f 2182 2181 2183
f 2182 2183 2184
f 2184 2183 2185
f 2184 2185 2186
f 2186 2185 2187
f 2186 2187 2188
f 2188 2187 2189
f 2188 2189 2190
f 2190 2189 2191
f 2190 2191 2192
f 2192 2191 2193
f 2192 2193 2194
f 2194 2193 2195
f 2194 2195 2196
f 2196 2195 2197
f 2196 2197 2198
f 2198 2197 2199
f 2198 2199 2200
f 2200 2199 2201
f 2200 2201 2202
f 2202 2201 2203
f 2202 2203 2204
f 2204 2203 2205
f 2204 2205 2206
f 2206 2205 2207
f 2206 2207 2208
f 2208 2207 2209
f 2208 2209 2210
f 2210 2209 2211
f 2210 2211 2212
f 2212 2211 2213
f 2212 2213 2214
f 2214 2213 2215
f 2214 2215 2216
f 2216 2215 2217
f 2216 2217 2218
f 2218 2217 2219
f 2218 2219 2220
f 2220 2219 2221
f 2220 2221 2222
f 2222 2221 2223
f 2222 2223 2224
f 2224 2223 2225
f 2224 2225 2109
f 2109 2225 2107
f 2226 2227 2228
f 2229 2227 2226
f 2230 2226 2228
f 2230 2228 2231
f 2230 2231 2232
f 2232 2231 2233
f 2232 2233 2234
f 2234 2233 2235
f 2234 2235 2236
f 2236 2235 2237
f 2236 2237 2238
f 2238 2237 2239
f 2238 2239 2240
f 2240 2239 2241
f 2240 2241 2242
f 2242 2241 2243
f 2242 2243 2244
f 2244 2243 2245
f 2244 2245 2246
f 2246 2245 2247
f 2246 2247 2248
f 2248 2247 2249
f 2248 2249 2250
f 2250 2249 2251
f 2250 2251 2252
f 2252 2251 2253
f 2252 2253 2254
f 2254 2253 2255
f 2254 2255 2256
f 2256 2255 2257
f 2256 2257 2258
f 2258 2257 2259
f 2258 2259 2260
f 2260 2259 2261
f 2260 2261 2262
f 2262 2261 2263
f 2262 2263 2264
f 2264 2263 2265
f 2264 2265 2266
f 2266 2265 2267
f 2266 2267 2268
f 2268 2267 2269
f 2268 2269 2270
f 2270 2269 2271
f 2270 2271 2272
f 2272 2271 2273
f 2272 2273 2274
f 2274 2273 2275
f 2274 2275 2276
f 2276 2275 2277
f 2276 2277 2278
f 2278 2277 2279
f 2278 2279 2280
f 2280 2279 2281
f 2280 2281 2282
f 2282 2281 2283
f 2282 2283 2284
f 2284 2283 2285
f 2284 2285 2286
f 2286 2285 2287
f 2286 2287 2288
f 2288 2287 2289
f 2288 2289 2290
f 2290 2289 2291
f 2290 2291 2292
f 2292 2291 2293
f 2292 2293 2294
f 2294 2293 2295
f 2294 2295 2296
f 2296 2295 2297
f 2296 2297 2298
f 2298 2297 2299
f 2298 2299 2300
f 2300 2299 2301
f 2300 2301 2302
f 2302 2301 2303
f 2302 2303 2304
f 2304 2303 2305
f 2304 2305 2306
f 2306 2305 2307
f 2306 2307 2308
f 2308 2307 2309
f 2308 2309 2310
f 2310 2309 2311
f 2310 2311 2312
f 2312 2311 2313
f 2312 2313 2314
f 2314 2313 2315
f 2314 2315 2316
f 2316 2315 2317
f 2316 2317 2318
f 2318 2317 2319
f 2318 2319 2320
f 2320 2319 2321
f 2320 2321 2322
f 2322 2321 2323
f 2322 2323 2324
f 2324 2323 2325
f 2324 2325 2326
f 2326 2325 2327
f 2326 2327 2328
f 2328 2327 2329
f 2328 2329 2330
f 2330 2329 2331
f 2330 2331 2332
f 2332 2331 2333
f 2332 2333 2334
f 2334 2333 2335
f 2334 2335 2336
f 2336 2335 2337
f 2336 2337 2338
f 2338 2337 2339
f 2338 2339 2340
f 2340 2339 2341
f 2340 2341 2342
f 2342 2341 2343
f 2342 2343 2344
f 2344 2343 2345
f 2344 2345 2229
f 2229 2345 2227
f 2346 2347 2348
f 2349 2347 2346
f 2350 2346 2348
f 2350 2348 2351
f 2350 2351 2352
f 2352 2351 2353
f 2352 2353 2354
f 2354 2353 2355
f 2354 2355 2356
f 2356 2355 2357
f 2356 2357 2358
f 2358 2357 2359
f 2358 2359 2360
f 2360 2359 2361
f 2360 2361 2362
f 2362 2361 2363
f 2362 2363 2364
f 2364 2363 2365
f 2364 2365 2366
f 2366 2365 2367
f 2366 2367 2368
f 2368 2367 2369
f 2368 2369 2370
f 2370 2369 2371
f 2370 2371 2372
f 2372 2371 2373
f 2372 2373 2374
f 2374 2373 2375
f 2374 2375 2376
f 2376 2375 2377
f 2376 2377 2378
f 2378 2377 2379
f 2378 2379 2380
f 2380 2379 2381
f 2380 2381 2382
f 2382 2381 2383
f 2382 2383 2384
f 2384 2383 2385
f 2384 2385 2386
f 2386 2385 2387
f 2386 2387 2388
f 2388 2387 2389
f 2388 2389 2390
f 2390 2389 2391
f 2390 2391 2392
f 2392 2391 2393
f 2392 2393 2394
f 2394 2393 2395
f 2394 2395 2396
f 2396 2395 2397
f 2396 2397 2398
f 2398 2397 2399
f 2398 2399 2400
f 2400 2399 2401
f 2400 2401 2402
f 2402 2401 2403
f 2402 2403 2404
f 2404 2403 2405
f 2404 2405 2406
f 2406 2405 2407
f 2406 2407 2408
f 2408 2407 2409
f 2408 2409 2410
f 2410 2409 2411
f 2410 2411 2412
f 2412 2411 2413
f 2412 2413 2414
f 2414 2413 2415
f 2414 2415 2416
f 2416 2415 2417
f 2416 2417 2418
f 2418 2417 2419
f 2418 2419 2420
f 2420 2419 2421
f 2420 2421 2422
f 2422 2421 2423
f 2422 2423 2424
f 2424 2423 2425
f 2424 2425 2426
f 2426 2425 2427
f 2426 2427 2428
f 2428 2427 2429
f 2428 2429 2430
f 2430 2429 2431
f 2430 2431 2432
f 2432 2431 2433
f 2432 2433 2434
f 2434 2433 2435
f 2434 2435 2436
f 2436 2435 2437
f 2436 2437 2438
f 2438 2437 2439
f 2438 2439 2440
f 2440 2439 2441
f 2440 2441 2442
f 2442 2441 2443
f 2442 2443 2444
f 2444 2443 2445
f 2444 2445 2446
f 2446 2445 2447
f 2446 2447 2448
f 2448 2447 2449
f 2448 2449 2450
f 2450 2449 2451
f 2450 2451 2452
f 2452 2451 2453
f 2452 2453 2454
f 2454 2453 2455
f 2454 2455 2456
f 2456 2455 2457
f 2456 2457 2458
f 2458 2457 2459
f 2458 2459 2460
f 2460 2459 2461
f 2460 2461 2462
f 2462 2461 2463
f 2462 2463 2464
f 2464 2463 2465
f 2464 2465 2349
f 2349 2465 2347
f 2466 2467 2468
f 2469 2467 2466
f 2470 2466 2468
f 2470 2468 2471
f 2470 2471 2472
f 2472 2471 2473
f 2472 2473 2474
f 2474 2473 2475
f 2474 2475 2476
f 2476 2475 2477
f 2476 2477 2478
f 2478 2477 2479
f 2478 2479 2480
f 2480 2479 2481
f 2480 2481 2482
f 2482 2481 2483
f 2482 2483 2484
f 2484 2483 2485
f 2484 2485 2486
f 2486 2485 2487
f 2486 2487 2488
f 2488 2487 2489
f 2488 2489 2490
f 2490 2489 2491
f 2490 2491 2492
f 2492 2491 2493
f 2492 2493 2494
f 2494 2493 2495
f 2494 2495 2496
f 2496 2495 2497
f 2496 2497 2498
f 2498 2497 2499
f 2498 2499 2500
f 2500 2499 2501
f 2500 2501 2502
f 2502 2501 2503
f 2502 2503 2504
f 2504 2503 2505
f 2504 2505 2506
f 2506 2505 2507
f 2506 2507 2508
f 2508 2507 2509
f 2508 2509 2510
f 2510 2509 2511
f 2510 2511 2512
f 2512 2511 2513
f 2512 2513 2514
f 2514 2513 2515
f 2514 2515 2516
f 2516 2515 2517
f 2516 2517 2518
f 2518 2517 2519
f 2518 2519 2520
f 2520 2519 2521
f 2520 2521 2522
f 2522 2521 2523
f 2522 2523 2524
f 2524 2523 2525
f 2524 2525 2526
f 2526 2525 2527
f 2526 2527 2528
f 2528 2527 2529
f 2528 2529 2530
f 2530 2529 2531
f 2530 2531 2532
f 2532 2531 2533
f 2532 2533 2534
f 2534 2533 2535
f 2534 2535 2536
f 2536 2535 2537
f 2536 2537 2538
f 2538 2537 2539
f 2538 2539 2540
f 2540 2539 2541
f 2540 2541 2542
f 2542 2541 2543
f 2542 2543 2544
f 2544 2543 2545
f 2544 2545 2546
f 2546 2545 2547
f 2546 2547 2548
f 2548 2547 2549
f 2548 2549 2550
f 2550 2549 2551
f 2550 2551 2552
f 2552 2551 2553
f 2552 2553 2554
f 2554 2553 2555
f 2554 2555 2556
f 2556 2555 2557
f 2556 2557 2558
f 2558 2557 2559
f 2558 2559 2560
f 2560 2559 2561
f 2560 2561 2562
f 2562 2561 2563
f 2562 2563 2564
f 2564 2563 2565
f 2564 2565 2566
f 2566 2565 2567
f 2566 2567 2568
f 2568 2567 2569
f 2568 2569 2570
f 2570 2569 2571
f 2570 2571 2572
f 2572 2571 2573
f 2572 2573 2574
f 2574 2573 2575
f 2574 2575 2576
f 2576 2575 2577
f 2576 2577 2578
f 2578 2577 2579
f 2578 2579 2580
f 2580 2579 2581
f 2580 2581 2582
f 2582 2581 2583
f 2582 2583 2584
f 2584 2583 2585
f 2584 2585 2469
f 2469 2585 2467
f 2586 2587 2588
f 2589 2587 2586
f 2590 2586 2588
f 2590 2588 2591
f 2590 2591 2592
f 2592 2591 2593
f 2592 2593 2594
f 2594 2593 2595
f 2594 2595 2596
f 2596 2595 2597
f 2596 2597 2598
f 2598 2597 2599
f 2598 2599 2600
f 2600 2599 2601
f 2600 2601 2602
f 2602 2601 2603
f 2602 2603 2604
f 2604 2603 2605
f 2604 2605 2606
f 2606 2605 2607
f 2606 2607 2608
f 2608 2607 2609
f 2608 2609 2610
f 2610 2609 2611
f 2610 2611 2612
f 2612 2611 2613
f 2612 2613 2614
f 2614 2613 2615
f 2614 2615 2616
f 2616 2615 2617
f 2616 2617 2618
f 2618 2617 2619
f 2618 2619 2620
f 2620 2619 2621
f 2620 2621 2622
f 2622 2621 2623
f 2622 2623 2624
f 2624 2623 2625
f 2624 2625 2626
f 2626 2625 2627
f 2626 2627 2628
f 2628 2627 2629
f 2628 2629 2630
f 2630 2629 2631
f 2630 2631 2632
f 2632 2631 2633
f 2632 2633 2634
f 2634 2633 2635
f 2634 2635 2636
f 2636 2635 2637
f 2636 2637 2638
f 2638 2637 2639
f 2638 2639 2640
f 2640 2639 2641
f 2640 2641 2642
f 2642 2641 2643
f 2642 2643 2644
f 2644 2643 2645
f 2644 2645 2646
f 2646 2645 2647
f 2646 2647 2648
f 2648 2647 2649
f 2648 2649 2650
f 2650 2649 2651
f 2650 2651 2652
f 2652 2651 2653
f 2652 2653 2654
f 2654 2653 2655
f 2654 2655 2656
f 2656 2655 2657
f 2656 2657 2658
f 2658 2657 2659
f 2658 2659 2660
f 2660 2659 2661
f 2660 2661 2662
f 2662 2661 2663
f 2662 2663 2664
f 2664 2663 2665
f 2664 2665 2666
f 2666 2665 2667
f 2666 2667 2668
f 2668 2667 2669
f 2668 2669 2670
f 2670 2669 2671
f 2670 2671 2672
f 2672 2671 2673
f 2672 2673 2674
f 2674 2673 2675
f 2674 2675 2676
f 2676 2675 2677
f 2676 2677 2678
f 2678 2677 2679
f 2678 2679 2680
f 2680 2679 2681
f 2680 2681 2682
f 2682 2681 2683
f 2682 2683 2684
f 2684 2683 2685
f 2684 2685 2686
f 2686 2685 2687
f 2686 2687 2688
f 2688 2687 2689
f 2688 2689 2690
f 2690 2689 2691
f 2690 2691 2692
f 2692 2691 2693
f 2692 2693 2694
f 2694 2693 2695
f 2694 2695 2696
f 2696 2695 2697
f 2696 2697 2698
f 2698 2697 2699
f 2698 2699 2700
f 2700 2699 2701
f 2700 2701 2702
f 2702 2701 2703
f 2702 2703 2704
f 2704 2703 2705
f 2704 2705 2589
f 2589 2705 2587
f 2706 2707 2708
f 2709 2707 2706
f 2710 2706 2708
f 2710 2708 2711
f 2710 2711 2712
f 2712 2711 2713
f 2712 2713 2714
f 2714 2713 2715
f 2714 2715 2716
f 2716 2715 2717
f 2716 2717 2718
f 2718 2717 2719
f 2718 2719 2720
f 2720 2719 2721
f 2720 2721 2722
f 2722 2721 2723
f 2722 2723 2724
f 2724 2723 2725
f 2724 2725 2726
f 2726 2725 2727
f 2726 2727 2728
f 2728 2727 2729
f 2728 2729 2730
f 2730 2729 2731
f 2730 2731 2732
f 2732 2731 2733
f 2732 2733 2734
f 2734 2733 2735
f 2734 2735 2736
f 2736 2735 2737
f 2736 2737 2738
f 2738 2737 2739
f 2738 2739 2740
f 2740 2739 2741
f 2740 2741 2742
f 2742 2741 2743
f 2742 2743 2744
f 2744 2743 2745
f 2744 2745 2746
f 2746 2745 2747
f 2746 2747 2748
f 2748 2747 2749
f 2748 2749 2750
f 2750 2749 2751
f 2750 2751 2752
f 2752 2751 2753
f 2752 2753 2754
f 2754 2753 2755
f 2754 2755 2756
f 2756 2755 2757
f 2756 2757 2758
f 2758 2757 2759
f 2758 2759 2760
f 2760 2759 2761
f 2760 2761 2762
f 2762 2761 2763
f 2762 2763 2764
f 2764 2763 2765
f 2764 2765 2766
f 2766 2765 2767
f 2766 2767 2768
f 2768 2767 2769
f 2768 2769 2770
f 2770 2769 2771
f 2770 2771 2772
f 2772 2771 2773
f 2772 2773 2774
f 2774 2773 2775
f 2774 2775 2776
f 2776 2775 2777
f 2776 2777 2778
f 2778 2777 2779
f 2778 2779 2780
f 2780 2779 2781
f 2780 2781 2782
f 2782 2781 2783
f 2782 2783 2784
f 2784 2783 2785
f 2784 2785 2786
f 2786 2785 2787
f 2786 2787 2788
f 2788 2787 2789
f 2788 2789 2790
f 2790 2789 2791
f 2790 2791 2792
f 2792 2791 2793
f 2792 2793 2794
f 2794 2793 2795
f 2794 2795 2796
f 2796 2795 2797
f 2796 2797 2798
f 2798 2797 2799
f 2798 2799 2800
f 2800 2799 2801
f 2800 2801 2802
f 2802 2801 2803
f 2802 2803 2804
f 2804 2803 2805
f 2804 2805 2806
f 2806 2805 2807
f 2806 2807 2808
f 2808 2807 2809
f 2808 2809 2810
f 2810 2809 2811
f 2810 2811 2812
f 2812 2811 2813
f 2812 2813 2814
f 2814 2813 2815
f 2814 2815 2816
f 2816 2815 2817
f 2816 2817 2818
f 2818 2817 2819
f 2818 2819 2820
f 2820 2819 2821
f 2820 2821 2822
f 2822 2821 2823
f 2822 2823 2824
f 2824 2823 2825
f 2824 2825 2709
f 2709 2825 2707
f 2826 2827 2828
f 2829 2827 2826
f 2830 2826 2828
f 2830 2828 2831
f 2830 2831 2832
f 2832 2831 2833
f 2832 2833 2834
f 2834 2833 2835
f 2834 2835 2836
f 2836 2835 2837
f 2836 2837 2838
f 2838 2837 2839
f 2838 2839 2840
f 2840 2839 2841
f 2840 2841 2842
f 2842 2841 2843
f 2842 2843 2844
f 2844 2843 2845
f 2844 2845 2846
f 2846 2845 2847
f 2846 2847 2848
f 2848 2847 2849
f 2848 2849 2850
f 2850 2849 2851
f 2850 2851 2852
f 2852 2851 2853
f 2852 2853 2854
f 2854 2853 2855
f 2854 2855 2856
f 2856 2855 2857
f 2856 2857 2858
f 2858 2857 2859
f 2858 2859 2860
f 2860 2859 2861
f 2860 2861 2862
f 2862 2861 2863
f 2862 2863 2864
f 2864 2863 2865
f 2864 2865 2866
f 2866 2865 2867
f 2866 2867 2868
f 2868 2867 2869
f 2868 2869 2870
f 2870 2869 2871
f 2870 2871 2872
f 2872 2871 2873
f 2872 2873 2874
f 2874 2873 2875
f 2874 2875 2876
f 2876 2875 2877
f 2876 2877 2878
f 2878 2877 2879
f 2878 2879 2880
f 2880 2879 2881
f 2880 2881 2882
f 2882 2881 2883
f 2882 2883 2884
f 2884 2883 2885
f 2884 2885 2886
f 2886 2885 2887
f 2886 2887 2888
f 2888 2887 2889
f 2888 2889 2890
f 2890 2889 2891
f 2890 2891 2892
f 2892 2891 2893
f 2892 2893 2894
f 2894 2893 2895
f 2894 2895 2896
f 2896 2895 2897
f 2896 2897 2898
f 2898 2897 2899
f 2898 2899 2900
f 2900 2899 2901
f 2900 2901 2902
f 2902 2901 2903
f 2902 2903 2904
f 2904 2903 2905
f 2904 2905 2906
f 2906 2905 2907
f 2906 2907 2908
f 2908 2907 2909
f 2908 2909 2910
f 2910 2909 2911
f 2910 2911 2912
f 2912 2911 2913
f 2912 2913 2914
f 2914 2913 2915
f 2914 2915 2916
f 2916 2915 2917
f 2916 2917 2918
f 2918 2917 2919
f 2918 2919 2920
f 2920 2919 2921
f 2920 2921 2922
f 2922 2921 2923
f 2922 2923 2924
f 2924 2923 2925
f 2924 2925 2926
f 2926 2925 2927
f 2926 2927 2928
f 2928 2927 2929
f 2928 2929 2930
f 2930 2929 2931
f 2930 2931 2932
f 2932 2931 2933
f 2932 2933 2934
f 2934 2933 2935
f 2934 2935 2936
f 2936 2935 2937
f 2936 2937 2938
f 2938 2937 2939
f 2938 2939 2940
f 2940 2939 2941
f 2940 2941 2942
f 2942 2941 2943
f 2942 2943 2944
f 2944 2943 2945
f 2944 2945 2829
f 2829 2945 2827
f 2946 2947 2948
f 2949 2947 2946
f 2950 2946 2948
f 2950 2948 2951
f 2950 2951 2952
f 2952 2951 2953
f 2952 2953 2954
f 2954 2953 2955
f 2954 2955 2956
f 2956 2955 2957
f 2956 2957 2958
f 2958 2957 2959
f 2958 2959 2960
f 2960 2959 2961
f 2960 2961 2962
f 2962 2961 2963
f 2962 2963 2964
f 2964 2963 2965
f 2964 2965 2966
f 2966 2965 2967
f 2966 2967 2968
f 2968 2967 2969
f 2968 2969 2970
f 2970 2969 2971
f 2970 2971 2972
f 2972 2971 2973
f 2972 2973 2974
f 2974 2973 2975
f 2974 2975 2976
f 2976 2975 2977
f 2976 2977 2978
f 2978 2977 2979
f 2978 2979 2980
f 2980 2979 2981
f 2980 2981 2982
f 2982 2981 2983
f 2982 2983 2984
f 2984 2983 2985
f 2984 2985 2986
f 2986 2985 2987
f 2986 2987 2988
f 2988 2987 2989
f 2988 2989 2990
f 2990 2989 2991
f 2990 2991 2992
f 2992 2991 2993
f 2992 2993 2994
f 2994 2993 2995
f 2994 2995 2996
f 2996 2995 2997
f 2996 2997 2998
f 2998 2997 2999
f 2998 2999 3000
f 3000 2999 3001
f 3000 3001 3002
f 3002 3001 3003
f 3002 3003 3004
f 3004 3003 3005
f 3004 3005 3006
f 3006 3005 3007
f 3006 3007 3008
f 3008 3007 3009
f 3008 3009 3010
f 3010 3009 3011
f 3010 3011 3012
f 3012 3011 3013
f 3012 3013 3014
f 3014 3013 3015
f 3014 3015 3016
f 3016 3015 3017
f 3016 3017 3018
f 3018 3017 3019
f 3018 3019 3020
f 3020 3019 3021
f 3020 3021 3022
f 3022 3021 3023
f 3022 3023 3024
f 3024 3023 3025
f 3024 3025 3026
f 3026 3025 3027
f 3026 3027 3028
f 3028 3027 3029
f 3028 3029 3030
f 3030 3029 3031
f 3030 3031 3032
f 3032 3031 3033
f 3032 3033 3034
f 3034 3033 3035
f 3034 3035 3036
f 3036 3035 3037
f 3036 3037 3038
f 3038 3037 3039
f 3038 3039 3040
f 3040 3039 3041
f 3040 3041 3042
f 3042 3041 3043
f 3042 3043 3044
f 3044 3043 3045
f 3044 3045 3046
f 3046 3045 3047
f 3046 3047 3048
f 3048 3047 3049
f 3048 3049 3050
f 3050 3049 3051
f 3050 3051 3052
f 3052 3051 3053
f 3052 3053 3054
f 3054 3053 3055
f 3054 3055 3056
f 3056 3055 3057
f 3056 3057 3058
f 3058 3057 3059
f 3058 3059 3060
f 3060 3059 3061
f 3060 3061 3062
f 3062 3061 3063
f 3062 3063 3064
f 3064 3063 3065
f 3064 3065 2949
f 2949 3065 2947
f 3066 3067 3068
f 3069 3067 3066
f 3070 3066 3068
f 3070 3068 3071
f 3070 3071 3072
f 3072 3071 3073
f 3072 3073 3074
f 3074 3073 3075
f 3074 3075 3076
f 3076 3075 3077
f 3076 3077 3078
f 3078 3077 3079
f 3078 3079 3080
f 3080 3079 3081
f 3080 3081 3082
f 3082 3081 3083
f 3082 3083 3084
f 3084 3083 3085
f 3084 3085 3086
f 3086 3085 3087
f 3086 3087 3088
f 3088 3087 3089
f 3088 3089 3090
f 3090 3089 3091
f 3090 3091 3092
f 3092 3091 3093
f 3092 3093 3094
f 3094 3093 3095
f 3094 3095 3096
f 3096 3095 3097
f 3096 3097 3098
f 3098 3097 3099
f 3098 3099 3100
f 3100 3099 3101
f 3100 3101 3102
f 3102 3101 3103
f 3102 3103 3104
f 3104 3103 3105
f 3104 3105 3106
f 3106 3105 3107
f 3106 3107 3108
f 3108 3107 3109
f 3108 3109 3110
f 3110 3109 3111
f 3110 3111 3112
f 3112 3111 3113
f 3112 3113 3114
f 3114 3113 3115
f 3114 3115 3116
f 3116 3115 3117
f 3116 3117 3118
f 3118 3117 3119
f 3118 3119 3120
f 3120 3119 3121
f 3120 3121 3122
f 3122 3121 3123
f 3122 3123 3124
f 3124 3123 3125
f 3124 3125 3126
f 3126 3125 3127
f 3126 3127 3128
f 3128 3127 3129
f 3128 3129 3130
f 3130 3129 3131
f 3130 3131 3132
f 3132 3131 3133
f 3132 3133 3134
f 3134 3133 3135
f 3134 3135 3136
f 3136 3135 3137
f 3136 3137 3138
f 3138 3137 3139
f 3138 3139 3140
f 3140 3139 3141
f 3140 3141 3142
f 3142 3141 3143
f 3142 3143 3144
f 3144 3143 3145
f 3144 3145 3146
f 3146 3145 3147
f 3146 3147 3148
f 3148 3147 3149
f 3148 3149 3150
f 3150 3149 3151
f 3150 3151 3152
f 3152 3151 3153
f 3152 3153 3154
f 3154 3153 3155
f 3154 3155 3156
f 3156 3155 3157
f 3156 3157 3158
f 3158 3157 3159
f 3158 3159 3160
f 3160 3159 3161
f 3160 3161 3162
f 3162 3161 3163
f 3162 3163 3164
f 3164 3163 3165
f 3164 3165 3166
f 3166 3165 3167
f 3166 3167 3168
f 3168 3167 3169
f 3168 3169 3170
f 3170 3169 3171
f 3170 3171 3172
f 3172 3171 3173
f 3172 3173 3174
f 3174 3173 3175
f 3174 3175 3176
f 3176 3175 3177
f 3176 3177 3178
f 3178 3177 3179
f 3178 3179 3180
f 3180 3179 3181
f 3180 3181 3182
f 3182 3181 3183
f 3182 3183 3184
f 3184 3183 3185
f 3184 3185 3186
f 3186 3185 3187
f 3186 3187 3188
f 3188 3187 3189
f 3188 3189 3190
f 3190 3189 3191
f 3190 3191 3192
f 3192 3191 3193
f 3192 3193 3194
f 3194 3193 3195
f 3194 3195 3196
f 3196 3195 3197
f 3196 3197 3198
f 3198 3197 3199
f 3198 3199 3200
f 3200 3199 3201
f 3200 3201 3202
f 3202 3201 3203
f 3202 3203 3204
f 3204 3203 3205
f 3204 3205 3206
f 3206 3205 3207
f 3206 3207 3208
f 3208 3207 3209
f 3208 3209 3210
f 3210 3209 3211
f 3210 3211 3212
f 3212 3211 3213
f 3212 3213 3214
f 3214 3213 3215
f 3214 3215 3216
f 3216 3215 3217
f 3216 3217 3218
f 3218 3217 3219
f 3218 3219 3220
f 3220 3219 3221
f 3220 3221 3222
f 3222 3221 3223
f 3222 3223 3224
f 3224 3223 3225
f 3224 3225 3226
f 3226 3225 3227
f 3226 3227 3228
f 3228 3227 3229
f 3228 3229 3230
f 3230 3229 3231
f 3230 3231 3232
f 3232 3231 3233
f 3232 3233 3234
f 3234 3233 3235
f 3234 3235 3236
f 3236 3235 3237
f 3236 3237 3238
f 3238 3237 3239
f 3238 3239 3240
f 3240 3239 3241
f 3240 3241 3242
f 3242 3241 3243
f 3242 3243 3244
f 3244 3243 3245
f 3244 3245 3246
f 3246 3245 3247
f 3246 3247 3248
f 3248 3247 3249
f 3248 3249 3250
f 3250 3249 3251
f 3250 3251 3252
f 3252 3251 3253
f 3252 3253 3254
f 3254 3253 3255
f 3254 3255 3256
f 3256 3255 3257
f 3256 3257 3258
f 3258 3257 3259
f 3258 3259 3260
f 3260 3259 3261
f 3260 3261 3262
f 3262 3261 3263
f 3262 3263 3264
f 3264 3263 3265
f 3264 3265 3266
f 3266 3265 3267
f 3266 3267 3268
f 3268 3267 3269
f 3268 3269 3270
f 3270 3269 3271
f 3270 3271 3272
f 3272 3271 3273
f 3272 3273 3274
f 3274 3273 3275
f 3274 3275 3276
f 3276 3275 3277
f 3276 3277 3278
f 3278 3277 3279
f 3278 3279 3280
f 3280 3279 3281
f 3280 3281 3282
f 3282 3281 3283
f 3282 3283 3284
f 3284 3283 3285
f 3284 3285 3286
f 3286 3285 3287
f 3286 3287 3288
f 3288 3287 3289
f 3288 3289 3290
f 3290 3289 3291
f 3290 3291 3292
f 3292 3291 3293
f 3292 3293 3294
f 3294 3293 3295
f 3294 3295 3296
f 3296 3295 3297
f 3296 3297 3298
f 3298 3297 3299
f 3298 3299 3300
f 3300 3299 3301
f 3300 3301 3302
f 3302 3301 3303
f 3302 3303 3304
f 3304 3303 3305
f 3304 3305 3306
f 3306 3305 3307
f 3306 3307 3308
f 3308 3307 3309
f 3308 3309 3310
f 3310 3309 3311
f 3310 3311 3312
f 3312 3311 3313
f 3312 3313 3314
f 3314 3313 3315
f 3314 3315 3316
f 3316 3315 3317
f 3316 3317 3318
f 3318 3317 3319
f 3318 3319 3320
f 3320 3319 3321
f 3320 3321 3322
f 3322 3321 3323
f 3322 3323 3324
f 3324 3323 3325
f 3324 3325 3326
f 3326 3325 3327
f 3326 3327 3328
f 3328 3327 3329
f 3328 3329 3330
f 3330 3329 3331
f 3330 3331 3332
f 3332 3331 3333
f 3332 3333 3334
f 3334 3333 3335
f 3334 3335 3336
f 3336 3335 3337
f 3336 3337 3338
f 3338 3337 3339
f 3338 3339 3340
f 3340 3339 3341
f 3340 3341 3342
f 3342 3341 3343
f 3342 3343 3344
f 3344 3343 3345
f 3344 3345 3346
f 3346 3345 3347
f 3346 3347 3348
f 3348 3347 3349
f 3348 3349 3350
f 3350 3349 3351
f 3350 3351 3352
f 3352 3351 3353
f 3352 3353 3354
f 3354 3353 3355
f 3354 3355 3356
f 3356 3355 3357
f 3356 3357 3358
f 3358 3357 3359
f 3358 3359 3360
f 3360 3359 3361
f 3360 3361 3362
f 3362 3361 3363
f 3362 3363 3364
f 3364 3363 3365
f 3364 3365 3366
f 3366 3365 3367
f 3366 3367 3368
f 3368 3367 3369
f 3368 3369 3370
f 3370 3369 3371
f 3370 3371 3372
f 3372 3371 3373
f 3372 3373 3374
f 3374 3373 3375
f 3374 3375 3376
f 3376 3375 3377
f 3376 3377 3378
f 3378 3377 3379
f 3378 3379 3380
f 3380 3379 3381
f 3380 3381 3382
f 3382 3381 3383
f 3382 3383 3384
f 3384 3383 3385
f 3384 3385 3386
f 3386 3385 3387
f 3386 3387 3388
f 3388 3387 3389
f 3388 3389 3390
f 3390 3389 3391
f 3390 3391 3392
f 3392 3391 3393
f 3392 3393 3394
f 3394 3393 3395
f 3394 3395 3396
f 3396 3395 3397
f 3396 3397 3398
f 3398 3397 3399
f 3398 3399 3400
f 3400 3399 3401
f 3400 3401 3402
f 3402 3401 3403
f 3402 3403 3404
f 3404 3403 3405
f 3404 3405 3406
f 3406 3405 3407
f 3406 3407 3408
f 3408 3407 3409
f 3408 3409 3410
f 3410 3409 3411
f 3410 3411 3412
f 3412 3411 3413
f 3412 3413 3414
f 3414 3413 3415
f 3414 3415 3416
f 3416 3415 3417
f 3416 3417 3418
f 3418 3417 3419
f 3418 3419 3420
f 3420 3419 3421
f 3420 3421 3422
f 3422 3421 3423
f 3422 3423 3424
f 3424 3423 3425
f 3424 3425 3426
f 3426 3425 3427
f 3426 3427 3428
f 3428 3427 3429
f 3428 3429 3430
f 3430 3429 3431
f 3430 3431 3432
f 3432 3431 3433
f 3432 3433 3434
f 3434 3433 3435
f 3434 3435 3436
f 3436 3435 3437
f 3436 3437 3438
f 3438 3437 3439
f 3438 3439 3440
f 3440 3439 3441
f 3440 3441 3442
f 3442 3441 3443
f 3442 3443 3444
f 3444 3443 3445
f 3444 3445 3446
f 3446 3445 3447
f 3446 3447 3448
f 3448 3447 3449
f 3448 3449 3450
f 3450 3449 3451
f 3450 3451 3452
f 3452 3451 3453
f 3452 3453 3454
f 3454 3453 3455
f 3454 3455 3456
f 3456 3455 3457
f 3456 3457 3458
f 3458 3457 3459
f 3458 3459 3460
f 3460 3459 3461
f 3460 3461 3462
f 3462 3461 3463
f 3462 3463 3464
f 3464 3463 3465
f 3464 3465 3466
f 3466 3465 3467
f 3466 3467 3468
f 3468 3467 3469
f 3468 3469 3470
f 3470 3469 3471
f 3470 3471 3472
f 3472 3471 3473
f 3472 3473 3474
f 3474 3473 3475
f 3474 3475 3476
f 3476 3475 3477
f 3476 3477 3478
f 3478 3477 3479
f 3478 3479 3480
f 3480 3479 3481
f 3480 3481 3482
f 3482 3481 3483
f 3482 3483 3484
f 3484 3483 3485
f 3484 3485 3486
f 3486 3485 3487
f 3486 3487 3488
f 3488 3487 3489
f 3488 3489 3490
f 3490 3489 3491
f 3490 3491 3492
f 3492 3491 3493
f 3492 3493 3494
f 3494 3493 3495
f 3494 3495 3496
f 3496 3495 3497
f 3496 3497 3498
f 3498 3497 3499
f 3498 3499 3500
f 3500 3499 3501
f 3500 3501 3502
f 3502 3501 3503
f 3502 3503 3504
f 3504 3503 3505
f 3504 3505 3506
f 3506 3505 3507
f 3506 3507 3508
f 3508 3507 3509
f 3508 3509 3510
f 3510 3509 3511
f 3510 3511 3512
f 3512 3511 3513
f 3512 3513 3514
f 3514 3513 3515
f 3514 3515 3516
f 3516 3515 3517
f 3516 3517 3518
f 3518 3517 3519
f 3518 3519 3520
f 3520 3519 3521
f 3520 3521 3522
f 3522 3521 3523
f 3522 3523 3524
f 3524 3523 3525
f 3524 3525 3526
f 3526 3525 3527
f 3526 3527 3528
f 3528 3527 3529
f 3528 3529 3530
f 3530 3529 3531
f 3530 3531 3532
f 3532 3531 3533
f 3532 3533 3534
f 3534 3533 3535
f 3534 3535 3536
f 3536 3535 3537
f 3536 3537 3538
f 3538 3537 3539
f 3538 3539 3540
f 3540 3539 3541
f 3540 3541 3542
f 3542 3541 3543
f 3542 3543 3544
f 3544 3543 3545
f 3544 3545 3546
f 3546 3545 3547
f 3546 3547 3548
f 3548 3547 3549
f 3548 3549 3550
f 3550 3549 3551
f 3550 3551 3552
f 3552 3551 3553
f 3552 3553 3554
f 3554 3553 3555
f 3554 3555 3556
f 3556 3555 3557
f 3556 3557 3558
f 3558 3557 3559
f 3558 3559 3560
f 3560 3559 3561
f 3560 3561 3562
f 3562 3561 3563
f 3562 3563 3564
f 3564 3563 3565
f 3564 3565 3566
f 3566 3565 3567
f 3566 3567 3568
f 3568 3567 3569
f 3568 3569 3570
f 3570 3569 3571
f 3570 3571 3572
f 3572 3571 3573
f 3572 3573 3574
f 3574 3573 3575
f 3574 3575 3576
f 3576 3575 3577
f 3576 3577 3578
f 3578 3577 3579
f 3578 3579 3580
f 3580 3579 3581
f 3580 3581 3582
f 3582 3581 3583
f 3582 3583 3584
f 3584 3583 3585
f 3584 3585 3586
f 3586 3585 3587
f 3586 3587 3588
f 3588 3587 3589
f 3588 3589 3590
f 3590 3589 3591
f 3590 3591 3592
f 3592 3591 3593
f 3592 3593 3594
f 3594 3593 3595
f 3594 3595 3596
f 3596 3595 3597
f 3596 3597 3598
f 3598 3597 3599
f 3598 3599 3600
f 3600 3599 3601
f 3600 3601 3602
f 3602 3601 3603
f 3602 3603 3604
f 3604 3603 3605
f 3604 3605 3606
f 3606 3605 3607
f 3606 3607 3608
f 3608 3607 3609
f 3608 3609 3610
f 3610 3609 3611
f 3610 3611 3612
f 3612 3611 3613
f 3612 3613 3614
f 3614 3613 3615
f 3614 3615 3616
f 3616 3615 3617
f 3616 3617 3618
f 3618 3617 3619
f 3618 3619 3620
f 3620 3619 3621
f 3620 3621 3622
f 3622 3621 3623
f 3622 3623 3624
f 3624 3623 3625
f 3624 3625 3626
f 3626 3625 3627
f 3626 3627 3628
f 3628 3627 3629
f 3628 3629 3630
f 3630 3629 3631
f 3630 3631 3632
f 3632 3631 3633
f 3632 3633 3634
f 3634 3633 3635
f 3634 3635 3636
f 3636 3635 3637
f 3636 3637 3638
f 3638 3637 3639
f 3638 3639 3640
f 3640 3639 3641
f 3640 3641 3642
f 3642 3641 3643
f 3642 3643 3644
f 3644 3643 3645
f 3644 3645 3646
f 3646 3645 3647
f 3646 3647 3648
f 3648 3647 3649
f 3648 3649 3650
f 3650 3649 3651
f 3650 3651 3652
f 3652 3651 3653
f 3652 3653 3654
f 3654 3653 3655
f 3654 3655 3656
f 3656 3655 3657
f 3656 3657 3658
f 3658 3657 3659
f 3658 3659 3660
f 3660 3659 3661
f 3660 3661 3662
f 3662 3661 3663
f 3662 3663 3664
f 3664 3663 3665
f 3664 3665 3666
f 3666 3665 3667
f 3666 3667 3668
f 3668 3667 3669
f 3668 3669 3670
f 3670 3669 3671
f 3670 3671 3672
f 3672 3671 3673
f 3672 3673 3674
f 3674 3673 3675
f 3674 3675 3676
f 3676 3675 3677
f 3676 3677 3678
f 3678 3677 3679
f 3678 3679 3680
f 3680 3679 3681
f 3680 3681 3682
f 3682 3681 3683
f 3682 3683 3684
f 3684 3683 3685
f 3684 3685 3686
f 3686 3685 3687
f 3686 3687 3688
f 3688 3687 3689
f 3688 3689 3690
f 3690 3689 3691
f 3690 3691 3692
f 3692 3691 3693
f 3692 3693 3694
f 3694 3693 3695
f 3694 3695 3696
f 3696 3695 3697
f 3696 3697 3698
f 3698 3697 3699
f 3698 3699 3700
f 3700 3699 3701
f 3700 3701 3702
f 3702 3701 3703
f 3702 3703 3704
f 3704 3703 3705
f 3704 3705 3706
f 3706 3705 3707
f 3706 3707 3708
f 3708 3707 3709
f 3708 3709 3710
f 3710 3709 3711
f 3710 3711 3712
f 3712 3711 3713
f 3712 3713 3714
f 3714 3713 3715
f 3714 3715 3716
f 3716 3715 3717
f 3716 3717 3718
f 3718 3717 3719
f 3718 3719 3720
f 3720 3719 3721
f 3720 3721 3722
f 3722 3721 3723
f 3722 3723 3724
f 3724 3723 3725
f 3724 3725 3726
f 3726 3725 3727
f 3726 3727 3728
f 3728 3727 3729
f 3728 3729 3730
f 3730 3729 3731
f 3730 3731 3732
f 3732 3731 3733
f 3732 3733 3734
f 3734 3733 3735
f 3734 3735 3736
f 3736 3735 3737
f 3736 3737 3738
f 3738 3737 3739
f 3738 3739 3740
f 3740 3739 3741
f 3740 3741 3742
f 3742 3741 3743
f 3742 3743 3744
f 3744 3743 3745
f 3744 3745 3746
f 3746 3745 3747
f 3746 3747 3748
f 3748 3747 3749
f 3748 3749 3750
f 3750 3749 3751
f 3750 3751 3752
f 3752 3751 3753
f 3752 3753 3754
f 3754 3753 3755
f 3754 3755 3756
f 3756 3755 3757
f 3756 3757 3758
f 3758 3757 3759
f 3758 3759 3760
f 3760 3759 3761
f 3760 3761 3762
f 3762 3761 3763
f 3762 3763 3764
f 3764 3763 3765
f 3764 3765 3766
f 3766 3765 3767
f 3766 3767 3768
f 3768 3767 3769
f 3768 3769 3770
f 3770 3769 3771
f 3770 3771 3772
f 3772 3771 3773
f 3772 3773 3774
f 3774 3773 3775
f 3774 3775 3776
f 3776 3775 3777
f 3776 3777 3778
f 3778 3777 3779
f 3778 3779 3780
f 3780 3779 3781
f 3780 3781 3782
f 3782 3781 3783
f 3782 3783 3784
f 3784 3783 3785
f 3784 3785 3786
f 3786 3785 3787
f 3786 3787 3788
f 3788 3787 3789
f 3788 3789 3790
f 3790 3789 3791
f 3790 3791 3792
f 3792 3791 3793
f 3792 3793 3794
f 3794 3793 3795
f 3794 3795 3796
f 3796 3795 3797
f 3796 3797 3798
f 3798 3797 3799
f 3798 3799 3800
f 3800 3799 3801
f 3800 3801 3802
f 3802 3801 3803
f 3802 3803 3804
f 3804 3803 3805
f 3804 3805 3806
f 3806 3805 3807
f 3806 3807 3808
f 3808 3807 3809
f 3808 3809 3810
f 3810 3809 3811
f 3810 3811 3812
f 3812 3811 3813
f 3812 3813 3814
f 3814 3813 3815
f 3814 3815 3816
f 3816 3815 3817
f 3816 3817 3818
f 3818 3817 3819
f 3818 3819 3820
f 3820 3819 3821
f 3820 3821 3822
f 3822 3821 3823
f 3822 3823 3824
f 3824 3823 3825
f 3824 3825 3826
f 3826 3825 3827
f 3826 3827 3828
f 3828 3827 3829
f 3828 3829 3830
f 3830 3829 3831
f 3830 3831 3832
f 3832 3831 3833
f 3832 3833 3834
f 3834 3833 3835
f 3834 3835 3836
f 3836 3835 3837
f 3836 3837 3838
f 3838 3837 3839
f 3838 3839 3840
f 3840 3839 3841
f 3840 3841 3842
f 3842 3841 3843
f 3842 3843 3844
f 3844 3843 3845
f 3844 3845 3846
f 3846 3845 3847
f 3846 3847 3848
f 3848 3847 3849
f 3848 3849 3850
f 3850 3849 3851
f 3850 3851 3852
f 3852 3851 3853
f 3852 3853 3854
f 3854 3853 3855
f 3854 3855 3856
f 3856 3855 3857
f 3856 3857 3858
f 3858 3857 3859
f 3858 3859 3860
f 3860 3859 3861
f 3860 3861 3862
f 3862 3861 3863
f 3862 3863 3864
f 3864 3863 3865
f 3864 3865 3866
f 3866 3865 3867
f 3866 3867 3868
f 3868 3867 3869
f 3868 3869 3870
f 3870 3869 3871
f 3870 3871 3872
f 3872 3871 3873
f 3872 3873 3874
f 3874 3873 3875
f 3874 3875 3876
f 3876 3875 3877
f 3876 3877 3878
f 3878 3877 3879
f 3878 3879 3880
f 3880 3879 3881
f 3880 3881 3882
f 3882 3881 3883
f 3882 3883 3884
f 3884 3883 3885
f 3884 3885 3886
f 3886 3885 3887
f 3886 3887 3888
f 3888 3887 3889
f 3888 3889 3890
f 3890 3889 3891
f 3890 3891 3892
f 3892 3891 3893
f 3892 3893 3894
f 3894 3893 3895
f 3894 3895 3896
f 3896 3895 3897
f 3896 3897 3898
f 3898 3897 3899
f 3898 3899 3900
f 3900 3899 3901
f 3900 3901 3902
f 3902 3901 3903
f 3902 3903 3904
f 3904 3903 3905
f 3904 3905 3906
f 3906 3905 3907
f 3906 3907 3908
f 3908 3907 3909
f 3908 3909 3910
f 3910 3909 3911
f 3910 3911 3912
f 3912 3911 3913
f 3912 3913 3914
f 3914 3913 3915
f 3914 3915 3916
f 3916 3915 3917
f 3916 3917 3918
f 3918 3917 3919
f 3918 3919 3920
f 3920 3919 3921
f 3920 3921 3922
f 3922 3921 3923
f 3922 3923 3924
f 3924 3923 3925
f 3924 3925 3926
f 3926 3925 3927
f 3926 3927 3928
f 3928 3927 3929
f 3928 3929 3930
f 3930 3929 3931
f 3930 3931 3932
f 3932 3931 3933
f 3932 3933 3934
f 3934 3933 3935
f 3934 3935 3936
f 3936 3935 3937
f 3936 3937 3938
f 3938 3937 3939
f 3938 3939 3940
f 3940 3939 3941
f 3940 3941 3942
f 3942 3941 3943
f 3942 3943 3944
f 3944 3943 3945
f 3944 3945 3946
f 3946 3945 3947
f 3946 3947 3948
f 3948 3947 3949
f 3948 3949 3950
f 3950 3949 3951
f 3950 3951 3952
f 3952 3951 3953
f 3952 3953 3954
f 3954 3953 3955
f 3954 3955 3956
f 3956 3955 3957
f 3956 3957 3958
f 3958 3957 3959
f 3958 3959 3960
f 3960 3959 3961
f 3960 3961 3962
f 3962 3961 3963
f 3962 3963 3964
f 3964 3963 3965
f 3964 3965 3966
f 3966 3965 3967
f 3966 3967 3968
f 3968 3967 3969
f 3968 3969 3970
f 3970 3969 3971
f 3970 3971 3972
f 3972 3971 3973
f 3972 3973 3974
f 3974 3973 3975
f 3974 3975 3976
f 3976 3975 3977
f 3976 3977 3978
f 3978 3977 3979
f 3978 3979 3980
f 3980 3979 3981
f 3980 3981 3982
f 3982 3981 3983
f 3982 3983 3984
f 3984 3983 3985
f 3984 3985 3986
f 3986 3985 3987
f 3986 3987 3988
f 3988 3987 3989
f 3988 3989 3990
f 3990 3989 3991
f 3990 3991 3992
f 3992 3991 3993
f 3992 3993 3994
f 3994 3993 3995
f 3994 3995 3996
f 3996 3995 3997
f 3996 3997 3998
f 3998 3997 3999
f 3998 3999 4000
f 4000 3999 4001
f 4000 4001 4002
f 4002 4001 4003
f 4002 4003 4004
f 4004 4003 4005
f 4004 4005 4006
f 4006 4005 4007
f 4006 4007 4008
f 4008 4007 4009
f 4008 4009 4010
f 4010 4009 4011
f 4010 4011 4012
f 4012 4011 4013
f 4012 4013 4014
f 4014 4013 4015
f 4014 4015 4016
f 4016 4015 4017
f 4016 4017 4018
f 4018 4017 4019
f 4018 4019 4020
f 4020 4019 4021
f 4020 4021 4022
f 4022 4021 4023
f 4022 4023 4024
f 4024 4023 4025
f 4024 4025 4026
f 4026 4025 4027
f 4026 4027 4028
f 4028 4027 4029
f 4028 4029 4030
f 4030 4029 4031
f 4030 4031 4032
f 4032 4031 4033
f 4032 4033 4034
f 4034 4033 4035
f 4034 4035 4036
f 4036 4035 4037
f 4036 4037 4038
f 4038 4037 4039
f 4038 4039 4040
f 4040 4039 4041
f 4040 4041 4042
f 4042 4041 4043
f 4042 4043 4044
f 4044 4043 4045
f 4044 4045 4046
f 4046 4045 4047
f 4046 4047 4048
f 4048 4047 4049
f 4048 4049 4050
f 4050 4049 4051
f 4050 4051 4052
f 4052 4051 4053
f 4052 4053 4054
f 4054 4053 4055
f 4054 4055 4056
f 4056 4055 4057
f 4056 4057 4058
f 4058 4057 4059
f 4058 4059 4060
f 4060 4059 4061
f 4060 4061 4062
f 4062 4061 4063
f 4062 4063 4064
f 4064 4063 4065
f 4064 4065 4066
f 4066 4065 4067
f 4066 4067 4068
f 4068 4067 4069
f 4068 4069 4070
f 4070 4069 4071
f 4070 4071 4072
f 4072 4071 4073
f 4072 4073 4074
f 4074 4073 4075
f 4074 4075 4076
f 4076 4075 4077
f 4076 4077 4078
f 4078 4077 4079
f 4078 4079 4080
f 4080 4079 4081
f 4080 4081 4082
f 4082 4081 4083
f 4082 4083 4084
f 4084 4083 4085
f 4084 4085 4086
f 4086 4085 4087
f 4086 4087 4088
f 4088 4087 4089
f 4088 4089 4090
f 4090 4089 4091
f 4090 4091 4092
f 4092 4091 4093
f 4092 4093 4094
f 4094 4093 4095
f 4094 4095 4096
f 4096 4095 4097
f 4096 4097 4098
f 4098 4097 4099
f 4098 4099 4100
f 4100 4099 4101
f 4100 4101 4102
f 4102 4101 4103
f 4102 4103 4104
f 4104 4103 4105
f 4104 4105 4106
f 4106 4105 4107
f 4106 4107 4108
f 4108 4107 4109
f 4108 4109 4110
f 4110 4109 4111
f 4110 4111 4112
f 4112 4111 4113
f 4112 4113 4114
f 4114 4113 4115
f 4114 4115 4116
f 4116 4115 4117
f 4116 4117 4118
f 4118 4117 4119
f 4118 4119 4120
f 4120 4119 4121
f 4120 4121 4122
f 4122 4121 4123
f 4122 4123 4124
f 4124 4123 4125
f 4124 4125 4126
f 4126 4125 4127
f 4126 4127 4128
f 4128 4127 4129
f 4128 4129 4130
f 4130 4129 4131
f 4130 4131 4132
f 4132 4131 4133
f 4132 4133 4134
f 4134 4133 4135
f 4134 4135 4136
f 4136 4135 4137
f 4136 4137 4138
f 4138 4137 4139
f 4138 4139 4140
f 4140 4139 4141
f 4140 4141 4142
f 4142 4141 4143
f 4142 4143 4144
f 4144 4143 4145
f 4144 4145 4146
f 4146 4145 4147
f 4146 4147 4148
f 4148 4147 4149
f 4148 4149 4150
f 4150 4149 4151
f 4150 4151 4152
f 4152 4151 4153
f 4152 4153 4154
f 4154 4153 4155
f 4154 4155 4156
f 4156 4155 4157
f 4156 4157 4158
f 4158 4157 4159
f 4158 4159 4160
f 4160 4159 4161
f 4160 4161 4162
f 4162 4161 4163
f 4162 4163 4164
f 4164 4163 4165
f 4164 4165 4166
f 4166 4165 4167
f 4166 4167 4168
f 4168 4167 4169
f 4168 4169 4170
f 4170 4169 4171
f 4170 4171 4172
f 4172 4171 4173
f 4172 4173 4174
f 4174 4173 4175
f 4174 4175 4176
f 4176 4175 4177
f 4176 4177 4178
f 4178 4177 4179
f 4178 4179 4180
f 4180 4179 4181
f 4180 4181 4182
f 4182 4181 4183
f 4182 4183 4184
f 4184 4183 4185
f 4184 4185 4186
f 4186 4185 4187
f 4186 4187 4188
f 4188 4187 4189
f 4188 4189 4190
f 4190 4189 4191
f 4190 4191 4192
f 4192 4191 4193
f 4192 4193 4194
f 4194 4193 4195
f 4194 4195 4196
f 4196 4195 4197
f 4196 4197 4198
f 4198 4197 4199
f 4198 4199 4200
f 4200 4199 4201
f 4200 4201 4202
f 4202 4201 4203
f 4202 4203 4204
f 4204 4203 4205
f 4204 4205 4206
f 4206 4205 4207
f 4206 4207 4208
f 4208 4207 4209
f 4208 4209 4210
f 4210 4209 4211
f 4210 4211 4212
f 4212 4211 4213
f 4212 4213 4214
f 4214 4213 4215
f 4214 4215 4216
f 4216 4215 4217
f 4216 4217 4218
f 4218 4217 4219
f 4218 4219 4220
f 4220 4219 4221
f 4220 4221 4222
f 4222 4221 4223
f 4222 4223 4224
f 4224 4223 4225
f 4224 4225 4226
f 4226 4225 4227
f 4226 4227 4228
f 4228 4227 4229
f 4228 4229 4230
f 4230 4229 4231
f 4230 4231 4232
f 4232 4231 4233
f 4232 4233 4234
f 4234 4233 4235
f 4234 4235 4236
f 4236 4235 4237
f 4236 4237 4238
f 4238 4237 4239
f 4238 4239 4240
f 4240 4239 4241
f 4240 4241 4242
f 4242 4241 4243
f 4242 4243 4244
f 4244 4243 4245
f 4244 4245 4246
f 4246 4245 4247
f 4246 4247 4248
f 4248 4247 4249
f 4248 4249 4250
f 4250 4249 4251
f 4250 4251 4252
f 4252 4251 4253
f 4252 4253 4254
f 4254 4253 4255
f 4254 4255 4256
f 4256 4255 4257
f 4256 4257 4258
f 4258 4257 4259
f 4258 4259 4260
f 4260 4259 4261
f 4260 4261 4262
f 4262 4261 4263
f 4262 4263 4264
f 4264 4263 4265
f 4264 4265 4266
f 4266 4265 4267
f 4266 4267 4268
f 4268 4267 4269
f 4268 4269 4270
f 4270 4269 4271
f 4270 4271 4272
f 4272 4271 4273
f 4272 4273 4274
f 4274 4273 4275
f 4274 4275 4276
f 4276 4275 4277
f 4276 4277 4278
f 4278 4277 4279
f 4278 4279 4280
f 4280 4279 4281
f 4280 4281 4282
f 4282 4281 4283
f 4282 4283 4284
f 4284 4283 4285
f 4284 4285 4286
f 4286 4285 4287
f 4286 4287 4288
f 4288 4287 4289
f 4288 4289 4290
f 4290 4289 4291
f 4290 4291 4292
f 4292 4291 4293
f 4292 4293 4294
f 4294 4293 4295
f 4294 4295 4296
f 4296 4295 4297
f 4296 4297 4298
f 4298 4297 4299
f 4298 4299 4300
f 4300 4299 4301
f 4300 4301 4302
f 4302 4301 4303
f 4302 4303 4304
f 4304 4303 4305
f 4304 4305 4306
f 4306 4305 4307
f 4306 4307 4308
f 4308 4307 4309
f 4308 4309 4310
f 4310 4309 4311
f 4310 4311 4312
f 4312 4311 4313
f 4312 4313 4314
f 4314 4313 4315
f 4314 4315 4316
f 4316 4315 4317
f 4316 4317 4318
f 4318 4317 4319
f 4318 4319 4320
f 4320 4319 4321
f 4320 4321 4322
f 4322 4321 4323
f 4322 4323 4324
f 4324 4323 4325
f 4324 4325 4326
f 4326 4325 4327
f 4326 4327 4328
f 4328 4327 4329
f 4328 4329 4330
f 4330 4329 4331
f 4330 4331 4332
f 4332 4331 4333
f 4332 4333 4334
f 4334 4333 4335
f 4334 4335 4336
f 4336 4335 4337
f 4336 4337 4338
f 4338 4337 4339
f 4338 4339 4340
f 4340 4339 4341
f 4340 4341 4342
f 4342 4341 4343
f 4342 4343 4344
f 4344 4343 4345
f 4344 4345 4346
f 4346 4345 4347
f 4346 4347 4348
f 4348 4347 4349
f 4348 4349 4350
f 4350 4349 4351
f 4350 4351 4352
f 4352 4351 4353
f 4352 4353 4354
f 4354 4353 4355
f 4354 4355 4356
f 4356 4355 4357
f 4356 4357 4358
f 4358 4357 4359
f 4358 4359 4360
f 4360 4359 4361
f 4360 4361 4362
f 4362 4361 4363
f 4362 4363 4364
f 4364 4363 4365
f 4364 4365 4366
f 4366 4365 4367
f 4366 4367 4368
f 4368 4367 4369
f 4368 4369 4370
f 4370 4369 4371
f 4370 4371 4372
f 4372 4371 4373
f 4372 4373 4374
f 4374 4373 4375
f 4374 4375 4376
f 4376 4375 4377
f 4376 4377 4378
f 4378 4377 4379
f 4378 4379 4380
f 4380 4379 4381
f 4380 4381 4382
f 4382 4381 4383
f 4382 4383 4384
f 4384 4383 4385
f 4384 4385 4386
f 4386 4385 4387
f 4386 4387 4388
f 4388 4387 4389
f 4388 4389 4390
f 4390 4389 4391
f 4390 4391 4392
f 4392 4391 4393
f 4392 4393 4394
f 4394 4393 4395
f 4394 4395 4396
f 4396 4395 4397
f 4396 4397 4398
f 4398 4397 4399
f 4398 4399 4400
f 4400 4399 4401
f 4400 4401 4402
f 4402 4401 4403
f 4402 4403 4404
f 4404 4403 4405
f 4404 4405 4406
f 4406 4405 4407
f 4406 4407 4408
f 4408 4407 4409
f 4408 4409 4410
f 4410 4409 4411
f 4410 4411 4412
f 4412 4411 4413
f 4412 4413 4414
f 4414 4413 4415
f 4414 4415 4416
f 4416 4415 4417
f 4416 4417 4418
f 4418 4417 4419
f 4418 4419 4420
f 4420 4419 4421
f 4420 4421 4422
f 4422 4421 4423
f 4422 4423 4424
f 4424 4423 4425
f 4424 4425 4426
f 4426 4425 4427
f 4426 4427 4428
f 4428 4427 4429
f 4428 4429 4430
f 4430 4429 4431
f 4430 4431 4432
f 4432 4431 4433
f 4432 4433 4434
f 4434 4433 4435
f 4434 4435 4436
f 4436 4435 4437
f 4436 4437 4438
f 4438 4437 4439
f 4438 4439 4440
f 4440 4439 4441
f 4440 4441 4442
f 4442 4441 4443
f 4442 4443 4444
f 4444 4443 4445
f 4444 4445 4446
f 4446 4445 4447
f 4446 4447 4448
f 4448 4447 4449
f 4448 4449 4450
f 4450 4449 4451
f 4450 4451 4452
f 4452 4451 4453
f 4452 4453 4454
f 4454 4453 4455
f 4454 4455 4456
f 4456 4455 4457
f 4456 4457 4458
f 4458 4457 4459
f 4458 4459 4460
f 4460 4459 4461
f 4460 4461 4462
f 4462 4461 4463
f 4462 4463 4464
f 4464 4463 4465
f 4464 4465 4466
f 4466 4465 4467
f 4466 4467 4468
f 4468 4467 4469
f 4468 4469 4470
f 4470 4469 4471
f 4470 4471 4472
f 4472 4471 4473
f 4472 4473 4474
f 4474 4473 4475
f 4474 4475 4476
f 4476 4475 4477
f 4476 4477 4478
f 4478 4477 4479
f 4478 4479 4480
f 4480 4479 4481
f 4480 4481 4482
f 4482 4481 4483
f 4482 4483 4484
f 4484 4483 4485
f 4484 4485 4486
f 4486 4485 4487
f 4486 4487 4488
f 4488 4487 4489
f 4488 4489 4490
f 4490 4489 4491
f 4490 4491 4492
f 4492 4491 4493
f 4492 4493 4494
f 4494 4493 4495
f 4494 4495 4496
f 4496 4495 4497
f 4496 4497 4498
f 4498 4497 4499
f 4498 4499 4500
f 4500 4499 4501
f 4500 4501 4502
f 4502 4501 4503
f 4502 4503 4504
f 4504 4503 4505
f 4504 4505 4506
f 4506 4505 4507
f 4506 4507 4508
f 4508 4507 4509
f 4508 4509 4510
f 4510 4509 4511
f 4510 4511 4512
f 4512 4511 4513
f 4512 4513 4514
f 4514 4513 4515
f 4514 4515 4516
f 4516 4515 4517
f 4516 4517 4518
f 4518 4517 4519
f 4518 4519 4520
f 4520 4519 4521
f 4520 4521 4522
f 4522 4521 4523
f 4522 4523 4524
f 4524 4523 4525
f 4524 4525 4526
f 4526 4525 4527
f 4526 4527 4528
f 4528 4527 4529
f 4528 4529 4530
f 4530 4529 4531
f 4530 4531 4532
f 4532 4531 4533
f 4532 4533 4534
f 4534 4533 4535
f 4534 4535 4536
f 4536 4535 4537
f 4536 4537 4538
f 4538 4537 4539
f 4538 4539 4540
f 4540 4539 4541
f 4540 4541 4542
f 4542 4541 4543
f 4542 4543 4544
f 4544 4543 4545
f 4544 4545 4546
f 4546 4545 4547
f 4546 4547 4548
f 4548 4547 4549
f 4548 4549 4550
f 4550 4549 4551
f 4550 4551 4552
f 4552 4551 4553
f 4552 4553 4554
f 4554 4553 4555
f 4554 4555 4556
f 4556 4555 4557
f 4556 4557 4558
f 4558 4557 4559
f 4558 4559 4560
f 4560 4559 4561
f 4560 4561 4562
f 4562 4561 4563
f 4562 4563 4564
f 4564 4563 4565
f 4564 4565 4566
f 4566 4565 4567
f 4566 4567 4568
f 4568 4567 4569
f 4568 4569 4570
f 4570 4569 4571
f 4570 4571 4572
f 4572 4571 4573
f 4572 4573 4574
f 4574 4573 4575
f 4574 4575 4576
f 4576 4575 4577
f 4576 4577 4578
f 4578 4577 4579
f 4578 4579 4580
f 4580 4579 4581
f 4580 4581 4582
f 4582 4581 4583
f 4582 4583 4584
f 4584 4583 4585
f 4584 4585 4586
f 4586 4585 4587
f 4586 4587 4588
f 4588 4587 4589
f 4588 4589 4590
f 4590 4589 4591
f 4590 4591 4592
f 4592 4591 4593
f 4592 4593 4594
f 4594 4593 4595
f 4594 4595 4596
f 4596 4595 4597
f 4596 4597 4598
f 4598 4597 4599
f 4598 4599 4600
f 4600 4599 4601
f 4600 4601 4602
f 4602 4601 4603
f 4602 4603 4604
f 4604 4603 4605
f 4604 4605 4606
f 4606 4605 4607
f 4606 4607 4608
f 4608 4607 4609
f 4608 4609 4610
f 4610 4609 4611
f 4610 4611 4612
f 4612 4611 4613
f 4612 4613 4614
f 4614 4613 4615
f 4614 4615 4616
f 4616 4615 4617
f 4616 4617 4618
f 4618 4617 4619
f 4618 4619 4620
f 4620 4619 4621
f 4620 4621 4622
f 4622 4621 4623
f 4622 4623 4624
f 4624 4623 4625
f 4624 4625 4626
f 4626 4625 4627
f 4626 4627 4628
f 4628 4627 4629
f 4628 4629 4630
f 4630 4629 4631
f 4630 4631 4632
f 4632 4631 4633
f 4632 4633 4634
f 4634 4633 4635
f 4634 4635 4636
f 4636 4635 4637
f 4636 4637 4638
f 4638 4637 4639
f 4638 4639 4640
f 4640 4639 4641
f 4640 4641 4642
f 4642 4641 4643
f 4642 4643 4644
f 4644 4643 4645
f 4644 4645 4646
f 4646 4645 4647
f 4646 4647 4648
f 4648 4647 4649
f 4648 4649 4650
f 4650 4649 4651
f 4650 4651 4652
f 4652 4651 4653
f 4652 4653 4654
f 4654 4653 4655
f 4654 4655 4656
f 4656 4655 4657
f 4656 4657 4658
f 4658 4657 4659
f 4658 4659 4660
f 4660 4659 4661
f 4660 4661 4662
f 4662 4661 4663
f 4662 4663 4664
f 4664 4663 4665
f 4664 4665 4666
f 4666 4665 4667
f 4666 4667 4668
f 4668 4667 4669
f 4668 4669 4670
f 4670 4669 4671
f 4670 4671 4672
f 4672 4671 4673
f 4672 4673 4674
f 4674 4673 4675
f 4674 4675 4676
f 4676 4675 4677
f 4676 4677 4678
f 4678 4677 4679
f 4678 4679 4680
f 4680 4679 4681
f 4680 4681 4682
f 4682 4681 4683
f 4682 4683 4684
f 4684 4683 4685
f 4684 4685 4686
f 4686 4685 4687
f 4686 4687 4688
f 4688 4687 4689
f 4688 4689 4690
f 4690 4689 4691
f 4690 4691 4692
f 4692 4691 4693
f 4692 4693 4694
f 4694 4693 4695
f 4694 4695 4696
f 4696 4695 4697
f 4696 4697 4698
f 4698 4697 4699
f 4698 4699 4700
f 4700 4699 4701
f 4700 4701 4702
f 4702 4701 4703
f 4702 4703 4704
f 4704 4703 4705
f 4704 4705 4706
f 4706 4705 4707
f 4706 4707 4708
f 4708 4707 4709
f 4708 4709 4710
f 4710 4709 4711
f 4710 4711 4712
f 4712 4711 4713
f 4712 4713 4714
f 4714 4713 4715
f 4714 4715 4716
f 4716 4715 4717
f 4716 4717 4718
f 4718 4717 4719
f 4718 4719 4720
f 4720 4719 4721
f 4720 4721 4722
f 4722 4721 4723
f 4722 4723 4724
f 4724 4723 4725
f 4724 4725 4726
f 4726 4725 4727
f 4726 4727 4728
f 4728 4727 4729
f 4728 4729 4730
f 4730 4729 4731
f 4730 4731 4732
f 4732 4731 4733
f 4732 4733 4734
f 4734 4733 4735
f 4734 4735 4736
f 4736 4735 4737
f 4736 4737 4738
f 4738 4737 4739
f 4738 4739 4740
f 4740 4739 4741
f 4740 4741 4742
f 4742 4741 4743
f 4742 4743 4744
f 4744 4743 4745
f 4744 4745 4746
f 4746 4745 4747
f 4746 4747 4748
f 4748 4747 4749
f 4748 4749 4750
f 4750 4749 4751
f 4750 4751 4752
f 4752 4751 4753
f 4752 4753 4754
f 4754 4753 4755
f 4754 4755 4756
f 4756 4755 4757
f 4756 4757 4758
f 4758 4757 4759
f 4758 4759 4760
f 4760 4759 4761
f 4760 4761 4762
f 4762 4761 4763
f 4762 4763 4764
f 4764 4763 4765
f 4764 4765 4766
f 4766 4765 4767
f 4766 4767 4768
f 4768 4767 4769
f 4768 4769 4770
f 4770 4769 4771
f 4770 4771 4772
f 4772 4771 4773
f 4772 4773 4774
f 4774 4773 4775
f 4774 4775 4776
f 4776 4775 4777
f 4776 4777 4778
f 4778 4777 4779
f 4778 4779 4780
f 4780 4779 4781
f 4780 4781 4782
f 4782 4781 4783
f 4782 4783 4784
f 4784 4783 4785
f 4784 4785 4786
f 4786 4785 4787
f 4786 4787 4788
f 4788 4787 4789
f 4788 4789 4790
f 4790 4789 4791
f 4790 4791 4792
f 4792 4791 4793
f 4792 4793 4794
f 4794 4793 4795
f 4794 4795 4796
f 4796 4795 4797
f 4796 4797 4798
f 4798 4797 4799
f 4798 4799 4800
f 4800 4799 4801
f 4800 4801 4802
f 4802 4801 4803
f 4802 4803 4804
f 4804 4803 4805
f 4804 4805 4806
f 4806 4805 4807
f 4806 4807 4808
f 4808 4807 4809
f 4808 4809 4810
f 4810 4809 4811
f 4810 4811 4812
f 4812 4811 4813
f 4812 4813 4814
f 4814 4813 4815
f 4814 4815 4816
f 4816 4815 4817
f 4816 4817 4818
f 4818 4817 4819
f 4818 4819 4820
f 4820 4819 4821
f 4820 4821 4822
f 4822 4821 4823
f 4822 4823 4824
f 4824 4823 4825
f 4824 4825 4826
f 4826 4825 4827
f 4826 4827 4828
f 4828 4827 4829
f 4828 4829 4830
f 4830 4829 4831
f 4830 4831 4832
f 4832 4831 4833
f 4832 4833 4834
f 4834 4833 4835
f 4834 4835 4836
f 4836 4835 4837
f 4836 4837 4838
f 4838 4837 4839
f 4838 4839 4840
f 4840 4839 4841
f 4840 4841 4842
f 4842 4841 4843
f 4842 4843 4844
f 4844 4843 4845
f 4844 4845 4846
f 4846 4845 4847
f 4846 4847 4848
f 4848 4847 4849
f 4848 4849 4850
f 4850 4849 4851
f 4850 4851 4852
f 4852 4851 4853
f 4852 4853 4854
f 4854 4853 4855
f 4854 4855 4856
f 4856 4855 4857
f 4856 4857 4858
f 4858 4857 4859
f 4858 4859 4860
f 4860 4859 4861
f 4860 4861 4862
f 4862 4861 4863
f 4862 4863 4864
f 4864 4863 4865
f 4864 4865 4866
f 4866 4865 4867
f 4866 4867 4868
f 4868 4867 4869
f 4868 4869 4870
f 4870 4869 4871
f 4870 4871 4872
f 4872 4871 4873
f 4872 4873 4874
f 4874 4873 4875
f 4874 4875 4876
f 4876 4875 4877
f 4876 4877 4878
f 4878 4877 4879
f 4878 4879 4880
f 4880 4879 4881
f 4880 4881 4882
f 4882 4881 4883
f 4882 4883 4884
f 4884 4883 4885
f 4884 4885 4886
f 4886 4885 4887
f 4886 4887 4888
f 4888 4887 4889
f 4888 4889 4890
f 4890 4889 4891
f 4890 4891 4892
f 4892 4891 4893
f 4892 4893 4894
f 4894 4893 4895
f 4894 4895 4896
f 4896 4895 4897
f 4896 4897 4898
f 4898 4897 4899
f 4898 4899 4900
f 4900 4899 4901
f 4900 4901 4902
f 4902 4901 4903
f 4902 4903 4904
f 4904 4903 4905
f 4904 4905 4906
f 4906 4905 4907
f 4906 4907 4908
f 4908 4907 4909
f 4908 4909 4910
f 4910 4909 4911
f 4910 4911 4912
f 4912 4911 4913
f 4912 4913 4914
f 4914 4913 4915
f 4914 4915 4916
f 4916 4915 4917
f 4916 4917 4918
f 4918 4917 4919
f 4918 4919 4920
f 4920 4919 4921
f 4920 4921 4922
f 4922 4921 4923
f 4922 4923 4924
f 4924 4923 4925
f 4924 4925 4926
f 4926 4925 4927
f 4926 4927 4928
f 4928 4927 4929
f 4928 4929 4930
f 4930 4929 4931
f 4930 4931 4932
f 4932 4931 4933
f 4932 4933 4934
f 4934 4933 4935
f 4934 4935 4936
f 4936 4935 4937
f 4936 4937 4938
f 4938 4937 4939
f 4938 4939 4940
f 4940 4939 4941
f 4940 4941 4942
f 4942 4941 4943
f 4942 4943 4944
f 4944 4943 4945
f 4944 4945 4946
f 4946 4945 4947
f 4946 4947 4948
f 4948 4947 4949
f 4948 4949 4950
f 4950 4949 4951
f 4950 4951 4952
f 4952 4951 4953
f 4952 4953 4954
f 4954 4953 4955
f 4954 4955 4956
f 4956 4955 4957
f 4956 4957 4958
f 4958 4957 4959
f 4958 4959 4960
f 4960 4959 4961
f 4960 4961 4962
f 4962 4961 4963
f 4962 4963 4964
f 4964 4963 4965
f 4964 4965 4966
f 4966 4965 4967
f 4966 4967 4968
f 4968 4967 4969
f 4968 4969 4970
f 4970 4969 4971
f 4970 4971 4972
f 4972 4971 4973
f 4972 4973 4974
f 4974 4973 4975
f 4974 4975 4976
f 4976 4975 4977
f 4976 4977 4978
f 4978 4977 4979
f 4978 4979 4980
f 4980 4979 4981
f 4980 4981 4982
f 4982 4981 4983
f 4982 4983 4984
f 4984 4983 4985
f 4984 4985 4986
f 4986 4985 4987
f 4986 4987 4988
f 4988 4987 4989
f 4988 4989 4990
f 4990 4989 4991
f 4990 4991 4992
f 4992 4991 4993
f 4992 4993 4994
f 4994 4993 4995
f 4994 4995 4996
f 4996 4995 4997
f 4996 4997 4998
f 4998 4997 4999
f 4998 4999 5000
f 5000 4999 5001
f 5000 5001 5002
f 5002 5001 5003
f 5002 5003 5004
f 5004 5003 5005
f 5004 5005 5006
f 5006 5005 5007
f 5006 5007 5008
f 5008 5007 5009
f 5008 5009 5010
f 5010 5009 5011
f 5010 5011 5012
f 5012 5011 5013
f 5012 5013 5014
f 5014 5013 5015
f 5014 5015 5016
f 5016 5015 5017
f 5016 5017 5018
f 5018 5017 5019
f 5018 5019 5020
f 5020 5019 5021
f 5020 5021 5022
f 5022 5021 5023
f 5022 5023 5024
f 5024 5023 5025
f 5024 5025 5026
f 5026 5025 5027
f 5026 5027 5028
f 5028 5027 5029
f 5028 5029 5030
f 5030 5029 5031
f 5030 5031 5032
f 5032 5031 5033
f 5032 5033 5034
f 5034 5033 5035
f 5034 5035 5036
f 5036 5035 5037
f 5036 5037 5038
f 5038 5037 5039
f 5038 5039 5040
f 5040 5039 5041
f 5040 5041 5042
f 5042 5041 5043
f 5042 5043 5044
f 5044 5043 5045
f 5044 5045 5046
f 5046 5045 5047
f 5046 5047 5048
f 5048 5047 5049
f 5048 5049 5050
f 5050 5049 5051
f 5050 5051 5052
f 5052 5051 5053
f 5052 5053 5054
f 5054 5053 5055
f 5054 5055 5056
f 5056 5055 5057
f 5056 5057 5058
f 5058 5057 5059
f 5058 5059 5060
f 5060 5059 5061
f 5060 5061 5062
f 5062 5061 5063
f 5062 5063 5064
f 5064 5063 5065
f 5064 5065 5066
f 5066 5065 5067
f 5066 5067 5068
f 5068 5067 5069
f 5068 5069 5070
f 5070 5069 5071
f 5070 5071 5072
f 5072 5071 5073
f 5072 5073 5074
f 5074 5073 5075
f 5074 5075 5076
f 5076 5075 5077
f 5076 5077 5078
f 5078 5077 5079
f 5078 5079 5080
f 5080 5079 5081
f 5080 5081 5082
f 5082 5081 5083
f 5082 5083 5084
f 5084 5083 5085
f 5084 5085 5086
f 5086 5085 5087
f 5086 5087 5088
f 5088 5087 5089
f 5088 5089 5090
f 5090 5089 5091
f 5090 5091 5092
f 5092 5091 5093
f 5092 5093 5094
f 5094 5093 5095
f 5094 5095 5096
f 5096 5095 5097
f 5096 5097 5098
f 5098 5097 5099
f 5098 5099 5100
f 5100 5099 5101
f 5100 5101 5102
f 5102 5101 5103
f 5102 5103 5104
f 5104 5103 5105
f 5104 5105 5106
f 5106 5105 5107
f 5106 5107 5108
f 5108 5107 5109
f 5108 5109 5110
f 5110 5109 5111
f 5110 5111 5112
f 5112 5111 5113
f 5112 5113 5114
f 5114 5113 5115
f 5114 5115 5116
f 5116 5115 5117
f 5116 5117 5118
f 5118 5117 5119
f 5118 5119 5120
f 5120 5119 5121
f 5120 5121 5122
f 5122 5121 5123
f 5122 5123 5124
f 5124 5123 5125
f 5124 5125 5126
f 5126 5125 5127
f 5126 5127 5128
f 5128 5127 5129
f 5128 5129 5130
f 5130 5129 5131
f 5130 5131 5132
f 5132 5131 5133
f 5132 5133 5134
f 5134 5133 5135
f 5134 5135 5136
f 5136 5135 5137
f 5136 5137 5138
f 5138 5137 5139
f 5138 5139 5140
f 5140 5139 5141
f 5140 5141 5142
f 5142 5141 5143
f 5142 5143 5144
f 5144 5143 5145
f 5144 5145 5146
f 5146 5145 5147
f 5146 5147 5148
f 5148 5147 5149
f 5148 5149 5150
f 5150 5149 5151
f 5150 5151 5152
f 5152 5151 5153
f 5152 5153 5154
f 5154 5153 5155
f 5154 5155 5156
f 5156 5155 5157
f 5156 5157 5158
f 5158 5157 5159
f 5158 5159 5160
f 5160 5159 5161
f 5160 5161 5162
f 5162 5161 5163
f 5162 5163 5164
f 5164 5163 5165
f 5164 5165 5166
f 5166 5165 5167
f 5166 5167 5168
f 5168 5167 5169
f 5168 5169 5170
f 5170 5169 5171
f 5170 5171 5172
f 5172 5171 5173
f 5172 5173 5174
f 5174 5173 5175
f 5174 5175 5176
f 5176 5175 5177
f 5176 5177 5178
f 5178 5177 5179
f 5178 5179 5180
f 5180 5179 5181
f 5180 5181 5182
f 5182 5181 5183
f 5182 5183 5184
f 5184 5183 5185
f 5184 5185 5186
f 5186 5185 5187
f 5186 5187 5188
f 5188 5187 5189
f 5188 5189 5190
f 5190 5189 5191
f 5190 5191 5192
f 5192 5191 5193
f 5192 5193 5194
f 5194 5193 5195
f 5194 5195 5196
f 5196 5195 5197
f 5196 5197 5198
f 5198 5197 5199
f 5198 5199 5200
f 5200 5199 5201
f 5200 5201 5202
f 5202 5201 5203
f 5202 5203 5204
f 5204 5203 5205
f 5204 5205 5206
f 5206 5205 5207
f 5206 5207 5208
f 5208 5207 5209
f 5208 5209 5210
f 5210 5209 5211
f 5210 5211 5212
f 5212 5211 5213
f 5212 5213 5214
f 5214 5213 5215
f 5214 5215 5216
f 5216 5215 5217
f 5216 5217 5218
f 5218 5217 5219
f 5218 5219 5220
f 5220 5219 5221
f 5220 5221 5222
f 5222 5221 5223
f 5222 5223 5224
f 5224 5223 5225
f 5224 5225 5226
f 5226 5225 5227
f 5226 5227 5228
f 5228 5227 5229
f 5228 5229 5230
f 5230 5229 5231
f 5230 5231 5232
f 5232 5231 5233
f 5232 5233 5234
f 5234 5233 5235
f 5234 5235 3069
f 3069 5235 3067
f 5236 5237 5238
f 5236 5239 5237
f 5236 5238 5240
f 5241 5240 5238
f 5241 5242 5240
f 5241 5238 5243
f 5241 5243 5244
f 5241 5244 5245
f 5241 5245 5246
f 5247 5241 5246
f 5247 5246 5248
f 5247 5248 5249
f 5247 5249 5250
f 5251 5247 5250
f 5251 5250 5252
f 5251 5252 5253
f 5254 5251 5253
f 5254 5253 5255
f 5254 5255 5256
f 5257 5254 5256
f 5257 5256 5258
f 5257 5258 5259
f 5260 5257 5259
f 5260 5259 5261
f 5260 5261 5262
f 5263 5260 5262
f 5263 5262 5264
f 5265 5263 5264
f 5265 5264 5266
f 5265 5266 5267
f 5268 5265 5267
f 5268 5267 5269
f 5268 5269 5270
f 5271 5268 5270
f 5271 5270 5272
f 5271 5272 5273
f 5274 5271 5273
f 5274 5273 5275
f 5274 5275 5276
f 5274 5276 5277
f 5278 5274 5277
f 5278 5277 5279
f 5278 5279 5280
f 5278 5280 5281
f 5278 5281 5282
f 5278 5282 5283
f 5284 5278 5283
f 5284 5283 5285
f 5285 5283 5286
f 5285 5287 5284
f 5287 5285 5288
f 5287 5289 5284
f 5289 5290 5284
f 5290 5291 5284
f 5290 5292 5291
f 5292 5293 5291
f 5293 5294 5291
f 5293 5295 5294
f 5295 5296 5294
f 5296 5297 5294
f 5296 5298 5297
f 5298 5299 5297
f 5298 5300 5299
f 5300 5301 5299
f 5301 5302 5299
f 5301 5303 5302
f 5303 5304 5302
f 5304 5305 5302
f 5304 5306 5305
f 5306 5307 5305
f 5307 5308 5305
f 5307 5309 5308
f 5309 5310 5308
f 5309 5311 5310
f 5311 5312 5310
f 5312 5313 5310
f 5312 5314 5313
f 5314 5315 5313
f 5315 5316 5313
f 5315 5317 5316
f 5317 5318 5316
f 5317 5319 5318
f 5319 5320 5318
f 5320 5321 5318
f 5320 5322 5321
f 5322 5323 5321
f 5323 5324 5321
f 5323 5325 5324
f 5325 5326 5324
f 5325 5327 5326
f 5327 5328 5326
f 5327 5329 5328
f 5329 5330 5328
f 5330 5331 5328
f 5330 5332 5331
f 5332 5333 5331
f 5332 5334 5333
f 5334 5335 5333
f 5334 5336 5335
f 5336 5337 5335
f 5336 5338 5337
f 5336 5339 5338
f 5336 5340 5339
f 5338 5339 5341
f 5338 5341 5342
f 5343 5338 5342
f 5343 5342 5344
f 5343 5344 5345
f 5346 5343 5345
f 5346 5345 5347
f 5348 5346 5347
f 5348 5347 5349
f 5350 5348 5349
f 5350 5349 5351
f 5352 5350 5351
f 5353 5352 5351
f 5353 5351 5354
f 5355 5353 5354
f 5355 5354 5356
f 5357 5355 5356
f 5358 5357 5356
f 5358 5356 5359
f 5360 5358 5359
f 5361 5360 5359
f 5362 5361 5359
f 5363 5362 5359
f 5363 5364 5362
f 5365 5363 5359
f 5365 5359 5366
f 5367 5365 5366
f 5368 5367 5366
f 5369 5368 5366
f 5370 5369 5366
f 5371 5370 5366
f 5372 5371 5366
f 5373 5372 5366
f 5374 5373 5366
f 5374 5366 5375
f 5376 5374 5375
f 5377 5376 5375
f 5378 5377 5375
f 5379 5378 5375
f 5380 5379 5375
f 5380 5375 5381
f 5382 5380 5381
f 5383 5382 5381
f 5384 5383 5381
f 5385 5384 5381
f 5385 5381 5386
f 5387 5385 5386
f 5388 5387 5386
f 5388 5386 5389
f 5390 5388 5389
f 5391 5390 5389
f 5391 5389 5392
f 5393 5391 5392
f 5394 5393 5392
f 5394 5392 5395
f 5396 5394 5395
f 5396 5395 5397
f 5398 5396 5397
f 5399 5398 5397
f 5399 5397 5400
f 5401 5399 5400
f 5401 5400 5402
f 5403 5401 5402
f 5403 5402 5404
f 5405 5403 5404
f 5405 5404 5406
f 5405 5406 5407
f 5408 5405 5407
f 5408 5407 5409
f 5410 5408 5409
f 5410 5409 5411
f 5410 5411 5412
f 5410 5412 5413
f 5414 5410 5413
f 5414 5413 5415
f 5414 5415 5416
f 5414 5416 5417
f 5418 5414 5417
f 5418 5419 5414
f 5418 5417 5420
f 5418 5420 5421
f 5422 5418 5421
f 5422 5421 5423
f 5422 5423 5424
f 5422 5424 5425
f 5426 5422 5425
f 5426 5425 5427
f 5428 5426 5427
f 5428 5427 5429
f 5428 5429 5430
f 5431 5428 5430
f 5431 5430 5432
f 5433 5431 5432
f 5433 5432 5434
f 5435 5433 5434
f 5435 5434 5436
f 5437 5435 5436
f 5437 5436 5438
f 5439 5437 5438
f 5439 5438 5440
f 5441 5439 5440
f 5441 5440 5442
f 5443 5441 5442
f 5443 5442 5444
f 5445 5443 5444
f 5446 5445 5444
f 5446 5444 5447
f 5448 5446 5447
f 5448 5447 5449
f 5450 5448 5449
f 5450 5449 5451
f 5452 5450 5451
f 5452 5451 5453
f 5454 5452 5453
f 5454 5453 5455
f 5456 5454 5455
f 5456 5455 5457
f 5458 5456 5457
f 5458 5457 5459
f 5460 5458 5459
f 5460 5459 5461
f 5460 5461 5462
f 5463 5460 5462
f 5463 5462 5464
f 5465 5463 5464
f 5465 5464 5466
f 5465 5466 5467
f 5465 5467 5468
f 5340 5465 5468
f 5340 5468 5469
f 5340 5469 5339
f 5418 5470 5419
f 5470 5471 5419
f 5470 5472 5471
f 5472 5473 5471
f 5472 5474 5473
f 5474 5475 5473
f 5475 5476 5473
f 5475 5477 5476
f 5477 5478 5476
f 5477 5479 5478
f 5479 5480 5478
f 5479 5481 5480
f 5481 5482 5480
f 5481 5483 5482
f 5483 5484 5482
f 5483 5485 5484
f 5482 5484 5486
f 5482 5486 5487
f 5482 5487 5488
f 5489 5482 5488
f 5489 5488 5490
f 5489 5490 5491
f 5492 5489 5491
f 5492 5491 5493
f 5492 5493 5494
f 5495 5492 5494
f 5495 5494 5496
f 5497 5495 5496
f 5497 5496 5498
f 5499 5497 5498
f 5499 5498 5500
f 5501 5499 5500
f 5501 5500 5502
f 5503 5501 5502
f 5503 5502 5504
f 5503 5504 5505
f 5506 5503 5505
f 5506 5505 5507
f 5508 5506 5507
f 5508 5507 5509
f 5510 5508 5509
f 5510 5509 5511
f 5512 5510 5511
f 5512 5511 5513
f 5514 5512 5513
f 5514 5513 5515
f 5516 5514 5515
f 5516 5515 5517
f 5518 5516 5517
f 5518 5517 5519
f 5518 5519 5520
f 5521 5518 5520
f 5521 5520 5522
f 5523 5521 5522
f 5523 5522 5524
f 5523 5524 5525
f 5526 5523 5525
f 5526 5525 5527
f 5526 5527 5528
f 5526 5528 5529
f 5526 5529 5530
f 5531 5526 5530
f 5531 5530 5532
f 5531 5532 5533
f 5534 5531 5533
f 5534 5535 5531
f 5536 5534 5533
f 5536 5533 5537
f 5536 5537 5538
f 5539 5536 5538
f 5539 5538 5540
f 5541 5539 5540
f 5541 5540 5542
f 5543 5541 5542
f 5543 5542 5544
f 5545 5543 5544
f 5545 5544 5546
f 5547 5545 5546
f 5548 5547 5546
f 5549 5548 5546
f 5549 5546 5550
f 5546 5551 5550
f 5549 5550 5552
f 5553 5549 5552
f 5554 5553 5552
f 5555 5554 5552
f 5556 5555 5552
f 5557 5556 5552
f 5557 5552 5558
f 5559 5557 5558
f 5560 5559 5558
f 5561 5560 5558
f 5562 5561 5558
f 5562 5558 5563
f 5564 5562 5563
f 5565 5564 5563
f 5566 5565 5563
f 5566 5563 5567
f 5568 5566 5567
f 5569 5568 5567
f 5569 5567 5570
f 5571 5569 5570
f 5572 5571 5570
f 5572 5570 5573
f 5574 5572 5573
f 5574 5573 5575
f 5576 5574 5575
f 5577 5576 5575
f 5577 5575 5578
f 5579 5577 5578
f 5579 5578 5580
f 5581 5579 5580
f 5582 5581 5580
f 5582 5580 5583
f 5582 5583 5584
f 5585 5582 5584
f 5585 5584 5586
f 5587 5585 5586
f 5587 5586 5588
f 5587 5588 5589
f 5587 5589 5590
f 5591 5587 5590
f 5591 5590 5592
f 5591 5592 5593
f 5594 5591 5593
f 5595 5594 5593
f 5595 5596 5594
f 5595 5593 5597
f 5595 5597 5598
f 5595 5598 5599
f 5595 5599 5600
f 5601 5595 5600
f 5601 5600 5602
f 5601 5602 5603
f 5604 5601 5603
f 5604 5603 5605
f 5604 5605 5606
f 5607 5604 5606
f 5607 5606 5608
f 5607 5608 5609
f 5610 5607 5609
f 5610 5609 5611
f 5610 5611 5612
f 5613 5610 5612
f 5613 5612 5614
f 5615 5613 5614
f 5615 5614 5616
f 5615 5616 5617
f 5618 5615 5617
f 5618 5617 5619
f 5620 5618 5619
f 5620 5619 5621
f 5620 5621 5622
f 5623 5620 5622
f 5623 5622 5624
f 5623 5624 5625
f 5626 5623 5625
f 5626 5625 5627
f 5628 5626 5627
f 5628 5627 5629
f 5630 5628 5629
f 5630 5629 5631
f 5632 5630 5631
f 5632 5631 5633
f 5632 5633 5634
f 5635 5632 5634
f 5635 5634 5636
f 5635 5636 5637
f 5635 5637 5638
f 5635 5638 5639
f 5640 5635 5639
f 5640 5639 5641
f 5640 5641 5642
f 5642 5641 5643
f 5644 5640 5642
f 5644 5642 5645
f 5646 5644 5645
f 5646 5645 5647
f 5648 5646 5647
f 5648 5647 5649
f 5650 5648 5649
f 5650 5649 5651
f 5652 5650 5651
f 5652 5651 5653
f 5654 5652 5653
f 5654 5653 5655
f 5656 5654 5655
f 5656 5655 5657
f 5658 5656 5657
f 5658 5657 5659
f 5658 5659 5660
f 5661 5658 5660
f 5661 5660 5662
f 5661 5662 5663
f 5661 5663 5664
f 5483 5661 5664
f 5483 5664 5485
f 5665 5642 5643
f 5665 5643 5666
f 5665 5666 5667
f 5665 5667 5668
f 5669 5665 5668
f 5669 5668 5670
f 5669 5670 5671
f 5672 5669 5671
f 5672 5671 5673
f 5672 5673 5674
f 5675 5672 5674
f 5675 5674 5676
f 5677 5675 5676
f 5677 5676 5678
f 5679 5677 5678
f 5679 5678 5680
f 5681 5679 5680
f 5681 5680 5682
f 5683 5681 5682
f 5683 5682 5550
f 5551 5683 5550
f 5596 5684 5594
f 5596 5685 5684
f 5685 5686 5684
f 5685 5687 5686
f 5685 5688 5687
f 5688 5689 5687
f 5688 5690 5689
f 5690 5691 5689
f 5690 5692 5691
f 5690 5693 5692
f 5693 5694 5692
f 5693 5695 5694
f 5695 5696 5694
f 5695 5697 5696
f 5697 5698 5696
f 5697 5699 5698
f 5697 5700 5699
f 5700 5701 5699
f 5700 5702 5701
f 5702 5703 5701
f 5702 5704 5703
f 5702 5705 5704
f 5705 5706 5704
f 5705 5707 5706
f 5707 5708 5706
f 5707 5709 5708
f 5707 5710 5709
f 5710 5711 5709
f 5710 5712 5711
f 5712 5713 5711
f 5712 5714 5713
f 5712 5715 5714
f 5715 5716 5714
f 5715 5717 5716
f 5717 5718 5716
f 5717 5719 5718
f 5719 5720 5718
f 5719 5721 5720
f 5719 5722 5721
f 5722 5723 5721
f 5722 5724 5723
f 5724 5725 5723
f 5724 5726 5725
f 5726 5727 5725
f 5726 5728 5727
f 5728 5729 5727
f 5728 5730 5729
f 5728 5731 5730
f 5731 5732 5730
f 5731 5733 5732
f 5733 5734 5732
f 5733 5735 5734
f 5735 5736 5734
f 5735 5737 5736
f 5737 5738 5736
f 5737 5739 5738
f 5737 5740 5739
f 5740 5741 5739
f 5740 5742 5741
f 5742 5743 5741
f 5742 5744 5743
f 5744 5745 5743
f 5744 5746 5745
f 5746 5747 5745
f 5746 5748 5747
f 5748 5749 5747
f 5748 5750 5749
f 5748 5751 5750
f 5751 5752 5750
f 5751 5753 5752
f 5751 5754 5753
f 5754 5755 5753
f 5754 5756 5755
f 5756 5757 5755
f 5756 5758 5757
f 5756 5759 5758
f 5759 5760 5758
f 5759 5761 5760
f 5761 5762 5760
f 5761 5763 5762
f 5763 5764 5762
f 5763 5765 5764
f 5765 5766 5764
f 5765 5767 5766
f 5767 5768 5766
f 5767 5769 5768
f 5769 5770 5768
f 5769 5771 5770
f 5771 5772 5770
f 5535 5773 5531
f 5535 5774 5773
f 5774 5775 5773
f 5775 5776 5773
f 5775 5777 5776
f 5777 5778 5776
f 5777 5779 5778
f 5779 5780 5778
f 5780 5781 5778
f 5780 5782 5781
f 5782 5783 5781
f 5782 5784 5783
f 5784 5785 5783
f 5785 5786 5783
f 5785 5787 5786
f 5787 5788 5786
f 5788 5789 5786
f 5788 5790 5789
f 5790 5791 5789
f 5791 5792 5789
f 5791 5793 5792
f 5793 5794 5792
f 5793 5795 5794
f 5795 5796 5794
f 5796 5797 5794
f 5796 5798 5797
f 5798 5799 5797
f 5798 5800 5799
f 5800 5801 5799
f 5801 5802 5799
f 5801 5803 5802
f 5803 5804 5802
f 5803 5805 5804
f 5805 5806 5804
f 5805 5807 5806
f 5807 5808 5806
f 5808 5809 5806
f 5808 5810 5809
f 5810 5811 5809
f 5810 5812 5811
f 5812 5813 5811
f 5812 5814 5813
f 5814 5815 5813
f 5814 5816 5815
f 5816 5817 5815
f 5816 5818 5817
f 5818 5819 5817
f 5818 5820 5819
f 5820 5821 5819
f 5821 5822 5819
f 5821 5823 5822
f 5823 5824 5822
f 5823 5825 5824
f 5825 5826 5824
f 5825 5827 5826
f 5827 5828 5826
f 5827 5829 5828
f 5829 5830 5828
f 5829 5831 5830
f 5831 5832 5830
f 5831 5833 5832
f 5833 5834 5832
f 5833 5835 5834
f 5835 5836 5834
f 5835 5837 5836
f 5834 5836 5838
f 5834 5838 5839
f 5840 5834 5839
f 5840 5839 5841
f 5840 5841 5842
f 5840 5842 5843
f 5844 5840 5843
f 5844 5843 5845
f 5844 5845 5846
f 5844 5846 5847
f 5848 5844 5847
f 5848 5847 5849
f 5850 5848 5849
f 5850 5849 5851
f 5850 5851 5852
f 5853 5850 5852
f 5853 5852 5854
f 5855 5853 5854
f 5855 5854 5856
f 5855 5856 5857
f 5858 5855 5857
f 5858 5857 5859
f 5860 5858 5859
f 5860 5859 5861
f 5862 5860 5861
f 5862 5861 5863
f 5862 5863 5864
f 5865 5862 5864
f 5865 5864 5866
f 5867 5865 5866
f 5867 5866 5868
f 5867 5868 5869
f 5870 5867 5869
f 5870 5869 5871
f 5872 5870 5871
f 5872 5871 5873
f 5872 5873 5874
f 5875 5872 5874
f 5875 5874 5876
f 5875 5876 5877
f 5875 5877 5878
f 5879 5875 5878
f 5879 5878 5880
f 5879 5880 5881
f 5879 5881 5882
f 5883 5879 5882
f 5884 5883 5882
f 5884 5885 5883
f 5884 5882 5886
f 5884 5886 5887
f 5888 5884 5887
f 5888 5887 5889
f 5888 5889 5890
f 5888 5890 5891
f 5888 5891 5892
f 5893 5888 5892
f 5893 5892 5894
f 5893 5894 5895
f 5896 5893 5895
f 5896 5895 5897
f 5896 5897 5898
f 5899 5896 5898
f 5899 5898 5900
f 5899 5900 5901
f 5902 5899 5901
f 5902 5901 5903
f 5904 5902 5903
f 5904 5903 5905
f 5904 5905 5906
f 5907 5904 5906
f 5907 5906 5908
f 5909 5907 5908
f 5909 5908 5910
f 5909 5910 5911
f 5912 5909 5911
f 5912 5911 5913
f 5912 5913 5914
f 5915 5912 5914
f 5915 5914 5916
f 5915 5916 5917
f 5918 5915 5917
f 5918 5917 5919
f 5918 5919 5920
f 5837 5918 5920
f 5837 5920 5921
f 5837 5921 5922
f 5837 5922 5923
f 5837 5923 5924
f 5837 5924 5925
f 5837 5925 5836
f 5884 5926 5885
f 5926 5927 5885
f 5926 5928 5927
f 5928 5929 5927
f 5928 5930 5929
f 5930 5931 5929
f 5930 5932 5931
f 5930 5933 5932
f 5933 5934 5932
f 5933 5935 5934
f 5935 5936 5934
f 5935 5937 5936
f 5937 5938 5936
f 5937 5939 5938
f 5937 5940 5939
f 5940 5941 5939
f 5940 5942 5941
f 5942 5943 5941
f 5942 5944 5943
f 5942 5945 5944
f 5945 5946 5944
f 5945 5947 5946
f 5947 5948 5946
f 5947 5949 5948
f 5949 5950 5948
f 5949 5951 5950
f 5949 5952 5951
f 5952 5953 5951
f 5952 5954 5953
f 5954 5955 5953
f 5954 5956 5955
f 5956 5957 5955
f 5956 5958 5957
f 5958 5959 5957
f 5959 5960 5957
f 5959 5961 5960
f 5961 5962 5960
f 5961 5963 5962
f 5963 5964 5962
f 5963 5965 5964
f 5965 5966 5964
f 5965 5967 5966
f 5967 5968 5966
f 5967 5969 5968
f 5967 5970 5969
f 5970 5971 5969
f 5970 5972 5971
f 5972 5973 5971
f 5972 5974 5973
f 5974 5975 5973
f 5974 5976 5975
f 5976 5977 5975
f 5976 5978 5977
f 5978 5979 5977
f 5978 5980 5979
f 5980 5981 5979
f 5980 5982 5981
f 5982 5983 5981
f 5982 5984 5983
f 5984 5985 5983
f 5984 5986 5985
f 5986 5987 5985
f 5986 5988 5987
f 5988 5989 5987
f 5988 5990 5989
f 5990 5991 5989
f 5991 5992 5989
f 5991 5993 5992
f 5993 5994 5992
f 5993 5995 5994
f 5995 5996 5994
f 5995 5997 5996
f 5995 5998 5997
f 5998 5999 5997
f 5998 6000 5999
f 6000 6001 5999
f 6000 6002 6001
f 6000 6003 6002
f 6003 6004 6002
f 6003 6005 6004
f 6005 6006 6004
f 6005 6007 6006
f 6005 6008 6007
f 6008 6009 6007
f 6008 6010 6009
f 6010 6011 6009
f 6010 6012 6011
f 6010 6013 6012
f 6013 6014 6012
f 6013 6015 6014
f 5364 6016 5362
f 6016 6017 5362
f 6017 6018 5362
f 6018 6019 5362
f 6019 6020 5362
f 6019 6021 6020
f 6021 6022 6020
f 6022 6023 6020
f 6023 6024 6020
f 6023 6025 6024
f 6025 6026 6024
f 6026 6027 6024
f 6026 6028 6027
f 6028 6029 6027
f 6029 6030 6027
f 6029 6031 6030
f 6031 6032 6030
f 6032 6033 6030
f 6032 6034 6033
f 6034 6035 6033
f 6034 6036 6035
f 6036 6037 6035
f 6037 6038 6035
f 6037 6039 6038
f 6039 6040 6038
f 6040 6041 6038
f 6040 6042 6041
f 6042 6043 6041
f 6043 6044 6041
f 6043 6045 6044
f 6045 6046 6044
f 6045 6047 6046
f 6047 6048 6046
f 6048 6049 6046
f 6048 6050 6049
f 6050 6051 6049
f 6050 6052 6051
f 6052 6053 6051
f 6052 6054 6053
f 5288 5285 6055
f 5287 5288 6056
f 5287 6056 6057
f 5287 6057 6058
f 5287 6058 6059
f 6060 5287 6059
f 6060 6059 6061
f 6060 6061 6062
f 6063 6060 6062
f 6063 6062 6064
f 6065 6063 6064
f 6065 6064 6066
f 6065 6066 6067
f 6068 6065 6067
f 6068 6067 6069
f 6070 6068 6069
f 6070 6069 6071
f 6072 6070 6071
f 6072 6071 6073
f 6074 6072 6073
f 6074 6073 6075
f 6076 6074 6075
f 6076 6075 6077
f 6076 6077 6078
f 6079 6076 6078
f 6079 6078 6080
f 6081 6079 6080
f 6081 6080 6082
f 6083 6081 6082
f 6083 6082 6084
f 6085 6083 6084
f 6085 6084 6086
f 6087 6085 6086
f 6087 6086 6088
f 6089 6087 6088
f 6089 6088 6090
f 6089 6090 6091
f 6092 6089 6091
f 6092 6091 6093
f 6094 6092 6093
f 6094 6093 6095
f 6094 6095 6096
f 6094 6096 6097
f 6098 6094 6097
f 6098 6097 6099
f 6098 6099 6100
f 6098 6100 6101
f 6098 6101 5242
f 6102 6098 5242
f 6102 5242 5241
f 6103 6102 5241
f 6103 5241 6104
f 6105 6103 6104
f 6106 6105 6104
f 6106 6104 6107
f 6108 6106 6107
f 6109 6108 6107
f 6109 6107 6110
f 6111 6109 6110
f 6112 6111 6110
f 6112 6110 6113
f 6114 6112 6113
f 6114 6113 6115
f 6116 6114 6115
f 6117 6116 6115
f 6117 6115 6118
f 6119 6117 6118
f 6120 6119 6118
f 6120 6118 6121
f 6122 6120 6121
f 6123 6122 6121
f 6123 6121 6124
f 6125 6123 6124
f 6125 6124 6126
f 6127 6125 6126
f 6128 6127 6126
f 6128 6126 6129
f 6130 6128 6129
f 6131 6130 6129
f 6131 6129 6132
f 6133 6131 6132
f 6133 6132 6134
f 6135 6133 6134
f 6136 6135 6134
f 6136 6134 6137
f 6138 6136 6137
f 6139 6138 6137
f 6139 6137 6140
f 6141 6139 6140
f 6141 6140 6142
f 6143 6141 6142
f 6143 6142 6144
f 6145 6143 6144
f 6145 6144 6146
f 6147 6145 6146
f 6147 6146 6148
f 6149 6147 6148
f 6149 6148 6150
f 6151 6149 6150
f 6151 6150 6152
f 6153 6151 6152
f 6153 6152 6154
f 6153 6154 6155
f 6154 6156 6155
f 6153 6155 6157
f 6153 6157 6158
f 6153 6158 6159
f 6160 6153 6159
f 6160 6159 6161
f 6160 6161 6162
f 6163 6160 6162
f 6163 6162 6164
f 6165 6163 6164
f 6165 6164 6166
f 6165 6166 6167
f 6168 6165 6167
f 6168 6167 6169
f 6170 6168 6169
f 6170 6169 6171
f 6172 6170 6171
f 6172 6171 6173
f 6174 6172 6173
f 6175 6174 6173
f 6175 6173 6176
f 6177 6175 6176
f 6177 6176 6178
f 6179 6177 6178
f 6179 6178 6180
f 6181 6179 6180
f 6181 6180 6182
f 6183 6181 6182
f 6183 6182 6184
f 6185 6183 6184
f 6185 6184 6186
f 6187 6185 6186
f 6187 6186 6188
f 6189 6187 6188
f 6189 6188 6190
f 6191 6189 6190
f 6191 6190 6192
f 6193 6191 6192
f 6193 6192 6194
f 6195 6193 6194
f 6195 6194 6196
f 6197 6195 6196
f 6197 6196 6198
f 6197 6198 6199
f 6200 6197 6199
f 6200 6199 6201
f 6200 6201 6202
f 6203 6200 6202
f 6203 6202 6204
f 6203 6204 6205
f 6203 6205 6206
f 6203 6206 6207
f 6208 6203 6207
f 6208 6207 6209
f 6209 6207 6210
f 6211 6208 6209
f 6211 6209 6212
f 6213 6211 6212
f 6213 6212 6214
f 6215 6213 6214
f 6216 6215 6214
f 6216 6214 6217
f 6218 6216 6217
f 6218 6217 6219
f 6220 6218 6219
f 6220 6219 6221
f 6222 6220 6221
f 6222 6221 6223
f 6224 6222 6223
f 6224 6223 6225
f 6223 6226 6225
f 6224 6225 6227
f 6224 6227 6228
f 6224 6228 6229
f 6230 6224 6229
f 6230 6229 6231
f 6230 6231 6232
f 6233 6230 6232
f 6233 6232 6234
f 6233 6234 6235
f 6236 6233 6235
f 6236 6235 6237
f 6238 6236 6237
f 6238 6237 6239
f 6240 6238 6239
f 6240 6239 6241
f 6242 6240 6241
f 6242 6241 6243
f 6244 6242 6243
f 6244 6243 6245
f 6246 6244 6245
f 6246 6245 6247
f 6248 6246 6247
f 6248 6247 6249
f 6250 6248 6249
f 6251 6250 6249
f 6250 6251 6252
f 6249 6253 6251
f 6254 6251 6253
f 6255 6254 6253
f 6255 6253 6256
f 6257 6255 6256
f 6258 6257 6256
f 6259 6258 6256
f 6259 6256 6260
f 6261 6259 6260
f 6262 6261 6260
f 6262 6260 6263
f 6264 6262 6263
f 6265 6264 6263
f 6265 6263 6266
f 6267 6265 6266
f 6267 6266 6268
f 6269 6267 6268
f 6269 6268 6270
f 6271 6269 6270
f 6271 6270 6272
f 6271 6272 6273
f 6274 6271 6273
f 6274 6273 6275
f 6276 6274 6275
f 6276 6277 6274
f 6276 6275 6278
f 6279 6276 6278
f 6280 6279 6278
f 6281 6280 6278
f 6282 6281 6278
f 6282 6278 6283
f 6284 6282 6283
f 6284 6283 6285
f 6286 6284 6285
f 6286 6285 6287
f 6286 6287 6288
f 6289 6286 6288
f 6289 6288 6290
f 6291 6289 6290
f 6291 6290 6292
f 6292 6290 6293
f 6294 6291 6292
f 6294 6292 6295
f 6296 6294 6295
f 6297 6296 6295
f 6297 6295 6298
f 6299 6297 6298
f 6300 6299 6298
f 6300 6298 6301
f 6302 6300 6301
f 6302 6301 6303
f 6304 6302 6303
f 6305 6304 6303
f 6305 6303 6306
f 6307 6305 6306
f 6308 6307 6306
f 6308 6306 6309
f 6310 6308 6309
f 6311 6310 6309
f 6311 6309 6312
f 6313 6311 6312
f 6314 6313 6312
f 6314 6312 6315
f 6316 6314 6315
f 6316 6315 6317
f 6318 6316 6317
f 6319 6318 6317
f 6319 6317 6320
f 6321 6319 6320
f 6321 6320 6322
f 6323 6321 6322
f 6324 6323 6322
f 6324 6322 6325
f 6326 6324 6325
f 6326 6325 6327
f 6328 6326 6327
f 6329 6328 6327
f 6329 6327 6330
f 6331 6329 6330
f 6331 6330 6332
f 6333 6331 6332
f 6333 6332 6334
f 6335 6333 6334
f 6335 6334 6336
f 6337 6335 6336
f 6338 6337 6336
f 6338 6336 6339
f 6340 6338 6339
f 6340 6339 6341
f 6342 6340 6341
f 6342 6341 6343
f 6344 6342 6343
f 6344 6343 6345
f 6346 6344 6345
f 6346 6345 6347
f 6348 6346 6347
f 6348 6347 6349
f 6350 6348 6349
f 6350 6349 6351
f 6352 6350 6351
f 6352 6351 6353
f 6354 6352 6353
f 6354 6353 6355
f 6356 6354 6355
f 6356 6355 6357
f 6355 6358 6357
f 6356 6357 6359
f 6356 6359 6360
f 6356 6360 6361
f 6356 6361 6362
f 6363 6356 6362
f 6363 6362 6364
f 6363 6364 6365
f 6363 6365 6366
f 6367 6363 6366
f 6367 6366 6368
f 6367 6368 6369
f 6370 6367 6369
f 6370 6369 6371
f 6372 6370 6371
f 6372 6371 6373
f 6372 6373 6374
f 6375 6372 6374
f 6375 6374 6376
f 6375 6376 6377
f 6378 6375 6377
f 6378 6377 6379
f 6380 6378 6379
f 6380 6379 6381
f 6380 6381 6382
f 6383 6380 6382
f 6383 6382 6384
f 6385 6383 6384
f 6385 6384 6386
f 6385 6386 6387
f 6388 6385 6387
f 6388 6387 6389
f 6388 6389 6390
f 6391 6388 6390
f 6391 6390 6392
f 6391 6392 6393
f 6391 6393 6394
f 6395 6391 6394
f 6395 6394 6396
f 6395 6396 6397
f 6395 6397 6398
f 6395 6398 6399
f 6395 6399 6400
f 6401 6395 6400
f 6401 6400 6402
f 6403 6402 6400
f 6404 6401 6402
f 6404 6402 6405
f 6404 6405 6406
f 6407 6404 6406
f 6407 6406 6408
f 6409 6407 6408
f 6409 6408 6410
f 6411 6409 6410
f 6411 6410 6412
f 6411 6412 6413
f 6414 6411 6413
f 6414 6413 6415
f 6416 6414 6415
f 6416 6415 6417
f 6416 6417 6418
f 6419 6416 6418
f 6419 6418 6420
f 6421 6419 6420
f 6421 6420 6422
f 6423 6421 6422
f 6423 6422 6424
f 6423 6424 6425
f 6426 6423 6425
f 6426 6425 6427
f 6428 6426 6427
f 6428 6427 6429
f 6430 6428 6429
f 6431 6430 6429
f 6431 6429 6432
f 6433 6431 6432
f 6433 6432 6434
f 6435 6433 6434
f 6435 6434 6436
f 6437 6435 6436
f 6437 6436 6438
f 6439 6437 6438
f 6439 6438 6440
f 6441 6439 6440
f 6441 6440 6442
f 6443 6441 6442
f 6443 6442 6444
f 6445 6443 6444
f 6445 6444 6446
f 6447 6445 6446
f 6447 6446 6448
f 6447 6448 6449
f 6450 6447 6449
f 6450 6449 6451
f 6452 6450 6451
f 6452 6451 6453
f 6454 6452 6453
f 6454 6453 6455
f 6456 6454 6455
f 6456 6455 6457
f 6458 6456 6457
f 6458 6457 6459
f 6460 6458 6459
f 6460 6459 6461
f 6462 6460 6461
f 6462 6461 6463
f 6464 6462 6463
f 6464 6463 6465
f 6466 6464 6465
f 6466 6465 6467
f 6468 6466 6467
f 6469 6468 6467
f 6469 6467 6470
f 6471 6469 6470
f 6471 6470 6472
f 6473 6471 6472
f 6474 6473 6472
f 6474 6475 6473
f 6474 6476 6475
f 6476 6477 6475
f 6476 6478 6477
f 6478 6479 6477
f 6479 6480 6477
f 6479 6481 6480
f 6481 6482 6480
f 6481 6483 6482
f 6483 6484 6482
f 6484 6485 6482
f 6484 6486 6485
f 6486 6487 6485
f 6486 6488 6487
f 6488 6489 6487
f 6489 6490 6487
f 6489 6491 6490
f 6491 6492 6490
f 6491 6493 6492
f 6493 6494 6492
f 6403 6400 6495
f 6403 6495 6496
f 6403 6496 6497
f 6403 6497 6498
f 6499 6403 6498
f 6499 6498 6500
f 6499 6500 6501
f 6502 6499 6501
f 6502 6501 6503
f 6502 6503 6504
f 6505 6502 6504
f 6505 6504 6506
f 6505 6506 6507
f 6508 6505 6507
f 6508 6507 6509
f 6510 6508 6509
f 6510 6509 6511
f 6512 6510 6511
f 6512 6511 6513
f 6512 6513 6514
f 6515 6512 6514
f 6515 6514 6516
f 6517 6515 6516
f 6517 6516 6518
f 6519 6517 6518
f 6519 6518 6520
f 6519 6520 6521
f 6522 6519 6521
f 6522 6521 6523
f 6524 6522 6523
f 6524 6523 6525
f 6524 6525 6526
f 6527 6524 6526
f 6527 6526 6528
f 6527 6528 6529
f 6530 6527 6529
f 6530 6529 6531
f 6530 6531 6532
f 6358 6530 6532
f 6358 6532 6533
f 6358 6533 6534
f 6358 6534 6535
f 6358 6535 6536
f 6358 6536 6357
f 6292 6293 6537
f 6538 6292 6537
f 6538 6537 6539
f 6538 6539 6540
f 6538 6540 6541
f 6542 6538 6541
f 6542 6541 6543
f 6542 6543 6544
f 6545 6542 6544
f 6545 6544 6546
f 6545 6546 6547
f 6548 6545 6547
f 6548 6547 6549
f 6550 6548 6549
f 6550 6549 6551
f 6552 6550 6551
f 6552 6551 6553
f 6554 6552 6553
f 6554 6553 6555
f 6554 6555 6556
f 6557 6554 6556
f 6557 6556 6558
f 6559 6557 6558
f 6559 6558 6560
f 6561 6559 6560
f 6561 6560 6562
f 6563 6561 6562
f 6563 6562 6564
f 6565 6563 6564
f 6565 6564 6566
f 6567 6565 6566
f 6567 6566 6568
f 6569 6567 6568
f 6569 6568 6570
f 6571 6569 6570
f 6571 6570 6572
f 6573 6571 6572
f 6573 6572 6574
f 6573 6574 6575
f 6576 6573 6575
f 6576 6575 6577
f 6576 6577 6578
f 6226 6576 6578
f 6226 6578 6579
f 6226 6579 6580
f 6226 6580 6581
f 6226 6581 6225
f 6277 6582 6274
f 6582 6583 6274
f 6583 6584 6274
f 6584 6585 6274
f 6584 6586 6585
f 6586 6587 6585
f 6587 6588 6585
f 6588 6589 6585
f 6589 6590 6585
f 6589 6591 6590
f 6591 6592 6590
f 6592 6593 6590
f 6593 6594 6590
f 6593 6595 6594
f 6595 6596 6594
f 6596 6597 6594
f 6596 6598 6597
f 6598 6599 6597
f 6599 6600 6597
f 6599 6601 6600
f 6601 6602 6600
f 6602 6603 6600
f 6602 6604 6603
f 6604 6605 6603
f 6604 6606 6605
f 6606 6607 6605
f 6606 6608 6607
f 6608 6609 6607
f 6609 6610 6607
f 6609 6611 6610
f 6611 6612 6610
f 6611 6613 6612
f 6613 6614 6612
f 6613 6615 6614
f 6615 6616 6614
f 6615 6617 6616
f 6615 6618 6617
f 6618 6619 6617
f 6618 6620 6619
f 6618 6621 6620
f 6621 6622 6620
f 6621 6623 6622
f 6621 6624 6623
f 6621 6625 6624
f 6624 6626 6623
f 6624 6627 6626
f 6627 6628 6626
f 6627 6629 6628
f 6627 6630 6629
f 6627 6631 6630
f 6627 6632 6631
f 6632 6633 6631
f 6632 6634 6633
f 6632 6635 6634
f 6635 6636 6634
f 6635 6637 6636
f 6635 6638 6637
f 6635 6639 6638
f 6639 6640 6638
f 6639 6641 6640
f 6641 6642 6640
f 6641 6643 6642
f 6641 6644 6643
f 6644 6645 6643
f 6644 6646 6645
f 6644 6647 6646
f 6647 6648 6646
f 6647 6649 6648
f 6649 6650 6648
f 6649 6651 6650
f 6651 6652 6650
f 6651 6653 6652
f 6651 6654 6653
f 6654 6655 6653
f 6654 6656 6655
f 6656 6657 6655
f 6656 6658 6657
f 6658 6659 6657
f 6658 6660 6659
f 6660 6661 6659
f 6660 6662 6661
f 6662 6663 6661
f 6662 6664 6663
f 6662 6665 6664
f 6665 6666 6664
f 6665 6667 6666
f 6665 6250 6667
f 6250 6668 6667
f 6250 6252 6668
f 6621 6669 6625
f 6669 6670 6625
f 6670 6671 6625
f 6670 6672 6671
f 6672 6673 6671
f 6672 6674 6673
f 6674 6675 6673
f 6675 6676 6673
f 6675 6677 6676
f 6677 6678 6676
f 6677 6679 6678
f 6679 6680 6678
f 6679 6681 6680
f 6681 6682 6680
f 6682 6683 6680
f 6682 6684 6683
f 6684 6685 6683
f 6684 6686 6685
f 6686 6687 6685
f 6686 6688 6687
f 6688 6689 6687
f 6689 6690 6687
f 6689 6691 6690
f 6691 6692 6690
f 6691 6693 6692
f 6693 6694 6692
f 6694 6695 6692
f 6694 6696 6695
f 6696 6697 6695
f 6696 6698 6697
f 6698 6699 6697
f 6698 6700 6699
f 6700 6701 6699
f 6701 6702 6699
f 6701 6703 6702
f 6703 6704 6702
f 6703 6705 6704
f 6705 6706 6704
f 6705 6707 6706
f 6707 6708 6706
f 6708 6709 6706
f 6708 6710 6709
f 6710 6711 6709
f 6710 6712 6711
f 6712 6713 6711
f 6712 6714 6713
f 6714 6715 6713
f 6714 6716 6715
f 6716 6717 6715
f 6717 6718 6715
f 6717 6719 6718
f 6719 6720 6718
f 6719 6721 6720
f 6721 6722 6720
f 6721 6723 6722
f 6723 6724 6722
f 6724 6725 6722
f 6724 6726 6725
f 6726 6727 6725
f 6726 6728 6727
f 6728 6729 6727
f 6728 6730 6729
f 6730 6731 6729
f 6730 6732 6731
f 6732 6733 6731
f 6733 6734 6731
f 6733 6735 6734
f 6735 6736 6734
f 6735 6737 6736
f 6737 6738 6736
f 6738 6739 6736
f 6738 6740 6739
f 6740 6741 6739
f 6740 6742 6741
f 6742 6743 6741
f 6743 6744 6741
f 6743 6745 6744
f 6745 6746 6744
f 6745 6747 6746
f 6747 6748 6746
f 6747 6749 6748
f 6749 6750 6748
f 6750 6751 6748
f 6750 6752 6751
f 6752 6753 6751
f 6752 6754 6753
f 6754 6755 6753
f 6754 6756 6755
f 6209 6210 6757
f 6758 6209 6757
f 6758 6757 6759
f 6758 6759 6760
f 6758 6760 6761
f 6762 6758 6761
f 6762 6761 6763
f 6764 6762 6763
f 6764 6763 6765
f 6764 6765 6766
f 6767 6764 6766
f 6767 6766 6768
f 6769 6767 6768
f 6769 6768 6770
f 6771 6769 6770
f 6771 6770 6772
f 6773 6771 6772
f 6773 6772 6774
f 6775 6773 6774
f 6775 6774 6776
f 6777 6775 6776
f 6778 6777 6776
f 6778 6776 6779
f 6780 6778 6779
f 6780 6779 6781
f 6782 6780 6781
f 6783 6782 6781
f 6783 6781 6784
f 6785 6783 6784
f 6786 6785 6784
f 6786 6784 6787
f 6788 6786 6787
f 6789 6788 6787
f 6789 6787 6790
f 6791 6789 6790
f 6792 6791 6790
f 6793 6792 6790
f 6794 6793 6790
f 6794 6790 6795
f 6796 6794 6795
f 6797 6796 6795
f 6798 6797 6795
f 6799 6798 6795
f 6800 6799 6795
f 6800 6795 6801
f 6802 6800 6801
f 6803 6802 6801
f 6804 6803 6801
f 6805 6804 6801
f 6806 6805 6801
f 6807 6806 6801
f 6808 6807 6801
f 6809 6808 6801
f 6810 6809 6801
f 6810 6811 6809
f 6812 6810 6801
f 6813 6812 6801
f 6813 6801 6814
f 6815 6813 6814
f 6816 6815 6814
f 6816 6814 6817
f 6818 6816 6817
f 6819 6818 6817
f 6819 6817 6820
f 6821 6819 6820
f 6822 6821 6820
f 6822 6820 6823
f 6824 6822 6823
f 6824 6823 6825
f 6826 6824 6825
f 6826 6825 6827
f 6826 6827 6828
f 6156 6826 6828
f 6156 6828 6829
f 6156 6829 6830
f 6156 6830 6155
f 6811 6831 6809
f 6811 6832 6831
f 6811 6833 6832
f 6811 6834 6833
f 6811 6835 6834
f 6811 6836 6835
f 6811 6837 6836
f 6811 6838 6837
f 6838 6839 6837
f 6838 6840 6839
f 6838 6841 6840
f 6838 6842 6841
f 6842 6843 6841
f 6842 6844 6843
f 6842 6845 6844
f 6845 6846 6844
f 6845 6847 6846
f 6845 6848 6847
f 6848 6849 6847
f 6848 6850 6849
f 6848 6851 6850
f 6851 6852 6850
f 6851 6853 6852
f 6853 6854 6852
f 6853 6855 6854
f 6853 6856 6855
f 6856 6857 6855
f 6856 6858 6857
f 6856 6859 6858
f 6859 6860 6858
f 6859 6861 6860
f 6859 6862 6861
f 6862 6863 6861
f 6862 6864 6863
f 6864 6865 6863
f 6864 6866 6865
f 6864 6867 6866
f 6867 6868 6866
f 6867 6869 6868
f 6870 5288 6055
f 6870 6055 6871
f 6872 6870 6871
f 6872 6871 6873
f 6874 6872 6873
f 6874 6873 6875
f 6876 6874 6875
f 6876 6875 6877
f 6878 6876 6877
f 6878 6877 6879
f 6880 6878 6879
f 6880 6879 6881
f 6882 6880 6881
f 6882 6881 6883
f 6884 6882 6883
f 6884 6883 6885
f 6886 6884 6885
f 6886 6885 6887
f 6888 6886 6887
f 6888 6887 6889
f 6890 6888 6889
f 6890 6889 6891
f 6892 6890 6891
f 6892 6891 6893
f 6894 6892 6893
f 6894 6893 6895
f 6896 6894 6895
f 6896 6895 6897
f 6898 6896 6897
f 6898 6897 6899
f 6900 6898 6899
f 6900 6899 6901
f 6902 6900 6901
f 6902 6901 6903
f 6904 6902 6903
f 6904 6903 6905
f 6906 6904 6905
f 6906 6905 6907
f 6908 6906 6907
f 6908 6907 6909
f 6910 6908 6909
f 6910 6909 6911
f 6912 6910 6911
f 6912 6911 6913
f 6914 6912 6913
f 6914 6913 6915
f 6916 6914 6915
f 6916 6915 6917
f 6918 6916 6917
f 6918 6917 6919
f 6920 6918 6919
f 6920 6919 6921
f 6922 6920 6921
f 6922 6921 6923
f 6924 6922 6923
f 6924 6923 6925
f 6926 6924 6925
f 6926 6925 5240
f 6926 5240 5242
f 6927 5285 5286
f 6927 5286 6928
f 6929 6927 6928
f 6929 6928 6930
f 6931 6929 6930
f 6931 6930 6932
f 6933 6931 6932
f 6933 6932 6934
f 6935 6933 6934
f 6935 6934 6936
f 6937 6935 6936
f 6937 6936 6938
f 6939 6937 6938
f 6939 6938 6940
f 6941 6939 6940
f 6941 6940 6942
f 6943 6941 6942
f 6943 6942 6944
f 6945 6943 6944
f 6945 6944 6946
f 6947 6945 6946
f 6947 6946 6948
f 6949 6947 6948
f 6949 6948 6950
f 6951 6949 6950
f 6951 6950 6952
f 6953 6951 6952
f 6953 6952 6954
f 6955 6953 6954
f 6955 6954 6956
f 6957 6955 6956
f 6957 6956 6958
f 6959 6957 6958
f 6959 6958 6960
f 6961 6959 6960
f 6961 6960 6962
f 6963 6961 6962
f 6963 6962 6964
f 6965 6963 6964
f 6965 6964 6966
f 6967 6965 6966
f 6967 6966 6968
f 6969 6967 6968
f 6969 6968 6970
f 6971 6969 6970
f 6971 6970 6972
f 6973 6971 6972
f 6973 6972 6974
f 6975 6973 6974
f 6975 6974 6976
f 6977 6975 6976
f 6977 6976 6978
f 6979 6977 6978
f 6979 6978 6980
f 5239 6979 6980
f 5239 6980 5237
