9775 10024 0
v -0.081539655 -0.132859905 -0.0028125
v -0.07588083 -0.13341741 -0.0028125
v -0.076024995 -0.134138055 -0.0028125
v -0.075473235 -0.13281105 -0.0028125
v -0.081648495 -0.134288595 -0.0028125
v -0.07588083 -0.13485873 -0.0028125
v -0.075473235 -0.13546509 -0.0028125
v -0.081569355 -0.13548885 -0.0028125
v -0.07486539 -0.135869565 -0.0028125
v -0.074149995 -0.136011315 -0.0028125
v -0.08150382 -0.13675734 -0.0028125
v -0.045107655 -0.13696458 -0.0028125
v -0.073434615 -0.135869565 -0.0028125
v -0.081609855 -0.13798608 -0.0028125
v -0.04701951 -0.13851927 -0.0028125
v -0.08194728 -0.13917531 -0.0028125
v -0.048777645 -0.14025615 -0.0028125
v -0.082535085 -0.140347245 -0.0028125
v -0.05034987 -0.142143435 -0.0028125
v -0.08293446 -0.140921595 -0.0028125
v -0.083410365 -0.141483435 -0.0028125
v -0.083962455 -0.1420311 -0.0028125
v -0.0845907 -0.14256123 -0.0028125
v -0.05174199 -0.14418675 -0.0028125
v -0.0852774 -0.14306604 -0.0028125
v -0.086013255 -0.14354007 -0.0028125
v -0.086758875 -0.143982555 -0.0028125
v -0.087514275 -0.144393495 -0.0028125
v -0.052089075 -0.14482128 -0.0028125
v -0.065157225 -0.14521953 -0.0028125
v -0.052314615 -0.145526745 -0.0028125
v -0.06577965 -0.145314615 -0.0028125
v -0.06633258 -0.14549823 -0.0028125
v -0.06682401 -0.145714875 -0.0028125
v -0.067258155 -0.14595027 -0.0028125
v -0.067646355 -0.146196255 -0.0028125
v -0.06799929 -0.14644113 -0.0028125
v -0.06831399 -0.146668515 -0.0028125
v -0.091923225 -0.146812335 -0.0028125
v -0.06990657 -0.14786781 -0.0028125
v -0.07145361 -0.149100285 -0.0028125
v -0.096418725 -0.14929968 -0.0028125
v -0.074411085 -0.151664715 -0.0028125
v -0.097808835 -0.150242985 -0.0028125
v -0.091875 -0.15128907 -0.0028125
v -0.092055195 -0.151325565 -0.0028125
v -0.091694805 -0.151325565 -0.0028125
v -0.091544115 -0.15142692 -0.0028125
v -0.09144315 -0.15157614 -0.0028125
v -0.09140625 -0.15175782 -0.0028125
v -0.07718643 -0.15436182 -0.0028125
v -0.09144315 -0.151939485 -0.0028125
v -0.091544115 -0.152088705 -0.0028125
v -0.091694805 -0.15219006 -0.0028125
v -0.091875 -0.15222657 -0.0028125
v -0.09996411 -0.152761245 -0.0028125
v -0.1006746 -0.154269645 -0.0028125
v -0.098993145 -0.15140019 -0.0028125
v -0.092055195 -0.15219006 -0.0028125
v -0.092205885 -0.152088705 -0.0028125
v -0.09230685 -0.151939485 -0.0028125
v -0.09234375 -0.15175782 -0.0028125
v -0.09230685 -0.15157614 -0.0028125
v -0.092205885 -0.15142692 -0.0028125
v -0.09150636 -0.1554234 -0.0028125
v -0.07977966 -0.157191555 -0.0028125
v -0.09224364 -0.1554234 -0.0028125
v -0.092930985 -0.155675775 -0.0028125
v -0.101107455 -0.15587499 -0.0028125
v -0.093488835 -0.156144675 -0.0028125
v -0.09385443 -0.1567725 -0.0028125
v -0.093984375 -0.1575 -0.0028125
v -0.101249685 -0.15754152 -0.0028125
v -0.09385443 -0.1582275 -0.0028125
v -0.093488835 -0.158855325 -0.0028125
v -0.10109358 -0.159198645 -0.0028125
v -0.092930985 -0.159324225 -0.0028125
v -0.09224364 -0.1595766 -0.0028125
v -0.081068115 -0.16023216 -0.0028125
v -0.081099555 -0.159848745 -0.0028125
v -0.080974635 -0.160575735 -0.0028125
v -0.100649175 -0.16080102 -0.0028125
v -0.080649585 -0.16112478 -0.0028125
v -0.080233965 -0.16150092 -0.0028125
v -0.079809705 -0.16174089 -0.0028125
v -0.079420605 -0.16189365 -0.0028125
v -0.07907964 -0.161988855 -0.0028125
v -0.078782145 -0.16204713 -0.0028125
v -0.078519045 -0.16208337 -0.0028125
v -0.078284565 -0.162107265 -0.0028125
v -0.078074985 -0.162124215 -0.0028125
v -0.077886645 -0.162137355 -0.0028125
v -0.07771677 -0.16214874 -0.0028125
v -0.076237245 -0.1622781 -0.0028125
v -0.09992298 -0.16230756 -0.0028125
v -0.07472031 -0.16248537 -0.0028125
v -0.07316595 -0.162770595 -0.0028125
v -0.071574195 -0.16313376 -0.0028125
v -0.069945015 -0.16357485 -0.0028125
v -0.098946405 -0.163653255 -0.0028125
v -0.068278425 -0.164093895 -0.0028125
v -0.0678369 -0.1642413 -0.0028125
v -0.067320435 -0.164376825 -0.0028125
v -0.066699495 -0.164445405 -0.0028125
v -0.097747545 -0.164807505 -0.0028125
v -0.054199815 -0.165519525 -0.0028125
v -0.06595872 -0.16434891 -0.0028125
v -0.08114541 -0.165150975 -0.0028125
v -0.07934847 -0.165318195 -0.0028125
v -0.0829632 -0.16512408 -0.0028125
v -0.0838743 -0.16517118 -0.0028125
v -0.084783555 -0.165264495 -0.0028125
v -0.085688145 -0.16540485 -0.0028125
v -0.086574 -0.16560231 -0.0028125
v -0.09635568 -0.165734205 -0.0028125
v -0.088295025 -0.166164555 -0.0028125
v -0.094830825 -0.1663956 -0.0028125
v -0.0898974 -0.16666326 -0.0028125
v -0.09320892 -0.16677954 -0.0028125
v -0.0915396 -0.166868145 -0.0028125
v -0.07758165 -0.16560381 -0.0028125
v -0.058531695 -0.16630176 -0.0028125
v -0.0583515 -0.16633827 -0.0028125
v -0.07669308 -0.16578966 -0.0028125
v -0.07580064 -0.166004235 -0.0028125
v -0.07489176 -0.166251915 -0.0028125
v -0.05871189 -0.16633827 -0.0028125
v -0.05886258 -0.166439625 -0.0028125
v -0.073966305 -0.166531335 -0.0028125
v -0.058963545 -0.166588845 -0.0028125
v -0.059000445 -0.16677051 -0.0028125
v -0.07302165 -0.166847235 -0.0028125
v -0.058963545 -0.166952175 -0.0028125
v -0.05886258 -0.167101395 -0.0028125
v -0.05871189 -0.16720275 -0.0028125
v -0.07205178 -0.167204085 -0.0028125
v -0.058531695 -0.16723926 -0.0028125
v -0.07105938 -0.16760076 -0.0028125
v -0.05331174 -0.167819565 -0.0028125
v -0.0583515 -0.16720275 -0.0028125
v -0.070049505 -0.16804323 -0.0028125
v -0.05220273 -0.1700295 -0.0028125
v -0.069020115 -0.168530295 -0.0028125
v -0.067978155 -0.1690662 -0.0028125
v -0.066925485 -0.169654875 -0.0028125
v -0.06586461 -0.17029476 -0.0028125
v -0.050893455 -0.1721085 -0.0028125
v -0.064815225 -0.170986755 -0.0028125
v -0.06377214 -0.17173098 -0.0028125
v -0.0627528 -0.17252676 -0.0028125
v -0.049380315 -0.17406384 -0.0028125
v -0.06176358 -0.17337516 -0.0028125
v -0.06080772 -0.17427426 -0.0028125
v -0.048939915 -0.174539595 -0.0028125
v -0.048376905 -0.174970635 -0.0028125
v -0.048034455 -0.175138815 -0.0028125
v -0.059912175 -0.17521848 -0.0028125
v -0.047659695 -0.175258335 -0.0028125
v -0.047251185 -0.175311015 -0.0028125
v -0.042580275 -0.17545542 -0.0028125
v -0.046838145 -0.175300125 -0.0028125
v -0.04294716 -0.17588091 -0.0028125
v -0.059074365 -0.176208345 -0.0028125
v -0.04330335 -0.17640867 -0.0028125
v -0.04356372 -0.17709291 -0.0028125
v -0.05829147 -0.17724444 -0.0028125
v -0.04362264 -0.17749182 -0.0028125
v -0.0436146 -0.177892635 -0.0028125
v -0.043537875 -0.17827956 -0.0028125
v -0.04339905 -0.178632705 -0.0028125
v -0.043013115 -0.179215155 -0.0028125
v -0.042578205 -0.179621685 -0.0028125
v -0.05638176 -0.17972958 -0.0028125
v -0.04214577 -0.179908995 -0.0028125
v -0.0417372 -0.18013173 -0.0028125
v -0.039484845 -0.181163745 -0.0028125
v -0.04763355 -0.18130176 -0.0028125
v -0.03715986 -0.181968105 -0.0028125
v -0.04781376 -0.18133827 -0.0028125
v -0.047964435 -0.181439625 -0.0028125
v -0.0480654 -0.181588845 -0.0028125
v -0.0481023 -0.18177051 -0.0028125
v -0.0480654 -0.181952175 -0.0028125
v -0.054277785 -0.18201195 -0.0028125
v -0.047964435 -0.182101395 -0.0028125
v -0.04781376 -0.18220275 -0.0028125
v -0.04763355 -0.18223926 -0.0028125
v -0.03231252 -0.18288894 -0.0028125
v -0.034754355 -0.18254649 -0.0028125
v -0.029842275 -0.182993505 -0.0028125
v -0.05197026 -0.18409878 -0.0028125
v 0.005819085 -0.18401745 -0.0028125
v 0.005687205 -0.18369516 -0.0028125
v 0.00597168 -0.184334895 -0.0028125
v 0.006143775 -0.184634685 -0.0028125
v 0.006337575 -0.184902675 -0.0028125
v 0.00679197 -0.18531138 -0.0028125
v -0.008812155 -0.185461095 -0.0028125
v -0.00942933 -0.185553645 -0.0028125
v 0.00732399 -0.185478975 -0.0028125
v -0.008103885 -0.185550465 -0.0028125
v 0.01255842 -0.18563067 -0.0028125
v -0.00776235 -0.185693925 -0.0028125
v 0.007888365 -0.18536604 -0.0028125
v 0.008160465 -0.185220135 -0.0028125
v 0.008417925 -0.185023365 -0.0028125
v 0.008661435 -0.184797045 -0.0028125
v 0.00888993 -0.18454542 -0.0028125
v 0.00910035 -0.184281075 -0.0028125
v 0.00929193 -0.184013145 -0.0028125
v 0.013529115 -0.183667395 -0.0028125
v 0.009618645 -0.183495585 -0.0028125
v 0.009895635 -0.183001815 -0.0028125
v 0.01013853 -0.182527785 -0.0028125
v 0.010352295 -0.1820766 -0.0028125
v 0.01452447 -0.18175617 -0.0028125
v 0.01054104 -0.18164952 -0.0028125
v 0.0107118 -0.18125049 -0.0028125
v 0.01554228 -0.17990133 -0.0028125
v 0.011746695 -0.178919685 -0.0028125
v 0.016590855 -0.17809032 -0.0028125
v 0.01281252 -0.1766661 -0.0028125
v 0.017672145 -0.1763184 -0.0028125
v 0.013909245 -0.17448972 -0.0028125
v 0.018787485 -0.174586365 -0.0028125
v 0.01994466 -0.17288739 -0.0028125
v 0.0150369 -0.17239053 -0.0028125
v 0.02114178 -0.171222165 -0.0028125
v 0.016197195 -0.17037063 -0.0028125
v 0.022382955 -0.169593165 -0.0028125
v 0.01738953 -0.16842933 -0.0028125
v 0.02366997 -0.167999475 -0.0028125
v 0.018610515 -0.166562445 -0.0028125
v 0.02500233 -0.166443555 -0.0028125
v 0.019856715 -0.16476579 -0.0028125
v 0.026381925 -0.16493148 -0.0028125
v 0.02780847 -0.16346241 -0.0028125
v 0.02112756 -0.16303866 -0.0028125
v 0.029281815 -0.162035745 -0.0028125
v 0.022424775 -0.161383125 -0.0028125
v 0.030014055 -0.16138206 -0.0028125
v 0.023748345 -0.159799215 -0.0028125
v 0.030840915 -0.16077141 -0.0028125
v 0.031838355 -0.16024596 -0.0028125
v 0.032406585 -0.16004271 -0.0028125
v 0.033016785 -0.159901515 -0.0028125
v 0.033645675 -0.159827955 -0.0028125
v 0.058477185 -0.159851205 -0.0028125
v 0.034283325 -0.159829215 -0.0028125
v 0.0614163 -0.15864009 -0.0028125
v 0.02509827 -0.15828693 -0.0028125
v 0.04467147 -0.157778385 -0.0028125
v 0.025558605 -0.157744575 -0.0028125
v 0.044851665 -0.15774189 -0.0028125
v 0.045002355 -0.157640535 -0.0028125
v 0.04510332 -0.157491315 -0.0028125
v 0.04514022 -0.157309635 -0.0028125
v 0.06423066 -0.1571619 -0.0028125
v 0.04510332 -0.157127985 -0.0028125
v 0.045002355 -0.156978765 -0.0028125
v 0.044851665 -0.15687741 -0.0028125
v 0.04467147 -0.156840885 -0.0028125
v 0.026096925 -0.156412455 -0.0028125
v 0.044491275 -0.15687741 -0.0028125
v 0.026052675 -0.155694435 -0.0028125
v 0.066898125 -0.155432445 -0.0028125
v 0.025787265 -0.155014785 -0.0028125
v 0.02533821 -0.154433475 -0.0028125
v 0.02479758 -0.15395298 -0.0028125
v 0.06939399 -0.153463245 -0.0028125
v 0.062668215 -0.153318945 -0.0028125
v 0.04732161 -0.15287442 -0.0028125
v 0.06284841 -0.153282435 -0.0028125
v 0.0629991 -0.15318108 -0.0028125
v 0.063100065 -0.153031875 -0.0028125
v 0.063136965 -0.152850195 -0.0028125
v 0.063100065 -0.15266853 -0.0028125
v 0.0629991 -0.15251931 -0.0028125
v 0.06284841 -0.152417955 -0.0028125
v 0.062668215 -0.152381445 -0.0028125
v 0.071699385 -0.151273905 -0.0028125
v 0.054593505 -0.151661745 -0.0028125
v 0.05221311 -0.15229989 -0.0028125
v 0.056908065 -0.150793515 -0.0028125
v 0.059120715 -0.14970876 -0.0028125
v 0.07379214 -0.148880265 -0.0028125
v 0.061224585 -0.148411875 -0.0028125
v 0.06318117 -0.146926575 -0.0028125
v 0.07565724 -0.146305095 -0.0028125
v 0.06499737 -0.14524872 -0.0028125
v 0.06547254 -0.144717975 -0.0028125
v 0.065690925 -0.144393075 -0.0028125
v 0.06587295 -0.144034545 -0.0028125
v 0.065995665 -0.14364087 -0.0028125
v 0.077275815 -0.143568 -0.0028125
v 0.06605712 -0.143234655 -0.0028125
v 0.066043095 -0.142835085 -0.0028125
v 0.06596733 -0.142450665 -0.0028125
v 0.06565752 -0.141772005 -0.0028125
v 0.06523383 -0.141253845 -0.0028125
v 0.06479799 -0.14085933 -0.0028125
v 0.078637275 -0.14069412 -0.0028125
v 0.06398469 -0.140191935 -0.0028125
v 0.06318495 -0.13957326 -0.0028125
v 0.067889175 -0.139213755 -0.0028125
v 0.062398305 -0.13900344 -0.0028125
v 0.068288685 -0.13917633 -0.0028125
v 0.074606685 -0.13913295 -0.0028125
v 0.068662335 -0.139069365 -0.0028125
v 0.07478688 -0.13909644 -0.0028125
v 0.07493757 -0.138995085 -0.0028125
v 0.07503852 -0.13884588 -0.0028125
v 0.075075435 -0.1386642 -0.0028125
v 0.07503852 -0.138482535 -0.0028125
v 0.07493757 -0.138333315 -0.0028125
v 0.07478688 -0.13823196 -0.0028125
v 0.07972665 -0.137706225 -0.0028125
v 0.074606685 -0.13819545 -0.0028125
v 0.06993219 -0.138001455 -0.0028125
v 0.07442649 -0.13823196 -0.0028125
v 0.0701862 -0.137539335 -0.0028125
v 0.070376025 -0.137105835 -0.0028125
v 0.07120686 -0.13477548 -0.0028125
v 0.080538105 -0.134630955 -0.0028125
v 0.07180521 -0.13239207 -0.0028125
v 0.081061095 -0.131493405 -0.0028125
v 0.0721722 -0.12994779 -0.0028125
v 0.08129478 -0.128320965 -0.0028125
v 0.072301245 -0.127486365 -0.0028125
v 0.081233355 -0.125140425 -0.0028125
v 0.07219104 -0.125015655 -0.0028125
v 0.07184313 -0.12257484 -0.0028125
v 0.080881125 -0.121978875 -0.0028125
v 0.07125963 -0.1201719 -0.0028125
v 0.07592679 -0.120639 -0.0028125
v 0.075746595 -0.120602475 -0.0028125
v 0.076106985 -0.120602475 -0.0028125
v 0.076257675 -0.12050112 -0.0028125
v 0.07635864 -0.1203519 -0.0028125
v 0.07639554 -0.12017025 -0.0028125
v 0.07635864 -0.11998857 -0.0028125
v 0.076257675 -0.11983935 -0.0028125
v 0.076106985 -0.119737995 -0.0028125
v 0.08023737 -0.11886372 -0.0028125
v 0.07592679 -0.119701485 -0.0028125
v 0.070451595 -0.117851655 -0.0028125
v 0.075746595 -0.119737995 -0.0028125
v 0.07931127 -0.11582067 -0.0028125
v 0.06941709 -0.115606095 -0.0028125
v 0.069075615 -0.11501439 -0.0028125
v 0.06858057 -0.114439365 -0.0028125
v 0.06826167 -0.11419968 -0.0028125
v 0.067908675 -0.114008685 -0.0028125
v 0.067529685 -0.11388513 -0.0028125
v 0.078112845 -0.11288892 -0.0028125
v 0.06714075 -0.11382318 -0.0028125
v 0.062216295 -0.11332212 -0.0028125
v 0.061354845 -0.113881395 -0.0028125
v 0.063104385 -0.112720515 -0.0028125
v 0.063506325 -0.1124289 -0.0028125
v 0.06392784 -0.112057545 -0.0028125
v 0.06433464 -0.111525855 -0.0028125
v 0.06450288 -0.11118456 -0.0028125
v 0.06461943 -0.110814405 -0.0028125
v 0.064674735 -0.11042703 -0.0028125
v 0.076638765 -0.11005539 -0.0028125
v 0.0646578 -0.11003928 -0.0028125
v 0.076526595 -0.109863 -0.0028125
v 0.064451205 -0.109316175 -0.0028125
v 0.07640142 -0.109647165 -0.0028125
v 0.07626633 -0.1094076 -0.0028125
v 0.076123575 -0.10913808 -0.0028125
v 0.064100025 -0.10873578 -0.0028125
v 0.075977475 -0.108830775 -0.0028125
v 0.07583514 -0.108476595 -0.0028125
v 0.063710715 -0.108309825 -0.0028125
v 0.075704985 -0.10806447 -0.0028125
v 0.06333486 -0.107974395 -0.0028125
v 0.07560108 -0.10758282 -0.0028125
v 0.06137229 -0.10646211 -0.0028125
v 0.075573975 -0.1070223 -0.0028125
v 0.075712905 -0.106403925 -0.0028125
v 0.05928783 -0.10515534 -0.0028125
v 0.076094295 -0.105848415 -0.0028125
v 0.076685715 -0.105479445 -0.0028125
v 0.077307135 -0.105318135 -0.0028125
v 0.07787043 -0.10528197 -0.0028125
v 0.066124305 -0.10490112 -0.0028125
v 0.05707416 -0.10405071 -0.0028125
v 0.0663045 -0.10486461 -0.0028125
v 0.099808935 -0.105997935 -0.0028125
v 0.07838265 -0.105304575 -0.0028125
v 0.06645519 -0.104763255 -0.0028125
v 0.10040271 -0.1046883 -0.0028125
v 0.06655614 -0.104614035 -0.0028125
v 0.066593055 -0.10443237 -0.0028125
v 0.06655614 -0.104250705 -0.0028125
v 0.093307455 -0.104134035 -0.0028125
v 0.06645519 -0.104101485 -0.0028125
v 0.094022835 -0.103992285 -0.0028125
v 0.09463068 -0.10358781 -0.0028125
v 0.100737465 -0.10328292 -0.0028125
v 0.095038275 -0.102981435 -0.0028125
v 0.095182455 -0.10226079 -0.0028125
v 0.100794645 -0.101839395 -0.0028125
v 0.095038275 -0.10154013 -0.0028125
v 0.09463068 -0.100933755 -0.0028125
v 0.094022835 -0.10052928 -0.0028125
v 0.100576605 -0.10041825 -0.0028125
v 0.093307455 -0.10038753 -0.0028125
v 0.011092365 -0.09943734 -0.0028125
v 0.10008936 -0.09905835 -0.0028125
v 0.01064154 -0.100256355 -0.0028125
v 0.09259206 -0.10052928 -0.0028125
v 0.091984215 -0.100933755 -0.0028125
v 0.010125645 -0.10108665 -0.0028125
v 0.09157662 -0.10154013 -0.0028125
v 0.03094668 -0.10145262 -0.0028125
v 0.031126875 -0.10148913 -0.0028125
v 0.030766485 -0.10148913 -0.0028125
v 0.030615795 -0.101590485 -0.0028125
v 0.030514845 -0.101739705 -0.0028125
v 0.03047793 -0.10192137 -0.0028125
v 0.00954282 -0.10193085 -0.0028125
v 0.030514845 -0.10210305 -0.0028125
v 0.030615795 -0.102252255 -0.0028125
v 0.030766485 -0.102353625 -0.0028125
v 0.03094668 -0.10239012 -0.0028125
v 0.04094583 -0.10286688 -0.0028125
v 0.00880233 -0.102932715 -0.0028125
v 0.041321415 -0.1026225 -0.0028125
v 0.041740695 -0.10244433 -0.0028125
v 0.031126875 -0.102353625 -0.0028125
v 0.042165675 -0.102318135 -0.0028125
v 0.031277565 -0.102252255 -0.0028125
v 0.04259106 -0.10224261 -0.0028125
v 0.03137853 -0.10210305 -0.0028125
v 0.045044025 -0.101952825 -0.0028125
v 0.03141543 -0.10192137 -0.0028125
v 0.047498115 -0.10190103 -0.0028125
v 0.03137853 -0.101739705 -0.0028125
v 0.091432455 -0.10226079 -0.0028125
v 0.031277565 -0.101590485 -0.0028125
v 0.049961355 -0.10208784 -0.0028125
v 0.052388685 -0.102510225 -0.0028125
v 0.09157662 -0.102981435 -0.0028125
v 0.05477202 -0.10316778 -0.0028125
v 0.091984215 -0.10358781 -0.0028125
v 0.066124305 -0.10396362 -0.0028125
v 0.09259206 -0.103992285 -0.0028125
v 0.065944095 -0.10400013 -0.0028125
v 0.065793405 -0.104101485 -0.0028125
v 0.065692455 -0.104250705 -0.0028125
v 0.065655555 -0.10443237 -0.0028125
v 0.065692455 -0.104614035 -0.0028125
v 0.065793405 -0.104763255 -0.0028125
v 0.065944095 -0.10486461 -0.0028125
v 0.0663045 -0.10400013 -0.0028125
v 0.040628295 -0.10315851 -0.0028125
v 0.04038042 -0.10348659 -0.0028125
v 0.007973805 -0.103933245 -0.0028125
v 0.04008921 -0.104170395 -0.0028125
v 0.040009065 -0.10482927 -0.0028125
v 0.00705726 -0.10493241 -0.0028125
v 0.03506706 -0.105022275 -0.0028125
v 0.035818185 -0.105045705 -0.0028125
v 0.034415145 -0.10517676 -0.0028125
v 0.03389139 -0.105413775 -0.0028125
v 0.033453375 -0.105668835 -0.0028125
v 0.006053235 -0.10593048 -0.0028125
v 0.031411515 -0.10706577 -0.0028125
v 0.004967715 -0.10693038 -0.0028125
v 0.003793635 -0.107928645 -0.0028125
v 0.02952666 -0.108642075 -0.0028125
v 0.002956095 -0.10859055 -0.0028125
v 0.002070795 -0.109247625 -0.0028125
v 0.02779338 -0.11040345 -0.0028125
v 0.001135395 -0.10990155 -0.0028125
v 0.0001518 -0.110555205 -0.0028125
v 0.02624247 -0.112318395 -0.0028125
v -0.00087717 -0.111205215 -0.0028125
v -0.001948695 -0.111848115 -0.0028125
v -0.003059955 -0.11248044 -0.0028125
v 0.024879585 -0.11438136 -0.0028125
v -0.004208805 -0.11309913 -0.0028125
v -0.00540312 -0.113708235 -0.0028125
v -0.00664116 -0.11430834 -0.0028125
v -0.007916655 -0.114897555 -0.0028125
v 0.01900821 -0.115638615 -0.0028125
v 0.0237261 -0.11656089 -0.0028125
v -0.00922335 -0.115474005 -0.0028125
v 0.018828015 -0.115675125 -0.0028125
v 0.018677325 -0.11577648 -0.0028125
v 0.018576375 -0.1159257 -0.0028125
v -0.010555005 -0.11603583 -0.0028125
v 0.01853946 -0.116107365 -0.0028125
v 0.018576375 -0.116289045 -0.0028125
v 0.018677325 -0.11643825 -0.0028125
v 0.018828015 -0.116539605 -0.0028125
v 0.01900821 -0.116576115 -0.0028125
v -0.011909745 -0.11658177 -0.0028125
v 0.006108015 -0.11718819 -0.0028125
v 0.02278515 -0.118848945 -0.0028125
v -0.013295265 -0.117113025 -0.0028125
v 0.00549858 -0.11722974 -0.0028125
v 0.004917165 -0.117364815 -0.0028125
v 0.00439785 -0.117542685 -0.0028125
v 0.003954405 -0.117727305 -0.0028125
v -0.0154269 -0.11788452 -0.0028125
v 0.00357372 -0.11790462 -0.0028125
v 0.003241635 -0.118071885 -0.0028125
v 0.00294606 -0.11822937 -0.0028125
v 0.00267708 -0.118379235 -0.0028125
v 0.00242184 -0.118527945 -0.0028125
v -0.01761501 -0.11862834 -0.0028125
v 0.002169465 -0.1186809 -0.0028125
v 0.00191403 -0.118839495 -0.0028125
v 0.001678635 -0.11898726 -0.0028125
v -0.01985145 -0.1193466 -0.0028125
v -1.917e-05 -0.1200477 -0.0028125
v -0.022136145 -0.12003522 -0.0028125
v -0.024475755 -0.120698385 -0.0028125
v -0.00173643 -0.121065855 -0.0028125
v -0.02687706 -0.12134223 -0.0028125
v -0.005229285 -0.12297543 -0.0028125
v -0.02934426 -0.12197061 -0.0028125
v -0.03187377 -0.12258024 -0.0028125
v -0.034465305 -0.12317085 -0.0028125
v -0.008799915 -0.12471597 -0.0028125
v -0.037118835 -0.12374244 -0.0028125
v -0.00912417 -0.12486348 -0.0028125
v -0.042154485 -0.124924245 -0.0028125
v -0.00948585 -0.125042865 -0.0028125
v -0.00988059 -0.12527922 -0.0028125
v -0.01030575 -0.12562206 -0.0028125
v -0.01072761 -0.126132705 -0.0028125
v -0.047324565 -0.12638448 -0.0028125
v -0.011035275 -0.12682659 -0.0028125
v -0.03 -0.12703125 -0.0028125
v -0.01106889 -0.12757527 -0.0028125
v -0.030180195 -0.12706776 -0.0028125
v -0.030330885 -0.127169115 -0.0028125
v -0.049959975 -0.127219815 -0.0028125
v -0.03043185 -0.12731832 -0.0028125
v -0.03046875 -0.1275 -0.0028125
v -0.03043185 -0.12768168 -0.0028125
v -0.030330885 -0.127830885 -0.0028125
v -0.030180195 -0.12793224 -0.0028125
v -0.03 -0.12796875 -0.0028125
v -0.052628805 -0.128127255 -0.0028125
v -0.01086723 -0.128244975 -0.0028125
v -0.029819805 -0.12793224 -0.0028125
v -0.01056807 -0.128755635 -0.0028125
v -0.055331115 -0.129106245 -0.0028125
v -0.01024458 -0.12913077 -0.0028125
v -0.009929835 -0.129416445 -0.0028125
v -0.00963339 -0.1296507 -0.0028125
v -0.00936084 -0.129854475 -0.0028125
v -0.058066905 -0.13015674 -0.0028125
v -0.00742644 -0.131410155 -0.0028125
v -0.059321265 -0.130639755 -0.0028125
v -0.06001296 -0.13087593 -0.0028125
v -0.06073599 -0.131088795 -0.0028125
v -0.06148314 -0.131261715 -0.0028125
v -0.06224094 -0.13138521 -0.0028125
v -0.062996895 -0.131444955 -0.0028125
v -0.032822745 -0.13221087 -0.0028125
v -0.01236645 -0.13276074 -0.0028125
v -0.081168255 -0.13149603 -0.0028125
v -0.03334161 -0.132230925 -0.0028125
v -0.063740685 -0.131438775 -0.0028125
v -0.0805419 -0.13021458 -0.0028125
v -0.064462965 -0.13135521 -0.0028125
v -0.065148345 -0.131207865 -0.0028125
v -0.066352845 -0.13075119 -0.0028125
v -0.067315005 -0.13016412 -0.0028125
v -0.079682895 -0.12907611 -0.0028125
v -0.068096295 -0.12952077 -0.0028125
v -0.068764635 -0.12890046 -0.0028125
v -0.078629835 -0.128124135 -0.0028125
v -0.069368715 -0.128359725 -0.0028125
v -0.070555245 -0.127556385 -0.0028125
v -0.07741086 -0.12738405 -0.0028125
v -0.071854215 -0.12699903 -0.0028125
v -0.07607319 -0.12688977 -0.0028125
v -0.07324713 -0.12669261 -0.0028125
v -0.074672835 -0.126657225 -0.0028125
v -0.074149995 -0.132264825 -0.0028125
v -0.033807 -0.132291585 -0.0028125
v -0.07486539 -0.132406575 -0.0028125
v -0.073434615 -0.132406575 -0.0028125
v -0.036234825 -0.13278036 -0.0028125
v -0.04763355 -0.13276074 -0.0028125
v -0.047453355 -0.13279725 -0.0028125
v -0.04781376 -0.13279725 -0.0028125
v -0.07282677 -0.13281105 -0.0028125
v -0.047964435 -0.132898605 -0.0028125
v -0.0480654 -0.133047825 -0.0028125
v -0.0481023 -0.13322949 -0.0028125
v -0.0480654 -0.133411155 -0.0028125
v -0.072419175 -0.13341741 -0.0028125
v -0.047964435 -0.133560375 -0.0028125
v -0.04781376 -0.13366173 -0.0028125
v -0.04763355 -0.13369824 -0.0028125
v -0.072274995 -0.134138055 -0.0028125
v -0.04087188 -0.13444062 -0.0028125
v -0.072419175 -0.13485873 -0.0028125
v -0.047453355 -0.13366173 -0.0028125
v -0.04730268 -0.133560375 -0.0028125
v -0.038587395 -0.13349565 -0.0028125
v -0.047201715 -0.133411155 -0.0028125
v -0.0471648 -0.13322949 -0.0028125
v -0.047201715 -0.133047825 -0.0028125
v -0.04730268 -0.132898605 -0.0028125
v -0.04304775 -0.135597915 -0.0028125
v -0.07282677 -0.13546509 -0.0028125
v -0.00561342 -0.13309629 -0.0028125
v -0.032196915 -0.13229238 -0.0028125
v -0.02470644 -0.132580305 -0.0028125
v -0.025455675 -0.132570165 -0.0028125
v -0.024056985 -0.132708105 -0.0028125
v -0.012546645 -0.13279725 -0.0028125
v -0.012697335 -0.132898605 -0.0028125
v -0.012798285 -0.133047825 -0.0028125
v -0.0128352 -0.13322949 -0.0028125
v -0.02168616 -0.133399605 -0.0028125
v -0.012798285 -0.133411155 -0.0028125
v -0.012697335 -0.133560375 -0.0028125
v -0.012546645 -0.13366173 -0.0028125
v -0.01236645 -0.13369824 -0.0028125
v -0.019406595 -0.13431102 -0.0028125
v -0.00392181 -0.13491288 -0.0028125
v -0.01218624 -0.13366173 -0.0028125
v -0.00369738 -0.13517166 -0.0028125
v -0.017211015 -0.1354461 -0.0028125
v -0.003437385 -0.13545594 -0.0028125
v -0.00311841 -0.135758955 -0.0028125
v -0.00269868 -0.13606611 -0.0028125
v -0.002126895 -0.13633434 -0.0028125
v -0.001426455 -0.136466985 -0.0028125
v -0.01514025 -0.13678458 -0.0028125
v 0.0088152 -0.136627635 -0.0028125
v -0.00071361 -0.1363548 -0.0028125
v 0.00864471 -0.13706829 -0.0028125
v 0.00850656 -0.13746903 -0.0028125
v 0.00838713 -0.13785135 -0.0028125
v 0.00828351 -0.138202125 -0.0028125
v -0.013201665 -0.138322965 -0.0028125
v 0.00770793 -0.14031567 -0.0028125
v -0.011427045 -0.14003643 -0.0028125
v -0.00982158 -0.14191857 -0.0028125
v 0.00717441 -0.14246709 -0.0028125
v -0.008414955 -0.143934195 -0.0028125
v 0.00668295 -0.14465637 -0.0028125
v -0.0072018 -0.1460895 -0.0028125
v 0.006234735 -0.14688834 -0.0028125
v -0.00695349 -0.1466253 -0.0028125
v -0.00675345 -0.14726763 -0.0028125
v -0.001468305 -0.14776074 -0.0028125
v 0.005830815 -0.149167365 -0.0028125
v -0.006704865 -0.14763738 -0.0028125
v -0.0016485 -0.14779725 -0.0028125
v -0.00179919 -0.147898605 -0.0028125
v -0.00670617 -0.14803215 -0.0028125
v -0.001900155 -0.148047825 -0.0028125
v -0.001937055 -0.14822949 -0.0028125
v -0.001900155 -0.148411155 -0.0028125
v -0.006770805 -0.14843355 -0.0028125
v -0.00179919 -0.148560375 -0.0028125
v -0.0016485 -0.14866173 -0.0028125
v -0.001468305 -0.14869824 -0.0028125
v -0.00690315 -0.14881575 -0.0028125
v -0.00128811 -0.14866173 -0.0028125
v -0.007098465 -0.14916423 -0.0028125
v -0.007337625 -0.14945577 -0.0028125
v 0.005465655 -0.15147072 -0.0028125
v -0.007854105 -0.14987493 -0.0028125
v -0.008360415 -0.15012291 -0.0028125
v -0.008834625 -0.15026988 -0.0028125
v -0.00926841 -0.15036825 -0.0028125
v -0.010320975 -0.150575055 -0.0028125
v -0.011332455 -0.15075327 -0.0028125
v -0.01230024 -0.150901935 -0.0028125
v -0.013227465 -0.151022235 -0.0028125
v -0.015002385 -0.15119439 -0.0028125
v -0.01670754 -0.15127791 -0.0028125
v -0.0390225 -0.151393455 -0.0028125
v -0.04012398 -0.151451805 -0.0028125
v -0.03791556 -0.151193865 -0.0028125
v -0.018390795 -0.151267095 -0.0028125
v -0.0192324 -0.151221255 -0.0028125
v -0.020073975 -0.15114189 -0.0028125
v -0.037374285 -0.15102654 -0.0028125
v -0.02091414 -0.151028175 -0.0028125
v -0.021747465 -0.150866775 -0.0028125
v -0.03684837 -0.150809175 -0.0028125
v -0.02257611 -0.150660435 -0.0028125
v -0.03635736 -0.15053832 -0.0028125
v -0.02337831 -0.15038832 -0.0028125
v -0.035899875 -0.15021426 -0.0028125
v -0.02414973 -0.150046125 -0.0028125
v -0.03528123 -0.149632695 -0.0028125
v -0.024894015 -0.149637465 -0.0028125
v -0.025343565 -0.149302515 -0.0028125
v -0.034717395 -0.14900478 -0.0028125
v -0.0257529 -0.148919235 -0.0028125
v -0.034210695 -0.148325925 -0.0028125
v -0.026122155 -0.14848623 -0.0028125
v -0.026448555 -0.148023165 -0.0028125
v -0.0337584 -0.147601605 -0.0028125
v -0.02698044 -0.14703207 -0.0028125
v -0.033347385 -0.14685894 -0.0028125
v -0.032979615 -0.146095035 -0.0028125
v -0.02737632 -0.146002515 -0.0028125
v -0.032644065 -0.14531916 -0.0028125
v -0.02767572 -0.144920475 -0.0028125
v -0.032340405 -0.14453292 -0.0028125
v -0.02790462 -0.143724525 -0.0028125
v -0.03180996 -0.14293539 -0.0028125
v -0.02806545 -0.142358805 -0.0028125
v -0.031362465 -0.14128788 -0.0028125
v -0.028116465 -0.14160639 -0.0028125
v -0.02814435 -0.140808585 -0.0028125
v -0.03097773 -0.13954662 -0.0028125
v -0.02814765 -0.139966185 -0.0028125
v -0.028124355 -0.13907991 -0.0028125
v -0.030805605 -0.138627615 -0.0028125
v -0.0280716 -0.1381524 -0.0028125
v -0.03064794 -0.137661255 -0.0028125
v -0.02798832 -0.1371846 -0.0028125
v -0.03050487 -0.136644195 -0.0028125
v -0.02786991 -0.13618047 -0.0028125
v -0.030376275 -0.135579255 -0.0028125
v -0.02771673 -0.135139725 -0.0028125
v -0.030330855 -0.13505865 -0.0028125
v -0.02758173 -0.13448223 -0.0028125
v -0.03034614 -0.134438715 -0.0028125
v -0.027316935 -0.133817865 -0.0028125
v -0.030524415 -0.133722045 -0.0028125
v -0.030699015 -0.13336929 -0.0028125
v -0.026862555 -0.13322343 -0.0028125
v -0.030927855 -0.13304844 -0.0028125
v -0.02656032 -0.13297947 -0.0028125
v -0.031204725 -0.13277646 -0.0028125
v -0.0262194 -0.13278318 -0.0028125
v -0.02584416 -0.132648525 -0.0028125
v -0.031520295 -0.132561 -0.0028125
v -0.049991055 -0.15153537 -0.0028125
v -0.007196025 -0.15268476 -0.0028125
v -0.050964135 -0.151083975 -0.0028125
v -0.041245605 -0.151402185 -0.0028125
v -0.04245375 -0.151250325 -0.0028125
v -0.043802325 -0.15098124 -0.0028125
v -0.051557295 -0.150839415 -0.0028125
v -0.04453368 -0.150797265 -0.0028125
v -0.052256835 -0.150666105 -0.0028125
v -0.05264403 -0.150645885 -0.0028125
v -0.04530105 -0.15057726 -0.0028125
v -0.06362154 -0.14976423 -0.0028125
v -0.0530439 -0.150683235 -0.0028125
v -0.046103235 -0.15032007 -0.0028125
v -0.046938945 -0.15002403 -0.0028125
v -0.04780476 -0.14968725 -0.0028125
v -0.06356832 -0.149534745 -0.0028125
v -0.048699435 -0.14930898 -0.0028125
v -0.06350934 -0.14927835 -0.0028125
v -0.063446295 -0.148989645 -0.0028125
v -0.04961784 -0.14888607 -0.0028125
v -0.06338337 -0.148661025 -0.0028125
v -0.058531695 -0.14869824 -0.0028125
v -0.05871189 -0.14866173 -0.0028125
v -0.0583515 -0.14866173 -0.0028125
v -0.05820081 -0.148560375 -0.0028125
v -0.05056032 -0.148418775 -0.0028125
v -0.058099845 -0.148411155 -0.0028125
v -0.058062945 -0.14822949 -0.0028125
v -0.051187905 -0.14805636 -0.0028125
v -0.058099845 -0.148047825 -0.0028125
v -0.05820081 -0.147898605 -0.0028125
v -0.0583515 -0.14779725 -0.0028125
v -0.058531695 -0.14776074 -0.0028125
v -0.051743535 -0.147574065 -0.0028125
v -0.06328863 -0.14737839 -0.0028125
v -0.05871189 -0.14779725 -0.0028125
v -0.05214441 -0.146959515 -0.0028125
v -0.063338745 -0.14682015 -0.0028125
v -0.05233914 -0.14625984 -0.0028125
v -0.06352098 -0.14620233 -0.0028125
v -0.063908865 -0.14564178 -0.0028125
v -0.06449343 -0.145301655 -0.0028125
v -0.06329328 -0.14786151 -0.0028125
v -0.05886258 -0.147898605 -0.0028125
v -0.058963545 -0.148047825 -0.0028125
v -0.059000445 -0.14822949 -0.0028125
v -0.063328515 -0.14828616 -0.0028125
v -0.058963545 -0.148411155 -0.0028125
v -0.05886258 -0.148560375 -0.0028125
v -0.053432895 -0.150785205 -0.0028125
v -0.05378946 -0.15094845 -0.0028125
v -0.054358785 -0.151410045 -0.0028125
v -0.054727455 -0.151927905 -0.0028125
v -0.05494524 -0.152430135 -0.0028125
v -0.064141005 -0.15253992 -0.0028125
v -0.05507124 -0.15290004 -0.0028125
v -0.055151055 -0.15333084 -0.0028125
v -0.06443169 -0.15533004 -0.0028125
v -0.05543637 -0.155787465 -0.0028125
v -0.06449358 -0.15813462 -0.0028125
v -0.05548326 -0.158244105 -0.0028125
v -0.055291035 -0.160708785 -0.0028125
v -0.064326705 -0.16095363 -0.0028125
v -0.05486307 -0.16313661 -0.0028125
v -0.06428889 -0.1613397 -0.0028125
v -0.064265475 -0.161764695 -0.0028125
v -0.064286535 -0.16225689 -0.0028125
v -0.064408815 -0.16282368 -0.0028125
v -0.06470454 -0.16344819 -0.0028125
v -0.06493722 -0.16374645 -0.0028125
v -0.06522921 -0.16400631 -0.0028125
v -0.065575605 -0.164210085 -0.0028125
v -0.049067985 -0.151985715 -0.0028125
v -0.00676782 -0.15271305 -0.0028125
v -0.00634908 -0.152811 -0.0028125
v 0.004836165 -0.156086715 -0.0028125
v -0.005957985 -0.152974035 -0.0028125
v -0.005604255 -0.15319995 -0.0028125
v -0.005301705 -0.153483045 -0.0028125
v -0.00505032 -0.153816255 -0.0028125
v -0.00485238 -0.154194105 -0.0028125
v -0.00471558 -0.15460788 -0.0028125
v -0.004627425 -0.15504168 -0.0028125
v -0.00458502 -0.155491035 -0.0028125
v -0.004510095 -0.157960875 -0.0028125
v 0.00434742 -0.16074111 -0.0028125
v -0.00467271 -0.160411545 -0.0028125
v -0.005074215 -0.162851205 -0.0028125
v 0.004176675 -0.162992265 -0.0028125
v -0.005707395 -0.16523391 -0.0028125
v 0.00407721 -0.165304425 -0.0028125
v -0.001468305 -0.16630176 -0.0028125
v -0.00128811 -0.16633827 -0.0028125
v -0.0016485 -0.16633827 -0.0028125
v -0.00179919 -0.166439625 -0.0028125
v -0.001900155 -0.166588845 -0.0028125
v -0.001937055 -0.16677051 -0.0028125
v -0.001900155 -0.166952175 -0.0028125
v -0.00179919 -0.167101395 -0.0028125
v -0.0016485 -0.16720275 -0.0028125
v -0.006571095 -0.167551395 -0.0028125
v -0.001468305 -0.16723926 -0.0028125
v 0.004049025 -0.16767759 -0.0028125
v -0.00128811 -0.16720275 -0.0028125
v -0.007651635 -0.169767195 -0.0028125
v 0.00409212 -0.170111745 -0.0028125
v -0.00894474 -0.17187453 -0.0028125
v 0.00420648 -0.17260692 -0.0028125
v -0.010427145 -0.1738353 -0.0028125
v 0.00439212 -0.175163085 -0.0028125
v -0.012102945 -0.175656345 -0.0028125
v 0.00464904 -0.177780255 -0.0028125
v -0.01247334 -0.176004615 -0.0028125
v -0.01294212 -0.17636124 -0.0028125
v -0.013569675 -0.17666271 -0.0028125
v -0.014313105 -0.17679567 -0.0028125
v -0.01870416 -0.17693193 -0.0028125
v -0.018432075 -0.177519615 -0.0028125
v -0.01506165 -0.176683005 -0.0028125
v -0.019191975 -0.17599989 -0.0028125
v -0.01572447 -0.17634528 -0.0028125
v -0.016223385 -0.175889565 -0.0028125
v -0.019686405 -0.175117935 -0.0028125
v -0.016560765 -0.175430715 -0.0028125
v -0.016810905 -0.175013085 -0.0028125
v -0.02018787 -0.17428602 -0.0028125
v -0.017333025 -0.17407557 -0.0028125
v -0.02069037 -0.173504655 -0.0028125
v -0.01781526 -0.17316828 -0.0028125
v -0.021192465 -0.17277393 -0.0028125
v -0.0182559 -0.17229342 -0.0028125
v -0.021690285 -0.172094355 -0.0028125
v -0.022181775 -0.171465315 -0.0028125
v -0.01865697 -0.17144838 -0.0028125
v -0.022665315 -0.170886585 -0.0028125
v -0.023598165 -0.16987623 -0.0028125
v -0.01936938 -0.169812885 -0.0028125
v -0.024486315 -0.16904322 -0.0028125
v -0.025364565 -0.168343815 -0.0028125
v -0.019975725 -0.168216615 -0.0028125
v -0.02628999 -0.167743575 -0.0028125
v -0.027302835 -0.16725441 -0.0028125
v -0.027839085 -0.167071635 -0.0028125
v -0.02839233 -0.16693836 -0.0028125
v -0.02048541 -0.166612485 -0.0028125
v -0.02894877 -0.166868895 -0.0028125
v -0.02950935 -0.16686216 -0.0028125
v -0.03927444 -0.16631088 -0.0028125
v -0.03035169 -0.16696902 -0.0028125
v -0.020701725 -0.16579815 -0.0028125
v -0.038880645 -0.1652595 -0.0028125
v -0.020886165 -0.1649736 -0.0028125
v -0.038595765 -0.164193885 -0.0028125
v -0.02103747 -0.164139855 -0.0028125
v -0.03844353 -0.163079445 -0.0028125
v -0.02114136 -0.163297785 -0.0028125
v -0.0384354 -0.16251294 -0.0028125
v -0.021201105 -0.16244619 -0.0028125
v -0.03847962 -0.161945595 -0.0028125
v -0.021190155 -0.16159941 -0.0028125
v -0.03858549 -0.16139493 -0.0028125
v -0.03875232 -0.1608597 -0.0028125
v -0.02110308 -0.160760295 -0.0028125
v -0.039114255 -0.160091595 -0.0028125
v -0.02094444 -0.15992643 -0.0028125
v -0.039537195 -0.159361335 -0.0028125
v -0.0207648 -0.159395355 -0.0028125
v -0.02052678 -0.15888762 -0.0028125
v -0.04002624 -0.15866967 -0.0028125
v -0.03025884 -0.15864294 -0.0028125
v -0.040575345 -0.15801567 -0.0028125
v -0.02974116 -0.15864294 -0.0028125
v -0.02927355 -0.15841953 -0.0028125
v -0.020229075 -0.158402655 -0.0028125
v -0.02894664 -0.15801354 -0.0028125
v -0.019889535 -0.15794913 -0.0028125
v -0.028828125 -0.1575 -0.0028125
v -0.01911132 -0.157137015 -0.0028125
v -0.02894664 -0.15698646 -0.0028125
v -0.02927355 -0.15658047 -0.0028125
v -0.01825449 -0.15644235 -0.0028125
v -0.02974116 -0.15635706 -0.0028125
v -0.01731792 -0.155823225 -0.0028125
v -0.04240173 -0.156250575 -0.0028125
v -0.03025884 -0.15635706 -0.0028125
v -0.043055655 -0.15571881 -0.0028125
v -0.01625124 -0.15523596 -0.0028125
v -0.044411085 -0.154720665 -0.0028125
v -0.015002055 -0.15466098 -0.0028125
v -0.04583967 -0.15378597 -0.0028125
v -0.014302245 -0.154379955 -0.0028125
v -0.013552095 -0.154106895 -0.0028125
v -0.01275195 -0.153843435 -0.0028125
v -0.01190184 -0.153591735 -0.0028125
v -0.04737681 -0.15288198 -0.0028125
v -0.01100343 -0.153355275 -0.0028125
v -0.010057275 -0.15313542 -0.0028125
v -0.0090657 -0.152937735 -0.0028125
v -0.00802854 -0.152761815 -0.0028125
v -0.04819764 -0.15243429 -0.0028125
v -0.0076179 -0.152702925 -0.0028125
v -0.03072645 -0.15658047 -0.0028125
v -0.041767515 -0.156809445 -0.0028125
v -0.03105336 -0.15698646 -0.0028125
v -0.04115466 -0.157395285 -0.0028125
v -0.031171875 -0.1575 -0.0028125
v -0.03105336 -0.15801354 -0.0028125
v -0.03072645 -0.15841953 -0.0028125
v -0.031176915 -0.1671456 -0.0028125
v -0.031985865 -0.16739697 -0.0028125
v -0.03979221 -0.167412975 -0.0028125
v -0.032777535 -0.1677171 -0.0028125
v -0.03354657 -0.16807635 -0.0028125
v -0.03429312 -0.16847817 -0.0028125
v -0.040464855 -0.16861239 -0.0028125
v -0.03502062 -0.168908655 -0.0028125
v -0.040865835 -0.169251075 -0.0028125
v -0.03572844 -0.169366245 -0.0028125
v -0.04131222 -0.169912905 -0.0028125
v -0.037096575 -0.1703469 -0.0028125
v -0.041804685 -0.170596365 -0.0028125
v -0.038426985 -0.171416715 -0.0028125
v -0.04234449 -0.171299685 -0.0028125
v -0.04293234 -0.172019055 -0.0028125
v -0.03976173 -0.17259927 -0.0028125
v -0.04356858 -0.17275305 -0.0028125
v -0.040441155 -0.1732416 -0.0028125
v -0.044254575 -0.17349582 -0.0028125
v -0.04113672 -0.173930745 -0.0028125
v -0.04499025 -0.174247785 -0.0028125
v -0.041850285 -0.17466945 -0.0028125
v -0.04547988 -0.174695505 -0.0028125
v -0.046084665 -0.1750794 -0.0028125
v -0.04644786 -0.175216365 -0.0028125
v -0.01825647 -0.17819211 -0.0028125
v 0.00497724 -0.18045843 -0.0028125
v -0.01826097 -0.17893032 -0.0028125
v -0.018347775 -0.179303085 -0.0028125
v -0.01850523 -0.179663595 -0.0028125
v -0.018719685 -0.180003435 -0.0028125
v -0.0189786 -0.18029526 -0.0028125
v -0.01959513 -0.180754845 -0.0028125
v 0.00503862 -0.18091845 -0.0028125
v -0.02023569 -0.181050285 -0.0028125
v 0.005113905 -0.181417815 -0.0028125
v -0.01236645 -0.18130176 -0.0028125
v -0.01218624 -0.18133827 -0.0028125
v -0.012546645 -0.18133827 -0.0028125
v -0.012697335 -0.181439625 -0.0028125
v -0.012798285 -0.181588845 -0.0028125
v -0.0128352 -0.18177051 -0.0028125
v -0.02256051 -0.18188442 -0.0028125
v -0.012798285 -0.181952175 -0.0028125
v -0.012697335 -0.182101395 -0.0028125
v -0.012546645 -0.18220275 -0.0028125
v -0.01236645 -0.18223926 -0.0028125
v -0.02493999 -0.18248691 -0.0028125
v 0.005332275 -0.182502 -0.0028125
v -0.01218624 -0.18220275 -0.0028125
v -0.027382095 -0.182859015 -0.0028125
v 0.005483865 -0.183077085 -0.0028125
v 0.005577825 -0.183380415 -0.0028125
v -0.01203555 -0.182101395 -0.0028125
v -0.0119346 -0.181952175 -0.0028125
v 0.00521103 -0.181948215 -0.0028125
v -0.0118977 -0.18177051 -0.0028125
v -0.0119346 -0.181588845 -0.0028125
v -0.01203555 -0.181439625 -0.0028125
v -0.00113742 -0.167101395 -0.0028125
v -0.001036455 -0.166952175 -0.0028125
v -0.000999555 -0.16677051 -0.0028125
v -0.001036455 -0.166588845 -0.0028125
v -0.00113742 -0.166439625 -0.0028125
v -0.00113742 -0.148560375 -0.0028125
v -0.001036455 -0.148411155 -0.0028125
v -0.000999555 -0.14822949 -0.0028125
v -0.001036455 -0.148047825 -0.0028125
v -0.00113742 -0.147898605 -0.0028125
v -0.00128811 -0.14779725 -0.0028125
v 0.00903171 -0.136132065 -0.0028125
v -0.00011541 -0.13602597 -0.0028125
v 0.000308805 -0.135633195 -0.0028125
v 0.00930168 -0.13560057 -0.0028125
v 0.00059985 -0.13524627 -0.0028125
v 0.00963486 -0.13507494 -0.0028125
v 0.000806265 -0.13487673 -0.0028125
v 0.01005045 -0.13459779 -0.0028125
v 0.000959805 -0.13453032 -0.0028125
v 0.010576065 -0.134225685 -0.0028125
v 0.001077615 -0.13422045 -0.0028125
v 0.011192025 -0.13408338 -0.0028125
v 0.001174335 -0.13394868 -0.0028125
v 0.017688105 -0.13413258 -0.0028125
v 0.01750791 -0.13416909 -0.0028125
v 0.022026765 -0.13337535 -0.0028125
v 0.0178683 -0.13416909 -0.0028125
v 0.00191472 -0.131938005 -0.0028125
v 0.0219258 -0.13291446 -0.0028125
v 0.021859815 -0.132395745 -0.0028125
v 0.021881595 -0.131806755 -0.0028125
v 0.00267642 -0.129995835 -0.0028125
v 0.02205756 -0.13115775 -0.0028125
v 0.02223279 -0.13082217 -0.0028125
v 0.02246766 -0.13050657 -0.0028125
v 0.02276319 -0.13023582 -0.0028125
v 0.02309169 -0.130019595 -0.0028125
v 0.023790495 -0.129756615 -0.0028125
v 0.004263675 -0.12631692 -0.0028125
v 0.024437025 -0.129673875 -0.0028125
v 0.025002915 -0.129671145 -0.0028125
v 0.057227835 -0.12926244 -0.0028125
v 0.0465486 -0.128528715 -0.0028125
v 0.05765277 -0.129997275 -0.0028125
v 0.026074875 -0.129706425 -0.0028125
v 0.027100455 -0.129760305 -0.0028125
v 0.028076865 -0.129833145 -0.0028125
v 0.029007435 -0.12992451 -0.0028125
v 0.030775635 -0.130156035 -0.0028125
v 0.05811819 -0.130705995 -0.0028125
v 0.032455905 -0.130458225 -0.0028125
v 0.034093605 -0.130847415 -0.0028125
v 0.05861046 -0.131393235 -0.0028125
v 0.034903335 -0.1310814 -0.0028125
v 0.035705505 -0.13134804 -0.0028125
v 0.03649857 -0.131647845 -0.0028125
v 0.059128035 -0.1320585 -0.0028125
v 0.037274235 -0.13199256 -0.0028125
v 0.038035245 -0.132380025 -0.0028125
v 0.060224265 -0.133336005 -0.0028125
v 0.03875568 -0.13282563 -0.0028125
v 0.03943035 -0.133332585 -0.0028125
v 0.040063635 -0.133898205 -0.0028125
v 0.061405995 -0.13456812 -0.0028125
v 0.04042635 -0.13432575 -0.0028125
v 0.040738995 -0.134791305 -0.0028125
v 0.053101725 -0.135310905 -0.0028125
v 0.05422527 -0.13536546 -0.0028125
v 0.041001375 -0.13529631 -0.0028125
v 0.05253663 -0.135352185 -0.0028125
v 0.051975255 -0.135445665 -0.0028125
v 0.05143587 -0.13559913 -0.0028125
v 0.050917185 -0.13581198 -0.0028125
v 0.041215245 -0.13582098 -0.0028125
v 0.05018352 -0.13623951 -0.0028125
v 0.049492845 -0.13672452 -0.0028125
v 0.04151055 -0.13690641 -0.0028125
v 0.048846405 -0.13727202 -0.0028125
v 0.04824273 -0.137876085 -0.0028125
v 0.041664675 -0.13799871 -0.0028125
v 0.047675175 -0.1385073 -0.0028125
v 0.04171296 -0.13912041 -0.0028125
v 0.047144955 -0.139168935 -0.0028125
v 0.046643475 -0.139849485 -0.0028125
v 0.041666955 -0.14033712 -0.0028125
v 0.046170705 -0.14054733 -0.0028125
v 0.04151643 -0.14170389 -0.0028125
v 0.04529448 -0.14198466 -0.0028125
v 0.041396895 -0.14244843 -0.0028125
v 0.044487855 -0.143489295 -0.0028125
v 0.0412446 -0.143232 -0.0028125
v 0.04105833 -0.144053505 -0.0028125
v 0.04372134 -0.14509929 -0.0028125
v 0.04083627 -0.144911805 -0.0028125
v 0.040576245 -0.145803645 -0.0028125
v 0.04334694 -0.14595594 -0.0028125
v 0.040277385 -0.146727855 -0.0028125
v 0.042975975 -0.146861985 -0.0028125
v 0.039936135 -0.147679635 -0.0028125
v 0.042607815 -0.147820695 -0.0028125
v 0.039552735 -0.14865936 -0.0028125
v 0.042242985 -0.14882934 -0.0028125
v 0.039306735 -0.14920641 -0.0028125
v 0.04209078 -0.14929458 -0.0028125
v 0.038943795 -0.14976684 -0.0028125
v 0.04196553 -0.149865315 -0.0028125
v 0.038391735 -0.15026922 -0.0028125
v 0.041955855 -0.15057399 -0.0028125
v 0.038039475 -0.1504608 -0.0028125
v 0.037656195 -0.150597645 -0.0028125
v 0.04203081 -0.150957915 -0.0028125
v 0.03725754 -0.150660885 -0.0028125
v 0.036855975 -0.15066222 -0.0028125
v 0.02782149 -0.150670095 -0.0028125
v 0.0276708 -0.15077145 -0.0028125
v 0.02792244 -0.150520875 -0.0028125
v 0.03646758 -0.150600915 -0.0028125
v 0.036097065 -0.150495315 -0.0028125
v 0.027959355 -0.15033921 -0.0028125
v 0.03543978 -0.150205365 -0.0028125
v 0.02792244 -0.15015753 -0.0028125
v 0.02782149 -0.15000831 -0.0028125
v 0.0276708 -0.149906955 -0.0028125
v 0.027490605 -0.14987046 -0.0028125
v 0.03328509 -0.148998165 -0.0028125
v 0.019096545 -0.147935505 -0.0028125
v 0.027310395 -0.149906955 -0.0028125
v 0.031268835 -0.147597165 -0.0028125
v 0.01753008 -0.14563488 -0.0028125
v 0.029384805 -0.14599719 -0.0028125
v 0.02766813 -0.144227055 -0.0028125
v 0.016160775 -0.14322951 -0.0028125
v 0.026125245 -0.14229183 -0.0028125
v 0.01499067 -0.14072223 -0.0028125
v 0.02478132 -0.140222355 -0.0028125
v 0.0140157 -0.13810731 -0.0028125
v 0.023640105 -0.13802637 -0.0028125
v 0.013935945 -0.13786206 -0.0028125
v 0.013845165 -0.137585625 -0.0028125
v 0.013740075 -0.1372782 -0.0028125
v 0.013612725 -0.136931925 -0.0028125
v 0.01345446 -0.13653819 -0.0028125
v 0.01325436 -0.136090935 -0.0028125
v 0.02272323 -0.13574655 -0.0028125
v 0.01300278 -0.1356021 -0.0028125
v 0.012690315 -0.135105285 -0.0028125
v 0.017688105 -0.13507008 -0.0028125
v 0.0123012 -0.13464114 -0.0028125
v 0.0178683 -0.13503357 -0.0028125
v 0.01801899 -0.134932215 -0.0028125
v 0.018119955 -0.13478301 -0.0028125
v 0.018156855 -0.13460133 -0.0028125
v 0.018119955 -0.134419665 -0.0028125
v 0.01801899 -0.13427046 -0.0028125
v 0.01750791 -0.13503357 -0.0028125
v 0.01735722 -0.134932215 -0.0028125
v 0.017256255 -0.13478301 -0.0028125
v 0.017219355 -0.13460133 -0.0028125
v 0.011800635 -0.134256165 -0.0028125
v 0.017256255 -0.134419665 -0.0028125
v 0.01735722 -0.13427046 -0.0028125
v 0.02715972 -0.15000831 -0.0028125
v 0.020830305 -0.150089205 -0.0028125
v 0.027058755 -0.15015753 -0.0028125
v 0.027021855 -0.15033921 -0.0028125
v 0.027058755 -0.150520875 -0.0028125
v 0.02715972 -0.150670095 -0.0028125
v 0.027310395 -0.15077145 -0.0028125
v 0.027490605 -0.15080796 -0.0028125
v 0.022729275 -0.152093115 -0.0028125
v 0.042616125 -0.15196824 -0.0028125
v 0.04322829 -0.15241587 -0.0028125
v 0.042363765 -0.15167013 -0.0028125
v 0.042166905 -0.1513299 -0.0028125
v 0.043840545 -0.152654385 -0.0028125
v 0.044367405 -0.15275742 -0.0028125
v 0.04484622 -0.15280449 -0.0028125
v 0.062700345 -0.13579464 -0.0028125
v 0.055311735 -0.135556425 -0.0028125
v 0.05639346 -0.13585713 -0.0028125
v 0.06339936 -0.136415415 -0.0028125
v 0.057536415 -0.136276875 -0.0028125
v 0.058789755 -0.13684239 -0.0028125
v 0.06414642 -0.137048205 -0.0028125
v 0.059460915 -0.13718613 -0.0028125
v 0.06494445 -0.137694615 -0.0028125
v 0.060159075 -0.137573115 -0.0028125
v 0.06088281 -0.138004125 -0.0028125
v 0.065790975 -0.13835328 -0.0028125
v 0.06163047 -0.138480555 -0.0028125
v 0.06624483 -0.138680025 -0.0028125
v 0.066796065 -0.138986205 -0.0028125
v 0.0674973 -0.139188495 -0.0028125
v 0.04608099 -0.12830532 -0.0028125
v 0.047066295 -0.128528715 -0.0028125
v 0.05683989 -0.12850164 -0.0028125
v 0.047533905 -0.12830532 -0.0028125
v 0.047860815 -0.12789933 -0.0028125
v 0.05651895 -0.127717635 -0.0028125
v 0.04797933 -0.12738579 -0.0028125
v 0.056271105 -0.126910905 -0.0028125
v 0.047860815 -0.12687225 -0.0028125
v 0.047533905 -0.126466245 -0.0028125
v 0.047066295 -0.12624285 -0.0028125
v 0.05609121 -0.12608103 -0.0028125
v 0.034073205 -0.12616674 -0.0028125
v 0.03512505 -0.12577416 -0.0028125
v 0.0465486 -0.12624285 -0.0028125
v 0.04608099 -0.126466245 -0.0028125
v 0.032901765 -0.126499005 -0.0028125
v 0.04575408 -0.12687225 -0.0028125
v 0.03155526 -0.12677823 -0.0028125
v 0.030810165 -0.12689463 -0.0028125
v 0.04563558 -0.12738579 -0.0028125
v 0.03001782 -0.12699195 -0.0028125
v 0.029178915 -0.12706866 -0.0028125
v 0.028293975 -0.12712269 -0.0028125
v 0.0273654 -0.12715098 -0.0028125
v 0.02639403 -0.12715236 -0.0028125
v 0.04575408 -0.12789933 -0.0028125
v 0.025383405 -0.12712191 -0.0028125
v 0.024333255 -0.127060035 -0.0028125
v 0.023909325 -0.127019685 -0.0028125
v 0.023445555 -0.12693477 -0.0028125
v 0.02294565 -0.12676008 -0.0028125
v 0.022435725 -0.12644778 -0.0028125
v 0.02197461 -0.12596193 -0.0028125
v 0.005936115 -0.122911965 -0.0028125
v 0.021639915 -0.125275125 -0.0028125
v 0.021550935 -0.124876125 -0.0028125
v 0.021519735 -0.12445344 -0.0028125
v 0.0215328 -0.12403842 -0.0028125
v 0.02159193 -0.12362613 -0.0028125
v 0.00606543 -0.12266352 -0.0028125
v 0.006203595 -0.122395425 -0.0028125
v 0.00633642 -0.122131005 -0.0028125
v 0.006464475 -0.12186507 -0.0028125
v 0.006592665 -0.1215855 -0.0028125
v 0.006727245 -0.12127698 -0.0028125
v 0.022074855 -0.121201425 -0.0028125
v 0.006870165 -0.12092733 -0.0028125
v 0.00702102 -0.12052218 -0.0028125
v 0.007175445 -0.12004464 -0.0028125
v 0.00731427 -0.119483055 -0.0028125
v 0.00736554 -0.119177385 -0.0028125
v 0.007394835 -0.11886702 -0.0028125
v 0.00740043 -0.118554225 -0.0028125
v 0.007363185 -0.118248105 -0.0028125
v 0.00714087 -0.117693195 -0.0028125
v 0.00669591 -0.11732244 -0.0028125
v 0.056049195 -0.12551979 -0.0028125
v 0.03611619 -0.125290065 -0.0028125
v 0.05606994 -0.12495912 -0.0028125
v 0.03705714 -0.124673805 -0.0028125
v 0.05615439 -0.124398225 -0.0028125
v 0.03749001 -0.124308285 -0.0028125
v 0.037889175 -0.1239027 -0.0028125
v 0.056289675 -0.123848835 -0.0028125
v 0.038235315 -0.123461535 -0.0028125
v 0.03852981 -0.12298449 -0.0028125
v 0.056688705 -0.12279711 -0.0028125
v 0.03887205 -0.122207415 -0.0028125
v 0.057205995 -0.12182289 -0.0028125
v 0.039145725 -0.12140913 -0.0028125
v 0.0578262 -0.120887025 -0.0028125
v 0.03934689 -0.120586245 -0.0028125
v 0.058578615 -0.11992965 -0.0028125
v 0.03948021 -0.11974278 -0.0028125
v 0.05950383 -0.11891229 -0.0028125
v 0.039568365 -0.118898565 -0.0028125
v 0.060038205 -0.118380165 -0.0028125
v 0.050128815 -0.118251855 -0.0028125
v 0.04928355 -0.11823837 -0.0028125
v 0.05097261 -0.118188945 -0.0028125
v 0.05181327 -0.11805525 -0.0028125
v 0.052642125 -0.117878295 -0.0028125
v 0.060622035 -0.11783571 -0.0028125
v 0.053459955 -0.11765472 -0.0028125
v 0.05426574 -0.11739894 -0.0028125
v 0.061255635 -0.11728056 -0.0028125
v 0.05505837 -0.11711229 -0.0028125
v 0.0619398 -0.116716695 -0.0028125
v 0.056612055 -0.116464545 -0.0028125
v 0.06267441 -0.116148 -0.0028125
v 0.05814903 -0.115721415 -0.0028125
v 0.06345945 -0.11557593 -0.0028125
v 0.059715585 -0.114869415 -0.0028125
v 0.064294965 -0.115006515 -0.0028125
v 0.065180925 -0.11443932 -0.0028125
v 0.06052209 -0.11439639 -0.0028125
v 0.065732565 -0.11412594 -0.0028125
v 0.066389235 -0.11388531 -0.0028125
v 0.03960843 -0.11805168 -0.0028125
v 0.048435405 -0.118153215 -0.0028125
v 0.047890695 -0.11802054 -0.0028125
v 0.03961413 -0.117206385 -0.0028125
v 0.04736415 -0.117827685 -0.0028125
v 0.046855065 -0.117573375 -0.0028125
v 0.046373685 -0.11727465 -0.0028125
v 0.04549683 -0.116570175 -0.0028125
v 0.039586455 -0.116363985 -0.0028125
v 0.044730135 -0.115777155 -0.0028125
v 0.039450525 -0.114686205 -0.0028125
v 0.04403175 -0.114898095 -0.0028125
v 0.043353735 -0.11388666 -0.0028125
v 0.039218715 -0.112994805 -0.0028125
v 0.042672075 -0.11269236 -0.0028125
v 0.03889251 -0.11124165 -0.0028125
v 0.042331125 -0.112019685 -0.0028125
v 0.04199373 -0.111296205 -0.0028125
v 0.04166154 -0.110522055 -0.0028125
v 0.038691855 -0.110328435 -0.0028125
v 0.041336685 -0.10969713 -0.0028125
v 0.0384594 -0.1093773 -0.0028125
v 0.04102284 -0.108822735 -0.0028125
v 0.038193705 -0.108385185 -0.0028125
v 0.040721355 -0.10789935 -0.0028125
v 0.03789597 -0.10735467 -0.0028125
v 0.040438005 -0.106928775 -0.0028125
v 0.03774051 -0.106876515 -0.0028125
v 0.037515675 -0.10636032 -0.0028125
v 0.040172355 -0.10591089 -0.0028125
v 0.03714576 -0.10582083 -0.0028125
v 0.036879765 -0.105562515 -0.0028125
v 0.04006326 -0.105404865 -0.0028125
v 0.036556275 -0.105326325 -0.0028125
v 0.03619728 -0.10515429 -0.0028125
v -0.01203555 -0.133560375 -0.0028125
v -0.0119346 -0.133411155 -0.0028125
v -0.0118977 -0.13322949 -0.0028125
v -0.0119346 -0.133047825 -0.0028125
v -0.01203555 -0.132898605 -0.0028125
v -0.01218624 -0.13279725 -0.0028125
v -0.029669115 -0.127830885 -0.0028125
v -0.02956815 -0.12768168 -0.0028125
v -0.02953125 -0.1275 -0.0028125
v -0.02956815 -0.12731832 -0.0028125
v -0.029669115 -0.127169115 -0.0028125
v -0.029819805 -0.12706776 -0.0028125
v 0.019188405 -0.116539605 -0.0028125
v 0.01933911 -0.11643825 -0.0028125
v 0.01944006 -0.116289045 -0.0028125
v 0.01947696 -0.116107365 -0.0028125
v 0.01944006 -0.1159257 -0.0028125
v 0.01933911 -0.11577648 -0.0028125
v 0.019188405 -0.115675125 -0.0028125
v 0.011467155 -0.09864495 -0.0028125
v 0.048943425 -0.097930665 -0.0028125
v 0.011763795 -0.09788217 -0.0028125
v 0.04912362 -0.09789417 -0.0028125
v 0.099348825 -0.097818105 -0.0028125
v 0.04927431 -0.0977928 -0.0028125
v 0.049375275 -0.097643595 -0.0028125
v 0.049412175 -0.097461915 -0.0028125
v 0.049375275 -0.09728025 -0.0028125
v 0.04927431 -0.09713103 -0.0028125
v 0.04912362 -0.09702969 -0.0028125
v 0.048943425 -0.096993165 -0.0028125
v 0.09839511 -0.09675114 -0.0028125
v 0.012117345 -0.09645078 -0.0028125
v 0.097239195 -0.09587397 -0.0028125
v 0.04876323 -0.09702969 -0.0028125
v 0.04861254 -0.09713103 -0.0028125
v 0.01197984 -0.097150935 -0.0028125
v 0.048511575 -0.09728025 -0.0028125
v 0.048474675 -0.097461915 -0.0028125
v 0.048511575 -0.097643595 -0.0028125
v 0.04861254 -0.0977928 -0.0028125
v 0.04876323 -0.09789417 -0.0028125
v 0.012184515 -0.0957783 -0.0028125
v 0.029315775 -0.095384025 -0.0028125
v 0.01213077 -0.094530645 -0.0028125
v 0.030001395 -0.09535233 -0.0028125
v 0.030618795 -0.09526683 -0.0028125
v 0.03117105 -0.0951447 -0.0028125
v 0.031663575 -0.094999575 -0.0028125
v 0.03209889 -0.09484428 -0.0028125
v 0.095542695 -0.094797225 -0.0028125
v 0.03248526 -0.094687245 -0.0028125
v 0.03284139 -0.09453036 -0.0028125
v 0.03318504 -0.09437142 -0.0028125
v 0.09390564 -0.09369696 -0.0028125
v 0.035808495 -0.09300921 -0.0028125
v 0.079979295 -0.09285969 -0.0028125
v 0.07964334 -0.092851125 -0.0028125
v 0.080329995 -0.09285666 -0.0028125
v 0.08072172 -0.092838465 -0.0028125
v 0.08117922 -0.09279558 -0.0028125
v 0.081699645 -0.09270723 -0.0028125
v 0.092328285 -0.092573295 -0.0028125
v 0.082256775 -0.092526405 -0.0028125
v 0.082806435 -0.09219474 -0.0028125
v 0.0832125 -0.09169368 -0.0028125
v 0.0908121 -0.091426665 -0.0028125
v 0.083338965 -0.09106962 -0.0028125
v 0.083237475 -0.09044745 -0.0028125
v 0.089352915 -0.09025575 -0.0028125
v 0.083010945 -0.08991564 -0.0028125
v 0.082729575 -0.08946855 -0.0028125
v 0.082446315 -0.08909265 -0.0028125
v 0.08794713 -0.089059575 -0.0028125
v 0.082184235 -0.08877846 -0.0028125
v 0.08194383 -0.088512105 -0.0028125
v 0.081720615 -0.08828091 -0.0028125
v 0.08150982 -0.088074975 -0.0028125
v 0.081311565 -0.087889305 -0.0028125
v 0.08112714 -0.087720465 -0.0028125
v 0.08096292 -0.08757132 -0.0028125
v 0.08529696 -0.086590575 -0.0028125
v 0.07944726 -0.086142165 -0.0028125
v 0.077997915 -0.08467779 -0.0028125
v 0.082850265 -0.0840117 -0.0028125
v 0.075301125 -0.081645705 -0.0028125
v 0.08060016 -0.081314355 -0.0028125
v 0.072856605 -0.078462225 -0.0028125
v 0.078547305 -0.078494925 -0.0028125
v 0.076693695 -0.075551415 -0.0028125
v 0.070648335 -0.07511457 -0.0028125
v 0.0704241 -0.074751135 -0.0028125
v 0.070148025 -0.074354445 -0.0028125
v 0.0759288 -0.07418646 -0.0028125
v 0.06977406 -0.07393701 -0.0028125
v 0.069230925 -0.073539255 -0.0028125
v 0.068879985 -0.07337406 -0.0028125
v 0.0684912 -0.07326477 -0.0028125
v 0.075262935 -0.072866625 -0.0028125
v 0.068091075 -0.07323177 -0.0028125
v 0.01370841 -0.072202035 -0.0028125
v 0.074696385 -0.07159068 -0.0028125
v 0.067697595 -0.073275675 -0.0028125
v 0.066998205 -0.073540935 -0.0028125
v 0.01393638 -0.07359846 -0.0028125
v 0.066484665 -0.07390359 -0.0028125
v 0.066116745 -0.074285595 -0.0028125
v 0.04246782 -0.07453125 -0.0028125
v 0.06583545 -0.074653005 -0.0028125
v 0.02398227 -0.07455246 -0.0028125
v 0.042287625 -0.07456776 -0.0028125
v 0.02322459 -0.07460664 -0.0028125
v 0.022532595 -0.0748998 -0.0028125
v 0.01413999 -0.074952735 -0.0028125
v 0.022028175 -0.07539603 -0.0028125
v 0.01425012 -0.07576962 -0.0028125
v 0.02170863 -0.07595838 -0.0028125
v 0.021540465 -0.076478685 -0.0028125
v 0.014327715 -0.076545975 -0.0028125
v 0.02146887 -0.07692501 -0.0028125
v 0.014374095 -0.07728144 -0.0028125
v 0.02144487 -0.077309055 -0.0028125
v 0.02144241 -0.077642325 -0.0028125
v 0.02144658 -0.07793454 -0.0028125
v 0.01437897 -0.07797936 -0.0028125
v 0.02145333 -0.078444315 -0.0028125
v 0.021456945 -0.078950955 -0.0028125
v 0.01425705 -0.079255185 -0.0028125
v 0.021461145 -0.079513035 -0.0028125
v 0.02150148 -0.080046585 -0.0028125
v 0.01392657 -0.080436555 -0.0028125
v 0.02158185 -0.08054661 -0.0028125
v 0.021710805 -0.08100345 -0.0028125
v 0.013351395 -0.08157645 -0.0028125
v 0.02208897 -0.08176968 -0.0028125
v 0.022562655 -0.08236098 -0.0028125
v 0.01258491 -0.08258868 -0.0028125
v 0.023068725 -0.082869735 -0.0028125
v 0.011830035 -0.083479155 -0.0028125
v 0.023897895 -0.08387715 -0.0028125
v 0.01110213 -0.08459208 -0.0028125
v 0.024531495 -0.084991905 -0.0028125
v 0.0105837 -0.085811895 -0.0028125
v 0.024970455 -0.086216655 -0.0028125
v 0.01771782 -0.08625 -0.0028125
v 0.0251892 -0.087480315 -0.0028125
v 0.017000295 -0.086392725 -0.0028125
v 0.016392 -0.08679918 -0.0028125
v 0.01028799 -0.087103725 -0.0028125
v 0.015985545 -0.087407475 -0.0028125
v 0.01584282 -0.088125 -0.0028125
v 0.010224255 -0.08842839 -0.0028125
v 0.015985545 -0.088842525 -0.0028125
v 0.016392 -0.08945082 -0.0028125
v 0.01039503 -0.089745255 -0.0028125
v 0.017000295 -0.089857275 -0.0028125
v 0.01771782 -0.09 -0.0028125
v 0.024957435 -0.09077703 -0.0028125
v 0.025027485 -0.090049395 -0.0028125
v 0.010797375 -0.091015935 -0.0028125
v 0.0249573 -0.091591545 -0.0028125
v 0.011143245 -0.091764225 -0.0028125
v 0.02510307 -0.092491485 -0.0028125
v 0.01151709 -0.092545065 -0.0028125
v 0.02547381 -0.093414885 -0.0028125
v 0.011876805 -0.093448635 -0.0028125
v 0.026104995 -0.0942225 -0.0028125
v 0.026908665 -0.094809645 -0.0028125
v 0.02775561 -0.095163765 -0.0028125
v 0.02856588 -0.09533532 -0.0028125
v 0.018435345 -0.089857275 -0.0028125
v 0.01904364 -0.08945082 -0.0028125
v 0.025117155 -0.08939016 -0.0028125
v 0.019450095 -0.088842525 -0.0028125
v 0.025188675 -0.088785525 -0.0028125
v 0.01959282 -0.088125 -0.0028125
v 0.019450095 -0.087407475 -0.0028125
v 0.01904364 -0.08679918 -0.0028125
v 0.018435345 -0.086392725 -0.0028125
v 0.042136935 -0.074669115 -0.0028125
v 0.02462937 -0.074671545 -0.0028125
v 0.04203597 -0.074818335 -0.0028125
v 0.025133115 -0.074862405 -0.0028125
v 0.04199907 -0.075 -0.0028125
v 0.02554314 -0.075066585 -0.0028125
v 0.04203597 -0.075181665 -0.0028125
v 0.025887915 -0.075254865 -0.0028125
v 0.042136935 -0.075330885 -0.0028125
v 0.042287625 -0.07543224 -0.0028125
v 0.04246782 -0.07546875 -0.0028125
v 0.028684845 -0.07662678 -0.0028125
v 0.064199235 -0.07701651 -0.0028125
v 0.042648015 -0.07543224 -0.0028125
v 0.031573275 -0.07773468 -0.0028125
v 0.062708685 -0.079035525 -0.0028125
v 0.03456564 -0.078581865 -0.0028125
v 0.037624695 -0.079158375 -0.0028125
v 0.04488012 -0.079446075 -0.0028125
v 0.044494395 -0.079448235 -0.0028125
v 0.04531587 -0.07946781 -0.0028125
v 0.06112884 -0.081053055 -0.0028125
v 0.045812025 -0.079534695 -0.0028125
v 0.046375515 -0.079672215 -0.0028125
v 0.046983315 -0.07994148 -0.0028125
v 0.047525865 -0.08042433 -0.0028125
v 0.0478155 -0.08106585 -0.0028125
v 0.059459745 -0.0830691 -0.0028125
v 0.04783593 -0.08171424 -0.0028125
v 0.047701725 -0.082266615 -0.0028125
v 0.04750956 -0.082714395 -0.0028125
v 0.047306505 -0.08308611 -0.0028125
v 0.05770137 -0.08508366 -0.0028125
v 0.04710438 -0.08339973 -0.0028125
v 0.046907835 -0.0836661 -0.0028125
v 0.046725045 -0.08389047 -0.0028125
v 0.046560705 -0.08407911 -0.0028125
v 0.04641291 -0.08424213 -0.0028125
v 0.04627653 -0.084389175 -0.0028125
v 0.046145865 -0.0845283 -0.0028125
v 0.044536605 -0.08618541 -0.0028125
v 0.055853715 -0.087096735 -0.0028125
v 0.055719705 -0.087238575 -0.0028125
v 0.05557974 -0.08738784 -0.0028125
v 0.055427535 -0.087553425 -0.0028125
v 0.0552576 -0.087745935 -0.0028125
v 0.042922005 -0.087751155 -0.0028125
v 0.05506815 -0.087976095 -0.0028125
v 0.054865215 -0.08824968 -0.0028125
v 0.054657765 -0.08857272 -0.0028125
v 0.05445084 -0.088958475 -0.0028125
v 0.054263595 -0.089426925 -0.0028125
v 0.040685565 -0.089693715 -0.0028125
v 0.05415786 -0.09000576 -0.0028125
v 0.054240585 -0.09066579 -0.0028125
v 0.05460786 -0.09127863 -0.0028125
v 0.038311545 -0.09144819 -0.0028125
v 0.055172895 -0.0917064 -0.0028125
v 0.055754595 -0.091942155 -0.0028125
v 0.056295705 -0.092073735 -0.0028125
v 0.056801865 -0.092142525 -0.0028125
v 0.05727594 -0.09216654 -0.0028125
v 0.079307625 -0.092832045 -0.0028125
v 0.078979035 -0.09280617 -0.0028125
v 0.078675705 -0.09277926 -0.0028125
v 0.075460065 -0.09251826 -0.0028125
v 0.07216125 -0.092318595 -0.0028125
v 0.057713985 -0.092165655 -0.0028125
v 0.05811249 -0.0921564 -0.0028125
v 0.06531405 -0.092103285 -0.0028125
v 0.040713195 -0.07945416 -0.0028125
v 0.04414896 -0.07945995 -0.0028125
v 0.043843545 -0.079472565 -0.0028125
v 0.042798705 -0.075330885 -0.0028125
v 0.04289967 -0.075181665 -0.0028125
v 0.04293657 -0.075 -0.0028125
v 0.06560052 -0.074996025 -0.0028125
v 0.04289967 -0.074818335 -0.0028125
v 0.042798705 -0.074669115 -0.0028125
v 0.042648015 -0.07456776 -0.0028125
v 0.01345608 -0.07076349 -0.0028125
v 0.041284095 -0.07046652 -0.0028125
v 0.01317939 -0.069282825 -0.0028125
v 0.043748415 -0.070461585 -0.0028125
v 0.07422816 -0.07036578 -0.0028125
v 0.04620804 -0.070218285 -0.0028125
v 0.04861797 -0.069740985 -0.0028125
v 0.06010137 -0.06973926 -0.0028125
v 0.050986215 -0.069029025 -0.0028125
v 0.06028158 -0.06970275 -0.0028125
v 0.06043227 -0.069601395 -0.0028125
v 0.06053322 -0.069452175 -0.0028125
v 0.06057012 -0.06927051 -0.0028125
v 0.07385829 -0.069193275 -0.0028125
v 0.06053322 -0.069088845 -0.0028125
v 0.06043227 -0.068939625 -0.0028125
v 0.06028158 -0.06883827 -0.0028125
v 0.06010137 -0.06880176 -0.0028125
v 0.052191675 -0.06841779 -0.0028125
v 0.051587595 -0.068788665 -0.0028125
v 0.052471605 -0.068158305 -0.0028125
v 0.073575285 -0.06807717 -0.0028125
v 0.052717725 -0.06785115 -0.0028125
v 0.05291343 -0.067488585 -0.0028125
v 0.05305137 -0.067098975 -0.0028125
v 0.073376445 -0.06701478 -0.0028125
v 0.053113065 -0.066704265 -0.0028125
v 0.05311533 -0.066315825 -0.0028125
v 0.073249185 -0.06599604 -0.0028125
v 0.052973595 -0.06561366 -0.0028125
v 0.05703183 -0.06508506 -0.0028125
v 0.052731195 -0.06499647 -0.0028125
v 0.057781275 -0.065020035 -0.0028125
v 0.058435965 -0.064771155 -0.0028125
v 0.058965675 -0.064424505 -0.0028125
v 0.05939013 -0.064068105 -0.0028125
v 0.07318764 -0.06405648 -0.0028125
v 0.061159005 -0.062337195 -0.0028125
v 0.073352265 -0.062170185 -0.0028125
v 0.062742045 -0.06045663 -0.0028125
v 0.073741905 -0.06028401 -0.0028125
v 0.06414366 -0.05841978 -0.0028125
v 0.074314185 -0.05841231 -0.0028125
v 0.065338695 -0.05626353 -0.0028125
v 0.074958705 -0.056601465 -0.0028125
v 0.070999515 -0.05473926 -0.0028125
v 0.066322485 -0.053994405 -0.0028125
v 0.07117971 -0.05470275 -0.0028125
v 0.0713304 -0.054601395 -0.0028125
v 0.071431365 -0.054452175 -0.0028125
v 0.071468265 -0.05427051 -0.0028125
v 0.071431365 -0.054088845 -0.0028125
v 0.0713304 -0.053939625 -0.0028125
v 0.075852195 -0.053696175 -0.0028125
v 0.07117971 -0.05383827 -0.0028125
v 0.070999515 -0.05380176 -0.0028125
v 0.067079475 -0.05164803 -0.0028125
v 0.07081932 -0.05383827 -0.0028125
v 0.07648461 -0.05075328 -0.0028125
v 0.06760809 -0.0492327 -0.0028125
v 0.076856385 -0.04776264 -0.0028125
v 0.0678987 -0.046794015 -0.0028125
v 0.076966695 -0.04474413 -0.0028125
v 0.06795312 -0.044323905 -0.0028125
v 0.06791574 -0.04368822 -0.0028125
v 0.06774717 -0.042995805 -0.0028125
v 0.067589595 -0.042655815 -0.0028125
v 0.067372185 -0.04232268 -0.0028125
v 0.06710472 -0.042026775 -0.0028125
v 0.06677991 -0.04178412 -0.0028125
v 0.076812435 -0.041737755 -0.0028125
v 0.06641793 -0.04159203 -0.0028125
v 0.06605346 -0.04146657 -0.0028125
v 0.06532149 -0.04137399 -0.0028125
v 0.0577749 -0.03948795 -0.0028125
v 0.02684424 -0.040462065 -0.0028125
v 0.05955639 -0.039408915 -0.0028125
v 0.06048864 -0.03933732 -0.0028125
v 0.061462875 -0.03923949 -0.0028125
v 0.062482305 -0.03911445 -0.0028125
v 0.06354423 -0.03896304 -0.0028125
v 0.064048095 -0.038874015 -0.0028125
v 0.076395405 -0.038743785 -0.0028125
v 0.064606065 -0.038716755 -0.0028125
v 0.06521631 -0.038399685 -0.0028125
v 0.065515455 -0.03815799 -0.0028125
v 0.065776695 -0.03786927 -0.0028125
v 0.06598731 -0.037540785 -0.0028125
v 0.06613185 -0.03718557 -0.0028125
v 0.066247995 -0.03645669 -0.0028125
v 0.070999515 -0.03619824 -0.0028125
v 0.066181425 -0.03579717 -0.0028125
v 0.07117971 -0.03616173 -0.0028125
v 0.0713304 -0.036060375 -0.0028125
v 0.071431365 -0.035911155 -0.0028125
v 0.07572105 -0.035811315 -0.0028125
v 0.071468265 -0.03572949 -0.0028125
v 0.071431365 -0.035547825 -0.0028125
v 0.0713304 -0.035398605 -0.0028125
v 0.07117971 -0.03529725 -0.0028125
v 0.070999515 -0.03526074 -0.0028125
v 0.074789115 -0.032935845 -0.0028125
v 0.065831955 -0.034798305 -0.0028125
v 0.066019545 -0.035255895 -0.0028125
v 0.06473088 -0.032578635 -0.0028125
v 0.06343023 -0.030490365 -0.0028125
v 0.073615095 -0.030165315 -0.0028125
v 0.061924965 -0.02852727 -0.0028125
v 0.07219662 -0.027495915 -0.0028125
v 0.060243 -0.02672463 -0.0028125
v 0.05838924 -0.025088895 -0.0028125
v 0.070558035 -0.02497059 -0.0028125
v 0.05639277 -0.023645175 -0.0028125
v 0.068697885 -0.02259051 -0.0028125
v 0.054260685 -0.022397385 -0.0028125
v 0.05203215 -0.021368055 -0.0028125
v 0.06010137 -0.02119824 -0.0028125
v 0.049700205 -0.02055312 -0.0028125
v 0.06028158 -0.02116173 -0.0028125
v 0.06043227 -0.021060375 -0.0028125
v 0.06053322 -0.020911155 -0.0028125
v 0.06057012 -0.02072949 -0.0028125
v 0.06053322 -0.020547825 -0.0028125
v 0.06043227 -0.020398605 -0.0028125
v 0.066642795 -0.02038671 -0.0028125
v 0.06028158 -0.02029725 -0.0028125
v 0.06010137 -0.02026074 -0.0028125
v 0.0417237 -0.019755105 -0.0028125
v 0.04238451 -0.020105625 -0.0028125
v 0.041060175 -0.019604895 -0.0028125
v 0.02043105 -0.018455115 -0.0028125
v 0.04048416 -0.019589655 -0.0028125
v 0.06440538 -0.018375 -0.0028125
v 0.022588725 -0.01680333 -0.0028125
v 0.061979175 -0.01654728 -0.0028125
v 0.024869715 -0.015325815 -0.0028125
v 0.04246782 -0.01546875 -0.0028125
v 0.042287625 -0.01543224 -0.0028125
v 0.042648015 -0.01543224 -0.0028125
v 0.042798705 -0.015330885 -0.0028125
v 0.04289967 -0.015181665 -0.0028125
v 0.04293657 -0.015 -0.0028125
v 0.05951163 -0.014894205 -0.0028125
v 0.04289967 -0.014818335 -0.0028125
v 0.042798705 -0.014669115 -0.0028125
v 0.042648015 -0.01456776 -0.0028125
v 0.04246782 -0.01453125 -0.0028125
v 0.027255645 -0.01403571 -0.0028125
v 0.042287625 -0.01456776 -0.0028125
v 0.057111345 -0.013244055 -0.0028125
v 0.029752635 -0.012928605 -0.0028125
v 0.030003735 -0.012829425 -0.0028125
v 0.03028356 -0.01271667 -0.0028125
v 0.030587595 -0.012584955 -0.0028125
v 0.030913965 -0.012424335 -0.0028125
v 0.03126498 -0.012219375 -0.0028125
v 0.03164247 -0.01194882 -0.0028125
v 0.054778335 -0.011596845 -0.0028125
v 0.03203895 -0.011578605 -0.0028125
v 0.032399565 -0.01105008 -0.0028125
v 0.032582715 -0.010360215 -0.0028125
v 0.032564415 -0.00999519 -0.0028125
v 0.0525126 -0.00995256 -0.0028125
v 0.032470365 -0.009637905 -0.0028125
v 0.032140875 -0.00903459 -0.0028125
v 0.03174948 -0.00859674 -0.0028125
v 0.0503133 -0.00831168 -0.0028125
v 0.031363125 -0.00826347 -0.0028125
v 0.0309849 -0.007997955 -0.0028125
v 0.030622185 -0.007783515 -0.0028125
v 0.030285945 -0.007605885 -0.0028125
v 0.029982075 -0.007453245 -0.0028125
v 0.048172455 -0.006678585 -0.0028125
v 0.02758278 -0.006295485 -0.0028125
v 0.02520855 -0.005219805 -0.0028125
v 0.04609653 -0.005049705 -0.0028125
v 0.02399043 -0.004544715 -0.0028125
v 0.022926585 -0.00366495 -0.0028125
v 0.04409616 -0.00341922 -0.0028125
v 0.02204286 -0.002605935 -0.0028125
v 0.042181965 -0.00178128 -0.0028125
v 0.021367575 -0.00140328 -0.0028125
v 0.02821782 -0.000223245 -0.0028125
v 0.020922915 -9.1965e-05 -0.0028125
v 0.040360395 -0.000132345 -0.0028125
v 0.0289332 -8.1495e-05 -0.0028125
v 0.02954106 0.00032298 -0.0028125
v 0.02994864 0.000929355 -0.0028125
v 0.038623515 0.001523205 -0.0028125
v 0.03009282 0.00165 -0.0028125
v 0.02994864 0.002370645 -0.0028125
v 0.02954106 0.00297702 -0.0028125
v 0.03697044 0.00318492 -0.0028125
v 0.0289332 0.003381495 -0.0028125
v 0.02821782 0.003523245 -0.0028125
v -0.00716685 0.00604272 -0.0028125
v 0.03391578 0.0065268 -0.0028125
v -0.00811689 0.00468981 -0.0028125
v 0.027502425 0.003381495 -0.0028125
v -0.008809215 0.00320322 -0.0028125
v 0.02689458 0.00297702 -0.0028125
v 0.012331635 0.00298308 -0.0028125
v 0.012809085 0.00293841 -0.0028125
v 0.011871825 0.002970435 -0.0028125
v 0.011432265 0.002900625 -0.0028125
v 0.011031465 0.00277398 -0.0028125
v 0.01066803 0.00258888 -0.0028125
v 0.00036864 0.0020766 -0.0028125
v 0.01007064 0.00207009 -0.0028125
v -0.00036864 0.0020766 -0.0028125
v -0.001055985 0.001824225 -0.0028125
v -0.00923541 0.001611795 -0.0028125
v -0.001613835 0.001355325 -0.0028125
v -0.00197943 0.0007275 -0.0028125
v -0.002109375 0 -0.0028125
v -0.00937347 -2.9925e-05 -0.0028125
v -0.00197943 -0.0007275 -0.0028125
v -0.001613835 -0.001355325 -0.0028125
v -0.00922563 -0.00166314 -0.0028125
v -0.001055985 -0.001824225 -0.0028125
v -0.00036864 -0.0020766 -0.0028125
v -0.008790015 -0.003257895 -0.0028125
v 0.009587385 -0.00530574 -0.0028125
v 0.00036864 -0.0020766 -0.0028125
v -0.00809298 -0.004729995 -0.0028125
v -0.007133535 -0.00608304 -0.0028125
v 0.009977685 -0.01029057 -0.0028125
v -0.005163825 -0.00857271 -0.0028125
v -0.00423324 -0.009916455 -0.0028125
v -0.00333885 -0.011326155 -0.0028125
v 0.01024332 -0.012842265 -0.0028125
v -0.00248082 -0.01280118 -0.0028125
v -0.00165948 -0.01434009 -0.0028125
v 0.01055484 -0.01543374 -0.0028125
v -0.000874245 -0.015945315 -0.0028125
v 0.01091253 -0.018064905 -0.0028125
v -0.000124395 -0.017619645 -0.0028125
v 0.00059052 -0.01936578 -0.0028125
v 0.011316435 -0.020735775 -0.0028125
v 0.011384205 -0.021147675 -0.0028125
v 0.00126405 -0.021184035 -0.0028125
v 0.011474925 -0.021605985 -0.0028125
v 0.01161438 -0.02210958 -0.0028125
v 0.0118392 -0.02265375 -0.0028125
v 0.001900005 -0.0230727 -0.0028125
v 0.012189045 -0.02322066 -0.0028125
v 0.012727425 -0.023731875 -0.0028125
v 0.01306317 -0.02391363 -0.0028125
v 0.013428165 -0.024016005 -0.0028125
v 0.00250752 -0.02503029 -0.0028125
v 0.02647008 -0.025150515 -0.0028125
v 0.014180175 -0.023994135 -0.0028125
v 0.02462151 -0.02679396 -0.0028125
v 0.0030957 -0.02705532 -0.0028125
v 0.02295102 -0.02859771 -0.0028125
v 0.003659835 -0.029148 -0.0028125
v 0.021452385 -0.03056709 -0.0028125
v 0.02107701 -0.031162605 -0.0028125
v 0.004187865 -0.03130989 -0.0028125
v 0.02081154 -0.03186891 -0.0028125
v 0.02075319 -0.0322533 -0.0028125
v 0.020756235 -0.03266352 -0.0028125
v 0.02082123 -0.03306285 -0.0028125
v 0.02095977 -0.03343605 -0.0028125
v 0.004701795 -0.033538875 -0.0028125
v 0.02137404 -0.034072005 -0.0028125
v 0.021886455 -0.034527915 -0.0028125
v 0.022410945 -0.03485517 -0.0028125
v 0.013936125 -0.03526074 -0.0028125
v 0.023327685 -0.035371155 -0.0028125
v 0.01375593 -0.03529725 -0.0028125
v 0.01360524 -0.035398605 -0.0028125
v 0.013504275 -0.035547825 -0.0028125
v 0.013467375 -0.03572949 -0.0028125
v 0.00522456 -0.03583278 -0.0028125
v 0.013504275 -0.035911155 -0.0028125
v 0.01360524 -0.036060375 -0.0028125
v 0.01375593 -0.03616173 -0.0028125
v 0.013936125 -0.03619824 -0.0028125
v 0.020279355 -0.036973275 -0.0028125
v 0.025943355 -0.03664776 -0.0028125
v 0.019880805 -0.0369792 -0.0028125
v 0.01948185 -0.03705033 -0.0028125
v 0.019109895 -0.037185195 -0.0028125
v 0.01849758 -0.03760836 -0.0028125
v 0.018084705 -0.038111385 -0.0028125
v 0.005776155 -0.038189685 -0.0028125
v 0.017829765 -0.03861219 -0.0028125
v 0.01767429 -0.039084615 -0.0028125
v 0.01756944 -0.03952026 -0.0028125
v 0.006344865 -0.040610715 -0.0028125
v 0.01715586 -0.04195944 -0.0028125
v 0.00692547 -0.04309635 -0.0028125
v 0.016980495 -0.044410785 -0.0028125
v 0.007517955 -0.04564662 -0.0028125
v 0.017043615 -0.046882245 -0.0028125
v 0.008122335 -0.04826151 -0.0028125
v 0.017344065 -0.04932906 -0.0028125
v 0.008648265 -0.05023902 -0.0028125
v 0.017881785 -0.051743205 -0.0028125
v 0.009155595 -0.052175565 -0.0028125
v 0.0186483 -0.054086355 -0.0028125
v 0.013936125 -0.05380176 -0.0028125
v 0.01411632 -0.05383827 -0.0028125
v 0.01375593 -0.05383827 -0.0028125
v 0.01360524 -0.053939625 -0.0028125
v 0.00964431 -0.054071145 -0.0028125
v 0.013504275 -0.054088845 -0.0028125
v 0.013467375 -0.05427051 -0.0028125
v 0.013504275 -0.054452175 -0.0028125
v 0.01360524 -0.054601395 -0.0028125
v 0.01375593 -0.05470275 -0.0028125
v 0.013936125 -0.05473926 -0.0028125
v 0.010114395 -0.05592576 -0.0028125
v 0.019640115 -0.056351025 -0.0028125
v 0.01411632 -0.05470275 -0.0028125
v 0.010565865 -0.05773941 -0.0028125
v 0.020838675 -0.058495365 -0.0028125
v 0.010999845 -0.059512335 -0.0028125
v 0.02224719 -0.060526845 -0.0028125
v 0.022714995 -0.061078065 -0.0028125
v 0.01141845 -0.061244955 -0.0028125
v 0.023293455 -0.061541955 -0.0028125
v 0.02396958 -0.061827525 -0.0028125
v 0.02469288 -0.06189615 -0.0028125
v 0.028965075 -0.06227241 -0.0028125
v 0.02541099 -0.06174153 -0.0028125
v 0.02861031 -0.06264003 -0.0028125
v 0.0118188 -0.06293667 -0.0028125
v 0.028253355 -0.063092025 -0.0028125
v 0.027948345 -0.0636972 -0.0028125
v 0.027846105 -0.06406929 -0.0028125
v 0.02780229 -0.064459695 -0.0028125
v 0.01219767 -0.06458685 -0.0028125
v 0.02782377 -0.06485379 -0.0028125
v 0.027916035 -0.06522987 -0.0028125
v 0.028250985 -0.065889465 -0.0028125
v 0.012551805 -0.06619482 -0.0028125
v 0.02869113 -0.06638262 -0.0028125
v 0.029140215 -0.066725625 -0.0028125
v 0.02956224 -0.066986445 -0.0028125
v 0.01287834 -0.06776001 -0.0028125
v 0.03175617 -0.06813429 -0.0028125
v 0.024834255 -0.06880176 -0.0028125
v 0.03403425 -0.06905883 -0.0028125
v 0.02465406 -0.06883827 -0.0028125
v 0.02450337 -0.068939625 -0.0028125
v 0.02440242 -0.069088845 -0.0028125
v 0.024365505 -0.06927051 -0.0028125
v 0.02440242 -0.069452175 -0.0028125
v 0.02450337 -0.069601395 -0.0028125
v 0.02465406 -0.06970275 -0.0028125
v 0.024834255 -0.06973926 -0.0028125
v 0.038823195 -0.07023216 -0.0028125
v 0.036404055 -0.06976215 -0.0028125
v 0.025014465 -0.06970275 -0.0028125
v 0.02516514 -0.069601395 -0.0028125
v 0.025266105 -0.069452175 -0.0028125
v 0.025303005 -0.06927051 -0.0028125
v 0.025266105 -0.069088845 -0.0028125
v 0.02516514 -0.068939625 -0.0028125
v 0.025014465 -0.06883827 -0.0028125
v 0.02973513 -0.061525785 -0.0028125
v 0.026065305 -0.061391295 -0.0028125
v 0.026621595 -0.06094029 -0.0028125
v 0.030486315 -0.06082548 -0.0028125
v 0.027395625 -0.060227865 -0.0028125
v 0.031216905 -0.06017376 -0.0028125
v 0.028119525 -0.059522055 -0.0028125
v 0.03192894 -0.05956794 -0.0028125
v 0.028793235 -0.05882244 -0.0028125
v 0.03332367 -0.05845689 -0.0028125
v 0.029417865 -0.0581349 -0.0028125
v 0.029993685 -0.05746086 -0.0028125
v 0.034708245 -0.05745813 -0.0028125
v 0.030521205 -0.056804205 -0.0028125
v 0.03612588 -0.056550375 -0.0028125
v 0.031001565 -0.05616672 -0.0028125
v 0.03685671 -0.05613042 -0.0028125
v 0.031435395 -0.055549965 -0.0028125
v 0.03760578 -0.055738575 -0.0028125
v 0.03837237 -0.05537634 -0.0028125
v 0.032169825 -0.054387585 -0.0028125
v 0.039159195 -0.0550578 -0.0028125
v 0.039966585 -0.054779505 -0.0028125
v 0.04078761 -0.054570795 -0.0028125
v 0.041620995 -0.05443764 -0.0028125
v 0.04246782 -0.054375 -0.0028125
v 0.032744535 -0.05331429 -0.0028125
v 0.05131926 -0.05377449 -0.0028125
v 0.05117817 -0.05294124 -0.0028125
v 0.051492735 -0.05459916 -0.0028125
v 0.04302729 -0.05441106 -0.0028125
v 0.04357932 -0.054509565 -0.0028125
v 0.044124825 -0.05467161 -0.0028125
v 0.05191785 -0.056227815 -0.0028125
v 0.044650785 -0.05488221 -0.0028125
v 0.045636645 -0.05542371 -0.0028125
v 0.046529385 -0.05607156 -0.0028125
v 0.04736982 -0.05681598 -0.0028125
v 0.052439835 -0.05785344 -0.0028125
v 0.04821315 -0.057694305 -0.0028125
v 0.04909185 -0.058752105 -0.0028125
v 0.053065605 -0.05952366 -0.0028125
v 0.04954443 -0.059355345 -0.0028125
v 0.050002335 -0.060009255 -0.0028125
v 0.05342184 -0.06038835 -0.0028125
v 0.0504639 -0.06071394 -0.0028125
v 0.05381601 -0.061284885 -0.0028125
v 0.05092707 -0.06146994 -0.0028125
v 0.05425002 -0.06221598 -0.0028125
v 0.05138799 -0.062276535 -0.0028125
v 0.05472228 -0.063179355 -0.0028125
v 0.051845235 -0.06313356 -0.0028125
v 0.054941805 -0.06359454 -0.0028125
v 0.055228365 -0.064039605 -0.0028125
v 0.05229282 -0.06404019 -0.0028125
v 0.0556434 -0.064488675 -0.0028125
v 0.056262765 -0.06488694 -0.0028125
v 0.056641305 -0.06502362 -0.0028125
v 0.03319287 -0.05228502 -0.0028125
v 0.051070635 -0.052100505 -0.0028125
v 0.03353328 -0.05123568 -0.0028125
v 0.051010905 -0.051253995 -0.0028125
v 0.05099577 -0.0504003 -0.0028125
v 0.03374379 -0.050130495 -0.0028125
v 0.033781605 -0.049565025 -0.0028125
v 0.051051015 -0.04955514 -0.0028125
v 0.033767175 -0.048995925 -0.0028125
v 0.051181905 -0.04872159 -0.0028125
v 0.033690255 -0.048440325 -0.0028125
v 0.03355167 -0.04789704 -0.0028125
v 0.05138397 -0.04789704 -0.0028125
v 0.03323043 -0.047111055 -0.0028125
v 0.051591165 -0.04737609 -0.0028125
v 0.051855435 -0.04688151 -0.0028125
v 0.03284628 -0.046359645 -0.0028125
v 0.052178115 -0.046412775 -0.0028125
v 0.042201915 -0.046141305 -0.0028125
v 0.032394105 -0.045643335 -0.0028125
v 0.042733725 -0.046141305 -0.0028125
v 0.05254092 -0.045977655 -0.0028125
v 0.04319448 -0.04591938 -0.0028125
v 0.04352457 -0.04550652 -0.0028125
v 0.05336058 -0.045207375 -0.0028125
v 0.043639695 -0.045 -0.0028125
v 0.054252585 -0.04455852 -0.0028125
v 0.04352457 -0.04449348 -0.0028125
v 0.04319448 -0.04408062 -0.0028125
v 0.05522028 -0.043989255 -0.0028125
v 0.042733725 -0.043858695 -0.0028125
v 0.030752565 -0.043694535 -0.0028125
v 0.05631624 -0.043458615 -0.0028125
v 0.042201915 -0.043858695 -0.0028125
v 0.04174116 -0.04408062 -0.0028125
v 0.031333935 -0.044311635 -0.0028125
v 0.04141107 -0.04449348 -0.0028125
v 0.03187998 -0.044961495 -0.0028125
v 0.041295945 -0.045 -0.0028125
v 0.04141107 -0.04550652 -0.0028125
v 0.04174116 -0.04591938 -0.0028125
v 0.03014847 -0.043103235 -0.0028125
v 0.05759379 -0.0429498 -0.0028125
v 0.02952327 -0.042537975 -0.0028125
v 0.058307355 -0.04270578 -0.0028125
v 0.059070765 -0.042472365 -0.0028125
v 0.028221945 -0.04147026 -0.0028125
v 0.0598836 -0.042251145 -0.0028125
v 0.060745725 -0.042044265 -0.0028125
v 0.061655265 -0.04185516 -0.0028125
v 0.062611635 -0.041685135 -0.0028125
v 0.063612195 -0.041539605 -0.0028125
v 0.064657155 -0.041418195 -0.0028125
v 0.01426701 -0.054601395 -0.0028125
v 0.014367975 -0.054452175 -0.0028125
v 0.014404875 -0.05427051 -0.0028125
v 0.014367975 -0.054088845 -0.0028125
v 0.01426701 -0.053939625 -0.0028125
v 0.02509635 -0.03626613 -0.0028125
v 0.02676243 -0.036987135 -0.0028125
v 0.02065776 -0.03702168 -0.0028125
v 0.02755005 -0.037285935 -0.0028125
v 0.021322665 -0.03723447 -0.0028125
v 0.0218682 -0.03749559 -0.0028125
v 0.02830485 -0.03754581 -0.0028125
v 0.029025585 -0.037767825 -0.0028125
v 0.02281632 -0.03799728 -0.0028125
v 0.030358215 -0.03810711 -0.0028125
v 0.03155676 -0.038322 -0.0028125
v 0.032674245 -0.038430255 -0.0028125
v 0.02371455 -0.03849534 -0.0028125
v 0.050239485 -0.038558355 -0.0028125
v 0.033777285 -0.038429625 -0.0028125
v 0.05105619 -0.038807775 -0.0028125
v 0.024560235 -0.03898884 -0.0028125
v 0.05187993 -0.039012555 -0.0028125
v 0.052712985 -0.0391701 -0.0028125
v 0.053549265 -0.039293385 -0.0028125
v 0.054387315 -0.03938322 -0.0028125
v 0.02535651 -0.039478875 -0.0028125
v 0.056067705 -0.039482115 -0.0028125
v 0.03489315 -0.038288235 -0.0028125
v 0.04945263 -0.03824463 -0.0028125
v 0.035442435 -0.03814947 -0.0028125
v 0.035979015 -0.03795993 -0.0028125
v 0.048700185 -0.03786252 -0.0028125
v 0.03648351 -0.03771513 -0.0028125
v 0.03695733 -0.03741546 -0.0028125
v 0.04797831 -0.03741546 -0.0028125
v 0.03760557 -0.03686706 -0.0028125
v 0.047546895 -0.03705744 -0.0028125
v 0.04715817 -0.03665328 -0.0028125
v 0.038201505 -0.03626952 -0.0028125
v 0.046812105 -0.03620154 -0.0028125
v 0.038743035 -0.03561813 -0.0028125
v 0.04651038 -0.03572202 -0.0028125
v 0.03923262 -0.03491847 -0.0028125
v 0.046031085 -0.03470445 -0.0028125
v 0.03968193 -0.034198335 -0.0028125
v 0.04568964 -0.03365559 -0.0028125
v 0.04008918 -0.033454725 -0.0028125
v 0.04046487 -0.03269748 -0.0028125
v 0.04544727 -0.03255936 -0.0028125
v 0.04080927 -0.03192819 -0.0028125
v 0.04528128 -0.03135306 -0.0028125
v 0.04142259 -0.030360615 -0.0028125
v 0.04519215 -0.0299808 -0.0028125
v 0.04195569 -0.028738785 -0.0028125
v 0.04518057 -0.02922675 -0.0028125
v 0.045194475 -0.028428585 -0.0028125
v 0.04243104 -0.027020055 -0.0028125
v 0.045235275 -0.027587175 -0.0028125
v 0.045304935 -0.026703315 -0.0028125
v 0.042651015 -0.026111325 -0.0028125
v 0.04540614 -0.02577984 -0.0028125
v 0.042859035 -0.025154535 -0.0028125
v 0.04553997 -0.02481774 -0.0028125
v 0.043055145 -0.024146355 -0.0028125
v 0.04571076 -0.02382117 -0.0028125
v 0.0432393 -0.023089605 -0.0028125
v 0.04591821 -0.02278986 -0.0028125
v 0.043308825 -0.022597545 -0.0028125
v 0.04607307 -0.022184385 -0.0028125
v 0.043333575 -0.022016685 -0.0028125
v 0.046357635 -0.02153817 -0.0028125
v 0.043223355 -0.02133585 -0.0028125
v 0.0468462 -0.02094324 -0.0028125
v 0.042906525 -0.020653665 -0.0028125
v 0.0471621 -0.020707965 -0.0028125
v 0.047513055 -0.0205245 -0.0028125
v 0.04789209 -0.020405445 -0.0028125
v 0.0482823 -0.020344185 -0.0028125
v 0.059921175 -0.02029725 -0.0028125
v 0.059770485 -0.020398605 -0.0028125
v 0.0490386 -0.020387955 -0.0028125
v 0.059669535 -0.020547825 -0.0028125
v 0.05963262 -0.02072949 -0.0028125
v 0.059669535 -0.020911155 -0.0028125
v 0.059770485 -0.021060375 -0.0028125
v 0.059921175 -0.02116173 -0.0028125
v 0.01411632 -0.03616173 -0.0028125
v 0.01426701 -0.036060375 -0.0028125
v 0.014367975 -0.035911155 -0.0028125
v 0.02422269 -0.03584154 -0.0028125
v 0.014404875 -0.03572949 -0.0028125
v 0.014367975 -0.035547825 -0.0028125
v 0.01426701 -0.035398605 -0.0028125
v 0.01411632 -0.03529725 -0.0028125
v 0.01482252 -0.02375553 -0.0028125
v 0.02846202 -0.02369781 -0.0028125
v 0.015318135 -0.023447985 -0.0028125
v 0.015706545 -0.023130465 -0.0028125
v 0.01602339 -0.02281809 -0.0028125
v 0.01629561 -0.02251905 -0.0028125
v 0.030591165 -0.022441425 -0.0028125
v 0.01653477 -0.022246395 -0.0028125
v 0.032824275 -0.0214005 -0.0028125
v 0.024834255 -0.02119824 -0.0028125
v 0.01841511 -0.020268 -0.0028125
v 0.025014465 -0.02116173 -0.0028125
v 0.02516514 -0.021060375 -0.0028125
v 0.025266105 -0.020911155 -0.0028125
v 0.025303005 -0.02072949 -0.0028125
v 0.03515385 -0.020577525 -0.0028125
v 0.025266105 -0.020547825 -0.0028125
v 0.02516514 -0.020398605 -0.0028125
v 0.025014465 -0.02029725 -0.0028125
v 0.024834255 -0.02026074 -0.0028125
v 0.037538415 -0.019987215 -0.0028125
v 0.039985335 -0.0196269 -0.0028125
v 0.02465406 -0.02029725 -0.0028125
v 0.02450337 -0.020398605 -0.0028125
v 0.02440242 -0.020547825 -0.0028125
v 0.024365505 -0.02072949 -0.0028125
v 0.02440242 -0.020911155 -0.0028125
v 0.02450337 -0.021060375 -0.0028125
v 0.02465406 -0.02116173 -0.0028125
v 0.001055985 -0.001824225 -0.0028125
v 0.001613835 -0.001355325 -0.0028125
v 0.00197943 -0.0007275 -0.0028125
v 0.00938637 -0.000478695 -0.0028125
v 0.002109375 0 -0.0028125
v 0.00938478 0.00014061 -0.0028125
v 0.00197943 0.0007275 -0.0028125
v 0.009455685 0.000766905 -0.0028125
v 0.001613835 0.001355325 -0.0028125
v 0.0096669 0.001427955 -0.0028125
v 0.001055985 0.001824225 -0.0028125
v 0.026487 0.002370645 -0.0028125
v 0.01330704 0.002836605 -0.0028125
v 0.01577364 0.002441985 -0.0028125
v 0.018204825 0.00220458 -0.0028125
v 0.0186486 0.00217701 -0.0028125
v 0.02634282 0.00165 -0.0028125
v 0.01906995 0.002095035 -0.0028125
v 0.01947603 0.001958385 -0.0028125
v 0.019845435 0.0017679 -0.0028125
v 0.02041704 0.00122775 -0.0028125
v 0.026487 0.000929355 -0.0028125
v 0.02075271 0.00056745 -0.0028125
v 0.02689458 0.00032298 -0.0028125
v 0.027502425 -8.1495e-05 -0.0028125
v 0.014839335 0.00679716 -0.0028125
v 0.01366155 0.0068193 -0.0028125
v 0.016011105 0.00681294 -0.0028125
v 0.017185935 0.00686556 -0.0028125
v 0.018359355 0.006957525 -0.0028125
v 0.019530885 0.00708948 -0.0028125
v 0.020697615 0.007265925 -0.0028125
v 0.03293229 0.00748233 -0.0028125
v 0.02185968 0.0074877 -0.0028125
v 0.023007555 0.007766385 -0.0028125
v 0.024130605 0.008115375 -0.0028125
v 0.03180513 0.00823584 -0.0028125
v 0.02523237 0.0085302 -0.0028125
v 0.03055809 0.008775345 -0.0028125
v 0.026529945 0.00895728 -0.0028125
v 0.029228955 0.009081345 -0.0028125
v 0.027871425 0.00914133 -0.0028125
v -0.006003585 0.00719859 -0.0028125
v 0.012472485 0.00687798 -0.0028125
v 0.011265315 0.00697797 -0.0028125
v 0.010033725 0.00712068 -0.0028125
v 0.008770725 0.007314675 -0.0028125
v -0.00465138 0.008139735 -0.0028125
v 0.007467435 0.00756444 -0.0028125
v 0.006123075 0.007883565 -0.0028125
v 0.00473343 0.00828897 -0.0028125
v -0.00315405 0.008826945 -0.0028125
v 0.00329991 0.00877503 -0.0028125
v 0.001701525 0.00921813 -0.0028125
v -0.00156765 0.00924234 -0.0028125
v 8.025e-05 0.009373995 -0.0028125
v 0.042136935 -0.014669115 -0.0028125
v 0.04203597 -0.014818335 -0.0028125
v 0.04199907 -0.015 -0.0028125
v 0.04203597 -0.015181665 -0.0028125
v 0.042136935 -0.015330885 -0.0028125
v 0.07081932 -0.03529725 -0.0028125
v 0.07066863 -0.035398605 -0.0028125
v 0.070567665 -0.035547825 -0.0028125
v 0.070530765 -0.03572949 -0.0028125
v 0.070567665 -0.035911155 -0.0028125
v 0.07066863 -0.036060375 -0.0028125
v 0.07081932 -0.03616173 -0.0028125
v 0.07066863 -0.053939625 -0.0028125
v 0.070567665 -0.054088845 -0.0028125
v 0.070530765 -0.05427051 -0.0028125
v 0.070567665 -0.054452175 -0.0028125
v 0.07066863 -0.054601395 -0.0028125
v 0.07081932 -0.05470275 -0.0028125
v 0.059921175 -0.06883827 -0.0028125
v 0.059770485 -0.068939625 -0.0028125
v 0.059669535 -0.069088845 -0.0028125
v 0.05963262 -0.06927051 -0.0028125
v 0.059669535 -0.069452175 -0.0028125
v 0.059770485 -0.069601395 -0.0028125
v 0.059921175 -0.06970275 -0.0028125
v 0.07886127 -0.10536885 -0.0028125
v 0.079301175 -0.10546128 -0.0028125
v 0.07969812 -0.105563625 -0.0028125
v 0.08005245 -0.10566255 -0.0028125
v 0.08302464 -0.1065768 -0.0028125
v 0.09897237 -0.10717593 -0.0028125
v 0.08553087 -0.10738959 -0.0028125
v 0.097924065 -0.10817031 -0.0028125
v 0.087559005 -0.108113475 -0.0028125
v 0.089145525 -0.108710865 -0.0028125
v 0.09671106 -0.108942915 -0.0028125
v 0.090326955 -0.109144125 -0.0028125
v 0.095366595 -0.10947258 -0.0028125
v 0.0910911 -0.109425825 -0.0028125
v 0.092513415 -0.10971798 -0.0028125
v 0.09394515 -0.109732665 -0.0028125
v 0.075595905 -0.11983935 -0.0028125
v 0.07549494 -0.11998857 -0.0028125
v 0.07545804 -0.12017025 -0.0028125
v 0.07549494 -0.1203519 -0.0028125
v 0.075595905 -0.12050112 -0.0028125
v 0.0742758 -0.138333315 -0.0028125
v 0.06955683 -0.13847532 -0.0028125
v 0.074174835 -0.138482535 -0.0028125
v 0.074137935 -0.1386642 -0.0028125
v 0.074174835 -0.13884588 -0.0028125
v 0.069004065 -0.13890741 -0.0028125
v 0.0742758 -0.138995085 -0.0028125
v 0.07442649 -0.13909644 -0.0028125
v 0.06248802 -0.152417955 -0.0028125
v 0.06233733 -0.15251931 -0.0028125
v 0.062236365 -0.15266853 -0.0028125
v 0.049774665 -0.15270669 -0.0028125
v 0.062199465 -0.152850195 -0.0028125
v 0.062236365 -0.153031875 -0.0028125
v 0.06233733 -0.15318108 -0.0028125
v 0.06248802 -0.153282435 -0.0028125
v 0.044340585 -0.156978765 -0.0028125
v 0.02592111 -0.157114365 -0.0028125
v 0.04423962 -0.157127985 -0.0028125
v 0.04420272 -0.157309635 -0.0028125
v 0.04423962 -0.157491315 -0.0028125
v 0.044340585 -0.157640535 -0.0028125
v 0.044491275 -0.15774189 -0.0028125
v 0.034901355 -0.15989493 -0.0028125
v 0.0554397 -0.16078839 -0.0028125
v 0.03549648 -0.16002057 -0.0028125
v 0.036619995 -0.16034736 -0.0028125
v 0.039702525 -0.161145765 -0.0028125
v 0.052328505 -0.161440215 -0.0028125
v 0.04282182 -0.16165479 -0.0028125
v 0.04917078 -0.161804745 -0.0028125
v 0.0459921 -0.161875005 -0.0028125
v 0.011606685 -0.18766086 -0.0028125
v -0.00745578 -0.185908545 -0.0028125
v -0.00698997 -0.186488835 -0.0028125
v -0.006732465 -0.187140495 -0.0028125
v -0.00661872 -0.18775476 -0.0028125
v 0.0106722 -0.189760785 -0.0028125
v -0.006593385 -0.188318535 -0.0028125
v -0.00661803 -0.18883041 -0.0028125
v -0.006659505 -0.18928977 -0.0028125
v -0.00682122 -0.19084071 -0.0028125
v 0.009754515 -0.191933985 -0.0028125
v -0.007000845 -0.1923705 -0.0028125
v 0.00884877 -0.19419759 -0.0028125
v 0 -0.194626755 -0.0028125
v 0.00071538 -0.194768505 -0.0028125
v -0.00071538 -0.194768505 -0.0028125
v -0.00132324 -0.19517298 -0.0028125
v -0.007413855 -0.19536657 -0.0028125
v -0.00173082 -0.19577934 -0.0028125
v -0.001875 -0.1965 -0.0028125
v -0.007491 -0.19685121 -0.0028125
v -0.00173082 -0.19722066 -0.0028125
v -0.00132324 -0.19782702 -0.0028125
v -0.00071538 -0.198231495 -0.0028125
v -0.00727968 -0.198300285 -0.0028125
v 0 -0.198373245 -0.0028125
v 0.00707565 -0.198986985 -0.0028125
v -0.006786105 -0.19969356 -0.0028125
v 0.00071538 -0.198231495 -0.0028125
v 0.00132324 -0.19782702 -0.0028125
v 0.00173082 -0.19722066 -0.0028125
v 0.00795567 -0.196549125 -0.0028125
v 0.001875 -0.1965 -0.0028125
v 0.00173082 -0.19577934 -0.0028125
v 0.00132324 -0.19517298 -0.0028125
v 0.00644679 -0.20033124 -0.0028125
v -0.00602706 -0.2009619 -0.0028125
v 0.00558021 -0.201509535 -0.0028125
v -0.005040405 -0.202052355 -0.0028125
v 0.00449088 -0.202506825 -0.0028125
v -0.00385446 -0.20293374 -0.0028125
v 0.00322617 -0.2032695 -0.0028125
v -0.002518035 -0.20356356 -0.0028125
v 0.00184392 -0.203768715 -0.0028125
v -0.00109173 -0.20391906 -0.0028125
v 0.00038364 -0.203990175 -0.0028125
v -0.009924555 -0.18571419 -0.0028125
v -0.01033278 -0.18590262 -0.0028125
v -0.049478505 -0.18597501 -0.0028125
v -0.010684035 -0.18610119 -0.0028125
v -0.010995675 -0.186295755 -0.0028125
v -0.01127337 -0.18647523 -0.0028125
v -0.03 -0.18703125 -0.0028125
v -0.013976955 -0.18805209 -0.0028125
v -0.030180195 -0.18706776 -0.0028125
v -0.030330885 -0.187169115 -0.0028125
v -0.03043185 -0.18731832 -0.0028125
v -0.03046875 -0.1875 -0.0028125
v -0.046836 -0.18761205 -0.0028125
v -0.03043185 -0.18768168 -0.0028125
v -0.030330885 -0.187830885 -0.0028125
v -0.030180195 -0.18793224 -0.0028125
v -0.03 -0.18796875 -0.0028125
v -0.04404609 -0.1890108 -0.0028125
v -0.016785015 -0.18936867 -0.0028125
v -0.029819805 -0.18793224 -0.0028125
v -0.029669115 -0.187830885 -0.0028125
v -0.02956815 -0.18768168 -0.0028125
v -0.02953125 -0.1875 -0.0028125
v -0.02956815 -0.18731832 -0.0028125
v -0.029669115 -0.187169115 -0.0028125
v -0.029819805 -0.18706776 -0.0028125
v -0.04115436 -0.190146285 -0.0028125
v -0.01970922 -0.190428375 -0.0028125
v -0.03815844 -0.191020905 -0.0028125
v -0.022725285 -0.191224095 -0.0028125
v -0.03511074 -0.191618805 -0.0028125
v -0.025789875 -0.19174125 -0.0028125
v -0.03200664 -0.191940855 -0.0028125
v -0.028900695 -0.191982105 -0.0028125
v -0.047453355 -0.18220275 -0.0028125
v -0.04730268 -0.182101395 -0.0028125
v -0.047201715 -0.181952175 -0.0028125
v -0.0471648 -0.18177051 -0.0028125
v -0.047201715 -0.181588845 -0.0028125
v -0.04730268 -0.181439625 -0.0028125
v -0.047453355 -0.18133827 -0.0028125
v -0.05820081 -0.167101395 -0.0028125
v -0.058099845 -0.166952175 -0.0028125
v -0.058062945 -0.16677051 -0.0028125
v -0.058099845 -0.166588845 -0.0028125
v -0.05820081 -0.166439625 -0.0028125
v -0.09150636 -0.1595766 -0.0028125
v -0.08105979 -0.15944694 -0.0028125
v -0.090819015 -0.159324225 -0.0028125
v -0.080958165 -0.159047835 -0.0028125
v -0.090261165 -0.158855325 -0.0028125
v -0.08080653 -0.15866211 -0.0028125
v -0.08989557 -0.1582275 -0.0028125
v -0.080618265 -0.15829908 -0.0028125
v -0.08040831 -0.15797418 -0.0028125
v -0.08613282 -0.15796875 -0.0028125
v -0.085952625 -0.15793224 -0.0028125
v -0.089765625 -0.1575 -0.0028125
v -0.086313 -0.15793224 -0.0028125
v -0.08646369 -0.157830885 -0.0028125
v -0.086564655 -0.15768168 -0.0028125
v -0.08660157 -0.1575 -0.0028125
v -0.08989557 -0.1567725 -0.0028125
v -0.086564655 -0.15731832 -0.0028125
v -0.08646369 -0.157169115 -0.0028125
v -0.086313 -0.15706776 -0.0028125
v -0.08613282 -0.15703125 -0.0028125
v -0.090261165 -0.156144675 -0.0028125
v -0.085952625 -0.15706776 -0.0028125
v -0.085801935 -0.157169115 -0.0028125
v -0.08570097 -0.15731832 -0.0028125
v -0.080192805 -0.1576848 -0.0028125
v -0.08566407 -0.1575 -0.0028125
v -0.08570097 -0.15768168 -0.0028125
v -0.085801935 -0.157830885 -0.0028125
v -0.090819015 -0.155675775 -0.0028125
v -0.076024995 -0.134138055 0.0028125
v -0.076024995 -0.134138055 -0.0028125
v -0.07588083 -0.13341741 -0.0028125
v -0.07587951 -0.134862225 0.0028125
v -0.07587951 -0.133413885 0.0028125
v -0.075473235 -0.13281105 -0.0028125
v -0.075469095 -0.132805545 0.0028125
v -0.07486539 -0.132406575 -0.0028125
v -0.074863155 -0.13240398 0.0028125
v -0.074149995 -0.132264825 -0.0028125
v -0.074149995 -0.132263055 0.0028125
v -0.073434615 -0.132406575 -0.0028125
v -0.07343685 -0.13240398 0.0028125
v -0.072830895 -0.132805545 0.0028125
v -0.07282677 -0.13281105 -0.0028125
v -0.07242048 -0.133413885 0.0028125
v -0.072419175 -0.13341741 -0.0028125
v -0.072274995 -0.134138055 -0.0028125
v -0.072274995 -0.134138055 0.0028125
v -0.072419175 -0.13485873 -0.0028125
v -0.07242048 -0.134862225 0.0028125
v -0.07282677 -0.13546509 -0.0028125
v -0.072830895 -0.13547058 0.0028125
v -0.073434615 -0.135869565 -0.0028125
v -0.07343685 -0.135872145 0.0028125
v -0.074149995 -0.136011315 -0.0028125
v -0.074149995 -0.136013055 0.0028125
v -0.07486539 -0.135869565 -0.0028125
v -0.074863155 -0.135872145 0.0028125
v -0.075469095 -0.13547058 0.0028125
v -0.075473235 -0.13546509 -0.0028125
v -0.07588083 -0.13485873 -0.0028125
v -0.028828125 -0.1575 0.0028125
v -0.028828125 -0.1575 -0.0028125
v -0.02894664 -0.15801354 -0.0028125
v -0.028946055 -0.156988155 0.0028125
v -0.028946055 -0.158011845 0.0028125
v -0.02927214 -0.15841671 0.0028125
v -0.02927355 -0.15841953 -0.0028125
v -0.02974065 -0.15864084 0.0028125
v -0.02974116 -0.15864294 -0.0028125
v -0.03025884 -0.15864294 -0.0028125
v -0.03025935 -0.15864084 0.0028125
v -0.03072645 -0.15841953 -0.0028125
v -0.03072786 -0.15841671 0.0028125
v -0.03105336 -0.15801354 -0.0028125
v -0.031053945 -0.158011845 0.0028125
v -0.031171875 -0.1575 -0.0028125
v -0.031171875 -0.1575 0.0028125
v -0.03105336 -0.15698646 -0.0028125
v -0.031053945 -0.156988155 0.0028125
v -0.03072786 -0.15658329 0.0028125
v -0.03072645 -0.15658047 -0.0028125
v -0.03025935 -0.15635916 0.0028125
v -0.03025884 -0.15635706 -0.0028125
v -0.02974116 -0.15635706 -0.0028125
v -0.02974065 -0.15635916 0.0028125
v -0.02927355 -0.15658047 -0.0028125
v -0.02927214 -0.15658329 0.0028125
v -0.02894664 -0.15698646 -0.0028125
v 0.04797933 -0.12738579 0.0028125
v 0.04797933 -0.12738579 -0.0028125
v 0.047860815 -0.12789933 -0.0028125
v 0.0478614 -0.12687393 0.0028125
v 0.0478614 -0.12789762 0.0028125
v 0.047535315 -0.1283025 0.0028125
v 0.047533905 -0.12830532 -0.0028125
v 0.047066805 -0.128526615 0.0028125
v 0.047066295 -0.128528715 -0.0028125
v 0.0465486 -0.128528715 -0.0028125
v 0.04654809 -0.128526615 0.0028125
v 0.04608099 -0.12830532 -0.0028125
v 0.04607958 -0.1283025 0.0028125
v 0.04575408 -0.12789933 -0.0028125
v 0.045753495 -0.12789762 0.0028125
v 0.04563558 -0.12738579 -0.0028125
v 0.04563558 -0.12738579 0.0028125
v 0.04575408 -0.12687225 -0.0028125
v 0.045753495 -0.12687393 0.0028125
v 0.04607958 -0.12646908 0.0028125
v 0.04608099 -0.126466245 -0.0028125
v 0.04654809 -0.12624495 0.0028125
v 0.0465486 -0.12624285 -0.0028125
v 0.047066295 -0.12624285 -0.0028125
v 0.047066805 -0.12624495 0.0028125
v 0.047533905 -0.126466245 -0.0028125
v 0.047535315 -0.12646908 0.0028125
v 0.047860815 -0.12687225 -0.0028125
v 0.043639695 -0.045 0.0028125
v 0.043639695 -0.045 -0.0028125
v 0.04352457 -0.04550652 -0.0028125
v 0.043521765 -0.044488155 0.0028125
v 0.043521765 -0.045511845 0.0028125
v 0.04319448 -0.04591938 -0.0028125
v 0.04319568 -0.045916725 0.0028125
v 0.042733725 -0.046141305 -0.0028125
v 0.04272717 -0.046140825 0.0028125
v 0.042201915 -0.046141305 -0.0028125
v 0.04220847 -0.046140825 0.0028125
v 0.04174116 -0.04591938 -0.0028125
v 0.04173996 -0.045916725 0.0028125
v 0.04141107 -0.04550652 -0.0028125
v 0.041413875 -0.045511845 0.0028125
v 0.041295945 -0.045 -0.0028125
v 0.041295945 -0.045 0.0028125
v 0.04141107 -0.04449348 -0.0028125
v 0.041413875 -0.044488155 0.0028125
v 0.04174116 -0.04408062 -0.0028125
v 0.04173996 -0.044083275 0.0028125
v 0.042201915 -0.043858695 -0.0028125
v 0.04220847 -0.043859175 0.0028125
v 0.042733725 -0.043858695 -0.0028125
v 0.04272717 -0.043859175 0.0028125
v 0.04319448 -0.04408062 -0.0028125
v 0.04319568 -0.044083275 0.0028125
v 0.04352457 -0.04449348 -0.0028125
v 0.002109375 0 0.0028125
v 0.002109375 0 -0.0028125
v 0.00197943 -0.0007275 -0.0028125
v 0.00197943 0.0007275 0.0028125
v 0.00197943 -0.0007275 0.0028125
v 0.001613835 -0.001355325 -0.0028125
v 0.001613835 -0.001355325 0.0028125
v 0.001055985 -0.001824225 -0.0028125
v 0.001055985 -0.001824225 0.0028125
v 0.00036864 -0.0020766 -0.0028125
v 0.00036864 -0.0020766 0.0028125
v -0.00036864 -0.0020766 -0.0028125
v -0.00036864 -0.0020766 0.0028125
v -0.001055985 -0.001824225 -0.0028125
v -0.001055985 -0.001824225 0.0028125
v -0.001613835 -0.001355325 -0.0028125
v -0.001613835 -0.001355325 0.0028125
v -0.00197943 -0.0007275 -0.0028125
v -0.00197943 -0.0007275 0.0028125
v -0.002109375 0 -0.0028125
v -0.002109375 0 0.0028125
v -0.00197943 0.0007275 -0.0028125
v -0.00197943 0.0007275 0.0028125
v -0.001613835 0.001355325 -0.0028125
v -0.001613835 0.001355325 0.0028125
v -0.001055985 0.001824225 -0.0028125
v -0.001055985 0.001824225 0.0028125
v -0.00036864 0.0020766 -0.0028125
v -0.00036864 0.0020766 0.0028125
v 0.00036864 0.0020766 -0.0028125
v 0.00036864 0.0020766 0.0028125
v 0.001055985 0.001824225 -0.0028125
v 0.001055985 0.001824225 0.0028125
v 0.001613835 0.001355325 -0.0028125
v 0.001613835 0.001355325 0.0028125
v 0.00197943 0.0007275 -0.0028125
v 0.03009282 0.00165 0.0028125
v 0.03009282 0.00165 -0.0028125
v 0.02994864 0.000929355 -0.0028125
v 0.02994864 0.002370645 0.0028125
v 0.02994864 0.000929355 0.0028125
v 0.02954106 0.00032298 -0.0028125
v 0.02954106 0.00032298 0.0028125
v 0.0289332 -8.1495e-05 -0.0028125
v 0.0289332 -8.1495e-05 0.0028125
v 0.02821782 -0.000223245 -0.0028125
v 0.02821782 -0.000223245 0.0028125
v 0.027502425 -8.1495e-05 -0.0028125
v 0.027502425 -8.1495e-05 0.0028125
v 0.02689458 0.00032298 -0.0028125
v 0.02689458 0.00032298 0.0028125
v 0.026487 0.000929355 -0.0028125
v 0.026487 0.000929355 0.0028125
v 0.02634282 0.00165 -0.0028125
v 0.02634282 0.00165 0.0028125
v 0.026487 0.002370645 -0.0028125
v 0.026487 0.002370645 0.0028125
v 0.02689458 0.00297702 -0.0028125
v 0.02689458 0.00297702 0.0028125
v 0.027502425 0.003381495 -0.0028125
v 0.027502425 0.003381495 0.0028125
v 0.02821782 0.003523245 -0.0028125
v 0.02821782 0.003523245 0.0028125
v 0.0289332 0.003381495 -0.0028125
v 0.0289332 0.003381495 0.0028125
v 0.02954106 0.00297702 -0.0028125
v 0.02954106 0.00297702 0.0028125
v 0.02994864 0.002370645 -0.0028125
v 0.095182455 -0.10226079 0.0028125
v 0.095182455 -0.10226079 -0.0028125
v 0.095038275 -0.102981435 -0.0028125
v 0.095038275 -0.10154013 0.0028125
v 0.095038275 -0.102981435 0.0028125
v 0.09463068 -0.10358781 -0.0028125
v 0.09463068 -0.10358781 0.0028125
v 0.094022835 -0.103992285 -0.0028125
v 0.094022835 -0.103992285 0.0028125
v 0.093307455 -0.104134035 -0.0028125
v 0.093307455 -0.104134035 0.0028125
v 0.09259206 -0.103992285 -0.0028125
v 0.09259206 -0.103992285 0.0028125
v 0.091984215 -0.10358781 -0.0028125
v 0.091984215 -0.10358781 0.0028125
v 0.09157662 -0.102981435 -0.0028125
v 0.09157662 -0.102981435 0.0028125
v 0.091432455 -0.10226079 -0.0028125
v 0.091432455 -0.10226079 0.0028125
v 0.09157662 -0.10154013 -0.0028125
v 0.09157662 -0.10154013 0.0028125
v 0.091984215 -0.100933755 -0.0028125
v 0.091984215 -0.100933755 0.0028125
v 0.09259206 -0.10052928 -0.0028125
v 0.09259206 -0.10052928 0.0028125
v 0.093307455 -0.10038753 -0.0028125
v 0.093307455 -0.10038753 0.0028125
v 0.094022835 -0.10052928 -0.0028125
v 0.094022835 -0.10052928 0.0028125
v 0.09463068 -0.100933755 -0.0028125
v 0.09463068 -0.100933755 0.0028125
v 0.095038275 -0.10154013 -0.0028125
v 0.001875 -0.1965 0.0028125
v 0.001875 -0.1965 -0.0028125
v 0.00173082 -0.19722066 -0.0028125
v 0.00173082 -0.19577934 0.0028125
v 0.00173082 -0.19722066 0.0028125
v 0.00132324 -0.19782702 -0.0028125
v 0.00132324 -0.19782702 0.0028125
v 0.00071538 -0.198231495 -0.0028125
v 0.00071538 -0.198231495 0.0028125
v 0 -0.198373245 -0.0028125
v 0 -0.198373245 0.0028125
v -0.00071538 -0.198231495 -0.0028125
v -0.00071538 -0.198231495 0.0028125
v -0.00132324 -0.19782702 -0.0028125
v -0.00132324 -0.19782702 0.0028125
v -0.00173082 -0.19722066 -0.0028125
v -0.00173082 -0.19722066 0.0028125
v -0.001875 -0.1965 -0.0028125
v -0.001875 -0.1965 0.0028125
v -0.00173082 -0.19577934 -0.0028125
v -0.00173082 -0.19577934 0.0028125
v -0.00132324 -0.19517298 -0.0028125
v -0.00132324 -0.19517298 0.0028125
v -0.00071538 -0.194768505 -0.0028125
v -0.00071538 -0.194768505 0.0028125
v 0 -0.194626755 -0.0028125
v 0 -0.194626755 0.0028125
v 0.00071538 -0.194768505 -0.0028125
v 0.00071538 -0.194768505 0.0028125
v 0.00132324 -0.19517298 -0.0028125
v 0.00132324 -0.19517298 0.0028125
v 0.00173082 -0.19577934 -0.0028125
v -0.089765625 -0.1575 0.0028125
v -0.089765625 -0.1575 -0.0028125
v -0.08989557 -0.1582275 -0.0028125
v -0.08989557 -0.1567725 0.0028125
v -0.08989557 -0.1582275 0.0028125
v -0.090261165 -0.158855325 -0.0028125
v -0.090261165 -0.158855325 0.0028125
v -0.090819015 -0.159324225 -0.0028125
v -0.090819015 -0.159324225 0.0028125
v -0.09150636 -0.1595766 -0.0028125
v -0.09150636 -0.1595766 0.0028125
v -0.09224364 -0.1595766 -0.0028125
v -0.09224364 -0.1595766 0.0028125
v -0.092930985 -0.159324225 -0.0028125
v -0.092930985 -0.159324225 0.0028125
v -0.093488835 -0.158855325 -0.0028125
v -0.093488835 -0.158855325 0.0028125
v -0.09385443 -0.1582275 -0.0028125
v -0.09385443 -0.1582275 0.0028125
v -0.093984375 -0.1575 -0.0028125
v -0.093984375 -0.1575 0.0028125
v -0.09385443 -0.1567725 -0.0028125
v -0.09385443 -0.1567725 0.0028125
v -0.093488835 -0.156144675 -0.0028125
v -0.093488835 -0.156144675 0.0028125
v -0.092930985 -0.155675775 -0.0028125
v -0.092930985 -0.155675775 0.0028125
v -0.09224364 -0.1554234 -0.0028125
v -0.09224364 -0.1554234 0.0028125
v -0.09150636 -0.1554234 -0.0028125
v -0.09150636 -0.1554234 0.0028125
v -0.090819015 -0.155675775 -0.0028125
v -0.090819015 -0.155675775 0.0028125
v -0.090261165 -0.156144675 -0.0028125
v -0.090261165 -0.156144675 0.0028125
v -0.08989557 -0.1567725 -0.0028125
v 0.01959282 -0.088125 0.0028125
v 0.01959282 -0.088125 -0.0028125
v 0.019450095 -0.088842525 -0.0028125
v 0.019450095 -0.087407475 0.0028125
v 0.019450095 -0.088842525 0.0028125
v 0.01904364 -0.08945082 -0.0028125
v 0.01904364 -0.08945082 0.0028125
v 0.018435345 -0.089857275 -0.0028125
v 0.018435345 -0.089857275 0.0028125
v 0.01771782 -0.09 -0.0028125
v 0.01771782 -0.09 0.0028125
v 0.017000295 -0.089857275 -0.0028125
v 0.017000295 -0.089857275 0.0028125
v 0.016392 -0.08945082 -0.0028125
v 0.016392 -0.08945082 0.0028125
v 0.015985545 -0.088842525 -0.0028125
v 0.015985545 -0.088842525 0.0028125
v 0.01584282 -0.088125 -0.0028125
v 0.01584282 -0.088125 0.0028125
v 0.015985545 -0.087407475 -0.0028125
v 0.015985545 -0.087407475 0.0028125
v 0.016392 -0.08679918 -0.0028125
v 0.016392 -0.08679918 0.0028125
v 0.017000295 -0.086392725 -0.0028125
v 0.017000295 -0.086392725 0.0028125
v 0.01771782 -0.08625 -0.0028125
v 0.01771782 -0.08625 0.0028125
v 0.018435345 -0.086392725 -0.0028125
v 0.018435345 -0.086392725 0.0028125
v 0.01904364 -0.08679918 -0.0028125
v 0.01904364 -0.08679918 0.0028125
v 0.019450095 -0.087407475 -0.0028125
v -0.06362154 -0.14976423 0.0028125
v -0.06362154 -0.14976423 -0.0028125
v -0.064141005 -0.15253992 -0.0028125
v -0.06356751 -0.149531265 0.0028125
v -0.064141005 -0.15253992 0.0028125
v -0.06443169 -0.15533004 -0.0028125
v -0.06443169 -0.15533004 0.0028125
v -0.06449358 -0.15813462 -0.0028125
v -0.06449358 -0.15813462 0.0028125
v -0.064326705 -0.16095363 -0.0028125
v -0.064326705 -0.16095363 0.0028125
v -0.06428889 -0.1613397 -0.0028125
v -0.064286895 -0.16136514 0.0028125
v -0.064265475 -0.161764695 -0.0028125
v -0.06426432 -0.161833395 0.0028125
v -0.064286535 -0.16225689 -0.0028125
v -0.064301205 -0.16236423 0.0028125
v -0.064408815 -0.16282368 -0.0028125
v -0.064458435 -0.162964785 0.0028125
v -0.06470454 -0.16344819 -0.0028125
v -0.06481674 -0.163606635 0.0028125
v -0.06493722 -0.16374645 -0.0028125
v -0.065099655 -0.163899885 0.0028125
v -0.06522921 -0.16400631 -0.0028125
v -0.065436675 -0.16413966 0.0028125
v -0.065575605 -0.164210085 -0.0028125
v -0.06580749 -0.16430193 0.0028125
v -0.06595872 -0.16434891 -0.0028125
v -0.066162045 -0.164397075 0.0028125
v -0.066699495 -0.164445405 -0.0028125
v -0.066808725 -0.164441895 0.0028125
v -0.067320435 -0.164376825 -0.0028125
v -0.06736923 -0.164367285 0.0028125
v -0.0678369 -0.1642413 -0.0028125
v -0.067853925 -0.164235675 0.0028125
v -0.068278425 -0.164093895 -0.0028125
v -0.068278425 -0.164093895 0.0028125
v -0.069945015 -0.16357485 -0.0028125
v -0.069948885 -0.16357407 0.0028125
v -0.071574195 -0.16313376 -0.0028125
v -0.071580375 -0.1631325 0.0028125
v -0.07316595 -0.162770595 -0.0028125
v -0.07317291 -0.162769185 0.0028125
v -0.07472031 -0.16248537 -0.0028125
v -0.07472649 -0.16248411 0.0028125
v -0.076237245 -0.1622781 -0.0028125
v -0.076241115 -0.162277305 0.0028125
v -0.07771677 -0.16214874 -0.0028125
v -0.07771677 -0.16214874 0.0028125
v -0.077886645 -0.162137355 -0.0028125
v -0.0778809 -0.162137745 0.0028125
v -0.07806057 -0.162125265 0.0028125
v -0.078074985 -0.162124215 -0.0028125
v -0.07826085 -0.162109365 0.0028125
v -0.078284565 -0.162107265 -0.0028125
v -0.0784869 -0.162087015 0.0028125
v -0.078519045 -0.16208337 -0.0028125
v -0.07874223 -0.16205346 0.0028125
v -0.078782145 -0.16204713 -0.0028125
v -0.07902954 -0.162000135 0.0028125
v -0.07907964 -0.161988855 -0.0028125
v -0.07935288 -0.161915265 0.0028125
v -0.079420605 -0.16189365 -0.0028125
v -0.07971831 -0.161781615 0.0028125
v -0.079809705 -0.16174089 -0.0028125
v -0.080129565 -0.161569185 0.0028125
v -0.080233965 -0.16150092 -0.0028125
v -0.08055858 -0.161226075 0.0028125
v -0.080649585 -0.16112478 -0.0028125
v -0.08092098 -0.16070199 0.0028125
v -0.080974635 -0.160575735 -0.0028125
v -0.0810414 -0.16036278 0.0028125
v -0.081068115 -0.16023216 -0.0028125
v -0.081096885 -0.15997416 0.0028125
v -0.081099555 -0.159848745 -0.0028125
v -0.08107767 -0.15956106 0.0028125
v -0.08105979 -0.15944694 -0.0028125
v -0.080988615 -0.15914418 0.0028125
v -0.080958165 -0.159047835 -0.0028125
v -0.08084106 -0.15873996 0.0028125
v -0.08080653 -0.15866211 -0.0028125
v -0.080651115 -0.158357175 0.0028125
v -0.080618265 -0.15829908 -0.0028125
v -0.08043609 -0.15801399 0.0028125
v -0.08040831 -0.15797418 -0.0028125
v -0.08021205 -0.15770907 0.0028125
v -0.080192805 -0.1576848 -0.0028125
v -0.07977966 -0.157191555 -0.0028125
v -0.07977966 -0.157191555 0.0028125
v -0.07718643 -0.15436182 -0.0028125
v -0.07718643 -0.15436182 0.0028125
v -0.074411085 -0.151664715 -0.0028125
v -0.074411085 -0.151664715 0.0028125
v -0.07145361 -0.149100285 -0.0028125
v -0.07145361 -0.149100285 0.0028125
v -0.06990657 -0.14786781 -0.0028125
v -0.06990657 -0.14786781 0.0028125
v -0.06831399 -0.146668515 -0.0028125
v -0.06831399 -0.146668515 0.0028125
v -0.06799929 -0.14644113 -0.0028125
v -0.067984125 -0.146430345 0.0028125
v -0.067646355 -0.146196255 -0.0028125
v -0.067606395 -0.14616966 0.0028125
v -0.067258155 -0.14595027 -0.0028125
v -0.067184805 -0.14590749 0.0028125
v -0.06682401 -0.145714875 -0.0028125
v -0.066714435 -0.14566242 0.0028125
v -0.06633258 -0.14549823 -0.0028125
v -0.066190275 -0.145443885 0.0028125
v -0.06577965 -0.145314615 -0.0028125
v -0.06559971 -0.14527257 0.0028125
v -0.065157225 -0.14521953 -0.0028125
v -0.06492801 -0.145222995 0.0028125
v -0.06449343 -0.145301655 -0.0028125
v -0.064256505 -0.14539605 0.0028125
v -0.063908865 -0.14564178 -0.0028125
v -0.063745275 -0.145822815 0.0028125
v -0.06352098 -0.14620233 -0.0028125
v -0.06344733 -0.146385045 0.0028125
v -0.063338745 -0.14682015 -0.0028125
v -0.063319725 -0.146947065 0.0028125
v -0.06328863 -0.14737839 -0.0028125
v -0.063286815 -0.14746617 0.0028125
v -0.06329328 -0.14786151 -0.0028125
v -0.06329673 -0.14792649 0.0028125
v -0.063328515 -0.14828616 -0.0028125
v -0.06333357 -0.14832774 0.0028125
v -0.06338337 -0.148661025 -0.0028125
v -0.06338664 -0.148679745 0.0028125
v -0.063446295 -0.148989645 -0.0028125
v -0.063446985 -0.148992915 0.0028125
v -0.06350934 -0.14927835 -0.0028125
v -0.06350862 -0.14927511 0.0028125
v -0.06356832 -0.149534745 -0.0028125
v 0.00434742 -0.16074111 0.0028125
v 0.00434742 -0.16074111 -0.0028125
v 0.004836165 -0.156086715 -0.0028125
v 0.004176675 -0.162992265 0.0028125
v 0.004836165 -0.156086715 0.0028125
v 0.005465655 -0.15147072 -0.0028125
v 0.005465655 -0.15147072 0.0028125
v 0.005830815 -0.149167365 -0.0028125
v 0.005830815 -0.149167365 0.0028125
v 0.006234735 -0.14688834 -0.0028125
v 0.006234735 -0.14688834 0.0028125
v 0.00668295 -0.14465637 -0.0028125
v 0.00668295 -0.14465637 0.0028125
v 0.00717441 -0.14246709 -0.0028125
v 0.00717441 -0.14246709 0.0028125
v 0.00770793 -0.14031567 -0.0028125
v 0.00770793 -0.14031567 0.0028125
v 0.00828351 -0.138202125 -0.0028125
v 0.00828351 -0.138202125 0.0028125
v 0.00838713 -0.13785135 -0.0028125
v 0.00839844 -0.13781397 0.0028125
v 0.00850656 -0.13746903 -0.0028125
v 0.008533335 -0.137387955 0.0028125
v 0.00864471 -0.13706829 -0.0028125
v 0.008692035 -0.13694082 0.0028125
v 0.0088152 -0.136627635 -0.0028125
v 0.008879895 -0.136472355 0.0028125
v 0.00903171 -0.136132065 -0.0028125
v 0.00910422 -0.135980115 0.0028125
v 0.00930168 -0.13560057 -0.0028125
v 0.009372945 -0.135475875 0.0028125
v 0.00963486 -0.13507494 -0.0028125
v 0.0097029 -0.13498482 0.0028125
v 0.01005045 -0.13459779 -0.0028125
v 0.010122255 -0.134535765 0.0028125
v 0.010576065 -0.134225685 -0.0028125
v 0.010668015 -0.13418763 0.0028125
v 0.011192025 -0.13408338 -0.0028125
v 0.011294685 -0.13409325 0.0028125
v 0.011800635 -0.134256165 -0.0028125
v 0.01188303 -0.134305425 0.0028125
v 0.0123012 -0.13464114 -0.0028125
v 0.012342255 -0.134683785 0.0028125
v 0.012690315 -0.135105285 -0.0028125
v 0.0126936 -0.135111225 0.0028125
v 0.01300278 -0.1356021 -0.0028125
v 0.01297227 -0.135549615 0.0028125
v 0.01319856 -0.135976035 0.0028125
v 0.01325436 -0.136090935 -0.0028125
v 0.013383045 -0.136372305 0.0028125
v 0.01345446 -0.13653819 -0.0028125
v 0.01353267 -0.13672806 0.0028125
v 0.013612725 -0.136931925 -0.0028125
v 0.01365519 -0.137044095 0.0028125
v 0.013740075 -0.1372782 -0.0028125
v 0.013758945 -0.1373319 0.0028125
v 0.013845165 -0.137585625 -0.0028125
v 0.013851465 -0.13760451 0.0028125
v 0.013935945 -0.13786206 -0.0028125
v 0.013936845 -0.137864835 0.0028125
v 0.0140157 -0.13810731 -0.0028125
v 0.0140157 -0.13810731 0.0028125
v 0.01499067 -0.14072223 -0.0028125
v 0.01499067 -0.14072223 0.0028125
v 0.016160775 -0.14322951 -0.0028125
v 0.016160775 -0.14322951 0.0028125
v 0.01753008 -0.14563488 -0.0028125
v 0.01753008 -0.14563488 0.0028125
v 0.019096545 -0.147935505 -0.0028125
v 0.019096545 -0.147935505 0.0028125
v 0.020830305 -0.150089205 -0.0028125
v 0.020830305 -0.150089205 0.0028125
v 0.022729275 -0.152093115 -0.0028125
v 0.022729275 -0.152093115 0.0028125
v 0.02479758 -0.15395298 -0.0028125
v 0.02479758 -0.15395298 0.0028125
v 0.02533821 -0.154433475 -0.0028125
v 0.02516412 -0.154250895 0.0028125
v 0.02547729 -0.15458118 0.0028125
v 0.025787265 -0.155014785 -0.0028125
v 0.02574264 -0.15495033 0.0028125
v 0.02594352 -0.15533886 0.0028125
v 0.026052675 -0.155694435 -0.0028125
v 0.026060025 -0.1557339 0.0028125
v 0.026096925 -0.156412455 -0.0028125
v 0.02610741 -0.15612207 0.0028125
v 0.026020575 -0.15682479 0.0028125
v 0.02592111 -0.157114365 -0.0028125
v 0.025773045 -0.157419795 0.0028125
v 0.025558605 -0.157744575 -0.0028125
v 0.025442535 -0.15789603 0.0028125
v 0.02509827 -0.15828693 -0.0028125
v 0.02509827 -0.15828693 0.0028125
v 0.023748345 -0.159799215 -0.0028125
v 0.02375826 -0.15978678 0.0028125
v 0.022443105 -0.161359425 0.0028125
v 0.022424775 -0.161383125 -0.0028125
v 0.02115279 -0.163004865 0.0028125
v 0.02112756 -0.16303866 -0.0028125
v 0.01988733 -0.16472313 0.0028125
v 0.019856715 -0.16476579 -0.0028125
v 0.018645435 -0.166510425 0.0028125
v 0.018610515 -0.166562445 -0.0028125
v 0.017427555 -0.168368025 0.0028125
v 0.01738953 -0.16842933 -0.0028125
v 0.016236195 -0.17030343 0.0028125
v 0.016197195 -0.17037063 -0.0028125
v 0.01507389 -0.172324185 0.0028125
v 0.0150369 -0.17239053 -0.0028125
v 0.01394106 -0.17443152 0.0028125
v 0.013909245 -0.17448972 -0.0028125
v 0.01283643 -0.176621685 0.0028125
v 0.01281252 -0.1766661 -0.0028125
v 0.011760015 -0.178894665 0.0028125
v 0.011746695 -0.178919685 -0.0028125
v 0.0107118 -0.18125049 -0.0028125
v 0.0107118 -0.18125049 0.0028125
v 0.01054104 -0.18164952 -0.0028125
v 0.010528185 -0.181679265 0.0028125
v 0.010352295 -0.1820766 -0.0028125
v 0.01032027 -0.18214647 0.0028125
v 0.01013853 -0.182527785 -0.0028125
v 0.01008096 -0.182643585 0.0028125
v 0.009895635 -0.183001815 -0.0028125
v 0.009808575 -0.183162465 0.0028125
v 0.009618645 -0.183495585 -0.0028125
v 0.00949857 -0.18369327 0.0028125
v 0.00929193 -0.184013145 -0.0028125
v 0.00932946 -0.18395715 0.0028125
v 0.00914973 -0.184214355 0.0028125
v 0.00910035 -0.184281075 -0.0028125
v 0.00895884 -0.184463055 0.0028125
v 0.00888993 -0.18454542 -0.0028125
v 0.008755125 -0.18469842 0.0028125
v 0.008661435 -0.184797045 -0.0028125
v 0.008535735 -0.18491847 0.0028125
v 0.008417925 -0.185023365 -0.0028125
v 0.00829788 -0.185123595 0.0028125
v 0.008160465 -0.185220135 -0.0028125
v 0.0080346 -0.185293335 0.0028125
v 0.007888365 -0.18536604 -0.0028125
v 0.007746975 -0.18542013 0.0028125
v 0.00732399 -0.185478975 -0.0028125
v 0.007158195 -0.185460945 0.0028125
v 0.00679197 -0.18531138 -0.0028125
v 0.006626865 -0.18519585 0.0028125
v 0.006337575 -0.184902675 -0.0028125
v 0.006394395 -0.184971375 0.0028125
v 0.006186285 -0.18469875 0.0028125
v 0.006143775 -0.184634685 -0.0028125
v 0.00599877 -0.18438591 0.0028125
v 0.00597168 -0.184334895 -0.0028125
v 0.005828655 -0.18403896 0.0028125
v 0.005819085 -0.18401745 -0.0028125
v 0.005687205 -0.18369516 -0.0028125
v 0.005680365 -0.18367617 0.0028125
v 0.005577825 -0.183380415 -0.0028125
v 0.00555336 -0.18330387 0.0028125
v 0.005483865 -0.183077085 -0.0028125
v 0.005444865 -0.18293892 0.0028125
v 0.005332275 -0.182502 -0.0028125
v 0.00535284 -0.18258735 0.0028125
v 0.005275875 -0.182255115 0.0028125
v 0.00521103 -0.181948215 -0.0028125
v 0.00521058 -0.181946565 0.0028125
v 0.005113905 -0.181417815 -0.0028125
v 0.00511014 -0.18139545 0.0028125
v 0.00503862 -0.18091845 -0.0028125
v 0.005036805 -0.18090567 0.0028125
v 0.00497724 -0.18045843 -0.0028125
v 0.00497724 -0.18045843 0.0028125
v 0.00464904 -0.177780255 -0.0028125
v 0.00464904 -0.177780255 0.0028125
v 0.00439212 -0.175163085 -0.0028125
v 0.00439212 -0.175163085 0.0028125
v 0.00420648 -0.17260692 -0.0028125
v 0.00420648 -0.17260692 0.0028125
v 0.00409212 -0.170111745 -0.0028125
v 0.00409212 -0.170111745 0.0028125
v 0.004049025 -0.16767759 -0.0028125
v 0.004049025 -0.16767759 0.0028125
v 0.00407721 -0.165304425 -0.0028125
v 0.00407721 -0.165304425 0.0028125
v 0.004176675 -0.162992265 -0.0028125
v 0.078675705 -0.09277926 0.0028125
v 0.078675705 -0.09277926 -0.0028125
v 0.075460065 -0.09251826 -0.0028125
v 0.078967065 -0.09280515 0.0028125
v 0.075460065 -0.09251826 0.0028125
v 0.07216125 -0.092318595 -0.0028125
v 0.07216125 -0.092318595 0.0028125
v 0.06531405 -0.092103285 -0.0028125
v 0.06531405 -0.092103285 0.0028125
v 0.05811249 -0.0921564 -0.0028125
v 0.05811249 -0.0921564 0.0028125
v 0.057713985 -0.092165655 -0.0028125
v 0.05769261 -0.09216603 0.0028125
v 0.05727594 -0.09216654 -0.0028125
v 0.057223335 -0.09216549 0.0028125
v 0.056801865 -0.092142525 -0.0028125
v 0.056711715 -0.092133915 0.0028125
v 0.056295705 -0.092073735 -0.0028125
v 0.056170965 -0.092048745 0.0028125
v 0.055754595 -0.091942155 -0.0028125
v 0.055600155 -0.091892175 0.0028125
v 0.055172895 -0.0917064 -0.0028125
v 0.05499813 -0.091605195 0.0028125
v 0.05460786 -0.09127863 -0.0028125
v 0.054461985 -0.09110472 0.0028125
v 0.054240585 -0.09066579 -0.0028125
v 0.05418708 -0.09047181 0.0028125
v 0.05415786 -0.09000576 -0.0028125
v 0.054170805 -0.089846145 0.0028125
v 0.054263595 -0.089426925 -0.0028125
v 0.05430063 -0.089318085 0.0028125
v 0.05445084 -0.088958475 -0.0028125
v 0.05448849 -0.088883625 0.0028125
v 0.054657765 -0.08857272 -0.0028125
v 0.05468826 -0.088521705 0.0028125
v 0.054865215 -0.08824968 -0.0028125
v 0.054887685 -0.08821737 0.0028125
v 0.05506815 -0.087976095 -0.0028125
v 0.05508117 -0.08795961 0.0028125
v 0.0552576 -0.087745935 -0.0028125
v 0.055262265 -0.08774064 0.0028125
v 0.055427535 -0.087553425 -0.0028125
v 0.055427595 -0.08755341 0.0028125
v 0.05557974 -0.08738784 -0.0028125
v 0.055578735 -0.08738892 0.0028125
v 0.0557193 -0.087238995 0.0028125
v 0.055719705 -0.087238575 -0.0028125
v 0.055853715 -0.087096735 -0.0028125
v 0.055853715 -0.087096735 0.0028125
v 0.05770137 -0.08508366 -0.0028125
v 0.05770137 -0.08508366 0.0028125
v 0.059459745 -0.0830691 -0.0028125
v 0.059459745 -0.0830691 0.0028125
v 0.06112884 -0.081053055 -0.0028125
v 0.06112884 -0.081053055 0.0028125
v 0.062708685 -0.079035525 -0.0028125
v 0.062708685 -0.079035525 0.0028125
v 0.064199235 -0.07701651 -0.0028125
v 0.064199235 -0.07701651 0.0028125
v 0.06560052 -0.074996025 -0.0028125
v 0.06560052 -0.074996025 0.0028125
v 0.06583545 -0.074653005 -0.0028125
v 0.065848455 -0.074634795 0.0028125
v 0.066116745 -0.074285595 -0.0028125
v 0.06615291 -0.074242455 0.0028125
v 0.066484665 -0.07390359 -0.0028125
v 0.06656454 -0.07383603 0.0028125
v 0.066998205 -0.073540935 -0.0028125
v 0.067149195 -0.07346229 0.0028125
v 0.067697595 -0.073275675 -0.0028125
v 0.06751506 -0.07332294 0.0028125
v 0.067907355 -0.073243425 0.0028125
v 0.068091075 -0.07323177 -0.0028125
v 0.068306055 -0.073238565 0.0028125
v 0.0684912 -0.07326477 -0.0028125
v 0.06869025 -0.07331238 0.0028125
v 0.068879985 -0.07337406 -0.0028125
v 0.069230925 -0.073539255 -0.0028125
v 0.069353775 -0.073611075 0.0028125
v 0.06977406 -0.07393701 -0.0028125
v 0.069834075 -0.07399566 0.0028125
v 0.070148025 -0.074354445 -0.0028125
v 0.07017543 -0.07438992 0.0028125
v 0.0704241 -0.074751135 -0.0028125
v 0.070433265 -0.07476564 0.0028125
v 0.070648335 -0.07511457 -0.0028125
v 0.070648335 -0.07511457 0.0028125
v 0.072856605 -0.078462225 -0.0028125
v 0.072855795 -0.078461175 0.0028125
v 0.075301125 -0.081645585 0.0028125
v 0.075301125 -0.081645705 -0.0028125
v 0.077997915 -0.08467779 -0.0028125
v 0.07799871 -0.08467869 0.0028125
v 0.07944726 -0.086142165 -0.0028125
v 0.079447815 -0.08614281 0.0028125
v 0.08096292 -0.08757132 -0.0028125
v 0.08096292 -0.08757132 0.0028125
v 0.08112714 -0.087720465 -0.0028125
v 0.081131985 -0.087724875 0.0028125
v 0.081311565 -0.087889305 -0.0028125
v 0.081325365 -0.087902055 0.0028125
v 0.08150982 -0.088074975 -0.0028125
v 0.081535605 -0.088099635 0.0028125
v 0.081720615 -0.08828091 -0.0028125
v 0.081756465 -0.088317075 0.0028125
v 0.08194383 -0.088512105 -0.0028125
v 0.081983985 -0.088555275 0.0028125
v 0.082184235 -0.08877846 -0.0028125
v 0.0822258 -0.088826505 0.0028125
v 0.082446315 -0.08909265 -0.0028125
v 0.08249037 -0.0891483 0.0028125
v 0.082729575 -0.08946855 -0.0028125
v 0.08277756 -0.08953773 0.0028125
v 0.083010945 -0.08991564 -0.0028125
v 0.083057805 -0.09000522 0.0028125
v 0.083237475 -0.09044745 -0.0028125
v 0.083270655 -0.09056586 0.0028125
v 0.083338965 -0.09106962 -0.0028125
v 0.083334975 -0.091209435 0.0028125
v 0.0832125 -0.09169368 -0.0028125
v 0.08314356 -0.091819965 0.0028125
v 0.082806435 -0.09219474 -0.0028125
v 0.08269404 -0.09228102 0.0028125
v 0.082256775 -0.092526405 -0.0028125
v 0.08214699 -0.092571885 0.0028125
v 0.081699645 -0.09270723 -0.0028125
v 0.08160264 -0.0927282 0.0028125
v 0.08117922 -0.09279558 -0.0028125
v 0.08110041 -0.09280491 0.0028125
v 0.08072172 -0.092838465 -0.0028125
v 0.08065368 -0.09284277 0.0028125
v 0.080329995 -0.09285666 -0.0028125
v 0.08026731 -0.0928581 0.0028125
v 0.079979295 -0.09285969 -0.0028125
v 0.079923825 -0.092859045 0.0028125
v 0.07964334 -0.092851125 -0.0028125
v 0.07959903 -0.09284919 0.0028125
v 0.079307625 -0.092832045 -0.0028125
v 0.07927926 -0.09283005 0.0028125
v 0.078979035 -0.09280617 -0.0028125
v -0.008799915 -0.12471597 0.0028125
v -0.008799915 -0.12471597 -0.0028125
v -0.005229285 -0.12297543 -0.0028125
v -0.009109275 -0.124856565 0.0028125
v -0.005229285 -0.12297543 0.0028125
v -0.00173643 -0.121065855 -0.0028125
v -0.00173643 -0.121065855 0.0028125
v -1.917e-05 -0.1200477 -0.0028125
v -1.917e-05 -0.1200477 0.0028125
v 0.001678635 -0.11898726 -0.0028125
v 0.001678635 -0.11898726 0.0028125
v 0.00191403 -0.118839495 -0.0028125
v 0.001926885 -0.11883147 0.0028125
v 0.002169465 -0.1186809 -0.0028125
v 0.002195655 -0.11866479 0.0028125
v 0.00242184 -0.118527945 -0.0028125
v 0.00246129 -0.11850453 0.0028125
v 0.00267708 -0.118379235 -0.0028125
v 0.002732535 -0.118347795 0.0028125
v 0.00294606 -0.11822937 -0.0028125
v 0.003022485 -0.118187955 0.0028125
v 0.003241635 -0.118071885 -0.0028125
v 0.00334311 -0.11801964 0.0028125
v 0.00357372 -0.11790462 -0.0028125
v 0.00370572 -0.117841485 0.0028125
v 0.003954405 -0.117727305 -0.0028125
v 0.004123065 -0.117654285 0.0028125
v 0.00439785 -0.117542685 -0.0028125
v 0.004602405 -0.11746683 0.0028125
v 0.004917165 -0.117364815 -0.0028125
v 0.00515679 -0.117299295 0.0028125
v 0.00549858 -0.11722974 -0.0028125
v 0.005465925 -0.11723577 0.0028125
v 0.00579957 -0.11719104 0.0028125
v 0.006108015 -0.11718819 -0.0028125
v 0.00613146 -0.11718996 0.0028125
v 0.00669591 -0.11732244 -0.0028125
v 0.00645516 -0.11723721 0.0028125
v 0.00697977 -0.11750367 0.0028125
v 0.00714087 -0.117693195 -0.0028125
v 0.00729858 -0.118002225 0.0028125
v 0.007363185 -0.118248105 -0.0028125
v 0.0073746 -0.118317285 0.0028125
v 0.00740043 -0.118554225 -0.0028125
v 0.00740247 -0.11864538 0.0028125
v 0.007394835 -0.11886702 -0.0028125
v 0.00738633 -0.118980315 0.0028125
v 0.00736554 -0.119177385 -0.0028125
v 0.007347945 -0.11929773 0.0028125
v 0.00731427 -0.119483055 -0.0028125
v 0.007224195 -0.119871075 0.0028125
v 0.007175445 -0.12004464 -0.0028125
v 0.00707514 -0.120363615 0.0028125
v 0.00702102 -0.12052218 -0.0028125
v 0.006921915 -0.12079281 0.0028125
v 0.006870165 -0.12092733 -0.0028125
v 0.00677298 -0.12116781 0.0028125
v 0.006727245 -0.12127698 -0.0028125
v 0.006629985 -0.121501545 0.0028125
v 0.006592665 -0.1215855 -0.0028125
v 0.00649275 -0.12180456 0.0028125
v 0.006464475 -0.12186507 -0.0028125
v 0.0063573 -0.12208851 0.0028125
v 0.00633642 -0.122131005 -0.0028125
v 0.006218025 -0.12236709 0.0028125
v 0.006203595 -0.122395425 -0.0028125
v 0.006072675 -0.122649555 0.0028125
v 0.00606543 -0.12266352 -0.0028125
v 0.005936115 -0.122911965 -0.0028125
v 0.005936115 -0.122911965 0.0028125
v 0.004263675 -0.12631692 -0.0028125
v 0.004263675 -0.12631692 0.0028125
v 0.00267642 -0.129995835 -0.0028125
v 0.00267642 -0.129995835 0.0028125
v 0.00191472 -0.131938005 -0.0028125
v 0.00191472 -0.131938005 0.0028125
v 0.001174335 -0.13394868 -0.0028125
v 0.001174335 -0.13394868 0.0028125
v 0.001077615 -0.13422045 -0.0028125
v 0.00106347 -0.13425939 0.0028125
v 0.000959805 -0.13453032 -0.0028125
v 0.00092418 -0.13461675 0.0028125
v 0.000806265 -0.13487673 -0.0028125
v 0.00073242 -0.13502004 0.0028125
v 0.00059985 -0.13524627 -0.0028125
v 0.00044658 -0.135465945 0.0028125
v 0.000308805 -0.135633195 -0.0028125
v 9.78e-06 -0.13592634 0.0028125
v -0.00011541 -0.13602597 -0.0028125
v -0.00061716 -0.136317 0.0028125
v -0.00071361 -0.1363548 -0.0028125
v -0.00134268 -0.13646811 0.0028125
v -0.001426455 -0.136466985 -0.0028125
v -0.00200868 -0.136371405 0.0028125
v -0.002126895 -0.13633434 -0.0028125
v -0.002549295 -0.136151535 0.0028125
v -0.00269868 -0.13606611 -0.0028125
v -0.00295857 -0.135888255 0.0028125
v -0.00311841 -0.135758955 -0.0028125
v -0.003272475 -0.13561959 0.0028125
v -0.003437385 -0.13545594 -0.0028125
v -0.003523455 -0.135364875 0.0028125
v -0.00369738 -0.13517166 -0.0028125
v -0.003735765 -0.135127785 0.0028125
v -0.00392181 -0.13491288 -0.0028125
v -0.00392181 -0.13491288 0.0028125
v -0.00561342 -0.13309629 -0.0028125
v -0.00561342 -0.13309629 0.0028125
v -0.00742644 -0.131410155 -0.0028125
v -0.00742644 -0.131410155 0.0028125
v -0.00936084 -0.129854475 -0.0028125
v -0.00936084 -0.129854475 0.0028125
v -0.00963339 -0.1296507 -0.0028125
v -0.009643665 -0.12964293 0.0028125
v -0.009929835 -0.129416445 -0.0028125
v -0.00995661 -0.129393975 0.0028125
v -0.01024458 -0.12913077 -0.0028125
v -0.01029252 -0.12908193 0.0028125
v -0.01056807 -0.128755635 -0.0028125
v -0.01063719 -0.128657235 0.0028125
v -0.01086723 -0.128244975 -0.0028125
v -0.010941015 -0.128065815 0.0028125
v -0.01106889 -0.12757527 -0.0028125
v -0.011089995 -0.12732549 0.0028125
v -0.011035275 -0.12682659 -0.0028125
v -0.010961085 -0.1265886 0.0028125
v -0.01072761 -0.126132705 -0.0028125
v -0.010615365 -0.125971845 0.0028125
v -0.01030575 -0.12562206 -0.0028125
v -0.010211535 -0.125535225 0.0028125
v -0.00988059 -0.12527922 -0.0028125
v -0.009815835 -0.125236335 0.0028125
v -0.00948585 -0.125042865 -0.0028125
v -0.009448995 -0.12502332 0.0028125
v -0.00912417 -0.12486348 -0.0028125
v 0.00938637 -0.000478695 0.0028125
v 0.00938637 -0.000478695 -0.0028125
v 0.00938478 0.00014061 -0.0028125
v 0.009587385 -0.00530574 0.0028125
v 0.009384585 0.000135255 0.0028125
v 0.009453615 0.0007566 0.0028125
v 0.009455685 0.000766905 -0.0028125
v 0.00966168 0.001415355 0.0028125
v 0.0096669 0.001427955 -0.0028125
v 0.01005582 0.00205356 0.0028125
v 0.01007064 0.00207009 -0.0028125
v 0.0106419 0.00257241 0.0028125
v 0.01066803 0.00258888 -0.0028125
v 0.01100208 0.002761725 0.0028125
v 0.011031465 0.00277398 -0.0028125
v 0.011402175 0.00289299 0.0028125
v 0.011432265 0.002900625 -0.0028125
v 0.011843385 0.002968215 0.0028125
v 0.011871825 0.002970435 -0.0028125
v 0.012308685 0.00298407 0.0028125
v 0.012331635 0.00298308 -0.0028125
v 0.01279569 0.002939985 0.0028125
v 0.012809085 0.00293841 -0.0028125
v 0.01330704 0.002836605 -0.0028125
v 0.01330704 0.002836605 0.0028125
v 0.01577364 0.002441985 -0.0028125
v 0.01577685 0.00244158 0.0028125
v 0.018204825 0.00220458 -0.0028125
v 0.018204825 0.00220458 0.0028125
v 0.0186486 0.00217701 -0.0028125
v 0.01897467 0.00211635 0.0028125
v 0.01906995 0.002095035 -0.0028125
v 0.01947603 0.001958385 -0.0028125
v 0.01971306 0.00184728 0.0028125
v 0.019845435 0.0017679 -0.0028125
v 0.02031582 0.00135564 0.0028125
v 0.02041704 0.00122775 -0.0028125
v 0.020717505 0.000667395 0.0028125
v 0.02075271 0.00056745 -0.0028125
v 0.020922915 -9.1965e-05 -0.0028125
v 0.020922915 -9.1965e-05 0.0028125
v 0.021367575 -0.00140328 -0.0028125
v 0.021367575 -0.00140328 0.0028125
v 0.02204286 -0.002605935 -0.0028125
v 0.02204286 -0.002605935 0.0028125
v 0.022926585 -0.00366495 -0.0028125
v 0.022926585 -0.00366495 0.0028125
v 0.02399043 -0.004544715 -0.0028125
v 0.02399043 -0.004544715 0.0028125
v 0.02520855 -0.005219805 -0.0028125
v 0.02520855 -0.005219805 0.0028125
v 0.02758278 -0.006295485 -0.0028125
v 0.02758278 -0.006295485 0.0028125
v 0.029982075 -0.007453245 -0.0028125
v 0.029982075 -0.007453245 0.0028125
v 0.030285945 -0.007605885 -0.0028125
v 0.03026385 -0.007594635 0.0028125
v 0.030571785 -0.007755975 0.0028125
v 0.030622185 -0.007783515 -0.0028125
v 0.030899145 -0.0079443 0.0028125
v 0.0309849 -0.007997955 -0.0028125
v 0.031247205 -0.00817629 0.0028125
v 0.031363125 -0.00826347 -0.0028125
v 0.03161883 -0.00847629 0.0028125
v 0.03174948 -0.00859674 -0.0028125
v 0.03200979 -0.00887211 0.0028125
v 0.032140875 -0.00903459 -0.0028125
v 0.032377905 -0.009420945 0.0028125
v 0.032470365 -0.009637905 -0.0028125
v 0.032508855 -0.00975834 0.0028125
v 0.032564415 -0.00999519 -0.0028125
v 0.03258129 -0.010127445 0.0028125
v 0.032582715 -0.010360215 -0.0028125
v 0.032568 -0.010500165 0.0028125
v 0.032399565 -0.01105008 -0.0028125
v 0.0324819 -0.01085862 0.0028125
v 0.032142495 -0.011459475 0.0028125
v 0.03203895 -0.011578605 -0.0028125
v 0.031725315 -0.01188054 0.0028125
v 0.03164247 -0.01194882 -0.0028125
v 0.031321485 -0.01218225 0.0028125
v 0.03126498 -0.012219375 -0.0028125
v 0.030946095 -0.012407355 0.0028125
v 0.030913965 -0.012424335 -0.0028125
v 0.03059976 -0.012579465 0.0028125
v 0.030587595 -0.012584955 -0.0028125
v 0.03028563 -0.0127158 0.0028125
v 0.03028356 -0.01271667 -0.0028125
v 0.030003735 -0.012829425 -0.0028125
v 0.030002805 -0.012829785 0.0028125
v 0.029752635 -0.012928605 -0.0028125
v 0.029752635 -0.012928605 0.0028125
v 0.027255645 -0.01403571 -0.0028125
v 0.027255645 -0.01403571 0.0028125
v 0.024869715 -0.015325815 -0.0028125
v 0.024869715 -0.015325815 0.0028125
v 0.022588725 -0.01680333 -0.0028125
v 0.022588725 -0.01680333 0.0028125
v 0.02043105 -0.018455115 -0.0028125
v 0.02043105 -0.018455115 0.0028125
v 0.01841511 -0.020268 -0.0028125
v 0.01841511 -0.020268 0.0028125
v 0.01653477 -0.022246395 -0.0028125
v 0.01653477 -0.022246395 0.0028125
v 0.01629561 -0.02251905 -0.0028125
v 0.01627611 -0.02254113 0.0028125
v 0.01602339 -0.02281809 -0.0028125
v 0.01597359 -0.022870335 0.0028125
v 0.015706545 -0.023130465 -0.0028125
v 0.015605475 -0.023220105 0.0028125
v 0.015318135 -0.023447985 -0.0028125
v 0.01513614 -0.023572275 0.0028125
v 0.01482252 -0.02375553 -0.0028125
v 0.0145326 -0.023887815 0.0028125
v 0.014180175 -0.023994135 -0.0028125
v 0.01378998 -0.02404302 0.0028125
v 0.013428165 -0.024016005 -0.0028125
v 0.01306317 -0.02391363 -0.0028125
v 0.01305687 -0.023910825 0.0028125
v 0.012727425 -0.023731875 -0.0028125
v 0.012470115 -0.023531085 0.0028125
v 0.012189045 -0.02322066 -0.0028125
v 0.012066405 -0.023050425 0.0028125
v 0.0118392 -0.02265375 -0.0028125
v 0.01180764 -0.022587495 0.0028125
v 0.01161438 -0.02210958 -0.0028125
v 0.011624235 -0.02213817 0.0028125
v 0.01148985 -0.021669885 0.0028125
v 0.011474925 -0.021605985 -0.0028125
v 0.01139229 -0.02119326 0.0028125
v 0.011384205 -0.021147675 -0.0028125
v 0.011316435 -0.020735775 -0.0028125
v 0.011316435 -0.020735775 0.0028125
v 0.01091253 -0.018064905 -0.0028125
v 0.01091253 -0.018064905 0.0028125
v 0.01055484 -0.01543374 -0.0028125
v 0.01055484 -0.01543374 0.0028125
v 0.01024332 -0.012842265 -0.0028125
v 0.01024332 -0.012842265 0.0028125
v 0.009977685 -0.01029057 -0.0028125
v 0.009977685 -0.01029057 0.0028125
v 0.009587385 -0.00530574 -0.0028125
v 0.025188675 -0.088785525 0.0028125
v 0.025188675 -0.088785525 -0.0028125
v 0.0251892 -0.087480315 -0.0028125
v 0.025133715 -0.08927076 0.0028125
v 0.0251892 -0.0874803 0.0028125
v 0.024970455 -0.086216655 -0.0028125
v 0.024970455 -0.086216655 0.0028125
v 0.024531495 -0.084991905 -0.0028125
v 0.024531495 -0.08499192 0.0028125
v 0.023897895 -0.08387715 -0.0028125
v 0.02389791 -0.08387718 0.0028125
v 0.023068725 -0.082869735 -0.0028125
v 0.023068725 -0.082869735 0.0028125
v 0.022562655 -0.08236098 -0.0028125
v 0.02245665 -0.082246095 0.0028125
v 0.02208897 -0.08176968 -0.0028125
v 0.021929745 -0.0815007 0.0028125
v 0.021710805 -0.08100345 -0.0028125
v 0.021604395 -0.080644845 0.0028125
v 0.02158185 -0.08054661 -0.0028125
v 0.02150148 -0.080046585 -0.0028125
v 0.02147559 -0.07976529 0.0028125
v 0.021461145 -0.079513035 -0.0028125
v 0.021456945 -0.078950955 -0.0028125
v 0.021456945 -0.078950955 0.0028125
v 0.02145333 -0.078444315 -0.0028125
v 0.02145333 -0.078444315 0.0028125
v 0.02144658 -0.07793454 -0.0028125
v 0.02144658 -0.07793454 0.0028125
v 0.02144241 -0.077642325 -0.0028125
v 0.021442485 -0.07765086 0.0028125
v 0.02144448 -0.07732488 0.0028125
v 0.02144487 -0.077309055 -0.0028125
v 0.02146581 -0.076954875 0.0028125
v 0.02146887 -0.07692501 -0.0028125
v 0.021528765 -0.0765327 0.0028125
v 0.021540465 -0.076478685 -0.0028125
v 0.02167071 -0.076052055 0.0028125
v 0.02170863 -0.07595838 -0.0028125
v 0.021949095 -0.07550751 0.0028125
v 0.022028175 -0.07539603 -0.0028125
v 0.02246082 -0.074954025 0.0028125
v 0.022532595 -0.0748998 -0.0028125
v 0.02315142 -0.07462335 0.0028125
v 0.02322459 -0.07460664 -0.0028125
v 0.0238413 -0.074546805 0.0028125
v 0.02398227 -0.07455246 -0.0028125
v 0.02442717 -0.07461804 0.0028125
v 0.02462937 -0.074671545 -0.0028125
v 0.0248952 -0.07476234 0.0028125
v 0.025133115 -0.074862405 -0.0028125
v 0.025279395 -0.07493136 0.0028125
v 0.02554314 -0.075066585 -0.0028125
v 0.025605465 -0.07510017 0.0028125
v 0.025887915 -0.075254865 -0.0028125
v 0.025887915 -0.075254865 0.0028125
v 0.028684845 -0.07662678 -0.0028125
v 0.028684845 -0.07662678 0.0028125
v 0.031573275 -0.07773468 -0.0028125
v 0.031573275 -0.07773468 0.0028125
v 0.03456564 -0.078581865 -0.0028125
v 0.03456564 -0.078581865 0.0028125
v 0.037624695 -0.079158375 -0.0028125
v 0.037624695 -0.079158375 0.0028125
v 0.040713195 -0.07945416 -0.0028125
v 0.040713195 -0.07945416 0.0028125
v 0.043843545 -0.079472565 -0.0028125
v 0.043843545 -0.079472565 0.0028125
v 0.04414896 -0.07945995 -0.0028125
v 0.044163525 -0.07945935 0.0028125
v 0.044494395 -0.079448235 -0.0028125
v 0.04453164 -0.079447335 0.0028125
v 0.04488012 -0.079446075 -0.0028125
v 0.044950875 -0.07944756 0.0028125
v 0.04531587 -0.07946781 -0.0028125
v 0.04542786 -0.07947891 0.0028125
v 0.045812025 -0.079534695 -0.0028125
v 0.04596504 -0.07956489 0.0028125
v 0.046375515 -0.079672215 -0.0028125
v 0.046562535 -0.0797355 0.0028125
v 0.046983315 -0.07994148 -0.0028125
v 0.04717866 -0.08007372 0.0028125
v 0.047525865 -0.08042433 -0.0028125
v 0.047657685 -0.080623305 0.0028125
v 0.0478155 -0.08106585 -0.0028125
v 0.047847795 -0.081268305 0.0028125
v 0.04783593 -0.08171424 -0.0028125
v 0.04781073 -0.0818706 0.0028125
v 0.047701725 -0.082266615 -0.0028125
v 0.047661435 -0.082371525 0.0028125
v 0.04750956 -0.082714395 -0.0028125
v 0.04747218 -0.08278704 0.0028125
v 0.047306505 -0.08308611 -0.0028125
v 0.047276595 -0.083135865 0.0028125
v 0.04710438 -0.08339973 -0.0028125
v 0.04708251 -0.083431155 0.0028125
v 0.046907835 -0.0836661 -0.0028125
v 0.04689507 -0.0836823 0.0028125
v 0.046725045 -0.08389047 -0.0028125
v 0.04672062 -0.083895585 0.0028125
v 0.046560705 -0.08407911 -0.0028125
v 0.046561905 -0.084077745 0.0028125
v 0.046416465 -0.08423826 0.0028125
v 0.04641291 -0.08424213 -0.0028125
v 0.04627956 -0.084385935 0.0028125
v 0.04627653 -0.084389175 -0.0028125
v 0.046145865 -0.0845283 -0.0028125
v 0.046145865 -0.0845283 0.0028125
v 0.044536605 -0.08618541 -0.0028125
v 0.044536605 -0.08618541 0.0028125
v 0.042922005 -0.087751155 -0.0028125
v 0.042922005 -0.087751155 0.0028125
v 0.040685565 -0.089693715 -0.0028125
v 0.040685565 -0.089693715 0.0028125
v 0.038311545 -0.09144819 -0.0028125
v 0.038311545 -0.09144819 0.0028125
v 0.035808495 -0.09300921 -0.0028125
v 0.035808495 -0.09300921 0.0028125
v 0.03318504 -0.09437142 -0.0028125
v 0.03318504 -0.09437142 0.0028125
v 0.03284139 -0.09453036 -0.0028125
v 0.03276957 -0.094562625 0.0028125
v 0.03248526 -0.094687245 -0.0028125
v 0.032322255 -0.09475512 0.0028125
v 0.03209889 -0.09484428 -0.0028125
v 0.03181008 -0.094949625 0.0028125
v 0.031663575 -0.094999575 -0.0028125
v 0.03121485 -0.09513276 0.0028125
v 0.03117105 -0.0951447 -0.0028125
v 0.030618795 -0.09526683 -0.0028125
v 0.030544125 -0.095279925 0.0028125
v 0.030001395 -0.09535233 -0.0028125
v 0.029793285 -0.095369355 0.0028125
v 0.029315775 -0.095384025 -0.0028125
v 0.028940175 -0.09537207 0.0028125
v 0.02856588 -0.09533532 -0.0028125
v 0.027970005 -0.095223315 0.0028125
v 0.02775561 -0.095163765 -0.0028125
v 0.027460785 -0.09506217 0.0028125
v 0.026908665 -0.094809645 -0.0028125
v 0.026958735 -0.094838625 0.0028125
v 0.026492595 -0.09454707 0.0028125
v 0.026104995 -0.0942225 -0.0028125
v 0.02607795 -0.09420087 0.0028125
v 0.02547381 -0.093414885 -0.0028125
v 0.025451085 -0.093379425 0.0028125
v 0.02510307 -0.092491485 -0.0028125
v 0.02510733 -0.092506545 0.0028125
v 0.024967545 -0.091705725 0.0028125
v 0.0249573 -0.091591545 -0.0028125
v 0.02494884 -0.090996285 0.0028125
v 0.024957435 -0.09077703 -0.0028125
v 0.024992265 -0.09036549 0.0028125
v 0.025027485 -0.090049395 -0.0028125
v 0.025061655 -0.08979558 0.0028125
v 0.025117155 -0.08939016 -0.0028125
v 0.04293657 -0.015 0.0028125
v 0.04293657 -0.015 -0.0028125
v 0.04289967 -0.015181665 -0.0028125
v 0.04289967 -0.014818335 0.0028125
v 0.04289967 -0.015181665 0.0028125
v 0.042798705 -0.015330885 -0.0028125
v 0.042798705 -0.015330885 0.0028125
v 0.042648015 -0.01543224 -0.0028125
v 0.042648015 -0.01543224 0.0028125
v 0.04246782 -0.01546875 -0.0028125
v 0.04246782 -0.01546875 0.0028125
v 0.042287625 -0.01543224 -0.0028125
v 0.042287625 -0.01543224 0.0028125
v 0.042136935 -0.015330885 -0.0028125
v 0.042136935 -0.015330885 0.0028125
v 0.04203597 -0.015181665 -0.0028125
v 0.04203597 -0.015181665 0.0028125
v 0.04199907 -0.015 -0.0028125
v 0.04199907 -0.015 0.0028125
v 0.04203597 -0.014818335 -0.0028125
v 0.04203597 -0.014818335 0.0028125
v 0.042136935 -0.014669115 -0.0028125
v 0.042136935 -0.014669115 0.0028125
v 0.042287625 -0.01456776 -0.0028125
v 0.042287625 -0.01456776 0.0028125
v 0.04246782 -0.01453125 -0.0028125
v 0.04246782 -0.01453125 0.0028125
v 0.042648015 -0.01456776 -0.0028125
v 0.042648015 -0.01456776 0.0028125
v 0.042798705 -0.014669115 -0.0028125
v 0.042798705 -0.014669115 0.0028125
v 0.04289967 -0.014818335 -0.0028125
v 0.06057012 -0.02072949 0.0028125
v 0.06057012 -0.02072949 -0.0028125
v 0.06053322 -0.020911155 -0.0028125
v 0.06053322 -0.020547825 0.0028125
v 0.06053322 -0.020911155 0.0028125
v 0.06043227 -0.021060375 -0.0028125
v 0.06043227 -0.021060375 0.0028125
v 0.06028158 -0.02116173 -0.0028125
v 0.06028158 -0.02116173 0.0028125
v 0.06010137 -0.02119824 -0.0028125
v 0.06010137 -0.02119824 0.0028125
v 0.059921175 -0.02116173 -0.0028125
v 0.059921175 -0.02116173 0.0028125
v 0.059770485 -0.021060375 -0.0028125
v 0.059770485 -0.021060375 0.0028125
v 0.059669535 -0.020911155 -0.0028125
v 0.059669535 -0.020911155 0.0028125
v 0.05963262 -0.02072949 -0.0028125
v 0.05963262 -0.02072949 0.0028125
v 0.059669535 -0.020547825 -0.0028125
v 0.059669535 -0.020547825 0.0028125
v 0.059770485 -0.020398605 -0.0028125
v 0.059770485 -0.020398605 0.0028125
v 0.059921175 -0.02029725 -0.0028125
v 0.059921175 -0.02029725 0.0028125
v 0.06010137 -0.02026074 -0.0028125
v 0.06010137 -0.02026074 0.0028125
v 0.06028158 -0.02029725 -0.0028125
v 0.06028158 -0.02029725 0.0028125
v 0.06043227 -0.020398605 -0.0028125
v 0.06043227 -0.020398605 0.0028125
v 0.06053322 -0.020547825 -0.0028125
v 0.06057012 -0.06927051 0.0028125
v 0.06057012 -0.06927051 -0.0028125
v 0.06053322 -0.069452175 -0.0028125
v 0.06053322 -0.069088845 0.0028125
v 0.06053322 -0.069452175 0.0028125
v 0.06043227 -0.069601395 -0.0028125
v 0.06043227 -0.069601395 0.0028125
v 0.06028158 -0.06970275 -0.0028125
v 0.06028158 -0.06970275 0.0028125
v 0.06010137 -0.06973926 -0.0028125
v 0.06010137 -0.06973926 0.0028125
v 0.059921175 -0.06970275 -0.0028125
v 0.059921175 -0.06970275 0.0028125
v 0.059770485 -0.069601395 -0.0028125
v 0.059770485 -0.069601395 0.0028125
v 0.059669535 -0.069452175 -0.0028125
v 0.059669535 -0.069452175 0.0028125
v 0.05963262 -0.06927051 -0.0028125
v 0.05963262 -0.06927051 0.0028125
v 0.059669535 -0.069088845 -0.0028125
v 0.059669535 -0.069088845 0.0028125
v 0.059770485 -0.068939625 -0.0028125
v 0.059770485 -0.068939625 0.0028125
v 0.059921175 -0.06883827 -0.0028125
v 0.059921175 -0.06883827 0.0028125
v 0.06010137 -0.06880176 -0.0028125
v 0.06010137 -0.06880176 0.0028125
v 0.06028158 -0.06883827 -0.0028125
v 0.06028158 -0.06883827 0.0028125
v 0.06043227 -0.068939625 -0.0028125
v 0.06043227 -0.068939625 0.0028125
v 0.06053322 -0.069088845 -0.0028125
v 0.025303005 -0.06927051 0.0028125
v 0.025303005 -0.06927051 -0.0028125
v 0.025266105 -0.069452175 -0.0028125
v 0.025266105 -0.069088845 0.0028125
v 0.025266105 -0.069452175 0.0028125
v 0.02516514 -0.069601395 -0.0028125
v 0.02516514 -0.069601395 0.0028125
v 0.025014465 -0.06970275 -0.0028125
v 0.025014465 -0.06970275 0.0028125
v 0.024834255 -0.06973926 -0.0028125
v 0.024834255 -0.06973926 0.0028125
v 0.02465406 -0.06970275 -0.0028125
v 0.02465406 -0.06970275 0.0028125
v 0.02450337 -0.069601395 -0.0028125
v 0.02450337 -0.069601395 0.0028125
v 0.02440242 -0.069452175 -0.0028125
v 0.02440242 -0.069452175 0.0028125
v 0.024365505 -0.06927051 -0.0028125
v 0.024365505 -0.06927051 0.0028125
v 0.02440242 -0.069088845 -0.0028125
v 0.02440242 -0.069088845 0.0028125
v 0.02450337 -0.068939625 -0.0028125
v 0.02450337 -0.068939625 0.0028125
v 0.02465406 -0.06883827 -0.0028125
v 0.02465406 -0.06883827 0.0028125
v 0.024834255 -0.06880176 -0.0028125
v 0.024834255 -0.06880176 0.0028125
v 0.025014465 -0.06883827 -0.0028125
v 0.025014465 -0.06883827 0.0028125
v 0.02516514 -0.068939625 -0.0028125
v 0.02516514 -0.068939625 0.0028125
v 0.025266105 -0.069088845 -0.0028125
v 0.025303005 -0.02072949 0.0028125
v 0.025303005 -0.02072949 -0.0028125
v 0.025266105 -0.020911155 -0.0028125
v 0.025266105 -0.020547825 0.0028125
v 0.025266105 -0.020911155 0.0028125
v 0.02516514 -0.021060375 -0.0028125
v 0.02516514 -0.021060375 0.0028125
v 0.025014465 -0.02116173 -0.0028125
v 0.025014465 -0.02116173 0.0028125
v 0.024834255 -0.02119824 -0.0028125
v 0.024834255 -0.02119824 0.0028125
v 0.02465406 -0.02116173 -0.0028125
v 0.02465406 -0.02116173 0.0028125
v 0.02450337 -0.021060375 -0.0028125
v 0.02450337 -0.021060375 0.0028125
v 0.02440242 -0.020911155 -0.0028125
v 0.02440242 -0.020911155 0.0028125
v 0.024365505 -0.02072949 -0.0028125
v 0.024365505 -0.02072949 0.0028125
v 0.02440242 -0.020547825 -0.0028125
v 0.02440242 -0.020547825 0.0028125
v 0.02450337 -0.020398605 -0.0028125
v 0.02450337 -0.020398605 0.0028125
v 0.02465406 -0.02029725 -0.0028125
v 0.02465406 -0.02029725 0.0028125
v 0.024834255 -0.02026074 -0.0028125
v 0.024834255 -0.02026074 0.0028125
v 0.025014465 -0.02029725 -0.0028125
v 0.025014465 -0.02029725 0.0028125
v 0.02516514 -0.020398605 -0.0028125
v 0.02516514 -0.020398605 0.0028125
v 0.025266105 -0.020547825 -0.0028125
v 0.04293657 -0.075 0.0028125
v 0.04293657 -0.075 -0.0028125
v 0.04289967 -0.075181665 -0.0028125
v 0.04289967 -0.074818335 0.0028125
v 0.04289967 -0.075181665 0.0028125
v 0.042798705 -0.075330885 -0.0028125
v 0.042798705 -0.075330885 0.0028125
v 0.042648015 -0.07543224 -0.0028125
v 0.042648015 -0.07543224 0.0028125
v 0.04246782 -0.07546875 -0.0028125
v 0.04246782 -0.07546875 0.0028125
v 0.042287625 -0.07543224 -0.0028125
v 0.042287625 -0.07543224 0.0028125
v 0.042136935 -0.075330885 -0.0028125
v 0.042136935 -0.075330885 0.0028125
v 0.04203597 -0.075181665 -0.0028125
v 0.04203597 -0.075181665 0.0028125
v 0.04199907 -0.075 -0.0028125
v 0.04199907 -0.075 0.0028125
v 0.04203597 -0.074818335 -0.0028125
v 0.04203597 -0.074818335 0.0028125
v 0.042136935 -0.074669115 -0.0028125
v 0.042136935 -0.074669115 0.0028125
v 0.042287625 -0.07456776 -0.0028125
v 0.042287625 -0.07456776 0.0028125
v 0.04246782 -0.07453125 -0.0028125
v 0.04246782 -0.07453125 0.0028125
v 0.042648015 -0.07456776 -0.0028125
v 0.042648015 -0.07456776 0.0028125
v 0.042798705 -0.074669115 -0.0028125
v 0.042798705 -0.074669115 0.0028125
v 0.04289967 -0.074818335 -0.0028125
v 0.049412175 -0.097461915 0.0028125
v 0.049412175 -0.097461915 -0.0028125
v 0.049375275 -0.097643595 -0.0028125
v 0.049375275 -0.09728025 0.0028125
v 0.049375275 -0.097643595 0.0028125
v 0.04927431 -0.0977928 -0.0028125
v 0.04927431 -0.0977928 0.0028125
v 0.04912362 -0.09789417 -0.0028125
v 0.04912362 -0.09789417 0.0028125
v 0.048943425 -0.097930665 -0.0028125
v 0.048943425 -0.097930665 0.0028125
v 0.04876323 -0.09789417 -0.0028125
v 0.04876323 -0.09789417 0.0028125
v 0.04861254 -0.0977928 -0.0028125
v 0.04861254 -0.0977928 0.0028125
v 0.048511575 -0.097643595 -0.0028125
v 0.048511575 -0.097643595 0.0028125
v 0.048474675 -0.097461915 -0.0028125
v 0.048474675 -0.097461915 0.0028125
v 0.048511575 -0.09728025 -0.0028125
v 0.048511575 -0.09728025 0.0028125
v 0.04861254 -0.09713103 -0.0028125
v 0.04861254 -0.09713103 0.0028125
v 0.04876323 -0.09702969 -0.0028125
v 0.04876323 -0.09702969 0.0028125
v 0.048943425 -0.096993165 -0.0028125
v 0.048943425 -0.096993165 0.0028125
v 0.04912362 -0.09702969 -0.0028125
v 0.04912362 -0.09702969 0.0028125
v 0.04927431 -0.09713103 -0.0028125
v 0.04927431 -0.09713103 0.0028125
v 0.049375275 -0.09728025 -0.0028125
v 0.03141543 -0.10192137 0.0028125
v 0.03141543 -0.10192137 -0.0028125
v 0.03137853 -0.10210305 -0.0028125
v 0.03137853 -0.101739705 0.0028125
v 0.03137853 -0.10210305 0.0028125
v 0.031277565 -0.102252255 -0.0028125
v 0.031277565 -0.102252255 0.0028125
v 0.031126875 -0.102353625 -0.0028125
v 0.031126875 -0.102353625 0.0028125
v 0.03094668 -0.10239012 -0.0028125
v 0.03094668 -0.10239012 0.0028125
v 0.030766485 -0.102353625 -0.0028125
v 0.030766485 -0.102353625 0.0028125
v 0.030615795 -0.102252255 -0.0028125
v 0.030615795 -0.102252255 0.0028125
v 0.030514845 -0.10210305 -0.0028125
v 0.030514845 -0.10210305 0.0028125
v 0.03047793 -0.10192137 -0.0028125
v 0.03047793 -0.10192137 0.0028125
v 0.030514845 -0.101739705 -0.0028125
v 0.030514845 -0.101739705 0.0028125
v 0.030615795 -0.101590485 -0.0028125
v 0.030615795 -0.101590485 0.0028125
v 0.030766485 -0.10148913 -0.0028125
v 0.030766485 -0.10148913 0.0028125
v 0.03094668 -0.10145262 -0.0028125
v 0.03094668 -0.10145262 0.0028125
v 0.031126875 -0.10148913 -0.0028125
v 0.031126875 -0.10148913 0.0028125
v 0.031277565 -0.101590485 -0.0028125
v 0.031277565 -0.101590485 0.0028125
v 0.03137853 -0.101739705 -0.0028125
v 0.066593055 -0.10443237 0.0028125
v 0.066593055 -0.10443237 -0.0028125
v 0.06655614 -0.104614035 -0.0028125
v 0.06655614 -0.104250705 0.0028125
v 0.06655614 -0.104614035 0.0028125
v 0.06645519 -0.104763255 -0.0028125
v 0.06645519 -0.104763255 0.0028125
v 0.0663045 -0.10486461 -0.0028125
v 0.0663045 -0.10486461 0.0028125
v 0.066124305 -0.10490112 -0.0028125
v 0.066124305 -0.10490112 0.0028125
v 0.065944095 -0.10486461 -0.0028125
v 0.065944095 -0.10486461 0.0028125
v 0.065793405 -0.104763255 -0.0028125
v 0.065793405 -0.104763255 0.0028125
v 0.065692455 -0.104614035 -0.0028125
v 0.065692455 -0.104614035 0.0028125
v 0.065655555 -0.10443237 -0.0028125
v 0.065655555 -0.10443237 0.0028125
v 0.065692455 -0.104250705 -0.0028125
v 0.065692455 -0.104250705 0.0028125
v 0.065793405 -0.104101485 -0.0028125
v 0.065793405 -0.104101485 0.0028125
v 0.065944095 -0.10400013 -0.0028125
v 0.065944095 -0.10400013 0.0028125
v 0.066124305 -0.10396362 -0.0028125
v 0.066124305 -0.10396362 0.0028125
v 0.0663045 -0.10400013 -0.0028125
v 0.0663045 -0.10400013 0.0028125
v 0.06645519 -0.104101485 -0.0028125
v 0.06645519 -0.104101485 0.0028125
v 0.06655614 -0.104250705 -0.0028125
v 0.063136965 -0.152850195 0.0028125
v 0.063136965 -0.152850195 -0.0028125
v 0.063100065 -0.153031875 -0.0028125
v 0.063100065 -0.15266853 0.0028125
v 0.063100065 -0.153031875 0.0028125
v 0.0629991 -0.15318108 -0.0028125
v 0.0629991 -0.15318108 0.0028125
v 0.06284841 -0.153282435 -0.0028125
v 0.06284841 -0.153282435 0.0028125
v 0.062668215 -0.153318945 -0.0028125
v 0.062668215 -0.153318945 0.0028125
v 0.06248802 -0.153282435 -0.0028125
v 0.06248802 -0.153282435 0.0028125
v 0.06233733 -0.15318108 -0.0028125
v 0.06233733 -0.15318108 0.0028125
v 0.062236365 -0.153031875 -0.0028125
v 0.062236365 -0.153031875 0.0028125
v 0.062199465 -0.152850195 -0.0028125
v 0.062199465 -0.152850195 0.0028125
v 0.062236365 -0.15266853 -0.0028125
v 0.062236365 -0.15266853 0.0028125
v 0.06233733 -0.15251931 -0.0028125
v 0.06233733 -0.15251931 0.0028125
v 0.06248802 -0.152417955 -0.0028125
v 0.06248802 -0.152417955 0.0028125
v 0.062668215 -0.152381445 -0.0028125
v 0.062668215 -0.152381445 0.0028125
v 0.06284841 -0.152417955 -0.0028125
v 0.06284841 -0.152417955 0.0028125
v 0.0629991 -0.15251931 -0.0028125
v 0.0629991 -0.15251931 0.0028125
v 0.063100065 -0.15266853 -0.0028125
v 0.027959355 -0.15033921 0.0028125
v 0.027959355 -0.15033921 -0.0028125
v 0.02792244 -0.150520875 -0.0028125
v 0.02792244 -0.15015753 0.0028125
v 0.02792244 -0.150520875 0.0028125
v 0.02782149 -0.150670095 -0.0028125
v 0.02782149 -0.150670095 0.0028125
v 0.0276708 -0.15077145 -0.0028125
v 0.0276708 -0.15077145 0.0028125
v 0.027490605 -0.15080796 -0.0028125
v 0.027490605 -0.15080796 0.0028125
v 0.027310395 -0.15077145 -0.0028125
v 0.027310395 -0.15077145 0.0028125
v 0.02715972 -0.150670095 -0.0028125
v 0.02715972 -0.150670095 0.0028125
v 0.027058755 -0.150520875 -0.0028125
v 0.027058755 -0.150520875 0.0028125
v 0.027021855 -0.15033921 -0.0028125
v 0.027021855 -0.15033921 0.0028125
v 0.027058755 -0.15015753 -0.0028125
v 0.027058755 -0.15015753 0.0028125
v 0.02715972 -0.15000831 -0.0028125
v 0.02715972 -0.15000831 0.0028125
v 0.027310395 -0.149906955 -0.0028125
v 0.027310395 -0.149906955 0.0028125
v 0.027490605 -0.14987046 -0.0028125
v 0.027490605 -0.14987046 0.0028125
v 0.0276708 -0.149906955 -0.0028125
v 0.0276708 -0.149906955 0.0028125
v 0.02782149 -0.15000831 -0.0028125
v 0.02782149 -0.15000831 0.0028125
v 0.02792244 -0.15015753 -0.0028125
v 0.04514022 -0.157309635 0.0028125
v 0.04514022 -0.157309635 -0.0028125
v 0.04510332 -0.157491315 -0.0028125
v 0.04510332 -0.157127985 0.0028125
v 0.04510332 -0.157491315 0.0028125
v 0.045002355 -0.157640535 -0.0028125
v 0.045002355 -0.157640535 0.0028125
v 0.044851665 -0.15774189 -0.0028125
v 0.044851665 -0.15774189 0.0028125
v 0.04467147 -0.157778385 -0.0028125
v 0.04467147 -0.157778385 0.0028125
v 0.044491275 -0.15774189 -0.0028125
v 0.044491275 -0.15774189 0.0028125
v 0.044340585 -0.157640535 -0.0028125
v 0.044340585 -0.157640535 0.0028125
v 0.04423962 -0.157491315 -0.0028125
v 0.04423962 -0.157491315 0.0028125
v 0.04420272 -0.157309635 -0.0028125
v 0.04420272 -0.157309635 0.0028125
v 0.04423962 -0.157127985 -0.0028125
v 0.04423962 -0.157127985 0.0028125
v 0.044340585 -0.156978765 -0.0028125
v 0.044340585 -0.156978765 0.0028125
v 0.044491275 -0.15687741 -0.0028125
v 0.044491275 -0.15687741 0.0028125
v 0.04467147 -0.156840885 -0.0028125
v 0.04467147 -0.156840885 0.0028125
v 0.044851665 -0.15687741 -0.0028125
v 0.044851665 -0.15687741 0.0028125
v 0.045002355 -0.156978765 -0.0028125
v 0.045002355 -0.156978765 0.0028125
v 0.04510332 -0.157127985 -0.0028125
v -0.02953125 -0.1275 0.0028125
v -0.02953125 -0.1275 -0.0028125
v -0.02956815 -0.12768168 -0.0028125
v -0.02956815 -0.12731832 0.0028125
v -0.02956815 -0.12768168 0.0028125
v -0.029669115 -0.127830885 -0.0028125
v -0.029669115 -0.127830885 0.0028125
v -0.029819805 -0.12793224 -0.0028125
v -0.029819805 -0.12793224 0.0028125
v -0.03 -0.12796875 -0.0028125
v -0.03 -0.12796875 0.0028125
v -0.030180195 -0.12793224 -0.0028125
v -0.030180195 -0.12793224 0.0028125
v -0.030330885 -0.127830885 -0.0028125
v -0.030330885 -0.127830885 0.0028125
v -0.03043185 -0.12768168 -0.0028125
v -0.03043185 -0.12768168 0.0028125
v -0.03046875 -0.1275 -0.0028125
v -0.03046875 -0.1275 0.0028125
v -0.03043185 -0.12731832 -0.0028125
v -0.03043185 -0.12731832 0.0028125
v -0.030330885 -0.127169115 -0.0028125
v -0.030330885 -0.127169115 0.0028125
v -0.030180195 -0.12706776 -0.0028125
v -0.030180195 -0.12706776 0.0028125
v -0.03 -0.12703125 -0.0028125
v -0.03 -0.12703125 0.0028125
v -0.029819805 -0.12706776 -0.0028125
v -0.029819805 -0.12706776 0.0028125
v -0.029669115 -0.127169115 -0.0028125
v -0.029669115 -0.127169115 0.0028125
v -0.02956815 -0.12731832 -0.0028125
v -0.0471648 -0.13322949 0.0028125
v -0.0471648 -0.13322949 -0.0028125
v -0.047201715 -0.133411155 -0.0028125
v -0.047201715 -0.133047825 0.0028125
v -0.047201715 -0.133411155 0.0028125
v -0.04730268 -0.133560375 -0.0028125
v -0.04730268 -0.133560375 0.0028125
v -0.047453355 -0.13366173 -0.0028125
v -0.047453355 -0.13366173 0.0028125
v -0.04763355 -0.13369824 -0.0028125
v -0.04763355 -0.13369824 0.0028125
v -0.04781376 -0.13366173 -0.0028125
v -0.04781376 -0.13366173 0.0028125
v -0.047964435 -0.133560375 -0.0028125
v -0.047964435 -0.133560375 0.0028125
v -0.0480654 -0.133411155 -0.0028125
v -0.0480654 -0.133411155 0.0028125
v -0.0481023 -0.13322949 -0.0028125
v -0.0481023 -0.13322949 0.0028125
v -0.0480654 -0.133047825 -0.0028125
v -0.0480654 -0.133047825 0.0028125
v -0.047964435 -0.132898605 -0.0028125
v -0.047964435 -0.132898605 0.0028125
v -0.04781376 -0.13279725 -0.0028125
v -0.04781376 -0.13279725 0.0028125
v -0.04763355 -0.13276074 -0.0028125
v -0.04763355 -0.13276074 0.0028125
v -0.047453355 -0.13279725 -0.0028125
v -0.047453355 -0.13279725 0.0028125
v -0.04730268 -0.132898605 -0.0028125
v -0.04730268 -0.132898605 0.0028125
v -0.047201715 -0.133047825 -0.0028125
v -0.0118977 -0.13322949 0.0028125
v -0.0118977 -0.13322949 -0.0028125
v -0.0119346 -0.133411155 -0.0028125
v -0.0119346 -0.133047825 0.0028125
v -0.0119346 -0.133411155 0.0028125
v -0.01203555 -0.133560375 -0.0028125
v -0.01203555 -0.133560375 0.0028125
v -0.01218624 -0.13366173 -0.0028125
v -0.01218624 -0.13366173 0.0028125
v -0.01236645 -0.13369824 -0.0028125
v -0.01236645 -0.13369824 0.0028125
v -0.012546645 -0.13366173 -0.0028125
v -0.012546645 -0.13366173 0.0028125
v -0.012697335 -0.133560375 -0.0028125
v -0.012697335 -0.133560375 0.0028125
v -0.012798285 -0.133411155 -0.0028125
v -0.012798285 -0.133411155 0.0028125
v -0.0128352 -0.13322949 -0.0028125
v -0.0128352 -0.13322949 0.0028125
v -0.012798285 -0.133047825 -0.0028125
v -0.012798285 -0.133047825 0.0028125
v -0.012697335 -0.132898605 -0.0028125
v -0.012697335 -0.132898605 0.0028125
v -0.012546645 -0.13279725 -0.0028125
v -0.012546645 -0.13279725 0.0028125
v -0.01236645 -0.13276074 -0.0028125
v -0.01236645 -0.13276074 0.0028125
v -0.01218624 -0.13279725 -0.0028125
v -0.01218624 -0.13279725 0.0028125
v -0.01203555 -0.132898605 -0.0028125
v -0.01203555 -0.132898605 0.0028125
v -0.0119346 -0.133047825 -0.0028125
v -0.0118977 -0.18177051 0.0028125
v -0.0118977 -0.18177051 -0.0028125
v -0.0119346 -0.181952175 -0.0028125
v -0.0119346 -0.181588845 0.0028125
v -0.0119346 -0.181952175 0.0028125
v -0.01203555 -0.182101395 -0.0028125
v -0.01203555 -0.182101395 0.0028125
v -0.01218624 -0.18220275 -0.0028125
v -0.01218624 -0.18220275 0.0028125
v -0.01236645 -0.18223926 -0.0028125
v -0.01236645 -0.18223926 0.0028125
v -0.012546645 -0.18220275 -0.0028125
v -0.012546645 -0.18220275 0.0028125
v -0.012697335 -0.182101395 -0.0028125
v -0.012697335 -0.182101395 0.0028125
v -0.012798285 -0.181952175 -0.0028125
v -0.012798285 -0.181952175 0.0028125
v -0.0128352 -0.18177051 -0.0028125
v -0.0128352 -0.18177051 0.0028125
v -0.012798285 -0.181588845 -0.0028125
v -0.012798285 -0.181588845 0.0028125
v -0.012697335 -0.181439625 -0.0028125
v -0.012697335 -0.181439625 0.0028125
v -0.012546645 -0.18133827 -0.0028125
v -0.012546645 -0.18133827 0.0028125
v -0.01236645 -0.18130176 -0.0028125
v -0.01236645 -0.18130176 0.0028125
v -0.01218624 -0.18133827 -0.0028125
v -0.01218624 -0.18133827 0.0028125
v -0.01203555 -0.181439625 -0.0028125
v -0.01203555 -0.181439625 0.0028125
v -0.0119346 -0.181588845 -0.0028125
v -0.0471648 -0.18177051 0.0028125
v -0.0471648 -0.18177051 -0.0028125
v -0.047201715 -0.181952175 -0.0028125
v -0.047201715 -0.181588845 0.0028125
v -0.047201715 -0.181952175 0.0028125
v -0.04730268 -0.182101395 -0.0028125
v -0.04730268 -0.182101395 0.0028125
v -0.047453355 -0.18220275 -0.0028125
v -0.047453355 -0.18220275 0.0028125
v -0.04763355 -0.18223926 -0.0028125
v -0.04763355 -0.18223926 0.0028125
v -0.04781376 -0.18220275 -0.0028125
v -0.04781376 -0.18220275 0.0028125
v -0.047964435 -0.182101395 -0.0028125
v -0.047964435 -0.182101395 0.0028125
v -0.0480654 -0.181952175 -0.0028125
v -0.0480654 -0.181952175 0.0028125
v -0.0481023 -0.18177051 -0.0028125
v -0.0481023 -0.18177051 0.0028125
v -0.0480654 -0.181588845 -0.0028125
v -0.0480654 -0.181588845 0.0028125
v -0.047964435 -0.181439625 -0.0028125
v -0.047964435 -0.181439625 0.0028125
v -0.04781376 -0.18133827 -0.0028125
v -0.04781376 -0.18133827 0.0028125
v -0.04763355 -0.18130176 -0.0028125
v -0.04763355 -0.18130176 0.0028125
v -0.047453355 -0.18133827 -0.0028125
v -0.047453355 -0.18133827 0.0028125
v -0.04730268 -0.181439625 -0.0028125
v -0.04730268 -0.181439625 0.0028125
v -0.047201715 -0.181588845 -0.0028125
v -0.02953125 -0.1875 0.0028125
v -0.02953125 -0.1875 -0.0028125
v -0.02956815 -0.18768168 -0.0028125
v -0.02956815 -0.18731832 0.0028125
v -0.02956815 -0.18768168 0.0028125
v -0.029669115 -0.187830885 -0.0028125
v -0.029669115 -0.187830885 0.0028125
v -0.029819805 -0.18793224 -0.0028125
v -0.029819805 -0.18793224 0.0028125
v -0.03 -0.18796875 -0.0028125
v -0.03 -0.18796875 0.0028125
v -0.030180195 -0.18793224 -0.0028125
v -0.030180195 -0.18793224 0.0028125
v -0.030330885 -0.187830885 -0.0028125
v -0.030330885 -0.187830885 0.0028125
v -0.03043185 -0.18768168 -0.0028125
v -0.03043185 -0.18768168 0.0028125
v -0.03046875 -0.1875 -0.0028125
v -0.03046875 -0.1875 0.0028125
v -0.03043185 -0.18731832 -0.0028125
v -0.03043185 -0.18731832 0.0028125
v -0.030330885 -0.187169115 -0.0028125
v -0.030330885 -0.187169115 0.0028125
v -0.030180195 -0.18706776 -0.0028125
v -0.030180195 -0.18706776 0.0028125
v -0.03 -0.18703125 -0.0028125
v -0.03 -0.18703125 0.0028125
v -0.029819805 -0.18706776 -0.0028125
v -0.029819805 -0.18706776 0.0028125
v -0.029669115 -0.187169115 -0.0028125
v -0.029669115 -0.187169115 0.0028125
v -0.02956815 -0.18731832 -0.0028125
v 0.014404875 -0.03572949 0.0028125
v 0.014404875 -0.03572949 -0.0028125
v 0.014367975 -0.035911155 -0.0028125
v 0.014367975 -0.035547825 0.0028125
v 0.014367975 -0.035911155 0.0028125
v 0.01426701 -0.036060375 -0.0028125
v 0.01426701 -0.036060375 0.0028125
v 0.01411632 -0.03616173 -0.0028125
v 0.01411632 -0.03616173 0.0028125
v 0.013936125 -0.03619824 -0.0028125
v 0.013936125 -0.03619824 0.0028125
v 0.01375593 -0.03616173 -0.0028125
v 0.01375593 -0.03616173 0.0028125
v 0.01360524 -0.036060375 -0.0028125
v 0.01360524 -0.036060375 0.0028125
v 0.013504275 -0.035911155 -0.0028125
v 0.013504275 -0.035911155 0.0028125
v 0.013467375 -0.03572949 -0.0028125
v 0.013467375 -0.03572949 0.0028125
v 0.013504275 -0.035547825 -0.0028125
v 0.013504275 -0.035547825 0.0028125
v 0.01360524 -0.035398605 -0.0028125
v 0.01360524 -0.035398605 0.0028125
v 0.01375593 -0.03529725 -0.0028125
v 0.01375593 -0.03529725 0.0028125
v 0.013936125 -0.03526074 -0.0028125
v 0.013936125 -0.03526074 0.0028125
v 0.01411632 -0.03529725 -0.0028125
v 0.01411632 -0.03529725 0.0028125
v 0.01426701 -0.035398605 -0.0028125
v 0.01426701 -0.035398605 0.0028125
v 0.014367975 -0.035547825 -0.0028125
v 0.014404875 -0.05427051 0.0028125
v 0.014404875 -0.05427051 -0.0028125
v 0.014367975 -0.054452175 -0.0028125
v 0.014367975 -0.054088845 0.0028125
v 0.014367975 -0.054452175 0.0028125
v 0.01426701 -0.054601395 -0.0028125
v 0.01426701 -0.054601395 0.0028125
v 0.01411632 -0.05470275 -0.0028125
v 0.01411632 -0.05470275 0.0028125
v 0.013936125 -0.05473926 -0.0028125
v 0.013936125 -0.05473926 0.0028125
v 0.01375593 -0.05470275 -0.0028125
v 0.01375593 -0.05470275 0.0028125
v 0.01360524 -0.054601395 -0.0028125
v 0.01360524 -0.054601395 0.0028125
v 0.013504275 -0.054452175 -0.0028125
v 0.013504275 -0.054452175 0.0028125
v 0.013467375 -0.05427051 -0.0028125
v 0.013467375 -0.05427051 0.0028125
v 0.013504275 -0.054088845 -0.0028125
v 0.013504275 -0.054088845 0.0028125
v 0.01360524 -0.053939625 -0.0028125
v 0.01360524 -0.053939625 0.0028125
v 0.01375593 -0.05383827 -0.0028125
v 0.01375593 -0.05383827 0.0028125
v 0.013936125 -0.05380176 -0.0028125
v 0.013936125 -0.05380176 0.0028125
v 0.01411632 -0.05383827 -0.0028125
v 0.01411632 -0.05383827 0.0028125
v 0.01426701 -0.053939625 -0.0028125
v 0.01426701 -0.053939625 0.0028125
v 0.014367975 -0.054088845 -0.0028125
v 0.071468265 -0.03572949 0.0028125
v 0.071468265 -0.03572949 -0.0028125
v 0.071431365 -0.035911155 -0.0028125
v 0.071431365 -0.035547825 0.0028125
v 0.071431365 -0.035911155 0.0028125
v 0.0713304 -0.036060375 -0.0028125
v 0.0713304 -0.036060375 0.0028125
v 0.07117971 -0.03616173 -0.0028125
v 0.07117971 -0.03616173 0.0028125
v 0.070999515 -0.03619824 -0.0028125
v 0.070999515 -0.03619824 0.0028125
v 0.07081932 -0.03616173 -0.0028125
v 0.07081932 -0.03616173 0.0028125
v 0.07066863 -0.036060375 -0.0028125
v 0.07066863 -0.036060375 0.0028125
v 0.070567665 -0.035911155 -0.0028125
v 0.070567665 -0.035911155 0.0028125
v 0.070530765 -0.03572949 -0.0028125
v 0.070530765 -0.03572949 0.0028125
v 0.070567665 -0.035547825 -0.0028125
v 0.070567665 -0.035547825 0.0028125
v 0.07066863 -0.035398605 -0.0028125
v 0.07066863 -0.035398605 0.0028125
v 0.07081932 -0.03529725 -0.0028125
v 0.07081932 -0.03529725 0.0028125
v 0.070999515 -0.03526074 -0.0028125
v 0.070999515 -0.03526074 0.0028125
v 0.07117971 -0.03529725 -0.0028125
v 0.07117971 -0.03529725 0.0028125
v 0.0713304 -0.035398605 -0.0028125
v 0.0713304 -0.035398605 0.0028125
v 0.071431365 -0.035547825 -0.0028125
v 0.071468265 -0.05427051 0.0028125
v 0.071468265 -0.05427051 -0.0028125
v 0.071431365 -0.054452175 -0.0028125
v 0.071431365 -0.054088845 0.0028125
v 0.071431365 -0.054452175 0.0028125
v 0.0713304 -0.054601395 -0.0028125
v 0.0713304 -0.054601395 0.0028125
v 0.07117971 -0.05470275 -0.0028125
v 0.07117971 -0.05470275 0.0028125
v 0.070999515 -0.05473926 -0.0028125
v 0.070999515 -0.05473926 0.0028125
v 0.07081932 -0.05470275 -0.0028125
v 0.07081932 -0.05470275 0.0028125
v 0.07066863 -0.054601395 -0.0028125
v 0.07066863 -0.054601395 0.0028125
v 0.070567665 -0.054452175 -0.0028125
v 0.070567665 -0.054452175 0.0028125
v 0.070530765 -0.05427051 -0.0028125
v 0.070530765 -0.05427051 0.0028125
v 0.070567665 -0.054088845 -0.0028125
v 0.070567665 -0.054088845 0.0028125
v 0.07066863 -0.053939625 -0.0028125
v 0.07066863 -0.053939625 0.0028125
v 0.07081932 -0.05383827 -0.0028125
v 0.07081932 -0.05383827 0.0028125
v 0.070999515 -0.05380176 -0.0028125
v 0.070999515 -0.05380176 0.0028125
v 0.07117971 -0.05383827 -0.0028125
v 0.07117971 -0.05383827 0.0028125
v 0.0713304 -0.053939625 -0.0028125
v 0.0713304 -0.053939625 0.0028125
v 0.071431365 -0.054088845 -0.0028125
v 0.01947696 -0.116107365 0.0028125
v 0.01947696 -0.116107365 -0.0028125
v 0.01944006 -0.116289045 -0.0028125
v 0.01944006 -0.1159257 0.0028125
v 0.01944006 -0.116289045 0.0028125
v 0.01933911 -0.11643825 -0.0028125
v 0.01933911 -0.11643825 0.0028125
v 0.019188405 -0.116539605 -0.0028125
v 0.019188405 -0.116539605 0.0028125
v 0.01900821 -0.116576115 -0.0028125
v 0.01900821 -0.116576115 0.0028125
v 0.018828015 -0.116539605 -0.0028125
v 0.018828015 -0.116539605 0.0028125
v 0.018677325 -0.11643825 -0.0028125
v 0.018677325 -0.11643825 0.0028125
v 0.018576375 -0.116289045 -0.0028125
v 0.018576375 -0.116289045 0.0028125
v 0.01853946 -0.116107365 -0.0028125
v 0.01853946 -0.116107365 0.0028125
v 0.018576375 -0.1159257 -0.0028125
v 0.018576375 -0.1159257 0.0028125
v 0.018677325 -0.11577648 -0.0028125
v 0.018677325 -0.11577648 0.0028125
v 0.018828015 -0.115675125 -0.0028125
v 0.018828015 -0.115675125 0.0028125
v 0.01900821 -0.115638615 -0.0028125
v 0.01900821 -0.115638615 0.0028125
v 0.019188405 -0.115675125 -0.0028125
v 0.019188405 -0.115675125 0.0028125
v 0.01933911 -0.11577648 -0.0028125
v 0.01933911 -0.11577648 0.0028125
v 0.01944006 -0.1159257 -0.0028125
v 0.07639554 -0.12017025 0.0028125
v 0.07639554 -0.12017025 -0.0028125
v 0.07635864 -0.1203519 -0.0028125
v 0.07635864 -0.11998857 0.0028125
v 0.07635864 -0.1203519 0.0028125
v 0.076257675 -0.12050112 -0.0028125
v 0.076257675 -0.12050112 0.0028125
v 0.076106985 -0.120602475 -0.0028125
v 0.076106985 -0.120602475 0.0028125
v 0.07592679 -0.120639 -0.0028125
v 0.07592679 -0.120639 0.0028125
v 0.075746595 -0.120602475 -0.0028125
v 0.075746595 -0.120602475 0.0028125
v 0.075595905 -0.12050112 -0.0028125
v 0.075595905 -0.12050112 0.0028125
v 0.07549494 -0.1203519 -0.0028125
v 0.07549494 -0.1203519 0.0028125
v 0.07545804 -0.12017025 -0.0028125
v 0.07545804 -0.12017025 0.0028125
v 0.07549494 -0.11998857 -0.0028125
v 0.07549494 -0.11998857 0.0028125
v 0.075595905 -0.11983935 -0.0028125
v 0.075595905 -0.11983935 0.0028125
v 0.075746595 -0.119737995 -0.0028125
v 0.075746595 -0.119737995 0.0028125
v 0.07592679 -0.119701485 -0.0028125
v 0.07592679 -0.119701485 0.0028125
v 0.076106985 -0.119737995 -0.0028125
v 0.076106985 -0.119737995 0.0028125
v 0.076257675 -0.11983935 -0.0028125
v 0.076257675 -0.11983935 0.0028125
v 0.07635864 -0.11998857 -0.0028125
v 0.075075435 -0.1386642 0.0028125
v 0.075075435 -0.1386642 -0.0028125
v 0.07503852 -0.13884588 -0.0028125
v 0.07503852 -0.138482535 0.0028125
v 0.07503852 -0.13884588 0.0028125
v 0.07493757 -0.138995085 -0.0028125
v 0.07493757 -0.138995085 0.0028125
v 0.07478688 -0.13909644 -0.0028125
v 0.07478688 -0.13909644 0.0028125
v 0.074606685 -0.13913295 -0.0028125
v 0.074606685 -0.13913295 0.0028125
v 0.07442649 -0.13909644 -0.0028125
v 0.07442649 -0.13909644 0.0028125
v 0.0742758 -0.138995085 -0.0028125
v 0.0742758 -0.138995085 0.0028125
v 0.074174835 -0.13884588 -0.0028125
v 0.074174835 -0.13884588 0.0028125
v 0.074137935 -0.1386642 -0.0028125
v 0.074137935 -0.1386642 0.0028125
v 0.074174835 -0.138482535 -0.0028125
v 0.074174835 -0.138482535 0.0028125
v 0.0742758 -0.138333315 -0.0028125
v 0.0742758 -0.138333315 0.0028125
v 0.07442649 -0.13823196 -0.0028125
v 0.07442649 -0.13823196 0.0028125
v 0.074606685 -0.13819545 -0.0028125
v 0.074606685 -0.13819545 0.0028125
v 0.07478688 -0.13823196 -0.0028125
v 0.07478688 -0.13823196 0.0028125
v 0.07493757 -0.138333315 -0.0028125
v 0.07493757 -0.138333315 0.0028125
v 0.07503852 -0.138482535 -0.0028125
v 0.018156855 -0.13460133 0.0028125
v 0.018156855 -0.13460133 -0.0028125
v 0.018119955 -0.13478301 -0.0028125
v 0.018119955 -0.134419665 0.0028125
v 0.018119955 -0.13478301 0.0028125
v 0.01801899 -0.134932215 -0.0028125
v 0.01801899 -0.134932215 0.0028125
v 0.0178683 -0.13503357 -0.0028125
v 0.0178683 -0.13503357 0.0028125
v 0.017688105 -0.13507008 -0.0028125
v 0.017688105 -0.13507008 0.0028125
v 0.01750791 -0.13503357 -0.0028125
v 0.01750791 -0.13503357 0.0028125
v 0.01735722 -0.134932215 -0.0028125
v 0.01735722 -0.134932215 0.0028125
v 0.017256255 -0.13478301 -0.0028125
v 0.017256255 -0.13478301 0.0028125
v 0.017219355 -0.13460133 -0.0028125
v 0.017219355 -0.13460133 0.0028125
v 0.017256255 -0.134419665 -0.0028125
v 0.017256255 -0.134419665 0.0028125
v 0.01735722 -0.13427046 -0.0028125
v 0.01735722 -0.13427046 0.0028125
v 0.01750791 -0.13416909 -0.0028125
v 0.01750791 -0.13416909 0.0028125
v 0.017688105 -0.13413258 -0.0028125
v 0.017688105 -0.13413258 0.0028125
v 0.0178683 -0.13416909 -0.0028125
v 0.0178683 -0.13416909 0.0028125
v 0.01801899 -0.13427046 -0.0028125
v 0.01801899 -0.13427046 0.0028125
v 0.018119955 -0.134419665 -0.0028125
v -0.058062945 -0.14822949 0.0028125
v -0.058062945 -0.14822949 -0.0028125
v -0.058099845 -0.148411155 -0.0028125
v -0.058099845 -0.148047825 0.0028125
v -0.058099845 -0.148411155 0.0028125
v -0.05820081 -0.148560375 -0.0028125
v -0.05820081 -0.148560375 0.0028125
v -0.0583515 -0.14866173 -0.0028125
v -0.0583515 -0.14866173 0.0028125
v -0.058531695 -0.14869824 -0.0028125
v -0.058531695 -0.14869824 0.0028125
v -0.05871189 -0.14866173 -0.0028125
v -0.05871189 -0.14866173 0.0028125
v -0.05886258 -0.148560375 -0.0028125
v -0.05886258 -0.148560375 0.0028125
v -0.058963545 -0.148411155 -0.0028125
v -0.058963545 -0.148411155 0.0028125
v -0.059000445 -0.14822949 -0.0028125
v -0.059000445 -0.14822949 0.0028125
v -0.058963545 -0.148047825 -0.0028125
v -0.058963545 -0.148047825 0.0028125
v -0.05886258 -0.147898605 -0.0028125
v -0.05886258 -0.147898605 0.0028125
v -0.05871189 -0.14779725 -0.0028125
v -0.05871189 -0.14779725 0.0028125
v -0.058531695 -0.14776074 -0.0028125
v -0.058531695 -0.14776074 0.0028125
v -0.0583515 -0.14779725 -0.0028125
v -0.0583515 -0.14779725 0.0028125
v -0.05820081 -0.147898605 -0.0028125
v -0.05820081 -0.147898605 0.0028125
v -0.058099845 -0.148047825 -0.0028125
v -0.058062945 -0.16677051 0.0028125
v -0.058062945 -0.16677051 -0.0028125
v -0.058099845 -0.166952175 -0.0028125
v -0.058099845 -0.166588845 0.0028125
v -0.058099845 -0.166952175 0.0028125
v -0.05820081 -0.167101395 -0.0028125
v -0.05820081 -0.167101395 0.0028125
v -0.0583515 -0.16720275 -0.0028125
v -0.0583515 -0.16720275 0.0028125
v -0.058531695 -0.16723926 -0.0028125
v -0.058531695 -0.16723926 0.0028125
v -0.05871189 -0.16720275 -0.0028125
v -0.05871189 -0.16720275 0.0028125
v -0.05886258 -0.167101395 -0.0028125
v -0.05886258 -0.167101395 0.0028125
v -0.058963545 -0.166952175 -0.0028125
v -0.058963545 -0.166952175 0.0028125
v -0.059000445 -0.16677051 -0.0028125
v -0.059000445 -0.16677051 0.0028125
v -0.058963545 -0.166588845 -0.0028125
v -0.058963545 -0.166588845 0.0028125
v -0.05886258 -0.166439625 -0.0028125
v -0.05886258 -0.166439625 0.0028125
v -0.05871189 -0.16633827 -0.0028125
v -0.05871189 -0.16633827 0.0028125
v -0.058531695 -0.16630176 -0.0028125
v -0.058531695 -0.16630176 0.0028125
v -0.0583515 -0.16633827 -0.0028125
v -0.0583515 -0.16633827 0.0028125
v -0.05820081 -0.166439625 -0.0028125
v -0.05820081 -0.166439625 0.0028125
v -0.058099845 -0.166588845 -0.0028125
v -0.000999555 -0.14822949 0.0028125
v -0.000999555 -0.14822949 -0.0028125
v -0.001036455 -0.148411155 -0.0028125
v -0.001036455 -0.148047825 0.0028125
v -0.001036455 -0.148411155 0.0028125
v -0.00113742 -0.148560375 -0.0028125
v -0.00113742 -0.148560375 0.0028125
v -0.00128811 -0.14866173 -0.0028125
v -0.00128811 -0.14866173 0.0028125
v -0.001468305 -0.14869824 -0.0028125
v -0.001468305 -0.14869824 0.0028125
v -0.0016485 -0.14866173 -0.0028125
v -0.0016485 -0.14866173 0.0028125
v -0.00179919 -0.148560375 -0.0028125
v -0.00179919 -0.148560375 0.0028125
v -0.001900155 -0.148411155 -0.0028125
v -0.001900155 -0.148411155 0.0028125
v -0.001937055 -0.14822949 -0.0028125
v -0.001937055 -0.14822949 0.0028125
v -0.001900155 -0.148047825 -0.0028125
v -0.001900155 -0.148047825 0.0028125
v -0.00179919 -0.147898605 -0.0028125
v -0.00179919 -0.147898605 0.0028125
v -0.0016485 -0.14779725 -0.0028125
v -0.0016485 -0.14779725 0.0028125
v -0.001468305 -0.14776074 -0.0028125
v -0.001468305 -0.14776074 0.0028125
v -0.00128811 -0.14779725 -0.0028125
v -0.00128811 -0.14779725 0.0028125
v -0.00113742 -0.147898605 -0.0028125
v -0.00113742 -0.147898605 0.0028125
v -0.001036455 -0.148047825 -0.0028125
v -0.000999555 -0.16677051 0.0028125
v -0.000999555 -0.16677051 -0.0028125
v -0.001036455 -0.166952175 -0.0028125
v -0.001036455 -0.166588845 0.0028125
v -0.001036455 -0.166952175 0.0028125
v -0.00113742 -0.167101395 -0.0028125
v -0.00113742 -0.167101395 0.0028125
v -0.00128811 -0.16720275 -0.0028125
v -0.00128811 -0.16720275 0.0028125
v -0.001468305 -0.16723926 -0.0028125
v -0.001468305 -0.16723926 0.0028125
v -0.0016485 -0.16720275 -0.0028125
v -0.0016485 -0.16720275 0.0028125
v -0.00179919 -0.167101395 -0.0028125
v -0.00179919 -0.167101395 0.0028125
v -0.001900155 -0.166952175 -0.0028125
v -0.001900155 -0.166952175 0.0028125
v -0.001937055 -0.16677051 -0.0028125
v -0.001937055 -0.16677051 0.0028125
v -0.001900155 -0.166588845 -0.0028125
v -0.001900155 -0.166588845 0.0028125
v -0.00179919 -0.166439625 -0.0028125
v -0.00179919 -0.166439625 0.0028125
v -0.0016485 -0.16633827 -0.0028125
v -0.0016485 -0.16633827 0.0028125
v -0.001468305 -0.16630176 -0.0028125
v -0.001468305 -0.16630176 0.0028125
v -0.00128811 -0.16633827 -0.0028125
v -0.00128811 -0.16633827 0.0028125
v -0.00113742 -0.166439625 -0.0028125
v -0.00113742 -0.166439625 0.0028125
v -0.001036455 -0.166588845 -0.0028125
v 0.06499737 -0.14524872 0.0028125
v 0.06499737 -0.14524872 -0.0028125
v 0.06318117 -0.146926575 -0.0028125
v 0.065445495 -0.144752685 0.0028125
v 0.063181185 -0.146926575 0.0028125
v 0.061224585 -0.148411875 -0.0028125
v 0.0612246 -0.148411875 0.0028125
v 0.059120715 -0.14970876 -0.0028125
v 0.05912073 -0.14970876 0.0028125
v 0.056908065 -0.150793515 -0.0028125
v 0.05690808 -0.150793515 0.0028125
v 0.054593505 -0.151661745 -0.0028125
v 0.05459352 -0.151661745 0.0028125
v 0.05221311 -0.15229989 -0.0028125
v 0.05221311 -0.15229989 0.0028125
v 0.049774665 -0.15270669 -0.0028125
v 0.049774665 -0.15270669 0.0028125
v 0.04732161 -0.15287442 -0.0028125
v 0.04732161 -0.15287442 0.0028125
v 0.04484622 -0.15280449 -0.0028125
v 0.04484622 -0.15280449 0.0028125
v 0.044367405 -0.15275742 -0.0028125
v 0.04437141 -0.15275736 0.0028125
v 0.043854615 -0.152657715 0.0028125
v 0.043840545 -0.152654385 -0.0028125
v 0.04330182 -0.152452965 0.0028125
v 0.04322829 -0.15241587 -0.0028125
v 0.042732135 -0.152075745 0.0028125
v 0.042616125 -0.15196824 -0.0028125
v 0.04246794 -0.151806675 0.0028125
v 0.042363765 -0.15167013 -0.0028125
v 0.0422427 -0.1514688 0.0028125
v 0.042166905 -0.1513299 -0.0028125
v 0.04207356 -0.15109866 0.0028125
v 0.04203081 -0.150957915 -0.0028125
v 0.04197738 -0.1507116 0.0028125
v 0.041955855 -0.15057399 -0.0028125
v 0.04195212 -0.149988825 0.0028125
v 0.04196553 -0.149865315 -0.0028125
v 0.04207074 -0.14936853 0.0028125
v 0.04209078 -0.14929458 -0.0028125
v 0.042242985 -0.14882934 -0.0028125
v 0.042242985 -0.14882934 0.0028125
v 0.042607815 -0.147820695 -0.0028125
v 0.042785175 -0.147352065 0.0028125
v 0.042975975 -0.146861985 -0.0028125
v 0.04334694 -0.14595594 -0.0028125
v 0.04335345 -0.14594322 0.0028125
v 0.04372134 -0.14509929 -0.0028125
v 0.043950075 -0.144599325 0.0028125
v 0.044487855 -0.143489295 -0.0028125
v 0.04457391 -0.143322105 0.0028125
v 0.04529448 -0.14198466 -0.0028125
v 0.045208935 -0.142136535 0.0028125
v 0.045856545 -0.141042255 0.0028125
v 0.046170705 -0.14054733 -0.0028125
v 0.04650834 -0.140044605 0.0028125
v 0.046643475 -0.139849485 -0.0028125
v 0.047144955 -0.139168935 -0.0028125
v 0.047160525 -0.139148715 0.0028125
v 0.047675175 -0.1385073 -0.0028125
v 0.04781154 -0.13835187 0.0028125
v 0.04824273 -0.137876085 -0.0028125
v 0.04845426 -0.137654865 0.0028125
v 0.048846405 -0.13727202 -0.0028125
v 0.049090155 -0.137057205 0.0028125
v 0.049492845 -0.13672452 -0.0028125
v 0.049712685 -0.136550925 0.0028125
v 0.05018352 -0.13623951 -0.0028125
v 0.050321385 -0.136135485 0.0028125
v 0.050917185 -0.13581198 -0.0028125
v 0.050917185 -0.13581198 0.0028125
v 0.05143587 -0.13559913 -0.0028125
v 0.051400635 -0.135605025 0.0028125
v 0.05193771 -0.135452925 0.0028125
v 0.051975255 -0.135445665 -0.0028125
v 0.052527825 -0.135353505 0.0028125
v 0.05253663 -0.135352185 -0.0028125
v 0.053101725 -0.135310905 -0.0028125
v 0.053171505 -0.13530873 0.0028125
v 0.05422527 -0.13536546 -0.0028125
v 0.053872695 -0.13533228 0.0028125
v 0.05463141 -0.13542222 0.0028125
v 0.055311735 -0.135556425 -0.0028125
v 0.055446705 -0.135588855 0.0028125
v 0.05639346 -0.13585713 -0.0028125
v 0.056320155 -0.135833985 0.0028125
v 0.057247035 -0.136161045 0.0028125
v 0.057536415 -0.136276875 -0.0028125
v 0.058225545 -0.136575525 0.0028125
v 0.058789755 -0.13684239 -0.0028125
v 0.05925261 -0.137075955 0.0028125
v 0.059460915 -0.13718613 -0.0028125
v 0.060159075 -0.137573115 -0.0028125
v 0.060316695 -0.13766523 0.0028125
v 0.06088281 -0.138004125 -0.0028125
v 0.061420365 -0.138343155 0.0028125
v 0.06163047 -0.138480555 -0.0028125
v 0.062398305 -0.13900344 -0.0028125
v 0.062536365 -0.13910181 0.0028125
v 0.06318495 -0.13957326 -0.0028125
v 0.06366081 -0.139940145 0.0028125
v 0.06398469 -0.140191935 -0.0028125
v 0.06479799 -0.14085933 -0.0028125
v 0.06479799 -0.14085933 0.0028125
v 0.06523383 -0.141253845 -0.0028125
v 0.065289165 -0.141310665 0.0028125
v 0.06565752 -0.141772005 -0.0028125
v 0.06573012 -0.141891525 0.0028125
v 0.06596733 -0.142450665 -0.0028125
v 0.06589473 -0.14224086 0.0028125
v 0.06600858 -0.142613955 0.0028125
v 0.066043095 -0.142835085 -0.0028125
v 0.0660567 -0.14299788 0.0028125
v 0.06605712 -0.143234655 -0.0028125
v 0.06604341 -0.143384985 0.0028125
v 0.065995665 -0.14364087 -0.0028125
v 0.065963205 -0.143768415 0.0028125
v 0.06587295 -0.144034545 -0.0028125
v 0.065830515 -0.144132945 0.0028125
v 0.065690925 -0.144393075 -0.0028125
v 0.06547254 -0.144717975 -0.0028125
v 0.05609121 -0.12608103 0.0028125
v 0.05609121 -0.12608103 -0.0028125
v 0.056049195 -0.12551979 -0.0028125
v 0.056214765 -0.126747645 0.0028125
v 0.05604378 -0.125557305 0.0028125
v 0.056065095 -0.12499953 0.0028125
v 0.05606994 -0.12495912 -0.0028125
v 0.05615289 -0.124407585 0.0028125
v 0.05615439 -0.124398225 -0.0028125
v 0.056289675 -0.123848835 -0.0028125
v 0.056309205 -0.123781575 0.0028125
v 0.056688705 -0.12279711 -0.0028125
v 0.056548275 -0.123121995 0.0028125
v 0.056868255 -0.122428215 0.0028125
v 0.057205995 -0.12182289 -0.0028125
v 0.057278655 -0.121704345 0.0028125
v 0.0578262 -0.120887025 -0.0028125
v 0.05778168 -0.120949395 0.0028125
v 0.05837913 -0.12016896 0.0028125
v 0.058578615 -0.11992965 -0.0028125
v 0.059075685 -0.11936643 0.0028125
v 0.05950383 -0.11891229 -0.0028125
v 0.05986899 -0.118544295 0.0028125
v 0.060038205 -0.118380165 -0.0028125
v 0.060622035 -0.11783571 -0.0028125
v 0.060758175 -0.11771442 0.0028125
v 0.061255635 -0.11728056 -0.0028125
v 0.06174387 -0.1168743 0.0028125
v 0.0619398 -0.116716695 -0.0028125
v 0.06267441 -0.116148 -0.0028125
v 0.062810265 -0.116047365 0.0028125
v 0.06345945 -0.11557593 -0.0028125
v 0.06395514 -0.11523693 0.0028125
v 0.064294965 -0.115006515 -0.0028125
v 0.065180925 -0.11443932 -0.0028125
v 0.065180925 -0.11443932 0.0028125
v 0.065732565 -0.11412594 -0.0028125
v 0.06575949 -0.11411379 0.0028125
v 0.066389235 -0.11388531 -0.0028125
v 0.066104205 -0.11396796 0.0028125
v 0.06649563 -0.113864445 0.0028125
v 0.06714075 -0.11382318 -0.0028125
v 0.066909855 -0.11381916 0.0028125
v 0.067332525 -0.113843955 0.0028125
v 0.067529685 -0.11388513 -0.0028125
v 0.06773226 -0.11394159 0.0028125
v 0.067908675 -0.114008685 -0.0028125
v 0.06810276 -0.11410305 0.0028125
v 0.06826167 -0.11419968 -0.0028125
v 0.06843645 -0.114321675 0.0028125
v 0.06858057 -0.114439365 -0.0028125
v 0.068718225 -0.11457111 0.0028125
v 0.069075615 -0.11501439 -0.0028125
v 0.06913266 -0.115102275 0.0028125
v 0.06941709 -0.115606095 -0.0028125
v 0.06941709 -0.115606095 0.0028125
v 0.070451595 -0.117851655 -0.0028125
v 0.070451595 -0.117851655 0.0028125
v 0.07125963 -0.1201719 -0.0028125
v 0.07125963 -0.1201719 0.0028125
v 0.07184313 -0.12257484 -0.0028125
v 0.07184313 -0.12257484 0.0028125
v 0.07219104 -0.125015655 -0.0028125
v 0.07219104 -0.125015655 0.0028125
v 0.072301245 -0.127486365 -0.0028125
v 0.072301245 -0.12748638 0.0028125
v 0.0721722 -0.12994779 -0.0028125
v 0.0721722 -0.12994779 0.0028125
v 0.07180521 -0.13239207 -0.0028125
v 0.07180521 -0.13239207 0.0028125
v 0.07120686 -0.13477548 -0.0028125
v 0.07120686 -0.134775495 0.0028125
v 0.070376025 -0.137105835 -0.0028125
v 0.070376025 -0.137105835 0.0028125
v 0.0701862 -0.137539335 -0.0028125
v 0.070173165 -0.13756641 0.0028125
v 0.06993219 -0.138001455 -0.0028125
v 0.069893895 -0.138059595 0.0028125
v 0.06955683 -0.13847532 -0.0028125
v 0.06946458 -0.13856472 0.0028125
v 0.069004065 -0.13890741 -0.0028125
v 0.068839005 -0.13899498 0.0028125
v 0.068662335 -0.139069365 -0.0028125
v 0.068471055 -0.13913181 0.0028125
v 0.068288685 -0.13917633 -0.0028125
v 0.068085375 -0.13920525 0.0028125
v 0.067889175 -0.139213755 -0.0028125
v 0.0674973 -0.139188495 -0.0028125
v 0.067325085 -0.13915815 0.0028125
v 0.066796065 -0.138986205 -0.0028125
v 0.06669345 -0.13893927 0.0028125
v 0.06624483 -0.138680025 -0.0028125
v 0.06620223 -0.138651705 0.0028125
v 0.065790975 -0.13835328 -0.0028125
v 0.065790975 -0.13835328 0.0028125
v 0.06494445 -0.137694615 -0.0028125
v 0.06455355 -0.137381115 0.0028125
v 0.06414642 -0.137048205 -0.0028125
v 0.06339936 -0.136415415 -0.0028125
v 0.063389265 -0.13640529 0.0028125
v 0.062700345 -0.13579464 -0.0028125
v 0.06229551 -0.13542258 0.0028125
v 0.061405995 -0.13456812 -0.0028125
v 0.06127359 -0.13443459 0.0028125
v 0.060224265 -0.133336005 -0.0028125
v 0.06034227 -0.133464285 0.0028125
v 0.05950167 -0.132510225 0.0028125
v 0.059128035 -0.1320585 -0.0028125
v 0.058754265 -0.13158204 0.0028125
v 0.05861046 -0.131393235 -0.0028125
v 0.05811819 -0.130705995 -0.0028125
v 0.05810376 -0.130684935 0.0028125
v 0.05765277 -0.129997275 -0.0028125
v 0.057547095 -0.12981954 0.0028125
v 0.057227835 -0.12926244 -0.0028125
v 0.057082815 -0.12899289 0.0028125
v 0.05683989 -0.12850164 -0.0028125
v 0.056710905 -0.128203425 0.0028125
v 0.05651895 -0.127717635 -0.0028125
v 0.05642178 -0.127454925 0.0028125
v 0.056271105 -0.126910905 -0.0028125
v 0.04259106 -0.10224261 0.0028125
v 0.04259106 -0.10224261 -0.0028125
v 0.045044025 -0.101952825 -0.0028125
v 0.04187415 -0.10240041 0.0028125
v 0.045044025 -0.101952825 0.0028125
v 0.047498115 -0.10190103 -0.0028125
v 0.047498115 -0.10190103 0.0028125
v 0.049961355 -0.10208784 -0.0028125
v 0.049961355 -0.10208784 0.0028125
v 0.052388685 -0.102510225 -0.0028125
v 0.052388685 -0.102510225 0.0028125
v 0.05477202 -0.10316778 -0.0028125
v 0.05477202 -0.10316778 0.0028125
v 0.05707416 -0.10405071 -0.0028125
v 0.05707416 -0.10405071 0.0028125
v 0.05928783 -0.10515534 -0.0028125
v 0.05928783 -0.10515534 0.0028125
v 0.06137229 -0.10646211 -0.0028125
v 0.06137229 -0.10646211 0.0028125
v 0.06333486 -0.107974395 -0.0028125
v 0.06333486 -0.107974395 0.0028125
v 0.063710715 -0.108309825 -0.0028125
v 0.06374454 -0.108342375 0.0028125
v 0.064100025 -0.10873578 -0.0028125
v 0.064175085 -0.108835995 0.0028125
v 0.064451205 -0.109316175 -0.0028125
v 0.064372995 -0.10915884 0.0028125
v 0.06453588 -0.109529085 0.0028125
v 0.0646578 -0.11003928 -0.0028125
v 0.06464319 -0.109935615 0.0028125
v 0.06467574 -0.110348715 0.0028125
v 0.064674735 -0.11042703 -0.0028125
v 0.064632855 -0.110758365 0.0028125
v 0.06461943 -0.110814405 -0.0028125
v 0.064514595 -0.11115477 0.0028125
v 0.06450288 -0.11118456 -0.0028125
v 0.064335765 -0.11152245 0.0028125
v 0.06433464 -0.111525855 -0.0028125
v 0.064111635 -0.11184927 0.0028125
v 0.06392784 -0.112057545 -0.0028125
v 0.063595005 -0.112358355 0.0028125
v 0.063506325 -0.1124289 -0.0028125
v 0.063104385 -0.112720515 -0.0028125
v 0.063104385 -0.112720515 0.0028125
v 0.062216295 -0.11332212 -0.0028125
v 0.061797255 -0.113597055 0.0028125
v 0.061354845 -0.113881395 -0.0028125
v 0.06052209 -0.11439639 -0.0028125
v 0.060509325 -0.114402855 0.0028125
v 0.059715585 -0.114869415 -0.0028125
v 0.059236725 -0.115139415 0.0028125
v 0.05814903 -0.115721415 -0.0028125
v 0.057981375 -0.115805955 0.0028125
v 0.056612055 -0.116464545 -0.0028125
v 0.05677083 -0.11639181 0.0028125
v 0.05560371 -0.11689644 0.0028125
v 0.05505837 -0.11711229 -0.0028125
v 0.05448999 -0.11732043 0.0028125
v 0.05426574 -0.11739894 -0.0028125
v 0.053459955 -0.11765472 -0.0028125
v 0.053435805 -0.117661875 0.0028125
v 0.052642125 -0.117878295 -0.0028125
v 0.052440765 -0.11792385 0.0028125
v 0.05181327 -0.11805525 -0.0028125
v 0.05151111 -0.11810997 0.0028125
v 0.05097261 -0.118188945 -0.0028125
v 0.050645385 -0.11821971 0.0028125
v 0.050128815 -0.118251855 -0.0028125
v 0.049844175 -0.118263375 0.0028125
v 0.04928355 -0.11823837 -0.0028125
v 0.049107555 -0.1182417 0.0028125
v 0.048435405 -0.118153215 -0.0028125
v 0.048435405 -0.118153215 0.0028125
v 0.047890695 -0.11802054 -0.0028125
v 0.047922645 -0.11803647 0.0028125
v 0.04739874 -0.11784384 0.0028125
v 0.04736415 -0.117827685 -0.0028125
v 0.046862895 -0.117577425 0.0028125
v 0.046855065 -0.117573375 -0.0028125
v 0.046373685 -0.11727465 -0.0028125
v 0.046315845 -0.11723532 0.0028125
v 0.04549683 -0.116570175 -0.0028125
v 0.04576242 -0.11680413 0.0028125
v 0.04520148 -0.116285415 0.0028125
v 0.044730135 -0.115777155 -0.0028125
v 0.04463985 -0.115671405 0.0028125
v 0.04403175 -0.114898095 -0.0028125
v 0.044077305 -0.114959715 0.0028125
v 0.04351968 -0.11415033 0.0028125
v 0.043353735 -0.11388666 -0.0028125
v 0.042971685 -0.113239875 0.0028125
v 0.042672075 -0.11269236 -0.0028125
v 0.042434925 -0.11223135 0.0028125
v 0.042331125 -0.112019685 -0.0028125
v 0.04199373 -0.111296205 -0.0028125
v 0.04192044 -0.11112924 0.0028125
v 0.04166154 -0.110522055 -0.0028125
v 0.04142604 -0.10993218 0.0028125
v 0.041336685 -0.10969713 -0.0028125
v 0.04102284 -0.108822735 -0.0028125
v 0.04096911 -0.108662445 0.0028125
v 0.040721355 -0.10789935 -0.0028125
v 0.040552125 -0.10732317 0.0028125
v 0.040438005 -0.106928775 -0.0028125
v 0.040172355 -0.10591089 -0.0028125
v 0.040172355 -0.10591089 0.0028125
v 0.04006326 -0.105404865 -0.0028125
v 0.040054215 -0.1053471 0.0028125
v 0.040009065 -0.10482927 -0.0028125
v 0.04001337 -0.104701785 0.0028125
v 0.04008921 -0.104170395 -0.0028125
v 0.04014633 -0.103982115 0.0028125
v 0.04038042 -0.10348659 -0.0028125
v 0.04030152 -0.103620975 0.0028125
v 0.040526685 -0.103281375 0.0028125
v 0.040628295 -0.10315851 -0.0028125
v 0.04080825 -0.10298007 0.0028125
v 0.04094583 -0.10286688 -0.0028125
v 0.04114398 -0.10272792 0.0028125
v 0.041321415 -0.1026225 -0.0028125
v 0.04150134 -0.102534975 0.0028125
v 0.041740695 -0.10244433 -0.0028125
v 0.042165675 -0.102318135 -0.0028125
v 0.033453375 -0.105668835 0.0028125
v 0.033453375 -0.105668835 -0.0028125
v 0.03389139 -0.105413775 -0.0028125
v 0.031411515 -0.10706577 0.0028125
v 0.03387693 -0.1054215 0.0028125
v 0.034390365 -0.105185865 0.0028125
v 0.034415145 -0.10517676 -0.0028125
v 0.03503727 -0.105025995 0.0028125
v 0.03506706 -0.105022275 -0.0028125
v 0.03577797 -0.105038715 0.0028125
v 0.035818185 -0.105045705 -0.0028125
v 0.03614976 -0.10513632 0.0028125
v 0.03619728 -0.10515429 -0.0028125
v 0.036503985 -0.105295815 0.0028125
v 0.036556275 -0.105326325 -0.0028125
v 0.036828765 -0.10551957 0.0028125
v 0.036879765 -0.105562515 -0.0028125
v 0.03710466 -0.10577631 0.0028125
v 0.03714576 -0.10582083 -0.0028125
v 0.037500945 -0.10633311 0.0028125
v 0.037515675 -0.10636032 -0.0028125
v 0.037736055 -0.106864245 0.0028125
v 0.03774051 -0.106876515 -0.0028125
v 0.03789597 -0.10735467 -0.0028125
v 0.03789597 -0.10735467 0.0028125
v 0.038193705 -0.108385185 -0.0028125
v 0.03832569 -0.10886868 0.0028125
v 0.0384594 -0.1093773 -0.0028125
v 0.038691855 -0.110328435 -0.0028125
v 0.03869406 -0.11034258 0.0028125
v 0.03889251 -0.11124165 -0.0028125
v 0.039001305 -0.11178051 0.0028125
v 0.039218715 -0.112994805 -0.0028125
v 0.03924732 -0.113180385 0.0028125
v 0.039450525 -0.114686205 -0.0028125
v 0.03943041 -0.11451273 0.0028125
v 0.039549675 -0.115778655 0.0028125
v 0.039586455 -0.116363985 -0.0028125
v 0.03960876 -0.116968875 0.0028125
v 0.03961413 -0.117206385 -0.0028125
v 0.03960843 -0.11805168 -0.0028125
v 0.039607725 -0.118077 0.0028125
v 0.039568365 -0.118898565 -0.0028125
v 0.039549405 -0.11910429 0.0028125
v 0.03948021 -0.11974278 -0.0028125
v 0.039439125 -0.120045945 0.0028125
v 0.03934689 -0.120586245 -0.0028125
v 0.03927597 -0.120903225 0.0028125
v 0.039145725 -0.12140913 -0.0028125
v 0.03906993 -0.12167871 0.0028125
v 0.03887205 -0.122207415 -0.0028125
v 0.03882168 -0.12237258 0.0028125
v 0.03852981 -0.12298449 -0.0028125
v 0.03852981 -0.12298449 0.0028125
v 0.038235315 -0.123461535 -0.0028125
v 0.038260335 -0.12343608 0.0028125
v 0.037915245 -0.1238748 0.0028125
v 0.037889175 -0.1239027 -0.0028125
v 0.03749628 -0.12430209 0.0028125
v 0.03749001 -0.124308285 -0.0028125
v 0.03705714 -0.124673805 -0.0028125
v 0.037001865 -0.124716675 0.0028125
v 0.03611619 -0.125290065 -0.0028125
v 0.036420765 -0.12510975 0.0028125
v 0.035754105 -0.12548295 0.0028125
v 0.03512505 -0.12577416 -0.0028125
v 0.03499659 -0.12582735 0.0028125
v 0.034073205 -0.12616674 -0.0028125
v 0.034145895 -0.12614244 0.0028125
v 0.033203805 -0.126422655 0.0028125
v 0.032901765 -0.126499005 -0.0028125
v 0.03216858 -0.126662475 0.0028125
v 0.03155526 -0.12677823 -0.0028125
v 0.03104355 -0.126861315 0.0028125
v 0.030810165 -0.12689463 -0.0028125
v 0.03001782 -0.12699195 -0.0028125
v 0.02983638 -0.12701007 0.0028125
v 0.029178915 -0.12706866 -0.0028125
v 0.028545135 -0.127110345 0.0028125
v 0.028293975 -0.12712269 -0.0028125
v 0.0273654 -0.12715098 -0.0028125
v 0.02719635 -0.12715254 0.0028125
v 0.02639403 -0.12715236 -0.0028125
v 0.02579376 -0.127135245 0.0028125
v 0.025383405 -0.12712191 -0.0028125
v 0.024333255 -0.127060035 -0.0028125
v 0.024333255 -0.127060035 0.0028125
v 0.023909325 -0.127019685 -0.0028125
v 0.02366445 -0.12698247 0.0028125
v 0.023445555 -0.12693477 -0.0028125
v 0.022961715 -0.126768 0.0028125
v 0.02294565 -0.12676008 -0.0028125
v 0.02262123 -0.12657903 0.0028125
v 0.022435725 -0.12644778 -0.0028125
v 0.02230797 -0.12633897 0.0028125
v 0.02197461 -0.12596193 -0.0028125
v 0.022040805 -0.1260468 0.0028125
v 0.02182311 -0.125715615 0.0028125
v 0.021639915 -0.125275125 -0.0028125
v 0.02166651 -0.12535038 0.0028125
v 0.021565125 -0.124974405 0.0028125
v 0.021550935 -0.124876125 -0.0028125
v 0.021519735 -0.12445344 -0.0028125
v 0.02152206 -0.124264965 0.0028125
v 0.0215328 -0.12403842 -0.0028125
v 0.02159193 -0.12362613 -0.0028125
v 0.02159193 -0.12362613 0.0028125
v 0.022074855 -0.121201425 -0.0028125
v 0.022074855 -0.121201425 0.0028125
v 0.02278515 -0.118848945 -0.0028125
v 0.02278515 -0.118848945 0.0028125
v 0.0237261 -0.11656089 -0.0028125
v 0.0237261 -0.11656089 0.0028125
v 0.024879585 -0.11438136 -0.0028125
v 0.024879585 -0.11438136 0.0028125
v 0.02624247 -0.112318395 -0.0028125
v 0.02624247 -0.112318395 0.0028125
v 0.02779338 -0.11040345 -0.0028125
v 0.02779338 -0.11040345 0.0028125
v 0.02952666 -0.108642075 -0.0028125
v 0.02952666 -0.108642075 0.0028125
v 0.031411515 -0.10706577 -0.0028125
v 0.050986215 -0.069029025 0.0028125
v 0.050986215 -0.069029025 -0.0028125
v 0.04861797 -0.069740985 -0.0028125
v 0.05159532 -0.068784975 0.0028125
v 0.04861797 -0.069741 0.0028125
v 0.04620804 -0.070218285 -0.0028125
v 0.04620804 -0.070218285 0.0028125
v 0.043748415 -0.070461585 -0.0028125
v 0.043748415 -0.070461585 0.0028125
v 0.041284095 -0.07046652 -0.0028125
v 0.041284095 -0.07046652 0.0028125
v 0.038823195 -0.07023216 -0.0028125
v 0.038823195 -0.07023216 0.0028125
v 0.036404055 -0.06976215 -0.0028125
v 0.036404055 -0.06976215 0.0028125
v 0.03403425 -0.06905883 -0.0028125
v 0.03403425 -0.06905883 0.0028125
v 0.03175617 -0.06813429 -0.0028125
v 0.03175617 -0.068134275 0.0028125
v 0.02956224 -0.066986445 -0.0028125
v 0.02956224 -0.066986445 0.0028125
v 0.029140215 -0.066725625 -0.0028125
v 0.029142165 -0.066726705 0.0028125
v 0.028694475 -0.06638466 0.0028125
v 0.02869113 -0.06638262 -0.0028125
v 0.02825052 -0.06588897 0.0028125
v 0.028250985 -0.065889465 -0.0028125
v 0.027916035 -0.06522987 -0.0028125
v 0.027913725 -0.06522723 0.0028125
v 0.02782377 -0.06485379 -0.0028125
v 0.02782572 -0.06485247 0.0028125
v 0.02780229 -0.064459695 -0.0028125
v 0.027800805 -0.064464555 0.0028125
v 0.027846465 -0.06407289 0.0028125
v 0.027846105 -0.06406929 -0.0028125
v 0.027943875 -0.06370941 0.0028125
v 0.027948345 -0.0636972 -0.0028125
v 0.028249155 -0.06309987 0.0028125
v 0.028253355 -0.063092025 -0.0028125
v 0.02860734 -0.06264363 0.0028125
v 0.02861031 -0.06264003 -0.0028125
v 0.028965075 -0.06227241 -0.0028125
v 0.028965075 -0.06227241 0.0028125
v 0.02973513 -0.061525785 -0.0028125
v 0.03009999 -0.06118233 0.0028125
v 0.030486315 -0.06082548 -0.0028125
v 0.031216905 -0.06017376 -0.0028125
v 0.03122835 -0.06016518 0.0028125
v 0.03192894 -0.05956794 -0.0028125
v 0.03235371 -0.05921883 0.0028125
v 0.03332367 -0.05845689 -0.0028125
v 0.033474315 -0.058344345 0.0028125
v 0.034708245 -0.05745813 -0.0028125
v 0.034564785 -0.057557145 0.0028125
v 0.03562656 -0.0568575 0.0028125
v 0.03612588 -0.056550375 -0.0028125
v 0.03664974 -0.05624655 0.0028125
v 0.03685671 -0.05613042 -0.0028125
v 0.03760578 -0.055738575 -0.0028125
v 0.03762864 -0.05572722 0.0028125
v 0.03837237 -0.05537634 -0.0028125
v 0.038563065 -0.05529642 0.0028125
v 0.039159195 -0.0550578 -0.0028125
v 0.039446295 -0.054951705 0.0028125
v 0.039966585 -0.054779505 -0.0028125
v 0.04027983 -0.054693285 0.0028125
v 0.04078761 -0.054570795 -0.0028125
v 0.0410613 -0.05451114 0.0028125
v 0.041620995 -0.05443764 -0.0028125
v 0.041790495 -0.05440458 0.0028125
v 0.04246782 -0.054375 -0.0028125
v 0.04246782 -0.054375 0.0028125
v 0.04302729 -0.05441106 -0.0028125
v 0.04299306 -0.05440092 0.0028125
v 0.04354245 -0.054499665 0.0028125
v 0.04357932 -0.054509565 -0.0028125
v 0.04411641 -0.05466897 0.0028125
v 0.044124825 -0.05467161 -0.0028125
v 0.044650785 -0.05488221 -0.0028125
v 0.044714565 -0.05491089 0.0028125
v 0.045636645 -0.05542371 -0.0028125
v 0.045334455 -0.055239435 0.0028125
v 0.04597695 -0.05565285 0.0028125
v 0.046529385 -0.05607156 -0.0028125
v 0.046636665 -0.05616 0.0028125
v 0.04736982 -0.05681598 -0.0028125
v 0.04731426 -0.05676321 0.0028125
v 0.048003945 -0.057463455 0.0028125
v 0.04821315 -0.057694305 -0.0028125
v 0.048701715 -0.05826492 0.0028125
v 0.04909185 -0.058752105 -0.0028125
v 0.049405455 -0.05916492 0.0028125
v 0.04954443 -0.059355345 -0.0028125
v 0.050002335 -0.060009255 -0.0028125
v 0.05010351 -0.06016095 0.0028125
v 0.0504639 -0.06071394 -0.0028125
v 0.05079825 -0.061253985 0.0028125
v 0.05092707 -0.06146994 -0.0028125
v 0.05138799 -0.062276535 -0.0028125
v 0.051468735 -0.06242508 0.0028125
v 0.051845235 -0.06313356 -0.0028125
v 0.052111935 -0.063671595 0.0028125
v 0.05229282 -0.06404019 -0.0028125
v 0.052731195 -0.06499647 -0.0028125
v 0.052731195 -0.06499647 0.0028125
v 0.052973595 -0.06561366 -0.0028125
v 0.052972335 -0.06560973 0.0028125
v 0.05311512 -0.0663129 0.0028125
v 0.05311533 -0.066315825 -0.0028125
v 0.05311407 -0.06669747 0.0028125
v 0.053113065 -0.066704265 -0.0028125
v 0.05305395 -0.06708828 0.0028125
v 0.05305137 -0.067098975 -0.0028125
v 0.05291811 -0.06747768 0.0028125
v 0.05291343 -0.067488585 -0.0028125
v 0.052724265 -0.067841445 0.0028125
v 0.052717725 -0.06785115 -0.0028125
v 0.05247885 -0.068150355 0.0028125
v 0.052471605 -0.068158305 -0.0028125
v 0.052199175 -0.068411775 0.0028125
v 0.052191675 -0.06841779 -0.0028125
v 0.051587595 -0.068788665 -0.0028125
v 0.06795312 -0.044323905 0.0028125
v 0.06795312 -0.044323905 -0.0028125
v 0.0678987 -0.046794015 -0.0028125
v 0.067923915 -0.04380096 0.0028125
v 0.0678987 -0.046794015 0.0028125
v 0.06760809 -0.0492327 -0.0028125
v 0.06760809 -0.0492327 0.0028125
v 0.067079475 -0.05164803 -0.0028125
v 0.067079475 -0.05164803 0.0028125
v 0.066322485 -0.053994405 -0.0028125
v 0.066322485 -0.053994405 0.0028125
v 0.065338695 -0.05626353 -0.0028125
v 0.065338695 -0.05626353 0.0028125
v 0.06414366 -0.05841978 -0.0028125
v 0.06414366 -0.05841978 0.0028125
v 0.062742045 -0.06045663 -0.0028125
v 0.062742045 -0.06045663 0.0028125
v 0.061159005 -0.062337195 -0.0028125
v 0.061159005 -0.062337195 0.0028125
v 0.05939013 -0.064068105 -0.0028125
v 0.05939013 -0.064068105 0.0028125
v 0.058965675 -0.064424505 -0.0028125
v 0.059130435 -0.064292805 0.0028125
v 0.05882988 -0.06452568 0.0028125
v 0.058435965 -0.064771155 -0.0028125
v 0.05846112 -0.06475713 0.0028125
v 0.057991815 -0.06496053 0.0028125
v 0.057781275 -0.065020035 -0.0028125
v 0.057402075 -0.0650826 0.0028125
v 0.05703183 -0.06508506 -0.0028125
v 0.05670183 -0.06503766 0.0028125
v 0.056641305 -0.06502362 -0.0028125
v 0.05632584 -0.064916505 0.0028125
v 0.056262765 -0.06488694 -0.0028125
v 0.05596446 -0.064726995 0.0028125
v 0.0556434 -0.064488675 -0.0028125
v 0.05564784 -0.06449193 0.0028125
v 0.05538567 -0.06423204 0.0028125
v 0.055228365 -0.064039605 -0.0028125
v 0.054997005 -0.063690585 0.0028125
v 0.054941805 -0.06359454 -0.0028125
v 0.05472228 -0.063179355 -0.0028125
v 0.05472228 -0.063179355 0.0028125
v 0.05425002 -0.06221598 -0.0028125
v 0.05403618 -0.06176295 0.0028125
v 0.05381601 -0.061284885 -0.0028125
v 0.05342184 -0.06038835 -0.0028125
v 0.05341746 -0.060375405 0.0028125
v 0.053065605 -0.05952366 -0.0028125
v 0.05286519 -0.059012685 0.0028125
v 0.052439835 -0.05785344 -0.0028125
v 0.052379835 -0.057676785 0.0028125
v 0.05191785 -0.056227815 -0.0028125
v 0.05196816 -0.056396475 0.0028125
v 0.051630885 -0.05517048 0.0028125
v 0.051492735 -0.05459916 -0.0028125
v 0.051366015 -0.05400861 0.0028125
v 0.05131926 -0.05377449 -0.0028125
v 0.05117817 -0.05294124 -0.0028125
v 0.051174615 -0.05291715 0.0028125
v 0.051070635 -0.052100505 -0.0028125
v 0.051053655 -0.05189535 0.0028125
v 0.051010905 -0.051253995 -0.0028125
v 0.05099874 -0.050948835 0.0028125
v 0.05099577 -0.0504003 -0.0028125
v 0.05101056 -0.050076255 0.0028125
v 0.051051015 -0.04955514 -0.0028125
v 0.05107881 -0.04927677 0.0028125
v 0.051181905 -0.04872159 -0.0028125
v 0.0512028 -0.048550335 0.0028125
v 0.05138397 -0.04789704 -0.0028125
v 0.05138397 -0.04789704 0.0028125
v 0.051591165 -0.04737609 -0.0028125
v 0.05157093 -0.047405505 0.0028125
v 0.051834615 -0.04691352 0.0028125
v 0.051855435 -0.04688151 -0.0028125
v 0.052173 -0.046419975 0.0028125
v 0.052178115 -0.046412775 -0.0028125
v 0.05254092 -0.045977655 -0.0028125
v 0.05258793 -0.045925845 0.0028125
v 0.05336058 -0.045207375 -0.0028125
v 0.053091945 -0.045437835 0.0028125
v 0.053683665 -0.044954535 0.0028125
v 0.054252585 -0.04455852 -0.0028125
v 0.054369855 -0.04448382 0.0028125
v 0.05522028 -0.043989255 -0.0028125
v 0.055152915 -0.044025795 0.0028125
v 0.056032035 -0.04358625 0.0028125
v 0.05631624 -0.043458615 -0.0028125
v 0.0570099 -0.0431703 0.0028125
v 0.05759379 -0.0429498 -0.0028125
v 0.0580833 -0.042779115 0.0028125
v 0.058307355 -0.04270578 -0.0028125
v 0.059070765 -0.042472365 -0.0028125
v 0.059246295 -0.04242303 0.0028125
v 0.0598836 -0.042251145 -0.0028125
v 0.06050052 -0.042100035 0.0028125
v 0.060745725 -0.042044265 -0.0028125
v 0.061655265 -0.04185516 -0.0028125
v 0.06182148 -0.041824275 0.0028125
v 0.062611635 -0.041685135 -0.0028125
v 0.063205755 -0.041597745 0.0028125
v 0.063612195 -0.041539605 -0.0028125
v 0.064657155 -0.041418195 -0.0028125
v 0.064657155 -0.041418195 0.0028125
v 0.06532149 -0.04137399 -0.0028125
v 0.06507615 -0.041376795 0.0028125
v 0.065506395 -0.041386455 0.0028125
v 0.06605346 -0.04146657 -0.0028125
v 0.065953395 -0.04144485 0.0028125
v 0.066375105 -0.04157277 0.0028125
v 0.06641793 -0.04159203 -0.0028125
v 0.066764085 -0.041769675 0.0028125
v 0.06677991 -0.04178412 -0.0028125
v 0.0670884 -0.04201305 0.0028125
v 0.06710472 -0.042026775 -0.0028125
v 0.067372185 -0.04232268 -0.0028125
v 0.067559775 -0.04259874 0.0028125
v 0.067589595 -0.042655815 -0.0028125
v 0.06774717 -0.042995805 -0.0028125
v 0.067818285 -0.043219875 0.0028125
v 0.06791574 -0.04368822 -0.0028125
v 0.049700205 -0.02055312 0.0028125
v 0.049700205 -0.02055312 -0.0028125
v 0.05203215 -0.021368055 -0.0028125
v 0.049211175 -0.020422815 0.0028125
v 0.05203215 -0.021368055 0.0028125
v 0.054260685 -0.022397385 -0.0028125
v 0.054260685 -0.022397385 0.0028125
v 0.05639277 -0.023645175 -0.0028125
v 0.05639277 -0.023645175 0.0028125
v 0.05838924 -0.025088895 -0.0028125
v 0.05838924 -0.025088895 0.0028125
v 0.060243 -0.02672463 -0.0028125
v 0.060243 -0.02672463 0.0028125
v 0.061924965 -0.02852727 -0.0028125
v 0.061924965 -0.02852727 0.0028125
v 0.06343023 -0.030490365 -0.0028125
v 0.06343023 -0.030490365 0.0028125
v 0.06473088 -0.032578635 -0.0028125
v 0.06473088 -0.032578635 0.0028125
v 0.065831955 -0.034798305 -0.0028125
v 0.065831955 -0.034798305 0.0028125
v 0.066019545 -0.035255895 -0.0028125
v 0.066029115 -0.035282895 0.0028125
v 0.066181425 -0.03579717 -0.0028125
v 0.066192075 -0.03585234 0.0028125
v 0.066247995 -0.03645669 -0.0028125
v 0.06624627 -0.036531915 0.0028125
v 0.06613185 -0.03718557 -0.0028125
v 0.066201555 -0.03690417 0.0028125
v 0.066098685 -0.03728709 0.0028125
v 0.06598731 -0.037540785 -0.0028125
v 0.065923305 -0.03764925 0.0028125
v 0.065776695 -0.03786927 -0.0028125
v 0.06569328 -0.037974345 0.0028125
v 0.065515455 -0.03815799 -0.0028125
v 0.06521631 -0.038399685 -0.0028125
v 0.0651372 -0.03845328 0.0028125
v 0.064606065 -0.038716755 -0.0028125
v 0.064568835 -0.0387294 0.0028125
v 0.064048095 -0.038874015 -0.0028125
v 0.064034565 -0.03887664 0.0028125
v 0.06354423 -0.03896304 -0.0028125
v 0.06354423 -0.03896304 0.0028125
v 0.062482305 -0.03911445 -0.0028125
v 0.06198516 -0.03917787 0.0028125
v 0.061462875 -0.03923949 -0.0028125
v 0.06048864 -0.03933732 -0.0028125
v 0.06047433 -0.03933753 0.0028125
v 0.05955639 -0.039408915 -0.0028125
v 0.05900763 -0.03944166 0.0028125
v 0.0577749 -0.03948795 -0.0028125
v 0.057587145 -0.039490455 0.0028125
v 0.056067705 -0.039482115 -0.0028125
v 0.056242275 -0.039486345 0.0028125
v 0.054972075 -0.039428265 0.0028125
v 0.054387315 -0.03938322 -0.0028125
v 0.0537852 -0.039321135 0.0028125
v 0.053549265 -0.039293385 -0.0028125
v 0.052712985 -0.0391701 -0.0028125
v 0.052688025 -0.039165885 0.0028125
v 0.05187993 -0.039012555 -0.0028125
v 0.05167884 -0.038965155 0.0028125
v 0.05105619 -0.038807775 -0.0028125
v 0.050761695 -0.0387249 0.0028125
v 0.050239485 -0.038558355 -0.0028125
v 0.049935465 -0.038444025 0.0028125
v 0.04945263 -0.03824463 -0.0028125
v 0.049196205 -0.038132055 0.0028125
v 0.048700185 -0.03786252 -0.0028125
v 0.048543645 -0.03778965 0.0028125
v 0.04797831 -0.03741546 -0.0028125
v 0.04797831 -0.03741546 0.0028125
v 0.047546895 -0.03705744 -0.0028125
v 0.047568615 -0.03708576 0.0028125
v 0.047182185 -0.036682965 0.0028125
v 0.04715817 -0.03665328 -0.0028125
v 0.046817355 -0.03620862 0.0028125
v 0.046812105 -0.03620154 -0.0028125
v 0.04651038 -0.03572202 -0.0028125
v 0.04647564 -0.035661315 0.0028125
v 0.046031085 -0.03470445 -0.0028125
v 0.046167255 -0.03503115 0.0028125
v 0.04589046 -0.03431904 0.0028125
v 0.04568964 -0.03365559 -0.0028125
v 0.04565484 -0.03352098 0.0028125
v 0.04544727 -0.03255936 -0.0028125
v 0.045461205 -0.032634705 0.0028125
v 0.045314835 -0.031662795 0.0028125
v 0.04528128 -0.03135306 -0.0028125
v 0.045221415 -0.03060426 0.0028125
v 0.04519215 -0.0299808 -0.0028125
v 0.045181095 -0.029462505 0.0028125
v 0.04518057 -0.02922675 -0.0028125
v 0.045194475 -0.028428585 -0.0028125
v 0.04520181 -0.028246395 0.0028125
v 0.045235275 -0.027587175 -0.0028125
v 0.04528221 -0.026953755 0.0028125
v 0.045304935 -0.026703315 -0.0028125
v 0.04540614 -0.02577984 -0.0028125
v 0.04542813 -0.025612215 0.0028125
v 0.04553997 -0.02481774 -0.0028125
v 0.045640455 -0.02422569 0.0028125
v 0.04571076 -0.02382117 -0.0028125
v 0.04591821 -0.02278986 -0.0028125
v 0.04591821 -0.02278986 0.0028125
v 0.04607307 -0.022184385 -0.0028125
v 0.04601883 -0.02234859 0.0028125
v 0.04617348 -0.021915825 0.0028125
v 0.046357635 -0.02153817 -0.0028125
v 0.04638279 -0.02149722 0.0028125
v 0.0468462 -0.02094324 -0.0028125
v 0.04665684 -0.02113419 0.0028125
v 0.0469713 -0.020838255 0.0028125
v 0.0471621 -0.020707965 -0.0028125
v 0.047311935 -0.020619345 0.0028125
v 0.047513055 -0.0205245 -0.0028125
v 0.04789209 -0.020405445 -0.0028125
v 0.04800585 -0.02037975 0.0028125
v 0.0482823 -0.020344185 -0.0028125
v 0.04865229 -0.02034096 0.0028125
v 0.0490386 -0.020387955 -0.0028125
v 0.021452385 -0.03056709 0.0028125
v 0.021452385 -0.03056709 -0.0028125
v 0.02295102 -0.02859771 -0.0028125
v 0.021090825 -0.031137255 0.0028125
v 0.02295102 -0.02859771 0.0028125
v 0.02462151 -0.02679396 -0.0028125
v 0.02462151 -0.02679396 0.0028125
v 0.02647008 -0.025150515 -0.0028125
v 0.02647008 -0.025150515 0.0028125
v 0.02846202 -0.02369781 -0.0028125
v 0.02846202 -0.02369781 0.0028125
v 0.030591165 -0.022441425 -0.0028125
v 0.030591165 -0.022441425 0.0028125
v 0.032824275 -0.0214005 -0.0028125
v 0.032824275 -0.0214005 0.0028125
v 0.03515385 -0.020577525 -0.0028125
v 0.03515385 -0.020577525 0.0028125
v 0.037538415 -0.019987215 -0.0028125
v 0.037538415 -0.019987215 0.0028125
v 0.039985335 -0.0196269 -0.0028125
v 0.039985335 -0.0196269 0.0028125
v 0.04048416 -0.019589655 -0.0028125
v 0.0405234 -0.019588605 0.0028125
v 0.041060175 -0.019604895 -0.0028125
v 0.041133435 -0.019614555 0.0028125
v 0.0417237 -0.019755105 -0.0028125
v 0.041814525 -0.01978932 0.0028125
v 0.04238451 -0.020105625 -0.0028125
v 0.042154005 -0.019954935 0.0028125
v 0.042475575 -0.02017536 0.0028125
v 0.042906525 -0.020653665 -0.0028125
v 0.042750135 -0.020448225 0.0028125
v 0.042973935 -0.02075883 0.0028125
v 0.043223355 -0.02133585 -0.0028125
v 0.043249455 -0.021428505 0.0028125
v 0.043333575 -0.022016685 -0.0028125
v 0.04333401 -0.022049205 0.0028125
v 0.043308825 -0.022597545 -0.0028125
v 0.043308585 -0.02259726 0.0028125
v 0.0432393 -0.023089605 -0.0028125
v 0.0432393 -0.023089605 0.0028125
v 0.043055145 -0.024146355 -0.0028125
v 0.04296183 -0.024638775 0.0028125
v 0.042859035 -0.025154535 -0.0028125
v 0.042651015 -0.026111325 -0.0028125
v 0.042646815 -0.02612499 0.0028125
v 0.04243104 -0.027020055 -0.0028125
v 0.04229262 -0.027552075 0.0028125
v 0.04195569 -0.028738785 -0.0028125
v 0.041900055 -0.028918125 0.0028125
v 0.04142259 -0.030360615 -0.0028125
v 0.041480565 -0.0301959 0.0028125
v 0.041032815 -0.031385985 0.0028125
v 0.04080927 -0.03192819 -0.0028125
v 0.040564155 -0.03248166 0.0028125
v 0.04046487 -0.03269748 -0.0028125
v 0.04008918 -0.033454725 -0.0028125
v 0.04007745 -0.033477165 0.0028125
v 0.03968193 -0.034198335 -0.0028125
v 0.03957471 -0.03437493 0.0028125
v 0.03923262 -0.03491847 -0.0028125
v 0.03906279 -0.035172945 0.0028125
v 0.038743035 -0.03561813 -0.0028125
v 0.03854034 -0.03587193 0.0028125
v 0.038201505 -0.03626952 -0.0028125
v 0.03801519 -0.036478605 0.0028125
v 0.03760557 -0.03686706 -0.0028125
v 0.037487895 -0.03699342 0.0028125
v 0.03695733 -0.03741546 -0.0028125
v 0.03695733 -0.03741546 0.0028125
v 0.03648351 -0.03771513 -0.0028125
v 0.03651717 -0.03770322 0.0028125
v 0.03601467 -0.037946265 0.0028125
v 0.035979015 -0.03795993 -0.0028125
v 0.03545079 -0.03814665 0.0028125
v 0.035442435 -0.03814947 -0.0028125
v 0.03489315 -0.038288235 -0.0028125
v 0.034824675 -0.03830253 0.0028125
v 0.033777285 -0.038429625 -0.0028125
v 0.03413007 -0.03840108 0.0028125
v 0.03336729 -0.03844428 0.0028125
v 0.032674245 -0.038430255 -0.0028125
v 0.032535465 -0.03842175 0.0028125
v 0.03155676 -0.038322 -0.0028125
v 0.031632735 -0.038332035 0.0028125
v 0.030663165 -0.038170905 0.0028125
v 0.030358215 -0.03810711 -0.0028125
v 0.029627565 -0.037932645 0.0028125
v 0.029025585 -0.037767825 -0.0028125
v 0.02852922 -0.037618185 0.0028125
v 0.02830485 -0.03754581 -0.0028125
v 0.02755005 -0.037285935 -0.0028125
v 0.027379035 -0.03722268 0.0028125
v 0.02676243 -0.036987135 -0.0028125
v 0.026174505 -0.03674676 0.0028125
v 0.025943355 -0.03664776 -0.0028125
v 0.02509635 -0.03626613 -0.0028125
v 0.024943725 -0.036193425 0.0028125
v 0.02422269 -0.03584154 -0.0028125
v 0.02369067 -0.035563035 0.0028125
v 0.023327685 -0.035371155 -0.0028125
v 0.022410945 -0.03485517 -0.0028125
v 0.022410945 -0.03485517 0.0028125
v 0.021886455 -0.034527915 -0.0028125
v 0.0218661 -0.03451371 0.0028125
v 0.02137404 -0.034072005 -0.0028125
v 0.021338715 -0.034030515 0.0028125
v 0.02095977 -0.03343605 -0.0028125
v 0.021116985 -0.03372558 0.0028125
v 0.0209307 -0.03336771 0.0028125
v 0.02082123 -0.03306285 -0.0028125
v 0.020802075 -0.03298653 0.0028125
v 0.020756235 -0.03266352 -0.0028125
v 0.020749845 -0.032587905 0.0028125
v 0.02075319 -0.0322533 -0.0028125
v 0.02075979 -0.03218445 0.0028125
v 0.02081154 -0.03186891 -0.0028125
v 0.02082486 -0.031811745 0.0028125
v 0.02107701 -0.031162605 -0.0028125
v 0.02224719 -0.060526845 0.0028125
v 0.02224719 -0.060526845 -0.0028125
v 0.020838675 -0.058495365 -0.0028125
v 0.02267025 -0.061033605 0.0028125
v 0.020838675 -0.05849538 0.0028125
v 0.019640115 -0.056351025 -0.0028125
v 0.01964013 -0.05635104 0.0028125
v 0.0186483 -0.054086355 -0.0028125
v 0.0186483 -0.054086355 0.0028125
v 0.017881785 -0.051743205 -0.0028125
v 0.017881785 -0.05174322 0.0028125
v 0.017344065 -0.04932906 -0.0028125
v 0.017344065 -0.049329075 0.0028125
v 0.017043615 -0.046882245 -0.0028125
v 0.017043615 -0.04688226 0.0028125
v 0.016980495 -0.044410785 -0.0028125
v 0.016980495 -0.044410785 0.0028125
v 0.01715586 -0.04195944 -0.0028125
v 0.01715586 -0.04195944 0.0028125
v 0.01756944 -0.03952026 -0.0028125
v 0.01756944 -0.03952026 0.0028125
v 0.01767429 -0.039084615 -0.0028125
v 0.01768566 -0.039044085 0.0028125
v 0.017829765 -0.03861219 -0.0028125
v 0.017872035 -0.03851256 0.0028125
v 0.018084705 -0.038111385 -0.0028125
v 0.01820295 -0.037940055 0.0028125
v 0.01849758 -0.03760836 -0.0028125
v 0.018723165 -0.037416195 0.0028125
v 0.019109895 -0.037185195 -0.0028125
v 0.01904916 -0.037215735 0.0028125
v 0.019408035 -0.037070385 0.0028125
v 0.01948185 -0.03705033 -0.0028125
v 0.019794405 -0.03699003 0.0028125
v 0.019880805 -0.0369792 -0.0028125
v 0.02017332 -0.036968385 0.0028125
v 0.020279355 -0.036973275 -0.0028125
v 0.02065776 -0.03702168 -0.0028125
v 0.02085426 -0.03706869 0.0028125
v 0.021322665 -0.03723447 -0.0028125
v 0.02140158 -0.037268745 0.0028125
v 0.0218682 -0.03749559 -0.0028125
v 0.0218682 -0.03749559 0.0028125
v 0.02281632 -0.03799728 -0.0028125
v 0.023255805 -0.038238195 0.0028125
v 0.02371455 -0.03849534 -0.0028125
v 0.024560235 -0.03898884 -0.0028125
v 0.024571935 -0.038997075 0.0028125
v 0.02535651 -0.039478875 -0.0028125
v 0.025819725 -0.03977493 0.0028125
v 0.02684424 -0.040462065 -0.0028125
v 0.0269976 -0.04057041 0.0028125
v 0.028221945 -0.04147026 -0.0028125
v 0.028083195 -0.04136421 0.0028125
v 0.02907669 -0.042157815 0.0028125
v 0.02952327 -0.042537975 -0.0028125
v 0.0299739 -0.042942105 0.0028125
v 0.03014847 -0.043103235 -0.0028125
v 0.030752565 -0.043694535 -0.0028125
v 0.030770295 -0.043712625 0.0028125
v 0.031333935 -0.044311635 -0.0028125
v 0.031468755 -0.044468175 0.0028125
v 0.03187998 -0.044961495 -0.0028125
v 0.03206952 -0.045201645 0.0028125
v 0.032394105 -0.045643335 -0.0028125
v 0.03257286 -0.04591452 0.0028125
v 0.03284628 -0.046359645 -0.0028125
v 0.03298755 -0.046601445 0.0028125
v 0.03323043 -0.047111055 -0.0028125
v 0.033314235 -0.047262015 0.0028125
v 0.03355167 -0.04789704 -0.0028125
v 0.03355167 -0.04789704 0.0028125
v 0.033690255 -0.048440325 -0.0028125
v 0.033689325 -0.048404595 0.0028125
v 0.03376518 -0.0489576 0.0028125
v 0.033767175 -0.048995925 -0.0028125
v 0.033781515 -0.049555815 0.0028125
v 0.033781605 -0.049565025 -0.0028125
v 0.03374379 -0.050130495 -0.0028125
v 0.033736275 -0.050199465 0.0028125
v 0.03353328 -0.05123568 -0.0028125
v 0.03361536 -0.050890545 0.0028125
v 0.03342072 -0.05162937 0.0028125
v 0.03319287 -0.05228502 -0.0028125
v 0.03314223 -0.05241354 0.0028125
v 0.032744535 -0.05331429 -0.0028125
v 0.032777925 -0.053244375 0.0028125
v 0.032325045 -0.054116715 0.0028125
v 0.032169825 -0.054387585 -0.0028125
v 0.031778415 -0.05502801 0.0028125
v 0.031435395 -0.055549965 -0.0028125
v 0.03113991 -0.05597544 0.0028125
v 0.031001565 -0.05616672 -0.0028125
v 0.030521205 -0.056804205 -0.0028125
v 0.030408285 -0.056947155 0.0028125
v 0.029993685 -0.05746086 -0.0028125
v 0.02958336 -0.057945735 0.0028125
v 0.029417865 -0.0581349 -0.0028125
v 0.028793235 -0.05882244 -0.0028125
v 0.028676775 -0.05894529 0.0028125
v 0.028119525 -0.059522055 -0.0028125
v 0.027690105 -0.059942115 0.0028125
v 0.027395625 -0.060227865 -0.0028125
v 0.026621595 -0.06094029 -0.0028125
v 0.026621595 -0.06094029 0.0028125
v 0.026065305 -0.061391295 -0.0028125
v 0.02610234 -0.061366725 0.0028125
v 0.025467375 -0.061720635 0.0028125
v 0.02541099 -0.06174153 -0.0028125
v 0.02472507 -0.0618942 0.0028125
v 0.02469288 -0.06189615 -0.0028125
v 0.02433366 -0.061888725 0.0028125
v 0.02396958 -0.061827525 -0.0028125
v 0.023945355 -0.0618216 0.0028125
v 0.023293455 -0.061541955 -0.0028125
v 0.02357274 -0.06168648 0.0028125
v 0.02322789 -0.06150192 0.0028125
v 0.022714995 -0.061078065 -0.0028125
v -0.049380315 -0.17406384 0.0028125
v -0.049380315 -0.17406384 -0.0028125
v -0.050893455 -0.1721085 -0.0028125
v -0.048962925 -0.174517515 0.0028125
v -0.050893455 -0.1721085 0.0028125
v -0.05220273 -0.1700295 -0.0028125
v -0.05220273 -0.1700295 0.0028125
v -0.05331174 -0.167819565 -0.0028125
v -0.05331174 -0.167819565 0.0028125
v -0.054199815 -0.165519525 -0.0028125
v -0.054199815 -0.165519525 0.0028125
v -0.05486307 -0.16313661 -0.0028125
v -0.05486307 -0.16313661 0.0028125
v -0.055291035 -0.160708785 -0.0028125
v -0.055291035 -0.160708785 0.0028125
v -0.05548326 -0.158244105 -0.0028125
v -0.05548326 -0.158244105 0.0028125
v -0.05543637 -0.155787465 -0.0028125
v -0.05543637 -0.155787465 0.0028125
v -0.055151055 -0.15333084 -0.0028125
v -0.055151055 -0.15333084 0.0028125
v -0.05507124 -0.15290004 -0.0028125
v -0.05505498 -0.152827755 0.0028125
v -0.05494524 -0.152430135 -0.0028125
v -0.05488218 -0.15225909 0.0028125
v -0.054727455 -0.151927905 -0.0028125
v -0.05454951 -0.151645815 0.0028125
v -0.054358785 -0.151410045 -0.0028125
v -0.054025215 -0.151103145 0.0028125
v -0.05378946 -0.15094845 -0.0028125
v -0.053432895 -0.150785205 -0.0028125
v -0.05335941 -0.150759645 0.0028125
v -0.0530439 -0.150683235 -0.0028125
v -0.05264403 -0.150645885 -0.0028125
v -0.052631895 -0.150645015 0.0028125
v -0.052256835 -0.150666105 -0.0028125
v -0.051964395 -0.15071889 0.0028125
v -0.051557295 -0.150839415 -0.0028125
v -0.051420285 -0.15089016 0.0028125
v -0.050964135 -0.151083975 -0.0028125
v -0.050964135 -0.151083975 0.0028125
v -0.049991055 -0.15153537 -0.0028125
v -0.04953957 -0.151752945 0.0028125
v -0.049067985 -0.151985715 -0.0028125
v -0.04819764 -0.15243429 -0.0028125
v -0.048185535 -0.152441895 0.0028125
v -0.04737681 -0.15288198 -0.0028125
v -0.046898745 -0.153153375 0.0028125
v -0.04583967 -0.15378597 -0.0028125
v -0.045680835 -0.153886125 0.0028125
v -0.044411085 -0.154720665 -0.0028125
v -0.04455519 -0.154622025 0.0028125
v -0.043521525 -0.155362545 0.0028125
v -0.043055655 -0.15571881 -0.0028125
v -0.04258449 -0.15609882 0.0028125
v -0.04240173 -0.156250575 -0.0028125
v -0.041767515 -0.156809445 -0.0028125
v -0.04174887 -0.15682659 0.0028125
v -0.04115466 -0.157395285 -0.0028125
v -0.04101183 -0.157544565 0.0028125
v -0.040575345 -0.15801567 -0.0028125
v -0.04037349 -0.15824559 0.0028125
v -0.04002624 -0.15866967 -0.0028125
v -0.039833535 -0.15893112 0.0028125
v -0.039537195 -0.159361335 -0.0028125
v -0.03938346 -0.159595395 0.0028125
v -0.039114255 -0.160091595 -0.0028125
v -0.039022665 -0.16023798 0.0028125
v -0.03875232 -0.1608597 -0.0028125
v -0.03875232 -0.1608597 0.0028125
v -0.03858549 -0.16139493 -0.0028125
v -0.038588295 -0.16135935 0.0028125
v -0.03848358 -0.161907615 0.0028125
v -0.03847962 -0.161945595 -0.0028125
v -0.03843597 -0.16250415 0.0028125
v -0.0384354 -0.16251294 -0.0028125
v -0.03844353 -0.163079445 -0.0028125
v -0.03844746 -0.163149255 0.0028125
v -0.038595765 -0.164193885 -0.0028125
v -0.03853203 -0.16384572 0.0028125
v -0.03868773 -0.164593695 0.0028125
v -0.038880645 -0.1652595 -0.0028125
v -0.038924775 -0.16539135 0.0028125
v -0.03927444 -0.16631088 -0.0028125
v -0.039245085 -0.166240095 0.0028125
v -0.039651675 -0.16713492 0.0028125
v -0.03979221 -0.167412975 -0.0028125
v -0.04014984 -0.168073575 0.0028125
v -0.040464855 -0.16861239 -0.0028125
v -0.04073787 -0.16905309 0.0028125
v -0.040865835 -0.169251075 -0.0028125
v -0.04131222 -0.169912905 -0.0028125
v -0.04141758 -0.17006172 0.0028125
v -0.041804685 -0.170596365 -0.0028125
v -0.042189045 -0.17110203 0.0028125
v -0.04234449 -0.171299685 -0.0028125
v -0.04293234 -0.172019055 -0.0028125
v -0.043042065 -0.172147665 0.0028125
v -0.04356858 -0.17275305 -0.0028125
v -0.04397529 -0.173194875 0.0028125
v -0.044254575 -0.17349582 -0.0028125
v -0.04499025 -0.174247785 -0.0028125
v -0.04499025 -0.174247785 0.0028125
v -0.04547988 -0.174695505 -0.0028125
v -0.045508905 -0.174718545 0.0028125
v -0.046084665 -0.1750794 -0.0028125
v -0.046152885 -0.17511015 0.0028125
v -0.04644786 -0.175216365 -0.0028125
v -0.04653489 -0.175239735 0.0028125
v -0.046838145 -0.175300125 -0.0028125
v -0.046938075 -0.17531085 0.0028125
v -0.047251185 -0.175311015 -0.0028125
v -0.04735125 -0.175304205 0.0028125
v -0.047659695 -0.175258335 -0.0028125
v -0.04775163 -0.175235055 0.0028125
v -0.048034455 -0.175138815 -0.0028125
v -0.048376905 -0.174970635 -0.0028125
v -0.048434415 -0.17493594 0.0028125
v -0.048939915 -0.174539595 -0.0028125
v -0.035899875 -0.15021426 0.0028125
v -0.035899875 -0.15021426 -0.0028125
v -0.03635736 -0.15053832 -0.0028125
v -0.035392125 -0.149765025 0.0028125
v -0.036324375 -0.150524655 0.0028125
v -0.03681348 -0.150793665 0.0028125
v -0.03684837 -0.150809175 -0.0028125
v -0.03736608 -0.151023285 0.0028125
v -0.037374285 -0.15102654 -0.0028125
v -0.03791556 -0.151193865 -0.0028125
v -0.03798318 -0.151211715 0.0028125
v -0.0390225 -0.151393455 -0.0028125
v -0.03867168 -0.151346505 0.0028125
v -0.03943116 -0.15142956 0.0028125
v -0.04012398 -0.151451805 -0.0028125
v -0.040263015 -0.151450575 0.0028125
v -0.041245605 -0.151402185 -0.0028125
v -0.04116921 -0.151408245 0.0028125
v -0.04214589 -0.15129807 0.0028125
v -0.04245375 -0.151250325 -0.0028125
v -0.043192545 -0.151114335 0.0028125
v -0.043802325 -0.15098124 -0.0028125
v -0.04430583 -0.150857775 0.0028125
v -0.04453368 -0.150797265 -0.0028125
v -0.04530105 -0.15057726 -0.0028125
v -0.04547514 -0.15052302 0.0028125
v -0.046103235 -0.15032007 -0.0028125
v -0.04670292 -0.15011079 0.0028125
v -0.046938945 -0.15002403 -0.0028125
v -0.04780476 -0.14968725 -0.0028125
v -0.047960985 -0.14962263 0.0028125
v -0.048699435 -0.14930898 -0.0028125
v -0.0492453 -0.149058675 0.0028125
v -0.04961784 -0.14888607 -0.0028125
v -0.05056032 -0.148418775 -0.0028125
v -0.05056032 -0.148418775 0.0028125
v -0.051187905 -0.14805636 -0.0028125
v -0.05118456 -0.14805861 0.0028125
v -0.05174016 -0.14757792 0.0028125
v -0.051743535 -0.147574065 -0.0028125
v -0.05214132 -0.146966505 0.0028125
v -0.05214441 -0.146959515 -0.0028125
v -0.05233812 -0.14626857 0.0028125
v -0.05233914 -0.14625984 -0.0028125
v -0.05231556 -0.145531935 0.0028125
v -0.052314615 -0.145526745 -0.0028125
v -0.052089075 -0.14482128 -0.0028125
v -0.05208753 -0.14481822 0.0028125
v -0.05174199 -0.14418675 -0.0028125
v -0.05174199 -0.14418675 0.0028125
v -0.05034987 -0.142143435 -0.0028125
v -0.05034987 -0.142143435 0.0028125
v -0.048777645 -0.14025615 -0.0028125
v -0.048777645 -0.14025615 0.0028125
v -0.04701951 -0.13851927 -0.0028125
v -0.04701951 -0.13851927 0.0028125
v -0.045107655 -0.13696458 -0.0028125
v -0.045107655 -0.13696458 0.0028125
v -0.04304775 -0.135597915 -0.0028125
v -0.04304775 -0.135597915 0.0028125
v -0.04087188 -0.13444062 -0.0028125
v -0.04087188 -0.13444062 0.0028125
v -0.038587395 -0.13349565 -0.0028125
v -0.038587395 -0.13349565 0.0028125
v -0.036234825 -0.13278036 -0.0028125
v -0.036234825 -0.13278036 0.0028125
v -0.033807 -0.132291585 -0.0028125
v -0.033807 -0.132291585 0.0028125
v -0.03334161 -0.132230925 -0.0028125
v -0.03333051 -0.132230385 0.0028125
v -0.032822745 -0.13221087 -0.0028125
v -0.03279447 -0.132211335 0.0028125
v -0.032196915 -0.13229238 -0.0028125
v -0.03218835 -0.13229418 0.0028125
v -0.031520295 -0.132561 -0.0028125
v -0.03153717 -0.13255032 0.0028125
v -0.031204725 -0.13277646 -0.0028125
v -0.0309513 -0.1330209 0.0028125
v -0.030927855 -0.13304844 -0.0028125
v -0.0307203 -0.13333551 0.0028125
v -0.030699015 -0.13336929 -0.0028125
v -0.030543615 -0.13367568 0.0028125
v -0.030524415 -0.133722045 -0.0028125
v -0.03035391 -0.13437543 0.0028125
v -0.03034614 -0.134438715 -0.0028125
v -0.030329565 -0.13501311 0.0028125
v -0.030330855 -0.13505865 -0.0028125
v -0.030376275 -0.135579255 -0.0028125
v -0.030376275 -0.135579255 0.0028125
v -0.03050487 -0.136644195 -0.0028125
v -0.03057228 -0.137140815 0.0028125
v -0.03064794 -0.137661255 -0.0028125
v -0.030805605 -0.138627615 -0.0028125
v -0.0308091 -0.13864149 0.0028125
v -0.03097773 -0.13954662 -0.0028125
v -0.031088115 -0.140085165 0.0028125
v -0.031362465 -0.14128788 -0.0028125
v -0.03140865 -0.14146989 0.0028125
v -0.03180996 -0.14293539 -0.0028125
v -0.031760685 -0.142767855 0.0028125
v -0.03214554 -0.14397975 0.0028125
v -0.032340405 -0.14453292 -0.0028125
v -0.03255621 -0.145098435 0.0028125
v -0.032644065 -0.14531916 -0.0028125
v -0.032979615 -0.146095035 -0.0028125
v -0.032990145 -0.14611806 0.0028125
v -0.033347385 -0.14685894 -0.0028125
v -0.033445215 -0.147040905 0.0028125
v -0.0337584 -0.147601605 -0.0028125
v -0.03391467 -0.147864615 0.0028125
v -0.034210695 -0.148325925 -0.0028125
v -0.034399815 -0.148589985 0.0028125
v -0.034717395 -0.14900478 -0.0028125
v -0.03489249 -0.149223315 0.0028125
v -0.03528123 -0.149632695 -0.0028125
v -0.02023569 -0.181050285 0.0028125
v -0.02023569 -0.181050285 -0.0028125
v -0.02256051 -0.18188442 -0.0028125
v -0.019574685 -0.180736905 0.0028125
v -0.02256051 -0.18188442 0.0028125
v -0.02493999 -0.18248691 -0.0028125
v -0.02493999 -0.18248691 0.0028125
v -0.027382095 -0.182859015 -0.0028125
v -0.027382095 -0.182859015 0.0028125
v -0.029842275 -0.182993505 -0.0028125
v -0.029842275 -0.182993505 0.0028125
v -0.03231252 -0.18288894 -0.0028125
v -0.03231252 -0.18288894 0.0028125
v -0.034754355 -0.18254649 -0.0028125
v -0.034754355 -0.18254649 0.0028125
v -0.03715986 -0.181968105 -0.0028125
v -0.03715986 -0.181968105 0.0028125
v -0.039484845 -0.181163745 -0.0028125
v -0.039484845 -0.181163745 0.0028125
v -0.0417372 -0.18013173 -0.0028125
v -0.0417372 -0.18013173 0.0028125
v -0.04214577 -0.179908995 -0.0028125
v -0.042150285 -0.179906325 0.0028125
v -0.042578205 -0.179621685 -0.0028125
v -0.04258914 -0.179613285 0.0028125
v -0.043013115 -0.179215155 -0.0028125
v -0.043028595 -0.1791972 0.0028125
v -0.04339905 -0.178632705 -0.0028125
v -0.043416405 -0.17859507 0.0028125
v -0.043537875 -0.17827956 -0.0028125
v -0.043552755 -0.17822754 0.0028125
v -0.0436146 -0.177892635 -0.0028125
v -0.04362003 -0.1778337 0.0028125
v -0.04362264 -0.17749182 -0.0028125
v -0.043618425 -0.17743419 0.0028125
v -0.04356372 -0.17709291 -0.0028125
v -0.043551885 -0.17704377 0.0028125
v -0.04330335 -0.17640867 -0.0028125
v -0.04328748 -0.176379795 0.0028125
v -0.04294716 -0.17588091 -0.0028125
v -0.04293855 -0.175870035 0.0028125
v -0.042580275 -0.17545542 -0.0028125
v -0.042580275 -0.17545542 0.0028125
v -0.041850285 -0.17466945 -0.0028125
v -0.04150383 -0.174307305 0.0028125
v -0.04113672 -0.173930745 -0.0028125
v -0.040441155 -0.1732416 -0.0028125
v -0.040430175 -0.17323242 0.0028125
v -0.03976173 -0.17259927 -0.0028125
v -0.039355875 -0.17222847 0.0028125
v -0.038426985 -0.171416715 -0.0028125
v -0.03828264 -0.171296625 0.0028125
v -0.037096575 -0.1703469 -0.0028125
v -0.037234905 -0.17045346 0.0028125
v -0.036211215 -0.16969923 0.0028125
v -0.03572844 -0.169366245 -0.0028125
v -0.035221425 -0.16903557 0.0028125
v -0.03502062 -0.168908655 -0.0028125
v -0.03429312 -0.16847817 -0.0028125
v -0.034271055 -0.16846575 0.0028125
v -0.03354657 -0.16807635 -0.0028125
v -0.033360465 -0.167986635 0.0028125
v -0.032777535 -0.1677171 -0.0028125
v -0.03249651 -0.167596185 0.0028125
v -0.031985865 -0.16739697 -0.0028125
v -0.031677645 -0.16729449 0.0028125
v -0.031176915 -0.1671456 -0.0028125
v -0.030906795 -0.16707171 0.0028125
v -0.03035169 -0.16696902 -0.0028125
v -0.030184185 -0.16692714 0.0028125
v -0.02950935 -0.16686216 -0.0028125
v -0.02950935 -0.16686216 0.0028125
v -0.02894877 -0.166868895 -0.0028125
v -0.02898348 -0.166860555 0.0028125
v -0.028429665 -0.16693041 0.0028125
v -0.02839233 -0.16693836 -0.0028125
v -0.027847635 -0.167069445 0.0028125
v -0.027839085 -0.167071635 -0.0028125
v -0.027302835 -0.16725441 -0.0028125
v -0.02723763 -0.167279715 0.0028125
v -0.02628999 -0.167743575 -0.0028125
v -0.026601405 -0.16757538 0.0028125
v -0.02593815 -0.167954595 0.0028125
v -0.025364565 -0.168343815 -0.0028125
v -0.0252528 -0.16842654 0.0028125
v -0.024486315 -0.16904322 -0.0028125
v -0.024544575 -0.16899345 0.0028125
v -0.023819175 -0.169656645 0.0028125
v -0.023598165 -0.16987623 -0.0028125
v -0.02308041 -0.17042049 0.0028125
v -0.022665315 -0.170886585 -0.0028125
v -0.022330545 -0.17128242 0.0028125
v -0.022181775 -0.171465315 -0.0028125
v -0.021690285 -0.172094355 -0.0028125
v -0.02158131 -0.172240545 0.0028125
v -0.021192465 -0.17277393 -0.0028125
v -0.02083032 -0.17329572 0.0028125
v -0.02069037 -0.173504655 -0.0028125
v -0.02018787 -0.17428602 -0.0028125
v -0.02009946 -0.174430125 0.0028125
v -0.019686405 -0.175117935 -0.0028125
v -0.019391895 -0.17564127 0.0028125
v -0.019191975 -0.17599989 -0.0028125
v -0.01870416 -0.17693193 -0.0028125
v -0.01870416 -0.17693193 0.0028125
v -0.018432075 -0.177519615 -0.0028125
v -0.018410955 -0.177589845 0.0028125
v -0.01825647 -0.17819211 -0.0028125
v -0.01824405 -0.17830332 0.0028125
v -0.01826097 -0.17893032 -0.0028125
v -0.018278265 -0.17903289 0.0028125
v -0.018347775 -0.179303085 -0.0028125
v -0.01850523 -0.179663595 -0.0028125
v -0.01852875 -0.1797147 0.0028125
v -0.018719685 -0.180003435 -0.0028125
v -0.018978855 -0.180296925 0.0028125
v -0.0189786 -0.18029526 -0.0028125
v -0.01959513 -0.180754845 -0.0028125
v -0.00458502 -0.155491035 0.0028125
v -0.00458502 -0.155491035 -0.0028125
v -0.004510095 -0.157960875 -0.0028125
v -0.00465963 -0.154858455 0.0028125
v -0.004510095 -0.157960875 0.0028125
v -0.00467271 -0.160411545 -0.0028125
v -0.00467271 -0.160411545 0.0028125
v -0.005074215 -0.162851205 -0.0028125
v -0.005074215 -0.162851205 0.0028125
v -0.005707395 -0.16523391 -0.0028125
v -0.005707395 -0.16523391 0.0028125
v -0.006571095 -0.167551395 -0.0028125
v -0.006571095 -0.167551395 0.0028125
v -0.007651635 -0.169767195 -0.0028125
v -0.007651635 -0.169767195 0.0028125
v -0.00894474 -0.17187453 -0.0028125
v -0.00894474 -0.17187453 0.0028125
v -0.010427145 -0.1738353 -0.0028125
v -0.010427145 -0.1738353 0.0028125
v -0.012102945 -0.175656345 -0.0028125
v -0.012102945 -0.175656345 0.0028125
v -0.01247334 -0.176004615 -0.0028125
v -0.01246242 -0.175994715 0.0028125
v -0.012914715 -0.176342625 0.0028125
v -0.01294212 -0.17636124 -0.0028125
v -0.013517835 -0.176644695 0.0028125
v -0.013569675 -0.17666271 -0.0028125
v -0.014247765 -0.17679423 0.0028125
v -0.014313105 -0.17679567 -0.0028125
v -0.01499487 -0.176705025 0.0028125
v -0.01506165 -0.176683005 -0.0028125
v -0.01567623 -0.17637837 0.0028125
v -0.01572447 -0.17634528 -0.0028125
v -0.01619343 -0.17592252 0.0028125
v -0.016223385 -0.175889565 -0.0028125
v -0.01654455 -0.175455315 0.0028125
v -0.016560765 -0.175430715 -0.0028125
v -0.016810905 -0.175013085 -0.0028125
v -0.016810905 -0.175013085 0.0028125
v -0.017333025 -0.17407557 -0.0028125
v -0.01757019 -0.17363454 0.0028125
v -0.01781526 -0.17316828 -0.0028125
v -0.0182559 -0.17229342 -0.0028125
v -0.01826067 -0.17228127 0.0028125
v -0.01865697 -0.17144838 -0.0028125
v -0.018883515 -0.17094933 0.0028125
v -0.01936938 -0.169812885 -0.0028125
v -0.01943811 -0.169640655 0.0028125
v -0.019975725 -0.168216615 -0.0028125
v -0.019916235 -0.16838364 0.0028125
v -0.020317215 -0.167176995 0.0028125
v -0.02048541 -0.166612485 -0.0028125
v -0.020642535 -0.166030575 0.0028125
v -0.020701725 -0.16579815 -0.0028125
v -0.020886165 -0.1649736 -0.0028125
v -0.020890785 -0.16495062 0.0028125
v -0.02103747 -0.164139855 -0.0028125
v -0.021065055 -0.163936545 0.0028125
v -0.02114136 -0.163297785 -0.0028125
v -0.021169425 -0.162994215 0.0028125
v -0.021201105 -0.16244619 -0.0028125
v -0.021203295 -0.16212219 0.0028125
v -0.021190155 -0.16159941 -0.0028125
v -0.02117697 -0.161320245 0.0028125
v -0.02110308 -0.160760295 -0.0028125
v -0.02109117 -0.16058832 0.0028125
v -0.02094444 -0.15992643 -0.0028125
v -0.02094444 -0.15992643 0.0028125
v -0.0207648 -0.159395355 -0.0028125
v -0.02078346 -0.15942579 0.0028125
v -0.020545905 -0.15892068 0.0028125
v -0.02052678 -0.15888762 -0.0028125
v -0.0202338 -0.158410095 0.0028125
v -0.020229075 -0.158402655 -0.0028125
v -0.019889535 -0.15794913 -0.0028125
v -0.019845315 -0.157894935 0.0028125
v -0.01911132 -0.157137015 -0.0028125
v -0.01936752 -0.157381215 0.0028125
v -0.0188019 -0.1568676 0.0028125
v -0.01825449 -0.15644235 -0.0028125
v -0.018141285 -0.156361635 0.0028125
v -0.01731792 -0.155823225 -0.0028125
v -0.017383275 -0.155863245 0.0028125
v -0.016528365 -0.155378295 0.0028125
v -0.01625124 -0.15523596 -0.0028125
v -0.015573615 -0.154911735 0.0028125
v -0.015002055 -0.15466098 -0.0028125
v -0.014522145 -0.154464915 0.0028125
v -0.014302245 -0.154379955 -0.0028125
v -0.013552095 -0.154106895 -0.0028125
v -0.013379385 -0.15404844 0.0028125
v -0.01275195 -0.153843435 -0.0028125
v -0.01214379 -0.15366027 0.0028125
v -0.01190184 -0.153591735 -0.0028125
v -0.01100343 -0.153355275 -0.0028125
v -0.01083906 -0.15331572 0.0028125
v -0.010057275 -0.15313542 -0.0028125
v -0.00946854 -0.15301707 0.0028125
v -0.0090657 -0.152937735 -0.0028125
v -0.00802854 -0.152761815 -0.0028125
v -0.00802854 -0.152761815 0.0028125
v -0.0076179 -0.152702925 -0.0028125
v -0.00734817 -0.15268644 0.0028125
v -0.007196025 -0.15268476 -0.0028125
v -0.00676782 -0.15271305 -0.0028125
v -0.006587895 -0.15274599 0.0028125
v -0.00634908 -0.152811 -0.0028125
v -0.0062004 -0.15286632 0.0028125
v -0.005957985 -0.152974035 -0.0028125
v -0.00583371 -0.15304314 0.0028125
v -0.005604255 -0.15319995 -0.0028125
v -0.005513775 -0.15327774 0.0028125
v -0.005301705 -0.153483045 -0.0028125
v -0.005239875 -0.153554685 0.0028125
v -0.00505032 -0.153816255 -0.0028125
v -0.00485391 -0.15419052 0.0028125
v -0.00485238 -0.154194105 -0.0028125
v -0.00471558 -0.15460788 -0.0028125
v -0.004627425 -0.15504168 -0.0028125
v -0.024056985 -0.132708105 0.0028125
v -0.024056985 -0.132708105 -0.0028125
v -0.02168616 -0.133399605 -0.0028125
v -0.02445996 -0.132616095 0.0028125
v -0.02168616 -0.133399605 0.0028125
v -0.019406595 -0.13431102 -0.0028125
v -0.019406595 -0.13431102 0.0028125
v -0.017211015 -0.1354461 -0.0028125
v -0.017211015 -0.1354461 0.0028125
v -0.01514025 -0.13678458 -0.0028125
v -0.01514025 -0.13678458 0.0028125
v -0.013201665 -0.138322965 -0.0028125
v -0.013201665 -0.138322965 0.0028125
v -0.011427045 -0.14003643 -0.0028125
v -0.011427045 -0.14003643 0.0028125
v -0.00982158 -0.14191857 -0.0028125
v -0.00982158 -0.14191857 0.0028125
v -0.008414955 -0.143934195 -0.0028125
v -0.008414955 -0.143934195 0.0028125
v -0.0072018 -0.1460895 -0.0028125
v -0.0072018 -0.1460895 0.0028125
v -0.00695349 -0.1466253 -0.0028125
v -0.007019985 -0.14646912 0.0028125
v -0.006848775 -0.14690877 0.0028125
v -0.00675345 -0.14726763 -0.0028125
v -0.00672387 -0.14744676 0.0028125
v -0.006704865 -0.14763738 -0.0028125
v -0.00670617 -0.14803215 -0.0028125
v -0.006711405 -0.148094235 0.0028125
v -0.006770805 -0.14843355 -0.0028125
v -0.00688995 -0.148787955 0.0028125
v -0.00690315 -0.14881575 -0.0028125
v -0.007072395 -0.14912577 0.0028125
v -0.007098465 -0.14916423 -0.0028125
v -0.007322715 -0.149440305 0.0028125
v -0.007337625 -0.14945577 -0.0028125
v -0.00762369 -0.14971398 0.0028125
v -0.007854105 -0.14987493 -0.0028125
v -0.00795786 -0.149936475 0.0028125
v -0.008360415 -0.15012291 -0.0028125
v -0.00863775 -0.150215865 0.0028125
v -0.008834625 -0.15026988 -0.0028125
v -0.00926841 -0.15036825 -0.0028125
v -0.00926841 -0.15036825 0.0028125
v -0.010320975 -0.150575055 -0.0028125
v -0.010814115 -0.15066438 0.0028125
v -0.011332455 -0.15075327 -0.0028125
v -0.01230024 -0.150901935 -0.0028125
v -0.01231452 -0.15090291 0.0028125
v -0.013227465 -0.151022235 -0.0028125
v -0.01377375 -0.15108366 0.0028125
v -0.015002385 -0.15119439 -0.0028125
v -0.01518975 -0.15120672 0.0028125
v -0.01670754 -0.15127791 -0.0028125
v -0.01653297 -0.151273005 0.0028125
v -0.01780449 -0.15128148 0.0028125
v -0.018390795 -0.151267095 -0.0028125
v -0.018995325 -0.1512366 0.0028125
v -0.0192324 -0.151221255 -0.0028125
v -0.020073975 -0.15114189 -0.0028125
v -0.02009913 -0.151138995 0.0028125
v -0.02091414 -0.151028175 -0.0028125
v -0.021117435 -0.150991365 0.0028125
v -0.021747465 -0.150866775 -0.0028125
v -0.022045905 -0.150799425 0.0028125
v -0.02257611 -0.150660435 -0.0028125
v -0.022885695 -0.15056217 0.0028125
v -0.02337831 -0.15038832 -0.0028125
v -0.02364027 -0.15028932 0.0028125
v -0.02414973 -0.150046125 -0.0028125
v -0.024309855 -0.14998155 0.0028125
v -0.024894015 -0.149637465 -0.0028125
v -0.024894015 -0.149637465 0.0028125
v -0.025343565 -0.149302515 -0.0028125
v -0.02532039 -0.149329665 0.0028125
v -0.02572737 -0.14894763 0.0028125
v -0.0257529 -0.148919235 -0.0028125
v -0.02611653 -0.148493025 0.0028125
v -0.026122155 -0.14848623 -0.0028125
v -0.026448555 -0.148023165 -0.0028125
v -0.026486415 -0.14796435 0.0028125
v -0.02698044 -0.14703207 -0.0028125
v -0.026827365 -0.14735121 0.0028125
v -0.027141045 -0.146654565 0.0028125
v -0.02737632 -0.146002515 -0.0028125
v -0.02741811 -0.145869915 0.0028125
v -0.02767572 -0.144920475 -0.0028125
v -0.027657855 -0.14499498 0.0028125
v -0.027854895 -0.144032085 0.0028125
v -0.02790462 -0.143724525 -0.0028125
v -0.02800359 -0.14297988 0.0028125
v -0.02806545 -0.142358805 -0.0028125
v -0.028103625 -0.1418418 0.0028125
v -0.028116465 -0.14160639 -0.0028125
v -0.02814435 -0.140808585 -0.0028125
v -0.02814657 -0.14062626 0.0028125
v -0.02814765 -0.139966185 -0.0028125
v -0.02813394 -0.13933119 0.0028125
v -0.028124355 -0.13907991 -0.0028125
v -0.0280716 -0.1381524 -0.0028125
v -0.02805843 -0.137983845 0.0028125
v -0.02798832 -0.1371846 -0.0028125
v -0.02791896 -0.13658811 0.0028125
v -0.02786991 -0.13618047 -0.0028125
v -0.02771673 -0.135139725 -0.0028125
v -0.02771673 -0.135139725 0.0028125
v -0.02758173 -0.13448223 -0.0028125
v -0.027636705 -0.13469085 0.0028125
v -0.027512445 -0.13426374 0.0028125
v -0.027316935 -0.133817865 -0.0028125
v -0.027341355 -0.133862865 0.0028125
v -0.02711163 -0.13350405 0.0028125
v -0.026862555 -0.13322343 -0.0028125
v -0.02683236 -0.13319487 0.0028125
v -0.02656032 -0.13297947 -0.0028125
v -0.026506665 -0.132940245 0.0028125
v -0.0262194 -0.13278318 -0.0028125
v -0.026136315 -0.13274718 0.0028125
v -0.02584416 -0.132648525 -0.0028125
v -0.02573316 -0.13261893 0.0028125
v -0.025455675 -0.132570165 -0.0028125
v -0.02530698 -0.132556665 0.0028125
v -0.02470644 -0.132580305 -0.0028125
v -0.024878085 -0.13256364 0.0028125
v 0.03543978 -0.150205365 0.0028125
v 0.03543978 -0.150205365 -0.0028125
v 0.03328509 -0.148998165 -0.0028125
v 0.03581184 -0.15038625 0.0028125
v 0.033285105 -0.148998165 0.0028125
v 0.031268835 -0.147597165 -0.0028125
v 0.03126885 -0.14759718 0.0028125
v 0.029384805 -0.14599719 -0.0028125
v 0.029384805 -0.145997205 0.0028125
v 0.02766813 -0.144227055 -0.0028125
v 0.027668145 -0.144227055 0.0028125
v 0.026125245 -0.14229183 -0.0028125
v 0.02612526 -0.142291845 0.0028125
v 0.02478132 -0.140222355 -0.0028125
v 0.024781335 -0.140222355 0.0028125
v 0.023640105 -0.13802637 -0.0028125
v 0.023640105 -0.13802637 0.0028125
v 0.02272323 -0.13574655 -0.0028125
v 0.02272323 -0.13574655 0.0028125
v 0.022026765 -0.13337535 -0.0028125
v 0.022026765 -0.13337535 0.0028125
v 0.0219258 -0.13291446 -0.0028125
v 0.02192526 -0.13291155 0.0028125
v 0.021859815 -0.132395745 -0.0028125
v 0.021858825 -0.13237809 0.0028125
v 0.021881595 -0.131806755 -0.0028125
v 0.021889815 -0.1317546 0.0028125
v 0.02205756 -0.13115775 -0.0028125
v 0.02209176 -0.13108077 0.0028125
v 0.02223279 -0.13082217 -0.0028125
v 0.02246766 -0.13050657 -0.0028125
v 0.022502655 -0.1304688 0.0028125
v 0.02276319 -0.13023582 -0.0028125
v 0.022790025 -0.13021476 0.0028125
v 0.02309169 -0.130019595 -0.0028125
v 0.023112345 -0.13000887 0.0028125
v 0.023790495 -0.129756615 -0.0028125
v 0.023801025 -0.12975411 0.0028125
v 0.024437025 -0.129673875 -0.0028125
v 0.024437565 -0.129673815 0.0028125
v 0.025002915 -0.129671145 -0.0028125
v 0.025002915 -0.129671145 0.0028125
v 0.026074875 -0.129706425 -0.0028125
v 0.02657562 -0.129730305 0.0028125
v 0.027100455 -0.129760305 -0.0028125
v 0.028076865 -0.129833145 -0.0028125
v 0.02809122 -0.129835425 0.0028125
v 0.029007435 -0.12992451 -0.0028125
v 0.02955372 -0.12998757 0.0028125
v 0.030775635 -0.130156035 -0.0028125
v 0.03096111 -0.130186185 0.0028125
v 0.032455905 -0.130458225 -0.0028125
v 0.032284815 -0.13042377 0.0028125
v 0.033525645 -0.130701525 0.0028125
v 0.034093605 -0.130847415 -0.0028125
v 0.034675875 -0.131013135 0.0028125
v 0.034903335 -0.1310814 -0.0028125
v 0.035705505 -0.13134804 -0.0028125
v 0.03572943 -0.13135656 0.0028125
v 0.03649857 -0.131647845 -0.0028125
v 0.03668841 -0.13172946 0.0028125
v 0.037274235 -0.13199256 -0.0028125
v 0.03754992 -0.13212534 0.0028125
v 0.038035245 -0.132380025 -0.0028125
v 0.038314815 -0.132545415 0.0028125
v 0.03875568 -0.13282563 -0.0028125
v 0.038988675 -0.132981015 0.0028125
v 0.03943035 -0.133332585 -0.0028125
v 0.03957186 -0.13343154 0.0028125
v 0.040063635 -0.133898205 -0.0028125
v 0.040063635 -0.133898205 0.0028125
v 0.04042635 -0.13432575 -0.0028125
v 0.04040985 -0.13429404 0.0028125
v 0.04072047 -0.13475784 0.0028125
v 0.040738995 -0.134791305 -0.0028125
v 0.040997385 -0.135288345 0.0028125
v 0.041001375 -0.13529631 -0.0028125
v 0.041215245 -0.13582098 -0.0028125
v 0.041238885 -0.135886695 0.0028125
v 0.04151055 -0.13690641 -0.0028125
v 0.041433165 -0.136560825 0.0028125
v 0.041582085 -0.13731021 0.0028125
v 0.041664675 -0.13799871 -0.0028125
v 0.041675535 -0.1381371 0.0028125
v 0.04171296 -0.13912041 -0.0028125
v 0.04171233 -0.139043535 0.0028125
v 0.0416877 -0.140026125 0.0028125
v 0.041666955 -0.14033712 -0.0028125
v 0.04159587 -0.141084825 0.0028125
v 0.04151643 -0.14170389 -0.0028125
v 0.041437305 -0.142216275 0.0028125
v 0.041396895 -0.14244843 -0.0028125
v 0.0412446 -0.143232 -0.0028125
v 0.041205705 -0.143410365 0.0028125
v 0.04105833 -0.144053505 -0.0028125
v 0.040902015 -0.14466951 0.0028125
v 0.04083627 -0.144911805 -0.0028125
v 0.040576245 -0.145803645 -0.0028125
v 0.04052535 -0.14596533 0.0028125
v 0.040277385 -0.146727855 -0.0028125
v 0.040075515 -0.147293805 0.0028125
v 0.039936135 -0.147679635 -0.0028125
v 0.039552735 -0.14865936 -0.0028125
v 0.039552735 -0.14865936 0.0028125
v 0.039306735 -0.14920641 -0.0028125
v 0.03938313 -0.149059155 0.0028125
v 0.039175635 -0.14943645 0.0028125
v 0.038943795 -0.14976684 -0.0028125
v 0.038928195 -0.14978565 0.0028125
v 0.038391735 -0.15026922 -0.0028125
v 0.03863112 -0.150086565 0.0028125
v 0.03829392 -0.1503315 0.0028125
v 0.038039475 -0.1504608 -0.0028125
v 0.037920345 -0.150514875 0.0028125
v 0.037656195 -0.150597645 -0.0028125
v 0.03751359 -0.150628185 0.0028125
v 0.03725754 -0.150660885 -0.0028125
v 0.03708519 -0.150669075 0.0028125
v 0.036855975 -0.15066222 -0.0028125
v 0.036645345 -0.150637635 0.0028125
v 0.03646758 -0.150600915 -0.0028125
v 0.03621543 -0.15053298 0.0028125
v 0.036097065 -0.150495315 -0.0028125
v -0.069368715 -0.128359725 0.0028125
v -0.069368715 -0.128359725 -0.0028125
v -0.070555245 -0.127556385 -0.0028125
v -0.06875865 -0.12890607 0.0028125
v -0.070555215 -0.1275564 0.0028125
v -0.07185417 -0.126999045 0.0028125
v -0.071854215 -0.12699903 -0.0028125
v -0.07324713 -0.12669261 -0.0028125
v -0.07324713 -0.12669261 0.0028125
v -0.074672835 -0.126657225 -0.0028125
v -0.074672895 -0.126657225 0.0028125
v -0.07607319 -0.12688977 -0.0028125
v -0.07607334 -0.126889815 0.0028125
v -0.07741086 -0.12738405 -0.0028125
v -0.07741107 -0.127384155 0.0028125
v -0.078629835 -0.128124135 -0.0028125
v -0.078630105 -0.12812433 0.0028125
v -0.079682895 -0.12907611 -0.0028125
v -0.079683165 -0.12907641 0.0028125
v -0.0805419 -0.13021458 -0.0028125
v -0.080542125 -0.13021497 0.0028125
v -0.081168255 -0.13149603 -0.0028125
v -0.081168435 -0.131496555 0.0028125
v -0.081539655 -0.132859905 -0.0028125
v -0.08153976 -0.13286031 0.0028125
v -0.081648495 -0.134288595 -0.0028125
v -0.081648495 -0.134288595 0.0028125
v -0.081569355 -0.13548885 -0.0028125
v -0.081569985 -0.13548102 0.0028125
v -0.08150376 -0.136741155 0.0028125
v -0.08150382 -0.13675734 -0.0028125
v -0.081605655 -0.137963115 0.0028125
v -0.081609855 -0.13798608 -0.0028125
v -0.081937395 -0.13914972 0.0028125
v -0.08194728 -0.13917531 -0.0028125
v -0.082521435 -0.140325255 0.0028125
v -0.082535085 -0.140347245 -0.0028125
v -0.08292069 -0.140903685 0.0028125
v -0.08293446 -0.140921595 -0.0028125
v -0.08339856 -0.14147058 0.0028125
v -0.083410365 -0.141483435 -0.0028125
v -0.08395458 -0.142023885 0.0028125
v -0.083962455 -0.1420311 -0.0028125
v -0.084588345 -0.14255925 0.0028125
v -0.0845907 -0.14256123 -0.0028125
v -0.0852774 -0.14306604 -0.0028125
v -0.08528016 -0.143067975 0.0028125
v -0.086013255 -0.14354007 -0.0028125
v -0.086019555 -0.14354388 0.0028125
v -0.086758875 -0.143982555 -0.0028125
v -0.08676426 -0.14398572 0.0028125
v -0.087514275 -0.144393495 -0.0028125
v -0.087514275 -0.144393495 0.0028125
v -0.091923225 -0.146812335 -0.0028125
v -0.091923225 -0.146812335 0.0028125
v -0.096418725 -0.14929968 -0.0028125
v -0.096418725 -0.14929968 0.0028125
v -0.097808835 -0.150242985 -0.0028125
v -0.097808835 -0.150242985 0.0028125
v -0.098993145 -0.15140019 -0.0028125
v -0.098993145 -0.15140019 0.0028125
v -0.09996411 -0.152761245 -0.0028125
v -0.09996411 -0.152761245 0.0028125
v -0.1006746 -0.154269645 -0.0028125
v -0.1006746 -0.154269645 0.0028125
v -0.101107455 -0.15587499 -0.0028125
v -0.101107455 -0.15587499 0.0028125
v -0.101249685 -0.15754152 -0.0028125
v -0.101249685 -0.15754152 0.0028125
v -0.10109358 -0.159198645 -0.0028125
v -0.10109358 -0.159198645 0.0028125
v -0.100649175 -0.16080102 -0.0028125
v -0.100649175 -0.16080102 0.0028125
v -0.09992298 -0.16230756 -0.0028125
v -0.09992298 -0.16230756 0.0028125
v -0.098946405 -0.163653255 -0.0028125
v -0.098946405 -0.163653255 0.0028125
v -0.097747545 -0.164807505 -0.0028125
v -0.097747545 -0.164807505 0.0028125
v -0.09635568 -0.165734205 -0.0028125
v -0.09635568 -0.165734205 0.0028125
v -0.094830825 -0.1663956 -0.0028125
v -0.094830825 -0.1663956 0.0028125
v -0.09320892 -0.16677954 -0.0028125
v -0.09320892 -0.16677954 0.0028125
v -0.0915396 -0.166868145 -0.0028125
v -0.0915396 -0.166868145 0.0028125
v -0.0898974 -0.16666326 -0.0028125
v -0.0898974 -0.16666326 0.0028125
v -0.088295025 -0.166164555 -0.0028125
v -0.088295025 -0.166164555 0.0028125
v -0.086574 -0.16560231 -0.0028125
v -0.086713005 -0.16563513 0.0028125
v -0.085688145 -0.16540485 -0.0028125
v -0.08496837 -0.165289155 0.0028125
v -0.084783555 -0.165264495 -0.0028125
v -0.084034095 -0.16518459 0.0028125
v -0.0838743 -0.16517118 -0.0028125
v -0.083064225 -0.16512774 0.0028125
v -0.0829632 -0.16512408 -0.0028125
v -0.0820611 -0.165119325 0.0028125
v -0.08114541 -0.165150975 -0.0028125
v -0.08102259 -0.16515849 0.0028125
v -0.07934847 -0.165318195 -0.0028125
v -0.079952445 -0.1652475 0.0028125
v -0.078853095 -0.165387165 0.0028125
v -0.07758165 -0.16560381 -0.0028125
v -0.077722755 -0.165575985 0.0028125
v -0.07669308 -0.16578966 -0.0028125
v -0.07656348 -0.16581846 0.0028125
v -0.07580064 -0.166004235 -0.0028125
v -0.07537701 -0.16611729 0.0028125
v -0.07489176 -0.166251915 -0.0028125
v -0.074162055 -0.16646856 0.0028125
v -0.073966305 -0.166531335 -0.0028125
v -0.07302165 -0.166847235 -0.0028125
v -0.07292025 -0.16688076 0.0028125
v -0.07205178 -0.167204085 -0.0028125
v -0.07165077 -0.167362725 0.0028125
v -0.07105938 -0.16760076 -0.0028125
v -0.070343565 -0.167911635 0.0028125
v -0.070049505 -0.16804323 -0.0028125
v -0.069022905 -0.168527265 0.0028125
v -0.069020115 -0.168530295 -0.0028125
v -0.067978155 -0.1690662 -0.0028125
v -0.067713885 -0.16921257 0.0028125
v -0.066925485 -0.169654875 -0.0028125
v -0.066389385 -0.16997946 0.0028125
v -0.06586461 -0.17029476 -0.0028125
v -0.06508899 -0.17080428 0.0028125
v -0.064815225 -0.170986755 -0.0028125
v -0.063873255 -0.171655905 0.0028125
v -0.06377214 -0.17173098 -0.0028125
v -0.0627528 -0.17252676 -0.0028125
v -0.06273675 -0.17254149 0.0028125
v -0.06176358 -0.17337516 -0.0028125
v -0.061673325 -0.17345757 0.0028125
v -0.06080772 -0.17427426 -0.0028125
v -0.06069705 -0.174385965 0.0028125
v -0.059912175 -0.17521848 -0.0028125
v -0.059810055 -0.17532387 0.0028125
v -0.059074365 -0.176208345 -0.0028125
v -0.059008185 -0.176276715 0.0028125
v -0.05829147 -0.17724444 -0.0028125
v -0.05829147 -0.17724444 0.0028125
v -0.05638176 -0.17972958 -0.0028125
v -0.05638176 -0.17972958 0.0028125
v -0.054277785 -0.18201195 -0.0028125
v -0.054277785 -0.18201195 0.0028125
v -0.05197026 -0.18409878 -0.0028125
v -0.05197026 -0.18409878 0.0028125
v -0.049478505 -0.18597501 -0.0028125
v -0.049478505 -0.18597501 0.0028125
v -0.046836 -0.18761205 -0.0028125
v -0.046836 -0.18761205 0.0028125
v -0.04404609 -0.1890108 -0.0028125
v -0.04404609 -0.1890108 0.0028125
v -0.04115436 -0.190146285 -0.0028125
v -0.04115436 -0.190146285 0.0028125
v -0.03815844 -0.191020905 -0.0028125
v -0.03815844 -0.191020905 0.0028125
v -0.03511074 -0.191618805 -0.0028125
v -0.03511074 -0.191618805 0.0028125
v -0.03200664 -0.191940855 -0.0028125
v -0.03200664 -0.191940855 0.0028125
v -0.028900695 -0.191982105 -0.0028125
v -0.028900695 -0.191982105 0.0028125
v -0.025789875 -0.19174125 -0.0028125
v -0.025789875 -0.19174125 0.0028125
v -0.022725285 -0.191224095 -0.0028125
v -0.022725285 -0.191224095 0.0028125
v -0.01970922 -0.190428375 -0.0028125
v -0.01970922 -0.190428375 0.0028125
v -0.016785015 -0.18936867 -0.0028125
v -0.016785015 -0.18936867 0.0028125
v -0.013976955 -0.18805209 -0.0028125
v -0.013976955 -0.18805209 0.0028125
v -0.01127337 -0.18647523 -0.0028125
v -0.01127337 -0.18647523 0.0028125
v -0.010995675 -0.186295755 -0.0028125
v -0.010994895 -0.186295245 0.0028125
v -0.010684035 -0.18610119 -0.0028125
v -0.010677315 -0.186097125 0.0028125
v -0.01033278 -0.18590262 -0.0028125
v -0.01031094 -0.185891235 0.0028125
v -0.009924555 -0.18571419 -0.0028125
v -0.00987456 -0.185694585 0.0028125
v -0.00942933 -0.185553645 -0.0028125
v -0.00934134 -0.185532555 0.0028125
v -0.008812155 -0.185461095 -0.0028125
v -0.00868896 -0.18545961 0.0028125
v -0.008103885 -0.185550465 -0.0028125
v -0.00796353 -0.185600625 0.0028125
v -0.00776235 -0.185693925 -0.0028125
v -0.007620495 -0.18578055 0.0028125
v -0.00745578 -0.185908545 -0.0028125
v -0.007318065 -0.1860411 0.0028125
v -0.00698997 -0.186488835 -0.0028125
v -0.00707775 -0.18634125 0.0028125
v -0.006900435 -0.186668685 0.0028125
v -0.006732465 -0.187140495 -0.0028125
v -0.006694095 -0.18729798 0.0028125
v -0.00661872 -0.18775476 -0.0028125
v -0.00660714 -0.1878771 0.0028125
v -0.006593385 -0.188318535 -0.0028125
v -0.00659478 -0.18839922 0.0028125
v -0.00661803 -0.18883041 -0.0028125
v -0.006620835 -0.1888668 0.0028125
v -0.006659505 -0.18928977 -0.0028125
v -0.006659505 -0.18928977 0.0028125
v -0.00682122 -0.19084071 -0.0028125
v -0.00682122 -0.19084071 0.0028125
v -0.007000845 -0.1923705 -0.0028125
v -0.007000845 -0.1923705 0.0028125
v -0.007413855 -0.19536657 -0.0028125
v -0.007413855 -0.19536657 0.0028125
v -0.007491 -0.19685121 -0.0028125
v -0.007491 -0.19685121 0.0028125
v -0.00727968 -0.198300285 -0.0028125
v -0.00727968 -0.198300285 0.0028125
v -0.006786105 -0.19969356 -0.0028125
v -0.006786105 -0.19969356 0.0028125
v -0.00602706 -0.2009619 -0.0028125
v -0.00602706 -0.2009619 0.0028125
v -0.005040405 -0.202052355 -0.0028125
v -0.005040405 -0.202052355 0.0028125
v -0.00385446 -0.20293374 -0.0028125
v -0.00385446 -0.20293374 0.0028125
v -0.002518035 -0.20356356 -0.0028125
v -0.002518035 -0.20356356 0.0028125
v -0.00109173 -0.20391906 -0.0028125
v -0.00109173 -0.20391906 0.0028125
v 0.00038364 -0.203990175 -0.0028125
v 0.00038364 -0.203990175 0.0028125
v 0.00184392 -0.203768715 -0.0028125
v 0.00184392 -0.203768715 0.0028125
v 0.00322617 -0.2032695 -0.0028125
v 0.00322617 -0.2032695 0.0028125
v 0.00449088 -0.202506825 -0.0028125
v 0.00449088 -0.202506825 0.0028125
v 0.00558021 -0.201509535 -0.0028125
v 0.00558021 -0.201509535 0.0028125
v 0.00644679 -0.20033124 -0.0028125
v 0.00644679 -0.20033124 0.0028125
v 0.00707565 -0.198986985 -0.0028125
v 0.00707565 -0.198986985 0.0028125
v 0.00795567 -0.196549125 -0.0028125
v 0.00807531 -0.196222875 0.0028125
v 0.00884877 -0.19419759 -0.0028125
v 0.00910551 -0.193542555 0.0028125
v 0.009754515 -0.191933985 -0.0028125
v 0.01016625 -0.190946025 0.0028125
v 0.0106722 -0.189760785 -0.0028125
v 0.01125753 -0.1884333 0.0028125
v 0.011606685 -0.18766086 -0.0028125
v 0.012379965 -0.186004155 0.0028125
v 0.01255842 -0.18563067 -0.0028125
v 0.013529115 -0.183667395 -0.0028125
v 0.013535895 -0.183657945 0.0028125
v 0.01452447 -0.18175617 -0.0028125
v 0.014722365 -0.181395525 0.0028125
v 0.01554228 -0.17990133 -0.0028125
v 0.01593564 -0.17921799 0.0028125
v 0.016590855 -0.17809032 -0.0028125
v 0.017171985 -0.17712645 0.0028125
v 0.017672145 -0.1763184 -0.0028125
v 0.01843338 -0.175123215 0.0028125
v 0.018787485 -0.174586365 -0.0028125
v 0.019721685 -0.173207325 0.0028125
v 0.01994466 -0.17288739 -0.0028125
v 0.021032955 -0.17137497 0.0028125
v 0.02114178 -0.171222165 -0.0028125
v 0.022363245 -0.16962225 0.0028125
v 0.022382955 -0.169593165 -0.0028125
v 0.02366997 -0.167999475 -0.0028125
v 0.02370945 -0.16794615 0.0028125
v 0.02500233 -0.166443555 -0.0028125
v 0.025074 -0.16634907 0.0028125
v 0.026381925 -0.16493148 -0.0028125
v 0.026457585 -0.16483164 0.0028125
v 0.02780847 -0.16346241 -0.0028125
v 0.029281815 -0.162035745 -0.0028125
v 0.029281815 -0.162035745 0.0028125
v 0.030014055 -0.16138206 -0.0028125
v 0.029944665 -0.16143945 0.0028125
v 0.0307269 -0.160845045 0.0028125
v 0.030840915 -0.16077141 -0.0028125
v 0.031682925 -0.16031256 0.0028125
v 0.031838355 -0.16024596 -0.0028125
v 0.0322287 -0.16009983 0.0028125
v 0.032406585 -0.16004271 -0.0028125
v 0.032814195 -0.159938805 0.0028125
v 0.033016785 -0.159901515 -0.0028125
v 0.03344055 -0.159845235 0.0028125
v 0.033645675 -0.159827955 -0.0028125
v 0.03408804 -0.159819975 0.0028125
v 0.034283325 -0.159829215 -0.0028125
v 0.034740735 -0.159876735 0.0028125
v 0.034901355 -0.15989493 -0.0028125
v 0.03538818 -0.159992685 0.0028125
v 0.03549648 -0.16002057 -0.0028125
v 0.03601263 -0.160147275 0.0028125
v 0.036619995 -0.16034736 -0.0028125
v 0.036619995 -0.16034736 0.0028125
v 0.039702525 -0.161145765 -0.0028125
v 0.039702525 -0.161145765 0.0028125
v 0.04282182 -0.16165479 -0.0028125
v 0.04282182 -0.16165479 0.0028125
v 0.0459921 -0.161875005 -0.0028125
v 0.0459921 -0.161875005 0.0028125
v 0.04917078 -0.161804745 -0.0028125
v 0.04917078 -0.161804745 0.0028125
v 0.052328505 -0.161440215 -0.0028125
v 0.052328505 -0.161440215 0.0028125
v 0.0554397 -0.16078839 -0.0028125
v 0.0554397 -0.16078839 0.0028125
v 0.058477185 -0.159851205 -0.0028125
v 0.058477185 -0.159851205 0.0028125
v 0.0614163 -0.15864009 -0.0028125
v 0.0614163 -0.15864009 0.0028125
v 0.06423066 -0.1571619 -0.0028125
v 0.06423066 -0.1571619 0.0028125
v 0.066898125 -0.155432445 -0.0028125
v 0.066898125 -0.155432445 0.0028125
v 0.06939399 -0.153463245 -0.0028125
v 0.06939399 -0.153463245 0.0028125
v 0.071699385 -0.151273905 -0.0028125
v 0.071699385 -0.151273905 0.0028125
v 0.07379214 -0.148880265 -0.0028125
v 0.07379214 -0.148880265 0.0028125
v 0.07565724 -0.146305095 -0.0028125
v 0.07565724 -0.146305095 0.0028125
v 0.077275815 -0.143568 -0.0028125
v 0.077275815 -0.143568 0.0028125
v 0.078637275 -0.14069412 -0.0028125
v 0.078637275 -0.14069412 0.0028125
v 0.07972665 -0.137706225 -0.0028125
v 0.07972665 -0.137706225 0.0028125
v 0.080538105 -0.134630955 -0.0028125
v 0.080538105 -0.134630955 0.0028125
v 0.081061095 -0.131493405 -0.0028125
v 0.081061095 -0.131493405 0.0028125
v 0.08129478 -0.128320965 -0.0028125
v 0.08129478 -0.128320965 0.0028125
v 0.081233355 -0.125140425 -0.0028125
v 0.081233355 -0.125140425 0.0028125
v 0.080881125 -0.121978875 -0.0028125
v 0.080881125 -0.121978875 0.0028125
v 0.08023737 -0.11886372 -0.0028125
v 0.08023737 -0.11886372 0.0028125
v 0.07931127 -0.11582067 -0.0028125
v 0.07931127 -0.11582067 0.0028125
v 0.078112845 -0.11288892 -0.0028125
v 0.078112845 -0.11288892 0.0028125
v 0.076638765 -0.11005539 -0.0028125
v 0.076638765 -0.11005539 0.0028125
v 0.076526595 -0.109863 -0.0028125
v 0.076527285 -0.10986417 0.0028125
v 0.07640142 -0.109647165 -0.0028125
v 0.0764013 -0.10964691 0.0028125
v 0.07626633 -0.1094076 -0.0028125
v 0.07626309 -0.10940157 0.0028125
v 0.076123575 -0.10913808 -0.0028125
v 0.07611468 -0.109120275 0.0028125
v 0.075977475 -0.108830775 -0.0028125
v 0.075961335 -0.108793785 0.0028125
v 0.07583514 -0.108476595 -0.0028125
v 0.07581213 -0.10841172 0.0028125
v 0.075704985 -0.10806447 -0.0028125
v 0.075677445 -0.10796409 0.0028125
v 0.07560108 -0.10758282 -0.0028125
v 0.07558188 -0.10744407 0.0028125
v 0.075573975 -0.1070223 -0.0028125
v 0.07559076 -0.106852875 0.0028125
v 0.075712905 -0.106403925 -0.0028125
v 0.075797805 -0.106226925 0.0028125
v 0.076094295 -0.105848415 -0.0028125
v 0.076262085 -0.10570782 0.0028125
v 0.076685715 -0.105479445 -0.0028125
v 0.076883145 -0.10540746 0.0028125
v 0.077307135 -0.105318135 -0.0028125
v 0.077478 -0.10529814 0.0028125
v 0.07787043 -0.10528197 -0.0028125
v 0.078010425 -0.10528329 0.0028125
v 0.07838265 -0.105304575 -0.0028125
v 0.07849044 -0.105315435 0.0028125
v 0.07886127 -0.10536885 -0.0028125
v 0.078934665 -0.105382335 0.0028125
v 0.079301175 -0.10546128 -0.0028125
v 0.079342605 -0.10547133 0.0028125
v 0.07969812 -0.105563625 -0.0028125
v 0.07971462 -0.10556811 0.0028125
v 0.08005245 -0.10566255 -0.0028125
v 0.08005245 -0.10566255 0.0028125
v 0.08302464 -0.1065768 -0.0028125
v 0.08302464 -0.1065768 0.0028125
v 0.08553087 -0.10738959 -0.0028125
v 0.08553087 -0.10738959 0.0028125
v 0.087559005 -0.108113475 -0.0028125
v 0.087559005 -0.108113475 0.0028125
v 0.089145525 -0.108710865 -0.0028125
v 0.089145525 -0.108710865 0.0028125
v 0.090326955 -0.109144125 -0.0028125
v 0.090326955 -0.109144125 0.0028125
v 0.0910911 -0.109425825 -0.0028125
v 0.0910911 -0.109425825 0.0028125
v 0.092513415 -0.10971798 -0.0028125
v 0.092513415 -0.10971798 0.0028125
v 0.09394515 -0.109732665 -0.0028125
v 0.09394515 -0.109732665 0.0028125
v 0.095366595 -0.10947258 -0.0028125
v 0.095366595 -0.10947258 0.0028125
v 0.09671106 -0.108942915 -0.0028125
v 0.09671106 -0.108942915 0.0028125
v 0.097924065 -0.10817031 -0.0028125
v 0.097924065 -0.10817031 0.0028125
v 0.09897237 -0.10717593 -0.0028125
v 0.09897237 -0.10717593 0.0028125
v 0.099808935 -0.105997935 -0.0028125
v 0.099808935 -0.105997935 0.0028125
v 0.10040271 -0.1046883 -0.0028125
v 0.10040271 -0.1046883 0.0028125
v 0.100737465 -0.10328292 -0.0028125
v 0.100737465 -0.10328292 0.0028125
v 0.100794645 -0.101839395 -0.0028125
v 0.100794645 -0.101839395 0.0028125
v 0.100576605 -0.10041825 -0.0028125
v 0.100576605 -0.10041825 0.0028125
v 0.10008936 -0.09905835 -0.0028125
v 0.10008936 -0.09905835 0.0028125
v 0.099348825 -0.097818105 -0.0028125
v 0.099348825 -0.097818105 0.0028125
v 0.09839511 -0.09675114 -0.0028125
v 0.09839511 -0.09675114 0.0028125
v 0.097239195 -0.09587397 -0.0028125
v 0.097239195 -0.09587397 0.0028125
v 0.095542695 -0.094797225 -0.0028125
v 0.09518868 -0.094556475 0.0028125
v 0.09390564 -0.09369696 -0.0028125
v 0.09323439 -0.0932175 0.0028125
v 0.092328285 -0.092573295 -0.0028125
v 0.091376355 -0.09185703 0.0028125
v 0.0908121 -0.091426665 -0.0028125
v 0.08961585 -0.090474765 0.0028125
v 0.089352915 -0.09025575 -0.0028125
v 0.08795673 -0.089069685 0.0028125
v 0.08794713 -0.089059575 -0.0028125
v 0.08639043 -0.087643995 0.0028125
v 0.08529696 -0.086590575 -0.0028125
v 0.084906645 -0.086200335 0.0028125
v 0.082850265 -0.0840117 -0.0028125
v 0.083507325 -0.08474037 0.0028125
v 0.082194045 -0.08326242 0.0028125
v 0.08060016 -0.081314355 -0.0028125
v 0.08095596 -0.08176398 0.0028125
v 0.07978404 -0.08024301 0.0028125
v 0.078547305 -0.078494925 -0.0028125
v 0.078682335 -0.07870044 0.0028125
v 0.077652225 -0.07713657 0.0028125
v 0.076693695 -0.075551415 -0.0028125
v 0.076693695 -0.075551415 0.0028125
v 0.0759288 -0.07418646 -0.0028125
v 0.075912705 -0.074154735 0.0028125
v 0.075262935 -0.072866625 -0.0028125
v 0.075239475 -0.072817605 0.0028125
v 0.074696385 -0.07159068 -0.0028125
v 0.07467546 -0.07153977 0.0028125
v 0.07422816 -0.07036578 -0.0028125
v 0.07421304 -0.07032321 0.0028125
v 0.07385829 -0.069193275 -0.0028125
v 0.07385103 -0.069168525 0.0028125
v 0.073575285 -0.06807717 -0.0028125
v 0.073572645 -0.0680649 0.0028125
v 0.073376445 -0.06701478 -0.0028125
v 0.073375635 -0.06701001 0.0028125
v 0.073249185 -0.06599604 -0.0028125
v 0.07324911 -0.06599364 0.0028125
v 0.07318764 -0.06405648 -0.0028125
v 0.073187835 -0.064051755 0.0028125
v 0.073352265 -0.062170185 -0.0028125
v 0.07335321 -0.062163855 0.0028125
v 0.073741905 -0.06028401 -0.0028125
v 0.073742595 -0.060281175 0.0028125
v 0.074314185 -0.05841231 -0.0028125
v 0.07431489 -0.05841027 0.0028125
v 0.074958705 -0.056601465 -0.0028125
v 0.074958705 -0.05660148 0.0028125
v 0.07496061 -0.056596065 0
v 0.075852195 -0.053696175 -0.0028125
v 0.075852195 -0.053696175 0.0028125
v 0.07648461 -0.05075328 -0.0028125
v 0.07648461 -0.05075328 0.0028125
v 0.076856385 -0.04776264 -0.0028125
v 0.076856385 -0.04776264 0.0028125
v 0.076966695 -0.04474413 -0.0028125
v 0.076966695 -0.04474413 0.0028125
v 0.076812435 -0.041737755 -0.0028125
v 0.076812435 -0.041737755 0.0028125
v 0.076395405 -0.038743785 -0.0028125
v 0.076395405 -0.038743785 0.0028125
v 0.07572105 -0.035811315 -0.0028125
v 0.07572105 -0.035811315 0.0028125
v 0.074789115 -0.032935845 -0.0028125
v 0.074789115 -0.032935845 0.0028125
v 0.073615095 -0.030165315 -0.0028125
v 0.073615095 -0.030165315 0.0028125
v 0.07219662 -0.027495915 -0.0028125
v 0.07219662 -0.027495915 0.0028125
v 0.070558035 -0.02497059 -0.0028125
v 0.070558035 -0.02497059 0.0028125
v 0.068697885 -0.02259051 -0.0028125
v 0.068697885 -0.02259051 0.0028125
v 0.066642795 -0.02038671 -0.0028125
v 0.066642795 -0.02038671 0.0028125
v 0.06440538 -0.018375 -0.0028125
v 0.06440538 -0.018375 0.0028125
v 0.061979175 -0.01654728 -0.0028125
v 0.061979175 -0.01654728 0.0028125
v 0.05951163 -0.014894205 -0.0028125
v 0.05951163 -0.014894205 0.0028125
v 0.057111345 -0.013244055 -0.0028125
v 0.057111345 -0.013244055 0.0028125
v 0.054778335 -0.011596845 -0.0028125
v 0.054778335 -0.011596845 0.0028125
v 0.0525126 -0.00995256 -0.0028125
v 0.0525126 -0.00995256 0.0028125
v 0.0503133 -0.00831168 -0.0028125
v 0.0503133 -0.00831168 0.0028125
v 0.048172455 -0.006678585 -0.0028125
v 0.048172455 -0.006678585 0.0028125
v 0.04609653 -0.005049705 -0.0028125
v 0.04609653 -0.005049705 0.0028125
v 0.04409616 -0.00341922 -0.0028125
v 0.04409616 -0.00341922 0.0028125
v 0.042181965 -0.00178128 -0.0028125
v 0.042181965 -0.00178128 0.0028125
v 0.040360395 -0.000132345 -0.0028125
v 0.040360395 -0.000132345 0.0028125
v 0.038623515 0.001523205 -0.0028125
v 0.038623515 0.001523205 0.0028125
v 0.03697044 0.00318492 -0.0028125
v 0.03697044 0.00318492 0.0028125
v 0.03391578 0.0065268 -0.0028125
v 0.03391578 0.0065268 0.0028125
v 0.03293229 0.00748233 -0.0028125
v 0.03293229 0.00748233 0.0028125
v 0.03180513 0.00823584 -0.0028125
v 0.03180513 0.00823584 0.0028125
v 0.03055809 0.008775345 -0.0028125
v 0.03055809 0.008775345 0.0028125
v 0.029228955 0.009081345 -0.0028125
v 0.029228955 0.009081345 0.0028125
v 0.027871425 0.00914133 -0.0028125
v 0.027871425 0.00914133 0.0028125
v 0.026529945 0.00895728 -0.0028125
v 0.026529945 0.00895728 0.0028125
v 0.02523237 0.0085302 -0.0028125
v 0.02523237 0.0085302 0.0028125
v 0.024130605 0.008115375 -0.0028125
v 0.02344083 0.007898505 0.0028125
v 0.023007555 0.007766385 -0.0028125
v 0.02248209 0.007636275 0.0028125
v 0.02185968 0.0074877 -0.0028125
v 0.021481245 0.007409745 0.0028125
v 0.020697615 0.007265925 -0.0028125
v 0.02043753 0.00721878 0.0028125
v 0.019530885 0.00708948 -0.0028125
v 0.019352175 0.007063605 0.0028125
v 0.018359355 0.006957525 -0.0028125
v 0.0182268 0.006944535 0.0028125
v 0.017185935 0.00686556 -0.0028125
v 0.0170628 0.006858795 0.0028125
v 0.016011105 0.00681294 -0.0028125
v 0.015859455 0.0068055 0.0028125
v 0.014839335 0.00679716 -0.0028125
v 0.014615085 0.00679416 0.0028125
v 0.01366155 0.0068193 -0.0028125
v 0.0133278 0.006833835 0.0028125
v 0.012472485 0.00687798 -0.0028125
v 0.01199241 0.00691398 0.0028125
v 0.011265315 0.00697797 -0.0028125
v 0.010614975 0.007041915 0.0028125
v 0.010033725 0.00712068 -0.0028125
v 0.00920592 0.007237005 0.0028125
v 0.008770725 0.007314675 -0.0028125
v 0.007773045 0.007513725 0.0028125
v 0.007467435 0.00756444 -0.0028125
v 0.006311535 0.007863135 0.0028125
v 0.006123075 0.007883565 -0.0028125
v 0.004820475 0.00828357 0.0028125
v 0.00473343 0.00828897 -0.0028125
v 0.00329991 0.00877503 -0.0028125
v 0.00329991 0.00877503 0.0028125
v 0.001701525 0.00921813 -0.0028125
v 0.001701525 0.00921813 0.0028125
v 8.025e-05 0.009373995 -0.0028125
v 8.025e-05 0.009373995 0.0028125
v -0.00156765 0.00924234 -0.0028125
v -0.00156765 0.00924234 0.0028125
v -0.00315405 0.008826945 -0.0028125
v -0.00315405 0.008826945 0.0028125
v -0.00465138 0.008139735 -0.0028125
v -0.00465138 0.008139735 0.0028125
v -0.006003585 0.00719859 -0.0028125
v -0.006003585 0.00719859 0.0028125
v -0.00716685 0.00604272 -0.0028125
v -0.00716685 0.00604272 0.0028125
v -0.00811689 0.00468981 -0.0028125
v -0.00811689 0.00468981 0.0028125
v -0.008809215 0.00320322 -0.0028125
v -0.008809215 0.00320322 0.0028125
v -0.00923541 0.001611795 -0.0028125
v -0.00923541 0.001611795 0.0028125
v -0.00937347 -2.9925e-05 -0.0028125
v -0.00937347 -2.9925e-05 0.0028125
v -0.00922563 -0.00166314 -0.0028125
v -0.00922563 -0.00166314 0.0028125
v -0.008790015 -0.003257895 -0.0028125
v -0.008790015 -0.003257895 0.0028125
v -0.00809298 -0.004729995 -0.0028125
v -0.00809298 -0.004729995 0.0028125
v -0.007133535 -0.00608304 -0.0028125
v -0.007133535 -0.00608304 0.0028125
v -0.005163825 -0.00857271 -0.0028125
v -0.005163825 -0.00857271 0.0028125
v -0.00423324 -0.009916455 -0.0028125
v -0.00423324 -0.009916455 0.0028125
v -0.00333885 -0.011326155 -0.0028125
v -0.00333885 -0.011326155 0.0028125
v -0.00248082 -0.01280118 -0.0028125
v -0.00248082 -0.01280118 0.0028125
v -0.00165948 -0.01434009 -0.0028125
v -0.00165948 -0.01434009 0.0028125
v -0.000874245 -0.015945315 -0.0028125
v -0.000874245 -0.015945315 0.0028125
v -0.000124395 -0.017619645 -0.0028125
v -0.000124395 -0.017619645 0.0028125
v 0.00059052 -0.01936578 -0.0028125
v 0.00059052 -0.01936578 0.0028125
v 0.00126405 -0.021184035 -0.0028125
v 0.00126405 -0.021184035 0.0028125
v 0.001900005 -0.0230727 -0.0028125
v 0.001900005 -0.0230727 0.0028125
v 0.00250752 -0.02503029 -0.0028125
v 0.00250752 -0.02503029 0.0028125
v 0.0030957 -0.02705532 -0.0028125
v 0.0030957 -0.02705532 0.0028125
v 0.003659835 -0.029148 -0.0028125
v 0.003659835 -0.029148 0.0028125
v 0.004187865 -0.03130989 -0.0028125
v 0.004187865 -0.03130989 0.0028125
v 0.004701795 -0.033538875 -0.0028125
v 0.004701795 -0.033538875 0.0028125
v 0.00522456 -0.03583278 -0.0028125
v 0.00522456 -0.03583278 0.0028125
v 0.005776155 -0.038189685 -0.0028125
v 0.005776155 -0.038189685 0.0028125
v 0.006344865 -0.040610715 -0.0028125
v 0.006344865 -0.040610715 0.0028125
v 0.00692547 -0.04309635 -0.0028125
v 0.00692547 -0.04309635 0.0028125
v 0.007517955 -0.04564662 -0.0028125
v 0.007517955 -0.04564662 0.0028125
v 0.008122335 -0.04826151 -0.0028125
v 0.008122335 -0.04826151 0.0028125
v 0.008648265 -0.05023902 -0.0028125
v 0.008648265 -0.05023902 0.0028125
v 0.009155595 -0.052175565 -0.0028125
v 0.009155595 -0.052175565 0.0028125
v 0.00964431 -0.054071145 -0.0028125
v 0.00964431 -0.054071145 0.0028125
v 0.010114395 -0.05592576 -0.0028125
v 0.010114395 -0.05592576 0.0028125
v 0.010565865 -0.05773941 -0.0028125
v 0.010565865 -0.05773941 0.0028125
v 0.010999845 -0.059512335 -0.0028125
v 0.010999845 -0.059512335 0.0028125
v 0.01141845 -0.061244955 -0.0028125
v 0.01141845 -0.061244955 0.0028125
v 0.0118188 -0.06293667 -0.0028125
v 0.0118188 -0.06293667 0.0028125
v 0.01219767 -0.06458685 -0.0028125
v 0.01219767 -0.06458685 0.0028125
v 0.012551805 -0.06619482 -0.0028125
v 0.012551805 -0.06619482 0.0028125
v 0.01287834 -0.06776001 -0.0028125
v 0.01287834 -0.06776001 0.0028125
v 0.01317939 -0.069282825 -0.0028125
v 0.01317939 -0.069282825 0.0028125
v 0.01345608 -0.07076349 -0.0028125
v 0.01345608 -0.07076349 0.0028125
v 0.01370841 -0.072202035 -0.0028125
v 0.01370841 -0.072202035 0.0028125
v 0.01393638 -0.07359846 -0.0028125
v 0.01393638 -0.07359846 0.0028125
v 0.01413999 -0.074952735 -0.0028125
v 0.01413999 -0.074952735 0.0028125
v 0.01425012 -0.07576962 -0.0028125
v 0.01424514 -0.07573005 0.0028125
v 0.014321385 -0.0764724 0.0028125
v 0.014327715 -0.076545975 -0.0028125
v 0.01437009 -0.07717884 0.0028125
v 0.014374095 -0.07728144 -0.0028125
v 0.0143814 -0.077856075 0.0028125
v 0.01437897 -0.07797936 -0.0028125
v 0.01427589 -0.07913877 0.0028125
v 0.01425705 -0.079255185 -0.0028125
v 0.01395399 -0.08036412 0.0028125
v 0.01392657 -0.080436555 -0.0028125
v 0.01338597 -0.081522225 0.0028125
v 0.013351395 -0.08157645 -0.0028125
v 0.01261107 -0.082557585 0.0028125
v 0.01258491 -0.08258868 -0.0028125
v 0.011830035 -0.083479155 -0.0028125
v 0.011830035 -0.083479155 0.0028125
v 0.01110213 -0.08459208 -0.0028125
v 0.011101785 -0.084592725 0.0028125
v 0.0105837 -0.085811895 -0.0028125
v 0.01058328 -0.085813215 0.0028125
v 0.01028799 -0.087103725 -0.0028125
v 0.010287765 -0.08710551 0.0028125
v 0.010224255 -0.08842839 -0.0028125
v 0.010224315 -0.08843007 0.0028125
v 0.01039503 -0.089745255 -0.0028125
v 0.010395225 -0.0897462 0.0028125
v 0.010797375 -0.091015935 -0.0028125
v 0.010797375 -0.091015935 0.0028125
v 0.011143245 -0.091764225 -0.0028125
v 0.01130634 -0.092064765 0.0028125
v 0.01151709 -0.092545065 -0.0028125
v 0.01179648 -0.09322737 0.0028125
v 0.011876805 -0.093448635 -0.0028125
v 0.01212375 -0.094515165 0.0028125
v 0.01213077 -0.094530645 -0.0028125
v 0.012185775 -0.0952077 0.0028125
v 0.012184515 -0.0957783 -0.0028125
v 0.01217724 -0.095897445 0.0028125
v 0.012117345 -0.09645078 -0.0028125
v 0.01209159 -0.09659019 0.0028125
v 0.01197984 -0.097150935 -0.0028125
v 0.01194699 -0.09727017 0.0028125
v 0.011763795 -0.09788217 -0.0028125
v 0.01151469 -0.098532915 0.0028125
v 0.011467155 -0.09864495 -0.0028125
v 0.011092365 -0.09943734 -0.0028125
v 0.0109554 -0.099703305 0.0028125
v 0.01064154 -0.100256355 -0.0028125
v 0.010297905 -0.100820895 0.0028125
v 0.010125645 -0.10108665 -0.0028125
v 0.00954282 -0.10193085 -0.0028125
v 0.00954282 -0.10193085 0.0028125
v 0.00880233 -0.102932715 -0.0028125
v 0.00880233 -0.102932715 0.0028125
v 0.007973805 -0.103933245 -0.0028125
v 0.007973805 -0.103933245 0.0028125
v 0.00705726 -0.10493241 -0.0028125
v 0.00705726 -0.10493241 0.0028125
v 0.006053235 -0.10593048 -0.0028125
v 0.006053235 -0.10593048 0.0028125
v 0.004967715 -0.10693038 -0.0028125
v 0.004967715 -0.10693038 0.0028125
v 0.003793635 -0.107928645 -0.0028125
v 0.003793635 -0.107928645 0.0028125
v 0.002956095 -0.10859055 -0.0028125
v 0.002956095 -0.10859055 0.0028125
v 0.002070795 -0.109247625 -0.0028125
v 0.002070795 -0.109247625 0.0028125
v 0.001135395 -0.10990155 -0.0028125
v 0.001135395 -0.10990155 0.0028125
v 0.0001518 -0.110555205 -0.0028125
v 0.0001518 -0.110555205 0.0028125
v -0.00087717 -0.111205215 -0.0028125
v -0.00087717 -0.111205215 0.0028125
v -0.001948695 -0.111848115 -0.0028125
v -0.001948695 -0.111848115 0.0028125
v -0.003059955 -0.11248044 -0.0028125
v -0.003059955 -0.11248044 0.0028125
v -0.004208805 -0.11309913 -0.0028125
v -0.004208805 -0.11309913 0.0028125
v -0.00540312 -0.113708235 -0.0028125
v -0.00540312 -0.113708235 0.0028125
v -0.00664116 -0.11430834 -0.0028125
v -0.00664116 -0.11430834 0.0028125
v -0.007916655 -0.114897555 -0.0028125
v -0.007916655 -0.114897555 0.0028125
v -0.00922335 -0.115474005 -0.0028125
v -0.00922335 -0.115474005 0.0028125
v -0.010555005 -0.11603583 -0.0028125
v -0.010555005 -0.11603583 0.0028125
v -0.011909745 -0.11658177 -0.0028125
v -0.011909745 -0.11658177 0.0028125
v -0.013295265 -0.117113025 -0.0028125
v -0.013295265 -0.117113025 0.0028125
v -0.0154269 -0.11788452 -0.0028125
v -0.0154269 -0.11788452 0.0028125
v -0.01761501 -0.11862834 -0.0028125
v -0.01761501 -0.11862834 0.0028125
v -0.01985145 -0.1193466 -0.0028125
v -0.01985145 -0.1193466 0.0028125
v -0.022136145 -0.12003522 -0.0028125
v -0.022136145 -0.12003522 0.0028125
v -0.024475755 -0.120698385 -0.0028125
v -0.024475755 -0.120698385 0.0028125
v -0.02687706 -0.12134223 -0.0028125
v -0.02687706 -0.12134223 0.0028125
v -0.02934426 -0.12197061 -0.0028125
v -0.02934426 -0.12197061 0.0028125
v -0.03187377 -0.12258024 -0.0028125
v -0.03187377 -0.12258024 0.0028125
v -0.034465305 -0.12317085 -0.0028125
v -0.034465305 -0.12317085 0.0028125
v -0.037118835 -0.12374244 -0.0028125
v -0.037118835 -0.12374244 0.0028125
v -0.042154485 -0.124924245 -0.0028125
v -0.042154485 -0.124924245 0.0028125
v -0.047324565 -0.12638448 -0.0028125
v -0.047324565 -0.12638448 0.0028125
v -0.049959975 -0.127219815 -0.0028125
v -0.049959975 -0.127219815 0.0028125
v -0.052628805 -0.128127255 -0.0028125
v -0.052628805 -0.128127255 0.0028125
v -0.055331115 -0.129106245 -0.0028125
v -0.055331115 -0.129106245 0.0028125
v -0.058066905 -0.13015674 -0.0028125
v -0.058066905 -0.13015674 0.0028125
v -0.059321265 -0.130639755 -0.0028125
v -0.059334255 -0.13064445 0.0028125
v -0.06001296 -0.13087593 -0.0028125
v -0.06002703 -0.13088037 0.0028125
v -0.06073599 -0.131088795 -0.0028125
v -0.06074799 -0.131091975 0.0028125
v -0.06148314 -0.131261715 -0.0028125
v -0.061489935 -0.13126314 0.0028125
v -0.06224094 -0.13138521 -0.0028125
v -0.062240715 -0.13138518 0.0028125
v -0.062988885 -0.131444805 0.0028125
v -0.062996895 -0.131444955 -0.0028125
v -0.063725025 -0.13143969 0.0028125
v -0.063740685 -0.131438775 -0.0028125
v -0.064462965 -0.13135521 -0.0028125
v -0.065121615 -0.131215125 0.0028125
v -0.065148345 -0.131207865 -0.0028125
v -0.06632511 -0.13076484 0.0028125
v -0.066352845 -0.13075119 -0.0028125
v -0.06729498 -0.130178775 0.0028125
v -0.067315005 -0.13016412 -0.0028125
v -0.06808389 -0.1295319 0.0028125
v -0.068096295 -0.12952077 -0.0028125
v -0.068764635 -0.12890046 -0.0028125
v -0.08566407 -0.1575 0.0028125
v -0.08566407 -0.1575 -0.0028125
v -0.08570097 -0.15768168 -0.0028125
v -0.08570097 -0.15731832 0.0028125
v -0.08570097 -0.15768168 0.0028125
v -0.085801935 -0.157830885 -0.0028125
v -0.085801935 -0.157830885 0.0028125
v -0.085952625 -0.15793224 -0.0028125
v -0.085952625 -0.15793224 0.0028125
v -0.08613282 -0.15796875 -0.0028125
v -0.08613282 -0.15796875 0.0028125
v -0.086313 -0.15793224 -0.0028125
v -0.086313 -0.15793224 0.0028125
v -0.08646369 -0.157830885 -0.0028125
v -0.08646369 -0.157830885 0.0028125
v -0.086564655 -0.15768168 -0.0028125
v -0.086564655 -0.15768168 0.0028125
v -0.08660157 -0.1575 -0.0028125
v -0.08660157 -0.1575 0.0028125
v -0.086564655 -0.15731832 -0.0028125
v -0.086564655 -0.15731832 0.0028125
v -0.08646369 -0.157169115 -0.0028125
v -0.08646369 -0.157169115 0.0028125
v -0.086313 -0.15706776 -0.0028125
v -0.086313 -0.15706776 0.0028125
v -0.08613282 -0.15703125 -0.0028125
v -0.08613282 -0.15703125 0.0028125
v -0.085952625 -0.15706776 -0.0028125
v -0.085952625 -0.15706776 0.0028125
v -0.085801935 -0.157169115 -0.0028125
v -0.085801935 -0.157169115 0.0028125
v -0.08570097 -0.15731832 -0.0028125
v -0.09140625 -0.15175782 0.0028125
v -0.09140625 -0.15175782 -0.0028125
v -0.09144315 -0.151939485 -0.0028125
v -0.09144315 -0.15157614 0.0028125
v -0.09144315 -0.151939485 0.0028125
v -0.091544115 -0.152088705 -0.0028125
v -0.091544115 -0.152088705 0.0028125
v -0.091694805 -0.15219006 -0.0028125
v -0.091694805 -0.15219006 0.0028125
v -0.091875 -0.15222657 -0.0028125
v -0.091875 -0.15222657 0.0028125
v -0.092055195 -0.15219006 -0.0028125
v -0.092055195 -0.15219006 0.0028125
v -0.092205885 -0.152088705 -0.0028125
v -0.092205885 -0.152088705 0.0028125
v -0.09230685 -0.151939485 -0.0028125
v -0.09230685 -0.151939485 0.0028125
v -0.09234375 -0.15175782 -0.0028125
v -0.09234375 -0.15175782 0.0028125
v -0.09230685 -0.15157614 -0.0028125
v -0.09230685 -0.15157614 0.0028125
v -0.092205885 -0.15142692 -0.0028125
v -0.092205885 -0.15142692 0.0028125
v -0.092055195 -0.151325565 -0.0028125
v -0.092055195 -0.151325565 0.0028125
v -0.091875 -0.15128907 -0.0028125
v -0.091875 -0.15128907 0.0028125
v -0.091694805 -0.151325565 -0.0028125
v -0.091694805 -0.151325565 0.0028125
v -0.091544115 -0.15142692 -0.0028125
v -0.091544115 -0.15142692 0.0028125
v -0.09144315 -0.15157614 -0.0028125
v -0.081648495 -0.134288595 0.0028125
v -0.07587951 -0.134862225 0.0028125
v -0.076024995 -0.134138055 0.0028125
v -0.081569985 -0.13548102 0.0028125
v -0.07587951 -0.133413885 0.0028125
v -0.08153976 -0.13286031 0.0028125
v -0.075469095 -0.132805545 0.0028125
v -0.074863155 -0.13240398 0.0028125
v -0.074149995 -0.132263055 0.0028125
v -0.081168435 -0.131496555 0.0028125
v -0.03279447 -0.132211335 0.0028125
v -0.03333051 -0.132230385 0.0028125
v -0.00742644 -0.131410155 0.0028125
v -0.03218835 -0.13229418 0.0028125
v -0.062988885 -0.131444805 0.0028125
v -0.063725025 -0.13143969 0.0028125
v -0.062240715 -0.13138518 0.0028125
v -0.00936084 -0.129854475 0.0028125
v -0.061489935 -0.13126314 0.0028125
v -0.06074799 -0.131091975 0.0028125
v -0.06002703 -0.13088037 0.0028125
v -0.059334255 -0.13064445 0.0028125
v -0.058066905 -0.13015674 0.0028125
v -0.009643665 -0.12964293 0.0028125
v -0.00995661 -0.129393975 0.0028125
v -0.055331115 -0.129106245 0.0028125
v -0.01029252 -0.12908193 0.0028125
v -0.01063719 -0.128657235 0.0028125
v -0.052628805 -0.128127255 0.0028125
v -0.010941015 -0.128065815 0.0028125
v -0.03 -0.12796875 0.0028125
v -0.011089995 -0.12732549 0.0028125
v -0.030180195 -0.12793224 0.0028125
v -0.030330885 -0.127830885 0.0028125
v -0.03043185 -0.12768168 0.0028125
v -0.03046875 -0.1275 0.0028125
v -0.03043185 -0.12731832 0.0028125
v -0.049959975 -0.127219815 0.0028125
v -0.030330885 -0.127169115 0.0028125
v -0.030180195 -0.12706776 0.0028125
v -0.03 -0.12703125 0.0028125
v -0.010961085 -0.1265886 0.0028125
v -0.029819805 -0.12706776 0.0028125
v -0.047324565 -0.12638448 0.0028125
v -0.010615365 -0.125971845 0.0028125
v -0.010211535 -0.125535225 0.0028125
v -0.009815835 -0.125236335 0.0028125
v -0.009448995 -0.12502332 0.0028125
v -0.042154485 -0.124924245 0.0028125
v -0.009109275 -0.124856565 0.0028125
v -0.008799915 -0.12471597 0.0028125
v -0.037118835 -0.12374244 0.0028125
v -0.005229285 -0.12297543 0.0028125
v -0.034465305 -0.12317085 0.0028125
v -0.03187377 -0.12258024 0.0028125
v -0.00173643 -0.121065855 0.0028125
v -0.02934426 -0.12197061 0.0028125
v -0.02687706 -0.12134223 0.0028125
v -0.024475755 -0.120698385 0.0028125
v -1.917e-05 -0.1200477 0.0028125
v -0.022136145 -0.12003522 0.0028125
v 0.001678635 -0.11898726 0.0028125
v -0.01985145 -0.1193466 0.0028125
v 0.001926885 -0.11883147 0.0028125
v 0.002195655 -0.11866479 0.0028125
v -0.01761501 -0.11862834 0.0028125
v 0.00246129 -0.11850453 0.0028125
v 0.002732535 -0.118347795 0.0028125
v 0.003022485 -0.118187955 0.0028125
v 0.00334311 -0.11801964 0.0028125
v -0.0154269 -0.11788452 0.0028125
v 0.00370572 -0.117841485 0.0028125
v 0.004123065 -0.117654285 0.0028125
v 0.004602405 -0.11746683 0.0028125
v 0.00515679 -0.117299295 0.0028125
v 0.005465925 -0.11723577 0.0028125
v 0.00579957 -0.11719104 0.0028125
v -0.013295265 -0.117113025 0.0028125
v 0.00613146 -0.11718996 0.0028125
v 0.0237261 -0.11656089 0.0028125
v 0.00645516 -0.11723721 0.0028125
v 0.01900821 -0.116576115 0.0028125
v 0.019188405 -0.116539605 0.0028125
v -0.011909745 -0.11658177 0.0028125
v 0.018828015 -0.116539605 0.0028125
v 0.018677325 -0.11643825 0.0028125
v 0.018576375 -0.116289045 0.0028125
v 0.01853946 -0.116107365 0.0028125
v -0.010555005 -0.11603583 0.0028125
v 0.018576375 -0.1159257 0.0028125
v 0.018677325 -0.11577648 0.0028125
v 0.018828015 -0.115675125 0.0028125
v 0.01900821 -0.115638615 0.0028125
v -0.00922335 -0.115474005 0.0028125
v 0.024879585 -0.11438136 0.0028125
v 0.019188405 -0.115675125 0.0028125
v -0.007916655 -0.114897555 0.0028125
v -0.00664116 -0.11430834 0.0028125
v 0.02624247 -0.112318395 0.0028125
v -0.00540312 -0.113708235 0.0028125
v -0.004208805 -0.11309913 0.0028125
v -0.003059955 -0.11248044 0.0028125
v -0.001948695 -0.111848115 0.0028125
v 0.02779338 -0.11040345 0.0028125
v -0.00087717 -0.111205215 0.0028125
v 0.0001518 -0.110555205 0.0028125
v 0.001135395 -0.10990155 0.0028125
v 0.02952666 -0.108642075 0.0028125
v 0.002070795 -0.109247625 0.0028125
v 0.002956095 -0.10859055 0.0028125
v 0.031411515 -0.10706577 0.0028125
v 0.003793635 -0.107928645 0.0028125
v 0.004967715 -0.10693038 0.0028125
v 0.033453375 -0.105668835 0.0028125
v 0.006053235 -0.10593048 0.0028125
v 0.03387693 -0.1054215 0.0028125
v 0.034390365 -0.105185865 0.0028125
v 0.03503727 -0.105025995 0.0028125
v 0.00705726 -0.10493241 0.0028125
v 0.04001337 -0.104701785 0.0028125
v 0.03577797 -0.105038715 0.0028125
v 0.04014633 -0.103982115 0.0028125
v 0.007973805 -0.103933245 0.0028125
v 0.04030152 -0.103620975 0.0028125
v 0.040526685 -0.103281375 0.0028125
v 0.04080825 -0.10298007 0.0028125
v 0.00880233 -0.102932715 0.0028125
v 0.04114398 -0.10272792 0.0028125
v 0.04150134 -0.102534975 0.0028125
v 0.04187415 -0.10240041 0.0028125
v 0.03094668 -0.10239012 0.0028125
v 0.04259106 -0.10224261 0.0028125
v 0.030766485 -0.102353625 0.0028125
v 0.030615795 -0.102252255 0.0028125
v 0.030514845 -0.10210305 0.0028125
v 0.00954282 -0.10193085 0.0028125
v 0.03047793 -0.10192137 0.0028125
v 0.030514845 -0.101739705 0.0028125
v 0.030615795 -0.101590485 0.0028125
v 0.030766485 -0.10148913 0.0028125
v 0.03094668 -0.10145262 0.0028125
v 0.010297905 -0.100820895 0.0028125
v 0.091984215 -0.100933755 0.0028125
v 0.031126875 -0.10148913 0.0028125
v 0.09259206 -0.10052928 0.0028125
v 0.093307455 -0.10038753 0.0028125
v 0.0109554 -0.099703305 0.0028125
v 0.10008936 -0.09905835 0.0028125
v 0.01151469 -0.098532915 0.0028125
v 0.100576605 -0.10041825 0.0028125
v 0.094022835 -0.10052928 0.0028125
v 0.09463068 -0.100933755 0.0028125
v 0.095038275 -0.10154013 0.0028125
v 0.100794645 -0.101839395 0.0028125
v 0.095182455 -0.10226079 0.0028125
v 0.095038275 -0.102981435 0.0028125
v 0.100737465 -0.10328292 0.0028125
v 0.09463068 -0.10358781 0.0028125
v 0.094022835 -0.103992285 0.0028125
v 0.093307455 -0.104134035 0.0028125
v 0.10040271 -0.1046883 0.0028125
v 0.06655614 -0.104614035 0.0028125
v 0.066593055 -0.10443237 0.0028125
v 0.06645519 -0.104763255 0.0028125
v 0.0663045 -0.10486461 0.0028125
v 0.066124305 -0.10490112 0.0028125
v 0.05928783 -0.10515534 0.0028125
v 0.065944095 -0.10486461 0.0028125
v 0.078010425 -0.10528329 0.0028125
v 0.07849044 -0.105315435 0.0028125
v 0.077478 -0.10529814 0.0028125
v 0.06137229 -0.10646211 0.0028125
v 0.076883145 -0.10540746 0.0028125
v 0.076262085 -0.10570782 0.0028125
v 0.075797805 -0.106226925 0.0028125
v 0.07559076 -0.106852875 0.0028125
v 0.06333486 -0.107974395 0.0028125
v 0.07558188 -0.10744407 0.0028125
v 0.075677445 -0.10796409 0.0028125
v 0.06374454 -0.108342375 0.0028125
v 0.07581213 -0.10841172 0.0028125
v 0.064175085 -0.108835995 0.0028125
v 0.075961335 -0.108793785 0.0028125
v 0.07611468 -0.109120275 0.0028125
v 0.064372995 -0.10915884 0.0028125
v 0.07626309 -0.10940157 0.0028125
v 0.06453588 -0.109529085 0.0028125
v 0.0764013 -0.10964691 0.0028125
v 0.06464319 -0.109935615 0.0028125
v 0.076527285 -0.10986417 0.0028125
v 0.076638765 -0.11005539 0.0028125
v 0.06467574 -0.110348715 0.0028125
v 0.064632855 -0.110758365 0.0028125
v 0.064514595 -0.11115477 0.0028125
v 0.064335765 -0.11152245 0.0028125
v 0.064111635 -0.11184927 0.0028125
v 0.063595005 -0.112358355 0.0028125
v 0.063104385 -0.112720515 0.0028125
v 0.078112845 -0.11288892 0.0028125
v 0.061797255 -0.113597055 0.0028125
v 0.066909855 -0.11381916 0.0028125
v 0.060509325 -0.114402855 0.0028125
v 0.067332525 -0.113843955 0.0028125
v 0.06773226 -0.11394159 0.0028125
v 0.06810276 -0.11410305 0.0028125
v 0.06843645 -0.114321675 0.0028125
v 0.068718225 -0.11457111 0.0028125
v 0.06913266 -0.115102275 0.0028125
v 0.06941709 -0.115606095 0.0028125
v 0.07931127 -0.11582067 0.0028125
v 0.070451595 -0.117851655 0.0028125
v 0.08023737 -0.11886372 0.0028125
v 0.07125963 -0.1201719 0.0028125
v 0.07592679 -0.119701485 0.0028125
v 0.075746595 -0.119737995 0.0028125
v 0.076106985 -0.119737995 0.0028125
v 0.076257675 -0.11983935 0.0028125
v 0.07635864 -0.11998857 0.0028125
v 0.07639554 -0.12017025 0.0028125
v 0.07635864 -0.1203519 0.0028125
v 0.076257675 -0.12050112 0.0028125
v 0.076106985 -0.120602475 0.0028125
v 0.080881125 -0.121978875 0.0028125
v 0.07592679 -0.120639 0.0028125
v 0.07184313 -0.12257484 0.0028125
v 0.075746595 -0.120602475 0.0028125
v 0.07219104 -0.125015655 0.0028125
v 0.081233355 -0.125140425 0.0028125
v 0.072301245 -0.12748638 0.0028125
v 0.08129478 -0.128320965 0.0028125
v 0.0721722 -0.12994779 0.0028125
v 0.081061095 -0.131493405 0.0028125
v 0.07180521 -0.13239207 0.0028125
v 0.080538105 -0.134630955 0.0028125
v 0.07120686 -0.134775495 0.0028125
v 0.070376025 -0.137105835 0.0028125
v 0.070173165 -0.13756641 0.0028125
v 0.07972665 -0.137706225 0.0028125
v 0.069893895 -0.138059595 0.0028125
v 0.074606685 -0.13819545 0.0028125
v 0.06946458 -0.13856472 0.0028125
v 0.07478688 -0.13823196 0.0028125
v 0.07493757 -0.138333315 0.0028125
v 0.07503852 -0.138482535 0.0028125
v 0.075075435 -0.1386642 0.0028125
v 0.07503852 -0.13884588 0.0028125
v 0.07493757 -0.138995085 0.0028125
v 0.07478688 -0.13909644 0.0028125
v 0.078637275 -0.14069412 0.0028125
v 0.074606685 -0.13913295 0.0028125
v 0.06366081 -0.139940145 0.0028125
v 0.068085375 -0.13920525 0.0028125
v 0.06479799 -0.14085933 0.0028125
v 0.065289165 -0.141310665 0.0028125
v 0.06573012 -0.141891525 0.0028125
v 0.06589473 -0.14224086 0.0028125
v 0.06600858 -0.142613955 0.0028125
v 0.0660567 -0.14299788 0.0028125
v 0.06604341 -0.143384985 0.0028125
v 0.077275815 -0.143568 0.0028125
v 0.065963205 -0.143768415 0.0028125
v 0.065830515 -0.144132945 0.0028125
v 0.065445495 -0.144752685 0.0028125
v 0.06499737 -0.14524872 0.0028125
v 0.07565724 -0.146305095 0.0028125
v 0.063181185 -0.146926575 0.0028125
v 0.0612246 -0.148411875 0.0028125
v 0.07379214 -0.148880265 0.0028125
v 0.05912073 -0.14970876 0.0028125
v 0.05690808 -0.150793515 0.0028125
v 0.071699385 -0.151273905 0.0028125
v 0.05459352 -0.151661745 0.0028125
v 0.05221311 -0.15229989 0.0028125
v 0.062668215 -0.152381445 0.0028125
v 0.049774665 -0.15270669 0.0028125
v 0.06284841 -0.152417955 0.0028125
v 0.0629991 -0.15251931 0.0028125
v 0.063100065 -0.15266853 0.0028125
v 0.063136965 -0.152850195 0.0028125
v 0.063100065 -0.153031875 0.0028125
v 0.0629991 -0.15318108 0.0028125
v 0.06284841 -0.153282435 0.0028125
v 0.06939399 -0.153463245 0.0028125
v 0.062668215 -0.153318945 0.0028125
v 0.02479758 -0.15395298 0.0028125
v 0.06248802 -0.153282435 0.0028125
v 0.02516412 -0.154250895 0.0028125
v 0.02547729 -0.15458118 0.0028125
v 0.02574264 -0.15495033 0.0028125
v 0.02594352 -0.15533886 0.0028125
v 0.066898125 -0.155432445 0.0028125
v 0.026060025 -0.1557339 0.0028125
v 0.02610741 -0.15612207 0.0028125
v 0.026020575 -0.15682479 0.0028125
v 0.04467147 -0.156840885 0.0028125
v 0.025773045 -0.157419795 0.0028125
v 0.044851665 -0.15687741 0.0028125
v 0.045002355 -0.156978765 0.0028125
v 0.04510332 -0.157127985 0.0028125
v 0.06423066 -0.1571619 0.0028125
v 0.04514022 -0.157309635 0.0028125
v 0.04510332 -0.157491315 0.0028125
v 0.045002355 -0.157640535 0.0028125
v 0.044851665 -0.15774189 0.0028125
v 0.04467147 -0.157778385 0.0028125
v 0.0614163 -0.15864009 0.0028125
v 0.02509827 -0.15828693 0.0028125
v 0.025442535 -0.15789603 0.0028125
v 0.02375826 -0.15978678 0.0028125
v 0.03408804 -0.159819975 0.0028125
v 0.058477185 -0.159851205 0.0028125
v 0.03344055 -0.159845235 0.0028125
v 0.022443105 -0.161359425 0.0028125
v 0.032814195 -0.159938805 0.0028125
v 0.0322287 -0.16009983 0.0028125
v 0.031682925 -0.16031256 0.0028125
v 0.0307269 -0.160845045 0.0028125
v 0.029944665 -0.16143945 0.0028125
v 0.02115279 -0.163004865 0.0028125
v 0.029281815 -0.162035745 0.0028125
v 0.01988733 -0.16472313 0.0028125
v 0.026457585 -0.16483164 0.0028125
v 0.018645435 -0.166510425 0.0028125
v 0.025074 -0.16634907 0.0028125
v 0.02370945 -0.16794615 0.0028125
v 0.017427555 -0.168368025 0.0028125
v 0.022363245 -0.16962225 0.0028125
v 0.016236195 -0.17030343 0.0028125
v 0.021032955 -0.17137497 0.0028125
v 0.01507389 -0.172324185 0.0028125
v 0.019721685 -0.173207325 0.0028125
v 0.01394106 -0.17443152 0.0028125
v 0.01843338 -0.175123215 0.0028125
v 0.01283643 -0.176621685 0.0028125
v 0.017171985 -0.17712645 0.0028125
v 0.011760015 -0.178894665 0.0028125
v 0.01593564 -0.17921799 0.0028125
v 0.0107118 -0.18125049 0.0028125
v 0.014722365 -0.181395525 0.0028125
v 0.010528185 -0.181679265 0.0028125
v 0.01032027 -0.18214647 0.0028125
v 0.01008096 -0.182643585 0.0028125
v 0.009808575 -0.183162465 0.0028125
v 0.013535895 -0.183657945 0.0028125
v 0.00949857 -0.18369327 0.0028125
v 0.00932946 -0.18395715 0.0028125
v 0.00914973 -0.184214355 0.0028125
v 0.00895884 -0.184463055 0.0028125
v 0.008755125 -0.18469842 0.0028125
v 0.008535735 -0.18491847 0.0028125
v 0.00829788 -0.185123595 0.0028125
v 0.0080346 -0.185293335 0.0028125
v 0.007746975 -0.18542013 0.0028125
v 0.012379965 -0.186004155 0.0028125
v 0.007158195 -0.185460945 0.0028125
v -0.007620495 -0.18578055 0.0028125
v -0.007318065 -0.1860411 0.0028125
v -0.00796353 -0.185600625 0.0028125
v -0.00868896 -0.18545961 0.0028125
v 0.006626865 -0.18519585 0.0028125
v -0.049478505 -0.18597501 0.0028125
v -0.00934134 -0.185532555 0.0028125
v 0.006394395 -0.184971375 0.0028125
v 0.006186285 -0.18469875 0.0028125
v 0.00599877 -0.18438591 0.0028125
v -0.05197026 -0.18409878 0.0028125
v 0.005828655 -0.18403896 0.0028125
v 0.005680365 -0.18367617 0.0028125
v 0.00555336 -0.18330387 0.0028125
v -0.029842275 -0.182993505 0.0028125
v 0.005444865 -0.18293892 0.0028125
v -0.03231252 -0.18288894 0.0028125
v -0.034754355 -0.18254649 0.0028125
v -0.04763355 -0.18223926 0.0028125
v -0.03715986 -0.181968105 0.0028125
v -0.04781376 -0.18220275 0.0028125
v -0.047964435 -0.182101395 0.0028125
v -0.054277785 -0.18201195 0.0028125
v -0.0480654 -0.181952175 0.0028125
v -0.0481023 -0.18177051 0.0028125
v -0.0480654 -0.181588845 0.0028125
v -0.047964435 -0.181439625 0.0028125
v -0.04781376 -0.18133827 0.0028125
v -0.04763355 -0.18130176 0.0028125
v -0.0417372 -0.18013173 0.0028125
v -0.039484845 -0.181163745 0.0028125
v -0.042150285 -0.179906325 0.0028125
v -0.05638176 -0.17972958 0.0028125
v -0.04258914 -0.179613285 0.0028125
v -0.043028595 -0.1791972 0.0028125
v -0.043416405 -0.17859507 0.0028125
v -0.043552755 -0.17822754 0.0028125
v -0.04362003 -0.1778337 0.0028125
v -0.043618425 -0.17743419 0.0028125
v -0.05829147 -0.17724444 0.0028125
v -0.043551885 -0.17704377 0.0028125
v -0.04328748 -0.176379795 0.0028125
v -0.059008185 -0.176276715 0.0028125
v -0.04293855 -0.175870035 0.0028125
v -0.042580275 -0.17545542 0.0028125
v -0.059810055 -0.17532387 0.0028125
v -0.046938075 -0.17531085 0.0028125
v -0.04653489 -0.175239735 0.0028125
v -0.04735125 -0.175304205 0.0028125
v -0.04775163 -0.175235055 0.0028125
v -0.048434415 -0.17493594 0.0028125
v -0.048962925 -0.174517515 0.0028125
v -0.06069705 -0.174385965 0.0028125
v -0.049380315 -0.17406384 0.0028125
v -0.061673325 -0.17345757 0.0028125
v -0.050893455 -0.1721085 0.0028125
v -0.06273675 -0.17254149 0.0028125
v -0.063873255 -0.171655905 0.0028125
v -0.05220273 -0.1700295 0.0028125
v -0.06508899 -0.17080428 0.0028125
v -0.066389385 -0.16997946 0.0028125
v -0.05331174 -0.167819565 0.0028125
v -0.067713885 -0.16921257 0.0028125
v -0.069022905 -0.168527265 0.0028125
v -0.070343565 -0.167911635 0.0028125
v -0.07165077 -0.167362725 0.0028125
v -0.058531695 -0.16723926 0.0028125
v -0.0583515 -0.16720275 0.0028125
v -0.05871189 -0.16720275 0.0028125
v -0.05886258 -0.167101395 0.0028125
v -0.058963545 -0.166952175 0.0028125
v -0.07292025 -0.16688076 0.0028125
v -0.059000445 -0.16677051 0.0028125
v -0.058963545 -0.166588845 0.0028125
v -0.074162055 -0.16646856 0.0028125
v -0.05886258 -0.166439625 0.0028125
v -0.05871189 -0.16633827 0.0028125
v -0.058531695 -0.16630176 0.0028125
v -0.07537701 -0.16611729 0.0028125
v -0.054199815 -0.165519525 0.0028125
v -0.0583515 -0.16633827 0.0028125
v -0.07656348 -0.16581846 0.0028125
v -0.077722755 -0.165575985 0.0028125
v -0.078853095 -0.165387165 0.0028125
v -0.066162045 -0.164397075 0.0028125
v -0.05486307 -0.16313661 0.0028125
v -0.066808725 -0.164441895 0.0028125
v -0.079952445 -0.1652475 0.0028125
v -0.08102259 -0.16515849 0.0028125
v -0.0820611 -0.165119325 0.0028125
v -0.097747545 -0.164807505 0.0028125
v -0.083064225 -0.16512774 0.0028125
v -0.06736923 -0.164367285 0.0028125
v -0.067853925 -0.164235675 0.0028125
v -0.068278425 -0.164093895 0.0028125
v -0.098946405 -0.163653255 0.0028125
v -0.069948885 -0.16357407 0.0028125
v -0.071580375 -0.1631325 0.0028125
v -0.07317291 -0.162769185 0.0028125
v -0.07472649 -0.16248411 0.0028125
v -0.09992298 -0.16230756 0.0028125
v -0.076241115 -0.162277305 0.0028125
v -0.07771677 -0.16214874 0.0028125
v -0.0778809 -0.162137745 0.0028125
v -0.07806057 -0.162125265 0.0028125
v -0.07826085 -0.162109365 0.0028125
v -0.0784869 -0.162087015 0.0028125
v -0.07874223 -0.16205346 0.0028125
v -0.07902954 -0.162000135 0.0028125
v -0.07935288 -0.161915265 0.0028125
v -0.07971831 -0.161781615 0.0028125
v -0.080129565 -0.161569185 0.0028125
v -0.08055858 -0.161226075 0.0028125
v -0.100649175 -0.16080102 0.0028125
v -0.08092098 -0.16070199 0.0028125
v -0.0810414 -0.16036278 0.0028125
v -0.081096885 -0.15997416 0.0028125
v -0.09150636 -0.1595766 0.0028125
v -0.08107767 -0.15956106 0.0028125
v -0.09224364 -0.1595766 0.0028125
v -0.092930985 -0.159324225 0.0028125
v -0.10109358 -0.159198645 0.0028125
v -0.093488835 -0.158855325 0.0028125
v -0.09385443 -0.1582275 0.0028125
v -0.101249685 -0.15754152 0.0028125
v -0.093984375 -0.1575 0.0028125
v -0.09385443 -0.1567725 0.0028125
v -0.093488835 -0.156144675 0.0028125
v -0.101107455 -0.15587499 0.0028125
v -0.092930985 -0.155675775 0.0028125
v -0.09224364 -0.1554234 0.0028125
v -0.07718643 -0.15436182 0.0028125
v -0.09150636 -0.1554234 0.0028125
v -0.1006746 -0.154269645 0.0028125
v -0.074411085 -0.151664715 0.0028125
v -0.09996411 -0.152761245 0.0028125
v -0.091875 -0.15222657 0.0028125
v -0.092055195 -0.15219006 0.0028125
v -0.091694805 -0.15219006 0.0028125
v -0.091544115 -0.152088705 0.0028125
v -0.09144315 -0.151939485 0.0028125
v -0.09140625 -0.15175782 0.0028125
v -0.09144315 -0.15157614 0.0028125
v -0.07145361 -0.149100285 0.0028125
v -0.091544115 -0.15142692 0.0028125
v -0.091694805 -0.151325565 0.0028125
v -0.091875 -0.15128907 0.0028125
v -0.097808835 -0.150242985 0.0028125
v -0.096418725 -0.14929968 0.0028125
v -0.098993145 -0.15140019 0.0028125
v -0.092055195 -0.151325565 0.0028125
v -0.092205885 -0.15142692 0.0028125
v -0.09230685 -0.15157614 0.0028125
v -0.09234375 -0.15175782 0.0028125
v -0.09230685 -0.151939485 0.0028125
v -0.092205885 -0.152088705 0.0028125
v -0.06990657 -0.14786781 0.0028125
v -0.091923225 -0.146812335 0.0028125
v -0.06831399 -0.146668515 0.0028125
v -0.067984125 -0.146430345 0.0028125
v -0.067606395 -0.14616966 0.0028125
v -0.067184805 -0.14590749 0.0028125
v -0.066714435 -0.14566242 0.0028125
v -0.066190275 -0.145443885 0.0028125
v -0.06559971 -0.14527257 0.0028125
v -0.06492801 -0.145222995 0.0028125
v -0.087514275 -0.144393495 0.0028125
v -0.05208753 -0.14481822 0.0028125
v -0.064256505 -0.14539605 0.0028125
v -0.05174199 -0.14418675 0.0028125
v -0.08676426 -0.14398572 0.0028125
v -0.05034987 -0.142143435 0.0028125
v -0.086019555 -0.14354388 0.0028125
v -0.08528016 -0.143067975 0.0028125
v -0.084588345 -0.14255925 0.0028125
v -0.08395458 -0.142023885 0.0028125
v -0.048777645 -0.14025615 0.0028125
v -0.08339856 -0.14147058 0.0028125
v -0.08292069 -0.140903685 0.0028125
v -0.082521435 -0.140325255 0.0028125
v -0.081937395 -0.13914972 0.0028125
v -0.04701951 -0.13851927 0.0028125
v -0.081605655 -0.137963115 0.0028125
v -0.045107655 -0.13696458 0.0028125
v -0.08150376 -0.136741155 0.0028125
v -0.04304775 -0.135597915 0.0028125
v -0.074149995 -0.136013055 0.0028125
v -0.07343685 -0.135872145 0.0028125
v -0.074863155 -0.135872145 0.0028125
v -0.075469095 -0.13547058 0.0028125
v -0.072830895 -0.13547058 0.0028125
v -0.04087188 -0.13444062 0.0028125
v -0.07242048 -0.134862225 0.0028125
v -0.072274995 -0.134138055 0.0028125
v -0.04763355 -0.13369824 0.0028125
v -0.038587395 -0.13349565 0.0028125
v -0.04781376 -0.13366173 0.0028125
v -0.047964435 -0.133560375 0.0028125
v -0.07242048 -0.133413885 0.0028125
v -0.0480654 -0.133411155 0.0028125
v -0.0481023 -0.13322949 0.0028125
v -0.0480654 -0.133047825 0.0028125
v -0.047964435 -0.132898605 0.0028125
v -0.072830895 -0.132805545 0.0028125
v -0.04781376 -0.13279725 0.0028125
v -0.04763355 -0.13276074 0.0028125
v -0.07343685 -0.13240398 0.0028125
v -0.033807 -0.132291585 0.0028125
v -0.036234825 -0.13278036 0.0028125
v -0.047453355 -0.13279725 0.0028125
v -0.04730268 -0.132898605 0.0028125
v -0.047201715 -0.133047825 0.0028125
v -0.0471648 -0.13322949 0.0028125
v -0.047201715 -0.133411155 0.0028125
v -0.04730268 -0.133560375 0.0028125
v -0.047453355 -0.13366173 0.0028125
v -0.05231556 -0.145531935 0.0028125
v -0.063745275 -0.145822815 0.0028125
v -0.05233812 -0.14626857 0.0028125
v -0.06344733 -0.146385045 0.0028125
v -0.063319725 -0.146947065 0.0028125
v -0.05214132 -0.146966505 0.0028125
v -0.063286815 -0.14746617 0.0028125
v -0.05174016 -0.14757792 0.0028125
v -0.058531695 -0.14776074 0.0028125
v -0.06329673 -0.14792649 0.0028125
v -0.0583515 -0.14779725 0.0028125
v -0.05820081 -0.147898605 0.0028125
v -0.058099845 -0.148047825 0.0028125
v -0.05118456 -0.14805861 0.0028125
v -0.058062945 -0.14822949 0.0028125
v -0.058099845 -0.148411155 0.0028125
v -0.05056032 -0.148418775 0.0028125
v -0.05820081 -0.148560375 0.0028125
v -0.0583515 -0.14866173 0.0028125
v -0.058531695 -0.14869824 0.0028125
v -0.063446985 -0.148992915 0.0028125
v -0.06338664 -0.148679745 0.0028125
v -0.0492453 -0.149058675 0.0028125
v -0.06350862 -0.14927511 0.0028125
v -0.06356751 -0.149531265 0.0028125
v -0.047960985 -0.14962263 0.0028125
v -0.06362154 -0.14976423 0.0028125
v -0.04670292 -0.15011079 0.0028125
v -0.052631895 -0.150645015 0.0028125
v -0.05335941 -0.150759645 0.0028125
v -0.04547514 -0.15052302 0.0028125
v -0.051964395 -0.15071889 0.0028125
v -0.04430583 -0.150857775 0.0028125
v -0.051420285 -0.15089016 0.0028125
v -0.050964135 -0.151083975 0.0028125
v -0.043192545 -0.151114335 0.0028125
v -0.04953957 -0.151752945 0.0028125
v -0.04214589 -0.15129807 0.0028125
v -0.04116921 -0.151408245 0.0028125
v -0.040263015 -0.151450575 0.0028125
v 0.005465655 -0.15147072 0.0028125
v -0.048185535 -0.152441895 0.0028125
v -0.01780449 -0.15128148 0.0028125
v -0.03943116 -0.15142956 0.0028125
v -0.01653297 -0.151273005 0.0028125
v -0.01518975 -0.15120672 0.0028125
v -0.01377375 -0.15108366 0.0028125
v 0.005830815 -0.149167365 0.0028125
v -0.01231452 -0.15090291 0.0028125
v -0.010814115 -0.15066438 0.0028125
v -0.00926841 -0.15036825 0.0028125
v -0.00863775 -0.150215865 0.0028125
v -0.00795786 -0.149936475 0.0028125
v -0.00762369 -0.14971398 0.0028125
v -0.007322715 -0.149440305 0.0028125
v -0.007072395 -0.14912577 0.0028125
v -0.001468305 -0.14869824 0.0028125
v -0.00128811 -0.14866173 0.0028125
v -0.00688995 -0.148787955 0.0028125
v -0.0016485 -0.14866173 0.0028125
v -0.00179919 -0.148560375 0.0028125
v -0.001900155 -0.148411155 0.0028125
v -0.001937055 -0.14822949 0.0028125
v -0.006711405 -0.148094235 0.0028125
v -0.001900155 -0.148047825 0.0028125
v -0.00179919 -0.147898605 0.0028125
v -0.0016485 -0.14779725 0.0028125
v -0.001468305 -0.14776074 0.0028125
v -0.00672387 -0.14744676 0.0028125
v 0.006234735 -0.14688834 0.0028125
v -0.00128811 -0.14779725 0.0028125
v -0.006848775 -0.14690877 0.0028125
v -0.007019985 -0.14646912 0.0028125
v 0.00668295 -0.14465637 0.0028125
v -0.0072018 -0.1460895 0.0028125
v -0.008414955 -0.143934195 0.0028125
v 0.00717441 -0.14246709 0.0028125
v -0.00982158 -0.14191857 0.0028125
v 0.00770793 -0.14031567 0.0028125
v -0.011427045 -0.14003643 0.0028125
v 0.00828351 -0.138202125 0.0028125
v -0.013201665 -0.138322965 0.0028125
v 0.00839844 -0.13781397 0.0028125
v 0.008533335 -0.137387955 0.0028125
v 0.008692035 -0.13694082 0.0028125
v -0.01514025 -0.13678458 0.0028125
v 0.008879895 -0.136472355 0.0028125
v -0.00134268 -0.13646811 0.0028125
v 0.00910422 -0.135980115 0.0028125
v -0.00200868 -0.136371405 0.0028125
v -0.002549295 -0.136151535 0.0028125
v -0.00295857 -0.135888255 0.0028125
v -0.003272475 -0.13561959 0.0028125
v -0.017211015 -0.1354461 0.0028125
v -0.003523455 -0.135364875 0.0028125
v -0.003735765 -0.135127785 0.0028125
v -0.00392181 -0.13491288 0.0028125
v -0.019406595 -0.13431102 0.0028125
v -0.01236645 -0.13369824 0.0028125
v -0.00561342 -0.13309629 0.0028125
v -0.012546645 -0.13366173 0.0028125
v -0.012697335 -0.133560375 0.0028125
v -0.012798285 -0.133411155 0.0028125
v -0.02168616 -0.133399605 0.0028125
v -0.0128352 -0.13322949 0.0028125
v -0.012798285 -0.133047825 0.0028125
v -0.012697335 -0.132898605 0.0028125
v -0.012546645 -0.13279725 0.0028125
v -0.01236645 -0.13276074 0.0028125
v -0.024056985 -0.132708105 0.0028125
v -0.01218624 -0.13279725 0.0028125
v -0.02445996 -0.132616095 0.0028125
v -0.024878085 -0.13256364 0.0028125
v -0.02530698 -0.132556665 0.0028125
v -0.03153717 -0.13255032 0.0028125
v -0.0309513 -0.1330209 0.0028125
v -0.02573316 -0.13261893 0.0028125
v -0.026136315 -0.13274718 0.0028125
v -0.026506665 -0.132940245 0.0028125
v -0.02683236 -0.13319487 0.0028125
v -0.0307203 -0.13333551 0.0028125
v -0.02711163 -0.13350405 0.0028125
v -0.030543615 -0.13367568 0.0028125
v -0.027341355 -0.133862865 0.0028125
v -0.03035391 -0.13437543 0.0028125
v -0.027512445 -0.13426374 0.0028125
v -0.027636705 -0.13469085 0.0028125
v -0.030329565 -0.13501311 0.0028125
v -0.02771673 -0.135139725 0.0028125
v -0.030376275 -0.135579255 0.0028125
v -0.02791896 -0.13658811 0.0028125
v -0.03057228 -0.137140815 0.0028125
v -0.02805843 -0.137983845 0.0028125
v -0.0308091 -0.13864149 0.0028125
v -0.02813394 -0.13933119 0.0028125
v -0.031088115 -0.140085165 0.0028125
v -0.02814657 -0.14062626 0.0028125
v -0.03140865 -0.14146989 0.0028125
v -0.028103625 -0.1418418 0.0028125
v -0.031760685 -0.142767855 0.0028125
v -0.02800359 -0.14297988 0.0028125
v -0.03214554 -0.14397975 0.0028125
v -0.027854895 -0.144032085 0.0028125
v -0.03255621 -0.145098435 0.0028125
v -0.027657855 -0.14499498 0.0028125
v -0.02741811 -0.145869915 0.0028125
v -0.032990145 -0.14611806 0.0028125
v -0.027141045 -0.146654565 0.0028125
v -0.033445215 -0.147040905 0.0028125
v -0.026827365 -0.14735121 0.0028125
v -0.03391467 -0.147864615 0.0028125
v -0.026486415 -0.14796435 0.0028125
v -0.034399815 -0.148589985 0.0028125
v -0.02611653 -0.148493025 0.0028125
v -0.02572737 -0.14894763 0.0028125
v -0.03489249 -0.149223315 0.0028125
v -0.02532039 -0.149329665 0.0028125
v -0.035392125 -0.149765025 0.0028125
v -0.024894015 -0.149637465 0.0028125
v -0.024309855 -0.14998155 0.0028125
v -0.035899875 -0.15021426 0.0028125
v -0.02364027 -0.15028932 0.0028125
v -0.036324375 -0.150524655 0.0028125
v -0.022885695 -0.15056217 0.0028125
v -0.03681348 -0.150793665 0.0028125
v -0.022045905 -0.150799425 0.0028125
v -0.03736608 -0.151023285 0.0028125
v -0.021117435 -0.150991365 0.0028125
v -0.02009913 -0.151138995 0.0028125
v -0.03798318 -0.151211715 0.0028125
v -0.018995325 -0.1512366 0.0028125
v -0.03867168 -0.151346505 0.0028125
v -0.01203555 -0.132898605 0.0028125
v -0.0119346 -0.133047825 0.0028125
v -0.0118977 -0.13322949 0.0028125
v -0.0119346 -0.133411155 0.0028125
v -0.01203555 -0.133560375 0.0028125
v -0.01218624 -0.13366173 0.0028125
v -0.00061716 -0.136317 0.0028125
v 9.78e-06 -0.13592634 0.0028125
v 0.009372945 -0.135475875 0.0028125
v 0.00044658 -0.135465945 0.0028125
v 0.0097029 -0.13498482 0.0028125
v 0.00073242 -0.13502004 0.0028125
v 0.00092418 -0.13461675 0.0028125
v 0.010122255 -0.134535765 0.0028125
v 0.00106347 -0.13425939 0.0028125
v 0.010668015 -0.13418763 0.0028125
v 0.011294685 -0.13409325 0.0028125
v 0.001174335 -0.13394868 0.0028125
v 0.022026765 -0.13337535 0.0028125
v 0.02192526 -0.13291155 0.0028125
v 0.017688105 -0.13413258 0.0028125
v 0.01188303 -0.134305425 0.0028125
v 0.0178683 -0.13416909 0.0028125
v 0.01801899 -0.13427046 0.0028125
v 0.018119955 -0.134419665 0.0028125
v 0.018156855 -0.13460133 0.0028125
v 0.018119955 -0.13478301 0.0028125
v 0.01801899 -0.134932215 0.0028125
v 0.0178683 -0.13503357 0.0028125
v 0.02272323 -0.13574655 0.0028125
v 0.017688105 -0.13507008 0.0028125
v 0.01297227 -0.135549615 0.0028125
v 0.0126936 -0.135111225 0.0028125
v 0.01319856 -0.135976035 0.0028125
v 0.013383045 -0.136372305 0.0028125
v 0.01353267 -0.13672806 0.0028125
v 0.01365519 -0.137044095 0.0028125
v 0.013758945 -0.1373319 0.0028125
v 0.013851465 -0.13760451 0.0028125
v 0.013936845 -0.137864835 0.0028125
v 0.023640105 -0.13802637 0.0028125
v 0.0140157 -0.13810731 0.0028125
v 0.024781335 -0.140222355 0.0028125
v 0.01499067 -0.14072223 0.0028125
v 0.02612526 -0.142291845 0.0028125
v 0.016160775 -0.14322951 0.0028125
v 0.027668145 -0.144227055 0.0028125
v 0.01753008 -0.14563488 0.0028125
v 0.029384805 -0.145997205 0.0028125
v 0.019096545 -0.147935505 0.0028125
v 0.03126885 -0.14759718 0.0028125
v 0.033285105 -0.148998165 0.0028125
v 0.020830305 -0.150089205 0.0028125
v 0.027490605 -0.14987046 0.0028125
v 0.027310395 -0.149906955 0.0028125
v 0.0276708 -0.149906955 0.0028125
v 0.02782149 -0.15000831 0.0028125
v 0.02792244 -0.15015753 0.0028125
v 0.03543978 -0.150205365 0.0028125
v 0.027959355 -0.15033921 0.0028125
v 0.03581184 -0.15038625 0.0028125
v 0.02792244 -0.150520875 0.0028125
v 0.03621543 -0.15053298 0.0028125
v 0.02782149 -0.150670095 0.0028125
v 0.036645345 -0.150637635 0.0028125
v 0.03708519 -0.150669075 0.0028125
v 0.04197738 -0.1507116 0.0028125
v 0.0276708 -0.15077145 0.0028125
v 0.03751359 -0.150628185 0.0028125
v 0.04195212 -0.149988825 0.0028125
v 0.037920345 -0.150514875 0.0028125
v 0.03829392 -0.1503315 0.0028125
v 0.03863112 -0.150086565 0.0028125
v 0.038928195 -0.14978565 0.0028125
v 0.04207074 -0.14936853 0.0028125
v 0.039175635 -0.14943645 0.0028125
v 0.03938313 -0.149059155 0.0028125
v 0.042242985 -0.14882934 0.0028125
v 0.039552735 -0.14865936 0.0028125
v 0.042785175 -0.147352065 0.0028125
v 0.040075515 -0.147293805 0.0028125
v 0.04335345 -0.14594322 0.0028125
v 0.04052535 -0.14596533 0.0028125
v 0.040902015 -0.14466951 0.0028125
v 0.043950075 -0.144599325 0.0028125
v 0.041205705 -0.143410365 0.0028125
v 0.04457391 -0.143322105 0.0028125
v 0.041437305 -0.142216275 0.0028125
v 0.045208935 -0.142136535 0.0028125
v 0.04159587 -0.141084825 0.0028125
v 0.045856545 -0.141042255 0.0028125
v 0.04650834 -0.140044605 0.0028125
v 0.0416877 -0.140026125 0.0028125
v 0.047160525 -0.139148715 0.0028125
v 0.04171233 -0.139043535 0.0028125
v 0.04781154 -0.13835187 0.0028125
v 0.041675535 -0.1381371 0.0028125
v 0.04845426 -0.137654865 0.0028125
v 0.041582085 -0.13731021 0.0028125
v 0.049090155 -0.137057205 0.0028125
v 0.041433165 -0.136560825 0.0028125
v 0.049712685 -0.136550925 0.0028125
v 0.050321385 -0.136135485 0.0028125
v 0.041238885 -0.135886695 0.0028125
v 0.050917185 -0.13581198 0.0028125
v 0.051400635 -0.135605025 0.0028125
v 0.05193771 -0.135452925 0.0028125
v 0.052527825 -0.135353505 0.0028125
v 0.053171505 -0.13530873 0.0028125
v 0.040997385 -0.135288345 0.0028125
v 0.06127359 -0.13443459 0.0028125
v 0.053872695 -0.13533228 0.0028125
v 0.04072047 -0.13475784 0.0028125
v 0.04040985 -0.13429404 0.0028125
v 0.06034227 -0.133464285 0.0028125
v 0.040063635 -0.133898205 0.0028125
v 0.03957186 -0.13343154 0.0028125
v 0.05950167 -0.132510225 0.0028125
v 0.038988675 -0.132981015 0.0028125
v 0.038314815 -0.132545415 0.0028125
v 0.03754992 -0.13212534 0.0028125
v 0.058754265 -0.13158204 0.0028125
v 0.03668841 -0.13172946 0.0028125
v 0.03572943 -0.13135656 0.0028125
v 0.05810376 -0.130684935 0.0028125
v 0.034675875 -0.131013135 0.0028125
v 0.033525645 -0.130701525 0.0028125
v 0.032284815 -0.13042377 0.0028125
v 0.057547095 -0.12981954 0.0028125
v 0.03096111 -0.130186185 0.0028125
v 0.02955372 -0.12998757 0.0028125
v 0.02809122 -0.129835425 0.0028125
v 0.02657562 -0.129730305 0.0028125
v 0.057082815 -0.12899289 0.0028125
v 0.025002915 -0.129671145 0.0028125
v 0.024437565 -0.129673815 0.0028125
v 0.00267642 -0.129995835 0.0028125
v 0.047066805 -0.128526615 0.0028125
v 0.023801025 -0.12975411 0.0028125
v 0.023112345 -0.13000887 0.0028125
v 0.00191472 -0.131938005 0.0028125
v 0.022790025 -0.13021476 0.0028125
v 0.022502655 -0.1304688 0.0028125
v 0.02209176 -0.13108077 0.0028125
v 0.021889815 -0.1317546 0.0028125
v 0.021858825 -0.13237809 0.0028125
v 0.056710905 -0.128203425 0.0028125
v 0.04654809 -0.128526615 0.0028125
v 0.04607958 -0.1283025 0.0028125
v 0.045753495 -0.12789762 0.0028125
v 0.04563558 -0.12738579 0.0028125
v 0.02719635 -0.12715254 0.0028125
v 0.02579376 -0.127135245 0.0028125
v 0.045753495 -0.12687393 0.0028125
v 0.028545135 -0.127110345 0.0028125
v 0.02983638 -0.12701007 0.0028125
v 0.03104355 -0.126861315 0.0028125
v 0.04607958 -0.12646908 0.0028125
v 0.03216858 -0.126662475 0.0028125
v 0.033203805 -0.126422655 0.0028125
v 0.04654809 -0.12624495 0.0028125
v 0.034145895 -0.12614244 0.0028125
v 0.05609121 -0.12608103 0.0028125
v 0.047066805 -0.12624495 0.0028125
v 0.03499659 -0.12582735 0.0028125
v 0.05604378 -0.125557305 0.0028125
v 0.035754105 -0.12548295 0.0028125
v 0.056065095 -0.12499953 0.0028125
v 0.036420765 -0.12510975 0.0028125
v 0.037001865 -0.124716675 0.0028125
v 0.05615289 -0.124407585 0.0028125
v 0.03749628 -0.12430209 0.0028125
v 0.056309205 -0.123781575 0.0028125
v 0.037915245 -0.1238748 0.0028125
v 0.038260335 -0.12343608 0.0028125
v 0.056548275 -0.123121995 0.0028125
v 0.03852981 -0.12298449 0.0028125
v 0.056868255 -0.122428215 0.0028125
v 0.03882168 -0.12237258 0.0028125
v 0.057278655 -0.121704345 0.0028125
v 0.03906993 -0.12167871 0.0028125
v 0.05778168 -0.120949395 0.0028125
v 0.03927597 -0.120903225 0.0028125
v 0.05837913 -0.12016896 0.0028125
v 0.039439125 -0.120045945 0.0028125
v 0.059075685 -0.11936643 0.0028125
v 0.039549405 -0.11910429 0.0028125
v 0.05986899 -0.118544295 0.0028125
v 0.049844175 -0.118263375 0.0028125
v 0.060758175 -0.11771442 0.0028125
v 0.049107555 -0.1182417 0.0028125
v 0.048435405 -0.118153215 0.0028125
v 0.039607725 -0.118077 0.0028125
v 0.047922645 -0.11803647 0.0028125
v 0.04739874 -0.11784384 0.0028125
v 0.046862895 -0.117577425 0.0028125
v 0.046315845 -0.11723532 0.0028125
v 0.03960876 -0.116968875 0.0028125
v 0.04576242 -0.11680413 0.0028125
v 0.04520148 -0.116285415 0.0028125
v 0.039549675 -0.115778655 0.0028125
v 0.04463985 -0.115671405 0.0028125
v 0.044077305 -0.114959715 0.0028125
v 0.03943041 -0.11451273 0.0028125
v 0.04351968 -0.11415033 0.0028125
v 0.042971685 -0.113239875 0.0028125
v 0.03924732 -0.113180385 0.0028125
v 0.042434925 -0.11223135 0.0028125
v 0.039001305 -0.11178051 0.0028125
v 0.04192044 -0.11112924 0.0028125
v 0.03869406 -0.11034258 0.0028125
v 0.04142604 -0.10993218 0.0028125
v 0.03832569 -0.10886868 0.0028125
v 0.04096911 -0.108662445 0.0028125
v 0.03789597 -0.10735467 0.0028125
v 0.040552125 -0.10732317 0.0028125
v 0.037736055 -0.106864245 0.0028125
v 0.040172355 -0.10591089 0.0028125
v 0.037500945 -0.10633311 0.0028125
v 0.03710466 -0.10577631 0.0028125
v 0.040054215 -0.1053471 0.0028125
v 0.036828765 -0.10551957 0.0028125
v 0.036503985 -0.105295815 0.0028125
v 0.03614976 -0.10513632 0.0028125
v 0.050645385 -0.11821971 0.0028125
v 0.05151111 -0.11810997 0.0028125
v 0.052440765 -0.11792385 0.0028125
v 0.053435805 -0.117661875 0.0028125
v 0.06174387 -0.1168743 0.0028125
v 0.05448999 -0.11732043 0.0028125
v 0.05560371 -0.11689644 0.0028125
v 0.05677083 -0.11639181 0.0028125
v 0.062810265 -0.116047365 0.0028125
v 0.057981375 -0.115805955 0.0028125
v 0.06395514 -0.11523693 0.0028125
v 0.059236725 -0.115139415 0.0028125
v 0.065180925 -0.11443932 0.0028125
v 0.06575949 -0.11411379 0.0028125
v 0.066104205 -0.11396796 0.0028125
v 0.06649563 -0.113864445 0.0028125
v 0.047535315 -0.12646908 0.0028125
v 0.056214765 -0.126747645 0.0028125
v 0.0478614 -0.12687393 0.0028125
v 0.04797933 -0.12738579 0.0028125
v 0.05642178 -0.127454925 0.0028125
v 0.0478614 -0.12789762 0.0028125
v 0.047535315 -0.1283025 0.0028125
v 0.024333255 -0.127060035 0.0028125
v 0.02366445 -0.12698247 0.0028125
v 0.022961715 -0.126768 0.0028125
v 0.02262123 -0.12657903 0.0028125
v 0.02230797 -0.12633897 0.0028125
v 0.004263675 -0.12631692 0.0028125
v 0.022040805 -0.1260468 0.0028125
v 0.02182311 -0.125715615 0.0028125
v 0.02166651 -0.12535038 0.0028125
v 0.021565125 -0.124974405 0.0028125
v 0.02152206 -0.124264965 0.0028125
v 0.02159193 -0.12362613 0.0028125
v 0.005936115 -0.122911965 0.0028125
v 0.022074855 -0.121201425 0.0028125
v 0.006072675 -0.122649555 0.0028125
v 0.006218025 -0.12236709 0.0028125
v 0.0063573 -0.12208851 0.0028125
v 0.00649275 -0.12180456 0.0028125
v 0.006629985 -0.121501545 0.0028125
v 0.00677298 -0.12116781 0.0028125
v 0.02278515 -0.118848945 0.0028125
v 0.006921915 -0.12079281 0.0028125
v 0.00707514 -0.120363615 0.0028125
v 0.007224195 -0.119871075 0.0028125
v 0.007347945 -0.11929773 0.0028125
v 0.00738633 -0.118980315 0.0028125
v 0.00740247 -0.11864538 0.0028125
v 0.0073746 -0.118317285 0.0028125
v 0.00729858 -0.118002225 0.0028125
v 0.00697977 -0.11750367 0.0028125
v 0.05463141 -0.13542222 0.0028125
v 0.06229551 -0.13542258 0.0028125
v 0.055446705 -0.135588855 0.0028125
v 0.056320155 -0.135833985 0.0028125
v 0.057247035 -0.136161045 0.0028125
v 0.063389265 -0.13640529 0.0028125
v 0.058225545 -0.136575525 0.0028125
v 0.05925261 -0.137075955 0.0028125
v 0.06455355 -0.137381115 0.0028125
v 0.060316695 -0.13766523 0.0028125
v 0.061420365 -0.138343155 0.0028125
v 0.065790975 -0.13835328 0.0028125
v 0.062536365 -0.13910181 0.0028125
v 0.06620223 -0.138651705 0.0028125
v 0.06669345 -0.13893927 0.0028125
v 0.067325085 -0.13915815 0.0028125
v 0.027490605 -0.15080796 0.0028125
v 0.04207356 -0.15109866 0.0028125
v 0.022729275 -0.152093115 0.0028125
v 0.027310395 -0.15077145 0.0028125
v 0.0422427 -0.1514688 0.0028125
v 0.04246794 -0.151806675 0.0028125
v 0.042732135 -0.152075745 0.0028125
v 0.04330182 -0.152452965 0.0028125
v 0.043854615 -0.152657715 0.0028125
v 0.04437141 -0.15275736 0.0028125
v 0.04484622 -0.15280449 0.0028125
v 0.04732161 -0.15287442 0.0028125
v 0.062236365 -0.153031875 0.0028125
v 0.06233733 -0.15318108 0.0028125
v 0.062199465 -0.152850195 0.0028125
v 0.062236365 -0.15266853 0.0028125
v 0.06233733 -0.15251931 0.0028125
v 0.06248802 -0.152417955 0.0028125
v 0.02715972 -0.150670095 0.0028125
v 0.027058755 -0.150520875 0.0028125
v 0.027021855 -0.15033921 0.0028125
v 0.027058755 -0.15015753 0.0028125
v 0.02715972 -0.15000831 0.0028125
v 0.01750791 -0.13503357 0.0028125
v 0.01735722 -0.134932215 0.0028125
v 0.017256255 -0.13478301 0.0028125
v 0.012342255 -0.134683785 0.0028125
v 0.017219355 -0.13460133 0.0028125
v 0.017256255 -0.134419665 0.0028125
v 0.01735722 -0.13427046 0.0028125
v 0.01750791 -0.13416909 0.0028125
v -0.00113742 -0.147898605 0.0028125
v -0.001036455 -0.148047825 0.0028125
v -0.000999555 -0.14822949 0.0028125
v -0.001036455 -0.148411155 0.0028125
v -0.00113742 -0.148560375 0.0028125
v -0.00734817 -0.15268644 0.0028125
v -0.006587895 -0.15274599 0.0028125
v -0.046898745 -0.153153375 0.0028125
v -0.00802854 -0.152761815 0.0028125
v -0.00946854 -0.15301707 0.0028125
v -0.01083906 -0.15331572 0.0028125
v -0.045680835 -0.153886125 0.0028125
v -0.01214379 -0.15366027 0.0028125
v -0.013379385 -0.15404844 0.0028125
v -0.04455519 -0.154622025 0.0028125
v -0.014522145 -0.154464915 0.0028125
v -0.015573615 -0.154911735 0.0028125
v -0.043521525 -0.155362545 0.0028125
v -0.016528365 -0.155378295 0.0028125
v -0.04258449 -0.15609882 0.0028125
v -0.017383275 -0.155863245 0.0028125
v -0.03025935 -0.15635916 0.0028125
v -0.04174887 -0.15682659 0.0028125
v -0.02974065 -0.15635916 0.0028125
v -0.018141285 -0.156361635 0.0028125
v -0.02927214 -0.15658329 0.0028125
v -0.0188019 -0.1568676 0.0028125
v -0.028946055 -0.156988155 0.0028125
v -0.01936752 -0.157381215 0.0028125
v -0.028828125 -0.1575 0.0028125
v -0.019845315 -0.157894935 0.0028125
v -0.028946055 -0.158011845 0.0028125
v -0.0202338 -0.158410095 0.0028125
v -0.02927214 -0.15841671 0.0028125
v -0.02974065 -0.15864084 0.0028125
v -0.020545905 -0.15892068 0.0028125
v -0.039833535 -0.15893112 0.0028125
v -0.03025935 -0.15864084 0.0028125
v -0.02078346 -0.15942579 0.0028125
v -0.03938346 -0.159595395 0.0028125
v -0.02094444 -0.15992643 0.0028125
v -0.039022665 -0.16023798 0.0028125
v -0.02109117 -0.16058832 0.0028125
v -0.03875232 -0.1608597 0.0028125
v -0.02117697 -0.161320245 0.0028125
v -0.038588295 -0.16135935 0.0028125
v -0.03848358 -0.161907615 0.0028125
v -0.021203295 -0.16212219 0.0028125
v -0.03843597 -0.16250415 0.0028125
v -0.021169425 -0.162994215 0.0028125
v -0.03844746 -0.163149255 0.0028125
v -0.03853203 -0.16384572 0.0028125
v -0.021065055 -0.163936545 0.0028125
v -0.03868773 -0.164593695 0.0028125
v -0.020890785 -0.16495062 0.0028125
v -0.038924775 -0.16539135 0.0028125
v -0.020642535 -0.166030575 0.0028125
v -0.039245085 -0.166240095 0.0028125
v -0.02898348 -0.166860555 0.0028125
v -0.02950935 -0.16686216 0.0028125
v -0.028429665 -0.16693041 0.0028125
v -0.027847635 -0.167069445 0.0028125
v -0.020317215 -0.167176995 0.0028125
v -0.02723763 -0.167279715 0.0028125
v -0.026601405 -0.16757538 0.0028125
v -0.02593815 -0.167954595 0.0028125
v -0.019916235 -0.16838364 0.0028125
v -0.0252528 -0.16842654 0.0028125
v -0.024544575 -0.16899345 0.0028125
v -0.01943811 -0.169640655 0.0028125
v -0.023819175 -0.169656645 0.0028125
v -0.02308041 -0.17042049 0.0028125
v -0.018883515 -0.17094933 0.0028125
v -0.022330545 -0.17128242 0.0028125
v -0.02158131 -0.172240545 0.0028125
v -0.01826067 -0.17228127 0.0028125
v -0.02083032 -0.17329572 0.0028125
v -0.01757019 -0.17363454 0.0028125
v -0.02009946 -0.174430125 0.0028125
v -0.016810905 -0.175013085 0.0028125
v -0.019391895 -0.17564127 0.0028125
v -0.01654455 -0.175455315 0.0028125
v -0.01619343 -0.17592252 0.0028125
v -0.01870416 -0.17693193 0.0028125
v -0.01567623 -0.17637837 0.0028125
v -0.01499487 -0.176705025 0.0028125
v -0.014247765 -0.17679423 0.0028125
v -0.018410955 -0.177589845 0.0028125
v 0.00439212 -0.175163085 0.0028125
v 0.00464904 -0.177780255 0.0028125
v -0.013517835 -0.176644695 0.0028125
v -0.012914715 -0.176342625 0.0028125
v -0.01246242 -0.175994715 0.0028125
v -0.012102945 -0.175656345 0.0028125
v -0.010427145 -0.1738353 0.0028125
v 0.00420648 -0.17260692 0.0028125
v -0.00894474 -0.17187453 0.0028125
v 0.00409212 -0.170111745 0.0028125
v -0.007651635 -0.169767195 0.0028125
v 0.004049025 -0.16767759 0.0028125
v -0.006571095 -0.167551395 0.0028125
v -0.001468305 -0.16723926 0.0028125
v -0.00128811 -0.16720275 0.0028125
v -0.0016485 -0.16720275 0.0028125
v -0.00179919 -0.167101395 0.0028125
v -0.001900155 -0.166952175 0.0028125
v -0.001937055 -0.16677051 0.0028125
v -0.001900155 -0.166588845 0.0028125
v -0.00179919 -0.166439625 0.0028125
v -0.0016485 -0.16633827 0.0028125
v -0.005707395 -0.16523391 0.0028125
v -0.001468305 -0.16630176 0.0028125
v 0.00407721 -0.165304425 0.0028125
v -0.00128811 -0.16633827 0.0028125
v 0.004176675 -0.162992265 0.0028125
v -0.005074215 -0.162851205 0.0028125
v 0.00434742 -0.16074111 0.0028125
v -0.00467271 -0.160411545 0.0028125
v 0.004836165 -0.156086715 0.0028125
v -0.004510095 -0.157960875 0.0028125
v -0.00458502 -0.155491035 0.0028125
v -0.00465963 -0.154858455 0.0028125
v -0.00485391 -0.15419052 0.0028125
v -0.005239875 -0.153554685 0.0028125
v -0.005513775 -0.15327774 0.0028125
v -0.00583371 -0.15304314 0.0028125
v -0.0062004 -0.15286632 0.0028125
v -0.00113742 -0.166439625 0.0028125
v -0.001036455 -0.166588845 0.0028125
v -0.000999555 -0.16677051 0.0028125
v -0.001036455 -0.166952175 0.0028125
v -0.00113742 -0.167101395 0.0028125
v -0.01824405 -0.17830332 0.0028125
v -0.018278265 -0.17903289 0.0028125
v -0.01852875 -0.1797147 0.0028125
v -0.018978855 -0.180296925 0.0028125
v 0.00497724 -0.18045843 0.0028125
v -0.019574685 -0.180736905 0.0028125
v 0.005036805 -0.18090567 0.0028125
v -0.02023569 -0.181050285 0.0028125
v -0.01236645 -0.18130176 0.0028125
v -0.02256051 -0.18188442 0.0028125
v -0.01218624 -0.18133827 0.0028125
v 0.00511014 -0.18139545 0.0028125
v -0.01203555 -0.181439625 0.0028125
v -0.0119346 -0.181588845 0.0028125
v -0.0118977 -0.18177051 0.0028125
v 0.00521058 -0.181946565 0.0028125
v -0.0119346 -0.181952175 0.0028125
v -0.01203555 -0.182101395 0.0028125
v -0.01218624 -0.18220275 0.0028125
v -0.01236645 -0.18223926 0.0028125
v 0.005275875 -0.182255115 0.0028125
v -0.02493999 -0.18248691 0.0028125
v 0.00535284 -0.18258735 0.0028125
v -0.012546645 -0.18220275 0.0028125
v -0.012697335 -0.182101395 0.0028125
v -0.012798285 -0.181952175 0.0028125
v -0.0128352 -0.18177051 0.0028125
v -0.012798285 -0.181588845 0.0028125
v -0.012697335 -0.181439625 0.0028125
v -0.012546645 -0.18133827 0.0028125
v -0.027382095 -0.182859015 0.0028125
v -0.039651675 -0.16713492 0.0028125
v -0.030184185 -0.16692714 0.0028125
v -0.030906795 -0.16707171 0.0028125
v -0.031677645 -0.16729449 0.0028125
v -0.04014984 -0.168073575 0.0028125
v -0.03249651 -0.167596185 0.0028125
v -0.033360465 -0.167986635 0.0028125
v -0.034271055 -0.16846575 0.0028125
v -0.04073787 -0.16905309 0.0028125
v -0.035221425 -0.16903557 0.0028125
v -0.036211215 -0.16969923 0.0028125
v -0.04141758 -0.17006172 0.0028125
v -0.037234905 -0.17045346 0.0028125
v -0.042189045 -0.17110203 0.0028125
v -0.03828264 -0.171296625 0.0028125
v -0.043042065 -0.172147665 0.0028125
v -0.039355875 -0.17222847 0.0028125
v -0.04397529 -0.173194875 0.0028125
v -0.040430175 -0.17323242 0.0028125
v -0.04499025 -0.174247785 0.0028125
v -0.04150383 -0.174307305 0.0028125
v -0.045508905 -0.174718545 0.0028125
v -0.046152885 -0.17511015 0.0028125
v -0.03072786 -0.15841671 0.0028125
v -0.04037349 -0.15824559 0.0028125
v -0.031053945 -0.158011845 0.0028125
v -0.04101183 -0.157544565 0.0028125
v -0.031171875 -0.1575 0.0028125
v -0.031053945 -0.156988155 0.0028125
v -0.03072786 -0.15658329 0.0028125
v -0.064141005 -0.15253992 0.0028125
v -0.054025215 -0.151103145 0.0028125
v -0.05454951 -0.151645815 0.0028125
v -0.05488218 -0.15225909 0.0028125
v -0.05505498 -0.152827755 0.0028125
v -0.06443169 -0.15533004 0.0028125
v -0.055151055 -0.15333084 0.0028125
v -0.05543637 -0.155787465 0.0028125
v -0.06449358 -0.15813462 0.0028125
v -0.05548326 -0.158244105 0.0028125
v -0.064326705 -0.16095363 0.0028125
v -0.055291035 -0.160708785 0.0028125
v -0.064286895 -0.16136514 0.0028125
v -0.06426432 -0.161833395 0.0028125
v -0.064301205 -0.16236423 0.0028125
v -0.064458435 -0.162964785 0.0028125
v -0.06481674 -0.163606635 0.0028125
v -0.065099655 -0.163899885 0.0028125
v -0.065436675 -0.16413966 0.0028125
v -0.06580749 -0.16430193 0.0028125
v -0.05871189 -0.14866173 0.0028125
v -0.05886258 -0.148560375 0.0028125
v -0.058963545 -0.148411155 0.0028125
v -0.06333357 -0.14832774 0.0028125
v -0.059000445 -0.14822949 0.0028125
v -0.058963545 -0.148047825 0.0028125
v -0.05886258 -0.147898605 0.0028125
v -0.05871189 -0.14779725 0.0028125
v -0.090819015 -0.155675775 0.0028125
v -0.090261165 -0.156144675 0.0028125
v -0.08989557 -0.1567725 0.0028125
v -0.08613282 -0.15703125 0.0028125
v -0.085952625 -0.15706776 0.0028125
v -0.089765625 -0.1575 0.0028125
v -0.086313 -0.15706776 0.0028125
v -0.08646369 -0.157169115 0.0028125
v -0.086564655 -0.15731832 0.0028125
v -0.08660157 -0.1575 0.0028125
v -0.08989557 -0.1582275 0.0028125
v -0.086564655 -0.15768168 0.0028125
v -0.08646369 -0.157830885 0.0028125
v -0.086313 -0.15793224 0.0028125
v -0.08613282 -0.15796875 0.0028125
v -0.08043609 -0.15801399 0.0028125
v -0.080651115 -0.158357175 0.0028125
v -0.08021205 -0.15770907 0.0028125
v -0.085952625 -0.15793224 0.0028125
v -0.085801935 -0.157830885 0.0028125
v -0.08570097 -0.15768168 0.0028125
v -0.07977966 -0.157191555 0.0028125
v -0.08566407 -0.1575 0.0028125
v -0.08570097 -0.15731832 0.0028125
v -0.085801935 -0.157169115 0.0028125
v -0.090261165 -0.158855325 0.0028125
v -0.08084106 -0.15873996 0.0028125
v -0.080988615 -0.15914418 0.0028125
v -0.090819015 -0.159324225 0.0028125
v -0.09635568 -0.165734205 0.0028125
v -0.084034095 -0.16518459 0.0028125
v -0.08496837 -0.165289155 0.0028125
v -0.086713005 -0.16563513 0.0028125
v -0.088295025 -0.166164555 0.0028125
v -0.094830825 -0.1663956 0.0028125
v -0.0898974 -0.16666326 0.0028125
v -0.09320892 -0.16677954 0.0028125
v -0.0915396 -0.166868145 0.0028125
v -0.05820081 -0.166439625 0.0028125
v -0.058099845 -0.166588845 0.0028125
v -0.058062945 -0.16677051 0.0028125
v -0.058099845 -0.166952175 0.0028125
v -0.05820081 -0.167101395 0.0028125
v -0.047453355 -0.18133827 0.0028125
v -0.04730268 -0.181439625 0.0028125
v -0.047201715 -0.181588845 0.0028125
v -0.0471648 -0.18177051 0.0028125
v -0.047201715 -0.181952175 0.0028125
v -0.04730268 -0.182101395 0.0028125
v -0.047453355 -0.18220275 0.0028125
v -0.00987456 -0.185694585 0.0028125
v -0.01031094 -0.185891235 0.0028125
v -0.010677315 -0.186097125 0.0028125
v -0.046836 -0.18761205 0.0028125
v -0.010994895 -0.186295245 0.0028125
v -0.03 -0.18703125 0.0028125
v -0.030180195 -0.18706776 0.0028125
v -0.01127337 -0.18647523 0.0028125
v -0.029819805 -0.18706776 0.0028125
v -0.029669115 -0.187169115 0.0028125
v -0.02956815 -0.18731832 0.0028125
v -0.02953125 -0.1875 0.0028125
v -0.02956815 -0.18768168 0.0028125
v -0.029669115 -0.187830885 0.0028125
v -0.029819805 -0.18793224 0.0028125
v -0.03 -0.18796875 0.0028125
v -0.013976955 -0.18805209 0.0028125
v -0.04404609 -0.1890108 0.0028125
v -0.016785015 -0.18936867 0.0028125
v -0.030180195 -0.18793224 0.0028125
v -0.030330885 -0.187830885 0.0028125
v -0.03043185 -0.18768168 0.0028125
v -0.03046875 -0.1875 0.0028125
v -0.03043185 -0.18731832 0.0028125
v -0.030330885 -0.187169115 0.0028125
v -0.04115436 -0.190146285 0.0028125
v -0.01970922 -0.190428375 0.0028125
v -0.03815844 -0.191020905 0.0028125
v -0.022725285 -0.191224095 0.0028125
v -0.03511074 -0.191618805 0.0028125
v -0.025789875 -0.19174125 0.0028125
v -0.03200664 -0.191940855 0.0028125
v -0.028900695 -0.191982105 0.0028125
v -0.00707775 -0.18634125 0.0028125
v -0.006900435 -0.186668685 0.0028125
v -0.006694095 -0.18729798 0.0028125
v -0.00660714 -0.1878771 0.0028125
v -0.00659478 -0.18839922 0.0028125
v 0.01125753 -0.1884333 0.0028125
v -0.006620835 -0.1888668 0.0028125
v -0.006659505 -0.18928977 0.0028125
v -0.00682122 -0.19084071 0.0028125
v 0.01016625 -0.190946025 0.0028125
v -0.007000845 -0.1923705 0.0028125
v 0.00910551 -0.193542555 0.0028125
v -0.007413855 -0.19536657 0.0028125
v 0 -0.194626755 0.0028125
v -0.00071538 -0.194768505 0.0028125
v 0.00071538 -0.194768505 0.0028125
v 0.00132324 -0.19517298 0.0028125
v 0.00173082 -0.19577934 0.0028125
v 0.00807531 -0.196222875 0.0028125
v 0.001875 -0.1965 0.0028125
v 0.00173082 -0.19722066 0.0028125
v 0.00132324 -0.19782702 0.0028125
v 0.00071538 -0.198231495 0.0028125
v 0.00707565 -0.198986985 0.0028125
v 0 -0.198373245 0.0028125
v -0.006786105 -0.19969356 0.0028125
v 0.00644679 -0.20033124 0.0028125
v -0.00727968 -0.198300285 0.0028125
v -0.00071538 -0.198231495 0.0028125
v -0.00132324 -0.19782702 0.0028125
v -0.00173082 -0.19722066 0.0028125
v -0.007491 -0.19685121 0.0028125
v -0.001875 -0.1965 0.0028125
v -0.00173082 -0.19577934 0.0028125
v -0.00132324 -0.19517298 0.0028125
v -0.00602706 -0.2009619 0.0028125
v 0.00558021 -0.201509535 0.0028125
v -0.005040405 -0.202052355 0.0028125
v 0.00449088 -0.202506825 0.0028125
v -0.00385446 -0.20293374 0.0028125
v 0.00322617 -0.2032695 0.0028125
v -0.002518035 -0.20356356 0.0028125
v 0.00184392 -0.203768715 0.0028125
v -0.00109173 -0.20391906 0.0028125
v 0.00038364 -0.203990175 0.0028125
v 0.034740735 -0.159876735 0.0028125
v 0.03538818 -0.159992685 0.0028125
v 0.03601263 -0.160147275 0.0028125
v 0.036619995 -0.16034736 0.0028125
v 0.0554397 -0.16078839 0.0028125
v 0.039702525 -0.161145765 0.0028125
v 0.052328505 -0.161440215 0.0028125
v 0.04282182 -0.16165479 0.0028125
v 0.04917078 -0.161804745 0.0028125
v 0.0459921 -0.161875005 0.0028125
v 0.044491275 -0.15774189 0.0028125
v 0.044340585 -0.157640535 0.0028125
v 0.04423962 -0.157491315 0.0028125
v 0.04420272 -0.157309635 0.0028125
v 0.04423962 -0.157127985 0.0028125
v 0.044340585 -0.156978765 0.0028125
v 0.044491275 -0.15687741 0.0028125
v 0.068471055 -0.13913181 0.0028125
v 0.07442649 -0.13909644 0.0028125
v 0.0742758 -0.138995085 0.0028125
v 0.068839005 -0.13899498 0.0028125
v 0.074174835 -0.13884588 0.0028125
v 0.074137935 -0.1386642 0.0028125
v 0.074174835 -0.138482535 0.0028125
v 0.0742758 -0.138333315 0.0028125
v 0.07442649 -0.13823196 0.0028125
v 0.075595905 -0.12050112 0.0028125
v 0.07549494 -0.1203519 0.0028125
v 0.07545804 -0.12017025 0.0028125
v 0.07549494 -0.11998857 0.0028125
v 0.075595905 -0.11983935 0.0028125
v 0.078934665 -0.105382335 0.0028125
v 0.079342605 -0.10547133 0.0028125
v 0.07971462 -0.10556811 0.0028125
v 0.08005245 -0.10566255 0.0028125
v 0.099808935 -0.105997935 0.0028125
v 0.08302464 -0.1065768 0.0028125
v 0.09897237 -0.10717593 0.0028125
v 0.08553087 -0.10738959 0.0028125
v 0.087559005 -0.108113475 0.0028125
v 0.097924065 -0.10817031 0.0028125
v 0.089145525 -0.108710865 0.0028125
v 0.09671106 -0.108942915 0.0028125
v 0.090326955 -0.109144125 0.0028125
v 0.0910911 -0.109425825 0.0028125
v 0.095366595 -0.10947258 0.0028125
v 0.092513415 -0.10971798 0.0028125
v 0.09394515 -0.109732665 0.0028125
v 0.065793405 -0.104763255 0.0028125
v 0.065692455 -0.104614035 0.0028125
v 0.065655555 -0.10443237 0.0028125
v 0.065692455 -0.104250705 0.0028125
v 0.065793405 -0.104101485 0.0028125
v 0.05707416 -0.10405071 0.0028125
v 0.065944095 -0.10400013 0.0028125
v 0.066124305 -0.10396362 0.0028125
v 0.091984215 -0.10358781 0.0028125
v 0.09259206 -0.103992285 0.0028125
v 0.05477202 -0.10316778 0.0028125
v 0.09157662 -0.102981435 0.0028125
v 0.052388685 -0.102510225 0.0028125
v 0.091432455 -0.10226079 0.0028125
v 0.049961355 -0.10208784 0.0028125
v 0.09157662 -0.10154013 0.0028125
v 0.047498115 -0.10190103 0.0028125
v 0.03137853 -0.101739705 0.0028125
v 0.031277565 -0.101590485 0.0028125
v 0.03141543 -0.10192137 0.0028125
v 0.045044025 -0.101952825 0.0028125
v 0.03137853 -0.10210305 0.0028125
v 0.031277565 -0.102252255 0.0028125
v 0.031126875 -0.102353625 0.0028125
v 0.0663045 -0.10400013 0.0028125
v 0.06645519 -0.104101485 0.0028125
v 0.06655614 -0.104250705 0.0028125
v 0.099348825 -0.097818105 0.0028125
v 0.048943425 -0.097930665 0.0028125
v 0.04912362 -0.09789417 0.0028125
v 0.04876323 -0.09789417 0.0028125
v 0.04861254 -0.0977928 0.0028125
v 0.048511575 -0.097643595 0.0028125
v 0.048474675 -0.097461915 0.0028125
v 0.048511575 -0.09728025 0.0028125
v 0.01194699 -0.09727017 0.0028125
v 0.04861254 -0.09713103 0.0028125
v 0.04876323 -0.09702969 0.0028125
v 0.048943425 -0.096993165 0.0028125
v 0.01209159 -0.09659019 0.0028125
v 0.09839511 -0.09675114 0.0028125
v 0.097239195 -0.09587397 0.0028125
v 0.04912362 -0.09702969 0.0028125
v 0.04927431 -0.09713103 0.0028125
v 0.049375275 -0.09728025 0.0028125
v 0.049412175 -0.097461915 0.0028125
v 0.049375275 -0.097643595 0.0028125
v 0.04927431 -0.0977928 0.0028125
v 0.01217724 -0.095897445 0.0028125
v 0.028940175 -0.09537207 0.0028125
v 0.029793285 -0.095369355 0.0028125
v 0.027970005 -0.095223315 0.0028125
v 0.012185775 -0.0952077 0.0028125
v 0.027460785 -0.09506217 0.0028125
v 0.026958735 -0.094838625 0.0028125
v 0.026492595 -0.09454707 0.0028125
v 0.01212375 -0.094515165 0.0028125
v 0.02607795 -0.09420087 0.0028125
v 0.025451085 -0.093379425 0.0028125
v 0.01179648 -0.09322737 0.0028125
v 0.02510733 -0.092506545 0.0028125
v 0.01130634 -0.092064765 0.0028125
v 0.024967545 -0.091705725 0.0028125
v 0.010797375 -0.091015935 0.0028125
v 0.02494884 -0.090996285 0.0028125
v 0.024992265 -0.09036549 0.0028125
v 0.01771782 -0.09 0.0028125
v 0.025061655 -0.08979558 0.0028125
v 0.017000295 -0.089857275 0.0028125
v 0.010395225 -0.0897462 0.0028125
v 0.016392 -0.08945082 0.0028125
v 0.015985545 -0.088842525 0.0028125
v 0.010224315 -0.08843007 0.0028125
v 0.01584282 -0.088125 0.0028125
v 0.015985545 -0.087407475 0.0028125
v 0.010287765 -0.08710551 0.0028125
v 0.016392 -0.08679918 0.0028125
v 0.017000295 -0.086392725 0.0028125
v 0.01771782 -0.08625 0.0028125
v 0.01058328 -0.085813215 0.0028125
v 0.024970455 -0.086216655 0.0028125
v 0.018435345 -0.086392725 0.0028125
v 0.024531495 -0.08499192 0.0028125
v 0.011101785 -0.084592725 0.0028125
v 0.02389791 -0.08387718 0.0028125
v 0.011830035 -0.083479155 0.0028125
v 0.023068725 -0.082869735 0.0028125
v 0.01261107 -0.082557585 0.0028125
v 0.02245665 -0.082246095 0.0028125
v 0.01338597 -0.081522225 0.0028125
v 0.021929745 -0.0815007 0.0028125
v 0.021604395 -0.080644845 0.0028125
v 0.01395399 -0.08036412 0.0028125
v 0.02147559 -0.07976529 0.0028125
v 0.01427589 -0.07913877 0.0028125
v 0.021456945 -0.078950955 0.0028125
v 0.02145333 -0.078444315 0.0028125
v 0.02144658 -0.07793454 0.0028125
v 0.0143814 -0.077856075 0.0028125
v 0.021442485 -0.07765086 0.0028125
v 0.02144448 -0.07732488 0.0028125
v 0.01437009 -0.07717884 0.0028125
v 0.02146581 -0.076954875 0.0028125
v 0.021528765 -0.0765327 0.0028125
v 0.014321385 -0.0764724 0.0028125
v 0.02167071 -0.076052055 0.0028125
v 0.01424514 -0.07573005 0.0028125
v 0.021949095 -0.07550751 0.0028125
v 0.02246082 -0.074954025 0.0028125
v 0.01413999 -0.074952735 0.0028125
v 0.02315142 -0.07462335 0.0028125
v 0.0238413 -0.074546805 0.0028125
v 0.01393638 -0.07359846 0.0028125
v 0.06656454 -0.07383603 0.0028125
v 0.06615291 -0.074242455 0.0028125
v 0.067149195 -0.07346229 0.0028125
v 0.06751506 -0.07332294 0.0028125
v 0.067907355 -0.073243425 0.0028125
v 0.068306055 -0.073238565 0.0028125
v 0.075239475 -0.072817605 0.0028125
v 0.01370841 -0.072202035 0.0028125
v 0.06869025 -0.07331238 0.0028125
v 0.069353775 -0.073611075 0.0028125
v 0.069834075 -0.07399566 0.0028125
v 0.075912705 -0.074154735 0.0028125
v 0.07017543 -0.07438992 0.0028125
v 0.070433265 -0.07476564 0.0028125
v 0.070648335 -0.07511457 0.0028125
v 0.076693695 -0.075551415 0.0028125
v 0.072855795 -0.078461175 0.0028125
v 0.077652225 -0.07713657 0.0028125
v 0.078682335 -0.07870044 0.0028125
v 0.075301125 -0.081645585 0.0028125
v 0.07978404 -0.08024301 0.0028125
v 0.08095596 -0.08176398 0.0028125
v 0.07799871 -0.08467869 0.0028125
v 0.082194045 -0.08326242 0.0028125
v 0.083507325 -0.08474037 0.0028125
v 0.079447815 -0.08614281 0.0028125
v 0.084906645 -0.086200335 0.0028125
v 0.08096292 -0.08757132 0.0028125
v 0.08639043 -0.087643995 0.0028125
v 0.081131985 -0.087724875 0.0028125
v 0.081325365 -0.087902055 0.0028125
v 0.081535605 -0.088099635 0.0028125
v 0.081756465 -0.088317075 0.0028125
v 0.081983985 -0.088555275 0.0028125
v 0.0822258 -0.088826505 0.0028125
v 0.08795673 -0.089069685 0.0028125
v 0.08249037 -0.0891483 0.0028125
v 0.08277756 -0.08953773 0.0028125
v 0.083057805 -0.09000522 0.0028125
v 0.08961585 -0.090474765 0.0028125
v 0.083270655 -0.09056586 0.0028125
v 0.083334975 -0.091209435 0.0028125
v 0.08314356 -0.091819965 0.0028125
v 0.091376355 -0.09185703 0.0028125
v 0.08269404 -0.09228102 0.0028125
v 0.08214699 -0.092571885 0.0028125
v 0.08160264 -0.0927282 0.0028125
v 0.08110041 -0.09280491 0.0028125
v 0.09323439 -0.0932175 0.0028125
v 0.08065368 -0.09284277 0.0028125
v 0.08026731 -0.0928581 0.0028125
v 0.079923825 -0.092859045 0.0028125
v 0.035808495 -0.09300921 0.0028125
v 0.07959903 -0.09284919 0.0028125
v 0.03318504 -0.09437142 0.0028125
v 0.09518868 -0.094556475 0.0028125
v 0.03276957 -0.094562625 0.0028125
v 0.032322255 -0.09475512 0.0028125
v 0.03181008 -0.094949625 0.0028125
v 0.03121485 -0.09513276 0.0028125
v 0.030544125 -0.095279925 0.0028125
v 0.07927926 -0.09283005 0.0028125
v 0.078967065 -0.09280515 0.0028125
v 0.078675705 -0.09277926 0.0028125
v 0.075460065 -0.09251826 0.0028125
v 0.07216125 -0.092318595 0.0028125
v 0.05769261 -0.09216603 0.0028125
v 0.06531405 -0.092103285 0.0028125
v 0.057223335 -0.09216549 0.0028125
v 0.056711715 -0.092133915 0.0028125
v 0.056170965 -0.092048745 0.0028125
v 0.055600155 -0.091892175 0.0028125
v 0.05499813 -0.091605195 0.0028125
v 0.038311545 -0.09144819 0.0028125
v 0.054461985 -0.09110472 0.0028125
v 0.05418708 -0.09047181 0.0028125
v 0.054170805 -0.089846145 0.0028125
v 0.040685565 -0.089693715 0.0028125
v 0.05430063 -0.089318085 0.0028125
v 0.05448849 -0.088883625 0.0028125
v 0.05468826 -0.088521705 0.0028125
v 0.054887685 -0.08821737 0.0028125
v 0.05508117 -0.08795961 0.0028125
v 0.042922005 -0.087751155 0.0028125
v 0.055262265 -0.08774064 0.0028125
v 0.055427595 -0.08755341 0.0028125
v 0.055578735 -0.08738892 0.0028125
v 0.0557193 -0.087238995 0.0028125
v 0.055853715 -0.087096735 0.0028125
v 0.044536605 -0.08618541 0.0028125
v 0.05770137 -0.08508366 0.0028125
v 0.046145865 -0.0845283 0.0028125
v 0.059459745 -0.0830691 0.0028125
v 0.04627956 -0.084385935 0.0028125
v 0.046416465 -0.08423826 0.0028125
v 0.046561905 -0.084077745 0.0028125
v 0.04672062 -0.083895585 0.0028125
v 0.04689507 -0.0836823 0.0028125
v 0.04708251 -0.083431155 0.0028125
v 0.047276595 -0.083135865 0.0028125
v 0.04747218 -0.08278704 0.0028125
v 0.06112884 -0.081053055 0.0028125
v 0.047661435 -0.082371525 0.0028125
v 0.04781073 -0.0818706 0.0028125
v 0.047847795 -0.081268305 0.0028125
v 0.047657685 -0.080623305 0.0028125
v 0.062708685 -0.079035525 0.0028125
v 0.04717866 -0.08007372 0.0028125
v 0.046562535 -0.0797355 0.0028125
v 0.04596504 -0.07956489 0.0028125
v 0.04542786 -0.07947891 0.0028125
v 0.044950875 -0.07944756 0.0028125
v 0.04453164 -0.079447335 0.0028125
v 0.037624695 -0.079158375 0.0028125
v 0.040713195 -0.07945416 0.0028125
v 0.03456564 -0.078581865 0.0028125
v 0.064199235 -0.07701651 0.0028125
v 0.031573275 -0.07773468 0.0028125
v 0.028684845 -0.07662678 0.0028125
v 0.06560052 -0.074996025 0.0028125
v 0.04246782 -0.07546875 0.0028125
v 0.042287625 -0.07543224 0.0028125
v 0.042648015 -0.07543224 0.0028125
v 0.042798705 -0.075330885 0.0028125
v 0.04289967 -0.075181665 0.0028125
v 0.04293657 -0.075 0.0028125
v 0.04289967 -0.074818335 0.0028125
v 0.065848455 -0.074634795 0.0028125
v 0.042798705 -0.074669115 0.0028125
v 0.042648015 -0.07456776 0.0028125
v 0.04246782 -0.07453125 0.0028125
v 0.042287625 -0.07456776 0.0028125
v 0.02442717 -0.07461804 0.0028125
v 0.042136935 -0.074669115 0.0028125
v 0.0248952 -0.07476234 0.0028125
v 0.04203597 -0.074818335 0.0028125
v 0.025279395 -0.07493136 0.0028125
v 0.04199907 -0.075 0.0028125
v 0.025605465 -0.07510017 0.0028125
v 0.04203597 -0.075181665 0.0028125
v 0.025887915 -0.075254865 0.0028125
v 0.042136935 -0.075330885 0.0028125
v 0.044163525 -0.07945935 0.0028125
v 0.043843545 -0.079472565 0.0028125
v 0.05811249 -0.0921564 0.0028125
v 0.07467546 -0.07153977 0.0028125
v 0.01345608 -0.07076349 0.0028125
v 0.07421304 -0.07032321 0.0028125
v 0.043748415 -0.070461585 0.0028125
v 0.04620804 -0.070218285 0.0028125
v 0.041284095 -0.07046652 0.0028125
v 0.038823195 -0.07023216 0.0028125
v 0.036404055 -0.06976215 0.0028125
v 0.024834255 -0.06973926 0.0028125
v 0.03403425 -0.06905883 0.0028125
v 0.02465406 -0.06970275 0.0028125
v 0.02450337 -0.069601395 0.0028125
v 0.02440242 -0.069452175 0.0028125
v 0.01317939 -0.069282825 0.0028125
v 0.024365505 -0.06927051 0.0028125
v 0.02440242 -0.069088845 0.0028125
v 0.02450337 -0.068939625 0.0028125
v 0.02465406 -0.06883827 0.0028125
v 0.024834255 -0.06880176 0.0028125
v 0.03175617 -0.068134275 0.0028125
v 0.025014465 -0.06883827 0.0028125
v 0.01287834 -0.06776001 0.0028125
v 0.02956224 -0.066986445 0.0028125
v 0.029142165 -0.066726705 0.0028125
v 0.028694475 -0.06638466 0.0028125
v 0.012551805 -0.06619482 0.0028125
v 0.02825052 -0.06588897 0.0028125
v 0.027913725 -0.06522723 0.0028125
v 0.02782572 -0.06485247 0.0028125
v 0.01219767 -0.06458685 0.0028125
v 0.027800805 -0.064464555 0.0028125
v 0.027846465 -0.06407289 0.0028125
v 0.027943875 -0.06370941 0.0028125
v 0.028249155 -0.06309987 0.0028125
v 0.0118188 -0.06293667 0.0028125
v 0.02860734 -0.06264363 0.0028125
v 0.028965075 -0.06227241 0.0028125
v 0.02472507 -0.0618942 0.0028125
v 0.03009999 -0.06118233 0.0028125
v 0.02433366 -0.061888725 0.0028125
v 0.023945355 -0.0618216 0.0028125
v 0.02357274 -0.06168648 0.0028125
v 0.02322789 -0.06150192 0.0028125
v 0.01141845 -0.061244955 0.0028125
v 0.02267025 -0.061033605 0.0028125
v 0.02224719 -0.060526845 0.0028125
v 0.010999845 -0.059512335 0.0028125
v 0.020838675 -0.05849538 0.0028125
v 0.010565865 -0.05773941 0.0028125
v 0.01964013 -0.05635104 0.0028125
v 0.010114395 -0.05592576 0.0028125
v 0.0186483 -0.054086355 0.0028125
v 0.013936125 -0.05473926 0.0028125
v 0.01411632 -0.05470275 0.0028125
v 0.01375593 -0.05470275 0.0028125
v 0.01360524 -0.054601395 0.0028125
v 0.013504275 -0.054452175 0.0028125
v 0.013467375 -0.05427051 0.0028125
v 0.013504275 -0.054088845 0.0028125
v 0.00964431 -0.054071145 0.0028125
v 0.01360524 -0.053939625 0.0028125
v 0.01375593 -0.05383827 0.0028125
v 0.013936125 -0.05380176 0.0028125
v 0.009155595 -0.052175565 0.0028125
v 0.017881785 -0.05174322 0.0028125
v 0.01411632 -0.05383827 0.0028125
v 0.008648265 -0.05023902 0.0028125
v 0.017344065 -0.049329075 0.0028125
v 0.008122335 -0.04826151 0.0028125
v 0.017043615 -0.04688226 0.0028125
v 0.007517955 -0.04564662 0.0028125
v 0.016980495 -0.044410785 0.0028125
v 0.00692547 -0.04309635 0.0028125
v 0.01715586 -0.04195944 0.0028125
v 0.006344865 -0.040610715 0.0028125
v 0.01756944 -0.03952026 0.0028125
v 0.01768566 -0.039044085 0.0028125
v 0.017872035 -0.03851256 0.0028125
v 0.005776155 -0.038189685 0.0028125
v 0.01820295 -0.037940055 0.0028125
v 0.018723165 -0.037416195 0.0028125
v 0.01904916 -0.037215735 0.0028125
v 0.019408035 -0.037070385 0.0028125
v 0.019794405 -0.03699003 0.0028125
v 0.013936125 -0.03619824 0.0028125
v 0.02017332 -0.036968385 0.0028125
v 0.01375593 -0.03616173 0.0028125
v 0.01360524 -0.036060375 0.0028125
v 0.013504275 -0.035911155 0.0028125
v 0.00522456 -0.03583278 0.0028125
v 0.013467375 -0.03572949 0.0028125
v 0.013504275 -0.035547825 0.0028125
v 0.01360524 -0.035398605 0.0028125
v 0.01375593 -0.03529725 0.0028125
v 0.013936125 -0.03526074 0.0028125
v 0.0218661 -0.03451371 0.0028125
v 0.022410945 -0.03485517 0.0028125
v 0.021338715 -0.034030515 0.0028125
v 0.021116985 -0.03372558 0.0028125
v 0.004701795 -0.033538875 0.0028125
v 0.0209307 -0.03336771 0.0028125
v 0.020802075 -0.03298653 0.0028125
v 0.020749845 -0.032587905 0.0028125
v 0.02075979 -0.03218445 0.0028125
v 0.02082486 -0.031811745 0.0028125
v 0.004187865 -0.03130989 0.0028125
v 0.021090825 -0.031137255 0.0028125
v 0.021452385 -0.03056709 0.0028125
v 0.003659835 -0.029148 0.0028125
v 0.02295102 -0.02859771 0.0028125
v 0.0030957 -0.02705532 0.0028125
v 0.02462151 -0.02679396 0.0028125
v 0.02647008 -0.025150515 0.0028125
v 0.00250752 -0.02503029 0.0028125
v 0.02846202 -0.02369781 0.0028125
v 0.01378998 -0.02404302 0.0028125
v 0.0145326 -0.023887815 0.0028125
v 0.01305687 -0.023910825 0.0028125
v 0.012470115 -0.023531085 0.0028125
v 0.001900005 -0.0230727 0.0028125
v 0.012066405 -0.023050425 0.0028125
v 0.01180764 -0.022587495 0.0028125
v 0.011624235 -0.02213817 0.0028125
v 0.01148985 -0.021669885 0.0028125
v 0.01139229 -0.02119326 0.0028125
v 0.00126405 -0.021184035 0.0028125
v 0.011316435 -0.020735775 0.0028125
v 0.00059052 -0.01936578 0.0028125
v 0.01091253 -0.018064905 0.0028125
v -0.000124395 -0.017619645 0.0028125
v 0.01055484 -0.01543374 0.0028125
v -0.000874245 -0.015945315 0.0028125
v -0.00165948 -0.01434009 0.0028125
v 0.01024332 -0.012842265 0.0028125
v -0.00248082 -0.01280118 0.0028125
v 0.009977685 -0.01029057 0.0028125
v -0.00333885 -0.011326155 0.0028125
v -0.00423324 -0.009916455 0.0028125
v 0.009587385 -0.00530574 0.0028125
v -0.005163825 -0.00857271 0.0028125
v -0.007133535 -0.00608304 0.0028125
v -0.00809298 -0.004729995 0.0028125
v 0.00938637 -0.000478695 0.0028125
v 0.00036864 -0.0020766 0.0028125
v 0.001055985 -0.001824225 0.0028125
v -0.008790015 -0.003257895 0.0028125
v -0.00036864 -0.0020766 0.0028125
v -0.001055985 -0.001824225 0.0028125
v -0.00922563 -0.00166314 0.0028125
v -0.001613835 -0.001355325 0.0028125
v -0.00197943 -0.0007275 0.0028125
v -0.00937347 -2.9925e-05 0.0028125
v -0.002109375 0 0.0028125
v -0.00197943 0.0007275 0.0028125
v -0.001613835 0.001355325 0.0028125
v -0.00923541 0.001611795 0.0028125
v -0.001055985 0.001824225 0.0028125
v -0.00036864 0.0020766 0.0028125
v 0.01100208 0.002761725 0.0028125
v 0.0106419 0.00257241 0.0028125
v 0.011402175 0.00289299 0.0028125
v 0.011843385 0.002968215 0.0028125
v -0.008809215 0.00320322 0.0028125
v 0.012308685 0.00298407 0.0028125
v 0.027502425 0.003381495 0.0028125
v 0.02689458 0.00297702 0.0028125
v 0.02821782 0.003523245 0.0028125
v -0.00811689 0.00468981 0.0028125
v 0.03391578 0.0065268 0.0028125
v -0.00716685 0.00604272 0.0028125
v 0.0289332 0.003381495 0.0028125
v 0.03697044 0.00318492 0.0028125
v 0.02954106 0.00297702 0.0028125
v 0.02994864 0.002370645 0.0028125
v 0.03009282 0.00165 0.0028125
v 0.038623515 0.001523205 0.0028125
v 0.02994864 0.000929355 0.0028125
v 0.02954106 0.00032298 0.0028125
v 0.0289332 -8.1495e-05 0.0028125
v 0.040360395 -0.000132345 0.0028125
v 0.02821782 -0.000223245 0.0028125
v 0.021367575 -0.00140328 0.0028125
v 0.020922915 -9.1965e-05 0.0028125
v 0.042181965 -0.00178128 0.0028125
v 0.02204286 -0.002605935 0.0028125
v 0.04409616 -0.00341922 0.0028125
v 0.022926585 -0.00366495 0.0028125
v 0.02399043 -0.004544715 0.0028125
v 0.04609653 -0.005049705 0.0028125
v 0.02520855 -0.005219805 0.0028125
v 0.02758278 -0.006295485 0.0028125
v 0.048172455 -0.006678585 0.0028125
v 0.029982075 -0.007453245 0.0028125
v 0.03026385 -0.007594635 0.0028125
v 0.030571785 -0.007755975 0.0028125
v 0.030899145 -0.0079443 0.0028125
v 0.031247205 -0.00817629 0.0028125
v 0.0503133 -0.00831168 0.0028125
v 0.03161883 -0.00847629 0.0028125
v 0.03200979 -0.00887211 0.0028125
v 0.032377905 -0.009420945 0.0028125
v 0.032508855 -0.00975834 0.0028125
v 0.0525126 -0.00995256 0.0028125
v 0.03258129 -0.010127445 0.0028125
v 0.032568 -0.010500165 0.0028125
v 0.0324819 -0.01085862 0.0028125
v 0.032142495 -0.011459475 0.0028125
v 0.054778335 -0.011596845 0.0028125
v 0.031725315 -0.01188054 0.0028125
v 0.031321485 -0.01218225 0.0028125
v 0.030946095 -0.012407355 0.0028125
v 0.03059976 -0.012579465 0.0028125
v 0.03028563 -0.0127158 0.0028125
v 0.030002805 -0.012829785 0.0028125
v 0.029752635 -0.012928605 0.0028125
v 0.057111345 -0.013244055 0.0028125
v 0.027255645 -0.01403571 0.0028125
v 0.04246782 -0.01453125 0.0028125
v 0.024869715 -0.015325815 0.0028125
v 0.042648015 -0.01456776 0.0028125
v 0.042798705 -0.014669115 0.0028125
v 0.04289967 -0.014818335 0.0028125
v 0.05951163 -0.014894205 0.0028125
v 0.04293657 -0.015 0.0028125
v 0.04289967 -0.015181665 0.0028125
v 0.042798705 -0.015330885 0.0028125
v 0.042648015 -0.01543224 0.0028125
v 0.04246782 -0.01546875 0.0028125
v 0.061979175 -0.01654728 0.0028125
v 0.022588725 -0.01680333 0.0028125
v 0.042287625 -0.01543224 0.0028125
v 0.06440538 -0.018375 0.0028125
v 0.02043105 -0.018455115 0.0028125
v 0.0405234 -0.019588605 0.0028125
v 0.01841511 -0.020268 0.0028125
v 0.041133435 -0.019614555 0.0028125
v 0.041814525 -0.01978932 0.0028125
v 0.042154005 -0.019954935 0.0028125
v 0.042475575 -0.02017536 0.0028125
v 0.06010137 -0.02026074 0.0028125
v 0.04865229 -0.02034096 0.0028125
v 0.06028158 -0.02029725 0.0028125
v 0.066642795 -0.02038671 0.0028125
v 0.06043227 -0.020398605 0.0028125
v 0.06053322 -0.020547825 0.0028125
v 0.06057012 -0.02072949 0.0028125
v 0.06053322 -0.020911155 0.0028125
v 0.06043227 -0.021060375 0.0028125
v 0.06028158 -0.02116173 0.0028125
v 0.06010137 -0.02119824 0.0028125
v 0.054260685 -0.022397385 0.0028125
v 0.05203215 -0.021368055 0.0028125
v 0.068697885 -0.02259051 0.0028125
v 0.05639277 -0.023645175 0.0028125
v 0.070558035 -0.02497059 0.0028125
v 0.05838924 -0.025088895 0.0028125
v 0.060243 -0.02672463 0.0028125
v 0.07219662 -0.027495915 0.0028125
v 0.061924965 -0.02852727 0.0028125
v 0.073615095 -0.030165315 0.0028125
v 0.06343023 -0.030490365 0.0028125
v 0.06473088 -0.032578635 0.0028125
v 0.074789115 -0.032935845 0.0028125
v 0.065831955 -0.034798305 0.0028125
v 0.070999515 -0.03526074 0.0028125
v 0.066029115 -0.035282895 0.0028125
v 0.07117971 -0.03529725 0.0028125
v 0.0713304 -0.035398605 0.0028125
v 0.071431365 -0.035547825 0.0028125
v 0.071468265 -0.03572949 0.0028125
v 0.07572105 -0.035811315 0.0028125
v 0.071431365 -0.035911155 0.0028125
v 0.0713304 -0.036060375 0.0028125
v 0.07117971 -0.03616173 0.0028125
v 0.070999515 -0.03619824 0.0028125
v 0.066201555 -0.03690417 0.0028125
v 0.06624627 -0.036531915 0.0028125
v 0.066098685 -0.03728709 0.0028125
v 0.065923305 -0.03764925 0.0028125
v 0.06569328 -0.037974345 0.0028125
v 0.0651372 -0.03845328 0.0028125
v 0.064568835 -0.0387294 0.0028125
v 0.076395405 -0.038743785 0.0028125
v 0.064034565 -0.03887664 0.0028125
v 0.06354423 -0.03896304 0.0028125
v 0.06198516 -0.03917787 0.0028125
v 0.06047433 -0.03933753 0.0028125
v 0.05900763 -0.03944166 0.0028125
v 0.028083195 -0.04136421 0.0028125
v 0.057587145 -0.039490455 0.0028125
v 0.06507615 -0.041376795 0.0028125
v 0.02907669 -0.042157815 0.0028125
v 0.065506395 -0.041386455 0.0028125
v 0.065953395 -0.04144485 0.0028125
v 0.066375105 -0.04157277 0.0028125
v 0.076812435 -0.041737755 0.0028125
v 0.066764085 -0.041769675 0.0028125
v 0.0670884 -0.04201305 0.0028125
v 0.067559775 -0.04259874 0.0028125
v 0.067818285 -0.043219875 0.0028125
v 0.067923915 -0.04380096 0.0028125
v 0.06795312 -0.044323905 0.0028125
v 0.076966695 -0.04474413 0.0028125
v 0.0678987 -0.046794015 0.0028125
v 0.076856385 -0.04776264 0.0028125
v 0.06760809 -0.0492327 0.0028125
v 0.07648461 -0.05075328 0.0028125
v 0.067079475 -0.05164803 0.0028125
v 0.075852195 -0.053696175 0.0028125
v 0.070999515 -0.05380176 0.0028125
v 0.066322485 -0.053994405 0.0028125
v 0.07117971 -0.05383827 0.0028125
v 0.0713304 -0.053939625 0.0028125
v 0.071431365 -0.054088845 0.0028125
v 0.071468265 -0.05427051 0.0028125
v 0.071431365 -0.054452175 0.0028125
v 0.0713304 -0.054601395 0.0028125
v 0.07117971 -0.05470275 0.0028125
v 0.065338695 -0.05626353 0.0028125
v 0.070999515 -0.05473926 0.0028125
v 0.074958705 -0.05660148 0.0028125
v 0.06414366 -0.05841978 0.0028125
v 0.07431489 -0.05841027 0.0028125
v 0.073742595 -0.060281175 0.0028125
v 0.062742045 -0.06045663 0.0028125
v 0.07335321 -0.062163855 0.0028125
v 0.061159005 -0.062337195 0.0028125
v 0.073187835 -0.064051755 0.0028125
v 0.05939013 -0.064068105 0.0028125
v 0.059130435 -0.064292805 0.0028125
v 0.05882988 -0.06452568 0.0028125
v 0.05846112 -0.06475713 0.0028125
v 0.057991815 -0.06496053 0.0028125
v 0.057402075 -0.0650826 0.0028125
v 0.052972335 -0.06560973 0.0028125
v 0.05670183 -0.06503766 0.0028125
v 0.07324911 -0.06599364 0.0028125
v 0.05311512 -0.0663129 0.0028125
v 0.05311407 -0.06669747 0.0028125
v 0.073375635 -0.06701001 0.0028125
v 0.05305395 -0.06708828 0.0028125
v 0.05291811 -0.06747768 0.0028125
v 0.052724265 -0.067841445 0.0028125
v 0.073572645 -0.0680649 0.0028125
v 0.05247885 -0.068150355 0.0028125
v 0.052199175 -0.068411775 0.0028125
v 0.05159532 -0.068784975 0.0028125
v 0.06010137 -0.06880176 0.0028125
v 0.050986215 -0.069029025 0.0028125
v 0.06028158 -0.06883827 0.0028125
v 0.06043227 -0.068939625 0.0028125
v 0.06053322 -0.069088845 0.0028125
v 0.07385103 -0.069168525 0.0028125
v 0.06057012 -0.06927051 0.0028125
v 0.06053322 -0.069452175 0.0028125
v 0.06043227 -0.069601395 0.0028125
v 0.06028158 -0.06970275 0.0028125
v 0.06010137 -0.06973926 0.0028125
v 0.04861797 -0.069741 0.0028125
v 0.059921175 -0.06970275 0.0028125
v 0.059770485 -0.069601395 0.0028125
v 0.059669535 -0.069452175 0.0028125
v 0.05963262 -0.06927051 0.0028125
v 0.059669535 -0.069088845 0.0028125
v 0.059770485 -0.068939625 0.0028125
v 0.059921175 -0.06883827 0.0028125
v 0.052731195 -0.06499647 0.0028125
v 0.05632584 -0.064916505 0.0028125
v 0.05596446 -0.064726995 0.0028125
v 0.05564784 -0.06449193 0.0028125
v 0.05538567 -0.06423204 0.0028125
v 0.054997005 -0.063690585 0.0028125
v 0.052111935 -0.063671595 0.0028125
v 0.05472228 -0.063179355 0.0028125
v 0.051468735 -0.06242508 0.0028125
v 0.05403618 -0.06176295 0.0028125
v 0.05079825 -0.061253985 0.0028125
v 0.05341746 -0.060375405 0.0028125
v 0.05010351 -0.06016095 0.0028125
v 0.05286519 -0.059012685 0.0028125
v 0.049405455 -0.05916492 0.0028125
v 0.048701715 -0.05826492 0.0028125
v 0.052379835 -0.057676785 0.0028125
v 0.048003945 -0.057463455 0.0028125
v 0.05196816 -0.056396475 0.0028125
v 0.04731426 -0.05676321 0.0028125
v 0.046636665 -0.05616 0.0028125
v 0.051630885 -0.05517048 0.0028125
v 0.04597695 -0.05565285 0.0028125
v 0.045334455 -0.055239435 0.0028125
v 0.044714565 -0.05491089 0.0028125
v 0.051366015 -0.05400861 0.0028125
v 0.04411641 -0.05466897 0.0028125
v 0.04354245 -0.054499665 0.0028125
v 0.04299306 -0.05440092 0.0028125
v 0.04246782 -0.054375 0.0028125
v 0.032325045 -0.054116715 0.0028125
v 0.041790495 -0.05440458 0.0028125
v 0.032777925 -0.053244375 0.0028125
v 0.051174615 -0.05291715 0.0028125
v 0.03314223 -0.05241354 0.0028125
v 0.051053655 -0.05189535 0.0028125
v 0.03342072 -0.05162937 0.0028125
v 0.05099874 -0.050948835 0.0028125
v 0.03361536 -0.050890545 0.0028125
v 0.05101056 -0.050076255 0.0028125
v 0.033736275 -0.050199465 0.0028125
v 0.033781515 -0.049555815 0.0028125
v 0.05107881 -0.04927677 0.0028125
v 0.03376518 -0.0489576 0.0028125
v 0.0512028 -0.048550335 0.0028125
v 0.033689325 -0.048404595 0.0028125
v 0.05138397 -0.04789704 0.0028125
v 0.03355167 -0.04789704 0.0028125
v 0.05157093 -0.047405505 0.0028125
v 0.033314235 -0.047262015 0.0028125
v 0.051834615 -0.04691352 0.0028125
v 0.03298755 -0.046601445 0.0028125
v 0.052173 -0.046419975 0.0028125
v 0.04272717 -0.046140825 0.0028125
v 0.05258793 -0.045925845 0.0028125
v 0.04220847 -0.046140825 0.0028125
v 0.04173996 -0.045916725 0.0028125
v 0.03257286 -0.04591452 0.0028125
v 0.041413875 -0.045511845 0.0028125
v 0.03206952 -0.045201645 0.0028125
v 0.041295945 -0.045 0.0028125
v 0.041413875 -0.044488155 0.0028125
v 0.031468755 -0.044468175 0.0028125
v 0.04173996 -0.044083275 0.0028125
v 0.04220847 -0.043859175 0.0028125
v 0.030770295 -0.043712625 0.0028125
v 0.056032035 -0.04358625 0.0028125
v 0.04272717 -0.043859175 0.0028125
v 0.0570099 -0.0431703 0.0028125
v 0.0299739 -0.042942105 0.0028125
v 0.0580833 -0.042779115 0.0028125
v 0.059246295 -0.04242303 0.0028125
v 0.06050052 -0.042100035 0.0028125
v 0.06182148 -0.041824275 0.0028125
v 0.063205755 -0.041597745 0.0028125
v 0.064657155 -0.041418195 0.0028125
v 0.055152915 -0.044025795 0.0028125
v 0.04319568 -0.044083275 0.0028125
v 0.054369855 -0.04448382 0.0028125
v 0.043521765 -0.044488155 0.0028125
v 0.053683665 -0.044954535 0.0028125
v 0.043639695 -0.045 0.0028125
v 0.053091945 -0.045437835 0.0028125
v 0.043521765 -0.045511845 0.0028125
v 0.04319568 -0.045916725 0.0028125
v 0.031778415 -0.05502801 0.0028125
v 0.0410613 -0.05451114 0.0028125
v 0.04027983 -0.054693285 0.0028125
v 0.039446295 -0.054951705 0.0028125
v 0.038563065 -0.05529642 0.0028125
v 0.03113991 -0.05597544 0.0028125
v 0.03762864 -0.05572722 0.0028125
v 0.03664974 -0.05624655 0.0028125
v 0.030408285 -0.056947155 0.0028125
v 0.03562656 -0.0568575 0.0028125
v 0.034564785 -0.057557145 0.0028125
v 0.02958336 -0.057945735 0.0028125
v 0.033474315 -0.058344345 0.0028125
v 0.028676775 -0.05894529 0.0028125
v 0.03235371 -0.05921883 0.0028125
v 0.027690105 -0.059942115 0.0028125
v 0.03122835 -0.06016518 0.0028125
v 0.026621595 -0.06094029 0.0028125
v 0.02610234 -0.061366725 0.0028125
v 0.025467375 -0.061720635 0.0028125
v 0.07081932 -0.05470275 0.0028125
v 0.07066863 -0.054601395 0.0028125
v 0.070567665 -0.054452175 0.0028125
v 0.070530765 -0.05427051 0.0028125
v 0.070567665 -0.054088845 0.0028125
v 0.07066863 -0.053939625 0.0028125
v 0.07081932 -0.05383827 0.0028125
v 0.0269976 -0.04057041 0.0028125
v 0.025819725 -0.03977493 0.0028125
v 0.056242275 -0.039486345 0.0028125
v 0.054972075 -0.039428265 0.0028125
v 0.0537852 -0.039321135 0.0028125
v 0.052688025 -0.039165885 0.0028125
v 0.024571935 -0.038997075 0.0028125
v 0.05167884 -0.038965155 0.0028125
v 0.050761695 -0.0387249 0.0028125
v 0.03336729 -0.03844428 0.0028125
v 0.049935465 -0.038444025 0.0028125
v 0.032535465 -0.03842175 0.0028125
v 0.031632735 -0.038332035 0.0028125
v 0.023255805 -0.038238195 0.0028125
v 0.030663165 -0.038170905 0.0028125
v 0.029627565 -0.037932645 0.0028125
v 0.02852922 -0.037618185 0.0028125
v 0.0218682 -0.03749559 0.0028125
v 0.027379035 -0.03722268 0.0028125
v 0.02140158 -0.037268745 0.0028125
v 0.02085426 -0.03706869 0.0028125
v 0.026174505 -0.03674676 0.0028125
v 0.024943725 -0.036193425 0.0028125
v 0.01411632 -0.03616173 0.0028125
v 0.02369067 -0.035563035 0.0028125
v 0.01426701 -0.036060375 0.0028125
v 0.014367975 -0.035911155 0.0028125
v 0.014404875 -0.03572949 0.0028125
v 0.014367975 -0.035547825 0.0028125
v 0.01426701 -0.035398605 0.0028125
v 0.01411632 -0.03529725 0.0028125
v 0.03413007 -0.03840108 0.0028125
v 0.049196205 -0.038132055 0.0028125
v 0.034824675 -0.03830253 0.0028125
v 0.03545079 -0.03814665 0.0028125
v 0.03601467 -0.037946265 0.0028125
v 0.048543645 -0.03778965 0.0028125
v 0.03651717 -0.03770322 0.0028125
v 0.04797831 -0.03741546 0.0028125
v 0.03695733 -0.03741546 0.0028125
v 0.047568615 -0.03708576 0.0028125
v 0.037487895 -0.03699342 0.0028125
v 0.047182185 -0.036682965 0.0028125
v 0.03801519 -0.036478605 0.0028125
v 0.046817355 -0.03620862 0.0028125
v 0.03854034 -0.03587193 0.0028125
v 0.04647564 -0.035661315 0.0028125
v 0.03906279 -0.035172945 0.0028125
v 0.046167255 -0.03503115 0.0028125
v 0.03957471 -0.03437493 0.0028125
v 0.04589046 -0.03431904 0.0028125
v 0.04565484 -0.03352098 0.0028125
v 0.04007745 -0.033477165 0.0028125
v 0.045461205 -0.032634705 0.0028125
v 0.040564155 -0.03248166 0.0028125
v 0.045314835 -0.031662795 0.0028125
v 0.041032815 -0.031385985 0.0028125
v 0.045221415 -0.03060426 0.0028125
v 0.041480565 -0.0301959 0.0028125
v 0.045181095 -0.029462505 0.0028125
v 0.041900055 -0.028918125 0.0028125
v 0.04520181 -0.028246395 0.0028125
v 0.04229262 -0.027552075 0.0028125
v 0.04528221 -0.026953755 0.0028125
v 0.042646815 -0.02612499 0.0028125
v 0.04542813 -0.025612215 0.0028125
v 0.04296183 -0.024638775 0.0028125
v 0.045640455 -0.02422569 0.0028125
v 0.0432393 -0.023089605 0.0028125
v 0.04591821 -0.02278986 0.0028125
v 0.043308585 -0.02259726 0.0028125
v 0.04601883 -0.02234859 0.0028125
v 0.04333401 -0.022049205 0.0028125
v 0.04617348 -0.021915825 0.0028125
v 0.04638279 -0.02149722 0.0028125
v 0.043249455 -0.021428505 0.0028125
v 0.04665684 -0.02113419 0.0028125
v 0.0469713 -0.020838255 0.0028125
v 0.042973935 -0.02075883 0.0028125
v 0.047311935 -0.020619345 0.0028125
v 0.042750135 -0.020448225 0.0028125
v 0.04800585 -0.02037975 0.0028125
v 0.07081932 -0.03616173 0.0028125
v 0.07066863 -0.036060375 0.0028125
v 0.070567665 -0.035911155 0.0028125
v 0.066192075 -0.03585234 0.0028125
v 0.070530765 -0.03572949 0.0028125
v 0.070567665 -0.035547825 0.0028125
v 0.07066863 -0.035398605 0.0028125
v 0.07081932 -0.03529725 0.0028125
v 0.059921175 -0.02116173 0.0028125
v 0.059770485 -0.021060375 0.0028125
v 0.059669535 -0.020911155 0.0028125
v 0.05963262 -0.02072949 0.0028125
v 0.049700205 -0.02055312 0.0028125
v 0.059669535 -0.020547825 0.0028125
v 0.049211175 -0.020422815 0.0028125
v 0.059770485 -0.020398605 0.0028125
v 0.059921175 -0.02029725 0.0028125
v 0.039985335 -0.0196269 0.0028125
v 0.037538415 -0.019987215 0.0028125
v 0.024834255 -0.02026074 0.0028125
v 0.02465406 -0.02029725 0.0028125
v 0.025014465 -0.02029725 0.0028125
v 0.02516514 -0.020398605 0.0028125
v 0.025266105 -0.020547825 0.0028125
v 0.03515385 -0.020577525 0.0028125
v 0.025303005 -0.02072949 0.0028125
v 0.025266105 -0.020911155 0.0028125
v 0.02516514 -0.021060375 0.0028125
v 0.025014465 -0.02116173 0.0028125
v 0.024834255 -0.02119824 0.0028125
v 0.032824275 -0.0214005 0.0028125
v 0.01653477 -0.022246395 0.0028125
v 0.02465406 -0.02116173 0.0028125
v 0.030591165 -0.022441425 0.0028125
v 0.01627611 -0.02254113 0.0028125
v 0.01597359 -0.022870335 0.0028125
v 0.015605475 -0.023220105 0.0028125
v 0.01513614 -0.023572275 0.0028125
v 0.02450337 -0.021060375 0.0028125
v 0.02440242 -0.020911155 0.0028125
v 0.024365505 -0.02072949 0.0028125
v 0.02440242 -0.020547825 0.0028125
v 0.02450337 -0.020398605 0.0028125
v 0.042136935 -0.015330885 0.0028125
v 0.04203597 -0.015181665 0.0028125
v 0.04199907 -0.015 0.0028125
v 0.04203597 -0.014818335 0.0028125
v 0.042136935 -0.014669115 0.0028125
v 0.042287625 -0.01456776 0.0028125
v 0.027502425 -8.1495e-05 0.0028125
v 0.02689458 0.00032298 0.0028125
v 0.020717505 0.000667395 0.0028125
v 0.026487 0.000929355 0.0028125
v 0.02031582 0.00135564 0.0028125
v 0.02634282 0.00165 0.0028125
v 0.01971306 0.00184728 0.0028125
v 0.026487 0.002370645 0.0028125
v 0.01897467 0.00211635 0.0028125
v 0.018204825 0.00220458 0.0028125
v 0.01577685 0.00244158 0.0028125
v 0.01330704 0.002836605 0.0028125
v 0.01279569 0.002939985 0.0028125
v 0.014615085 0.00679416 0.0028125
v 0.015859455 0.0068055 0.0028125
v 0.0133278 0.006833835 0.0028125
v 0.01199241 0.00691398 0.0028125
v 0.010614975 0.007041915 0.0028125
v -0.006003585 0.00719859 0.0028125
v 0.00920592 0.007237005 0.0028125
v 0.007773045 0.007513725 0.0028125
v 0.006311535 0.007863135 0.0028125
v -0.00465138 0.008139735 0.0028125
v 0.004820475 0.00828357 0.0028125
v 0.00329991 0.00877503 0.0028125
v -0.00315405 0.008826945 0.0028125
v 0.001701525 0.00921813 0.0028125
v -0.00156765 0.00924234 0.0028125
v 8.025e-05 0.009373995 0.0028125
v 0.03293229 0.00748233 0.0028125
v 0.0170628 0.006858795 0.0028125
v 0.0182268 0.006944535 0.0028125
v 0.019352175 0.007063605 0.0028125
v 0.02043753 0.00721878 0.0028125
v 0.021481245 0.007409745 0.0028125
v 0.02248209 0.007636275 0.0028125
v 0.03180513 0.00823584 0.0028125
v 0.02344083 0.007898505 0.0028125
v 0.02523237 0.0085302 0.0028125
v 0.03055809 0.008775345 0.0028125
v 0.026529945 0.00895728 0.0028125
v 0.029228955 0.009081345 0.0028125
v 0.027871425 0.00914133 0.0028125
v 0.00036864 0.0020766 0.0028125
v 0.01005582 0.00205356 0.0028125
v 0.001055985 0.001824225 0.0028125
v 0.00966168 0.001415355 0.0028125
v 0.001613835 0.001355325 0.0028125
v 0.009453615 0.0007566 0.0028125
v 0.00197943 0.0007275 0.0028125
v 0.009384585 0.000135255 0.0028125
v 0.002109375 0 0.0028125
v 0.00197943 -0.0007275 0.0028125
v 0.001613835 -0.001355325 0.0028125
v 0.01426701 -0.053939625 0.0028125
v 0.014367975 -0.054088845 0.0028125
v 0.014404875 -0.05427051 0.0028125
v 0.014367975 -0.054452175 0.0028125
v 0.01426701 -0.054601395 0.0028125
v 0.02516514 -0.068939625 0.0028125
v 0.025266105 -0.069088845 0.0028125
v 0.025303005 -0.06927051 0.0028125
v 0.025266105 -0.069452175 0.0028125
v 0.02516514 -0.069601395 0.0028125
v 0.025014465 -0.06970275 0.0028125
v 0.01904364 -0.08679918 0.0028125
v 0.019450095 -0.087407475 0.0028125
v 0.0251892 -0.0874803 0.0028125
v 0.01959282 -0.088125 0.0028125
v 0.025188675 -0.088785525 0.0028125
v 0.019450095 -0.088842525 0.0028125
v 0.025133715 -0.08927076 0.0028125
v 0.01904364 -0.08945082 0.0028125
v 0.018435345 -0.089857275 0.0028125
v 0.01933911 -0.11577648 0.0028125
v 0.01944006 -0.1159257 0.0028125
v 0.01947696 -0.116107365 0.0028125
v 0.01944006 -0.116289045 0.0028125
v 0.01933911 -0.11643825 0.0028125
v -0.029669115 -0.127169115 0.0028125
v -0.02956815 -0.12731832 0.0028125
v -0.02953125 -0.1275 0.0028125
v -0.02956815 -0.12768168 0.0028125
v -0.029669115 -0.127830885 0.0028125
v -0.029819805 -0.12793224 0.0028125
v -0.065121615 -0.131215125 0.0028125
v -0.06632511 -0.13076484 0.0028125
v -0.080542125 -0.13021497 0.0028125
v -0.06729498 -0.130178775 0.0028125
v -0.06808389 -0.1295319 0.0028125
v -0.079683165 -0.12907641 0.0028125
v -0.06875865 -0.12890607 0.0028125
v -0.069368715 -0.128359725 0.0028125
v -0.078630105 -0.12812433 0.0028125
v -0.070555215 -0.1275564 0.0028125
v -0.07741107 -0.127384155 0.0028125
v -0.07185417 -0.126999045 0.0028125
v -0.07607334 -0.126889815 0.0028125
v -0.07324713 -0.12669261 0.0028125
v -0.074672895 -0.126657225 0.0028125
f 1 2 3
f 1 4 2
f 5 1 3
f 5 3 6
f 5 6 7
f 8 5 7
f 8 7 9
f 8 9 10
f 11 8 10
f 11 10 12
f 12 10 13
f 14 11 12
f 14 12 15
f 16 14 15
f 16 15 17
f 18 16 17
f 18 17 19
f 20 18 19
f 21 20 19
f 22 21 19
f 23 22 19
f 23 19 24
f 25 23 24
f 26 25 24
f 27 26 24
f 28 27 24
f 28 24 29
f 28 29 30
f 29 31 30
f 28 30 32
f 28 32 33
f 28 33 34
f 28 34 35
f 28 35 36
f 28 36 37
f 28 37 38
f 39 28 38
f 39 38 40
f 39 40 41
f 42 39 41
f 42 41 43
f 44 42 43
f 45 44 43
f 45 46 44
f 47 45 43
f 48 47 43
f 49 48 43
f 49 43 50
f 50 43 51
f 52 50 51
f 53 52 51
f 54 53 51
f 55 54 51
f 55 51 56
f 57 56 51
f 55 56 58
f 59 55 58
f 60 59 58
f 61 60 58
f 62 61 58
f 63 62 58
f 64 63 58
f 46 64 58
f 46 58 44
f 57 51 65
f 51 66 65
f 57 65 67
f 57 67 68
f 69 57 68
f 69 68 70
f 69 70 71
f 69 71 72
f 73 69 72
f 73 72 74
f 73 74 75
f 76 73 75
f 76 75 77
f 76 77 78
f 76 78 79
f 80 79 78
f 76 79 81
f 82 76 81
f 82 81 83
f 82 83 84
f 82 84 85
f 82 85 86
f 82 86 87
f 82 87 88
f 82 88 89
f 82 89 90
f 82 90 91
f 82 91 92
f 82 92 93
f 82 93 94
f 95 82 94
f 95 94 96
f 95 96 97
f 95 97 98
f 95 98 99
f 100 95 99
f 100 99 101
f 100 101 102
f 100 102 103
f 100 103 104
f 105 100 104
f 105 104 106
f 106 104 107
f 105 106 108
f 109 108 106
f 108 110 105
f 110 111 105
f 111 112 105
f 112 113 105
f 113 114 105
f 114 115 105
f 114 116 115
f 116 117 115
f 116 118 117
f 118 119 117
f 118 120 119
f 121 109 106
f 121 106 122
f 106 123 122
f 124 121 122
f 125 124 122
f 126 125 122
f 126 122 127
f 126 127 128
f 129 126 128
f 129 128 130
f 129 130 131
f 132 129 131
f 132 131 133
f 132 133 134
f 132 134 135
f 136 132 135
f 136 135 137
f 138 136 137
f 138 137 139
f 139 137 140
f 141 138 139
f 141 139 142
f 143 141 142
f 144 143 142
f 145 144 142
f 146 145 142
f 146 142 147
f 148 146 147
f 149 148 147
f 150 149 147
f 150 147 151
f 152 150 151
f 153 152 151
f 153 151 154
f 153 154 155
f 153 155 156
f 157 153 156
f 157 156 158
f 157 158 159
f 157 159 160
f 160 159 161
f 157 160 162
f 163 157 162
f 163 162 164
f 163 164 165
f 166 163 165
f 166 165 167
f 166 167 168
f 166 168 169
f 166 169 170
f 166 170 171
f 166 171 172
f 173 166 172
f 173 172 174
f 173 174 175
f 173 175 176
f 173 176 177
f 176 178 177
f 173 177 179
f 173 179 180
f 173 180 181
f 173 181 182
f 173 182 183
f 184 173 183
f 184 183 185
f 184 185 186
f 184 186 187
f 184 187 188
f 189 188 187
f 184 188 190
f 191 184 190
f 191 190 192
f 190 193 192
f 191 192 194
f 191 194 195
f 191 195 196
f 191 196 197
f 198 191 197
f 198 199 191
f 198 197 200
f 201 198 200
f 202 201 200
f 202 203 201
f 202 200 204
f 202 204 205
f 202 205 206
f 202 206 207
f 202 207 208
f 202 208 209
f 202 209 210
f 211 202 210
f 211 210 212
f 211 212 213
f 211 213 214
f 211 214 215
f 216 211 215
f 216 215 217
f 216 217 218
f 219 216 218
f 219 218 220
f 221 219 220
f 221 220 222
f 223 221 222
f 223 222 224
f 225 223 224
f 226 225 224
f 226 224 227
f 228 226 227
f 228 227 229
f 230 228 229
f 230 229 231
f 232 230 231
f 232 231 233
f 234 232 233
f 234 233 235
f 236 234 235
f 237 236 235
f 237 235 238
f 239 237 238
f 239 238 240
f 241 239 240
f 241 240 242
f 243 241 242
f 244 243 242
f 245 244 242
f 246 245 242
f 247 246 242
f 248 247 242
f 248 249 247
f 250 248 242
f 250 242 251
f 250 251 252
f 252 251 253
f 250 252 254
f 250 254 255
f 250 255 256
f 250 256 257
f 258 250 257
f 258 257 259
f 258 259 260
f 258 260 261
f 258 261 262
f 258 262 263
f 262 264 263
f 258 263 265
f 266 258 265
f 266 265 267
f 266 267 268
f 266 268 269
f 270 266 269
f 270 269 271
f 272 271 269
f 270 271 273
f 270 273 274
f 270 274 275
f 270 275 276
f 270 276 277
f 270 277 278
f 270 278 279
f 270 279 280
f 281 270 280
f 281 280 282
f 283 282 280
f 281 282 284
f 281 284 285
f 286 281 285
f 286 285 287
f 286 287 288
f 289 286 288
f 289 288 290
f 289 290 291
f 289 291 292
f 289 292 293
f 289 293 294
f 295 289 294
f 295 294 296
f 295 296 297
f 295 297 298
f 295 298 299
f 295 299 300
f 295 300 301
f 302 295 301
f 302 301 303
f 302 303 304
f 302 304 305
f 305 304 306
f 302 305 307
f 302 307 308
f 307 309 308
f 302 308 310
f 302 310 311
f 302 311 312
f 302 312 313
f 302 313 314
f 302 314 315
f 302 315 316
f 317 302 316
f 317 316 318
f 317 318 319
f 319 318 320
f 317 319 321
f 317 321 322
f 317 322 323
f 324 317 323
f 324 323 325
f 326 324 325
f 326 325 327
f 328 326 327
f 328 327 329
f 330 328 329
f 330 329 331
f 330 331 332
f 333 330 332
f 333 332 334
f 333 334 335
f 334 336 335
f 333 335 337
f 333 337 338
f 333 338 339
f 333 339 340
f 333 340 341
f 333 341 342
f 333 342 343
f 344 333 343
f 344 343 345
f 344 345 346
f 346 345 347
f 348 344 346
f 348 346 349
f 348 349 350
f 348 350 351
f 348 351 352
f 348 352 353
f 348 353 354
f 355 348 354
f 355 354 356
f 355 356 357
f 358 357 356
f 355 357 359
f 355 359 360
f 355 360 361
f 355 361 362
f 355 362 363
f 355 363 364
f 355 364 365
f 366 355 365
f 366 365 367
f 368 366 367
f 368 367 369
f 370 368 369
f 371 370 369
f 372 371 369
f 372 369 373
f 374 372 373
f 375 374 373
f 375 373 376
f 377 375 376
f 377 376 378
f 379 377 378
f 379 378 380
f 381 379 380
f 382 381 380
f 382 380 383
f 384 382 383
f 385 384 383
f 386 385 383
f 387 386 383
f 387 383 388
f 383 389 388
f 387 388 390
f 391 387 390
f 391 392 387
f 391 390 393
f 394 391 393
f 394 393 395
f 394 395 396
f 394 396 397
f 394 397 398
f 397 399 398
f 394 398 400
f 394 400 401
f 402 394 401
f 402 401 403
f 402 403 404
f 405 402 404
f 405 404 406
f 405 406 407
f 405 407 408
f 409 405 408
f 409 408 410
f 411 409 410
f 411 412 409
f 413 411 410
f 413 410 414
f 413 414 415
f 416 413 415
f 416 415 417
f 416 417 418
f 419 418 417
f 416 418 420
f 416 420 421
f 416 421 422
f 416 422 423
f 424 416 423
f 424 423 425
f 424 425 426
f 424 426 427
f 424 427 428
f 429 424 428
f 430 424 429
f 428 431 429
f 432 431 428
f 432 428 433
f 434 432 433
f 434 433 435
f 434 435 436
f 436 435 437
f 438 436 437
f 438 437 439
f 440 438 439
f 440 439 441
f 440 441 442
f 441 443 442
f 444 440 442
f 445 444 442
f 445 442 446
f 447 445 446
f 447 446 448
f 447 448 449
f 449 448 450
f 447 449 451
f 389 447 451
f 389 451 452
f 389 452 453
f 389 453 454
f 389 454 455
f 389 455 456
f 389 456 457
f 389 457 388
f 458 449 450
f 458 450 398
f 399 458 398
f 443 417 442
f 443 419 417
f 430 429 459
f 430 459 460
f 461 430 460
f 461 460 462
f 461 462 463
f 464 461 463
f 464 463 465
f 466 465 463
f 464 465 467
f 464 467 468
f 464 468 469
f 470 464 469
f 470 469 471
f 472 470 471
f 473 472 471
f 473 471 474
f 475 473 474
f 476 475 474
f 476 474 477
f 478 476 477
f 479 478 477
f 479 477 480
f 481 479 480
f 482 481 480
f 483 482 480
f 483 480 484
f 485 483 484
f 486 485 484
f 487 486 484
f 488 487 484
f 488 484 489
f 484 490 489
f 491 488 489
f 491 489 492
f 491 492 493
f 491 493 494
f 495 491 494
f 495 494 496
f 495 496 497
f 495 497 498
f 495 498 499
f 495 499 500
f 501 495 500
f 501 500 502
f 503 502 500
f 504 501 502
f 504 502 505
f 504 505 506
f 504 506 507
f 504 507 508
f 509 504 508
f 509 508 510
f 509 510 511
f 509 511 512
f 509 512 513
f 509 513 514
f 515 509 514
f 515 514 516
f 515 516 517
f 515 517 518
f 519 515 518
f 519 518 520
f 521 519 520
f 522 521 520
f 522 520 523
f 524 522 523
f 524 523 525
f 526 524 525
f 527 526 525
f 528 527 525
f 528 525 529
f 530 528 529
f 530 529 531
f 532 530 531
f 532 531 533
f 532 533 534
f 532 534 535
f 532 535 536
f 537 532 536
f 537 536 538
f 537 538 539
f 539 538 540
f 537 539 541
f 537 541 542
f 543 537 542
f 543 542 544
f 543 544 545
f 543 545 546
f 543 546 547
f 543 547 548
f 543 548 549
f 550 543 549
f 550 549 551
f 549 552 551
f 550 551 553
f 554 550 553
f 554 553 555
f 554 555 556
f 554 556 557
f 554 557 558
f 559 554 558
f 559 558 560
f 561 559 560
f 562 561 560
f 563 562 560
f 564 563 560
f 565 564 560
f 566 565 560
f 566 560 567
f 567 560 568
f 566 567 569
f 569 567 570
f 571 566 569
f 571 569 572
f 573 571 572
f 574 573 572
f 575 574 572
f 576 575 572
f 576 572 577
f 578 576 577
f 579 578 577
f 579 577 580
f 579 580 581
f 580 582 581
f 580 583 582
f 583 584 582
f 583 585 584
f 585 586 584
f 585 587 586
f 569 570 588
f 570 589 588
f 569 588 590
f 569 590 4
f 1 569 4
f 589 591 588
f 589 592 591
f 592 593 591
f 592 594 593
f 593 595 591
f 595 596 591
f 595 597 596
f 597 598 596
f 598 599 596
f 599 600 596
f 600 601 596
f 600 602 601
f 602 603 601
f 603 604 601
f 604 605 601
f 606 605 604
f 606 607 605
f 606 604 608
f 606 608 609
f 610 606 609
f 610 609 611
f 610 611 612
f 610 612 613
f 610 613 614
f 610 614 594
f 592 610 594
f 606 615 607
f 615 616 607
f 615 13 616
f 615 12 13
f 568 560 617
f 618 567 568
f 619 618 568
f 619 620 618
f 619 568 621
f 621 568 622
f 621 622 623
f 621 623 624
f 621 624 625
f 626 621 625
f 626 625 627
f 626 627 628
f 626 628 629
f 626 629 630
f 631 626 630
f 631 630 632
f 630 633 632
f 631 632 634
f 635 631 634
f 635 634 636
f 635 636 637
f 635 637 638
f 635 638 639
f 635 639 640
f 641 635 640
f 641 640 642
f 640 643 642
f 641 642 644
f 641 644 645
f 641 645 646
f 641 646 647
f 648 641 647
f 648 647 649
f 650 648 649
f 651 650 649
f 651 649 652
f 653 651 652
f 653 652 654
f 655 653 654
f 655 654 656
f 657 655 656
f 658 657 656
f 658 656 659
f 659 656 660
f 661 658 659
f 661 659 662
f 661 662 663
f 664 661 663
f 664 663 665
f 664 665 666
f 664 666 667
f 668 664 667
f 668 667 669
f 668 669 670
f 668 670 671
f 672 668 671
f 672 671 660
f 671 673 660
f 674 672 660
f 675 674 660
f 675 660 676
f 677 675 676
f 678 677 676
f 679 678 676
f 680 679 676
f 681 680 676
f 682 681 676
f 683 682 676
f 684 683 676
f 685 684 676
f 686 685 676
f 686 676 687
f 688 687 676
f 686 687 689
f 690 686 689
f 691 690 689
f 692 691 689
f 692 689 693
f 694 692 693
f 695 694 693
f 695 693 696
f 697 695 696
f 697 696 698
f 699 697 698
f 699 698 700
f 701 699 700
f 701 700 702
f 703 701 702
f 704 703 702
f 704 702 705
f 706 704 705
f 706 705 707
f 708 706 707
f 709 708 707
f 709 707 710
f 711 709 710
f 711 710 712
f 711 712 713
f 714 711 713
f 714 713 715
f 716 714 715
f 716 715 717
f 718 716 717
f 718 717 719
f 720 718 719
f 720 719 721
f 722 720 721
f 723 722 721
f 723 721 724
f 725 723 724
f 726 725 724
f 726 724 727
f 728 726 727
f 728 727 729
f 730 728 729
f 730 729 731
f 732 730 731
f 732 731 733
f 734 732 733
f 734 733 735
f 736 734 735
f 736 735 737
f 738 736 737
f 738 737 739
f 738 739 740
f 741 738 740
f 741 740 742
f 743 741 742
f 743 742 744
f 745 743 744
f 746 745 744
f 746 744 747
f 620 746 747
f 620 747 618
f 688 676 748
f 749 748 676
f 688 748 750
f 751 688 750
f 752 751 750
f 753 752 750
f 753 750 754
f 755 753 754
f 755 754 756
f 755 756 757
f 758 755 757
f 758 757 759
f 757 760 759
f 761 758 759
f 762 761 759
f 763 762 759
f 763 759 764
f 765 763 764
f 765 764 766
f 765 766 767
f 768 765 767
f 768 767 769
f 768 769 770
f 771 770 769
f 768 770 772
f 768 772 773
f 774 768 773
f 774 773 775
f 774 775 776
f 777 774 776
f 777 776 778
f 777 778 779
f 777 779 780
f 777 780 781
f 782 777 781
f 782 781 783
f 781 784 783
f 785 782 783
f 785 783 786
f 787 785 786
f 787 786 788
f 787 788 789
f 31 787 789
f 31 789 790
f 31 790 30
f 784 791 783
f 784 792 791
f 792 793 791
f 793 794 791
f 794 795 791
f 794 796 795
f 796 797 795
f 797 769 795
f 797 771 769
f 760 798 759
f 798 799 759
f 799 800 759
f 800 801 759
f 801 802 759
f 802 803 759
f 802 804 803
f 804 805 803
f 805 806 803
f 805 807 806
f 807 808 806
f 807 809 808
f 809 810 808
f 810 811 808
f 810 812 811
f 812 813 811
f 812 814 813
f 812 815 814
f 812 816 815
f 812 817 816
f 812 106 817
f 106 818 817
f 106 819 818
f 106 820 819
f 106 107 820
f 749 821 748
f 822 749 676
f 823 822 676
f 823 676 824
f 825 823 824
f 826 825 824
f 827 826 824
f 828 827 824
f 829 828 824
f 830 829 824
f 831 830 824
f 831 824 832
f 833 832 824
f 833 824 834
f 835 833 834
f 836 835 834
f 836 834 837
f 838 836 837
f 838 837 839
f 838 839 840
f 841 840 839
f 838 840 842
f 838 842 843
f 838 843 844
f 838 844 845
f 838 845 846
f 838 846 847
f 838 847 848
f 849 838 848
f 849 848 850
f 849 850 851
f 850 852 851
f 853 849 851
f 853 851 854
f 855 853 854
f 855 854 856
f 857 855 856
f 857 856 858
f 859 857 858
f 859 858 860
f 861 859 860
f 862 861 860
f 863 862 860
f 864 863 860
f 864 860 865
f 866 865 860
f 867 864 865
f 867 865 868
f 869 867 868
f 870 869 868
f 870 868 871
f 872 870 871
f 873 872 871
f 873 871 874
f 875 873 874
f 875 874 876
f 877 875 876
f 877 876 878
f 879 877 878
f 879 878 880
f 879 880 881
f 882 879 881
f 882 881 883
f 882 883 884
f 885 882 884
f 885 884 886
f 885 886 887
f 888 885 887
f 888 887 889
f 888 889 890
f 888 890 891
f 888 891 892
f 893 888 892
f 893 892 894
f 893 894 895
f 893 895 896
f 895 897 896
f 898 893 896
f 898 896 899
f 900 898 899
f 900 899 901
f 902 900 901
f 902 901 903
f 904 902 903
f 904 903 905
f 906 904 905
f 906 905 907
f 908 906 907
f 908 907 909
f 908 909 910
f 911 908 910
f 911 910 912
f 913 911 912
f 913 912 914
f 915 913 914
f 916 915 914
f 916 914 917
f 916 917 918
f 917 919 918
f 916 918 920
f 916 920 921
f 922 916 921
f 922 921 923
f 924 922 923
f 924 923 925
f 926 924 925
f 926 925 927
f 926 927 928
f 929 926 928
f 929 928 930
f 931 929 930
f 930 932 931
f 932 930 933
f 931 932 934
f 935 931 934
f 935 934 936
f 937 935 936
f 937 936 938
f 939 937 938
f 940 939 938
f 941 940 938
f 942 941 938
f 942 938 943
f 944 942 943
f 945 944 943
f 946 945 943
f 947 946 943
f 947 943 948
f 949 947 948
f 749 949 948
f 749 948 821
f 932 933 950
f 951 932 950
f 951 950 952
f 953 951 952
f 953 952 954
f 953 954 955
f 919 953 955
f 919 955 956
f 919 956 918
f 897 957 896
f 957 958 896
f 958 959 896
f 958 960 959
f 960 961 959
f 961 962 959
f 962 963 959
f 962 964 963
f 964 965 963
f 964 966 965
f 966 967 965
f 966 968 967
f 968 969 967
f 968 970 969
f 970 971 969
f 970 972 971
f 970 973 972
f 973 974 972
f 973 975 974
f 975 976 974
f 975 977 976
f 977 978 976
f 977 979 978
f 979 980 978
f 979 160 980
f 160 981 980
f 160 982 981
f 160 161 982
f 983 866 860
f 983 860 984
f 985 983 984
f 986 985 984
f 987 986 984
f 988 987 984
f 989 988 984
f 990 989 984
f 990 984 991
f 990 991 992
f 992 991 993
f 992 993 994
f 995 994 993
f 992 994 996
f 992 996 997
f 992 997 998
f 992 998 999
f 1000 992 999
f 1000 999 1001
f 1000 1001 1002
f 1000 1002 1003
f 1000 1003 1004
f 1005 1000 1004
f 1005 1004 1006
f 1004 1007 1006
f 1008 1005 1006
f 1008 1006 1009
f 190 1008 1009
f 190 1009 1010
f 190 1010 193
f 1007 1011 1006
f 1011 1012 1006
f 1012 1013 1006
f 1012 1014 1013
f 1015 1013 1014
f 1015 1016 1013
f 1016 993 1013
f 1016 995 993
f 852 1017 851
f 1017 1018 851
f 1018 1019 851
f 1020 851 1019
f 1020 1021 851
f 1021 841 851
f 841 839 851
f 673 1022 660
f 1022 1023 660
f 1023 1024 660
f 1025 660 1024
f 1025 1026 660
f 1026 1027 660
f 1027 659 660
f 643 1028 642
f 643 1029 1028
f 1029 1030 1028
f 1030 1031 1028
f 1030 1032 1031
f 1032 1033 1031
f 1032 1034 1033
f 1034 1035 1033
f 1034 1036 1035
f 1036 1037 1035
f 1036 1038 1037
f 1038 1039 1037
f 1038 1040 1039
f 1041 1039 1040
f 1041 1042 1039
f 1043 1041 1040
f 1043 1044 1041
f 1043 1040 1045
f 1046 1043 1045
f 1047 1046 1045
f 1048 1047 1045
f 1048 1045 1049
f 1050 1048 1049
f 1051 1050 1049
f 1052 1051 1049
f 1053 1052 1049
f 1054 1053 1049
f 1055 1054 1049
f 1055 1049 1056
f 1057 1055 1056
f 1058 1057 1056
f 1058 1056 1059
f 1059 1056 1060
f 1058 1059 1061
f 1062 1058 1061
f 1063 1062 1061
f 1064 1063 1061
f 1065 1064 1061
f 1066 1065 1061
f 1066 1061 1067
f 1068 1066 1067
f 1069 1068 1067
f 1069 1067 1070
f 1071 1069 1070
f 1072 1071 1070
f 1073 1072 1070
f 1073 1070 1074
f 1075 1073 1074
f 1076 1075 1074
f 1076 1074 1077
f 1078 1076 1077
f 1079 1078 1077
f 1080 1079 1077
f 1080 1077 1081
f 1082 1080 1081
f 1083 1082 1081
f 1083 1081 1084
f 1081 1085 1084
f 1086 1083 1084
f 1086 1084 1087
f 1086 1087 1088
f 1086 1088 1089
f 1086 1089 1090
f 1091 1086 1090
f 1091 1090 1092
f 1091 1092 1093
f 1094 1091 1093
f 1094 1093 1095
f 1094 1095 1096
f 1097 1094 1096
f 1097 1096 1098
f 1099 1097 1098
f 1099 1098 1100
f 1099 1100 1101
f 1102 1099 1101
f 1102 1101 1103
f 1104 1102 1103
f 1104 1103 1105
f 1106 1104 1105
f 1106 1105 1107
f 1108 1106 1107
f 1109 1108 1107
f 1109 1107 1110
f 1111 1109 1110
f 1112 1111 1110
f 1112 1110 1113
f 1114 1112 1113
f 1114 1113 1115
f 1116 1114 1115
f 1116 1115 1117
f 1118 1116 1117
f 1118 1117 1119
f 1120 1118 1119
f 1120 1119 1121
f 1122 1120 1121
f 1122 1121 1123
f 1124 1122 1123
f 1124 1123 1125
f 1126 1124 1125
f 1127 1126 1125
f 1127 1125 1128
f 1129 1127 1128
f 1130 1129 1128
f 1130 1128 1131
f 1128 1132 1131
f 1130 1131 1133
f 1134 1130 1133
f 1135 1134 1133
f 1135 1133 1136
f 1135 1136 1137
f 1137 1136 1138
f 1137 1138 1139
f 1137 1139 1140
f 1137 1140 1141
f 1142 1137 1141
f 1142 1141 1143
f 1141 1144 1143
f 1145 1142 1143
f 1145 1143 1146
f 1147 1145 1146
f 1148 1147 1146
f 1148 1146 1149
f 1150 1148 1149
f 1150 1149 1151
f 1152 1150 1151
f 1152 1151 1153
f 1154 1152 1153
f 1154 1153 1155
f 1154 1155 1156
f 1154 1156 1157
f 1154 1157 1158
f 1154 1158 1159
f 1154 1159 1160
f 1161 1154 1160
f 1161 1160 1162
f 1161 1162 1163
f 1161 1163 1164
f 1164 1163 1165
f 1161 1164 1166
f 1161 1166 1167
f 1161 1167 1168
f 1161 1168 1169
f 1161 1169 1170
f 1161 1170 1171
f 1161 1171 1044
f 1043 1161 1044
f 1172 1164 1165
f 1173 1172 1165
f 1174 1173 1165
f 1175 1174 1165
f 1175 1165 1176
f 1177 1175 1176
f 1178 1177 1176
f 1042 1178 1176
f 1042 1176 1039
f 1144 1179 1143
f 1179 1180 1143
f 1179 1181 1180
f 1181 1182 1180
f 1182 1183 1180
f 1183 1184 1180
f 1184 1185 1180
f 1185 1186 1180
f 1186 1187 1180
f 1188 1187 1186
f 1188 1189 1187
f 1190 1188 1186
f 1191 1190 1186
f 1128 1191 1186
f 1128 1186 1132
f 1189 1192 1187
f 1192 1193 1187
f 1193 1194 1187
f 1194 269 1187
f 269 1194 272
f 1081 1195 1085
f 1195 1196 1085
f 1195 1197 1196
f 1195 1198 1197
f 1198 1199 1197
f 1198 1200 1199
f 1198 1201 1200
f 1201 1202 1200
f 1201 1203 1202
f 1203 1204 1202
f 1203 1205 1204
f 1203 1206 1205
f 1206 1207 1205
f 1206 1208 1207
f 1208 1209 1207
f 1209 306 1207
f 1209 1210 306
f 1210 305 306
f 1056 1211 1060
f 1059 1060 1212
f 1213 1059 1212
f 1213 1212 1214
f 1213 1214 1215
f 1216 1213 1215
f 1216 1215 1217
f 1218 1216 1217
f 1218 1217 1219
f 1218 1219 1220
f 1218 1220 1221
f 1218 1221 1222
f 1223 1222 1221
f 1223 1224 1222
f 1223 1221 1225
f 1223 1225 1226
f 1227 1223 1226
f 1227 1226 1228
f 1229 1227 1228
f 1230 1229 1228
f 1230 1228 1231
f 1232 1230 1231
f 1233 1232 1231
f 1234 1233 1231
f 1235 1234 1231
f 1236 1235 1231
f 1236 1231 1237
f 1238 1236 1237
f 1238 1237 1211
f 1211 1056 1238
f 1239 1238 1056
f 1240 1239 1056
f 1241 1240 1056
f 1242 1241 1056
f 1243 1242 1056
f 1244 1243 1056
f 1244 1056 1245
f 1246 1244 1245
f 1247 1246 1245
f 1248 1247 1245
f 1249 1248 1245
f 1250 1249 1245
f 1250 1245 1251
f 1250 1251 1252
f 1250 1252 1253
f 1250 1253 1254
f 1250 1254 1255
f 1250 1255 1256
f 1257 1250 1256
f 1257 1256 1258
f 1257 1258 1259
f 1257 1259 1260
f 1257 1260 1261
f 1257 1261 1262
f 1257 1262 1263
f 503 1257 1263
f 503 1263 1264
f 503 1264 1265
f 503 1265 1266
f 503 1266 1267
f 503 1267 502
f 1224 1268 1222
f 1224 1269 1268
f 1269 1270 1268
f 1269 1271 1270
f 1271 1272 1270
f 1271 1273 1272
f 1273 1274 1272
f 1274 1275 1272
f 1274 1276 1275
f 1276 1277 1275
f 1277 1278 1275
f 1277 1279 1278
f 1279 1280 1278
f 1279 1281 1280
f 1281 1282 1280
f 1281 1283 1282
f 1283 1284 1282
f 1283 1285 1284
f 1285 1286 1284
f 1285 1287 1286
f 1287 1288 1286
f 1287 1289 1288
f 1287 1290 1289
f 1289 1291 1288
f 1291 1292 1288
f 1292 1293 1288
f 1293 1294 1288
f 1293 1295 1294
f 1295 1296 1294
f 1296 1297 1294
f 1296 1298 1297
f 1298 1299 1297
f 1298 1300 1299
f 1300 1301 1299
f 1300 1302 1301
f 1302 1303 1301
f 1302 1304 1303
f 1304 1305 1303
f 1304 1306 1305
f 1304 1307 1306
f 1307 1308 1306
f 1307 358 1308
f 358 1309 1308
f 358 356 1309
f 1287 1310 1290
f 1310 1311 1290
f 1310 1312 1311
f 1310 1313 1312
f 1313 1314 1312
f 1313 1315 1314
f 1313 1316 1315
f 1313 1317 1316
f 1313 1318 1317
f 1318 1319 1317
f 1318 1320 1319
f 1320 1321 1319
f 1320 1322 1321
f 1320 1323 1322
f 1323 1324 1322
f 1323 1325 1324
f 1325 1326 1324
f 1325 1327 1326
f 1325 1328 1327
f 1325 1329 1328
f 1329 1330 1328
f 1329 1331 1330
f 1331 1332 1330
f 1331 1333 1332
f 1333 1334 1332
f 1333 1335 1334
f 1335 1336 1334
f 1335 1337 1336
f 1337 1338 1336
f 1338 1339 1336
f 1338 1340 1339
f 1340 1341 1339
f 1341 1342 1339
f 1341 1343 1342
f 1343 1344 1342
f 1344 466 1342
f 466 463 1342
f 633 1345 632
f 1345 1346 632
f 1346 1347 632
f 1347 617 632
f 1348 617 1347
f 1348 1349 617
f 1349 1350 617
f 1350 568 617
f 552 1351 551
f 1351 1352 551
f 1352 540 551
f 1352 1353 540
f 1354 540 1353
f 1354 1355 540
f 1355 1356 540
f 1356 539 540
f 490 503 500
f 490 500 1357
f 490 1357 1358
f 490 1358 1359
f 490 1359 1360
f 490 1360 1361
f 490 1361 1362
f 490 1362 1363
f 490 1363 489
f 411 1364 412
f 1364 1365 412
f 1364 1366 1365
f 412 1365 1367
f 1368 412 1367
f 1368 1367 1369
f 1368 1369 1370
f 1368 1370 1371
f 1368 1371 1372
f 1368 1372 1373
f 1368 1373 1374
f 1368 1374 1375
f 1376 1368 1375
f 1377 1376 1375
f 1377 1378 1376
f 1377 1375 1379
f 1377 1379 1380
f 1381 1377 1380
f 1381 1380 1382
f 1381 1382 1383
f 1381 1383 1384
f 1381 1384 1385
f 1366 1381 1385
f 1366 1385 1386
f 1366 1386 1365
f 1377 1387 1378
f 1387 1388 1378
f 1387 1389 1388
f 1378 1388 1390
f 1378 1390 1391
f 1378 1391 1392
f 1378 1392 1393
f 1378 1393 1394
f 1395 1378 1394
f 1395 1394 1396
f 1395 1396 1397
f 1395 1397 1398
f 1399 1395 1398
f 1399 1398 1400
f 1399 1400 1401
f 1400 1402 1401
f 1399 1401 1403
f 1399 1403 1404
f 1399 1404 1405
f 1399 1405 1406
f 1407 1399 1406
f 1407 1406 1408
f 1407 1408 1409
f 1407 1409 1410
f 1411 1407 1410
f 1411 1410 1412
f 1411 1412 1413
f 1414 1411 1413
f 1414 1413 1415
f 1414 1415 1416
f 1414 1416 1417
f 1418 1414 1417
f 1418 1417 1419
f 1418 1419 1420
f 1418 1420 1421
f 1418 1421 1422
f 1418 1422 1423
f 1418 1423 1424
f 1418 1424 1425
f 1426 1418 1425
f 1426 1425 1427
f 1426 1427 1428
f 1429 1426 1428
f 1429 1428 1430
f 1431 1429 1430
f 1431 1430 1432
f 1433 1431 1432
f 1434 1433 1432
f 1434 1432 1435
f 1434 1435 1436
f 1434 1436 1437
f 1438 1434 1437
f 1438 1437 1439
f 1438 1439 1440
f 1438 1440 1441
f 1438 1441 1442
f 1443 1438 1442
f 1443 1442 1444
f 1445 1443 1444
f 1445 1446 1443
f 1445 1444 1447
f 1445 1447 1448
f 1449 1445 1448
f 1449 1448 1450
f 1449 1450 1451
f 1449 1451 1452
f 1452 1451 1453
f 1449 1452 1454
f 1452 1455 1454
f 1449 1454 1456
f 1449 1456 1457
f 1458 1449 1457
f 1458 1457 1459
f 1460 1458 1459
f 1460 1459 1461
f 1460 1461 1462
f 1463 1460 1462
f 1463 1462 1464
f 1465 1463 1464
f 1465 1464 1466
f 1465 1466 1467
f 1465 1467 1468
f 1469 1465 1468
f 1469 1468 1470
f 1469 1470 1471
f 1472 1469 1471
f 1472 1471 1473
f 1472 1473 1474
f 1475 1472 1474
f 1475 1474 1476
f 1475 1476 1477
f 1478 1475 1477
f 1478 1477 1479
f 1478 1479 1480
f 1481 1478 1480
f 1481 1480 1482
f 1483 1481 1482
f 1483 1482 1484
f 1485 1483 1484
f 1485 1484 1486
f 1487 1485 1486
f 1487 1486 1488
f 1487 1488 1489
f 1488 1490 1489
f 1487 1489 1491
f 1487 1491 1492
f 1493 1487 1492
f 1493 1492 1494
f 1493 1494 1495
f 1496 1493 1495
f 1496 1495 1497
f 1496 1497 1498
f 1499 1496 1498
f 1499 1498 1500
f 1499 1500 1501
f 1499 1501 1502
f 1503 1502 1501
f 1504 1499 1502
f 1504 1502 1505
f 1506 1504 1505
f 1506 1505 1507
f 1508 1506 1507
f 1508 1507 1509
f 1510 1508 1509
f 1510 1509 1511
f 1389 1510 1511
f 1389 1511 1512
f 1389 1512 1513
f 1389 1513 1514
f 1389 1514 1388
f 1503 1501 1515
f 1503 1515 1516
f 1517 1503 1516
f 1517 1516 1518
f 1517 1518 1519
f 1519 1518 1520
f 1490 1519 1520
f 1490 1520 1521
f 1490 1521 1522
f 1490 1522 1523
f 1490 1523 1489
f 1455 1524 1454
f 1524 1525 1454
f 1524 1526 1525
f 1526 1527 1525
f 1526 1528 1527
f 1528 1529 1527
f 1528 1530 1529
f 1530 1531 1529
f 1530 1532 1531
f 1532 1533 1531
f 1533 1534 1531
f 1534 1535 1531
f 1534 1536 1535
f 1534 1537 1536
f 1538 1535 1536
f 1538 1536 1539
f 1540 1538 1539
f 1541 1540 1539
f 1542 1541 1539
f 1542 1543 1541
f 1544 1542 1539
f 1544 1539 1545
f 1546 1544 1545
f 1547 1546 1545
f 1548 1547 1545
f 1549 1548 1545
f 1550 1549 1545
f 1550 1545 1551
f 1552 1550 1551
f 1553 1552 1551
f 1554 1553 1551
f 1555 1554 1551
f 1555 1551 1556
f 1557 1555 1556
f 1558 1557 1556
f 1559 1558 1556
f 1560 1559 1556
f 1561 1560 1556
f 1562 1561 1556
f 1563 1562 1556
f 1564 1563 1556
f 1564 1556 1565
f 1564 1565 1566
f 1564 1566 1567
f 1564 1567 1568
f 1564 1568 1569
f 1570 1564 1569
f 1570 1569 1571
f 1570 1571 1572
f 1570 1572 1573
f 1570 1573 1574
f 1570 1574 1575
f 1576 1570 1575
f 1576 1575 1577
f 1576 1577 1578
f 1576 1578 1579
f 1580 1576 1579
f 1580 1579 1581
f 1580 1581 1582
f 1580 1582 1583
f 1580 1583 1584
f 1580 1584 1585
f 1400 1580 1585
f 1400 1585 1402
f 1586 1402 1585
f 1587 1586 1585
f 1587 1585 1588
f 1585 1589 1588
f 1585 1590 1589
f 1585 1591 1590
f 1591 1592 1590
f 1592 1593 1590
f 1543 1594 1541
f 1543 1595 1594
f 1595 1596 1594
f 1537 1597 1536
f 1597 1598 1536
f 1598 1599 1536
f 1599 1600 1536
f 1601 1600 1599
f 1601 1602 1600
f 1602 1453 1600
f 1602 1603 1453
f 1603 1452 1453
f 1445 1604 1446
f 1604 1605 1446
f 1604 1606 1605
f 1446 1605 1607
f 1608 1446 1607
f 1608 1607 1609
f 1608 1609 1610
f 1608 1610 1611
f 1610 1612 1611
f 1608 1611 1613
f 1608 1613 1614
f 1608 1614 1615
f 1608 1615 1616
f 1617 1608 1616
f 1617 1616 1618
f 1617 1618 1619
f 1617 1619 1620
f 1617 1620 1621
f 1617 1621 1622
f 1623 1622 1621
f 1617 1622 1624
f 1625 1617 1624
f 1625 1624 1626
f 1625 1626 1627
f 1625 1627 1628
f 1629 1625 1628
f 1629 1628 1630
f 1629 1630 1631
f 1632 1629 1631
f 1632 1631 1633
f 1632 1633 1634
f 1634 1633 1635
f 1632 1634 1636
f 1632 1636 1637
f 1632 1637 1638
f 1632 1638 1639
f 1640 1632 1639
f 1640 1639 1641
f 1642 1640 1641
f 1642 1641 1643
f 1644 1642 1643
f 1644 1643 1645
f 1646 1644 1645
f 1646 1645 1647
f 1648 1646 1647
f 1648 1647 1649
f 1647 1650 1649
f 1648 1649 1651
f 1648 1651 1652
f 1648 1652 1653
f 1648 1653 1654
f 1648 1654 1655
f 1648 1655 1656
f 1657 1648 1656
f 1657 1656 1658
f 1657 1658 1659
f 1657 1659 1660
f 1660 1659 1661
f 1662 1657 1660
f 1662 1660 1663
f 1664 1662 1663
f 1664 1663 1665
f 1666 1664 1665
f 1666 1665 1667
f 1666 1667 1668
f 1666 1668 1669
f 1666 1669 1670
f 1666 1670 1671
f 1666 1671 1672
f 1666 1672 1673
f 1674 1666 1673
f 1674 1673 1675
f 1674 1675 1676
f 1674 1676 1677
f 1674 1677 1678
f 1679 1678 1677
f 1674 1678 1680
f 1674 1680 1681
f 1674 1681 1682
f 1674 1682 1683
f 1674 1683 1684
f 1674 1684 1685
f 1686 1674 1685
f 1686 1685 1687
f 1686 1687 1688
f 1686 1688 1689
f 1686 1689 1690
f 1686 1690 1691
f 1686 1691 1692
f 1686 1692 1693
f 1686 1693 1694
f 1693 1695 1694
f 1686 1694 1696
f 1686 1696 1697
f 1686 1697 1698
f 1699 1686 1698
f 1699 1698 1700
f 1699 1700 1701
f 1699 1701 1702
f 1699 1702 1703
f 1699 1703 1704
f 1705 1699 1704
f 1705 1704 1706
f 1707 1706 1704
f 1705 1706 1708
f 1705 1708 1709
f 1710 1705 1709
f 1710 1709 1711
f 1712 1710 1711
f 1712 1711 1713
f 1712 1713 1714
f 1715 1712 1714
f 1715 1714 1716
f 1717 1715 1716
f 1717 1716 1718
f 1717 1718 1719
f 1717 1719 1720
f 1719 1721 1720
f 1717 1720 1722
f 1717 1722 1723
f 1717 1723 1724
f 1717 1724 1725
f 1717 1725 1726
f 1717 1726 1727
f 1728 1717 1727
f 1728 1727 1729
f 1728 1729 1730
f 1728 1730 1731
f 1732 1731 1730
f 1728 1731 1733
f 1728 1733 1734
f 1733 1735 1734
f 1736 1728 1734
f 1736 1734 1737
f 1738 1736 1737
f 1738 1737 1739
f 1738 1739 1740
f 1741 1740 1739
f 1738 1740 1742
f 1738 1742 1743
f 1738 1743 1744
f 1738 1744 1745
f 1746 1738 1745
f 1746 1745 1747
f 1746 1747 1748
f 1746 1748 1749
f 1746 1749 1750
f 1746 1750 1751
f 1750 1752 1751
f 1753 1746 1751
f 1753 1751 1754
f 1753 1754 1755
f 1753 1755 1756
f 1753 1756 1757
f 1753 1757 1758
f 1753 1758 1759
f 1753 1759 1760
f 1761 1753 1760
f 1761 1760 1762
f 1761 1762 1763
f 1761 1763 1764
f 1761 1764 1765
f 1766 1761 1765
f 1766 1765 1767
f 1766 1767 1768
f 1766 1768 1769
f 1770 1766 1769
f 1770 1769 1771
f 1770 1771 1772
f 1770 1772 1773
f 1770 1773 1774
f 1770 1774 1775
f 1776 1770 1775
f 1776 1775 1777
f 1776 1777 1778
f 1779 1776 1778
f 1779 1778 1780
f 1779 1780 1781
f 1782 1779 1781
f 1782 1781 1783
f 1784 1782 1783
f 1784 1783 1785
f 1784 1785 1786
f 1785 1787 1786
f 1788 1784 1786
f 1788 1786 1789
f 1788 1789 1790
f 1788 1790 1791
f 1792 1788 1791
f 1792 1791 1793
f 1792 1793 1794
f 1792 1794 1795
f 1796 1792 1795
f 1796 1795 1797
f 1796 1797 1798
f 1799 1796 1798
f 1799 1800 1796
f 1801 1799 1798
f 1801 1798 1802
f 1803 1801 1802
f 1803 1802 1804
f 1803 1804 1805
f 1806 1805 1804
f 1803 1805 1807
f 1803 1807 1808
f 1803 1808 1809
f 1803 1809 1810
f 1803 1810 1811
f 1810 1812 1811
f 1803 1811 1813
f 1803 1813 1814
f 1815 1803 1814
f 1815 1814 1816
f 1815 1816 1817
f 1815 1817 1818
f 1819 1815 1818
f 1819 1818 1820
f 1819 1820 1821
f 1822 1819 1821
f 1822 1821 1823
f 1822 1823 1824
f 1825 1822 1824
f 1825 1824 1826
f 1826 1824 1827
f 1828 1825 1826
f 1829 1828 1826
f 1829 1826 1830
f 1831 1829 1830
f 1832 1831 1830
f 1833 1832 1830
f 1833 1830 1834
f 1835 1833 1834
f 1836 1835 1834
f 1836 1834 1837
f 1838 1836 1837
f 1838 1837 1839
f 1840 1838 1839
f 1841 1840 1839
f 1841 1839 1842
f 1841 1842 1843
f 1844 1841 1843
f 1844 1843 1845
f 1844 1845 1846
f 1844 1846 1847
f 1848 1844 1847
f 1848 1847 1849
f 1848 1849 1850
f 1848 1850 1851
f 1848 1851 1852
f 1853 1848 1852
f 1853 1852 1854
f 1854 1852 1855
f 1853 1854 1856
f 1857 1853 1856
f 1857 1856 1858
f 1859 1857 1858
f 1859 1858 1860
f 1859 1860 1861
f 1862 1859 1861
f 1862 1861 1863
f 1862 1863 1864
f 1862 1864 1865
f 1862 1865 1866
f 1862 1866 1867
f 1868 1862 1867
f 1868 1867 1869
f 1868 1869 1870
f 1868 1870 1871
f 1868 1871 1872
f 1871 1873 1872
f 1868 1872 1874
f 1868 1874 1875
f 1868 1875 1876
f 1868 1876 1877
f 1878 1868 1877
f 1878 1877 1879
f 1878 1879 1880
f 1878 1880 1881
f 1878 1881 1882
f 1878 1882 1883
f 1883 1882 1884
f 1878 1883 1885
f 1878 1885 1886
f 1878 1886 1887
f 1878 1887 1888
f 1878 1888 1889
f 1890 1878 1889
f 1890 1889 1891
f 1890 1891 1892
f 1890 1892 1893
f 1894 1890 1893
f 1894 1893 1895
f 1896 1894 1895
f 1896 1895 1897
f 1898 1896 1897
f 1898 1897 1899
f 1900 1898 1899
f 1900 1899 1901
f 1902 1900 1901
f 1902 1901 1903
f 1904 1902 1903
f 1904 1903 1905
f 1904 1905 1906
f 1905 1907 1906
f 1904 1906 1908
f 1904 1908 1909
f 1910 1904 1909
f 1910 1909 1911
f 1910 1911 1912
f 1910 1912 1913
f 1910 1913 1914
f 1910 1914 1915
f 1910 1915 1916
f 1917 1910 1916
f 1917 1916 1918
f 1918 1916 1919
f 1920 1917 1918
f 1920 1918 1921
f 1922 1920 1921
f 1922 1921 1923
f 1922 1923 1924
f 1925 1922 1924
f 1925 1924 1926
f 1925 1926 1927
f 1925 1927 1928
f 1925 1928 1929
f 1928 1930 1929
f 1925 1929 1931
f 1932 1925 1931
f 1932 1931 1933
f 1932 1933 1934
f 1932 1934 1935
f 1932 1935 1936
f 1937 1932 1936
f 1937 1936 1938
f 1937 1938 1939
f 1937 1939 1940
f 1941 1937 1940
f 1941 1940 1942
f 1941 1942 1943
f 1941 1943 1944
f 1945 1941 1944
f 1945 1944 1946
f 1945 1946 1947
f 1946 1948 1947
f 1945 1947 1949
f 1945 1949 1950
f 1945 1950 1951
f 1945 1951 1952
f 1606 1945 1952
f 1606 1952 1953
f 1606 1953 1954
f 1606 1954 1955
f 1606 1955 1956
f 1606 1956 1605
f 1957 1605 1956
f 1958 1957 1956
f 1958 1956 1959
f 1958 1959 1960
f 1958 1960 1961
f 1958 1961 1962
f 1958 1962 1963
f 1948 1958 1963
f 1948 1963 1964
f 1948 1964 1965
f 1948 1965 1947
f 1930 1966 1929
f 1930 1967 1966
f 1967 1968 1966
f 1968 1969 1966
f 1968 1970 1969
f 1970 1971 1969
f 1970 1972 1971
f 1972 1973 1971
f 1972 1974 1973
f 1974 1975 1973
f 1974 1976 1975
f 1976 1977 1975
f 1977 1978 1975
f 1977 1979 1978
f 1979 1980 1978
f 1979 1981 1980
f 1981 1982 1980
f 1981 1983 1982
f 1983 1984 1982
f 1983 1985 1984
f 1983 1986 1985
f 1986 1987 1985
f 1986 1988 1987
f 1986 1989 1988
f 1986 1990 1989
f 1986 1991 1990
f 1986 1992 1991
f 1992 1993 1991
f 1992 1994 1993
f 1993 1995 1991
f 1995 1996 1991
f 1995 1997 1996
f 1995 1998 1997
f 1995 1999 1998
f 1999 2000 1998
f 1999 2001 2000
f 1999 2002 2001
f 1999 2003 2002
f 1999 2004 2003
f 2004 2005 2003
f 2004 2006 2005
f 2004 2007 2006
f 2007 2008 2006
f 2007 2009 2008
f 2007 2010 2009
f 2010 2011 2009
f 2010 2012 2011
f 2012 2013 2011
f 2012 2014 2013
f 2014 2015 2013
f 2014 2016 2015
f 2016 2017 2015
f 2016 2018 2017
f 2018 2019 2017
f 2019 2020 2017
f 2019 2021 2020
f 2021 2022 2020
f 2022 1635 2020
f 2022 2023 1635
f 2023 1634 1635
f 1992 2024 1994
f 2024 2025 1994
f 2024 2026 2025
f 2026 2027 2025
f 2026 2028 2027
f 2026 2029 2028
f 2029 2030 2028
f 2030 2031 2028
f 2030 2032 2031
f 2032 2033 2031
f 2032 2034 2033
f 2034 2035 2033
f 2035 2036 2033
f 2035 2037 2036
f 2037 2038 2036
f 2037 2039 2038
f 2037 2040 2039
f 2040 2041 2039
f 2040 2042 2041
f 2040 2043 2042
f 2041 2042 2044
f 2045 2041 2044
f 2045 2044 2046
f 2045 2046 2047
f 2048 2045 2047
f 2048 2047 2049
f 2050 2048 2049
f 2050 2049 2051
f 2050 2051 2052
f 2053 2050 2052
f 2053 2052 2054
f 2055 2053 2054
f 2055 2056 2053
f 2055 2054 2057
f 2055 2057 2058
f 2059 2055 2058
f 2059 2058 2060
f 2061 2059 2060
f 2061 2060 2062
f 2061 2062 2063
f 2043 2061 2063
f 2043 2063 2064
f 2043 2064 2042
f 2055 2065 2056
f 2065 2066 2056
f 2065 2067 2066
f 2067 2068 2066
f 2067 2069 2068
f 2067 2070 2069
f 2070 2071 2069
f 2070 2072 2071
f 2070 2073 2072
f 2070 2074 2073
f 2070 2075 2074
f 2070 2076 2075
f 2070 1679 2076
f 1679 1677 2076
f 1918 1919 2077
f 1918 2077 2078
f 1918 2078 2079
f 1918 2079 2080
f 1905 1918 2080
f 1905 2080 2081
f 1905 2081 1907
f 2082 1884 1882
f 1883 1884 2083
f 2084 1883 2083
f 2084 2083 2085
f 2086 2084 2085
f 2087 2086 2085
f 2087 2085 2088
f 2087 2088 2089
f 2090 2087 2089
f 2090 2089 2091
f 2090 2091 2092
f 2090 2092 2093
f 2094 2090 2093
f 2094 2093 2095
f 2093 2096 2095
f 2094 2095 2097
f 2098 2094 2097
f 2098 2097 2099
f 2098 2099 2100
f 2098 2100 2101
f 2098 2101 2102
f 2103 2098 2102
f 2103 2102 2104
f 2103 2104 1678
f 1679 2103 1678
f 2096 2105 2095
f 2105 2106 2095
f 2105 2107 2106
f 2107 2108 2106
f 2108 2109 2106
f 2108 2110 2109
f 2110 2111 2109
f 2111 2112 2109
f 2111 2113 2112
f 2113 2114 2112
f 2113 2115 2114
f 2113 2116 2115
f 2116 2117 2115
f 2116 2118 2117
f 2118 2119 2117
f 2118 2120 2119
f 2120 2121 2119
f 2120 2122 2121
f 2122 2123 2121
f 2122 2124 2123
f 2124 2125 2123
f 2125 2126 2123
f 2125 2127 2126
f 2127 2128 2126
f 2127 2129 2128
f 2129 2130 2128
f 2129 2131 2130
f 2131 2132 2130
f 2131 2133 2132
f 2131 2134 2133
f 2134 2135 2133
f 2134 2136 2135
f 2134 2137 2136
f 2137 2138 2136
f 2137 2139 2138
f 2139 2140 2138
f 2139 2141 2140
f 2141 2142 2140
f 2141 2143 2142
f 2143 2144 2142
f 2143 2145 2144
f 2145 2146 2144
f 2145 2147 2146
f 2147 2148 2146
f 2147 2149 2148
f 2149 2150 2148
f 2149 2151 2150
f 2151 2152 2150
f 2151 2153 2152
f 2151 1732 2153
f 1732 2154 2153
f 1732 2155 2154
f 1732 2156 2155
f 1732 1730 2156
f 2155 2156 2157
f 2158 2155 2157
f 2158 2157 2159
f 2158 2159 1721
f 1721 2159 2160
f 1721 2160 2161
f 1721 2161 2162
f 1721 2162 2163
f 1721 2163 1720
f 2082 1882 2164
f 2082 2164 2165
f 2082 2165 2166
f 2167 2082 2166
f 2167 2166 2168
f 2167 2168 2169
f 2167 2169 2170
f 1873 2167 2170
f 1873 2170 2171
f 1873 2171 1872
f 1854 1855 2172
f 2173 1854 2172
f 2173 2172 2174
f 2173 2174 2175
f 2173 2175 2176
f 2173 2176 2177
f 2178 2173 2177
f 2178 2177 2179
f 2180 2178 2179
f 2180 2179 2181
f 2181 2179 2182
f 2180 2181 2183
f 2180 2183 2184
f 2180 2184 2185
f 2180 2185 2186
f 2187 2180 2186
f 2187 2186 2188
f 2187 2188 2189
f 2187 2189 2190
f 2187 2190 2191
f 2192 2187 2191
f 2192 2191 1734
f 2191 2182 1734
f 2193 2192 1734
f 1735 2193 1734
f 2191 2194 2182
f 2194 2195 2182
f 2195 2196 2182
f 2196 2197 2182
f 2197 2198 2182
f 2198 2199 2182
f 2199 2200 2182
f 2200 2181 2182
f 1826 1827 2201
f 1826 2201 2202
f 1826 2202 2203
f 1826 2203 2204
f 2204 2203 2205
f 2206 2204 2205
f 2206 2205 2207
f 2208 2206 2207
f 2208 2207 2209
f 2210 2208 2209
f 2210 2209 2211
f 1812 2210 2211
f 1812 2211 1811
f 1806 1804 2212
f 2213 1806 2212
f 2214 2213 2212
f 2215 2214 2212
f 2216 2215 2212
f 2216 2212 2217
f 2218 2216 2217
f 2219 2218 2217
f 2220 2219 2217
f 2221 2220 2217
f 2221 2217 2222
f 2223 2221 2222
f 2223 2222 2224
f 2223 2224 2225
f 1787 2223 2225
f 1787 2225 1786
f 1799 2226 1800
f 1799 2227 2226
f 2226 2228 1800
f 2228 2229 1800
f 2229 2230 1800
f 2230 2231 1800
f 2231 2232 1800
f 2232 2233 1800
f 2232 2234 2233
f 2234 2235 2233
f 2235 2236 2233
f 2236 2237 2233
f 2236 2238 2237
f 2238 2239 2237
f 2238 2240 2239
f 2240 2241 2239
f 2240 2242 2241
f 1799 2243 2227
f 2243 2244 2227
f 2243 2245 2244
f 2243 2246 2245
f 2243 2247 2246
f 2243 2248 2247
f 2248 2249 2247
f 2248 2250 2249
f 2248 2251 2250
f 2248 2252 2251
f 2252 2253 2251
f 2252 2254 2253
f 2252 2255 2254
f 2255 2256 2254
f 1752 2257 1751
f 2257 2258 1751
f 2258 2259 1751
f 2259 2260 1751
f 2260 1739 1751
f 2260 2261 1739
f 2261 1741 1739
f 1707 1704 2262
f 1707 2262 2263
f 1707 2263 2264
f 1707 2264 2265
f 1695 1707 2265
f 1695 2265 2266
f 1695 2266 2267
f 1695 2267 2268
f 1695 2268 1694
f 1660 1661 2269
f 1650 1660 2269
f 1650 2269 2270
f 1650 2270 2271
f 1650 2271 2272
f 1650 2272 2273
f 1650 2273 2274
f 1650 2274 1649
f 1623 1621 2275
f 1623 2275 2276
f 1623 2276 1612
f 1612 2276 2277
f 1612 2277 2278
f 1612 2278 2279
f 1612 2279 2280
f 1612 2280 2281
f 1612 2281 1611
f 391 2282 392
f 391 2283 2282
f 391 2284 2283
f 391 2285 2284
f 391 2286 2285
f 391 2287 2286
f 2287 2288 2286
f 2287 2289 2288
f 2289 2290 2288
f 2289 2291 2290
f 2289 2292 2291
f 2292 2293 2291
f 2292 2294 2293
f 2294 2295 2293
f 2294 2296 2295
f 2294 2297 2296
f 346 347 2298
f 346 2298 2299
f 346 2299 2300
f 334 346 2300
f 334 2300 2301
f 334 2301 2302
f 334 2302 336
f 319 320 2303
f 2304 319 2303
f 2304 2303 2305
f 2304 2305 2306
f 2304 2306 2307
f 2308 2304 2307
f 2308 2307 2309
f 309 2308 2309
f 309 2309 2310
f 309 2310 308
f 283 280 2311
f 283 2311 2312
f 283 2312 2313
f 2314 283 2313
f 2314 2313 2315
f 272 2314 2315
f 272 2315 2316
f 272 2316 2317
f 272 2317 2318
f 272 2318 271
f 264 2319 263
f 2319 2320 263
f 2319 2321 2320
f 2321 2322 2320
f 2322 2323 2320
f 2323 2324 2320
f 2324 2325 2320
f 2325 253 2320
f 2325 252 253
f 248 2326 249
f 248 2327 2326
f 2327 2328 2326
f 2327 2329 2328
f 2327 2330 2329
f 2327 2331 2330
f 2331 2332 2330
f 2331 2333 2332
f 2333 2334 2332
f 202 2335 203
f 2335 2336 203
f 2335 2337 2336
f 2335 2338 2337
f 2335 2339 2338
f 2335 2340 2339
f 2340 2341 2339
f 2340 2342 2341
f 2340 2343 2342
f 2340 2344 2343
f 2340 2345 2344
f 2345 2346 2344
f 2345 2347 2346
f 2347 2348 2346
f 2347 2349 2348
f 2346 2348 2350
f 2346 2350 2351
f 2352 2346 2351
f 2352 2351 2353
f 2352 2353 2354
f 2355 2352 2354
f 2355 2354 2356
f 2355 2356 2357
f 2355 2357 2358
f 2359 2355 2358
f 2359 2358 2360
f 2361 2359 2360
f 2361 2362 2359
f 2361 2360 2363
f 2361 2363 2364
f 2361 2364 2365
f 2366 2361 2365
f 2366 2365 2367
f 2366 2367 2368
f 2366 2368 2369
f 2366 2369 2349
f 2347 2366 2349
f 2361 2370 2362
f 2370 2371 2362
f 2370 2372 2371
f 2372 2373 2371
f 2372 2374 2373
f 2374 2375 2373
f 2374 2376 2375
f 2376 2377 2375
f 2376 2378 2377
f 2378 2379 2377
f 2378 2380 2379
f 199 2381 191
f 2381 2382 191
f 2382 2383 191
f 2382 2384 2383
f 2384 2385 2383
f 2385 2386 2383
f 2386 2387 2383
f 2386 2388 2387
f 2383 2387 2389
f 2383 2389 2390
f 2383 2390 2391
f 2383 2391 2392
f 2393 2383 2392
f 2393 2392 2394
f 2393 2394 2395
f 2393 2395 2396
f 2393 2396 2397
f 2398 2393 2397
f 2388 2398 2397
f 2388 2399 2398
f 2388 2397 2400
f 2388 2400 2401
f 2388 2401 2402
f 2388 2402 2403
f 2388 2403 2404
f 2388 2404 2405
f 2388 2405 2406
f 2388 2406 2387
f 2399 2407 2398
f 2399 2408 2407
f 2408 2409 2407
f 2408 2410 2409
f 2410 2411 2409
f 2410 2412 2411
f 2412 2413 2411
f 2412 2414 2413
f 189 187 2415
f 189 2415 2416
f 178 189 2416
f 178 2416 2417
f 178 2417 2418
f 178 2418 2419
f 178 2419 2420
f 178 2420 2421
f 178 2421 177
f 139 140 2422
f 139 2422 2423
f 139 2423 2424
f 139 2424 2425
f 139 2425 2426
f 139 2426 123
f 106 139 123
f 80 78 2427
f 2428 80 2427
f 2428 2427 2429
f 2430 2428 2429
f 2430 2429 2431
f 2432 2430 2431
f 2432 2431 2433
f 2434 2432 2433
f 2435 2434 2433
f 2436 2435 2433
f 2436 2437 2435
f 2436 2433 2438
f 2439 2436 2438
f 2440 2439 2438
f 2441 2440 2438
f 2442 2441 2438
f 2442 2438 2443
f 2444 2442 2443
f 2445 2444 2443
f 2446 2445 2443
f 2447 2446 2443
f 2447 2443 66
f 66 2443 2448
f 2449 2447 66
f 2450 2449 66
f 2451 2450 66
f 2451 66 2452
f 2451 2452 2453
f 2454 2453 2452
f 2455 2454 2452
f 2455 2452 2435
f 2437 2455 2435
f 66 2448 2456
f 66 2456 65
f 2457 2458 2459
f 2460 2458 2457
f 2461 2457 2459
f 2461 2459 2462
f 2461 2462 2463
f 2463 2462 2464
f 2463 2464 2465
f 2465 2464 2466
f 2465 2466 2467
f 2467 2466 2468
f 2467 2468 2469
f 2469 2468 2470
f 2470 2468 2471
f 2470 2471 2472
f 2472 2471 2473
f 2472 2473 2474
f 2472 2474 2475
f 2475 2474 2476
f 2475 2476 2477
f 2477 2476 2478
f 2477 2478 2479
f 2479 2478 2480
f 2479 2480 2481
f 2481 2480 2482
f 2481 2482 2483
f 2483 2482 2484
f 2483 2484 2485
f 2485 2484 2486
f 2486 2484 2487
f 2486 2487 2460
f 2460 2487 2488
f 2460 2488 2458
f 2489 2490 2491
f 2492 2490 2489
f 2493 2489 2491
f 2493 2491 2494
f 2494 2491 2495
f 2494 2495 2496
f 2496 2495 2497
f 2496 2497 2498
f 2496 2498 2499
f 2499 2498 2500
f 2499 2500 2501
f 2501 2500 2502
f 2501 2502 2503
f 2503 2502 2504
f 2503 2504 2505
f 2505 2504 2506
f 2505 2506 2507
f 2507 2506 2508
f 2508 2506 2509
f 2508 2509 2510
f 2510 2509 2511
f 2510 2511 2512
f 2510 2512 2513
f 2513 2512 2514
f 2513 2514 2515
f 2515 2514 2516
f 2515 2516 2492
f 2492 2516 2490
f 2517 2518 2519
f 2520 2518 2517
f 2521 2517 2519
f 2521 2519 2522
f 2522 2519 2523
f 2522 2523 2524
f 2524 2523 2525
f 2524 2525 2526
f 2524 2526 2527
f 2527 2526 2528
f 2527 2528 2529
f 2529 2528 2530
f 2529 2530 2531
f 2531 2530 2532
f 2531 2532 2533
f 2533 2532 2534
f 2533 2534 2535
f 2535 2534 2536
f 2536 2534 2537
f 2536 2537 2538
f 2538 2537 2539
f 2538 2539 2540
f 2538 2540 2541
f 2541 2540 2542
f 2541 2542 2543
f 2543 2542 2544
f 2543 2544 2520
f 2520 2544 2518
f 2545 2546 2547
f 2548 2546 2545
f 2549 2545 2547
f 2549 2547 2550
f 2549 2550 2551
f 2551 2550 2552
f 2551 2552 2553
f 2553 2552 2554
f 2553 2554 2555
f 2555 2554 2556
f 2555 2556 2557
f 2557 2556 2558
f 2557 2558 2559
f 2559 2558 2560
f 2559 2560 2561
f 2561 2560 2562
f 2561 2562 2563
f 2563 2562 2564
f 2563 2564 2565
f 2565 2564 2566
f 2565 2566 2567
f 2567 2566 2568
f 2567 2568 2569
f 2569 2568 2570
f 2569 2570 2571
f 2571 2570 2572
f 2571 2572 2548
f 2548 2572 2546
f 2573 2574 2575
f 2576 2574 2573
f 2577 2573 2575
f 2577 2575 2578
f 2577 2578 2579
f 2579 2578 2580
f 2579 2580 2581
f 2581 2580 2582
f 2581 2582 2583
f 2583 2582 2584
f 2583 2584 2585
f 2585 2584 2586
f 2585 2586 2587
f 2587 2586 2588
f 2587 2588 2589
f 2589 2588 2590
f 2589 2590 2591
f 2591 2590 2592
f 2591 2592 2593
f 2593 2592 2594
f 2593 2594 2595
f 2595 2594 2596
f 2595 2596 2597
f 2597 2596 2598
f 2597 2598 2599
f 2599 2598 2600
f 2599 2600 2601
f 2601 2600 2602
f 2601 2602 2603
f 2603 2602 2604
f 2603 2604 2605
f 2605 2604 2606
f 2605 2606 2607
f 2607 2606 2608
f 2607 2608 2576
f 2576 2608 2574
f 2609 2610 2611
f 2612 2610 2609
f 2613 2609 2611
f 2613 2611 2614
f 2613 2614 2615
f 2615 2614 2616
f 2615 2616 2617
f 2617 2616 2618
f 2617 2618 2619
f 2619 2618 2620
f 2619 2620 2621
f 2621 2620 2622
f 2621 2622 2623
f 2623 2622 2624
f 2623 2624 2625
f 2625 2624 2626
f 2625 2626 2627
f 2627 2626 2628
f 2627 2628 2629
f 2629 2628 2630
f 2629 2630 2631
f 2631 2630 2632
f 2631 2632 2633
f 2633 2632 2634
f 2633 2634 2635
f 2635 2634 2636
f 2635 2636 2637
f 2637 2636 2638
f 2637 2638 2639
f 2639 2638 2640
f 2639 2640 2612
f 2612 2640 2610
f 2641 2642 2643
f 2644 2642 2641
f 2645 2641 2643
f 2645 2643 2646
f 2645 2646 2647
f 2647 2646 2648
f 2647 2648 2649
f 2649 2648 2650
f 2649 2650 2651
f 2651 2650 2652
f 2651 2652 2653
f 2653 2652 2654
f 2653 2654 2655
f 2655 2654 2656
f 2655 2656 2657
f 2657 2656 2658
f 2657 2658 2659
f 2659 2658 2660
f 2659 2660 2661
f 2661 2660 2662
f 2661 2662 2663
f 2663 2662 2664
f 2663 2664 2665
f 2665 2664 2666
f 2665 2666 2667
f 2667 2666 2668
f 2667 2668 2669
f 2669 2668 2670
f 2669 2670 2671
f 2671 2670 2672
f 2671 2672 2644
f 2644 2672 2642
f 2673 2674 2675
f 2676 2674 2673
f 2677 2673 2675
f 2677 2675 2678
f 2677 2678 2679
f 2679 2678 2680
f 2679 2680 2681
f 2681 2680 2682
f 2681 2682 2683
f 2683 2682 2684
f 2683 2684 2685
f 2685 2684 2686
f 2685 2686 2687
f 2687 2686 2688
f 2687 2688 2689
f 2689 2688 2690
f 2689 2690 2691
f 2691 2690 2692
f 2691 2692 2693
f 2693 2692 2694
f 2693 2694 2695
f 2695 2694 2696
f 2695 2696 2697
f 2697 2696 2698
f 2697 2698 2699
f 2699 2698 2700
f 2699 2700 2701
f 2701 2700 2702
f 2701 2702 2703
f 2703 2702 2704
f 2703 2704 2676
f 2676 2704 2674
f 2705 2706 2707
f 2708 2706 2705
f 2709 2705 2707
f 2709 2707 2710
f 2709 2710 2711
f 2711 2710 2712
f 2711 2712 2713
f 2713 2712 2714
f 2713 2714 2715
f 2715 2714 2716
f 2715 2716 2717
f 2717 2716 2718
f 2717 2718 2719
f 2719 2718 2720
f 2719 2720 2721
f 2721 2720 2722
f 2721 2722 2723
f 2723 2722 2724
f 2723 2724 2725
f 2725 2724 2726
f 2725 2726 2727
f 2727 2726 2728
f 2727 2728 2729
f 2729 2728 2730
f 2729 2730 2731
f 2731 2730 2732
f 2731 2732 2733
f 2733 2732 2734
f 2733 2734 2735
f 2735 2734 2736
f 2735 2736 2737
f 2737 2736 2738
f 2737 2738 2739
f 2739 2738 2740
f 2739 2740 2708
f 2708 2740 2706
f 2741 2742 2743
f 2744 2742 2741
f 2745 2741 2743
f 2745 2743 2746
f 2745 2746 2747
f 2747 2746 2748
f 2747 2748 2749
f 2749 2748 2750
f 2749 2750 2751
f 2751 2750 2752
f 2751 2752 2753
f 2753 2752 2754
f 2753 2754 2755
f 2755 2754 2756
f 2755 2756 2757
f 2757 2756 2758
f 2757 2758 2759
f 2759 2758 2760
f 2759 2760 2761
f 2761 2760 2762
f 2761 2762 2763
f 2763 2762 2764
f 2763 2764 2765
f 2765 2764 2766
f 2765 2766 2767
f 2767 2766 2768
f 2767 2768 2769
f 2769 2768 2770
f 2769 2770 2771
f 2771 2770 2772
f 2771 2772 2744
f 2744 2772 2742
f 2773 2774 2775
f 2776 2774 2773
f 2773 2775 2777
f 2777 2775 2778
f 2777 2778 2779
f 2779 2778 2780
f 2779 2780 2781
f 2781 2780 2782
f 2781 2782 2783
f 2783 2782 2784
f 2783 2784 2785
f 2785 2784 2786
f 2785 2786 2787
f 2787 2786 2788
f 2787 2788 2789
f 2789 2788 2790
f 2789 2790 2791
f 2791 2790 2792
f 2791 2792 2793
f 2793 2792 2794
f 2793 2794 2795
f 2795 2794 2796
f 2795 2796 2797
f 2797 2796 2798
f 2797 2798 2799
f 2799 2798 2800
f 2799 2800 2801
f 2801 2800 2802
f 2801 2802 2803
f 2803 2802 2804
f 2803 2804 2805
f 2805 2804 2806
f 2805 2806 2807
f 2807 2806 2808
f 2807 2808 2809
f 2809 2808 2810
f 2811 2809 2810
f 2811 2810 2812
f 2811 2812 2813
f 2813 2812 2814
f 2813 2814 2815
f 2815 2814 2816
f 2815 2816 2817
f 2817 2816 2818
f 2817 2818 2819
f 2819 2818 2820
f 2819 2820 2821
f 2821 2820 2822
f 2821 2822 2823
f 2823 2822 2824
f 2824 2822 2825
f 2824 2825 2826
f 2826 2825 2827
f 2826 2827 2828
f 2828 2827 2829
f 2828 2829 2830
f 2830 2829 2831
f 2830 2831 2832
f 2832 2831 2833
f 2832 2833 2834
f 2834 2833 2835
f 2834 2835 2836
f 2836 2835 2837
f 2836 2837 2838
f 2838 2837 2839
f 2838 2839 2840
f 2840 2839 2841
f 2840 2841 2842
f 2842 2841 2843
f 2842 2843 2844
f 2844 2843 2845
f 2844 2845 2846
f 2846 2845 2847
f 2846 2847 2848
f 2848 2847 2849
f 2848 2849 2850
f 2850 2849 2851
f 2850 2851 2852
f 2852 2851 2853
f 2852 2853 2854
f 2854 2853 2855
f 2854 2855 2856
f 2856 2855 2857
f 2856 2857 2858
f 2858 2857 2859
f 2858 2859 2860
f 2858 2860 2861
f 2861 2860 2862
f 2861 2862 2863
f 2863 2862 2864
f 2863 2864 2865
f 2865 2864 2866
f 2865 2866 2867
f 2867 2866 2868
f 2867 2868 2869
f 2869 2868 2870
f 2869 2870 2871
f 2871 2870 2872
f 2871 2872 2873
f 2873 2872 2874
f 2873 2874 2875
f 2875 2874 2876
f 2875 2876 2877
f 2877 2876 2878
f 2877 2878 2879
f 2879 2878 2880
f 2879 2880 2881
f 2881 2880 2882
f 2881 2882 2883
f 2883 2882 2884
f 2883 2884 2885
f 2885 2884 2886
f 2885 2886 2887
f 2887 2886 2888
f 2887 2888 2889
f 2889 2888 2890
f 2889 2890 2891
f 2891 2890 2892
f 2891 2892 2893
f 2893 2892 2894
f 2893 2894 2895
f 2895 2894 2896
f 2895 2896 2897
f 2897 2896 2898
f 2897 2898 2899
f 2899 2898 2900
f 2899 2900 2901
f 2901 2900 2902
f 2901 2902 2903
f 2903 2902 2904
f 2903 2904 2905
f 2905 2904 2776
f 2776 2904 2906
f 2776 2906 2774
f 2907 2908 2909
f 2910 2908 2907
f 2907 2909 2911
f 2911 2909 2912
f 2911 2912 2913
f 2913 2912 2914
f 2913 2914 2915
f 2915 2914 2916
f 2915 2916 2917
f 2917 2916 2918
f 2917 2918 2919
f 2919 2918 2920
f 2919 2920 2921
f 2921 2920 2922
f 2921 2922 2923
f 2923 2922 2924
f 2923 2924 2925
f 2925 2924 2926
f 2925 2926 2927
f 2927 2926 2928
f 2927 2928 2929
f 2929 2928 2930
f 2929 2930 2931
f 2931 2930 2932
f 2931 2932 2933
f 2933 2932 2934
f 2933 2934 2935
f 2935 2934 2936
f 2935 2936 2937
f 2937 2936 2938
f 2937 2938 2939
f 2939 2938 2940
f 2939 2940 2941
f 2941 2940 2942
f 2941 2942 2943
f 2943 2942 2944
f 2943 2944 2945
f 2945 2944 2946
f 2945 2946 2947
f 2947 2946 2948
f 2947 2948 2949
f 2949 2948 2950
f 2949 2950 2951
f 2951 2950 2952
f 2951 2952 2953
f 2953 2952 2954
f 2954 2952 2955
f 2954 2955 2956
f 2956 2955 2957
f 2956 2957 2958
f 2958 2957 2959
f 2958 2959 2960
f 2960 2959 2961
f 2960 2961 2962
f 2962 2961 2963
f 2962 2963 2964
f 2964 2963 2965
f 2964 2965 2966
f 2966 2965 2967
f 2966 2967 2968
f 2968 2967 2969
f 2970 2968 2969
f 2970 2969 2971
f 2970 2971 2972
f 2972 2971 2973
f 2972 2973 2974
f 2974 2973 2975
f 2974 2975 2976
f 2976 2975 2977
f 2976 2977 2978
f 2978 2977 2979
f 2978 2979 2980
f 2980 2979 2981
f 2980 2981 2982
f 2982 2981 2983
f 2982 2983 2984
f 2984 2983 2985
f 2985 2983 2986
f 2985 2986 2987
f 2987 2986 2988
f 2988 2986 2989
f 2988 2989 2990
f 2990 2989 2991
f 2990 2991 2992
f 2992 2991 2993
f 2993 2991 2994
f 2993 2994 2995
f 2995 2994 2996
f 2995 2996 2997
f 2997 2996 2998
f 2997 2998 2999
f 2999 2998 3000
f 2999 3000 3001
f 3001 3000 3002
f 3002 3000 3003
f 3002 3003 3004
f 3004 3003 3005
f 3004 3005 3006
f 3006 3005 3007
f 3006 3007 3008
f 3008 3007 3009
f 3008 3009 3010
f 3010 3009 3011
f 3010 3011 3012
f 3012 3011 3013
f 3012 3013 3014
f 3014 3013 3015
f 3014 3015 3016
f 3016 3015 3017
f 3016 3017 3018
f 3018 3017 3019
f 3018 3019 3020
f 3020 3019 3021
f 3020 3021 3022
f 3020 3022 3023
f 3023 3022 3024
f 3023 3024 3025
f 3025 3024 3026
f 3025 3026 3027
f 3027 3026 3028
f 3027 3028 3029
f 3029 3028 3030
f 3029 3030 3031
f 3031 3030 3032
f 3031 3032 3033
f 3033 3032 3034
f 3033 3034 3035
f 3035 3034 3036
f 3036 3034 3037
f 3036 3037 3038
f 3038 3037 3039
f 3038 3039 3040
f 3040 3039 3041
f 3040 3041 3042
f 3042 3041 3043
f 3042 3043 3044
f 3044 3043 3045
f 3044 3045 3046
f 3046 3045 3047
f 3046 3047 3048
f 3048 3047 3049
f 3048 3049 3050
f 3050 3049 3051
f 3050 3051 3052
f 3052 3051 3053
f 3052 3053 3054
f 3054 3053 3055
f 3055 3053 3056
f 3055 3056 3057
f 3057 3056 3058
f 3057 3058 3059
f 3059 3058 3060
f 3059 3060 3061
f 3059 3061 3062
f 3062 3061 3063
f 3062 3063 3064
f 3064 3063 3065
f 3064 3065 3066
f 3066 3065 3067
f 3066 3067 3068
f 3068 3067 3069
f 3069 3067 3070
f 3069 3070 3071
f 3071 3070 3072
f 3071 3072 3073
f 3073 3072 3074
f 3073 3074 3075
f 3075 3074 3076
f 3075 3076 3077
f 3077 3076 3078
f 3077 3078 3079
f 3079 3078 3080
f 3079 3080 3081
f 3081 3080 3082
f 3081 3082 3083
f 3083 3082 3084
f 3083 3084 3085
f 3085 3084 3086
f 3085 3086 3087
f 3087 3086 3088
f 3087 3088 3089
f 3089 3088 3090
f 3089 3090 2910
f 2910 3090 2908
f 3091 3092 3093
f 3094 3092 3091
f 3091 3093 3095
f 3095 3093 3096
f 3095 3096 3097
f 3097 3096 3098
f 3097 3098 3099
f 3099 3098 3100
f 3099 3100 3101
f 3101 3100 3102
f 3101 3102 3103
f 3103 3102 3104
f 3103 3104 3105
f 3105 3104 3106
f 3105 3106 3107
f 3107 3106 3108
f 3107 3108 3109
f 3109 3108 3110
f 3109 3110 3111
f 3111 3110 3112
f 3111 3112 3113
f 3113 3112 3114
f 3113 3114 3115
f 3115 3114 3116
f 3115 3116 3117
f 3117 3116 3118
f 3117 3118 3119
f 3119 3118 3120
f 3119 3120 3121
f 3121 3120 3122
f 3121 3122 3123
f 3123 3122 3124
f 3123 3124 3125
f 3125 3124 3126
f 3125 3126 3127
f 3127 3126 3128
f 3127 3128 3129
f 3129 3128 3130
f 3129 3130 3131
f 3131 3130 3132
f 3131 3132 3133
f 3133 3132 3134
f 3133 3134 3135
f 3135 3134 3136
f 3136 3134 3137
f 3136 3137 3138
f 3136 3138 3139
f 3139 3138 3140
f 3141 3139 3140
f 3141 3140 3142
f 3141 3142 3143
f 3143 3142 3144
f 3143 3144 3145
f 3145 3144 3146
f 3145 3146 3147
f 3147 3146 3148
f 3147 3148 3149
f 3149 3148 3150
f 3149 3150 3151
f 3151 3150 3152
f 3151 3152 3153
f 3153 3152 3154
f 3153 3154 3155
f 3155 3154 3156
f 3155 3156 3157
f 3157 3156 3158
f 3157 3158 3159
f 3159 3158 3160
f 3159 3160 3161
f 3161 3160 3162
f 3162 3160 3163
f 3162 3163 3164
f 3164 3163 3165
f 3164 3165 3166
f 3166 3165 3167
f 3166 3167 3168
f 3166 3168 3169
f 3169 3168 3170
f 3169 3170 3171
f 3171 3170 3172
f 3171 3172 3173
f 3173 3172 3174
f 3173 3174 3175
f 3175 3174 3176
f 3175 3176 3177
f 3177 3176 3178
f 3177 3178 3179
f 3179 3178 3180
f 3180 3178 3181
f 3180 3181 3182
f 3180 3182 3183
f 3183 3182 3184
f 3183 3184 3185
f 3185 3184 3186
f 3185 3186 3187
f 3187 3186 3188
f 3187 3188 3189
f 3189 3188 3190
f 3189 3190 3191
f 3191 3190 3192
f 3191 3192 3193
f 3193 3192 3194
f 3193 3194 3195
f 3195 3194 3196
f 3195 3196 3197
f 3197 3196 3198
f 3197 3198 3199
f 3199 3198 3200
f 3199 3200 3201
f 3201 3200 3202
f 3201 3202 3203
f 3203 3202 3204
f 3203 3204 3205
f 3205 3204 3206
f 3205 3206 3207
f 3207 3206 3208
f 3207 3208 3209
f 3209 3208 3210
f 3209 3210 3211
f 3211 3210 3212
f 3211 3212 3213
f 3213 3212 3214
f 3213 3214 3215
f 3215 3214 3216
f 3215 3216 3217
f 3217 3216 3218
f 3217 3218 3219
f 3219 3218 3220
f 3219 3220 3221
f 3221 3220 3222
f 3221 3222 3223
f 3223 3222 3224
f 3223 3224 3225
f 3225 3224 3226
f 3225 3226 3227
f 3227 3226 3228
f 3227 3228 3229
f 3229 3228 3230
f 3229 3230 3094
f 3094 3230 3092
f 3231 3232 3233
f 3234 3232 3231
f 3231 3233 3235
f 3235 3233 3236
f 3235 3236 3237
f 3237 3236 3238
f 3237 3238 3239
f 3239 3238 3240
f 3239 3240 3241
f 3241 3240 3242
f 3241 3242 3243
f 3243 3242 3244
f 3243 3244 3245
f 3245 3244 3246
f 3245 3246 3247
f 3247 3246 3248
f 3247 3248 3249
f 3249 3248 3250
f 3249 3250 3251
f 3251 3250 3252
f 3251 3252 3253
f 3253 3252 3254
f 3253 3254 3255
f 3255 3254 3256
f 3255 3256 3257
f 3257 3256 3258
f 3257 3258 3259
f 3259 3258 3260
f 3259 3260 3261
f 3261 3260 3262
f 3261 3262 3263
f 3263 3262 3264
f 3264 3262 3265
f 3264 3265 3266
f 3266 3265 3267
f 3266 3267 3268
f 3268 3267 3269
f 3269 3267 3270
f 3269 3270 3271
f 3271 3270 3272
f 3271 3272 3273
f 3273 3272 3274
f 3273 3274 3275
f 3275 3274 3276
f 3275 3276 3277
f 3277 3276 3278
f 3277 3278 3279
f 3279 3278 3280
f 3279 3280 3281
f 3281 3280 3282
f 3281 3282 3283
f 3283 3282 3284
f 3283 3284 3285
f 3285 3284 3286
f 3285 3286 3287
f 3287 3286 3288
f 3287 3288 3289
f 3289 3288 3290
f 3289 3290 3291
f 3291 3290 3292
f 3291 3292 3293
f 3293 3292 3294
f 3293 3294 3295
f 3295 3294 3296
f 3295 3296 3297
f 3297 3296 3298
f 3297 3298 3299
f 3297 3299 3300
f 3300 3299 3301
f 3302 3300 3301
f 3302 3301 3303
f 3302 3303 3304
f 3304 3303 3305
f 3304 3305 3306
f 3306 3305 3307
f 3306 3307 3308
f 3308 3307 3309
f 3308 3309 3310
f 3310 3309 3311
f 3310 3311 3312
f 3312 3311 3313
f 3312 3313 3314
f 3314 3313 3315
f 3314 3315 3316
f 3316 3315 3317
f 3316 3317 3318
f 3318 3317 3319
f 3318 3319 3320
f 3320 3319 3321
f 3320 3321 3322
f 3322 3321 3323
f 3322 3323 3324
f 3324 3323 3325
f 3324 3325 3326
f 3326 3325 3327
f 3326 3327 3328
f 3328 3327 3329
f 3328 3329 3330
f 3330 3329 3331
f 3330 3331 3332
f 3332 3331 3333
f 3332 3333 3334
f 3334 3333 3335
f 3334 3335 3336
f 3336 3335 3337
f 3336 3337 3338
f 3338 3337 3339
f 3338 3339 3340
f 3340 3339 3341
f 3340 3341 3342
f 3342 3341 3343
f 3342 3343 3344
f 3344 3343 3345
f 3344 3345 3346
f 3346 3345 3347
f 3346 3347 3348
f 3348 3347 3349
f 3348 3349 3350
f 3350 3349 3351
f 3350 3351 3352
f 3352 3351 3353
f 3352 3353 3354
f 3354 3353 3355
f 3354 3355 3356
f 3356 3355 3357
f 3356 3357 3358
f 3358 3357 3359
f 3358 3359 3360
f 3360 3359 3361
f 3360 3361 3362
f 3362 3361 3363
f 3362 3363 3364
f 3364 3363 3365
f 3364 3365 3234
f 3234 3365 3232
f 3366 3367 3368
f 3369 3367 3366
f 3366 3368 3370
f 3370 3368 3371
f 3371 3368 3372
f 3371 3372 3373
f 3373 3372 3374
f 3373 3374 3375
f 3375 3374 3376
f 3375 3376 3377
f 3377 3376 3378
f 3377 3378 3379
f 3379 3378 3380
f 3379 3380 3381
f 3381 3380 3382
f 3381 3382 3383
f 3383 3382 3384
f 3383 3384 3385
f 3385 3384 3386
f 3385 3386 3387
f 3387 3386 3388
f 3387 3388 3389
f 3387 3389 3390
f 3390 3389 3391
f 3392 3390 3391
f 3392 3391 3393
f 3392 3393 3394
f 3394 3393 3395
f 3394 3395 3396
f 3396 3395 3397
f 3396 3397 3398
f 3396 3398 3399
f 3399 3398 3400
f 3399 3400 3401
f 3401 3400 3402
f 3401 3402 3403
f 3403 3402 3404
f 3403 3404 3405
f 3403 3405 3406
f 3406 3405 3407
f 3406 3407 3408
f 3408 3407 3409
f 3408 3409 3410
f 3410 3409 3411
f 3410 3411 3412
f 3412 3411 3413
f 3412 3413 3414
f 3414 3413 3415
f 3414 3415 3416
f 3416 3415 3417
f 3416 3417 3418
f 3418 3417 3419
f 3418 3419 3420
f 3420 3419 3421
f 3420 3421 3422
f 3422 3421 3423
f 3423 3421 3424
f 3423 3424 3425
f 3425 3424 3426
f 3425 3426 3427
f 3427 3426 3428
f 3427 3428 3429
f 3429 3428 3430
f 3429 3430 3431
f 3431 3430 3432
f 3431 3432 3433
f 3433 3432 3434
f 3433 3434 3435
f 3435 3434 3436
f 3435 3436 3437
f 3437 3436 3438
f 3437 3438 3439
f 3439 3438 3440
f 3439 3440 3441
f 3441 3440 3442
f 3442 3440 3443
f 3442 3443 3444
f 3444 3443 3445
f 3444 3445 3446
f 3446 3445 3447
f 3446 3447 3448
f 3448 3447 3449
f 3448 3449 3450
f 3450 3449 3451
f 3450 3451 3452
f 3452 3451 3453
f 3452 3453 3454
f 3452 3454 3455
f 3455 3454 3456
f 3455 3456 3457
f 3457 3456 3458
f 3457 3458 3459
f 3459 3458 3460
f 3459 3460 3461
f 3461 3460 3462
f 3461 3462 3463
f 3463 3462 3464
f 3463 3464 3465
f 3465 3464 3466
f 3465 3466 3467
f 3467 3466 3468
f 3467 3468 3469
f 3469 3468 3470
f 3469 3470 3471
f 3471 3470 3472
f 3471 3472 3473
f 3473 3472 3474
f 3473 3474 3475
f 3475 3474 3476
f 3475 3476 3477
f 3477 3476 3478
f 3477 3478 3479
f 3479 3478 3480
f 3479 3480 3481
f 3481 3480 3482
f 3481 3482 3483
f 3481 3483 3484
f 3484 3483 3485
f 3484 3485 3486
f 3486 3485 3487
f 3486 3487 3488
f 3488 3487 3489
f 3488 3489 3490
f 3490 3489 3491
f 3490 3491 3492
f 3492 3491 3493
f 3493 3491 3494
f 3493 3494 3495
f 3495 3494 3496
f 3495 3496 3497
f 3495 3497 3498
f 3498 3497 3499
f 3498 3499 3500
f 3500 3499 3501
f 3500 3501 3502
f 3502 3501 3503
f 3502 3503 3504
f 3504 3503 3505
f 3504 3505 3506
f 3506 3505 3507
f 3506 3507 3369
f 3369 3507 3367
f 3508 3509 3510
f 3511 3509 3508
f 3508 3510 3512
f 3512 3510 3513
f 3512 3513 3514
f 3514 3513 3515
f 3514 3515 3516
f 3516 3515 3517
f 3516 3517 3518
f 3518 3517 3519
f 3518 3519 3520
f 3520 3519 3521
f 3520 3521 3522
f 3522 3521 3523
f 3522 3523 3524
f 3524 3523 3525
f 3524 3525 3526
f 3526 3525 3527
f 3526 3527 3528
f 3526 3528 3529
f 3529 3528 3530
f 3529 3530 3531
f 3529 3531 3532
f 3532 3531 3533
f 3534 3532 3533
f 3534 3533 3535
f 3534 3535 3536
f 3536 3535 3537
f 3536 3537 3538
f 3538 3537 3539
f 3539 3537 3540
f 3539 3540 3541
f 3541 3540 3542
f 3541 3542 3543
f 3543 3542 3544
f 3543 3544 3545
f 3545 3544 3546
f 3545 3546 3547
f 3547 3546 3548
f 3547 3548 3549
f 3549 3548 3550
f 3549 3550 3551
f 3551 3550 3552
f 3551 3552 3553
f 3553 3552 3554
f 3553 3554 3555
f 3555 3554 3556
f 3555 3556 3557
f 3557 3556 3558
f 3557 3558 3559
f 3559 3558 3560
f 3559 3560 3561
f 3561 3560 3562
f 3561 3562 3563
f 3563 3562 3564
f 3563 3564 3565
f 3565 3564 3566
f 3565 3566 3567
f 3567 3566 3568
f 3567 3568 3569
f 3569 3568 3570
f 3569 3570 3571
f 3571 3570 3572
f 3571 3572 3573
f 3573 3572 3574
f 3573 3574 3575
f 3575 3574 3576
f 3575 3576 3577
f 3577 3576 3578
f 3577 3578 3579
f 3579 3578 3580
f 3579 3580 3581
f 3581 3580 3582
f 3581 3582 3583
f 3583 3582 3584
f 3583 3584 3585
f 3585 3584 3586
f 3585 3586 3587
f 3587 3586 3588
f 3587 3588 3589
f 3589 3588 3590
f 3589 3590 3591
f 3591 3590 3592
f 3591 3592 3593
f 3593 3592 3594
f 3593 3594 3595
f 3595 3594 3596
f 3595 3596 3597
f 3597 3596 3598
f 3597 3598 3599
f 3599 3598 3600
f 3599 3600 3601
f 3601 3600 3602
f 3601 3602 3603
f 3603 3602 3604
f 3603 3604 3605
f 3605 3604 3606
f 3605 3606 3607
f 3607 3606 3608
f 3607 3608 3609
f 3609 3608 3610
f 3610 3608 3611
f 3610 3611 3612
f 3612 3611 3613
f 3612 3613 3614
f 3612 3614 3615
f 3615 3614 3616
f 3615 3616 3617
f 3617 3616 3618
f 3617 3618 3619
f 3619 3618 3620
f 3619 3620 3621
f 3621 3620 3622
f 3621 3622 3623
f 3623 3622 3624
f 3623 3624 3625
f 3625 3624 3626
f 3625 3626 3627
f 3627 3626 3628
f 3627 3628 3629
f 3629 3628 3630
f 3629 3630 3631
f 3631 3630 3632
f 3631 3632 3633
f 3633 3632 3634
f 3633 3634 3635
f 3635 3634 3636
f 3635 3636 3637
f 3635 3637 3638
f 3638 3637 3639
f 3638 3639 3640
f 3640 3639 3641
f 3640 3641 3642
f 3642 3641 3643
f 3642 3643 3644
f 3644 3643 3645
f 3644 3645 3646
f 3646 3645 3647
f 3646 3647 3648
f 3648 3647 3649
f 3649 3647 3650
f 3649 3650 3651
f 3651 3650 3652
f 3651 3652 3653
f 3653 3652 3654
f 3653 3654 3655
f 3655 3654 3656
f 3656 3654 3657
f 3656 3657 3658
f 3658 3657 3659
f 3658 3659 3660
f 3660 3659 3661
f 3660 3661 3662
f 3662 3661 3663
f 3662 3663 3511
f 3511 3663 3509
f 3664 3665 3666
f 3667 3665 3664
f 3668 3664 3666
f 3668 3666 3669
f 3668 3669 3670
f 3670 3669 3671
f 3670 3671 3672
f 3672 3671 3673
f 3672 3673 3674
f 3674 3673 3675
f 3674 3675 3676
f 3676 3675 3677
f 3676 3677 3678
f 3678 3677 3679
f 3678 3679 3680
f 3680 3679 3681
f 3680 3681 3682
f 3682 3681 3683
f 3682 3683 3684
f 3684 3683 3685
f 3684 3685 3686
f 3686 3685 3687
f 3686 3687 3688
f 3688 3687 3689
f 3688 3689 3690
f 3690 3689 3691
f 3690 3691 3692
f 3692 3691 3693
f 3692 3693 3694
f 3694 3693 3695
f 3694 3695 3667
f 3667 3695 3665
f 3696 3697 3698
f 3699 3697 3696
f 3700 3696 3698
f 3700 3698 3701
f 3700 3701 3702
f 3702 3701 3703
f 3702 3703 3704
f 3704 3703 3705
f 3704 3705 3706
f 3706 3705 3707
f 3706 3707 3708
f 3708 3707 3709
f 3708 3709 3710
f 3710 3709 3711
f 3710 3711 3712
f 3712 3711 3713
f 3712 3713 3714
f 3714 3713 3715
f 3714 3715 3716
f 3716 3715 3717
f 3716 3717 3718
f 3718 3717 3719
f 3718 3719 3720
f 3720 3719 3721
f 3720 3721 3722
f 3722 3721 3723
f 3722 3723 3724
f 3724 3723 3725
f 3724 3725 3726
f 3726 3725 3727
f 3726 3727 3699
f 3699 3727 3697
f 3728 3729 3730
f 3731 3729 3728
f 3732 3728 3730
f 3732 3730 3733
f 3732 3733 3734
f 3734 3733 3735
f 3734 3735 3736
f 3736 3735 3737
f 3736 3737 3738
f 3738 3737 3739
f 3738 3739 3740
f 3740 3739 3741
f 3740 3741 3742
f 3742 3741 3743
f 3742 3743 3744
f 3744 3743 3745
f 3744 3745 3746
f 3746 3745 3747
f 3746 3747 3748
f 3748 3747 3749
f 3748 3749 3750
f 3750 3749 3751
f 3750 3751 3752
f 3752 3751 3753
f 3752 3753 3754
f 3754 3753 3755
f 3754 3755 3756
f 3756 3755 3757
f 3756 3757 3758
f 3758 3757 3759
f 3758 3759 3731
f 3731 3759 3729
f 3760 3761 3762
f 3763 3761 3760
f 3764 3760 3762
f 3764 3762 3765
f 3764 3765 3766
f 3766 3765 3767
f 3766 3767 3768
f 3768 3767 3769
f 3768 3769 3770
f 3770 3769 3771
f 3770 3771 3772
f 3772 3771 3773
f 3772 3773 3774
f 3774 3773 3775
f 3774 3775 3776
f 3776 3775 3777
f 3776 3777 3778
f 3778 3777 3779
f 3778 3779 3780
f 3780 3779 3781
f 3780 3781 3782
f 3782 3781 3783
f 3782 3783 3784
f 3784 3783 3785
f 3784 3785 3786
f 3786 3785 3787
f 3786 3787 3788
f 3788 3787 3789
f 3788 3789 3790
f 3790 3789 3791
f 3790 3791 3763
f 3763 3791 3761
f 3792 3793 3794
f 3795 3793 3792
f 3796 3792 3794
f 3796 3794 3797
f 3796 3797 3798
f 3798 3797 3799
f 3798 3799 3800
f 3800 3799 3801
f 3800 3801 3802
f 3802 3801 3803
f 3802 3803 3804
f 3804 3803 3805
f 3804 3805 3806
f 3806 3805 3807
f 3806 3807 3808
f 3808 3807 3809
f 3808 3809 3810
f 3810 3809 3811
f 3810 3811 3812
f 3812 3811 3813
f 3812 3813 3814
f 3814 3813 3815
f 3814 3815 3816
f 3816 3815 3817
f 3816 3817 3818
f 3818 3817 3819
f 3818 3819 3820
f 3820 3819 3821
f 3820 3821 3822
f 3822 3821 3823
f 3822 3823 3795
f 3795 3823 3793
f 3824 3825 3826
f 3827 3825 3824
f 3828 3824 3826
f 3828 3826 3829
f 3828 3829 3830
f 3830 3829 3831
f 3830 3831 3832
f 3832 3831 3833
f 3832 3833 3834
f 3834 3833 3835
f 3834 3835 3836
f 3836 3835 3837
f 3836 3837 3838
f 3838 3837 3839
f 3838 3839 3840
f 3840 3839 3841
f 3840 3841 3842
f 3842 3841 3843
f 3842 3843 3844
f 3844 3843 3845
f 3844 3845 3846
f 3846 3845 3847
f 3846 3847 3848
f 3848 3847 3849
f 3848 3849 3850
f 3850 3849 3851
f 3850 3851 3852
f 3852 3851 3853
f 3852 3853 3854
f 3854 3853 3855
f 3854 3855 3827
f 3827 3855 3825
f 3856 3857 3858
f 3859 3857 3856
f 3860 3856 3858
f 3860 3858 3861
f 3860 3861 3862
f 3862 3861 3863
f 3862 3863 3864
f 3864 3863 3865
f 3864 3865 3866
f 3866 3865 3867
f 3866 3867 3868
f 3868 3867 3869
f 3868 3869 3870
f 3870 3869 3871
f 3870 3871 3872
f 3872 3871 3873
f 3872 3873 3874
f 3874 3873 3875
f 3874 3875 3876
f 3876 3875 3877
f 3876 3877 3878
f 3878 3877 3879
f 3878 3879 3880
f 3880 3879 3881
f 3880 3881 3882
f 3882 3881 3883
f 3882 3883 3884
f 3884 3883 3885
f 3884 3885 3886
f 3886 3885 3887
f 3886 3887 3859
f 3859 3887 3857
f 3888 3889 3890
f 3891 3889 3888
f 3892 3888 3890
f 3892 3890 3893
f 3892 3893 3894
f 3894 3893 3895
f 3894 3895 3896
f 3896 3895 3897
f 3896 3897 3898
f 3898 3897 3899
f 3898 3899 3900
f 3900 3899 3901
f 3900 3901 3902
f 3902 3901 3903
f 3902 3903 3904
f 3904 3903 3905
f 3904 3905 3906
f 3906 3905 3907
f 3906 3907 3908
f 3908 3907 3909
f 3908 3909 3910
f 3910 3909 3911
f 3910 3911 3912
f 3912 3911 3913
f 3912 3913 3914
f 3914 3913 3915
f 3914 3915 3916
f 3916 3915 3917
f 3916 3917 3918
f 3918 3917 3919
f 3918 3919 3891
f 3891 3919 3889
f 3920 3921 3922
f 3923 3921 3920
f 3924 3920 3922
f 3924 3922 3925
f 3924 3925 3926
f 3926 3925 3927
f 3926 3927 3928
f 3928 3927 3929
f 3928 3929 3930
f 3930 3929 3931
f 3930 3931 3932
f 3932 3931 3933
f 3932 3933 3934
f 3934 3933 3935
f 3934 3935 3936
f 3936 3935 3937
f 3936 3937 3938
f 3938 3937 3939
f 3938 3939 3940
f 3940 3939 3941
f 3940 3941 3942
f 3942 3941 3943
f 3942 3943 3944
f 3944 3943 3945
f 3944 3945 3946
f 3946 3945 3947
f 3946 3947 3948
f 3948 3947 3949
f 3948 3949 3950
f 3950 3949 3951
f 3950 3951 3923
f 3923 3951 3921
f 3952 3953 3954
f 3955 3953 3952
f 3956 3952 3954
f 3956 3954 3957
f 3956 3957 3958
f 3958 3957 3959
f 3958 3959 3960
f 3960 3959 3961
f 3960 3961 3962
f 3962 3961 3963
f 3962 3963 3964
f 3964 3963 3965
f 3964 3965 3966
f 3966 3965 3967
f 3966 3967 3968
f 3968 3967 3969
f 3968 3969 3970
f 3970 3969 3971
f 3970 3971 3972
f 3972 3971 3973
f 3972 3973 3974
f 3974 3973 3975
f 3974 3975 3976
f 3976 3975 3977
f 3976 3977 3978
f 3978 3977 3979
f 3978 3979 3980
f 3980 3979 3981
f 3980 3981 3982
f 3982 3981 3983
f 3982 3983 3955
f 3955 3983 3953
f 3984 3985 3986
f 3987 3985 3984
f 3988 3984 3986
f 3988 3986 3989
f 3988 3989 3990
f 3990 3989 3991
f 3990 3991 3992
f 3992 3991 3993
f 3992 3993 3994
f 3994 3993 3995
f 3994 3995 3996
f 3996 3995 3997
f 3996 3997 3998
f 3998 3997 3999
f 3998 3999 4000
f 4000 3999 4001
f 4000 4001 4002
f 4002 4001 4003
f 4002 4003 4004
f 4004 4003 4005
f 4004 4005 4006
f 4006 4005 4007
f 4006 4007 4008
f 4008 4007 4009
f 4008 4009 4010
f 4010 4009 4011
f 4010 4011 4012
f 4012 4011 4013
f 4012 4013 4014
f 4014 4013 4015
f 4014 4015 3987
f 3987 4015 3985
f 4016 4017 4018
f 4019 4017 4016
f 4020 4016 4018
f 4020 4018 4021
f 4020 4021 4022
f 4022 4021 4023
f 4022 4023 4024
f 4024 4023 4025
f 4024 4025 4026
f 4026 4025 4027
f 4026 4027 4028
f 4028 4027 4029
f 4028 4029 4030
f 4030 4029 4031
f 4030 4031 4032
f 4032 4031 4033
f 4032 4033 4034
f 4034 4033 4035
f 4034 4035 4036
f 4036 4035 4037
f 4036 4037 4038
f 4038 4037 4039
f 4038 4039 4040
f 4040 4039 4041
f 4040 4041 4042
f 4042 4041 4043
f 4042 4043 4044
f 4044 4043 4045
f 4044 4045 4046
f 4046 4045 4047
f 4046 4047 4019
f 4019 4047 4017
f 4048 4049 4050
f 4051 4049 4048
f 4052 4048 4050
f 4052 4050 4053
f 4052 4053 4054
f 4054 4053 4055
f 4054 4055 4056
f 4056 4055 4057
f 4056 4057 4058
f 4058 4057 4059
f 4058 4059 4060
f 4060 4059 4061
f 4060 4061 4062
f 4062 4061 4063
f 4062 4063 4064
f 4064 4063 4065
f 4064 4065 4066
f 4066 4065 4067
f 4066 4067 4068
f 4068 4067 4069
f 4068 4069 4070
f 4070 4069 4071
f 4070 4071 4072
f 4072 4071 4073
f 4072 4073 4074
f 4074 4073 4075
f 4074 4075 4076
f 4076 4075 4077
f 4076 4077 4078
f 4078 4077 4079
f 4078 4079 4051
f 4051 4079 4049
f 4080 4081 4082
f 4083 4081 4080
f 4084 4080 4082
f 4084 4082 4085
f 4084 4085 4086
f 4086 4085 4087
f 4086 4087 4088
f 4088 4087 4089
f 4088 4089 4090
f 4090 4089 4091
f 4090 4091 4092
f 4092 4091 4093
f 4092 4093 4094
f 4094 4093 4095
f 4094 4095 4096
f 4096 4095 4097
f 4096 4097 4098
f 4098 4097 4099
f 4098 4099 4100
f 4100 4099 4101
f 4100 4101 4102
f 4102 4101 4103
f 4102 4103 4104
f 4104 4103 4105
f 4104 4105 4106
f 4106 4105 4107
f 4106 4107 4108
f 4108 4107 4109
f 4108 4109 4110
f 4110 4109 4111
f 4110 4111 4083
f 4083 4111 4081
f 4112 4113 4114
f 4115 4113 4112
f 4116 4112 4114
f 4116 4114 4117
f 4116 4117 4118
f 4118 4117 4119
f 4118 4119 4120
f 4120 4119 4121
f 4120 4121 4122
f 4122 4121 4123
f 4122 4123 4124
f 4124 4123 4125
f 4124 4125 4126
f 4126 4125 4127
f 4126 4127 4128
f 4128 4127 4129
f 4128 4129 4130
f 4130 4129 4131
f 4130 4131 4132
f 4132 4131 4133
f 4132 4133 4134
f 4134 4133 4135
f 4134 4135 4136
f 4136 4135 4137
f 4136 4137 4138
f 4138 4137 4139
f 4138 4139 4140
f 4140 4139 4141
f 4140 4141 4142
f 4142 4141 4143
f 4142 4143 4115
f 4115 4143 4113
f 4144 4145 4146
f 4147 4145 4144
f 4148 4144 4146
f 4148 4146 4149
f 4148 4149 4150
f 4150 4149 4151
f 4150 4151 4152
f 4152 4151 4153
f 4152 4153 4154
f 4154 4153 4155
f 4154 4155 4156
f 4156 4155 4157
f 4156 4157 4158
f 4158 4157 4159
f 4158 4159 4160
f 4160 4159 4161
f 4160 4161 4162
f 4162 4161 4163
f 4162 4163 4164
f 4164 4163 4165
f 4164 4165 4166
f 4166 4165 4167
f 4166 4167 4168
f 4168 4167 4169
f 4168 4169 4170
f 4170 4169 4171
f 4170 4171 4172
f 4172 4171 4173
f 4172 4173 4174
f 4174 4173 4175
f 4174 4175 4147
f 4147 4175 4145
f 4176 4177 4178
f 4179 4177 4176
f 4180 4176 4178
f 4180 4178 4181
f 4180 4181 4182
f 4182 4181 4183
f 4182 4183 4184
f 4184 4183 4185
f 4184 4185 4186
f 4186 4185 4187
f 4186 4187 4188
f 4188 4187 4189
f 4188 4189 4190
f 4190 4189 4191
f 4190 4191 4192
f 4192 4191 4193
f 4192 4193 4194
f 4194 4193 4195
f 4194 4195 4196
f 4196 4195 4197
f 4196 4197 4198
f 4198 4197 4199
f 4198 4199 4200
f 4200 4199 4201
f 4200 4201 4202
f 4202 4201 4203
f 4202 4203 4204
f 4204 4203 4205
f 4204 4205 4206
f 4206 4205 4207
f 4206 4207 4179
f 4179 4207 4177
f 4208 4209 4210
f 4211 4209 4208
f 4212 4208 4210
f 4212 4210 4213
f 4212 4213 4214
f 4214 4213 4215
f 4214 4215 4216
f 4216 4215 4217
f 4216 4217 4218
f 4218 4217 4219
f 4218 4219 4220
f 4220 4219 4221
f 4220 4221 4222
f 4222 4221 4223
f 4222 4223 4224
f 4224 4223 4225
f 4224 4225 4226
f 4226 4225 4227
f 4226 4227 4228
f 4228 4227 4229
f 4228 4229 4230
f 4230 4229 4231
f 4230 4231 4232
f 4232 4231 4233
f 4232 4233 4234
f 4234 4233 4235
f 4234 4235 4236
f 4236 4235 4237
f 4236 4237 4238
f 4238 4237 4239
f 4238 4239 4211
f 4211 4239 4209
f 4240 4241 4242
f 4243 4241 4240
f 4244 4240 4242
f 4244 4242 4245
f 4244 4245 4246
f 4246 4245 4247
f 4246 4247 4248
f 4248 4247 4249
f 4248 4249 4250
f 4250 4249 4251
f 4250 4251 4252
f 4252 4251 4253
f 4252 4253 4254
f 4254 4253 4255
f 4254 4255 4256
f 4256 4255 4257
f 4256 4257 4258
f 4258 4257 4259
f 4258 4259 4260
f 4260 4259 4261
f 4260 4261 4262
f 4262 4261 4263
f 4262 4263 4264
f 4264 4263 4265
f 4264 4265 4266
f 4266 4265 4267
f 4266 4267 4268
f 4268 4267 4269
f 4268 4269 4270
f 4270 4269 4271
f 4270 4271 4243
f 4243 4271 4241
f 4272 4273 4274
f 4275 4273 4272
f 4276 4272 4274
f 4276 4274 4277
f 4276 4277 4278
f 4278 4277 4279
f 4278 4279 4280
f 4280 4279 4281
f 4280 4281 4282
f 4282 4281 4283
f 4282 4283 4284
f 4284 4283 4285
f 4284 4285 4286
f 4286 4285 4287
f 4286 4287 4288
f 4288 4287 4289
f 4288 4289 4290
f 4290 4289 4291
f 4290 4291 4292
f 4292 4291 4293
f 4292 4293 4294
f 4294 4293 4295
f 4294 4295 4296
f 4296 4295 4297
f 4296 4297 4298
f 4298 4297 4299
f 4298 4299 4300
f 4300 4299 4301
f 4300 4301 4302
f 4302 4301 4303
f 4302 4303 4275
f 4275 4303 4273
f 4304 4305 4306
f 4307 4305 4304
f 4308 4304 4306
f 4308 4306 4309
f 4308 4309 4310
f 4310 4309 4311
f 4310 4311 4312
f 4312 4311 4313
f 4312 4313 4314
f 4314 4313 4315
f 4314 4315 4316
f 4316 4315 4317
f 4316 4317 4318
f 4318 4317 4319
f 4318 4319 4320
f 4320 4319 4321
f 4320 4321 4322
f 4322 4321 4323
f 4322 4323 4324
f 4324 4323 4325
f 4324 4325 4326
f 4326 4325 4327
f 4326 4327 4328
f 4328 4327 4329
f 4328 4329 4330
f 4330 4329 4331
f 4330 4331 4332
f 4332 4331 4333
f 4332 4333 4334
f 4334 4333 4335
f 4334 4335 4307
f 4307 4335 4305
f 4336 4337 4338
f 4339 4337 4336
f 4340 4336 4338
f 4340 4338 4341
f 4340 4341 4342
f 4342 4341 4343
f 4342 4343 4344
f 4344 4343 4345
f 4344 4345 4346
f 4346 4345 4347
f 4346 4347 4348
f 4348 4347 4349
f 4348 4349 4350
f 4350 4349 4351
f 4350 4351 4352
f 4352 4351 4353
f 4352 4353 4354
f 4354 4353 4355
f 4354 4355 4356
f 4356 4355 4357
f 4356 4357 4358
f 4358 4357 4359
f 4358 4359 4360
f 4360 4359 4361
f 4360 4361 4362
f 4362 4361 4363
f 4362 4363 4364
f 4364 4363 4365
f 4364 4365 4366
f 4366 4365 4367
f 4366 4367 4339
f 4339 4367 4337
f 4368 4369 4370
f 4371 4369 4368
f 4372 4368 4370
f 4372 4370 4373
f 4372 4373 4374
f 4374 4373 4375
f 4374 4375 4376
f 4376 4375 4377
f 4376 4377 4378
f 4378 4377 4379
f 4378 4379 4380
f 4380 4379 4381
f 4380 4381 4382
f 4382 4381 4383
f 4382 4383 4384
f 4384 4383 4385
f 4384 4385 4386
f 4386 4385 4387
f 4386 4387 4388
f 4388 4387 4389
f 4388 4389 4390
f 4390 4389 4391
f 4390 4391 4392
f 4392 4391 4393
f 4392 4393 4394
f 4394 4393 4395
f 4394 4395 4396
f 4396 4395 4397
f 4396 4397 4398
f 4398 4397 4399
f 4398 4399 4371
f 4371 4399 4369
f 4400 4401 4402
f 4403 4401 4400
f 4404 4400 4402
f 4404 4402 4405
f 4404 4405 4406
f 4406 4405 4407
f 4406 4407 4408
f 4408 4407 4409
f 4408 4409 4410
f 4410 4409 4411
f 4410 4411 4412
f 4412 4411 4413
f 4412 4413 4414
f 4414 4413 4415
f 4414 4415 4416
f 4416 4415 4417
f 4416 4417 4418
f 4418 4417 4419
f 4418 4419 4420
f 4420 4419 4421
f 4420 4421 4422
f 4422 4421 4423
f 4422 4423 4424
f 4424 4423 4425
f 4424 4425 4426
f 4426 4425 4427
f 4426 4427 4428
f 4428 4427 4429
f 4428 4429 4430
f 4430 4429 4431
f 4430 4431 4403
f 4403 4431 4401
f 4432 4433 4434
f 4435 4433 4432
f 4436 4432 4434
f 4436 4434 4437
f 4436 4437 4438
f 4438 4437 4439
f 4438 4439 4440
f 4440 4439 4441
f 4440 4441 4442
f 4442 4441 4443
f 4442 4443 4444
f 4444 4443 4445
f 4444 4445 4446
f 4446 4445 4447
f 4446 4447 4448
f 4448 4447 4449
f 4448 4449 4450
f 4450 4449 4451
f 4450 4451 4452
f 4452 4451 4453
f 4452 4453 4454
f 4454 4453 4455
f 4454 4455 4456
f 4456 4455 4457
f 4456 4457 4458
f 4458 4457 4459
f 4458 4459 4460
f 4460 4459 4461
f 4460 4461 4462
f 4462 4461 4463
f 4462 4463 4435
f 4435 4463 4433
f 4464 4465 4466
f 4467 4465 4464
f 4468 4464 4466
f 4468 4466 4469
f 4468 4469 4470
f 4470 4469 4471
f 4470 4471 4472
f 4472 4471 4473
f 4472 4473 4474
f 4474 4473 4475
f 4474 4475 4476
f 4476 4475 4477
f 4476 4477 4478
f 4478 4477 4479
f 4478 4479 4480
f 4480 4479 4481
f 4480 4481 4482
f 4482 4481 4483
f 4482 4483 4484
f 4484 4483 4485
f 4484 4485 4486
f 4486 4485 4487
f 4486 4487 4488
f 4488 4487 4489
f 4488 4489 4490
f 4490 4489 4491
f 4490 4491 4492
f 4492 4491 4493
f 4492 4493 4494
f 4494 4493 4495
f 4494 4495 4467
f 4467 4495 4465
f 4496 4497 4498
f 4499 4497 4496
f 4500 4496 4498
f 4500 4498 4501
f 4500 4501 4502
f 4502 4501 4503
f 4502 4503 4504
f 4504 4503 4505
f 4504 4505 4506
f 4506 4505 4507
f 4506 4507 4508
f 4508 4507 4509
f 4508 4509 4510
f 4510 4509 4511
f 4510 4511 4512
f 4512 4511 4513
f 4512 4513 4514
f 4514 4513 4515
f 4514 4515 4516
f 4516 4515 4517
f 4516 4517 4518
f 4518 4517 4519
f 4518 4519 4520
f 4520 4519 4521
f 4520 4521 4522
f 4522 4521 4523
f 4522 4523 4524
f 4524 4523 4525
f 4524 4525 4526
f 4526 4525 4527
f 4526 4527 4499
f 4499 4527 4497
f 4528 4529 4530
f 4531 4529 4528
f 4532 4528 4530
f 4532 4530 4533
f 4532 4533 4534
f 4534 4533 4535
f 4534 4535 4536
f 4536 4535 4537
f 4536 4537 4538
f 4538 4537 4539
f 4538 4539 4540
f 4540 4539 4541
f 4540 4541 4542
f 4542 4541 4543
f 4542 4543 4544
f 4544 4543 4545
f 4544 4545 4546
f 4546 4545 4547
f 4546 4547 4548
f 4548 4547 4549
f 4548 4549 4550
f 4550 4549 4551
f 4550 4551 4552
f 4552 4551 4553
f 4552 4553 4554
f 4554 4553 4555
f 4554 4555 4556
f 4556 4555 4557
f 4556 4557 4558
f 4558 4557 4559
f 4558 4559 4531
f 4531 4559 4529
f 4560 4561 4562
f 4563 4561 4560
f 4564 4560 4562
f 4564 4562 4565
f 4564 4565 4566
f 4566 4565 4567
f 4566 4567 4568
f 4568 4567 4569
f 4568 4569 4570
f 4570 4569 4571
f 4570 4571 4572
f 4572 4571 4573
f 4572 4573 4574
f 4574 4573 4575
f 4574 4575 4576
f 4576 4575 4577
f 4576 4577 4578
f 4578 4577 4579
f 4578 4579 4580
f 4580 4579 4581
f 4580 4581 4582
f 4582 4581 4583
f 4582 4583 4584
f 4584 4583 4585
f 4584 4585 4586
f 4586 4585 4587
f 4586 4587 4588
f 4588 4587 4589
f 4588 4589 4590
f 4590 4589 4591
f 4590 4591 4563
f 4563 4591 4561
f 4592 4593 4594
f 4595 4593 4592
f 4596 4592 4594
f 4596 4594 4597
f 4596 4597 4598
f 4598 4597 4599
f 4598 4599 4600
f 4600 4599 4601
f 4600 4601 4602
f 4602 4601 4603
f 4602 4603 4604
f 4604 4603 4605
f 4604 4605 4606
f 4606 4605 4607
f 4606 4607 4608
f 4608 4607 4609
f 4608 4609 4610
f 4610 4609 4611
f 4610 4611 4612
f 4612 4611 4613
f 4612 4613 4614
f 4614 4613 4615
f 4614 4615 4616
f 4616 4615 4617
f 4616 4617 4618
f 4618 4617 4619
f 4618 4619 4620
f 4620 4619 4621
f 4620 4621 4622
f 4622 4621 4623
f 4622 4623 4595
f 4595 4623 4593
f 4624 4625 4626
f 4627 4625 4624
f 4624 4626 4628
f 4628 4626 4629
f 4628 4629 4630
f 4630 4629 4631
f 4630 4631 4632
f 4632 4631 4633
f 4632 4633 4634
f 4634 4633 4635
f 4634 4635 4636
f 4636 4635 4637
f 4636 4637 4638
f 4638 4637 4639
f 4638 4639 4640
f 4640 4639 4641
f 4640 4641 4642
f 4642 4641 4643
f 4642 4643 4644
f 4644 4643 4645
f 4644 4645 4646
f 4646 4645 4647
f 4647 4645 4648
f 4647 4648 4649
f 4649 4648 4650
f 4649 4650 4651
f 4651 4650 4652
f 4651 4652 4653
f 4653 4652 4654
f 4653 4654 4655
f 4655 4654 4656
f 4655 4656 4657
f 4657 4656 4658
f 4657 4658 4659
f 4659 4658 4660
f 4659 4660 4661
f 4661 4660 4662
f 4661 4662 4663
f 4663 4662 4664
f 4663 4664 4665
f 4663 4665 4666
f 4666 4665 4667
f 4668 4666 4667
f 4668 4667 4669
f 4668 4669 4670
f 4668 4670 4671
f 4671 4670 4672
f 4671 4672 4673
f 4673 4672 4674
f 4673 4674 4675
f 4675 4674 4676
f 4675 4676 4677
f 4677 4676 4678
f 4678 4676 4679
f 4678 4679 4680
f 4680 4679 4681
f 4680 4681 4682
f 4680 4682 4683
f 4683 4682 4684
f 4683 4684 4685
f 4685 4684 4686
f 4685 4686 4687
f 4687 4686 4688
f 4687 4688 4689
f 4689 4688 4690
f 4689 4690 4691
f 4691 4690 4692
f 4691 4692 4693
f 4693 4692 4694
f 4693 4694 4695
f 4695 4694 4696
f 4695 4696 4697
f 4697 4696 4698
f 4698 4696 4699
f 4698 4699 4700
f 4700 4699 4701
f 4700 4701 4702
f 4700 4702 4703
f 4703 4702 4704
f 4703 4704 4705
f 4705 4704 4706
f 4706 4704 4707
f 4706 4707 4708
f 4708 4707 4709
f 4708 4709 4710
f 4710 4709 4711
f 4711 4709 4712
f 4711 4712 4713
f 4713 4712 4714
f 4713 4714 4715
f 4715 4714 4716
f 4715 4716 4717
f 4715 4717 4718
f 4718 4717 4719
f 4718 4719 4720
f 4720 4719 4721
f 4720 4721 4722
f 4720 4722 4723
f 4723 4722 4724
f 4723 4724 4725
f 4725 4724 4726
f 4725 4726 4727
f 4725 4727 4728
f 4728 4727 4729
f 4728 4729 4730
f 4730 4729 4731
f 4730 4731 4732
f 4732 4731 4733
f 4732 4733 4734
f 4734 4733 4735
f 4735 4733 4736
f 4735 4736 4737
f 4737 4736 4738
f 4737 4738 4739
f 4739 4738 4740
f 4739 4740 4741
f 4741 4740 4742
f 4741 4742 4743
f 4743 4742 4744
f 4743 4744 4745
f 4743 4745 4627
f 4627 4745 4625
f 4746 4747 4748
f 4749 4747 4746
f 4746 4748 4750
f 4750 4748 4751
f 4751 4748 4752
f 4751 4752 4753
f 4753 4752 4754
f 4753 4754 4755
f 4753 4755 4756
f 4756 4755 4757
f 4756 4757 4758
f 4758 4757 4759
f 4759 4757 4760
f 4759 4760 4761
f 4761 4760 4762
f 4761 4762 4763
f 4763 4762 4764
f 4764 4762 4765
f 4764 4765 4766
f 4766 4765 4767
f 4766 4767 4768
f 4768 4767 4769
f 4768 4769 4770
f 4768 4770 4771
f 4771 4770 4772
f 4771 4772 4773
f 4773 4772 4774
f 4773 4774 4775
f 4773 4775 4776
f 4776 4775 4777
f 4776 4777 4778
f 4778 4777 4779
f 4778 4779 4780
f 4778 4780 4781
f 4781 4780 4782
f 4781 4782 4783
f 4783 4782 4784
f 4783 4784 4785
f 4785 4784 4786
f 4786 4784 4787
f 4786 4787 4788
f 4788 4787 4789
f 4789 4787 4790
f 4789 4790 4791
f 4791 4790 4792
f 4791 4792 4793
f 4793 4792 4794
f 4793 4794 4795
f 4795 4794 4796
f 4795 4796 4797
f 4797 4796 4798
f 4797 4798 4799
f 4799 4798 4800
f 4799 4800 4801
f 4801 4800 4802
f 4801 4802 4803
f 4803 4802 4804
f 4803 4804 4805
f 4805 4804 4806
f 4805 4806 4807
f 4807 4806 4808
f 4807 4808 4809
f 4809 4808 4810
f 4809 4810 4811
f 4811 4810 4812
f 4811 4812 4813
f 4813 4812 4814
f 4813 4814 4815
f 4815 4814 4816
f 4815 4816 4817
f 4817 4816 4818
f 4817 4818 4819
f 4819 4818 4820
f 4821 4819 4820
f 4821 4820 4822
f 4821 4822 4823
f 4823 4822 4824
f 4823 4824 4825
f 4825 4824 4826
f 4825 4826 4827
f 4827 4826 4828
f 4827 4828 4829
f 4829 4828 4830
f 4829 4830 4831
f 4831 4830 4832
f 4831 4832 4833
f 4831 4833 4834
f 4834 4833 4835
f 4834 4835 4836
f 4836 4835 4837
f 4836 4837 4838
f 4838 4837 4839
f 4838 4839 4840
f 4840 4839 4841
f 4840 4841 4842
f 4842 4841 4843
f 4842 4843 4844
f 4842 4844 4845
f 4845 4844 4846
f 4845 4846 4847
f 4847 4846 4848
f 4847 4848 4849
f 4849 4848 4850
f 4849 4850 4851
f 4851 4850 4852
f 4852 4850 4853
f 4852 4853 4854
f 4854 4853 4855
f 4854 4855 4856
f 4854 4856 4857
f 4857 4856 4858
f 4857 4858 4859
f 4859 4858 4860
f 4859 4860 4861
f 4861 4860 4862
f 4861 4862 4863
f 4863 4862 4864
f 4863 4864 4865
f 4865 4864 4866
f 4865 4866 4749
f 4749 4866 4747
f 4867 4868 4869
f 4870 4868 4867
f 4867 4869 4871
f 4871 4869 4872
f 4871 4872 4873
f 4873 4872 4874
f 4873 4874 4875
f 4875 4874 4876
f 4875 4876 4877
f 4877 4876 4878
f 4877 4878 4879
f 4879 4878 4880
f 4879 4880 4881
f 4881 4880 4882
f 4881 4882 4883
f 4883 4882 4884
f 4883 4884 4885
f 4885 4884 4886
f 4885 4886 4887
f 4887 4886 4888
f 4887 4888 4889
f 4889 4888 4890
f 4889 4890 4891
f 4891 4890 4892
f 4891 4892 4893
f 4893 4892 4894
f 4894 4892 4895
f 4894 4895 4896
f 4896 4895 4897
f 4897 4895 4898
f 4897 4898 4899
f 4899 4898 4900
f 4899 4900 4901
f 4901 4900 4902
f 4901 4902 4903
f 4903 4902 4904
f 4903 4904 4905
f 4905 4904 4906
f 4905 4906 4907
f 4907 4906 4908
f 4907 4908 4909
f 4907 4909 4910
f 4910 4909 4911
f 4912 4910 4911
f 4912 4911 4913
f 4912 4913 4914
f 4912 4914 4915
f 4915 4914 4916
f 4915 4916 4917
f 4917 4916 4918
f 4917 4918 4919
f 4919 4918 4920
f 4919 4920 4921
f 4921 4920 4922
f 4922 4920 4923
f 4922 4923 4924
f 4924 4923 4925
f 4924 4925 4926
f 4924 4926 4927
f 4927 4926 4928
f 4927 4928 4929
f 4929 4928 4930
f 4929 4930 4931
f 4931 4930 4932
f 4931 4932 4933
f 4933 4932 4934
f 4933 4934 4935
f 4935 4934 4936
f 4935 4936 4937
f 4937 4936 4938
f 4937 4938 4939
f 4939 4938 4940
f 4939 4940 4941
f 4941 4940 4942
f 4942 4940 4943
f 4942 4943 4944
f 4944 4943 4945
f 4944 4945 4946
f 4944 4946 4947
f 4947 4946 4948
f 4947 4948 4949
f 4949 4948 4950
f 4950 4948 4951
f 4950 4951 4952
f 4952 4951 4953
f 4952 4953 4954
f 4954 4953 4955
f 4955 4953 4956
f 4955 4956 4957
f 4957 4956 4958
f 4957 4958 4959
f 4959 4958 4960
f 4959 4960 4961
f 4959 4961 4962
f 4962 4961 4963
f 4962 4963 4964
f 4964 4963 4965
f 4964 4965 4966
f 4964 4966 4967
f 4967 4966 4968
f 4967 4968 4969
f 4969 4968 4970
f 4969 4970 4971
f 4969 4971 4972
f 4972 4971 4973
f 4972 4973 4974
f 4974 4973 4975
f 4974 4975 4976
f 4976 4975 4977
f 4976 4977 4978
f 4978 4977 4979
f 4978 4979 4980
f 4980 4979 4981
f 4981 4979 4982
f 4981 4982 4983
f 4983 4982 4984
f 4983 4984 4985
f 4985 4984 4986
f 4985 4986 4987
f 4987 4986 4988
f 4987 4988 4870
f 4870 4988 4989
f 4870 4989 4868
f 4990 4991 4992
f 4993 4991 4990
f 4990 4992 4994
f 4994 4992 4995
f 4995 4992 4996
f 4995 4996 4997
f 4997 4996 4998
f 4997 4998 4999
f 4999 4998 5000
f 4999 5000 5001
f 5001 5000 5002
f 5001 5002 5003
f 5003 5002 5004
f 5003 5004 5005
f 5005 5004 5006
f 5005 5006 5007
f 5007 5006 5008
f 5007 5008 5009
f 5009 5008 5010
f 5009 5010 5011
f 5011 5010 5012
f 5011 5012 5013
f 5011 5013 5014
f 5014 5013 5015
f 5016 5014 5015
f 5016 5015 5017
f 5016 5017 5018
f 5016 5018 5019
f 5019 5018 5020
f 5019 5020 5021
f 5021 5020 5022
f 5021 5022 5023
f 5023 5022 5024
f 5023 5024 5025
f 5025 5024 5026
f 5026 5024 5027
f 5026 5027 5028
f 5028 5027 5029
f 5028 5029 5030
f 5028 5030 5031
f 5031 5030 5032
f 5031 5032 5033
f 5033 5032 5034
f 5033 5034 5035
f 5035 5034 5036
f 5035 5036 5037
f 5037 5036 5038
f 5037 5038 5039
f 5039 5038 5040
f 5039 5040 5041
f 5041 5040 5042
f 5041 5042 5043
f 5043 5042 5044
f 5043 5044 5045
f 5045 5044 5046
f 5046 5044 5047
f 5046 5047 5048
f 5048 5047 5049
f 5048 5049 5050
f 5048 5050 5051
f 5051 5050 5052
f 5051 5052 5053
f 5053 5052 5054
f 5054 5052 5055
f 5054 5055 5056
f 5056 5055 5057
f 5056 5057 5058
f 5058 5057 5059
f 5059 5057 5060
f 5059 5060 5061
f 5061 5060 5062
f 5061 5062 5063
f 5063 5062 5064
f 5063 5064 5065
f 5063 5065 5066
f 5066 5065 5067
f 5066 5067 5068
f 5068 5067 5069
f 5068 5069 5070
f 5068 5070 5071
f 5071 5070 5072
f 5071 5072 5073
f 5073 5072 5074
f 5073 5074 5075
f 5073 5075 5076
f 5076 5075 5077
f 5076 5077 5078
f 5078 5077 5079
f 5078 5079 5080
f 5080 5079 5081
f 5080 5081 5082
f 5082 5081 5083
f 5082 5083 5084
f 5084 5083 5085
f 5084 5085 5086
f 5086 5085 5087
f 5087 5085 5088
f 5087 5088 5089
f 5089 5088 5090
f 5090 5088 5091
f 5090 5091 5092
f 5090 5092 5093
f 5093 5092 5094
f 5093 5094 5095
f 5093 5095 5096
f 5096 5095 5097
f 5096 5097 5098
f 5098 5097 5099
f 5098 5099 5100
f 5100 5099 5101
f 5100 5101 5102
f 5102 5101 5103
f 5102 5103 5104
f 5104 5103 5105
f 5104 5105 5106
f 5106 5105 5107
f 5106 5107 5108
f 5108 5107 5109
f 5108 5109 5110
f 5110 5109 5111
f 5110 5111 4993
f 4993 5111 4991
f 5112 5113 5114
f 5115 5113 5112
f 5112 5114 5116
f 5116 5114 5117
f 5116 5117 5118
f 5118 5117 5119
f 5118 5119 5120
f 5120 5119 5121
f 5120 5121 5122
f 5122 5121 5123
f 5122 5123 5124
f 5124 5123 5125
f 5124 5125 5126
f 5126 5125 5127
f 5126 5127 5128
f 5128 5127 5129
f 5128 5129 5130
f 5130 5129 5131
f 5130 5131 5132
f 5132 5131 5133
f 5132 5133 5134
f 5134 5133 5135
f 5135 5133 5136
f 5135 5136 5137
f 5137 5136 5138
f 5137 5138 5139
f 5137 5139 5140
f 5140 5139 5141
f 5140 5141 5142
f 5142 5141 5143
f 5142 5143 5144
f 5144 5143 5145
f 5145 5143 5146
f 5145 5146 5147
f 5147 5146 5148
f 5147 5148 5149
f 5149 5148 5150
f 5149 5150 5151
f 5151 5150 5152
f 5151 5152 5153
f 5151 5153 5154
f 5154 5153 5155
f 5156 5154 5155
f 5156 5155 5157
f 5156 5157 5158
f 5156 5158 5159
f 5159 5158 5160
f 5159 5160 5161
f 5161 5160 5162
f 5161 5162 5163
f 5163 5162 5164
f 5163 5164 5165
f 5165 5164 5166
f 5166 5164 5167
f 5166 5167 5168
f 5168 5167 5169
f 5168 5169 5170
f 5168 5170 5171
f 5171 5170 5172
f 5171 5172 5173
f 5173 5172 5174
f 5173 5174 5175
f 5175 5174 5176
f 5175 5176 5177
f 5177 5176 5178
f 5177 5178 5179
f 5179 5178 5180
f 5179 5180 5181
f 5181 5180 5182
f 5181 5182 5183
f 5183 5182 5184
f 5183 5184 5185
f 5185 5184 5186
f 5186 5184 5187
f 5186 5187 5188
f 5188 5187 5189
f 5188 5189 5190
f 5188 5190 5191
f 5191 5190 5192
f 5191 5192 5193
f 5193 5192 5194
f 5194 5192 5195
f 5194 5195 5196
f 5196 5195 5197
f 5196 5197 5198
f 5198 5197 5199
f 5199 5197 5200
f 5199 5200 5201
f 5201 5200 5202
f 5201 5202 5203
f 5203 5202 5204
f 5203 5204 5205
f 5203 5205 5206
f 5206 5205 5207
f 5206 5207 5208
f 5208 5207 5209
f 5208 5209 5210
f 5208 5210 5211
f 5211 5210 5212
f 5211 5212 5213
f 5213 5212 5214
f 5213 5214 5215
f 5213 5215 5216
f 5216 5215 5217
f 5216 5217 5218
f 5218 5217 5219
f 5219 5217 5220
f 5219 5220 5221
f 5221 5220 5222
f 5221 5222 5223
f 5223 5222 5224
f 5223 5224 5225
f 5225 5224 5226
f 5225 5226 5227
f 5227 5226 5228
f 5227 5228 5229
f 5229 5228 5230
f 5229 5230 5231
f 5231 5230 5232
f 5231 5232 5115
f 5115 5232 5233
f 5115 5233 5113
f 5234 5235 5236
f 5237 5235 5234
f 5234 5236 5238
f 5238 5236 5239
f 5238 5239 5240
f 5240 5239 5241
f 5240 5241 5242
f 5242 5241 5243
f 5242 5243 5244
f 5244 5243 5245
f 5244 5245 5246
f 5246 5245 5247
f 5246 5247 5248
f 5248 5247 5249
f 5248 5249 5250
f 5250 5249 5251
f 5250 5251 5252
f 5252 5251 5253
f 5252 5253 5254
f 5254 5253 5255
f 5254 5255 5256
f 5256 5255 5257
f 5257 5255 5258
f 5257 5258 5259
f 5259 5258 5260
f 5260 5258 5261
f 5260 5261 5262
f 5262 5261 5263
f 5262 5263 5264
f 5264 5263 5265
f 5264 5265 5266
f 5266 5265 5267
f 5266 5267 5268
f 5268 5267 5269
f 5268 5269 5270
f 5270 5269 5271
f 5271 5269 5272
f 5271 5272 5273
f 5273 5272 5274
f 5273 5274 5275
f 5273 5275 5276
f 5276 5275 5277
f 5278 5276 5277
f 5278 5277 5279
f 5278 5279 5280
f 5278 5280 5281
f 5281 5280 5282
f 5281 5282 5283
f 5283 5282 5284
f 5283 5284 5285
f 5285 5284 5286
f 5285 5286 5287
f 5287 5286 5288
f 5288 5286 5289
f 5288 5289 5290
f 5290 5289 5291
f 5290 5291 5292
f 5290 5292 5293
f 5293 5292 5294
f 5293 5294 5295
f 5295 5294 5296
f 5295 5296 5297
f 5297 5296 5298
f 5297 5298 5299
f 5299 5298 5300
f 5299 5300 5301
f 5301 5300 5302
f 5301 5302 5303
f 5303 5302 5304
f 5303 5304 5305
f 5305 5304 5306
f 5305 5306 5307
f 5307 5306 5308
f 5308 5306 5309
f 5308 5309 5310
f 5310 5309 5311
f 5310 5311 5312
f 5310 5312 5313
f 5313 5312 5314
f 5313 5314 5315
f 5315 5314 5316
f 5316 5314 5317
f 5316 5317 5318
f 5318 5317 5319
f 5318 5319 5320
f 5320 5319 5321
f 5321 5319 5322
f 5321 5322 5323
f 5323 5322 5324
f 5323 5324 5325
f 5325 5324 5326
f 5325 5326 5327
f 5325 5327 5328
f 5328 5327 5329
f 5328 5329 5330
f 5330 5329 5331
f 5330 5331 5332
f 5330 5332 5333
f 5333 5332 5334
f 5333 5334 5335
f 5335 5334 5336
f 5335 5336 5337
f 5335 5337 5338
f 5338 5337 5339
f 5338 5339 5340
f 5340 5339 5341
f 5341 5339 5342
f 5341 5342 5343
f 5343 5342 5344
f 5344 5342 5345
f 5344 5345 5346
f 5346 5345 5347
f 5346 5347 5348
f 5348 5347 5349
f 5348 5349 5350
f 5348 5350 5351
f 5351 5350 5352
f 5351 5352 5353
f 5351 5353 5354
f 5354 5353 5355
f 5354 5355 5237
f 5237 5355 5235
f 5356 5357 5358
f 5359 5357 5356
f 5356 5358 5360
f 5360 5358 5361
f 5360 5361 5362
f 5362 5361 5363
f 5362 5363 5364
f 5364 5363 5365
f 5364 5365 5366
f 5366 5365 5367
f 5366 5367 5368
f 5368 5367 5369
f 5368 5369 5370
f 5370 5369 5371
f 5370 5371 5372
f 5372 5371 5373
f 5372 5373 5374
f 5374 5373 5375
f 5374 5375 5376
f 5376 5375 5377
f 5376 5377 5378
f 5378 5377 5379
f 5378 5379 5380
f 5380 5379 5381
f 5380 5381 5382
f 5382 5381 5383
f 5382 5383 5384
f 5384 5383 5385
f 5385 5383 5386
f 5385 5386 5387
f 5387 5386 5388
f 5387 5388 5389
f 5389 5388 5390
f 5389 5390 5391
f 5389 5391 5392
f 5392 5391 5393
f 5392 5393 5394
f 5394 5393 5395
f 5394 5395 5396
f 5396 5395 5397
f 5396 5397 5398
f 5398 5397 5399
f 5400 5398 5399
f 5400 5399 5401
f 5400 5401 5402
f 5400 5402 5403
f 5403 5402 5404
f 5403 5404 5405
f 5405 5404 5406
f 5405 5406 5407
f 5407 5406 5408
f 5407 5408 5409
f 5409 5408 5410
f 5410 5408 5411
f 5410 5411 5412
f 5412 5411 5413
f 5412 5413 5414
f 5412 5414 5415
f 5415 5414 5416
f 5415 5416 5417
f 5417 5416 5418
f 5417 5418 5419
f 5419 5418 5420
f 5419 5420 5421
f 5421 5420 5422
f 5421 5422 5423
f 5423 5422 5424
f 5423 5424 5425
f 5425 5424 5426
f 5425 5426 5427
f 5427 5426 5428
f 5427 5428 5429
f 5429 5428 5430
f 5430 5428 5431
f 5430 5431 5432
f 5432 5431 5433
f 5432 5433 5434
f 5432 5434 5435
f 5435 5434 5436
f 5435 5436 5437
f 5437 5436 5438
f 5438 5436 5439
f 5438 5439 5440
f 5440 5439 5441
f 5440 5441 5442
f 5442 5441 5443
f 5443 5441 5444
f 5443 5444 5445
f 5445 5444 5446
f 5445 5446 5447
f 5447 5446 5448
f 5447 5448 5449
f 5447 5449 5450
f 5450 5449 5451
f 5450 5451 5452
f 5452 5451 5453
f 5452 5453 5454
f 5452 5454 5455
f 5455 5454 5456
f 5455 5456 5457
f 5457 5456 5458
f 5457 5458 5459
f 5457 5459 5460
f 5460 5459 5461
f 5460 5461 5462
f 5462 5461 5463
f 5463 5461 5464
f 5463 5464 5465
f 5465 5464 5466
f 5465 5466 5467
f 5467 5466 5468
f 5468 5466 5469
f 5468 5469 5470
f 5470 5469 5471
f 5470 5471 5472
f 5470 5472 5473
f 5473 5472 5474
f 5473 5474 5475
f 5475 5474 5476
f 5475 5476 5359
f 5359 5476 5357
f 5477 5478 5479
f 5480 5478 5477
f 5477 5479 5481
f 5481 5479 5482
f 5481 5482 5483
f 5483 5482 5484
f 5483 5484 5485
f 5485 5484 5486
f 5485 5486 5487
f 5487 5486 5488
f 5487 5488 5489
f 5489 5488 5490
f 5489 5490 5491
f 5491 5490 5492
f 5491 5492 5493
f 5493 5492 5494
f 5493 5494 5495
f 5495 5494 5496
f 5495 5496 5497
f 5497 5496 5498
f 5497 5498 5499
f 5499 5498 5500
f 5499 5500 5501
f 5501 5500 5502
f 5501 5502 5503
f 5503 5502 5504
f 5503 5504 5505
f 5505 5504 5506
f 5506 5504 5507
f 5506 5507 5508
f 5508 5507 5509
f 5509 5507 5510
f 5509 5510 5511
f 5511 5510 5512
f 5511 5512 5513
f 5513 5512 5514
f 5513 5514 5515
f 5515 5514 5516
f 5515 5516 5517
f 5517 5516 5518
f 5519 5517 5518
f 5519 5518 5520
f 5519 5520 5521
f 5519 5521 5522
f 5522 5521 5523
f 5522 5523 5524
f 5524 5523 5525
f 5524 5525 5526
f 5526 5525 5527
f 5526 5527 5528
f 5528 5527 5529
f 5529 5527 5530
f 5529 5530 5531
f 5531 5530 5532
f 5531 5532 5533
f 5531 5533 5534
f 5534 5533 5535
f 5534 5535 5536
f 5536 5535 5537
f 5536 5537 5538
f 5538 5537 5539
f 5538 5539 5540
f 5540 5539 5541
f 5540 5541 5542
f 5542 5541 5543
f 5542 5543 5544
f 5544 5543 5545
f 5544 5545 5546
f 5546 5545 5547
f 5546 5547 5548
f 5548 5547 5549
f 5549 5547 5550
f 5549 5550 5551
f 5551 5550 5552
f 5551 5552 5553
f 5551 5553 5554
f 5554 5553 5555
f 5554 5555 5556
f 5556 5555 5557
f 5557 5555 5558
f 5557 5558 5559
f 5559 5558 5560
f 5559 5560 5561
f 5561 5560 5562
f 5562 5560 5563
f 5562 5563 5564
f 5564 5563 5565
f 5564 5565 5566
f 5566 5565 5567
f 5566 5567 5568
f 5566 5568 5569
f 5569 5568 5570
f 5569 5570 5571
f 5571 5570 5572
f 5571 5572 5573
f 5571 5573 5574
f 5574 5573 5575
f 5574 5575 5576
f 5576 5575 5577
f 5576 5577 5578
f 5576 5578 5579
f 5579 5578 5580
f 5579 5580 5581
f 5581 5580 5582
f 5581 5582 5583
f 5583 5582 5584
f 5583 5584 5585
f 5585 5584 5586
f 5586 5584 5587
f 5586 5587 5588
f 5588 5587 5589
f 5588 5589 5590
f 5590 5589 5591
f 5590 5591 5592
f 5592 5591 5593
f 5592 5593 5594
f 5594 5593 5595
f 5594 5595 5480
f 5480 5595 5478
f 5596 5597 5598
f 5599 5597 5596
f 5596 5598 5600
f 5600 5598 5601
f 5600 5601 5602
f 5602 5601 5603
f 5602 5603 5604
f 5604 5603 5605
f 5604 5605 5606
f 5606 5605 5607
f 5606 5607 5608
f 5608 5607 5609
f 5608 5609 5610
f 5610 5609 5611
f 5610 5611 5612
f 5612 5611 5613
f 5612 5613 5614
f 5614 5613 5615
f 5614 5615 5616
f 5616 5615 5617
f 5616 5617 5618
f 5618 5617 5619
f 5618 5619 5620
f 5620 5619 5621
f 5620 5621 5622
f 5622 5621 5623
f 5622 5623 5624
f 5624 5623 5625
f 5624 5625 5626
f 5626 5625 5627
f 5627 5625 5628
f 5627 5628 5629
f 5629 5628 5630
f 5629 5630 5631
f 5631 5630 5632
f 5631 5632 5633
f 5631 5633 5634
f 5634 5633 5635
f 5634 5635 5636
f 5636 5635 5637
f 5636 5637 5638
f 5638 5637 5639
f 5640 5638 5639
f 5640 5639 5641
f 5640 5641 5642
f 5640 5642 5643
f 5643 5642 5644
f 5643 5644 5645
f 5645 5644 5646
f 5645 5646 5647
f 5647 5646 5648
f 5647 5648 5649
f 5649 5648 5650
f 5650 5648 5651
f 5650 5651 5652
f 5652 5651 5653
f 5652 5653 5654
f 5652 5654 5655
f 5655 5654 5656
f 5655 5656 5657
f 5657 5656 5658
f 5657 5658 5659
f 5659 5658 5660
f 5659 5660 5661
f 5661 5660 5662
f 5661 5662 5663
f 5663 5662 5664
f 5663 5664 5665
f 5665 5664 5666
f 5665 5666 5667
f 5667 5666 5668
f 5667 5668 5669
f 5669 5668 5670
f 5670 5668 5671
f 5670 5671 5672
f 5672 5671 5673
f 5672 5673 5674
f 5672 5674 5675
f 5675 5674 5676
f 5675 5676 5677
f 5677 5676 5678
f 5678 5676 5679
f 5678 5679 5680
f 5680 5679 5681
f 5680 5681 5682
f 5682 5681 5683
f 5683 5681 5684
f 5683 5684 5685
f 5685 5684 5686
f 5685 5686 5687
f 5687 5686 5688
f 5687 5688 5689
f 5687 5689 5690
f 5690 5689 5691
f 5690 5691 5692
f 5692 5691 5693
f 5692 5693 5694
f 5692 5694 5695
f 5695 5694 5696
f 5695 5696 5697
f 5697 5696 5698
f 5697 5698 5699
f 5697 5699 5700
f 5700 5699 5701
f 5700 5701 5702
f 5702 5701 5703
f 5703 5701 5704
f 5703 5704 5705
f 5705 5704 5706
f 5705 5706 5707
f 5707 5706 5708
f 5707 5708 5709
f 5709 5708 5710
f 5709 5710 5711
f 5711 5710 5712
f 5712 5710 5713
f 5712 5713 5599
f 5599 5713 5597
f 5714 5715 5716
f 5717 5715 5714
f 5714 5716 5718
f 5718 5716 5719
f 5718 5719 5720
f 5720 5719 5721
f 5720 5721 5722
f 5722 5721 5723
f 5722 5723 5724
f 5724 5723 5725
f 5724 5725 5726
f 5726 5725 5727
f 5726 5727 5728
f 5728 5727 5729
f 5728 5729 5730
f 5730 5729 5731
f 5730 5731 5732
f 5732 5731 5733
f 5732 5733 5734
f 5734 5733 5735
f 5734 5735 5736
f 5736 5735 5737
f 5736 5737 5738
f 5738 5737 5739
f 5738 5739 5740
f 5740 5739 5741
f 5740 5741 5742
f 5742 5741 5743
f 5742 5743 5744
f 5742 5744 5745
f 5745 5744 5746
f 5745 5746 5747
f 5745 5747 5748
f 5748 5747 5749
f 5748 5749 5750
f 5750 5749 5751
f 5750 5751 5752
f 5752 5751 5753
f 5752 5753 5754
f 5754 5753 5755
f 5756 5754 5755
f 5756 5755 5757
f 5756 5757 5758
f 5756 5758 5759
f 5759 5758 5760
f 5759 5760 5761
f 5761 5760 5762
f 5761 5762 5763
f 5763 5762 5764
f 5763 5764 5765
f 5765 5764 5766
f 5766 5764 5767
f 5766 5767 5768
f 5768 5767 5769
f 5768 5769 5770
f 5768 5770 5771
f 5771 5770 5772
f 5771 5772 5773
f 5773 5772 5774
f 5773 5774 5775
f 5775 5774 5776
f 5775 5776 5777
f 5777 5776 5778
f 5777 5778 5779
f 5779 5778 5780
f 5779 5780 5781
f 5781 5780 5782
f 5781 5782 5783
f 5783 5782 5784
f 5783 5784 5785
f 5785 5784 5786
f 5786 5784 5787
f 5786 5787 5788
f 5788 5787 5789
f 5788 5789 5790
f 5788 5790 5791
f 5791 5790 5792
f 5791 5792 5793
f 5793 5792 5794
f 5794 5792 5795
f 5794 5795 5796
f 5796 5795 5797
f 5796 5797 5798
f 5798 5797 5799
f 5799 5797 5800
f 5799 5800 5801
f 5801 5800 5802
f 5801 5802 5803
f 5803 5802 5804
f 5803 5804 5805
f 5803 5805 5806
f 5806 5805 5807
f 5806 5807 5808
f 5808 5807 5809
f 5808 5809 5810
f 5808 5810 5811
f 5811 5810 5812
f 5811 5812 5813
f 5813 5812 5814
f 5813 5814 5815
f 5813 5815 5816
f 5816 5815 5817
f 5816 5817 5818
f 5818 5817 5819
f 5818 5819 5820
f 5820 5819 5821
f 5820 5821 5822
f 5822 5821 5823
f 5822 5823 5824
f 5824 5823 5825
f 5824 5825 5826
f 5826 5825 5827
f 5826 5827 5828
f 5828 5827 5829
f 5828 5829 5830
f 5828 5830 5831
f 5831 5830 5832
f 5831 5832 5717
f 5717 5832 5715
f 5833 5834 5835
f 5836 5834 5833
f 5833 5835 5837
f 5837 5835 5838
f 5838 5835 5839
f 5838 5839 5840
f 5840 5839 5841
f 5840 5841 5842
f 5840 5842 5843
f 5843 5842 5844
f 5843 5844 5845
f 5845 5844 5846
f 5846 5844 5847
f 5846 5847 5848
f 5848 5847 5849
f 5848 5849 5850
f 5850 5849 5851
f 5851 5849 5852
f 5851 5852 5853
f 5853 5852 5854
f 5853 5854 5855
f 5855 5854 5856
f 5855 5856 5857
f 5855 5857 5858
f 5858 5857 5859
f 5858 5859 5860
f 5860 5859 5861
f 5860 5861 5862
f 5860 5862 5863
f 5863 5862 5864
f 5863 5864 5865
f 5865 5864 5866
f 5865 5866 5867
f 5865 5867 5868
f 5868 5867 5869
f 5868 5869 5870
f 5870 5869 5871
f 5871 5869 5872
f 5871 5872 5873
f 5873 5872 5874
f 5873 5874 5875
f 5875 5874 5876
f 5875 5876 5877
f 5877 5876 5878
f 5877 5878 5879
f 5877 5879 5880
f 5880 5879 5881
f 5880 5881 5882
f 5882 5881 5883
f 5884 5882 5883
f 5884 5883 5885
f 5884 5885 5886
f 5886 5885 5887
f 5886 5887 5888
f 5888 5887 5889
f 5888 5889 5890
f 5890 5889 5891
f 5890 5891 5892
f 5892 5891 5893
f 5892 5893 5894
f 5894 5893 5895
f 5894 5895 5896
f 5896 5895 5897
f 5896 5897 5898
f 5898 5897 5899
f 5898 5899 5900
f 5900 5899 5901
f 5900 5901 5902
f 5902 5901 5903
f 5902 5903 5904
f 5904 5903 5905
f 5904 5905 5906
f 5906 5905 5907
f 5906 5907 5908
f 5908 5907 5909
f 5908 5909 5910
f 5910 5909 5911
f 5910 5911 5912
f 5912 5911 5913
f 5912 5913 5914
f 5914 5913 5915
f 5914 5915 5916
f 5916 5915 5917
f 5916 5917 5918
f 5918 5917 5919
f 5918 5919 5920
f 5918 5920 5921
f 5921 5920 5922
f 5921 5922 5923
f 5923 5922 5924
f 5923 5924 5925
f 5923 5925 5926
f 5926 5925 5927
f 5926 5927 5928
f 5928 5927 5929
f 5928 5929 5930
f 5930 5929 5931
f 5930 5931 5932
f 5932 5931 5933
f 5933 5931 5934
f 5933 5934 5935
f 5935 5934 5936
f 5935 5936 5937
f 5935 5937 5938
f 5938 5937 5939
f 5938 5939 5940
f 5940 5939 5941
f 5940 5941 5942
f 5942 5941 5943
f 5942 5943 5944
f 5944 5943 5945
f 5944 5945 5946
f 5946 5945 5947
f 5946 5947 5836
f 5836 5947 5834
f 5948 5949 5950
f 5951 5949 5948
f 5948 5950 5952
f 5952 5950 5953
f 5952 5953 5954
f 5954 5953 5955
f 5954 5955 5956
f 5956 5955 5957
f 5956 5957 5958
f 5958 5957 5959
f 5958 5959 5960
f 5960 5959 5961
f 5960 5961 5962
f 5962 5961 5963
f 5962 5963 5964
f 5964 5963 5965
f 5964 5965 5966
f 5966 5965 5967
f 5966 5967 5968
f 5968 5967 5969
f 5968 5969 5970
f 5970 5969 5971
f 5970 5971 5972
f 5972 5971 5973
f 5972 5973 5974
f 5974 5973 5975
f 5974 5975 5976
f 5976 5975 5977
f 5976 5977 5978
f 5978 5977 5979
f 5978 5979 5980
f 5980 5979 5981
f 5980 5981 5982
f 5982 5981 5983
f 5982 5983 5984
f 5984 5983 5985
f 5984 5985 5986
f 5986 5985 5987
f 5986 5987 5988
f 5988 5987 5989
f 5988 5989 5990
f 5990 5989 5991
f 5992 5990 5991
f 5992 5991 5993
f 5992 5993 5994
f 5992 5994 5995
f 5995 5994 5996
f 5995 5996 5997
f 5997 5996 5998
f 5997 5998 5999
f 5999 5998 6000
f 5999 6000 6001
f 6001 6000 6002
f 6002 6000 6003
f 6002 6003 6004
f 6004 6003 6005
f 6004 6005 6006
f 6004 6006 6007
f 6007 6006 6008
f 6007 6008 6009
f 6009 6008 6010
f 6009 6010 6011
f 6011 6010 6012
f 6011 6012 6013
f 6013 6012 6014
f 6013 6014 6015
f 6015 6014 6016
f 6015 6016 6017
f 6017 6016 6018
f 6017 6018 6019
f 6019 6018 6020
f 6019 6020 6021
f 6021 6020 6022
f 6022 6020 6023
f 6022 6023 6024
f 6024 6023 6025
f 6024 6025 6026
f 6024 6026 6027
f 6027 6026 6028
f 6027 6028 6029
f 6029 6028 6030
f 6030 6028 6031
f 6030 6031 6032
f 6032 6031 6033
f 6032 6033 6034
f 6034 6033 6035
f 6035 6033 6036
f 6035 6036 6037
f 6037 6036 6038
f 6037 6038 6039
f 6039 6038 6040
f 6039 6040 6041
f 6039 6041 6042
f 6042 6041 6043
f 6042 6043 6044
f 6044 6043 6045
f 6044 6045 6046
f 6044 6046 6047
f 6047 6046 6048
f 6047 6048 6049
f 6049 6048 6050
f 6049 6050 6051
f 6049 6051 6052
f 6052 6051 6053
f 6052 6053 6054
f 6054 6053 6055
f 6054 6055 6056
f 6056 6055 6057
f 6056 6057 6058
f 6058 6057 6059
f 6058 6059 6060
f 6058 6060 6061
f 6061 6060 6062
f 6061 6062 6063
f 6063 6062 6064
f 6063 6064 5951
f 5951 6064 6065
f 5951 6065 5949
f 6066 6067 6068
f 6069 6067 6066
f 6066 6068 6070
f 6070 6068 6071
f 6070 6071 6072
f 6072 6071 6073
f 6072 6073 6074
f 6074 6073 6075
f 6074 6075 6076
f 6076 6075 6077
f 6076 6077 6078
f 6078 6077 6079
f 6078 6079 6080
f 6080 6079 6081
f 6080 6081 6082
f 6082 6081 6083
f 6082 6083 6084
f 6084 6083 6085
f 6084 6085 6086
f 6086 6085 6087
f 6086 6087 6088
f 6088 6087 6089
f 6089 6087 6090
f 6089 6090 6091
f 6091 6090 6092
f 6091 6092 6093
f 6093 6092 6094
f 6093 6094 6095
f 6095 6094 6096
f 6095 6096 6097
f 6097 6096 6098
f 6097 6098 6099
f 6099 6098 6100
f 6099 6100 6101
f 6101 6100 6102
f 6101 6102 6103
f 6101 6103 6104
f 6104 6103 6105
f 6106 6104 6105
f 6106 6105 6107
f 6106 6107 6108
f 6106 6108 6109
f 6109 6108 6110
f 6109 6110 6111
f 6111 6110 6112
f 6111 6112 6113
f 6113 6112 6114
f 6113 6114 6115
f 6115 6114 6116
f 6116 6114 6117
f 6116 6117 6118
f 6118 6117 6119
f 6118 6119 6120
f 6118 6120 6121
f 6121 6120 6122
f 6121 6122 6123
f 6123 6122 6124
f 6123 6124 6125
f 6125 6124 6126
f 6125 6126 6127
f 6127 6126 6128
f 6127 6128 6129
f 6129 6128 6130
f 6129 6130 6131
f 6131 6130 6132
f 6131 6132 6133
f 6133 6132 6134
f 6133 6134 6135
f 6135 6134 6136
f 6136 6134 6137
f 6136 6137 6138
f 6138 6137 6139
f 6138 6139 6140
f 6138 6140 6141
f 6141 6140 6142
f 6141 6142 6143
f 6143 6142 6144
f 6144 6142 6145
f 6144 6145 6146
f 6146 6145 6147
f 6146 6147 6148
f 6148 6147 6149
f 6149 6147 6150
f 6149 6150 6151
f 6151 6150 6152
f 6151 6152 6153
f 6153 6152 6154
f 6153 6154 6155
f 6153 6155 6156
f 6156 6155 6157
f 6156 6157 6158
f 6158 6157 6159
f 6158 6159 6160
f 6158 6160 6161
f 6161 6160 6162
f 6161 6162 6163
f 6163 6162 6164
f 6163 6164 6165
f 6163 6165 6166
f 6166 6165 6167
f 6166 6167 6168
f 6168 6167 6169
f 6168 6169 6170
f 6168 6170 6171
f 6171 6170 6172
f 6171 6172 6173
f 6173 6172 6174
f 6173 6174 6175
f 6175 6174 6176
f 6175 6176 6177
f 6177 6176 6178
f 6177 6178 6179
f 6179 6178 6180
f 6179 6180 6181
f 6181 6180 6182
f 6181 6182 6183
f 6181 6183 6069
f 6069 6183 6184
f 6069 6184 6067
f 6185 6186 6187
f 6188 6186 6185
f 6185 6187 6189
f 6189 6187 6190
f 6189 6190 6191
f 6191 6190 6192
f 6191 6192 6193
f 6193 6192 6194
f 6193 6194 6195
f 6195 6194 6196
f 6195 6196 6197
f 6197 6196 6198
f 6197 6198 6199
f 6199 6198 6200
f 6199 6200 6201
f 6201 6200 6202
f 6201 6202 6203
f 6203 6202 6204
f 6203 6204 6205
f 6205 6204 6206
f 6205 6206 6207
f 6207 6206 6208
f 6208 6206 6209
f 6208 6209 6210
f 6210 6209 6211
f 6210 6211 6212
f 6210 6212 6213
f 6213 6212 6214
f 6213 6214 6215
f 6215 6214 6216
f 6215 6216 6217
f 6217 6216 6218
f 6217 6218 6219
f 6219 6218 6220
f 6219 6220 6221
f 6221 6220 6222
f 6221 6222 6223
f 6223 6222 6224
f 6223 6224 6225
f 6225 6224 6226
f 6225 6226 6227
f 6225 6227 6228
f 6228 6227 6229
f 6230 6228 6229
f 6230 6229 6231
f 6230 6231 6232
f 6230 6232 6233
f 6233 6232 6234
f 6233 6234 6235
f 6235 6234 6236
f 6235 6236 6237
f 6237 6236 6238
f 6237 6238 6239
f 6239 6238 6240
f 6240 6238 6241
f 6240 6241 6242
f 6242 6241 6243
f 6242 6243 6244
f 6242 6244 6245
f 6245 6244 6246
f 6245 6246 6247
f 6247 6246 6248
f 6247 6248 6249
f 6249 6248 6250
f 6249 6250 6251
f 6251 6250 6252
f 6251 6252 6253
f 6253 6252 6254
f 6253 6254 6255
f 6255 6254 6256
f 6255 6256 6257
f 6257 6256 6258
f 6257 6258 6259
f 6259 6258 6260
f 6260 6258 6261
f 6260 6261 6262
f 6262 6261 6263
f 6262 6263 6264
f 6262 6264 6265
f 6265 6264 6266
f 6265 6266 6267
f 6267 6266 6268
f 6268 6266 6269
f 6268 6269 6270
f 6270 6269 6271
f 6270 6271 6272
f 6272 6271 6273
f 6273 6271 6274
f 6273 6274 6275
f 6275 6274 6276
f 6275 6276 6277
f 6277 6276 6278
f 6277 6278 6279
f 6277 6279 6280
f 6280 6279 6281
f 6280 6281 6282
f 6282 6281 6283
f 6282 6283 6284
f 6282 6284 6285
f 6285 6284 6286
f 6285 6286 6287
f 6287 6286 6288
f 6287 6288 6289
f 6287 6289 6290
f 6290 6289 6291
f 6290 6291 6292
f 6292 6291 6293
f 6293 6291 6294
f 6293 6294 6295
f 6295 6294 6296
f 6296 6294 6297
f 6296 6297 6298
f 6298 6297 6299
f 6298 6299 6300
f 6300 6299 6301
f 6300 6301 6302
f 6302 6301 6303
f 6302 6303 6304
f 6304 6303 6305
f 6304 6305 6306
f 6306 6305 6307
f 6306 6307 6308
f 6308 6307 6188
f 6188 6307 6186
f 6309 6310 6311
f 6312 6310 6309
f 6309 6311 6313
f 6313 6311 6314
f 6313 6314 6315
f 6315 6314 6316
f 6315 6316 6317
f 6317 6316 6318
f 6317 6318 6319
f 6319 6318 6320
f 6319 6320 6321
f 6321 6320 6322
f 6321 6322 6323
f 6323 6322 6324
f 6323 6324 6325
f 6325 6324 6326
f 6325 6326 6327
f 6327 6326 6328
f 6327 6328 6329
f 6329 6328 6330
f 6329 6330 6331
f 6331 6330 6332
f 6331 6332 6333
f 6333 6332 6334
f 6333 6334 6335
f 6335 6334 6336
f 6335 6336 6337
f 6337 6336 6338
f 6337 6338 6339
f 6337 6339 6340
f 6340 6339 6341
f 6340 6341 6342
f 6342 6341 6343
f 6342 6343 6344
f 6344 6343 6345
f 6344 6345 6346
f 6346 6345 6347
f 6346 6347 6348
f 6348 6347 6349
f 6348 6349 6350
f 6350 6349 6351
f 6352 6350 6351
f 6352 6351 6353
f 6352 6353 6354
f 6352 6354 6355
f 6355 6354 6356
f 6355 6356 6357
f 6357 6356 6358
f 6357 6358 6359
f 6359 6358 6360
f 6359 6360 6361
f 6361 6360 6362
f 6362 6360 6363
f 6362 6363 6364
f 6364 6363 6365
f 6364 6365 6366
f 6364 6366 6367
f 6367 6366 6368
f 6367 6368 6369
f 6369 6368 6370
f 6369 6370 6371
f 6371 6370 6372
f 6371 6372 6373
f 6373 6372 6374
f 6373 6374 6375
f 6375 6374 6376
f 6375 6376 6377
f 6377 6376 6378
f 6377 6378 6379
f 6379 6378 6380
f 6379 6380 6381
f 6381 6380 6382
f 6382 6380 6383
f 6382 6383 6384
f 6384 6383 6385
f 6384 6385 6386
f 6384 6386 6387
f 6387 6386 6388
f 6387 6388 6389
f 6389 6388 6390
f 6390 6388 6391
f 6390 6391 6392
f 6392 6391 6393
f 6392 6393 6394
f 6394 6393 6395
f 6395 6393 6396
f 6395 6396 6397
f 6397 6396 6398
f 6397 6398 6399
f 6399 6398 6400
f 6399 6400 6401
f 6399 6401 6402
f 6402 6401 6403
f 6402 6403 6404
f 6404 6403 6405
f 6404 6405 6406
f 6404 6406 6407
f 6407 6406 6408
f 6407 6408 6409
f 6409 6408 6410
f 6409 6410 6411
f 6409 6411 6412
f 6412 6411 6413
f 6412 6413 6414
f 6414 6413 6415
f 6415 6413 6416
f 6415 6416 6417
f 6417 6416 6418
f 6417 6418 6419
f 6419 6418 6420
f 6420 6418 6421
f 6420 6421 6422
f 6422 6421 6423
f 6422 6423 6424
f 6424 6423 6425
f 6424 6425 6426
f 6426 6425 6427
f 6426 6427 6428
f 6428 6427 6429
f 6428 6429 6430
f 6430 6429 6431
f 6430 6431 6312
f 6312 6431 6310
f 6432 6433 6434
f 6435 6433 6432
f 6432 6434 6436
f 6436 6434 6437
f 6437 6434 6438
f 6437 6438 6439
f 6437 6439 6440
f 6440 6439 6441
f 6440 6441 6442
f 6442 6441 6443
f 6442 6443 6444
f 6444 6443 6445
f 6444 6445 6446
f 6446 6445 6447
f 6446 6447 6448
f 6448 6447 6449
f 6448 6449 6450
f 6450 6449 6451
f 6450 6451 6452
f 6452 6451 6453
f 6452 6453 6454
f 6454 6453 6455
f 6454 6455 6456
f 6456 6455 6457
f 6456 6457 6458
f 6458 6457 6459
f 6458 6459 6460
f 6460 6459 6461
f 6461 6459 6462
f 6461 6462 6463
f 6463 6462 6464
f 6463 6464 6465
f 6465 6464 6466
f 6465 6466 6467
f 6467 6466 6468
f 6467 6468 6469
f 6469 6468 6470
f 6469 6470 6471
f 6471 6470 6472
f 6471 6472 6473
f 6473 6472 6474
f 6473 6474 6475
f 6475 6474 6476
f 6475 6476 6477
f 6475 6477 6478
f 6478 6477 6479
f 6478 6479 6480
f 6480 6479 6481
f 6480 6481 6482
f 6482 6481 6483
f 6482 6483 6484
f 6484 6483 6485
f 6486 6484 6485
f 6486 6485 6487
f 6486 6487 6488
f 6488 6487 6489
f 6488 6489 6490
f 6490 6489 6491
f 6490 6491 6492
f 6492 6491 6493
f 6492 6493 6494
f 6494 6493 6495
f 6494 6495 6496
f 6496 6495 6497
f 6496 6497 6498
f 6498 6497 6499
f 6498 6499 6500
f 6500 6499 6501
f 6500 6501 6502
f 6502 6501 6503
f 6502 6503 6504
f 6504 6503 6505
f 6504 6505 6506
f 6506 6505 6507
f 6506 6507 6508
f 6508 6507 6509
f 6508 6509 6510
f 6510 6509 6511
f 6510 6511 6512
f 6512 6511 6513
f 6512 6513 6514
f 6514 6513 6515
f 6514 6515 6516
f 6516 6515 6517
f 6516 6517 6518
f 6518 6517 6519
f 6518 6519 6520
f 6520 6519 6521
f 6520 6521 6522
f 6522 6521 6523
f 6522 6523 6524
f 6524 6523 6525
f 6524 6525 6526
f 6526 6525 6527
f 6526 6527 6528
f 6528 6527 6529
f 6528 6529 6530
f 6530 6529 6531
f 6530 6531 6532
f 6532 6531 6533
f 6532 6533 6534
f 6534 6533 6535
f 6534 6535 6536
f 6536 6535 6537
f 6537 6535 6538
f 6537 6538 6539
f 6539 6538 6540
f 6539 6540 6541
f 6541 6540 6542
f 6541 6542 6543
f 6543 6542 6544
f 6543 6544 6545
f 6545 6544 6546
f 6545 6546 6547
f 6545 6547 6548
f 6548 6547 6549
f 6548 6549 6550
f 6550 6549 6551
f 6550 6551 6552
f 6552 6551 6553
f 6552 6553 6554
f 6554 6553 6555
f 6554 6555 6556
f 6554 6556 6557
f 6557 6556 6558
f 6557 6558 6559
f 6559 6558 6560
f 6559 6560 6561
f 6561 6560 6562
f 6561 6562 6563
f 6563 6562 6564
f 6563 6564 6565
f 6563 6565 6566
f 6566 6565 6567
f 6566 6567 6568
f 6568 6567 6569
f 6568 6569 6570
f 6570 6569 6571
f 6570 6571 6572
f 6572 6571 6573
f 6572 6573 6574
f 6574 6573 6575
f 6574 6575 6576
f 6576 6575 6577
f 6576 6577 6578
f 6578 6577 6579
f 6578 6579 6580
f 6580 6579 6581
f 6580 6581 6582
f 6582 6581 6583
f 6582 6583 6584
f 6584 6583 6585
f 6584 6585 6586
f 6586 6585 6587
f 6586 6587 6588
f 6588 6587 6589
f 6588 6589 6590
f 6590 6589 6591
f 6590 6591 6592
f 6592 6591 6593
f 6592 6593 6594
f 6594 6593 6595
f 6594 6595 6596
f 6596 6595 6597
f 6596 6597 6598
f 6598 6597 6599
f 6598 6599 6600
f 6600 6599 6601
f 6600 6601 6602
f 6602 6601 6603
f 6602 6603 6604
f 6604 6603 6605
f 6604 6605 6606
f 6606 6605 6607
f 6606 6607 6608
f 6608 6607 6609
f 6608 6609 6610
f 6610 6609 6611
f 6610 6611 6612
f 6612 6611 6613
f 6612 6613 6614
f 6614 6613 6615
f 6614 6615 6616
f 6616 6615 6617
f 6616 6617 6618
f 6618 6617 6619
f 6618 6619 6620
f 6620 6619 6621
f 6620 6621 6622
f 6622 6621 6623
f 6622 6623 6624
f 6624 6623 6625
f 6624 6625 6626
f 6626 6625 6627
f 6626 6627 6628
f 6628 6627 6629
f 6628 6629 6630
f 6630 6629 6631
f 6631 6629 6632
f 6631 6632 6633
f 6633 6632 6634
f 6633 6634 6635
f 6635 6634 6636
f 6635 6636 6637
f 6637 6636 6638
f 6637 6638 6639
f 6639 6638 6640
f 6639 6640 6641
f 6641 6640 6642
f 6641 6642 6643
f 6643 6642 6644
f 6643 6644 6645
f 6645 6644 6646
f 6645 6646 6647
f 6647 6646 6648
f 6647 6648 6649
f 6649 6648 6650
f 6649 6650 6651
f 6651 6650 6652
f 6651 6652 6653
f 6653 6652 6654
f 6653 6654 6655
f 6655 6654 6656
f 6655 6656 6657
f 6657 6656 6658
f 6657 6658 6659
f 6659 6658 6660
f 6659 6660 6661
f 6661 6660 6662
f 6661 6662 6663
f 6663 6662 6664
f 6663 6664 6665
f 6665 6664 6666
f 6665 6666 6667
f 6667 6666 6668
f 6667 6668 6669
f 6669 6668 6670
f 6669 6670 6671
f 6671 6670 6672
f 6671 6672 6673
f 6673 6672 6674
f 6673 6674 6675
f 6675 6674 6676
f 6675 6676 6677
f 6677 6676 6678
f 6677 6678 6679
f 6679 6678 6680
f 6679 6680 6681
f 6681 6680 6682
f 6681 6682 6683
f 6683 6682 6684
f 6683 6684 6685
f 6685 6684 6686
f 6685 6686 6687
f 6687 6686 6688
f 6687 6688 6689
f 6687 6689 6690
f 6690 6689 6691
f 6690 6691 6692
f 6692 6691 6693
f 6692 6693 6694
f 6694 6693 6695
f 6694 6695 6696
f 6696 6695 6697
f 6696 6697 6698
f 6698 6697 6699
f 6698 6699 6700
f 6700 6699 6701
f 6700 6701 6702
f 6702 6701 6703
f 6702 6703 6704
f 6704 6703 6705
f 6704 6705 6706
f 6704 6706 6707
f 6707 6706 6708
f 6707 6708 6709
f 6709 6708 6710
f 6709 6710 6711
f 6711 6710 6712
f 6711 6712 6713
f 6711 6713 6714
f 6714 6713 6715
f 6714 6715 6716
f 6716 6715 6717
f 6717 6715 6718
f 6717 6718 6719
f 6719 6718 6720
f 6719 6720 6721
f 6721 6720 6722
f 6721 6722 6723
f 6723 6722 6724
f 6723 6724 6725
f 6725 6724 6726
f 6725 6726 6727
f 6727 6726 6728
f 6727 6728 6729
f 6729 6728 6730
f 6729 6730 6731
f 6731 6730 6732
f 6731 6732 6733
f 6733 6732 6734
f 6733 6734 6735
f 6735 6734 6736
f 6735 6736 6737
f 6737 6736 6738
f 6737 6738 6739
f 6739 6738 6740
f 6739 6740 6741
f 6741 6740 6742
f 6741 6742 6743
f 6743 6742 6744
f 6743 6744 6745
f 6745 6744 6746
f 6745 6746 6747
f 6747 6746 6748
f 6747 6748 6749
f 6749 6748 6750
f 6749 6750 6751
f 6751 6750 6752
f 6751 6752 6753
f 6753 6752 6754
f 6753 6754 6755
f 6755 6754 6756
f 6755 6756 6757
f 6757 6756 6758
f 6757 6758 6759
f 6759 6758 6760
f 6759 6760 6761
f 6761 6760 6762
f 6761 6762 6763
f 6763 6762 6764
f 6763 6764 6765
f 6765 6764 6766
f 6765 6766 6767
f 6767 6766 6768
f 6767 6768 6769
f 6769 6768 6770
f 6769 6770 6771
f 6771 6770 6772
f 6771 6772 6773
f 6773 6772 6774
f 6773 6774 6775
f 6775 6774 6776
f 6775 6776 6777
f 6777 6776 6778
f 6777 6778 6779
f 6779 6778 6780
f 6779 6780 6781
f 6781 6780 6782
f 6781 6782 6783
f 6783 6782 6784
f 6783 6784 6785
f 6785 6784 6786
f 6785 6786 6787
f 6787 6786 6788
f 6787 6788 6789
f 6789 6788 6790
f 6789 6790 6791
f 6791 6790 6792
f 6791 6792 6793
f 6793 6792 6794
f 6793 6794 6795
f 6795 6794 6796
f 6795 6796 6797
f 6797 6796 6798
f 6797 6798 6799
f 6799 6798 6800
f 6799 6800 6801
f 6801 6800 6802
f 6801 6802 6803
f 6803 6802 6804
f 6803 6804 6805
f 6805 6804 6806
f 6805 6806 6807
f 6807 6806 6808
f 6807 6808 6809
f 6809 6808 6810
f 6809 6810 6811
f 6811 6810 6812
f 6811 6812 6813
f 6813 6812 6814
f 6813 6814 6815
f 6815 6814 6816
f 6815 6816 6817
f 6817 6816 6818
f 6817 6818 6819
f 6819 6818 6820
f 6819 6820 6821
f 6821 6820 6822
f 6821 6822 6823
f 6823 6822 6824
f 6823 6824 6825
f 6825 6824 6826
f 6825 6826 6827
f 6827 6826 6828
f 6827 6828 6829
f 6829 6828 6830
f 6829 6830 6831
f 6831 6830 6832
f 6831 6832 6833
f 6833 6832 6834
f 6833 6834 6835
f 6835 6834 6836
f 6835 6836 6837
f 6837 6836 6838
f 6837 6838 6839
f 6839 6838 6840
f 6839 6840 6841
f 6841 6840 6842
f 6841 6842 6843
f 6843 6842 6844
f 6843 6844 6845
f 6845 6844 6846
f 6845 6846 6847
f 6847 6846 6848
f 6847 6848 6849
f 6849 6848 6850
f 6849 6850 6851
f 6851 6850 6852
f 6851 6852 6853
f 6853 6852 6854
f 6853 6854 6855
f 6855 6854 6856
f 6855 6856 6857
f 6857 6856 6858
f 6857 6858 6859
f 6859 6858 6860
f 6859 6860 6861
f 6861 6860 6862
f 6861 6862 6863
f 6863 6862 6864
f 6863 6864 6865
f 6865 6864 6866
f 6865 6866 6867
f 6867 6866 6868
f 6867 6868 6869
f 6869 6868 6870
f 6869 6870 6871
f 6871 6870 6872
f 6871 6872 6873
f 6873 6872 6874
f 6873 6874 6875
f 6875 6874 6876
f 6875 6876 6877
f 6877 6876 6878
f 6877 6878 6879
f 6879 6878 6880
f 6879 6880 6881
f 6881 6880 6882
f 6881 6882 6883
f 6883 6882 6884
f 6884 6882 6885
f 6884 6885 6886
f 6886 6885 6887
f 6887 6885 6888
f 6887 6888 6889
f 6889 6888 6890
f 6890 6888 6891
f 6890 6891 6892
f 6892 6891 6893
f 6892 6893 6894
f 6894 6893 6895
f 6894 6895 6896
f 6896 6895 6897
f 6896 6897 6898
f 6898 6897 6899
f 6898 6899 6900
f 6900 6899 6901
f 6900 6901 6902
f 6902 6901 6903
f 6902 6903 6904
f 6904 6903 6905
f 6904 6905 6906
f 6906 6905 6907
f 6906 6907 6908
f 6908 6907 6909
f 6908 6909 6910
f 6910 6909 6911
f 6910 6911 6912
f 6912 6911 6913
f 6912 6913 6914
f 6914 6913 6915
f 6914 6915 6916
f 6916 6915 6917
f 6916 6917 6918
f 6919 6918 6917
f 6919 6920 6918
f 6919 6917 6920
f 6918 6920 6921
f 6921 6920 6922
f 6921 6922 6923
f 6923 6922 6924
f 6923 6924 6925
f 6925 6924 6926
f 6925 6926 6927
f 6927 6926 6928
f 6927 6928 6929
f 6929 6928 6930
f 6929 6930 6931
f 6931 6930 6932
f 6931 6932 6933
f 6933 6932 6934
f 6933 6934 6935
f 6935 6934 6936
f 6935 6936 6937
f 6937 6936 6938
f 6937 6938 6939
f 6939 6938 6940
f 6939 6940 6941
f 6941 6940 6942
f 6941 6942 6943
f 6943 6942 6944
f 6943 6944 6945
f 6945 6944 6946
f 6945 6946 6947
f 6947 6946 6948
f 6947 6948 6949
f 6949 6948 6950
f 6949 6950 6951
f 6951 6950 6952
f 6951 6952 6953
f 6953 6952 6954
f 6953 6954 6955
f 6955 6954 6956
f 6955 6956 6957
f 6957 6956 6958
f 6957 6958 6959
f 6959 6958 6960
f 6959 6960 6961
f 6961 6960 6962
f 6961 6962 6963
f 6963 6962 6964
f 6963 6964 6965
f 6965 6964 6966
f 6965 6966 6967
f 6967 6966 6968
f 6967 6968 6969
f 6969 6968 6970
f 6969 6970 6971
f 6971 6970 6972
f 6971 6972 6973
f 6973 6972 6974
f 6973 6974 6975
f 6975 6974 6976
f 6975 6976 6977
f 6977 6976 6978
f 6977 6978 6979
f 6979 6978 6980
f 6979 6980 6981
f 6981 6980 6982
f 6981 6982 6983
f 6983 6982 6984
f 6983 6984 6985
f 6985 6984 6986
f 6985 6986 6987
f 6987 6986 6988
f 6987 6988 6989
f 6989 6988 6990
f 6989 6990 6991
f 6991 6990 6992
f 6991 6992 6993
f 6993 6992 6994
f 6993 6994 6995
f 6995 6994 6996
f 6995 6996 6997
f 6997 6996 6998
f 6997 6998 6999
f 6999 6998 7000
f 6999 7000 7001
f 7001 7000 7002
f 7001 7002 7003
f 7003 7002 7004
f 7003 7004 7005
f 7005 7004 7006
f 7005 7006 7007
f 7007 7006 7008
f 7007 7008 7009
f 7009 7008 7010
f 7009 7010 7011
f 7011 7010 7012
f 7011 7012 7013
f 7013 7012 7014
f 7013 7014 7015
f 7015 7014 7016
f 7015 7016 7017
f 7017 7016 7018
f 7017 7018 7019
f 7019 7018 7020
f 7019 7020 7021
f 7021 7020 7022
f 7021 7022 7023
f 7021 7023 7024
f 7024 7023 7025
f 7024 7025 7026
f 7026 7025 7027
f 7026 7027 7028
f 7028 7027 7029
f 7028 7029 7030
f 7030 7029 7031
f 7030 7031 7032
f 7032 7031 7033
f 7032 7033 7034
f 7034 7033 7035
f 7034 7035 7036
f 7036 7035 7037
f 7036 7037 7038
f 7038 7037 7039
f 7038 7039 7040
f 7040 7039 7041
f 7040 7041 7042
f 7042 7041 7043
f 7042 7043 7044
f 7044 7043 7045
f 7044 7045 7046
f 7046 7045 7047
f 7046 7047 7048
f 7048 7047 7049
f 7048 7049 7050
f 7050 7049 7051
f 7050 7051 7052
f 7052 7051 7053
f 7052 7053 7054
f 7054 7053 7055
f 7054 7055 7056
f 7056 7055 7057
f 7056 7057 7058
f 7058 7057 7059
f 7058 7059 7060
f 7060 7059 7061
f 7060 7061 7062
f 7062 7061 7063
f 7062 7063 7064
f 7064 7063 7065
f 7064 7065 7066
f 7066 7065 7067
f 7066 7067 7068
f 7068 7067 7069
f 7068 7069 7070
f 7070 7069 7071
f 7070 7071 7072
f 7072 7071 7073
f 7072 7073 7074
f 7074 7073 7075
f 7074 7075 7076
f 7076 7075 7077
f 7076 7077 7078
f 7078 7077 7079
f 7078 7079 7080
f 7080 7079 7081
f 7080 7081 7082
f 7082 7081 7083
f 7082 7083 7084
f 7084 7083 7085
f 7084 7085 7086
f 7086 7085 7087
f 7086 7087 7088
f 7088 7087 7089
f 7088 7089 7090
f 7090 7089 7091
f 7090 7091 7092
f 7092 7091 7093
f 7092 7093 7094
f 7094 7093 7095
f 7094 7095 7096
f 7096 7095 7097
f 7096 7097 7098
f 7098 7097 7099
f 7098 7099 7100
f 7100 7099 7101
f 7100 7101 7102
f 7102 7101 7103
f 7102 7103 7104
f 7104 7103 7105
f 7104 7105 7106
f 7106 7105 7107
f 7106 7107 7108
f 7108 7107 7109
f 7108 7109 7110
f 7110 7109 7111
f 7110 7111 7112
f 7112 7111 7113
f 7112 7113 7114
f 7114 7113 7115
f 7114 7115 7116
f 7116 7115 7117
f 7116 7117 7118
f 7118 7117 7119
f 7118 7119 7120
f 7120 7119 7121
f 7120 7121 7122
f 7122 7121 7123
f 7122 7123 7124
f 7124 7123 7125
f 7124 7125 7126
f 7126 7125 7127
f 7126 7127 7128
f 7128 7127 7129
f 7128 7129 7130
f 7130 7129 7131
f 7131 7129 7132
f 7131 7132 7133
f 7133 7132 7134
f 7133 7134 7135
f 7135 7134 7136
f 7135 7136 7137
f 7137 7136 7138
f 7137 7138 7139
f 7139 7138 7140
f 7139 7140 7141
f 7141 7140 7142
f 7141 7142 7143
f 7143 7142 7144
f 7143 7144 7145
f 7143 7145 7146
f 7146 7145 7147
f 7146 7147 7148
f 7148 7147 7149
f 7148 7149 7150
f 7150 7149 7151
f 7150 7151 7152
f 7152 7151 7153
f 7152 7153 7154
f 7154 7153 7155
f 7154 7155 7156
f 7156 7155 7157
f 7156 7157 7158
f 7158 7157 7159
f 7158 7159 7160
f 7160 7159 7161
f 7160 7161 7162
f 7162 7161 7163
f 7162 7163 7164
f 7164 7163 7165
f 7164 7165 7166
f 7166 7165 7167
f 7166 7167 7168
f 7168 7167 7169
f 7168 7169 7170
f 7170 7169 7171
f 7170 7171 7172
f 7172 7171 7173
f 7172 7173 7174
f 7174 7173 7175
f 7174 7175 7176
f 7174 7176 7177
f 7177 7176 7178
f 7177 7178 7179
f 7179 7178 7180
f 7179 7180 7181
f 7179 7181 7182
f 7182 7181 7183
f 7182 7183 7184
f 7184 7183 7185
f 7184 7185 7186
f 7186 7185 7187
f 7186 7187 7188
f 7188 7187 7189
f 7188 7189 7190
f 7190 7189 7191
f 7190 7191 7192
f 7192 7191 7193
f 7192 7193 7194
f 7194 7193 7195
f 7194 7195 7196
f 7196 7195 7197
f 7196 7197 7198
f 7198 7197 7199
f 7198 7199 7200
f 7200 7199 7201
f 7200 7201 7202
f 7202 7201 7203
f 7202 7203 7204
f 7204 7203 7205
f 7204 7205 7206
f 7206 7205 7207
f 7206 7207 7208
f 7208 7207 7209
f 7208 7209 7210
f 7210 7209 7211
f 7210 7211 7212
f 7212 7211 7213
f 7212 7213 7214
f 7214 7213 7215
f 7214 7215 7216
f 7216 7215 7217
f 7216 7217 7218
f 7218 7217 7219
f 7218 7219 7220
f 7220 7219 7221
f 7220 7221 7222
f 7222 7221 7223
f 7222 7223 7224
f 7224 7223 7225
f 7224 7225 7226
f 7226 7225 7227
f 7226 7227 7228
f 7228 7227 7229
f 7228 7229 7230
f 7230 7229 7231
f 7230 7231 7232
f 7232 7231 7233
f 7232 7233 7234
f 7234 7233 7235
f 7234 7235 7236
f 7236 7235 7237
f 7236 7237 7238
f 7238 7237 7239
f 7238 7239 7240
f 7240 7239 7241
f 7240 7241 7242
f 7242 7241 7243
f 7242 7243 7244
f 7244 7243 7245
f 7244 7245 7246
f 7246 7245 7247
f 7246 7247 7248
f 7248 7247 7249
f 7248 7249 7250
f 7250 7249 7251
f 7250 7251 7252
f 7252 7251 7253
f 7252 7253 7254
f 7254 7253 7255
f 7254 7255 7256
f 7256 7255 7257
f 7256 7257 7258
f 7258 7257 7259
f 7258 7259 7260
f 7260 7259 7261
f 7260 7261 7262
f 7262 7261 7263
f 7262 7263 7264
f 7264 7263 7265
f 7264 7265 7266
f 7266 7265 7267
f 7267 7265 7268
f 7267 7268 7269
f 7269 7268 7270
f 7269 7270 7271
f 7269 7271 7272
f 7272 7271 7273
f 7272 7273 7274
f 7274 7273 7275
f 7274 7275 7276
f 7276 7275 7277
f 7276 7277 7278
f 7278 7277 7279
f 7278 7279 6435
f 6435 7279 7280
f 6435 7280 6433
f 7281 7282 7283
f 7284 7282 7281
f 7285 7281 7283
f 7285 7283 7286
f 7285 7286 7287
f 7287 7286 7288
f 7287 7288 7289
f 7289 7288 7290
f 7289 7290 7291
f 7291 7290 7292
f 7291 7292 7293
f 7293 7292 7294
f 7293 7294 7295
f 7295 7294 7296
f 7295 7296 7297
f 7297 7296 7298
f 7297 7298 7299
f 7299 7298 7300
f 7299 7300 7301
f 7301 7300 7302
f 7301 7302 7303
f 7303 7302 7304
f 7303 7304 7305
f 7305 7304 7306
f 7305 7306 7307
f 7307 7306 7308
f 7307 7308 7309
f 7309 7308 7310
f 7309 7310 7311
f 7311 7310 7312
f 7311 7312 7284
f 7284 7312 7282
f 7313 7314 7315
f 7316 7314 7313
f 7317 7313 7315
f 7317 7315 7318
f 7317 7318 7319
f 7319 7318 7320
f 7319 7320 7321
f 7321 7320 7322
f 7321 7322 7323
f 7323 7322 7324
f 7323 7324 7325
f 7325 7324 7326
f 7325 7326 7327
f 7327 7326 7328
f 7327 7328 7329
f 7329 7328 7330
f 7329 7330 7331
f 7331 7330 7332
f 7331 7332 7333
f 7333 7332 7334
f 7333 7334 7335
f 7335 7334 7336
f 7335 7336 7337
f 7337 7336 7338
f 7337 7338 7339
f 7339 7338 7340
f 7339 7340 7341
f 7341 7340 7342
f 7341 7342 7343
f 7343 7342 7344
f 7343 7344 7316
f 7316 7344 7314
f 7345 7346 7347
f 7345 7348 7346
f 7345 7347 7349
f 7350 7345 7349
f 7350 7349 7351
f 7350 7351 7352
f 7350 7352 7353
f 7354 7350 7353
f 7354 7353 7355
f 7356 7355 7353
f 7354 7355 7357
f 7355 7358 7357
f 7359 7354 7357
f 7359 7360 7354
f 7361 7359 7357
f 7361 7357 7362
f 7363 7361 7362
f 7364 7363 7362
f 7365 7364 7362
f 7366 7365 7362
f 7367 7366 7362
f 7367 7362 7368
f 7367 7368 7369
f 7370 7367 7369
f 7370 7369 7371
f 7370 7371 7372
f 7373 7370 7372
f 7373 7372 7374
f 7373 7374 7375
f 7375 7374 7376
f 7373 7375 7377
f 7373 7377 7378
f 7373 7378 7379
f 7373 7379 7380
f 7373 7380 7381
f 7382 7373 7381
f 7382 7381 7383
f 7382 7383 7384
f 7382 7384 7385
f 7382 7385 7386
f 7385 7387 7386
f 7388 7382 7386
f 7388 7386 7389
f 7388 7389 7390
f 7388 7390 7391
f 7388 7391 7392
f 7393 7388 7392
f 7393 7392 7394
f 7393 7394 7395
f 7396 7393 7395
f 7396 7395 7397
f 7398 7396 7397
f 7399 7398 7397
f 7399 7397 7400
f 7401 7399 7400
f 7402 7401 7400
f 7403 7402 7400
f 7403 7400 7404
f 7405 7403 7404
f 7405 7404 7406
f 7407 7405 7406
f 7407 7406 7408
f 7407 7408 7409
f 7410 7407 7409
f 7410 7409 7411
f 7410 7411 7412
f 7410 7412 7413
f 7410 7413 7414
f 7415 7410 7414
f 7415 7414 7416
f 7415 7416 7417
f 7415 7417 7418
f 7415 7418 7419
f 7415 7419 7420
f 7415 7420 7421
f 7422 7415 7421
f 7422 7421 7423
f 7422 7423 7424
f 7424 7423 7425
f 7422 7424 7426
f 7424 7427 7426
f 7428 7422 7426
f 7428 7426 7429
f 7428 7429 7430
f 7428 7430 7431
f 7428 7431 7432
f 7433 7428 7432
f 7433 7432 7434
f 7433 7434 7435
f 7433 7435 7436
f 7433 7436 7437
f 7438 7433 7437
f 7438 7437 7439
f 7439 7437 7440
f 7441 7438 7439
f 7442 7441 7439
f 7442 7439 7443
f 7444 7442 7443
f 7445 7444 7443
f 7446 7445 7443
f 7447 7446 7443
f 7447 7443 7448
f 7449 7447 7448
f 7450 7449 7448
f 7451 7450 7448
f 7451 7448 7452
f 7453 7451 7452
f 7454 7453 7452
f 7454 7452 7455
f 7456 7454 7455
f 7457 7456 7455
f 7457 7455 7458
f 7459 7457 7458
f 7459 7458 7460
f 7459 7460 7461
f 7459 7461 7462
f 7463 7459 7462
f 7463 7462 7464
f 7462 7465 7464
f 7463 7464 7466
f 7467 7463 7466
f 7467 7466 7468
f 7467 7468 7469
f 7467 7469 7470
f 7471 7467 7470
f 7471 7470 7472
f 7471 7472 7473
f 7471 7473 7474
f 7471 7474 7475
f 7474 7476 7475
f 7471 7475 7477
f 7471 7477 7478
f 7471 7478 7479
f 7480 7471 7479
f 7480 7479 7481
f 7480 7481 7482
f 7480 7482 7483
f 7480 7483 7484
f 7480 7484 7485
f 7486 7480 7485
f 7486 7485 7487
f 7485 7488 7487
f 7486 7487 7489
f 7486 7489 7490
f 7491 7486 7490
f 7492 7491 7490
f 7492 7493 7491
f 7494 7492 7490
f 7494 7490 7495
f 7494 7495 7496
f 7494 7496 7497
f 7498 7494 7497
f 7498 7497 7499
f 7498 7499 7500
f 7501 7498 7500
f 7501 7500 7502
f 7501 7502 7503
f 7501 7503 7504
f 7505 7501 7504
f 7505 7504 7506
f 7506 7504 7507
f 7505 7506 7508
f 7505 7508 7509
f 7505 7509 7510
f 7505 7510 7511
f 7511 7510 7512
f 7513 7505 7511
f 7513 7514 7505
f 7515 7513 7511
f 7515 7511 7516
f 7517 7515 7516
f 7518 7517 7516
f 7519 7518 7516
f 7520 7519 7516
f 7520 7516 7521
f 7522 7520 7521
f 7523 7522 7521
f 7523 7521 7524
f 7525 7523 7524
f 7525 7524 7526
f 7527 7525 7526
f 7528 7527 7526
f 7528 7526 7529
f 7530 7528 7529
f 7530 7529 7531
f 7532 7530 7531
f 7532 7531 7533
f 7534 7532 7533
f 7535 7534 7533
f 7535 7533 7536
f 7535 7536 7537
f 7535 7537 7538
f 7535 7538 7539
f 7535 7539 7540
f 7535 7540 7541
f 7535 7541 7542
f 7543 7535 7542
f 7543 7542 7544
f 7543 7544 7545
f 7544 7546 7545
f 7543 7545 7547
f 7543 7547 7548
f 7543 7548 7549
f 7543 7549 7550
f 7543 7550 7551
f 7543 7551 7552
f 7543 7552 7553
f 7554 7543 7553
f 7554 7553 7555
f 7556 7554 7555
f 7556 7555 7557
f 7556 7557 7558
f 7557 7559 7558
f 7556 7558 7560
f 7556 7560 7561
f 7556 7561 7562
f 7556 7562 7563
f 7556 7563 7564
f 7556 7564 7565
f 7556 7565 7566
f 7567 7556 7566
f 7567 7566 7568
f 7567 7568 7569
f 7569 7568 7570
f 7567 7569 7571
f 7572 7567 7571
f 7572 7571 7573
f 7574 7572 7573
f 7574 7573 7575
f 7576 7574 7575
f 7576 7575 7577
f 7578 7576 7577
f 7578 7577 7579
f 7578 7579 7580
f 7578 7580 7581
f 7582 7578 7581
f 7582 7581 7583
f 7582 7583 7584
f 7583 7585 7584
f 7582 7584 7586
f 7582 7586 7587
f 7582 7587 7588
f 7582 7588 7589
f 7582 7589 7590
f 7582 7590 7591
f 7582 7591 7592
f 7593 7582 7592
f 7593 7592 7594
f 7593 7594 7595
f 7596 7595 7594
f 7593 7595 7597
f 7593 7597 7598
f 7593 7598 7599
f 7593 7599 7600
f 7593 7600 7601
f 7593 7601 7602
f 7593 7602 7603
f 7604 7593 7603
f 7604 7603 7605
f 7604 7605 7606
f 7604 7606 7607
f 7604 7607 7608
f 7609 7604 7608
f 7609 7608 7610
f 7609 7610 7611
f 7612 7609 7611
f 7612 7611 7613
f 7612 7613 7614
f 7615 7612 7614
f 7615 7614 7616
f 7615 7616 7617
f 7615 7617 7618
f 7617 7619 7618
f 7615 7618 7620
f 7615 7620 7621
f 7615 7621 7622
f 7615 7622 7623
f 7615 7623 7624
f 7615 7624 7625
f 7615 7625 7626
f 7627 7615 7626
f 7627 7626 7628
f 7627 7628 7629
f 7628 7630 7629
f 7627 7629 7631
f 7627 7631 7632
f 7627 7632 7633
f 7627 7633 7634
f 7635 7627 7634
f 7635 7634 7636
f 7635 7636 7637
f 7635 7637 7638
f 7635 7638 7639
f 7639 7638 7640
f 7635 7639 7641
f 7635 7641 7642
f 7635 7642 7643
f 7644 7635 7643
f 7644 7643 7645
f 7644 7645 7646
f 7644 7646 7647
f 7644 7647 7648
f 7644 7648 7649
f 7650 7644 7649
f 7650 7649 7651
f 7649 7652 7651
f 7650 7651 7653
f 7654 7650 7653
f 7654 7655 7650
f 7656 7654 7653
f 7656 7653 7657
f 7658 7656 7657
f 7659 7658 7657
f 7660 7659 7657
f 7661 7660 7657
f 7662 7661 7657
f 7662 7657 7663
f 7664 7662 7663
f 7664 7663 7665
f 7666 7664 7665
f 7666 7665 7667
f 7668 7666 7667
f 7669 7668 7667
f 7669 7667 7670
f 7671 7669 7670
f 7671 7670 7672
f 7673 7671 7672
f 7673 7672 7674
f 7675 7673 7674
f 7675 7674 7676
f 7677 7675 7676
f 7677 7676 7678
f 7679 7677 7678
f 7679 7678 7680
f 7681 7679 7680
f 7681 7680 7682
f 7683 7681 7682
f 7683 7682 7684
f 7683 7684 7685
f 7683 7685 7686
f 7683 7686 7687
f 7688 7683 7687
f 7688 7687 7689
f 7688 7689 7690
f 7688 7690 7691
f 7688 7691 7692
f 7688 7692 7693
f 7688 7693 7694
f 7688 7694 7695
f 7688 7695 7696
f 7688 7696 7697
f 7698 7688 7697
f 7698 7697 7699
f 7700 7698 7699
f 7700 7701 7698
f 7702 7700 7699
f 7703 7702 7699
f 7703 7699 7704
f 7705 7703 7704
f 7705 7706 7703
f 7705 7704 7707
f 7705 7707 7708
f 7705 7708 7709
f 7710 7705 7709
f 7710 7709 7711
f 7710 7711 7712
f 7710 7712 7713
f 7710 7713 7714
f 7714 7713 7715
f 7710 7714 7716
f 7710 7716 7717
f 7710 7717 7718
f 7717 7719 7718
f 7710 7718 7720
f 7710 7720 7721
f 7722 7710 7721
f 7722 7721 7723
f 7722 7723 7724
f 7722 7724 7725
f 7722 7725 7726
f 7722 7726 7727
f 7722 7727 7728
f 7722 7728 7729
f 7730 7729 7728
f 7722 7729 7731
f 7732 7722 7731
f 7732 7731 7733
f 7732 7733 7734
f 7732 7734 7735
f 7732 7735 7736
f 7732 7736 7737
f 7732 7737 7738
f 7739 7732 7738
f 7739 7738 7740
f 7739 7740 7741
f 7742 7739 7741
f 7742 7741 7743
f 7742 7743 7744
f 7745 7742 7744
f 7745 7744 7746
f 7744 7747 7746
f 7745 7746 7748
f 7745 7748 7749
f 7745 7749 7750
f 7745 7750 7751
f 7752 7745 7751
f 7752 7751 7753
f 7754 7752 7753
f 7754 7753 7755
f 7756 7754 7755
f 7757 7756 7755
f 7757 7755 7758
f 7759 7757 7758
f 7760 7759 7758
f 7760 7758 7761
f 7762 7760 7761
f 7763 7762 7761
f 7764 7763 7761
f 7765 7764 7761
f 7765 7761 7766
f 7761 7767 7766
f 7765 7766 7768
f 7765 7768 7769
f 7765 7769 7770
f 7771 7765 7770
f 7771 7770 7772
f 7771 7772 7773
f 7774 7771 7773
f 7774 7773 7775
f 7774 7775 7776
f 7774 7776 7777
f 7778 7774 7777
f 7778 7777 7779
f 7779 7777 7780
f 7781 7778 7779
f 7782 7781 7779
f 7783 7782 7779
f 7783 7779 7784
f 7779 7785 7784
f 7783 7784 7786
f 7787 7783 7786
f 7788 7787 7786
f 7789 7788 7786
f 7790 7789 7786
f 7790 7791 7789
f 7790 7786 7792
f 7790 7792 7793
f 7790 7793 7794
f 7795 7790 7794
f 7795 7794 7796
f 7795 7796 7797
f 7795 7797 7798
f 7795 7798 7799
f 7800 7795 7799
f 7800 7799 7801
f 7800 7801 7802
f 7800 7802 7803
f 7800 7803 7804
f 7800 7804 7805
f 7800 7805 7806
f 7800 7806 7807
f 7800 7807 7808
f 7800 7808 7809
f 7800 7809 7810
f 7800 7810 7811
f 7800 7811 7812
f 7813 7800 7812
f 7813 7812 7814
f 7813 7814 7815
f 7813 7815 7816
f 7813 7816 7817
f 7816 7818 7817
f 7813 7817 7819
f 7813 7819 7820
f 7821 7813 7820
f 7821 7820 7822
f 7821 7822 7823
f 7824 7821 7823
f 7824 7823 7825
f 7824 7825 7826
f 7824 7826 7827
f 7828 7824 7827
f 7828 7827 7829
f 7828 7829 7830
f 7828 7830 7831
f 7831 7830 7832
f 7833 7828 7831
f 7833 7831 7834
f 7835 7833 7834
f 7836 7835 7834
f 7836 7837 7835
f 7838 7836 7834
f 7839 7838 7834
f 7840 7839 7834
f 7840 7834 7841
f 7842 7841 7834
f 7842 7834 7843
f 7844 7842 7843
f 7845 7844 7843
f 7846 7845 7843
f 7846 7843 7847
f 7848 7847 7843
f 7846 7847 7849
f 7850 7846 7849
f 7851 7850 7849
f 7851 7849 7835
f 7852 7851 7835
f 7853 7852 7835
f 7854 7853 7835
f 7855 7854 7835
f 7837 7855 7835
f 7848 7843 7856
f 7857 7848 7856
f 7857 7856 7858
f 7857 7858 7859
f 7857 7859 7860
f 7857 7860 7861
f 7857 7861 7862
f 7857 7862 7863
f 7857 7863 7864
f 7857 7864 7865
f 7857 7865 7866
f 7866 7865 7867
f 7867 7865 7868
f 7866 7867 7869
f 7870 7866 7869
f 7870 7869 7871
f 7872 7870 7871
f 7873 7872 7871
f 7874 7873 7871
f 7875 7874 7871
f 7875 7871 7876
f 7877 7875 7876
f 7878 7877 7876
f 7879 7878 7876
f 7880 7879 7876
f 7880 7876 7881
f 7882 7880 7881
f 7882 7881 7883
f 7884 7882 7883
f 7884 7883 7885
f 7884 7885 7886
f 7885 7887 7886
f 7884 7886 7888
f 7348 7884 7888
f 7348 7888 7889
f 7348 7889 7346
f 7885 7890 7887
f 7885 7891 7890
f 7891 7892 7890
f 7891 7893 7892
f 7891 7894 7893
f 7891 7895 7894
f 7894 7896 7893
f 7896 7897 7893
f 7897 7898 7893
f 7897 7899 7898
f 7899 7900 7898
f 7900 7901 7898
f 7901 7902 7898
f 7902 7903 7898
f 7902 7904 7903
f 7904 7905 7903
f 7905 7906 7903
f 7907 7906 7905
f 7907 7353 7906
f 7908 7907 7905
f 7908 7905 7909
f 7908 7909 7910
f 7908 7910 7911
f 7908 7911 7912
f 7908 7912 7913
f 7895 7908 7913
f 7895 7913 7914
f 7895 7914 7915
f 7895 7915 7894
f 7907 7356 7353
f 7916 7867 7868
f 7916 7868 7917
f 7918 7916 7917
f 7918 7917 7919
f 7918 7919 7920
f 7921 7918 7920
f 7921 7920 7922
f 7923 7921 7922
f 7923 7922 7924
f 7924 7922 7925
f 7923 7924 7926
f 7923 7926 7927
f 7923 7927 7928
f 7929 7923 7928
f 7929 7928 7930
f 7929 7930 7931
f 7932 7929 7931
f 7932 7931 7933
f 7932 7933 7934
f 7932 7934 7935
f 7932 7935 7936
f 7935 7937 7936
f 7938 7932 7936
f 7938 7936 7939
f 7938 7939 7940
f 7941 7938 7940
f 7941 7940 7942
f 7943 7941 7942
f 7943 7942 7944
f 7945 7944 7942
f 7946 7943 7944
f 7946 7944 7947
f 7948 7946 7947
f 7948 7947 7949
f 7948 7949 7950
f 7951 7948 7950
f 7951 7950 7952
f 7953 7951 7952
f 7954 7953 7952
f 7955 7954 7952
f 7955 7952 7956
f 7952 7957 7956
f 7958 7955 7956
f 7958 7959 7955
f 7956 7960 7958
f 7961 7960 7956
f 7962 7961 7956
f 7962 7956 7963
f 7964 7962 7963
f 7965 7964 7963
f 7965 7963 7966
f 7967 7966 7963
f 7968 7967 7963
f 7969 7968 7963
f 7970 7969 7963
f 7971 7970 7963
f 7971 7963 7972
f 7973 7972 7963
f 7974 7971 7972
f 7974 7972 7975
f 7974 7975 7976
f 7974 7976 7977
f 7974 7977 7978
f 7979 7974 7978
f 7979 7978 7980
f 7979 7980 7981
f 7979 7981 7982
f 7979 7982 7983
f 7984 7979 7983
f 7984 7983 7985
f 7983 7986 7985
f 7987 7984 7985
f 7988 7987 7985
f 7988 7985 7989
f 7990 7988 7989
f 7991 7990 7989
f 7991 7989 7992
f 7993 7991 7992
f 7993 7992 7994
f 7995 7993 7994
f 7995 7994 7996
f 7997 7995 7996
f 7997 7996 7998
f 7997 7998 7999
f 7997 7999 8000
f 8001 7997 8000
f 8001 8000 8002
f 8001 8002 8003
f 8003 8002 8004
f 8001 8003 8005
f 8001 8005 8006
f 8001 8006 8007
f 8001 8007 8008
f 8009 8001 8008
f 8009 8008 8010
f 8009 8010 8011
f 8009 8011 8012
f 8013 8009 8012
f 8013 8012 8014
f 8014 8012 8015
f 8013 8014 8016
f 8013 8016 8017
f 8013 8017 8018
f 8019 8013 8018
f 8019 8018 8020
f 8019 8020 8021
f 8019 8021 8022
f 8019 8022 8023
f 8019 8023 8024
f 8025 8019 8024
f 8025 8024 7357
f 8024 8026 7357
f 8027 8025 7357
f 8028 8027 7357
f 8029 8028 7357
f 8029 7357 8030
f 7358 8030 7357
f 8029 8030 8031
f 8032 8029 8031
f 8033 8032 8031
f 8034 8033 8031
f 8035 8034 8031
f 8035 8031 8036
f 8037 8035 8036
f 8037 8036 8038
f 8039 8037 8038
f 8039 8038 8040
f 8041 8039 8040
f 8042 8041 8040
f 8042 8040 8043
f 8044 8042 8043
f 8044 8043 8045
f 8046 8044 8045
f 8046 8045 8047
f 8048 8046 8047
f 8048 8047 8049
f 8050 8048 8049
f 8050 8049 8051
f 8052 8050 8051
f 8052 8051 8053
f 8054 8052 8053
f 8054 8053 8055
f 8056 8054 8055
f 8056 8055 8057
f 8058 8056 8057
f 8058 8057 8059
f 8060 8058 8059
f 8061 8060 8059
f 8061 8059 8062
f 8063 8061 8062
f 8063 8062 8064
f 8065 8063 8064
f 8065 8064 8066
f 8067 8065 8066
f 8067 8066 8068
f 8069 8067 8068
f 8070 8069 8068
f 8070 8068 8071
f 8072 8070 8071
f 8072 8071 8073
f 8074 8072 8073
f 8075 8074 8073
f 8075 8073 8076
f 8077 8075 8076
f 8077 8076 8078
f 8079 8077 8078
f 8079 8078 8080
f 8081 8079 8080
f 8081 8080 8082
f 8083 8081 8082
f 8084 8083 8082
f 8084 8082 8085
f 8086 8084 8085
f 8086 8085 8087
f 7958 8086 8087
f 7958 8087 7959
f 8026 8088 7357
f 8088 8089 7357
f 8089 8015 7357
f 8089 8090 8015
f 8091 8015 8090
f 8091 8092 8015
f 8092 8093 8015
f 8093 8014 8015
f 8094 8003 8004
f 8095 8094 8004
f 8095 8004 8096
f 8097 8095 8096
f 8097 8096 8098
f 8099 8097 8098
f 8100 8099 8098
f 8100 8098 8101
f 8102 8100 8101
f 8102 8101 8103
f 8102 8103 8104
f 8105 8102 8104
f 8106 8105 8104
f 8106 8107 8105
f 8106 8104 8108
f 8108 8104 8109
f 8106 8108 8110
f 8106 8110 8111
f 8106 8111 8112
f 8106 8112 8113
f 8106 8113 8114
f 8106 8114 8115
f 8106 8115 8116
f 8117 8106 8116
f 8117 8116 8118
f 8117 8118 8119
f 8118 8120 8119
f 8117 8119 8121
f 8117 8121 8122
f 8117 8122 8123
f 8117 8123 8124
f 8117 8124 8125
f 8117 8125 8126
f 8117 8126 8127
f 8128 8117 8127
f 8128 8127 8129
f 8130 8128 8129
f 8130 8129 8131
f 8132 8130 8131
f 8132 8131 8133
f 8134 8132 8133
f 8134 8133 8135
f 8136 8134 8135
f 8136 8135 8137
f 8138 8136 8137
f 8139 8138 8137
f 8139 8137 8140
f 8139 8140 8141
f 8142 8141 8140
f 8139 8141 8143
f 8139 8143 8144
f 8139 8144 8145
f 8146 8139 8145
f 8146 8145 8147
f 8148 8146 8147
f 8148 8147 8149
f 8150 8148 8149
f 8150 8149 8151
f 8152 8150 8151
f 8153 8152 8151
f 8153 8151 8154
f 8154 8151 8155
f 8156 8153 8154
f 8156 8154 8157
f 8158 8156 8157
f 8159 8158 8157
f 8160 8159 8157
f 8161 8160 8157
f 8161 8157 8162
f 8163 8161 8162
f 8164 8163 8162
f 8164 8162 8165
f 8166 8164 8165
f 8166 8165 8167
f 8168 8166 8167
f 8168 8167 8169
f 8170 8168 8169
f 8171 8170 8169
f 8171 8169 8172
f 8173 8171 8172
f 8173 8172 8174
f 8175 8173 8174
f 8175 8174 8176
f 8177 8175 8176
f 8177 8176 8178
f 8177 8178 8179
f 8180 8177 8179
f 8180 8179 8181
f 8182 8180 8181
f 8182 8181 8183
f 8184 8182 8183
f 8184 8183 8185
f 8186 8184 8185
f 8186 8185 8187
f 8188 8186 8187
f 8188 8187 8189
f 8188 8189 8190
f 8191 8188 8190
f 8191 8190 8192
f 8191 8192 8193
f 8191 8193 8194
f 8191 8194 8195
f 8191 8195 8196
f 8197 8191 8196
f 8197 8196 8198
f 8198 8196 8199
f 8200 8197 8198
f 8201 8200 8198
f 8201 8198 8202
f 8203 8201 8202
f 8204 8203 8202
f 8204 8202 8205
f 8206 8204 8205
f 8207 8206 8205
f 8208 8207 8205
f 8208 8205 8209
f 8210 8208 8209
f 8211 8210 8209
f 8211 8209 8212
f 8213 8211 8212
f 8214 8213 8212
f 8215 8214 8212
f 8215 8212 8216
f 8217 8215 8216
f 8218 8217 8216
f 8219 8218 8216
f 8220 8219 8216
f 8220 8216 8221
f 8220 8221 8222
f 8223 8222 8221
f 8223 8221 8224
f 8221 8225 8224
f 8226 8223 8224
f 8227 8226 8224
f 8227 8224 8228
f 8229 8227 8228
f 8230 8229 8228
f 8231 8230 8228
f 8232 8231 8228
f 8233 8232 8228
f 8233 8228 8105
f 8107 8233 8105
f 8221 8234 8225
f 8224 8225 8235
f 8224 8235 8236
f 8224 8236 8237
f 8224 8237 8238
f 8239 8224 8238
f 8239 8240 8224
f 8239 8238 8241
f 8242 8239 8241
f 8243 8242 8241
f 8244 8243 8241
f 8244 8241 8245
f 8246 8244 8245
f 8247 8246 8245
f 8247 8245 8248
f 8249 8247 8248
f 8249 8248 8250
f 8250 8248 8251
f 8252 8249 8250
f 8252 8250 8253
f 8254 8252 8253
f 8254 8253 8255
f 8256 8254 8255
f 8257 8256 8255
f 8257 8255 8258
f 8259 8257 8258
f 8259 8258 8260
f 8261 8259 8260
f 8262 8261 8260
f 8262 8260 8263
f 8264 8262 8263
f 8264 8263 8265
f 8266 8264 8265
f 8266 8265 8267
f 8268 8266 8267
f 8268 8267 8269
f 8270 8268 8269
f 8270 8269 8271
f 8272 8270 8271
f 8272 8271 8273
f 8274 8272 8273
f 8274 8273 8275
f 8274 8275 8276
f 8276 8275 8277
f 8274 8276 8278
f 8274 8278 8279
f 8280 8274 8279
f 8280 8279 8281
f 8280 8281 8282
f 8280 8282 8283
f 8280 8283 8284
f 8285 8280 8284
f 8285 8284 8286
f 8285 8286 8287
f 8288 8285 8287
f 8288 8287 8289
f 8288 8289 8290
f 8291 8288 8290
f 8291 8290 8292
f 8291 8292 8293
f 8294 8291 8293
f 8294 8293 8295
f 8296 8294 8295
f 8296 8295 8297
f 8298 8296 8297
f 8298 8297 8299
f 8300 8298 8299
f 8300 8299 8301
f 8300 8301 8302
f 8302 8301 8303
f 8304 8302 8303
f 8304 8303 8305
f 8306 8304 8305
f 8307 8306 8305
f 8307 8305 8308
f 8309 8307 8308
f 8310 8309 8308
f 8310 8308 7464
f 8311 8310 7464
f 7465 8311 7464
f 8312 8276 8277
f 8313 8312 8277
f 8314 8313 8277
f 8315 8314 8277
f 8315 8277 8316
f 8317 8315 8316
f 8318 8317 8316
f 8319 8318 8316
f 8319 8316 8320
f 8321 8319 8320
f 8321 8320 8322
f 8323 8321 8322
f 8323 8322 8324
f 7546 8323 8324
f 7546 8324 8325
f 7546 8325 8326
f 7546 8326 8327
f 7546 8327 7545
f 8250 8251 8328
f 8329 8250 8328
f 8329 8328 8330
f 8329 8330 8331
f 8332 8329 8331
f 8332 8331 8333
f 8234 8332 8333
f 8234 8333 8334
f 8234 8334 8225
f 8240 8335 8224
f 8335 8336 8224
f 8336 8337 8224
f 8337 8338 8224
f 8338 8339 8224
f 8339 8340 8224
f 8339 8341 8340
f 8341 8342 8340
f 8342 8343 8340
f 8343 8344 8340
f 8344 8345 8340
f 8345 8346 8340
f 8346 8347 8340
f 8346 8348 8347
f 8348 8349 8347
f 8348 8350 8349
f 8348 8351 8350
f 8348 8352 8351
f 8348 8353 8352
f 8348 8354 8353
f 8348 8355 8354
f 8355 8356 8354
f 8355 8357 8356
f 8355 8358 8357
f 8355 8359 8358
f 8355 8360 8359
f 8355 8361 8360
f 8355 7424 8361
f 7424 8362 8361
f 7424 8363 8362
f 7424 8364 8363
f 7424 7425 8364
f 8198 8199 8365
f 8366 8198 8365
f 8366 8365 8367
f 8366 8367 8368
f 8366 8368 8369
f 8370 8366 8369
f 8370 8369 8371
f 8370 8371 8372
f 8373 8370 8372
f 8373 8372 8374
f 8373 8374 8375
f 8376 8373 8375
f 8376 8375 8377
f 8378 8376 8377
f 8379 8378 8377
f 8380 8379 8377
f 8380 8377 7595
f 7596 8380 7595
f 8154 8155 8381
f 8382 8154 8381
f 8382 8381 8383
f 8381 8384 8383
f 8385 8382 8383
f 8386 8385 8383
f 8387 8386 8383
f 8388 8387 8383
f 8388 8383 7629
f 8389 8388 7629
f 8390 8389 7629
f 8391 8390 7629
f 8392 8391 7629
f 8392 7629 8393
f 8394 8393 7629
f 8392 8393 8395
f 7619 8392 8395
f 7619 8395 8396
f 7619 8396 8397
f 7619 8397 8398
f 7619 8398 7618
f 7630 8394 7629
f 8384 8399 8383
f 8399 8400 8383
f 8400 8401 8383
f 8401 8402 8383
f 8402 8140 8383
f 8402 8403 8140
f 8403 8142 8140
f 8118 8404 8120
f 8404 8405 8120
f 8405 8406 8120
f 8406 8407 8120
f 8406 8408 8407
f 8408 8409 8407
f 8409 8109 8407
f 8409 8410 8109
f 8410 8411 8109
f 8411 8108 8109
f 7986 8412 7985
f 8412 8413 7985
f 8413 8414 7985
f 8415 7985 8414
f 8415 8416 7985
f 8416 7973 7985
f 7973 7963 7985
f 8417 7956 7957
f 8417 8418 7956
f 8417 7957 8419
f 8420 8417 8419
f 8421 8420 8419
f 8422 8421 8419
f 8422 8419 8423
f 8424 8422 8423
f 8425 8424 8423
f 8425 8423 8426
f 8427 8425 8426
f 8428 8427 8426
f 8428 8426 8429
f 8430 8428 8429
f 8430 8429 8431
f 8432 8430 8431
f 8432 8431 8433
f 8431 8434 8433
f 8432 8433 8435
f 8436 8432 8435
f 8436 8435 8437
f 8438 8436 8437
f 8438 8437 8439
f 8440 8438 8439
f 8440 8439 8441
f 8442 8440 8441
f 8442 8441 8443
f 8444 8442 8443
f 8444 8443 8445
f 8444 8445 8446
f 8447 8444 8446
f 8447 8446 8448
f 8448 8446 8449
f 8450 8447 8448
f 8450 8448 8451
f 8452 8450 8451
f 8452 8451 8453
f 8454 8452 8453
f 8454 8453 8455
f 8456 8454 8455
f 8456 8455 8457
f 8456 8457 8458
f 8459 8456 8458
f 8459 8458 8460
f 8461 8459 8460
f 8461 8460 8462
f 8461 8462 8463
f 8464 8461 8463
f 8464 8463 8465
f 8466 8464 8465
f 8466 8465 8467
f 8468 8466 8467
f 8468 8467 8469
f 8468 8469 8470
f 8471 8470 8469
f 8468 8470 8472
f 8468 8472 8473
f 8474 8468 8473
f 8474 8473 8475
f 8474 8475 8476
f 8474 8476 8477
f 8478 8474 8477
f 8478 8477 8479
f 8478 8479 8480
f 8481 8478 8480
f 8481 8480 8482
f 8481 8482 8483
f 8484 8481 8483
f 8484 8483 8485
f 8484 8485 8486
f 8487 8484 8486
f 8487 8486 8488
f 8489 8487 8488
f 8489 8488 8490
f 8489 8490 8491
f 8491 8490 8492
f 8493 8491 8492
f 8494 8493 8492
f 8494 8492 8495
f 8496 8494 8495
f 8497 8496 8495
f 8498 8497 8495
f 8498 8495 8499
f 8498 8499 8500
f 8499 8501 8500
f 8502 8498 8500
f 8503 8502 8500
f 8504 8503 8500
f 8505 8504 8500
f 8506 8505 8500
f 8506 8500 8507
f 8508 8506 8507
f 8508 8507 8509
f 8510 8508 8509
f 8510 8509 8511
f 8512 8510 8511
f 8512 8511 8513
f 8514 8513 8511
f 8512 8513 8515
f 8512 8515 8516
f 8512 8516 8517
f 8512 8517 8518
f 8512 8518 8519
f 8512 8519 8520
f 8512 8520 8521
f 8522 8512 8521
f 8522 8521 8523
f 8522 8523 8524
f 8523 8525 8524
f 8522 8524 8526
f 8527 8522 8526
f 8527 8526 8528
f 8529 8527 8528
f 8529 8528 8530
f 8531 8529 8530
f 8532 8531 8530
f 8532 8530 7956
f 8533 8532 7956
f 8534 8533 7956
f 8535 8534 7956
f 8536 8535 7956
f 8537 8536 7956
f 8538 8537 7956
f 8418 8538 7956
f 8525 8539 8524
f 8539 8540 8524
f 8540 8541 8524
f 8542 8524 8541
f 8542 8543 8524
f 8543 8514 8524
f 8514 8511 8524
f 8499 8544 8501
f 8544 8545 8501
f 8545 8546 8501
f 8546 8547 8501
f 8547 8548 8501
f 8547 8549 8548
f 8549 8550 8548
f 8549 8551 8550
f 8551 8552 8550
f 8551 8553 8552
f 8552 8554 8550
f 8554 8555 8550
f 8554 8556 8555
f 8556 8557 8555
f 8557 8558 8555
f 8558 8559 8555
f 8560 8559 8558
f 8560 8561 8559
f 8561 8562 8559
f 8562 8563 8559
f 8563 8564 8559
f 8565 8564 8563
f 8565 8566 8564
f 8565 8563 8567
f 8565 8567 8568
f 8565 8568 8569
f 8553 8565 8569
f 8553 8569 8570
f 8553 8570 8571
f 8553 8571 8572
f 8553 8572 8573
f 8553 8573 8552
f 8565 8574 8566
f 8574 7715 8566
f 8574 7714 7715
f 8471 8469 8575
f 8576 8471 8575
f 8577 8576 8575
f 8578 8577 8575
f 8578 8575 8579
f 8580 8578 8579
f 8581 8580 8579
f 8582 8581 8579
f 8582 8579 8583
f 8584 8582 8583
f 8585 8584 8583
f 8585 8583 8586
f 8587 8585 8586
f 8587 8586 8588
f 8589 8587 8588
f 8589 8588 8590
f 8591 8589 8590
f 8591 8590 8592
f 8593 8591 8592
f 8593 8592 8594
f 8595 8593 8594
f 8595 8594 8596
f 8595 8596 8597
f 8595 8597 7747
f 8595 7747 7744
f 8448 8449 8598
f 8599 8448 8598
f 8599 8598 8600
f 8601 8599 8600
f 8601 8600 8602
f 8601 8602 8603
f 8434 8601 8603
f 8434 8603 8604
f 8434 8604 8433
f 7945 7942 8605
f 8606 7945 8605
f 8607 8606 8605
f 8608 8607 8605
f 8609 8608 8605
f 8609 8605 8610
f 8611 8609 8610
f 8612 8611 8610
f 8612 8610 8613
f 8614 8612 8613
f 8614 8613 8615
f 8616 8614 8615
f 8616 8615 8617
f 8616 8617 8618
f 8616 8618 8619
f 8616 8619 8620
f 7785 8616 8620
f 7785 8620 8621
f 7785 8621 8622
f 7785 8622 8623
f 7785 8623 8624
f 7785 8624 7784
f 7935 8625 7937
f 8625 8626 7937
f 8626 8627 7937
f 8627 8628 7937
f 8627 8629 8628
f 8629 8630 8628
f 8630 7925 8628
f 8630 8631 7925
f 8631 8632 7925
f 8632 7924 7925
f 7831 7832 8633
f 7831 8633 8634
f 7831 8634 8635
f 8636 7831 8635
f 8636 8637 7831
f 8636 8635 8638
f 8639 8636 8638
f 8640 8639 8638
f 8641 8640 8638
f 8642 8641 8638
f 8642 8638 8643
f 8644 8642 8643
f 8645 8644 8643
f 8646 8645 8643
f 8647 8646 8643
f 8647 8643 8648
f 8649 8648 8643
f 8647 8648 8650
f 8651 8647 8650
f 8652 8651 8650
f 8653 8652 8650
f 8653 8650 8654
f 8653 8654 8655
f 8656 8655 8654
f 8657 8656 8654
f 8657 8654 7831
f 8637 8657 7831
f 8649 8643 8658
f 8659 8649 8658
f 8660 8659 8658
f 8660 8658 8661
f 7818 8660 8661
f 7818 8661 7817
f 7790 8662 7791
f 8662 8663 7791
f 8662 8664 8663
f 8662 8665 8664
f 8662 8666 8665
f 8662 8667 8666
f 8667 8668 8666
f 8667 8669 8668
f 8669 8670 8668
f 7779 7780 8671
f 7779 8671 8672
f 7779 8672 8673
f 7779 8673 8674
f 7779 8674 8675
f 7779 8675 7767
f 7761 7779 7767
f 7730 7728 8676
f 7730 8676 8677
f 7730 8677 8678
f 7730 8678 8679
f 7730 8679 8680
f 7719 7730 8680
f 7719 8680 8681
f 7719 8681 8682
f 7719 8682 7718
f 7705 8683 7706
f 7705 8684 8683
f 7705 8685 8684
f 7705 8686 8685
f 8686 8687 8685
f 8686 8688 8687
f 8686 8689 8688
f 8690 8687 8688
f 8690 8688 8691
f 8690 8691 8692
f 8690 8692 8693
f 8690 8693 8694
f 8690 8694 8695
f 8690 8695 8696
f 8690 8696 8697
f 8690 8697 8698
f 8699 8690 8698
f 8700 8699 8698
f 8700 8701 8699
f 8700 8698 8702
f 8700 8702 8703
f 8700 8703 8704
f 8686 8700 8704
f 8686 8704 8705
f 8686 8705 8706
f 8686 8706 8707
f 8686 8707 8689
f 8700 8708 8701
f 8708 8709 8701
f 8708 8710 8709
f 8710 8711 8709
f 8710 8712 8711
f 8712 8713 8711
f 8712 8714 8713
f 8714 8715 8713
f 7701 8716 7698
f 8716 8717 7698
f 8717 8718 7698
f 8718 8719 7698
f 8719 8720 7698
f 8720 8721 7698
f 8720 8722 8721
f 8722 8723 8721
f 8723 8724 8721
f 8724 8725 8721
f 8724 8726 8725
f 8726 8727 8725
f 8726 8728 8727
f 8728 8729 8727
f 8728 8730 8729
f 8727 8729 8731
f 8727 8731 8732
f 8727 8732 8733
f 8734 8727 8733
f 8734 8733 8735
f 8734 8735 8736
f 8734 8736 8737
f 8734 8737 8738
f 8739 8734 8738
f 8739 8738 8740
f 8741 8739 8740
f 8741 8742 8739
f 8743 8741 8740
f 8743 8740 8744
f 8743 8744 8745
f 8743 8745 8746
f 8747 8743 8746
f 8747 8746 8748
f 8747 8748 8749
f 8728 8747 8749
f 8728 8749 8750
f 8728 8750 8730
f 8741 8751 8742
f 8751 8752 8742
f 8751 8753 8752
f 8753 8754 8752
f 8753 8755 8754
f 8755 8756 8754
f 8755 8757 8756
f 8757 8758 8756
f 8757 8759 8758
f 8759 8760 8758
f 7654 8761 7655
f 8761 8762 7655
f 8762 8763 7655
f 8763 8764 7655
f 8764 8765 7655
f 8764 8766 8765
f 8766 8767 8765
f 8766 8768 8767
f 8768 8769 8767
f 8768 8770 8769
f 7649 8771 7652
f 8771 8772 7652
f 8772 8773 7652
f 8773 7640 7652
f 8773 8774 7640
f 8774 8775 7640
f 8775 8776 7640
f 8776 8777 7640
f 8777 7639 7640
f 8778 7596 7594
f 8778 7594 8779
f 8778 8779 8780
f 8781 8778 8780
f 8781 8780 8782
f 8781 8782 8783
f 7585 8781 8783
f 7585 8783 8784
f 7585 8784 8785
f 7585 8785 8786
f 7585 8786 7584
f 7569 7570 8787
f 7569 8787 8788
f 7557 7569 8788
f 7557 8788 8789
f 7557 8789 8790
f 7557 8790 8791
f 7557 8791 7559
f 7514 8792 7505
f 8792 8793 7505
f 8793 8794 7505
f 8794 8795 7505
f 8795 8796 7505
f 8795 8797 8796
f 8797 8798 8796
f 8797 8799 8798
f 8799 8800 8798
f 8800 8801 8798
f 8800 8802 8801
f 8802 8803 8801
f 8802 8804 8803
f 8804 8805 8803
f 8805 8806 8803
f 8805 8807 8806
f 8807 8808 8806
f 7511 7512 8809
f 7511 8809 8810
f 7511 8810 8811
f 7511 8811 8812
f 7511 8812 8813
f 8814 7511 8813
f 8814 8813 8815
f 8814 8815 8816
f 8814 8816 8817
f 8816 8818 8817
f 8819 8814 8817
f 8819 8817 8820
f 8821 8819 8820
f 8821 8820 8822
f 8823 8821 8822
f 8823 8822 8824
f 8825 8823 8824
f 8825 8824 8826
f 8827 8826 8824
f 8825 8826 8828
f 8829 8825 8828
f 8829 8828 8830
f 7476 8829 8830
f 7476 8830 8831
f 7476 8831 8832
f 7476 8832 7475
f 7488 8827 8824
f 7488 8824 7487
f 8816 8833 8818
f 8833 8834 8818
f 8834 7504 8818
f 8834 8835 7504
f 8835 7507 7504
f 7492 8836 7493
f 8836 8837 7493
f 8836 8838 8837
f 7493 8837 8839
f 7493 8839 8840
f 7493 8840 8841
f 7493 8841 8842
f 7493 8842 8843
f 8844 7493 8843
f 8844 8843 8845
f 8844 8845 8846
f 8844 8846 8847
f 8848 8844 8847
f 8849 8848 8847
f 8849 8850 8848
f 8849 8847 8851
f 8849 8851 8852
f 8849 8852 8853
f 8849 8853 8854
f 8849 8854 8855
f 8849 8855 8856
f 8836 8849 8856
f 8836 8856 8838
f 8850 8857 8848
f 8850 8858 8857
f 8850 8859 8858
f 8857 8858 8860
f 8861 8857 8860
f 8861 8860 8862
f 8861 8862 8863
f 8861 8863 8864
f 8865 8861 8864
f 8865 8864 8866
f 8865 8866 8867
f 8868 8865 8867
f 8868 8867 8869
f 8870 8868 8869
f 8870 8869 8871
f 8872 8870 8871
f 8872 8871 8873
f 8872 8873 8874
f 8872 8874 8875
f 8874 8876 8875
f 8872 8875 8877
f 8878 8872 8877
f 8878 8877 8879
f 8878 8879 8880
f 8881 8878 8880
f 8881 8880 8882
f 8881 8882 8883
f 8884 8881 8883
f 8884 8883 8885
f 8884 8885 8886
f 8884 8886 8887
f 8888 8884 8887
f 8888 8887 8889
f 8889 8887 8890
f 8888 8889 8891
f 8892 8888 8891
f 8892 8891 8893
f 8894 8892 8893
f 8894 8893 8895
f 8896 8894 8895
f 8896 8895 8897
f 8898 8896 8897
f 8898 8897 8899
f 8898 8899 8900
f 8901 8898 8900
f 8901 8900 8902
f 8903 8901 8902
f 8903 8902 8904
f 8903 8904 8905
f 8903 8905 8906
f 8907 8903 8906
f 8907 8906 8908
f 8907 8908 8909
f 8910 8907 8909
f 8910 8909 8911
f 8910 8911 8912
f 8913 8910 8912
f 8913 8912 8914
f 8915 8913 8914
f 8915 8914 8916
f 8915 8916 8917
f 8918 8915 8917
f 8918 8917 8919
f 8918 8919 8920
f 8921 8918 8920
f 8921 8920 8922
f 8920 8923 8922
f 8921 8922 8924
f 8921 8924 8925
f 8921 8925 8926
f 8921 8926 8927
f 8928 8921 8927
f 8928 8929 8921
f 8928 8927 8930
f 8928 8930 8931
f 8928 8931 8932
f 8933 8928 8932
f 8933 8932 8934
f 8933 8934 8935
f 8933 8935 8936
f 8937 8933 8936
f 8937 8936 8938
f 8939 8937 8938
f 8940 8939 8938
f 8940 8938 8941
f 8942 8940 8941
f 8943 8942 8941
f 8943 8941 8944
f 8945 8943 8944
f 8946 8945 8944
f 8946 8944 8947
f 8948 8946 8947
f 8948 8947 8949
f 8950 8948 8949
f 8950 8949 8951
f 8950 8951 8952
f 8950 8952 8953
f 8950 8953 8954
f 8950 8954 8955
f 8950 8955 8956
f 8957 8950 8956
f 8957 8956 8958
f 8957 8958 8959
f 8957 8959 8960
f 8961 8957 8960
f 8961 8960 8962
f 8961 8962 8963
f 8961 8963 8964
f 8965 8961 8964
f 8965 8964 8966
f 8965 8966 8967
f 8965 8967 8968
f 8965 8968 8969
f 8970 8965 8969
f 8970 8969 8971
f 8970 8971 8972
f 8970 8972 8973
f 8973 8974 8970
f 8974 8973 8975
f 8970 8974 8976
f 8977 8970 8976
f 8977 8976 8978
f 8977 8978 8979
f 8977 8979 8980
f 8977 8980 8981
f 8977 8981 8982
f 8977 8982 8859
f 8850 8977 8859
f 8974 8975 8983
f 8974 8983 8984
f 8974 8984 8985
f 8974 8985 8986
f 8974 8986 8987
f 8974 8987 8988
f 8987 8989 8988
f 8974 8988 8990
f 8974 8990 8991
f 8974 8991 8992
f 8974 8992 8993
f 8974 8993 8994
f 8995 8974 8994
f 8995 8994 8996
f 8995 8996 8997
f 8995 8997 8998
f 8999 8995 8998
f 8999 8998 9000
f 8999 9000 9001
f 8999 9001 9002
f 8999 9002 9003
f 8999 9003 9004
f 9005 8999 9004
f 9005 9004 9006
f 9005 9006 9007
f 9005 9007 9008
f 9005 9008 9009
f 9005 9009 9010
f 9011 9005 9010
f 9011 9010 9012
f 9013 9011 9012
f 9013 9012 9014
f 9015 9013 9014
f 9016 9015 9014
f 9017 9016 9014
f 9018 9017 9014
f 9019 9018 9014
f 9020 9019 9014
f 9021 9020 9014
f 9022 9021 9014
f 9022 9014 9023
f 9024 9022 9023
f 9025 9024 9023
f 9026 9025 9023
f 9027 9026 9023
f 9027 9023 9028
f 9029 9027 9028
f 9030 9029 9028
f 9031 9030 9028
f 9032 9031 9028
f 9033 9032 9028
f 9034 9033 9028
f 9035 9034 9028
f 9035 9036 9034
f 9037 9035 9028
f 9037 9028 9038
f 9039 9037 9038
f 9040 9039 9038
f 9040 9038 9041
f 9042 9040 9041
f 9042 9043 9040
f 9044 9042 9041
f 9045 9044 9041
f 9046 9045 9041
f 9046 9041 9047
f 9048 9047 9041
f 9048 9041 9049
f 9050 9048 9049
f 9051 9050 9049
f 9051 9049 8923
f 9052 9051 8923
f 9052 8923 8920
f 9053 9052 8920
f 9053 8920 9054
f 9055 9053 9054
f 9055 9054 9056
f 9057 9055 9056
f 9057 9056 9058
f 9059 9057 9058
f 9059 9058 9060
f 9061 9059 9060
f 9061 9060 9062
f 9063 9061 9062
f 9063 9062 9040
f 9043 9063 9040
f 9036 9064 9034
f 9036 9065 9064
f 8989 9066 8988
f 8928 9067 8929
f 9067 9068 8929
f 9067 9069 9068
f 9069 9070 9068
f 9069 9071 9070
f 9068 9070 9072
f 9068 9072 9073
f 9068 9073 9074
f 9068 9074 9075
f 9074 9076 9075
f 9068 9075 9077
f 9068 9077 9078
f 9068 9078 9079
f 9080 9068 9079
f 9080 9079 9081
f 9080 9081 9082
f 9080 9082 9083
f 9080 9083 9084
f 9080 9084 9085
f 9080 9085 9086
f 9086 9085 9087
f 9088 9080 9086
f 9088 9086 9089
f 9088 9089 9090
f 9088 9090 9091
f 9092 9088 9091
f 9092 9091 9093
f 9092 9093 9094
f 9092 9094 9095
f 9096 9092 9095
f 9096 9095 9097
f 9096 9097 9098
f 9096 9098 9099
f 9096 9099 9100
f 9101 9096 9100
f 9101 9100 9102
f 9101 9102 9103
f 9101 9103 9104
f 9104 9103 9105
f 9101 9104 9106
f 9101 9106 9107
f 9101 9107 9108
f 9101 9108 9109
f 9110 9101 9109
f 9110 9109 9111
f 9110 9111 9112
f 9113 9110 9112
f 9113 9112 9114
f 9115 9113 9114
f 9115 9114 9116
f 9117 9115 9116
f 9117 9116 9118
f 9117 9118 9119
f 9118 9120 9119
f 9117 9119 9121
f 9117 9121 9122
f 9117 9122 9123
f 9117 9123 9124
f 9117 9124 9125
f 9126 9117 9125
f 9126 9125 9127
f 9126 9127 9128
f 9126 9128 9129
f 9130 9126 9129
f 9130 9129 9131
f 9131 9129 9132
f 9133 9130 9131
f 9133 9131 9134
f 9135 9133 9134
f 9135 9134 9136
f 9137 9135 9136
f 9137 9136 9138
f 9139 9137 9138
f 9139 9138 9140
f 9141 9139 9140
f 9141 9140 9142
f 9141 9142 9143
f 9141 9143 9144
f 9145 9141 9144
f 9145 9144 9146
f 9145 9146 9147
f 9145 9147 9148
f 9145 9148 9149
f 9145 9149 9150
f 9145 9150 9151
f 9150 9152 9151
f 9145 9151 9153
f 9145 9153 9154
f 9145 9154 9155
f 9156 9145 9155
f 9156 9155 9157
f 9156 9157 9158
f 9156 9158 9159
f 9156 9159 9160
f 9156 9160 9161
f 9156 9161 9162
f 9163 9162 9161
f 9156 9162 9164
f 9156 9164 9165
f 9166 9156 9165
f 9166 9165 9167
f 9166 9167 9168
f 9166 9168 9169
f 9166 9169 9170
f 9166 9170 9171
f 9172 9166 9171
f 9172 9171 9173
f 9172 9173 9174
f 9175 9172 9174
f 9175 9174 9176
f 9177 9175 9176
f 9177 9176 9178
f 9177 9178 9179
f 9180 9177 9179
f 9180 9179 9181
f 9180 9181 9182
f 9181 9183 9182
f 9180 9182 9184
f 9180 9184 9185
f 9186 9180 9185
f 9186 9185 9187
f 9186 9187 9188
f 9186 9188 9189
f 9186 9189 9190
f 9186 9190 9191
f 9192 9186 9191
f 9192 9191 9193
f 9194 9192 9193
f 9194 9193 9195
f 9196 9194 9195
f 9196 9195 9197
f 9198 9196 9197
f 9199 9198 9197
f 9199 9197 9200
f 9201 9199 9200
f 9201 9200 9202
f 9203 9201 9202
f 9204 9203 9202
f 9204 9202 9205
f 9206 9204 9205
f 9207 9206 9205
f 9208 9207 9205
f 9208 9205 9209
f 9208 9209 9210
f 9209 9211 9210
f 9212 9208 9210
f 9212 9210 9213
f 9212 9213 9214
f 9215 9212 9214
f 9215 9214 9216
f 9215 9216 9217
f 9218 9215 9217
f 9218 9217 9219
f 9218 9219 9220
f 9218 9220 9221
f 9222 9218 9221
f 9222 9221 9223
f 9222 9223 9224
f 9222 9224 9225
f 9226 9225 9224
f 9222 9225 9227
f 9222 9227 9228
f 9229 9222 9228
f 9229 9228 9230
f 9229 9230 9231
f 9230 9232 9231
f 9229 9231 9233
f 9234 9229 9233
f 9235 9234 9233
f 9235 9236 9234
f 9235 9233 9237
f 9238 9235 9237
f 9238 9237 9239
f 9238 9239 9240
f 9238 9240 9241
f 9242 9238 9241
f 9242 9241 9243
f 9242 9243 9244
f 9242 9244 9245
f 9246 9242 9245
f 9246 9245 9247
f 9246 9247 9248
f 9249 9248 9247
f 9250 9246 9248
f 9250 9248 9251
f 9252 9250 9251
f 9252 9251 9253
f 9252 9253 9254
f 9255 9252 9254
f 9255 9254 9256
f 9255 9256 9257
f 9258 9255 9257
f 9258 9257 9259
f 9258 9259 9260
f 9258 9260 9261
f 9258 9261 9262
f 9258 9262 9263
f 9264 9258 9263
f 9264 9263 9265
f 9264 9265 9266
f 9264 9266 9267
f 9264 9267 9268
f 9269 9264 9268
f 9269 9268 9270
f 9269 9270 9271
f 9269 9271 9272
f 9269 9272 9273
f 9274 9269 9273
f 9274 9273 9275
f 9274 9275 9276
f 9274 9276 9277
f 9274 9277 9278
f 9274 9278 9279
f 9274 9279 9280
f 9274 9280 9281
f 9282 9274 9281
f 9282 9281 9283
f 9282 9283 9284
f 9284 9283 9285
f 9282 9284 9286
f 9282 9286 9287
f 9282 9287 9288
f 9289 9282 9288
f 9289 9288 9290
f 9289 9290 9291
f 9289 9291 9292
f 9289 9292 9293
f 9289 9293 9294
f 9295 9289 9294
f 9295 9294 9296
f 9294 9297 9296
f 9298 9295 9296
f 9298 9296 9299
f 9298 9299 9300
f 9300 9299 9301
f 9298 9300 9302
f 9298 9302 9303
f 9298 9303 9304
f 9298 9304 9305
f 9298 9305 9306
f 9305 9307 9306
f 9298 9306 9308
f 9309 9298 9308
f 9309 9308 9310
f 9309 9310 9311
f 9309 9311 9312
f 9309 9312 9313
f 9309 9313 9314
f 9309 9314 9315
f 9309 9315 9316
f 9309 9316 9317
f 9318 9317 9316
f 9319 9309 9317
f 9319 9317 9320
f 9321 9319 9320
f 9321 9320 9322
f 9321 9322 9323
f 9324 9321 9323
f 9324 9323 9325
f 9326 9324 9325
f 9326 9325 9327
f 9326 9327 9328
f 9329 9326 9328
f 9329 9328 9330
f 9329 9330 9331
f 9330 9332 9331
f 9329 9331 9333
f 9329 9333 9334
f 9329 9334 9335
f 9329 9335 9336
f 9337 9329 9336
f 9337 9336 9338
f 9337 9338 9339
f 9337 9339 9340
f 9337 9340 9341
f 9337 9341 9342
f 9343 9342 9341
f 9337 9342 9344
f 9337 9344 9345
f 9337 9345 9346
f 9337 9346 9347
f 9337 9347 9348
f 9349 9337 9348
f 9349 9348 9350
f 9349 9350 9351
f 9349 9351 9352
f 9349 9352 9353
f 9349 9353 9354
f 9349 9354 9355
f 9355 9354 9356
f 9349 9355 9357
f 9355 9358 9357
f 9349 9357 9359
f 9349 9359 9360
f 9349 9360 9361
f 9362 9349 9361
f 9362 9361 9363
f 9362 9363 9364
f 9362 9364 9365
f 9362 9365 9366
f 9362 9366 9367
f 9362 9367 9368
f 9369 9362 9368
f 9369 9368 9370
f 9371 9369 9370
f 9371 9370 9372
f 9373 9371 9372
f 9373 9372 9374
f 9375 9373 9374
f 9375 9374 9376
f 9374 9377 9376
f 9375 9376 9378
f 9375 9378 9379
f 9375 9379 9380
f 9375 9380 9381
f 9375 9381 9382
f 9375 9382 9383
f 9375 9383 9384
f 9375 9384 9385
f 9385 9384 9386
f 9387 9375 9385
f 9387 9385 9388
f 9389 9387 9388
f 9390 9389 9388
f 9390 9388 9391
f 9392 9390 9391
f 9392 9391 9393
f 9394 9392 9393
f 9394 9393 9395
f 9394 9395 9396
f 9394 9396 9397
f 9394 9397 9398
f 9394 9398 9399
f 9394 9399 9400
f 9394 9400 9401
f 9400 9402 9401
f 9403 9394 9401
f 9403 9401 9404
f 9403 9404 9405
f 9406 9403 9405
f 9406 9405 9407
f 9406 9407 9408
f 9406 9408 9409
f 9410 9406 9409
f 9410 9409 9411
f 9410 9411 9412
f 9410 9412 9413
f 9410 9413 9414
f 9413 9415 9414
f 9410 9414 9416
f 9410 9416 9417
f 9410 9417 9418
f 9419 9410 9418
f 9419 9418 9420
f 9419 9420 9421
f 9419 9421 9422
f 9419 9422 9423
f 9419 9423 9424
f 9069 9419 9424
f 9069 9424 9071
f 9425 9071 9424
f 9425 9424 9426
f 9425 9426 9427
f 9425 9427 9428
f 9425 9428 9429
f 9425 9429 9430
f 9415 9425 9430
f 9415 9430 9431
f 9415 9431 9432
f 9415 9432 9414
f 9402 9433 9401
f 9402 9434 9433
f 9434 9435 9433
f 9435 9436 9433
f 9436 9437 9433
f 9437 9438 9433
f 9438 9439 9433
f 9438 9440 9439
f 9440 9441 9439
f 9442 9441 9440
f 9442 9443 9441
f 9442 9444 9443
f 9444 9445 9443
f 9444 9446 9445
f 9446 9447 9445
f 9446 9448 9447
f 9446 9449 9448
f 9449 9450 9448
f 9449 9451 9450
f 9451 9452 9450
f 9451 9453 9452
f 9451 9454 9453
f 9454 9455 9453
f 9454 9456 9455
f 9454 9457 9456
f 9454 9458 9457
f 9458 9459 9457
f 9458 9460 9459
f 9458 9461 9460
f 9458 9462 9461
f 9463 9462 9458
f 9463 9464 9462
f 9465 9463 9458
f 9465 9458 9466
f 9467 9465 9466
f 9467 9466 9468
f 9469 9467 9468
f 9469 9468 9470
f 9471 9469 9470
f 9471 9470 9472
f 9473 9471 9472
f 9474 9473 9472
f 9474 9472 9475
f 9476 9474 9475
f 9476 9475 9477
f 9478 9476 9477
f 9478 9477 9479
f 9480 9478 9479
f 9480 9479 9481
f 9482 9480 9481
f 9482 9481 9483
f 9484 9482 9483
f 9484 9483 9485
f 9484 9485 9486
f 9485 9487 9486
f 9484 9486 9488
f 9484 9488 9489
f 9490 9484 9489
f 9490 9489 9491
f 9492 9490 9491
f 9492 9491 9493
f 9492 9493 9494
f 9495 9492 9494
f 9495 9494 9496
f 9495 9496 9497
f 9498 9495 9497
f 9498 9497 9499
f 9499 9497 9500
f 9498 9499 9501
f 9502 9498 9501
f 9502 9501 9503
f 9502 9503 9504
f 9358 9502 9504
f 9358 9504 9505
f 9358 9505 9506
f 9358 9506 9507
f 9358 9507 9508
f 9358 9508 9357
f 9509 9499 9500
f 9509 9500 9510
f 9511 9509 9510
f 9511 9510 9512
f 9513 9511 9512
f 9513 9512 9514
f 9515 9513 9514
f 9515 9514 9516
f 9515 9516 9517
f 9487 9515 9517
f 9487 9517 9486
f 9463 9518 9464
f 9518 9519 9464
f 9518 9520 9519
f 9518 9521 9520
f 9518 9522 9521
f 9518 9523 9522
f 9523 9524 9522
f 9523 9525 9524
f 9523 9526 9525
f 9526 9527 9525
f 9526 9528 9527
f 9526 9529 9528
f 9529 9530 9528
f 9529 9531 9530
f 9531 9532 9530
f 9531 9533 9532
f 9533 9534 9532
f 9533 9535 9534
f 9535 9105 9534
f 9535 9536 9105
f 9536 9537 9105
f 9537 9104 9105
f 9385 9386 9538
f 9385 9538 9539
f 9385 9539 9540
f 9385 9540 9541
f 9385 9541 9542
f 9377 9385 9542
f 9377 9542 9543
f 9377 9543 9544
f 9377 9544 9376
f 9356 9545 9355
f 9546 9545 9356
f 9546 9356 9547
f 9546 9547 9548
f 9546 9548 9549
f 9546 9549 9550
f 9551 9546 9550
f 9551 9550 9552
f 9551 9552 9553
f 9551 9553 9554
f 9554 9553 9555
f 9551 9554 9556
f 9551 9556 9557
f 9558 9551 9557
f 9558 9557 9559
f 9558 9559 9560
f 9558 9560 9561
f 9558 9561 9562
f 9562 9561 9563
f 9564 9562 9563
f 9565 9564 9563
f 9565 9563 9566
f 9152 9565 9566
f 9152 9566 9151
f 9566 9567 9151
f 9567 9568 9151
f 9567 9569 9568
f 9569 9570 9568
f 9569 9571 9570
f 9569 9572 9571
f 9569 9573 9572
f 9569 9163 9573
f 9163 9574 9573
f 9163 9575 9574
f 9163 9161 9575
f 9576 9554 9555
f 9576 9555 9577
f 9578 9576 9577
f 9579 9578 9577
f 9580 9579 9577
f 9580 9577 9581
f 9582 9580 9581
f 9582 9581 9583
f 9584 9582 9583
f 9584 9583 9585
f 9586 9584 9585
f 9586 9585 9587
f 9588 9586 9587
f 9588 9587 9589
f 9590 9588 9589
f 9590 9589 9591
f 9592 9590 9591
f 9592 9591 9593
f 9594 9592 9593
f 9594 9593 9595
f 9594 9595 9596
f 9597 9594 9596
f 9597 9596 9598
f 9599 9597 9598
f 9599 9598 9600
f 9601 9599 9600
f 9601 9600 9602
f 9603 9601 9602
f 9603 9602 9604
f 9605 9603 9604
f 9605 9604 9606
f 9607 9605 9606
f 9607 9606 9608
f 9609 9607 9608
f 9609 9608 9610
f 9611 9609 9610
f 9611 9610 9612
f 9611 9612 9613
f 9613 9612 9614
f 9615 9613 9614
f 9615 9614 9616
f 9617 9615 9616
f 9617 9616 9618
f 9617 9618 9619
f 9620 9617 9619
f 9620 9619 9621
f 9620 9621 9622
f 9623 9620 9622
f 9623 9622 9624
f 9625 9623 9624
f 9625 9624 9626
f 9625 9626 9307
f 9305 9625 9307
f 9343 9341 9627
f 9343 9627 9628
f 9343 9628 9629
f 9630 9343 9629
f 9630 9629 9631
f 9630 9631 9632
f 9630 9632 9633
f 9630 9633 9634
f 9332 9630 9634
f 9332 9634 9331
f 9318 9316 9635
f 9318 9635 9636
f 9318 9636 9637
f 9318 9637 9638
f 9639 9318 9638
f 9639 9638 9640
f 9641 9639 9640
f 9641 9640 9642
f 9307 9641 9642
f 9307 9642 9643
f 9307 9643 9306
f 9644 9300 9301
f 9645 9644 9301
f 9645 9301 9646
f 9647 9646 9301
f 9645 9646 9648
f 9645 9648 9649
f 9645 9649 9650
f 9651 9645 9650
f 9651 9650 9652
f 9651 9652 9653
f 9651 9653 9654
f 9651 9654 9655
f 9651 9655 9656
f 9657 9651 9656
f 9657 9656 9658
f 9656 9659 9658
f 9660 9657 9658
f 9660 9658 9661
f 9660 9661 9662
f 9660 9662 9663
f 9660 9663 9664
f 9181 9660 9664
f 9181 9664 9183
f 9659 9665 9658
f 9665 9666 9658
f 9666 9667 9658
f 9667 9668 9658
f 9668 9669 9658
f 9669 9647 9658
f 9647 9301 9658
f 9297 9670 9296
f 9670 9285 9296
f 9670 9671 9285
f 9671 9672 9285
f 9672 9673 9285
f 9673 9674 9285
f 9674 9675 9285
f 9675 9284 9285
f 9249 9247 9676
f 9249 9676 9677
f 9678 9249 9677
f 9678 9677 9679
f 9680 9678 9679
f 9680 9679 9681
f 9682 9680 9681
f 9682 9681 9683
f 9684 9682 9683
f 9685 9684 9683
f 9686 9685 9683
f 9686 9683 9232
f 9686 9232 9687
f 9688 9687 9232
f 9230 9688 9232
f 9235 9689 9236
f 9235 9690 9689
f 9689 9691 9236
f 9691 9692 9236
f 9692 9693 9236
f 9693 9694 9236
f 9693 9695 9694
f 9695 9696 9694
f 9696 9697 9694
f 9697 9698 9694
f 9697 9699 9698
f 9699 9700 9698
f 9700 9701 9698
f 9700 9702 9701
f 9702 9703 9701
f 9702 9704 9703
f 9235 9705 9690
f 9705 9706 9690
f 9705 9707 9706
f 9705 9708 9707
f 9705 9709 9708
f 9705 9710 9709
f 9705 9711 9710
f 9705 9712 9711
f 9712 9713 9711
f 9712 9714 9713
f 9712 9715 9714
f 9715 9716 9714
f 9715 9717 9716
f 9717 9718 9716
f 9226 9224 9719
f 9720 9226 9719
f 9720 9719 9721
f 9722 9720 9721
f 9722 9721 9723
f 9724 9722 9723
f 9724 9723 9725
f 9726 9724 9725
f 9726 9725 9727
f 9209 9726 9727
f 9209 9727 9728
f 9209 9728 9729
f 9209 9729 9211
f 9131 9132 9730
f 9118 9131 9730
f 9118 9730 9731
f 9118 9731 9732
f 9118 9732 9733
f 9118 9733 9734
f 9118 9734 9120
f 9086 9087 9735
f 9076 9086 9735
f 9076 9735 9736
f 9076 9736 9737
f 9076 9737 9738
f 9076 9738 9739
f 9076 9739 9740
f 9076 9740 9075
f 8889 8890 9741
f 8889 9741 9742
f 9743 8889 9742
f 9743 9742 9744
f 9745 9743 9744
f 9745 9744 9746
f 9747 9745 9746
f 9747 9746 9748
f 8876 9747 9748
f 8876 9748 9749
f 8876 9749 8875
f 7439 7440 9750
f 7439 9750 9751
f 7439 9751 9752
f 7439 9752 9753
f 7439 9753 9754
f 7439 9754 7427
f 7424 7439 7427
f 7387 9755 7386
f 9755 9756 7386
f 9756 7376 7386
f 9756 9757 7376
f 9758 7376 9757
f 9758 9759 7376
f 9759 9760 7376
f 9760 7375 7376
f 7360 9761 7354
f 9761 9762 7354
f 9762 9763 7354
f 9762 9764 9763
f 9764 9765 9763
f 9765 9766 9763
f 9765 9767 9766
f 9767 9768 9766
f 9768 9769 9766
f 9768 9770 9769
f 9770 9771 9769
f 9770 9772 9771
f 9772 9773 9771
f 9772 9774 9773
f 9774 9775 9773
