3690 3694 0
v 0.001870785 -0.01555521 -0.0103125
v 0.001848075 -0.00030306 -0.0103125
v 0.001875 0 -0.0103125
v 0.001642845 -0.015515265 -0.0103125
v 0.00210462 -0.015633915 -0.0103125
v 0.001897605 0.01556397 -0.0103125
v 0.001848075 0.00030306 -0.0103125
v 0.002143095 0.01565436 -0.0103125
v 0.002264175 0.015714525 -0.0103125
v 0.002329995 -0.01575021 -0.0103125
v 0.002376825 0.01578477 -0.0103125
v 0.00248163 0.01586697 -0.0103125
v 0.002535285 -0.01591056 -0.0103125
v 0.002580795 0.01596045 -0.0103125
v 0.00267144 0.01606152 -0.0103125
v 0.00271206 -0.01610418 -0.0103125
v 0.00275061 0.01616643 -0.0103125
v 0.00284682 -0.01632687 -0.0103125
v 0.002873445 0.016393365 -0.0103125
v 0.002943105 -0.016565325 -0.0103125
v 0.002956635 0.0166296 -0.0103125
v 0.00299544 -0.01680651 -0.0103125
v 0.00299892 0.01686054 -0.0103125
v 0.003013425 0.017085585 -0.0103125
v 0.0030144 0.01729854 -0.0103125
v 0.00301728 -0.017045415 -0.0103125
v 0.003052305 0.018906315 -0.0103125
v 0.002997105 0.01750146 -0.0103125
v 0.00302172 -0.017271495 -0.0103125
v 0.00304917 -0.018799665 -0.0103125
v 0.00312048 -0.019168305 -0.0103125
v 0.003004875 -0.0183921 -0.0103125
v 0.00300438 -0.017488275 -0.0103125
v 0.002989755 -0.017954205 -0.0103125
v 0.003144945 0.01929804 -0.0103125
v 0.00322686 -0.019530075 -0.0103125
v 0.003285285 0.01969923 -0.0103125
v 0.00337047 -0.019905765 -0.0103125
v 0.003372 0.01990575 -0.0103125
v 0.00347022 0.02011437 -0.0103125
v 0.003551595 -0.02028732 -0.0103125
v 0.00358272 0.020328045 -0.0103125
v 0.00371232 0.02054976 -0.0103125
v 0.003790635 -0.02069628 -0.0103125
v 0.003860145 0.020781795 -0.0103125
v 0.00392967 -0.020912715 -0.0103125
v 0.004022325 0.02102268 -0.0103125
v 0.004081725 -0.021135675 -0.0103125
v 0.00420102 0.021271005 -0.0103125
v 0.004250745 -0.02136531 -0.0103125
v 0.004399155 0.02152554 -0.0103125
v 0.00444063 -0.02160177 -0.0103125
v 0.004619595 0.02178507 -0.0103125
v 0.00465516 -0.021845205 -0.0103125
v 0.004863525 0.02204913 -0.0103125
v 0.00489264 -0.022095525 -0.0103125
v 0.005128695 0.022318635 -0.0103125
v 0.005151255 -0.022352685 -0.0103125
v 0.00541503 0.022593645 -0.0103125
v 0.00543099 -0.022616685 -0.0103125
v 0.005722515 0.02287413 -0.0103125
v 0.00573186 -0.02288751 -0.0103125
v 0.00605118 0.023160105 -0.0103125
v 0.006053835 -0.02316516 -0.0103125
v 0.006191565 0.02327502 -0.0103125
v 0.00620421 -0.023284965 -0.0103125
v 0.00635148 0.02336223 -0.0103125
v 0.006371505 -0.023373075 -0.0103125
v 0.006532455 0.023425245 -0.0103125
v 0.00655893 -0.02343141 -0.0103125
v 0.00672984 0.02345352 -0.0103125
v 0.006756855 -0.023454285 -0.0103125
v 0.006832725 0.023450235 -0.0103125
v 0.00693894 0.02343651 -0.0103125
v 0.00695568 -0.023436045 -0.0103125
v 0.007048455 0.02341233 -0.0103125
v 0.007056615 -0.02341221 -0.0103125
v 0.0071613 0.023377725 -0.0103125
v 0.007158585 -0.023378565 -0.0103125
v 0.0072717 0.01462404 -0.0103125
v 0.00755682 0.023252895 -0.0103125
v 0.007276875 -0.014690415 -0.0103125
v 0.00730083 0.01436235 -0.0103125
v 0.007310055 -0.01494555 -0.0103125
v 0.00738069 -0.015186435 -0.0103125
v 0.00748233 -0.015399585 -0.0103125
v 0.007554105 -0.023253765 -0.0103125
v 0.007603365 -0.01559181 -0.0103125
v 0.00772833 -0.015765795 -0.0103125
v 0.0078624 -0.01592064 -0.0103125
v 0.007947465 -0.02312229 -0.0103125
v 0.008173905 -0.01631622 -0.0103125
v 0.008057055 -0.023085885 -0.0103125
v 0.00815853 -0.02304219 -0.0103125
v 0.008251905 -0.022991205 -0.0103125
v 0.00843507 -0.016707735 -0.0103125
v 0.00833718 -0.022932915 -0.0103125
v 0.00841458 -0.02286522 -0.0103125
v 0.00848403 -0.02278884 -0.0103125
v 0.008643495 -0.01708962 -0.0103125
v 0.008597235 -0.022626795 -0.0103125
v 0.008674905 -0.022463625 -0.0103125
v 0.00879879 -0.01746099 -0.0103125
v 0.00871767 -0.02229372 -0.0103125
v 0.008815455 -0.021869175 -0.0103125
v 0.00892107 -0.01786806 -0.0103125
v 0.00889935 -0.021461505 -0.0103125
v 0.00896937 -0.021070725 -0.0103125
v 0.008972295 -0.0180861 -0.0103125
v 0.009015465 -0.0183126 -0.0103125
v 0.009025485 -0.020696835 -0.0103125
v 0.00905004 -0.01855161 -0.0103125
v 0.00906762 -0.02033982 -0.0103125
v 0.00907551 -0.01880715 -0.0103125
v 0.009092325 -0.01908177 -0.0103125
v 0.009093405 -0.02000028 -0.0103125
v 0.00910269 -0.019371975 -0.0103125
v 0.009104085 -0.0196779 -0.0103125
v 0.00729327 -0.014427975 -0.0103125
v 0.00735381 -0.014171055 -0.0103125
v 0.00737304 0.014110965 -0.0103125
v 0.007461675 -0.0139335 -0.0103125
v 0.007488105 0.01388316 -0.0103125
v 0.007603275 -0.01371921 -0.0103125
v 0.007632015 0.0136812 -0.0103125
v 0.00776988 -0.01353945 -0.0103125
v 0.00779301 0.013515345 -0.0103125
v 0.007950225 -0.01338615 -0.0103125
v 0.00796422 0.013374975 -0.0103125
v 0.008128425 -0.013254465 -0.0103125
v 0.00813345 0.01325202 -0.0103125
v 0.00830478 0.013149135 -0.0103125
v 0.00830976 -0.013146 -0.0103125
v 0.00886515 0.01277805 -0.0103125
v 0.008869995 -0.012774675 -0.0103125
v 0.009408465 0.01238346 -0.0103125
v 0.00941316 -0.01237989 -0.0103125
v 0.00993474 0.01196538 -0.0103125
v 0.009939255 -0.01196163 -0.0103125
v 0.010094385 0.011826105 -0.0103125
v 0.010091355 -0.011829315 -0.0103125
v 0.01026198 -0.011705595 -0.0103125
v 0.01027488 0.01169721 -0.0103125
v 0.010450245 -0.011585715 -0.0103125
v 0.01047594 0.01157322 -0.0103125
v 0.010658835 -0.01148391 -0.0103125
v 0.010698405 0.011470545 -0.0103125
v 0.01089393 -0.01141047 -0.0103125
v 0.010948215 0.01140198 -0.0103125
v 0.011144145 -0.011372565 -0.0103125
v 0.011209815 0.011372895 -0.0103125
v 0.011404635 -0.011381925 -0.0103125
v 0.011473425 0.011395725 -0.0103125
v 0.011661855 -0.01143507 -0.0103125
v 0.01172751 0.011462085 -0.0103125
v 0.011902425 -0.01153686 -0.0103125
v 0.01195773 0.011571885 -0.0103125
v 0.01212093 -0.01167402 -0.0103125
v 0.01216275 0.011712615 -0.0103125
v 0.01230486 -0.011838975 -0.0103125
v 0.01233348 0.01187475 -0.0103125
v 0.012462345 -0.01201944 -0.0103125
v 0.01247892 0.012049095 -0.0103125
v 0.01259787 -0.01219872 -0.0103125
v 0.012605775 0.012221745 -0.0103125
v 0.01270995 -0.01238238 -0.0103125
v 0.01271181 0.012397335 -0.0103125
v 0.01297197 -0.012767925 -0.0103125
v 0.01299177 0.012815835 -0.0103125
v 0.01324161 -0.0131133 -0.0103125
v 0.01328343 0.01318521 -0.0103125
v 0.013516995 -0.01341699 -0.0103125
v 0.013582215 0.01350144 -0.0103125
v 0.013791375 -0.01367331 -0.0103125
v 0.01388742 0.013763895 -0.0103125
v 0.014090085 -0.013903455 -0.0103125
v 0.01423677 0.014005965 -0.0103125
v 0.01421583 0.00658536 -0.0103125
v 0.014218305 0.006832275 -0.0103125
v 0.014215215 -0.00662787 -0.0103125
v 0.01424421 -0.006386085 -0.0103125
v 0.014226225 -0.006883875 -0.0103125
v 0.01427802 -0.00713925 -0.0103125
v 0.014379495 -0.00738273 -0.0103125
v 0.01442709 -0.014122995 -0.0103125
v 0.014519745 -0.007604805 -0.0103125
v 0.01469517 -0.00779148 -0.0103125
v 0.01479789 -0.01432521 -0.0103125
v 0.01489287 -0.00794484 -0.0103125
v 0.015100875 -0.00805845 -0.0103125
v 0.01523166 -0.014515575 -0.0103125
v 0.015312945 -0.00814389 -0.0103125
v 0.015471345 -0.014608935 -0.0103125
v 0.01551762 -0.00821181 -0.0103125
v 0.015718725 -0.00825867 -0.0103125
v 0.01572543 -0.01469994 -0.0103125
v 0.01620327 -0.008395605 -0.0103125
v 0.01599714 -0.01478637 -0.0103125
v 0.01628976 -0.014866065 -0.0103125
v 0.016644675 -0.008558835 -0.0103125
v 0.01660638 -0.01493691 -0.0103125
v 0.01694565 -0.014999835 -0.0103125
v 0.017037765 -0.008745285 -0.0103125
v 0.017306025 -0.015055875 -0.0103125
v 0.017381685 -0.008954445 -0.0103125
v 0.01768752 -0.01510503 -0.0103125
v 0.017719875 -0.00921189 -0.0103125
v 0.01788948 -0.009358185 -0.0103125
v 0.01805754 -0.00951606 -0.0103125
v 0.018090105 -0.015147285 -0.0103125
v 0.01822599 -0.009689085 -0.0103125
v 0.01839681 -0.009880845 -0.0103125
v 0.01851381 -0.015182655 -0.0103125
v 0.018571815 -0.01009314 -0.0103125
v 0.01862886 -0.01518936 -0.0103125
v 0.018750795 -0.010321815 -0.0103125
v 0.018739005 -0.01518648 -0.0103125
v 0.018844245 -0.015174045 -0.0103125
v 0.01893174 -0.010568505 -0.0103125
v 0.01894458 -0.01515204 -0.0103125
v 0.019112595 -0.010835595 -0.0103125
v 0.019132875 -0.01507467 -0.0103125
v 0.019291305 -0.011125455 -0.0103125
v 0.01929684 -0.01496832 -0.0103125
v 0.01946706 -0.011439045 -0.0103125
v 0.019429425 -0.01484697 -0.0103125
v 0.019532985 -0.01470594 -0.0103125
v 0.019641435 -0.01177452 -0.0103125
v 0.01977963 -0.014372505 -0.0103125
v 0.01981449 -0.01213182 -0.0103125
v 0.019986225 -0.01251093 -0.0103125
v 0.020020575 -0.014034915 -0.0103125
v 0.020156655 -0.01291188 -0.0103125
v 0.020130045 -0.013877505 -0.0103125
v 0.020197965 -0.01301307 -0.0103125
v 0.02020674 -0.01370472 -0.0103125
v 0.020229255 -0.01311366 -0.0103125
v 0.020252475 -0.01351332 -0.0103125
v 0.020261805 -0.013313055 -0.0103125
v 0.0142482 0.006356655 -0.0103125
v 0.0142998 -0.006157425 -0.0103125
v 0.01430397 0.00614199 -0.0103125
v 0.01436661 -0.00594621 -0.0103125
v 0.014368845 0.005941995 -0.0103125
v 0.01444758 0.005756445 -0.0103125
v 0.014449755 -0.005750985 -0.0103125
v 0.014682795 0.00512685 -0.0103125
v 0.014684745 -0.005121285 -0.0103125
v 0.014890425 0.00448827 -0.0103125
v 0.01489212 -0.00448263 -0.0103125
v 0.01507044 0.003840705 -0.0103125
v 0.015071895 -0.00383502 -0.0103125
v 0.015117135 0.003636195 -0.0103125
v 0.015117 -0.00363942 -0.0103125
v 0.015181965 -0.003439785 -0.0103125
v 0.015186945 0.003426855 -0.0103125
v 0.01526313 -0.003232935 -0.0103125
v 0.015276135 0.00320844 -0.0103125
v 0.015371505 -0.003028365 -0.0103125
v 0.015395955 0.00299367 -0.0103125
v 0.01551879 -0.002830005 -0.0103125
v 0.015560055 0.002788725 -0.0103125
v 0.015655545 0.00269325 -0.0103125
v 0.015699105 -0.002651325 -0.0103125
v 0.015757665 0.002608965 -0.0103125
v 0.015868335 0.002536005 -0.0103125
v 0.01591464 -0.00250572 -0.0103125
v 0.01598772 0.00247215 -0.0103125
v 0.0161529 -0.00239754 -0.0103125
v 0.016234575 0.00237714 -0.0103125
v 0.016405965 -0.00233799 -0.0103125
v 0.016484415 0.00233217 -0.0103125
v 0.01666236 -0.00231987 -0.0103125
v 0.016730685 0.00232698 -0.0103125
v 0.01678125 0 -0.0103125
v 0.01680588 -0.000148155 -0.0103125
v 0.016961355 0.002357985 -0.0103125
v 0.01680588 0.000148155 -0.0103125
v 0.016870395 0.000274455 -0.0103125
v 0.016975545 0.000379605 -0.0103125
v 0.017179005 0.00241332 -0.0103125
v 0.01710486 0.00044493 -0.0103125
v 0.01725 0.00046875 -0.0103125
v 0.017382045 0.0024783 -0.0103125
v 0.01739514 0.00044493 -0.0103125
v 0.01757103 0.00255783 -0.0103125
v 0.017524455 0.000379605 -0.0103125
v 0.017629605 0.000274455 -0.0103125
v 0.01804353 0.00273186 -0.0103125
v 0.01769412 0.000148155 -0.0103125
v 0.01771875 0 -0.0103125
v 0.01799934 -0.002704725 -0.0103125
v 0.018420495 -0.002825655 -0.0103125
v 0.01756074 -0.002546835 -0.0103125
v 0.01769412 -0.000148155 -0.0103125
v 0.017629605 -0.000274455 -0.0103125
v 0.017524455 -0.000379605 -0.0103125
v 0.01735962 -0.00246321 -0.0103125
v 0.01739514 -0.00044493 -0.0103125
v 0.01725 -0.00046875 -0.0103125
v 0.01714284 -0.00239751 -0.0103125
v 0.01710486 -0.00044493 -0.0103125
v 0.01690833 -0.002344515 -0.0103125
v 0.016975545 -0.000379605 -0.0103125
v 0.016870395 -0.000274455 -0.0103125
v 0.01849659 0.002859255 -0.0103125
v 0.01882179 -0.002909475 -0.0103125
v 0.01892418 0.00293946 -0.0103125
v 0.019194435 -0.002955585 -0.0103125
v 0.01932537 0.0029724 -0.0103125
v 0.019571355 -0.00296619 -0.0103125
v 0.01975029 0.002962905 -0.0103125
v 0.019973055 -0.0029457 -0.0103125
v 0.019973505 0.002944245 -0.0103125
v 0.020202255 0.00291531 -0.0103125
v 0.020391885 -0.002891355 -0.0103125
v 0.020440245 0.00287433 -0.0103125
v 0.02069115 0.002819595 -0.0103125
v 0.02085471 -0.00279039 -0.0103125
v 0.02095752 0.002750715 -0.0103125
v 0.0211035 -0.00272505 -0.0103125
v 0.02123673 0.002670915 -0.0103125
v 0.02136255 -0.00264933 -0.0103125
v 0.021528105 0.00257769 -0.0103125
v 0.02163318 -0.00255954 -0.0103125
v 0.02183142 0.00246792 -0.0103125
v 0.02191674 -0.00245202 -0.0103125
v 0.022146375 0.00233847 -0.0103125
v 0.02221455 -0.002323215 -0.0103125
v 0.02247288 0.00218808 -0.0103125
v 0.02252601 -0.002174715 -0.0103125
v 0.022811145 0.002019165 -0.0103125
v 0.02285049 -0.00200823 -0.0103125
v 0.02316117 0.001831815 -0.0103125
v 0.023188005 -0.00182376 -0.0103125
v 0.02352294 0.001626045 -0.0103125
v 0.023538555 -0.001621305 -0.0103125
v 0.023896485 0.001401855 -0.0103125
v 0.023902125 -0.00140088 -0.0103125
v 0.02405682 0.0012978 -0.0103125
v 0.024000735 -0.00133686 -0.0103125
v 0.02408931 -0.001268415 -0.0103125
v 0.024193155 0.001166295 -0.0103125
v 0.024167865 -0.00119556 -0.0103125
v 0.024236385 -0.00111828 -0.0103125
v 0.024308745 0.001004385 -0.0103125
v 0.02434191 -0.00094578 -0.0103125
v 0.02439384 0.000820965 -0.0103125
v 0.02441019 -0.000764985 -0.0103125
v 0.024438675 0.00062493 -0.0103125
v 0.024445515 -0.00059001 -0.0103125
v 0.024446505 0.00041331 -0.0103125
v 0.02444721 0.00052107 -0.0103125
v 0.02444646 -0.00041616 -0.0103125
v 0.02445 -1.425e-06 -0.0103125
v 0.014259375 0.007083195 -0.0103125
v 0.01442832 0.01412208 -0.0103125
v 0.014349075 0.00732921 -0.0103125
v 0.014479935 0.00755859 -0.0103125
v 0.014630385 0.014233125 -0.0103125
v 0.0146532 0.00775722 -0.0103125
v 0.014847015 0.014339865 -0.0103125
v 0.01485264 0.0079233 -0.0103125
v 0.01508217 0.01444305 -0.0103125
v 0.01506462 0.00804591 -0.0103125
v 0.01528266 0.008138325 -0.0103125
v 0.01533816 0.014543895 -0.0103125
v 0.015494385 0.008211405 -0.0103125
v 0.01561095 0.01464345 -0.0103125
v 0.015703935 0.008261505 -0.0103125
v 0.015901485 0.0147393 -0.0103125
v 0.016151565 0.008391585 -0.0103125
v 0.016211385 0.014828775 -0.0103125
v 0.01654227 0.014909175 -0.0103125
v 0.016563375 0.008541285 -0.0103125
v 0.01689483 0.01497942 -0.0103125
v 0.016937295 0.008709345 -0.0103125
v 0.017267775 0.01504158 -0.0103125
v 0.01726587 0.008891085 -0.0103125
v 0.017577045 0.009104055 -0.0103125
v 0.01766106 0.01509576 -0.0103125
v 0.017889975 0.00935673 -0.0103125
v 0.0180747 0.015141945 -0.0103125
v 0.018196875 0.00964689 -0.0103125
v 0.01850868 0.015180135 -0.0103125
v 0.018511965 0.010000605 -0.0103125
v 0.01862238 0.015187725 -0.0103125
v 0.018674835 0.010199715 -0.0103125
v 0.018731595 0.0151857 -0.0103125
v 0.018836295 0.01517406 -0.0103125
v 0.018839895 0.01041324 -0.0103125
v 0.01893648 0.01515279 -0.0103125
v 0.019006065 0.010644945 -0.0103125
v 0.0191259 0.01507716 -0.0103125
v 0.01917228 0.01089861 -0.0103125
v 0.01929216 0.01497147 -0.0103125
v 0.019337505 0.01117785 -0.0103125
v 0.01942758 0.01484838 -0.0103125
v 0.01950219 0.011481075 -0.0103125
v 0.019534695 0.014703675 -0.0103125
v 0.019666845 0.011806485 -0.0103125
v 0.019781295 0.014370195 -0.0103125
v 0.01983147 0.01215411 -0.0103125
v 0.02002221 0.01403259 -0.0103125
v 0.019996065 0.01252395 -0.0103125
v 0.02013519 0.013882335 -0.0103125
v 0.020160645 0.012915975 -0.0103125
v 0.020212215 0.013717755 -0.0103125
v 0.02019855 0.013028745 -0.0103125
v 0.020227485 0.01313793 -0.0103125
v 0.02025327 0.01353882 -0.0103125
v 0.02024742 0.01324353 -0.0103125
v 0.020258355 0.013345545 -0.0103125
v 0.007294335 0.014885295 -0.0103125
v 0.00735741 0.01513614 -0.0103125
v 0.007457025 0.01536123 -0.0103125
v 0.007579575 0.015565845 -0.0103125
v 0.00795015 0.02312136 -0.0103125
v 0.00770829 0.01575021 -0.0103125
v 0.00784875 0.015914235 -0.0103125
v 0.0081156 0.023066865 -0.0103125
v 0.008134455 0.01628259 -0.0103125
v 0.00827175 0.022978425 -0.0103125
v 0.008379615 0.016645755 -0.0103125
v 0.00842391 0.02285517 -0.0103125
v 0.008556165 0.022699725 -0.0103125
v 0.00858333 0.01700151 -0.0103125
v 0.0086082 0.022611045 -0.0103125
v 0.008652585 0.02251476 -0.0103125
v 0.00868935 0.02241087 -0.0103125
v 0.00871848 0.022299375 -0.0103125
v 0.00874233 0.017341665 -0.0103125
v 0.00881577 0.02188548 -0.0103125
v 0.0088689 0.017696865 -0.0103125
v 0.008899995 0.02148954 -0.0103125
v 0.008971125 0.02111154 -0.0103125
v 0.00897354 0.01808523 -0.0103125
v 0.00902919 0.02075148 -0.0103125
v 0.009051285 0.018500355 -0.0103125
v 0.00907419 0.020409375 -0.0103125
v 0.00909828 0.01897173 -0.0103125
v 0.009104655 0.02008635 -0.0103125
v 0.009113025 0.01922853 -0.0103125
v 0.00911928 0.019783425 -0.0103125
v 0.00912105 0.019498305 -0.0103125
v 0.002996445 0.018474855 -0.0103125
v 0.002977605 0.018004605 -0.0103125
v 0.001780155 0.000586395 -0.0103125
v 0.00167112 0.000850125 -0.0103125
v 0.001660335 0.015518385 -0.0103125
v 0.00151641 0.001100025 -0.0103125
v 0.001429785 0.01550253 -0.0103125
v 0.00132324 0.00132702 -0.0103125
v 0.001211745 0.015501285 -0.0103125
v 0.00110361 0.001515525 -0.0103125
v 0.001004295 0.01551969 -0.0103125
v 0.000851085 0.00166878 -0.0103125
v 0.000576585 0.001783395 -0.0103125
v 0.00033279 0.01554858 -0.0103125
v 0.00029574 0.001851075 -0.0103125
v 0 0.001873245 -0.0103125
v -0.00029574 0.001851075 -0.0103125
v -0.000338685 0.01554846 -0.0103125
v -0.000576585 0.001783395 -0.0103125
v -0.000851085 0.00166878 -0.0103125
v -0.00101016 0.015519315 -0.0103125
v -0.00110361 0.001515525 -0.0103125
v -0.001210665 0.015501795 -0.0103125
v -0.00132324 0.00132702 -0.0103125
v -0.00142059 0.015501855 -0.0103125
v -0.00151641 0.001100025 -0.0103125
v -0.00164151 0.015514995 -0.0103125
v -0.00167112 0.000850125 -0.0103125
v -0.001780155 0.000586395 -0.0103125
v -0.001848075 0.00030306 -0.0103125
v -0.0018687 0.015554685 -0.0103125
v -0.001875 0 -0.0103125
v -0.00210321 0.01563351 -0.0103125
v -0.00188016 -0.01555935 -0.0103125
v -0.001848075 -0.00030306 -0.0103125
v -0.0021207 -0.0156438 -0.0103125
v -0.002329395 0.015749835 -0.0103125
v -0.002351145 -0.015767445 -0.0103125
v -0.002456355 -0.015846405 -0.0103125
v -0.00253446 0.015909555 -0.0103125
v -0.00255699 -0.015936555 -0.0103125
v -0.00264975 -0.016034775 -0.0103125
v -0.002710935 0.016102665 -0.0103125
v -0.00273129 -0.016137945 -0.0103125
v -0.002846145 0.016325835 -0.0103125
v -0.002860305 -0.01636473 -0.0103125
v -0.00294297 0.016564845 -0.0103125
v -0.00294975 -0.016604145 -0.0103125
v -0.00299541 0.016805715 -0.0103125
v -0.002996175 -0.016842465 -0.0103125
v -0.003013275 -0.01707573 -0.0103125
v -0.00301515 -0.017294325 -0.0103125
v -0.00301725 0.017044305 -0.0103125
v -0.003052305 -0.018906315 -0.0103125
v -0.002997105 -0.01750146 -0.0103125
v -0.003021705 0.01727073 -0.0103125
v -0.00304917 0.018799665 -0.0103125
v -0.003004875 0.0183921 -0.0103125
v -0.00312048 0.019168305 -0.0103125
v -0.003144945 -0.01929804 -0.0103125
v -0.00322686 0.019530075 -0.0103125
v -0.003285285 -0.01969923 -0.0103125
v -0.00337047 0.019905765 -0.0103125
v -0.003372 -0.01990575 -0.0103125
v -0.00347022 -0.02011437 -0.0103125
v -0.003551595 0.02028732 -0.0103125
v -0.00358272 -0.020328045 -0.0103125
v -0.00371232 -0.02054976 -0.0103125
v -0.003790635 0.02069628 -0.0103125
v -0.003860145 -0.020781795 -0.0103125
v -0.00392967 0.020912715 -0.0103125
v -0.004022325 -0.02102268 -0.0103125
v -0.004081725 0.021135675 -0.0103125
v -0.00420102 -0.021271005 -0.0103125
v -0.004250745 0.02136531 -0.0103125
v -0.004399155 -0.02152554 -0.0103125
v -0.00444063 0.02160177 -0.0103125
v -0.004619595 -0.02178507 -0.0103125
v -0.00465516 0.021845205 -0.0103125
v -0.004863525 -0.02204913 -0.0103125
v -0.00489264 0.022095525 -0.0103125
v -0.005128695 -0.022318635 -0.0103125
v -0.005151255 0.022352685 -0.0103125
v -0.00541503 -0.022593645 -0.0103125
v -0.00543099 0.022616685 -0.0103125
v -0.005722515 -0.02287413 -0.0103125
v -0.00573186 0.02288751 -0.0103125
v -0.00605118 -0.023160105 -0.0103125
v -0.006053835 0.02316516 -0.0103125
v -0.006186075 -0.02327235 -0.0103125
v -0.00620199 0.02328483 -0.0103125
v -0.006344145 -0.023358675 -0.0103125
v -0.006371025 0.023372865 -0.0103125
v -0.006528285 -0.023423235 -0.0103125
v -0.00656706 0.023431125 -0.0103125
v -0.00672975 -0.02345352 -0.0103125
v -0.006670635 0.023447685 -0.0103125
v -0.006771795 0.023454 -0.0103125
v -0.00683334 -0.023450565 -0.0103125
v -0.00693978 -0.023436945 -0.0103125
v -0.006966945 0.02343585 -0.0103125
v -0.007049115 -0.023412675 -0.0103125
v -0.007158585 0.023378565 -0.0103125
v -0.0071613 -0.023377725 -0.0103125
v -0.007271715 -0.014620365 -0.0103125
v -0.00755682 -0.023252895 -0.0103125
v -0.007276695 0.014686005 -0.0103125
v -0.00731007 0.01494381 -0.0103125
v -0.00730128 -0.014359395 -0.0103125
v -0.00729378 0.014423385 -0.0103125
v -0.00735522 0.014167065 -0.0103125
v -0.00737346 -0.01410993 -0.0103125
v -0.00746379 0.013929825 -0.0103125
v -0.00748662 -0.013884975 -0.0103125
v -0.00760569 0.01371615 -0.0103125
v -0.0076284 -0.013685505 -0.0103125
v -0.007771515 0.01353771 -0.0103125
v -0.00778809 -0.013519965 -0.0103125
v -0.00795087 0.01338567 -0.0103125
v -0.00795912 -0.013378785 -0.0103125
v -0.008128605 0.01325448 -0.0103125
v -0.008130075 -0.01325433 -0.0103125
v -0.00830478 -0.013149135 -0.0103125
v -0.00830976 0.013146 -0.0103125
v -0.00886515 -0.01277805 -0.0103125
v -0.008869995 0.012774675 -0.0103125
v -0.009408465 -0.01238346 -0.0103125
v -0.00941316 0.01237989 -0.0103125
v -0.00993474 -0.01196538 -0.0103125
v -0.009939255 0.01196163 -0.0103125
v -0.01009467 -0.011825865 -0.0103125
v -0.01009122 0.011829555 -0.0103125
v -0.0102612 0.01170615 -0.0103125
v -0.01027545 -0.01169682 -0.0103125
v -0.01044792 0.011586825 -0.0103125
v -0.01047675 -0.01157274 -0.0103125
v -0.01065528 0.01148535 -0.0103125
v -0.01069962 -0.011470095 -0.0103125
v -0.01089099 0.01141131 -0.0103125
v -0.010950375 -0.01140165 -0.0103125
v -0.01114236 0.011372685 -0.0103125
v -0.0112128 -0.011372835 -0.0103125
v -0.011403495 0.011381655 -0.0103125
v -0.011476545 -0.011396235 -0.0103125
v -0.01166172 0.011435025 -0.0103125
v -0.011730435 -0.01146318 -0.0103125
v -0.01178451 0.01148061 -0.0103125
v -0.011960265 -0.01157337 -0.0103125
v -0.011904945 0.011538675 -0.0103125
v -0.01212552 0.011677485 -0.0103125
v -0.012164745 -0.011714235 -0.0103125
v -0.01230819 0.0118419 -0.0103125
v -0.01233483 -0.011876145 -0.0103125
v -0.012463665 0.01202115 -0.0103125
v -0.012479655 -0.01205007 -0.0103125
v -0.01259829 0.012199575 -0.0103125
v -0.012606075 -0.01222227 -0.0103125
v -0.01270995 0.01238238 -0.0103125
v -0.01271181 -0.012397335 -0.0103125
v -0.01297197 0.012767925 -0.0103125
v -0.01299177 -0.012815835 -0.0103125
v -0.01324161 0.0131133 -0.0103125
v -0.01328343 -0.01318521 -0.0103125
v -0.013516995 0.01341699 -0.0103125
v -0.013582215 -0.01350144 -0.0103125
v -0.013791375 0.01367331 -0.0103125
v -0.01388742 -0.013763895 -0.0103125
v -0.014090085 0.013903455 -0.0103125
v -0.01423677 -0.014005965 -0.0103125
v -0.014215935 -0.006583815 -0.0103125
v -0.014215275 0.00662637 -0.0103125
v -0.014218425 -0.00683139 -0.0103125
v -0.014259225 -0.00708261 -0.0103125
v -0.01442832 -0.01412208 -0.0103125
v -0.01434792 -0.00732717 -0.0103125
v -0.014477235 -0.00755484 -0.0103125
v -0.014630385 -0.014233125 -0.0103125
v -0.014647965 -0.00775248 -0.0103125
v -0.014847015 -0.014339865 -0.0103125
v -0.01484562 -0.00791841 -0.0103125
v -0.0150588 -0.008042655 -0.0103125
v -0.01508217 -0.01444305 -0.0103125
v -0.01527903 -0.00813702 -0.0103125
v -0.01533816 -0.014543895 -0.0103125
v -0.01549254 -0.00821103 -0.0103125
v -0.01561095 -0.01464345 -0.0103125
v -0.015703935 -0.008261505 -0.0103125
v -0.015901485 -0.0147393 -0.0103125
v -0.016151565 -0.008391585 -0.0103125
v -0.016211385 -0.014828775 -0.0103125
v -0.01654227 -0.014909175 -0.0103125
v -0.016563375 -0.008541285 -0.0103125
v -0.01689483 -0.01497942 -0.0103125
v -0.016937295 -0.008709345 -0.0103125
v -0.017267775 -0.01504158 -0.0103125
v -0.01726587 -0.008891085 -0.0103125
v -0.017577045 -0.009104055 -0.0103125
v -0.01766106 -0.01509576 -0.0103125
v -0.017889975 -0.00935673 -0.0103125
v -0.0180747 -0.015141945 -0.0103125
v -0.018196875 -0.00964689 -0.0103125
v -0.01850868 -0.015180135 -0.0103125
v -0.018511965 -0.010000605 -0.0103125
v -0.018619215 -0.015187455 -0.0103125
v -0.018674835 -0.010199715 -0.0103125
v -0.018726765 -0.015185265 -0.0103125
v -0.01883133 -0.01517355 -0.0103125
v -0.018839895 -0.01041324 -0.0103125
v -0.018934065 -0.01515219 -0.0103125
v -0.019006065 -0.010644945 -0.0103125
v -0.019127055 -0.01508124 -0.0103125
v -0.01917228 -0.01089861 -0.0103125
v -0.01929246 -0.01496973 -0.0103125
v -0.019337505 -0.01117785 -0.0103125
v -0.019428675 -0.01484184 -0.0103125
v -0.01950219 -0.011481075 -0.0103125
v -0.019534695 -0.014703675 -0.0103125
v -0.019666845 -0.011806485 -0.0103125
v -0.019781295 -0.014370195 -0.0103125
v -0.01983147 -0.01215411 -0.0103125
v -0.02002221 -0.01403259 -0.0103125
v -0.019996065 -0.01252395 -0.0103125
v -0.02013519 -0.01388238 -0.0103125
v -0.020160645 -0.012915975 -0.0103125
v -0.0202122 -0.013717815 -0.0103125
v -0.02019855 -0.01302876 -0.0103125
v -0.02022747 -0.01313796 -0.0103125
v -0.020253255 -0.01353888 -0.0103125
v -0.020247405 -0.013243575 -0.0103125
v -0.02025834 -0.013345605 -0.0103125
v -0.014244165 0.00638529 -0.0103125
v -0.014226375 0.00688374 -0.0103125
v -0.01427853 0.00714096 -0.0103125
v -0.014380935 0.00738555 -0.0103125
v -0.01442709 0.014122995 -0.0103125
v -0.01452264 0.007608465 -0.0103125
v -0.01470078 0.0077961 -0.0103125
v -0.01479789 0.01432521 -0.0103125
v -0.01490043 0.00794973 -0.0103125
v -0.0151071 0.008061705 -0.0103125
v -0.01523166 0.014515575 -0.0103125
v -0.015316785 0.00814521 -0.0103125
v -0.015471345 0.014608935 -0.0103125
v -0.015519555 0.008212185 -0.0103125
v -0.015718725 0.00825867 -0.0103125
v -0.01572543 0.01469994 -0.0103125
v -0.01620327 0.008395605 -0.0103125
v -0.01599714 0.01478637 -0.0103125
v -0.01628976 0.014866065 -0.0103125
v -0.016644675 0.008558835 -0.0103125
v -0.01660638 0.01493691 -0.0103125
v -0.01694565 0.014999835 -0.0103125
v -0.017037765 0.008745285 -0.0103125
v -0.017306025 0.015055875 -0.0103125
v -0.017381685 0.008954445 -0.0103125
v -0.01768752 0.01510503 -0.0103125
v -0.017719875 0.00921189 -0.0103125
v -0.01788948 0.009358185 -0.0103125
v -0.01805754 0.00951606 -0.0103125
v -0.018090105 0.015147285 -0.0103125
v -0.01822599 0.009689085 -0.0103125
v -0.01839681 0.009880845 -0.0103125
v -0.01851381 0.015182655 -0.0103125
v -0.018571815 0.01009314 -0.0103125
v -0.01862937 0.015188895 -0.0103125
v -0.018750795 0.010321815 -0.0103125
v -0.018740325 0.01518555 -0.0103125
v -0.01884666 0.015172665 -0.0103125
v -0.01893174 0.010568505 -0.0103125
v -0.018949215 0.015149775 -0.0103125
v -0.019112595 0.010835595 -0.0103125
v -0.019137975 0.01507656 -0.0103125
v -0.019291305 0.011125455 -0.0103125
v -0.01929654 0.01496754 -0.0103125
v -0.01946706 0.011439045 -0.0103125
v -0.01942809 0.014842305 -0.0103125
v -0.019532985 0.01470594 -0.0103125
v -0.019641435 0.01177452 -0.0103125
v -0.01977963 0.014372505 -0.0103125
v -0.01981449 0.01213182 -0.0103125
v -0.019986225 0.01251093 -0.0103125
v -0.020020575 0.014034915 -0.0103125
v -0.020156655 0.01291188 -0.0103125
v -0.02013411 0.013867575 -0.0103125
v -0.02019717 0.013010925 -0.0103125
v -0.02021205 0.01369014 -0.0103125
v -0.020228085 0.01310946 -0.0103125
v -0.020255085 0.013500615 -0.0103125
v -0.020261115 0.01330503 -0.0103125
v -0.014248455 -0.00635523 -0.0103125
v -0.01429971 0.00615771 -0.0103125
v -0.0143043 -0.006140925 -0.0103125
v -0.014366535 0.0059466 -0.0103125
v -0.014369085 -0.00594138 -0.0103125
v -0.01444758 -0.005756445 -0.0103125
v -0.014449755 0.005750985 -0.0103125
v -0.014682795 -0.00512685 -0.0103125
v -0.014684745 0.005121285 -0.0103125
v -0.014890425 -0.00448827 -0.0103125
v -0.01489212 0.00448263 -0.0103125
v -0.01507044 -0.003840705 -0.0103125
v -0.015071895 0.00383502 -0.0103125
v -0.01511757 -0.00363462 -0.0103125
v -0.015117105 0.00363897 -0.0103125
v -0.015182235 0.00343896 -0.0103125
v -0.015187845 -0.003424275 -0.0103125
v -0.0152637 0.00323178 -0.0103125
v -0.015277785 -0.003205335 -0.0103125
v -0.015372315 0.003027075 -0.0103125
v -0.015397815 -0.00299088 -0.0103125
v -0.015519495 0.002829045 -0.0103125
v -0.015560025 -0.00278805 -0.0103125
v -0.015699795 0.002650755 -0.0103125
v -0.015756 -0.00261021 -0.0103125
v -0.01586697 -0.002537175 -0.0103125
v -0.015915915 0.002505105 -0.0103125
v -0.01598715 -0.002472765 -0.0103125
v -0.016111785 -0.002418705 -0.0103125
v -0.01615488 0.00239688 -0.0103125
v -0.016236135 -0.00237672 -0.0103125
v -0.01640847 0.002337645 -0.0103125
v -0.01648872 -0.00233202 -0.0103125
v -0.01666512 0.002319915 -0.0103125
v -0.01673694 -0.002327355 -0.0103125
v -0.01691076 0.00234486 -0.0103125
v -0.016966515 -0.002358765 -0.0103125
v -0.017144625 0.002398035 -0.0103125
v -0.017182095 -0.00241428 -0.0103125
v -0.01736061 0.0024636 -0.0103125
v -0.017383605 -0.002478975 -0.0103125
v -0.01756074 0.002546835 -0.0103125
v -0.01757103 -0.00255783 -0.0103125
v -0.01799934 0.002704725 -0.0103125
v -0.01804353 -0.00273186 -0.0103125
v -0.018420495 0.002825655 -0.0103125
v -0.01849659 -0.002859255 -0.0103125
v -0.01882179 0.002909475 -0.0103125
v -0.01892418 -0.00293946 -0.0103125
v -0.019194435 0.002955585 -0.0103125
v -0.01932537 -0.0029724 -0.0103125
v -0.019571355 0.00296619 -0.0103125
v -0.01975029 -0.002962905 -0.0103125
v -0.019973055 0.0029457 -0.0103125
v -0.019973505 -0.002944245 -0.0103125
v -0.020202255 -0.00291531 -0.0103125
v -0.020391885 0.002891355 -0.0103125
v -0.020440245 -0.00287433 -0.0103125
v -0.02069115 -0.002819595 -0.0103125
v -0.02085471 0.00279039 -0.0103125
v -0.02095752 -0.002750715 -0.0103125
v -0.0211035 0.00272505 -0.0103125
v -0.02123673 -0.002670915 -0.0103125
v -0.02136255 0.00264933 -0.0103125
v -0.021528105 -0.00257769 -0.0103125
v -0.02163318 0.00255954 -0.0103125
v -0.02183142 -0.00246792 -0.0103125
v -0.02191674 0.00245202 -0.0103125
v -0.022146375 -0.00233847 -0.0103125
v -0.02221455 0.002323215 -0.0103125
v -0.02247288 -0.00218808 -0.0103125
v -0.02252601 0.002174715 -0.0103125
v -0.022811145 -0.002019165 -0.0103125
v -0.02285049 0.00200823 -0.0103125
v -0.02316117 -0.001831815 -0.0103125
v -0.023188005 0.00182376 -0.0103125
v -0.02352294 -0.001626045 -0.0103125
v -0.023538555 0.001621305 -0.0103125
v -0.023896485 -0.001401855 -0.0103125
v -0.023902125 0.00140088 -0.0103125
v -0.02405736 -0.001297335 -0.0103125
v -0.02400078 0.001336845 -0.0103125
v -0.024089415 0.001268355 -0.0103125
v -0.02419395 -0.00116544 -0.0103125
v -0.024168 0.00119544 -0.0103125
v -0.02423655 0.0011181 -0.0103125
v -0.024309435 -0.00100311 -0.0103125
v -0.02434209 0.000945315 -0.0103125
v -0.024394275 -0.00081957 -0.0103125
v -0.024410355 0.000764355 -0.0103125
v -0.0244389 -0.000623985 -0.0103125
v -0.02444562 0.00058956 -0.0103125
v -0.024446505 -0.00041331 -0.0103125
v -0.02444733 -0.00052053 -0.0103125
v -0.02444646 0.00041616 -0.0103125
v -0.02445 1.425e-06 -0.0103125
v -0.00738102 0.01518729 -0.0103125
v -0.007482465 0.015400245 -0.0103125
v -0.007554105 0.023253765 -0.0103125
v -0.007603245 0.01559166 -0.0103125
v -0.00772821 0.01576557 -0.0103125
v -0.0078624 0.01592064 -0.0103125
v -0.007947465 0.02312229 -0.0103125
v -0.008173905 0.01631622 -0.0103125
v -0.008056845 0.023086035 -0.0103125
v -0.008158185 0.023042445 -0.0103125
v -0.00825147 0.02299152 -0.0103125
v -0.00843507 0.016707735 -0.0103125
v -0.008336715 0.02293326 -0.0103125
v -0.00841416 0.022865535 -0.0103125
v -0.00848376 0.022789065 -0.0103125
v -0.008643495 0.01708962 -0.0103125
v -0.008597205 0.022626855 -0.0103125
v -0.008674935 0.022463625 -0.0103125
v -0.00879879 0.01746099 -0.0103125
v -0.00871767 0.02229372 -0.0103125
v -0.008815455 0.021869175 -0.0103125
v -0.00892107 0.01786806 -0.0103125
v -0.00889935 0.021461505 -0.0103125
v -0.00896937 0.021070725 -0.0103125
v -0.008972295 0.0180861 -0.0103125
v -0.009015465 0.0183126 -0.0103125
v -0.009025485 0.020696835 -0.0103125
v -0.00905004 0.01855161 -0.0103125
v -0.00906762 0.02033982 -0.0103125
v -0.00907551 0.01880715 -0.0103125
v -0.009092325 0.01908177 -0.0103125
v -0.009093405 0.02000028 -0.0103125
v -0.00910269 0.019371975 -0.0103125
v -0.009104085 0.0196779 -0.0103125
v -0.007294455 -0.01488366 -0.0103125
v -0.007357635 -0.01513677 -0.0103125
v -0.00745713 -0.01536177 -0.0103125
v -0.00757953 -0.01556577 -0.0103125
v -0.00795015 -0.02312136 -0.0103125
v -0.00770823 -0.015750075 -0.0103125
v -0.00784875 -0.015914235 -0.0103125
v -0.00811734 -0.02306607 -0.0103125
v -0.008134455 -0.01628259 -0.0103125
v -0.008274495 -0.0229767 -0.0103125
v -0.008379615 -0.016645755 -0.0103125
v -0.00842691 -0.022851915 -0.0103125
v -0.00855876 -0.02269569 -0.0103125
v -0.00858333 -0.01700151 -0.0103125
v -0.00861036 -0.022607415 -0.0103125
v -0.00865419 -0.02251194 -0.0103125
v -0.00869022 -0.022409265 -0.0103125
v -0.00871848 -0.022299375 -0.0103125
v -0.00874233 -0.017341665 -0.0103125
v -0.00881577 -0.02188548 -0.0103125
v -0.0088689 -0.017696865 -0.0103125
v -0.008899995 -0.02148954 -0.0103125
v -0.008971125 -0.02111154 -0.0103125
v -0.00897354 -0.01808523 -0.0103125
v -0.00902919 -0.02075148 -0.0103125
v -0.009051285 -0.018500355 -0.0103125
v -0.00907419 -0.020409375 -0.0103125
v -0.00909828 -0.01897173 -0.0103125
v -0.009104655 -0.02008635 -0.0103125
v -0.009113025 -0.01922853 -0.0103125
v -0.00911928 -0.019783425 -0.0103125
v -0.00912105 -0.019498305 -0.0103125
v -0.00300438 0.017488275 -0.0103125
v -0.002989755 0.017954205 -0.0103125
v -0.002996445 -0.018474855 -0.0103125
v -0.002977605 -0.018004605 -0.0103125
v -0.001780155 -0.000586395 -0.0103125
v -0.00167112 -0.000850125 -0.0103125
v -0.00164622 -0.015516765 -0.0103125
v -0.00151641 -0.001100025 -0.0103125
v -0.001419285 -0.01550238 -0.0103125
v -0.00132324 -0.00132702 -0.0103125
v -0.001206045 -0.01550175 -0.0103125
v -0.00110361 -0.001515525 -0.0103125
v -0.001004295 -0.01551969 -0.0103125
v -0.000851085 -0.00166878 -0.0103125
v -0.000576585 -0.001783395 -0.0103125
v -0.00033279 -0.01554858 -0.0103125
v -0.00029574 -0.001851075 -0.0103125
v 0 -0.001873245 -0.0103125
v 0.00029574 -0.001851075 -0.0103125
v 0.000338685 -0.01554846 -0.0103125
v 0.000576585 -0.001783395 -0.0103125
v 0.000851085 -0.00166878 -0.0103125
v 0.00101016 -0.015519315 -0.0103125
v 0.00110361 -0.001515525 -0.0103125
v 0.00121068 -0.015501735 -0.0103125
v 0.00132324 -0.00132702 -0.0103125
v 0.00142095 -0.01550187 -0.0103125
v 0.00151641 -0.001100025 -0.0103125
v 0.00167112 -0.000850125 -0.0103125
v 0.001780155 -0.000586395 -0.0103125
v 0.001875 0 -0.0065625
v 0.001875 0 -0.0103125
v 0.001848075 -0.00030306 -0.0103125
v 0.001848075 0.00030306 -0.0065625
v 0.001848075 -0.00030306 -0.0065625
v 0.001780155 -0.000586395 -0.0103125
v 0.001780155 -0.000586395 -0.0065625
v 0.00167112 -0.000850125 -0.0103125
v 0.00167112 -0.000850125 -0.0065625
v 0.00151641 -0.001100025 -0.0103125
v 0.00151641 -0.001100025 -0.0065625
v 0.00132324 -0.00132702 -0.0103125
v 0.00132324 -0.00132702 -0.0065625
v 0.00110361 -0.001515525 -0.0103125
v 0.00110361 -0.001515525 -0.0065625
v 0.000851085 -0.00166878 -0.0103125
v 0.000851085 -0.00166878 -0.0065625
v 0.000576585 -0.001783395 -0.0103125
v 0.000576585 -0.001783395 -0.0065625
v 0.00029574 -0.001851075 -0.0103125
v 0.00029574 -0.001851075 -0.0065625
v 0 -0.001873245 -0.0103125
v 0 -0.001873245 -0.0065625
v -0.00029574 -0.001851075 -0.0103125
v -0.00029574 -0.001851075 -0.0065625
v -0.000576585 -0.001783395 -0.0103125
v -0.000576585 -0.001783395 -0.0065625
v -0.000851085 -0.00166878 -0.0103125
v -0.000851085 -0.00166878 -0.0065625
v -0.00110361 -0.001515525 -0.0103125
v -0.00110361 -0.001515525 -0.0065625
v -0.00132324 -0.00132702 -0.0103125
v -0.00132324 -0.00132702 -0.0065625
v -0.00151641 -0.001100025 -0.0103125
v -0.00151641 -0.001100025 -0.0065625
v -0.00167112 -0.000850125 -0.0103125
v -0.00167112 -0.000850125 -0.0065625
v -0.001780155 -0.000586395 -0.0103125
v -0.001780155 -0.000586395 -0.0065625
v -0.001848075 -0.00030306 -0.0103125
v -0.001848075 -0.00030306 -0.0065625
v -0.001875 0 -0.0103125
v -0.001875 0 -0.0065625
v -0.001848075 0.00030306 -0.0103125
v -0.001848075 0.00030306 -0.0065625
v -0.001780155 0.000586395 -0.0103125
v -0.001780155 0.000586395 -0.0065625
v -0.00167112 0.000850125 -0.0103125
v -0.00167112 0.000850125 -0.0065625
v -0.00151641 0.001100025 -0.0103125
v -0.00151641 0.001100025 -0.0065625
v -0.00132324 0.00132702 -0.0103125
v -0.00132324 0.00132702 -0.0065625
v -0.00110361 0.001515525 -0.0103125
v -0.00110361 0.001515525 -0.0065625
v -0.000851085 0.00166878 -0.0103125
v -0.000851085 0.00166878 -0.0065625
v -0.000576585 0.001783395 -0.0103125
v -0.000576585 0.001783395 -0.0065625
v -0.00029574 0.001851075 -0.0103125
v -0.00029574 0.001851075 -0.0065625
v 0 0.001873245 -0.0103125
v 0 0.001873245 -0.0065625
v 0.00029574 0.001851075 -0.0103125
v 0.00029574 0.001851075 -0.0065625
v 0.000576585 0.001783395 -0.0103125
v 0.000576585 0.001783395 -0.0065625
v 0.000851085 0.00166878 -0.0103125
v 0.000851085 0.00166878 -0.0065625
v 0.00110361 0.001515525 -0.0103125
v 0.00110361 0.001515525 -0.0065625
v 0.00132324 0.00132702 -0.0103125
v 0.00132324 0.00132702 -0.0065625
v 0.00151641 0.001100025 -0.0103125
v 0.00151641 0.001100025 -0.0065625
v 0.00167112 0.000850125 -0.0103125
v 0.00167112 0.000850125 -0.0065625
v 0.001780155 0.000586395 -0.0103125
v 0.001780155 0.000586395 -0.0065625
v 0.001848075 0.00030306 -0.0103125
v -0.02002221 -0.01403259 -0.0065625
v -0.02002221 -0.01403259 -0.0103125
v -0.019781295 -0.014370195 -0.0103125
v -0.02008539 -0.013944915 -0.0065625
v -0.019781295 -0.014370195 -0.0065625
v -0.019534695 -0.014703675 -0.0103125
v -0.019534695 -0.014703675 -0.0065625
v -0.019428675 -0.01484184 -0.0103125
v -0.01942983 -0.014846025 -0.0065625
v -0.019296315 -0.014968035 -0.0065625
v -0.01929246 -0.01496973 -0.0103125
v -0.01913211 -0.015074235 -0.0065625
v -0.019127055 -0.01508124 -0.0103125
v -0.018943365 -0.01515102 -0.0065625
v -0.018934065 -0.01515219 -0.0103125
v -0.018842355 -0.015172725 -0.0065625
v -0.01883133 -0.01517355 -0.0103125
v -0.01873623 -0.015184815 -0.0065625
v -0.018726765 -0.015185265 -0.0103125
v -0.018625005 -0.015187275 -0.0065625
v -0.018619215 -0.015187455 -0.0103125
v -0.01850868 -0.015180135 -0.0103125
v -0.01850868 -0.015180135 -0.0065625
v -0.0180747 -0.015141945 -0.0103125
v -0.0180747 -0.015141945 -0.0065625
v -0.01766106 -0.01509576 -0.0103125
v -0.01766106 -0.01509576 -0.0065625
v -0.017267775 -0.01504158 -0.0103125
v -0.017267775 -0.01504158 -0.0065625
v -0.01689483 -0.01497942 -0.0103125
v -0.01689483 -0.01497942 -0.0065625
v -0.01654227 -0.014909175 -0.0103125
v -0.01654227 -0.014909175 -0.0065625
v -0.016211385 -0.014828775 -0.0103125
v -0.016211385 -0.014828775 -0.0065625
v -0.015901485 -0.0147393 -0.0103125
v -0.015901485 -0.0147393 -0.0065625
v -0.01561095 -0.01464345 -0.0103125
v -0.01561095 -0.01464345 -0.0065625
v -0.01533816 -0.014543895 -0.0103125
v -0.01533816 -0.014543895 -0.0065625
v -0.01508217 -0.01444305 -0.0103125
v -0.01508217 -0.01444305 -0.0065625
v -0.014847015 -0.014339865 -0.0103125
v -0.014847015 -0.014339865 -0.0065625
v -0.014630385 -0.014233125 -0.0103125
v -0.014630385 -0.014233125 -0.0065625
v -0.01442832 -0.01412208 -0.0103125
v -0.01442832 -0.01412208 -0.0065625
v -0.01423677 -0.014005965 -0.0103125
v -0.01423677 -0.014005965 -0.0065625
v -0.01388742 -0.013763895 -0.0103125
v -0.01388742 -0.013763895 -0.0065625
v -0.013582215 -0.01350144 -0.0103125
v -0.013582215 -0.01350144 -0.0065625
v -0.01328343 -0.01318521 -0.0103125
v -0.01328343 -0.01318521 -0.0065625
v -0.01299177 -0.012815835 -0.0103125
v -0.01299177 -0.012815835 -0.0065625
v -0.01271181 -0.012397335 -0.0103125
v -0.01271181 -0.012397335 -0.0065625
v -0.012606075 -0.01222227 -0.0103125
v -0.0126006 -0.0122127 -0.0065625
v -0.012479655 -0.01205007 -0.0103125
v -0.012466515 -0.01203267 -0.0065625
v -0.01233483 -0.011876145 -0.0103125
v -0.01231134 -0.01185198 -0.0065625
v -0.012164745 -0.011714235 -0.0103125
v -0.01212966 -0.01168641 -0.0065625
v -0.011960265 -0.01157337 -0.0103125
v -0.01191252 -0.011547105 -0.0065625
v -0.011730435 -0.01146318 -0.0103125
v -0.01167228 -0.01144266 -0.0065625
v -0.011476545 -0.011396235 -0.0103125
v -0.01141383 -0.01138671 -0.0065625
v -0.0112128 -0.011372835 -0.0103125
v -0.011150775 -0.01137516 -0.0065625
v -0.010950375 -0.01140165 -0.0103125
v -0.01089594 -0.01141281 -0.0065625
v -0.01069962 -0.011470095 -0.0103125
v -0.01065651 -0.01148667 -0.0065625
v -0.01047675 -0.01157274 -0.0103125
v -0.01044672 -0.011588715 -0.0065625
v -0.01027545 -0.01169682 -0.0103125
v -0.010258275 -0.01170888 -0.0065625
v -0.01009467 -0.011825865 -0.0103125
v -0.01008717 -0.01183284 -0.0065625
v -0.00993474 -0.01196538 -0.0103125
v -0.00993474 -0.01196538 -0.0065625
v -0.009408465 -0.01238346 -0.0103125
v -0.009408465 -0.01238346 -0.0065625
v -0.00886515 -0.01277805 -0.0103125
v -0.00886515 -0.01277805 -0.0065625
v -0.00830478 -0.013149135 -0.0103125
v -0.00830478 -0.013149135 -0.0065625
v -0.008130075 -0.01325433 -0.0103125
v -0.00812172 -0.013258815 -0.0065625
v -0.00795912 -0.013378785 -0.0103125
v -0.00794295 -0.01339095 -0.0065625
v -0.00778809 -0.013519965 -0.0103125
v -0.00776346 -0.013543905 -0.0065625
v -0.0076284 -0.013685505 -0.0103125
v -0.00759825 -0.01372266 -0.0065625
v -0.00748662 -0.013884975 -0.0103125
v -0.007457685 -0.01393554 -0.0065625
v -0.00737346 -0.01410993 -0.0103125
v -0.00735048 -0.01417107 -0.0065625
v -0.00730128 -0.014359395 -0.0103125
v -0.0072897 -0.014424465 -0.0065625
v -0.007271715 -0.014620365 -0.0103125
v -0.00727254 -0.014683965 -0.0065625
v -0.007294455 -0.01488366 -0.0103125
v -0.00730464 -0.014939415 -0.0065625
v -0.007357635 -0.01513677 -0.0103125
v -0.007373775 -0.015181155 -0.0065625
v -0.00745713 -0.01536177 -0.0103125
v -0.007473315 -0.01539315 -0.0065625
v -0.00757953 -0.01556577 -0.0103125
v -0.007592235 -0.01558425 -0.0065625
v -0.00770823 -0.015750075 -0.0103125
v -0.007715745 -0.015758385 -0.0065625
v -0.00784875 -0.015914235 -0.0103125
v -0.00784875 -0.015914235 -0.0065625
v -0.008134455 -0.01628259 -0.0103125
v -0.008134455 -0.01628259 -0.0065625
v -0.008379615 -0.016645755 -0.0103125
v -0.008379615 -0.016645755 -0.0065625
v -0.00858333 -0.01700151 -0.0103125
v -0.00858333 -0.01700151 -0.0065625
v -0.00874233 -0.017341665 -0.0103125
v -0.00874233 -0.017341665 -0.0065625
v -0.0088689 -0.017696865 -0.0103125
v -0.0088689 -0.017696865 -0.0065625
v -0.00897354 -0.01808523 -0.0103125
v -0.00897354 -0.01808523 -0.0065625
v -0.009051285 -0.018500355 -0.0103125
v -0.009051285 -0.018500355 -0.0065625
v -0.00909828 -0.01897173 -0.0103125
v -0.00909828 -0.01897173 -0.0065625
v -0.009113025 -0.01922853 -0.0103125
v -0.009113025 -0.01922853 -0.0065625
v -0.00912105 -0.019498305 -0.0103125
v -0.00912105 -0.019498305 -0.0065625
v -0.00911928 -0.019783425 -0.0103125
v -0.00911928 -0.019783425 -0.0065625
v -0.009104655 -0.02008635 -0.0103125
v -0.009104655 -0.02008635 -0.0065625
v -0.00907419 -0.020409375 -0.0103125
v -0.00907419 -0.020409375 -0.0065625
v -0.00902919 -0.02075148 -0.0103125
v -0.00902919 -0.02075148 -0.0065625
v -0.008971125 -0.02111154 -0.0103125
v -0.008971125 -0.02111154 -0.0065625
v -0.008899995 -0.02148954 -0.0103125
v -0.008899995 -0.02148954 -0.0065625
v -0.00881577 -0.02188548 -0.0103125
v -0.00881577 -0.02188548 -0.0065625
v -0.00871848 -0.022299375 -0.0103125
v -0.00871848 -0.022299375 -0.0065625
v -0.00869022 -0.022409265 -0.0103125
v -0.00867516 -0.022467225 -0.0065625
v -0.00865419 -0.02251194 -0.0103125
v -0.00861036 -0.022607415 -0.0103125
v -0.008598075 -0.022628235 -0.0065625
v -0.00855876 -0.02269569 -0.0103125
v -0.00848736 -0.022787565 -0.0065625
v -0.00842691 -0.022851915 -0.0103125
v -0.008342625 -0.02292975 -0.0065625
v -0.008274495 -0.0229767 -0.0103125
v -0.008257365 -0.02298795 -0.0065625
v -0.00811734 -0.02306607 -0.0103125
v -0.008163525 -0.023039295 -0.0065625
v -0.00806112 -0.023083755 -0.0065625
v -0.00795015 -0.02312136 -0.0103125
v -0.00795015 -0.02312136 -0.0065625
v -0.00755682 -0.023252895 -0.0103125
v -0.00755682 -0.023252895 -0.0065625
v -0.0071613 -0.023377725 -0.0103125
v -0.0071613 -0.023377725 -0.0065625
v -0.007049115 -0.023412675 -0.0103125
v -0.007058715 -0.023411565 -0.0065625
v -0.006957165 -0.02343549 -0.0065625
v -0.00693978 -0.023436945 -0.0103125
v -0.00683334 -0.023450565 -0.0103125
v -0.00675723 -0.02345361 -0.0065625
v -0.00672975 -0.02345352 -0.0103125
v -0.006558255 -0.02343015 -0.0065625
v -0.006528285 -0.023423235 -0.0103125
v -0.006369945 -0.02337087 -0.0065625
v -0.006344145 -0.023358675 -0.0103125
v -0.00620199 -0.023281485 -0.0065625
v -0.006186075 -0.02327235 -0.0103125
v -0.00605118 -0.023160105 -0.0103125
v -0.00605118 -0.023160105 -0.0065625
v -0.005722515 -0.02287413 -0.0103125
v -0.005722515 -0.02287413 -0.0065625
v -0.00541503 -0.022593645 -0.0103125
v -0.00541503 -0.022593645 -0.0065625
v -0.005128695 -0.022318635 -0.0103125
v -0.005128695 -0.022318635 -0.0065625
v -0.004863525 -0.02204913 -0.0103125
v -0.004863525 -0.02204913 -0.0065625
v -0.004619595 -0.02178507 -0.0103125
v -0.004619595 -0.02178507 -0.0065625
v -0.004399155 -0.02152554 -0.0103125
v -0.004399155 -0.02152554 -0.0065625
v -0.00420102 -0.021271005 -0.0103125
v -0.00420102 -0.021271005 -0.0065625
v -0.004022325 -0.02102268 -0.0103125
v -0.004022325 -0.02102268 -0.0065625
v -0.003860145 -0.020781795 -0.0103125
v -0.003860145 -0.020781795 -0.0065625
v -0.00371232 -0.02054976 -0.0103125
v -0.00371232 -0.02054976 -0.0065625
v -0.00358272 -0.020328045 -0.0103125
v -0.00358272 -0.020328045 -0.0065625
v -0.00347022 -0.02011437 -0.0103125
v -0.00347022 -0.02011437 -0.0065625
v -0.003372 -0.01990575 -0.0103125
v -0.003372 -0.01990575 -0.0065625
v -0.003285285 -0.01969923 -0.0103125
v -0.003285285 -0.01969923 -0.0065625
v -0.003144945 -0.01929804 -0.0103125
v -0.003144945 -0.01929804 -0.0065625
v -0.003052305 -0.018906315 -0.0103125
v -0.003052305 -0.018906315 -0.0065625
v -0.002996445 -0.018474855 -0.0103125
v -0.002996445 -0.018474855 -0.0065625
v -0.002977605 -0.018004605 -0.0103125
v -0.002977605 -0.018004605 -0.0065625
v -0.002997105 -0.01750146 -0.0103125
v -0.002997105 -0.01750146 -0.0065625
v -0.00301515 -0.017294325 -0.0103125
v -0.003015645 -0.01728648 -0.0065625
v -0.003013275 -0.01707573 -0.0103125
v -0.00301299 -0.01706196 -0.0065625
v -0.002996175 -0.016842465 -0.0103125
v -0.002993625 -0.016824705 -0.0065625
v -0.00294975 -0.016604145 -0.0103125
v -0.00294405 -0.016584255 -0.0065625
v -0.002860305 -0.01636473 -0.0103125
v -0.002850615 -0.01634451 -0.0065625
v -0.00273129 -0.016137945 -0.0103125
v -0.002718105 -0.0161193 -0.0065625
v -0.00264975 -0.016034775 -0.0103125
v -0.00255699 -0.015936555 -0.0103125
v -0.00254226 -0.015922125 -0.0065625
v -0.002456355 -0.015846405 -0.0103125
v -0.002351145 -0.015767445 -0.0103125
v -0.002336595 -0.01575798 -0.0065625
v -0.0021207 -0.0156438 -0.0103125
v -0.002108805 -0.01563846 -0.0065625
v -0.00188016 -0.01555935 -0.0103125
v -0.00187203 -0.015557265 -0.0065625
v -0.00164622 -0.015516765 -0.0103125
v -0.001642215 -0.01551618 -0.0065625
v -0.001419285 -0.01550238 -0.0103125
v -0.00141867 -0.015502365 -0.0065625
v -0.001206045 -0.01550175 -0.0103125
v -0.001206615 -0.015502005 -0.0065625
v -0.001004295 -0.01551969 -0.0103125
v -0.001004295 -0.01551969 -0.0065625
v -0.00033279 -0.01554858 -0.0103125
v -0.00033279 -0.01554858 -0.0065625
v 0.000338685 -0.01554846 -0.0103125
v 0.000338685 -0.01554846 -0.0065625
v 0.00101016 -0.015519315 -0.0103125
v 0.00101016 -0.015519315 -0.0065625
v 0.00121068 -0.015501735 -0.0103125
v 0.00121602 -0.01550103 -0.0065625
v 0.00142095 -0.01550187 -0.0103125
v 0.001432365 -0.01550202 -0.0065625
v 0.001642845 -0.015515265 -0.0103125
v 0.001661775 -0.015517815 -0.0065625
v 0.001870785 -0.01555521 -0.0103125
v 0.00189654 -0.01556187 -0.0065625
v 0.00210462 -0.015633915 -0.0103125
v 0.002134545 -0.01564692 -0.0065625
v 0.002329995 -0.01575021 -0.0103125
v 0.002361525 -0.015770655 -0.0065625
v 0.002535285 -0.01591056 -0.0103125
v 0.002565045 -0.0159393 -0.0065625
v 0.00271206 -0.01610418 -0.0103125
v 0.002656815 -0.016037115 -0.0065625
v 0.00273753 -0.016139835 -0.0065625
v 0.00284682 -0.01632687 -0.0103125
v 0.002865465 -0.01636581 -0.0065625
v 0.002943105 -0.016565325 -0.0103125
v 0.00295434 -0.016603665 -0.0065625
v 0.00299544 -0.01680651 -0.0103125
v 0.00300051 -0.016838475 -0.0065625
v 0.00301728 -0.017045415 -0.0103125
v 0.00301788 -0.01706787 -0.0065625
v 0.00302172 -0.017271495 -0.0103125
v 0.00302076 -0.01728354 -0.0065625
v 0.00300438 -0.017488275 -0.0103125
v 0.00300438 -0.017488275 -0.0065625
v 0.002989755 -0.017954205 -0.0103125
v 0.002989755 -0.017954205 -0.0065625
v 0.003004875 -0.0183921 -0.0103125
v 0.003004875 -0.0183921 -0.0065625
v 0.00304917 -0.018799665 -0.0103125
v 0.00304917 -0.018799665 -0.0065625
v 0.00312048 -0.019168305 -0.0103125
v 0.00312048 -0.019168305 -0.0065625
v 0.00322686 -0.019530075 -0.0103125
v 0.00322686 -0.019530075 -0.0065625
v 0.00337047 -0.019905765 -0.0103125
v 0.00337047 -0.019905765 -0.0065625
v 0.003551595 -0.02028732 -0.0103125
v 0.003551595 -0.02028732 -0.0065625
v 0.003790635 -0.02069628 -0.0103125
v 0.003790635 -0.02069628 -0.0065625
v 0.00392967 -0.020912715 -0.0103125
v 0.00392967 -0.020912715 -0.0065625
v 0.004081725 -0.021135675 -0.0103125
v 0.004081725 -0.021135675 -0.0065625
v 0.004250745 -0.02136531 -0.0103125
v 0.004250745 -0.02136531 -0.0065625
v 0.00444063 -0.02160177 -0.0103125
v 0.00444063 -0.02160177 -0.0065625
v 0.00465516 -0.021845205 -0.0103125
v 0.00465516 -0.021845205 -0.0065625
v 0.00489264 -0.022095525 -0.0103125
v 0.00489264 -0.022095525 -0.0065625
v 0.005151255 -0.022352685 -0.0103125
v 0.005151255 -0.022352685 -0.0065625
v 0.00543099 -0.022616685 -0.0103125
v 0.00543099 -0.022616685 -0.0065625
v 0.00573186 -0.02288751 -0.0103125
v 0.00573186 -0.02288751 -0.0065625
v 0.006053835 -0.02316516 -0.0103125
v 0.006053835 -0.02316516 -0.0065625
v 0.00620421 -0.023284965 -0.0103125
v 0.006210015 -0.023288955 -0.0065625
v 0.006371505 -0.023373075 -0.0103125
v 0.00638331 -0.02337831 -0.0065625
v 0.00655893 -0.02343141 -0.0103125
v 0.006579285 -0.02343402 -0.0065625
v 0.006756855 -0.023454285 -0.0103125
v 0.00678126 -0.0234537 -0.0065625
v 0.00695568 -0.023436045 -0.0103125
v 0.006972495 -0.023434935 -0.0065625
v 0.007056615 -0.02341221 -0.0103125
v 0.007158585 -0.023378565 -0.0103125
v 0.007158585 -0.023378565 -0.0065625
v 0.007554105 -0.023253765 -0.0103125
v 0.007554105 -0.023253765 -0.0065625
v 0.007947465 -0.02312229 -0.0103125
v 0.007947465 -0.02312229 -0.0065625
v 0.008057055 -0.023085885 -0.0103125
v 0.008118 -0.023061045 -0.0065625
v 0.00815853 -0.02304219 -0.0103125
v 0.008251905 -0.022991205 -0.0103125
v 0.00828276 -0.022969785 -0.0065625
v 0.00833718 -0.022932915 -0.0103125
v 0.00841458 -0.02286522 -0.0103125
v 0.0084372 -0.02284662 -0.0065625
v 0.00848403 -0.02278884 -0.0103125
v 0.008504145 -0.02276829 -0.0065625
v 0.008597235 -0.022626795 -0.0103125
v 0.008564715 -0.02268045 -0.0065625
v 0.008616585 -0.022588515 -0.0065625
v 0.008674905 -0.022463625 -0.0103125
v 0.008658975 -0.02249433 -0.0065625
v 0.008692665 -0.022396065 -0.0065625
v 0.00871767 -0.02229372 -0.0103125
v 0.00871767 -0.02229372 -0.0065625
v 0.008815455 -0.021869175 -0.0103125
v 0.008815455 -0.021869175 -0.0065625
v 0.00889935 -0.021461505 -0.0103125
v 0.00889935 -0.021461505 -0.0065625
v 0.00896937 -0.021070725 -0.0103125
v 0.00896937 -0.021070725 -0.0065625
v 0.009025485 -0.020696835 -0.0103125
v 0.009025485 -0.020696835 -0.0065625
v 0.00906762 -0.02033982 -0.0103125
v 0.00906762 -0.02033982 -0.0065625
v 0.009093405 -0.02000028 -0.0103125
v 0.009093405 -0.02000028 -0.0065625
v 0.009104085 -0.0196779 -0.0103125
v 0.009104085 -0.0196779 -0.0065625
v 0.00910269 -0.019371975 -0.0103125
v 0.00910269 -0.019371975 -0.0065625
v 0.009092325 -0.01908177 -0.0103125
v 0.009092325 -0.01908177 -0.0065625
v 0.00907551 -0.01880715 -0.0103125
v 0.00907551 -0.01880715 -0.0065625
v 0.00905004 -0.01855161 -0.0103125
v 0.00905004 -0.01855161 -0.0065625
v 0.009015465 -0.0183126 -0.0103125
v 0.009015465 -0.0183126 -0.0065625
v 0.008972295 -0.0180861 -0.0103125
v 0.008972295 -0.0180861 -0.0065625
v 0.00892107 -0.01786806 -0.0103125
v 0.00892107 -0.01786806 -0.0065625
v 0.00879879 -0.01746099 -0.0103125
v 0.00879879 -0.01746099 -0.0065625
v 0.008643495 -0.01708962 -0.0103125
v 0.008643495 -0.01708962 -0.0065625
v 0.00843507 -0.016707735 -0.0103125
v 0.00843507 -0.016707735 -0.0065625
v 0.008173905 -0.01631622 -0.0103125
v 0.008173905 -0.01631622 -0.0065625
v 0.0078624 -0.01592064 -0.0103125
v 0.0078624 -0.01592064 -0.0065625
v 0.00772833 -0.015765795 -0.0103125
v 0.007721355 -0.01575822 -0.0065625
v 0.007603365 -0.01559181 -0.0103125
v 0.007591515 -0.015574845 -0.0065625
v 0.00748233 -0.015399585 -0.0103125
v 0.00746715 -0.0153708 -0.0065625
v 0.00738069 -0.015186435 -0.0103125
v 0.00736542 -0.015145245 -0.0065625
v 0.007310055 -0.01494555 -0.0103125
v 0.007300155 -0.014891625 -0.0065625
v 0.007276875 -0.014690415 -0.0103125
v 0.007281555 -0.014758665 -0.0065625
v 0.007275675 -0.014627265 -0.0065625
v 0.00729327 -0.014427975 -0.0103125
v 0.00730428 -0.014363805 -0.0065625
v 0.00735381 -0.014171055 -0.0103125
v 0.00737595 -0.014111775 -0.0065625
v 0.007461675 -0.0139335 -0.0103125
v 0.00748881 -0.013885665 -0.0065625
v 0.007603275 -0.01371921 -0.0103125
v 0.007630755 -0.013685325 -0.0065625
v 0.00776988 -0.01353945 -0.0103125
v 0.007791525 -0.01351839 -0.0065625
v 0.007950225 -0.01338615 -0.0103125
v 0.00796371 -0.01337601 -0.0065625
v 0.008128425 -0.013254465 -0.0103125
v 0.0081351 -0.01325109 -0.0065625
v 0.00830976 -0.013146 -0.0103125
v 0.00830976 -0.013146 -0.0065625
v 0.008869995 -0.012774675 -0.0103125
v 0.008869995 -0.012774675 -0.0065625
v 0.00941316 -0.01237989 -0.0103125
v 0.00941316 -0.01237989 -0.0065625
v 0.009939255 -0.01196163 -0.0103125
v 0.009939255 -0.01196163 -0.0065625
v 0.010091355 -0.011829315 -0.0103125
v 0.01009971 -0.011821725 -0.0065625
v 0.01026198 -0.011705595 -0.0103125
v 0.010280415 -0.011692665 -0.0065625
v 0.010450245 -0.011585715 -0.0103125
v 0.010481355 -0.011569125 -0.0065625
v 0.010658835 -0.01148391 -0.0103125
v 0.010702605 -0.011467065 -0.0065625
v 0.01089393 -0.01141047 -0.0103125
v 0.01094871 -0.011398995 -0.0065625
v 0.011144145 -0.011372565 -0.0103125
v 0.011206365 -0.01136982 -0.0065625
v 0.011404635 -0.011381925 -0.0103125
v 0.011467905 -0.011391045 -0.0065625
v 0.011661855 -0.01143507 -0.0103125
v 0.011721045 -0.01145532 -0.0065625
v 0.011902425 -0.01153686 -0.0103125
v 0.01195155 -0.01156338 -0.0065625
v 0.01212093 -0.01167402 -0.0103125
v 0.012157425 -0.011702445 -0.0065625
v 0.01230486 -0.011838975 -0.0103125
v 0.0123288 -0.01186299 -0.0065625
v 0.012462345 -0.01201944 -0.0103125
v 0.01247499 -0.01203594 -0.0065625
v 0.01259787 -0.01219872 -0.0103125
v 0.01260279 -0.01220754 -0.0065625
v 0.01270995 -0.01238238 -0.0103125
v 0.01270995 -0.01238238 -0.0065625
v 0.01297197 -0.012767925 -0.0103125
v 0.01297197 -0.012767925 -0.0065625
v 0.01324161 -0.0131133 -0.0103125
v 0.01324161 -0.0131133 -0.0065625
v 0.013516995 -0.01341699 -0.0103125
v 0.013516995 -0.01341699 -0.0065625
v 0.013791375 -0.01367331 -0.0103125
v 0.013791375 -0.01367331 -0.0065625
v 0.014090085 -0.013903455 -0.0103125
v 0.014090085 -0.013903455 -0.0065625
v 0.01442709 -0.014122995 -0.0103125
v 0.01442709 -0.014122995 -0.0065625
v 0.01479789 -0.01432521 -0.0103125
v 0.01479789 -0.01432521 -0.0065625
v 0.01523166 -0.014515575 -0.0103125
v 0.01523166 -0.014515575 -0.0065625
v 0.015471345 -0.014608935 -0.0103125
v 0.015471345 -0.014608935 -0.0065625
v 0.01572543 -0.01469994 -0.0103125
v 0.01572543 -0.01469994 -0.0065625
v 0.01599714 -0.01478637 -0.0103125
v 0.01599714 -0.01478637 -0.0065625
v 0.01628976 -0.014866065 -0.0103125
v 0.01628976 -0.014866065 -0.0065625
v 0.01660638 -0.01493691 -0.0103125
v 0.01660638 -0.01493691 -0.0065625
v 0.01694565 -0.014999835 -0.0103125
v 0.01694565 -0.014999835 -0.0065625
v 0.017306025 -0.015055875 -0.0103125
v 0.017306025 -0.015055875 -0.0065625
v 0.01768752 -0.01510503 -0.0103125
v 0.01768752 -0.01510503 -0.0065625
v 0.018090105 -0.015147285 -0.0103125
v 0.018090105 -0.015147285 -0.0065625
v 0.01851381 -0.015182655 -0.0103125
v 0.01851381 -0.015182655 -0.0065625
v 0.01862886 -0.01518936 -0.0103125
v 0.018716955 -0.015189975 -0.0065625
v 0.018739005 -0.01518648 -0.0103125
v 0.018844245 -0.015174045 -0.0103125
v 0.018910695 -0.015160305 -0.0065625
v 0.01894458 -0.01515204 -0.0103125
v 0.019098735 -0.0150915 -0.0065625
v 0.019132875 -0.01507467 -0.0103125
v 0.01927002 -0.014989965 -0.0065625
v 0.01929684 -0.01496832 -0.0103125
v 0.019413555 -0.014862165 -0.0065625
v 0.019429425 -0.01484697 -0.0103125
v 0.019532985 -0.01470594 -0.0103125
v 0.019532985 -0.01470594 -0.0065625
v 0.01977963 -0.014372505 -0.0103125
v 0.01977963 -0.014372505 -0.0065625
v 0.020020575 -0.014034915 -0.0103125
v 0.020020575 -0.014034915 -0.0065625
v 0.020130045 -0.013877505 -0.0103125
v 0.020123535 -0.013893 -0.0065625
v 0.020198175 -0.01372689 -0.0065625
v 0.02020674 -0.01370472 -0.0103125
v 0.020248065 -0.01353093 -0.0065625
v 0.020252475 -0.01351332 -0.0103125
v 0.02026104 -0.013426005 -0.0065625
v 0.020261805 -0.013313055 -0.0103125
v 0.02026251 -0.013322175 -0.0065625
v 0.020251995 -0.013220115 -0.0065625
v 0.020229255 -0.01311366 -0.0103125
v 0.020230845 -0.013117725 -0.0065625
v 0.020199075 -0.013014975 -0.0065625
v 0.020197965 -0.01301307 -0.0103125
v 0.020156655 -0.01291188 -0.0103125
v 0.020156655 -0.01291188 -0.0065625
v 0.019986225 -0.01251093 -0.0103125
v 0.019986225 -0.01251093 -0.0065625
v 0.01981449 -0.01213182 -0.0103125
v 0.01981449 -0.01213182 -0.0065625
v 0.019641435 -0.01177452 -0.0103125
v 0.019641435 -0.01177452 -0.0065625
v 0.01946706 -0.011439045 -0.0103125
v 0.01946706 -0.011439045 -0.0065625
v 0.019291305 -0.011125455 -0.0103125
v 0.019291305 -0.011125455 -0.0065625
v 0.019112595 -0.010835595 -0.0103125
v 0.019112595 -0.010835595 -0.0065625
v 0.01893174 -0.010568505 -0.0103125
v 0.01893174 -0.010568505 -0.0065625
v 0.018750795 -0.010321815 -0.0103125
v 0.018750795 -0.010321815 -0.0065625
v 0.018571815 -0.01009314 -0.0103125
v 0.018571815 -0.01009314 -0.0065625
v 0.01839681 -0.009880845 -0.0103125
v 0.01839681 -0.009880845 -0.0065625
v 0.01822599 -0.009689085 -0.0103125
v 0.01822599 -0.009689085 -0.0065625
v 0.01805754 -0.00951606 -0.0103125
v 0.01805754 -0.00951606 -0.0065625
v 0.01788948 -0.009358185 -0.0103125
v 0.01788948 -0.009358185 -0.0065625
v 0.017719875 -0.00921189 -0.0103125
v 0.017719875 -0.00921189 -0.0065625
v 0.017381685 -0.008954445 -0.0103125
v 0.017381685 -0.008954445 -0.0065625
v 0.017037765 -0.008745285 -0.0103125
v 0.017037765 -0.008745285 -0.0065625
v 0.016644675 -0.008558835 -0.0103125
v 0.016644675 -0.008558835 -0.0065625
v 0.01620327 -0.008395605 -0.0103125
v 0.01620327 -0.008395605 -0.0065625
v 0.015718725 -0.00825867 -0.0103125
v 0.015718725 -0.00825867 -0.0065625
v 0.01551762 -0.00821181 -0.0103125
v 0.015506655 -0.00820962 -0.0065625
v 0.015312945 -0.00814389 -0.0103125
v 0.01529169 -0.008136495 -0.0065625
v 0.015100875 -0.00805845 -0.0103125
v 0.015068895 -0.008042415 -0.0065625
v 0.01489287 -0.00794484 -0.0103125
v 0.01485297 -0.00791799 -0.0065625
v 0.01469517 -0.00779148 -0.0103125
v 0.01465329 -0.00775164 -0.0065625
v 0.014519745 -0.007604805 -0.0103125
v 0.014480955 -0.00755319 -0.0065625
v 0.014379495 -0.00738273 -0.0103125
v 0.014350485 -0.00732372 -0.0065625
v 0.01427802 -0.00713925 -0.0103125
v 0.0142611 -0.00707784 -0.0065625
v 0.014226225 -0.006883875 -0.0103125
v 0.014220165 -0.00682785 -0.0065625
v 0.014215215 -0.00662787 -0.0103125
v 0.014217765 -0.00658167 -0.0065625
v 0.01424421 -0.006386085 -0.0103125
v 0.014250285 -0.00635229 -0.0065625
v 0.0142998 -0.006157425 -0.0103125
v 0.014306175 -0.006136725 -0.0065625
v 0.01436661 -0.00594621 -0.0103125
v 0.014371065 -0.00593646 -0.0065625
v 0.014449755 -0.005750985 -0.0103125
v 0.014449755 -0.005750985 -0.0065625
v 0.014684745 -0.005121285 -0.0103125
v 0.014684745 -0.005121285 -0.0065625
v 0.01489212 -0.00448263 -0.0103125
v 0.01489212 -0.00448263 -0.0065625
v 0.015071895 -0.00383502 -0.0103125
v 0.015071895 -0.00383502 -0.0065625
v 0.015117 -0.00363942 -0.0103125
v 0.01511901 -0.00362898 -0.0065625
v 0.015181965 -0.003439785 -0.0103125
v 0.01518906 -0.00341904 -0.0065625
v 0.01526313 -0.003232935 -0.0103125
v 0.015278715 -0.00320085 -0.0065625
v 0.015371505 -0.003028365 -0.0103125
v 0.01539795 -0.002987415 -0.0065625
v 0.01551879 -0.002830005 -0.0103125
v 0.015558675 -0.00278598 -0.0065625
v 0.015699105 -0.002651325 -0.0103125
v 0.015751815 -0.002609415 -0.0065625
v 0.01591464 -0.00250572 -0.0103125
v 0.01597707 -0.002473005 -0.0065625
v 0.0161529 -0.00239754 -0.0103125
v 0.01621992 -0.00237693 -0.0065625
v 0.016405965 -0.00233799 -0.0103125
v 0.016468305 -0.002329545 -0.0065625
v 0.01666236 -0.00231987 -0.0103125
v 0.0167145 -0.002321535 -0.0065625
v 0.01690833 -0.002344515 -0.0103125
v 0.016945935 -0.00235041 -0.0065625
v 0.01714284 -0.00239751 -0.0103125
v 0.017164995 -0.002404065 -0.0065625
v 0.01735962 -0.00246321 -0.0103125
v 0.017369715 -0.00246792 -0.0065625
v 0.01756074 -0.002546835 -0.0103125
v 0.01756074 -0.002546835 -0.0065625
v 0.01799934 -0.002704725 -0.0103125
v 0.01799934 -0.002704725 -0.0065625
v 0.018420495 -0.002825655 -0.0103125
v 0.018420495 -0.002825655 -0.0065625
v 0.01882179 -0.002909475 -0.0103125
v 0.01882179 -0.002909475 -0.0065625
v 0.019194435 -0.002955585 -0.0103125
v 0.019194435 -0.002955585 -0.0065625
v 0.019571355 -0.00296619 -0.0103125
v 0.019571355 -0.00296619 -0.0065625
v 0.019973055 -0.0029457 -0.0103125
v 0.019973055 -0.0029457 -0.0065625
v 0.020391885 -0.002891355 -0.0103125
v 0.020391885 -0.002891355 -0.0065625
v 0.02085471 -0.00279039 -0.0103125
v 0.02085471 -0.00279039 -0.0065625
v 0.0211035 -0.00272505 -0.0103125
v 0.0211035 -0.00272505 -0.0065625
v 0.02136255 -0.00264933 -0.0103125
v 0.02136255 -0.00264933 -0.0065625
v 0.02163318 -0.00255954 -0.0103125
v 0.02163318 -0.00255954 -0.0065625
v 0.02191674 -0.00245202 -0.0103125
v 0.02191674 -0.00245202 -0.0065625
v 0.02221455 -0.002323215 -0.0103125
v 0.02221455 -0.002323215 -0.0065625
v 0.02252601 -0.002174715 -0.0103125
v 0.02252601 -0.002174715 -0.0065625
v 0.02285049 -0.00200823 -0.0103125
v 0.02285049 -0.00200823 -0.0065625
v 0.023188005 -0.00182376 -0.0103125
v 0.023188005 -0.00182376 -0.0065625
v 0.023538555 -0.001621305 -0.0103125
v 0.023538555 -0.001621305 -0.0065625
v 0.023902125 -0.00140088 -0.0103125
v 0.023902125 -0.00140088 -0.0065625
v 0.024000735 -0.00133686 -0.0103125
v 0.024047625 -0.00130854 -0.0065625
v 0.02408931 -0.001268415 -0.0103125
v 0.024167865 -0.00119556 -0.0103125
v 0.024176655 -0.00118581 -0.0065625
v 0.024236385 -0.00111828 -0.0103125
v 0.02429433 -0.00103107 -0.0065625
v 0.02434191 -0.00094578 -0.0103125
v 0.024385335 -0.000849105 -0.0065625
v 0.02441019 -0.000764985 -0.0103125
v 0.02441445 -0.000749895 -0.0065625
v 0.024445515 -0.00059001 -0.0103125
v 0.02443434 -0.000644655 -0.0065625
v 0.024445005 -0.000533415 -0.0065625
v 0.02444646 -0.00041616 -0.0103125
v 0.02444646 -0.00041616 -0.0065625
v 0.02445 -1.425e-06 -0.0103125
v 0.02445 -1.425e-06 -0.0065625
v 0.024446505 0.00041331 -0.0103125
v 0.024446505 0.00041331 -0.0065625
v 0.02444721 0.00052107 -0.0103125
v 0.024444825 0.000593535 -0.0065625
v 0.024438675 0.00062493 -0.0103125
v 0.02440764 0.000772725 -0.0065625
v 0.02439384 0.000820965 -0.0103125
v 0.0243354 0.00095571 -0.0065625
v 0.024308745 0.001004385 -0.0103125
v 0.02422674 0.001128015 -0.0065625
v 0.024193155 0.001166295 -0.0103125
v 0.02415819 0.00120411 -0.0065625
v 0.02405682 0.0012978 -0.0103125
v 0.02408028 0.00127512 -0.0065625
v 0.023993055 0.00134103 -0.0065625
v 0.023896485 0.001401855 -0.0103125
v 0.023896485 0.001401855 -0.0065625
v 0.02352294 0.001626045 -0.0103125
v 0.02352294 0.001626045 -0.0065625
v 0.02316117 0.001831815 -0.0103125
v 0.02316117 0.001831815 -0.0065625
v 0.022811145 0.002019165 -0.0103125
v 0.022811145 0.002019165 -0.0065625
v 0.02247288 0.00218808 -0.0103125
v 0.02247288 0.00218808 -0.0065625
v 0.022146375 0.00233847 -0.0103125
v 0.022146375 0.00233847 -0.0065625
v 0.02183142 0.00246792 -0.0103125
v 0.02183142 0.00246792 -0.0065625
v 0.021528105 0.00257769 -0.0103125
v 0.021528105 0.00257769 -0.0065625
v 0.02123673 0.002670915 -0.0103125
v 0.02123673 0.002670915 -0.0065625
v 0.02095752 0.002750715 -0.0103125
v 0.02095752 0.002750715 -0.0065625
v 0.02069115 0.002819595 -0.0103125
v 0.02069115 0.002819595 -0.0065625
v 0.020440245 0.00287433 -0.0103125
v 0.020440245 0.00287433 -0.0065625
v 0.020202255 0.00291531 -0.0103125
v 0.020202255 0.00291531 -0.0065625
v 0.019973505 0.002944245 -0.0103125
v 0.019973505 0.002944245 -0.0065625
v 0.01975029 0.002962905 -0.0103125
v 0.01975029 0.002962905 -0.0065625
v 0.01932537 0.0029724 -0.0103125
v 0.01932537 0.0029724 -0.0065625
v 0.01892418 0.00293946 -0.0103125
v 0.01892418 0.00293946 -0.0065625
v 0.01849659 0.002859255 -0.0103125
v 0.01849659 0.002859255 -0.0065625
v 0.01804353 0.00273186 -0.0103125
v 0.01804353 0.00273186 -0.0065625
v 0.01757103 0.00255783 -0.0103125
v 0.01757103 0.00255783 -0.0065625
v 0.017382045 0.0024783 -0.0103125
v 0.0173724 0.002473785 -0.0065625
v 0.017179005 0.00241332 -0.0103125
v 0.017158005 0.00240693 -0.0065625
v 0.016961355 0.002357985 -0.0103125
v 0.0169263 0.002351955 -0.0065625
v 0.016730685 0.00232698 -0.0103125
v 0.016681905 0.00232485 -0.0065625
v 0.016484415 0.00233217 -0.0103125
v 0.016423695 0.002340015 -0.0065625
v 0.016234575 0.00237714 -0.0103125
v 0.0161673 0.00239703 -0.0065625
v 0.01598772 0.00247215 -0.0103125
v 0.01592523 0.002504055 -0.0065625
v 0.015868335 0.002536005 -0.0103125
v 0.015757665 0.002608965 -0.0103125
v 0.01570578 0.002649705 -0.0065625
v 0.015655545 0.00269325 -0.0103125
v 0.015560055 0.002788725 -0.0103125
v 0.015521955 0.00283023 -0.0065625
v 0.015395955 0.00299367 -0.0103125
v 0.01537197 0.003030795 -0.0065625
v 0.015276135 0.00320844 -0.0103125
v 0.01526262 0.003236325 -0.0065625
v 0.015186945 0.003426855 -0.0103125
v 0.01518114 0.003443835 -0.0065625
v 0.015117135 0.003636195 -0.0103125
v 0.015115785 0.003644295 -0.0065625
v 0.01507044 0.003840705 -0.0103125
v 0.01507044 0.003840705 -0.0065625
v 0.014890425 0.00448827 -0.0103125
v 0.014890425 0.00448827 -0.0065625
v 0.014682795 0.00512685 -0.0103125
v 0.014682795 0.00512685 -0.0065625
v 0.01444758 0.005756445 -0.0103125
v 0.01444758 0.005756445 -0.0065625
v 0.014368845 0.005941995 -0.0103125
v 0.01436397 0.005952855 -0.0065625
v 0.01430397 0.00614199 -0.0103125
v 0.01429704 0.006164595 -0.0065625
v 0.0142482 0.006356655 -0.0103125
v 0.014241765 0.006393015 -0.0065625
v 0.01421583 0.00658536 -0.0103125
v 0.01421316 0.006634065 -0.0065625
v 0.014218305 0.006832275 -0.0103125
v 0.01422429 0.00688905 -0.0065625
v 0.014259375 0.007083195 -0.0103125
v 0.01427598 0.00714333 -0.0065625
v 0.014349075 0.00732921 -0.0103125
v 0.014376705 0.00738573 -0.0065625
v 0.014479935 0.00755859 -0.0103125
v 0.01451646 0.007607235 -0.0065625
v 0.0146532 0.00775722 -0.0103125
v 0.01469322 0.007795035 -0.0065625
v 0.01485264 0.0079233 -0.0103125
v 0.01489161 0.00794946 -0.0065625
v 0.01506462 0.00804591 -0.0103125
v 0.015096945 0.008062065 -0.0065625
v 0.01528266 0.008138325 -0.0103125
v 0.015305235 0.00814629 -0.0065625
v 0.015494385 0.008211405 -0.0103125
v 0.015506445 0.008214105 -0.0065625
v 0.015703935 0.008261505 -0.0103125
v 0.015703935 0.008261505 -0.0065625
v 0.016151565 0.008391585 -0.0103125
v 0.016151565 0.008391585 -0.0065625
v 0.016563375 0.008541285 -0.0103125
v 0.016563375 0.008541285 -0.0065625
v 0.016937295 0.008709345 -0.0103125
v 0.016937295 0.008709345 -0.0065625
v 0.01726587 0.008891085 -0.0103125
v 0.01726587 0.008891085 -0.0065625
v 0.017577045 0.009104055 -0.0103125
v 0.017577045 0.009104055 -0.0065625
v 0.017889975 0.00935673 -0.0103125
v 0.017889975 0.00935673 -0.0065625
v 0.018196875 0.00964689 -0.0103125
v 0.018196875 0.00964689 -0.0065625
v 0.018511965 0.010000605 -0.0103125
v 0.018511965 0.010000605 -0.0065625
v 0.018674835 0.010199715 -0.0103125
v 0.018674835 0.010199715 -0.0065625
v 0.018839895 0.01041324 -0.0103125
v 0.018839895 0.01041324 -0.0065625
v 0.019006065 0.010644945 -0.0103125
v 0.019006065 0.010644945 -0.0065625
v 0.01917228 0.01089861 -0.0103125
v 0.01917228 0.01089861 -0.0065625
v 0.019337505 0.01117785 -0.0103125
v 0.019337505 0.01117785 -0.0065625
v 0.01950219 0.011481075 -0.0103125
v 0.01950219 0.011481075 -0.0065625
v 0.019666845 0.011806485 -0.0103125
v 0.019666845 0.011806485 -0.0065625
v 0.01983147 0.01215411 -0.0103125
v 0.01983147 0.01215411 -0.0065625
v 0.019996065 0.01252395 -0.0103125
v 0.019996065 0.01252395 -0.0065625
v 0.020160645 0.012915975 -0.0103125
v 0.020160645 0.012915975 -0.0065625
v 0.02019855 0.013028745 -0.0103125
v 0.020228475 0.01309602 -0.0065625
v 0.020227485 0.01313793 -0.0103125
v 0.02024742 0.01324353 -0.0103125
v 0.020260335 0.013283445 -0.0065625
v 0.020258355 0.013345545 -0.0103125
v 0.020256585 0.0134829 -0.0065625
v 0.02025327 0.01353882 -0.0103125
v 0.020216145 0.01368045 -0.0065625
v 0.020212215 0.013717755 -0.0103125
v 0.02013789 0.01386213 -0.0065625
v 0.02013519 0.013882335 -0.0103125
v 0.02002221 0.01403259 -0.0103125
v 0.02002221 0.01403259 -0.0065625
v 0.019781295 0.014370195 -0.0103125
v 0.019781295 0.014370195 -0.0065625
v 0.019534695 0.014703675 -0.0103125
v 0.019534695 0.014703675 -0.0065625
v 0.01942758 0.01484838 -0.0103125
v 0.019429995 0.014845965 -0.0065625
v 0.01929636 0.01496799 -0.0065625
v 0.01929216 0.01497147 -0.0103125
v 0.01913154 0.015074355 -0.0065625
v 0.0191259 0.01507716 -0.0103125
v 0.018942315 0.01515129 -0.0065625
v 0.01893648 0.01515279 -0.0103125
v 0.018841365 0.01517298 -0.0065625
v 0.018836295 0.01517406 -0.0103125
v 0.01873545 0.015185025 -0.0065625
v 0.018731595 0.0151857 -0.0103125
v 0.01862454 0.015187395 -0.0065625
v 0.01862238 0.015187725 -0.0103125
v 0.01850868 0.015180135 -0.0103125
v 0.01850868 0.015180135 -0.0065625
v 0.0180747 0.015141945 -0.0103125
v 0.0180747 0.015141945 -0.0065625
v 0.01766106 0.01509576 -0.0103125
v 0.01766106 0.01509576 -0.0065625
v 0.017267775 0.01504158 -0.0103125
v 0.017267775 0.01504158 -0.0065625
v 0.01689483 0.01497942 -0.0103125
v 0.01689483 0.01497942 -0.0065625
v 0.01654227 0.014909175 -0.0103125
v 0.01654227 0.014909175 -0.0065625
v 0.016211385 0.014828775 -0.0103125
v 0.016211385 0.014828775 -0.0065625
v 0.015901485 0.0147393 -0.0103125
v 0.015901485 0.0147393 -0.0065625
v 0.01561095 0.01464345 -0.0103125
v 0.01561095 0.01464345 -0.0065625
v 0.01533816 0.014543895 -0.0103125
v 0.01533816 0.014543895 -0.0065625
v 0.01508217 0.01444305 -0.0103125
v 0.01508217 0.01444305 -0.0065625
v 0.014847015 0.014339865 -0.0103125
v 0.014847015 0.014339865 -0.0065625
v 0.014630385 0.014233125 -0.0103125
v 0.014630385 0.014233125 -0.0065625
v 0.01442832 0.01412208 -0.0103125
v 0.01442832 0.01412208 -0.0065625
v 0.01423677 0.014005965 -0.0103125
v 0.01423677 0.014005965 -0.0065625
v 0.01388742 0.013763895 -0.0103125
v 0.01388742 0.013763895 -0.0065625
v 0.013582215 0.01350144 -0.0103125
v 0.013582215 0.01350144 -0.0065625
v 0.01328343 0.01318521 -0.0103125
v 0.01328343 0.01318521 -0.0065625
v 0.01299177 0.012815835 -0.0103125
v 0.01299177 0.012815835 -0.0065625
v 0.01271181 0.012397335 -0.0103125
v 0.01271181 0.012397335 -0.0065625
v 0.012605775 0.012221745 -0.0103125
v 0.012601815 0.012214425 -0.0065625
v 0.01247892 0.012049095 -0.0103125
v 0.01246845 0.01203522 -0.0065625
v 0.01233348 0.01187475 -0.0103125
v 0.012313935 0.01185441 -0.0065625
v 0.01216275 0.011712615 -0.0103125
v 0.012131655 0.01168794 -0.0065625
v 0.01195773 0.011571885 -0.0103125
v 0.011910495 0.01154667 -0.0065625
v 0.01172751 0.011462085 -0.0103125
v 0.01178955 0.011487345 -0.0065625
v 0.011666205 0.011440665 -0.0065625
v 0.011473425 0.011395725 -0.0103125
v 0.01153893 0.011407455 -0.0065625
v 0.01140672 0.01138572 -0.0065625
v 0.011209815 0.011372895 -0.0103125
v 0.011144445 0.01137555 -0.0065625
v 0.010948215 0.01140198 -0.0103125
v 0.01089285 0.011413125 -0.0065625
v 0.010698405 0.011470545 -0.0103125
v 0.01065672 0.01148658 -0.0065625
v 0.01047594 0.01157322 -0.0103125
v 0.01044747 0.011588475 -0.0065625
v 0.01027488 0.01169721 -0.0103125
v 0.010258695 0.01170858 -0.0065625
v 0.010094385 0.011826105 -0.0103125
v 0.010087455 0.01183263 -0.0065625
v 0.00993474 0.01196538 -0.0103125
v 0.00993474 0.01196538 -0.0065625
v 0.009408465 0.01238346 -0.0103125
v 0.009408465 0.01238346 -0.0065625
v 0.00886515 0.01277805 -0.0103125
v 0.00886515 0.01277805 -0.0065625
v 0.00830478 0.013149135 -0.0103125
v 0.00830478 0.013149135 -0.0065625
v 0.00813345 0.01325202 -0.0103125
v 0.008123355 0.0132576 -0.0065625
v 0.00796422 0.013374975 -0.0103125
v 0.00794517 0.01338927 -0.0065625
v 0.00779301 0.013515345 -0.0103125
v 0.007764915 0.01354269 -0.0065625
v 0.007632015 0.0136812 -0.0103125
v 0.00759858 0.013722225 -0.0065625
v 0.007488105 0.01388316 -0.0103125
v 0.0074577 0.013935375 -0.0065625
v 0.00737304 0.014110965 -0.0103125
v 0.007350405 0.014171295 -0.0065625
v 0.00730083 0.01436235 -0.0103125
v 0.007289715 0.0144261 -0.0065625
v 0.0072717 0.01462404 -0.0103125
v 0.00727263 0.014686455 -0.0065625
v 0.007294335 0.014885295 -0.0103125
v 0.007304385 0.01494 -0.0065625
v 0.00735741 0.01513614 -0.0103125
v 0.00737325 0.015179745 -0.0065625
v 0.007457025 0.01536123 -0.0103125
v 0.007473045 0.015392265 -0.0065625
v 0.007579575 0.015565845 -0.0103125
v 0.007592325 0.01558437 -0.0065625
v 0.00770829 0.01575021 -0.0103125
v 0.007715865 0.015758655 -0.0065625
v 0.00784875 0.015914235 -0.0103125
v 0.00784875 0.015914235 -0.0065625
v 0.008134455 0.01628259 -0.0103125
v 0.008134455 0.01628259 -0.0065625
v 0.008379615 0.016645755 -0.0103125
v 0.008379615 0.016645755 -0.0065625
v 0.00858333 0.01700151 -0.0103125
v 0.00858333 0.01700151 -0.0065625
v 0.00874233 0.017341665 -0.0103125
v 0.00874233 0.017341665 -0.0065625
v 0.0088689 0.017696865 -0.0103125
v 0.0088689 0.017696865 -0.0065625
v 0.00897354 0.01808523 -0.0103125
v 0.00897354 0.01808523 -0.0065625
v 0.009051285 0.018500355 -0.0103125
v 0.009051285 0.018500355 -0.0065625
v 0.00909828 0.01897173 -0.0103125
v 0.00909828 0.01897173 -0.0065625
v 0.009113025 0.01922853 -0.0103125
v 0.009113025 0.01922853 -0.0065625
v 0.00912105 0.019498305 -0.0103125
v 0.00912105 0.019498305 -0.0065625
v 0.00911928 0.019783425 -0.0103125
v 0.00911928 0.019783425 -0.0065625
v 0.009104655 0.02008635 -0.0103125
v 0.009104655 0.02008635 -0.0065625
v 0.00907419 0.020409375 -0.0103125
v 0.00907419 0.020409375 -0.0065625
v 0.00902919 0.02075148 -0.0103125
v 0.00902919 0.02075148 -0.0065625
v 0.008971125 0.02111154 -0.0103125
v 0.008971125 0.02111154 -0.0065625
v 0.008899995 0.02148954 -0.0103125
v 0.008899995 0.02148954 -0.0065625
v 0.00881577 0.02188548 -0.0103125
v 0.00881577 0.02188548 -0.0065625
v 0.00871848 0.022299375 -0.0103125
v 0.00871848 0.022299375 -0.0065625
v 0.00868935 0.02241087 -0.0103125
v 0.00867483 0.022467885 -0.0065625
v 0.008652585 0.02251476 -0.0103125
v 0.0086082 0.022611045 -0.0103125
v 0.008597565 0.022629165 -0.0065625
v 0.008556165 0.022699725 -0.0103125
v 0.008486865 0.022788255 -0.0065625
v 0.00842391 0.02285517 -0.0103125
v 0.00834225 0.022930035 -0.0065625
v 0.00827175 0.022978425 -0.0103125
v 0.00825705 0.02298813 -0.0065625
v 0.0081156 0.023066865 -0.0103125
v 0.0081633 0.023039385 -0.0065625
v 0.008061 0.0230838 -0.0065625
v 0.00795015 0.02312136 -0.0103125
v 0.00795015 0.02312136 -0.0065625
v 0.00755682 0.023252895 -0.0103125
v 0.00755682 0.023252895 -0.0065625
v 0.0071613 0.023377725 -0.0103125
v 0.0071613 0.023377725 -0.0065625
v 0.007048455 0.02341233 -0.0103125
v 0.00696975 0.02343513 -0.0065625
v 0.00693894 0.02343651 -0.0103125
v 0.006832725 0.023450235 -0.0103125
v 0.00677436 0.02345328 -0.0065625
v 0.00672984 0.02345352 -0.0103125
v 0.00667296 0.02344701 -0.0065625
v 0.006532455 0.023425245 -0.0103125
v 0.0065691 0.023430525 -0.0065625
v 0.006372105 0.023371845 -0.0065625
v 0.00635148 0.02336223 -0.0103125
v 0.00620148 0.023282265 -0.0065625
v 0.006191565 0.02327502 -0.0103125
v 0.00605118 0.023160105 -0.0103125
v 0.00605118 0.023160105 -0.0065625
v 0.005722515 0.02287413 -0.0103125
v 0.005722515 0.02287413 -0.0065625
v 0.00541503 0.022593645 -0.0103125
v 0.00541503 0.022593645 -0.0065625
v 0.005128695 0.022318635 -0.0103125
v 0.005128695 0.022318635 -0.0065625
v 0.004863525 0.02204913 -0.0103125
v 0.004863525 0.02204913 -0.0065625
v 0.004619595 0.02178507 -0.0103125
v 0.004619595 0.02178507 -0.0065625
v 0.004399155 0.02152554 -0.0103125
v 0.004399155 0.02152554 -0.0065625
v 0.00420102 0.021271005 -0.0103125
v 0.00420102 0.021271005 -0.0065625
v 0.004022325 0.02102268 -0.0103125
v 0.004022325 0.02102268 -0.0065625
v 0.003860145 0.020781795 -0.0103125
v 0.003860145 0.020781795 -0.0065625
v 0.00371232 0.02054976 -0.0103125
v 0.00371232 0.02054976 -0.0065625
v 0.00358272 0.020328045 -0.0103125
v 0.00358272 0.020328045 -0.0065625
v 0.00347022 0.02011437 -0.0103125
v 0.00347022 0.02011437 -0.0065625
v 0.003372 0.01990575 -0.0103125
v 0.003372 0.01990575 -0.0065625
v 0.003285285 0.01969923 -0.0103125
v 0.003285285 0.01969923 -0.0065625
v 0.003144945 0.01929804 -0.0103125
v 0.003144945 0.01929804 -0.0065625
v 0.003052305 0.018906315 -0.0103125
v 0.003052305 0.018906315 -0.0065625
v 0.002996445 0.018474855 -0.0103125
v 0.002996445 0.018474855 -0.0065625
v 0.002977605 0.018004605 -0.0103125
v 0.002977605 0.018004605 -0.0065625
v 0.002997105 0.01750146 -0.0103125
v 0.002997105 0.01750146 -0.0065625
v 0.0030144 0.01729854 -0.0103125
v 0.003015675 0.01728606 -0.0065625
v 0.003013425 0.017085585 -0.0103125
v 0.003012975 0.01706124 -0.0065625
v 0.00299892 0.01686054 -0.0103125
v 0.002993595 0.01682394 -0.0065625
v 0.002956635 0.0166296 -0.0103125
v 0.002943765 0.016583325 -0.0065625
v 0.002873445 0.016393365 -0.0103125
v 0.002849505 0.016342545 -0.0065625
v 0.00275061 0.01616643 -0.0103125
v 0.002716035 0.01611642 -0.0065625
v 0.00267144 0.01606152 -0.0103125
v 0.002580795 0.01596045 -0.0103125
v 0.002539455 0.015919395 -0.0065625
v 0.00248163 0.01586697 -0.0103125
v 0.002376825 0.01578477 -0.0103125
v 0.00233316 0.015755775 -0.0065625
v 0.002264175 0.015714525 -0.0103125
v 0.002143095 0.01565436 -0.0103125
v 0.00210471 0.015636795 -0.0065625
v 0.001897605 0.01556397 -0.0103125
v 0.001867695 0.01555617 -0.0065625
v 0.001660335 0.015518385 -0.0103125
v 0.00163866 0.015515685 -0.0065625
v 0.001429785 0.01550253 -0.0103125
v 0.0014163 0.015502335 -0.0065625
v 0.001211745 0.015501285 -0.0103125
v 0.00120537 0.01550211 -0.0065625
v 0.001004295 0.01551969 -0.0103125
v 0.001004295 0.01551969 -0.0065625
v 0.00033279 0.01554858 -0.0103125
v 0.00033279 0.01554858 -0.0065625
v -0.000338685 0.01554846 -0.0103125
v -0.000338685 0.01554846 -0.0065625
v -0.00101016 0.015519315 -0.0103125
v -0.00101016 0.015519315 -0.0065625
v -0.001210665 0.015501795 -0.0103125
v -0.0012168 0.015497805 -0.0065625
v -0.00142059 0.015501855 -0.0103125
v -0.001432635 0.015498915 -0.0065625
v -0.00164151 0.015514995 -0.0103125
v -0.001660125 0.015519945 -0.0065625
v -0.0018687 0.015554685 -0.0103125
v -0.001898025 0.01556226 -0.0065625
v -0.00210321 0.01563351 -0.0103125
v -0.00212982 0.01564581 -0.0065625
v -0.002329395 0.015749835 -0.0103125
v -0.00236076 0.01577352 -0.0065625
v -0.00253446 0.015909555 -0.0103125
v -0.002566185 0.01593606 -0.0065625
v -0.002710935 0.016102665 -0.0103125
v -0.00273249 0.01613655 -0.0065625
v -0.002846145 0.016325835 -0.0103125
v -0.00286374 0.016363005 -0.0065625
v -0.00294297 0.016564845 -0.0103125
v -0.00295101 0.016593915 -0.0065625
v -0.00299541 0.016805715 -0.0103125
v -0.00299709 0.01683369 -0.0065625
v -0.00301725 0.017044305 -0.0103125
v -0.003021135 0.017062905 -0.0065625
v -0.003021705 0.01727073 -0.0103125
v -0.00302442 0.01728015 -0.0065625
v -0.00300438 0.017488275 -0.0103125
v -0.00300438 0.017488275 -0.0065625
v -0.002989755 0.017954205 -0.0103125
v -0.002989755 0.017954205 -0.0065625
v -0.003004875 0.0183921 -0.0103125
v -0.003004875 0.0183921 -0.0065625
v -0.00304917 0.018799665 -0.0103125
v -0.00304917 0.018799665 -0.0065625
v -0.00312048 0.019168305 -0.0103125
v -0.00312048 0.019168305 -0.0065625
v -0.00322686 0.019530075 -0.0103125
v -0.00322686 0.019530075 -0.0065625
v -0.00337047 0.019905765 -0.0103125
v -0.00337047 0.019905765 -0.0065625
v -0.003551595 0.02028732 -0.0103125
v -0.003551595 0.02028732 -0.0065625
v -0.003790635 0.02069628 -0.0103125
v -0.003790635 0.02069628 -0.0065625
v -0.00392967 0.020912715 -0.0103125
v -0.00392967 0.020912715 -0.0065625
v -0.004081725 0.021135675 -0.0103125
v -0.004081725 0.021135675 -0.0065625
v -0.004250745 0.02136531 -0.0103125
v -0.004250745 0.02136531 -0.0065625
v -0.00444063 0.02160177 -0.0103125
v -0.00444063 0.02160177 -0.0065625
v -0.00465516 0.021845205 -0.0103125
v -0.00465516 0.021845205 -0.0065625
v -0.00489264 0.022095525 -0.0103125
v -0.00489264 0.022095525 -0.0065625
v -0.005151255 0.022352685 -0.0103125
v -0.005151255 0.022352685 -0.0065625
v -0.00543099 0.022616685 -0.0103125
v -0.00543099 0.022616685 -0.0065625
v -0.00573186 0.02288751 -0.0103125
v -0.00573186 0.02288751 -0.0065625
v -0.006053835 0.02316516 -0.0103125
v -0.006053835 0.02316516 -0.0065625
v -0.00620199 0.02328483 -0.0103125
v -0.006193635 0.0232788 -0.0065625
v -0.006353775 0.02336487 -0.0065625
v -0.006371025 0.023372865 -0.0103125
v -0.006536775 0.02342682 -0.0065625
v -0.00656706 0.023431125 -0.0103125
v -0.006670635 0.023447685 -0.0103125
v -0.006735195 0.023454315 -0.0065625
v -0.006771795 0.023454 -0.0103125
v -0.006837105 0.023450865 -0.0065625
v -0.006966945 0.02343585 -0.0103125
v -0.00694164 0.023437095 -0.0065625
v -0.0070488 0.02341299 -0.0065625
v -0.007158585 0.023378565 -0.0103125
v -0.007158585 0.023378565 -0.0065625
v -0.007554105 0.023253765 -0.0103125
v -0.007554105 0.023253765 -0.0065625
v -0.007947465 0.02312229 -0.0103125
v -0.007947465 0.02312229 -0.0065625
v -0.008056845 0.023086035 -0.0103125
v -0.008122785 0.02306298 -0.0065625
v -0.008158185 0.023042445 -0.0103125
v -0.00825147 0.02299152 -0.0103125
v -0.008284365 0.022969695 -0.0065625
v -0.008336715 0.02293326 -0.0103125
v -0.00841416 0.022865535 -0.0103125
v -0.008436915 0.022840095 -0.0065625
v -0.00848376 0.022789065 -0.0103125
v -0.008566275 0.02268114 -0.0065625
v -0.008597205 0.022626855 -0.0103125
v -0.00861636 0.022593555 -0.0065625
v -0.008674935 0.022463625 -0.0103125
v -0.008658285 0.02249979 -0.0065625
v -0.00869205 0.022399845 -0.0065625
v -0.00871767 0.02229372 -0.0103125
v -0.00871767 0.02229372 -0.0065625
v -0.008815455 0.021869175 -0.0103125
v -0.008815455 0.021869175 -0.0065625
v -0.00889935 0.021461505 -0.0103125
v -0.00889935 0.021461505 -0.0065625
v -0.00896937 0.021070725 -0.0103125
v -0.00896937 0.021070725 -0.0065625
v -0.009025485 0.020696835 -0.0103125
v -0.009025485 0.020696835 -0.0065625
v -0.00906762 0.02033982 -0.0103125
v -0.00906762 0.02033982 -0.0065625
v -0.009093405 0.02000028 -0.0103125
v -0.009093405 0.02000028 -0.0065625
v -0.009104085 0.0196779 -0.0103125
v -0.009104085 0.0196779 -0.0065625
v -0.00910269 0.019371975 -0.0103125
v -0.00910269 0.019371975 -0.0065625
v -0.009092325 0.01908177 -0.0103125
v -0.009092325 0.01908177 -0.0065625
v -0.00907551 0.01880715 -0.0103125
v -0.00907551 0.01880715 -0.0065625
v -0.00905004 0.01855161 -0.0103125
v -0.00905004 0.01855161 -0.0065625
v -0.009015465 0.0183126 -0.0103125
v -0.009015465 0.0183126 -0.0065625
v -0.008972295 0.0180861 -0.0103125
v -0.008972295 0.0180861 -0.0065625
v -0.00892107 0.01786806 -0.0103125
v -0.00892107 0.01786806 -0.0065625
v -0.00879879 0.01746099 -0.0103125
v -0.00879879 0.01746099 -0.0065625
v -0.008643495 0.01708962 -0.0103125
v -0.008643495 0.01708962 -0.0065625
v -0.00843507 0.016707735 -0.0103125
v -0.00843507 0.016707735 -0.0065625
v -0.008173905 0.01631622 -0.0103125
v -0.008173905 0.01631622 -0.0065625
v -0.0078624 0.01592064 -0.0103125
v -0.0078624 0.01592064 -0.0065625
v -0.00772821 0.01576557 -0.0103125
v -0.007719615 0.01575612 -0.0065625
v -0.007603245 0.01559166 -0.0103125
v -0.007588785 0.015570885 -0.0065625
v -0.007482465 0.015400245 -0.0103125
v -0.007464225 0.01536507 -0.0065625
v -0.00738102 0.01518729 -0.0103125
v -0.00736296 0.015138225 -0.0065625
v -0.00731007 0.01494381 -0.0103125
v -0.007298805 0.014884275 -0.0065625
v -0.007276695 0.014686005 -0.0103125
v -0.007275705 0.014620125 -0.0065625
v -0.00729378 0.014423385 -0.0103125
v -0.0073053 0.014357445 -0.0065625
v -0.00735522 0.014167065 -0.0103125
v -0.00737832 0.014105835 -0.0065625
v -0.00746379 0.013929825 -0.0103125
v -0.007494 0.01387797 -0.0065625
v -0.00760569 0.01371615 -0.0103125
v -0.00763842 0.013676205 -0.0065625
v -0.007771515 0.01353771 -0.0103125
v -0.00779979 0.01351059 -0.0065625
v -0.00795087 0.01338567 -0.0103125
v -0.007970985 0.013370595 -0.0065625
v -0.008128605 0.01325448 -0.0103125
v -0.0081396 0.01324818 -0.0065625
v -0.00830976 0.013146 -0.0103125
v -0.00830976 0.013146 -0.0065625
v -0.008869995 0.012774675 -0.0103125
v -0.008869995 0.012774675 -0.0065625
v -0.00941316 0.01237989 -0.0103125
v -0.00941316 0.01237989 -0.0065625
v -0.009939255 0.01196163 -0.0103125
v -0.009939255 0.01196163 -0.0065625
v -0.01009122 0.011829555 -0.0103125
v -0.010099815 0.011821635 -0.0065625
v -0.0102612 0.01170615 -0.0103125
v -0.010280625 0.011692515 -0.0065625
v -0.01044792 0.011586825 -0.0103125
v -0.0104817 0.01156896 -0.0065625
v -0.01065528 0.01148535 -0.0103125
v -0.01070301 0.011466915 -0.0065625
v -0.01089099 0.01141131 -0.0103125
v -0.0109488 0.011398935 -0.0065625
v -0.01114236 0.011372685 -0.0103125
v -0.01120611 0.01136982 -0.0065625
v -0.011403495 0.011381655 -0.0103125
v -0.01146744 0.011390955 -0.0065625
v -0.01166172 0.011435025 -0.0103125
v -0.011720505 0.011455125 -0.0065625
v -0.01178451 0.01148061 -0.0103125
v -0.011904945 0.011538675 -0.0103125
v -0.01195128 0.011563275 -0.0065625
v -0.01212552 0.011677485 -0.0103125
v -0.01215747 0.011702475 -0.0065625
v -0.01230819 0.0118419 -0.0103125
v -0.01232889 0.011863065 -0.0065625
v -0.012463665 0.01202115 -0.0103125
v -0.01247505 0.01203603 -0.0065625
v -0.01259829 0.012199575 -0.0103125
v -0.012602835 0.0122076 -0.0065625
v -0.01270995 0.01238238 -0.0103125
v -0.01270995 0.01238238 -0.0065625
v -0.01297197 0.012767925 -0.0103125
v -0.01297197 0.012767925 -0.0065625
v -0.01324161 0.0131133 -0.0103125
v -0.01324161 0.0131133 -0.0065625
v -0.013516995 0.01341699 -0.0103125
v -0.013516995 0.01341699 -0.0065625
v -0.013791375 0.01367331 -0.0103125
v -0.013791375 0.01367331 -0.0065625
v -0.014090085 0.013903455 -0.0103125
v -0.014090085 0.013903455 -0.0065625
v -0.01442709 0.014122995 -0.0103125
v -0.01442709 0.014122995 -0.0065625
v -0.01479789 0.01432521 -0.0103125
v -0.01479789 0.01432521 -0.0065625
v -0.01523166 0.014515575 -0.0103125
v -0.01523166 0.014515575 -0.0065625
v -0.015471345 0.014608935 -0.0103125
v -0.015471345 0.014608935 -0.0065625
v -0.01572543 0.01469994 -0.0103125
v -0.01572543 0.01469994 -0.0065625
v -0.01599714 0.01478637 -0.0103125
v -0.01599714 0.01478637 -0.0065625
v -0.01628976 0.014866065 -0.0103125
v -0.01628976 0.014866065 -0.0065625
v -0.01660638 0.01493691 -0.0103125
v -0.01660638 0.01493691 -0.0065625
v -0.01694565 0.014999835 -0.0103125
v -0.01694565 0.014999835 -0.0065625
v -0.017306025 0.015055875 -0.0103125
v -0.017306025 0.015055875 -0.0065625
v -0.01768752 0.01510503 -0.0103125
v -0.01768752 0.01510503 -0.0065625
v -0.018090105 0.015147285 -0.0103125
v -0.018090105 0.015147285 -0.0065625
v -0.01851381 0.015182655 -0.0103125
v -0.01851381 0.015182655 -0.0065625
v -0.01862937 0.015188895 -0.0103125
v -0.01871709 0.01518996 -0.0065625
v -0.018740325 0.01518555 -0.0103125
v -0.01884666 0.015172665 -0.0103125
v -0.01891092 0.01516026 -0.0065625
v -0.018949215 0.015149775 -0.0103125
v -0.019098975 0.01509138 -0.0065625
v -0.019137975 0.01507656 -0.0103125
v -0.01927023 0.014989815 -0.0065625
v -0.01929654 0.01496754 -0.0103125
v -0.019413675 0.014862045 -0.0065625
v -0.01942809 0.014842305 -0.0103125
v -0.019532985 0.01470594 -0.0103125
v -0.019532985 0.01470594 -0.0065625
v -0.01977963 0.014372505 -0.0103125
v -0.01977963 0.014372505 -0.0065625
v -0.020020575 0.014034915 -0.0103125
v -0.020020575 0.014034915 -0.0065625
v -0.02013411 0.013867575 -0.0103125
v -0.02012361 0.013892745 -0.0065625
v -0.02019828 0.01372665 -0.0065625
v -0.02021205 0.01369014 -0.0103125
v -0.02024814 0.013531095 -0.0065625
v -0.020255085 0.013500615 -0.0103125
v -0.0202611 0.01342644 -0.0065625
v -0.020261115 0.01330503 -0.0103125
v -0.02026254 0.01332273 -0.0065625
v -0.020252025 0.013220655 -0.0065625
v -0.020228085 0.01310946 -0.0103125
v -0.020230875 0.01311816 -0.0065625
v -0.020199075 0.01301523 -0.0065625
v -0.02019717 0.013010925 -0.0103125
v -0.020156655 0.01291188 -0.0103125
v -0.020156655 0.01291188 -0.0065625
v -0.019986225 0.01251093 -0.0103125
v -0.019986225 0.01251093 -0.0065625
v -0.01981449 0.01213182 -0.0103125
v -0.01981449 0.01213182 -0.0065625
v -0.019641435 0.01177452 -0.0103125
v -0.019641435 0.01177452 -0.0065625
v -0.01946706 0.011439045 -0.0103125
v -0.01946706 0.011439045 -0.0065625
v -0.019291305 0.011125455 -0.0103125
v -0.019291305 0.011125455 -0.0065625
v -0.019112595 0.010835595 -0.0103125
v -0.019112595 0.010835595 -0.0065625
v -0.01893174 0.010568505 -0.0103125
v -0.01893174 0.010568505 -0.0065625
v -0.018750795 0.010321815 -0.0103125
v -0.018750795 0.010321815 -0.0065625
v -0.018571815 0.01009314 -0.0103125
v -0.018571815 0.01009314 -0.0065625
v -0.01839681 0.009880845 -0.0103125
v -0.01839681 0.009880845 -0.0065625
v -0.01822599 0.009689085 -0.0103125
v -0.01822599 0.009689085 -0.0065625
v -0.01805754 0.00951606 -0.0103125
v -0.01805754 0.00951606 -0.0065625
v -0.01788948 0.009358185 -0.0103125
v -0.01788948 0.009358185 -0.0065625
v -0.017719875 0.00921189 -0.0103125
v -0.017719875 0.00921189 -0.0065625
v -0.017381685 0.008954445 -0.0103125
v -0.017381685 0.008954445 -0.0065625
v -0.017037765 0.008745285 -0.0103125
v -0.017037765 0.008745285 -0.0065625
v -0.016644675 0.008558835 -0.0103125
v -0.016644675 0.008558835 -0.0065625
v -0.01620327 0.008395605 -0.0103125
v -0.01620327 0.008395605 -0.0065625
v -0.015718725 0.00825867 -0.0103125
v -0.015718725 0.00825867 -0.0065625
v -0.015519555 0.008212185 -0.0103125
v -0.01550787 0.00820989 -0.0065625
v -0.015316785 0.00814521 -0.0103125
v -0.01529394 0.00813729 -0.0065625
v -0.0151071 0.008061705 -0.0103125
v -0.01507215 0.008044125 -0.0065625
v -0.01490043 0.00794973 -0.0103125
v -0.01485684 0.00792066 -0.0065625
v -0.01470078 0.0077961 -0.0103125
v -0.014656845 0.00775506 -0.0065625
v -0.01452264 0.007608465 -0.0103125
v -0.01448376 0.007557075 -0.0065625
v -0.014380935 0.00738555 -0.0103125
v -0.014352345 0.00732759 -0.0065625
v -0.01427853 0.00714096 -0.0103125
v -0.014262015 0.007081425 -0.0065625
v -0.014226375 0.00688374 -0.0103125
v -0.01422042 0.00683109 -0.0065625
v -0.014215275 0.00662637 -0.0103125
v -0.01421757 0.0065844 -0.0065625
v -0.014244165 0.00638529 -0.0103125
v -0.01424991 0.0063543 -0.0065625
v -0.01429971 0.00615771 -0.0103125
v -0.014305785 0.006137955 -0.0065625
v -0.014366535 0.0059466 -0.0103125
v -0.014370795 0.00593703 -0.0065625
v -0.014449755 0.005750985 -0.0103125
v -0.014449755 0.005750985 -0.0065625
v -0.014684745 0.005121285 -0.0103125
v -0.014684745 0.005121285 -0.0065625
v -0.01489212 0.00448263 -0.0103125
v -0.01489212 0.00448263 -0.0065625
v -0.015071895 0.00383502 -0.0103125
v -0.015071895 0.00383502 -0.0065625
v -0.015117105 0.00363897 -0.0103125
v -0.015118725 0.003630435 -0.0065625
v -0.015182235 0.00343896 -0.0103125
v -0.015188085 0.003421875 -0.0065625
v -0.0152637 0.00323178 -0.0103125
v -0.015276195 0.003205425 -0.0065625
v -0.015372315 0.003027075 -0.0103125
v -0.015394395 0.00299277 -0.0065625
v -0.015519495 0.002829045 -0.0103125
v -0.015556245 0.002789085 -0.0065625
v -0.015699795 0.002650755 -0.0103125
v -0.01565046 0.002693985 -0.0065625
v -0.015751305 0.002609805 -0.0065625
v -0.015915915 0.002505105 -0.0103125
v -0.0158607 0.00253665 -0.0065625
v -0.015978735 0.002472345 -0.0065625
v -0.01615488 0.00239688 -0.0103125
v -0.016223295 0.00237597 -0.0065625
v -0.01640847 0.002337645 -0.0103125
v -0.01647165 0.002329035 -0.0065625
v -0.01666512 0.002319915 -0.0103125
v -0.01671714 0.00232167 -0.0065625
v -0.01691076 0.00234486 -0.0103125
v -0.01694793 0.00235077 -0.0065625
v -0.017144625 0.002398035 -0.0103125
v -0.017166285 0.00240444 -0.0065625
v -0.01736061 0.0024636 -0.0103125
v -0.017370345 0.00246819 -0.0065625
v -0.01756074 0.002546835 -0.0103125
v -0.01756074 0.002546835 -0.0065625
v -0.01799934 0.002704725 -0.0103125
v -0.01799934 0.002704725 -0.0065625
v -0.018420495 0.002825655 -0.0103125
v -0.018420495 0.002825655 -0.0065625
v -0.01882179 0.002909475 -0.0103125
v -0.01882179 0.002909475 -0.0065625
v -0.019194435 0.002955585 -0.0103125
v -0.019194435 0.002955585 -0.0065625
v -0.019571355 0.00296619 -0.0103125
v -0.019571355 0.00296619 -0.0065625
v -0.019973055 0.0029457 -0.0103125
v -0.019973055 0.0029457 -0.0065625
v -0.020391885 0.002891355 -0.0103125
v -0.020391885 0.002891355 -0.0065625
v -0.02085471 0.00279039 -0.0103125
v -0.02085471 0.00279039 -0.0065625
v -0.0211035 0.00272505 -0.0103125
v -0.0211035 0.00272505 -0.0065625
v -0.02136255 0.00264933 -0.0103125
v -0.02136255 0.00264933 -0.0065625
v -0.02163318 0.00255954 -0.0103125
v -0.02163318 0.00255954 -0.0065625
v -0.02191674 0.00245202 -0.0103125
v -0.02191674 0.00245202 -0.0065625
v -0.02221455 0.002323215 -0.0103125
v -0.02221455 0.002323215 -0.0065625
v -0.02252601 0.002174715 -0.0103125
v -0.02252601 0.002174715 -0.0065625
v -0.02285049 0.00200823 -0.0103125
v -0.02285049 0.00200823 -0.0065625
v -0.023188005 0.00182376 -0.0103125
v -0.023188005 0.00182376 -0.0065625
v -0.023538555 0.001621305 -0.0103125
v -0.023538555 0.001621305 -0.0065625
v -0.023902125 0.00140088 -0.0103125
v -0.023902125 0.00140088 -0.0065625
v -0.02400078 0.001336845 -0.0103125
v -0.02406117 0.00129735 -0.0065625
v -0.024089415 0.001268355 -0.0103125
v -0.024168 0.00119544 -0.0103125
v -0.02419683 0.001164315 -0.0065625
v -0.02423655 0.0011181 -0.0103125
v -0.024312795 0.000996825 -0.0065625
v -0.02434209 0.000945315 -0.0103125
v -0.024360615 0.00090387 -0.0065625
v -0.024410355 0.000764355 -0.0103125
v -0.024397965 0.000809715 -0.0065625
v -0.024441285 0.000617805 -0.0065625
v -0.02444562 0.00058956 -0.0103125
v -0.02444646 0.00041616 -0.0103125
v -0.02444646 0.00041616 -0.0065625
v -0.02445 1.425e-06 -0.0103125
v -0.02445 1.425e-06 -0.0065625
v -0.024446505 -0.00041331 -0.0103125
v -0.024446505 -0.00041331 -0.0065625
v -0.02444733 -0.00052053 -0.0103125
v -0.024444885 -0.000593385 -0.0065625
v -0.0244389 -0.000623985 -0.0103125
v -0.024407685 -0.000772575 -0.0065625
v -0.024394275 -0.00081957 -0.0103125
v -0.02433531 -0.00095577 -0.0065625
v -0.024309435 -0.00100311 -0.0103125
v -0.02422653 -0.00112827 -0.0065625
v -0.02419395 -0.00116544 -0.0103125
v -0.02415798 -0.001204365 -0.0065625
v -0.02405736 -0.001297335 -0.0103125
v -0.024080115 -0.00127533 -0.0065625
v -0.02399295 -0.00134115 -0.0065625
v -0.023896485 -0.001401855 -0.0103125
v -0.023896485 -0.001401855 -0.0065625
v -0.02352294 -0.001626045 -0.0103125
v -0.02352294 -0.001626045 -0.0065625
v -0.02316117 -0.001831815 -0.0103125
v -0.02316117 -0.001831815 -0.0065625
v -0.022811145 -0.002019165 -0.0103125
v -0.022811145 -0.002019165 -0.0065625
v -0.02247288 -0.00218808 -0.0103125
v -0.02247288 -0.00218808 -0.0065625
v -0.022146375 -0.00233847 -0.0103125
v -0.022146375 -0.00233847 -0.0065625
v -0.02183142 -0.00246792 -0.0103125
v -0.02183142 -0.00246792 -0.0065625
v -0.021528105 -0.00257769 -0.0103125
v -0.021528105 -0.00257769 -0.0065625
v -0.02123673 -0.002670915 -0.0103125
v -0.02123673 -0.002670915 -0.0065625
v -0.02095752 -0.002750715 -0.0103125
v -0.02095752 -0.002750715 -0.0065625
v -0.02069115 -0.002819595 -0.0103125
v -0.02069115 -0.002819595 -0.0065625
v -0.020440245 -0.00287433 -0.0103125
v -0.020440245 -0.00287433 -0.0065625
v -0.020202255 -0.00291531 -0.0103125
v -0.020202255 -0.00291531 -0.0065625
v -0.019973505 -0.002944245 -0.0103125
v -0.019973505 -0.002944245 -0.0065625
v -0.01975029 -0.002962905 -0.0103125
v -0.01975029 -0.002962905 -0.0065625
v -0.01932537 -0.0029724 -0.0103125
v -0.01932537 -0.0029724 -0.0065625
v -0.01892418 -0.00293946 -0.0103125
v -0.01892418 -0.00293946 -0.0065625
v -0.01849659 -0.002859255 -0.0103125
v -0.01849659 -0.002859255 -0.0065625
v -0.01804353 -0.00273186 -0.0103125
v -0.01804353 -0.00273186 -0.0065625
v -0.01757103 -0.00255783 -0.0103125
v -0.01757103 -0.00255783 -0.0065625
v -0.017383605 -0.002478975 -0.0103125
v -0.017372715 -0.002473905 -0.0065625
v -0.017182095 -0.00241428 -0.0103125
v -0.01715856 -0.002407095 -0.0065625
v -0.016966515 -0.002358765 -0.0103125
v -0.016926885 -0.00235212 -0.0065625
v -0.01673694 -0.002327355 -0.0103125
v -0.01668273 -0.00232488 -0.0065625
v -0.01648872 -0.00233202 -0.0103125
v -0.01642569 -0.00233961 -0.0065625
v -0.016236135 -0.00237672 -0.0103125
v -0.016170405 -0.002396025 -0.0065625
v -0.016111785 -0.002418705 -0.0103125
v -0.01598715 -0.002472765 -0.0103125
v -0.015928455 -0.002502345 -0.0065625
v -0.01586697 -0.002537175 -0.0103125
v -0.015756 -0.00261021 -0.0103125
v -0.015708735 -0.00264729 -0.0065625
v -0.015560025 -0.00278805 -0.0103125
v -0.015524595 -0.00282711 -0.0065625
v -0.015397815 -0.00299088 -0.0103125
v -0.01537413 -0.00302736 -0.0065625
v -0.015277785 -0.003205335 -0.0103125
v -0.015264 -0.00323349 -0.0065625
v -0.015187845 -0.003424275 -0.0103125
v -0.015181785 -0.003441945 -0.0065625
v -0.01511757 -0.00363462 -0.0103125
v -0.015115995 -0.003643305 -0.0065625
v -0.01507044 -0.003840705 -0.0103125
v -0.01507044 -0.003840705 -0.0065625
v -0.014890425 -0.00448827 -0.0103125
v -0.014890425 -0.00448827 -0.0065625
v -0.014682795 -0.00512685 -0.0103125
v -0.014682795 -0.00512685 -0.0065625
v -0.01444758 -0.005756445 -0.0103125
v -0.01444758 -0.005756445 -0.0065625
v -0.014369085 -0.00594138 -0.0103125
v -0.014365755 -0.005948415 -0.0065625
v -0.0143043 -0.006140925 -0.0103125
v -0.0142995 -0.00615648 -0.0065625
v -0.014248455 -0.00635523 -0.0103125
v -0.01424349 -0.00638109 -0.0065625
v -0.014215935 -0.006583815 -0.0103125
v -0.01421373 -0.00662088 -0.0065625
v -0.014218425 -0.00683139 -0.0103125
v -0.014224125 -0.006881355 -0.0065625
v -0.014259225 -0.00708261 -0.0103125
v -0.014243955 -0.007014345 -0.0065625
v -0.014275665 -0.00714231 -0.0065625
v -0.01434792 -0.00732717 -0.0103125
v -0.014320755 -0.007266165 -0.0065625
v -0.014377995 -0.00738789 -0.0065625
v -0.014477235 -0.00755484 -0.0103125
v -0.01451916 -0.00761067 -0.0065625
v -0.014647965 -0.00775248 -0.0103125
v -0.014694765 -0.00779706 -0.0065625
v -0.01484562 -0.00791841 -0.0103125
v -0.01489173 -0.007949535 -0.0065625
v -0.0150588 -0.008042655 -0.0103125
v -0.015097335 -0.00806205 -0.0065625
v -0.01527903 -0.00813702 -0.0103125
v -0.015306105 -0.00814659 -0.0065625
v -0.01549254 -0.00821103 -0.0103125
v -0.01550709 -0.008214315 -0.0065625
v -0.015703935 -0.008261505 -0.0103125
v -0.015703935 -0.008261505 -0.0065625
v -0.016151565 -0.008391585 -0.0103125
v -0.016151565 -0.008391585 -0.0065625
v -0.016563375 -0.008541285 -0.0103125
v -0.016563375 -0.008541285 -0.0065625
v -0.016937295 -0.008709345 -0.0103125
v -0.016937295 -0.008709345 -0.0065625
v -0.01726587 -0.008891085 -0.0103125
v -0.01726587 -0.008891085 -0.0065625
v -0.017577045 -0.009104055 -0.0103125
v -0.017577045 -0.009104055 -0.0065625
v -0.017889975 -0.00935673 -0.0103125
v -0.017889975 -0.00935673 -0.0065625
v -0.018196875 -0.00964689 -0.0103125
v -0.018196875 -0.00964689 -0.0065625
v -0.018511965 -0.010000605 -0.0103125
v -0.018511965 -0.010000605 -0.0065625
v -0.018674835 -0.010199715 -0.0103125
v -0.018674835 -0.010199715 -0.0065625
v -0.018839895 -0.01041324 -0.0103125
v -0.018839895 -0.01041324 -0.0065625
v -0.019006065 -0.010644945 -0.0103125
v -0.019006065 -0.010644945 -0.0065625
v -0.01917228 -0.01089861 -0.0103125
v -0.01917228 -0.01089861 -0.0065625
v -0.019337505 -0.01117785 -0.0103125
v -0.019337505 -0.01117785 -0.0065625
v -0.01950219 -0.011481075 -0.0103125
v -0.01950219 -0.011481075 -0.0065625
v -0.019666845 -0.011806485 -0.0103125
v -0.019666845 -0.011806485 -0.0065625
v -0.01983147 -0.01215411 -0.0103125
v -0.01983147 -0.01215411 -0.0065625
v -0.019996065 -0.01252395 -0.0103125
v -0.019996065 -0.01252395 -0.0065625
v -0.020160645 -0.012915975 -0.0103125
v -0.020160645 -0.012915975 -0.0065625
v -0.02019855 -0.01302876 -0.0103125
v -0.020229435 -0.013108515 -0.0065625
v -0.02022747 -0.01313796 -0.0103125
v -0.020247405 -0.013243575 -0.0103125
v -0.02026194 -0.01329921 -0.0065625
v -0.02025834 -0.013345605 -0.0103125
v -0.020258535 -0.013488735 -0.0065625
v -0.020253255 -0.01353888 -0.0103125
v -0.02021799 -0.01367505 -0.0065625
v -0.0202122 -0.013717815 -0.0103125
v -0.020139075 -0.0138561 -0.0065625
v -0.02013519 -0.01388238 -0.0103125
v 0.01678125 0 -0.0065625
v 0.01678125 0 -0.0103125
v 0.01680588 0.000148155 -0.0103125
v 0.01680588 -0.000148155 -0.0065625
v 0.01680588 0.000148155 -0.0065625
v 0.016870395 0.000274455 -0.0103125
v 0.016870395 0.000274455 -0.0065625
v 0.016975545 0.000379605 -0.0103125
v 0.016975545 0.000379605 -0.0065625
v 0.01710486 0.00044493 -0.0103125
v 0.01710486 0.00044493 -0.0065625
v 0.01725 0.00046875 -0.0103125
v 0.01725 0.00046875 -0.0065625
v 0.01739514 0.00044493 -0.0103125
v 0.01739514 0.00044493 -0.0065625
v 0.017524455 0.000379605 -0.0103125
v 0.017524455 0.000379605 -0.0065625
v 0.017629605 0.000274455 -0.0103125
v 0.017629605 0.000274455 -0.0065625
v 0.01769412 0.000148155 -0.0103125
v 0.01769412 0.000148155 -0.0065625
v 0.01771875 0 -0.0103125
v 0.01771875 0 -0.0065625
v 0.01769412 -0.000148155 -0.0103125
v 0.01769412 -0.000148155 -0.0065625
v 0.017629605 -0.000274455 -0.0103125
v 0.017629605 -0.000274455 -0.0065625
v 0.017524455 -0.000379605 -0.0103125
v 0.017524455 -0.000379605 -0.0065625
v 0.01739514 -0.00044493 -0.0103125
v 0.01739514 -0.00044493 -0.0065625
v 0.01725 -0.00046875 -0.0103125
v 0.01725 -0.00046875 -0.0065625
v 0.01710486 -0.00044493 -0.0103125
v 0.01710486 -0.00044493 -0.0065625
v 0.016975545 -0.000379605 -0.0103125
v 0.016975545 -0.000379605 -0.0065625
v 0.016870395 -0.000274455 -0.0103125
v 0.016870395 -0.000274455 -0.0065625
v 0.01680588 -0.000148155 -0.0103125
v 0.001867695 0.01555617 -0.0065625
v 0.001848075 0.00030306 -0.0065625
v 0.001875 0 -0.0065625
v 0.00163866 0.015515685 -0.0065625
v 0.00210471 0.015636795 -0.0065625
v 0.00189654 -0.01556187 -0.0065625
v 0.001848075 -0.00030306 -0.0065625
v 0.002134545 -0.01564692 -0.0065625
v 0.00233316 0.015755775 -0.0065625
v 0.002361525 -0.015770655 -0.0065625
v 0.002539455 0.015919395 -0.0065625
v 0.002565045 -0.0159393 -0.0065625
v 0.002656815 -0.016037115 -0.0065625
v 0.002716035 0.01611642 -0.0065625
v 0.00273753 -0.016139835 -0.0065625
v 0.002849505 0.016342545 -0.0065625
v 0.002865465 -0.01636581 -0.0065625
v 0.002943765 0.016583325 -0.0065625
v 0.00295434 -0.016603665 -0.0065625
v 0.002993595 0.01682394 -0.0065625
v 0.00300051 -0.016838475 -0.0065625
v 0.003012975 0.01706124 -0.0065625
v 0.00301788 -0.01706787 -0.0065625
v 0.003015675 0.01728606 -0.0065625
v 0.00302076 -0.01728354 -0.0065625
v 0.00304917 -0.018799665 -0.0065625
v 0.003004875 -0.0183921 -0.0065625
v 0.003052305 0.018906315 -0.0065625
v 0.00312048 -0.019168305 -0.0065625
v 0.002996445 0.018474855 -0.0065625
v 0.002997105 0.01750146 -0.0065625
v 0.002977605 0.018004605 -0.0065625
v 0.003144945 0.01929804 -0.0065625
v 0.00322686 -0.019530075 -0.0065625
v 0.003285285 0.01969923 -0.0065625
v 0.00337047 -0.019905765 -0.0065625
v 0.003372 0.01990575 -0.0065625
v 0.003551595 -0.02028732 -0.0065625
v 0.00347022 0.02011437 -0.0065625
v 0.00358272 0.020328045 -0.0065625
v 0.003790635 -0.02069628 -0.0065625
v 0.00371232 0.02054976 -0.0065625
v 0.003860145 0.020781795 -0.0065625
v 0.00392967 -0.020912715 -0.0065625
v 0.004022325 0.02102268 -0.0065625
v 0.004081725 -0.021135675 -0.0065625
v 0.00420102 0.021271005 -0.0065625
v 0.004250745 -0.02136531 -0.0065625
v 0.004399155 0.02152554 -0.0065625
v 0.00444063 -0.02160177 -0.0065625
v 0.004619595 0.02178507 -0.0065625
v 0.00465516 -0.021845205 -0.0065625
v 0.004863525 0.02204913 -0.0065625
v 0.00489264 -0.022095525 -0.0065625
v 0.005128695 0.022318635 -0.0065625
v 0.005151255 -0.022352685 -0.0065625
v 0.00541503 0.022593645 -0.0065625
v 0.00543099 -0.022616685 -0.0065625
v 0.005722515 0.02287413 -0.0065625
v 0.00573186 -0.02288751 -0.0065625
v 0.00605118 0.023160105 -0.0065625
v 0.006053835 -0.02316516 -0.0065625
v 0.00620148 0.023282265 -0.0065625
v 0.006210015 -0.023288955 -0.0065625
v 0.006372105 0.023371845 -0.0065625
v 0.00638331 -0.02337831 -0.0065625
v 0.0065691 0.023430525 -0.0065625
v 0.006579285 -0.02343402 -0.0065625
v 0.00667296 0.02344701 -0.0065625
v 0.00678126 -0.0234537 -0.0065625
v 0.00677436 0.02345328 -0.0065625
v 0.00696975 0.02343513 -0.0065625
v 0.006972495 -0.023434935 -0.0065625
v 0.007158585 -0.023378565 -0.0065625
v 0.0071613 0.023377725 -0.0065625
v 0.007275675 -0.014627265 -0.0065625
v 0.007554105 -0.023253765 -0.0065625
v 0.00727263 0.014686455 -0.0065625
v 0.007289715 0.0144261 -0.0065625
v 0.007304385 0.01494 -0.0065625
v 0.00737325 0.015179745 -0.0065625
v 0.007473045 0.015392265 -0.0065625
v 0.00755682 0.023252895 -0.0065625
v 0.007592325 0.01558437 -0.0065625
v 0.007715865 0.015758655 -0.0065625
v 0.00784875 0.015914235 -0.0065625
v 0.00795015 0.02312136 -0.0065625
v 0.008134455 0.01628259 -0.0065625
v 0.008061 0.0230838 -0.0065625
v 0.0081633 0.023039385 -0.0065625
v 0.008379615 0.016645755 -0.0065625
v 0.00825705 0.02298813 -0.0065625
v 0.00834225 0.022930035 -0.0065625
v 0.008486865 0.022788255 -0.0065625
v 0.00858333 0.01700151 -0.0065625
v 0.008597565 0.022629165 -0.0065625
v 0.00874233 0.017341665 -0.0065625
v 0.00867483 0.022467885 -0.0065625
v 0.00871848 0.022299375 -0.0065625
v 0.00881577 0.02188548 -0.0065625
v 0.0088689 0.017696865 -0.0065625
v 0.008899995 0.02148954 -0.0065625
v 0.00897354 0.01808523 -0.0065625
v 0.008971125 0.02111154 -0.0065625
v 0.00902919 0.02075148 -0.0065625
v 0.009051285 0.018500355 -0.0065625
v 0.00907419 0.020409375 -0.0065625
v 0.00909828 0.01897173 -0.0065625
v 0.009104655 0.02008635 -0.0065625
v 0.009113025 0.01922853 -0.0065625
v 0.00911928 0.019783425 -0.0065625
v 0.00912105 0.019498305 -0.0065625
v 0.00730428 -0.014363805 -0.0065625
v 0.007350405 0.014171295 -0.0065625
v 0.00737595 -0.014111775 -0.0065625
v 0.0074577 0.013935375 -0.0065625
v 0.00748881 -0.013885665 -0.0065625
v 0.00759858 0.013722225 -0.0065625
v 0.007630755 -0.013685325 -0.0065625
v 0.007764915 0.01354269 -0.0065625
v 0.007791525 -0.01351839 -0.0065625
v 0.00794517 0.01338927 -0.0065625
v 0.00796371 -0.01337601 -0.0065625
v 0.008123355 0.0132576 -0.0065625
v 0.0081351 -0.01325109 -0.0065625
v 0.00830478 0.013149135 -0.0065625
v 0.00830976 -0.013146 -0.0065625
v 0.00886515 0.01277805 -0.0065625
v 0.008869995 -0.012774675 -0.0065625
v 0.009408465 0.01238346 -0.0065625
v 0.00941316 -0.01237989 -0.0065625
v 0.00993474 0.01196538 -0.0065625
v 0.009939255 -0.01196163 -0.0065625
v 0.010087455 0.01183263 -0.0065625
v 0.01009971 -0.011821725 -0.0065625
v 0.010258695 0.01170858 -0.0065625
v 0.010280415 -0.011692665 -0.0065625
v 0.01044747 0.011588475 -0.0065625
v 0.010481355 -0.011569125 -0.0065625
v 0.01065672 0.01148658 -0.0065625
v 0.010702605 -0.011467065 -0.0065625
v 0.01089285 0.011413125 -0.0065625
v 0.01094871 -0.011398995 -0.0065625
v 0.011144445 0.01137555 -0.0065625
v 0.011206365 -0.01136982 -0.0065625
v 0.01140672 0.01138572 -0.0065625
v 0.011467905 -0.011391045 -0.0065625
v 0.01153893 0.011407455 -0.0065625
v 0.011721045 -0.01145532 -0.0065625
v 0.011666205 0.011440665 -0.0065625
v 0.01178955 0.011487345 -0.0065625
v 0.01195155 -0.01156338 -0.0065625
v 0.011910495 0.01154667 -0.0065625
v 0.012131655 0.01168794 -0.0065625
v 0.012157425 -0.011702445 -0.0065625
v 0.012313935 0.01185441 -0.0065625
v 0.0123288 -0.01186299 -0.0065625
v 0.01246845 0.01203522 -0.0065625
v 0.01247499 -0.01203594 -0.0065625
v 0.012601815 0.012214425 -0.0065625
v 0.01260279 -0.01220754 -0.0065625
v 0.01270995 -0.01238238 -0.0065625
v 0.01271181 0.012397335 -0.0065625
v 0.01297197 -0.012767925 -0.0065625
v 0.01299177 0.012815835 -0.0065625
v 0.01324161 -0.0131133 -0.0065625
v 0.01328343 0.01318521 -0.0065625
v 0.013516995 -0.01341699 -0.0065625
v 0.013582215 0.01350144 -0.0065625
v 0.013791375 -0.01367331 -0.0065625
v 0.01388742 0.013763895 -0.0065625
v 0.014090085 -0.013903455 -0.0065625
v 0.01421316 0.006634065 -0.0065625
v 0.014217765 -0.00658167 -0.0065625
v 0.01422429 0.00688905 -0.0065625
v 0.01423677 0.014005965 -0.0065625
v 0.01427598 0.00714333 -0.0065625
v 0.014376705 0.00738573 -0.0065625
v 0.01442832 0.01412208 -0.0065625
v 0.01451646 0.007607235 -0.0065625
v 0.014630385 0.014233125 -0.0065625
v 0.01469322 0.007795035 -0.0065625
v 0.014847015 0.014339865 -0.0065625
v 0.01489161 0.00794946 -0.0065625
v 0.01508217 0.01444305 -0.0065625
v 0.015096945 0.008062065 -0.0065625
v 0.015305235 0.00814629 -0.0065625
v 0.01533816 0.014543895 -0.0065625
v 0.015506445 0.008214105 -0.0065625
v 0.01561095 0.01464345 -0.0065625
v 0.015703935 0.008261505 -0.0065625
v 0.015901485 0.0147393 -0.0065625
v 0.016151565 0.008391585 -0.0065625
v 0.016211385 0.014828775 -0.0065625
v 0.016563375 0.008541285 -0.0065625
v 0.01654227 0.014909175 -0.0065625
v 0.01689483 0.01497942 -0.0065625
v 0.016937295 0.008709345 -0.0065625
v 0.01726587 0.008891085 -0.0065625
v 0.017267775 0.01504158 -0.0065625
v 0.017577045 0.009104055 -0.0065625
v 0.01766106 0.01509576 -0.0065625
v 0.017889975 0.00935673 -0.0065625
v 0.0180747 0.015141945 -0.0065625
v 0.018196875 0.00964689 -0.0065625
v 0.01850868 0.015180135 -0.0065625
v 0.018511965 0.010000605 -0.0065625
v 0.01862454 0.015187395 -0.0065625
v 0.018674835 0.010199715 -0.0065625
v 0.01873545 0.015185025 -0.0065625
v 0.018839895 0.01041324 -0.0065625
v 0.018841365 0.01517298 -0.0065625
v 0.019006065 0.010644945 -0.0065625
v 0.018942315 0.01515129 -0.0065625
v 0.01913154 0.015074355 -0.0065625
v 0.01917228 0.01089861 -0.0065625
v 0.01929636 0.01496799 -0.0065625
v 0.019337505 0.01117785 -0.0065625
v 0.019429995 0.014845965 -0.0065625
v 0.01950219 0.011481075 -0.0065625
v 0.019534695 0.014703675 -0.0065625
v 0.019666845 0.011806485 -0.0065625
v 0.019781295 0.014370195 -0.0065625
v 0.01983147 0.01215411 -0.0065625
v 0.019996065 0.01252395 -0.0065625
v 0.02002221 0.01403259 -0.0065625
v 0.020160645 0.012915975 -0.0065625
v 0.02013789 0.01386213 -0.0065625
v 0.020216145 0.01368045 -0.0065625
v 0.020228475 0.01309602 -0.0065625
v 0.020256585 0.0134829 -0.0065625
v 0.020260335 0.013283445 -0.0065625
v 0.014220165 -0.00682785 -0.0065625
v 0.014241765 0.006393015 -0.0065625
v 0.014250285 -0.00635229 -0.0065625
v 0.01429704 0.006164595 -0.0065625
v 0.014306175 -0.006136725 -0.0065625
v 0.01436397 0.005952855 -0.0065625
v 0.014371065 -0.00593646 -0.0065625
v 0.01444758 0.005756445 -0.0065625
v 0.014449755 -0.005750985 -0.0065625
v 0.014682795 0.00512685 -0.0065625
v 0.014684745 -0.005121285 -0.0065625
v 0.014890425 0.00448827 -0.0065625
v 0.01489212 -0.00448263 -0.0065625
v 0.01507044 0.003840705 -0.0065625
v 0.015071895 -0.00383502 -0.0065625
v 0.015115785 0.003644295 -0.0065625
v 0.01511901 -0.00362898 -0.0065625
v 0.01518114 0.003443835 -0.0065625
v 0.01518906 -0.00341904 -0.0065625
v 0.01526262 0.003236325 -0.0065625
v 0.015278715 -0.00320085 -0.0065625
v 0.01537197 0.003030795 -0.0065625
v 0.01539795 -0.002987415 -0.0065625
v 0.015521955 0.00283023 -0.0065625
v 0.015558675 -0.00278598 -0.0065625
v 0.01570578 0.002649705 -0.0065625
v 0.015751815 -0.002609415 -0.0065625
v 0.01592523 0.002504055 -0.0065625
v 0.01597707 -0.002473005 -0.0065625
v 0.0161673 0.00239703 -0.0065625
v 0.01621992 -0.00237693 -0.0065625
v 0.016423695 0.002340015 -0.0065625
v 0.016468305 -0.002329545 -0.0065625
v 0.016681905 0.00232485 -0.0065625
v 0.0167145 -0.002321535 -0.0065625
v 0.01678125 0 -0.0065625
v 0.01680588 0.000148155 -0.0065625
v 0.016945935 -0.00235041 -0.0065625
v 0.01680588 -0.000148155 -0.0065625
v 0.016870395 -0.000274455 -0.0065625
v 0.016975545 -0.000379605 -0.0065625
v 0.017164995 -0.002404065 -0.0065625
v 0.01710486 -0.00044493 -0.0065625
v 0.01725 -0.00046875 -0.0065625
v 0.017369715 -0.00246792 -0.0065625
v 0.01739514 -0.00044493 -0.0065625
v 0.01756074 -0.002546835 -0.0065625
v 0.017524455 -0.000379605 -0.0065625
v 0.017629605 -0.000274455 -0.0065625
v 0.01799934 -0.002704725 -0.0065625
v 0.01769412 -0.000148155 -0.0065625
v 0.01771875 0 -0.0065625
v 0.01757103 0.00255783 -0.0065625
v 0.01804353 0.00273186 -0.0065625
v 0.01769412 0.000148155 -0.0065625
v 0.017629605 0.000274455 -0.0065625
v 0.017524455 0.000379605 -0.0065625
v 0.0173724 0.002473785 -0.0065625
v 0.01739514 0.00044493 -0.0065625
v 0.01725 0.00046875 -0.0065625
v 0.017158005 0.00240693 -0.0065625
v 0.01710486 0.00044493 -0.0065625
v 0.0169263 0.002351955 -0.0065625
v 0.016975545 0.000379605 -0.0065625
v 0.016870395 0.000274455 -0.0065625
v 0.018420495 -0.002825655 -0.0065625
v 0.01849659 0.002859255 -0.0065625
v 0.01882179 -0.002909475 -0.0065625
v 0.01892418 0.00293946 -0.0065625
v 0.019194435 -0.002955585 -0.0065625
v 0.01932537 0.0029724 -0.0065625
v 0.019571355 -0.00296619 -0.0065625
v 0.01975029 0.002962905 -0.0065625
v 0.019973055 -0.0029457 -0.0065625
v 0.019973505 0.002944245 -0.0065625
v 0.020391885 -0.002891355 -0.0065625
v 0.020202255 0.00291531 -0.0065625
v 0.020440245 0.00287433 -0.0065625
v 0.02085471 -0.00279039 -0.0065625
v 0.02069115 0.002819595 -0.0065625
v 0.02095752 0.002750715 -0.0065625
v 0.0211035 -0.00272505 -0.0065625
v 0.02123673 0.002670915 -0.0065625
v 0.02136255 -0.00264933 -0.0065625
v 0.021528105 0.00257769 -0.0065625
v 0.02163318 -0.00255954 -0.0065625
v 0.02183142 0.00246792 -0.0065625
v 0.02191674 -0.00245202 -0.0065625
v 0.022146375 0.00233847 -0.0065625
v 0.02221455 -0.002323215 -0.0065625
v 0.02247288 0.00218808 -0.0065625
v 0.02252601 -0.002174715 -0.0065625
v 0.022811145 0.002019165 -0.0065625
v 0.02285049 -0.00200823 -0.0065625
v 0.02316117 0.001831815 -0.0065625
v 0.023188005 -0.00182376 -0.0065625
v 0.02352294 0.001626045 -0.0065625
v 0.023538555 -0.001621305 -0.0065625
v 0.023896485 0.001401855 -0.0065625
v 0.023902125 -0.00140088 -0.0065625
v 0.023993055 0.00134103 -0.0065625
v 0.024047625 -0.00130854 -0.0065625
v 0.02408028 0.00127512 -0.0065625
v 0.024176655 -0.00118581 -0.0065625
v 0.02415819 0.00120411 -0.0065625
v 0.02422674 0.001128015 -0.0065625
v 0.02429433 -0.00103107 -0.0065625
v 0.0243354 0.00095571 -0.0065625
v 0.024385335 -0.000849105 -0.0065625
v 0.02440764 0.000772725 -0.0065625
v 0.02441445 -0.000749895 -0.0065625
v 0.02443434 -0.000644655 -0.0065625
v 0.024444825 0.000593535 -0.0065625
v 0.024445005 -0.000533415 -0.0065625
v 0.02444646 -0.00041616 -0.0065625
v 0.024446505 0.00041331 -0.0065625
v 0.02445 -1.425e-06 -0.0065625
v 0.01442709 -0.014122995 -0.0065625
v 0.0142611 -0.00707784 -0.0065625
v 0.014350485 -0.00732372 -0.0065625
v 0.014480955 -0.00755319 -0.0065625
v 0.01479789 -0.01432521 -0.0065625
v 0.01465329 -0.00775164 -0.0065625
v 0.01485297 -0.00791799 -0.0065625
v 0.01523166 -0.014515575 -0.0065625
v 0.015068895 -0.008042415 -0.0065625
v 0.01529169 -0.008136495 -0.0065625
v 0.015471345 -0.014608935 -0.0065625
v 0.015506655 -0.00820962 -0.0065625
v 0.01572543 -0.01469994 -0.0065625
v 0.015718725 -0.00825867 -0.0065625
v 0.01599714 -0.01478637 -0.0065625
v 0.01620327 -0.008395605 -0.0065625
v 0.01628976 -0.014866065 -0.0065625
v 0.01660638 -0.01493691 -0.0065625
v 0.016644675 -0.008558835 -0.0065625
v 0.01694565 -0.014999835 -0.0065625
v 0.017037765 -0.008745285 -0.0065625
v 0.017306025 -0.015055875 -0.0065625
v 0.017381685 -0.008954445 -0.0065625
v 0.01768752 -0.01510503 -0.0065625
v 0.017719875 -0.00921189 -0.0065625
v 0.018090105 -0.015147285 -0.0065625
v 0.01788948 -0.009358185 -0.0065625
v 0.01805754 -0.00951606 -0.0065625
v 0.01822599 -0.009689085 -0.0065625
v 0.01851381 -0.015182655 -0.0065625
v 0.01839681 -0.009880845 -0.0065625
v 0.018571815 -0.01009314 -0.0065625
v 0.018716955 -0.015189975 -0.0065625
v 0.018750795 -0.010321815 -0.0065625
v 0.018910695 -0.015160305 -0.0065625
v 0.01893174 -0.010568505 -0.0065625
v 0.019098735 -0.0150915 -0.0065625
v 0.019112595 -0.010835595 -0.0065625
v 0.01927002 -0.014989965 -0.0065625
v 0.019291305 -0.011125455 -0.0065625
v 0.019413555 -0.014862165 -0.0065625
v 0.01946706 -0.011439045 -0.0065625
v 0.019532985 -0.01470594 -0.0065625
v 0.019641435 -0.01177452 -0.0065625
v 0.01977963 -0.014372505 -0.0065625
v 0.01981449 -0.01213182 -0.0065625
v 0.020020575 -0.014034915 -0.0065625
v 0.019986225 -0.01251093 -0.0065625
v 0.020123535 -0.013893 -0.0065625
v 0.020156655 -0.01291188 -0.0065625
v 0.020198175 -0.01372689 -0.0065625
v 0.020199075 -0.013014975 -0.0065625
v 0.020248065 -0.01353093 -0.0065625
v 0.020230845 -0.013117725 -0.0065625
v 0.020251995 -0.013220115 -0.0065625
v 0.02026104 -0.013426005 -0.0065625
v 0.02026251 -0.013322175 -0.0065625
v 0.007281555 -0.014758665 -0.0065625
v 0.007300155 -0.014891625 -0.0065625
v 0.00736542 -0.015145245 -0.0065625
v 0.00746715 -0.0153708 -0.0065625
v 0.007591515 -0.015574845 -0.0065625
v 0.007947465 -0.02312229 -0.0065625
v 0.007721355 -0.01575822 -0.0065625
v 0.0078624 -0.01592064 -0.0065625
v 0.008118 -0.023061045 -0.0065625
v 0.008173905 -0.01631622 -0.0065625
v 0.00828276 -0.022969785 -0.0065625
v 0.00843507 -0.016707735 -0.0065625
v 0.0084372 -0.02284662 -0.0065625
v 0.008504145 -0.02276829 -0.0065625
v 0.008564715 -0.02268045 -0.0065625
v 0.008616585 -0.022588515 -0.0065625
v 0.008643495 -0.01708962 -0.0065625
v 0.008658975 -0.02249433 -0.0065625
v 0.008692665 -0.022396065 -0.0065625
v 0.00871767 -0.02229372 -0.0065625
v 0.00879879 -0.01746099 -0.0065625
v 0.008815455 -0.021869175 -0.0065625
v 0.00889935 -0.021461505 -0.0065625
v 0.00892107 -0.01786806 -0.0065625
v 0.00896937 -0.021070725 -0.0065625
v 0.008972295 -0.0180861 -0.0065625
v 0.009025485 -0.020696835 -0.0065625
v 0.009015465 -0.0183126 -0.0065625
v 0.00905004 -0.01855161 -0.0065625
v 0.00906762 -0.02033982 -0.0065625
v 0.00907551 -0.01880715 -0.0065625
v 0.009093405 -0.02000028 -0.0065625
v 0.009092325 -0.01908177 -0.0065625
v 0.00910269 -0.019371975 -0.0065625
v 0.009104085 -0.0196779 -0.0065625
v 0.00300438 -0.017488275 -0.0065625
v 0.002989755 -0.017954205 -0.0065625
v 0.001780155 -0.000586395 -0.0065625
v 0.00167112 -0.000850125 -0.0065625
v 0.001661775 -0.015517815 -0.0065625
v 0.00151641 -0.001100025 -0.0065625
v 0.001432365 -0.01550202 -0.0065625
v 0.00132324 -0.00132702 -0.0065625
v 0.00121602 -0.01550103 -0.0065625
v 0.00110361 -0.001515525 -0.0065625
v 0.00101016 -0.015519315 -0.0065625
v 0.000851085 -0.00166878 -0.0065625
v 0.000576585 -0.001783395 -0.0065625
v 0.000338685 -0.01554846 -0.0065625
v 0.00029574 -0.001851075 -0.0065625
v 0 -0.001873245 -0.0065625
v -0.00029574 -0.001851075 -0.0065625
v -0.00033279 -0.01554858 -0.0065625
v -0.000576585 -0.001783395 -0.0065625
v -0.000851085 -0.00166878 -0.0065625
v -0.001004295 -0.01551969 -0.0065625
v -0.00110361 -0.001515525 -0.0065625
v -0.001206615 -0.015502005 -0.0065625
v -0.00132324 -0.00132702 -0.0065625
v -0.00141867 -0.015502365 -0.0065625
v -0.00151641 -0.001100025 -0.0065625
v -0.001642215 -0.01551618 -0.0065625
v -0.00167112 -0.000850125 -0.0065625
v -0.001780155 -0.000586395 -0.0065625
v -0.001848075 -0.00030306 -0.0065625
v -0.00187203 -0.015557265 -0.0065625
v -0.001875 0 -0.0065625
v -0.002108805 -0.01563846 -0.0065625
v -0.001898025 0.01556226 -0.0065625
v -0.001848075 0.00030306 -0.0065625
v -0.00212982 0.01564581 -0.0065625
v -0.002336595 -0.01575798 -0.0065625
v -0.00236076 0.01577352 -0.0065625
v -0.00254226 -0.015922125 -0.0065625
v -0.002566185 0.01593606 -0.0065625
v -0.002718105 -0.0161193 -0.0065625
v -0.00273249 0.01613655 -0.0065625
v -0.002850615 -0.01634451 -0.0065625
v -0.00286374 0.016363005 -0.0065625
v -0.00294405 -0.016584255 -0.0065625
v -0.00295101 0.016593915 -0.0065625
v -0.002993625 -0.016824705 -0.0065625
v -0.00299709 0.01683369 -0.0065625
v -0.00301299 -0.01706196 -0.0065625
v -0.003021135 0.017062905 -0.0065625
v -0.003015645 -0.01728648 -0.0065625
v -0.00302442 0.01728015 -0.0065625
v -0.00304917 0.018799665 -0.0065625
v -0.003004875 0.0183921 -0.0065625
v -0.003052305 -0.018906315 -0.0065625
v -0.002996445 -0.018474855 -0.0065625
v -0.00312048 0.019168305 -0.0065625
v -0.003144945 -0.01929804 -0.0065625
v -0.00322686 0.019530075 -0.0065625
v -0.003285285 -0.01969923 -0.0065625
v -0.00337047 0.019905765 -0.0065625
v -0.003372 -0.01990575 -0.0065625
v -0.003551595 0.02028732 -0.0065625
v -0.00347022 -0.02011437 -0.0065625
v -0.00358272 -0.020328045 -0.0065625
v -0.003790635 0.02069628 -0.0065625
v -0.00371232 -0.02054976 -0.0065625
v -0.003860145 -0.020781795 -0.0065625
v -0.00392967 0.020912715 -0.0065625
v -0.004022325 -0.02102268 -0.0065625
v -0.004081725 0.021135675 -0.0065625
v -0.00420102 -0.021271005 -0.0065625
v -0.004250745 0.02136531 -0.0065625
v -0.004399155 -0.02152554 -0.0065625
v -0.00444063 0.02160177 -0.0065625
v -0.004619595 -0.02178507 -0.0065625
v -0.00465516 0.021845205 -0.0065625
v -0.004863525 -0.02204913 -0.0065625
v -0.00489264 0.022095525 -0.0065625
v -0.005128695 -0.022318635 -0.0065625
v -0.005151255 0.022352685 -0.0065625
v -0.00541503 -0.022593645 -0.0065625
v -0.00543099 0.022616685 -0.0065625
v -0.005722515 -0.02287413 -0.0065625
v -0.00573186 0.02288751 -0.0065625
v -0.00605118 -0.023160105 -0.0065625
v -0.006053835 0.02316516 -0.0065625
v -0.006193635 0.0232788 -0.0065625
v -0.00620199 -0.023281485 -0.0065625
v -0.006353775 0.02336487 -0.0065625
v -0.006369945 -0.02337087 -0.0065625
v -0.006536775 0.02342682 -0.0065625
v -0.006558255 -0.02343015 -0.0065625
v -0.006735195 0.023454315 -0.0065625
v -0.00675723 -0.02345361 -0.0065625
v -0.006837105 0.023450865 -0.0065625
v -0.00694164 0.023437095 -0.0065625
v -0.006957165 -0.02343549 -0.0065625
v -0.0070488 0.02341299 -0.0065625
v -0.007058715 -0.023411565 -0.0065625
v -0.007158585 0.023378565 -0.0065625
v -0.0071613 -0.023377725 -0.0065625
v -0.007275705 0.014620125 -0.0065625
v -0.007554105 0.023253765 -0.0065625
v -0.00727254 -0.014683965 -0.0065625
v -0.00730464 -0.014939415 -0.0065625
v -0.0072897 -0.014424465 -0.0065625
v -0.0073053 0.014357445 -0.0065625
v -0.00735048 -0.01417107 -0.0065625
v -0.00737832 0.014105835 -0.0065625
v -0.007457685 -0.01393554 -0.0065625
v -0.007494 0.01387797 -0.0065625
v -0.00759825 -0.01372266 -0.0065625
v -0.00763842 0.013676205 -0.0065625
v -0.00776346 -0.013543905 -0.0065625
v -0.00779979 0.01351059 -0.0065625
v -0.00794295 -0.01339095 -0.0065625
v -0.007970985 0.013370595 -0.0065625
v -0.00812172 -0.013258815 -0.0065625
v -0.0081396 0.01324818 -0.0065625
v -0.00830478 -0.013149135 -0.0065625
v -0.00830976 0.013146 -0.0065625
v -0.00886515 -0.01277805 -0.0065625
v -0.008869995 0.012774675 -0.0065625
v -0.009408465 -0.01238346 -0.0065625
v -0.00941316 0.01237989 -0.0065625
v -0.00993474 -0.01196538 -0.0065625
v -0.009939255 0.01196163 -0.0065625
v -0.01008717 -0.01183284 -0.0065625
v -0.010099815 0.011821635 -0.0065625
v -0.010258275 -0.01170888 -0.0065625
v -0.010280625 0.011692515 -0.0065625
v -0.01044672 -0.011588715 -0.0065625
v -0.0104817 0.01156896 -0.0065625
v -0.01065651 -0.01148667 -0.0065625
v -0.01070301 0.011466915 -0.0065625
v -0.01089594 -0.01141281 -0.0065625
v -0.0109488 0.011398935 -0.0065625
v -0.011150775 -0.01137516 -0.0065625
v -0.01120611 0.01136982 -0.0065625
v -0.01141383 -0.01138671 -0.0065625
v -0.01146744 0.011390955 -0.0065625
v -0.01167228 -0.01144266 -0.0065625
v -0.011720505 0.011455125 -0.0065625
v -0.01191252 -0.011547105 -0.0065625
v -0.01195128 0.011563275 -0.0065625
v -0.01212966 -0.01168641 -0.0065625
v -0.01215747 0.011702475 -0.0065625
v -0.01231134 -0.01185198 -0.0065625
v -0.01232889 0.011863065 -0.0065625
v -0.012466515 -0.01203267 -0.0065625
v -0.01247505 0.01203603 -0.0065625
v -0.0126006 -0.0122127 -0.0065625
v -0.012602835 0.0122076 -0.0065625
v -0.01270995 0.01238238 -0.0065625
v -0.01271181 -0.012397335 -0.0065625
v -0.01297197 0.012767925 -0.0065625
v -0.01299177 -0.012815835 -0.0065625
v -0.01324161 0.0131133 -0.0065625
v -0.01328343 -0.01318521 -0.0065625
v -0.013516995 0.01341699 -0.0065625
v -0.013582215 -0.01350144 -0.0065625
v -0.013791375 0.01367331 -0.0065625
v -0.01388742 -0.013763895 -0.0065625
v -0.014090085 0.013903455 -0.0065625
v -0.01421373 -0.00662088 -0.0065625
v -0.01421757 0.0065844 -0.0065625
v -0.014224125 -0.006881355 -0.0065625
v -0.01423677 -0.014005965 -0.0065625
v -0.014243955 -0.007014345 -0.0065625
v -0.014275665 -0.00714231 -0.0065625
v -0.014320755 -0.007266165 -0.0065625
v -0.014377995 -0.00738789 -0.0065625
v -0.01442832 -0.01412208 -0.0065625
v -0.01451916 -0.00761067 -0.0065625
v -0.014630385 -0.014233125 -0.0065625
v -0.014694765 -0.00779706 -0.0065625
v -0.014847015 -0.014339865 -0.0065625
v -0.01489173 -0.007949535 -0.0065625
v -0.01508217 -0.01444305 -0.0065625
v -0.015097335 -0.00806205 -0.0065625
v -0.015306105 -0.00814659 -0.0065625
v -0.01533816 -0.014543895 -0.0065625
v -0.01550709 -0.008214315 -0.0065625
v -0.01561095 -0.01464345 -0.0065625
v -0.015703935 -0.008261505 -0.0065625
v -0.015901485 -0.0147393 -0.0065625
v -0.016151565 -0.008391585 -0.0065625
v -0.016211385 -0.014828775 -0.0065625
v -0.016563375 -0.008541285 -0.0065625
v -0.01654227 -0.014909175 -0.0065625
v -0.01689483 -0.01497942 -0.0065625
v -0.016937295 -0.008709345 -0.0065625
v -0.01726587 -0.008891085 -0.0065625
v -0.017267775 -0.01504158 -0.0065625
v -0.017577045 -0.009104055 -0.0065625
v -0.01766106 -0.01509576 -0.0065625
v -0.017889975 -0.00935673 -0.0065625
v -0.0180747 -0.015141945 -0.0065625
v -0.018196875 -0.00964689 -0.0065625
v -0.01850868 -0.015180135 -0.0065625
v -0.018511965 -0.010000605 -0.0065625
v -0.018625005 -0.015187275 -0.0065625
v -0.018674835 -0.010199715 -0.0065625
v -0.01873623 -0.015184815 -0.0065625
v -0.018839895 -0.01041324 -0.0065625
v -0.018842355 -0.015172725 -0.0065625
v -0.019006065 -0.010644945 -0.0065625
v -0.018943365 -0.01515102 -0.0065625
v -0.01913211 -0.015074235 -0.0065625
v -0.01917228 -0.01089861 -0.0065625
v -0.019296315 -0.014968035 -0.0065625
v -0.019337505 -0.01117785 -0.0065625
v -0.01942983 -0.014846025 -0.0065625
v -0.01950219 -0.011481075 -0.0065625
v -0.019534695 -0.014703675 -0.0065625
v -0.019666845 -0.011806485 -0.0065625
v -0.019781295 -0.014370195 -0.0065625
v -0.01983147 -0.01215411 -0.0065625
v -0.019996065 -0.01252395 -0.0065625
v -0.02002221 -0.01403259 -0.0065625
v -0.020160645 -0.012915975 -0.0065625
v -0.02008539 -0.013944915 -0.0065625
v -0.020139075 -0.0138561 -0.0065625
v -0.02021799 -0.01367505 -0.0065625
v -0.020229435 -0.013108515 -0.0065625
v -0.020258535 -0.013488735 -0.0065625
v -0.02026194 -0.01329921 -0.0065625
v -0.01422042 0.00683109 -0.0065625
v -0.01424349 -0.00638109 -0.0065625
v -0.01424991 0.0063543 -0.0065625
v -0.0142995 -0.00615648 -0.0065625
v -0.014305785 0.006137955 -0.0065625
v -0.014365755 -0.005948415 -0.0065625
v -0.014370795 0.00593703 -0.0065625
v -0.01444758 -0.005756445 -0.0065625
v -0.014449755 0.005750985 -0.0065625
v -0.014682795 -0.00512685 -0.0065625
v -0.014684745 0.005121285 -0.0065625
v -0.014890425 -0.00448827 -0.0065625
v -0.01489212 0.00448263 -0.0065625
v -0.01507044 -0.003840705 -0.0065625
v -0.015071895 0.00383502 -0.0065625
v -0.015115995 -0.003643305 -0.0065625
v -0.015118725 0.003630435 -0.0065625
v -0.015181785 -0.003441945 -0.0065625
v -0.015188085 0.003421875 -0.0065625
v -0.015264 -0.00323349 -0.0065625
v -0.015276195 0.003205425 -0.0065625
v -0.01537413 -0.00302736 -0.0065625
v -0.015394395 0.00299277 -0.0065625
v -0.015524595 -0.00282711 -0.0065625
v -0.015556245 0.002789085 -0.0065625
v -0.01565046 0.002693985 -0.0065625
v -0.015708735 -0.00264729 -0.0065625
v -0.015751305 0.002609805 -0.0065625
v -0.0158607 0.00253665 -0.0065625
v -0.015928455 -0.002502345 -0.0065625
v -0.015978735 0.002472345 -0.0065625
v -0.016170405 -0.002396025 -0.0065625
v -0.016223295 0.00237597 -0.0065625
v -0.01642569 -0.00233961 -0.0065625
v -0.01647165 0.002329035 -0.0065625
v -0.01668273 -0.00232488 -0.0065625
v -0.01671714 0.00232167 -0.0065625
v -0.016926885 -0.00235212 -0.0065625
v -0.01694793 0.00235077 -0.0065625
v -0.01715856 -0.002407095 -0.0065625
v -0.017166285 0.00240444 -0.0065625
v -0.017370345 0.00246819 -0.0065625
v -0.017372715 -0.002473905 -0.0065625
v -0.01756074 0.002546835 -0.0065625
v -0.01757103 -0.00255783 -0.0065625
v -0.01799934 0.002704725 -0.0065625
v -0.01804353 -0.00273186 -0.0065625
v -0.018420495 0.002825655 -0.0065625
v -0.01849659 -0.002859255 -0.0065625
v -0.01882179 0.002909475 -0.0065625
v -0.01892418 -0.00293946 -0.0065625
v -0.019194435 0.002955585 -0.0065625
v -0.01932537 -0.0029724 -0.0065625
v -0.019571355 0.00296619 -0.0065625
v -0.01975029 -0.002962905 -0.0065625
v -0.019973055 0.0029457 -0.0065625
v -0.019973505 -0.002944245 -0.0065625
v -0.020391885 0.002891355 -0.0065625
v -0.020202255 -0.00291531 -0.0065625
v -0.020440245 -0.00287433 -0.0065625
v -0.02085471 0.00279039 -0.0065625
v -0.02069115 -0.002819595 -0.0065625
v -0.02095752 -0.002750715 -0.0065625
v -0.0211035 0.00272505 -0.0065625
v -0.02123673 -0.002670915 -0.0065625
v -0.02136255 0.00264933 -0.0065625
v -0.021528105 -0.00257769 -0.0065625
v -0.02163318 0.00255954 -0.0065625
v -0.02183142 -0.00246792 -0.0065625
v -0.02191674 0.00245202 -0.0065625
v -0.022146375 -0.00233847 -0.0065625
v -0.02221455 0.002323215 -0.0065625
v -0.02247288 -0.00218808 -0.0065625
v -0.02252601 0.002174715 -0.0065625
v -0.022811145 -0.002019165 -0.0065625
v -0.02285049 0.00200823 -0.0065625
v -0.02316117 -0.001831815 -0.0065625
v -0.023188005 0.00182376 -0.0065625
v -0.02352294 -0.001626045 -0.0065625
v -0.023538555 0.001621305 -0.0065625
v -0.023896485 -0.001401855 -0.0065625
v -0.023902125 0.00140088 -0.0065625
v -0.02399295 -0.00134115 -0.0065625
v -0.02406117 0.00129735 -0.0065625
v -0.024080115 -0.00127533 -0.0065625
v -0.02419683 0.001164315 -0.0065625
v -0.02415798 -0.001204365 -0.0065625
v -0.02422653 -0.00112827 -0.0065625
v -0.024312795 0.000996825 -0.0065625
v -0.02433531 -0.00095577 -0.0065625
v -0.024360615 0.00090387 -0.0065625
v -0.024397965 0.000809715 -0.0065625
v -0.024407685 -0.000772575 -0.0065625
v -0.024441285 0.000617805 -0.0065625
v -0.024444885 -0.000593385 -0.0065625
v -0.02444646 0.00041616 -0.0065625
v -0.024446505 -0.00041331 -0.0065625
v -0.02445 1.425e-06 -0.0065625
v -0.01442709 0.014122995 -0.0065625
v -0.014262015 0.007081425 -0.0065625
v -0.014352345 0.00732759 -0.0065625
v -0.01448376 0.007557075 -0.0065625
v -0.01479789 0.01432521 -0.0065625
v -0.014656845 0.00775506 -0.0065625
v -0.01485684 0.00792066 -0.0065625
v -0.01523166 0.014515575 -0.0065625
v -0.01507215 0.008044125 -0.0065625
v -0.01529394 0.00813729 -0.0065625
v -0.015471345 0.014608935 -0.0065625
v -0.01550787 0.00820989 -0.0065625
v -0.01572543 0.01469994 -0.0065625
v -0.015718725 0.00825867 -0.0065625
v -0.01599714 0.01478637 -0.0065625
v -0.01620327 0.008395605 -0.0065625
v -0.01628976 0.014866065 -0.0065625
v -0.01660638 0.01493691 -0.0065625
v -0.016644675 0.008558835 -0.0065625
v -0.01694565 0.014999835 -0.0065625
v -0.017037765 0.008745285 -0.0065625
v -0.017306025 0.015055875 -0.0065625
v -0.017381685 0.008954445 -0.0065625
v -0.01768752 0.01510503 -0.0065625
v -0.017719875 0.00921189 -0.0065625
v -0.018090105 0.015147285 -0.0065625
v -0.01788948 0.009358185 -0.0065625
v -0.01805754 0.00951606 -0.0065625
v -0.01822599 0.009689085 -0.0065625
v -0.01851381 0.015182655 -0.0065625
v -0.01839681 0.009880845 -0.0065625
v -0.018571815 0.01009314 -0.0065625
v -0.01871709 0.01518996 -0.0065625
v -0.018750795 0.010321815 -0.0065625
v -0.01891092 0.01516026 -0.0065625
v -0.01893174 0.010568505 -0.0065625
v -0.019098975 0.01509138 -0.0065625
v -0.019112595 0.010835595 -0.0065625
v -0.01927023 0.014989815 -0.0065625
v -0.019291305 0.011125455 -0.0065625
v -0.019413675 0.014862045 -0.0065625
v -0.01946706 0.011439045 -0.0065625
v -0.019532985 0.01470594 -0.0065625
v -0.019641435 0.01177452 -0.0065625
v -0.01977963 0.014372505 -0.0065625
v -0.01981449 0.01213182 -0.0065625
v -0.020020575 0.014034915 -0.0065625
v -0.019986225 0.01251093 -0.0065625
v -0.02012361 0.013892745 -0.0065625
v -0.020156655 0.01291188 -0.0065625
v -0.02019828 0.01372665 -0.0065625
v -0.020199075 0.01301523 -0.0065625
v -0.02024814 0.013531095 -0.0065625
v -0.020230875 0.01311816 -0.0065625
v -0.020252025 0.013220655 -0.0065625
v -0.0202611 0.01342644 -0.0065625
v -0.02026254 0.01332273 -0.0065625
v -0.007373775 -0.015181155 -0.0065625
v -0.007473315 -0.01539315 -0.0065625
v -0.00755682 -0.023252895 -0.0065625
v -0.007592235 -0.01558425 -0.0065625
v -0.007715745 -0.015758385 -0.0065625
v -0.00784875 -0.015914235 -0.0065625
v -0.00795015 -0.02312136 -0.0065625
v -0.008134455 -0.01628259 -0.0065625
v -0.00806112 -0.023083755 -0.0065625
v -0.008163525 -0.023039295 -0.0065625
v -0.008379615 -0.016645755 -0.0065625
v -0.008257365 -0.02298795 -0.0065625
v -0.008342625 -0.02292975 -0.0065625
v -0.00848736 -0.022787565 -0.0065625
v -0.00858333 -0.01700151 -0.0065625
v -0.008598075 -0.022628235 -0.0065625
v -0.00874233 -0.017341665 -0.0065625
v -0.00867516 -0.022467225 -0.0065625
v -0.00871848 -0.022299375 -0.0065625
v -0.00881577 -0.02188548 -0.0065625
v -0.0088689 -0.017696865 -0.0065625
v -0.008899995 -0.02148954 -0.0065625
v -0.00897354 -0.01808523 -0.0065625
v -0.008971125 -0.02111154 -0.0065625
v -0.00902919 -0.02075148 -0.0065625
v -0.009051285 -0.018500355 -0.0065625
v -0.00907419 -0.020409375 -0.0065625
v -0.00909828 -0.01897173 -0.0065625
v -0.009104655 -0.02008635 -0.0065625
v -0.009113025 -0.01922853 -0.0065625
v -0.00911928 -0.019783425 -0.0065625
v -0.00912105 -0.019498305 -0.0065625
v -0.007298805 0.014884275 -0.0065625
v -0.00736296 0.015138225 -0.0065625
v -0.007464225 0.01536507 -0.0065625
v -0.007588785 0.015570885 -0.0065625
v -0.007947465 0.02312229 -0.0065625
v -0.007719615 0.01575612 -0.0065625
v -0.0078624 0.01592064 -0.0065625
v -0.008122785 0.02306298 -0.0065625
v -0.008173905 0.01631622 -0.0065625
v -0.008284365 0.022969695 -0.0065625
v -0.00843507 0.016707735 -0.0065625
v -0.008436915 0.022840095 -0.0065625
v -0.008566275 0.02268114 -0.0065625
v -0.00861636 0.022593555 -0.0065625
v -0.008643495 0.01708962 -0.0065625
v -0.008658285 0.02249979 -0.0065625
v -0.00869205 0.022399845 -0.0065625
v -0.00871767 0.02229372 -0.0065625
v -0.00879879 0.01746099 -0.0065625
v -0.008815455 0.021869175 -0.0065625
v -0.00889935 0.021461505 -0.0065625
v -0.00892107 0.01786806 -0.0065625
v -0.00896937 0.021070725 -0.0065625
v -0.008972295 0.0180861 -0.0065625
v -0.009025485 0.020696835 -0.0065625
v -0.009015465 0.0183126 -0.0065625
v -0.00905004 0.01855161 -0.0065625
v -0.00906762 0.02033982 -0.0065625
v -0.00907551 0.01880715 -0.0065625
v -0.009093405 0.02000028 -0.0065625
v -0.009092325 0.01908177 -0.0065625
v -0.00910269 0.019371975 -0.0065625
v -0.009104085 0.0196779 -0.0065625
v -0.002997105 -0.01750146 -0.0065625
v -0.002977605 -0.018004605 -0.0065625
v -0.00300438 0.017488275 -0.0065625
v -0.002989755 0.017954205 -0.0065625
v -0.001780155 0.000586395 -0.0065625
v -0.00167112 0.000850125 -0.0065625
v -0.001660125 0.015519945 -0.0065625
v -0.00151641 0.001100025 -0.0065625
v -0.001432635 0.015498915 -0.0065625
v -0.00132324 0.00132702 -0.0065625
v -0.0012168 0.015497805 -0.0065625
v -0.00110361 0.001515525 -0.0065625
v -0.00101016 0.015519315 -0.0065625
v -0.000851085 0.00166878 -0.0065625
v -0.000576585 0.001783395 -0.0065625
v -0.000338685 0.01554846 -0.0065625
v -0.00029574 0.001851075 -0.0065625
v 0 0.001873245 -0.0065625
v 0.00029574 0.001851075 -0.0065625
v 0.00033279 0.01554858 -0.0065625
v 0.000576585 0.001783395 -0.0065625
v 0.000851085 0.00166878 -0.0065625
v 0.001004295 0.01551969 -0.0065625
v 0.00110361 0.001515525 -0.0065625
v 0.00120537 0.01550211 -0.0065625
v 0.00132324 0.00132702 -0.0065625
v 0.0014163 0.015502335 -0.0065625
v 0.00151641 0.001100025 -0.0065625
v 0.00167112 0.000850125 -0.0065625
v 0.001780155 0.000586395 -0.0065625
f 1 2 3
f 1 4 2
f 5 1 3
f 3 6 5
f 6 3 7
f 6 8 5
f 8 9 5
f 9 10 5
f 9 11 10
f 11 12 10
f 12 13 10
f 12 14 13
f 14 15 13
f 15 16 13
f 15 17 16
f 17 18 16
f 17 19 18
f 19 20 18
f 19 21 20
f 21 22 20
f 21 23 22
f 23 24 22
f 24 25 22
f 25 26 22
f 25 27 26
f 25 28 27
f 27 29 26
f 27 30 29
f 27 31 30
f 30 32 29
f 32 33 29
f 32 34 33
f 27 35 31
f 35 36 31
f 35 37 36
f 37 38 36
f 37 39 38
f 39 40 38
f 40 41 38
f 40 42 41
f 42 43 41
f 43 44 41
f 43 45 44
f 45 46 44
f 45 47 46
f 47 48 46
f 47 49 48
f 49 50 48
f 49 51 50
f 51 52 50
f 51 53 52
f 53 54 52
f 53 55 54
f 55 56 54
f 55 57 56
f 57 58 56
f 57 59 58
f 59 60 58
f 59 61 60
f 61 62 60
f 61 63 62
f 63 64 62
f 63 65 64
f 65 66 64
f 65 67 66
f 67 68 66
f 67 69 68
f 69 70 68
f 69 71 70
f 71 72 70
f 71 73 72
f 73 74 72
f 74 75 72
f 74 76 75
f 76 77 75
f 76 78 77
f 78 79 77
f 78 80 79
f 78 81 80
f 80 82 79
f 80 83 82
f 82 84 79
f 84 85 79
f 85 86 79
f 86 87 79
f 86 88 87
f 88 89 87
f 89 90 87
f 90 91 87
f 90 92 91
f 92 93 91
f 92 94 93
f 92 95 94
f 92 96 95
f 96 97 95
f 96 98 97
f 96 99 98
f 96 100 99
f 100 101 99
f 100 102 101
f 100 103 102
f 103 104 102
f 103 105 104
f 103 106 105
f 106 107 105
f 106 108 107
f 106 109 108
f 109 110 108
f 110 111 108
f 110 112 111
f 112 113 111
f 112 114 113
f 114 115 113
f 115 116 113
f 115 117 116
f 117 118 116
f 83 119 82
f 83 120 119
f 83 121 120
f 121 122 120
f 121 123 122
f 123 124 122
f 123 125 124
f 125 126 124
f 125 127 126
f 127 128 126
f 127 129 128
f 129 130 128
f 129 131 130
f 131 132 130
f 132 133 130
f 132 134 133
f 134 135 133
f 134 136 135
f 136 137 135
f 136 138 137
f 138 139 137
f 138 140 139
f 140 141 139
f 140 142 141
f 140 143 142
f 143 144 142
f 143 145 144
f 145 146 144
f 145 147 146
f 147 148 146
f 147 149 148
f 149 150 148
f 149 151 150
f 151 152 150
f 151 153 152
f 153 154 152
f 153 155 154
f 155 156 154
f 155 157 156
f 157 158 156
f 157 159 158
f 159 160 158
f 159 161 160
f 161 162 160
f 161 163 162
f 163 164 162
f 163 165 164
f 165 166 164
f 165 167 166
f 167 168 166
f 167 169 168
f 169 170 168
f 169 171 170
f 171 172 170
f 171 173 172
f 173 174 172
f 173 175 174
f 175 176 174
f 175 177 176
f 177 178 176
f 177 179 178
f 178 180 176
f 178 181 180
f 180 182 176
f 182 183 176
f 183 184 176
f 184 185 176
f 184 186 185
f 186 187 185
f 187 188 185
f 187 189 188
f 189 190 188
f 190 191 188
f 190 192 191
f 192 193 191
f 192 194 193
f 194 195 193
f 195 196 193
f 195 197 196
f 197 198 196
f 197 199 198
f 197 200 199
f 200 201 199
f 200 202 201
f 200 203 202
f 203 204 202
f 203 205 204
f 205 206 204
f 205 207 206
f 207 208 206
f 208 209 206
f 209 210 206
f 209 211 210
f 211 212 210
f 212 213 210
f 212 214 213
f 214 215 213
f 214 216 215
f 216 217 215
f 216 218 217
f 216 219 218
f 219 220 218
f 219 221 220
f 221 222 220
f 221 223 222
f 223 224 222
f 223 225 224
f 225 226 224
f 225 227 226
f 225 228 227
f 228 229 227
f 228 230 229
f 230 231 229
f 231 232 229
f 231 233 232
f 233 234 232
f 233 235 234
f 235 236 234
f 235 237 236
f 237 238 236
f 237 239 238
f 178 240 181
f 240 241 181
f 240 242 241
f 242 243 241
f 242 244 243
f 244 245 243
f 245 246 243
f 245 247 246
f 247 248 246
f 247 249 248
f 249 250 248
f 249 251 250
f 251 252 250
f 251 253 252
f 253 254 252
f 253 255 254
f 253 256 255
f 256 257 255
f 256 258 257
f 258 259 257
f 258 260 259
f 260 261 259
f 260 262 261
f 262 263 261
f 263 264 261
f 263 265 264
f 265 266 264
f 266 267 264
f 266 268 267
f 268 269 267
f 268 270 269
f 270 271 269
f 270 272 271
f 272 273 271
f 272 274 273
f 275 273 274
f 276 273 275
f 275 274 277
f 278 275 277
f 279 278 277
f 280 279 277
f 280 277 281
f 282 280 281
f 283 282 281
f 283 281 284
f 285 283 284
f 285 284 286
f 287 285 286
f 288 287 286
f 288 286 289
f 290 288 289
f 291 290 289
f 291 289 292
f 289 293 292
f 291 292 294
f 295 291 294
f 296 295 294
f 297 296 294
f 297 294 298
f 299 297 298
f 300 299 298
f 300 298 301
f 302 300 301
f 302 301 303
f 304 302 303
f 305 304 303
f 305 303 273
f 276 305 273
f 289 306 293
f 306 307 293
f 306 308 307
f 308 309 307
f 308 310 309
f 310 311 309
f 310 312 311
f 312 313 311
f 312 314 313
f 314 315 313
f 315 316 313
f 315 317 316
f 317 318 316
f 318 319 316
f 318 320 319
f 320 321 319
f 320 322 321
f 322 323 321
f 322 324 323
f 324 325 323
f 324 326 325
f 326 327 325
f 326 328 327
f 328 329 327
f 328 330 329
f 330 331 329
f 330 332 331
f 332 333 331
f 332 334 333
f 334 335 333
f 334 336 335
f 336 337 335
f 336 338 337
f 338 339 337
f 338 340 339
f 340 341 339
f 340 342 341
f 340 343 342
f 343 344 342
f 343 345 344
f 343 346 345
f 346 347 345
f 346 348 347
f 348 349 347
f 348 350 349
f 350 351 349
f 350 352 351
f 350 353 352
f 352 354 351
f 352 355 354
f 177 356 179
f 177 357 356
f 357 358 356
f 357 359 358
f 357 360 359
f 360 361 359
f 360 362 361
f 362 363 361
f 362 364 363
f 364 365 363
f 364 366 365
f 364 367 366
f 367 368 366
f 367 369 368
f 369 370 368
f 369 371 370
f 371 372 370
f 371 373 372
f 373 374 372
f 374 375 372
f 374 376 375
f 376 377 375
f 376 378 377
f 378 379 377
f 378 380 379
f 378 381 380
f 381 382 380
f 381 383 382
f 383 384 382
f 383 385 384
f 385 386 384
f 385 387 386
f 387 388 386
f 387 389 388
f 389 390 388
f 390 391 388
f 390 392 391
f 392 393 391
f 392 394 393
f 394 395 393
f 394 396 395
f 396 397 395
f 396 398 397
f 398 399 397
f 398 400 399
f 400 401 399
f 400 402 401
f 402 403 401
f 402 404 403
f 404 405 403
f 404 406 405
f 406 407 405
f 406 408 407
f 408 409 407
f 408 410 409
f 408 411 410
f 411 412 410
f 411 413 412
f 81 414 80
f 81 415 414
f 81 416 415
f 81 417 416
f 81 418 417
f 418 419 417
f 418 420 419
f 418 421 420
f 421 422 420
f 421 423 422
f 423 424 422
f 423 425 424
f 425 426 424
f 426 427 424
f 426 428 427
f 428 429 427
f 429 430 427
f 430 431 427
f 431 432 427
f 431 433 432
f 433 434 432
f 433 435 434
f 435 436 434
f 436 437 434
f 436 438 437
f 438 439 437
f 438 440 439
f 440 441 439
f 440 442 441
f 442 443 441
f 442 444 443
f 444 445 443
f 28 446 27
f 28 447 446
f 6 7 448
f 6 448 449
f 450 6 449
f 450 449 451
f 452 450 451
f 452 451 453
f 454 452 453
f 454 453 455
f 456 454 455
f 456 455 457
f 456 457 458
f 459 456 458
f 459 458 460
f 459 460 461
f 459 461 462
f 463 459 462
f 463 462 464
f 463 464 465
f 466 463 465
f 466 465 467
f 468 466 467
f 468 467 469
f 470 468 469
f 470 469 471
f 472 470 471
f 472 471 473
f 472 473 474
f 472 474 475
f 476 472 475
f 476 475 477
f 478 476 477
f 478 477 479
f 479 477 480
f 478 479 481
f 482 478 481
f 482 481 483
f 482 483 484
f 485 482 484
f 485 484 486
f 485 486 487
f 488 485 487
f 488 487 489
f 490 488 489
f 490 489 491
f 492 490 491
f 492 491 493
f 494 492 493
f 494 493 495
f 494 495 496
f 494 496 497
f 498 494 497
f 498 497 499
f 497 500 499
f 501 498 499
f 502 501 499
f 502 503 501
f 504 502 499
f 504 499 505
f 506 504 505
f 506 505 507
f 508 506 507
f 508 507 509
f 508 509 510
f 511 508 510
f 511 510 512
f 511 512 513
f 514 511 513
f 514 513 515
f 516 514 515
f 516 515 517
f 518 516 517
f 518 517 519
f 520 518 519
f 520 519 521
f 522 520 521
f 522 521 523
f 524 522 523
f 524 523 525
f 526 524 525
f 526 525 527
f 528 526 527
f 528 527 529
f 530 528 529
f 530 529 531
f 532 530 531
f 532 531 533
f 534 532 533
f 534 533 535
f 536 534 535
f 536 535 537
f 538 536 537
f 538 537 539
f 540 538 539
f 540 539 541
f 542 540 541
f 543 542 541
f 543 541 544
f 543 544 545
f 546 543 545
f 546 545 547
f 548 546 547
f 548 547 549
f 548 549 550
f 549 551 550
f 552 548 550
f 552 553 548
f 552 550 554
f 555 552 554
f 556 555 554
f 556 554 557
f 558 556 557
f 558 557 559
f 560 558 559
f 560 559 561
f 562 560 561
f 562 561 563
f 564 562 563
f 564 563 565
f 566 564 565
f 566 565 567
f 566 567 568
f 569 566 568
f 569 568 570
f 571 569 570
f 571 570 572
f 573 571 572
f 573 572 574
f 575 573 574
f 575 574 576
f 577 575 576
f 578 577 576
f 578 576 579
f 580 578 579
f 580 579 581
f 582 580 581
f 582 581 583
f 584 582 583
f 584 583 585
f 586 584 585
f 586 585 587
f 588 586 587
f 588 587 589
f 590 588 589
f 590 589 591
f 592 590 591
f 592 591 593
f 594 592 593
f 595 594 593
f 595 593 596
f 597 595 596
f 597 596 598
f 599 597 598
f 599 598 600
f 601 599 600
f 601 600 602
f 603 601 602
f 603 602 604
f 605 603 604
f 605 604 606
f 607 605 606
f 607 606 608
f 609 607 608
f 609 608 610
f 611 609 610
f 611 610 612
f 613 611 612
f 613 612 614
f 615 613 614
f 615 616 613
f 617 615 614
f 618 617 614
f 618 614 619
f 620 618 619
f 621 620 619
f 621 619 622
f 623 621 622
f 623 622 624
f 625 623 624
f 626 625 624
f 626 624 627
f 628 626 627
f 628 627 629
f 630 628 629
f 630 629 631
f 632 630 631
f 632 631 633
f 634 632 633
f 634 633 635
f 634 635 636
f 637 634 636
f 637 636 638
f 639 637 638
f 639 638 640
f 641 639 640
f 642 641 640
f 642 640 643
f 644 642 643
f 644 643 645
f 646 644 645
f 646 645 647
f 648 646 647
f 648 647 649
f 650 648 649
f 650 649 651
f 650 651 652
f 653 650 652
f 653 652 654
f 655 653 654
f 655 654 656
f 657 655 656
f 657 656 658
f 659 657 658
f 659 658 660
f 661 659 660
f 661 660 662
f 663 661 662
f 663 662 664
f 665 663 664
f 665 664 666
f 667 665 666
f 668 667 666
f 668 669 667
f 668 670 669
f 670 671 669
f 670 672 671
f 670 673 672
f 673 674 672
f 673 675 674
f 615 676 616
f 616 677 613
f 677 678 613
f 678 679 613
f 679 680 613
f 679 681 680
f 681 682 680
f 682 683 680
f 682 684 683
f 684 685 683
f 685 686 683
f 685 687 686
f 687 688 686
f 687 689 688
f 689 690 688
f 690 691 688
f 690 692 691
f 692 693 691
f 692 694 693
f 692 695 694
f 695 696 694
f 695 697 696
f 695 698 697
f 698 699 697
f 698 700 699
f 700 701 699
f 700 702 701
f 702 703 701
f 703 704 701
f 704 705 701
f 704 706 705
f 706 707 705
f 707 708 705
f 707 709 708
f 709 710 708
f 709 711 710
f 711 712 710
f 711 713 712
f 711 714 713
f 714 715 713
f 714 716 715
f 716 717 715
f 716 718 717
f 718 719 717
f 718 720 719
f 720 721 719
f 720 722 721
f 720 723 722
f 723 724 722
f 723 725 724
f 725 726 724
f 726 727 724
f 726 728 727
f 728 729 727
f 728 730 729
f 730 731 729
f 730 732 731
f 732 733 731
f 732 734 733
f 615 735 676
f 735 736 676
f 735 737 736
f 737 738 736
f 737 739 738
f 739 740 738
f 740 741 738
f 740 742 741
f 742 743 741
f 742 744 743
f 744 745 743
f 744 746 745
f 746 747 745
f 746 748 747
f 748 749 747
f 748 750 749
f 748 751 750
f 751 752 750
f 751 753 752
f 753 754 752
f 753 755 754
f 755 756 754
f 755 757 756
f 757 758 756
f 757 759 758
f 759 760 758
f 760 761 758
f 760 762 761
f 762 763 761
f 763 764 761
f 763 765 764
f 765 766 764
f 765 767 766
f 767 768 766
f 767 769 768
f 769 770 768
f 769 771 770
f 771 772 770
f 771 773 772
f 773 774 772
f 773 775 774
f 775 776 774
f 775 777 776
f 777 778 776
f 777 779 778
f 779 780 778
f 779 781 780
f 781 782 780
f 781 783 782
f 783 784 782
f 783 785 784
f 785 786 784
f 785 787 786
f 787 788 786
f 787 789 788
f 789 790 788
f 790 791 788
f 790 792 791
f 792 793 791
f 793 794 791
f 793 795 794
f 795 796 794
f 795 797 796
f 797 798 796
f 797 799 798
f 799 800 798
f 799 801 800
f 801 802 800
f 801 803 802
f 803 804 802
f 803 805 804
f 805 806 804
f 805 807 806
f 807 808 806
f 807 809 808
f 809 810 808
f 809 811 810
f 811 812 810
f 811 813 812
f 813 814 812
f 813 815 814
f 815 816 814
f 815 817 816
f 815 818 817
f 818 819 817
f 818 820 819
f 818 821 820
f 821 822 820
f 821 823 822
f 823 824 822
f 823 825 824
f 825 826 824
f 825 827 826
f 825 828 827
f 827 829 826
f 827 830 829
f 553 831 548
f 831 832 548
f 832 833 548
f 832 834 833
f 834 835 833
f 835 836 833
f 836 837 833
f 836 838 837
f 838 839 837
f 838 840 839
f 838 841 840
f 838 842 841
f 842 843 841
f 842 844 843
f 842 845 844
f 842 846 845
f 846 847 845
f 846 848 847
f 846 849 848
f 849 850 848
f 849 851 850
f 849 852 851
f 852 853 851
f 852 854 853
f 852 855 854
f 855 856 854
f 856 857 854
f 856 858 857
f 858 859 857
f 858 860 859
f 860 861 859
f 861 862 859
f 861 863 862
f 863 864 862
f 551 865 550
f 551 866 865
f 551 867 866
f 551 868 867
f 551 869 868
f 869 870 868
f 869 871 870
f 869 872 871
f 872 873 871
f 872 874 873
f 874 875 873
f 874 876 875
f 876 877 875
f 877 878 875
f 877 879 878
f 879 880 878
f 880 881 878
f 881 882 878
f 882 883 878
f 882 884 883
f 884 885 883
f 884 886 885
f 886 887 885
f 887 888 885
f 887 889 888
f 889 890 888
f 889 891 890
f 891 892 890
f 891 893 892
f 893 894 892
f 893 895 894
f 895 896 894
f 503 897 501
f 503 898 897
f 500 899 499
f 500 900 899
f 479 480 901
f 479 901 902
f 903 479 902
f 903 902 904
f 905 903 904
f 905 904 906
f 907 905 906
f 907 906 908
f 909 907 908
f 909 908 910
f 909 910 911
f 912 909 911
f 912 911 913
f 912 913 914
f 912 914 915
f 916 912 915
f 916 915 917
f 916 917 918
f 919 916 918
f 919 918 920
f 921 919 920
f 921 920 922
f 923 921 922
f 923 922 924
f 4 923 924
f 4 924 925
f 4 925 926
f 4 926 2
f 927 928 929
f 930 928 927
f 931 927 929
f 931 929 932
f 931 932 933
f 933 932 934
f 933 934 935
f 935 934 936
f 935 936 937
f 937 936 938
f 937 938 939
f 939 938 940
f 939 940 941
f 941 940 942
f 941 942 943
f 943 942 944
f 943 944 945
f 945 944 946
f 945 946 947
f 947 946 948
f 947 948 949
f 949 948 950
f 949 950 951
f 951 950 952
f 951 952 953
f 953 952 954
f 953 954 955
f 955 954 956
f 955 956 957
f 957 956 958
f 957 958 959
f 959 958 960
f 959 960 961
f 961 960 962
f 961 962 963
f 963 962 964
f 963 964 965
f 965 964 966
f 965 966 967
f 967 966 968
f 967 968 969
f 969 968 970
f 969 970 971
f 971 970 972
f 971 972 973
f 973 972 974
f 973 974 975
f 975 974 976
f 975 976 977
f 977 976 978
f 977 978 979
f 979 978 980
f 979 980 981
f 981 980 982
f 981 982 983
f 983 982 984
f 983 984 985
f 985 984 986
f 985 986 987
f 987 986 988
f 987 988 989
f 989 988 990
f 989 990 991
f 991 990 992
f 991 992 993
f 993 992 994
f 993 994 995
f 995 994 996
f 995 996 997
f 997 996 998
f 997 998 999
f 999 998 1000
f 999 1000 1001
f 1001 1000 1002
f 1001 1002 1003
f 1003 1002 1004
f 1003 1004 1005
f 1005 1004 1006
f 1005 1006 930
f 930 1006 928
f 1007 1008 1009
f 1010 1008 1007
f 1007 1009 1011
f 1011 1009 1012
f 1011 1012 1013
f 1013 1012 1014
f 1013 1014 1015
f 1015 1014 1016
f 1016 1014 1017
f 1016 1017 1018
f 1018 1017 1019
f 1018 1019 1020
f 1020 1019 1021
f 1020 1021 1022
f 1022 1021 1023
f 1022 1023 1024
f 1024 1023 1025
f 1024 1025 1026
f 1026 1025 1027
f 1026 1027 1028
f 1026 1028 1029
f 1029 1028 1030
f 1029 1030 1031
f 1031 1030 1032
f 1031 1032 1033
f 1033 1032 1034
f 1033 1034 1035
f 1035 1034 1036
f 1035 1036 1037
f 1037 1036 1038
f 1037 1038 1039
f 1039 1038 1040
f 1039 1040 1041
f 1041 1040 1042
f 1041 1042 1043
f 1043 1042 1044
f 1043 1044 1045
f 1045 1044 1046
f 1045 1046 1047
f 1047 1046 1048
f 1047 1048 1049
f 1049 1048 1050
f 1049 1050 1051
f 1051 1050 1052
f 1051 1052 1053
f 1053 1052 1054
f 1053 1054 1055
f 1055 1054 1056
f 1055 1056 1057
f 1057 1056 1058
f 1057 1058 1059
f 1059 1058 1060
f 1059 1060 1061
f 1061 1060 1062
f 1061 1062 1063
f 1063 1062 1064
f 1063 1064 1065
f 1065 1064 1066
f 1065 1066 1067
f 1067 1066 1068
f 1067 1068 1069
f 1069 1068 1070
f 1069 1070 1071
f 1071 1070 1072
f 1071 1072 1073
f 1073 1072 1074
f 1073 1074 1075
f 1075 1074 1076
f 1075 1076 1077
f 1077 1076 1078
f 1077 1078 1079
f 1079 1078 1080
f 1079 1080 1081
f 1081 1080 1082
f 1081 1082 1083
f 1083 1082 1084
f 1083 1084 1085
f 1085 1084 1086
f 1085 1086 1087
f 1087 1086 1088
f 1087 1088 1089
f 1089 1088 1090
f 1089 1090 1091
f 1091 1090 1092
f 1091 1092 1093
f 1093 1092 1094
f 1093 1094 1095
f 1095 1094 1096
f 1095 1096 1097
f 1097 1096 1098
f 1097 1098 1099
f 1099 1098 1100
f 1099 1100 1101
f 1101 1100 1102
f 1101 1102 1103
f 1103 1102 1104
f 1103 1104 1105
f 1105 1104 1106
f 1105 1106 1107
f 1107 1106 1108
f 1107 1108 1109
f 1109 1108 1110
f 1109 1110 1111
f 1111 1110 1112
f 1111 1112 1113
f 1113 1112 1114
f 1113 1114 1115
f 1115 1114 1116
f 1115 1116 1117
f 1117 1116 1118
f 1117 1118 1119
f 1119 1118 1120
f 1119 1120 1121
f 1121 1120 1122
f 1121 1122 1123
f 1123 1122 1124
f 1123 1124 1125
f 1125 1124 1126
f 1125 1126 1127
f 1127 1126 1128
f 1127 1128 1129
f 1129 1128 1130
f 1129 1130 1131
f 1131 1130 1132
f 1131 1132 1133
f 1133 1132 1134
f 1133 1134 1135
f 1135 1134 1136
f 1135 1136 1137
f 1137 1136 1138
f 1137 1138 1139
f 1139 1138 1140
f 1139 1140 1141
f 1141 1140 1142
f 1141 1142 1143
f 1143 1142 1144
f 1143 1144 1145
f 1145 1144 1146
f 1145 1146 1147
f 1147 1146 1148
f 1147 1148 1149
f 1149 1148 1150
f 1149 1150 1151
f 1151 1150 1152
f 1151 1152 1153
f 1153 1152 1154
f 1153 1154 1155
f 1155 1154 1156
f 1155 1156 1157
f 1157 1156 1158
f 1157 1158 1159
f 1159 1158 1160
f 1159 1160 1161
f 1161 1160 1162
f 1161 1162 1163
f 1163 1162 1164
f 1163 1164 1165
f 1165 1164 1166
f 1165 1166 1167
f 1167 1166 1168
f 1167 1168 1169
f 1167 1169 1170
f 1170 1169 1171
f 1170 1171 1172
f 1172 1171 1173
f 1172 1173 1174
f 1174 1173 1175
f 1174 1175 1176
f 1176 1175 1177
f 1176 1177 1178
f 1178 1177 1179
f 1179 1177 1180
f 1179 1180 1181
f 1181 1180 1182
f 1181 1182 1183
f 1183 1182 1184
f 1183 1184 1185
f 1185 1184 1186
f 1185 1186 1187
f 1187 1186 1188
f 1188 1186 1189
f 1188 1189 1190
f 1188 1190 1191
f 1191 1190 1192
f 1191 1192 1193
f 1193 1192 1194
f 1193 1194 1195
f 1195 1194 1196
f 1195 1196 1197
f 1197 1196 1198
f 1197 1198 1199
f 1197 1199 1200
f 1200 1199 1201
f 1200 1201 1202
f 1202 1201 1203
f 1202 1203 1204
f 1204 1203 1205
f 1204 1205 1206
f 1206 1205 1207
f 1206 1207 1208
f 1208 1207 1209
f 1208 1209 1210
f 1210 1209 1211
f 1210 1211 1212
f 1212 1211 1213
f 1212 1213 1214
f 1214 1213 1215
f 1214 1215 1216
f 1216 1215 1217
f 1216 1217 1218
f 1218 1217 1219
f 1218 1219 1220
f 1220 1219 1221
f 1220 1221 1222
f 1222 1221 1223
f 1222 1223 1224
f 1224 1223 1225
f 1224 1225 1226
f 1226 1225 1227
f 1226 1227 1228
f 1228 1227 1229
f 1228 1229 1230
f 1230 1229 1231
f 1230 1231 1232
f 1232 1231 1233
f 1232 1233 1234
f 1234 1233 1235
f 1234 1235 1236
f 1236 1235 1237
f 1236 1237 1238
f 1238 1237 1239
f 1238 1239 1240
f 1240 1239 1241
f 1240 1241 1242
f 1242 1241 1243
f 1242 1243 1244
f 1244 1243 1245
f 1244 1245 1246
f 1246 1245 1247
f 1246 1247 1248
f 1248 1247 1249
f 1248 1249 1250
f 1250 1249 1251
f 1250 1251 1252
f 1250 1252 1253
f 1253 1252 1254
f 1253 1254 1255
f 1253 1255 1256
f 1256 1255 1257
f 1256 1257 1258
f 1258 1257 1259
f 1258 1259 1260
f 1260 1259 1261
f 1260 1261 1262
f 1262 1261 1263
f 1262 1263 1264
f 1264 1263 1265
f 1264 1265 1266
f 1266 1265 1267
f 1266 1267 1268
f 1268 1267 1269
f 1268 1269 1270
f 1270 1269 1271
f 1270 1271 1272
f 1272 1271 1273
f 1272 1273 1274
f 1274 1273 1275
f 1274 1275 1276
f 1276 1275 1277
f 1276 1277 1278
f 1278 1277 1279
f 1278 1279 1280
f 1280 1279 1281
f 1280 1281 1282
f 1282 1281 1283
f 1282 1283 1284
f 1284 1283 1285
f 1284 1285 1286
f 1286 1285 1287
f 1286 1287 1288
f 1288 1287 1289
f 1288 1289 1290
f 1290 1289 1291
f 1291 1289 1292
f 1291 1292 1293
f 1293 1292 1294
f 1293 1294 1295
f 1295 1294 1296
f 1295 1296 1297
f 1297 1296 1298
f 1297 1298 1299
f 1299 1298 1300
f 1299 1300 1301
f 1301 1300 1302
f 1301 1302 1303
f 1303 1302 1304
f 1303 1304 1305
f 1305 1304 1306
f 1305 1306 1307
f 1307 1306 1308
f 1307 1308 1309
f 1309 1308 1310
f 1309 1310 1311
f 1311 1310 1312
f 1311 1312 1313
f 1313 1312 1314
f 1313 1314 1315
f 1315 1314 1316
f 1315 1316 1317
f 1317 1316 1318
f 1317 1318 1319
f 1319 1318 1320
f 1319 1320 1321
f 1321 1320 1322
f 1321 1322 1323
f 1323 1322 1324
f 1323 1324 1325
f 1325 1324 1326
f 1325 1326 1327
f 1327 1326 1328
f 1327 1328 1329
f 1329 1328 1330
f 1329 1330 1331
f 1331 1330 1332
f 1331 1332 1333
f 1333 1332 1334
f 1333 1334 1335
f 1335 1334 1336
f 1335 1336 1337
f 1337 1336 1338
f 1337 1338 1339
f 1339 1338 1340
f 1339 1340 1341
f 1341 1340 1342
f 1341 1342 1343
f 1343 1342 1344
f 1343 1344 1345
f 1345 1344 1346
f 1345 1346 1347
f 1347 1346 1348
f 1347 1348 1349
f 1349 1348 1350
f 1349 1350 1351
f 1349 1351 1352
f 1352 1351 1353
f 1352 1353 1354
f 1354 1353 1355
f 1354 1355 1356
f 1356 1355 1357
f 1356 1357 1358
f 1358 1357 1359
f 1358 1359 1360
f 1358 1360 1361
f 1361 1360 1362
f 1361 1362 1363
f 1361 1363 1364
f 1364 1363 1365
f 1364 1365 1366
f 1366 1365 1367
f 1366 1367 1368
f 1368 1367 1369
f 1369 1367 1370
f 1369 1370 1371
f 1371 1370 1372
f 1372 1370 1373
f 1372 1373 1374
f 1374 1373 1375
f 1374 1375 1376
f 1376 1375 1377
f 1376 1377 1378
f 1378 1377 1379
f 1378 1379 1380
f 1380 1379 1381
f 1380 1381 1382
f 1382 1381 1383
f 1382 1383 1384
f 1384 1383 1385
f 1384 1385 1386
f 1386 1385 1387
f 1386 1387 1388
f 1388 1387 1389
f 1388 1389 1390
f 1390 1389 1391
f 1390 1391 1392
f 1392 1391 1393
f 1392 1393 1394
f 1394 1393 1395
f 1394 1395 1396
f 1396 1395 1397
f 1396 1397 1398
f 1398 1397 1399
f 1398 1399 1400
f 1400 1399 1401
f 1400 1401 1402
f 1402 1401 1403
f 1402 1403 1404
f 1404 1403 1405
f 1404 1405 1406
f 1406 1405 1407
f 1406 1407 1408
f 1408 1407 1409
f 1408 1409 1410
f 1410 1409 1411
f 1410 1411 1412
f 1412 1411 1413
f 1412 1413 1414
f 1414 1413 1415
f 1414 1415 1416
f 1416 1415 1417
f 1416 1417 1418
f 1418 1417 1419
f 1418 1419 1420
f 1420 1419 1421
f 1420 1421 1422
f 1422 1421 1423
f 1422 1423 1424
f 1424 1423 1425
f 1425 1423 1426
f 1425 1426 1427
f 1427 1426 1428
f 1427 1428 1429
f 1429 1428 1430
f 1429 1430 1431
f 1431 1430 1432
f 1431 1432 1433
f 1433 1432 1434
f 1433 1434 1435
f 1435 1434 1436
f 1435 1436 1437
f 1437 1436 1438
f 1437 1438 1439
f 1439 1438 1440
f 1439 1440 1441
f 1441 1440 1442
f 1441 1442 1443
f 1443 1442 1444
f 1443 1444 1445
f 1445 1444 1446
f 1445 1446 1447
f 1447 1446 1448
f 1447 1448 1449
f 1449 1448 1450
f 1449 1450 1451
f 1451 1450 1452
f 1451 1452 1453
f 1453 1452 1454
f 1453 1454 1455
f 1455 1454 1456
f 1455 1456 1457
f 1457 1456 1458
f 1457 1458 1459
f 1459 1458 1460
f 1459 1460 1461
f 1461 1460 1462
f 1461 1462 1463
f 1463 1462 1464
f 1463 1464 1465
f 1465 1464 1466
f 1465 1466 1467
f 1467 1466 1468
f 1467 1468 1469
f 1469 1468 1470
f 1469 1470 1471
f 1471 1470 1472
f 1471 1472 1473
f 1473 1472 1474
f 1473 1474 1475
f 1475 1474 1476
f 1475 1476 1477
f 1477 1476 1478
f 1477 1478 1479
f 1479 1478 1480
f 1479 1480 1481
f 1481 1480 1482
f 1481 1482 1483
f 1483 1482 1484
f 1483 1484 1485
f 1485 1484 1486
f 1485 1486 1487
f 1487 1486 1488
f 1487 1488 1489
f 1489 1488 1490
f 1489 1490 1491
f 1491 1490 1492
f 1491 1492 1493
f 1493 1492 1494
f 1493 1494 1495
f 1495 1494 1496
f 1495 1496 1497
f 1497 1496 1498
f 1497 1498 1499
f 1499 1498 1500
f 1499 1500 1501
f 1501 1500 1502
f 1501 1502 1503
f 1503 1502 1504
f 1503 1504 1505
f 1505 1504 1506
f 1505 1506 1507
f 1507 1506 1508
f 1507 1508 1509
f 1509 1508 1510
f 1509 1510 1511
f 1511 1510 1512
f 1511 1512 1513
f 1513 1512 1514
f 1513 1514 1515
f 1513 1515 1516
f 1516 1515 1517
f 1516 1517 1518
f 1518 1517 1519
f 1518 1519 1520
f 1520 1519 1521
f 1520 1521 1522
f 1522 1521 1523
f 1522 1523 1524
f 1522 1524 1525
f 1525 1524 1526
f 1525 1526 1527
f 1527 1526 1528
f 1527 1528 1529
f 1529 1528 1530
f 1529 1530 1531
f 1531 1530 1532
f 1532 1530 1533
f 1532 1533 1534
f 1534 1533 1535
f 1534 1535 1536
f 1536 1535 1537
f 1536 1537 1538
f 1538 1537 1539
f 1539 1537 1540
f 1539 1540 1541
f 1541 1540 1542
f 1542 1540 1543
f 1542 1543 1544
f 1542 1544 1545
f 1545 1544 1546
f 1545 1546 1547
f 1547 1546 1548
f 1547 1548 1549
f 1549 1548 1550
f 1549 1550 1551
f 1551 1550 1552
f 1551 1552 1553
f 1553 1552 1554
f 1553 1554 1555
f 1555 1554 1556
f 1555 1556 1557
f 1557 1556 1558
f 1557 1558 1559
f 1559 1558 1560
f 1559 1560 1561
f 1561 1560 1562
f 1561 1562 1563
f 1563 1562 1564
f 1563 1564 1565
f 1565 1564 1566
f 1565 1566 1567
f 1567 1566 1568
f 1567 1568 1569
f 1569 1568 1570
f 1569 1570 1571
f 1571 1570 1572
f 1571 1572 1573
f 1573 1572 1574
f 1573 1574 1575
f 1575 1574 1576
f 1575 1576 1577
f 1577 1576 1578
f 1577 1578 1579
f 1579 1578 1580
f 1579 1580 1581
f 1581 1580 1582
f 1581 1582 1583
f 1583 1582 1584
f 1583 1584 1585
f 1585 1584 1586
f 1585 1586 1587
f 1587 1586 1588
f 1587 1588 1589
f 1589 1588 1590
f 1589 1590 1591
f 1591 1590 1592
f 1591 1592 1593
f 1593 1592 1594
f 1593 1594 1595
f 1595 1594 1596
f 1595 1596 1597
f 1597 1596 1598
f 1597 1598 1599
f 1599 1598 1600
f 1599 1600 1601
f 1601 1600 1602
f 1601 1602 1603
f 1603 1602 1604
f 1603 1604 1605
f 1605 1604 1606
f 1605 1606 1607
f 1607 1606 1608
f 1607 1608 1609
f 1609 1608 1610
f 1609 1610 1611
f 1611 1610 1612
f 1611 1612 1613
f 1613 1612 1614
f 1613 1614 1615
f 1615 1614 1616
f 1615 1616 1617
f 1617 1616 1618
f 1617 1618 1619
f 1619 1618 1620
f 1619 1620 1621
f 1621 1620 1622
f 1621 1622 1623
f 1623 1622 1624
f 1623 1624 1625
f 1625 1624 1626
f 1625 1626 1627
f 1627 1626 1628
f 1627 1628 1629
f 1629 1628 1630
f 1629 1630 1631
f 1631 1630 1632
f 1631 1632 1633
f 1633 1632 1634
f 1633 1634 1635
f 1635 1634 1636
f 1635 1636 1637
f 1637 1636 1638
f 1637 1638 1639
f 1639 1638 1640
f 1639 1640 1641
f 1641 1640 1642
f 1641 1642 1643
f 1643 1642 1644
f 1643 1644 1645
f 1645 1644 1646
f 1645 1646 1647
f 1647 1646 1648
f 1647 1648 1649
f 1649 1648 1650
f 1649 1650 1651
f 1651 1650 1652
f 1651 1652 1653
f 1653 1652 1654
f 1653 1654 1655
f 1655 1654 1656
f 1655 1656 1657
f 1657 1656 1658
f 1657 1658 1659
f 1659 1658 1660
f 1659 1660 1661
f 1661 1660 1662
f 1661 1662 1663
f 1663 1662 1664
f 1663 1664 1665
f 1665 1664 1666
f 1665 1666 1667
f 1667 1666 1668
f 1667 1668 1669
f 1669 1668 1670
f 1669 1670 1671
f 1671 1670 1672
f 1671 1672 1673
f 1673 1672 1674
f 1673 1674 1675
f 1675 1674 1676
f 1675 1676 1677
f 1677 1676 1678
f 1677 1678 1679
f 1679 1678 1680
f 1679 1680 1681
f 1681 1680 1682
f 1681 1682 1683
f 1683 1682 1684
f 1683 1684 1685
f 1683 1685 1686
f 1686 1685 1687
f 1686 1687 1688
f 1688 1687 1689
f 1688 1689 1690
f 1690 1689 1691
f 1690 1691 1692
f 1692 1691 1693
f 1692 1693 1694
f 1694 1693 1695
f 1695 1693 1696
f 1695 1696 1697
f 1697 1696 1698
f 1697 1698 1699
f 1699 1698 1700
f 1699 1700 1701
f 1701 1700 1702
f 1701 1702 1703
f 1703 1702 1704
f 1703 1704 1705
f 1705 1704 1706
f 1705 1706 1707
f 1707 1706 1708
f 1707 1708 1709
f 1709 1708 1710
f 1709 1710 1711
f 1711 1710 1712
f 1711 1712 1713
f 1713 1712 1714
f 1714 1712 1715
f 1714 1715 1716
f 1716 1715 1717
f 1716 1717 1718
f 1718 1717 1719
f 1718 1719 1720
f 1720 1719 1721
f 1720 1721 1722
f 1722 1721 1723
f 1722 1723 1724
f 1724 1723 1725
f 1724 1725 1726
f 1726 1725 1727
f 1726 1727 1728
f 1728 1727 1729
f 1728 1729 1730
f 1730 1729 1731
f 1730 1731 1732
f 1732 1731 1733
f 1732 1733 1734
f 1734 1733 1735
f 1734 1735 1736
f 1736 1735 1737
f 1736 1737 1738
f 1738 1737 1739
f 1738 1739 1740
f 1740 1739 1741
f 1740 1741 1742
f 1742 1741 1743
f 1742 1743 1744
f 1744 1743 1745
f 1744 1745 1746
f 1746 1745 1747
f 1746 1747 1748
f 1748 1747 1749
f 1748 1749 1750
f 1750 1749 1751
f 1750 1751 1752
f 1752 1751 1753
f 1752 1753 1754
f 1754 1753 1755
f 1754 1755 1756
f 1756 1755 1757
f 1756 1757 1758
f 1758 1757 1759
f 1758 1759 1760
f 1760 1759 1761
f 1760 1761 1762
f 1762 1761 1763
f 1762 1763 1764
f 1764 1763 1765
f 1764 1765 1766
f 1766 1765 1767
f 1766 1767 1768
f 1768 1767 1769
f 1768 1769 1770
f 1768 1770 1771
f 1771 1770 1772
f 1771 1772 1773
f 1771 1773 1774
f 1774 1773 1775
f 1774 1775 1776
f 1776 1775 1777
f 1776 1777 1778
f 1778 1777 1779
f 1778 1779 1780
f 1780 1779 1781
f 1780 1781 1782
f 1782 1781 1783
f 1782 1783 1784
f 1784 1783 1785
f 1784 1785 1786
f 1786 1785 1787
f 1786 1787 1788
f 1788 1787 1789
f 1788 1789 1790
f 1790 1789 1791
f 1790 1791 1792
f 1792 1791 1793
f 1792 1793 1794
f 1794 1793 1795
f 1794 1795 1796
f 1796 1795 1797
f 1796 1797 1798
f 1798 1797 1799
f 1798 1799 1800
f 1800 1799 1801
f 1800 1801 1802
f 1802 1801 1803
f 1802 1803 1804
f 1804 1803 1805
f 1804 1805 1806
f 1806 1805 1807
f 1806 1807 1808
f 1808 1807 1809
f 1808 1809 1810
f 1810 1809 1811
f 1810 1811 1812
f 1812 1811 1813
f 1812 1813 1814
f 1814 1813 1815
f 1814 1815 1816
f 1816 1815 1817
f 1816 1817 1818
f 1818 1817 1819
f 1818 1819 1820
f 1820 1819 1821
f 1820 1821 1822
f 1822 1821 1823
f 1822 1823 1824
f 1824 1823 1825
f 1824 1825 1826
f 1826 1825 1827
f 1826 1827 1828
f 1828 1827 1829
f 1828 1829 1830
f 1830 1829 1831
f 1830 1831 1832
f 1832 1831 1833
f 1832 1833 1834
f 1834 1833 1835
f 1834 1835 1836
f 1836 1835 1837
f 1836 1837 1838
f 1838 1837 1839
f 1838 1839 1840
f 1840 1839 1841
f 1840 1841 1842
f 1842 1841 1843
f 1842 1843 1844
f 1844 1843 1845
f 1844 1845 1846
f 1846 1845 1847
f 1846 1847 1848
f 1848 1847 1849
f 1848 1849 1850
f 1850 1849 1851
f 1850 1851 1852
f 1852 1851 1853
f 1852 1853 1854
f 1854 1853 1855
f 1854 1855 1856
f 1856 1855 1857
f 1856 1857 1858
f 1856 1858 1859
f 1859 1858 1860
f 1859 1860 1861
f 1861 1860 1862
f 1861 1862 1863
f 1863 1862 1864
f 1863 1864 1865
f 1865 1864 1866
f 1865 1866 1867
f 1865 1867 1868
f 1868 1867 1869
f 1868 1869 1870
f 1870 1869 1871
f 1870 1871 1872
f 1872 1871 1873
f 1872 1873 1874
f 1874 1873 1875
f 1875 1873 1876
f 1875 1876 1877
f 1877 1876 1878
f 1877 1878 1879
f 1879 1878 1880
f 1879 1880 1881
f 1881 1880 1882
f 1881 1882 1883
f 1883 1882 1884
f 1883 1884 1885
f 1885 1884 1886
f 1885 1886 1887
f 1885 1887 1888
f 1888 1887 1889
f 1888 1889 1890
f 1890 1889 1891
f 1890 1891 1892
f 1892 1891 1893
f 1892 1893 1894
f 1894 1893 1895
f 1894 1895 1896
f 1896 1895 1897
f 1896 1897 1898
f 1898 1897 1899
f 1898 1899 1900
f 1900 1899 1901
f 1900 1901 1902
f 1902 1901 1903
f 1902 1903 1904
f 1904 1903 1905
f 1904 1905 1906
f 1906 1905 1907
f 1906 1907 1908
f 1908 1907 1909
f 1908 1909 1910
f 1910 1909 1911
f 1910 1911 1912
f 1912 1911 1913
f 1912 1913 1914
f 1914 1913 1915
f 1914 1915 1916
f 1916 1915 1917
f 1916 1917 1918
f 1918 1917 1919
f 1918 1919 1920
f 1920 1919 1921
f 1920 1921 1922
f 1922 1921 1923
f 1922 1923 1924
f 1924 1923 1925
f 1924 1925 1926
f 1926 1925 1927
f 1926 1927 1928
f 1928 1927 1929
f 1928 1929 1930
f 1930 1929 1931
f 1930 1931 1932
f 1932 1931 1933
f 1932 1933 1934
f 1934 1933 1935
f 1934 1935 1936
f 1936 1935 1937
f 1936 1937 1938
f 1938 1937 1939
f 1939 1937 1940
f 1939 1940 1941
f 1941 1940 1942
f 1942 1940 1943
f 1942 1943 1944
f 1944 1943 1945
f 1944 1945 1946
f 1946 1945 1947
f 1946 1947 1948
f 1948 1947 1949
f 1948 1949 1950
f 1950 1949 1951
f 1950 1951 1952
f 1952 1951 1953
f 1952 1953 1954
f 1954 1953 1955
f 1954 1955 1956
f 1956 1955 1957
f 1956 1957 1958
f 1958 1957 1959
f 1958 1959 1960
f 1960 1959 1961
f 1960 1961 1962
f 1962 1961 1963
f 1962 1963 1964
f 1964 1963 1965
f 1964 1965 1966
f 1966 1965 1967
f 1966 1967 1968
f 1968 1967 1969
f 1968 1969 1970
f 1970 1969 1971
f 1970 1971 1972
f 1972 1971 1973
f 1972 1973 1974
f 1974 1973 1975
f 1974 1975 1976
f 1976 1975 1977
f 1976 1977 1978
f 1978 1977 1979
f 1978 1979 1980
f 1980 1979 1981
f 1980 1981 1982
f 1982 1981 1983
f 1982 1983 1984
f 1984 1983 1985
f 1984 1985 1986
f 1986 1985 1987
f 1986 1987 1988
f 1988 1987 1989
f 1988 1989 1990
f 1990 1989 1991
f 1990 1991 1992
f 1992 1991 1993
f 1992 1993 1994
f 1994 1993 1995
f 1994 1995 1996
f 1996 1995 1997
f 1996 1997 1998
f 1998 1997 1999
f 1998 1999 2000
f 2000 1999 2001
f 2000 2001 2002
f 2002 2001 2003
f 2002 2003 2004
f 2004 2003 2005
f 2004 2005 2006
f 2006 2005 2007
f 2006 2007 2008
f 2008 2007 2009
f 2008 2009 2010
f 2010 2009 2011
f 2010 2011 2012
f 2012 2011 2013
f 2012 2013 2014
f 2014 2013 2015
f 2014 2015 2016
f 2016 2015 2017
f 2016 2017 2018
f 2018 2017 2019
f 2018 2019 2020
f 2020 2019 2021
f 2020 2021 2022
f 2022 2021 2023
f 2022 2023 2024
f 2024 2023 2025
f 2024 2025 2026
f 2026 2025 2027
f 2026 2027 2028
f 2028 2027 2029
f 2028 2029 2030
f 2028 2030 2031
f 2031 2030 2032
f 2031 2032 2033
f 2033 2032 2034
f 2033 2034 2035
f 2035 2034 2036
f 2035 2036 2037
f 2037 2036 2038
f 2037 2038 2039
f 2039 2038 2040
f 2040 2038 2041
f 2040 2041 2042
f 2042 2041 2043
f 2042 2043 2044
f 2044 2043 2045
f 2044 2045 2046
f 2046 2045 2047
f 2046 2047 2048
f 2048 2047 2049
f 2048 2049 2050
f 2048 2050 2051
f 2051 2050 2052
f 2051 2052 2053
f 2053 2052 2054
f 2053 2054 2055
f 2055 2054 2056
f 2056 2054 2057
f 2056 2057 2058
f 2058 2057 2059
f 2058 2059 2060
f 2058 2060 2061
f 2061 2060 2062
f 2061 2062 2063
f 2063 2062 2064
f 2063 2064 2065
f 2065 2064 2066
f 2065 2066 2067
f 2067 2066 2068
f 2067 2068 2069
f 2069 2068 2070
f 2069 2070 2071
f 2071 2070 2072
f 2071 2072 2073
f 2073 2072 2074
f 2073 2074 2075
f 2075 2074 2076
f 2075 2076 2077
f 2077 2076 2078
f 2077 2078 2079
f 2079 2078 2080
f 2079 2080 2081
f 2081 2080 2082
f 2081 2082 2083
f 2083 2082 2084
f 2083 2084 2085
f 2085 2084 2086
f 2085 2086 2087
f 2087 2086 2088
f 2087 2088 2089
f 2089 2088 2090
f 2089 2090 2091
f 2091 2090 2092
f 2091 2092 2093
f 2093 2092 2094
f 2093 2094 2095
f 2095 2094 2096
f 2095 2096 2097
f 2097 2096 2098
f 2097 2098 2099
f 2099 2098 2100
f 2099 2100 2101
f 2101 2100 2102
f 2101 2102 2103
f 2103 2102 2104
f 2103 2104 2105
f 2105 2104 2106
f 2105 2106 2107
f 2107 2106 2108
f 2107 2108 2109
f 2109 2108 2110
f 2109 2110 2111
f 2111 2110 2112
f 2111 2112 2113
f 2111 2113 2114
f 2114 2113 2115
f 2114 2115 2116
f 2114 2116 2117
f 2117 2116 2118
f 2117 2118 2119
f 2117 2119 2120
f 2120 2119 2121
f 2120 2121 2122
f 2122 2121 2123
f 2122 2123 2124
f 2124 2123 2125
f 2124 2125 2126
f 2126 2125 2127
f 2126 2127 2128
f 2128 2127 2129
f 2128 2129 2130
f 2130 2129 2131
f 2130 2131 2132
f 2132 2131 2133
f 2132 2133 2134
f 2134 2133 2135
f 2134 2135 2136
f 2136 2135 2137
f 2136 2137 2138
f 2138 2137 2139
f 2138 2139 2140
f 2140 2139 2141
f 2140 2141 2142
f 2142 2141 2143
f 2142 2143 2144
f 2144 2143 2145
f 2144 2145 2146
f 2146 2145 2147
f 2146 2147 2148
f 2148 2147 2149
f 2148 2149 2150
f 2150 2149 2151
f 2150 2151 2152
f 2152 2151 2153
f 2152 2153 2154
f 2154 2153 2155
f 2154 2155 2156
f 2156 2155 2157
f 2156 2157 2158
f 2158 2157 2159
f 2158 2159 2160
f 2160 2159 2161
f 2160 2161 2162
f 2162 2161 2163
f 2162 2163 2164
f 2164 2163 2165
f 2164 2165 2166
f 2166 2165 2167
f 2166 2167 2168
f 2168 2167 2169
f 2168 2169 2170
f 2170 2169 2171
f 2170 2171 2172
f 2172 2171 2173
f 2172 2173 2174
f 2174 2173 2175
f 2174 2175 2176
f 2176 2175 2177
f 2176 2177 2178
f 2178 2177 2179
f 2178 2179 2180
f 2180 2179 2181
f 2180 2181 2182
f 2182 2181 2183
f 2182 2183 2184
f 2184 2183 2185
f 2184 2185 2186
f 2186 2185 2187
f 2186 2187 2188
f 2188 2187 2189
f 2188 2189 2190
f 2190 2189 2191
f 2190 2191 2192
f 2192 2191 2193
f 2192 2193 2194
f 2194 2193 2195
f 2194 2195 2196
f 2196 2195 2197
f 2196 2197 2198
f 2198 2197 2199
f 2198 2199 2200
f 2200 2199 2201
f 2200 2201 2202
f 2202 2201 2203
f 2203 2201 2204
f 2203 2204 2205
f 2205 2204 2206
f 2205 2206 2207
f 2205 2207 2208
f 2208 2207 2209
f 2208 2209 2210
f 2210 2209 2211
f 2210 2211 2212
f 2212 2211 2213
f 2213 2211 2214
f 2213 2214 2215
f 2215 2214 2216
f 2215 2216 2217
f 2217 2216 2218
f 2217 2218 2219
f 2219 2218 2220
f 2219 2220 2221
f 2221 2220 2222
f 2221 2222 2223
f 2221 2223 2224
f 2224 2223 2225
f 2224 2225 2226
f 2224 2226 2227
f 2227 2226 2228
f 2227 2228 2229
f 2229 2228 2230
f 2229 2230 2231
f 2231 2230 2232
f 2231 2232 2233
f 2233 2232 2234
f 2234 2232 2235
f 2234 2235 2236
f 2236 2235 2237
f 2236 2237 2238
f 2238 2237 2239
f 2238 2239 2240
f 2240 2239 2241
f 2240 2241 2242
f 2242 2241 2243
f 2242 2243 2244
f 2244 2243 2245
f 2244 2245 2246
f 2246 2245 2247
f 2246 2247 2248
f 2248 2247 2249
f 2248 2249 2250
f 2250 2249 2251
f 2250 2251 2252
f 2252 2251 2253
f 2252 2253 2254
f 2254 2253 2255
f 2254 2255 2256
f 2256 2255 2257
f 2256 2257 2258
f 2258 2257 2259
f 2258 2259 2260
f 2260 2259 2261
f 2260 2261 2262
f 2262 2261 2263
f 2262 2263 2264
f 2264 2263 2265
f 2264 2265 2266
f 2266 2265 2267
f 2266 2267 2268
f 2268 2267 2269
f 2268 2269 2270
f 2270 2269 2271
f 2270 2271 2272
f 2272 2271 2273
f 2272 2273 2274
f 2274 2273 2275
f 2274 2275 2276
f 2276 2275 2277
f 2276 2277 2278
f 2278 2277 2279
f 2278 2279 2280
f 2280 2279 2281
f 2280 2281 2282
f 2282 2281 2283
f 2282 2283 2284
f 2284 2283 2285
f 2284 2285 2286
f 2286 2285 2287
f 2286 2287 2288
f 2288 2287 2289
f 2288 2289 2290
f 2290 2289 2291
f 2290 2291 2292
f 2292 2291 2293
f 2292 2293 2294
f 2294 2293 2295
f 2294 2295 2296
f 2296 2295 2297
f 2296 2297 2298
f 2298 2297 2299
f 2298 2299 2300
f 2300 2299 2301
f 2300 2301 2302
f 2302 2301 2303
f 2302 2303 2304
f 2304 2303 2305
f 2304 2305 2306
f 2306 2305 2307
f 2306 2307 2308
f 2308 2307 2309
f 2308 2309 2310
f 2310 2309 2311
f 2310 2311 2312
f 2312 2311 2313
f 2312 2313 2314
f 2314 2313 2315
f 2314 2315 2316
f 2316 2315 2317
f 2316 2317 2318
f 2318 2317 2319
f 2318 2319 2320
f 2320 2319 2321
f 2320 2321 2322
f 2322 2321 2323
f 2322 2323 2324
f 2324 2323 2325
f 2324 2325 2326
f 2324 2326 2327
f 2327 2326 2328
f 2327 2328 2329
f 2329 2328 2330
f 2329 2330 2331
f 2331 2330 2332
f 2331 2332 2333
f 2333 2332 2334
f 2333 2334 2335
f 2335 2334 2336
f 2335 2336 2337
f 2337 2336 2338
f 2337 2338 2339
f 2339 2338 2340
f 2339 2340 2341
f 2341 2340 2342
f 2341 2342 2343
f 2343 2342 2344
f 2343 2344 2345
f 2345 2344 2346
f 2345 2346 2347
f 2347 2346 2348
f 2347 2348 2349
f 2349 2348 2350
f 2349 2350 2351
f 2351 2350 2352
f 2351 2352 2353
f 2353 2352 2354
f 2353 2354 2355
f 2355 2354 2356
f 2355 2356 2357
f 2357 2356 2358
f 2357 2358 2359
f 2359 2358 2360
f 2359 2360 2361
f 2361 2360 2362
f 2361 2362 2363
f 2363 2362 2364
f 2363 2364 2365
f 2365 2364 2366
f 2365 2366 2367
f 2367 2366 2368
f 2367 2368 2369
f 2369 2368 2370
f 2369 2370 2371
f 2371 2370 2372
f 2371 2372 2373
f 2373 2372 2374
f 2373 2374 2375
f 2375 2374 2376
f 2375 2376 2377
f 2375 2377 2378
f 2378 2377 2379
f 2378 2379 2380
f 2380 2379 2381
f 2380 2381 2382
f 2382 2381 2383
f 2382 2383 2384
f 2384 2383 2385
f 2384 2385 2386
f 2384 2386 2387
f 2387 2386 2388
f 2387 2388 2389
f 2389 2388 2390
f 2389 2390 2391
f 2391 2390 2392
f 2391 2392 2393
f 2393 2392 2394
f 2394 2392 2395
f 2394 2395 2396
f 2396 2395 2397
f 2396 2397 2398
f 2398 2397 2399
f 2398 2399 2400
f 2400 2399 2401
f 2401 2399 2402
f 2401 2402 2403
f 2403 2402 2404
f 2404 2402 2405
f 2404 2405 2406
f 2404 2406 2407
f 2407 2406 2408
f 2407 2408 2409
f 2409 2408 2410
f 2409 2410 2411
f 2411 2410 2412
f 2411 2412 2413
f 2413 2412 2414
f 2413 2414 2415
f 2415 2414 2416
f 2415 2416 2417
f 2417 2416 2418
f 2417 2418 2419
f 2419 2418 2420
f 2419 2420 2421
f 2421 2420 2422
f 2421 2422 2423
f 2423 2422 2424
f 2423 2424 2425
f 2425 2424 2426
f 2425 2426 2427
f 2427 2426 2428
f 2427 2428 2429
f 2429 2428 2430
f 2429 2430 2431
f 2431 2430 2432
f 2431 2432 2433
f 2433 2432 2434
f 2433 2434 2435
f 2435 2434 2436
f 2435 2436 2437
f 2437 2436 2438
f 2437 2438 2439
f 2439 2438 2440
f 2439 2440 2441
f 2441 2440 2442
f 2441 2442 2443
f 2443 2442 2444
f 2443 2444 2445
f 2445 2444 2446
f 2445 2446 2447
f 2447 2446 2448
f 2447 2448 2449
f 2449 2448 2450
f 2449 2450 2451
f 2451 2450 2452
f 2451 2452 2453
f 2453 2452 2454
f 2453 2454 2455
f 2455 2454 2456
f 2455 2456 2457
f 2457 2456 2458
f 2457 2458 2459
f 2459 2458 2460
f 2459 2460 2461
f 2461 2460 2462
f 2461 2462 2463
f 2463 2462 2464
f 2463 2464 2465
f 2465 2464 2466
f 2465 2466 2467
f 2467 2466 2468
f 2467 2468 2469
f 2469 2468 2470
f 2469 2470 2471
f 2471 2470 2472
f 2471 2472 2473
f 2473 2472 2474
f 2473 2474 2475
f 2475 2474 2476
f 2475 2476 2477
f 2477 2476 2478
f 2477 2478 2479
f 2479 2478 2480
f 2479 2480 2481
f 2481 2480 2482
f 2481 2482 2483
f 2483 2482 2484
f 2483 2484 2485
f 2485 2484 2486
f 2485 2486 2487
f 2487 2486 2488
f 2487 2488 2489
f 2489 2488 2490
f 2489 2490 2491
f 2491 2490 2492
f 2492 2490 2493
f 2492 2493 2494
f 2494 2493 2495
f 2495 2493 2496
f 2495 2496 2497
f 2497 2496 2498
f 2497 2498 2499
f 2499 2498 2500
f 2499 2500 2501
f 2501 2500 2502
f 2501 2502 2503
f 2503 2502 2504
f 2503 2504 2505
f 2505 2504 2506
f 2505 2506 2507
f 2507 2506 2508
f 2507 2508 2509
f 2509 2508 2510
f 2509 2510 2511
f 2511 2510 2512
f 2511 2512 2513
f 2513 2512 2514
f 2513 2514 2515
f 2515 2514 2516
f 2515 2516 2517
f 2517 2516 2518
f 2517 2518 2519
f 2519 2518 2520
f 2519 2520 2521
f 2521 2520 2522
f 2521 2522 2523
f 2523 2522 2524
f 2523 2524 2525
f 2525 2524 2526
f 2525 2526 2527
f 2527 2526 2528
f 2527 2528 2529
f 2529 2528 2530
f 2529 2530 2531
f 2531 2530 2532
f 2531 2532 2533
f 2533 2532 2534
f 2533 2534 2535
f 2535 2534 2536
f 2535 2536 2537
f 2537 2536 2538
f 2537 2538 2539
f 2539 2538 2540
f 2539 2540 2541
f 2541 2540 2542
f 2541 2542 2543
f 2543 2542 2544
f 2543 2544 2545
f 2545 2544 2546
f 2545 2546 2547
f 2547 2546 2548
f 2547 2548 2549
f 2547 2549 2550
f 2550 2549 2551
f 2550 2551 2552
f 2552 2551 2553
f 2552 2553 2554
f 2554 2553 2555
f 2554 2555 2556
f 2556 2555 2557
f 2557 2555 2558
f 2557 2558 2559
f 2557 2559 2560
f 2560 2559 2561
f 2560 2561 2562
f 2562 2561 2563
f 2562 2563 2564
f 2564 2563 2565
f 2564 2565 2566
f 2566 2565 2567
f 2566 2567 2568
f 2568 2567 2569
f 2568 2569 2570
f 2570 2569 2571
f 2570 2571 2572
f 2572 2571 2573
f 2572 2573 2574
f 2574 2573 2575
f 2574 2575 2576
f 2576 2575 2577
f 2577 2575 2578
f 2577 2578 2579
f 2579 2578 2580
f 2579 2580 2581
f 2581 2580 2582
f 2581 2582 2583
f 2583 2582 2584
f 2583 2584 2585
f 2585 2584 2586
f 2585 2586 2587
f 2587 2586 2588
f 2587 2588 2589
f 2589 2588 2590
f 2589 2590 2591
f 2591 2590 2592
f 2591 2592 2593
f 2593 2592 2594
f 2593 2594 2595
f 2595 2594 2596
f 2595 2596 2597
f 2597 2596 2598
f 2597 2598 2599
f 2599 2598 2600
f 2599 2600 2601
f 2601 2600 2602
f 2601 2602 2603
f 2603 2602 2604
f 2603 2604 2605
f 2605 2604 2606
f 2605 2606 2607
f 2607 2606 2608
f 2607 2608 2609
f 2609 2608 2610
f 2609 2610 2611
f 2611 2610 2612
f 2611 2612 2613
f 2613 2612 2614
f 2613 2614 2615
f 2615 2614 2616
f 2615 2616 2617
f 2617 2616 2618
f 2617 2618 2619
f 2619 2618 2620
f 2619 2620 2621
f 2621 2620 2622
f 2621 2622 2623
f 2623 2622 2624
f 2623 2624 2625
f 2625 2624 2626
f 2625 2626 2627
f 2627 2626 2628
f 2627 2628 2629
f 2629 2628 2630
f 2629 2630 2631
f 2629 2631 2632
f 2632 2631 2633
f 2632 2633 2634
f 2632 2634 2635
f 2635 2634 2636
f 2635 2636 2637
f 2637 2636 2638
f 2637 2638 2639
f 2639 2638 2640
f 2639 2640 2641
f 2641 2640 2642
f 2641 2642 2643
f 2643 2642 2644
f 2643 2644 2645
f 2645 2644 2646
f 2645 2646 2647
f 2647 2646 2648
f 2647 2648 2649
f 2649 2648 2650
f 2649 2650 2651
f 2651 2650 2652
f 2651 2652 2653
f 2653 2652 2654
f 2653 2654 2655
f 2655 2654 2656
f 2655 2656 2657
f 2657 2656 2658
f 2657 2658 2659
f 2659 2658 2660
f 2659 2660 2661
f 2661 2660 2662
f 2661 2662 2663
f 2663 2662 2664
f 2663 2664 2665
f 2665 2664 2666
f 2666 2664 2667
f 2666 2667 2668
f 2668 2667 2669
f 2669 2667 2670
f 2669 2670 2671
f 2671 2670 2672
f 2671 2672 2673
f 2673 2672 2674
f 2673 2674 2675
f 2675 2674 2676
f 2675 2676 2677
f 2677 2676 2678
f 2677 2678 2679
f 2679 2678 2680
f 2679 2680 2681
f 2681 2680 2682
f 2681 2682 2683
f 2683 2682 2684
f 2683 2684 2685
f 2685 2684 2686
f 2685 2686 2687
f 2687 2686 2688
f 2687 2688 2689
f 2689 2688 2690
f 2689 2690 2691
f 2691 2690 2692
f 2691 2692 2693
f 2693 2692 2694
f 2693 2694 2695
f 2695 2694 2696
f 2695 2696 2697
f 2697 2696 2698
f 2697 2698 2699
f 2699 2698 2700
f 2699 2700 2701
f 2701 2700 2702
f 2701 2702 2703
f 2703 2702 2704
f 2703 2704 2705
f 2705 2704 2706
f 2705 2706 2707
f 2707 2706 2708
f 2707 2708 2709
f 2709 2708 2710
f 2709 2710 2711
f 2711 2710 2712
f 2711 2712 2713
f 2713 2712 2714
f 2713 2714 2715
f 2715 2714 2716
f 2715 2716 2717
f 2717 2716 2718
f 2717 2718 2719
f 2719 2718 2720
f 2721 2719 2720
f 2721 2720 2722
f 2721 2722 2723
f 2721 2723 2724
f 2724 2723 2725
f 2724 2725 2726
f 2726 2725 2727
f 2726 2727 2728
f 2728 2727 2729
f 2728 2729 2730
f 2730 2729 2731
f 2730 2731 1010
f 1010 2731 1008
f 2732 2733 2734
f 2735 2733 2732
f 2736 2732 2734
f 2736 2734 2737
f 2736 2737 2738
f 2738 2737 2739
f 2738 2739 2740
f 2740 2739 2741
f 2740 2741 2742
f 2742 2741 2743
f 2742 2743 2744
f 2744 2743 2745
f 2744 2745 2746
f 2746 2745 2747
f 2746 2747 2748
f 2748 2747 2749
f 2748 2749 2750
f 2750 2749 2751
f 2750 2751 2752
f 2752 2751 2753
f 2752 2753 2754
f 2754 2753 2755
f 2754 2755 2756
f 2756 2755 2757
f 2756 2757 2758
f 2758 2757 2759
f 2758 2759 2760
f 2760 2759 2761
f 2760 2761 2762
f 2762 2761 2763
f 2762 2763 2764
f 2764 2763 2765
f 2764 2765 2766
f 2766 2765 2767
f 2766 2767 2768
f 2768 2767 2769
f 2768 2769 2770
f 2770 2769 2771
f 2770 2771 2735
f 2735 2771 2733
f 2772 2773 2774
f 2772 2775 2773
f 2776 2772 2774
f 2774 2777 2776
f 2777 2774 2778
f 2777 2779 2776
f 2779 2780 2776
f 2779 2781 2780
f 2781 2782 2780
f 2781 2783 2782
f 2783 2784 2782
f 2784 2785 2782
f 2784 2786 2785
f 2786 2787 2785
f 2786 2788 2787
f 2788 2789 2787
f 2788 2790 2789
f 2790 2791 2789
f 2790 2792 2791
f 2792 2793 2791
f 2792 2794 2793
f 2794 2795 2793
f 2794 2796 2795
f 2796 2797 2795
f 2796 2798 2797
f 2797 2799 2795
f 2797 2800 2799
f 2799 2801 2795
f 2801 2802 2795
f 2801 2803 2802
f 2800 2804 2799
f 2800 2805 2804
f 2805 2806 2804
f 2805 2807 2806
f 2807 2808 2806
f 2807 2809 2808
f 2809 2810 2808
f 2809 2811 2810
f 2809 2812 2811
f 2812 2813 2811
f 2812 2814 2813
f 2812 2815 2814
f 2815 2816 2814
f 2815 2817 2816
f 2817 2818 2816
f 2817 2819 2818
f 2819 2820 2818
f 2819 2821 2820
f 2821 2822 2820
f 2821 2823 2822
f 2823 2824 2822
f 2823 2825 2824
f 2825 2826 2824
f 2825 2827 2826
f 2827 2828 2826
f 2827 2829 2828
f 2829 2830 2828
f 2829 2831 2830
f 2831 2832 2830
f 2831 2833 2832
f 2833 2834 2832
f 2833 2835 2834
f 2835 2836 2834
f 2835 2837 2836
f 2837 2838 2836
f 2837 2839 2838
f 2839 2840 2838
f 2839 2841 2840
f 2841 2842 2840
f 2841 2843 2842
f 2841 2844 2843
f 2844 2845 2843
f 2845 2846 2843
f 2845 2847 2846
f 2845 2848 2847
f 2847 2849 2846
f 2847 2850 2849
f 2849 2851 2846
f 2851 2852 2846
f 2852 2853 2846
f 2853 2854 2846
f 2853 2855 2854
f 2855 2856 2854
f 2856 2857 2854
f 2857 2858 2854
f 2857 2859 2858
f 2859 2860 2858
f 2859 2861 2860
f 2859 2862 2861
f 2862 2863 2861
f 2862 2864 2863
f 2862 2865 2864
f 2862 2866 2865
f 2866 2867 2865
f 2866 2868 2867
f 2868 2869 2867
f 2868 2870 2869
f 2868 2871 2870
f 2868 2872 2871
f 2872 2873 2871
f 2872 2874 2873
f 2874 2875 2873
f 2874 2876 2875
f 2874 2877 2876
f 2877 2878 2876
f 2877 2879 2878
f 2879 2880 2878
f 2879 2881 2880
f 2881 2882 2880
f 2881 2883 2882
f 2847 2884 2850
f 2884 2885 2850
f 2884 2886 2885
f 2886 2887 2885
f 2886 2888 2887
f 2888 2889 2887
f 2888 2890 2889
f 2890 2891 2889
f 2890 2892 2891
f 2892 2893 2891
f 2892 2894 2893
f 2894 2895 2893
f 2894 2896 2895
f 2896 2897 2895
f 2896 2898 2897
f 2898 2899 2897
f 2898 2900 2899
f 2900 2901 2899
f 2900 2902 2901
f 2902 2903 2901
f 2902 2904 2903
f 2904 2905 2903
f 2904 2906 2905
f 2906 2907 2905
f 2906 2908 2907
f 2908 2909 2907
f 2908 2910 2909
f 2910 2911 2909
f 2910 2912 2911
f 2912 2913 2911
f 2912 2914 2913
f 2914 2915 2913
f 2914 2916 2915
f 2916 2917 2915
f 2916 2918 2917
f 2918 2919 2917
f 2918 2920 2919
f 2920 2921 2919
f 2920 2922 2921
f 2920 2923 2922
f 2923 2924 2922
f 2923 2925 2924
f 2923 2926 2925
f 2926 2927 2925
f 2926 2928 2927
f 2928 2929 2927
f 2928 2930 2929
f 2930 2931 2929
f 2930 2932 2931
f 2932 2933 2931
f 2933 2934 2931
f 2933 2935 2934
f 2935 2936 2934
f 2935 2937 2936
f 2937 2938 2936
f 2937 2939 2938
f 2939 2940 2938
f 2939 2941 2940
f 2941 2942 2940
f 2941 2943 2942
f 2943 2944 2942
f 2943 2945 2944
f 2944 2946 2942
f 2946 2947 2942
f 2946 2948 2947
f 2948 2949 2947
f 2949 2950 2947
f 2949 2951 2950
f 2951 2952 2950
f 2951 2953 2952
f 2953 2954 2952
f 2953 2955 2954
f 2955 2956 2954
f 2955 2957 2956
f 2957 2958 2956
f 2958 2959 2956
f 2958 2960 2959
f 2960 2961 2959
f 2960 2962 2961
f 2962 2963 2961
f 2962 2964 2963
f 2964 2965 2963
f 2964 2966 2965
f 2966 2967 2965
f 2966 2968 2967
f 2966 2969 2968
f 2969 2970 2968
f 2970 2971 2968
f 2970 2972 2971
f 2972 2973 2971
f 2972 2974 2973
f 2974 2975 2973
f 2974 2976 2975
f 2976 2977 2975
f 2976 2978 2977
f 2978 2979 2977
f 2978 2980 2979
f 2980 2981 2979
f 2980 2982 2981
f 2982 2983 2981
f 2982 2984 2983
f 2984 2985 2983
f 2984 2986 2985
f 2984 2987 2986
f 2987 2988 2986
f 2987 2989 2988
f 2989 2990 2988
f 2989 2991 2990
f 2991 2992 2990
f 2991 2993 2992
f 2993 2994 2992
f 2993 2995 2994
f 2995 2996 2994
f 2996 2997 2994
f 2996 2998 2997
f 2998 2999 2997
f 2998 3000 2999
f 2998 3001 3000
f 3001 3002 3000
f 3001 3003 3002
f 2943 3004 2945
f 2945 3005 2944
f 2945 3006 3005
f 3006 3007 3005
f 3006 3008 3007
f 3008 3009 3007
f 3008 3010 3009
f 3010 3011 3009
f 3010 3012 3011
f 3012 3013 3011
f 3012 3014 3013
f 3014 3015 3013
f 3014 3016 3015
f 3016 3017 3015
f 3016 3018 3017
f 3018 3019 3017
f 3018 3020 3019
f 3020 3021 3019
f 3020 3022 3021
f 3022 3023 3021
f 3022 3024 3023
f 3024 3025 3023
f 3024 3026 3025
f 3026 3027 3025
f 3026 3028 3027
f 3028 3029 3027
f 3028 3030 3029
f 3030 3031 3029
f 3030 3032 3031
f 3032 3033 3031
f 3032 3034 3033
f 3034 3035 3033
f 3034 3036 3035
f 3036 3037 3035
f 3036 3038 3037
f 3039 3037 3038
f 3040 3037 3039
f 3039 3038 3041
f 3042 3039 3041
f 3043 3042 3041
f 3044 3043 3041
f 3044 3041 3045
f 3046 3044 3045
f 3047 3046 3045
f 3047 3045 3048
f 3049 3047 3048
f 3049 3048 3050
f 3051 3049 3050
f 3052 3051 3050
f 3052 3050 3053
f 3054 3052 3053
f 3055 3054 3053
f 3055 3053 3056
f 3053 3057 3056
f 3058 3055 3056
f 3059 3058 3056
f 3060 3059 3056
f 3060 3056 3061
f 3062 3060 3061
f 3063 3062 3061
f 3063 3061 3064
f 3065 3063 3064
f 3065 3064 3066
f 3067 3065 3066
f 3068 3067 3066
f 3068 3066 3037
f 3040 3068 3037
f 3053 3069 3057
f 3069 3070 3057
f 3069 3071 3070
f 3071 3072 3070
f 3071 3073 3072
f 3073 3074 3072
f 3073 3075 3074
f 3075 3076 3074
f 3075 3077 3076
f 3077 3078 3076
f 3077 3079 3078
f 3079 3080 3078
f 3079 3081 3080
f 3079 3082 3081
f 3082 3083 3081
f 3082 3084 3083
f 3082 3085 3084
f 3085 3086 3084
f 3085 3087 3086
f 3087 3088 3086
f 3087 3089 3088
f 3089 3090 3088
f 3089 3091 3090
f 3091 3092 3090
f 3091 3093 3092
f 3093 3094 3092
f 3093 3095 3094
f 3095 3096 3094
f 3095 3097 3096
f 3097 3098 3096
f 3097 3099 3098
f 3099 3100 3098
f 3099 3101 3100
f 3101 3102 3100
f 3101 3103 3102
f 3103 3104 3102
f 3103 3105 3104
f 3105 3106 3104
f 3105 3107 3106
f 3107 3108 3106
f 3107 3109 3108
f 3107 3110 3109
f 3110 3111 3109
f 3110 3112 3111
f 3112 3113 3111
f 3112 3114 3113
f 3114 3115 3113
f 3115 3116 3113
f 3115 3117 3116
f 3117 3118 3116
f 3118 3119 3116
f 3118 3120 3119
f 2943 3121 3004
f 3121 3122 3004
f 3121 3123 3122
f 3121 3124 3123
f 3121 3125 3124
f 3125 3126 3124
f 3125 3127 3126
f 3125 3128 3127
f 3128 3129 3127
f 3128 3130 3129
f 3128 3131 3130
f 3131 3132 3130
f 3131 3133 3132
f 3133 3134 3132
f 3133 3135 3134
f 3135 3136 3134
f 3135 3137 3136
f 3137 3138 3136
f 3138 3139 3136
f 3138 3140 3139
f 3140 3141 3139
f 3140 3142 3141
f 3142 3143 3141
f 3142 3144 3143
f 3144 3145 3143
f 3144 3146 3145
f 3146 3147 3145
f 3146 3148 3147
f 3146 3149 3148
f 3146 3150 3149
f 3150 3151 3149
f 3150 3152 3151
f 3150 3153 3152
f 3153 3154 3152
f 3153 3155 3154
f 3155 3156 3154
f 3155 3157 3156
f 3157 3158 3156
f 3157 3159 3158
f 3159 3160 3158
f 3159 3161 3160
f 3161 3162 3160
f 3161 3163 3162
f 3163 3164 3162
f 3163 3165 3164
f 3165 3166 3164
f 3165 3167 3166
f 3167 3168 3166
f 3167 3169 3168
f 3169 3170 3168
f 3169 3171 3170
f 3171 3172 3170
f 3171 3173 3172
f 3173 3174 3172
f 3173 3175 3174
f 3173 3176 3175
f 3176 3177 3175
f 2848 3178 2847
f 2848 3179 3178
f 2848 3180 3179
f 2848 3181 3180
f 2848 3182 3181
f 2848 3183 3182
f 3183 3184 3182
f 3183 3185 3184
f 3183 3186 3185
f 3186 3187 3185
f 3186 3188 3187
f 3188 3189 3187
f 3188 3190 3189
f 3190 3191 3189
f 3191 3192 3189
f 3192 3193 3189
f 3193 3194 3189
f 3193 3195 3194
f 3195 3196 3194
f 3196 3197 3194
f 3197 3198 3194
f 3197 3199 3198
f 3199 3200 3198
f 3200 3201 3198
f 3200 3202 3201
f 3202 3203 3201
f 3202 3204 3203
f 3204 3205 3203
f 3204 3206 3205
f 3204 3207 3206
f 3207 3208 3206
f 3207 3209 3208
f 3209 3210 3208
f 3209 3211 3210
f 3209 3212 3211
f 2796 3213 2798
f 3213 3214 2798
f 2777 2778 3215
f 2777 3215 3216
f 3217 2777 3216
f 3217 3216 3218
f 3219 3217 3218
f 3219 3218 3220
f 3221 3219 3220
f 3221 3220 3222
f 3223 3221 3222
f 3223 3222 3224
f 3223 3224 3225
f 3226 3223 3225
f 3226 3225 3227
f 3226 3227 3228
f 3226 3228 3229
f 3230 3226 3229
f 3230 3229 3231
f 3230 3231 3232
f 3233 3230 3232
f 3233 3232 3234
f 3235 3233 3234
f 3235 3234 3236
f 3237 3235 3236
f 3237 3236 3238
f 3239 3237 3238
f 3239 3238 3240
f 3239 3240 3241
f 3239 3241 3242
f 3243 3239 3242
f 3243 3242 3244
f 3245 3243 3244
f 3244 3246 3245
f 3246 3244 3247
f 3245 3246 3248
f 3249 3245 3248
f 3249 3248 3250
f 3251 3249 3250
f 3251 3250 3252
f 3253 3251 3252
f 3253 3252 3254
f 3255 3253 3254
f 3255 3254 3256
f 3257 3255 3256
f 3257 3256 3258
f 3259 3257 3258
f 3259 3258 3260
f 3261 3259 3260
f 3261 3260 3262
f 3263 3261 3262
f 3263 3262 3264
f 3263 3264 3265
f 3264 3266 3265
f 3267 3263 3265
f 3267 3268 3263
f 3267 3265 3269
f 3270 3267 3269
f 3270 3269 3271
f 3272 3270 3271
f 3272 3271 3273
f 3274 3272 3273
f 3274 3273 3275
f 3276 3274 3275
f 3277 3276 3275
f 3277 3275 3278
f 3279 3277 3278
f 3280 3279 3278
f 3280 3278 3281
f 3282 3280 3281
f 3282 3281 3283
f 3284 3282 3283
f 3284 3283 3285
f 3286 3284 3285
f 3286 3285 3287
f 3288 3286 3287
f 3288 3287 3289
f 3290 3288 3289
f 3290 3289 3291
f 3292 3290 3291
f 3292 3291 3293
f 3294 3292 3293
f 3294 3293 3295
f 3296 3294 3295
f 3296 3295 3297
f 3298 3296 3297
f 3298 3297 3299
f 3298 3299 3300
f 3301 3298 3300
f 3301 3300 3302
f 3303 3301 3302
f 3303 3302 3304
f 3305 3303 3304
f 3305 3304 3306
f 3307 3305 3306
f 3307 3306 3308
f 3307 3308 3309
f 3310 3307 3309
f 3310 3309 3311
f 3312 3310 3311
f 3312 3311 3313
f 3314 3312 3313
f 3314 3313 3315
f 3313 3316 3315
f 3317 3314 3315
f 3317 3318 3314
f 3319 3317 3315
f 3319 3315 3320
f 3321 3319 3320
f 3321 3320 3322
f 3323 3321 3322
f 3323 3322 3324
f 3325 3323 3324
f 3325 3324 3326
f 3327 3325 3326
f 3327 3326 3328
f 3329 3327 3328
f 3329 3328 3330
f 3331 3329 3330
f 3331 3330 3332
f 3333 3331 3332
f 3333 3332 3334
f 3335 3333 3334
f 3335 3334 3336
f 3337 3335 3336
f 3337 3336 3338
f 3339 3337 3338
f 3339 3338 3340
f 3341 3339 3340
f 3341 3340 3342
f 3343 3341 3342
f 3343 3342 3344
f 3345 3343 3344
f 3345 3344 3346
f 3347 3345 3346
f 3347 3346 3348
f 3349 3347 3348
f 3349 3348 3350
f 3351 3349 3350
f 3351 3350 3352
f 3353 3351 3352
f 3353 3352 3354
f 3355 3353 3354
f 3355 3354 3356
f 3357 3355 3356
f 3357 3356 3358
f 3359 3357 3358
f 3359 3358 3360
f 3361 3359 3360
f 3361 3360 3362
f 3363 3361 3362
f 3363 3362 3364
f 3365 3363 3364
f 3365 3364 3366
f 3365 3366 3367
f 3368 3365 3367
f 3368 3367 3369
f 3370 3368 3369
f 3370 3369 3371
f 3372 3370 3371
f 3372 3371 3373
f 3374 3372 3373
f 3374 3373 3375
f 3376 3374 3375
f 3376 3375 3377
f 3376 3377 3378
f 3377 3379 3378
f 3376 3378 3380
f 3381 3376 3380
f 3381 3380 3382
f 3381 3382 3383
f 3381 3383 3384
f 3381 3384 3385
f 3386 3381 3385
f 3386 3385 3387
f 3388 3386 3387
f 3388 3387 3389
f 3390 3388 3389
f 3390 3389 3391
f 3392 3390 3391
f 3392 3391 3393
f 3392 3393 3394
f 3395 3392 3394
f 3395 3394 3396
f 3397 3395 3396
f 3397 3396 3398
f 3399 3397 3398
f 3399 3398 3400
f 3401 3399 3400
f 3401 3400 3402
f 3403 3401 3402
f 3404 3403 3402
f 3404 3402 3405
f 3404 3405 3406
f 3407 3404 3406
f 3407 3406 3408
f 3409 3407 3408
f 3409 3408 3410
f 3411 3409 3410
f 3411 3410 3412
f 3413 3411 3412
f 3413 3412 3414
f 3415 3413 3414
f 3415 3414 3416
f 3417 3415 3416
f 3417 3416 3418
f 3419 3417 3418
f 3419 3418 3420
f 3421 3419 3420
f 3422 3421 3420
f 3422 3420 3423
f 3424 3422 3423
f 3424 3423 3425
f 3426 3424 3425
f 3426 3425 3427
f 3428 3426 3427
f 3428 3427 3429
f 3430 3428 3429
f 3430 3429 3431
f 3430 3431 3432
f 3433 3430 3432
f 3433 3432 3434
f 3435 3433 3434
f 3436 3435 3434
f 3437 3436 3434
f 3438 3437 3434
f 3438 3439 3437
f 3438 3440 3439
f 3377 3441 3379
f 3379 3442 3378
f 3379 3443 3442
f 3443 3444 3442
f 3443 3445 3444
f 3445 3446 3444
f 3445 3447 3446
f 3447 3448 3446
f 3447 3449 3448
f 3449 3450 3448
f 3449 3451 3450
f 3451 3452 3450
f 3451 3453 3452
f 3453 3454 3452
f 3453 3455 3454
f 3455 3456 3454
f 3455 3457 3456
f 3457 3458 3456
f 3457 3459 3458
f 3459 3460 3458
f 3459 3461 3460
f 3461 3462 3460
f 3461 3463 3462
f 3463 3464 3462
f 3463 3465 3464
f 3465 3466 3464
f 3466 3467 3464
f 3466 3468 3467
f 3468 3469 3467
f 3469 3470 3467
f 3469 3471 3470
f 3471 3472 3470
f 3471 3473 3472
f 3473 3474 3472
f 3473 3475 3474
f 3475 3476 3474
f 3475 3477 3476
f 3477 3478 3476
f 3477 3479 3478
f 3479 3480 3478
f 3479 3481 3480
f 3481 3482 3480
f 3482 3483 3480
f 3482 3484 3483
f 3484 3485 3483
f 3484 3486 3485
f 3486 3487 3485
f 3486 3488 3487
f 3488 3489 3487
f 3488 3490 3489
f 3490 3491 3489
f 3490 3492 3491
f 3492 3493 3491
f 3492 3494 3493
f 3494 3495 3493
f 3494 3496 3495
f 3496 3497 3495
f 3496 3498 3497
f 3498 3499 3497
f 3498 3500 3499
f 3498 3501 3500
f 3501 3502 3500
f 3501 3503 3502
f 3501 3504 3503
f 3504 3505 3503
f 3504 3506 3505
f 3506 3507 3505
f 3506 3508 3507
f 3508 3509 3507
f 3508 3510 3509
f 3510 3511 3509
f 3510 3512 3511
f 3512 3513 3511
f 3512 3514 3513
f 3514 3515 3513
f 3514 3516 3515
f 3516 3517 3515
f 3516 3518 3517
f 3518 3519 3517
f 3518 3520 3519
f 3520 3521 3519
f 3520 3522 3521
f 3522 3523 3521
f 3522 3524 3523
f 3524 3525 3523
f 3524 3526 3525
f 3526 3527 3525
f 3526 3528 3527
f 3526 3529 3528
f 3529 3530 3528
f 3529 3531 3530
f 3531 3532 3530
f 3532 3533 3530
f 3532 3534 3533
f 3534 3535 3533
f 3534 3536 3535
f 3536 3537 3535
f 3536 3538 3537
f 3377 3539 3441
f 3539 3540 3441
f 3539 3541 3540
f 3539 3542 3541
f 3539 3543 3542
f 3543 3544 3542
f 3543 3545 3544
f 3543 3546 3545
f 3546 3547 3545
f 3546 3548 3547
f 3546 3549 3548
f 3549 3550 3548
f 3549 3551 3550
f 3551 3552 3550
f 3551 3553 3552
f 3553 3554 3552
f 3553 3555 3554
f 3555 3556 3554
f 3556 3557 3554
f 3556 3558 3557
f 3558 3559 3557
f 3558 3560 3559
f 3560 3561 3559
f 3560 3562 3561
f 3562 3563 3561
f 3562 3564 3563
f 3564 3565 3563
f 3564 3566 3565
f 3564 3567 3566
f 3564 3568 3567
f 3568 3569 3567
f 3568 3570 3569
f 3568 3571 3570
f 3571 3572 3570
f 3571 3573 3572
f 3573 3574 3572
f 3573 3575 3574
f 3575 3576 3574
f 3575 3577 3576
f 3577 3578 3576
f 3577 3579 3578
f 3579 3580 3578
f 3579 3581 3580
f 3581 3582 3580
f 3581 3583 3582
f 3583 3584 3582
f 3583 3585 3584
f 3585 3586 3584
f 3585 3587 3586
f 3587 3588 3586
f 3587 3589 3588
f 3589 3590 3588
f 3589 3591 3590
f 3591 3592 3590
f 3591 3593 3592
f 3591 3594 3593
f 3594 3595 3593
f 3318 3596 3314
f 3596 3597 3314
f 3597 3598 3314
f 3597 3599 3598
f 3599 3600 3598
f 3600 3601 3598
f 3601 3602 3598
f 3601 3603 3602
f 3603 3604 3602
f 3603 3605 3604
f 3603 3606 3605
f 3606 3607 3605
f 3606 3608 3607
f 3606 3609 3608
f 3606 3610 3609
f 3610 3611 3609
f 3610 3612 3611
f 3612 3613 3611
f 3612 3614 3613
f 3612 3615 3614
f 3612 3616 3615
f 3616 3617 3615
f 3616 3618 3617
f 3618 3619 3617
f 3618 3620 3619
f 3618 3621 3620
f 3621 3622 3620
f 3621 3623 3622
f 3623 3624 3622
f 3623 3625 3624
f 3625 3626 3624
f 3625 3627 3626
f 3316 3628 3315
f 3316 3629 3628
f 3316 3630 3629
f 3316 3631 3630
f 3316 3632 3631
f 3632 3633 3631
f 3632 3634 3633
f 3632 3635 3634
f 3635 3636 3634
f 3635 3637 3636
f 3637 3638 3636
f 3637 3639 3638
f 3639 3640 3638
f 3640 3641 3638
f 3641 3642 3638
f 3641 3643 3642
f 3643 3644 3642
f 3644 3645 3642
f 3645 3646 3642
f 3645 3647 3646
f 3647 3648 3646
f 3648 3649 3646
f 3648 3650 3649
f 3650 3651 3649
f 3650 3652 3651
f 3652 3653 3651
f 3652 3654 3653
f 3652 3655 3654
f 3655 3656 3654
f 3655 3657 3656
f 3657 3658 3656
f 3657 3659 3658
f 3657 3660 3659
f 3268 3661 3263
f 3268 3662 3661
f 3264 3663 3266
f 3663 3664 3266
f 3246 3247 3665
f 3246 3665 3666
f 3667 3246 3666
f 3667 3666 3668
f 3669 3667 3668
f 3669 3668 3670
f 3671 3669 3670
f 3671 3670 3672
f 3673 3671 3672
f 3673 3672 3674
f 3673 3674 3675
f 3676 3673 3675
f 3676 3675 3677
f 3676 3677 3678
f 3676 3678 3679
f 3680 3676 3679
f 3680 3679 3681
f 3680 3681 3682
f 3683 3680 3682
f 3683 3682 3684
f 3685 3683 3684
f 3685 3684 3686
f 3687 3685 3686
f 3687 3686 3688
f 2775 3687 3688
f 2775 3688 3689
f 2775 3689 3690
f 2775 3690 2773
