2424 2432 0
v -0.10124727 -0.15767418 -0.0103125
v -0.093747 -0.15757959 -0.0103125
v -0.09375 -0.1575 -0.0103125
v -0.093741315 -0.15765789 -0.0103125
v -0.10125 -0.1575 -0.0103125
v -0.093747 -0.15742041 -0.0103125
v -0.093741315 -0.15734211 -0.0103125
v -0.10124727 -0.15732582 -0.0103125
v -0.093732915 -0.15726513 -0.0103125
v -0.093721845 -0.157189425 -0.0103125
v -0.10124166 -0.157152585 -0.0103125
v -0.09370806 -0.157115025 -0.0103125
v -0.09369159 -0.157041915 -0.0103125
v -0.101233155 -0.15698028 -0.0103125
v -0.09367242 -0.156970125 -0.0103125
v -0.093650565 -0.15689961 -0.0103125
v -0.09362601 -0.1568304 -0.0103125
v -0.10122177 -0.156808905 -0.0103125
v -0.093598755 -0.15676248 -0.0103125
v -0.093568815 -0.15669588 -0.0103125
v -0.10120752 -0.15663849 -0.0103125
v -0.09353589 -0.15663021 -0.0103125
v -0.09349965 -0.15656505 -0.0103125
v -0.09346029 -0.156500655 -0.0103125
v -0.101190375 -0.15646899 -0.0103125
v -0.09341805 -0.15643734 -0.0103125
v -0.09337314 -0.156375345 -0.0103125
v -0.0933258 -0.156314985 -0.0103125
v -0.101170335 -0.156300435 -0.0103125
v -0.09327624 -0.156256515 -0.0103125
v -0.093224685 -0.15620022 -0.0103125
v -0.09317136 -0.156146385 -0.0103125
v -0.10114743 -0.15613281 -0.0103125
v -0.093116505 -0.15609528 -0.0103125
v -0.093060315 -0.15604722 -0.0103125
v -0.093002505 -0.15600201 -0.0103125
v -0.10112163 -0.15596613 -0.0103125
v -0.092941965 -0.15595875 -0.0103125
v -0.09287889 -0.155917515 -0.0103125
v -0.092813655 -0.155878455 -0.0103125
v -0.092746545 -0.15584175 -0.0103125
v -0.092677875 -0.155807535 -0.0103125
v -0.101092965 -0.15580038 -0.0103125
v -0.092608005 -0.15577596 -0.0103125
v -0.092537235 -0.15574719 -0.0103125
v -0.092465895 -0.155721405 -0.0103125
v -0.0923943 -0.15569871 -0.0103125
v -0.09232278 -0.155679285 -0.0103125
v -0.092251245 -0.155663205 -0.0103125
v -0.092178135 -0.15565008 -0.0103125
v -0.092103615 -0.15563988 -0.0103125
v -0.10106139 -0.155635575 -0.0103125
v -0.092028015 -0.155632575 -0.0103125
v -0.09195168 -0.15562821 -0.0103125
v -0.091875 -0.155626755 -0.0103125
v -0.08272305 -0.155471685 -0.0103125
v -0.10102695 -0.155471685 -0.0103125
v -0.09179832 -0.15562821 -0.0103125
v -0.091721985 -0.155632575 -0.0103125
v -0.08268861 -0.155635575 -0.0103125
v -0.091646385 -0.15563988 -0.0103125
v -0.091571865 -0.15565008 -0.0103125
v -0.091498755 -0.155663205 -0.0103125
v -0.09142722 -0.155679285 -0.0103125
v -0.0913557 -0.15569871 -0.0103125
v -0.091284105 -0.155721405 -0.0103125
v -0.091212765 -0.15574719 -0.0103125
v -0.091141995 -0.15577596 -0.0103125
v -0.082657035 -0.15580038 -0.0103125
v -0.091072125 -0.155807535 -0.0103125
v -0.091003455 -0.15584175 -0.0103125
v -0.090936345 -0.155878455 -0.0103125
v -0.09087111 -0.155917515 -0.0103125
v -0.090808035 -0.15595875 -0.0103125
v -0.08262837 -0.15596613 -0.0103125
v -0.090747495 -0.15600201 -0.0103125
v -0.090689685 -0.15604722 -0.0103125
v -0.090633495 -0.15609528 -0.0103125
v -0.08260257 -0.15613281 -0.0103125
v -0.09057864 -0.156146385 -0.0103125
v -0.090525315 -0.15620022 -0.0103125
v -0.09047376 -0.156256515 -0.0103125
v -0.082579665 -0.156300435 -0.0103125
v -0.0904242 -0.156314985 -0.0103125
v -0.09037686 -0.156375345 -0.0103125
v -0.09033195 -0.15643734 -0.0103125
v -0.082559625 -0.15646899 -0.0103125
v -0.09028971 -0.156500655 -0.0103125
v -0.09025035 -0.15656505 -0.0103125
v -0.09021411 -0.15663021 -0.0103125
v -0.08254248 -0.15663849 -0.0103125
v -0.090181185 -0.15669588 -0.0103125
v -0.090151245 -0.15676248 -0.0103125
v -0.08252823 -0.156808905 -0.0103125
v -0.09012399 -0.1568304 -0.0103125
v -0.090099435 -0.15689961 -0.0103125
v -0.09007758 -0.156970125 -0.0103125
v -0.082516845 -0.15698028 -0.0103125
v -0.09005841 -0.157041915 -0.0103125
v -0.09004194 -0.157115025 -0.0103125
v -0.08250834 -0.157152585 -0.0103125
v -0.090028155 -0.157189425 -0.0103125
v -0.090017085 -0.15726513 -0.0103125
v -0.08250273 -0.15732582 -0.0103125
v -0.090008685 -0.15734211 -0.0103125
v -0.090003 -0.15742041 -0.0103125
v -0.09 -0.1575 -0.0103125
v -0.0825 -0.1575 -0.0103125
v -0.090003 -0.15757959 -0.0103125
v -0.090008685 -0.15765789 -0.0103125
v -0.08250273 -0.15767418 -0.0103125
v -0.090017085 -0.15773487 -0.0103125
v -0.090028155 -0.157810575 -0.0103125
v -0.08250834 -0.157847415 -0.0103125
v -0.09004194 -0.157884975 -0.0103125
v -0.09005841 -0.157958085 -0.0103125
v -0.082516845 -0.15801972 -0.0103125
v -0.09007758 -0.158029875 -0.0103125
v -0.090099435 -0.15810039 -0.0103125
v -0.09012399 -0.1581696 -0.0103125
v -0.08252823 -0.158191095 -0.0103125
v -0.090151245 -0.15823752 -0.0103125
v -0.090181185 -0.15830412 -0.0103125
v -0.08254248 -0.15836151 -0.0103125
v -0.09021411 -0.15836979 -0.0103125
v -0.09025035 -0.15843495 -0.0103125
v -0.09028971 -0.158499345 -0.0103125
v -0.082559625 -0.15853101 -0.0103125
v -0.09033195 -0.15856266 -0.0103125
v -0.09037686 -0.158624655 -0.0103125
v -0.0904242 -0.158685015 -0.0103125
v -0.082579665 -0.158699565 -0.0103125
v -0.09047376 -0.158743485 -0.0103125
v -0.090525315 -0.15879978 -0.0103125
v -0.09057864 -0.158853615 -0.0103125
v -0.08260257 -0.15886719 -0.0103125
v -0.090633495 -0.15890472 -0.0103125
v -0.090689685 -0.15895278 -0.0103125
v -0.090747495 -0.15899799 -0.0103125
v -0.08262837 -0.15903387 -0.0103125
v -0.090808035 -0.15904125 -0.0103125
v -0.09087111 -0.159082485 -0.0103125
v -0.090936345 -0.159121545 -0.0103125
v -0.091003455 -0.15915825 -0.0103125
v -0.091072125 -0.159192465 -0.0103125
v -0.082657035 -0.15919962 -0.0103125
v -0.091141995 -0.15922404 -0.0103125
v -0.091212765 -0.15925281 -0.0103125
v -0.091284105 -0.159278595 -0.0103125
v -0.0913557 -0.15930129 -0.0103125
v -0.09142722 -0.159320715 -0.0103125
v -0.091498755 -0.159336795 -0.0103125
v -0.091571865 -0.15934992 -0.0103125
v -0.091646385 -0.15936012 -0.0103125
v -0.08268861 -0.159364425 -0.0103125
v -0.091721985 -0.159367425 -0.0103125
v -0.09179832 -0.15937179 -0.0103125
v -0.091875 -0.159373245 -0.0103125
v -0.10102695 -0.159528315 -0.0103125
v -0.08272305 -0.159528315 -0.0103125
v -0.09195168 -0.15937179 -0.0103125
v -0.092028015 -0.159367425 -0.0103125
v -0.10106139 -0.159364425 -0.0103125
v -0.092103615 -0.15936012 -0.0103125
v -0.092178135 -0.15934992 -0.0103125
v -0.092251245 -0.159336795 -0.0103125
v -0.09232278 -0.159320715 -0.0103125
v -0.0923943 -0.15930129 -0.0103125
v -0.092465895 -0.159278595 -0.0103125
v -0.092537235 -0.15925281 -0.0103125
v -0.092608005 -0.15922404 -0.0103125
v -0.101092965 -0.15919962 -0.0103125
v -0.092677875 -0.159192465 -0.0103125
v -0.092746545 -0.15915825 -0.0103125
v -0.092813655 -0.159121545 -0.0103125
v -0.09287889 -0.159082485 -0.0103125
v -0.092941965 -0.15904125 -0.0103125
v -0.10112163 -0.15903387 -0.0103125
v -0.093002505 -0.15899799 -0.0103125
v -0.093060315 -0.15895278 -0.0103125
v -0.093116505 -0.15890472 -0.0103125
v -0.10114743 -0.15886719 -0.0103125
v -0.09317136 -0.158853615 -0.0103125
v -0.093224685 -0.15879978 -0.0103125
v -0.09327624 -0.158743485 -0.0103125
v -0.101170335 -0.158699565 -0.0103125
v -0.0933258 -0.158685015 -0.0103125
v -0.09337314 -0.158624655 -0.0103125
v -0.09341805 -0.15856266 -0.0103125
v -0.101190375 -0.15853101 -0.0103125
v -0.09346029 -0.158499345 -0.0103125
v -0.09349965 -0.15843495 -0.0103125
v -0.09353589 -0.15836979 -0.0103125
v -0.10120752 -0.15836151 -0.0103125
v -0.093568815 -0.15830412 -0.0103125
v -0.093598755 -0.15823752 -0.0103125
v -0.10122177 -0.158191095 -0.0103125
v -0.09362601 -0.1581696 -0.0103125
v -0.093650565 -0.15810039 -0.0103125
v -0.09367242 -0.158029875 -0.0103125
v -0.101233155 -0.15801972 -0.0103125
v -0.09369159 -0.157958085 -0.0103125
v -0.09370806 -0.157884975 -0.0103125
v -0.10124166 -0.157847415 -0.0103125
v -0.093721845 -0.157810575 -0.0103125
v -0.093732915 -0.15773487 -0.0103125
v -0.10098963 -0.159691245 -0.0103125
v -0.08276037 -0.159691245 -0.0103125
v -0.100949415 -0.15985323 -0.0103125
v -0.082800585 -0.15985323 -0.0103125
v -0.100906335 -0.160014315 -0.0103125
v -0.082843665 -0.160014315 -0.0103125
v -0.10086036 -0.160174425 -0.0103125
v -0.08288964 -0.160174425 -0.0103125
v -0.100811505 -0.16033362 -0.0103125
v -0.082938495 -0.16033362 -0.0103125
v -0.100759695 -0.16049202 -0.0103125
v -0.082990305 -0.16049202 -0.0103125
v -0.100704645 -0.160650165 -0.0103125
v -0.083045355 -0.160650165 -0.0103125
v -0.1006464 -0.160807995 -0.0103125
v -0.0831036 -0.160807995 -0.0103125
v -0.100585035 -0.16096536 -0.0103125
v -0.083164965 -0.16096536 -0.0103125
v -0.100520625 -0.161122095 -0.0103125
v -0.083229375 -0.161122095 -0.0103125
v -0.10045326 -0.16127808 -0.0103125
v -0.08329674 -0.16127808 -0.0103125
v -0.10038297 -0.16143315 -0.0103125
v -0.08336703 -0.16143315 -0.0103125
v -0.100309875 -0.16158717 -0.0103125
v -0.083440125 -0.16158717 -0.0103125
v -0.100234035 -0.16173999 -0.0103125
v -0.083515965 -0.16173999 -0.0103125
v -0.100155495 -0.16189146 -0.0103125
v -0.083594505 -0.16189146 -0.0103125
v -0.100074375 -0.162041445 -0.0103125
v -0.083675625 -0.162041445 -0.0103125
v -0.099990735 -0.162189795 -0.0103125
v -0.083759265 -0.162189795 -0.0103125
v -0.09990462 -0.16233636 -0.0103125
v -0.08384538 -0.16233636 -0.0103125
v -0.099816135 -0.162481005 -0.0103125
v -0.083933865 -0.162481005 -0.0103125
v -0.099725355 -0.162623565 -0.0103125
v -0.084024645 -0.162623565 -0.0103125
v -0.091875 -0.16265625 -0.0103125
v -0.091798095 -0.162663675 -0.0103125
v -0.09963234 -0.162763905 -0.0103125
v -0.091951905 -0.162663675 -0.0103125
v -0.092023155 -0.16268088 -0.0103125
v -0.092088765 -0.16270788 -0.0103125
v -0.092149455 -0.162745395 -0.0103125
v -0.092205885 -0.162794115 -0.0103125
v -0.099537165 -0.16290189 -0.0103125
v -0.092254605 -0.16285056 -0.0103125
v -0.092292195 -0.16291152 -0.0103125
v -0.099439905 -0.163037415 -0.0103125
v -0.09231993 -0.16297986 -0.0103125
v -0.09233757 -0.163052715 -0.0103125
v -0.099339885 -0.16317129 -0.0103125
v -0.09234375 -0.163125 -0.0103125
v -0.09233757 -0.163197285 -0.0103125
v -0.09923688 -0.163303935 -0.0103125
v -0.09231993 -0.16327014 -0.0103125
v -0.092292195 -0.16333848 -0.0103125
v -0.09913101 -0.1634352 -0.0103125
v -0.092254605 -0.16339944 -0.0103125
v -0.092205885 -0.163455885 -0.0103125
v -0.099022395 -0.163564995 -0.0103125
v -0.092149455 -0.163504605 -0.0103125
v -0.092088765 -0.16354212 -0.0103125
v -0.092023155 -0.16356912 -0.0103125
v -0.098911125 -0.163693185 -0.0103125
v -0.091951905 -0.163586325 -0.0103125
v -0.091875 -0.16359375 -0.0103125
v -0.084727605 -0.163564995 -0.0103125
v -0.084838875 -0.163693185 -0.0103125
v -0.091798095 -0.163586325 -0.0103125
v -0.091726845 -0.16356912 -0.0103125
v -0.091661235 -0.16354212 -0.0103125
v -0.08461899 -0.1634352 -0.0103125
v -0.091600545 -0.163504605 -0.0103125
v -0.091544115 -0.163455885 -0.0103125
v -0.091495395 -0.16339944 -0.0103125
v -0.08451312 -0.163303935 -0.0103125
v -0.091457805 -0.16333848 -0.0103125
v -0.09143007 -0.16327014 -0.0103125
v -0.084410115 -0.16317129 -0.0103125
v -0.09141243 -0.163197285 -0.0103125
v -0.09140625 -0.163125 -0.0103125
v -0.084310095 -0.163037415 -0.0103125
v -0.09141243 -0.163052715 -0.0103125
v -0.09143007 -0.16297986 -0.0103125
v -0.084212835 -0.16290189 -0.0103125
v -0.091457805 -0.16291152 -0.0103125
v -0.091495395 -0.16285056 -0.0103125
v -0.08411766 -0.162763905 -0.0103125
v -0.091544115 -0.162794115 -0.0103125
v -0.091600545 -0.162745395 -0.0103125
v -0.091661235 -0.16270788 -0.0103125
v -0.091726845 -0.16268088 -0.0103125
v -0.09879735 -0.163819665 -0.0103125
v -0.08495265 -0.163819665 -0.0103125
v -0.09868116 -0.16394433 -0.0103125
v -0.08506884 -0.16394433 -0.0103125
v -0.09856269 -0.16406703 -0.0103125
v -0.08518731 -0.16406703 -0.0103125
v -0.09844203 -0.16418769 -0.0103125
v -0.08530797 -0.16418769 -0.0103125
v -0.09831933 -0.16430616 -0.0103125
v -0.08543067 -0.16430616 -0.0103125
v -0.098194665 -0.16442235 -0.0103125
v -0.085555335 -0.16442235 -0.0103125
v -0.098068185 -0.164536125 -0.0103125
v -0.085681815 -0.164536125 -0.0103125
v -0.097939995 -0.164647395 -0.0103125
v -0.085810005 -0.164647395 -0.0103125
v -0.0978102 -0.16475601 -0.0103125
v -0.0859398 -0.16475601 -0.0103125
v -0.097678935 -0.16486188 -0.0103125
v -0.086071065 -0.16486188 -0.0103125
v -0.09754629 -0.164964885 -0.0103125
v -0.08620371 -0.164964885 -0.0103125
v -0.0974124 -0.165064905 -0.0103125
v -0.0863376 -0.165064905 -0.0103125
v -0.09727689 -0.16516218 -0.0103125
v -0.08647311 -0.16516218 -0.0103125
v -0.09713892 -0.165257355 -0.0103125
v -0.08661108 -0.165257355 -0.0103125
v -0.096998565 -0.165350355 -0.0103125
v -0.086751435 -0.165350355 -0.0103125
v -0.096856005 -0.165441135 -0.0103125
v -0.086893995 -0.165441135 -0.0103125
v -0.09671136 -0.16552962 -0.0103125
v -0.08703864 -0.16552962 -0.0103125
v -0.096564795 -0.16561572 -0.0103125
v -0.087185205 -0.16561572 -0.0103125
v -0.096416445 -0.165699375 -0.0103125
v -0.087333555 -0.165699375 -0.0103125
v -0.09626646 -0.165780495 -0.0103125
v -0.08748354 -0.165780495 -0.0103125
v -0.09611499 -0.16585902 -0.0103125
v -0.08763501 -0.16585902 -0.0103125
v -0.09596217 -0.165934875 -0.0103125
v -0.08778783 -0.165934875 -0.0103125
v -0.09580815 -0.166007985 -0.0103125
v -0.08794185 -0.166007985 -0.0103125
v -0.09565308 -0.166078245 -0.0103125
v -0.08809692 -0.166078245 -0.0103125
v -0.095497095 -0.16614564 -0.0103125
v -0.088252905 -0.16614564 -0.0103125
v -0.09534036 -0.166210035 -0.0103125
v -0.08840964 -0.166210035 -0.0103125
v -0.095182995 -0.166271415 -0.0103125
v -0.088567005 -0.166271415 -0.0103125
v -0.095025165 -0.166329645 -0.0103125
v -0.088724835 -0.166329645 -0.0103125
v -0.09486702 -0.166384695 -0.0103125
v -0.08888298 -0.166384695 -0.0103125
v -0.094708545 -0.16643652 -0.0103125
v -0.089041455 -0.16643652 -0.0103125
v -0.094548585 -0.166485495 -0.0103125
v -0.089201415 -0.166485495 -0.0103125
v -0.094386975 -0.16653171 -0.0103125
v -0.089363025 -0.16653171 -0.0103125
v -0.09422388 -0.166575105 -0.0103125
v -0.08952612 -0.166575105 -0.0103125
v -0.094059465 -0.16661571 -0.0103125
v -0.089690535 -0.16661571 -0.0103125
v -0.09389388 -0.166653435 -0.0103125
v -0.08985612 -0.166653435 -0.0103125
v -0.093727305 -0.166688325 -0.0103125
v -0.090022695 -0.166688325 -0.0103125
v -0.093559875 -0.16672029 -0.0103125
v -0.090190125 -0.16672029 -0.0103125
v -0.093391785 -0.166749345 -0.0103125
v -0.090358215 -0.166749345 -0.0103125
v -0.09322317 -0.16677543 -0.0103125
v -0.09052683 -0.16677543 -0.0103125
v -0.093054195 -0.166798575 -0.0103125
v -0.090695805 -0.166798575 -0.0103125
v -0.092885025 -0.16681869 -0.0103125
v -0.090864975 -0.16681869 -0.0103125
v -0.092715825 -0.16683579 -0.0103125
v -0.091034175 -0.16683579 -0.0103125
v -0.09254676 -0.16684983 -0.0103125
v -0.09120324 -0.16684983 -0.0103125
v -0.09237798 -0.16686081 -0.0103125
v -0.09137202 -0.16686081 -0.0103125
v -0.09220965 -0.16686867 -0.0103125
v -0.09154035 -0.16686867 -0.0103125
v -0.092041935 -0.16687341 -0.0103125
v -0.091708065 -0.16687341 -0.0103125
v -0.091875 -0.166875 -0.0103125
v -0.08276037 -0.155308755 -0.0103125
v -0.10098963 -0.155308755 -0.0103125
v -0.082800585 -0.15514677 -0.0103125
v -0.100949415 -0.15514677 -0.0103125
v -0.082843665 -0.154985685 -0.0103125
v -0.100906335 -0.154985685 -0.0103125
v -0.08288964 -0.154825575 -0.0103125
v -0.10086036 -0.154825575 -0.0103125
v -0.082938495 -0.15466638 -0.0103125
v -0.100811505 -0.15466638 -0.0103125
v -0.082990305 -0.15450798 -0.0103125
v -0.100759695 -0.15450798 -0.0103125
v -0.083045355 -0.154349835 -0.0103125
v -0.100704645 -0.154349835 -0.0103125
v -0.0831036 -0.154192005 -0.0103125
v -0.1006464 -0.154192005 -0.0103125
v -0.083164965 -0.15403464 -0.0103125
v -0.100585035 -0.15403464 -0.0103125
v -0.083229375 -0.153877905 -0.0103125
v -0.100520625 -0.153877905 -0.0103125
v -0.08329674 -0.15372192 -0.0103125
v -0.10045326 -0.15372192 -0.0103125
v -0.08336703 -0.15356685 -0.0103125
v -0.10038297 -0.15356685 -0.0103125
v -0.083440125 -0.15341283 -0.0103125
v -0.100309875 -0.15341283 -0.0103125
v -0.083515965 -0.15326001 -0.0103125
v -0.100234035 -0.15326001 -0.0103125
v -0.083594505 -0.15310854 -0.0103125
v -0.100155495 -0.15310854 -0.0103125
v -0.083675625 -0.152958555 -0.0103125
v -0.100074375 -0.152958555 -0.0103125
v -0.083759265 -0.152810205 -0.0103125
v -0.099990735 -0.152810205 -0.0103125
v -0.08384538 -0.15266364 -0.0103125
v -0.09990462 -0.15266364 -0.0103125
v -0.083933865 -0.152518995 -0.0103125
v -0.099816135 -0.152518995 -0.0103125
v -0.084024645 -0.152376435 -0.0103125
v -0.099725355 -0.152376435 -0.0103125
v -0.08411766 -0.152236095 -0.0103125
v -0.09963234 -0.152236095 -0.0103125
v -0.084212835 -0.15209811 -0.0103125
v -0.099537165 -0.15209811 -0.0103125
v -0.084310095 -0.151962585 -0.0103125
v -0.099439905 -0.151962585 -0.0103125
v -0.084410115 -0.15182871 -0.0103125
v -0.099339885 -0.15182871 -0.0103125
v -0.08451312 -0.151696065 -0.0103125
v -0.09923688 -0.151696065 -0.0103125
v -0.08461899 -0.1515648 -0.0103125
v -0.09913101 -0.1515648 -0.0103125
v -0.084727605 -0.151435005 -0.0103125
v -0.099022395 -0.151435005 -0.0103125
v -0.084838875 -0.151306815 -0.0103125
v -0.098911125 -0.151306815 -0.0103125
v -0.08495265 -0.151180335 -0.0103125
v -0.09879735 -0.151180335 -0.0103125
v -0.08506884 -0.15105567 -0.0103125
v -0.09868116 -0.15105567 -0.0103125
v -0.08518731 -0.15093297 -0.0103125
v -0.09856269 -0.15093297 -0.0103125
v -0.08530797 -0.15081231 -0.0103125
v -0.09844203 -0.15081231 -0.0103125
v -0.08543067 -0.15069384 -0.0103125
v -0.09831933 -0.15069384 -0.0103125
v -0.085555335 -0.15057765 -0.0103125
v -0.098194665 -0.15057765 -0.0103125
v -0.085681815 -0.150463875 -0.0103125
v -0.098068185 -0.150463875 -0.0103125
v -0.085810005 -0.150352605 -0.0103125
v -0.097939995 -0.150352605 -0.0103125
v -0.0859398 -0.15024399 -0.0103125
v -0.0978102 -0.15024399 -0.0103125
v -0.086071065 -0.15013812 -0.0103125
v -0.097678935 -0.15013812 -0.0103125
v -0.08620371 -0.150035115 -0.0103125
v -0.09754629 -0.150035115 -0.0103125
v -0.0863376 -0.149935095 -0.0103125
v -0.0974124 -0.149935095 -0.0103125
v -0.08647311 -0.14983782 -0.0103125
v -0.09727689 -0.14983782 -0.0103125
v -0.08661108 -0.149742645 -0.0103125
v -0.09713892 -0.149742645 -0.0103125
v -0.086751435 -0.149649645 -0.0103125
v -0.096998565 -0.149649645 -0.0103125
v -0.086893995 -0.149558865 -0.0103125
v -0.096856005 -0.149558865 -0.0103125
v -0.08703864 -0.14947038 -0.0103125
v -0.09671136 -0.14947038 -0.0103125
v -0.087185205 -0.14938428 -0.0103125
v -0.096564795 -0.14938428 -0.0103125
v -0.087333555 -0.149300625 -0.0103125
v -0.096416445 -0.149300625 -0.0103125
v -0.08748354 -0.149219505 -0.0103125
v -0.09626646 -0.149219505 -0.0103125
v -0.08763501 -0.14914098 -0.0103125
v -0.09611499 -0.14914098 -0.0103125
v -0.08778783 -0.149065125 -0.0103125
v -0.09596217 -0.149065125 -0.0103125
v -0.08794185 -0.148992015 -0.0103125
v -0.09580815 -0.148992015 -0.0103125
v -0.08809692 -0.148921755 -0.0103125
v -0.09565308 -0.148921755 -0.0103125
v -0.088252905 -0.14885436 -0.0103125
v -0.095497095 -0.14885436 -0.0103125
v -0.08840964 -0.148789965 -0.0103125
v -0.09534036 -0.148789965 -0.0103125
v -0.088567005 -0.148728585 -0.0103125
v -0.095182995 -0.148728585 -0.0103125
v -0.088724835 -0.148670355 -0.0103125
v -0.095025165 -0.148670355 -0.0103125
v -0.08888298 -0.148615305 -0.0103125
v -0.09486702 -0.148615305 -0.0103125
v -0.089041455 -0.14856348 -0.0103125
v -0.094708545 -0.14856348 -0.0103125
v -0.089201415 -0.148514505 -0.0103125
v -0.094548585 -0.148514505 -0.0103125
v -0.089363025 -0.14846829 -0.0103125
v -0.094386975 -0.14846829 -0.0103125
v -0.08952612 -0.148424895 -0.0103125
v -0.09422388 -0.148424895 -0.0103125
v -0.089690535 -0.14838429 -0.0103125
v -0.094059465 -0.14838429 -0.0103125
v -0.08985612 -0.148346565 -0.0103125
v -0.09389388 -0.148346565 -0.0103125
v -0.090022695 -0.148311675 -0.0103125
v -0.093727305 -0.148311675 -0.0103125
v -0.090190125 -0.14827971 -0.0103125
v -0.093559875 -0.14827971 -0.0103125
v -0.090358215 -0.148250655 -0.0103125
v -0.093391785 -0.148250655 -0.0103125
v -0.09052683 -0.14822457 -0.0103125
v -0.09322317 -0.14822457 -0.0103125
v -0.090695805 -0.148201425 -0.0103125
v -0.093054195 -0.148201425 -0.0103125
v -0.090864975 -0.14818131 -0.0103125
v -0.092885025 -0.14818131 -0.0103125
v -0.091034175 -0.14816421 -0.0103125
v -0.092715825 -0.14816421 -0.0103125
v -0.09120324 -0.14815017 -0.0103125
v -0.09254676 -0.14815017 -0.0103125
v -0.09137202 -0.14813919 -0.0103125
v -0.09237798 -0.14813919 -0.0103125
v -0.09154035 -0.14813133 -0.0103125
v -0.09220965 -0.14813133 -0.0103125
v -0.091708065 -0.14812659 -0.0103125
v -0.092041935 -0.14812659 -0.0103125
v -0.091875 -0.148125 -0.0103125
v -0.09375 -0.1575 -0.0178125
v -0.09375 -0.1575 -0.0103125
v -0.093747 -0.15757959 -0.0103125
v -0.093747 -0.15742041 -0.0178125
v -0.093747 -0.15757959 -0.0178125
v -0.093741315 -0.15765789 -0.0103125
v -0.093741315 -0.15765789 -0.0178125
v -0.093732915 -0.15773487 -0.0103125
v -0.093732915 -0.15773487 -0.0178125
v -0.093721845 -0.157810575 -0.0103125
v -0.093721845 -0.157810575 -0.0178125
v -0.09370806 -0.157884975 -0.0103125
v -0.09370806 -0.157884975 -0.0178125
v -0.09369159 -0.157958085 -0.0103125
v -0.09369159 -0.157958085 -0.0178125
v -0.09367242 -0.158029875 -0.0103125
v -0.09367242 -0.158029875 -0.0178125
v -0.093650565 -0.15810039 -0.0103125
v -0.093650565 -0.15810039 -0.0178125
v -0.09362601 -0.1581696 -0.0103125
v -0.09362601 -0.1581696 -0.0178125
v -0.093598755 -0.15823752 -0.0103125
v -0.093598755 -0.15823752 -0.0178125
v -0.093568815 -0.15830412 -0.0103125
v -0.093568815 -0.15830412 -0.0178125
v -0.09353589 -0.15836979 -0.0103125
v -0.09353589 -0.15836979 -0.0178125
v -0.09349965 -0.15843495 -0.0103125
v -0.09349965 -0.15843495 -0.0178125
v -0.09346029 -0.158499345 -0.0103125
v -0.09346029 -0.158499345 -0.0178125
v -0.09341805 -0.15856266 -0.0103125
v -0.09341805 -0.15856266 -0.0178125
v -0.09337314 -0.158624655 -0.0103125
v -0.09337314 -0.158624655 -0.0178125
v -0.0933258 -0.158685015 -0.0103125
v -0.0933258 -0.158685015 -0.0178125
v -0.09327624 -0.158743485 -0.0103125
v -0.09327624 -0.158743485 -0.0178125
v -0.093224685 -0.15879978 -0.0103125
v -0.093224685 -0.15879978 -0.0178125
v -0.09317136 -0.158853615 -0.0103125
v -0.09317136 -0.158853615 -0.0178125
v -0.093116505 -0.15890472 -0.0103125
v -0.093116505 -0.15890472 -0.0178125
v -0.093060315 -0.15895278 -0.0103125
v -0.093060315 -0.15895278 -0.0178125
v -0.093002505 -0.15899799 -0.0103125
v -0.093002505 -0.15899799 -0.0178125
v -0.092941965 -0.15904125 -0.0103125
v -0.092941965 -0.15904125 -0.0178125
v -0.09287889 -0.159082485 -0.0103125
v -0.09287889 -0.159082485 -0.0178125
v -0.092813655 -0.159121545 -0.0103125
v -0.092813655 -0.159121545 -0.0178125
v -0.092746545 -0.15915825 -0.0103125
v -0.092746545 -0.15915825 -0.0178125
v -0.092677875 -0.159192465 -0.0103125
v -0.092677875 -0.159192465 -0.0178125
v -0.092608005 -0.15922404 -0.0103125
v -0.092608005 -0.15922404 -0.0178125
v -0.092537235 -0.15925281 -0.0103125
v -0.092537235 -0.15925281 -0.0178125
v -0.092465895 -0.159278595 -0.0103125
v -0.092465895 -0.159278595 -0.0178125
v -0.0923943 -0.15930129 -0.0103125
v -0.0923943 -0.15930129 -0.0178125
v -0.09232278 -0.159320715 -0.0103125
v -0.09232278 -0.159320715 -0.0178125
v -0.092251245 -0.159336795 -0.0103125
v -0.092251245 -0.159336795 -0.0178125
v -0.092178135 -0.15934992 -0.0103125
v -0.092178135 -0.15934992 -0.0178125
v -0.092103615 -0.15936012 -0.0103125
v -0.092103615 -0.15936012 -0.0178125
v -0.092028015 -0.159367425 -0.0103125
v -0.092028015 -0.159367425 -0.0178125
v -0.09195168 -0.15937179 -0.0103125
v -0.09195168 -0.15937179 -0.0178125
v -0.091875 -0.159373245 -0.0103125
v -0.091875 -0.159373245 -0.0178125
v -0.09179832 -0.15937179 -0.0103125
v -0.09179832 -0.15937179 -0.0178125
v -0.091721985 -0.159367425 -0.0103125
v -0.091721985 -0.159367425 -0.0178125
v -0.091646385 -0.15936012 -0.0103125
v -0.091646385 -0.15936012 -0.0178125
v -0.091571865 -0.15934992 -0.0103125
v -0.091571865 -0.15934992 -0.0178125
v -0.091498755 -0.159336795 -0.0103125
v -0.091498755 -0.159336795 -0.0178125
v -0.09142722 -0.159320715 -0.0103125
v -0.09142722 -0.159320715 -0.0178125
v -0.0913557 -0.15930129 -0.0103125
v -0.0913557 -0.15930129 -0.0178125
v -0.091284105 -0.159278595 -0.0103125
v -0.091284105 -0.159278595 -0.0178125
v -0.091212765 -0.15925281 -0.0103125
v -0.091212765 -0.15925281 -0.0178125
v -0.091141995 -0.15922404 -0.0103125
v -0.091141995 -0.15922404 -0.0178125
v -0.091072125 -0.159192465 -0.0103125
v -0.091072125 -0.159192465 -0.0178125
v -0.091003455 -0.15915825 -0.0103125
v -0.091003455 -0.15915825 -0.0178125
v -0.090936345 -0.159121545 -0.0103125
v -0.090936345 -0.159121545 -0.0178125
v -0.09087111 -0.159082485 -0.0103125
v -0.09087111 -0.159082485 -0.0178125
v -0.090808035 -0.15904125 -0.0103125
v -0.090808035 -0.15904125 -0.0178125
v -0.090747495 -0.15899799 -0.0103125
v -0.090747495 -0.15899799 -0.0178125
v -0.090689685 -0.15895278 -0.0103125
v -0.090689685 -0.15895278 -0.0178125
v -0.090633495 -0.15890472 -0.0103125
v -0.090633495 -0.15890472 -0.0178125
v -0.09057864 -0.158853615 -0.0103125
v -0.09057864 -0.158853615 -0.0178125
v -0.090525315 -0.15879978 -0.0103125
v -0.090525315 -0.15879978 -0.0178125
v -0.09047376 -0.158743485 -0.0103125
v -0.09047376 -0.158743485 -0.0178125
v -0.0904242 -0.158685015 -0.0103125
v -0.0904242 -0.158685015 -0.0178125
v -0.09037686 -0.158624655 -0.0103125
v -0.09037686 -0.158624655 -0.0178125
v -0.09033195 -0.15856266 -0.0103125
v -0.09033195 -0.15856266 -0.0178125
v -0.09028971 -0.158499345 -0.0103125
v -0.09028971 -0.158499345 -0.0178125
v -0.09025035 -0.15843495 -0.0103125
v -0.09025035 -0.15843495 -0.0178125
v -0.09021411 -0.15836979 -0.0103125
v -0.09021411 -0.15836979 -0.0178125
v -0.090181185 -0.15830412 -0.0103125
v -0.090181185 -0.15830412 -0.0178125
v -0.090151245 -0.15823752 -0.0103125
v -0.090151245 -0.15823752 -0.0178125
v -0.09012399 -0.1581696 -0.0103125
v -0.09012399 -0.1581696 -0.0178125
v -0.090099435 -0.15810039 -0.0103125
v -0.090099435 -0.15810039 -0.0178125
v -0.09007758 -0.158029875 -0.0103125
v -0.09007758 -0.158029875 -0.0178125
v -0.09005841 -0.157958085 -0.0103125
v -0.09005841 -0.157958085 -0.0178125
v -0.09004194 -0.157884975 -0.0103125
v -0.09004194 -0.157884975 -0.0178125
v -0.090028155 -0.157810575 -0.0103125
v -0.090028155 -0.157810575 -0.0178125
v -0.090017085 -0.15773487 -0.0103125
v -0.090017085 -0.15773487 -0.0178125
v -0.090008685 -0.15765789 -0.0103125
v -0.090008685 -0.15765789 -0.0178125
v -0.090003 -0.15757959 -0.0103125
v -0.090003 -0.15757959 -0.0178125
v -0.09 -0.1575 -0.0103125
v -0.09 -0.1575 -0.0178125
v -0.090003 -0.15742041 -0.0103125
v -0.090003 -0.15742041 -0.0178125
v -0.090008685 -0.15734211 -0.0103125
v -0.090008685 -0.15734211 -0.0178125
v -0.090017085 -0.15726513 -0.0103125
v -0.090017085 -0.15726513 -0.0178125
v -0.090028155 -0.157189425 -0.0103125
v -0.090028155 -0.157189425 -0.0178125
v -0.09004194 -0.157115025 -0.0103125
v -0.09004194 -0.157115025 -0.0178125
v -0.09005841 -0.157041915 -0.0103125
v -0.09005841 -0.157041915 -0.0178125
v -0.09007758 -0.156970125 -0.0103125
v -0.09007758 -0.156970125 -0.0178125
v -0.090099435 -0.15689961 -0.0103125
v -0.090099435 -0.15689961 -0.0178125
v -0.09012399 -0.1568304 -0.0103125
v -0.09012399 -0.1568304 -0.0178125
v -0.090151245 -0.15676248 -0.0103125
v -0.090151245 -0.15676248 -0.0178125
v -0.090181185 -0.15669588 -0.0103125
v -0.090181185 -0.15669588 -0.0178125
v -0.09021411 -0.15663021 -0.0103125
v -0.09021411 -0.15663021 -0.0178125
v -0.09025035 -0.15656505 -0.0103125
v -0.09025035 -0.15656505 -0.0178125
v -0.09028971 -0.156500655 -0.0103125
v -0.09028971 -0.156500655 -0.0178125
v -0.09033195 -0.15643734 -0.0103125
v -0.09033195 -0.15643734 -0.0178125
v -0.09037686 -0.156375345 -0.0103125
v -0.09037686 -0.156375345 -0.0178125
v -0.0904242 -0.156314985 -0.0103125
v -0.0904242 -0.156314985 -0.0178125
v -0.09047376 -0.156256515 -0.0103125
v -0.09047376 -0.156256515 -0.0178125
v -0.090525315 -0.15620022 -0.0103125
v -0.090525315 -0.15620022 -0.0178125
v -0.09057864 -0.156146385 -0.0103125
v -0.09057864 -0.156146385 -0.0178125
v -0.090633495 -0.15609528 -0.0103125
v -0.090633495 -0.15609528 -0.0178125
v -0.090689685 -0.15604722 -0.0103125
v -0.090689685 -0.15604722 -0.0178125
v -0.090747495 -0.15600201 -0.0103125
v -0.090747495 -0.15600201 -0.0178125
v -0.090808035 -0.15595875 -0.0103125
v -0.090808035 -0.15595875 -0.0178125
v -0.09082032 -0.15594975 -0.0140625
v -0.09082659 -0.155945505 -0.01416594
v -0.09087111 -0.155917515 -0.0103125
v -0.09082605 -0.155945865 -0.013962165
v -0.090839895 -0.15593661 -0.01386477
v -0.090862005 -0.155922195 -0.013770345
v -0.090892605 -0.155902965 -0.013678875
v -0.090936345 -0.155878455 -0.0103125
v -0.09093225 -0.15587925 -0.013589985
v -0.09098289 -0.15585084 -0.01350159
v -0.091003455 -0.15584175 -0.0103125
v -0.091043325 -0.15581955 -0.013415865
v -0.091072125 -0.155807535 -0.0103125
v -0.091111575 -0.155787465 -0.01333581
v -0.091141995 -0.15577596 -0.0103125
v -0.091185465 -0.155756385 -0.01326447
v -0.091212765 -0.15574719 -0.0103125
v -0.09126528 -0.155726895 -0.01320213
v -0.091284105 -0.155721405 -0.0103125
v -0.091353285 -0.15569904 -0.01314639
v -0.0913557 -0.15569871 -0.0103125
v -0.09142722 -0.155679285 -0.0103125
v -0.09144741 -0.15567441 -0.013098705
v -0.091498755 -0.155663205 -0.0103125
v -0.09154527 -0.15565422 -0.01306059
v -0.091571865 -0.15565008 -0.0103125
v -0.091644705 -0.15563919 -0.01303347
v -0.091646385 -0.15563988 -0.0103125
v -0.091721985 -0.155632575 -0.0103125
v -0.091748115 -0.15562929 -0.013016445
v -0.09179832 -0.15562821 -0.0103125
v -0.09185469 -0.15562512 -0.01300923
v -0.091875 -0.155626755 -0.0103125
v -0.09195168 -0.15562821 -0.0103125
v -0.091961715 -0.15562701 -0.01301211
v -0.092028015 -0.155632575 -0.0103125
v -0.092066505 -0.155634795 -0.0130254
v -0.092103615 -0.15563988 -0.0103125
v -0.09216837 -0.155648085 -0.01304976
v -0.092178135 -0.15565008 -0.0103125
v -0.092251245 -0.155663205 -0.0103125
v -0.09226995 -0.155667075 -0.013085595
v -0.09232278 -0.155679285 -0.0103125
v -0.09236841 -0.15569109 -0.013131495
v -0.0923943 -0.15569871 -0.0103125
v -0.092460825 -0.15571887 -0.01318596
v -0.092465895 -0.155721405 -0.0103125
v -0.092537235 -0.15574719 -0.0103125
v -0.092544495 -0.1557486 -0.013247565
v -0.092608005 -0.15577596 -0.0103125
v -0.09262194 -0.15578019 -0.01331874
v -0.092677875 -0.155807535 -0.0103125
v -0.092693595 -0.15581313 -0.01339914
v -0.092746545 -0.15584175 -0.0103125
v -0.092757135 -0.15584547 -0.013485735
v -0.092813655 -0.155878455 -0.0103125
v -0.092810445 -0.15587502 -0.01357551
v -0.09285225 -0.1558998 -0.01366629
v -0.09287889 -0.155917515 -0.0103125
v -0.092884605 -0.155920035 -0.013760145
v -0.092941965 -0.15595875 -0.0103125
v -0.092908155 -0.15593532 -0.013857465
v -0.09292314 -0.155945325 -0.01395825
v -0.092929695 -0.15594975 -0.0140625
v -0.092941965 -0.15595875 -0.0178125
v -0.093002505 -0.15600201 -0.0103125
v -0.09287889 -0.155917515 -0.0178125
v -0.09292335 -0.15594546 -0.01416447
v -0.092908995 -0.155935875 -0.01426314
v -0.09288642 -0.15592119 -0.014358525
v -0.092855445 -0.15590178 -0.01445061
v -0.092813655 -0.155878455 -0.0178125
v -0.0928155 -0.155877945 -0.01453974
v -0.092764665 -0.155849505 -0.014627835
v -0.092746545 -0.15584175 -0.0178125
v -0.092704125 -0.155818275 -0.0147129
v -0.092677875 -0.155807535 -0.0178125
v -0.0926358 -0.155786295 -0.014792175
v -0.092608005 -0.15577596 -0.0178125
v -0.09256182 -0.15575532 -0.014862885
v -0.092537235 -0.15574719 -0.0178125
v -0.09248187 -0.15572592 -0.014924835
v -0.092465895 -0.155721405 -0.0178125
v -0.0923943 -0.15569871 -0.0178125
v -0.09239373 -0.155698185 -0.01498023
v -0.09232278 -0.155679285 -0.0178125
v -0.0922995 -0.155673675 -0.015027615
v -0.092251245 -0.155663205 -0.0178125
v -0.092201535 -0.15565365 -0.01506543
v -0.092178135 -0.15565008 -0.0178125
v -0.09210207 -0.1556388 -0.01509225
v -0.092103615 -0.15563988 -0.0178125
v -0.092028015 -0.155632575 -0.0178125
v -0.091998675 -0.15562908 -0.01510893
v -0.09195168 -0.15562821 -0.0178125
v -0.091892145 -0.155625075 -0.01511583
v -0.091875 -0.155626755 -0.0178125
v -0.09179832 -0.15562821 -0.0178125
v -0.09178518 -0.155627145 -0.015112635
v -0.091721985 -0.155632575 -0.0178125
v -0.091680525 -0.15563511 -0.015099045
v -0.091646385 -0.15563988 -0.0178125
v -0.09157884 -0.155648535 -0.01507443
v -0.091571865 -0.15565008 -0.0178125
v -0.091498755 -0.155663205 -0.0178125
v -0.09147747 -0.15566763 -0.0150384
v -0.09142722 -0.155679285 -0.0178125
v -0.09137925 -0.15569172 -0.01499232
v -0.0913557 -0.15569871 -0.0178125
v -0.09128709 -0.15571956 -0.014937675
v -0.091284105 -0.155721405 -0.0178125
v -0.091212765 -0.15574719 -0.0178125
v -0.09120363 -0.15574932 -0.014875875
v -0.091141995 -0.15577596 -0.0178125
v -0.091126365 -0.15578094 -0.01480443
v -0.091072125 -0.155807535 -0.0178125
v -0.09105486 -0.15581388 -0.01472373
v -0.091003455 -0.15584175 -0.0178125
v -0.09099147 -0.15584622 -0.01463688
v -0.090936345 -0.155878455 -0.0178125
v -0.09093834 -0.155875725 -0.014547015
v -0.090896745 -0.15590043 -0.014456415
v -0.09087111 -0.155917515 -0.0178125
v -0.0908646 -0.15592053 -0.01436289
v -0.090841305 -0.15593568 -0.014266065
v -0.093002505 -0.15600201 -0.0178125
v -0.093060315 -0.15604722 -0.0103125
v -0.093060315 -0.15604722 -0.0178125
v -0.093116505 -0.15609528 -0.0103125
v -0.093116505 -0.15609528 -0.0178125
v -0.09317136 -0.156146385 -0.0103125
v -0.09317136 -0.156146385 -0.0178125
v -0.093224685 -0.15620022 -0.0103125
v -0.093224685 -0.15620022 -0.0178125
v -0.09327624 -0.156256515 -0.0103125
v -0.09327624 -0.156256515 -0.0178125
v -0.0933258 -0.156314985 -0.0103125
v -0.0933258 -0.156314985 -0.0178125
v -0.09337314 -0.156375345 -0.0103125
v -0.09337314 -0.156375345 -0.0178125
v -0.09341805 -0.15643734 -0.0103125
v -0.09341805 -0.15643734 -0.0178125
v -0.09346029 -0.156500655 -0.0103125
v -0.09346029 -0.156500655 -0.0178125
v -0.09349965 -0.15656505 -0.0103125
v -0.09349965 -0.15656505 -0.0178125
v -0.09353589 -0.15663021 -0.0103125
v -0.09353589 -0.15663021 -0.0178125
v -0.093568815 -0.15669588 -0.0103125
v -0.093568815 -0.15669588 -0.0178125
v -0.093598755 -0.15676248 -0.0103125
v -0.093598755 -0.15676248 -0.0178125
v -0.09362601 -0.1568304 -0.0103125
v -0.09362601 -0.1568304 -0.0178125
v -0.093650565 -0.15689961 -0.0103125
v -0.093650565 -0.15689961 -0.0178125
v -0.09367242 -0.156970125 -0.0103125
v -0.09367242 -0.156970125 -0.0178125
v -0.09369159 -0.157041915 -0.0103125
v -0.09369159 -0.157041915 -0.0178125
v -0.09370806 -0.157115025 -0.0103125
v -0.09370806 -0.157115025 -0.0178125
v -0.093721845 -0.157189425 -0.0103125
v -0.093721845 -0.157189425 -0.0178125
v -0.093732915 -0.15726513 -0.0103125
v -0.093732915 -0.15726513 -0.0178125
v -0.093741315 -0.15734211 -0.0103125
v -0.093741315 -0.15734211 -0.0178125
v -0.093747 -0.15742041 -0.0103125
v -0.10125 -0.1575 -0.0178125
v -0.10125 -0.1575 -0.0103125
v -0.10124727 -0.15732582 -0.0103125
v -0.10124727 -0.15767418 -0.0178125
v -0.10124727 -0.15732582 -0.0178125
v -0.10124166 -0.157152585 -0.0103125
v -0.10124166 -0.157152585 -0.0178125
v -0.101233155 -0.15698028 -0.0103125
v -0.101233155 -0.15698028 -0.0178125
v -0.10122177 -0.156808905 -0.0103125
v -0.10122177 -0.156808905 -0.0178125
v -0.10120752 -0.15663849 -0.0103125
v -0.10120752 -0.15663849 -0.0178125
v -0.101190375 -0.15646899 -0.0103125
v -0.101190375 -0.15646899 -0.0178125
v -0.101170335 -0.156300435 -0.0103125
v -0.101170335 -0.156300435 -0.0178125
v -0.10114743 -0.15613281 -0.0103125
v -0.10114743 -0.15613281 -0.0178125
v -0.10112163 -0.15596613 -0.0103125
v -0.10112163 -0.15596613 -0.0178125
v -0.101092965 -0.15580038 -0.0103125
v -0.101092965 -0.15580038 -0.0178125
v -0.10106139 -0.155635575 -0.0103125
v -0.10106139 -0.155635575 -0.0178125
v -0.10102695 -0.155471685 -0.0103125
v -0.10102695 -0.155471685 -0.0178125
v -0.10098963 -0.155308755 -0.0103125
v -0.10098963 -0.155308755 -0.0178125
v -0.100949415 -0.15514677 -0.0103125
v -0.100949415 -0.15514677 -0.0178125
v -0.100906335 -0.154985685 -0.0103125
v -0.100906335 -0.154985685 -0.0178125
v -0.10086036 -0.154825575 -0.0103125
v -0.10086036 -0.154825575 -0.0178125
v -0.100811505 -0.15466638 -0.0103125
v -0.100811505 -0.15466638 -0.0178125
v -0.100759695 -0.15450798 -0.0103125
v -0.100759695 -0.15450798 -0.0178125
v -0.100704645 -0.154349835 -0.0103125
v -0.100704645 -0.154349835 -0.0178125
v -0.1006464 -0.154192005 -0.0103125
v -0.1006464 -0.154192005 -0.0178125
v -0.100585035 -0.15403464 -0.0103125
v -0.100585035 -0.15403464 -0.0178125
v -0.100520625 -0.153877905 -0.0103125
v -0.100520625 -0.153877905 -0.0178125
v -0.10045326 -0.15372192 -0.0103125
v -0.10045326 -0.15372192 -0.0178125
v -0.10038297 -0.15356685 -0.0103125
v -0.10038297 -0.15356685 -0.0178125
v -0.100309875 -0.15341283 -0.0103125
v -0.100309875 -0.15341283 -0.0178125
v -0.100234035 -0.15326001 -0.0103125
v -0.100234035 -0.15326001 -0.0178125
v -0.100155495 -0.15310854 -0.0103125
v -0.100155495 -0.15310854 -0.0178125
v -0.100074375 -0.152958555 -0.0103125
v -0.100074375 -0.152958555 -0.0178125
v -0.099990735 -0.152810205 -0.0103125
v -0.099990735 -0.152810205 -0.0178125
v -0.09990462 -0.15266364 -0.0103125
v -0.09990462 -0.15266364 -0.0178125
v -0.099816135 -0.152518995 -0.0103125
v -0.099816135 -0.152518995 -0.0178125
v -0.099725355 -0.152376435 -0.0103125
v -0.099725355 -0.152376435 -0.0178125
v -0.09963234 -0.152236095 -0.0103125
v -0.09963234 -0.152236095 -0.0178125
v -0.099537165 -0.15209811 -0.0103125
v -0.099537165 -0.15209811 -0.0178125
v -0.099439905 -0.151962585 -0.0103125
v -0.099439905 -0.151962585 -0.0178125
v -0.099339885 -0.15182871 -0.0103125
v -0.099339885 -0.15182871 -0.0178125
v -0.09923688 -0.151696065 -0.0103125
v -0.09923688 -0.151696065 -0.0178125
v -0.09913101 -0.1515648 -0.0103125
v -0.09913101 -0.1515648 -0.0178125
v -0.099022395 -0.151435005 -0.0103125
v -0.099022395 -0.151435005 -0.0178125
v -0.098911125 -0.151306815 -0.0103125
v -0.098911125 -0.151306815 -0.0178125
v -0.09879735 -0.151180335 -0.0103125
v -0.09879735 -0.151180335 -0.0178125
v -0.09868116 -0.15105567 -0.0103125
v -0.09868116 -0.15105567 -0.0178125
v -0.09856269 -0.15093297 -0.0103125
v -0.09856269 -0.15093297 -0.0178125
v -0.09844203 -0.15081231 -0.0103125
v -0.09844203 -0.15081231 -0.0178125
v -0.09831933 -0.15069384 -0.0103125
v -0.09831933 -0.15069384 -0.0178125
v -0.098194665 -0.15057765 -0.0103125
v -0.098194665 -0.15057765 -0.0178125
v -0.098068185 -0.150463875 -0.0103125
v -0.098068185 -0.150463875 -0.0178125
v -0.097939995 -0.150352605 -0.0103125
v -0.097939995 -0.150352605 -0.0178125
v -0.0978102 -0.15024399 -0.0103125
v -0.0978102 -0.15024399 -0.0178125
v -0.097678935 -0.15013812 -0.0103125
v -0.097678935 -0.15013812 -0.0178125
v -0.09754629 -0.150035115 -0.0103125
v -0.09754629 -0.150035115 -0.0178125
v -0.0974124 -0.149935095 -0.0103125
v -0.0974124 -0.149935095 -0.0178125
v -0.09727689 -0.14983782 -0.0103125
v -0.09727689 -0.14983782 -0.0178125
v -0.09713892 -0.149742645 -0.0103125
v -0.09713892 -0.149742645 -0.0178125
v -0.096998565 -0.149649645 -0.0103125
v -0.096998565 -0.149649645 -0.0178125
v -0.096856005 -0.149558865 -0.0103125
v -0.096856005 -0.149558865 -0.0178125
v -0.09671136 -0.14947038 -0.0103125
v -0.09671136 -0.14947038 -0.0178125
v -0.096564795 -0.14938428 -0.0103125
v -0.096564795 -0.14938428 -0.0178125
v -0.096416445 -0.149300625 -0.0103125
v -0.096416445 -0.149300625 -0.0178125
v -0.09626646 -0.149219505 -0.0103125
v -0.09626646 -0.149219505 -0.0178125
v -0.09611499 -0.14914098 -0.0103125
v -0.09611499 -0.14914098 -0.0178125
v -0.09596217 -0.149065125 -0.0103125
v -0.09596217 -0.149065125 -0.0178125
v -0.09580815 -0.148992015 -0.0103125
v -0.09580815 -0.148992015 -0.0178125
v -0.09565308 -0.148921755 -0.0103125
v -0.09565308 -0.148921755 -0.0178125
v -0.095497095 -0.14885436 -0.0103125
v -0.095497095 -0.14885436 -0.0178125
v -0.09534036 -0.148789965 -0.0103125
v -0.09534036 -0.148789965 -0.0178125
v -0.095182995 -0.148728585 -0.0103125
v -0.095182995 -0.148728585 -0.0178125
v -0.095025165 -0.148670355 -0.0103125
v -0.095025165 -0.148670355 -0.0178125
v -0.09486702 -0.148615305 -0.0103125
v -0.09486702 -0.148615305 -0.0178125
v -0.094708545 -0.14856348 -0.0103125
v -0.094708545 -0.14856348 -0.0178125
v -0.094548585 -0.148514505 -0.0103125
v -0.094548585 -0.148514505 -0.0178125
v -0.094386975 -0.14846829 -0.0103125
v -0.094386975 -0.14846829 -0.0178125
v -0.09422388 -0.148424895 -0.0103125
v -0.09422388 -0.148424895 -0.0178125
v -0.094059465 -0.14838429 -0.0103125
v -0.094059465 -0.14838429 -0.0178125
v -0.09389388 -0.148346565 -0.0103125
v -0.09389388 -0.148346565 -0.0178125
v -0.093727305 -0.148311675 -0.0103125
v -0.093727305 -0.148311675 -0.0178125
v -0.093559875 -0.14827971 -0.0103125
v -0.093559875 -0.14827971 -0.0178125
v -0.093391785 -0.148250655 -0.0103125
v -0.093391785 -0.148250655 -0.0178125
v -0.09322317 -0.14822457 -0.0103125
v -0.09322317 -0.14822457 -0.0178125
v -0.093054195 -0.148201425 -0.0103125
v -0.093054195 -0.148201425 -0.0178125
v -0.092885025 -0.14818131 -0.0103125
v -0.092929695 -0.148184505 -0.0140625
v -0.092922225 -0.14818368 -0.014177055
v -0.092922435 -0.148183695 -0.013948125
v -0.09290484 -0.14818173 -0.013838505
v -0.09287688 -0.148178685 -0.013733655
v -0.092715825 -0.14816421 -0.0103125
v -0.092838555 -0.14817465 -0.013633545
v -0.09278913 -0.14816967 -0.013537305
v -0.092727795 -0.148163865 -0.013443855
v -0.09265671 -0.14815764 -0.013356015
v -0.09254676 -0.14815017 -0.0103125
v -0.09257817 -0.1481514 -0.013276785
v -0.092493795 -0.148145445 -0.013208565
v -0.09237798 -0.14813919 -0.0103125
v -0.092400255 -0.148139715 -0.013148895
v -0.09229959 -0.148134615 -0.01309827
v -0.09220965 -0.14813133 -0.0103125
v -0.09219519 -0.14813046 -0.01305816
v -0.092041935 -0.14812659 -0.0103125
v -0.092090355 -0.148127475 -0.01303002
v -0.091982505 -0.148125615 -0.0130137
v -0.091875 -0.148125 -0.0103125
v -0.091871475 -0.148125 -0.01300857
v -0.091708065 -0.14812659 -0.0103125
v -0.091760565 -0.148125705 -0.01301451
v -0.09165306 -0.148127625 -0.01303143
v -0.09154035 -0.14813133 -0.0103125
v -0.09154887 -0.148130685 -0.01305993
v -0.09144546 -0.14813484 -0.01310025
v -0.09137202 -0.14813919 -0.0103125
v -0.091345935 -0.14813994 -0.013150935
v -0.09120324 -0.14815017 -0.0103125
v -0.09125343 -0.148145625 -0.013210545
v -0.091169835 -0.148151565 -0.013278555
v -0.091034175 -0.14816421 -0.0103125
v -0.091092 -0.14815776 -0.013357305
v -0.0910215 -0.14816394 -0.013444575
v -0.090864975 -0.14818131 -0.0103125
v -0.090960645 -0.148169685 -0.013537515
v -0.090911535 -0.148174635 -0.01363347
v -0.09087339 -0.148178655 -0.01373343
v -0.090845475 -0.1481817 -0.01383825
v -0.090695805 -0.148201425 -0.0103125
v -0.090827775 -0.14818368 -0.013947945
v -0.09082032 -0.148184505 -0.0140625
v -0.090864975 -0.14818131 -0.0178125
v -0.090695805 -0.148201425 -0.0178125
v -0.090827565 -0.148183695 -0.014176875
v -0.09084516 -0.14818173 -0.014286495
v -0.09087312 -0.148178685 -0.014391345
v -0.091034175 -0.14816421 -0.0178125
v -0.090911445 -0.14817465 -0.014491455
v -0.09096087 -0.14816967 -0.014587695
v -0.091022205 -0.148163865 -0.014681145
v -0.09109329 -0.14815764 -0.014768985
v -0.09120324 -0.14815017 -0.0178125
v -0.09117183 -0.1481514 -0.014848215
v -0.091256205 -0.148145445 -0.014916435
v -0.09137202 -0.14813919 -0.0178125
v -0.091349745 -0.148139715 -0.014976105
v -0.09145041 -0.148134615 -0.01502673
v -0.09154035 -0.14813133 -0.0178125
v -0.09155481 -0.14813046 -0.01506684
v -0.091708065 -0.14812659 -0.0178125
v -0.091659645 -0.148127475 -0.01509498
v -0.091767495 -0.148125615 -0.0151113
v -0.091875 -0.148125 -0.0178125
v -0.091878525 -0.148125 -0.01511643
v -0.092041935 -0.14812659 -0.0178125
v -0.091989435 -0.148125705 -0.01511049
v -0.09209694 -0.148127625 -0.01509357
v -0.09220965 -0.14813133 -0.0178125
v -0.09220113 -0.148130685 -0.01506507
v -0.09230454 -0.14813484 -0.01502475
v -0.09237798 -0.14813919 -0.0178125
v -0.092404065 -0.14813994 -0.014974065
v -0.09254676 -0.14815017 -0.0178125
v -0.09249657 -0.148145625 -0.014914455
v -0.092580165 -0.148151565 -0.014846445
v -0.092715825 -0.14816421 -0.0178125
v -0.092658 -0.14815776 -0.014767695
v -0.0927285 -0.14816394 -0.014680425
v -0.092885025 -0.14818131 -0.0178125
v -0.092789355 -0.148169685 -0.014587485
v -0.092838465 -0.148174635 -0.01449153
v -0.09287661 -0.148178655 -0.01439157
v -0.092904525 -0.1481817 -0.01428675
v -0.09052683 -0.14822457 -0.0103125
v -0.09052683 -0.14822457 -0.0178125
v -0.090358215 -0.148250655 -0.0103125
v -0.090358215 -0.148250655 -0.0178125
v -0.090190125 -0.14827971 -0.0103125
v -0.090190125 -0.14827971 -0.0178125
v -0.090022695 -0.148311675 -0.0103125
v -0.090022695 -0.148311675 -0.0178125
v -0.08985612 -0.148346565 -0.0103125
v -0.08985612 -0.148346565 -0.0178125
v -0.089690535 -0.14838429 -0.0103125
v -0.089690535 -0.14838429 -0.0178125
v -0.08952612 -0.148424895 -0.0103125
v -0.08952612 -0.148424895 -0.0178125
v -0.089363025 -0.14846829 -0.0103125
v -0.089363025 -0.14846829 -0.0178125
v -0.089201415 -0.148514505 -0.0103125
v -0.089201415 -0.148514505 -0.0178125
v -0.089041455 -0.14856348 -0.0103125
v -0.089041455 -0.14856348 -0.0178125
v -0.08888298 -0.148615305 -0.0103125
v -0.08888298 -0.148615305 -0.0178125
v -0.088724835 -0.148670355 -0.0103125
v -0.088724835 -0.148670355 -0.0178125
v -0.088567005 -0.148728585 -0.0103125
v -0.088567005 -0.148728585 -0.0178125
v -0.08840964 -0.148789965 -0.0103125
v -0.08840964 -0.148789965 -0.0178125
v -0.088252905 -0.14885436 -0.0103125
v -0.088252905 -0.14885436 -0.0178125
v -0.08809692 -0.148921755 -0.0103125
v -0.08809692 -0.148921755 -0.0178125
v -0.08794185 -0.148992015 -0.0103125
v -0.08794185 -0.148992015 -0.0178125
v -0.08778783 -0.149065125 -0.0103125
v -0.08778783 -0.149065125 -0.0178125
v -0.08763501 -0.14914098 -0.0103125
v -0.08763501 -0.14914098 -0.0178125
v -0.08748354 -0.149219505 -0.0103125
v -0.08748354 -0.149219505 -0.0178125
v -0.087333555 -0.149300625 -0.0103125
v -0.087333555 -0.149300625 -0.0178125
v -0.087185205 -0.14938428 -0.0103125
v -0.087185205 -0.14938428 -0.0178125
v -0.08703864 -0.14947038 -0.0103125
v -0.08703864 -0.14947038 -0.0178125
v -0.086893995 -0.149558865 -0.0103125
v -0.086893995 -0.149558865 -0.0178125
v -0.086751435 -0.149649645 -0.0103125
v -0.086751435 -0.149649645 -0.0178125
v -0.08661108 -0.149742645 -0.0103125
v -0.08661108 -0.149742645 -0.0178125
v -0.08647311 -0.14983782 -0.0103125
v -0.08647311 -0.14983782 -0.0178125
v -0.0863376 -0.149935095 -0.0103125
v -0.0863376 -0.149935095 -0.0178125
v -0.08620371 -0.150035115 -0.0103125
v -0.08620371 -0.150035115 -0.0178125
v -0.086071065 -0.15013812 -0.0103125
v -0.086071065 -0.15013812 -0.0178125
v -0.0859398 -0.15024399 -0.0103125
v -0.0859398 -0.15024399 -0.0178125
v -0.085810005 -0.150352605 -0.0103125
v -0.085810005 -0.150352605 -0.0178125
v -0.085681815 -0.150463875 -0.0103125
v -0.085681815 -0.150463875 -0.0178125
v -0.085555335 -0.15057765 -0.0103125
v -0.085555335 -0.15057765 -0.0178125
v -0.08543067 -0.15069384 -0.0103125
v -0.08543067 -0.15069384 -0.0178125
v -0.08530797 -0.15081231 -0.0103125
v -0.08530797 -0.15081231 -0.0178125
v -0.08518731 -0.15093297 -0.0103125
v -0.08518731 -0.15093297 -0.0178125
v -0.08506884 -0.15105567 -0.0103125
v -0.08506884 -0.15105567 -0.0178125
v -0.08495265 -0.151180335 -0.0103125
v -0.08495265 -0.151180335 -0.0178125
v -0.084838875 -0.151306815 -0.0103125
v -0.084838875 -0.151306815 -0.0178125
v -0.084727605 -0.151435005 -0.0103125
v -0.084727605 -0.151435005 -0.0178125
v -0.08461899 -0.1515648 -0.0103125
v -0.08461899 -0.1515648 -0.0178125
v -0.08451312 -0.151696065 -0.0103125
v -0.08451312 -0.151696065 -0.0178125
v -0.084410115 -0.15182871 -0.0103125
v -0.084410115 -0.15182871 -0.0178125
v -0.084310095 -0.151962585 -0.0103125
v -0.084310095 -0.151962585 -0.0178125
v -0.084212835 -0.15209811 -0.0103125
v -0.084212835 -0.15209811 -0.0178125
v -0.08411766 -0.152236095 -0.0103125
v -0.08411766 -0.152236095 -0.0178125
v -0.084024645 -0.152376435 -0.0103125
v -0.084024645 -0.152376435 -0.0178125
v -0.083933865 -0.152518995 -0.0103125
v -0.083933865 -0.152518995 -0.0178125
v -0.08384538 -0.15266364 -0.0103125
v -0.08384538 -0.15266364 -0.0178125
v -0.083759265 -0.152810205 -0.0103125
v -0.083759265 -0.152810205 -0.0178125
v -0.083675625 -0.152958555 -0.0103125
v -0.083675625 -0.152958555 -0.0178125
v -0.083594505 -0.15310854 -0.0103125
v -0.083594505 -0.15310854 -0.0178125
v -0.083515965 -0.15326001 -0.0103125
v -0.083515965 -0.15326001 -0.0178125
v -0.083440125 -0.15341283 -0.0103125
v -0.083440125 -0.15341283 -0.0178125
v -0.08336703 -0.15356685 -0.0103125
v -0.08336703 -0.15356685 -0.0178125
v -0.08329674 -0.15372192 -0.0103125
v -0.08329674 -0.15372192 -0.0178125
v -0.083229375 -0.153877905 -0.0103125
v -0.083229375 -0.153877905 -0.0178125
v -0.083164965 -0.15403464 -0.0103125
v -0.083164965 -0.15403464 -0.0178125
v -0.0831036 -0.154192005 -0.0103125
v -0.0831036 -0.154192005 -0.0178125
v -0.083045355 -0.154349835 -0.0103125
v -0.083045355 -0.154349835 -0.0178125
v -0.082990305 -0.15450798 -0.0103125
v -0.082990305 -0.15450798 -0.0178125
v -0.082938495 -0.15466638 -0.0103125
v -0.082938495 -0.15466638 -0.0178125
v -0.08288964 -0.154825575 -0.0103125
v -0.08288964 -0.154825575 -0.0178125
v -0.082843665 -0.154985685 -0.0103125
v -0.082843665 -0.154985685 -0.0178125
v -0.082800585 -0.15514677 -0.0103125
v -0.082800585 -0.15514677 -0.0178125
v -0.08276037 -0.155308755 -0.0103125
v -0.08276037 -0.155308755 -0.0178125
v -0.08272305 -0.155471685 -0.0103125
v -0.08272305 -0.155471685 -0.0178125
v -0.08268861 -0.155635575 -0.0103125
v -0.08268861 -0.155635575 -0.0178125
v -0.082657035 -0.15580038 -0.0103125
v -0.082657035 -0.15580038 -0.0178125
v -0.08262837 -0.15596613 -0.0103125
v -0.08262837 -0.15596613 -0.0178125
v -0.08260257 -0.15613281 -0.0103125
v -0.08260257 -0.15613281 -0.0178125
v -0.082579665 -0.156300435 -0.0103125
v -0.082579665 -0.156300435 -0.0178125
v -0.082559625 -0.15646899 -0.0103125
v -0.082559625 -0.15646899 -0.0178125
v -0.08254248 -0.15663849 -0.0103125
v -0.08254248 -0.15663849 -0.0178125
v -0.08252823 -0.156808905 -0.0103125
v -0.08252823 -0.156808905 -0.0178125
v -0.082516845 -0.15698028 -0.0103125
v -0.082516845 -0.15698028 -0.0178125
v -0.08250834 -0.157152585 -0.0103125
v -0.08250834 -0.157152585 -0.0178125
v -0.08250273 -0.15732582 -0.0103125
v -0.08250273 -0.15732582 -0.0178125
v -0.0825 -0.1575 -0.0103125
v -0.0825 -0.1575 -0.0178125
v -0.08250273 -0.15767418 -0.0103125
v -0.08250273 -0.15767418 -0.0178125
v -0.08250834 -0.157847415 -0.0103125
v -0.08250834 -0.157847415 -0.0178125
v -0.082516845 -0.15801972 -0.0103125
v -0.082516845 -0.15801972 -0.0178125
v -0.08252823 -0.158191095 -0.0103125
v -0.08252823 -0.158191095 -0.0178125
v -0.08254248 -0.15836151 -0.0103125
v -0.08254248 -0.15836151 -0.0178125
v -0.082559625 -0.15853101 -0.0103125
v -0.082559625 -0.15853101 -0.0178125
v -0.082579665 -0.158699565 -0.0103125
v -0.082579665 -0.158699565 -0.0178125
v -0.08260257 -0.15886719 -0.0103125
v -0.08260257 -0.15886719 -0.0178125
v -0.08262837 -0.15903387 -0.0103125
v -0.08262837 -0.15903387 -0.0178125
v -0.082657035 -0.15919962 -0.0103125
v -0.082657035 -0.15919962 -0.0178125
v -0.08268861 -0.159364425 -0.0103125
v -0.08268861 -0.159364425 -0.0178125
v -0.08272305 -0.159528315 -0.0103125
v -0.08272305 -0.159528315 -0.0178125
v -0.08276037 -0.159691245 -0.0103125
v -0.08276037 -0.159691245 -0.0178125
v -0.082800585 -0.15985323 -0.0103125
v -0.082800585 -0.15985323 -0.0178125
v -0.082843665 -0.160014315 -0.0103125
v -0.082843665 -0.160014315 -0.0178125
v -0.08288964 -0.160174425 -0.0103125
v -0.08288964 -0.160174425 -0.0178125
v -0.082938495 -0.16033362 -0.0103125
v -0.082938495 -0.16033362 -0.0178125
v -0.082990305 -0.16049202 -0.0103125
v -0.082990305 -0.16049202 -0.0178125
v -0.083045355 -0.160650165 -0.0103125
v -0.083045355 -0.160650165 -0.0178125
v -0.0831036 -0.160807995 -0.0103125
v -0.0831036 -0.160807995 -0.0178125
v -0.083164965 -0.16096536 -0.0103125
v -0.083164965 -0.16096536 -0.0178125
v -0.083229375 -0.161122095 -0.0103125
v -0.083229375 -0.161122095 -0.0178125
v -0.08329674 -0.16127808 -0.0103125
v -0.08329674 -0.16127808 -0.0178125
v -0.08336703 -0.16143315 -0.0103125
v -0.08336703 -0.16143315 -0.0178125
v -0.083440125 -0.16158717 -0.0103125
v -0.083440125 -0.16158717 -0.0178125
v -0.083515965 -0.16173999 -0.0103125
v -0.083515965 -0.16173999 -0.0178125
v -0.083594505 -0.16189146 -0.0103125
v -0.083594505 -0.16189146 -0.0178125
v -0.083675625 -0.162041445 -0.0103125
v -0.083675625 -0.162041445 -0.0178125
v -0.083759265 -0.162189795 -0.0103125
v -0.083759265 -0.162189795 -0.0178125
v -0.08384538 -0.16233636 -0.0103125
v -0.08384538 -0.16233636 -0.0178125
v -0.083933865 -0.162481005 -0.0103125
v -0.083933865 -0.162481005 -0.0178125
v -0.084024645 -0.162623565 -0.0103125
v -0.084024645 -0.162623565 -0.0178125
v -0.08411766 -0.162763905 -0.0103125
v -0.08411766 -0.162763905 -0.0178125
v -0.084212835 -0.16290189 -0.0103125
v -0.084212835 -0.16290189 -0.0178125
v -0.084310095 -0.163037415 -0.0103125
v -0.084310095 -0.163037415 -0.0178125
v -0.084410115 -0.16317129 -0.0103125
v -0.084410115 -0.16317129 -0.0178125
v -0.08451312 -0.163303935 -0.0103125
v -0.08451312 -0.163303935 -0.0178125
v -0.08461899 -0.1634352 -0.0103125
v -0.08461899 -0.1634352 -0.0178125
v -0.084727605 -0.163564995 -0.0103125
v -0.084727605 -0.163564995 -0.0178125
v -0.084838875 -0.163693185 -0.0103125
v -0.084838875 -0.163693185 -0.0178125
v -0.08495265 -0.163819665 -0.0103125
v -0.08495265 -0.163819665 -0.0178125
v -0.08506884 -0.16394433 -0.0103125
v -0.08506884 -0.16394433 -0.0178125
v -0.08518731 -0.16406703 -0.0103125
v -0.08518731 -0.16406703 -0.0178125
v -0.08530797 -0.16418769 -0.0103125
v -0.08530797 -0.16418769 -0.0178125
v -0.08543067 -0.16430616 -0.0103125
v -0.08543067 -0.16430616 -0.0178125
v -0.085555335 -0.16442235 -0.0103125
v -0.085555335 -0.16442235 -0.0178125
v -0.085681815 -0.164536125 -0.0103125
v -0.085681815 -0.164536125 -0.0178125
v -0.085810005 -0.164647395 -0.0103125
v -0.085810005 -0.164647395 -0.0178125
v -0.0859398 -0.16475601 -0.0103125
v -0.0859398 -0.16475601 -0.0178125
v -0.086071065 -0.16486188 -0.0103125
v -0.086071065 -0.16486188 -0.0178125
v -0.08620371 -0.164964885 -0.0103125
v -0.08620371 -0.164964885 -0.0178125
v -0.0863376 -0.165064905 -0.0103125
v -0.0863376 -0.165064905 -0.0178125
v -0.08647311 -0.16516218 -0.0103125
v -0.08647311 -0.16516218 -0.0178125
v -0.08661108 -0.165257355 -0.0103125
v -0.08661108 -0.165257355 -0.0178125
v -0.086751435 -0.165350355 -0.0103125
v -0.086751435 -0.165350355 -0.0178125
v -0.086893995 -0.165441135 -0.0103125
v -0.086893995 -0.165441135 -0.0178125
v -0.08703864 -0.16552962 -0.0103125
v -0.08703864 -0.16552962 -0.0178125
v -0.087185205 -0.16561572 -0.0103125
v -0.087185205 -0.16561572 -0.0178125
v -0.087333555 -0.165699375 -0.0103125
v -0.087333555 -0.165699375 -0.0178125
v -0.08748354 -0.165780495 -0.0103125
v -0.08748354 -0.165780495 -0.0178125
v -0.08763501 -0.16585902 -0.0103125
v -0.08763501 -0.16585902 -0.0178125
v -0.08778783 -0.165934875 -0.0103125
v -0.08778783 -0.165934875 -0.0178125
v -0.08794185 -0.166007985 -0.0103125
v -0.08794185 -0.166007985 -0.0178125
v -0.08809692 -0.166078245 -0.0103125
v -0.08809692 -0.166078245 -0.0178125
v -0.088252905 -0.16614564 -0.0103125
v -0.088252905 -0.16614564 -0.0178125
v -0.08840964 -0.166210035 -0.0103125
v -0.08840964 -0.166210035 -0.0178125
v -0.088567005 -0.166271415 -0.0103125
v -0.088567005 -0.166271415 -0.0178125
v -0.088724835 -0.166329645 -0.0103125
v -0.088724835 -0.166329645 -0.0178125
v -0.08888298 -0.166384695 -0.0103125
v -0.08888298 -0.166384695 -0.0178125
v -0.089041455 -0.16643652 -0.0103125
v -0.089041455 -0.16643652 -0.0178125
v -0.089201415 -0.166485495 -0.0103125
v -0.089201415 -0.166485495 -0.0178125
v -0.089363025 -0.16653171 -0.0103125
v -0.089363025 -0.16653171 -0.0178125
v -0.08952612 -0.166575105 -0.0103125
v -0.08952612 -0.166575105 -0.0178125
v -0.089690535 -0.16661571 -0.0103125
v -0.089690535 -0.16661571 -0.0178125
v -0.08985612 -0.166653435 -0.0103125
v -0.08985612 -0.166653435 -0.0178125
v -0.090022695 -0.166688325 -0.0103125
v -0.090022695 -0.166688325 -0.0178125
v -0.090190125 -0.16672029 -0.0103125
v -0.090190125 -0.16672029 -0.0178125
v -0.090358215 -0.166749345 -0.0103125
v -0.090358215 -0.166749345 -0.0178125
v -0.09052683 -0.16677543 -0.0103125
v -0.09052683 -0.16677543 -0.0178125
v -0.090695805 -0.166798575 -0.0103125
v -0.090695805 -0.166798575 -0.0178125
v -0.090864975 -0.16681869 -0.0103125
v -0.090864975 -0.16681869 -0.0178125
v -0.091034175 -0.16683579 -0.0103125
v -0.091034175 -0.16683579 -0.0178125
v -0.09120324 -0.16684983 -0.0103125
v -0.09120324 -0.16684983 -0.0178125
v -0.09137202 -0.16686081 -0.0103125
v -0.09137202 -0.16686081 -0.0178125
v -0.09154035 -0.16686867 -0.0103125
v -0.09154035 -0.16686867 -0.0178125
v -0.091708065 -0.16687341 -0.0103125
v -0.091708065 -0.16687341 -0.0178125
v -0.091875 -0.166875 -0.0103125
v -0.091875 -0.166875 -0.0178125
v -0.092041935 -0.16687341 -0.0103125
v -0.092041935 -0.16687341 -0.0178125
v -0.09220965 -0.16686867 -0.0103125
v -0.09220965 -0.16686867 -0.0178125
v -0.09237798 -0.16686081 -0.0103125
v -0.09237798 -0.16686081 -0.0178125
v -0.09254676 -0.16684983 -0.0103125
v -0.09254676 -0.16684983 -0.0178125
v -0.092715825 -0.16683579 -0.0103125
v -0.092715825 -0.16683579 -0.0178125
v -0.092885025 -0.16681869 -0.0103125
v -0.092885025 -0.16681869 -0.0178125
v -0.093054195 -0.166798575 -0.0103125
v -0.093054195 -0.166798575 -0.0178125
v -0.09322317 -0.16677543 -0.0103125
v -0.09322317 -0.16677543 -0.0178125
v -0.093391785 -0.166749345 -0.0103125
v -0.093391785 -0.166749345 -0.0178125
v -0.093559875 -0.16672029 -0.0103125
v -0.093559875 -0.16672029 -0.0178125
v -0.093727305 -0.166688325 -0.0103125
v -0.093727305 -0.166688325 -0.0178125
v -0.09389388 -0.166653435 -0.0103125
v -0.09389388 -0.166653435 -0.0178125
v -0.094059465 -0.16661571 -0.0103125
v -0.094059465 -0.16661571 -0.0178125
v -0.09422388 -0.166575105 -0.0103125
v -0.09422388 -0.166575105 -0.0178125
v -0.094386975 -0.16653171 -0.0103125
v -0.094386975 -0.16653171 -0.0178125
v -0.094548585 -0.166485495 -0.0103125
v -0.094548585 -0.166485495 -0.0178125
v -0.094708545 -0.16643652 -0.0103125
v -0.094708545 -0.16643652 -0.0178125
v -0.09486702 -0.166384695 -0.0103125
v -0.09486702 -0.166384695 -0.0178125
v -0.095025165 -0.166329645 -0.0103125
v -0.095025165 -0.166329645 -0.0178125
v -0.095182995 -0.166271415 -0.0103125
v -0.095182995 -0.166271415 -0.0178125
v -0.09534036 -0.166210035 -0.0103125
v -0.09534036 -0.166210035 -0.0178125
v -0.095497095 -0.16614564 -0.0103125
v -0.095497095 -0.16614564 -0.0178125
v -0.09565308 -0.166078245 -0.0103125
v -0.09565308 -0.166078245 -0.0178125
v -0.09580815 -0.166007985 -0.0103125
v -0.09580815 -0.166007985 -0.0178125
v -0.09596217 -0.165934875 -0.0103125
v -0.09596217 -0.165934875 -0.0178125
v -0.09611499 -0.16585902 -0.0103125
v -0.09611499 -0.16585902 -0.0178125
v -0.09626646 -0.165780495 -0.0103125
v -0.09626646 -0.165780495 -0.0178125
v -0.096416445 -0.165699375 -0.0103125
v -0.096416445 -0.165699375 -0.0178125
v -0.096564795 -0.16561572 -0.0103125
v -0.096564795 -0.16561572 -0.0178125
v -0.09671136 -0.16552962 -0.0103125
v -0.09671136 -0.16552962 -0.0178125
v -0.096856005 -0.165441135 -0.0103125
v -0.096856005 -0.165441135 -0.0178125
v -0.096998565 -0.165350355 -0.0103125
v -0.096998565 -0.165350355 -0.0178125
v -0.09713892 -0.165257355 -0.0103125
v -0.09713892 -0.165257355 -0.0178125
v -0.09727689 -0.16516218 -0.0103125
v -0.09727689 -0.16516218 -0.0178125
v -0.0974124 -0.165064905 -0.0103125
v -0.0974124 -0.165064905 -0.0178125
v -0.09754629 -0.164964885 -0.0103125
v -0.09754629 -0.164964885 -0.0178125
v -0.097678935 -0.16486188 -0.0103125
v -0.097678935 -0.16486188 -0.0178125
v -0.0978102 -0.16475601 -0.0103125
v -0.0978102 -0.16475601 -0.0178125
v -0.097939995 -0.164647395 -0.0103125
v -0.097939995 -0.164647395 -0.0178125
v -0.098068185 -0.164536125 -0.0103125
v -0.098068185 -0.164536125 -0.0178125
v -0.098194665 -0.16442235 -0.0103125
v -0.098194665 -0.16442235 -0.0178125
v -0.09831933 -0.16430616 -0.0103125
v -0.09831933 -0.16430616 -0.0178125
v -0.09844203 -0.16418769 -0.0103125
v -0.09844203 -0.16418769 -0.0178125
v -0.09856269 -0.16406703 -0.0103125
v -0.09856269 -0.16406703 -0.0178125
v -0.09868116 -0.16394433 -0.0103125
v -0.09868116 -0.16394433 -0.0178125
v -0.09879735 -0.163819665 -0.0103125
v -0.09879735 -0.163819665 -0.0178125
v -0.098911125 -0.163693185 -0.0103125
v -0.098911125 -0.163693185 -0.0178125
v -0.099022395 -0.163564995 -0.0103125
v -0.099022395 -0.163564995 -0.0178125
v -0.09913101 -0.1634352 -0.0103125
v -0.09913101 -0.1634352 -0.0178125
v -0.09923688 -0.163303935 -0.0103125
v -0.09923688 -0.163303935 -0.0178125
v -0.099339885 -0.16317129 -0.0103125
v -0.099339885 -0.16317129 -0.0178125
v -0.099439905 -0.163037415 -0.0103125
v -0.099439905 -0.163037415 -0.0178125
v -0.099537165 -0.16290189 -0.0103125
v -0.099537165 -0.16290189 -0.0178125
v -0.09963234 -0.162763905 -0.0103125
v -0.09963234 -0.162763905 -0.0178125
v -0.099725355 -0.162623565 -0.0103125
v -0.099725355 -0.162623565 -0.0178125
v -0.099816135 -0.162481005 -0.0103125
v -0.099816135 -0.162481005 -0.0178125
v -0.09990462 -0.16233636 -0.0103125
v -0.09990462 -0.16233636 -0.0178125
v -0.099990735 -0.162189795 -0.0103125
v -0.099990735 -0.162189795 -0.0178125
v -0.100074375 -0.162041445 -0.0103125
v -0.100074375 -0.162041445 -0.0178125
v -0.100155495 -0.16189146 -0.0103125
v -0.100155495 -0.16189146 -0.0178125
v -0.100234035 -0.16173999 -0.0103125
v -0.100234035 -0.16173999 -0.0178125
v -0.100309875 -0.16158717 -0.0103125
v -0.100309875 -0.16158717 -0.0178125
v -0.10038297 -0.16143315 -0.0103125
v -0.10038297 -0.16143315 -0.0178125
v -0.10045326 -0.16127808 -0.0103125
v -0.10045326 -0.16127808 -0.0178125
v -0.100520625 -0.161122095 -0.0103125
v -0.100520625 -0.161122095 -0.0178125
v -0.100585035 -0.16096536 -0.0103125
v -0.100585035 -0.16096536 -0.0178125
v -0.1006464 -0.160807995 -0.0103125
v -0.1006464 -0.160807995 -0.0178125
v -0.100704645 -0.160650165 -0.0103125
v -0.100704645 -0.160650165 -0.0178125
v -0.100759695 -0.16049202 -0.0103125
v -0.100759695 -0.16049202 -0.0178125
v -0.100811505 -0.16033362 -0.0103125
v -0.100811505 -0.16033362 -0.0178125
v -0.10086036 -0.160174425 -0.0103125
v -0.10086036 -0.160174425 -0.0178125
v -0.100906335 -0.160014315 -0.0103125
v -0.100906335 -0.160014315 -0.0178125
v -0.100949415 -0.15985323 -0.0103125
v -0.100949415 -0.15985323 -0.0178125
v -0.10098963 -0.159691245 -0.0103125
v -0.10098963 -0.159691245 -0.0178125
v -0.10102695 -0.159528315 -0.0103125
v -0.10102695 -0.159528315 -0.0178125
v -0.10106139 -0.159364425 -0.0103125
v -0.10106139 -0.159364425 -0.0178125
v -0.101092965 -0.15919962 -0.0103125
v -0.101092965 -0.15919962 -0.0178125
v -0.10112163 -0.15903387 -0.0103125
v -0.10112163 -0.15903387 -0.0178125
v -0.10114743 -0.15886719 -0.0103125
v -0.10114743 -0.15886719 -0.0178125
v -0.101170335 -0.158699565 -0.0103125
v -0.101170335 -0.158699565 -0.0178125
v -0.101190375 -0.15853101 -0.0103125
v -0.101190375 -0.15853101 -0.0178125
v -0.10120752 -0.15836151 -0.0103125
v -0.10120752 -0.15836151 -0.0178125
v -0.10122177 -0.158191095 -0.0103125
v -0.10122177 -0.158191095 -0.0178125
v -0.101233155 -0.15801972 -0.0103125
v -0.101233155 -0.15801972 -0.0178125
v -0.10124166 -0.157847415 -0.0103125
v -0.10124166 -0.157847415 -0.0178125
v -0.10124727 -0.15767418 -0.0103125
v -0.091875 -0.16359375 -0.0178125
v -0.091875 -0.16359375 -0.0103125
v -0.091798095 -0.163586325 -0.0103125
v -0.091951905 -0.163586325 -0.0178125
v -0.091798095 -0.163586325 -0.0178125
v -0.091726845 -0.16356912 -0.0103125
v -0.091726845 -0.16356912 -0.0178125
v -0.091661235 -0.16354212 -0.0103125
v -0.091661235 -0.16354212 -0.0178125
v -0.091600545 -0.163504605 -0.0103125
v -0.091600545 -0.163504605 -0.0178125
v -0.091544115 -0.163455885 -0.0103125
v -0.091544115 -0.163455885 -0.0178125
v -0.091495395 -0.16339944 -0.0103125
v -0.091495395 -0.16339944 -0.0178125
v -0.091457805 -0.16333848 -0.0103125
v -0.091457805 -0.16333848 -0.0178125
v -0.09143007 -0.16327014 -0.0103125
v -0.09143007 -0.16327014 -0.0178125
v -0.09141243 -0.163197285 -0.0103125
v -0.09141243 -0.163197285 -0.0178125
v -0.09140625 -0.163125 -0.0103125
v -0.09140625 -0.163125 -0.0178125
v -0.09141243 -0.163052715 -0.0103125
v -0.09141243 -0.163052715 -0.0178125
v -0.09143007 -0.16297986 -0.0103125
v -0.09143007 -0.16297986 -0.0178125
v -0.091457805 -0.16291152 -0.0103125
v -0.091457805 -0.16291152 -0.0178125
v -0.091495395 -0.16285056 -0.0103125
v -0.091495395 -0.16285056 -0.0178125
v -0.091544115 -0.162794115 -0.0103125
v -0.091544115 -0.162794115 -0.0178125
v -0.091600545 -0.162745395 -0.0103125
v -0.091600545 -0.162745395 -0.0178125
v -0.091661235 -0.16270788 -0.0103125
v -0.091661235 -0.16270788 -0.0178125
v -0.091726845 -0.16268088 -0.0103125
v -0.091726845 -0.16268088 -0.0178125
v -0.091798095 -0.162663675 -0.0103125
v -0.091798095 -0.162663675 -0.0178125
v -0.091875 -0.16265625 -0.0103125
v -0.091875 -0.16265625 -0.0178125
v -0.091951905 -0.162663675 -0.0103125
v -0.091951905 -0.162663675 -0.0178125
v -0.092023155 -0.16268088 -0.0103125
v -0.092023155 -0.16268088 -0.0178125
v -0.092088765 -0.16270788 -0.0103125
v -0.092088765 -0.16270788 -0.0178125
v -0.092149455 -0.162745395 -0.0103125
v -0.092149455 -0.162745395 -0.0178125
v -0.092205885 -0.162794115 -0.0103125
v -0.092205885 -0.162794115 -0.0178125
v -0.092254605 -0.16285056 -0.0103125
v -0.092254605 -0.16285056 -0.0178125
v -0.092292195 -0.16291152 -0.0103125
v -0.092292195 -0.16291152 -0.0178125
v -0.09231993 -0.16297986 -0.0103125
v -0.09231993 -0.16297986 -0.0178125
v -0.09233757 -0.163052715 -0.0103125
v -0.09233757 -0.163052715 -0.0178125
v -0.09234375 -0.163125 -0.0103125
v -0.09234375 -0.163125 -0.0178125
v -0.09233757 -0.163197285 -0.0103125
v -0.09233757 -0.163197285 -0.0178125
v -0.09231993 -0.16327014 -0.0103125
v -0.09231993 -0.16327014 -0.0178125
v -0.092292195 -0.16333848 -0.0103125
v -0.092292195 -0.16333848 -0.0178125
v -0.092254605 -0.16339944 -0.0103125
v -0.092254605 -0.16339944 -0.0178125
v -0.092205885 -0.163455885 -0.0103125
v -0.092205885 -0.163455885 -0.0178125
v -0.092149455 -0.163504605 -0.0103125
v -0.092149455 -0.163504605 -0.0178125
v -0.092088765 -0.16354212 -0.0103125
v -0.092088765 -0.16354212 -0.0178125
v -0.092023155 -0.16356912 -0.0103125
v -0.092023155 -0.16356912 -0.0178125
v -0.091951905 -0.163586325 -0.0103125
v -0.10124727 -0.15732582 -0.0178125
v -0.093747 -0.15742041 -0.0178125
v -0.09375 -0.1575 -0.0178125
v -0.093741315 -0.15734211 -0.0178125
v -0.10125 -0.1575 -0.0178125
v -0.093747 -0.15757959 -0.0178125
v -0.093741315 -0.15765789 -0.0178125
v -0.10124727 -0.15767418 -0.0178125
v -0.093732915 -0.15773487 -0.0178125
v -0.093721845 -0.157810575 -0.0178125
v -0.10124166 -0.157847415 -0.0178125
v -0.09370806 -0.157884975 -0.0178125
v -0.09369159 -0.157958085 -0.0178125
v -0.101233155 -0.15801972 -0.0178125
v -0.09367242 -0.158029875 -0.0178125
v -0.093650565 -0.15810039 -0.0178125
v -0.09362601 -0.1581696 -0.0178125
v -0.10122177 -0.158191095 -0.0178125
v -0.093598755 -0.15823752 -0.0178125
v -0.093568815 -0.15830412 -0.0178125
v -0.10120752 -0.15836151 -0.0178125
v -0.09353589 -0.15836979 -0.0178125
v -0.09349965 -0.15843495 -0.0178125
v -0.09346029 -0.158499345 -0.0178125
v -0.101190375 -0.15853101 -0.0178125
v -0.09341805 -0.15856266 -0.0178125
v -0.09337314 -0.158624655 -0.0178125
v -0.0933258 -0.158685015 -0.0178125
v -0.101170335 -0.158699565 -0.0178125
v -0.09327624 -0.158743485 -0.0178125
v -0.093224685 -0.15879978 -0.0178125
v -0.09317136 -0.158853615 -0.0178125
v -0.10114743 -0.15886719 -0.0178125
v -0.093116505 -0.15890472 -0.0178125
v -0.093060315 -0.15895278 -0.0178125
v -0.093002505 -0.15899799 -0.0178125
v -0.10112163 -0.15903387 -0.0178125
v -0.092941965 -0.15904125 -0.0178125
v -0.09287889 -0.159082485 -0.0178125
v -0.092813655 -0.159121545 -0.0178125
v -0.092746545 -0.15915825 -0.0178125
v -0.092677875 -0.159192465 -0.0178125
v -0.101092965 -0.15919962 -0.0178125
v -0.092608005 -0.15922404 -0.0178125
v -0.092537235 -0.15925281 -0.0178125
v -0.092465895 -0.159278595 -0.0178125
v -0.0923943 -0.15930129 -0.0178125
v -0.09232278 -0.159320715 -0.0178125
v -0.092251245 -0.159336795 -0.0178125
v -0.092178135 -0.15934992 -0.0178125
v -0.092103615 -0.15936012 -0.0178125
v -0.10106139 -0.159364425 -0.0178125
v -0.092028015 -0.159367425 -0.0178125
v -0.09195168 -0.15937179 -0.0178125
v -0.091875 -0.159373245 -0.0178125
v -0.08272305 -0.159528315 -0.0178125
v -0.10102695 -0.159528315 -0.0178125
v -0.09179832 -0.15937179 -0.0178125
v -0.091721985 -0.159367425 -0.0178125
v -0.08268861 -0.159364425 -0.0178125
v -0.091646385 -0.15936012 -0.0178125
v -0.091571865 -0.15934992 -0.0178125
v -0.091498755 -0.159336795 -0.0178125
v -0.09142722 -0.159320715 -0.0178125
v -0.0913557 -0.15930129 -0.0178125
v -0.091284105 -0.159278595 -0.0178125
v -0.091212765 -0.15925281 -0.0178125
v -0.091141995 -0.15922404 -0.0178125
v -0.082657035 -0.15919962 -0.0178125
v -0.091072125 -0.159192465 -0.0178125
v -0.091003455 -0.15915825 -0.0178125
v -0.090936345 -0.159121545 -0.0178125
v -0.09087111 -0.159082485 -0.0178125
v -0.090808035 -0.15904125 -0.0178125
v -0.08262837 -0.15903387 -0.0178125
v -0.090747495 -0.15899799 -0.0178125
v -0.090689685 -0.15895278 -0.0178125
v -0.090633495 -0.15890472 -0.0178125
v -0.08260257 -0.15886719 -0.0178125
v -0.09057864 -0.158853615 -0.0178125
v -0.090525315 -0.15879978 -0.0178125
v -0.09047376 -0.158743485 -0.0178125
v -0.082579665 -0.158699565 -0.0178125
v -0.0904242 -0.158685015 -0.0178125
v -0.09037686 -0.158624655 -0.0178125
v -0.09033195 -0.15856266 -0.0178125
v -0.082559625 -0.15853101 -0.0178125
v -0.09028971 -0.158499345 -0.0178125
v -0.09025035 -0.15843495 -0.0178125
v -0.09021411 -0.15836979 -0.0178125
v -0.08254248 -0.15836151 -0.0178125
v -0.090181185 -0.15830412 -0.0178125
v -0.090151245 -0.15823752 -0.0178125
v -0.08252823 -0.158191095 -0.0178125
v -0.09012399 -0.1581696 -0.0178125
v -0.090099435 -0.15810039 -0.0178125
v -0.09007758 -0.158029875 -0.0178125
v -0.082516845 -0.15801972 -0.0178125
v -0.09005841 -0.157958085 -0.0178125
v -0.09004194 -0.157884975 -0.0178125
v -0.08250834 -0.157847415 -0.0178125
v -0.090028155 -0.157810575 -0.0178125
v -0.090017085 -0.15773487 -0.0178125
v -0.08250273 -0.15767418 -0.0178125
v -0.090008685 -0.15765789 -0.0178125
v -0.090003 -0.15757959 -0.0178125
v -0.09 -0.1575 -0.0178125
v -0.0825 -0.1575 -0.0178125
v -0.090003 -0.15742041 -0.0178125
v -0.090008685 -0.15734211 -0.0178125
v -0.08250273 -0.15732582 -0.0178125
v -0.090017085 -0.15726513 -0.0178125
v -0.090028155 -0.157189425 -0.0178125
v -0.08250834 -0.157152585 -0.0178125
v -0.09004194 -0.157115025 -0.0178125
v -0.09005841 -0.157041915 -0.0178125
v -0.082516845 -0.15698028 -0.0178125
v -0.09007758 -0.156970125 -0.0178125
v -0.090099435 -0.15689961 -0.0178125
v -0.09012399 -0.1568304 -0.0178125
v -0.08252823 -0.156808905 -0.0178125
v -0.090151245 -0.15676248 -0.0178125
v -0.090181185 -0.15669588 -0.0178125
v -0.08254248 -0.15663849 -0.0178125
v -0.09021411 -0.15663021 -0.0178125
v -0.09025035 -0.15656505 -0.0178125
v -0.09028971 -0.156500655 -0.0178125
v -0.082559625 -0.15646899 -0.0178125
v -0.09033195 -0.15643734 -0.0178125
v -0.09037686 -0.156375345 -0.0178125
v -0.0904242 -0.156314985 -0.0178125
v -0.082579665 -0.156300435 -0.0178125
v -0.09047376 -0.156256515 -0.0178125
v -0.090525315 -0.15620022 -0.0178125
v -0.09057864 -0.156146385 -0.0178125
v -0.08260257 -0.15613281 -0.0178125
v -0.090633495 -0.15609528 -0.0178125
v -0.090689685 -0.15604722 -0.0178125
v -0.090747495 -0.15600201 -0.0178125
v -0.08262837 -0.15596613 -0.0178125
v -0.090808035 -0.15595875 -0.0178125
v -0.09087111 -0.155917515 -0.0178125
v -0.090936345 -0.155878455 -0.0178125
v -0.091003455 -0.15584175 -0.0178125
v -0.091072125 -0.155807535 -0.0178125
v -0.082657035 -0.15580038 -0.0178125
v -0.091141995 -0.15577596 -0.0178125
v -0.091212765 -0.15574719 -0.0178125
v -0.091284105 -0.155721405 -0.0178125
v -0.0913557 -0.15569871 -0.0178125
v -0.09142722 -0.155679285 -0.0178125
v -0.091498755 -0.155663205 -0.0178125
v -0.091571865 -0.15565008 -0.0178125
v -0.091646385 -0.15563988 -0.0178125
v -0.08268861 -0.155635575 -0.0178125
v -0.091721985 -0.155632575 -0.0178125
v -0.09179832 -0.15562821 -0.0178125
v -0.091875 -0.155626755 -0.0178125
v -0.10102695 -0.155471685 -0.0178125
v -0.08272305 -0.155471685 -0.0178125
v -0.09195168 -0.15562821 -0.0178125
v -0.092028015 -0.155632575 -0.0178125
v -0.10106139 -0.155635575 -0.0178125
v -0.092103615 -0.15563988 -0.0178125
v -0.092178135 -0.15565008 -0.0178125
v -0.092251245 -0.155663205 -0.0178125
v -0.09232278 -0.155679285 -0.0178125
v -0.0923943 -0.15569871 -0.0178125
v -0.092465895 -0.155721405 -0.0178125
v -0.092537235 -0.15574719 -0.0178125
v -0.092608005 -0.15577596 -0.0178125
v -0.101092965 -0.15580038 -0.0178125
v -0.092677875 -0.155807535 -0.0178125
v -0.092746545 -0.15584175 -0.0178125
v -0.092813655 -0.155878455 -0.0178125
v -0.09287889 -0.155917515 -0.0178125
v -0.092941965 -0.15595875 -0.0178125
v -0.10112163 -0.15596613 -0.0178125
v -0.093002505 -0.15600201 -0.0178125
v -0.093060315 -0.15604722 -0.0178125
v -0.093116505 -0.15609528 -0.0178125
v -0.10114743 -0.15613281 -0.0178125
v -0.09317136 -0.156146385 -0.0178125
v -0.093224685 -0.15620022 -0.0178125
v -0.09327624 -0.156256515 -0.0178125
v -0.101170335 -0.156300435 -0.0178125
v -0.0933258 -0.156314985 -0.0178125
v -0.09337314 -0.156375345 -0.0178125
v -0.09341805 -0.15643734 -0.0178125
v -0.101190375 -0.15646899 -0.0178125
v -0.09346029 -0.156500655 -0.0178125
v -0.09349965 -0.15656505 -0.0178125
v -0.09353589 -0.15663021 -0.0178125
v -0.10120752 -0.15663849 -0.0178125
v -0.093568815 -0.15669588 -0.0178125
v -0.093598755 -0.15676248 -0.0178125
v -0.10122177 -0.156808905 -0.0178125
v -0.09362601 -0.1568304 -0.0178125
v -0.093650565 -0.15689961 -0.0178125
v -0.09367242 -0.156970125 -0.0178125
v -0.101233155 -0.15698028 -0.0178125
v -0.09369159 -0.157041915 -0.0178125
v -0.09370806 -0.157115025 -0.0178125
v -0.10124166 -0.157152585 -0.0178125
v -0.093721845 -0.157189425 -0.0178125
v -0.093732915 -0.15726513 -0.0178125
v -0.10098963 -0.155308755 -0.0178125
v -0.08276037 -0.155308755 -0.0178125
v -0.100949415 -0.15514677 -0.0178125
v -0.082800585 -0.15514677 -0.0178125
v -0.100906335 -0.154985685 -0.0178125
v -0.082843665 -0.154985685 -0.0178125
v -0.10086036 -0.154825575 -0.0178125
v -0.08288964 -0.154825575 -0.0178125
v -0.100811505 -0.15466638 -0.0178125
v -0.082938495 -0.15466638 -0.0178125
v -0.100759695 -0.15450798 -0.0178125
v -0.082990305 -0.15450798 -0.0178125
v -0.100704645 -0.154349835 -0.0178125
v -0.083045355 -0.154349835 -0.0178125
v -0.1006464 -0.154192005 -0.0178125
v -0.0831036 -0.154192005 -0.0178125
v -0.100585035 -0.15403464 -0.0178125
v -0.083164965 -0.15403464 -0.0178125
v -0.100520625 -0.153877905 -0.0178125
v -0.083229375 -0.153877905 -0.0178125
v -0.10045326 -0.15372192 -0.0178125
v -0.08329674 -0.15372192 -0.0178125
v -0.10038297 -0.15356685 -0.0178125
v -0.08336703 -0.15356685 -0.0178125
v -0.100309875 -0.15341283 -0.0178125
v -0.083440125 -0.15341283 -0.0178125
v -0.100234035 -0.15326001 -0.0178125
v -0.083515965 -0.15326001 -0.0178125
v -0.100155495 -0.15310854 -0.0178125
v -0.083594505 -0.15310854 -0.0178125
v -0.100074375 -0.152958555 -0.0178125
v -0.083675625 -0.152958555 -0.0178125
v -0.099990735 -0.152810205 -0.0178125
v -0.083759265 -0.152810205 -0.0178125
v -0.09990462 -0.15266364 -0.0178125
v -0.08384538 -0.15266364 -0.0178125
v -0.099816135 -0.152518995 -0.0178125
v -0.083933865 -0.152518995 -0.0178125
v -0.099725355 -0.152376435 -0.0178125
v -0.084024645 -0.152376435 -0.0178125
v -0.09963234 -0.152236095 -0.0178125
v -0.08411766 -0.152236095 -0.0178125
v -0.099537165 -0.15209811 -0.0178125
v -0.084212835 -0.15209811 -0.0178125
v -0.099439905 -0.151962585 -0.0178125
v -0.084310095 -0.151962585 -0.0178125
v -0.099339885 -0.15182871 -0.0178125
v -0.084410115 -0.15182871 -0.0178125
v -0.09923688 -0.151696065 -0.0178125
v -0.08451312 -0.151696065 -0.0178125
v -0.09913101 -0.1515648 -0.0178125
v -0.08461899 -0.1515648 -0.0178125
v -0.099022395 -0.151435005 -0.0178125
v -0.084727605 -0.151435005 -0.0178125
v -0.098911125 -0.151306815 -0.0178125
v -0.084838875 -0.151306815 -0.0178125
v -0.09879735 -0.151180335 -0.0178125
v -0.08495265 -0.151180335 -0.0178125
v -0.09868116 -0.15105567 -0.0178125
v -0.08506884 -0.15105567 -0.0178125
v -0.09856269 -0.15093297 -0.0178125
v -0.08518731 -0.15093297 -0.0178125
v -0.09844203 -0.15081231 -0.0178125
v -0.08530797 -0.15081231 -0.0178125
v -0.09831933 -0.15069384 -0.0178125
v -0.08543067 -0.15069384 -0.0178125
v -0.098194665 -0.15057765 -0.0178125
v -0.085555335 -0.15057765 -0.0178125
v -0.098068185 -0.150463875 -0.0178125
v -0.085681815 -0.150463875 -0.0178125
v -0.097939995 -0.150352605 -0.0178125
v -0.085810005 -0.150352605 -0.0178125
v -0.0978102 -0.15024399 -0.0178125
v -0.0859398 -0.15024399 -0.0178125
v -0.097678935 -0.15013812 -0.0178125
v -0.086071065 -0.15013812 -0.0178125
v -0.09754629 -0.150035115 -0.0178125
v -0.08620371 -0.150035115 -0.0178125
v -0.0974124 -0.149935095 -0.0178125
v -0.0863376 -0.149935095 -0.0178125
v -0.09727689 -0.14983782 -0.0178125
v -0.08647311 -0.14983782 -0.0178125
v -0.09713892 -0.149742645 -0.0178125
v -0.08661108 -0.149742645 -0.0178125
v -0.096998565 -0.149649645 -0.0178125
v -0.086751435 -0.149649645 -0.0178125
v -0.096856005 -0.149558865 -0.0178125
v -0.086893995 -0.149558865 -0.0178125
v -0.09671136 -0.14947038 -0.0178125
v -0.08703864 -0.14947038 -0.0178125
v -0.096564795 -0.14938428 -0.0178125
v -0.087185205 -0.14938428 -0.0178125
v -0.096416445 -0.149300625 -0.0178125
v -0.087333555 -0.149300625 -0.0178125
v -0.09626646 -0.149219505 -0.0178125
v -0.08748354 -0.149219505 -0.0178125
v -0.09611499 -0.14914098 -0.0178125
v -0.08763501 -0.14914098 -0.0178125
v -0.09596217 -0.149065125 -0.0178125
v -0.08778783 -0.149065125 -0.0178125
v -0.09580815 -0.148992015 -0.0178125
v -0.08794185 -0.148992015 -0.0178125
v -0.09565308 -0.148921755 -0.0178125
v -0.08809692 -0.148921755 -0.0178125
v -0.095497095 -0.14885436 -0.0178125
v -0.088252905 -0.14885436 -0.0178125
v -0.09534036 -0.148789965 -0.0178125
v -0.08840964 -0.148789965 -0.0178125
v -0.095182995 -0.148728585 -0.0178125
v -0.088567005 -0.148728585 -0.0178125
v -0.095025165 -0.148670355 -0.0178125
v -0.088724835 -0.148670355 -0.0178125
v -0.09486702 -0.148615305 -0.0178125
v -0.08888298 -0.148615305 -0.0178125
v -0.094708545 -0.14856348 -0.0178125
v -0.089041455 -0.14856348 -0.0178125
v -0.094548585 -0.148514505 -0.0178125
v -0.089201415 -0.148514505 -0.0178125
v -0.094386975 -0.14846829 -0.0178125
v -0.089363025 -0.14846829 -0.0178125
v -0.09422388 -0.148424895 -0.0178125
v -0.08952612 -0.148424895 -0.0178125
v -0.094059465 -0.14838429 -0.0178125
v -0.089690535 -0.14838429 -0.0178125
v -0.09389388 -0.148346565 -0.0178125
v -0.08985612 -0.148346565 -0.0178125
v -0.093727305 -0.148311675 -0.0178125
v -0.090022695 -0.148311675 -0.0178125
v -0.093559875 -0.14827971 -0.0178125
v -0.090190125 -0.14827971 -0.0178125
v -0.093391785 -0.148250655 -0.0178125
v -0.090358215 -0.148250655 -0.0178125
v -0.09322317 -0.14822457 -0.0178125
v -0.09052683 -0.14822457 -0.0178125
v -0.093054195 -0.148201425 -0.0178125
v -0.090695805 -0.148201425 -0.0178125
v -0.092885025 -0.14818131 -0.0178125
v -0.090864975 -0.14818131 -0.0178125
v -0.092715825 -0.14816421 -0.0178125
v -0.091034175 -0.14816421 -0.0178125
v -0.09254676 -0.14815017 -0.0178125
v -0.09120324 -0.14815017 -0.0178125
v -0.09237798 -0.14813919 -0.0178125
v -0.09137202 -0.14813919 -0.0178125
v -0.09220965 -0.14813133 -0.0178125
v -0.09154035 -0.14813133 -0.0178125
v -0.092041935 -0.14812659 -0.0178125
v -0.091708065 -0.14812659 -0.0178125
v -0.091875 -0.148125 -0.0178125
v -0.08276037 -0.159691245 -0.0178125
v -0.10098963 -0.159691245 -0.0178125
v -0.082800585 -0.15985323 -0.0178125
v -0.100949415 -0.15985323 -0.0178125
v -0.082843665 -0.160014315 -0.0178125
v -0.100906335 -0.160014315 -0.0178125
v -0.08288964 -0.160174425 -0.0178125
v -0.10086036 -0.160174425 -0.0178125
v -0.082938495 -0.16033362 -0.0178125
v -0.100811505 -0.16033362 -0.0178125
v -0.082990305 -0.16049202 -0.0178125
v -0.100759695 -0.16049202 -0.0178125
v -0.083045355 -0.160650165 -0.0178125
v -0.100704645 -0.160650165 -0.0178125
v -0.0831036 -0.160807995 -0.0178125
v -0.1006464 -0.160807995 -0.0178125
v -0.083164965 -0.16096536 -0.0178125
v -0.100585035 -0.16096536 -0.0178125
v -0.083229375 -0.161122095 -0.0178125
v -0.100520625 -0.161122095 -0.0178125
v -0.08329674 -0.16127808 -0.0178125
v -0.10045326 -0.16127808 -0.0178125
v -0.08336703 -0.16143315 -0.0178125
v -0.10038297 -0.16143315 -0.0178125
v -0.083440125 -0.16158717 -0.0178125
v -0.100309875 -0.16158717 -0.0178125
v -0.083515965 -0.16173999 -0.0178125
v -0.100234035 -0.16173999 -0.0178125
v -0.083594505 -0.16189146 -0.0178125
v -0.100155495 -0.16189146 -0.0178125
v -0.083675625 -0.162041445 -0.0178125
v -0.100074375 -0.162041445 -0.0178125
v -0.083759265 -0.162189795 -0.0178125
v -0.099990735 -0.162189795 -0.0178125
v -0.08384538 -0.16233636 -0.0178125
v -0.09990462 -0.16233636 -0.0178125
v -0.083933865 -0.162481005 -0.0178125
v -0.099816135 -0.162481005 -0.0178125
v -0.084024645 -0.162623565 -0.0178125
v -0.099725355 -0.162623565 -0.0178125
v -0.091875 -0.16265625 -0.0178125
v -0.091951905 -0.162663675 -0.0178125
v -0.08411766 -0.162763905 -0.0178125
v -0.091798095 -0.162663675 -0.0178125
v -0.091726845 -0.16268088 -0.0178125
v -0.091661235 -0.16270788 -0.0178125
v -0.091600545 -0.162745395 -0.0178125
v -0.091544115 -0.162794115 -0.0178125
v -0.084212835 -0.16290189 -0.0178125
v -0.091495395 -0.16285056 -0.0178125
v -0.091457805 -0.16291152 -0.0178125
v -0.084310095 -0.163037415 -0.0178125
v -0.09143007 -0.16297986 -0.0178125
v -0.09141243 -0.163052715 -0.0178125
v -0.084410115 -0.16317129 -0.0178125
v -0.09140625 -0.163125 -0.0178125
v -0.09141243 -0.163197285 -0.0178125
v -0.08451312 -0.163303935 -0.0178125
v -0.09143007 -0.16327014 -0.0178125
v -0.091457805 -0.16333848 -0.0178125
v -0.08461899 -0.1634352 -0.0178125
v -0.091495395 -0.16339944 -0.0178125
v -0.091544115 -0.163455885 -0.0178125
v -0.084727605 -0.163564995 -0.0178125
v -0.091600545 -0.163504605 -0.0178125
v -0.091661235 -0.16354212 -0.0178125
v -0.091726845 -0.16356912 -0.0178125
v -0.084838875 -0.163693185 -0.0178125
v -0.091798095 -0.163586325 -0.0178125
v -0.091875 -0.16359375 -0.0178125
v -0.099022395 -0.163564995 -0.0178125
v -0.098911125 -0.163693185 -0.0178125
v -0.091951905 -0.163586325 -0.0178125
v -0.092023155 -0.16356912 -0.0178125
v -0.092088765 -0.16354212 -0.0178125
v -0.09913101 -0.1634352 -0.0178125
v -0.092149455 -0.163504605 -0.0178125
v -0.092205885 -0.163455885 -0.0178125
v -0.092254605 -0.16339944 -0.0178125
v -0.09923688 -0.163303935 -0.0178125
v -0.092292195 -0.16333848 -0.0178125
v -0.09231993 -0.16327014 -0.0178125
v -0.099339885 -0.16317129 -0.0178125
v -0.09233757 -0.163197285 -0.0178125
v -0.09234375 -0.163125 -0.0178125
v -0.099439905 -0.163037415 -0.0178125
v -0.09233757 -0.163052715 -0.0178125
v -0.09231993 -0.16297986 -0.0178125
v -0.099537165 -0.16290189 -0.0178125
v -0.092292195 -0.16291152 -0.0178125
v -0.092254605 -0.16285056 -0.0178125
v -0.09963234 -0.162763905 -0.0178125
v -0.092205885 -0.162794115 -0.0178125
v -0.092149455 -0.162745395 -0.0178125
v -0.092088765 -0.16270788 -0.0178125
v -0.092023155 -0.16268088 -0.0178125
v -0.08495265 -0.163819665 -0.0178125
v -0.09879735 -0.163819665 -0.0178125
v -0.08506884 -0.16394433 -0.0178125
v -0.09868116 -0.16394433 -0.0178125
v -0.08518731 -0.16406703 -0.0178125
v -0.09856269 -0.16406703 -0.0178125
v -0.08530797 -0.16418769 -0.0178125
v -0.09844203 -0.16418769 -0.0178125
v -0.08543067 -0.16430616 -0.0178125
v -0.09831933 -0.16430616 -0.0178125
v -0.085555335 -0.16442235 -0.0178125
v -0.098194665 -0.16442235 -0.0178125
v -0.085681815 -0.164536125 -0.0178125
v -0.098068185 -0.164536125 -0.0178125
v -0.085810005 -0.164647395 -0.0178125
v -0.097939995 -0.164647395 -0.0178125
v -0.0859398 -0.16475601 -0.0178125
v -0.0978102 -0.16475601 -0.0178125
v -0.086071065 -0.16486188 -0.0178125
v -0.097678935 -0.16486188 -0.0178125
v -0.08620371 -0.164964885 -0.0178125
v -0.09754629 -0.164964885 -0.0178125
v -0.0863376 -0.165064905 -0.0178125
v -0.0974124 -0.165064905 -0.0178125
v -0.08647311 -0.16516218 -0.0178125
v -0.09727689 -0.16516218 -0.0178125
v -0.08661108 -0.165257355 -0.0178125
v -0.09713892 -0.165257355 -0.0178125
v -0.086751435 -0.165350355 -0.0178125
v -0.096998565 -0.165350355 -0.0178125
v -0.086893995 -0.165441135 -0.0178125
v -0.096856005 -0.165441135 -0.0178125
v -0.08703864 -0.16552962 -0.0178125
v -0.09671136 -0.16552962 -0.0178125
v -0.087185205 -0.16561572 -0.0178125
v -0.096564795 -0.16561572 -0.0178125
v -0.087333555 -0.165699375 -0.0178125
v -0.096416445 -0.165699375 -0.0178125
v -0.08748354 -0.165780495 -0.0178125
v -0.09626646 -0.165780495 -0.0178125
v -0.08763501 -0.16585902 -0.0178125
v -0.09611499 -0.16585902 -0.0178125
v -0.08778783 -0.165934875 -0.0178125
v -0.09596217 -0.165934875 -0.0178125
v -0.08794185 -0.166007985 -0.0178125
v -0.09580815 -0.166007985 -0.0178125
v -0.08809692 -0.166078245 -0.0178125
v -0.09565308 -0.166078245 -0.0178125
v -0.088252905 -0.16614564 -0.0178125
v -0.095497095 -0.16614564 -0.0178125
v -0.08840964 -0.166210035 -0.0178125
v -0.09534036 -0.166210035 -0.0178125
v -0.088567005 -0.166271415 -0.0178125
v -0.095182995 -0.166271415 -0.0178125
v -0.088724835 -0.166329645 -0.0178125
v -0.095025165 -0.166329645 -0.0178125
v -0.08888298 -0.166384695 -0.0178125
v -0.09486702 -0.166384695 -0.0178125
v -0.089041455 -0.16643652 -0.0178125
v -0.094708545 -0.16643652 -0.0178125
v -0.089201415 -0.166485495 -0.0178125
v -0.094548585 -0.166485495 -0.0178125
v -0.089363025 -0.16653171 -0.0178125
v -0.094386975 -0.16653171 -0.0178125
v -0.08952612 -0.166575105 -0.0178125
v -0.09422388 -0.166575105 -0.0178125
v -0.089690535 -0.16661571 -0.0178125
v -0.094059465 -0.16661571 -0.0178125
v -0.08985612 -0.166653435 -0.0178125
v -0.09389388 -0.166653435 -0.0178125
v -0.090022695 -0.166688325 -0.0178125
v -0.093727305 -0.166688325 -0.0178125
v -0.090190125 -0.16672029 -0.0178125
v -0.093559875 -0.16672029 -0.0178125
v -0.090358215 -0.166749345 -0.0178125
v -0.093391785 -0.166749345 -0.0178125
v -0.09052683 -0.16677543 -0.0178125
v -0.09322317 -0.16677543 -0.0178125
v -0.090695805 -0.166798575 -0.0178125
v -0.093054195 -0.166798575 -0.0178125
v -0.090864975 -0.16681869 -0.0178125
v -0.092885025 -0.16681869 -0.0178125
v -0.091034175 -0.16683579 -0.0178125
v -0.092715825 -0.16683579 -0.0178125
v -0.09120324 -0.16684983 -0.0178125
v -0.09254676 -0.16684983 -0.0178125
v -0.09137202 -0.16686081 -0.0178125
v -0.09237798 -0.16686081 -0.0178125
v -0.09154035 -0.16686867 -0.0178125
v -0.09220965 -0.16686867 -0.0178125
v -0.091708065 -0.16687341 -0.0178125
v -0.092041935 -0.16687341 -0.0178125
v -0.091875 -0.166875 -0.0178125
v -0.09082032 -0.148184505 -0.0140625
v -0.09082032 -0.15594975 -0.0140625
v -0.09082605 -0.155945865 -0.013962165
v -0.090827565 -0.148183695 -0.014176875
v -0.090827775 -0.14818368 -0.013947945
v -0.090839895 -0.15593661 -0.01386477
v -0.090845475 -0.1481817 -0.01383825
v -0.090862005 -0.155922195 -0.013770345
v -0.09087339 -0.148178655 -0.01373343
v -0.090892605 -0.155902965 -0.013678875
v -0.090911535 -0.148174635 -0.01363347
v -0.09093225 -0.15587925 -0.013589985
v -0.090960645 -0.148169685 -0.013537515
v -0.09098289 -0.15585084 -0.01350159
v -0.0910215 -0.14816394 -0.013444575
v -0.091043325 -0.15581955 -0.013415865
v -0.091092 -0.14815776 -0.013357305
v -0.091111575 -0.155787465 -0.01333581
v -0.091169835 -0.148151565 -0.013278555
v -0.091185465 -0.155756385 -0.01326447
v -0.09125343 -0.148145625 -0.013210545
v -0.09126528 -0.155726895 -0.01320213
v -0.091345935 -0.14813994 -0.013150935
v -0.091353285 -0.15569904 -0.01314639
v -0.09144546 -0.14813484 -0.01310025
v -0.09144741 -0.15567441 -0.013098705
v -0.09154527 -0.15565422 -0.01306059
v -0.09154887 -0.148130685 -0.01305993
v -0.091644705 -0.15563919 -0.01303347
v -0.09165306 -0.148127625 -0.01303143
v -0.091748115 -0.15562929 -0.013016445
v -0.091760565 -0.148125705 -0.01301451
v -0.09185469 -0.15562512 -0.01300923
v -0.091871475 -0.148125 -0.01300857
v -0.091961715 -0.15562701 -0.01301211
v -0.091982505 -0.148125615 -0.0130137
v -0.092066505 -0.155634795 -0.0130254
v -0.092090355 -0.148127475 -0.01303002
v -0.09216837 -0.155648085 -0.01304976
v -0.09219519 -0.14813046 -0.01305816
v -0.09226995 -0.155667075 -0.013085595
v -0.09229959 -0.148134615 -0.01309827
v -0.09236841 -0.15569109 -0.013131495
v -0.092400255 -0.148139715 -0.013148895
v -0.092460825 -0.15571887 -0.01318596
v -0.092493795 -0.148145445 -0.013208565
v -0.092544495 -0.1557486 -0.013247565
v -0.09257817 -0.1481514 -0.013276785
v -0.09262194 -0.15578019 -0.01331874
v -0.09265671 -0.14815764 -0.013356015
v -0.092693595 -0.15581313 -0.01339914
v -0.092727795 -0.148163865 -0.013443855
v -0.092757135 -0.15584547 -0.013485735
v -0.09278913 -0.14816967 -0.013537305
v -0.092810445 -0.15587502 -0.01357551
v -0.092838555 -0.14817465 -0.013633545
v -0.09285225 -0.1558998 -0.01366629
v -0.09287688 -0.148178685 -0.013733655
v -0.092884605 -0.155920035 -0.013760145
v -0.09290484 -0.14818173 -0.013838505
v -0.092908155 -0.15593532 -0.013857465
v -0.092922435 -0.148183695 -0.013948125
v -0.09292314 -0.155945325 -0.01395825
v -0.092929695 -0.15594975 -0.0140625
v -0.092929695 -0.148184505 -0.0140625
v -0.09292335 -0.15594546 -0.01416447
v -0.092922225 -0.14818368 -0.014177055
v -0.092908995 -0.155935875 -0.01426314
v -0.092904525 -0.1481817 -0.01428675
v -0.09288642 -0.15592119 -0.014358525
v -0.09287661 -0.148178655 -0.01439157
v -0.092855445 -0.15590178 -0.01445061
v -0.092838465 -0.148174635 -0.01449153
v -0.0928155 -0.155877945 -0.01453974
v -0.092789355 -0.148169685 -0.014587485
v -0.092764665 -0.155849505 -0.014627835
v -0.0927285 -0.14816394 -0.014680425
v -0.092704125 -0.155818275 -0.0147129
v -0.092658 -0.14815776 -0.014767695
v -0.0926358 -0.155786295 -0.014792175
v -0.092580165 -0.148151565 -0.014846445
v -0.09256182 -0.15575532 -0.014862885
v -0.09249657 -0.148145625 -0.014914455
v -0.09248187 -0.15572592 -0.014924835
v -0.092404065 -0.14813994 -0.014974065
v -0.09239373 -0.155698185 -0.01498023
v -0.09230454 -0.14813484 -0.01502475
v -0.0922995 -0.155673675 -0.015027615
v -0.09220113 -0.148130685 -0.01506507
v -0.092201535 -0.15565365 -0.01506543
v -0.09210207 -0.1556388 -0.01509225
v -0.09209694 -0.148127625 -0.01509357
v -0.091998675 -0.15562908 -0.01510893
v -0.091989435 -0.148125705 -0.01511049
v -0.091892145 -0.155625075 -0.01511583
v -0.091878525 -0.148125 -0.01511643
v -0.09178518 -0.155627145 -0.015112635
v -0.091767495 -0.148125615 -0.0151113
v -0.091680525 -0.15563511 -0.015099045
v -0.091659645 -0.148127475 -0.01509498
v -0.09157884 -0.155648535 -0.01507443
v -0.09155481 -0.14813046 -0.01506684
v -0.09147747 -0.15566763 -0.0150384
v -0.09145041 -0.148134615 -0.01502673
v -0.09137925 -0.15569172 -0.01499232
v -0.091349745 -0.148139715 -0.014976105
v -0.09128709 -0.15571956 -0.014937675
v -0.091256205 -0.148145445 -0.014916435
v -0.09120363 -0.15574932 -0.014875875
v -0.09117183 -0.1481514 -0.014848215
v -0.091126365 -0.15578094 -0.01480443
v -0.09109329 -0.14815764 -0.014768985
v -0.09105486 -0.15581388 -0.01472373
v -0.091022205 -0.148163865 -0.014681145
v -0.09099147 -0.15584622 -0.01463688
v -0.09096087 -0.14816967 -0.014587695
v -0.09093834 -0.155875725 -0.014547015
v -0.090911445 -0.14817465 -0.014491455
v -0.090896745 -0.15590043 -0.014456415
v -0.09087312 -0.148178685 -0.014391345
v -0.0908646 -0.15592053 -0.01436289
v -0.09084516 -0.14818173 -0.014286495
v -0.090841305 -0.15593568 -0.014266065
v -0.09082659 -0.155945505 -0.01416594
f 1 2 3
f 1 4 2
f 1 3 5
f 5 3 6
f 5 6 7
f 8 5 7
f 8 7 9
f 8 9 10
f 11 8 10
f 11 10 12
f 11 12 13
f 14 11 13
f 14 13 15
f 14 15 16
f 14 16 17
f 18 14 17
f 18 17 19
f 18 19 20
f 21 18 20
f 21 20 22
f 21 22 23
f 21 23 24
f 25 21 24
f 25 24 26
f 25 26 27
f 25 27 28
f 29 25 28
f 29 28 30
f 29 30 31
f 29 31 32
f 33 29 32
f 33 32 34
f 33 34 35
f 33 35 36
f 37 33 36
f 37 36 38
f 37 38 39
f 37 39 40
f 37 40 41
f 37 41 42
f 43 37 42
f 43 42 44
f 43 44 45
f 43 45 46
f 43 46 47
f 43 47 48
f 43 48 49
f 43 49 50
f 43 50 51
f 52 43 51
f 52 51 53
f 52 53 54
f 52 54 55
f 56 52 55
f 56 57 52
f 56 55 58
f 56 58 59
f 60 56 59
f 60 59 61
f 60 61 62
f 60 62 63
f 60 63 64
f 60 64 65
f 60 65 66
f 60 66 67
f 60 67 68
f 69 60 68
f 69 68 70
f 69 70 71
f 69 71 72
f 69 72 73
f 69 73 74
f 75 69 74
f 75 74 76
f 75 76 77
f 75 77 78
f 79 75 78
f 79 78 80
f 79 80 81
f 79 81 82
f 83 79 82
f 83 82 84
f 83 84 85
f 83 85 86
f 87 83 86
f 87 86 88
f 87 88 89
f 87 89 90
f 91 87 90
f 91 90 92
f 91 92 93
f 94 91 93
f 94 93 95
f 94 95 96
f 94 96 97
f 98 94 97
f 98 97 99
f 98 99 100
f 101 98 100
f 101 100 102
f 101 102 103
f 104 101 103
f 104 103 105
f 104 105 106
f 104 106 107
f 108 104 107
f 108 107 109
f 108 109 110
f 111 108 110
f 111 110 112
f 111 112 113
f 114 111 113
f 114 113 115
f 114 115 116
f 117 114 116
f 117 116 118
f 117 118 119
f 117 119 120
f 121 117 120
f 121 120 122
f 121 122 123
f 124 121 123
f 124 123 125
f 124 125 126
f 124 126 127
f 128 124 127
f 128 127 129
f 128 129 130
f 128 130 131
f 132 128 131
f 132 131 133
f 132 133 134
f 132 134 135
f 136 132 135
f 136 135 137
f 136 137 138
f 136 138 139
f 140 136 139
f 140 139 141
f 140 141 142
f 140 142 143
f 140 143 144
f 140 144 145
f 146 140 145
f 146 145 147
f 146 147 148
f 146 148 149
f 146 149 150
f 146 150 151
f 146 151 152
f 146 152 153
f 146 153 154
f 155 146 154
f 155 154 156
f 155 156 157
f 155 157 158
f 159 155 158
f 159 160 155
f 159 158 161
f 159 161 162
f 163 159 162
f 163 162 164
f 163 164 165
f 163 165 166
f 163 166 167
f 163 167 168
f 163 168 169
f 163 169 170
f 163 170 171
f 172 163 171
f 172 171 173
f 172 173 174
f 172 174 175
f 172 175 176
f 172 176 177
f 178 172 177
f 178 177 179
f 178 179 180
f 178 180 181
f 182 178 181
f 182 181 183
f 182 183 184
f 182 184 185
f 186 182 185
f 186 185 187
f 186 187 188
f 186 188 189
f 190 186 189
f 190 189 191
f 190 191 192
f 190 192 193
f 194 190 193
f 194 193 195
f 194 195 196
f 197 194 196
f 197 196 198
f 197 198 199
f 197 199 200
f 201 197 200
f 201 200 202
f 201 202 203
f 204 201 203
f 204 203 205
f 204 205 206
f 1 204 206
f 1 206 4
f 159 207 160
f 207 208 160
f 207 209 208
f 209 210 208
f 209 211 210
f 211 212 210
f 211 213 212
f 213 214 212
f 213 215 214
f 215 216 214
f 215 217 216
f 217 218 216
f 217 219 218
f 219 220 218
f 219 221 220
f 221 222 220
f 221 223 222
f 223 224 222
f 223 225 224
f 225 226 224
f 225 227 226
f 227 228 226
f 227 229 228
f 229 230 228
f 229 231 230
f 231 232 230
f 231 233 232
f 233 234 232
f 233 235 234
f 235 236 234
f 235 237 236
f 237 238 236
f 237 239 238
f 239 240 238
f 239 241 240
f 241 242 240
f 241 243 242
f 243 244 242
f 243 245 244
f 245 246 244
f 247 246 245
f 247 248 246
f 247 245 249
f 250 247 249
f 251 250 249
f 252 251 249
f 253 252 249
f 254 253 249
f 254 249 255
f 256 254 255
f 257 256 255
f 257 255 258
f 259 257 258
f 260 259 258
f 260 258 261
f 262 260 261
f 263 262 261
f 263 261 264
f 265 263 264
f 266 265 264
f 266 264 267
f 268 266 267
f 269 268 267
f 269 267 270
f 271 269 270
f 272 271 270
f 273 272 270
f 273 270 274
f 275 273 274
f 275 274 276
f 276 274 277
f 274 278 277
f 279 276 277
f 280 279 277
f 281 280 277
f 281 277 282
f 283 281 282
f 284 283 282
f 285 284 282
f 285 282 286
f 287 285 286
f 288 287 286
f 288 286 289
f 290 288 289
f 291 290 289
f 291 289 292
f 293 291 292
f 294 293 292
f 294 292 295
f 296 294 295
f 297 296 295
f 297 295 298
f 299 297 298
f 300 299 298
f 300 298 246
f 301 300 246
f 302 301 246
f 248 302 246
f 274 303 278
f 303 304 278
f 303 305 304
f 305 306 304
f 305 307 306
f 307 308 306
f 307 309 308
f 309 310 308
f 309 311 310
f 311 312 310
f 311 313 312
f 313 314 312
f 313 315 314
f 315 316 314
f 315 317 316
f 317 318 316
f 317 319 318
f 319 320 318
f 319 321 320
f 321 322 320
f 321 323 322
f 323 324 322
f 323 325 324
f 325 326 324
f 325 327 326
f 327 328 326
f 327 329 328
f 329 330 328
f 329 331 330
f 331 332 330
f 331 333 332
f 333 334 332
f 333 335 334
f 335 336 334
f 335 337 336
f 337 338 336
f 337 339 338
f 339 340 338
f 339 341 340
f 341 342 340
f 341 343 342
f 343 344 342
f 343 345 344
f 345 346 344
f 345 347 346
f 347 348 346
f 347 349 348
f 349 350 348
f 349 351 350
f 351 352 350
f 351 353 352
f 353 354 352
f 353 355 354
f 355 356 354
f 355 357 356
f 357 358 356
f 357 359 358
f 359 360 358
f 359 361 360
f 361 362 360
f 361 363 362
f 363 364 362
f 363 365 364
f 365 366 364
f 365 367 366
f 367 368 366
f 367 369 368
f 369 370 368
f 369 371 370
f 371 372 370
f 371 373 372
f 373 374 372
f 373 375 374
f 375 376 374
f 375 377 376
f 377 378 376
f 377 379 378
f 379 380 378
f 379 381 380
f 381 382 380
f 381 383 382
f 383 384 382
f 383 385 384
f 385 386 384
f 385 387 386
f 387 388 386
f 387 389 388
f 389 390 388
f 389 391 390
f 391 392 390
f 391 393 392
f 393 394 392
f 393 395 394
f 56 396 57
f 396 397 57
f 396 398 397
f 398 399 397
f 398 400 399
f 400 401 399
f 400 402 401
f 402 403 401
f 402 404 403
f 404 405 403
f 404 406 405
f 406 407 405
f 406 408 407
f 408 409 407
f 408 410 409
f 410 411 409
f 410 412 411
f 412 413 411
f 412 414 413
f 414 415 413
f 414 416 415
f 416 417 415
f 416 418 417
f 418 419 417
f 418 420 419
f 420 421 419
f 420 422 421
f 422 423 421
f 422 424 423
f 424 425 423
f 424 426 425
f 426 427 425
f 426 428 427
f 428 429 427
f 428 430 429
f 430 431 429
f 430 432 431
f 432 433 431
f 432 434 433
f 434 435 433
f 434 436 435
f 436 437 435
f 436 438 437
f 438 439 437
f 438 440 439
f 440 441 439
f 440 442 441
f 442 443 441
f 442 444 443
f 444 445 443
f 444 446 445
f 446 447 445
f 446 448 447
f 448 449 447
f 448 450 449
f 450 451 449
f 450 452 451
f 452 453 451
f 452 454 453
f 454 455 453
f 454 456 455
f 456 457 455
f 456 458 457
f 458 459 457
f 458 460 459
f 460 461 459
f 460 462 461
f 462 463 461
f 462 464 463
f 464 465 463
f 464 466 465
f 466 467 465
f 466 468 467
f 468 469 467
f 468 470 469
f 470 471 469
f 470 472 471
f 472 473 471
f 472 474 473
f 474 475 473
f 474 476 475
f 476 477 475
f 476 478 477
f 478 479 477
f 478 480 479
f 480 481 479
f 480 482 481
f 482 483 481
f 482 484 483
f 484 485 483
f 484 486 485
f 486 487 485
f 486 488 487
f 488 489 487
f 488 490 489
f 490 491 489
f 490 492 491
f 492 493 491
f 492 494 493
f 494 495 493
f 494 496 495
f 496 497 495
f 496 498 497
f 498 499 497
f 498 500 499
f 500 501 499
f 500 502 501
f 502 503 501
f 502 504 503
f 504 505 503
f 504 506 505
f 506 507 505
f 506 508 507
f 508 509 507
f 508 510 509
f 510 511 509
f 510 512 511
f 512 513 511
f 512 514 513
f 514 515 513
f 514 516 515
f 516 517 515
f 516 518 517
f 518 519 517
f 518 520 519
f 520 521 519
f 520 522 521
f 522 523 521
f 522 524 523
f 524 525 523
f 524 526 525
f 526 527 525
f 526 528 527
f 528 529 527
f 528 530 529
f 530 531 529
f 530 532 531
f 532 533 531
f 532 534 533
f 534 535 533
f 534 536 535
f 536 537 535
f 536 538 537
f 538 539 537
f 538 540 539
f 540 541 539
f 540 542 541
f 542 543 541
f 542 544 543
f 545 546 547
f 548 546 545
f 549 545 547
f 549 547 550
f 549 550 551
f 551 550 552
f 551 552 553
f 553 552 554
f 553 554 555
f 555 554 556
f 555 556 557
f 557 556 558
f 557 558 559
f 559 558 560
f 559 560 561
f 561 560 562
f 561 562 563
f 563 562 564
f 563 564 565
f 565 564 566
f 565 566 567
f 567 566 568
f 567 568 569
f 569 568 570
f 569 570 571
f 571 570 572
f 571 572 573
f 573 572 574
f 573 574 575
f 575 574 576
f 575 576 577
f 577 576 578
f 577 578 579
f 579 578 580
f 579 580 581
f 581 580 582
f 581 582 583
f 583 582 584
f 583 584 585
f 585 584 586
f 585 586 587
f 587 586 588
f 587 588 589
f 589 588 590
f 589 590 591
f 591 590 592
f 591 592 593
f 593 592 594
f 593 594 595
f 595 594 596
f 595 596 597
f 597 596 598
f 597 598 599
f 599 598 600
f 599 600 601
f 601 600 602
f 601 602 603
f 603 602 604
f 603 604 605
f 605 604 606
f 605 606 607
f 607 606 608
f 607 608 609
f 609 608 610
f 609 610 611
f 611 610 612
f 611 612 613
f 613 612 614
f 613 614 615
f 615 614 616
f 615 616 617
f 617 616 618
f 617 618 619
f 619 618 620
f 619 620 621
f 621 620 622
f 621 622 623
f 623 622 624
f 623 624 625
f 625 624 626
f 625 626 627
f 627 626 628
f 627 628 629
f 629 628 630
f 629 630 631
f 631 630 632
f 631 632 633
f 633 632 634
f 633 634 635
f 635 634 636
f 635 636 637
f 637 636 638
f 637 638 639
f 639 638 640
f 639 640 641
f 641 640 642
f 641 642 643
f 643 642 644
f 643 644 645
f 645 644 646
f 645 646 647
f 647 646 648
f 647 648 649
f 649 648 650
f 649 650 651
f 651 650 652
f 651 652 653
f 653 652 654
f 653 654 655
f 655 654 656
f 655 656 657
f 657 656 658
f 657 658 659
f 659 658 660
f 659 660 661
f 661 660 662
f 661 662 663
f 663 662 664
f 663 664 665
f 665 664 666
f 665 666 667
f 667 666 668
f 667 668 669
f 669 668 670
f 669 670 671
f 671 670 672
f 671 672 673
f 673 672 674
f 673 674 675
f 675 674 676
f 675 676 677
f 677 676 678
f 677 678 679
f 679 678 680
f 679 680 681
f 681 680 682
f 681 682 683
f 683 682 684
f 683 684 685
f 685 684 686
f 685 686 687
f 687 686 688
f 687 688 689
f 689 688 690
f 689 690 691
f 691 690 692
f 691 692 693
f 693 692 694
f 693 694 695
f 695 694 696
f 695 696 697
f 697 696 698
f 697 698 699
f 699 698 700
f 699 700 701
f 701 700 702
f 701 702 703
f 703 702 704
f 703 704 705
f 705 704 706
f 705 706 707
f 707 706 708
f 707 708 709
f 709 708 710
f 709 710 711
f 711 710 712
f 711 712 713
f 713 712 714
f 713 714 715
f 715 714 716
f 715 716 717
f 717 716 718
f 717 718 719
f 719 718 720
f 719 720 721
f 721 720 722
f 721 722 723
f 723 722 724
f 723 724 725
f 725 724 726
f 725 726 727
f 727 726 728
f 727 728 729
f 729 728 730
f 729 730 731
f 731 730 732
f 731 732 733
f 733 732 734
f 733 734 735
f 735 734 736
f 735 736 737
f 737 736 738
f 737 738 739
f 739 738 740
f 739 740 741
f 741 740 742
f 741 742 743
f 743 742 744
f 743 744 745
f 745 744 746
f 745 746 747
f 747 746 748
f 747 748 749
f 749 748 750
f 749 750 751
f 752 751 750
f 753 751 752
f 752 750 754
f 755 752 754
f 756 755 754
f 757 756 754
f 758 757 754
f 758 754 759
f 760 758 759
f 761 760 759
f 761 759 762
f 763 761 762
f 763 762 764
f 765 763 764
f 765 764 766
f 767 765 766
f 767 766 768
f 769 767 768
f 769 768 770
f 771 769 770
f 771 770 772
f 771 772 773
f 774 771 773
f 774 773 775
f 776 774 775
f 776 775 777
f 778 776 777
f 778 777 779
f 778 779 780
f 781 778 780
f 781 780 782
f 783 781 782
f 783 782 784
f 783 784 785
f 786 783 785
f 786 785 787
f 788 786 787
f 788 787 789
f 790 788 789
f 790 789 791
f 790 791 792
f 793 790 792
f 793 792 794
f 795 793 794
f 795 794 796
f 797 795 796
f 797 796 798
f 797 798 799
f 800 797 799
f 800 799 801
f 802 800 801
f 802 801 803
f 804 802 803
f 804 803 805
f 806 804 805
f 806 805 807
f 808 806 807
f 809 808 807
f 809 807 810
f 811 809 810
f 811 810 812
f 813 811 812
f 814 813 812
f 815 814 812
f 815 812 816
f 816 812 817
f 815 816 818
f 819 815 818
f 820 819 818
f 821 820 818
f 822 821 818
f 822 818 823
f 824 822 823
f 825 824 823
f 825 823 826
f 827 825 826
f 827 826 828
f 829 827 828
f 829 828 830
f 831 829 830
f 831 830 832
f 833 831 832
f 833 832 834
f 833 834 835
f 836 833 835
f 836 835 837
f 838 836 837
f 838 837 839
f 840 838 839
f 840 839 841
f 842 840 841
f 842 841 843
f 842 843 844
f 845 842 844
f 845 844 846
f 847 845 846
f 847 846 848
f 847 848 849
f 850 847 849
f 850 849 851
f 852 850 851
f 852 851 853
f 854 852 853
f 854 853 855
f 854 855 856
f 857 854 856
f 857 856 858
f 859 857 858
f 859 858 860
f 861 859 860
f 861 860 862
f 861 862 863
f 864 861 863
f 864 863 865
f 866 864 865
f 866 865 867
f 868 866 867
f 868 867 869
f 870 868 869
f 870 869 871
f 872 870 871
f 873 872 871
f 873 871 874
f 875 873 874
f 875 874 751
f 876 875 751
f 753 876 751
f 816 817 877
f 877 817 878
f 877 878 879
f 879 878 880
f 879 880 881
f 881 880 882
f 881 882 883
f 883 882 884
f 883 884 885
f 885 884 886
f 885 886 887
f 887 886 888
f 887 888 889
f 889 888 890
f 889 890 891
f 891 890 892
f 891 892 893
f 893 892 894
f 893 894 895
f 895 894 896
f 895 896 897
f 897 896 898
f 897 898 899
f 899 898 900
f 899 900 901
f 901 900 902
f 901 902 903
f 903 902 904
f 903 904 905
f 905 904 906
f 905 906 907
f 907 906 908
f 907 908 909
f 909 908 910
f 909 910 911
f 911 910 912
f 911 912 913
f 913 912 914
f 913 914 915
f 915 914 916
f 915 916 917
f 917 916 918
f 917 918 919
f 919 918 920
f 919 920 548
f 548 920 546
f 921 922 923
f 924 922 921
f 925 921 923
f 925 923 926
f 925 926 927
f 927 926 928
f 927 928 929
f 929 928 930
f 929 930 931
f 931 930 932
f 931 932 933
f 933 932 934
f 933 934 935
f 935 934 936
f 935 936 937
f 937 936 938
f 937 938 939
f 939 938 940
f 939 940 941
f 941 940 942
f 941 942 943
f 943 942 944
f 943 944 945
f 945 944 946
f 945 946 947
f 947 946 948
f 947 948 949
f 949 948 950
f 949 950 951
f 951 950 952
f 951 952 953
f 953 952 954
f 953 954 955
f 955 954 956
f 955 956 957
f 957 956 958
f 957 958 959
f 959 958 960
f 959 960 961
f 961 960 962
f 961 962 963
f 963 962 964
f 963 964 965
f 965 964 966
f 965 966 967
f 967 966 968
f 967 968 969
f 969 968 970
f 969 970 971
f 971 970 972
f 971 972 973
f 973 972 974
f 973 974 975
f 975 974 976
f 975 976 977
f 977 976 978
f 977 978 979
f 979 978 980
f 979 980 981
f 981 980 982
f 981 982 983
f 983 982 984
f 983 984 985
f 985 984 986
f 985 986 987
f 987 986 988
f 987 988 989
f 989 988 990
f 989 990 991
f 991 990 992
f 991 992 993
f 993 992 994
f 993 994 995
f 995 994 996
f 995 996 997
f 997 996 998
f 997 998 999
f 999 998 1000
f 999 1000 1001
f 1001 1000 1002
f 1001 1002 1003
f 1003 1002 1004
f 1003 1004 1005
f 1005 1004 1006
f 1005 1006 1007
f 1007 1006 1008
f 1007 1008 1009
f 1009 1008 1010
f 1009 1010 1011
f 1011 1010 1012
f 1011 1012 1013
f 1013 1012 1014
f 1013 1014 1015
f 1015 1014 1016
f 1015 1016 1017
f 1017 1016 1018
f 1017 1018 1019
f 1019 1018 1020
f 1019 1020 1021
f 1021 1020 1022
f 1021 1022 1023
f 1023 1022 1024
f 1023 1024 1025
f 1025 1024 1026
f 1025 1026 1027
f 1027 1026 1028
f 1027 1028 1029
f 1029 1028 1030
f 1029 1030 1031
f 1031 1030 1032
f 1031 1032 1033
f 1033 1032 1034
f 1033 1034 1035
f 1035 1034 1036
f 1035 1036 1037
f 1037 1036 1038
f 1037 1038 1039
f 1039 1038 1040
f 1039 1040 1041
f 1041 1040 1042
f 1041 1042 1043
f 1043 1042 1044
f 1043 1044 1045
f 1045 1044 1046
f 1045 1046 1047
f 1047 1046 1048
f 1047 1048 1049
f 1049 1048 1050
f 1049 1050 1051
f 1051 1050 1052
f 1051 1052 1053
f 1053 1052 1054
f 1053 1054 1055
f 1055 1054 1056
f 1055 1056 1057
f 1057 1056 1058
f 1057 1058 1059
f 1059 1058 1060
f 1059 1060 1061
f 1061 1060 1062
f 1061 1062 1063
f 1063 1062 1064
f 1063 1064 1065
f 1065 1064 1066
f 1065 1066 1067
f 1067 1066 1068
f 1067 1068 1069
f 1069 1068 1070
f 1069 1070 1071
f 1071 1070 1072
f 1071 1072 1073
f 1073 1072 1074
f 1073 1074 1075
f 1075 1074 1076
f 1075 1076 1077
f 1077 1076 1078
f 1077 1078 1079
f 1079 1078 1080
f 1079 1080 1081
f 1081 1080 1082
f 1081 1082 1083
f 1083 1082 1084
f 1085 1083 1084
f 1086 1083 1085
f 1087 1085 1084
f 1088 1087 1084
f 1089 1088 1084
f 1089 1084 1090
f 1091 1089 1090
f 1092 1091 1090
f 1093 1092 1090
f 1094 1093 1090
f 1094 1090 1095
f 1096 1094 1095
f 1097 1096 1095
f 1097 1095 1098
f 1099 1097 1098
f 1100 1099 1098
f 1100 1098 1101
f 1102 1100 1101
f 1102 1101 1103
f 1104 1102 1103
f 1105 1104 1103
f 1105 1103 1106
f 1107 1105 1106
f 1107 1106 1108
f 1109 1107 1108
f 1110 1109 1108
f 1110 1108 1111
f 1112 1110 1111
f 1113 1112 1111
f 1113 1111 1114
f 1115 1113 1114
f 1115 1114 1116
f 1117 1115 1116
f 1118 1117 1116
f 1118 1116 1119
f 1120 1118 1119
f 1121 1120 1119
f 1121 1119 1122
f 1123 1121 1122
f 1124 1123 1122
f 1125 1124 1122
f 1126 1125 1122
f 1126 1122 1127
f 1128 1126 1127
f 1129 1128 1127
f 1129 1127 1130
f 1130 1127 1131
f 1132 1129 1130
f 1133 1132 1130
f 1134 1133 1130
f 1134 1130 1135
f 1136 1134 1135
f 1137 1136 1135
f 1138 1137 1135
f 1139 1138 1135
f 1139 1135 1140
f 1141 1139 1140
f 1142 1141 1140
f 1142 1140 1143
f 1144 1142 1143
f 1145 1144 1143
f 1145 1143 1146
f 1147 1145 1146
f 1147 1146 1148
f 1149 1147 1148
f 1150 1149 1148
f 1150 1148 1151
f 1152 1150 1151
f 1152 1151 1153
f 1154 1152 1153
f 1155 1154 1153
f 1155 1153 1156
f 1157 1155 1156
f 1158 1157 1156
f 1158 1156 1159
f 1160 1158 1159
f 1160 1159 1161
f 1162 1160 1161
f 1163 1162 1161
f 1163 1161 1164
f 1165 1163 1164
f 1166 1165 1164
f 1166 1164 1167
f 1168 1166 1167
f 1169 1168 1167
f 1170 1169 1167
f 1171 1170 1167
f 1171 1167 1083
f 1086 1171 1083
f 1131 1127 1172
f 1131 1172 1173
f 1173 1172 1174
f 1173 1174 1175
f 1175 1174 1176
f 1175 1176 1177
f 1177 1176 1178
f 1177 1178 1179
f 1179 1178 1180
f 1179 1180 1181
f 1181 1180 1182
f 1181 1182 1183
f 1183 1182 1184
f 1183 1184 1185
f 1185 1184 1186
f 1185 1186 1187
f 1187 1186 1188
f 1187 1188 1189
f 1189 1188 1190
f 1189 1190 1191
f 1191 1190 1192
f 1191 1192 1193
f 1193 1192 1194
f 1193 1194 1195
f 1195 1194 1196
f 1195 1196 1197
f 1197 1196 1198
f 1197 1198 1199
f 1199 1198 1200
f 1199 1200 1201
f 1201 1200 1202
f 1201 1202 1203
f 1203 1202 1204
f 1203 1204 1205
f 1205 1204 1206
f 1205 1206 1207
f 1207 1206 1208
f 1207 1208 1209
f 1209 1208 1210
f 1209 1210 1211
f 1211 1210 1212
f 1211 1212 1213
f 1213 1212 1214
f 1213 1214 1215
f 1215 1214 1216
f 1215 1216 1217
f 1217 1216 1218
f 1217 1218 1219
f 1219 1218 1220
f 1219 1220 1221
f 1221 1220 1222
f 1221 1222 1223
f 1223 1222 1224
f 1223 1224 1225
f 1225 1224 1226
f 1225 1226 1227
f 1227 1226 1228
f 1227 1228 1229
f 1229 1228 1230
f 1229 1230 1231
f 1231 1230 1232
f 1231 1232 1233
f 1233 1232 1234
f 1233 1234 1235
f 1235 1234 1236
f 1235 1236 1237
f 1237 1236 1238
f 1237 1238 1239
f 1239 1238 1240
f 1239 1240 1241
f 1241 1240 1242
f 1241 1242 1243
f 1243 1242 1244
f 1243 1244 1245
f 1245 1244 1246
f 1245 1246 1247
f 1247 1246 1248
f 1247 1248 1249
f 1249 1248 1250
f 1249 1250 1251
f 1251 1250 1252
f 1251 1252 1253
f 1253 1252 1254
f 1253 1254 1255
f 1255 1254 1256
f 1255 1256 1257
f 1257 1256 1258
f 1257 1258 1259
f 1259 1258 1260
f 1259 1260 1261
f 1261 1260 1262
f 1261 1262 1263
f 1263 1262 1264
f 1263 1264 1265
f 1265 1264 1266
f 1265 1266 1267
f 1267 1266 1268
f 1267 1268 1269
f 1269 1268 1270
f 1269 1270 1271
f 1271 1270 1272
f 1271 1272 1273
f 1273 1272 1274
f 1273 1274 1275
f 1275 1274 1276
f 1275 1276 1277
f 1277 1276 1278
f 1277 1278 1279
f 1279 1278 1280
f 1279 1280 1281
f 1281 1280 1282
f 1281 1282 1283
f 1283 1282 1284
f 1283 1284 1285
f 1285 1284 1286
f 1285 1286 1287
f 1287 1286 1288
f 1287 1288 1289
f 1289 1288 1290
f 1289 1290 1291
f 1291 1290 1292
f 1291 1292 1293
f 1293 1292 1294
f 1293 1294 1295
f 1295 1294 1296
f 1295 1296 1297
f 1297 1296 1298
f 1297 1298 1299
f 1299 1298 1300
f 1299 1300 1301
f 1301 1300 1302
f 1301 1302 1303
f 1303 1302 1304
f 1303 1304 1305
f 1305 1304 1306
f 1305 1306 1307
f 1307 1306 1308
f 1307 1308 1309
f 1309 1308 1310
f 1309 1310 1311
f 1311 1310 1312
f 1311 1312 1313
f 1313 1312 1314
f 1313 1314 1315
f 1315 1314 1316
f 1315 1316 1317
f 1317 1316 1318
f 1317 1318 1319
f 1319 1318 1320
f 1319 1320 1321
f 1321 1320 1322
f 1321 1322 1323
f 1323 1322 1324
f 1323 1324 1325
f 1325 1324 1326
f 1325 1326 1327
f 1327 1326 1328
f 1327 1328 1329
f 1329 1328 1330
f 1329 1330 1331
f 1331 1330 1332
f 1331 1332 1333
f 1333 1332 1334
f 1333 1334 1335
f 1335 1334 1336
f 1335 1336 1337
f 1337 1336 1338
f 1337 1338 1339
f 1339 1338 1340
f 1339 1340 1341
f 1341 1340 1342
f 1341 1342 1343
f 1343 1342 1344
f 1343 1344 1345
f 1345 1344 1346
f 1345 1346 1347
f 1347 1346 1348
f 1347 1348 1349
f 1349 1348 1350
f 1349 1350 1351
f 1351 1350 1352
f 1351 1352 1353
f 1353 1352 1354
f 1353 1354 1355
f 1355 1354 1356
f 1355 1356 1357
f 1357 1356 1358
f 1357 1358 1359
f 1359 1358 1360
f 1359 1360 1361
f 1361 1360 1362
f 1361 1362 1363
f 1363 1362 1364
f 1363 1364 1365
f 1365 1364 1366
f 1365 1366 1367
f 1367 1366 1368
f 1367 1368 1369
f 1369 1368 1370
f 1369 1370 1371
f 1371 1370 1372
f 1371 1372 1373
f 1373 1372 1374
f 1373 1374 1375
f 1375 1374 1376
f 1375 1376 1377
f 1377 1376 1378
f 1377 1378 1379
f 1379 1378 1380
f 1379 1380 1381
f 1381 1380 1382
f 1381 1382 1383
f 1383 1382 1384
f 1383 1384 1385
f 1385 1384 1386
f 1385 1386 1387
f 1387 1386 1388
f 1387 1388 1389
f 1389 1388 1390
f 1389 1390 1391
f 1391 1390 1392
f 1391 1392 1393
f 1393 1392 1394
f 1393 1394 1395
f 1395 1394 1396
f 1395 1396 1397
f 1397 1396 1398
f 1397 1398 1399
f 1399 1398 1400
f 1399 1400 1401
f 1401 1400 1402
f 1401 1402 1403
f 1403 1402 1404
f 1403 1404 1405
f 1405 1404 1406
f 1405 1406 1407
f 1407 1406 1408
f 1407 1408 1409
f 1409 1408 1410
f 1409 1410 1411
f 1411 1410 1412
f 1411 1412 1413
f 1413 1412 1414
f 1413 1414 1415
f 1415 1414 1416
f 1415 1416 1417
f 1417 1416 1418
f 1417 1418 1419
f 1419 1418 1420
f 1419 1420 1421
f 1421 1420 1422
f 1421 1422 1423
f 1423 1422 1424
f 1423 1424 1425
f 1425 1424 1426
f 1425 1426 1427
f 1427 1426 1428
f 1427 1428 1429
f 1429 1428 1430
f 1429 1430 1431
f 1431 1430 1432
f 1431 1432 1433
f 1433 1432 1434
f 1433 1434 1435
f 1435 1434 1436
f 1435 1436 1437
f 1437 1436 1438
f 1437 1438 1439
f 1439 1438 1440
f 1439 1440 1441
f 1441 1440 1442
f 1441 1442 1443
f 1443 1442 1444
f 1443 1444 1445
f 1445 1444 1446
f 1445 1446 1447
f 1447 1446 1448
f 1447 1448 1449
f 1449 1448 1450
f 1449 1450 1451
f 1451 1450 1452
f 1451 1452 1453
f 1453 1452 1454
f 1453 1454 1455
f 1455 1454 1456
f 1455 1456 1457
f 1457 1456 1458
f 1457 1458 1459
f 1459 1458 1460
f 1459 1460 1461
f 1461 1460 1462
f 1461 1462 1463
f 1463 1462 1464
f 1463 1464 1465
f 1465 1464 1466
f 1465 1466 1467
f 1467 1466 1468
f 1467 1468 1469
f 1469 1468 1470
f 1469 1470 1471
f 1471 1470 1472
f 1471 1472 1473
f 1473 1472 1474
f 1473 1474 1475
f 1475 1474 1476
f 1475 1476 1477
f 1477 1476 1478
f 1477 1478 1479
f 1479 1478 1480
f 1479 1480 1481
f 1481 1480 1482
f 1481 1482 1483
f 1483 1482 1484
f 1483 1484 1485
f 1485 1484 1486
f 1485 1486 1487
f 1487 1486 1488
f 1487 1488 1489
f 1489 1488 1490
f 1489 1490 1491
f 1491 1490 1492
f 1491 1492 1493
f 1493 1492 1494
f 1493 1494 1495
f 1495 1494 1496
f 1495 1496 1497
f 1497 1496 1498
f 1497 1498 1499
f 1499 1498 1500
f 1499 1500 1501
f 1501 1500 1502
f 1501 1502 1503
f 1503 1502 1504
f 1503 1504 1505
f 1505 1504 1506
f 1505 1506 1507
f 1507 1506 1508
f 1507 1508 1509
f 1509 1508 1510
f 1509 1510 1511
f 1511 1510 1512
f 1511 1512 1513
f 1513 1512 1514
f 1513 1514 1515
f 1515 1514 1516
f 1515 1516 1517
f 1517 1516 1518
f 1517 1518 1519
f 1519 1518 1520
f 1519 1520 1521
f 1521 1520 1522
f 1521 1522 1523
f 1523 1522 1524
f 1523 1524 1525
f 1525 1524 1526
f 1525 1526 1527
f 1527 1526 1528
f 1527 1528 1529
f 1529 1528 1530
f 1529 1530 1531
f 1531 1530 1532
f 1531 1532 1533
f 1533 1532 1534
f 1533 1534 1535
f 1535 1534 1536
f 1535 1536 1537
f 1537 1536 1538
f 1537 1538 1539
f 1539 1538 1540
f 1539 1540 1541
f 1541 1540 1542
f 1541 1542 1543
f 1543 1542 1544
f 1543 1544 1545
f 1545 1544 1546
f 1545 1546 1547
f 1547 1546 1548
f 1547 1548 1549
f 1549 1548 1550
f 1549 1550 1551
f 1551 1550 1552
f 1551 1552 1553
f 1553 1552 1554
f 1553 1554 1555
f 1555 1554 1556
f 1555 1556 1557
f 1557 1556 1558
f 1557 1558 1559
f 1559 1558 1560
f 1559 1560 1561
f 1561 1560 1562
f 1561 1562 1563
f 1563 1562 1564
f 1563 1564 1565
f 1565 1564 1566
f 1565 1566 1567
f 1567 1566 1568
f 1567 1568 1569
f 1569 1568 1570
f 1569 1570 1571
f 1571 1570 1572
f 1571 1572 1573
f 1573 1572 1574
f 1573 1574 1575
f 1575 1574 1576
f 1575 1576 1577
f 1577 1576 1578
f 1577 1578 1579
f 1579 1578 1580
f 1579 1580 1581
f 1581 1580 1582
f 1581 1582 1583
f 1583 1582 1584
f 1583 1584 1585
f 1585 1584 1586
f 1585 1586 1587
f 1587 1586 1588
f 1587 1588 1589
f 1589 1588 1590
f 1589 1590 1591
f 1591 1590 1592
f 1591 1592 1593
f 1593 1592 1594
f 1593 1594 1595
f 1595 1594 1596
f 1595 1596 1597
f 1597 1596 1598
f 1597 1598 1599
f 1599 1598 1600
f 1599 1600 1601
f 1601 1600 1602
f 1601 1602 1603
f 1603 1602 1604
f 1603 1604 1605
f 1605 1604 1606
f 1605 1606 1607
f 1607 1606 1608
f 1607 1608 1609
f 1609 1608 1610
f 1609 1610 1611
f 1611 1610 1612
f 1611 1612 1613
f 1613 1612 1614
f 1613 1614 1615
f 1615 1614 1616
f 1615 1616 1617
f 1617 1616 1618
f 1617 1618 1619
f 1619 1618 1620
f 1619 1620 1621
f 1621 1620 1622
f 1621 1622 1623
f 1623 1622 1624
f 1623 1624 1625
f 1625 1624 1626
f 1625 1626 1627
f 1627 1626 1628
f 1627 1628 1629
f 1629 1628 1630
f 1629 1630 1631
f 1631 1630 1632
f 1631 1632 1633
f 1633 1632 1634
f 1633 1634 1635
f 1635 1634 1636
f 1635 1636 1637
f 1637 1636 1638
f 1637 1638 1639
f 1639 1638 1640
f 1639 1640 1641
f 1641 1640 1642
f 1641 1642 1643
f 1643 1642 1644
f 1643 1644 1645
f 1645 1644 1646
f 1645 1646 1647
f 1647 1646 1648
f 1647 1648 1649
f 1649 1648 1650
f 1649 1650 1651
f 1651 1650 1652
f 1651 1652 1653
f 1653 1652 1654
f 1653 1654 1655
f 1655 1654 1656
f 1655 1656 1657
f 1657 1656 1658
f 1657 1658 1659
f 1659 1658 1660
f 1659 1660 1661
f 1661 1660 1662
f 1661 1662 1663
f 1663 1662 1664
f 1663 1664 1665
f 1665 1664 1666
f 1665 1666 1667
f 1667 1666 1668
f 1667 1668 1669
f 1669 1668 1670
f 1669 1670 1671
f 1671 1670 1672
f 1671 1672 1673
f 1673 1672 1674
f 1673 1674 1675
f 1675 1674 1676
f 1675 1676 924
f 924 1676 922
f 1677 1678 1679
f 1680 1678 1677
f 1681 1677 1679
f 1681 1679 1682
f 1681 1682 1683
f 1683 1682 1684
f 1683 1684 1685
f 1685 1684 1686
f 1685 1686 1687
f 1687 1686 1688
f 1687 1688 1689
f 1689 1688 1690
f 1689 1690 1691
f 1691 1690 1692
f 1691 1692 1693
f 1693 1692 1694
f 1693 1694 1695
f 1695 1694 1696
f 1695 1696 1697
f 1697 1696 1698
f 1697 1698 1699
f 1699 1698 1700
f 1699 1700 1701
f 1701 1700 1702
f 1701 1702 1703
f 1703 1702 1704
f 1703 1704 1705
f 1705 1704 1706
f 1705 1706 1707
f 1707 1706 1708
f 1707 1708 1709
f 1709 1708 1710
f 1709 1710 1711
f 1711 1710 1712
f 1711 1712 1713
f 1713 1712 1714
f 1713 1714 1715
f 1715 1714 1716
f 1715 1716 1717
f 1717 1716 1718
f 1717 1718 1719
f 1719 1718 1720
f 1719 1720 1721
f 1721 1720 1722
f 1721 1722 1723
f 1723 1722 1724
f 1723 1724 1725
f 1725 1724 1726
f 1725 1726 1727
f 1727 1726 1728
f 1727 1728 1729
f 1729 1728 1730
f 1729 1730 1731
f 1731 1730 1732
f 1731 1732 1733
f 1733 1732 1734
f 1733 1734 1735
f 1735 1734 1736
f 1735 1736 1737
f 1737 1736 1738
f 1737 1738 1739
f 1739 1738 1740
f 1739 1740 1741
f 1741 1740 1742
f 1741 1742 1743
f 1743 1742 1744
f 1743 1744 1745
f 1745 1744 1746
f 1745 1746 1747
f 1747 1746 1748
f 1747 1748 1749
f 1749 1748 1750
f 1749 1750 1751
f 1751 1750 1752
f 1751 1752 1753
f 1753 1752 1754
f 1753 1754 1755
f 1755 1754 1756
f 1755 1756 1680
f 1680 1756 1678
f 1757 1758 1759
f 1757 1760 1758
f 1757 1759 1761
f 1761 1759 1762
f 1761 1762 1763
f 1764 1761 1763
f 1764 1763 1765
f 1764 1765 1766
f 1767 1764 1766
f 1767 1766 1768
f 1767 1768 1769
f 1770 1767 1769
f 1770 1769 1771
f 1770 1771 1772
f 1770 1772 1773
f 1774 1770 1773
f 1774 1773 1775
f 1774 1775 1776
f 1777 1774 1776
f 1777 1776 1778
f 1777 1778 1779
f 1777 1779 1780
f 1781 1777 1780
f 1781 1780 1782
f 1781 1782 1783
f 1781 1783 1784
f 1785 1781 1784
f 1785 1784 1786
f 1785 1786 1787
f 1785 1787 1788
f 1789 1785 1788
f 1789 1788 1790
f 1789 1790 1791
f 1789 1791 1792
f 1793 1789 1792
f 1793 1792 1794
f 1793 1794 1795
f 1793 1795 1796
f 1793 1796 1797
f 1793 1797 1798
f 1799 1793 1798
f 1799 1798 1800
f 1799 1800 1801
f 1799 1801 1802
f 1799 1802 1803
f 1799 1803 1804
f 1799 1804 1805
f 1799 1805 1806
f 1799 1806 1807
f 1808 1799 1807
f 1808 1807 1809
f 1808 1809 1810
f 1808 1810 1811
f 1812 1808 1811
f 1812 1813 1808
f 1812 1811 1814
f 1812 1814 1815
f 1816 1812 1815
f 1816 1815 1817
f 1816 1817 1818
f 1816 1818 1819
f 1816 1819 1820
f 1816 1820 1821
f 1816 1821 1822
f 1816 1822 1823
f 1816 1823 1824
f 1825 1816 1824
f 1825 1824 1826
f 1825 1826 1827
f 1825 1827 1828
f 1825 1828 1829
f 1825 1829 1830
f 1831 1825 1830
f 1831 1830 1832
f 1831 1832 1833
f 1831 1833 1834
f 1835 1831 1834
f 1835 1834 1836
f 1835 1836 1837
f 1835 1837 1838
f 1839 1835 1838
f 1839 1838 1840
f 1839 1840 1841
f 1839 1841 1842
f 1843 1839 1842
f 1843 1842 1844
f 1843 1844 1845
f 1843 1845 1846
f 1847 1843 1846
f 1847 1846 1848
f 1847 1848 1849
f 1850 1847 1849
f 1850 1849 1851
f 1850 1851 1852
f 1850 1852 1853
f 1854 1850 1853
f 1854 1853 1855
f 1854 1855 1856
f 1857 1854 1856
f 1857 1856 1858
f 1857 1858 1859
f 1860 1857 1859
f 1860 1859 1861
f 1860 1861 1862
f 1860 1862 1863
f 1864 1860 1863
f 1864 1863 1865
f 1864 1865 1866
f 1867 1864 1866
f 1867 1866 1868
f 1867 1868 1869
f 1870 1867 1869
f 1870 1869 1871
f 1870 1871 1872
f 1873 1870 1872
f 1873 1872 1874
f 1873 1874 1875
f 1873 1875 1876
f 1877 1873 1876
f 1877 1876 1878
f 1877 1878 1879
f 1880 1877 1879
f 1880 1879 1881
f 1880 1881 1882
f 1880 1882 1883
f 1884 1880 1883
f 1884 1883 1885
f 1884 1885 1886
f 1884 1886 1887
f 1888 1884 1887
f 1888 1887 1889
f 1888 1889 1890
f 1888 1890 1891
f 1892 1888 1891
f 1892 1891 1893
f 1892 1893 1894
f 1892 1894 1895
f 1896 1892 1895
f 1896 1895 1897
f 1896 1897 1898
f 1896 1898 1899
f 1896 1899 1900
f 1896 1900 1901
f 1902 1896 1901
f 1902 1901 1903
f 1902 1903 1904
f 1902 1904 1905
f 1902 1905 1906
f 1902 1906 1907
f 1902 1907 1908
f 1902 1908 1909
f 1902 1909 1910
f 1911 1902 1910
f 1911 1910 1912
f 1911 1912 1913
f 1911 1913 1914
f 1915 1911 1914
f 1915 1916 1911
f 1915 1914 1917
f 1915 1917 1918
f 1919 1915 1918
f 1919 1918 1920
f 1919 1920 1921
f 1919 1921 1922
f 1919 1922 1923
f 1919 1923 1924
f 1919 1924 1925
f 1919 1925 1926
f 1919 1926 1927
f 1928 1919 1927
f 1928 1927 1929
f 1928 1929 1930
f 1928 1930 1931
f 1928 1931 1932
f 1928 1932 1933
f 1934 1928 1933
f 1934 1933 1935
f 1934 1935 1936
f 1934 1936 1937
f 1938 1934 1937
f 1938 1937 1939
f 1938 1939 1940
f 1938 1940 1941
f 1942 1938 1941
f 1942 1941 1943
f 1942 1943 1944
f 1942 1944 1945
f 1946 1942 1945
f 1946 1945 1947
f 1946 1947 1948
f 1946 1948 1949
f 1950 1946 1949
f 1950 1949 1951
f 1950 1951 1952
f 1953 1950 1952
f 1953 1952 1954
f 1953 1954 1955
f 1953 1955 1956
f 1957 1953 1956
f 1957 1956 1958
f 1957 1958 1959
f 1960 1957 1959
f 1960 1959 1961
f 1960 1961 1962
f 1757 1960 1962
f 1757 1962 1760
f 1915 1963 1916
f 1963 1964 1916
f 1963 1965 1964
f 1965 1966 1964
f 1965 1967 1966
f 1967 1968 1966
f 1967 1969 1968
f 1969 1970 1968
f 1969 1971 1970
f 1971 1972 1970
f 1971 1973 1972
f 1973 1974 1972
f 1973 1975 1974
f 1975 1976 1974
f 1975 1977 1976
f 1977 1978 1976
f 1977 1979 1978
f 1979 1980 1978
f 1979 1981 1980
f 1981 1982 1980
f 1981 1983 1982
f 1983 1984 1982
f 1983 1985 1984
f 1985 1986 1984
f 1985 1987 1986
f 1987 1988 1986
f 1987 1989 1988
f 1989 1990 1988
f 1989 1991 1990
f 1991 1992 1990
f 1991 1993 1992
f 1993 1994 1992
f 1993 1995 1994
f 1995 1996 1994
f 1995 1997 1996
f 1997 1998 1996
f 1997 1999 1998
f 1999 2000 1998
f 1999 2001 2000
f 2001 2002 2000
f 2001 2003 2002
f 2003 2004 2002
f 2003 2005 2004
f 2005 2006 2004
f 2005 2007 2006
f 2007 2008 2006
f 2007 2009 2008
f 2009 2010 2008
f 2009 2011 2010
f 2011 2012 2010
f 2011 2013 2012
f 2013 2014 2012
f 2013 2015 2014
f 2015 2016 2014
f 2015 2017 2016
f 2017 2018 2016
f 2017 2019 2018
f 2019 2020 2018
f 2019 2021 2020
f 2021 2022 2020
f 2021 2023 2022
f 2023 2024 2022
f 2023 2025 2024
f 2025 2026 2024
f 2025 2027 2026
f 2027 2028 2026
f 2027 2029 2028
f 2029 2030 2028
f 2029 2031 2030
f 2031 2032 2030
f 2031 2033 2032
f 2033 2034 2032
f 2033 2035 2034
f 2035 2036 2034
f 2035 2037 2036
f 2037 2038 2036
f 2037 2039 2038
f 2039 2040 2038
f 2039 2041 2040
f 2041 2042 2040
f 2041 2043 2042
f 2043 2044 2042
f 2043 2045 2044
f 2045 2046 2044
f 2045 2047 2046
f 2047 2048 2046
f 2047 2049 2048
f 2049 2050 2048
f 2049 2051 2050
f 2051 2052 2050
f 2051 2053 2052
f 2053 2054 2052
f 2053 2055 2054
f 2055 2056 2054
f 2055 2057 2056
f 2057 2058 2056
f 2057 2059 2058
f 2059 2060 2058
f 2059 2061 2060
f 2061 2062 2060
f 2061 2063 2062
f 2063 2064 2062
f 2063 2065 2064
f 2065 2066 2064
f 2065 2067 2066
f 2067 2068 2066
f 2067 2069 2068
f 2069 2070 2068
f 2069 2071 2070
f 2071 2072 2070
f 2071 2073 2072
f 2073 2074 2072
f 2073 2075 2074
f 2075 2076 2074
f 2075 2077 2076
f 2077 2078 2076
f 2077 2079 2078
f 2079 2080 2078
f 2079 2081 2080
f 2081 2082 2080
f 2081 2083 2082
f 2083 2084 2082
f 2083 2085 2084
f 2085 2086 2084
f 2085 2087 2086
f 2087 2088 2086
f 2087 2089 2088
f 2089 2090 2088
f 2089 2091 2090
f 2091 2092 2090
f 2091 2093 2092
f 2093 2094 2092
f 2093 2095 2094
f 2095 2096 2094
f 2095 2097 2096
f 2097 2098 2096
f 2097 2099 2098
f 2099 2100 2098
f 2099 2101 2100
f 2101 2102 2100
f 2101 2103 2102
f 2103 2104 2102
f 2103 2105 2104
f 2105 2106 2104
f 2105 2107 2106
f 2107 2108 2106
f 2107 2109 2108
f 2109 2110 2108
f 2109 2111 2110
f 1812 2112 1813
f 2112 2113 1813
f 2112 2114 2113
f 2114 2115 2113
f 2114 2116 2115
f 2116 2117 2115
f 2116 2118 2117
f 2118 2119 2117
f 2118 2120 2119
f 2120 2121 2119
f 2120 2122 2121
f 2122 2123 2121
f 2122 2124 2123
f 2124 2125 2123
f 2124 2126 2125
f 2126 2127 2125
f 2126 2128 2127
f 2128 2129 2127
f 2128 2130 2129
f 2130 2131 2129
f 2130 2132 2131
f 2132 2133 2131
f 2132 2134 2133
f 2134 2135 2133
f 2134 2136 2135
f 2136 2137 2135
f 2136 2138 2137
f 2138 2139 2137
f 2138 2140 2139
f 2140 2141 2139
f 2140 2142 2141
f 2142 2143 2141
f 2142 2144 2143
f 2144 2145 2143
f 2144 2146 2145
f 2146 2147 2145
f 2146 2148 2147
f 2148 2149 2147
f 2148 2150 2149
f 2150 2151 2149
f 2152 2151 2150
f 2152 2153 2151
f 2152 2150 2154
f 2155 2152 2154
f 2156 2155 2154
f 2157 2156 2154
f 2158 2157 2154
f 2159 2158 2154
f 2159 2154 2160
f 2161 2159 2160
f 2162 2161 2160
f 2162 2160 2163
f 2164 2162 2163
f 2165 2164 2163
f 2165 2163 2166
f 2167 2165 2166
f 2168 2167 2166
f 2168 2166 2169
f 2170 2168 2169
f 2171 2170 2169
f 2171 2169 2172
f 2173 2171 2172
f 2174 2173 2172
f 2174 2172 2175
f 2176 2174 2175
f 2177 2176 2175
f 2178 2177 2175
f 2178 2175 2179
f 2180 2178 2179
f 2180 2179 2181
f 2181 2179 2182
f 2179 2183 2182
f 2184 2181 2182
f 2185 2184 2182
f 2186 2185 2182
f 2186 2182 2187
f 2188 2186 2187
f 2189 2188 2187
f 2190 2189 2187
f 2190 2187 2191
f 2192 2190 2191
f 2193 2192 2191
f 2193 2191 2194
f 2195 2193 2194
f 2196 2195 2194
f 2196 2194 2197
f 2198 2196 2197
f 2199 2198 2197
f 2199 2197 2200
f 2201 2199 2200
f 2202 2201 2200
f 2202 2200 2203
f 2204 2202 2203
f 2205 2204 2203
f 2205 2203 2151
f 2206 2205 2151
f 2207 2206 2151
f 2153 2207 2151
f 2179 2208 2183
f 2208 2209 2183
f 2208 2210 2209
f 2210 2211 2209
f 2210 2212 2211
f 2212 2213 2211
f 2212 2214 2213
f 2214 2215 2213
f 2214 2216 2215
f 2216 2217 2215
f 2216 2218 2217
f 2218 2219 2217
f 2218 2220 2219
f 2220 2221 2219
f 2220 2222 2221
f 2222 2223 2221
f 2222 2224 2223
f 2224 2225 2223
f 2224 2226 2225
f 2226 2227 2225
f 2226 2228 2227
f 2228 2229 2227
f 2228 2230 2229
f 2230 2231 2229
f 2230 2232 2231
f 2232 2233 2231
f 2232 2234 2233
f 2234 2235 2233
f 2234 2236 2235
f 2236 2237 2235
f 2236 2238 2237
f 2238 2239 2237
f 2238 2240 2239
f 2240 2241 2239
f 2240 2242 2241
f 2242 2243 2241
f 2242 2244 2243
f 2244 2245 2243
f 2244 2246 2245
f 2246 2247 2245
f 2246 2248 2247
f 2248 2249 2247
f 2248 2250 2249
f 2250 2251 2249
f 2250 2252 2251
f 2252 2253 2251
f 2252 2254 2253
f 2254 2255 2253
f 2254 2256 2255
f 2256 2257 2255
f 2256 2258 2257
f 2258 2259 2257
f 2258 2260 2259
f 2260 2261 2259
f 2260 2262 2261
f 2262 2263 2261
f 2262 2264 2263
f 2264 2265 2263
f 2264 2266 2265
f 2266 2267 2265
f 2266 2268 2267
f 2268 2269 2267
f 2268 2270 2269
f 2270 2271 2269
f 2270 2272 2271
f 2272 2273 2271
f 2272 2274 2273
f 2274 2275 2273
f 2274 2276 2275
f 2276 2277 2275
f 2276 2278 2277
f 2278 2279 2277
f 2278 2280 2279
f 2280 2281 2279
f 2280 2282 2281
f 2282 2283 2281
f 2282 2284 2283
f 2284 2285 2283
f 2284 2286 2285
f 2286 2287 2285
f 2286 2288 2287
f 2288 2289 2287
f 2288 2290 2289
f 2290 2291 2289
f 2290 2292 2291
f 2292 2293 2291
f 2292 2294 2293
f 2294 2295 2293
f 2294 2296 2295
f 2296 2297 2295
f 2296 2298 2297
f 2298 2299 2297
f 2298 2300 2299
f 2301 2302 2303
f 2304 2302 2301
f 2301 2303 2305
f 2305 2303 2306
f 2305 2306 2307
f 2307 2306 2308
f 2307 2308 2309
f 2309 2308 2310
f 2309 2310 2311
f 2311 2310 2312
f 2311 2312 2313
f 2313 2312 2314
f 2313 2314 2315
f 2315 2314 2316
f 2315 2316 2317
f 2317 2316 2318
f 2317 2318 2319
f 2319 2318 2320
f 2319 2320 2321
f 2321 2320 2322
f 2321 2322 2323
f 2323 2322 2324
f 2323 2324 2325
f 2325 2324 2326
f 2325 2326 2327
f 2325 2327 2328
f 2328 2327 2329
f 2328 2329 2330
f 2330 2329 2331
f 2330 2331 2332
f 2332 2331 2333
f 2332 2333 2334
f 2334 2333 2335
f 2334 2335 2336
f 2336 2335 2337
f 2336 2337 2338
f 2338 2337 2339
f 2338 2339 2340
f 2340 2339 2341
f 2340 2341 2342
f 2342 2341 2343
f 2342 2343 2344
f 2344 2343 2345
f 2344 2345 2346
f 2346 2345 2347
f 2346 2347 2348
f 2348 2347 2349
f 2348 2349 2350
f 2350 2349 2351
f 2350 2351 2352
f 2352 2351 2353
f 2352 2353 2354
f 2354 2353 2355
f 2354 2355 2356
f 2356 2355 2357
f 2356 2357 2358
f 2358 2357 2359
f 2358 2359 2360
f 2360 2359 2361
f 2360 2361 2362
f 2362 2361 2363
f 2362 2363 2364
f 2362 2364 2365
f 2365 2364 2366
f 2367 2365 2366
f 2367 2366 2368
f 2367 2368 2369
f 2369 2368 2370
f 2369 2370 2371
f 2371 2370 2372
f 2371 2372 2373
f 2373 2372 2374
f 2373 2374 2375
f 2375 2374 2376
f 2375 2376 2377
f 2377 2376 2378
f 2377 2378 2379
f 2379 2378 2380
f 2379 2380 2381
f 2381 2380 2382
f 2381 2382 2383
f 2383 2382 2384
f 2383 2384 2385
f 2385 2384 2386
f 2385 2386 2387
f 2387 2386 2388
f 2387 2388 2389
f 2389 2388 2390
f 2389 2390 2391
f 2389 2391 2392
f 2392 2391 2393
f 2392 2393 2394
f 2394 2393 2395
f 2394 2395 2396
f 2396 2395 2397
f 2396 2397 2398
f 2398 2397 2399
f 2398 2399 2400
f 2400 2399 2401
f 2400 2401 2402
f 2402 2401 2403
f 2402 2403 2404
f 2404 2403 2405
f 2404 2405 2406
f 2406 2405 2407
f 2406 2407 2408
f 2408 2407 2409
f 2408 2409 2410
f 2410 2409 2411
f 2410 2411 2412
f 2412 2411 2413
f 2412 2413 2414
f 2414 2413 2415
f 2414 2415 2416
f 2416 2415 2417
f 2416 2417 2418
f 2418 2417 2419
f 2418 2419 2420
f 2420 2419 2421
f 2420 2421 2422
f 2422 2421 2423
f 2422 2423 2304
f 2304 2423 2424
f 2304 2424 2302
