7176 7196 0
v 0.028424895 -0.07373085 -0.0103125
v 0.02620884 -0.08592555 -0.0103125
v 0.02569038 -0.086345655 -0.0103125
v 0.026694225 -0.085507215 -0.0103125
v 0.025480515 -0.086486505 -0.0103125
v 0.026807535 -0.072883245 -0.0103125
v 0.025243425 -0.08655096 -0.0103125
v 0.02653227 -0.07272717 -0.0103125
v 0.025003725 -0.0865419 -0.0103125
v 0.024786015 -0.086462145 -0.0103125
v 0.02624565 -0.0725517 -0.0103125
v 0.024133245 -0.086177655 -0.0103125
v 0.025949475 -0.072353235 -0.0103125
v 0.025647375 -0.072124095 -0.0103125
v 0.02534577 -0.07185321 -0.0103125
v 0.02348505 -0.085882875 -0.0103125
v 0.024572955 -0.07728813 -0.0103125
v 0.02448201 -0.077590305 -0.0103125
v 0.02458842 -0.07697271 -0.0103125
v 0.025051065 -0.071531655 -0.0103125
v 0.024507405 -0.076671735 -0.0103125
v 0.024340035 -0.076407225 -0.0103125
v 0.02477031 -0.071148675 -0.0103125
v 0.024116625 -0.07618959 -0.0103125
v 0.024521625 -0.070694805 -0.0103125
v 0.02385576 -0.07602552 -0.0103125
v 0.02432823 -0.07017015 -0.0103125
v 0.0227658 -0.07534506 -0.0103125
v 0.02425902 -0.069879675 -0.0103125
v 0.024213615 -0.06957543 -0.0103125
v 0.02419884 -0.069259335 -0.0103125
v 0.024212025 -0.06892752 -0.0103125
v 0.024484005 -0.062685675 -0.0103125
v 0.024938355 -0.062340765 -0.0103125
v 0.024028695 -0.06301722 -0.0103125
v 0.021700695 -0.07462632 -0.0103125
v 0.023572515 -0.06333534 -0.0103125
v 0.02299932 -0.06371418 -0.0103125
v 0.022701 -0.063885765 -0.0103125
v 0.021557835 -0.07452276 -0.0103125
v 0.021411855 -0.07443831 -0.0103125
v 0.02239542 -0.064047135 -0.0103125
v 0.02110815 -0.074325615 -0.0103125
v 0.02208255 -0.064198215 -0.0103125
v 0.020799885 -0.074293815 -0.0103125
v 0.021760305 -0.06433266 -0.0103125
v 0.020503515 -0.074352255 -0.0103125
v 0.02142639 -0.06444633 -0.0103125
v 0.020235495 -0.07449585 -0.0103125
v 0.021080715 -0.064542735 -0.0103125
v 0.020006535 -0.07470078 -0.0103125
v 0.019823445 -0.07495248 -0.0103125
v 0.020727165 -0.06461751 -0.0103125
v 0.01953672 -0.07533348 -0.0103125
v 0.019231275 -0.075698445 -0.0103125
v 0.020368785 -0.064666065 -0.0103125
v 0.01890711 -0.07604742 -0.0103125
v 0.02000133 -0.064690545 -0.0103125
v 0.01856514 -0.0763794 -0.0103125
v 0.01963131 -0.064689645 -0.0103125
v 0.018208065 -0.076691595 -0.0103125
v 0.01926765 -0.064660635 -0.0103125
v 0.017829855 -0.076990305 -0.0103125
v 0.018906885 -0.06460173 -0.0103125
v 0.01742322 -0.07728309 -0.0103125
v 0.01855152 -0.064516005 -0.0103125
v 0.01698807 -0.077572395 -0.0103125
v 0.018210135 -0.064407645 -0.0103125
v 0.0165264 -0.077854695 -0.0103125
v 0.017882835 -0.06427407 -0.0103125
v 0.016034085 -0.07812888 -0.0103125
v 0.017568495 -0.064116885 -0.0103125
v 0.01550772 -0.078393945 -0.0103125
v 0.017002815 -0.06376683 -0.0103125
v 0.01494882 -0.07865034 -0.0103125
v 0.016522395 -0.06337464 -0.0103125
v 0.014357925 -0.078898215 -0.0103125
v 0.015585105 -0.069874635 -0.0103125
v 0.01547502 -0.070171155 -0.0103125
v 0.015598515 -0.069563805 -0.0103125
v 0.015519585 -0.069262455 -0.0103125
v 0.01612239 -0.0629736 -0.0103125
v 0.01537452 -0.068989155 -0.0103125
v 0.01517928 -0.06875559 -0.0103125
v 0.01578852 -0.06257259 -0.0103125
v 0.014352945 -0.067771605 -0.0103125
v 0.015508125 -0.06218343 -0.0103125
v 0.015262995 -0.06181401 -0.0103125
v 0.015052005 -0.061464915 -0.0103125
v 0.01356207 -0.06675891 -0.0103125
v 0.01415769 -0.059872815 -0.0103125
v 0.013447935 -0.066604755 -0.0103125
v 0.0133257 -0.066471675 -0.0103125
v 0.013195215 -0.066359625 -0.0103125
v 0.013054485 -0.066267765 -0.0103125
v 0.0127587 -0.06615177 -0.0103125
v 0.013359525 -0.0582441 -0.0103125
v 0.01245465 -0.066131505 -0.0103125
v 0.01216539 -0.0661968 -0.0103125
v 0.011903205 -0.06632133 -0.0103125
v 0.01167591 -0.066489 -0.0103125
v 0.01265751 -0.05657877 -0.0103125
v 0.01128549 -0.06676275 -0.0103125
v 0.010882215 -0.06701547 -0.0103125
v 0.01205049 -0.054872685 -0.0103125
v 0.010466085 -0.06724719 -0.0103125
v 0.01003824 -0.06745725 -0.0103125
v 0.01153815 -0.05312478 -0.0103125
v 0.00960219 -0.06764382 -0.0103125
v 0.01112526 -0.05135196 -0.0103125
v 0.00915018 -0.067811025 -0.0103125
v 0.010815855 -0.04956696 -0.0103125
v 0.00867297 -0.067963845 -0.0103125
v 0.009334695 -0.05999388 -0.0103125
v 0.00816972 -0.0681045 -0.0103125
v 0.010608015 -0.04775859 -0.0103125
v 0.00933747 -0.05968404 -0.0103125
v 0.009271635 -0.05940264 -0.0103125
v 0.009174 -0.059160285 -0.0103125
v 0.01050222 -0.045940215 -0.0103125
v 0.00869217 -0.05796912 -0.0103125
v 0.01049964 -0.044129385 -0.0103125
v 0.010600215 -0.042324975 -0.0103125
v 0.01080366 -0.04052271 -0.0103125
v 0.01212276 -0.02529798 -0.0103125
v 0.00825294 -0.05676159 -0.0103125
v 0.0128415 -0.024232875 -0.0103125
v 0.011109975 -0.038722575 -0.0103125
v 0.011185305 -0.038355405 -0.0103125
v 0.011282895 -0.03796791 -0.0103125
v 0.011409315 -0.03756105 -0.0103125
v 0.01157811 -0.037136265 -0.0103125
v 0.013021425 -0.023963325 -0.0103125
v 0.01308624 -0.02381484 -0.0103125
v 0.013137465 -0.02365362 -0.0103125
v 0.013169295 -0.02348622 -0.0103125
v 0.01181355 -0.036697425 -0.0103125
v 0.01426662 -0.015556365 -0.0103125
v 0.013172715 -0.02332155 -0.0103125
v 0.012124455 -0.03625899 -0.0103125
v 0.01470372 -0.015818595 -0.0103125
v 0.012520185 -0.03583959 -0.0103125
v 0.01274661 -0.03565305 -0.0103125
v 0.01511286 -0.016091565 -0.0103125
v 0.012993705 -0.035480895 -0.0103125
v 0.013256445 -0.03532824 -0.0103125
v 0.015497925 -0.016374105 -0.0103125
v 0.013531215 -0.03520155 -0.0103125
v 0.015862155 -0.01666524 -0.0103125
v 0.013822215 -0.03509871 -0.0103125
v 0.01411803 -0.03501939 -0.0103125
v 0.016204095 -0.016965405 -0.0103125
v 0.01652325 -0.017274735 -0.0103125
v 0.014703195 -0.034935165 -0.0103125
v 0.01681962 -0.01759326 -0.0103125
v 0.01693326 -0.017729085 -0.0103125
v 0.017056725 -0.0178464 -0.0103125
v 0.015261285 -0.03493377 -0.0103125
v 0.017190165 -0.01794528 -0.0103125
v 0.017336775 -0.01802775 -0.0103125
v 0.01654413 -0.02754486 -0.0103125
v 0.017643435 -0.01812651 -0.0103125
v 0.01651596 -0.02791023 -0.0103125
v 0.015773535 -0.0350016 -0.0103125
v 0.016513965 -0.028270365 -0.0103125
v 0.01653879 -0.028619985 -0.0103125
v 0.016667535 -0.02929761 -0.0103125
v 0.016239315 -0.035108355 -0.0103125
v 0.01688064 -0.029934495 -0.0103125
v 0.01666686 -0.03523617 -0.0103125
v 0.017169255 -0.030526065 -0.0103125
v 0.017059215 -0.035376435 -0.0103125
v 0.01751607 -0.03106032 -0.0103125
v 0.01790598 -0.031541895 -0.0103125
v 0.01768923 -0.03561063 -0.0103125
v 0.018331155 -0.031971495 -0.0103125
v 0.018361605 -0.0358785 -0.0103125
v 0.018759015 -0.03235611 -0.0103125
v 0.019190895 -0.032695425 -0.0103125
v 0.019079655 -0.03618108 -0.0103125
v 0.01963443 -0.033030975 -0.0103125
v 0.02009043 -0.033361545 -0.0103125
v 0.019845645 -0.036519075 -0.0103125
v 0.02055888 -0.033687075 -0.0103125
v 0.020628915 -0.0368829 -0.0103125
v 0.02103984 -0.034007685 -0.0103125
v 0.02153118 -0.03432246 -0.0103125
v 0.021417015 -0.03726669 -0.0103125
v 0.022035075 -0.034632465 -0.0103125
v 0.02222298 -0.03767874 -0.0103125
v 0.022569225 -0.034946985 -0.0103125
v 0.02313243 -0.03526563 -0.0103125
v 0.0230553 -0.03812601 -0.0103125
v 0.023729115 -0.035586555 -0.0103125
v 0.02391165 -0.03860655 -0.0103125
v 0.024358605 -0.03591012 -0.0103125
v 0.02502792 -0.036233835 -0.0103125
v 0.024791265 -0.0391299 -0.0103125
v 0.02573979 -0.036559215 -0.0103125
v 0.025701105 -0.039697995 -0.0103125
v 0.026492805 -0.036878625 -0.0103125
v 0.02616198 -0.03999792 -0.0103125
v 0.02662206 -0.040308225 -0.0103125
v 0.02729334 -0.037191165 -0.0103125
v 0.027080415 -0.04062957 -0.0103125
v 0.02812608 -0.03748701 -0.0103125
v 0.02754471 -0.040964355 -0.0103125
v 0.02800941 -0.04130979 -0.0103125
v 0.028546725 -0.03762243 -0.0103125
v 0.02846718 -0.0416625 -0.0103125
v 0.028973505 -0.037752285 -0.0103125
v 0.028910655 -0.042019095 -0.0103125
v 0.029404125 -0.03787452 -0.0103125
v 0.029335335 -0.042376065 -0.0103125
v 0.029835645 -0.0379866 -0.0103125
v 0.029746785 -0.042733395 -0.0103125
v 0.030265275 -0.03808641 -0.0103125
v 0.03014613 -0.04309581 -0.0103125
v 0.03069255 -0.038176845 -0.0103125
v 0.03053397 -0.043468155 -0.0103125
v 0.03111984 -0.03825687 -0.0103125
v 0.03091086 -0.043855335 -0.0103125
v 0.031549605 -0.03832377 -0.0103125
v 0.031282575 -0.044265585 -0.0103125
v 0.03198429 -0.038374815 -0.0103125
v 0.031653915 -0.04470087 -0.0103125
v 0.03242964 -0.038411985 -0.0103125
v 0.0320121 -0.04514682 -0.0103125
v 0.032883165 -0.038436315 -0.0103125
v 0.03234384 -0.04558854 -0.0103125
v 0.033335115 -0.038443755 -0.0103125
v 0.0326358 -0.04601118 -0.0103125
v 0.033775665 -0.03843024 -0.0103125
v 0.032884815 -0.0464112 -0.0103125
v 0.03310083 -0.046799715 -0.0103125
v 0.034201185 -0.038392575 -0.0103125
v 0.033283965 -0.04717686 -0.0103125
v 0.034622055 -0.038332575 -0.0103125
v 0.03343425 -0.047542635 -0.0103125
v 0.03355167 -0.04789704 -0.0103125
v 0.033644685 -0.04820097 -0.0103125
v 0.03503058 -0.038252535 -0.0103125
v 0.03371394 -0.04852197 -0.0103125
v 0.03375942 -0.048860025 -0.0103125
v 0.033781155 -0.049215135 -0.0103125
v 0.033778905 -0.049589865 -0.0103125
v 0.03375237 -0.04998816 -0.0103125
v 0.03310908 -0.058620375 -0.0103125
v 0.03541758 -0.03815469 -0.0103125
v 0.03370224 -0.050401425 -0.0103125
v 0.032671785 -0.058962045 -0.0103125
v 0.03362925 -0.050820225 -0.0103125
v 0.03353358 -0.05123655 -0.0103125
v 0.03341031 -0.05165973 -0.0103125
v 0.03224412 -0.05930769 -0.0103125
v 0.033263565 -0.05208726 -0.0103125
v 0.033100275 -0.05251107 -0.0103125
v 0.03292731 -0.052923135 -0.0103125
v 0.03274443 -0.05332077 -0.0103125
v 0.031422675 -0.05999745 -0.0103125
v 0.032548005 -0.05370882 -0.0103125
v 0.032339865 -0.054090465 -0.0103125
v 0.03212181 -0.0544689 -0.0103125
v 0.031894125 -0.054846645 -0.0103125
v 0.030653115 -0.06067227 -0.0103125
v 0.031654185 -0.05522241 -0.0103125
v 0.03140487 -0.055594185 -0.0103125
v 0.03114948 -0.05595996 -0.0103125
v 0.0308907 -0.05631816 -0.0103125
v 0.029931465 -0.06133821 -0.0103125
v 0.030352005 -0.05701872 -0.0103125
v 0.02924889 -0.061991595 -0.0103125
v 0.029807385 -0.05768349 -0.0103125
v 0.029270925 -0.05830095 -0.0103125
v 0.02860794 -0.062630775 -0.0103125
v 0.02874147 -0.05887743 -0.0103125
v 0.027999405 -0.063261705 -0.0103125
v 0.028226775 -0.05941395 -0.0103125
v 0.027411345 -0.063894225 -0.0103125
v 0.027724515 -0.05991264 -0.0103125
v 0.026853195 -0.06451827 -0.0103125
v 0.027234915 -0.06038097 -0.0103125
v 0.02634354 -0.065107665 -0.0103125
v 0.02675784 -0.06081813 -0.0103125
v 0.025881 -0.06566436 -0.0103125
v 0.026293635 -0.06122895 -0.0103125
v 0.02546358 -0.066191175 -0.0103125
v 0.025843095 -0.06161238 -0.0103125
v 0.025131945 -0.066622965 -0.0103125
v 0.025391895 -0.061982415 -0.0103125
v 0.024816075 -0.06711219 -0.0103125
v 0.024665055 -0.067378425 -0.0103125
v 0.024532725 -0.06766047 -0.0103125
v 0.024416835 -0.067961835 -0.0103125
v 0.02432016 -0.068276685 -0.0103125
v 0.024252 -0.06859647 -0.0103125
v 0.03355632 -0.05828376 -0.0103125
v 0.035774655 -0.038041035 -0.0103125
v 0.036105675 -0.03791064 -0.0103125
v 0.034018185 -0.057945645 -0.0103125
v 0.03641313 -0.03776292 -0.0103125
v 0.034490325 -0.057610425 -0.0103125
v 0.036697005 -0.03759786 -0.0103125
v 0.03695733 -0.03741546 -0.0103125
v 0.034967235 -0.057284055 -0.0103125
v 0.03725811 -0.037194285 -0.0103125
v 0.035443425 -0.056972475 -0.0103125
v 0.037559535 -0.036938325 -0.0103125
v 0.03786162 -0.036647595 -0.0103125
v 0.03591414 -0.056678895 -0.0103125
v 0.038164365 -0.03632211 -0.0103125
v 0.03846786 -0.03596166 -0.0103125
v 0.036381135 -0.056398005 -0.0103125
v 0.038779605 -0.03555339 -0.0103125
v 0.03684921 -0.056130195 -0.0103125
v 0.0390972 -0.035101395 -0.0103125
v 0.039410625 -0.03462294 -0.0103125
v 0.03732318 -0.055876395 -0.0103125
v 0.039709875 -0.03413526 -0.0103125
v 0.03998517 -0.03365496 -0.0103125
v 0.037807875 -0.055637595 -0.0103125
v 0.04023693 -0.03317688 -0.0103125
v 0.040471215 -0.03269295 -0.0103125
v 0.040692465 -0.03220116 -0.0103125
v 0.03831291 -0.05541084 -0.0103125
v 0.040905165 -0.031699425 -0.0103125
v 0.041113425 -0.031185225 -0.0103125
v 0.041315535 -0.030653265 -0.0103125
v 0.03884166 -0.0551922 -0.0103125
v 0.04150953 -0.0301089 -0.0103125
v 0.04169445 -0.029560185 -0.0103125
v 0.041869365 -0.02901516 -0.0103125
v 0.042033345 -0.028479945 -0.0103125
v 0.0421863 -0.0279465 -0.0103125
v 0.039376455 -0.05498934 -0.0103125
v 0.042329115 -0.0274155 -0.0103125
v 0.042588255 -0.026374635 -0.0103125
v 0.042814185 -0.025376355 -0.0103125
v 0.043006575 -0.024413415 -0.0103125
v 0.043174755 -0.02348361 -0.0103125
v 0.03989907 -0.054810345 -0.0103125
v 0.04331757 -0.022589775 -0.0103125
v 0.043439055 -0.02172165 -0.0103125
v 0.04354302 -0.02086428 -0.0103125
v 0.045801795 -0.000296625 -0.0103125
v 0.04362777 -0.020031345 -0.0103125
v 0.04600248 -0.000162345 -0.0103125
v 0.04039125 -0.054663285 -0.0103125
v 0.04623174 -9.6045e-05 -0.0103125
v 0.04153545 -0.044902005 -0.0103125
v 0.04647171 -0.000103185 -0.0103125
v 0.041535255 -0.045073125 -0.0103125
v 0.041560575 -0.045232905 -0.0103125
v 0.041611365 -0.045381315 -0.0103125
v 0.0416907 -0.04552212 -0.0103125
v 0.040848645 -0.05455008 -0.0103125
v 0.041795535 -0.045651585 -0.0103125
v 0.041916765 -0.04575846 -0.0103125
v 0.042055875 -0.045840735 -0.0103125
v 0.04128489 -0.054464685 -0.0103125
v 0.042211395 -0.045900435 -0.0103125
v 0.042369825 -0.04593237 -0.0103125
v 0.042531435 -0.045934065 -0.0103125
v 0.041700165 -0.05440704 -0.0103125
v 0.042695955 -0.04590801 -0.0103125
v 0.042849135 -0.04585644 -0.0103125
v 0.04298994 -0.04577712 -0.0103125
v 0.04209447 -0.054377145 -0.0103125
v 0.04311939 -0.045672285 -0.0103125
v 0.04322628 -0.04555104 -0.0103125
v 0.043306815 -0.04541643 -0.0103125
v 0.04336479 -0.045265425 -0.0103125
v 0.04340019 -0.045097995 -0.0103125
v 0.04246782 -0.054375 -0.0103125
v 0.04520529 -0.02815515 -0.0103125
v 0.04518126 -0.02903856 -0.0103125
v 0.04525515 -0.027297225 -0.0103125
v 0.04340037 -0.044926875 -0.0103125
v 0.045326235 -0.026482365 -0.0103125
v 0.043375065 -0.044767095 -0.0103125
v 0.04332426 -0.044618685 -0.0103125
v 0.04813812 -0.00030042 -0.0103125
v 0.04324494 -0.04447788 -0.0103125
v 0.04541571 -0.02570478 -0.0103125
v 0.045516765 -0.02496819 -0.0103125
v 0.04562997 -0.02426952 -0.0103125
v 0.048349425 -0.000419145 -0.0103125
v 0.045750795 -0.02360286 -0.0103125
v 0.045879795 -0.022968765 -0.0103125
v 0.046013865 -0.02236356 -0.0103125
v 0.04615299 -0.021788535 -0.0103125
v 0.04851084 -0.00059163 -0.0103125
v 0.04630053 -0.021223965 -0.0103125
v 0.046456815 -0.020667465 -0.0103125
v 0.04861131 -0.000801195 -0.0103125
v 0.04662165 -0.02012136 -0.0103125
v 0.048864255 -0.00144855 -0.0103125
v 0.046795125 -0.019585515 -0.0103125
v 0.046977195 -0.019060005 -0.0103125
v 0.04716729 -0.01853358 -0.0103125
v 0.04908531 -0.002074245 -0.0103125
v 0.04741044 -0.01799616 -0.0103125
v 0.04770096 -0.01744074 -0.0103125
v 0.049274445 -0.002678325 -0.0103125
v 0.049430895 -0.00326013 -0.0103125
v 0.048063315 -0.016896705 -0.0103125
v 0.049552305 -0.00381786 -0.0103125
v 0.04964391 -0.00435558 -0.0103125
v 0.049711965 -0.00487821 -0.0103125
v 0.048505935 -0.016369665 -0.0103125
v 0.04975674 -0.005385975 -0.0103125
v 0.049503615 -0.008433135 -0.0103125
v 0.04977639 -0.00587742 -0.0103125
v 0.04950744 -0.008744805 -0.0103125
v 0.04875873 -0.01612365 -0.0103125
v 0.04958616 -0.00905328 -0.0103125
v 0.049036335 -0.01589328 -0.0103125
v 0.04975656 -0.00932196 -0.0103125
v 0.049339335 -0.015672765 -0.0103125
v 0.05000172 -0.009526905 -0.0103125
v 0.049659735 -0.015471345 -0.0103125
v 0.05028435 -0.009667095 -0.0103125
v 0.049989255 -0.015298995 -0.0103125
v 0.05058153 -0.009741525 -0.0103125
v 0.050330115 -0.01515792 -0.0103125
v 0.05182842 -0.010051875 -0.0103125
v 0.05068434 -0.0150435 -0.0103125
v 0.05104329 -0.014955375 -0.0103125
v 0.051398925 -0.014893335 -0.0103125
v 0.05306349 -0.010406295 -0.0103125
v 0.05175597 -0.014859765 -0.0103125
v 0.05211345 -0.01485231 -0.0103125
v 0.052465485 -0.01486665 -0.0103125
v 0.0528075 -0.01490037 -0.0103125
v 0.053350755 -0.010489755 -0.0103125
v 0.05314284 -0.01495881 -0.0103125
v 0.05366988 -0.01050978 -0.0103125
v 0.0538377 -0.010494405 -0.0103125
v 0.053993865 -0.010454175 -0.0103125
v 0.05427891 -0.01030233 -0.0103125
v 0.053789715 -0.015124035 -0.0103125
v 0.054498285 -0.010076055 -0.0103125
v 0.054654345 -0.00980736 -0.0103125
v 0.05474808 -0.009516 -0.0103125
v 0.05490303 -0.009065055 -0.0103125
v 0.055080735 -0.00862356 -0.0103125
v 0.05439804 -0.015323025 -0.0103125
v 0.055281195 -0.0081915 -0.0103125
v 0.055503855 -0.007770075 -0.0103125
v 0.055746975 -0.007362825 -0.0103125
v 0.054969855 -0.01556499 -0.0103125
v 0.056014365 -0.006961875 -0.0103125
v 0.056310615 -0.006557745 -0.0103125
v 0.05663508 -0.00614814 -0.0103125
v 0.05698692 -0.00573699 -0.0103125
v 0.057370395 -0.005324085 -0.0103125
v 0.057789105 -0.004909335 -0.0103125
v 0.05662917 -0.016327365 -0.0103125
v 0.058241415 -0.004492785 -0.0103125
v 0.0587268 -0.00407445 -0.0103125
v 0.05924526 -0.003654345 -0.0103125
v 0.05935137 -0.00357279 -0.0103125
v 0.05946159 -0.003511005 -0.0103125
v 0.058232235 -0.01717587 -0.0103125
v 0.059698005 -0.003447795 -0.0103125
v 0.05993415 -0.00345873 -0.0103125
v 0.06014961 -0.003537855 -0.0103125
v 0.060802395 -0.003822345 -0.0103125
v 0.059779035 -0.01811052 -0.0103125
v 0.060365865 -0.012696495 -0.0103125
v 0.06145059 -0.004117125 -0.0103125
v 0.060346215 -0.013014555 -0.0103125
v 0.060426795 -0.01332447 -0.0103125
v 0.060597165 -0.01359423 -0.0103125
v 0.06082206 -0.0138132 -0.0103125
v 0.06107988 -0.013974465 -0.0103125
v 0.06127293 -0.01913397 -0.0103125
v 0.06216984 -0.01465494 -0.0103125
v 0.06271482 -0.02024691 -0.0103125
v 0.063234945 -0.01537368 -0.0103125
v 0.06337803 -0.015477345 -0.0103125
v 0.06352413 -0.015561825 -0.0103125
v 0.0638277 -0.015674475 -0.0103125
v 0.064135575 -0.0157062 -0.0103125
v 0.064431645 -0.015647925 -0.0103125
v 0.064699605 -0.015504555 -0.0103125
v 0.064090905 -0.021438465 -0.0103125
v 0.06492873 -0.015299625 -0.0103125
v 0.065112195 -0.01504752 -0.0103125
v 0.06539892 -0.014666535 -0.0103125
v 0.065704365 -0.014301555 -0.0103125
v 0.06602853 -0.013952595 -0.0103125
v 0.0653904 -0.0227007 -0.0103125
v 0.0663705 -0.013620585 -0.0103125
v 0.06672756 -0.013308405 -0.0103125
v 0.067105785 -0.01300971 -0.0103125
v 0.067512405 -0.012716895 -0.0103125
v 0.06662148 -0.024041535 -0.0103125
v 0.06794757 -0.01242762 -0.0103125
v 0.06840924 -0.012145305 -0.0103125
v 0.06890154 -0.01187112 -0.0103125
v 0.067775895 -0.02545044 -0.0103125
v 0.06942792 -0.011606055 -0.0103125
v 0.06998682 -0.01134966 -0.0103125
v 0.069353985 -0.020109285 -0.0103125
v 0.070577715 -0.0111018 -0.0103125
v 0.069335265 -0.02041905 -0.0103125
v 0.06941127 -0.02072496 -0.0103125
v 0.06884235 -0.026913915 -0.0103125
v 0.06955674 -0.021004725 -0.0103125
v 0.06975636 -0.02124441 -0.0103125
v 0.06982158 -0.02843283 -0.0103125
v 0.070582695 -0.022228395 -0.0103125
v 0.07137357 -0.02324109 -0.0103125
v 0.070716345 -0.030010485 -0.0103125
v 0.07148286 -0.023389305 -0.0103125
v 0.071599875 -0.02351826 -0.0103125
v 0.071724705 -0.02362803 -0.0103125
v 0.071858775 -0.023719515 -0.0103125
v 0.07214292 -0.023839905 -0.0103125
v 0.07152663 -0.031646865 -0.0103125
v 0.072440715 -0.02387121 -0.0103125
v 0.071744805 -0.03213222 -0.0103125
v 0.07273533 -0.02381532 -0.0103125
v 0.071934825 -0.03265938 -0.0103125
v 0.073011525 -0.023691375 -0.0103125
v 0.072018465 -0.032938665 -0.0103125
v 0.07208289 -0.03322902 -0.0103125
v 0.07325973 -0.023511 -0.0103125
v 0.07212951 -0.033534525 -0.0103125
v 0.072156765 -0.03384849 -0.0103125
v 0.072158025 -0.03416049 -0.0103125
v 0.07365015 -0.02323725 -0.0103125
v 0.07213269 -0.03447528 -0.0103125
v 0.071484945 -0.04185873 -0.0103125
v 0.07115745 -0.041720445 -0.0103125
v 0.07180356 -0.04202166 -0.0103125
v 0.074053425 -0.02298453 -0.0103125
v 0.07211784 -0.042209595 -0.0103125
v 0.074469555 -0.02275281 -0.0103125
v 0.072420975 -0.04241994 -0.0103125
v 0.074897385 -0.02254275 -0.0103125
v 0.07270359 -0.042650205 -0.0103125
v 0.07296786 -0.042903675 -0.0103125
v 0.07533345 -0.02235618 -0.0103125
v 0.073213125 -0.043176525 -0.0103125
v 0.07578546 -0.02218896 -0.0103125
v 0.07343388 -0.043460805 -0.0103125
v 0.073628325 -0.043758345 -0.0103125
v 0.07626267 -0.022036155 -0.0103125
v 0.073798575 -0.04406862 -0.0103125
v 0.07561656 -0.02992365 -0.0103125
v 0.07676592 -0.0218955 -0.0103125
v 0.074066925 -0.044688645 -0.0103125
v 0.075593355 -0.03023604 -0.0103125
v 0.07564503 -0.030546435 -0.0103125
v 0.074240805 -0.04530249 -0.0103125
v 0.07576164 -0.030839715 -0.0103125
v 0.074338875 -0.045877665 -0.0103125
v 0.07624347 -0.03203088 -0.0103125
v 0.074379195 -0.046415085 -0.0103125
v 0.07437966 -0.04691163 -0.0103125
v 0.07436133 -0.04737129 -0.0103125
v 0.07432551 -0.047794215 -0.0103125
v 0.074113215 -0.04960791 -0.0103125
v 0.07281288 -0.06470202 -0.0103125
v 0.076682685 -0.03323841 -0.0103125
v 0.07209414 -0.065767125 -0.0103125
v 0.073801605 -0.051394725 -0.0103125
v 0.073390695 -0.053154645 -0.0103125
v 0.071990895 -0.065908575 -0.0103125
v 0.07190664 -0.06605421 -0.0103125
v 0.07179345 -0.066360675 -0.0103125
v 0.072878985 -0.05489169 -0.0103125
v 0.07066902 -0.074443635 -0.0103125
v 0.07176213 -0.06667479 -0.0103125
v 0.072266085 -0.056606925 -0.0103125
v 0.07023192 -0.07418139 -0.0103125
v 0.07155807 -0.05828385 -0.0103125
v 0.069822765 -0.07390842 -0.0103125
v 0.0694377 -0.073625895 -0.0103125
v 0.07075917 -0.05990982 -0.0103125
v 0.06907347 -0.07333476 -0.0103125
v 0.068731545 -0.07303461 -0.0103125
v 0.06986439 -0.061494975 -0.0103125
v 0.06841239 -0.072725265 -0.0103125
v 0.06811602 -0.07240674 -0.0103125
v 0.067994655 -0.0722646 -0.0103125
v 0.068881185 -0.06302826 -0.0103125
v 0.06786582 -0.07214352 -0.0103125
v 0.067729395 -0.072043455 -0.0103125
v 0.06758295 -0.07196349 -0.0103125
v 0.067279665 -0.071871735 -0.0103125
v 0.067818885 -0.064494765 -0.0103125
v 0.06697557 -0.071877105 -0.0103125
v 0.066693735 -0.07196295 -0.0103125
v 0.066441435 -0.07210509 -0.0103125
v 0.06622341 -0.07228854 -0.0103125
v 0.066676905 -0.06589545 -0.0103125
v 0.065239425 -0.073114875 -0.0103125
v 0.06545298 -0.06723393 -0.0103125
v 0.06422673 -0.07390575 -0.0103125
v 0.063982725 -0.074097405 -0.0103125
v 0.06378138 -0.07434099 -0.0103125
v 0.063642 -0.07462818 -0.0103125
v 0.06414708 -0.06851022 -0.0103125
v 0.063596295 -0.07494621 -0.0103125
v 0.06234528 -0.08361732 -0.0103125
v 0.063650085 -0.075258285 -0.0103125
v 0.063920505 -0.068717295 -0.0103125
v 0.06367368 -0.06892932 -0.0103125
v 0.0618372 -0.0832398 -0.0103125
v 0.063403275 -0.06914343 -0.0103125
v 0.063103605 -0.06935484 -0.0103125
v 0.061368645 -0.08286105 -0.0103125
v 0.062766585 -0.069555525 -0.0103125
v 0.0609426 -0.08248122 -0.0103125
v 0.06238515 -0.069736305 -0.0103125
v 0.06195321 -0.069887685 -0.0103125
v 0.060552435 -0.082100025 -0.0103125
v 0.06146631 -0.069993945 -0.0103125
v 0.06019017 -0.08171721 -0.0103125
v 0.059855505 -0.081332745 -0.0103125
v 0.06093282 -0.07003263 -0.0103125
v 0.059550735 -0.08094669 -0.0103125
v 0.05927181 -0.080559 -0.0103125
v 0.0603633 -0.069986415 -0.0103125
v 0.059015385 -0.080169555 -0.0103125
v 0.060068535 -0.06992121 -0.0103125
v 0.05878293 -0.07977843 -0.0103125
v 0.05977254 -0.06983076 -0.0103125
v 0.058574985 -0.07938561 -0.0103125
v 0.059488335 -0.06971763 -0.0103125
v 0.05839155 -0.078991095 -0.0103125
v 0.05826615 -0.07871325 -0.0103125
v 0.05921184 -0.069578265 -0.0103125
v 0.058076175 -0.078461535 -0.0103125
v 0.05894859 -0.069420285 -0.0103125
v 0.05782749 -0.078259485 -0.0103125
v 0.058708035 -0.06925236 -0.0103125
v 0.057528975 -0.078145635 -0.0103125
v 0.05828661 -0.068880735 -0.0103125
v 0.057212595 -0.0781272 -0.0103125
v 0.057930465 -0.06848967 -0.0103125
v 0.05690646 -0.0781812 -0.0103125
v 0.056628105 -0.07829382 -0.0103125
v 0.05762649 -0.06809904 -0.0103125
v 0.05543694 -0.07877565 -0.0103125
v 0.05736723 -0.067720425 -0.0103125
v 0.056995185 -0.06716064 -0.0103125
v 0.056608665 -0.066548715 -0.0103125
v 0.05422941 -0.07921488 -0.0103125
v 0.056205615 -0.065881875 -0.0103125
v 0.05578458 -0.065158185 -0.0103125
v 0.053940255 -0.0793206 -0.0103125
v 0.055364745 -0.06440346 -0.0103125
v 0.05367327 -0.079489845 -0.0103125
v 0.05441901 -0.071627595 -0.0103125
v 0.05345058 -0.079720605 -0.0103125
v 0.054453345 -0.07122906 -0.0103125
v 0.054461085 -0.070835325 -0.0103125
v 0.05443782 -0.070442325 -0.0103125
v 0.054390255 -0.07005306 -0.0103125
v 0.05432934 -0.06967782 -0.0103125
v 0.054952755 -0.06362973 -0.0103125
v 0.054256725 -0.06931815 -0.0103125
v 0.054169215 -0.06897102 -0.0103125
v 0.054066795 -0.068636445 -0.0103125
v 0.05454291 -0.062822655 -0.0103125
v 0.053905215 -0.068104275 -0.0103125
v 0.053730585 -0.067568805 -0.0103125
v 0.054132435 -0.06197157 -0.0103125
v 0.05354295 -0.067030095 -0.0103125
v 0.053342295 -0.066488025 -0.0103125
v 0.053722095 -0.061079445 -0.0103125
v 0.053129805 -0.06594456 -0.0103125
v 0.05290437 -0.06539757 -0.0103125
v 0.0533181 -0.06013902 -0.0103125
v 0.052657095 -0.06482916 -0.0103125
v 0.05238876 -0.064240335 -0.0103125
v 0.052915935 -0.05914464 -0.0103125
v 0.052094655 -0.06362997 -0.0103125
v 0.052719375 -0.0586311 -0.0103125
v 0.05252955 -0.058109625 -0.0103125
v 0.051775575 -0.0629982 -0.0103125
v 0.052347615 -0.057580245 -0.0103125
v 0.05216877 -0.057036495 -0.0103125
v 0.051424365 -0.062342895 -0.0103125
v 0.051995865 -0.05648388 -0.0103125
v 0.051039705 -0.06166122 -0.0103125
v 0.051832845 -0.055929465 -0.0103125
v 0.05168367 -0.0553803 -0.0103125
v 0.05061825 -0.060960195 -0.0103125
v 0.051549915 -0.05484189 -0.0103125
v 0.05142708 -0.054310965 -0.0103125
v 0.05131701 -0.05378304 -0.0103125
v 0.050154315 -0.060236805 -0.0103125
v 0.051222105 -0.053253825 -0.0103125
v 0.051144765 -0.05271906 -0.0103125
v 0.051085185 -0.05216868 -0.0103125
v 0.051040635 -0.051598245 -0.0103125
v 0.0496545 -0.059507985 -0.0103125
v 0.05101296 -0.05102694 -0.0103125
v 0.05100423 -0.050474595 -0.0103125
v 0.051016455 -0.049961055 -0.0103125
v 0.05105013 -0.04949106 -0.0103125
v 0.051948555 -0.03901965 -0.0103125
v 0.0493938 -0.059151195 -0.0103125
v 0.051103725 -0.049049775 -0.0103125
v 0.052490415 -0.03913305 -0.0103125
v 0.05117724 -0.04863702 -0.0103125
v 0.051270645 -0.048252765 -0.0103125
v 0.05138397 -0.04789704 -0.0103125
v 0.051487365 -0.04759647 -0.0103125
v 0.051620025 -0.047296065 -0.0103125
v 0.05178192 -0.04699584 -0.0103125
v 0.0530229 -0.039224745 -0.0103125
v 0.05197308 -0.04669578 -0.0103125
v 0.052195155 -0.046393935 -0.0103125
v 0.052450725 -0.046087305 -0.0103125
v 0.053555535 -0.03929802 -0.0103125
v 0.052734195 -0.04578243 -0.0103125
v 0.053039415 -0.045486525 -0.0103125
v 0.054091635 -0.039356475 -0.0103125
v 0.053361525 -0.045205935 -0.0103125
v 0.053710005 -0.04493604 -0.0103125
v 0.05463453 -0.039403725 -0.0103125
v 0.054079995 -0.044676405 -0.0103125
v 0.05446122 -0.04442952 -0.0103125
v 0.055187925 -0.039442905 -0.0103125
v 0.05484336 -0.04419783 -0.0103125
v 0.055756305 -0.03947073 -0.0103125
v 0.055225035 -0.043983615 -0.0103125
v 0.055612035 -0.043785135 -0.0103125
v 0.05633397 -0.039487005 -0.0103125
v 0.05600475 -0.043598715 -0.0103125
v 0.05691297 -0.03949332 -0.0103125
v 0.056403585 -0.04342074 -0.0103125
v 0.05680983 -0.04324896 -0.0103125
v 0.05748537 -0.039491265 -0.0103125
v 0.05722482 -0.043085985 -0.0103125
v 0.058045065 -0.039481815 -0.0103125
v 0.057645045 -0.04293177 -0.0103125
v 0.05806665 -0.042785955 -0.0103125
v 0.05859966 -0.039462435 -0.0103125
v 0.058486545 -0.04264827 -0.0103125
v 0.05914881 -0.03943419 -0.0103125
v 0.059334135 -0.042398145 -0.0103125
v 0.060218805 -0.03935898 -0.0103125
v 0.060165495 -0.04218045 -0.0103125
v 0.06123804 -0.039265365 -0.0103125
v 0.060962445 -0.04199625 -0.0103125
v 0.06221331 -0.039150795 -0.0103125
v 0.06172962 -0.04184106 -0.0103125
v 0.06246138 -0.04170954 -0.0103125
v 0.063149565 -0.0390234 -0.0103125
v 0.06316083 -0.041601315 -0.0103125
v 0.064043805 -0.03888303 -0.0103125
v 0.0638322 -0.041510205 -0.0103125
v 0.064906965 -0.038730285 -0.0103125
v 0.06447513 -0.04143696 -0.0103125
v 0.06509214 -0.041377455 -0.0103125
v 0.06575451 -0.03856422 -0.0103125
v 0.065682015 -0.041332065 -0.0103125
v 0.066572865 -0.03838743 -0.0103125
v 0.06626454 -0.041297925 -0.0103125
v 0.0668421 -0.041274585 -0.0103125
v 0.067331625 -0.038210175 -0.0103125
v 0.067412415 -0.041262615 -0.0103125
v 0.068033055 -0.03803166 -0.0103125
v 0.067975635 -0.041262015 -0.0103125
v 0.068680395 -0.03785082 -0.0103125
v 0.068531685 -0.04127277 -0.0103125
v 0.06900021 -0.03775746 -0.0103125
v 0.069335865 -0.03764613 -0.0103125
v 0.06915393 -0.04129746 -0.0103125
v 0.069687 -0.03751191 -0.0103125
v 0.07005348 -0.037344525 -0.0103125
v 0.069807375 -0.041374935 -0.0103125
v 0.070430415 -0.03712806 -0.0103125
v 0.070148415 -0.041431785 -0.0103125
v 0.070808985 -0.03685413 -0.0103125
v 0.07048968 -0.041506695 -0.0103125
v 0.071178315 -0.03651321 -0.0103125
v 0.07082454 -0.041603865 -0.0103125
v 0.07151475 -0.036103545 -0.0103125
v 0.071798955 -0.03562554 -0.0103125
v 0.072011685 -0.035079945 -0.0103125
v 0.072083415 -0.034785885 -0.0103125
v 0.051392265 -0.038885745 -0.0103125
v 0.04912485 -0.058795275 -0.0103125
v 0.048848325 -0.058443285 -0.0103125
v 0.05084037 -0.038735505 -0.0103125
v 0.04856508 -0.05809896 -0.0103125
v 0.050312355 -0.038573145 -0.0103125
v 0.04827618 -0.05776569 -0.0103125
v 0.04798365 -0.057441375 -0.0103125
v 0.049827735 -0.03840282 -0.0103125
v 0.047685015 -0.057125475 -0.0103125
v 0.049391145 -0.038225565 -0.0103125
v 0.047376645 -0.056818755 -0.0103125
v 0.047054985 -0.05652195 -0.0103125
v 0.048988035 -0.038038215 -0.0103125
v 0.04671654 -0.05623011 -0.0103125
v 0.04861818 -0.037840755 -0.0103125
v 0.046363935 -0.05594385 -0.0103125
v 0.04828161 -0.03763317 -0.0103125
v 0.046002675 -0.055672185 -0.0103125
v 0.04797831 -0.03741546 -0.0103125
v 0.047724405 -0.03722424 -0.0103125
v 0.045638295 -0.055424175 -0.0103125
v 0.047479695 -0.03700527 -0.0103125
v 0.045271905 -0.055204515 -0.0103125
v 0.047244195 -0.036758505 -0.0103125
v 0.04701789 -0.03648399 -0.0103125
v 0.04489617 -0.05500569 -0.0103125
v 0.046799445 -0.036179505 -0.0103125
v 0.04451862 -0.05483031 -0.0103125
v 0.04658679 -0.03584169 -0.0103125
v 0.04638444 -0.03547788 -0.0103125
v 0.044148015 -0.054682005 -0.0103125
v 0.04619733 -0.03509616 -0.0103125
v 0.04379232 -0.05456406 -0.0103125
v 0.04603002 -0.0347031 -0.0103125
v 0.04588101 -0.03428829 -0.0103125
v 0.043447875 -0.05447499 -0.0103125
v 0.045748425 -0.03385617 -0.0103125
v 0.045631425 -0.033417315 -0.0103125
v 0.04311231 -0.05441379 -0.0103125
v 0.045529155 -0.032982285 -0.0103125
v 0.045443385 -0.03255309 -0.0103125
v 0.045374205 -0.032123685 -0.0103125
v 0.042785625 -0.05438046 -0.0103125
v 0.04531827 -0.031692585 -0.0103125
v 0.045272235 -0.031258275 -0.0103125
v 0.045234405 -0.030818835 -0.0103125
v 0.045207645 -0.0303738 -0.0103125
v 0.04519083 -0.029926485 -0.0103125
v 0.045182445 -0.02948046 -0.0103125
v 0.054358335 -0.072017745 -0.0103125
v 0.054269715 -0.072391695 -0.0103125
v 0.054152025 -0.07275603 -0.0103125
v 0.05330817 -0.08001051 -0.0103125
v 0.05326263 -0.08032185 -0.0103125
v 0.05401359 -0.07310061 -0.0103125
v 0.051838455 -0.08909022 -0.0103125
v 0.053293845 -0.08063163 -0.0103125
v 0.053696175 -0.0736974 -0.0103125
v 0.05330097 -0.074224065 -0.0103125
v 0.05114079 -0.089232735 -0.0103125
v 0.053067 -0.074478855 -0.0103125
v 0.05281284 -0.074720835 -0.0103125
v 0.052542165 -0.07494453 -0.0103125
v 0.050895885 -0.089264115 -0.0103125
v 0.052251465 -0.07515174 -0.0103125
v 0.050664795 -0.089222805 -0.0103125
v 0.051945675 -0.075341505 -0.0103125
v 0.0504573 -0.089111775 -0.0103125
v 0.050283195 -0.088933995 -0.0103125
v 0.051632235 -0.075510915 -0.0103125
v 0.049842585 -0.0883965 -0.0103125
v 0.0513078 -0.075658065 -0.0103125
v 0.050975685 -0.07578654 -0.0103125
v 0.049438995 -0.08786973 -0.0103125
v 0.050644305 -0.075901155 -0.0103125
v 0.049072455 -0.08735367 -0.0103125
v 0.050314965 -0.07600263 -0.0103125
v 0.048743865 -0.08684868 -0.0103125
v 0.04965492 -0.07616193 -0.0103125
v 0.048456045 -0.086355765 -0.0103125
v 0.04820277 -0.085872675 -0.0103125
v 0.04797654 -0.08539665 -0.0103125
v 0.047777055 -0.084927585 -0.0103125
v 0.04760649 -0.084466245 -0.0103125
v 0.047461035 -0.08401134 -0.0103125
v 0.047337495 -0.083561715 -0.0103125
v 0.047237295 -0.083117895 -0.0103125
v 0.0478644 -0.07652049 -0.0103125
v 0.047160915 -0.082680045 -0.0103125
v 0.04710837 -0.082248165 -0.0103125
v 0.04707576 -0.081948615 -0.0103125
v 0.04697361 -0.081650895 -0.0103125
v 0.046800375 -0.08138061 -0.0103125
v 0.046552875 -0.08117952 -0.0103125
v 0.046256385 -0.081063 -0.0103125
v 0.045946905 -0.0810189 -0.0103125
v 0.045646695 -0.08104008 -0.0103125
v 0.04606875 -0.076776285 -0.0103125
v 0.04436493 -0.08113023 -0.0103125
v 0.044267985 -0.07692933 -0.0103125
v 0.043080765 -0.08117481 -0.0103125
v 0.04277139 -0.081186375 -0.0103125
v 0.04246602 -0.081264345 -0.0103125
v 0.042183975 -0.08141523 -0.0103125
v 0.04245783 -0.07697943 -0.0103125
v 0.041956245 -0.08165046 -0.0103125
v 0.041816505 -0.081940155 -0.0103125
v 0.041751525 -0.08224539 -0.0103125
v 0.04118184 -0.085838415 -0.0103125
v 0.04133871 -0.085362525 -0.0103125
v 0.040999845 -0.08632824 -0.0103125
v 0.040792275 -0.086827995 -0.0103125
v 0.040555155 -0.08733918 -0.0103125
v 0.04028511 -0.08786301 -0.0103125
v 0.039983655 -0.08839896 -0.0103125
v 0.0396513 -0.088946805 -0.0103125
v 0.040637145 -0.07692657 -0.0103125
v 0.039288045 -0.08950656 -0.0103125
v 0.03913605 -0.08970192 -0.0103125
v 0.03893097 -0.089837475 -0.0103125
v 0.03869841 -0.08990514 -0.0103125
v 0.03846393 -0.08989683 -0.0103125
v 0.037755195 -0.089827965 -0.0103125
v 0.03882351 -0.07677141 -0.0103125
v 0.03704763 -0.089747925 -0.0103125
v 0.036801945 -0.08970126 -0.0103125
v 0.036591615 -0.08958531 -0.0103125
v 0.03642846 -0.089413395 -0.0103125
v 0.03632433 -0.089198805 -0.0103125
v 0.036071385 -0.08855145 -0.0103125
v 0.03585033 -0.087925755 -0.0103125
v 0.03703026 -0.07651407 -0.0103125
v 0.035661195 -0.087321675 -0.0103125
v 0.03550473 -0.08673987 -0.0103125
v 0.035383335 -0.08618214 -0.0103125
v 0.03529173 -0.08564442 -0.0103125
v 0.03522366 -0.08512179 -0.0103125
v 0.0351789 -0.084614025 -0.0103125
v 0.035432865 -0.08155581 -0.0103125
v 0.03515925 -0.084122565 -0.0103125
v 0.035427105 -0.081242835 -0.0103125
v 0.035346735 -0.080939895 -0.0103125
v 0.035180085 -0.080678925 -0.0103125
v 0.034941405 -0.08047722 -0.0103125
v 0.035246175 -0.076152915 -0.0103125
v 0.034660065 -0.080336595 -0.0103125
v 0.03435411 -0.080258475 -0.0103125
v 0.03310722 -0.079948125 -0.0103125
v 0.033484095 -0.075691635 -0.0103125
v 0.03187215 -0.079593705 -0.0103125
v 0.03159603 -0.079513185 -0.0103125
v 0.031761105 -0.075134505 -0.0103125
v 0.03129216 -0.07948848 -0.0103125
v 0.03097974 -0.07953399 -0.0103125
v 0.03068955 -0.079673565 -0.0103125
v 0.03045828 -0.079896315 -0.0103125
v 0.030289965 -0.08017251 -0.0103125
v 0.03018756 -0.080484 -0.0103125
v 0.03003261 -0.080934945 -0.0103125
v 0.029854905 -0.081376455 -0.0103125
v 0.02965443 -0.0818085 -0.0103125
v 0.029431785 -0.082229925 -0.0103125
v 0.030076095 -0.074481255 -0.0103125
v 0.029188665 -0.082637175 -0.0103125
v 0.028921275 -0.083038125 -0.0103125
v 0.028625025 -0.083442255 -0.0103125
v 0.02830056 -0.08385186 -0.0103125
v 0.02794872 -0.084263025 -0.0103125
v 0.02756523 -0.084675915 -0.0103125
v 0.027146535 -0.085090665 -0.0103125
v 0.03537093 -0.08185911 -0.0103125
v 0.035161485 -0.08364498 -0.0103125
v 0.03528744 -0.0822861 -0.0103125
v 0.03518292 -0.083179185 -0.0103125
v 0.035224785 -0.082726125 -0.0103125
v 0.04146912 -0.08489856 -0.0103125
v 0.04175376 -0.08254209 -0.0103125
v 0.041574495 -0.084436125 -0.0103125
v 0.041745735 -0.08301885 -0.0103125
v 0.04165602 -0.08396652 -0.0103125
v 0.041713155 -0.08349366 -0.0103125
v 0.05253378 -0.08893668 -0.0103125
v 0.053389845 -0.0809253 -0.0103125
v 0.053529555 -0.08138121 -0.0103125
v 0.052757655 -0.08887329 -0.0103125
v 0.053645295 -0.08184285 -0.0103125
v 0.05296011 -0.0887343 -0.0103125
v 0.053737065 -0.08231022 -0.0103125
v 0.053115195 -0.08854005 -0.0103125
v 0.053804655 -0.08278203 -0.0103125
v 0.053196945 -0.088310865 -0.0103125
v 0.05336946 -0.087666255 -0.0103125
v 0.053847345 -0.083254395 -0.0103125
v 0.05351625 -0.08704251 -0.0103125
v 0.05386668 -0.083735955 -0.0103125
v 0.05386455 -0.08423703 -0.0103125
v 0.053637345 -0.086439645 -0.0103125
v 0.053842815 -0.08475912 -0.0103125
v 0.053732295 -0.085858005 -0.0103125
v 0.053799855 -0.085298565 -0.0103125
v 0.063775815 -0.07554441 -0.0103125
v 0.062891895 -0.083993595 -0.0103125
v 0.06395682 -0.07579191 -0.0103125
v 0.06423057 -0.07618233 -0.0103125
v 0.06347703 -0.08436864 -0.0103125
v 0.06448329 -0.076585605 -0.0103125
v 0.063688695 -0.08448159 -0.0103125
v 0.064714995 -0.077001735 -0.0103125
v 0.063924165 -0.084523935 -0.0103125
v 0.06416304 -0.08449341 -0.0103125
v 0.06492507 -0.07742958 -0.0103125
v 0.064384965 -0.084387735 -0.0103125
v 0.06511164 -0.07786563 -0.0103125
v 0.065278845 -0.07831764 -0.0103125
v 0.065431665 -0.07879485 -0.0103125
v 0.06500445 -0.0840366 -0.0103125
v 0.06557232 -0.0792981 -0.0103125
v 0.065698155 -0.07982442 -0.0103125
v 0.065806785 -0.08037735 -0.0103125
v 0.065896215 -0.080959875 -0.0103125
v 0.065618295 -0.083675715 -0.0103125
v 0.06596736 -0.081570645 -0.0103125
v 0.06581523 -0.083541855 -0.0103125
v 0.06602049 -0.082209225 -0.0103125
v 0.065962065 -0.08335374 -0.0103125
v 0.06605562 -0.0828756 -0.0103125
v 0.06604635 -0.083126565 -0.0103125
v 0.07182537 -0.066977865 -0.0103125
v 0.07113186 -0.07469577 -0.0103125
v 0.071972085 -0.06724413 -0.0103125
v 0.0721758 -0.06746763 -0.0103125
v 0.07162071 -0.074937735 -0.0103125
v 0.0724203 -0.067644375 -0.0103125
v 0.072801285 -0.0679311 -0.0103125
v 0.07214328 -0.075167325 -0.0103125
v 0.073166265 -0.068236545 -0.0103125
v 0.072705945 -0.07538274 -0.0103125
v 0.073515225 -0.06856071 -0.0103125
v 0.073847235 -0.06890268 -0.0103125
v 0.07330581 -0.075584775 -0.0103125
v 0.074159415 -0.069259755 -0.0103125
v 0.07445811 -0.069637965 -0.0103125
v 0.07394196 -0.07577373 -0.0103125
v 0.074750925 -0.0700446 -0.0103125
v 0.0750402 -0.07047975 -0.0103125
v 0.07461435 -0.07594959 -0.0103125
v 0.07532253 -0.07094142 -0.0103125
v 0.074859855 -0.075991695 -0.0103125
v 0.0755967 -0.071433735 -0.0103125
v 0.07510062 -0.075954735 -0.0103125
v 0.0753156 -0.075849615 -0.0103125
v 0.075861765 -0.0719601 -0.0103125
v 0.07548375 -0.075687195 -0.0103125
v 0.07611816 -0.072518985 -0.0103125
v 0.075964395 -0.075161805 -0.0103125
v 0.07636602 -0.073109895 -0.0103125
v 0.076436685 -0.0746289 -0.0103125
v 0.07660536 -0.0737328 -0.0103125
v 0.076580205 -0.074446095 -0.0103125
v 0.07667424 -0.07397184 -0.0103125
v 0.07666263 -0.07421835 -0.0103125
v 0.073493355 -0.06361206 -0.0103125
v 0.076775055 -0.03349821 -0.0103125
v 0.073659375 -0.06334818 -0.0103125
v 0.07692582 -0.03375327 -0.0103125
v 0.073881765 -0.063122355 -0.0103125
v 0.0771408 -0.0339807 -0.0103125
v 0.074153565 -0.062954565 -0.0103125
v 0.07727916 -0.034072095 -0.0103125
v 0.07743036 -0.03414375 -0.0103125
v 0.074464095 -0.06287751 -0.0103125
v 0.07758786 -0.034186935 -0.0103125
v 0.07775583 -0.034203645 -0.0103125
v 0.074778615 -0.06289926 -0.0103125
v 0.07792362 -0.034199625 -0.0103125
v 0.0780837 -0.03417828 -0.0103125
v 0.075072375 -0.062992185 -0.0103125
v 0.07839312 -0.034077975 -0.0103125
v 0.07532985 -0.063139635 -0.0103125
v 0.075710145 -0.063350985 -0.0103125
v 0.07884903 -0.033938265 -0.0103125
v 0.07610928 -0.063546555 -0.0103125
v 0.07848753 -0.0415071 -0.0103125
v 0.07697799 -0.055882995 -0.0103125
v 0.07931067 -0.033822525 -0.0103125
v 0.078534405 -0.04119561 -0.0103125
v 0.078652815 -0.04090518 -0.0103125
v 0.07977804 -0.033730755 -0.0103125
v 0.07885014 -0.040665735 -0.0103125
v 0.079113255 -0.040496055 -0.0103125
v 0.08024985 -0.033663165 -0.0103125
v 0.07940871 -0.040394235 -0.0103125
v 0.07971597 -0.04035945 -0.0103125
v 0.08072223 -0.033620475 -0.0103125
v 0.080147865 -0.040306905 -0.0103125
v 0.081203775 -0.03360114 -0.0103125
v 0.080585715 -0.040230525 -0.0103125
v 0.08170485 -0.03360327 -0.0103125
v 0.081029535 -0.040130325 -0.0103125
v 0.08222694 -0.033625005 -0.0103125
v 0.08147916 -0.040006785 -0.0103125
v 0.081934065 -0.03986133 -0.0103125
v 0.08276637 -0.033667965 -0.0103125
v 0.08239539 -0.039690765 -0.0103125
v 0.083325825 -0.033735525 -0.0103125
v 0.08286447 -0.03949128 -0.0103125
v 0.083907465 -0.033830475 -0.0103125
v 0.083340495 -0.03926505 -0.0103125
v 0.08451033 -0.03395157 -0.0103125
v 0.0838236 -0.039011775 -0.0103125
v 0.0843165 -0.038723955 -0.0103125
v 0.08513406 -0.03409836 -0.0103125
v 0.08482149 -0.038395365 -0.0103125
v 0.085778685 -0.03427086 -0.0103125
v 0.08533755 -0.03802881 -0.0103125
v 0.086014305 -0.03435717 -0.0103125
v 0.08586432 -0.037625235 -0.0103125
v 0.08620404 -0.03450693 -0.0103125
v 0.086337555 -0.034704465 -0.0103125
v 0.0864045 -0.03493404 -0.0103125
v 0.086558025 -0.035629365 -0.0103125
v 0.086401815 -0.037184625 -0.0103125
v 0.086700555 -0.03632703 -0.0103125
v 0.08657022 -0.037024695 -0.0103125
v 0.08668482 -0.036813225 -0.0103125
v 0.08673261 -0.036573045 -0.0103125
v 0.0785079 -0.041821125 -0.0103125
v 0.076958145 -0.056202825 -0.0103125
v 0.0769737 -0.05637117 -0.0103125
v 0.077014155 -0.056527605 -0.0103125
v 0.0771666 -0.056812545 -0.0103125
v 0.076527225 -0.06372636 -0.0103125
v 0.077393325 -0.05703156 -0.0103125
v 0.077661765 -0.05718711 -0.0103125
v 0.07696359 -0.063890685 -0.0103125
v 0.077951805 -0.05728026 -0.0103125
v 0.077417115 -0.0640404 -0.0103125
v 0.078402765 -0.05743521 -0.0103125
v 0.07789059 -0.064173585 -0.0103125
v 0.07884426 -0.057612915 -0.0103125
v 0.07838733 -0.064287915 -0.0103125
v 0.07927632 -0.05781339 -0.0103125
v 0.07890543 -0.06438468 -0.0103125
v 0.079697745 -0.058036035 -0.0103125
v 0.07944513 -0.06446373 -0.0103125
v 0.080104995 -0.058279155 -0.0103125
v 0.080505945 -0.058546545 -0.0103125
v 0.080013075 -0.06452061 -0.0103125
v 0.080910075 -0.058842795 -0.0103125
v 0.08061477 -0.064551615 -0.0103125
v 0.081319665 -0.05916726 -0.0103125
v 0.08173083 -0.0595191 -0.0103125
v 0.08124771 -0.064558395 -0.0103125
v 0.08214372 -0.059902575 -0.0103125
v 0.081911115 -0.06454152 -0.0103125
v 0.082558485 -0.060321285 -0.0103125
v 0.082975035 -0.060773595 -0.0103125
v 0.08260494 -0.06450099 -0.0103125
v 0.083393355 -0.06125898 -0.0103125
v 0.08283549 -0.06447051 -0.0103125
v 0.08305278 -0.064366365 -0.0103125
v 0.083232585 -0.064199985 -0.0103125
v 0.083813475 -0.06177744 -0.0103125
v 0.083350695 -0.06398277 -0.0103125
v 0.083645475 -0.063334575 -0.0103125
v 0.083895285 -0.06188418 -0.0103125
v 0.083957205 -0.06199479 -0.0103125
v 0.083929965 -0.062681805 -0.0103125
v 0.084020205 -0.06223122 -0.0103125
v 0.084008955 -0.062466855 -0.0103125
v 0.07706151 -0.05559567 -0.0103125
v 0.07859805 -0.04310289 -0.0103125
v 0.077415945 -0.0543606 -0.0103125
v 0.07864263 -0.04438704 -0.0103125
v 0.077726295 -0.05311371 -0.0103125
v 0.07865055 -0.044665515 -0.0103125
v 0.07779888 -0.05282175 -0.0103125
v 0.078715725 -0.044955345 -0.0103125
v 0.07793649 -0.05254098 -0.0103125
v 0.078851025 -0.04523766 -0.0103125
v 0.078139035 -0.05229489 -0.0103125
v 0.078955185 -0.04536753 -0.0103125
v 0.079078185 -0.045482565 -0.0103125
v 0.078406935 -0.05212161 -0.0103125
v 0.07921761 -0.04557222 -0.0103125
v 0.07937712 -0.04563978 -0.0103125
v 0.07871757 -0.052040445 -0.0103125
v 0.079540845 -0.045687375 -0.0103125
v 0.079032195 -0.05203536 -0.0103125
v 0.079697895 -0.04571586 -0.0103125
v 0.07932693 -0.05209689 -0.0103125
v 0.08000991 -0.04571406 -0.0103125
v 0.07975392 -0.05218038 -0.0103125
v 0.08048667 -0.045722085 -0.0103125
v 0.080193945 -0.052243035 -0.0103125
v 0.08096148 -0.045754665 -0.0103125
v 0.080647005 -0.0522849 -0.0103125
v 0.08143434 -0.0458118 -0.0103125
v 0.0811128 -0.052306335 -0.0103125
v 0.081903945 -0.045893325 -0.0103125
v 0.0815904 -0.05230857 -0.0103125
v 0.08236638 -0.0459987 -0.0103125
v 0.082081845 -0.05228892 -0.0103125
v 0.082830345 -0.04612911 -0.0103125
v 0.08258961 -0.05224416 -0.0103125
v 0.083306235 -0.04628598 -0.0103125
v 0.08311224 -0.05217609 -0.0103125
v 0.083796045 -0.046467975 -0.0103125
v 0.08364996 -0.052084485 -0.0103125
v 0.084295815 -0.046675545 -0.0103125
v 0.084207675 -0.05196309 -0.0103125
v 0.084807 -0.046912665 -0.0103125
v 0.084789495 -0.051806625 -0.0103125
v 0.085330845 -0.04718271 -0.0103125
v 0.08539356 -0.05161749 -0.0103125
v 0.08586678 -0.047484165 -0.0103125
v 0.08601927 -0.051396435 -0.0103125
v 0.086414625 -0.04781652 -0.0103125
v 0.086974395 -0.048179775 -0.0103125
v 0.086666625 -0.05114349 -0.0103125
v 0.08716974 -0.048331755 -0.0103125
v 0.08688078 -0.05103966 -0.0103125
v 0.087052755 -0.05087667 -0.0103125
v 0.087305295 -0.04853682 -0.0103125
v 0.08716893 -0.050666265 -0.0103125
v 0.087372945 -0.048769395 -0.0103125
v 0.087364635 -0.04900389 -0.0103125
v 0.087215745 -0.05042019 -0.0103125
v 0.087295785 -0.049712625 -0.0103125
v 0.075731205 -0.02963352 -0.0103125
v 0.07592763 -0.029392185 -0.0103125
v 0.076176255 -0.02920518 -0.0103125
v 0.07729224 -0.021769665 -0.0103125
v 0.076458915 -0.02907627 -0.0103125
v 0.076853415 -0.02889282 -0.0103125
v 0.07784517 -0.021661035 -0.0103125
v 0.07724625 -0.02868489 -0.0103125
v 0.078427695 -0.021571605 -0.0103125
v 0.07763739 -0.028452435 -0.0103125
v 0.07802682 -0.028195995 -0.0103125
v 0.079038465 -0.02150046 -0.0103125
v 0.07841451 -0.027917085 -0.0103125
v 0.07967703 -0.02144733 -0.0103125
v 0.07880055 -0.027612315 -0.0103125
v 0.07918503 -0.02727765 -0.0103125
v 0.08034342 -0.021412185 -0.0103125
v 0.079567845 -0.026915385 -0.0103125
v 0.07994904 -0.02652522 -0.0103125
v 0.08059572 -0.021421725 -0.0103125
v 0.08032887 -0.026099175 -0.0103125
v 0.080823555 -0.02150703 -0.0103125
v 0.08101134 -0.02165424 -0.0103125
v 0.080707605 -0.02563062 -0.0103125
v 0.081143535 -0.021849525 -0.0103125
v 0.08108514 -0.02512254 -0.0103125
v 0.08150442 -0.02246337 -0.0103125
v 0.081461415 -0.024575925 -0.0103125
v 0.081855555 -0.023082855 -0.0103125
v 0.081836445 -0.023990775 -0.0103125
v 0.081961035 -0.023304555 -0.0103125
v 0.08195022 -0.023776185 -0.0103125
v 0.081992175 -0.023541555 -0.0103125
v 0.069466095 -0.01981821 -0.0103125
v 0.06964503 -0.01956228 -0.0103125
v 0.06987456 -0.0193518 -0.0103125
v 0.07120062 -0.01086246 -0.0103125
v 0.070193085 -0.01905543 -0.0103125
v 0.070502415 -0.018736275 -0.0103125
v 0.071435295 -0.010793805 -0.0103125
v 0.07080258 -0.01839435 -0.0103125
v 0.071683335 -0.010805235 -0.0103125
v 0.071093715 -0.01803012 -0.0103125
v 0.07191405 -0.010887435 -0.0103125
v 0.071376255 -0.01764504 -0.0103125
v 0.07209672 -0.011031135 -0.0103125
v 0.071649225 -0.0172359 -0.0103125
v 0.072629625 -0.011503425 -0.0103125
v 0.071911455 -0.0167988 -0.0103125
v 0.07216359 -0.01633596 -0.0103125
v 0.073155015 -0.01198407 -0.0103125
v 0.07240554 -0.01584711 -0.0103125
v 0.072635145 -0.01532454 -0.0103125
v 0.07285056 -0.014761875 -0.0103125
v 0.073052595 -0.014161995 -0.0103125
v 0.07332594 -0.01216563 -0.0103125
v 0.07324155 -0.01352586 -0.0103125
v 0.073428075 -0.012382575 -0.0103125
v 0.07341741 -0.01285347 -0.0103125
v 0.073459275 -0.01261761 -0.0103125
v 0.060458415 -0.01239843 -0.0103125
v 0.060607455 -0.01213797 -0.0103125
v 0.06081879 -0.011757675 -0.0103125
v 0.061667895 -0.004235325 -0.0103125
v 0.061014375 -0.01135854 -0.0103125
v 0.061834215 -0.004415025 -0.0103125
v 0.06119418 -0.010940595 -0.0103125
v 0.061938285 -0.00463221 -0.0103125
v 0.061358505 -0.01050423 -0.0103125
v 0.061968795 -0.00486288 -0.0103125
v 0.06150822 -0.01005069 -0.0103125
v 0.062009325 -0.005556705 -0.0103125
v 0.06164139 -0.00957723 -0.0103125
v 0.0620262 -0.00622011 -0.0103125
v 0.061755735 -0.009080475 -0.0103125
v 0.06201942 -0.00685305 -0.0103125
v 0.0618525 -0.00856239 -0.0103125
v 0.06198843 -0.007454745 -0.0103125
v 0.06193155 -0.008022675 -0.0103125
v 0.04956471 -0.00814089 -0.0103125
v 0.049774155 -0.00635502 -0.0103125
v 0.0496482 -0.0077139 -0.0103125
v 0.04975272 -0.006820815 -0.0103125
v 0.049710855 -0.007273875 -0.0103125
v 0.04788801 -0.000252075 -0.0103125
v 0.043140105 -0.044348415 -0.0103125
v 0.04301886 -0.04424154 -0.0103125
v 0.042879765 -0.044159265 -0.0103125
v 0.042724245 -0.044099565 -0.0103125
v 0.047180445 -0.000172035 -0.0103125
v 0.042565815 -0.04406763 -0.0103125
v 0.042404205 -0.044065935 -0.0103125
v 0.042239685 -0.04409199 -0.0103125
v 0.042086505 -0.04414356 -0.0103125
v 0.0419457 -0.04422288 -0.0103125
v 0.041816235 -0.044327715 -0.0103125
v 0.04170936 -0.04444896 -0.0103125
v 0.04162881 -0.04458357 -0.0103125
v 0.041570835 -0.044734575 -0.0103125
v 0.04369365 -0.01925493 -0.0103125
v 0.045647595 -0.000493425 -0.0103125
v 0.04374063 -0.018532695 -0.0103125
v 0.04376868 -0.01786113 -0.0103125
v 0.043783635 -0.017355795 -0.0103125
v 0.04375767 -0.01681929 -0.0103125
v 0.04528434 -0.001053195 -0.0103125
v 0.043686405 -0.016255515 -0.0103125
v 0.04353705 -0.015690915 -0.0103125
v 0.044951985 -0.00160104 -0.0103125
v 0.04343223 -0.015412605 -0.0103125
v 0.043303875 -0.01514226 -0.0103125
v 0.04465053 -0.002136975 -0.0103125
v 0.0431529 -0.01487619 -0.0103125
v 0.044380485 -0.00266082 -0.0103125
v 0.042981105 -0.01462275 -0.0103125
v 0.044143365 -0.003172005 -0.0103125
v 0.04278939 -0.014388855 -0.0103125
v 0.043935795 -0.003671775 -0.0103125
v 0.043753785 -0.004161585 -0.0103125
v 0.042576285 -0.01417056 -0.0103125
v 0.043596915 -0.004637475 -0.0103125
v 0.04346652 -0.00510144 -0.0103125
v 0.043183995 -0.00775977 -0.0103125
v 0.042345135 -0.013970925 -0.0103125
v 0.04318188 -0.00745791 -0.0103125
v 0.043361145 -0.005563875 -0.0103125
v 0.043189905 -0.00698115 -0.0103125
v 0.04327962 -0.00603348 -0.0103125
v 0.043222485 -0.00650634 -0.0103125
v 0.043115115 -0.008070645 -0.0103125
v 0.04305336 -0.008225775 -0.0103125
v 0.04296963 -0.008363625 -0.0103125
v 0.04273755 -0.008595015 -0.0103125
v 0.04209855 -0.01379367 -0.0103125
v 0.04245579 -0.00874074 -0.0103125
v 0.041832675 -0.013637265 -0.0103125
v 0.04215516 -0.00881475 -0.0103125
v 0.041554605 -0.013502475 -0.0103125
v 0.04185486 -0.00882519 -0.0103125
v 0.04127274 -0.01339107 -0.0103125
v 0.040983375 -0.01330392 -0.0103125
v 0.040689735 -0.013238595 -0.0103125
v 0.0403983 -0.013192365 -0.0103125
v 0.04057071 -0.00886977 -0.0103125
v 0.03981636 -0.0131628 -0.0103125
v 0.039264885 -0.013179285 -0.0103125
v 0.039288945 -0.00895992 -0.0103125
v 0.038747895 -0.013237095 -0.0103125
v 0.03896328 -0.008979975 -0.0103125
v 0.03694122 -0.01350204 -0.0103125
v 0.038645085 -0.008928585 -0.0103125
v 0.038352345 -0.008802285 -0.0103125
v 0.038114205 -0.00859473 -0.0103125
v 0.03795303 -0.008331675 -0.0103125
v 0.03785922 -0.008044275 -0.0103125
v 0.03782727 -0.00775185 -0.0103125
v 0.037774725 -0.007319955 -0.0103125
v 0.037698345 -0.006882105 -0.0103125
v 0.037598145 -0.006438285 -0.0103125
v 0.03516429 -0.01386549 -0.0103125
v 0.037474605 -0.00598866 -0.0103125
v 0.03732915 -0.005533755 -0.0103125
v 0.037158585 -0.00507243 -0.0103125
v 0.0369591 -0.00460335 -0.0103125
v 0.03673287 -0.004127325 -0.0103125
v 0.036479595 -0.00364422 -0.0103125
v 0.036191775 -0.00315132 -0.0103125
v 0.033417105 -0.014327415 -0.0103125
v 0.035863185 -0.00264633 -0.0103125
v 0.03549663 -0.00213027 -0.0103125
v 0.035093055 -0.0016035 -0.0103125
v 0.034652445 -0.001066005 -0.0103125
v 0.031695705 -0.01488945 -0.0103125
v 0.034489515 -0.00089586 -0.0103125
v 0.034282275 -0.00078228 -0.0103125
v 0.03404574 -0.000735885 -0.0103125
v 0.03379485 -0.000767265 -0.0103125
v 0.033097185 -0.00090978 -0.0103125
v 0.031639125 -0.0099471 -0.0103125
v 0.029999025 -0.015551985 -0.0103125
v 0.031672695 -0.009638925 -0.0103125
v 0.0316359 -0.009343695 -0.0103125
v 0.03240186 -0.00106332 -0.0103125
v 0.03154578 -0.009074685 -0.0103125
v 0.031406085 -0.00861879 -0.0103125
v 0.032193495 -0.00112011 -0.0103125
v 0.031290345 -0.00815715 -0.0103125
v 0.031996275 -0.001244895 -0.0103125
v 0.031198575 -0.00768978 -0.0103125
v 0.031836045 -0.00143535 -0.0103125
v 0.031130985 -0.00721797 -0.0103125
v 0.031780095 -0.00155427 -0.0103125
v 0.03173868 -0.001689135 -0.0103125
v 0.03156618 -0.00233376 -0.0103125
v 0.031088295 -0.00674559 -0.0103125
v 0.031419375 -0.00295749 -0.0103125
v 0.03106896 -0.006264045 -0.0103125
v 0.03107109 -0.00576297 -0.0103125
v 0.031298295 -0.003560355 -0.0103125
v 0.031092825 -0.00524088 -0.0103125
v 0.031203345 -0.004141995 -0.0103125
v 0.031135785 -0.004701435 -0.0103125
v 0.03150693 -0.0102474 -0.0103125
v 0.031407705 -0.010376445 -0.0103125
v 0.03128421 -0.01049199 -0.0103125
v 0.031148685 -0.01059159 -0.0103125
v 0.03100947 -0.01067304 -0.0103125
v 0.03070623 -0.01078512 -0.0103125
v 0.0294987 -0.01122435 -0.0103125
v 0.0283434 -0.016308465 -0.0103125
v 0.028307535 -0.01170618 -0.0103125
v 0.02674137 -0.017154315 -0.0103125
v 0.02803053 -0.011818425 -0.0103125
v 0.02772456 -0.01187259 -0.0103125
v 0.027407775 -0.01185462 -0.0103125
v 0.027109335 -0.01174128 -0.0103125
v 0.0251829 -0.01809483 -0.0103125
v 0.02685948 -0.011538135 -0.0103125
v 0.02666877 -0.01128576 -0.0103125
v 0.02654409 -0.011008905 -0.0103125
v 0.02636064 -0.01061439 -0.0103125
v 0.026152695 -0.01022157 -0.0103125
v 0.025920255 -0.00983043 -0.0103125
v 0.023678865 -0.019122225 -0.0103125
v 0.025663815 -0.009441 -0.0103125
v 0.025384905 -0.00905331 -0.0103125
v 0.025080135 -0.008667255 -0.0103125
v 0.02474547 -0.00828279 -0.0103125
v 0.02224386 -0.02022675 -0.0103125
v 0.024383205 -0.007899975 -0.0103125
v 0.02399304 -0.00751878 -0.0103125
v 0.023566995 -0.00713895 -0.0103125
v 0.02087697 -0.02140902 -0.0103125
v 0.02309844 -0.0067602 -0.0103125
v 0.02259036 -0.00638268 -0.0103125
v 0.021305385 -0.015332985 -0.0103125
v 0.01957461 -0.02267142 -0.0103125
v 0.021338175 -0.015017205 -0.0103125
v 0.02127564 -0.01471251 -0.0103125
v 0.022043745 -0.006006405 -0.0103125
v 0.021149415 -0.014438655 -0.0103125
v 0.02097882 -0.01420809 -0.0103125
v 0.02070507 -0.01381767 -0.0103125
v 0.021458595 -0.005631375 -0.0103125
v 0.02045235 -0.013414395 -0.0103125
v 0.02123358 -0.00551478 -0.0103125
v 0.02022063 -0.012998265 -0.0103125
v 0.02100123 -0.00547437 -0.0103125
v 0.02001057 -0.01257042 -0.0103125
v 0.020770575 -0.0055077 -0.0103125
v 0.020550675 -0.005612265 -0.0103125
v 0.019824 -0.01213437 -0.0103125
v 0.01965678 -0.01168236 -0.0103125
v 0.019503975 -0.01120515 -0.0103125
v 0.01993119 -0.0059634 -0.0103125
v 0.01936332 -0.0107019 -0.0103125
v 0.019237485 -0.01017558 -0.0103125
v 0.019128855 -0.00962265 -0.0103125
v 0.01903941 -0.009040125 -0.0103125
v 0.019317345 -0.006324285 -0.0103125
v 0.01896828 -0.008429355 -0.0103125
v 0.01911468 -0.00646404 -0.0103125
v 0.01891515 -0.007790775 -0.0103125
v 0.018969255 -0.006653025 -0.0103125
v 0.018880005 -0.0071244 -0.0103125
v 0.01888854 -0.00687765 -0.0103125
v 0.02125149 -0.01548405 -0.0103125
v 0.021170895 -0.015631995 -0.0103125
v 0.02107347 -0.015769335 -0.0103125
v 0.0209658 -0.01589067 -0.0103125
v 0.02070891 -0.01609425 -0.0103125
v 0.019696215 -0.016885125 -0.0103125
v 0.01833681 -0.02401395 -0.0103125
v 0.01810374 -0.024273405 -0.0103125
v 0.01871223 -0.01771146 -0.0103125
v 0.01788078 -0.024546495 -0.0103125
v 0.018493095 -0.01789599 -0.0103125
v 0.017667945 -0.024833205 -0.0103125
v 0.01823697 -0.018038985 -0.0103125
v 0.017463015 -0.025134195 -0.0103125
v 0.01726398 -0.02545002 -0.0103125
v 0.017950365 -0.01812447 -0.0103125
v 0.017081265 -0.025777695 -0.0103125
v 0.01692507 -0.026114655 -0.0103125
v 0.01679181 -0.026464515 -0.0103125
v 0.016681875 -0.02682285 -0.0103125
v 0.01659891 -0.02718255 -0.0103125
v 0.013147155 -0.02315478 -0.0103125
v 0.013098885 -0.02299521 -0.0103125
v 0.01380378 -0.01530423 -0.0103125
v 0.01294032 -0.02272584 -0.0103125
v 0.01273749 -0.022512585 -0.0103125
v 0.01331493 -0.015062265 -0.0103125
v 0.01251534 -0.022355625 -0.0103125
v 0.012134355 -0.0220689 -0.0103125
v 0.01279236 -0.014832675 -0.0103125
v 0.011769375 -0.021763455 -0.0103125
v 0.012229695 -0.01461726 -0.0103125
v 0.0114204 -0.02143929 -0.0103125
v 0.011088405 -0.02109732 -0.0103125
v 0.011629815 -0.014415225 -0.0103125
v 0.010776225 -0.020740245 -0.0103125
v 0.010477515 -0.020362035 -0.0103125
v 0.01099368 -0.01422627 -0.0103125
v 0.010184715 -0.0199554 -0.0103125
v 0.00989544 -0.01952025 -0.0103125
v 0.01032129 -0.01405041 -0.0103125
v 0.00961311 -0.01905858 -0.0103125
v 0.010077765 -0.014008845 -0.0103125
v 0.00933894 -0.01856628 -0.0103125
v 0.009844305 -0.01404078 -0.0103125
v 0.00963201 -0.014143125 -0.0103125
v 0.009073875 -0.0180399 -0.0103125
v 0.00945189 -0.014312805 -0.0103125
v 0.00881748 -0.017481 -0.0103125
v 0.008971245 -0.014838195 -0.0103125
v 0.00856962 -0.016890105 -0.0103125
v 0.008498955 -0.0153711 -0.0103125
v 0.00833028 -0.0162672 -0.0103125
v 0.008347275 -0.01557153 -0.0103125
v 0.0082623 -0.01602819 -0.0103125
v 0.00826818 -0.01579344 -0.0103125
v 0.011442285 -0.02638794 -0.0103125
v 0.008147115 -0.056472105 -0.0103125
v 0.011279535 -0.02664615 -0.0103125
v 0.007977315 -0.056204625 -0.0103125
v 0.01107003 -0.026865225 -0.0103125
v 0.010816035 -0.027030375 -0.0103125
v 0.007745415 -0.055981545 -0.0103125
v 0.010520715 -0.027117615 -0.0103125
v 0.00745356 -0.05583927 -0.0103125
v 0.010206225 -0.027110355 -0.0103125
v 0.00714135 -0.05579487 -0.0103125
v 0.00989631 -0.02702199 -0.0103125
v 0.006832665 -0.05582676 -0.0103125
v 0.00974904 -0.026950545 -0.0103125
v 0.006542505 -0.055922025 -0.0103125
v 0.00960579 -0.026860365 -0.0103125
v 0.009225495 -0.026649015 -0.0103125
v 0.00608661 -0.056061735 -0.0103125
v 0.00882636 -0.026453445 -0.0103125
v 0.00644889 -0.048481155 -0.0103125
v 0.007954065 -0.034131285 -0.0103125
v 0.00562497 -0.056177475 -0.0103125
v 0.00640401 -0.048791745 -0.0103125
v 0.00628641 -0.04908834 -0.0103125
v 0.0051576 -0.056269245 -0.0103125
v 0.006084585 -0.049334865 -0.0103125
v 0.00581469 -0.049506885 -0.0103125
v 0.00468579 -0.056336835 -0.0103125
v 0.005517945 -0.04960815 -0.0103125
v 0.00521967 -0.04964055 -0.0103125
v 0.00421341 -0.056379525 -0.0103125
v 0.004787775 -0.049693095 -0.0103125
v 0.003731865 -0.05639886 -0.0103125
v 0.004349925 -0.049769475 -0.0103125
v 0.00323079 -0.05639673 -0.0103125
v 0.003906105 -0.049869675 -0.0103125
v 0.0027087 -0.056374995 -0.0103125
v 0.00345648 -0.049993215 -0.0103125
v 0.003001575 -0.05013867 -0.0103125
v 0.002169255 -0.056332035 -0.0103125
v 0.00254025 -0.050309235 -0.0103125
v 0.001609815 -0.056264475 -0.0103125
v 0.00207117 -0.05050872 -0.0103125
v 0.001028175 -0.056169525 -0.0103125
v 0.001595145 -0.05073495 -0.0103125
v 0.00042531 -0.05604843 -0.0103125
v 0.00111204 -0.050988225 -0.0103125
v 0.00061914 -0.051276045 -0.0103125
v -0.000198435 -0.05590164 -0.0103125
v 0.00011415 -0.051604635 -0.0103125
v -0.000843045 -0.05572914 -0.0103125
v -0.00040191 -0.05197119 -0.0103125
v -0.0010722 -0.05564739 -0.0103125
v -0.00092868 -0.052374765 -0.0103125
v -0.00126642 -0.05549238 -0.0103125
v -0.00140541 -0.055289955 -0.0103125
v -0.00146886 -0.05506596 -0.0103125
v -0.0016224 -0.054370635 -0.0103125
v -0.001466175 -0.052815375 -0.0103125
v -0.001764915 -0.05367297 -0.0103125
v -0.00164409 -0.052989675 -0.0103125
v -0.001755075 -0.05319717 -0.0103125
v -0.001796295 -0.053428155 -0.0103125
v 0.00642774 -0.048178875 -0.0103125
v 0.007980015 -0.03382944 -0.0103125
v 0.00793377 -0.033514215 -0.0103125
v 0.00787023 -0.03335709 -0.0103125
v 0.007784985 -0.03320967 -0.0103125
v 0.008408415 -0.02627364 -0.0103125
v 0.00768003 -0.03308424 -0.0103125
v 0.007552395 -0.0329766 -0.0103125
v 0.00727695 -0.032813355 -0.0103125
v 0.00797205 -0.026109315 -0.0103125
v 0.00698382 -0.03271974 -0.0103125
v 0.00751851 -0.0259596 -0.0103125
v 0.006532875 -0.03256479 -0.0103125
v 0.007045035 -0.025826415 -0.0103125
v 0.00609138 -0.032387085 -0.0103125
v 0.006548295 -0.025712085 -0.0103125
v 0.00565932 -0.03218661 -0.0103125
v 0.00603021 -0.02561532 -0.0103125
v 0.005237895 -0.031963965 -0.0103125
v 0.005490495 -0.02553627 -0.0103125
v 0.004830645 -0.031720845 -0.0103125
v 0.004429695 -0.031453455 -0.0103125
v 0.004922565 -0.02547939 -0.0103125
v 0.004025565 -0.031157205 -0.0103125
v 0.00432087 -0.025448385 -0.0103125
v 0.00361596 -0.03083274 -0.0103125
v 0.003204795 -0.0304809 -0.0103125
v 0.003687915 -0.025441605 -0.0103125
v 0.002791905 -0.030097425 -0.0103125
v 0.003024525 -0.02545848 -0.0103125
v 0.002377155 -0.029678715 -0.0103125
v 0.001960605 -0.029226405 -0.0103125
v 0.0023307 -0.02549901 -0.0103125
v 0.00154227 -0.02874102 -0.0103125
v 0.002195475 -0.025510335 -0.0103125
v 0.002070915 -0.025539465 -0.0103125
v 0.001851585 -0.02565558 -0.0103125
v 0.001122165 -0.02822256 -0.0103125
v 0.001685355 -0.025822965 -0.0103125
v 0.001584945 -0.02601723 -0.0103125
v 0.001290165 -0.026665425 -0.0103125
v 0.001036665 -0.028108275 -0.0103125
v 0.00097278 -0.02799006 -0.0103125
v 0.001005675 -0.027318195 -0.0103125
v 0.000909885 -0.027741855 -0.0103125
v 0.00093492 -0.027511425 -0.0103125
v 0.007874115 -0.03440433 -0.0103125
v 0.00633759 -0.04689711 -0.0103125
v 0.007519695 -0.0356394 -0.0103125
v 0.00629301 -0.04561296 -0.0103125
v 0.007209345 -0.03688629 -0.0103125
v 0.006281895 -0.045306405 -0.0103125
v 0.00713493 -0.037183215 -0.0103125
v 0.0062046 -0.04500162 -0.0103125
v 0.006995565 -0.03746499 -0.0103125
v 0.006054615 -0.04471881 -0.0103125
v 0.006791805 -0.037709445 -0.0103125
v 0.00652389 -0.037880475 -0.0103125
v 0.00582057 -0.04449051 -0.0103125
v 0.00621513 -0.03796005 -0.0103125
v 0.0055281 -0.044349285 -0.0103125
v 0.005902455 -0.0379644 -0.0103125
v 0.005220855 -0.04428333 -0.0103125
v 0.00560871 -0.03790311 -0.0103125
v 0.00492573 -0.04428594 -0.0103125
v 0.00518172 -0.03781962 -0.0103125
v 0.00444897 -0.044277915 -0.0103125
v 0.004741695 -0.037756965 -0.0103125
v 0.00397416 -0.044245335 -0.0103125
v 0.004288635 -0.0377151 -0.0103125
v 0.0035013 -0.0441882 -0.0103125
v 0.00382284 -0.037693665 -0.0103125
v 0.003031695 -0.044106675 -0.0103125
v 0.00334524 -0.03769143 -0.0103125
v 0.00256926 -0.0440013 -0.0103125
v 0.002853795 -0.03771108 -0.0103125
v 0.002105295 -0.04387089 -0.0103125
v 0.00234603 -0.03775584 -0.0103125
v 0.001629405 -0.04371402 -0.0103125
v 0.0018234 -0.03782391 -0.0103125
v 0.00113958 -0.043532025 -0.0103125
v 0.00128568 -0.037915515 -0.0103125
v 0.000639825 -0.043324455 -0.0103125
v 0.00072795 -0.03803691 -0.0103125
v 0.00012864 -0.043087335 -0.0103125
v 0.000146145 -0.038193375 -0.0103125
v -0.000395205 -0.04281729 -0.0103125
v -0.000457935 -0.03838251 -0.0103125
v -0.00093114 -0.042515835 -0.0103125
v -0.001083645 -0.038603565 -0.0103125
v -0.001478985 -0.04218348 -0.0103125
v -0.002038755 -0.041820225 -0.0103125
v -0.001730985 -0.03885651 -0.0103125
v -0.00223326 -0.041669385 -0.0103125
v -0.001940445 -0.038956875 -0.0103125
v -0.002113035 -0.039118485 -0.0103125
v -0.002369295 -0.041463075 -0.0103125
v -0.00223188 -0.039329925 -0.0103125
v -0.00243762 -0.04122933 -0.0103125
v -0.002428995 -0.04099611 -0.0103125
v -0.002280105 -0.03957981 -0.0103125
v -0.002360145 -0.040287375 -0.0103125
v 0.009236955 -0.06030453 -0.0103125
v 0.009149865 -0.06045063 -0.0103125
v 0.00903921 -0.06057927 -0.0103125
v 0.008905485 -0.060692745 -0.0103125
v 0.0076434 -0.068230335 -0.0103125
v 0.008766945 -0.06078801 -0.0103125
v 0.008476725 -0.060923745 -0.0103125
v 0.00808221 -0.06110718 -0.0103125
v 0.00709047 -0.068338965 -0.0103125
v 0.00768939 -0.061315125 -0.0103125
v 0.006507945 -0.068428395 -0.0103125
v 0.00729825 -0.061547565 -0.0103125
v 0.00690882 -0.06180399 -0.0103125
v 0.005897175 -0.06849954 -0.0103125
v 0.006521115 -0.062082915 -0.0103125
v 0.005258595 -0.06855267 -0.0103125
v 0.006135075 -0.062387685 -0.0103125
v 0.00575061 -0.06272235 -0.0103125
v 0.00459222 -0.068587815 -0.0103125
v 0.005367795 -0.063084615 -0.0103125
v 0.0049866 -0.06347478 -0.0103125
v 0.004347765 -0.06858003 -0.0103125
v 0.004606755 -0.063900825 -0.0103125
v 0.00412083 -0.068497755 -0.0103125
v 0.003929565 -0.06835119 -0.0103125
v 0.00422802 -0.06436938 -0.0103125
v 0.003792105 -0.068150475 -0.0103125
v 0.0038505 -0.06487746 -0.0103125
v 0.00343122 -0.06753663 -0.0103125
v 0.003474225 -0.065424075 -0.0103125
v 0.00308007 -0.066917145 -0.0103125
v 0.00309918 -0.066009225 -0.0103125
v 0.00297498 -0.066696885 -0.0103125
v 0.002985105 -0.0662247 -0.0103125
v 0.00294351 -0.06645999 -0.0103125
v 0.015294945 -0.07043322 -0.0103125
v 0.01506108 -0.0706482 -0.0103125
v 0.01373502 -0.07913754 -0.0103125
v 0.014742555 -0.07094457 -0.0103125
v 0.01443321 -0.071263725 -0.0103125
v 0.01349232 -0.079206405 -0.0103125
v 0.01413306 -0.07160565 -0.0103125
v 0.01324953 -0.07919586 -0.0103125
v 0.013841925 -0.07196988 -0.0103125
v 0.01302546 -0.079113975 -0.0103125
v 0.013559385 -0.07235496 -0.0103125
v 0.01283892 -0.078968865 -0.0103125
v 0.013286415 -0.0727641 -0.0103125
v 0.012306 -0.078496575 -0.0103125
v 0.013024185 -0.0732012 -0.0103125
v 0.01277205 -0.073664025 -0.0103125
v 0.011780625 -0.07801593 -0.0103125
v 0.012530085 -0.07415289 -0.0103125
v 0.012300495 -0.07467546 -0.0103125
v 0.01208508 -0.075238125 -0.0103125
v 0.01188303 -0.075838005 -0.0103125
v 0.011609175 -0.077834355 -0.0103125
v 0.01169409 -0.07647414 -0.0103125
v 0.01150698 -0.07761105 -0.0103125
v 0.01151823 -0.07714653 -0.0103125
v 0.011476005 -0.077372835 -0.0103125
v 0.024328185 -0.077862045 -0.0103125
v 0.024116835 -0.07824234 -0.0103125
v 0.023263905 -0.08576142 -0.0103125
v 0.023921265 -0.07864146 -0.0103125
v 0.023098335 -0.08558088 -0.0103125
v 0.02374146 -0.079059405 -0.0103125
v 0.022996575 -0.08536491 -0.0103125
v 0.023577135 -0.07949577 -0.0103125
v 0.02296683 -0.08513712 -0.0103125
v 0.02342742 -0.07994931 -0.0103125
v 0.0229263 -0.08444328 -0.0103125
v 0.023294235 -0.08042277 -0.0103125
v 0.022909425 -0.083779905 -0.0103125
v 0.023179905 -0.080919525 -0.0103125
v 0.022916205 -0.083146935 -0.0103125
v 0.02308314 -0.08143761 -0.0103125
v 0.02294721 -0.082545255 -0.0103125
v 0.02300409 -0.081977325 -0.0103125
v 0.02569038 -0.086345655 -0.0065625
v 0.02569038 -0.086345655 -0.0103125
v 0.02620884 -0.08592555 -0.0103125
v 0.02550048 -0.086477835 -0.0065625
v 0.02620884 -0.08592555 -0.0065625
v 0.026694225 -0.085507215 -0.0103125
v 0.026694225 -0.085507215 -0.0065625
v 0.027146535 -0.085090665 -0.0103125
v 0.027146535 -0.085090665 -0.0065625
v 0.02756523 -0.084675915 -0.0103125
v 0.02756523 -0.084675915 -0.0065625
v 0.02794872 -0.084263025 -0.0103125
v 0.02794872 -0.084263025 -0.0065625
v 0.02830056 -0.08385186 -0.0103125
v 0.02830056 -0.08385186 -0.0065625
v 0.028625025 -0.083442255 -0.0103125
v 0.028625025 -0.083442255 -0.0065625
v 0.028921275 -0.083038125 -0.0103125
v 0.028921275 -0.083038125 -0.0065625
v 0.029188665 -0.082637175 -0.0103125
v 0.029188665 -0.082637175 -0.0065625
v 0.029431785 -0.082229925 -0.0103125
v 0.029431785 -0.082229925 -0.0065625
v 0.02965443 -0.0818085 -0.0103125
v 0.02965443 -0.0818085 -0.0065625
v 0.029854905 -0.081376455 -0.0103125
v 0.029854905 -0.081376455 -0.0065625
v 0.03003261 -0.080934945 -0.0103125
v 0.03003261 -0.080934945 -0.0065625
v 0.03018756 -0.080484 -0.0103125
v 0.03018756 -0.080484 -0.0065625
v 0.030289965 -0.08017251 -0.0103125
v 0.030285435 -0.080182305 -0.0065625
v 0.030450075 -0.07990782 -0.0065625
v 0.03045828 -0.079896315 -0.0103125
v 0.030677655 -0.079681845 -0.0065625
v 0.03068955 -0.079673565 -0.0103125
v 0.030962745 -0.07953912 -0.0065625
v 0.03097974 -0.07953399 -0.0103125
v 0.03127299 -0.079488555 -0.0065625
v 0.03129216 -0.07948848 -0.0103125
v 0.03158169 -0.079510635 -0.0065625
v 0.03159603 -0.079513185 -0.0103125
v 0.03187215 -0.079593705 -0.0103125
v 0.03187215 -0.079593705 -0.0065625
v 0.03310722 -0.079948125 -0.0103125
v 0.03310722 -0.079948125 -0.0065625
v 0.03435411 -0.080258475 -0.0103125
v 0.03435411 -0.080258475 -0.0065625
v 0.034660065 -0.080336595 -0.0103125
v 0.03465867 -0.080335965 -0.0065625
v 0.03494034 -0.080476305 -0.0065625
v 0.034941405 -0.08047722 -0.0103125
v 0.035180085 -0.080678925 -0.0103125
v 0.03518094 -0.08068041 -0.0065625
v 0.035346735 -0.080939895 -0.0103125
v 0.035351055 -0.080950515 -0.0065625
v 0.035427105 -0.081242835 -0.0103125
v 0.035428575 -0.08126043 -0.0065625
v 0.035432865 -0.08155581 -0.0103125
v 0.03543162 -0.081571305 -0.0065625
v 0.03537093 -0.08185911 -0.0103125
v 0.03537093 -0.08185911 -0.0065625
v 0.03528744 -0.0822861 -0.0103125
v 0.03528744 -0.0822861 -0.0065625
v 0.035224785 -0.082726125 -0.0103125
v 0.035224785 -0.082726125 -0.0065625
v 0.03518292 -0.083179185 -0.0103125
v 0.03518292 -0.083179185 -0.0065625
v 0.035161485 -0.08364498 -0.0103125
v 0.035161485 -0.08364498 -0.0065625
v 0.03515925 -0.084122565 -0.0103125
v 0.03515925 -0.084122565 -0.0065625
v 0.0351789 -0.084614025 -0.0103125
v 0.0351789 -0.084614025 -0.0065625
v 0.03522366 -0.08512179 -0.0103125
v 0.03522366 -0.08512179 -0.0065625
v 0.03529173 -0.08564442 -0.0103125
v 0.03529173 -0.08564442 -0.0065625
v 0.035383335 -0.08618214 -0.0103125
v 0.035383335 -0.08618214 -0.0065625
v 0.03550473 -0.08673987 -0.0103125
v 0.03550473 -0.08673987 -0.0065625
v 0.035661195 -0.087321675 -0.0103125
v 0.035661195 -0.087321675 -0.0065625
v 0.03585033 -0.087925755 -0.0103125
v 0.03585033 -0.087925755 -0.0065625
v 0.036071385 -0.08855145 -0.0103125
v 0.036071385 -0.08855145 -0.0065625
v 0.03632433 -0.089198805 -0.0103125
v 0.03632433 -0.089198805 -0.0065625
v 0.03642846 -0.089413395 -0.0103125
v 0.036437175 -0.089425275 -0.0065625
v 0.036591615 -0.08958531 -0.0103125
v 0.0366075 -0.08959707 -0.0065625
v 0.036801945 -0.08970126 -0.0103125
v 0.036817065 -0.08970702 -0.0065625
v 0.03704763 -0.089747925 -0.0103125
v 0.03704763 -0.089747925 -0.0065625
v 0.037755195 -0.089827965 -0.0103125
v 0.037755195 -0.089827965 -0.0065625
v 0.03846393 -0.08989683 -0.0103125
v 0.03846393 -0.08989683 -0.0065625
v 0.03869841 -0.08990514 -0.0103125
v 0.03859818 -0.08990802 -0.0065625
v 0.038724735 -0.089900475 -0.0065625
v 0.03893097 -0.089837475 -0.0103125
v 0.03895683 -0.08982639 -0.0065625
v 0.03913605 -0.08970192 -0.0103125
v 0.0391485 -0.08968995 -0.0065625
v 0.039288045 -0.08950656 -0.0103125
v 0.039288045 -0.08950656 -0.0065625
v 0.0396513 -0.088946805 -0.0103125
v 0.0396513 -0.088946805 -0.0065625
v 0.039983655 -0.08839896 -0.0103125
v 0.039983655 -0.08839896 -0.0065625
v 0.04028511 -0.08786301 -0.0103125
v 0.04028511 -0.08786301 -0.0065625
v 0.040555155 -0.08733918 -0.0103125
v 0.040555155 -0.08733918 -0.0065625
v 0.040792275 -0.086827995 -0.0103125
v 0.040792275 -0.086827995 -0.0065625
v 0.040999845 -0.08632824 -0.0103125
v 0.040999845 -0.08632824 -0.0065625
v 0.04118184 -0.085838415 -0.0103125
v 0.04118184 -0.085838415 -0.0065625
v 0.04133871 -0.085362525 -0.0103125
v 0.04133871 -0.085362525 -0.0065625
v 0.04146912 -0.08489856 -0.0103125
v 0.04146912 -0.08489856 -0.0065625
v 0.041574495 -0.084436125 -0.0103125
v 0.041574495 -0.084436125 -0.0065625
v 0.04165602 -0.08396652 -0.0103125
v 0.04165602 -0.08396652 -0.0065625
v 0.041713155 -0.08349366 -0.0103125
v 0.041713155 -0.08349366 -0.0065625
v 0.041745735 -0.08301885 -0.0103125
v 0.041745735 -0.08301885 -0.0065625
v 0.04175376 -0.08254209 -0.0103125
v 0.04175376 -0.08254209 -0.0065625
v 0.041751525 -0.08224539 -0.0103125
v 0.04175325 -0.082229505 -0.0065625
v 0.041816505 -0.081940155 -0.0103125
v 0.04182297 -0.081920235 -0.0065625
v 0.041956245 -0.08165046 -0.0103125
v 0.041965815 -0.08163603 -0.0065625
v 0.042183975 -0.08141523 -0.0103125
v 0.04218711 -0.08141229 -0.0065625
v 0.04246602 -0.081264345 -0.0103125
v 0.042466695 -0.08126448 -0.0065625
v 0.04277139 -0.081186375 -0.0103125
v 0.042771405 -0.081186465 -0.0065625
v 0.043080765 -0.08117481 -0.0103125
v 0.043080765 -0.08117481 -0.0065625
v 0.04436493 -0.08113023 -0.0103125
v 0.04436493 -0.08113023 -0.0065625
v 0.045646695 -0.08104008 -0.0103125
v 0.045646695 -0.08104008 -0.0065625
v 0.045946905 -0.0810189 -0.0103125
v 0.045930225 -0.081018885 -0.0065625
v 0.046227975 -0.081055515 -0.0065625
v 0.046256385 -0.081063 -0.0103125
v 0.04652232 -0.081163305 -0.0065625
v 0.046552875 -0.08117952 -0.0103125
v 0.0466605 -0.081254595 -0.0065625
v 0.046800375 -0.08138061 -0.0103125
v 0.046785345 -0.081364875 -0.0065625
v 0.0468864 -0.08149071 -0.0065625
v 0.04697361 -0.081650895 -0.0103125
v 0.046966905 -0.081635355 -0.0065625
v 0.04707348 -0.08193744 -0.0065625
v 0.04707576 -0.081948615 -0.0103125
v 0.04710837 -0.082248165 -0.0103125
v 0.04710837 -0.082248165 -0.0065625
v 0.047160915 -0.082680045 -0.0103125
v 0.047160915 -0.082680045 -0.0065625
v 0.047237295 -0.083117895 -0.0103125
v 0.047237295 -0.083117895 -0.0065625
v 0.047337495 -0.083561715 -0.0103125
v 0.047337495 -0.083561715 -0.0065625
v 0.047461035 -0.08401134 -0.0103125
v 0.047461035 -0.08401134 -0.0065625
v 0.04760649 -0.084466245 -0.0103125
v 0.04760649 -0.084466245 -0.0065625
v 0.047777055 -0.084927585 -0.0103125
v 0.047777055 -0.084927585 -0.0065625
v 0.04797654 -0.08539665 -0.0103125
v 0.04797654 -0.08539665 -0.0065625
v 0.04820277 -0.085872675 -0.0103125
v 0.04820277 -0.085872675 -0.0065625
v 0.048456045 -0.086355765 -0.0103125
v 0.048456045 -0.086355765 -0.0065625
v 0.048743865 -0.08684868 -0.0103125
v 0.048743865 -0.08684868 -0.0065625
v 0.049072455 -0.08735367 -0.0103125
v 0.049072455 -0.08735367 -0.0065625
v 0.049438995 -0.08786973 -0.0103125
v 0.049438995 -0.08786973 -0.0065625
v 0.049842585 -0.0883965 -0.0103125
v 0.049842585 -0.0883965 -0.0065625
v 0.050283195 -0.088933995 -0.0103125
v 0.050283195 -0.088933995 -0.0065625
v 0.0504573 -0.089111775 -0.0103125
v 0.050370285 -0.089035815 -0.0065625
v 0.050466225 -0.089118945 -0.0065625
v 0.050664795 -0.089222805 -0.0103125
v 0.05069001 -0.08922873 -0.0065625
v 0.050895885 -0.089264115 -0.0103125
v 0.050924805 -0.089265825 -0.0065625
v 0.05114079 -0.089232735 -0.0103125
v 0.05114079 -0.089232735 -0.0065625
v 0.051838455 -0.08909022 -0.0103125
v 0.051838455 -0.08909022 -0.0065625
v 0.05253378 -0.08893668 -0.0103125
v 0.05253378 -0.08893668 -0.0065625
v 0.052757655 -0.08887329 -0.0103125
v 0.052772565 -0.08886564 -0.0065625
v 0.05296011 -0.0887343 -0.0103125
v 0.05297403 -0.08872188 -0.0065625
v 0.053115195 -0.08854005 -0.0103125
v 0.05312115 -0.08852907 -0.0065625
v 0.053196945 -0.088310865 -0.0103125
v 0.053196945 -0.088310865 -0.0065625
v 0.05336946 -0.087666255 -0.0103125
v 0.05336946 -0.087666255 -0.0065625
v 0.05351625 -0.08704251 -0.0103125
v 0.05351625 -0.08704251 -0.0065625
v 0.053637345 -0.086439645 -0.0103125
v 0.053637345 -0.086439645 -0.0065625
v 0.053732295 -0.085858005 -0.0103125
v 0.053732295 -0.085858005 -0.0065625
v 0.053799855 -0.085298565 -0.0103125
v 0.053799855 -0.085298565 -0.0065625
v 0.053842815 -0.08475912 -0.0103125
v 0.053842815 -0.08475912 -0.0065625
v 0.05386455 -0.08423703 -0.0103125
v 0.05386455 -0.08423703 -0.0065625
v 0.05386668 -0.083735955 -0.0103125
v 0.05386668 -0.083735955 -0.0065625
v 0.053847345 -0.083254395 -0.0103125
v 0.053847345 -0.083254395 -0.0065625
v 0.053804655 -0.08278203 -0.0103125
v 0.053804655 -0.08278203 -0.0065625
v 0.053737065 -0.08231022 -0.0103125
v 0.053737065 -0.08231022 -0.0065625
v 0.053645295 -0.08184285 -0.0103125
v 0.053645295 -0.08184285 -0.0065625
v 0.053529555 -0.08138121 -0.0103125
v 0.053529555 -0.08138121 -0.0065625
v 0.053389845 -0.0809253 -0.0103125
v 0.053389845 -0.0809253 -0.0065625
v 0.053293845 -0.08063163 -0.0103125
v 0.053293905 -0.080630565 -0.0065625
v 0.05326263 -0.08032185 -0.0103125
v 0.0532626 -0.08032326 -0.0065625
v 0.053305755 -0.08001744 -0.0065625
v 0.05330817 -0.08001051 -0.0103125
v 0.053439765 -0.07973562 -0.0065625
v 0.05345058 -0.079720605 -0.0103125
v 0.053653215 -0.079505115 -0.0065625
v 0.05367327 -0.079489845 -0.0103125
v 0.053921475 -0.07933047 -0.0065625
v 0.053940255 -0.0793206 -0.0103125
v 0.05422941 -0.07921488 -0.0103125
v 0.05422941 -0.07921488 -0.0065625
v 0.05543694 -0.07877565 -0.0103125
v 0.05543694 -0.07877565 -0.0065625
v 0.056628105 -0.07829382 -0.0103125
v 0.056628105 -0.07829382 -0.0065625
v 0.05690646 -0.0781812 -0.0103125
v 0.0569217 -0.07817619 -0.0065625
v 0.057212595 -0.0781272 -0.0103125
v 0.057242385 -0.07812546 -0.0065625
v 0.057528975 -0.078145635 -0.0103125
v 0.05741019 -0.078127005 -0.0065625
v 0.057571035 -0.07815579 -0.0065625
v 0.05782749 -0.078259485 -0.0103125
v 0.05772972 -0.078213165 -0.0065625
v 0.05787738 -0.078291285 -0.0065625
v 0.058076175 -0.078461535 -0.0103125
v 0.058110645 -0.078498585 -0.0065625
v 0.05826615 -0.07871325 -0.0103125
v 0.05828034 -0.07873968 -0.0065625
v 0.05839155 -0.078991095 -0.0103125
v 0.05839155 -0.078991095 -0.0065625
v 0.058574985 -0.07938561 -0.0103125
v 0.058574985 -0.07938561 -0.0065625
v 0.05878293 -0.07977843 -0.0103125
v 0.05878293 -0.07977843 -0.0065625
v 0.059015385 -0.080169555 -0.0103125
v 0.059015385 -0.080169555 -0.0065625
v 0.05927181 -0.080559 -0.0103125
v 0.05927181 -0.080559 -0.0065625
v 0.059550735 -0.08094669 -0.0103125
v 0.059550735 -0.08094669 -0.0065625
v 0.059855505 -0.081332745 -0.0103125
v 0.059855505 -0.081332745 -0.0065625
v 0.06019017 -0.08171721 -0.0103125
v 0.06019017 -0.08171721 -0.0065625
v 0.060552435 -0.082100025 -0.0103125
v 0.060552435 -0.082100025 -0.0065625
v 0.0609426 -0.08248122 -0.0103125
v 0.0609426 -0.08248122 -0.0065625
v 0.061368645 -0.08286105 -0.0103125
v 0.061368645 -0.08286105 -0.0065625
v 0.0618372 -0.0832398 -0.0103125
v 0.0618372 -0.0832398 -0.0065625
v 0.06234528 -0.08361732 -0.0103125
v 0.06234528 -0.08361732 -0.0065625
v 0.062891895 -0.083993595 -0.0103125
v 0.062891895 -0.083993595 -0.0065625
v 0.06347703 -0.08436864 -0.0103125
v 0.06347703 -0.08436864 -0.0065625
v 0.063688695 -0.08448159 -0.0103125
v 0.06369483 -0.08448402 -0.0065625
v 0.063924165 -0.084523935 -0.0103125
v 0.0639387 -0.084522915 -0.0065625
v 0.06416304 -0.08449341 -0.0103125
v 0.064178715 -0.084489435 -0.0065625
v 0.064384965 -0.084387735 -0.0103125
v 0.064384965 -0.084387735 -0.0065625
v 0.06500445 -0.0840366 -0.0103125
v 0.06500445 -0.0840366 -0.0065625
v 0.065618295 -0.083675715 -0.0103125
v 0.065618295 -0.083675715 -0.0065625
v 0.06581523 -0.083541855 -0.0103125
v 0.065824935 -0.08353218 -0.0065625
v 0.065962065 -0.08335374 -0.0103125
v 0.06597033 -0.083338785 -0.0065625
v 0.06604635 -0.083126565 -0.0103125
v 0.06604905 -0.08311383 -0.0065625
v 0.06605562 -0.0828756 -0.0103125
v 0.06605562 -0.0828756 -0.0065625
v 0.06602049 -0.082209225 -0.0103125
v 0.06602049 -0.082209225 -0.0065625
v 0.06596736 -0.081570645 -0.0103125
v 0.06596736 -0.081570645 -0.0065625
v 0.065896215 -0.080959875 -0.0103125
v 0.065896215 -0.080959875 -0.0065625
v 0.065806785 -0.08037735 -0.0103125
v 0.065806785 -0.08037735 -0.0065625
v 0.065698155 -0.07982442 -0.0103125
v 0.065698155 -0.07982442 -0.0065625
v 0.06557232 -0.0792981 -0.0103125
v 0.06557232 -0.0792981 -0.0065625
v 0.065431665 -0.07879485 -0.0103125
v 0.065431665 -0.07879485 -0.0065625
v 0.065278845 -0.07831764 -0.0103125
v 0.065278845 -0.07831764 -0.0065625
v 0.06511164 -0.07786563 -0.0103125
v 0.06511164 -0.07786563 -0.0065625
v 0.06492507 -0.07742958 -0.0103125
v 0.06492507 -0.07742958 -0.0065625
v 0.064714995 -0.077001735 -0.0103125
v 0.064714995 -0.077001735 -0.0065625
v 0.06448329 -0.076585605 -0.0103125
v 0.06448329 -0.076585605 -0.0065625
v 0.06423057 -0.07618233 -0.0103125
v 0.06423057 -0.07618233 -0.0065625
v 0.06395682 -0.07579191 -0.0103125
v 0.06395682 -0.07579191 -0.0065625
v 0.063775815 -0.07554441 -0.0103125
v 0.06378057 -0.075552345 -0.0065625
v 0.063654375 -0.075271545 -0.0065625
v 0.063650085 -0.075258285 -0.0103125
v 0.06359682 -0.074961225 -0.0065625
v 0.063596295 -0.07494621 -0.0103125
v 0.063638565 -0.074639655 -0.0065625
v 0.063642 -0.07462818 -0.0103125
v 0.06377649 -0.07434843 -0.0065625
v 0.06378138 -0.07434099 -0.0103125
v 0.06397896 -0.074100885 -0.0065625
v 0.063982725 -0.074097405 -0.0103125
v 0.06422673 -0.07390575 -0.0103125
v 0.06422673 -0.07390575 -0.0065625
v 0.065239425 -0.073114875 -0.0103125
v 0.065239425 -0.073114875 -0.0065625
v 0.06622341 -0.07228854 -0.0103125
v 0.06622341 -0.07228854 -0.0065625
v 0.066441435 -0.07210509 -0.0103125
v 0.0664704 -0.07208367 -0.0065625
v 0.066693735 -0.07196295 -0.0103125
v 0.066758385 -0.07193754 -0.0065625
v 0.06697557 -0.071877105 -0.0103125
v 0.06707247 -0.071865615 -0.0065625
v 0.067279665 -0.071871735 -0.0103125
v 0.067388925 -0.07189359 -0.0065625
v 0.06758295 -0.07196349 -0.0103125
v 0.06767634 -0.072013635 -0.0065625
v 0.067729395 -0.072043455 -0.0103125
v 0.06786582 -0.07214352 -0.0103125
v 0.06792153 -0.07219164 -0.0065625
v 0.067994655 -0.0722646 -0.0103125
v 0.06811602 -0.07240674 -0.0103125
v 0.06811602 -0.07240674 -0.0065625
v 0.06841239 -0.072725265 -0.0103125
v 0.06841239 -0.072725265 -0.0065625
v 0.068731545 -0.07303461 -0.0103125
v 0.068731545 -0.07303461 -0.0065625
v 0.06907347 -0.07333476 -0.0103125
v 0.06907347 -0.07333476 -0.0065625
v 0.0694377 -0.073625895 -0.0103125
v 0.0694377 -0.073625895 -0.0065625
v 0.069822765 -0.07390842 -0.0103125
v 0.069822765 -0.07390842 -0.0065625
v 0.07023192 -0.07418139 -0.0103125
v 0.07023192 -0.07418139 -0.0065625
v 0.07066902 -0.074443635 -0.0103125
v 0.07066902 -0.074443635 -0.0065625
v 0.07113186 -0.07469577 -0.0103125
v 0.07113186 -0.07469577 -0.0065625
v 0.07162071 -0.074937735 -0.0103125
v 0.07162071 -0.074937735 -0.0065625
v 0.07214328 -0.075167325 -0.0103125
v 0.07214328 -0.075167325 -0.0065625
v 0.072705945 -0.07538274 -0.0103125
v 0.072705945 -0.07538274 -0.0065625
v 0.07330581 -0.075584775 -0.0103125
v 0.07330581 -0.075584775 -0.0065625
v 0.07394196 -0.07577373 -0.0103125
v 0.07394196 -0.07577373 -0.0065625
v 0.07461435 -0.07594959 -0.0103125
v 0.07461435 -0.07594959 -0.0065625
v 0.074859855 -0.075991695 -0.0103125
v 0.07486056 -0.075991515 -0.0065625
v 0.07510062 -0.075954735 -0.0103125
v 0.075099465 -0.075955575 -0.0065625
v 0.075313155 -0.075851055 -0.0065625
v 0.0753156 -0.075849615 -0.0103125
v 0.07548375 -0.075687195 -0.0103125
v 0.07548375 -0.075687195 -0.0065625
v 0.075964395 -0.075161805 -0.0103125
v 0.075964395 -0.075161805 -0.0065625
v 0.076436685 -0.0746289 -0.0103125
v 0.076436685 -0.0746289 -0.0065625
v 0.076580205 -0.074446095 -0.0103125
v 0.07658565 -0.07443579 -0.0065625
v 0.07666263 -0.07421835 -0.0103125
v 0.07666542 -0.074203605 -0.0065625
v 0.07667424 -0.07397184 -0.0103125
v 0.076672995 -0.073960035 -0.0065625
v 0.07660536 -0.0737328 -0.0103125
v 0.07660536 -0.0737328 -0.0065625
v 0.07636602 -0.073109895 -0.0103125
v 0.07636602 -0.073109895 -0.0065625
v 0.07611816 -0.072518985 -0.0103125
v 0.07611816 -0.072518985 -0.0065625
v 0.075861765 -0.0719601 -0.0103125
v 0.075861765 -0.0719601 -0.0065625
v 0.0755967 -0.071433735 -0.0103125
v 0.0755967 -0.071433735 -0.0065625
v 0.07532253 -0.07094142 -0.0103125
v 0.07532253 -0.07094142 -0.0065625
v 0.0750402 -0.07047975 -0.0103125
v 0.0750402 -0.07047975 -0.0065625
v 0.074750925 -0.0700446 -0.0103125
v 0.074750925 -0.0700446 -0.0065625
v 0.07445811 -0.069637965 -0.0103125
v 0.07445811 -0.069637965 -0.0065625
v 0.074159415 -0.069259755 -0.0103125
v 0.074159415 -0.069259755 -0.0065625
v 0.073847235 -0.06890268 -0.0103125
v 0.073847235 -0.06890268 -0.0065625
v 0.073515225 -0.06856071 -0.0103125
v 0.073515225 -0.06856071 -0.0065625
v 0.073166265 -0.068236545 -0.0103125
v 0.073166265 -0.068236545 -0.0065625
v 0.072801285 -0.0679311 -0.0103125
v 0.072801285 -0.0679311 -0.0065625
v 0.0724203 -0.067644375 -0.0103125
v 0.0724203 -0.067644375 -0.0065625
v 0.0721758 -0.06746763 -0.0103125
v 0.07216665 -0.067460415 -0.0065625
v 0.071972085 -0.06724413 -0.0103125
v 0.071958195 -0.067223595 -0.0065625
v 0.07182537 -0.066977865 -0.0103125
v 0.07181304 -0.06694374 -0.0065625
v 0.07176213 -0.06667479 -0.0103125
v 0.07176099 -0.06663645 -0.0065625
v 0.07179345 -0.066360675 -0.0103125
v 0.071803215 -0.066324885 -0.0065625
v 0.07190664 -0.06605421 -0.0103125
v 0.071918535 -0.066030615 -0.0065625
v 0.071990895 -0.065908575 -0.0103125
v 0.07209414 -0.065767125 -0.0103125
v 0.07209414 -0.065767125 -0.0065625
v 0.07281288 -0.06470202 -0.0103125
v 0.07281288 -0.06470202 -0.0065625
v 0.073493355 -0.06361206 -0.0103125
v 0.073493355 -0.06361206 -0.0065625
v 0.073659375 -0.06334818 -0.0103125
v 0.07366218 -0.06334386 -0.0065625
v 0.073881765 -0.063122355 -0.0103125
v 0.0738918 -0.063114645 -0.0065625
v 0.074153565 -0.062954565 -0.0103125
v 0.07402809 -0.06301764 -0.0065625
v 0.07417335 -0.062946525 -0.0065625
v 0.074464095 -0.06287751 -0.0103125
v 0.07449342 -0.062875905 -0.0065625
v 0.074778615 -0.06289926 -0.0103125
v 0.07480248 -0.062903835 -0.0065625
v 0.075072375 -0.062992185 -0.0103125
v 0.07508472 -0.06299823 -0.0065625
v 0.07532985 -0.063139635 -0.0103125
v 0.07532985 -0.063139635 -0.0065625
v 0.075710145 -0.063350985 -0.0103125
v 0.075710145 -0.063350985 -0.0065625
v 0.07610928 -0.063546555 -0.0103125
v 0.07610928 -0.063546555 -0.0065625
v 0.076527225 -0.06372636 -0.0103125
v 0.076527225 -0.06372636 -0.0065625
v 0.07696359 -0.063890685 -0.0103125
v 0.07696359 -0.063890685 -0.0065625
v 0.077417115 -0.0640404 -0.0103125
v 0.077417115 -0.0640404 -0.0065625
v 0.07789059 -0.064173585 -0.0103125
v 0.07789059 -0.064173585 -0.0065625
v 0.07838733 -0.064287915 -0.0103125
v 0.07838733 -0.064287915 -0.0065625
v 0.07890543 -0.06438468 -0.0103125
v 0.07890543 -0.06438468 -0.0065625
v 0.07944513 -0.06446373 -0.0103125
v 0.07944513 -0.06446373 -0.0065625
v 0.080013075 -0.06452061 -0.0103125
v 0.080013075 -0.06452061 -0.0065625
v 0.08061477 -0.064551615 -0.0103125
v 0.08061477 -0.064551615 -0.0065625
v 0.08124771 -0.064558395 -0.0103125
v 0.08124771 -0.064558395 -0.0065625
v 0.081911115 -0.06454152 -0.0103125
v 0.081911115 -0.06454152 -0.0065625
v 0.08260494 -0.06450099 -0.0103125
v 0.08260494 -0.06450099 -0.0065625
v 0.08283549 -0.06447051 -0.0103125
v 0.082854825 -0.064463985 -0.0065625
v 0.08305278 -0.064366365 -0.0103125
v 0.08307267 -0.064352985 -0.0065625
v 0.083232585 -0.064199985 -0.0103125
v 0.083243115 -0.06418644 -0.0065625
v 0.083350695 -0.06398277 -0.0103125
v 0.083350695 -0.06398277 -0.0065625
v 0.083645475 -0.063334575 -0.0103125
v 0.083645475 -0.063334575 -0.0065625
v 0.083929965 -0.062681805 -0.0103125
v 0.083929965 -0.062681805 -0.0065625
v 0.084008955 -0.062466855 -0.0103125
v 0.084013275 -0.062444955 -0.0065625
v 0.084020205 -0.06223122 -0.0103125
v 0.084013935 -0.06219513 -0.0065625
v 0.083957205 -0.06199479 -0.0103125
v 0.083943495 -0.06196254 -0.0065625
v 0.083895285 -0.06188418 -0.0103125
v 0.083813475 -0.06177744 -0.0103125
v 0.083813475 -0.06177744 -0.0065625
v 0.083393355 -0.06125898 -0.0103125
v 0.083393355 -0.06125898 -0.0065625
v 0.082975035 -0.060773595 -0.0103125
v 0.082975035 -0.060773595 -0.0065625
v 0.082558485 -0.060321285 -0.0103125
v 0.082558485 -0.060321285 -0.0065625
v 0.08214372 -0.059902575 -0.0103125
v 0.08214372 -0.059902575 -0.0065625
v 0.08173083 -0.0595191 -0.0103125
v 0.08173083 -0.0595191 -0.0065625
v 0.081319665 -0.05916726 -0.0103125
v 0.081319665 -0.05916726 -0.0065625
v 0.080910075 -0.058842795 -0.0103125
v 0.080910075 -0.058842795 -0.0065625
v 0.080505945 -0.058546545 -0.0103125
v 0.080505945 -0.058546545 -0.0065625
v 0.080104995 -0.058279155 -0.0103125
v 0.080104995 -0.058279155 -0.0065625
v 0.079697745 -0.058036035 -0.0103125
v 0.079697745 -0.058036035 -0.0065625
v 0.07927632 -0.05781339 -0.0103125
v 0.07927632 -0.05781339 -0.0065625
v 0.07884426 -0.057612915 -0.0103125
v 0.07884426 -0.057612915 -0.0065625
v 0.078402765 -0.05743521 -0.0103125
v 0.078402765 -0.05743521 -0.0065625
v 0.077951805 -0.05728026 -0.0103125
v 0.077951805 -0.05728026 -0.0065625
v 0.077661765 -0.05718711 -0.0103125
v 0.077653515 -0.057183735 -0.0065625
v 0.077393325 -0.05703156 -0.0103125
v 0.077380875 -0.057021645 -0.0065625
v 0.0771666 -0.056812545 -0.0103125
v 0.077155155 -0.05679795 -0.0065625
v 0.077014155 -0.056527605 -0.0103125
v 0.07701111 -0.05651868 -0.0065625
v 0.0769737 -0.05637117 -0.0103125
v 0.076957035 -0.056207295 -0.0065625
v 0.076958145 -0.056202825 -0.0103125
v 0.07697703 -0.05589348 -0.0065625
v 0.07697799 -0.055882995 -0.0103125
v 0.07706151 -0.05559567 -0.0103125
v 0.07706151 -0.05559567 -0.0065625
v 0.077415945 -0.0543606 -0.0103125
v 0.077415945 -0.0543606 -0.0065625
v 0.077726295 -0.05311371 -0.0103125
v 0.077726295 -0.05311371 -0.0065625
v 0.07779888 -0.05282175 -0.0103125
v 0.077798925 -0.05282034 -0.0065625
v 0.07793649 -0.05254098 -0.0103125
v 0.077939745 -0.05253567 -0.0065625
v 0.078139035 -0.05229489 -0.0103125
v 0.07803591 -0.052400085 -0.0065625
v 0.07815102 -0.05228505 -0.0065625
v 0.078406935 -0.05212161 -0.0103125
v 0.07828848 -0.05218695 -0.0065625
v 0.078437685 -0.05210952 -0.0065625
v 0.07871757 -0.052040445 -0.0103125
v 0.078749805 -0.05203656 -0.0065625
v 0.079032195 -0.05203536 -0.0103125
v 0.079053345 -0.052037925 -0.0065625
v 0.07932693 -0.05209689 -0.0103125
v 0.07932693 -0.05209689 -0.0065625
v 0.07975392 -0.05218038 -0.0103125
v 0.07975392 -0.05218038 -0.0065625
v 0.080193945 -0.052243035 -0.0103125
v 0.080193945 -0.052243035 -0.0065625
v 0.080647005 -0.0522849 -0.0103125
v 0.080647005 -0.0522849 -0.0065625
v 0.0811128 -0.052306335 -0.0103125
v 0.0811128 -0.052306335 -0.0065625
v 0.0815904 -0.05230857 -0.0103125
v 0.0815904 -0.05230857 -0.0065625
v 0.082081845 -0.05228892 -0.0103125
v 0.082081845 -0.05228892 -0.0065625
v 0.08258961 -0.05224416 -0.0103125
v 0.08258961 -0.05224416 -0.0065625
v 0.08311224 -0.05217609 -0.0103125
v 0.08311224 -0.05217609 -0.0065625
v 0.08364996 -0.052084485 -0.0103125
v 0.08364996 -0.052084485 -0.0065625
v 0.084207675 -0.05196309 -0.0103125
v 0.084207675 -0.05196309 -0.0065625
v 0.084789495 -0.051806625 -0.0103125
v 0.084789495 -0.051806625 -0.0065625
v 0.08539356 -0.05161749 -0.0103125
v 0.08539356 -0.05161749 -0.0065625
v 0.08601927 -0.051396435 -0.0103125
v 0.08601927 -0.051396435 -0.0065625
v 0.086666625 -0.05114349 -0.0103125
v 0.086666625 -0.05114349 -0.0065625
v 0.08688078 -0.05103966 -0.0103125
v 0.086893065 -0.051030645 -0.0065625
v 0.087052755 -0.05087667 -0.0103125
v 0.08706486 -0.05086038 -0.0065625
v 0.08716893 -0.050666265 -0.0103125
v 0.087174795 -0.050650845 -0.0065625
v 0.087215745 -0.05042019 -0.0103125
v 0.087215745 -0.05042019 -0.0065625
v 0.087295785 -0.049712625 -0.0103125
v 0.087295785 -0.049712625 -0.0065625
v 0.087364635 -0.04900389 -0.0103125
v 0.087364635 -0.04900389 -0.0065625
v 0.087372945 -0.048769395 -0.0103125
v 0.08737584 -0.04886973 -0.0065625
v 0.08736831 -0.04874325 -0.0065625
v 0.087305295 -0.04853682 -0.0103125
v 0.087294315 -0.0485112 -0.0065625
v 0.08716974 -0.048331755 -0.0103125
v 0.087157905 -0.04831947 -0.0065625
v 0.086974395 -0.048179775 -0.0103125
v 0.086974395 -0.048179775 -0.0065625
v 0.086414625 -0.04781652 -0.0103125
v 0.086414625 -0.04781652 -0.0065625
v 0.08586678 -0.047484165 -0.0103125
v 0.08586678 -0.047484165 -0.0065625
v 0.085330845 -0.04718271 -0.0103125
v 0.085330845 -0.04718271 -0.0065625
v 0.084807 -0.046912665 -0.0103125
v 0.084807 -0.046912665 -0.0065625
v 0.084295815 -0.046675545 -0.0103125
v 0.084295815 -0.046675545 -0.0065625
v 0.083796045 -0.046467975 -0.0103125
v 0.083796045 -0.046467975 -0.0065625
v 0.083306235 -0.04628598 -0.0103125
v 0.083306235 -0.04628598 -0.0065625
v 0.082830345 -0.04612911 -0.0103125
v 0.082830345 -0.04612911 -0.0065625
v 0.08236638 -0.0459987 -0.0103125
v 0.08236638 -0.0459987 -0.0065625
v 0.081903945 -0.045893325 -0.0103125
v 0.081903945 -0.045893325 -0.0065625
v 0.08143434 -0.0458118 -0.0103125
v 0.08143434 -0.0458118 -0.0065625
v 0.08096148 -0.045754665 -0.0103125
v 0.08096148 -0.045754665 -0.0065625
v 0.08048667 -0.045722085 -0.0103125
v 0.08048667 -0.045722085 -0.0065625
v 0.08000991 -0.04571406 -0.0103125
v 0.08000991 -0.04571406 -0.0065625
v 0.079697895 -0.04571586 -0.0103125
v 0.079689195 -0.04571385 -0.0065625
v 0.079540845 -0.045687375 -0.0103125
v 0.07937712 -0.04563978 -0.0103125
v 0.07937574 -0.045640755 -0.0065625
v 0.07921761 -0.04557222 -0.0103125
v 0.079090455 -0.045492015 -0.0065625
v 0.079078185 -0.045482565 -0.0103125
v 0.078955185 -0.04536753 -0.0103125
v 0.07886727 -0.04526235 -0.0065625
v 0.078851025 -0.04523766 -0.0103125
v 0.07872537 -0.04498269 -0.0065625
v 0.078715725 -0.044955345 -0.0103125
v 0.078652815 -0.044684415 -0.0065625
v 0.07865055 -0.044665515 -0.0103125
v 0.07864263 -0.04438704 -0.0103125
v 0.07864263 -0.04438704 -0.0065625
v 0.07859805 -0.04310289 -0.0103125
v 0.07859805 -0.04310289 -0.0065625
v 0.0785079 -0.041821125 -0.0103125
v 0.0785079 -0.041821125 -0.0065625
v 0.07848753 -0.0415071 -0.0103125
v 0.07848657 -0.0415245 -0.0065625
v 0.07852968 -0.04121604 -0.0065625
v 0.078534405 -0.04119561 -0.0103125
v 0.07864572 -0.0409182 -0.0065625
v 0.078652815 -0.04090518 -0.0103125
v 0.078849345 -0.040667175 -0.0065625
v 0.07885014 -0.040665735 -0.0103125
v 0.079112805 -0.04049553 -0.0065625
v 0.079113255 -0.040496055 -0.0103125
v 0.07940757 -0.04039455 -0.0065625
v 0.07940871 -0.040394235 -0.0103125
v 0.07971597 -0.04035945 -0.0103125
v 0.07971597 -0.04035945 -0.0065625
v 0.080147865 -0.040306905 -0.0103125
v 0.080147865 -0.040306905 -0.0065625
v 0.080585715 -0.040230525 -0.0103125
v 0.080585715 -0.040230525 -0.0065625
v 0.081029535 -0.040130325 -0.0103125
v 0.081029535 -0.040130325 -0.0065625
v 0.08147916 -0.040006785 -0.0103125
v 0.08147916 -0.040006785 -0.0065625
v 0.081934065 -0.03986133 -0.0103125
v 0.081934065 -0.03986133 -0.0065625
v 0.08239539 -0.039690765 -0.0103125
v 0.08239539 -0.039690765 -0.0065625
v 0.08286447 -0.03949128 -0.0103125
v 0.08286447 -0.03949128 -0.0065625
v 0.083340495 -0.03926505 -0.0103125
v 0.083340495 -0.03926505 -0.0065625
v 0.0838236 -0.039011775 -0.0103125
v 0.0838236 -0.039011775 -0.0065625
v 0.0843165 -0.038723955 -0.0103125
v 0.0843165 -0.038723955 -0.0065625
v 0.08482149 -0.038395365 -0.0103125
v 0.08482149 -0.038395365 -0.0065625
v 0.08533755 -0.03802881 -0.0103125
v 0.08533755 -0.03802881 -0.0065625
v 0.08586432 -0.037625235 -0.0103125
v 0.08586432 -0.037625235 -0.0065625
v 0.086401815 -0.037184625 -0.0103125
v 0.086401815 -0.037184625 -0.0065625
v 0.08657022 -0.037024695 -0.0103125
v 0.086505255 -0.03709413 -0.0065625
v 0.086589225 -0.036996945 -0.0065625
v 0.08668482 -0.036813225 -0.0103125
v 0.08669775 -0.0367791 -0.0065625
v 0.08673261 -0.036573045 -0.0103125
v 0.086733 -0.036549615 -0.0065625
v 0.086700555 -0.03632703 -0.0103125
v 0.086700555 -0.03632703 -0.0065625
v 0.086558025 -0.035629365 -0.0103125
v 0.086558025 -0.035629365 -0.0065625
v 0.0864045 -0.03493404 -0.0103125
v 0.0864045 -0.03493404 -0.0065625
v 0.086337555 -0.034704465 -0.0103125
v 0.086372835 -0.034800885 -0.0065625
v 0.086325645 -0.0346815 -0.0065625
v 0.08620404 -0.03450693 -0.0103125
v 0.08618076 -0.03448293 -0.0065625
v 0.086014305 -0.03435717 -0.0103125
v 0.085991295 -0.03434412 -0.0065625
v 0.085778685 -0.03427086 -0.0103125
v 0.085778685 -0.03427086 -0.0065625
v 0.08513406 -0.03409836 -0.0103125
v 0.08513406 -0.03409836 -0.0065625
v 0.08451033 -0.03395157 -0.0103125
v 0.08451033 -0.03395157 -0.0065625
v 0.083907465 -0.033830475 -0.0103125
v 0.083907465 -0.033830475 -0.0065625
v 0.083325825 -0.033735525 -0.0103125
v 0.083325825 -0.033735525 -0.0065625
v 0.08276637 -0.033667965 -0.0103125
v 0.08276637 -0.033667965 -0.0065625
v 0.08222694 -0.033625005 -0.0103125
v 0.08222694 -0.033625005 -0.0065625
v 0.08170485 -0.03360327 -0.0103125
v 0.08170485 -0.03360327 -0.0065625
v 0.081203775 -0.03360114 -0.0103125
v 0.081203775 -0.03360114 -0.0065625
v 0.08072223 -0.033620475 -0.0103125
v 0.08072223 -0.033620475 -0.0065625
v 0.08024985 -0.033663165 -0.0103125
v 0.08024985 -0.033663165 -0.0065625
v 0.07977804 -0.033730755 -0.0103125
v 0.07977804 -0.033730755 -0.0065625
v 0.07931067 -0.033822525 -0.0103125
v 0.07931067 -0.033822525 -0.0065625
v 0.07884903 -0.033938265 -0.0103125
v 0.07884903 -0.033938265 -0.0065625
v 0.07839312 -0.034077975 -0.0103125
v 0.07839312 -0.034077975 -0.0065625
v 0.0780837 -0.03417828 -0.0103125
v 0.07809561 -0.03417495 -0.0065625
v 0.07792362 -0.034199625 -0.0103125
v 0.07778199 -0.03420474 -0.0065625
v 0.07775583 -0.034203645 -0.0103125
v 0.07758786 -0.034186935 -0.0103125
v 0.07746933 -0.034157145 -0.0065625
v 0.07743036 -0.03414375 -0.0103125
v 0.07727916 -0.034072095 -0.0103125
v 0.077185035 -0.034014975 -0.0065625
v 0.0771408 -0.0339807 -0.0103125
v 0.076957875 -0.03379527 -0.0065625
v 0.07692582 -0.03375327 -0.0103125
v 0.07678986 -0.033529875 -0.0065625
v 0.076775055 -0.03349821 -0.0103125
v 0.076682685 -0.03323841 -0.0103125
v 0.076682685 -0.03323841 -0.0065625
v 0.07624347 -0.03203088 -0.0103125
v 0.07624347 -0.03203088 -0.0065625
v 0.07576164 -0.030839715 -0.0103125
v 0.07576164 -0.030839715 -0.0065625
v 0.07564503 -0.030546435 -0.0103125
v 0.07564755 -0.030555135 -0.0065625
v 0.075594165 -0.03025002 -0.0065625
v 0.075593355 -0.03023604 -0.0103125
v 0.075613545 -0.02993847 -0.0065625
v 0.07561656 -0.02992365 -0.0103125
v 0.07572576 -0.029642895 -0.0065625
v 0.075731205 -0.02963352 -0.0103125
v 0.075924945 -0.029395395 -0.0065625
v 0.07592763 -0.029392185 -0.0103125
v 0.076176255 -0.02920518 -0.0103125
v 0.07617639 -0.02920461 -0.0065625
v 0.076458915 -0.02907627 -0.0103125
v 0.076458915 -0.02907627 -0.0065625
v 0.076853415 -0.02889282 -0.0103125
v 0.076853415 -0.02889282 -0.0065625
v 0.07724625 -0.02868489 -0.0103125
v 0.07724625 -0.02868489 -0.0065625
v 0.07763739 -0.028452435 -0.0103125
v 0.07763739 -0.028452435 -0.0065625
v 0.07802682 -0.028195995 -0.0103125
v 0.07802682 -0.028195995 -0.0065625
v 0.07841451 -0.027917085 -0.0103125
v 0.07841451 -0.027917085 -0.0065625
v 0.07880055 -0.027612315 -0.0103125
v 0.07880055 -0.027612315 -0.0065625
v 0.07918503 -0.02727765 -0.0103125
v 0.07918503 -0.02727765 -0.0065625
v 0.079567845 -0.026915385 -0.0103125
v 0.079567845 -0.026915385 -0.0065625
v 0.07994904 -0.02652522 -0.0103125
v 0.07994904 -0.02652522 -0.0065625
v 0.08032887 -0.026099175 -0.0103125
v 0.08032887 -0.026099175 -0.0065625
v 0.080707605 -0.02563062 -0.0103125
v 0.080707605 -0.02563062 -0.0065625
v 0.08108514 -0.02512254 -0.0103125
v 0.08108514 -0.02512254 -0.0065625
v 0.081461415 -0.024575925 -0.0103125
v 0.081461415 -0.024575925 -0.0065625
v 0.081836445 -0.023990775 -0.0103125
v 0.081836445 -0.023990775 -0.0065625
v 0.08195022 -0.023776185 -0.0103125
v 0.08190705 -0.023873535 -0.0065625
v 0.081956835 -0.02375502 -0.0065625
v 0.081992175 -0.023541555 -0.0103125
v 0.081991695 -0.02351016 -0.0065625
v 0.081961035 -0.023304555 -0.0103125
v 0.0819537 -0.02327862 -0.0065625
v 0.081855555 -0.023082855 -0.0103125
v 0.081855555 -0.023082855 -0.0065625
v 0.08150442 -0.02246337 -0.0103125
v 0.08150442 -0.02246337 -0.0065625
v 0.081143535 -0.021849525 -0.0103125
v 0.081143535 -0.021849525 -0.0065625
v 0.08101134 -0.02165424 -0.0103125
v 0.0810129 -0.02165538 -0.0065625
v 0.080823555 -0.02150703 -0.0103125
v 0.080821245 -0.021506805 -0.0065625
v 0.08059572 -0.021421725 -0.0103125
v 0.08059071 -0.02142027 -0.0065625
v 0.08034342 -0.021412185 -0.0103125
v 0.08034342 -0.021412185 -0.0065625
v 0.07967703 -0.02144733 -0.0103125
v 0.07967703 -0.02144733 -0.0065625
v 0.079038465 -0.02150046 -0.0103125
v 0.079038465 -0.02150046 -0.0065625
v 0.078427695 -0.021571605 -0.0103125
v 0.078427695 -0.021571605 -0.0065625
v 0.07784517 -0.021661035 -0.0103125
v 0.07784517 -0.021661035 -0.0065625
v 0.07729224 -0.021769665 -0.0103125
v 0.07729224 -0.021769665 -0.0065625
v 0.07676592 -0.0218955 -0.0103125
v 0.07676592 -0.0218955 -0.0065625
v 0.07626267 -0.022036155 -0.0103125
v 0.07626267 -0.022036155 -0.0065625
v 0.07578546 -0.02218896 -0.0103125
v 0.07578546 -0.02218896 -0.0065625
v 0.07533345 -0.02235618 -0.0103125
v 0.07533345 -0.02235618 -0.0065625
v 0.074897385 -0.02254275 -0.0103125
v 0.074897385 -0.02254275 -0.0065625
v 0.074469555 -0.02275281 -0.0103125
v 0.074469555 -0.02275281 -0.0065625
v 0.074053425 -0.02298453 -0.0103125
v 0.074053425 -0.02298453 -0.0065625
v 0.07365015 -0.02323725 -0.0103125
v 0.07365015 -0.02323725 -0.0065625
v 0.07325973 -0.023511 -0.0103125
v 0.07325973 -0.023511 -0.0065625
v 0.073011525 -0.023691375 -0.0103125
v 0.07301943 -0.023687115 -0.0065625
v 0.07274349 -0.023812275 -0.0065625
v 0.07273533 -0.02381532 -0.0103125
v 0.072442635 -0.023870865 -0.0065625
v 0.072440715 -0.02387121 -0.0103125
v 0.07214292 -0.023839905 -0.0103125
v 0.07213398 -0.023837355 -0.0065625
v 0.071858775 -0.023719515 -0.0103125
v 0.071842515 -0.02370837 -0.0065625
v 0.071724705 -0.02362803 -0.0103125
v 0.071707485 -0.02361354 -0.0065625
v 0.071599875 -0.02351826 -0.0103125
v 0.07158543 -0.0235053 -0.0065625
v 0.07148286 -0.023389305 -0.0103125
v 0.07147416 -0.02338119 -0.0065625
v 0.07137357 -0.02324109 -0.0103125
v 0.07137357 -0.02324109 -0.0065625
v 0.070582695 -0.022228395 -0.0103125
v 0.070582695 -0.022228395 -0.0065625
v 0.06975636 -0.02124441 -0.0103125
v 0.06975636 -0.02124441 -0.0065625
v 0.06955674 -0.021004725 -0.0103125
v 0.069555075 -0.02100303 -0.0065625
v 0.06941127 -0.02072496 -0.0103125
v 0.069408555 -0.0207168 -0.0065625
v 0.069335265 -0.02041905 -0.0103125
v 0.0693339 -0.02040249 -0.0065625
v 0.069353985 -0.020109285 -0.0103125
v 0.069359415 -0.02008695 -0.0065625
v 0.069466095 -0.01981821 -0.0103125
v 0.069476235 -0.01979982 -0.0065625
v 0.06964503 -0.01956228 -0.0103125
v 0.069654105 -0.019552335 -0.0065625
v 0.06987456 -0.0193518 -0.0103125
v 0.06987456 -0.0193518 -0.0065625
v 0.070193085 -0.01905543 -0.0103125
v 0.070193085 -0.01905543 -0.0065625
v 0.070502415 -0.018736275 -0.0103125
v 0.070502415 -0.018736275 -0.0065625
v 0.07080258 -0.01839435 -0.0103125
v 0.07080258 -0.01839435 -0.0065625
v 0.071093715 -0.01803012 -0.0103125
v 0.071093715 -0.01803012 -0.0065625
v 0.071376255 -0.01764504 -0.0103125
v 0.071376255 -0.01764504 -0.0065625
v 0.071649225 -0.0172359 -0.0103125
v 0.071649225 -0.0172359 -0.0065625
v 0.071911455 -0.0167988 -0.0103125
v 0.071911455 -0.0167988 -0.0065625
v 0.07216359 -0.01633596 -0.0103125
v 0.07216359 -0.01633596 -0.0065625
v 0.07240554 -0.01584711 -0.0103125
v 0.07240554 -0.01584711 -0.0065625
v 0.072635145 -0.01532454 -0.0103125
v 0.072635145 -0.01532454 -0.0065625
v 0.07285056 -0.014761875 -0.0103125
v 0.07285056 -0.014761875 -0.0065625
v 0.073052595 -0.014161995 -0.0103125
v 0.073052595 -0.014161995 -0.0065625
v 0.07324155 -0.01352586 -0.0103125
v 0.07324155 -0.01352586 -0.0065625
v 0.07341741 -0.01285347 -0.0103125
v 0.07341741 -0.01285347 -0.0065625
v 0.073459275 -0.01261761 -0.0103125
v 0.073459485 -0.01262112 -0.0065625
v 0.07342791 -0.01238418 -0.0065625
v 0.073428075 -0.012382575 -0.0103125
v 0.07332594 -0.01216563 -0.0103125
v 0.07332549 -0.01216452 -0.0065625
v 0.073155015 -0.01198407 -0.0103125
v 0.073155015 -0.01198407 -0.0065625
v 0.072629625 -0.011503425 -0.0103125
v 0.072629625 -0.011503425 -0.0065625
v 0.07209672 -0.011031135 -0.0103125
v 0.07209672 -0.011031135 -0.0065625
v 0.07191405 -0.010887435 -0.0103125
v 0.071899185 -0.01088025 -0.0065625
v 0.071683335 -0.010805235 -0.0103125
v 0.071669565 -0.010801185 -0.0065625
v 0.071435295 -0.010793805 -0.0103125
v 0.071429505 -0.01079493 -0.0065625
v 0.07120062 -0.01086246 -0.0103125
v 0.07120062 -0.01086246 -0.0065625
v 0.070577715 -0.0111018 -0.0103125
v 0.070577715 -0.0111018 -0.0065625
v 0.06998682 -0.01134966 -0.0103125
v 0.06998682 -0.01134966 -0.0065625
v 0.06942792 -0.011606055 -0.0103125
v 0.06942792 -0.011606055 -0.0065625
v 0.06890154 -0.01187112 -0.0103125
v 0.06890154 -0.01187112 -0.0065625
v 0.06840924 -0.012145305 -0.0103125
v 0.06840924 -0.012145305 -0.0065625
v 0.06794757 -0.01242762 -0.0103125
v 0.06794757 -0.01242762 -0.0065625
v 0.067512405 -0.012716895 -0.0103125
v 0.067512405 -0.012716895 -0.0065625
v 0.067105785 -0.01300971 -0.0103125
v 0.067105785 -0.01300971 -0.0065625
v 0.06672756 -0.013308405 -0.0103125
v 0.06672756 -0.013308405 -0.0065625
v 0.0663705 -0.013620585 -0.0103125
v 0.0663705 -0.013620585 -0.0065625
v 0.06602853 -0.013952595 -0.0103125
v 0.06602853 -0.013952595 -0.0065625
v 0.065704365 -0.014301555 -0.0103125
v 0.065704365 -0.014301555 -0.0065625
v 0.06539892 -0.014666535 -0.0103125
v 0.06539892 -0.014666535 -0.0065625
v 0.065112195 -0.01504752 -0.0103125
v 0.065112195 -0.01504752 -0.0065625
v 0.06492873 -0.015299625 -0.0103125
v 0.06492543 -0.01530453 -0.0065625
v 0.064699605 -0.015504555 -0.0103125
v 0.064685025 -0.01551423 -0.0065625
v 0.064431645 -0.015647925 -0.0103125
v 0.06440013 -0.015658305 -0.0065625
v 0.064135575 -0.0157062 -0.0103125
v 0.06408504 -0.01570662 -0.0065625
v 0.0638277 -0.015674475 -0.0103125
v 0.06377391 -0.01565928 -0.0065625
v 0.06352413 -0.015561825 -0.0103125
v 0.06348639 -0.015542925 -0.0065625
v 0.06337803 -0.015477345 -0.0103125
v 0.063234945 -0.01537368 -0.0103125
v 0.063234945 -0.01537368 -0.0065625
v 0.06216984 -0.01465494 -0.0103125
v 0.06216984 -0.01465494 -0.0065625
v 0.06107988 -0.013974465 -0.0103125
v 0.06107988 -0.013974465 -0.0065625
v 0.06082206 -0.0138132 -0.0103125
v 0.06081801 -0.013810245 -0.0065625
v 0.060597165 -0.01359423 -0.0103125
v 0.06059151 -0.01358733 -0.0065625
v 0.060426795 -0.01332447 -0.0103125
v 0.060422055 -0.01331328 -0.0065625
v 0.060346215 -0.013014555 -0.0103125
v 0.060345225 -0.01299951 -0.0065625
v 0.060365865 -0.012696495 -0.0103125
v 0.06036657 -0.01268847 -0.0065625
v 0.060458415 -0.01239843 -0.0103125
v 0.06045936 -0.012397575 -0.0065625
v 0.060607455 -0.01213797 -0.0103125
v 0.060607455 -0.01213797 -0.0065625
v 0.06081879 -0.011757675 -0.0103125
v 0.06081879 -0.011757675 -0.0065625
v 0.061014375 -0.01135854 -0.0103125
v 0.061014375 -0.01135854 -0.0065625
v 0.06119418 -0.010940595 -0.0103125
v 0.06119418 -0.010940595 -0.0065625
v 0.061358505 -0.01050423 -0.0103125
v 0.061358505 -0.01050423 -0.0065625
v 0.06150822 -0.01005069 -0.0103125
v 0.06150822 -0.01005069 -0.0065625
v 0.06164139 -0.00957723 -0.0103125
v 0.06164139 -0.00957723 -0.0065625
v 0.061755735 -0.009080475 -0.0103125
v 0.061755735 -0.009080475 -0.0065625
v 0.0618525 -0.00856239 -0.0103125
v 0.0618525 -0.00856239 -0.0065625
v 0.06193155 -0.008022675 -0.0103125
v 0.06193155 -0.008022675 -0.0065625
v 0.06198843 -0.007454745 -0.0103125
v 0.06198843 -0.007454745 -0.0065625
v 0.06201942 -0.00685305 -0.0103125
v 0.06201942 -0.00685305 -0.0065625
v 0.0620262 -0.00622011 -0.0103125
v 0.0620262 -0.00622011 -0.0065625
v 0.062009325 -0.005556705 -0.0103125
v 0.062009325 -0.005556705 -0.0065625
v 0.061968795 -0.00486288 -0.0103125
v 0.061968795 -0.00486288 -0.0065625
v 0.061938285 -0.00463221 -0.0103125
v 0.061931505 -0.004612275 -0.0065625
v 0.061834215 -0.004415025 -0.0103125
v 0.06182067 -0.004394745 -0.0065625
v 0.061667895 -0.004235325 -0.0103125
v 0.06165435 -0.00422484 -0.0065625
v 0.06145059 -0.004117125 -0.0103125
v 0.06145059 -0.004117125 -0.0065625
v 0.060802395 -0.003822345 -0.0103125
v 0.060802395 -0.003822345 -0.0065625
v 0.06014961 -0.003537855 -0.0103125
v 0.06014961 -0.003537855 -0.0065625
v 0.05993415 -0.00345873 -0.0103125
v 0.059913975 -0.00345471 -0.0065625
v 0.059698005 -0.003447795 -0.0103125
v 0.0596643 -0.00345372 -0.0065625
v 0.05946159 -0.003511005 -0.0103125
v 0.0594312 -0.003523905 -0.0065625
v 0.05935137 -0.00357279 -0.0103125
v 0.05924526 -0.003654345 -0.0103125
v 0.05924526 -0.003654345 -0.0065625
v 0.0587268 -0.00407445 -0.0103125
v 0.0587268 -0.00407445 -0.0065625
v 0.058241415 -0.004492785 -0.0103125
v 0.058241415 -0.004492785 -0.0065625
v 0.057789105 -0.004909335 -0.0103125
v 0.057789105 -0.004909335 -0.0065625
v 0.057370395 -0.005324085 -0.0103125
v 0.057370395 -0.005324085 -0.0065625
v 0.05698692 -0.00573699 -0.0103125
v 0.05698692 -0.00573699 -0.0065625
v 0.05663508 -0.00614814 -0.0103125
v 0.05663508 -0.00614814 -0.0065625
v 0.056310615 -0.006557745 -0.0103125
v 0.056310615 -0.006557745 -0.0065625
v 0.056014365 -0.006961875 -0.0103125
v 0.056014365 -0.006961875 -0.0065625
v 0.055746975 -0.007362825 -0.0103125
v 0.055746975 -0.007362825 -0.0065625
v 0.055503855 -0.007770075 -0.0103125
v 0.055503855 -0.007770075 -0.0065625
v 0.055281195 -0.0081915 -0.0103125
v 0.055281195 -0.0081915 -0.0065625
v 0.055080735 -0.00862356 -0.0103125
v 0.055080735 -0.00862356 -0.0065625
v 0.05490303 -0.009065055 -0.0103125
v 0.05490303 -0.009065055 -0.0065625
v 0.05474808 -0.009516 -0.0103125
v 0.05474808 -0.009516 -0.0065625
v 0.054654345 -0.00980736 -0.0103125
v 0.054650835 -0.009816045 -0.0065625
v 0.054498285 -0.010076055 -0.0103125
v 0.054487545 -0.010089435 -0.0065625
v 0.05427891 -0.01030233 -0.0103125
v 0.054262665 -0.010314975 -0.0065625
v 0.053993865 -0.010454175 -0.0103125
v 0.053982915 -0.01045788 -0.0065625
v 0.0538377 -0.010494405 -0.0103125
v 0.053671995 -0.010510905 -0.0065625
v 0.05366988 -0.01050978 -0.0103125
v 0.053359425 -0.01049043 -0.0065625
v 0.053350755 -0.010489755 -0.0103125
v 0.05306349 -0.010406295 -0.0103125
v 0.05306349 -0.010406295 -0.0065625
v 0.05182842 -0.010051875 -0.0103125
v 0.05182842 -0.010051875 -0.0065625
v 0.05058153 -0.009741525 -0.0103125
v 0.05058153 -0.009741525 -0.0065625
v 0.05028435 -0.009667095 -0.0103125
v 0.050277975 -0.009664455 -0.0065625
v 0.05000172 -0.009526905 -0.0103125
v 0.0499962 -0.009524265 -0.0065625
v 0.04975656 -0.00932196 -0.0103125
v 0.04975479 -0.00931953 -0.0065625
v 0.04958616 -0.00905328 -0.0103125
v 0.04958385 -0.009047205 -0.0065625
v 0.04950744 -0.008744805 -0.0103125
v 0.049506555 -0.008741025 -0.0065625
v 0.049503615 -0.008433135 -0.0103125
v 0.049503915 -0.0084324 -0.0065625
v 0.04956471 -0.00814089 -0.0103125
v 0.04956471 -0.00814089 -0.0065625
v 0.0496482 -0.0077139 -0.0103125
v 0.0496482 -0.0077139 -0.0065625
v 0.049710855 -0.007273875 -0.0103125
v 0.049710855 -0.007273875 -0.0065625
v 0.04975272 -0.006820815 -0.0103125
v 0.04975272 -0.006820815 -0.0065625
v 0.049774155 -0.00635502 -0.0103125
v 0.049774155 -0.00635502 -0.0065625
v 0.04977639 -0.00587742 -0.0103125
v 0.04977639 -0.00587742 -0.0065625
v 0.04975674 -0.005385975 -0.0103125
v 0.04975674 -0.005385975 -0.0065625
v 0.049711965 -0.00487821 -0.0103125
v 0.049711965 -0.00487821 -0.0065625
v 0.04964391 -0.00435558 -0.0103125
v 0.04964391 -0.00435558 -0.0065625
v 0.049552305 -0.00381786 -0.0103125
v 0.049552305 -0.00381786 -0.0065625
v 0.049430895 -0.00326013 -0.0103125
v 0.049430895 -0.00326013 -0.0065625
v 0.049274445 -0.002678325 -0.0103125
v 0.049274445 -0.002678325 -0.0065625
v 0.04908531 -0.002074245 -0.0103125
v 0.04908531 -0.002074245 -0.0065625
v 0.048864255 -0.00144855 -0.0103125
v 0.048864255 -0.00144855 -0.0065625
v 0.04861131 -0.000801195 -0.0103125
v 0.04861131 -0.000801195 -0.0065625
v 0.04851084 -0.00059163 -0.0103125
v 0.0484989 -0.000575325 -0.0065625
v 0.048349425 -0.000419145 -0.0103125
v 0.048328935 -0.0004035 -0.0065625
v 0.04813812 -0.00030042 -0.0103125
v 0.048119325 -0.000293265 -0.0065625
v 0.04788801 -0.000252075 -0.0103125
v 0.04788801 -0.000252075 -0.0065625
v 0.047180445 -0.000172035 -0.0103125
v 0.047180445 -0.000172035 -0.0065625
v 0.04647171 -0.000103185 -0.0103125
v 0.04647171 -0.000103185 -0.0065625
v 0.04623174 -9.6045e-05 -0.0103125
v 0.046220145 -9.7845e-05 -0.0065625
v 0.04600248 -0.000162345 -0.0103125
v 0.045988695 -0.000168975 -0.0065625
v 0.045801795 -0.000296625 -0.0103125
v 0.04579272 -0.00030477 -0.0065625
v 0.045647595 -0.000493425 -0.0103125
v 0.045647595 -0.000493425 -0.0065625
v 0.04528434 -0.001053195 -0.0103125
v 0.04528434 -0.001053195 -0.0065625
v 0.044951985 -0.00160104 -0.0103125
v 0.044951985 -0.00160104 -0.0065625
v 0.04465053 -0.002136975 -0.0103125
v 0.04465053 -0.002136975 -0.0065625
v 0.044380485 -0.00266082 -0.0103125
v 0.044380485 -0.00266082 -0.0065625
v 0.044143365 -0.003172005 -0.0103125
v 0.044143365 -0.003172005 -0.0065625
v 0.043935795 -0.003671775 -0.0103125
v 0.043935795 -0.003671775 -0.0065625
v 0.043753785 -0.004161585 -0.0103125
v 0.043753785 -0.004161585 -0.0065625
v 0.043596915 -0.004637475 -0.0103125
v 0.043596915 -0.004637475 -0.0065625
v 0.04346652 -0.00510144 -0.0103125
v 0.04346652 -0.00510144 -0.0065625
v 0.043361145 -0.005563875 -0.0103125
v 0.043361145 -0.005563875 -0.0065625
v 0.04327962 -0.00603348 -0.0103125
v 0.04327962 -0.00603348 -0.0065625
v 0.043222485 -0.00650634 -0.0103125
v 0.043222485 -0.00650634 -0.0065625
v 0.043189905 -0.00698115 -0.0103125
v 0.043189905 -0.00698115 -0.0065625
v 0.04318188 -0.00745791 -0.0103125
v 0.04318188 -0.00745791 -0.0065625
v 0.043183995 -0.00775977 -0.0103125
v 0.043180665 -0.007787325 -0.0065625
v 0.043115115 -0.008070645 -0.0103125
v 0.04310442 -0.008103765 -0.0065625
v 0.04305336 -0.008225775 -0.0103125
v 0.04296963 -0.008363625 -0.0103125
v 0.042952605 -0.008387265 -0.0065625
v 0.04273755 -0.008595015 -0.0103125
v 0.04272363 -0.00860526 -0.0065625
v 0.04245579 -0.00874074 -0.0103125
v 0.04244622 -0.008744025 -0.0065625
v 0.04215516 -0.00881475 -0.0103125
v 0.04215042 -0.00881508 -0.0065625
v 0.04185486 -0.00882519 -0.0103125
v 0.04185486 -0.00882519 -0.0065625
v 0.04057071 -0.00886977 -0.0103125
v 0.04057071 -0.00886977 -0.0065625
v 0.039288945 -0.00895992 -0.0103125
v 0.039288945 -0.00895992 -0.0065625
v 0.03896328 -0.008979975 -0.0103125
v 0.03900516 -0.008981535 -0.0065625
v 0.038702235 -0.008942745 -0.0065625
v 0.038645085 -0.008928585 -0.0103125
v 0.03840192 -0.008830455 -0.0065625
v 0.038352345 -0.008802285 -0.0103125
v 0.03826317 -0.008735535 -0.0065625
v 0.038114205 -0.00859473 -0.0103125
v 0.03813888 -0.00862224 -0.0065625
v 0.037962615 -0.008352855 -0.0065625
v 0.03795303 -0.008331675 -0.0103125
v 0.037860975 -0.00805578 -0.0065625
v 0.03785922 -0.008044275 -0.0103125
v 0.03782727 -0.00775185 -0.0103125
v 0.03782727 -0.00775185 -0.0065625
v 0.037774725 -0.007319955 -0.0103125
v 0.037774725 -0.007319955 -0.0065625
v 0.037698345 -0.006882105 -0.0103125
v 0.037698345 -0.006882105 -0.0065625
v 0.037598145 -0.006438285 -0.0103125
v 0.037598145 -0.006438285 -0.0065625
v 0.037474605 -0.00598866 -0.0103125
v 0.037474605 -0.00598866 -0.0065625
v 0.03732915 -0.005533755 -0.0103125
v 0.03732915 -0.005533755 -0.0065625
v 0.037158585 -0.00507243 -0.0103125
v 0.037158585 -0.00507243 -0.0065625
v 0.0369591 -0.00460335 -0.0103125
v 0.0369591 -0.00460335 -0.0065625
v 0.03673287 -0.004127325 -0.0103125
v 0.03673287 -0.004127325 -0.0065625
v 0.036479595 -0.00364422 -0.0103125
v 0.036479595 -0.00364422 -0.0065625
v 0.036191775 -0.00315132 -0.0103125
v 0.036191775 -0.00315132 -0.0065625
v 0.035863185 -0.00264633 -0.0103125
v 0.035863185 -0.00264633 -0.0065625
v 0.03549663 -0.00213027 -0.0103125
v 0.03549663 -0.00213027 -0.0065625
v 0.035093055 -0.0016035 -0.0103125
v 0.035093055 -0.0016035 -0.0065625
v 0.034652445 -0.001066005 -0.0103125
v 0.034652445 -0.001066005 -0.0065625
v 0.034489515 -0.00089586 -0.0103125
v 0.03447999 -0.000888255 -0.0065625
v 0.034282275 -0.00078228 -0.0103125
v 0.034259535 -0.000776115 -0.0065625
v 0.03404574 -0.000735885 -0.0103125
v 0.03402114 -0.000734235 -0.0065625
v 0.03379485 -0.000767265 -0.0103125
v 0.03379485 -0.000767265 -0.0065625
v 0.033097185 -0.00090978 -0.0103125
v 0.033097185 -0.00090978 -0.0065625
v 0.03240186 -0.00106332 -0.0103125
v 0.03240186 -0.00106332 -0.0065625
v 0.032193495 -0.00112011 -0.0103125
v 0.03218637 -0.001123275 -0.0065625
v 0.031996275 -0.001244895 -0.0103125
v 0.03198795 -0.00125256 -0.0065625
v 0.031836045 -0.00143535 -0.0103125
v 0.03183069 -0.00144369 -0.0065625
v 0.031780095 -0.00155427 -0.0103125
v 0.03177708 -0.001559445 -0.0065625
v 0.03173868 -0.001689135 -0.0103125
v 0.03173868 -0.001689135 -0.0065625
v 0.03156618 -0.00233376 -0.0103125
v 0.03156618 -0.00233376 -0.0065625
v 0.031419375 -0.00295749 -0.0103125
v 0.031419375 -0.00295749 -0.0065625
v 0.031298295 -0.003560355 -0.0103125
v 0.031298295 -0.003560355 -0.0065625
v 0.031203345 -0.004141995 -0.0103125
v 0.031203345 -0.004141995 -0.0065625
v 0.031135785 -0.004701435 -0.0103125
v 0.031135785 -0.004701435 -0.0065625
v 0.031092825 -0.00524088 -0.0103125
v 0.031092825 -0.00524088 -0.0065625
v 0.03107109 -0.00576297 -0.0103125
v 0.03107109 -0.00576297 -0.0065625
v 0.03106896 -0.006264045 -0.0103125
v 0.03106896 -0.006264045 -0.0065625
v 0.031088295 -0.00674559 -0.0103125
v 0.031088295 -0.00674559 -0.0065625
v 0.031130985 -0.00721797 -0.0103125
v 0.031130985 -0.00721797 -0.0065625
v 0.031198575 -0.00768978 -0.0103125
v 0.031198575 -0.00768978 -0.0065625
v 0.031290345 -0.00815715 -0.0103125
v 0.031290345 -0.00815715 -0.0065625
v 0.031406085 -0.00861879 -0.0103125
v 0.031406085 -0.00861879 -0.0065625
v 0.03154578 -0.009074685 -0.0103125
v 0.03154578 -0.009074685 -0.0065625
v 0.0316359 -0.009343695 -0.0103125
v 0.03163857 -0.00935304 -0.0065625
v 0.031672695 -0.009638925 -0.0103125
v 0.03167217 -0.009658785 -0.0065625
v 0.031639125 -0.0099471 -0.0103125
v 0.03163281 -0.009972285 -0.0065625
v 0.03150693 -0.0102474 -0.0103125
v 0.03149757 -0.01026192 -0.0065625
v 0.031407705 -0.010376445 -0.0103125
v 0.03128421 -0.01049199 -0.0103125
v 0.03127551 -0.01049913 -0.0065625
v 0.031148685 -0.01059159 -0.0103125
v 0.03100947 -0.01067304 -0.0103125
v 0.0310041 -0.01067541 -0.0065625
v 0.03070623 -0.01078512 -0.0103125
v 0.03070623 -0.01078512 -0.0065625
v 0.0294987 -0.01122435 -0.0103125
v 0.0294987 -0.01122435 -0.0065625
v 0.028307535 -0.01170618 -0.0103125
v 0.028307535 -0.01170618 -0.0065625
v 0.02803053 -0.011818425 -0.0103125
v 0.02800494 -0.01182594 -0.0065625
v 0.02772456 -0.01187259 -0.0103125
v 0.027847905 -0.01185867 -0.0065625
v 0.02768349 -0.011875215 -0.0065625
v 0.027407775 -0.01185462 -0.0103125
v 0.027360825 -0.01184367 -0.0065625
v 0.027109335 -0.01174128 -0.0103125
v 0.02706516 -0.011713815 -0.0065625
v 0.02685948 -0.011538135 -0.0103125
v 0.026831595 -0.01150836 -0.0065625
v 0.02666877 -0.01128576 -0.0103125
v 0.026658135 -0.01126554 -0.0065625
v 0.02654409 -0.011008905 -0.0103125
v 0.02654409 -0.011008905 -0.0065625
v 0.02636064 -0.01061439 -0.0103125
v 0.02636064 -0.01061439 -0.0065625
v 0.026152695 -0.01022157 -0.0103125
v 0.026152695 -0.01022157 -0.0065625
v 0.025920255 -0.00983043 -0.0103125
v 0.025920255 -0.00983043 -0.0065625
v 0.025663815 -0.009441 -0.0103125
v 0.025663815 -0.009441 -0.0065625
v 0.025384905 -0.00905331 -0.0103125
v 0.025384905 -0.00905331 -0.0065625
v 0.025080135 -0.008667255 -0.0103125
v 0.025080135 -0.008667255 -0.0065625
v 0.02474547 -0.00828279 -0.0103125
v 0.02474547 -0.00828279 -0.0065625
v 0.024383205 -0.007899975 -0.0103125
v 0.024383205 -0.007899975 -0.0065625
v 0.02399304 -0.00751878 -0.0103125
v 0.02399304 -0.00751878 -0.0065625
v 0.023566995 -0.00713895 -0.0103125
v 0.023566995 -0.00713895 -0.0065625
v 0.02309844 -0.0067602 -0.0103125
v 0.02309844 -0.0067602 -0.0065625
v 0.02259036 -0.00638268 -0.0103125
v 0.02259036 -0.00638268 -0.0065625
v 0.022043745 -0.006006405 -0.0103125
v 0.022043745 -0.006006405 -0.0065625
v 0.021458595 -0.005631375 -0.0103125
v 0.021458595 -0.005631375 -0.0065625
v 0.02123358 -0.00551478 -0.0103125
v 0.021240285 -0.005516655 -0.0065625
v 0.02100768 -0.00547497 -0.0065625
v 0.02100123 -0.00547437 -0.0103125
v 0.02077356 -0.00550671 -0.0065625
v 0.020770575 -0.0055077 -0.0103125
v 0.020550675 -0.005612265 -0.0103125
v 0.020550675 -0.005612265 -0.0065625
v 0.01993119 -0.0059634 -0.0103125
v 0.01993119 -0.0059634 -0.0065625
v 0.019317345 -0.006324285 -0.0103125
v 0.019317345 -0.006324285 -0.0065625
v 0.01911468 -0.00646404 -0.0103125
v 0.019114035 -0.006465195 -0.0065625
v 0.018969255 -0.006653025 -0.0103125
v 0.01896999 -0.00664962 -0.0065625
v 0.018890295 -0.00687141 -0.0065625
v 0.01888854 -0.00687765 -0.0103125
v 0.018880005 -0.0071244 -0.0103125
v 0.018880005 -0.0071244 -0.0065625
v 0.01891515 -0.007790775 -0.0103125
v 0.01891515 -0.007790775 -0.0065625
v 0.01896828 -0.008429355 -0.0103125
v 0.01896828 -0.008429355 -0.0065625
v 0.01903941 -0.009040125 -0.0103125
v 0.01903941 -0.009040125 -0.0065625
v 0.019128855 -0.00962265 -0.0103125
v 0.019128855 -0.00962265 -0.0065625
v 0.019237485 -0.01017558 -0.0103125
v 0.019237485 -0.01017558 -0.0065625
v 0.01936332 -0.0107019 -0.0103125
v 0.01936332 -0.0107019 -0.0065625
v 0.019503975 -0.01120515 -0.0103125
v 0.019503975 -0.01120515 -0.0065625
v 0.01965678 -0.01168236 -0.0103125
v 0.01965678 -0.01168236 -0.0065625
v 0.019824 -0.01213437 -0.0103125
v 0.019824 -0.01213437 -0.0065625
v 0.02001057 -0.01257042 -0.0103125
v 0.02001057 -0.01257042 -0.0065625
v 0.02022063 -0.012998265 -0.0103125
v 0.02022063 -0.012998265 -0.0065625
v 0.02045235 -0.013414395 -0.0103125
v 0.02045235 -0.013414395 -0.0065625
v 0.02070507 -0.01381767 -0.0103125
v 0.02070507 -0.01381767 -0.0065625
v 0.02097882 -0.01420809 -0.0103125
v 0.02097882 -0.01420809 -0.0065625
v 0.021149415 -0.014438655 -0.0103125
v 0.021091905 -0.014351925 -0.0065625
v 0.02118387 -0.014499285 -0.0065625
v 0.02127564 -0.01471251 -0.0103125
v 0.02125476 -0.01465029 -0.0065625
v 0.021305325 -0.01480713 -0.0065625
v 0.021338175 -0.015017205 -0.0103125
v 0.021338895 -0.015120405 -0.0065625
v 0.021305385 -0.015332985 -0.0103125
v 0.02127711 -0.0154212 -0.0065625
v 0.02125149 -0.01548405 -0.0103125
v 0.021170895 -0.015631995 -0.0103125
v 0.02113542 -0.01568748 -0.0065625
v 0.02107347 -0.015769335 -0.0103125
v 0.0209658 -0.01589067 -0.0103125
v 0.02094054 -0.015913185 -0.0065625
v 0.02070891 -0.01609425 -0.0103125
v 0.02070891 -0.01609425 -0.0065625
v 0.019696215 -0.016885125 -0.0103125
v 0.019696215 -0.016885125 -0.0065625
v 0.01871223 -0.01771146 -0.0103125
v 0.01871223 -0.01771146 -0.0065625
v 0.018493095 -0.01789599 -0.0103125
v 0.018472545 -0.01791099 -0.0065625
v 0.01823697 -0.018038985 -0.0103125
v 0.018193785 -0.018056355 -0.0065625
v 0.017950365 -0.01812447 -0.0103125
v 0.01788846 -0.018132315 -0.0065625
v 0.017643435 -0.01812651 -0.0103125
v 0.017576595 -0.0181137 -0.0065625
v 0.017336775 -0.01802775 -0.0103125
v 0.017283255 -0.01799982 -0.0065625
v 0.017190165 -0.01794528 -0.0103125
v 0.017056725 -0.0178464 -0.0103125
v 0.01702704 -0.01782033 -0.0065625
v 0.01693326 -0.017729085 -0.0103125
v 0.01681962 -0.01759326 -0.0103125
v 0.01681962 -0.01759326 -0.0065625
v 0.01652325 -0.017274735 -0.0103125
v 0.01652325 -0.017274735 -0.0065625
v 0.016204095 -0.016965405 -0.0103125
v 0.016204095 -0.016965405 -0.0065625
v 0.015862155 -0.01666524 -0.0103125
v 0.015862155 -0.01666524 -0.0065625
v 0.015497925 -0.016374105 -0.0103125
v 0.015497925 -0.016374105 -0.0065625
v 0.01511286 -0.016091565 -0.0103125
v 0.01511286 -0.016091565 -0.0065625
v 0.01470372 -0.015818595 -0.0103125
v 0.01470372 -0.015818595 -0.0065625
v 0.01426662 -0.015556365 -0.0103125
v 0.01426662 -0.015556365 -0.0065625
v 0.01380378 -0.01530423 -0.0103125
v 0.01380378 -0.01530423 -0.0065625
v 0.01331493 -0.015062265 -0.0103125
v 0.01331493 -0.015062265 -0.0065625
v 0.01279236 -0.014832675 -0.0103125
v 0.01279236 -0.014832675 -0.0065625
v 0.012229695 -0.01461726 -0.0103125
v 0.012229695 -0.01461726 -0.0065625
v 0.011629815 -0.014415225 -0.0103125
v 0.011629815 -0.014415225 -0.0065625
v 0.01099368 -0.01422627 -0.0103125
v 0.01099368 -0.01422627 -0.0065625
v 0.01032129 -0.01405041 -0.0103125
v 0.01032129 -0.01405041 -0.0065625
v 0.010077765 -0.014008845 -0.0103125
v 0.010077645 -0.014008755 -0.0065625
v 0.009844305 -0.01404078 -0.0103125
v 0.009843165 -0.01404135 -0.0065625
v 0.00963201 -0.014143125 -0.0103125
v 0.00963039 -0.01414407 -0.0065625
v 0.00945189 -0.014312805 -0.0103125
v 0.00945189 -0.014312805 -0.0065625
v 0.008971245 -0.014838195 -0.0103125
v 0.008971245 -0.014838195 -0.0065625
v 0.008498955 -0.0153711 -0.0103125
v 0.008498955 -0.0153711 -0.0065625
v 0.008347275 -0.01557153 -0.0103125
v 0.00834954 -0.015566895 -0.0065625
v 0.00826941 -0.015787965 -0.0065625
v 0.00826818 -0.01579344 -0.0103125
v 0.00826188 -0.01602462 -0.0065625
v 0.0082623 -0.01602819 -0.0103125
v 0.00833028 -0.0162672 -0.0103125
v 0.00833028 -0.0162672 -0.0065625
v 0.00856962 -0.016890105 -0.0103125
v 0.00856962 -0.016890105 -0.0065625
v 0.00881748 -0.017481 -0.0103125
v 0.00881748 -0.017481 -0.0065625
v 0.009073875 -0.0180399 -0.0103125
v 0.009073875 -0.0180399 -0.0065625
v 0.00933894 -0.01856628 -0.0103125
v 0.00933894 -0.01856628 -0.0065625
v 0.00961311 -0.01905858 -0.0103125
v 0.00961311 -0.01905858 -0.0065625
v 0.00989544 -0.01952025 -0.0103125
v 0.00989544 -0.01952025 -0.0065625
v 0.010184715 -0.0199554 -0.0103125
v 0.010184715 -0.0199554 -0.0065625
v 0.010477515 -0.020362035 -0.0103125
v 0.010477515 -0.020362035 -0.0065625
v 0.010776225 -0.020740245 -0.0103125
v 0.010776225 -0.020740245 -0.0065625
v 0.011088405 -0.02109732 -0.0103125
v 0.011088405 -0.02109732 -0.0065625
v 0.0114204 -0.02143929 -0.0103125
v 0.0114204 -0.02143929 -0.0065625
v 0.011769375 -0.021763455 -0.0103125
v 0.011769375 -0.021763455 -0.0065625
v 0.012134355 -0.0220689 -0.0103125
v 0.012134355 -0.0220689 -0.0065625
v 0.01251534 -0.022355625 -0.0103125
v 0.01251534 -0.022355625 -0.0065625
v 0.01273749 -0.022512585 -0.0103125
v 0.01275732 -0.02252964 -0.0065625
v 0.01294032 -0.02272584 -0.0103125
v 0.01296279 -0.02275533 -0.0065625
v 0.013098885 -0.02299521 -0.0103125
v 0.01311225 -0.02302818 -0.0065625
v 0.013147155 -0.02315478 -0.0103125
v 0.013172715 -0.02332155 -0.0103125
v 0.0131739 -0.02334153 -0.0065625
v 0.013169295 -0.02348622 -0.0103125
v 0.013137465 -0.02365362 -0.0103125
v 0.01313667 -0.023659545 -0.0065625
v 0.01308624 -0.02381484 -0.0103125
v 0.01302165 -0.023961105 -0.0065625
v 0.013021425 -0.023963325 -0.0103125
v 0.0128415 -0.024232875 -0.0103125
v 0.0128415 -0.024232875 -0.0065625
v 0.01212276 -0.02529798 -0.0103125
v 0.01212276 -0.02529798 -0.0065625
v 0.011442285 -0.02638794 -0.0103125
v 0.011442285 -0.02638794 -0.0065625
v 0.011279535 -0.02664615 -0.0103125
v 0.0112821 -0.026644365 -0.0065625
v 0.01107003 -0.026865225 -0.0103125
v 0.011064255 -0.026868945 -0.0065625
v 0.010816035 -0.027030375 -0.0103125
v 0.010794465 -0.02703987 -0.0065625
v 0.010520715 -0.027117615 -0.0103125
v 0.01048119 -0.027121455 -0.0065625
v 0.010206225 -0.027110355 -0.0103125
v 0.01016592 -0.027102945 -0.0065625
v 0.00989631 -0.02702199 -0.0103125
v 0.00986967 -0.027010635 -0.0065625
v 0.00974904 -0.026950545 -0.0103125
v 0.00960579 -0.026860365 -0.0103125
v 0.00960579 -0.026860365 -0.0065625
v 0.009225495 -0.026649015 -0.0103125
v 0.009225495 -0.026649015 -0.0065625
v 0.00882636 -0.026453445 -0.0103125
v 0.00882636 -0.026453445 -0.0065625
v 0.008408415 -0.02627364 -0.0103125
v 0.008408415 -0.02627364 -0.0065625
v 0.00797205 -0.026109315 -0.0103125
v 0.00797205 -0.026109315 -0.0065625
v 0.00751851 -0.0259596 -0.0103125
v 0.00751851 -0.0259596 -0.0065625
v 0.007045035 -0.025826415 -0.0103125
v 0.007045035 -0.025826415 -0.0065625
v 0.006548295 -0.025712085 -0.0103125
v 0.006548295 -0.025712085 -0.0065625
v 0.00603021 -0.02561532 -0.0103125
v 0.00603021 -0.02561532 -0.0065625
v 0.005490495 -0.02553627 -0.0103125
v 0.005490495 -0.02553627 -0.0065625
v 0.004922565 -0.02547939 -0.0103125
v 0.004922565 -0.02547939 -0.0065625
v 0.00432087 -0.025448385 -0.0103125
v 0.00432087 -0.025448385 -0.0065625
v 0.003687915 -0.025441605 -0.0103125
v 0.003687915 -0.025441605 -0.0065625
v 0.003024525 -0.02545848 -0.0103125
v 0.003024525 -0.02545848 -0.0065625
v 0.0023307 -0.02549901 -0.0103125
v 0.0023307 -0.02549901 -0.0065625
v 0.002195475 -0.025510335 -0.0103125
v 0.00218997 -0.02551239 -0.0065625
v 0.002070915 -0.025539465 -0.0103125
v 0.002062155 -0.02554299 -0.0065625
v 0.001851585 -0.02565558 -0.0103125
v 0.001844145 -0.025660365 -0.0065625
v 0.001685355 -0.025822965 -0.0103125
v 0.00168297 -0.02582661 -0.0065625
v 0.001584945 -0.02601723 -0.0103125
v 0.001584945 -0.02601723 -0.0065625
v 0.001290165 -0.026665425 -0.0103125
v 0.001290165 -0.026665425 -0.0065625
v 0.001005675 -0.027318195 -0.0103125
v 0.001005675 -0.027318195 -0.0065625
v 0.00093492 -0.027511425 -0.0103125
v 0.000932235 -0.02752203 -0.0065625
v 0.000909885 -0.027741855 -0.0103125
v 0.0009111 -0.027760035 -0.0065625
v 0.00097278 -0.02799006 -0.0103125
v 0.00097884 -0.02800311 -0.0065625
v 0.001036665 -0.028108275 -0.0103125
v 0.00104106 -0.02811579 -0.0065625
v 0.001122165 -0.02822256 -0.0103125
v 0.001122165 -0.02822256 -0.0065625
v 0.00154227 -0.02874102 -0.0103125
v 0.00154227 -0.02874102 -0.0065625
v 0.001960605 -0.029226405 -0.0103125
v 0.001960605 -0.029226405 -0.0065625
v 0.002377155 -0.029678715 -0.0103125
v 0.002377155 -0.029678715 -0.0065625
v 0.002791905 -0.030097425 -0.0103125
v 0.002791905 -0.030097425 -0.0065625
v 0.003204795 -0.0304809 -0.0103125
v 0.003204795 -0.0304809 -0.0065625
v 0.00361596 -0.03083274 -0.0103125
v 0.00361596 -0.03083274 -0.0065625
v 0.004025565 -0.031157205 -0.0103125
v 0.004025565 -0.031157205 -0.0065625
v 0.004429695 -0.031453455 -0.0103125
v 0.004429695 -0.031453455 -0.0065625
v 0.004830645 -0.031720845 -0.0103125
v 0.004830645 -0.031720845 -0.0065625
v 0.005237895 -0.031963965 -0.0103125
v 0.005237895 -0.031963965 -0.0065625
v 0.00565932 -0.03218661 -0.0103125
v 0.00565932 -0.03218661 -0.0065625
v 0.00609138 -0.032387085 -0.0103125
v 0.00609138 -0.032387085 -0.0065625
v 0.006532875 -0.03256479 -0.0103125
v 0.006532875 -0.03256479 -0.0065625
v 0.00698382 -0.03271974 -0.0103125
v 0.00698382 -0.03271974 -0.0065625
v 0.00727695 -0.032813355 -0.0103125
v 0.007274145 -0.032812365 -0.0065625
v 0.00754743 -0.03297342 -0.0065625
v 0.007552395 -0.0329766 -0.0103125
v 0.00768003 -0.03308424 -0.0103125
v 0.007778445 -0.033199575 -0.0065625
v 0.007784985 -0.03320967 -0.0103125
v 0.00787023 -0.03335709 -0.0103125
v 0.007925925 -0.03348612 -0.0065625
v 0.00793377 -0.033514215 -0.0103125
v 0.00797853 -0.03380361 -0.0065625
v 0.007980015 -0.03382944 -0.0103125
v 0.00795711 -0.034116945 -0.0065625
v 0.007954065 -0.034131285 -0.0103125
v 0.007874115 -0.03440433 -0.0103125
v 0.007874115 -0.03440433 -0.0065625
v 0.007519695 -0.0356394 -0.0103125
v 0.007519695 -0.0356394 -0.0065625
v 0.007209345 -0.03688629 -0.0103125
v 0.007209345 -0.03688629 -0.0065625
v 0.00713493 -0.037183215 -0.0103125
v 0.00713175 -0.0371913 -0.0065625
v 0.006995565 -0.03746499 -0.0103125
v 0.00699078 -0.03747363 -0.0065625
v 0.006791805 -0.037709445 -0.0103125
v 0.006785355 -0.0377148 -0.0065625
v 0.00652389 -0.037880475 -0.0103125
v 0.00651291 -0.03788487 -0.0065625
v 0.00621513 -0.03796005 -0.0103125
v 0.006206985 -0.03796146 -0.0065625
v 0.005902455 -0.0379644 -0.0103125
v 0.005899065 -0.037963755 -0.0065625
v 0.00560871 -0.03790311 -0.0103125
v 0.00560871 -0.03790311 -0.0065625
v 0.00518172 -0.03781962 -0.0103125
v 0.00518172 -0.03781962 -0.0065625
v 0.004741695 -0.037756965 -0.0103125
v 0.004741695 -0.037756965 -0.0065625
v 0.004288635 -0.0377151 -0.0103125
v 0.004288635 -0.0377151 -0.0065625
v 0.00382284 -0.037693665 -0.0103125
v 0.00382284 -0.037693665 -0.0065625
v 0.00334524 -0.03769143 -0.0103125
v 0.00334524 -0.03769143 -0.0065625
v 0.002853795 -0.03771108 -0.0103125
v 0.002853795 -0.03771108 -0.0065625
v 0.00234603 -0.03775584 -0.0103125
v 0.00234603 -0.03775584 -0.0065625
v 0.0018234 -0.03782391 -0.0103125
v 0.0018234 -0.03782391 -0.0065625
v 0.00128568 -0.037915515 -0.0103125
v 0.00128568 -0.037915515 -0.0065625
v 0.00072795 -0.03803691 -0.0103125
v 0.00072795 -0.03803691 -0.0065625
v 0.000146145 -0.038193375 -0.0103125
v 0.000146145 -0.038193375 -0.0065625
v -0.000457935 -0.03838251 -0.0103125
v -0.000457935 -0.03838251 -0.0065625
v -0.001083645 -0.038603565 -0.0103125
v -0.001083645 -0.038603565 -0.0065625
v -0.001730985 -0.03885651 -0.0103125
v -0.001730985 -0.03885651 -0.0065625
v -0.001940445 -0.038956875 -0.0103125
v -0.00195645 -0.038968575 -0.0065625
v -0.002113035 -0.039118485 -0.0103125
v -0.00212835 -0.03913851 -0.0065625
v -0.00223188 -0.039329925 -0.0103125
v -0.002238855 -0.039348255 -0.0065625
v -0.002280105 -0.03957981 -0.0103125
v -0.002280105 -0.03957981 -0.0065625
v -0.002360145 -0.040287375 -0.0103125
v -0.002360145 -0.040287375 -0.0065625
v -0.002428995 -0.04099611 -0.0103125
v -0.002428995 -0.04099611 -0.0065625
v -0.00243762 -0.04122933 -0.0103125
v -0.00243435 -0.041247615 -0.0065625
v -0.002369295 -0.041463075 -0.0103125
v -0.002363205 -0.041479125 -0.0065625
v -0.00223326 -0.041669385 -0.0103125
v -0.002227395 -0.04167513 -0.0065625
v -0.002038755 -0.041820225 -0.0103125
v -0.002038755 -0.041820225 -0.0065625
v -0.001478985 -0.04218348 -0.0103125
v -0.001478985 -0.04218348 -0.0065625
v -0.00093114 -0.042515835 -0.0103125
v -0.00093114 -0.042515835 -0.0065625
v -0.000395205 -0.04281729 -0.0103125
v -0.000395205 -0.04281729 -0.0065625
v 0.00012864 -0.043087335 -0.0103125
v 0.00012864 -0.043087335 -0.0065625
v 0.000639825 -0.043324455 -0.0103125
v 0.000639825 -0.043324455 -0.0065625
v 0.00113958 -0.043532025 -0.0103125
v 0.00113958 -0.043532025 -0.0065625
v 0.001629405 -0.04371402 -0.0103125
v 0.001629405 -0.04371402 -0.0065625
v 0.002105295 -0.04387089 -0.0103125
v 0.002105295 -0.04387089 -0.0065625
v 0.00256926 -0.0440013 -0.0103125
v 0.00256926 -0.0440013 -0.0065625
v 0.003031695 -0.044106675 -0.0103125
v 0.003031695 -0.044106675 -0.0065625
v 0.0035013 -0.0441882 -0.0103125
v 0.0035013 -0.0441882 -0.0065625
v 0.00397416 -0.044245335 -0.0103125
v 0.00397416 -0.044245335 -0.0065625
v 0.00444897 -0.044277915 -0.0103125
v 0.00444897 -0.044277915 -0.0065625
v 0.00492573 -0.04428594 -0.0103125
v 0.00492573 -0.04428594 -0.0065625
v 0.005220855 -0.04428333 -0.0103125
v 0.005251755 -0.044286855 -0.0065625
v 0.0055281 -0.044349285 -0.0103125
v 0.005566035 -0.04436133 -0.0065625
v 0.00582057 -0.04449051 -0.0103125
v 0.005848905 -0.044510565 -0.0065625
v 0.006054615 -0.04471881 -0.0103125
v 0.00606828 -0.044737275 -0.0065625
v 0.0062046 -0.04500162 -0.0103125
v 0.006209355 -0.04501446 -0.0065625
v 0.006281895 -0.045306405 -0.0103125
v 0.00628227 -0.045312495 -0.0065625
v 0.00629301 -0.04561296 -0.0103125
v 0.00629301 -0.04561296 -0.0065625
v 0.00633759 -0.04689711 -0.0103125
v 0.00633759 -0.04689711 -0.0065625
v 0.00642774 -0.048178875 -0.0103125
v 0.00642774 -0.048178875 -0.0065625
v 0.00644889 -0.048481155 -0.0103125
v 0.00644895 -0.048462795 -0.0065625
v 0.00641208 -0.048761145 -0.0065625
v 0.00640401 -0.048791745 -0.0103125
v 0.006303615 -0.04905609 -0.0065625
v 0.00628641 -0.04908834 -0.0103125
v 0.00621168 -0.049194525 -0.0065625
v 0.006084585 -0.049334865 -0.0103125
v 0.006100755 -0.04931949 -0.0065625
v 0.00597453 -0.049420365 -0.0065625
v 0.00581469 -0.049506885 -0.0103125
v 0.00582963 -0.049500405 -0.0065625
v 0.005528145 -0.04960617 -0.0065625
v 0.005517945 -0.04960815 -0.0103125
v 0.00521967 -0.04964055 -0.0103125
v 0.00521967 -0.04964055 -0.0065625
v 0.004787775 -0.049693095 -0.0103125
v 0.004787775 -0.049693095 -0.0065625
v 0.004349925 -0.049769475 -0.0103125
v 0.004349925 -0.049769475 -0.0065625
v 0.003906105 -0.049869675 -0.0103125
v 0.003906105 -0.049869675 -0.0065625
v 0.00345648 -0.049993215 -0.0103125
v 0.00345648 -0.049993215 -0.0065625
v 0.003001575 -0.05013867 -0.0103125
v 0.003001575 -0.05013867 -0.0065625
v 0.00254025 -0.050309235 -0.0103125
v 0.00254025 -0.050309235 -0.0065625
v 0.00207117 -0.05050872 -0.0103125
v 0.00207117 -0.05050872 -0.0065625
v 0.001595145 -0.05073495 -0.0103125
v 0.001595145 -0.05073495 -0.0065625
v 0.00111204 -0.050988225 -0.0103125
v 0.00111204 -0.050988225 -0.0065625
v 0.00061914 -0.051276045 -0.0103125
v 0.00061914 -0.051276045 -0.0065625
v 0.00011415 -0.051604635 -0.0103125
v 0.00011415 -0.051604635 -0.0065625
v -0.00040191 -0.05197119 -0.0103125
v -0.00040191 -0.05197119 -0.0065625
v -0.00092868 -0.052374765 -0.0103125
v -0.00092868 -0.052374765 -0.0065625
v -0.001466175 -0.052815375 -0.0103125
v -0.001466175 -0.052815375 -0.0065625
v -0.00164409 -0.052989675 -0.0103125
v -0.001567845 -0.052902285 -0.0065625
v -0.0016509 -0.052998075 -0.0065625
v -0.001755075 -0.05319717 -0.0103125
v -0.001760745 -0.05322171 -0.0065625
v -0.001796295 -0.053428155 -0.0103125
v -0.001798005 -0.05345658 -0.0065625
v -0.001764915 -0.05367297 -0.0103125
v -0.001764915 -0.05367297 -0.0065625
v -0.0016224 -0.054370635 -0.0103125
v -0.0016224 -0.054370635 -0.0065625
v -0.00146886 -0.05506596 -0.0103125
v -0.00146886 -0.05506596 -0.0065625
v -0.00140541 -0.055289955 -0.0103125
v -0.001397295 -0.055305645 -0.0065625
v -0.00126642 -0.05549238 -0.0103125
v -0.001253625 -0.055506825 -0.0065625
v -0.0010722 -0.05564739 -0.0103125
v -0.00106113 -0.05565336 -0.0065625
v -0.000843045 -0.05572914 -0.0103125
v -0.000843045 -0.05572914 -0.0065625
v -0.000198435 -0.05590164 -0.0103125
v -0.000198435 -0.05590164 -0.0065625
v 0.00042531 -0.05604843 -0.0103125
v 0.00042531 -0.05604843 -0.0065625
v 0.001028175 -0.056169525 -0.0103125
v 0.001028175 -0.056169525 -0.0065625
v 0.001609815 -0.056264475 -0.0103125
v 0.001609815 -0.056264475 -0.0065625
v 0.002169255 -0.056332035 -0.0103125
v 0.002169255 -0.056332035 -0.0065625
v 0.0027087 -0.056374995 -0.0103125
v 0.0027087 -0.056374995 -0.0065625
v 0.00323079 -0.05639673 -0.0103125
v 0.00323079 -0.05639673 -0.0065625
v 0.003731865 -0.05639886 -0.0103125
v 0.003731865 -0.05639886 -0.0065625
v 0.00421341 -0.056379525 -0.0103125
v 0.00421341 -0.056379525 -0.0065625
v 0.00468579 -0.056336835 -0.0103125
v 0.00468579 -0.056336835 -0.0065625
v 0.0051576 -0.056269245 -0.0103125
v 0.0051576 -0.056269245 -0.0065625
v 0.00562497 -0.056177475 -0.0103125
v 0.00562497 -0.056177475 -0.0065625
v 0.00608661 -0.056061735 -0.0103125
v 0.00608661 -0.056061735 -0.0065625
v 0.006542505 -0.055922025 -0.0103125
v 0.006542505 -0.055922025 -0.0065625
v 0.006832665 -0.05582676 -0.0103125
v 0.006830805 -0.055827645 -0.0065625
v 0.00713358 -0.055794735 -0.0065625
v 0.00714135 -0.05579487 -0.0103125
v 0.00743739 -0.0558342 -0.0065625
v 0.00745356 -0.05583927 -0.0103125
v 0.007720755 -0.055964145 -0.0065625
v 0.007745415 -0.055981545 -0.0103125
v 0.007955175 -0.056176365 -0.0065625
v 0.007977315 -0.056204625 -0.0103125
v 0.00813405 -0.056447055 -0.0065625
v 0.008147115 -0.056472105 -0.0103125
v 0.00820086 -0.056598435 -0.0065625
v 0.00825294 -0.05676159 -0.0103125
v 0.00825294 -0.05676159 -0.0065625
v 0.00869217 -0.05796912 -0.0103125
v 0.00869217 -0.05796912 -0.0065625
v 0.009174 -0.059160285 -0.0103125
v 0.009174 -0.059160285 -0.0065625
v 0.009271635 -0.05940264 -0.0103125
v 0.00929019 -0.05944893 -0.0065625
v 0.00933747 -0.05968404 -0.0103125
v 0.009342015 -0.059766525 -0.0065625
v 0.009334695 -0.05999388 -0.0103125
v 0.00934179 -0.059933565 -0.0065625
v 0.009314025 -0.060094635 -0.0065625
v 0.009236955 -0.06030453 -0.0103125
v 0.00925749 -0.0602547 -0.0065625
v 0.00918 -0.06040407 -0.0065625
v 0.009149865 -0.06045063 -0.0103125
v 0.00903921 -0.06057927 -0.0103125
v 0.00897297 -0.060639675 -0.0065625
v 0.008905485 -0.060692745 -0.0103125
v 0.008766945 -0.06078801 -0.0103125
v 0.008730735 -0.06081117 -0.0065625
v 0.008476725 -0.060923745 -0.0103125
v 0.008476725 -0.060923745 -0.0065625
v 0.00808221 -0.06110718 -0.0103125
v 0.00808221 -0.06110718 -0.0065625
v 0.00768939 -0.061315125 -0.0103125
v 0.00768939 -0.061315125 -0.0065625
v 0.00729825 -0.061547565 -0.0103125
v 0.00729825 -0.061547565 -0.0065625
v 0.00690882 -0.06180399 -0.0103125
v 0.00690882 -0.06180399 -0.0065625
v 0.006521115 -0.062082915 -0.0103125
v 0.006521115 -0.062082915 -0.0065625
v 0.006135075 -0.062387685 -0.0103125
v 0.006135075 -0.062387685 -0.0065625
v 0.00575061 -0.06272235 -0.0103125
v 0.00575061 -0.06272235 -0.0065625
v 0.005367795 -0.063084615 -0.0103125
v 0.005367795 -0.063084615 -0.0065625
v 0.0049866 -0.06347478 -0.0103125
v 0.0049866 -0.06347478 -0.0065625
v 0.004606755 -0.063900825 -0.0103125
v 0.004606755 -0.063900825 -0.0065625
v 0.00422802 -0.06436938 -0.0103125
v 0.00422802 -0.06436938 -0.0065625
v 0.0038505 -0.06487746 -0.0103125
v 0.0038505 -0.06487746 -0.0065625
v 0.003474225 -0.065424075 -0.0103125
v 0.003474225 -0.065424075 -0.0065625
v 0.00309918 -0.066009225 -0.0103125
v 0.00309918 -0.066009225 -0.0065625
v 0.002985105 -0.0662247 -0.0103125
v 0.00302892 -0.06612438 -0.0065625
v 0.002979375 -0.066241995 -0.0065625
v 0.00294351 -0.06645999 -0.0103125
v 0.00294471 -0.066489675 -0.0065625
v 0.00297498 -0.066696885 -0.0103125
v 0.002982525 -0.06672411 -0.0065625
v 0.00308007 -0.066917145 -0.0103125
v 0.00308007 -0.066917145 -0.0065625
v 0.00343122 -0.06753663 -0.0103125
v 0.00343122 -0.06753663 -0.0065625
v 0.003792105 -0.068150475 -0.0103125
v 0.003792105 -0.068150475 -0.0065625
v 0.003929565 -0.06835119 -0.0103125
v 0.003935805 -0.068357685 -0.0065625
v 0.00412083 -0.068497755 -0.0103125
v 0.00413364 -0.068503995 -0.0065625
v 0.004347765 -0.06858003 -0.0103125
v 0.00436074 -0.06858288 -0.0065625
v 0.00459222 -0.068587815 -0.0103125
v 0.00459222 -0.068587815 -0.0065625
v 0.005258595 -0.06855267 -0.0103125
v 0.005258595 -0.06855267 -0.0065625
v 0.005897175 -0.06849954 -0.0103125
v 0.005897175 -0.06849954 -0.0065625
v 0.006507945 -0.068428395 -0.0103125
v 0.006507945 -0.068428395 -0.0065625
v 0.00709047 -0.068338965 -0.0103125
v 0.00709047 -0.068338965 -0.0065625
v 0.0076434 -0.068230335 -0.0103125
v 0.0076434 -0.068230335 -0.0065625
v 0.00816972 -0.0681045 -0.0103125
v 0.00816972 -0.0681045 -0.0065625
v 0.00867297 -0.067963845 -0.0103125
v 0.00867297 -0.067963845 -0.0065625
v 0.00915018 -0.067811025 -0.0103125
v 0.00915018 -0.067811025 -0.0065625
v 0.00960219 -0.06764382 -0.0103125
v 0.00960219 -0.06764382 -0.0065625
v 0.01003824 -0.06745725 -0.0103125
v 0.01003824 -0.06745725 -0.0065625
v 0.010466085 -0.06724719 -0.0103125
v 0.010466085 -0.06724719 -0.0065625
v 0.010882215 -0.06701547 -0.0103125
v 0.010882215 -0.06701547 -0.0065625
v 0.01128549 -0.06676275 -0.0103125
v 0.01128549 -0.06676275 -0.0065625
v 0.01167591 -0.066489 -0.0103125
v 0.01167591 -0.066489 -0.0065625
v 0.011903205 -0.06632133 -0.0103125
v 0.01180641 -0.06638532 -0.0065625
v 0.01194627 -0.066297615 -0.0065625
v 0.01216539 -0.0661968 -0.0103125
v 0.012096705 -0.06622443 -0.0065625
v 0.012257115 -0.06616647 -0.0065625
v 0.01245465 -0.066131505 -0.0103125
v 0.01241898 -0.06613449 -0.0065625
v 0.012583845 -0.06612963 -0.0065625
v 0.0127587 -0.06615177 -0.0103125
v 0.012895485 -0.066192435 -0.0065625
v 0.013054485 -0.066267765 -0.0103125
v 0.01316826 -0.06633957 -0.0065625
v 0.013195215 -0.066359625 -0.0103125
v 0.0133257 -0.066471675 -0.0103125
v 0.01339104 -0.0665418 -0.0065625
v 0.013447935 -0.066604755 -0.0103125
v 0.01356207 -0.06675891 -0.0103125
v 0.01356207 -0.06675891 -0.0065625
v 0.014352945 -0.067771605 -0.0103125
v 0.014352945 -0.067771605 -0.0065625
v 0.01517928 -0.06875559 -0.0103125
v 0.01517928 -0.06875559 -0.0065625
v 0.01537452 -0.068989155 -0.0103125
v 0.015381735 -0.068998545 -0.0065625
v 0.015519585 -0.069262455 -0.0103125
v 0.015528345 -0.06928704 -0.0065625
v 0.015598515 -0.069563805 -0.0103125
v 0.01560225 -0.06960282 -0.0065625
v 0.015585105 -0.069874635 -0.0103125
v 0.015575385 -0.069916485 -0.0065625
v 0.01547502 -0.070171155 -0.0103125
v 0.01545942 -0.070200705 -0.0065625
v 0.015294945 -0.07043322 -0.0103125
v 0.01528227 -0.070446555 -0.0065625
v 0.01506108 -0.0706482 -0.0103125
v 0.01506108 -0.0706482 -0.0065625
v 0.014742555 -0.07094457 -0.0103125
v 0.014742555 -0.07094457 -0.0065625
v 0.01443321 -0.071263725 -0.0103125
v 0.01443321 -0.071263725 -0.0065625
v 0.01413306 -0.07160565 -0.0103125
v 0.01413306 -0.07160565 -0.0065625
v 0.013841925 -0.07196988 -0.0103125
v 0.013841925 -0.07196988 -0.0065625
v 0.013559385 -0.07235496 -0.0103125
v 0.013559385 -0.07235496 -0.0065625
v 0.013286415 -0.0727641 -0.0103125
v 0.013286415 -0.0727641 -0.0065625
v 0.013024185 -0.0732012 -0.0103125
v 0.013024185 -0.0732012 -0.0065625
v 0.01277205 -0.073664025 -0.0103125
v 0.01277205 -0.073664025 -0.0065625
v 0.012530085 -0.07415289 -0.0103125
v 0.012530085 -0.07415289 -0.0065625
v 0.012300495 -0.07467546 -0.0103125
v 0.012300495 -0.07467546 -0.0065625
v 0.01208508 -0.075238125 -0.0103125
v 0.01208508 -0.075238125 -0.0065625
v 0.01188303 -0.075838005 -0.0103125
v 0.01188303 -0.075838005 -0.0065625
v 0.01169409 -0.07647414 -0.0103125
v 0.01169409 -0.07647414 -0.0065625
v 0.01151823 -0.07714653 -0.0103125
v 0.01151823 -0.07714653 -0.0065625
v 0.011476005 -0.077372835 -0.0103125
v 0.011476155 -0.07737948 -0.0065625
v 0.01150698 -0.07761105 -0.0103125
v 0.011507955 -0.07761657 -0.0065625
v 0.011609175 -0.077834355 -0.0103125
v 0.011610495 -0.077836005 -0.0065625
v 0.011780625 -0.07801593 -0.0103125
v 0.011780625 -0.07801593 -0.0065625
v 0.012306 -0.078496575 -0.0103125
v 0.012306 -0.078496575 -0.0065625
v 0.01283892 -0.078968865 -0.0103125
v 0.01283892 -0.078968865 -0.0065625
v 0.01302546 -0.079113975 -0.0103125
v 0.013036995 -0.079119795 -0.0065625
v 0.01324953 -0.07919586 -0.0103125
v 0.013263915 -0.07919898 -0.0065625
v 0.01349232 -0.079206405 -0.0103125
v 0.013502355 -0.07920528 -0.0065625
v 0.01373502 -0.07913754 -0.0103125
v 0.01373502 -0.07913754 -0.0065625
v 0.014357925 -0.078898215 -0.0103125
v 0.014357925 -0.078898215 -0.0065625
v 0.01494882 -0.07865034 -0.0103125
v 0.01494882 -0.07865034 -0.0065625
v 0.01550772 -0.078393945 -0.0103125
v 0.01550772 -0.078393945 -0.0065625
v 0.016034085 -0.07812888 -0.0103125
v 0.016034085 -0.07812888 -0.0065625
v 0.0165264 -0.077854695 -0.0103125
v 0.0165264 -0.077854695 -0.0065625
v 0.01698807 -0.077572395 -0.0103125
v 0.01698807 -0.077572395 -0.0065625
v 0.01742322 -0.07728309 -0.0103125
v 0.01742322 -0.07728309 -0.0065625
v 0.017829855 -0.076990305 -0.0103125
v 0.017829855 -0.076990305 -0.0065625
v 0.018208065 -0.076691595 -0.0103125
v 0.018208065 -0.076691595 -0.0065625
v 0.01856514 -0.0763794 -0.0103125
v 0.01856514 -0.0763794 -0.0065625
v 0.01890711 -0.07604742 -0.0103125
v 0.01890711 -0.07604742 -0.0065625
v 0.019231275 -0.075698445 -0.0103125
v 0.019231275 -0.075698445 -0.0065625
v 0.01953672 -0.07533348 -0.0103125
v 0.01953672 -0.07533348 -0.0065625
v 0.019823445 -0.07495248 -0.0103125
v 0.019823445 -0.07495248 -0.0065625
v 0.020006535 -0.07470078 -0.0103125
v 0.02001006 -0.07469565 -0.0065625
v 0.020235495 -0.07449585 -0.0103125
v 0.020250255 -0.07448601 -0.0065625
v 0.020503515 -0.074352255 -0.0103125
v 0.02053488 -0.07434189 -0.0065625
v 0.020799885 -0.074293815 -0.0103125
v 0.02084967 -0.074293365 -0.0065625
v 0.02110815 -0.074325615 -0.0103125
v 0.021160875 -0.074340465 -0.0065625
v 0.021411855 -0.07443831 -0.0103125
v 0.02144871 -0.07445679 -0.0065625
v 0.021557835 -0.07452276 -0.0103125
v 0.021700695 -0.07462632 -0.0103125
v 0.021700695 -0.07462632 -0.0065625
v 0.0227658 -0.07534506 -0.0103125
v 0.0227658 -0.07534506 -0.0065625
v 0.02385576 -0.07602552 -0.0103125
v 0.02385576 -0.07602552 -0.0065625
v 0.024116625 -0.07618959 -0.0103125
v 0.024123705 -0.076195035 -0.0065625
v 0.024340035 -0.076407225 -0.0103125
v 0.024349035 -0.076417935 -0.0065625
v 0.024507405 -0.076671735 -0.0103125
v 0.02451414 -0.07668762 -0.0065625
v 0.02458842 -0.07697271 -0.0103125
v 0.024590145 -0.076994025 -0.0065625
v 0.024572955 -0.07728813 -0.0103125
v 0.02457069 -0.07730334 -0.0065625
v 0.02448201 -0.077590305 -0.0103125
v 0.024478755 -0.077596665 -0.0065625
v 0.024328185 -0.077862045 -0.0103125
v 0.024328185 -0.077862045 -0.0065625
v 0.024116835 -0.07824234 -0.0103125
v 0.024116835 -0.07824234 -0.0065625
v 0.023921265 -0.07864146 -0.0103125
v 0.023921265 -0.07864146 -0.0065625
v 0.02374146 -0.079059405 -0.0103125
v 0.02374146 -0.079059405 -0.0065625
v 0.023577135 -0.07949577 -0.0103125
v 0.023577135 -0.07949577 -0.0065625
v 0.02342742 -0.07994931 -0.0103125
v 0.02342742 -0.07994931 -0.0065625
v 0.023294235 -0.08042277 -0.0103125
v 0.023294235 -0.08042277 -0.0065625
v 0.023179905 -0.080919525 -0.0103125
v 0.023179905 -0.080919525 -0.0065625
v 0.02308314 -0.08143761 -0.0103125
v 0.02308314 -0.08143761 -0.0065625
v 0.02300409 -0.081977325 -0.0103125
v 0.02300409 -0.081977325 -0.0065625
v 0.02294721 -0.082545255 -0.0103125
v 0.02294721 -0.082545255 -0.0065625
v 0.022916205 -0.083146935 -0.0103125
v 0.022916205 -0.083146935 -0.0065625
v 0.022909425 -0.083779905 -0.0103125
v 0.022909425 -0.083779905 -0.0065625
v 0.0229263 -0.08444328 -0.0103125
v 0.0229263 -0.08444328 -0.0065625
v 0.02296683 -0.08513712 -0.0103125
v 0.02296683 -0.08513712 -0.0065625
v 0.022996575 -0.08536491 -0.0103125
v 0.02300001 -0.08537523 -0.0065625
v 0.023098335 -0.08558088 -0.0103125
v 0.023104395 -0.08559069 -0.0065625
v 0.023263905 -0.08576142 -0.0103125
v 0.02326953 -0.085765785 -0.0065625
v 0.02348505 -0.085882875 -0.0103125
v 0.02348505 -0.085882875 -0.0065625
v 0.024133245 -0.086177655 -0.0103125
v 0.024133245 -0.086177655 -0.0065625
v 0.024786015 -0.086462145 -0.0103125
v 0.024786015 -0.086462145 -0.0065625
v 0.025003725 -0.0865419 -0.0103125
v 0.025019715 -0.08654487 -0.0065625
v 0.025243425 -0.08655096 -0.0103125
v 0.025267395 -0.086547165 -0.0065625
v 0.025480515 -0.086486505 -0.0103125
v 0.04340019 -0.045097995 -0.0065625
v 0.04340019 -0.045097995 -0.0103125
v 0.04336479 -0.045265425 -0.0103125
v 0.04340037 -0.044926875 -0.0065625
v 0.04336479 -0.045265425 -0.0065625
v 0.043306815 -0.04541643 -0.0103125
v 0.043306815 -0.04541643 -0.0065625
v 0.04322628 -0.04555104 -0.0103125
v 0.04322628 -0.04555104 -0.0065625
v 0.04311939 -0.045672285 -0.0103125
v 0.04311939 -0.045672285 -0.0065625
v 0.04298994 -0.04577712 -0.0103125
v 0.04298994 -0.04577712 -0.0065625
v 0.042849135 -0.04585644 -0.0103125
v 0.042849135 -0.04585644 -0.0065625
v 0.042695955 -0.04590801 -0.0103125
v 0.042695955 -0.04590801 -0.0065625
v 0.042531435 -0.045934065 -0.0103125
v 0.042531435 -0.045934065 -0.0065625
v 0.042369825 -0.04593237 -0.0103125
v 0.042369825 -0.04593237 -0.0065625
v 0.042211395 -0.045900435 -0.0103125
v 0.042211395 -0.045900435 -0.0065625
v 0.042055875 -0.045840735 -0.0103125
v 0.042055875 -0.045840735 -0.0065625
v 0.041916765 -0.04575846 -0.0103125
v 0.041916765 -0.04575846 -0.0065625
v 0.041795535 -0.045651585 -0.0103125
v 0.041795535 -0.045651585 -0.0065625
v 0.0416907 -0.04552212 -0.0103125
v 0.0416907 -0.04552212 -0.0065625
v 0.041611365 -0.045381315 -0.0103125
v 0.041611365 -0.045381315 -0.0065625
v 0.041560575 -0.045232905 -0.0103125
v 0.041560575 -0.045232905 -0.0065625
v 0.041535255 -0.045073125 -0.0103125
v 0.041535255 -0.045073125 -0.0065625
v 0.04153545 -0.044902005 -0.0103125
v 0.04153545 -0.044902005 -0.0065625
v 0.041570835 -0.044734575 -0.0103125
v 0.041570835 -0.044734575 -0.0065625
v 0.04162881 -0.04458357 -0.0103125
v 0.04162881 -0.04458357 -0.0065625
v 0.04170936 -0.04444896 -0.0103125
v 0.04170936 -0.04444896 -0.0065625
v 0.041816235 -0.044327715 -0.0103125
v 0.041816235 -0.044327715 -0.0065625
v 0.0419457 -0.04422288 -0.0103125
v 0.0419457 -0.04422288 -0.0065625
v 0.042086505 -0.04414356 -0.0103125
v 0.042086505 -0.04414356 -0.0065625
v 0.042239685 -0.04409199 -0.0103125
v 0.042239685 -0.04409199 -0.0065625
v 0.042404205 -0.044065935 -0.0103125
v 0.042404205 -0.044065935 -0.0065625
v 0.042565815 -0.04406763 -0.0103125
v 0.042565815 -0.04406763 -0.0065625
v 0.042724245 -0.044099565 -0.0103125
v 0.042724245 -0.044099565 -0.0065625
v 0.042879765 -0.044159265 -0.0103125
v 0.042879765 -0.044159265 -0.0065625
v 0.04301886 -0.04424154 -0.0103125
v 0.04301886 -0.04424154 -0.0065625
v 0.043140105 -0.044348415 -0.0103125
v 0.043140105 -0.044348415 -0.0065625
v 0.04324494 -0.04447788 -0.0103125
v 0.04324494 -0.04447788 -0.0065625
v 0.04332426 -0.044618685 -0.0103125
v 0.04332426 -0.044618685 -0.0065625
v 0.043375065 -0.044767095 -0.0103125
v 0.043375065 -0.044767095 -0.0065625
v 0.04340037 -0.044926875 -0.0103125
v 0.038747895 -0.013237095 -0.0065625
v 0.038747895 -0.013237095 -0.0103125
v 0.039264885 -0.013179285 -0.0103125
v 0.03694122 -0.01350204 -0.0065625
v 0.039228795 -0.01318227 -0.0065625
v 0.039755055 -0.01316274 -0.0065625
v 0.03981636 -0.0131628 -0.0103125
v 0.040323735 -0.01318407 -0.0065625
v 0.0403983 -0.013192365 -0.0103125
v 0.040617735 -0.01322685 -0.0065625
v 0.040689735 -0.013238595 -0.0103125
v 0.04092012 -0.013288875 -0.0065625
v 0.040983375 -0.01330392 -0.0103125
v 0.04121904 -0.01337304 -0.0065625
v 0.04127274 -0.01339107 -0.0103125
v 0.04150725 -0.013482 -0.0065625
v 0.041554605 -0.013502475 -0.0103125
v 0.04179045 -0.01361478 -0.0065625
v 0.041832675 -0.013637265 -0.0103125
v 0.04206099 -0.013769565 -0.0065625
v 0.04209855 -0.01379367 -0.0103125
v 0.042312255 -0.01394556 -0.0065625
v 0.042345135 -0.013970925 -0.0103125
v 0.04254801 -0.014144415 -0.0065625
v 0.042576285 -0.01417056 -0.0103125
v 0.04276533 -0.01436214 -0.0065625
v 0.04278939 -0.014388855 -0.0103125
v 0.04296063 -0.014595345 -0.0065625
v 0.042981105 -0.01462275 -0.0103125
v 0.043135305 -0.01484778 -0.0065625
v 0.0431529 -0.01487619 -0.0103125
v 0.043288845 -0.01511322 -0.0065625
v 0.043303875 -0.01514226 -0.0103125
v 0.043419945 -0.015384165 -0.0065625
v 0.04343223 -0.015412605 -0.0103125
v 0.043527795 -0.01566444 -0.0065625
v 0.04353705 -0.015690915 -0.0103125
v 0.04368234 -0.01623426 -0.0065625
v 0.043686405 -0.016255515 -0.0103125
v 0.04375638 -0.016802835 -0.0065625
v 0.04375767 -0.01681929 -0.0103125
v 0.04378368 -0.017346345 -0.0065625
v 0.043783635 -0.017355795 -0.0103125
v 0.04376868 -0.01786113 -0.0103125
v 0.04376868 -0.01786113 -0.0065625
v 0.04374063 -0.018532695 -0.0103125
v 0.04374063 -0.018532695 -0.0065625
v 0.04369365 -0.01925493 -0.0103125
v 0.04369365 -0.01925493 -0.0065625
v 0.04362777 -0.020031345 -0.0103125
v 0.04362777 -0.020031345 -0.0065625
v 0.04354302 -0.02086428 -0.0103125
v 0.04354302 -0.02086428 -0.0065625
v 0.043439055 -0.02172165 -0.0103125
v 0.043439055 -0.02172165 -0.0065625
v 0.04331757 -0.022589775 -0.0103125
v 0.04331757 -0.022589775 -0.0065625
v 0.043174755 -0.02348361 -0.0103125
v 0.043174755 -0.02348361 -0.0065625
v 0.043006575 -0.024413415 -0.0103125
v 0.043006575 -0.024413415 -0.0065625
v 0.042814185 -0.025376355 -0.0103125
v 0.042814185 -0.025376355 -0.0065625
v 0.042588255 -0.026374635 -0.0103125
v 0.042588255 -0.026374635 -0.0065625
v 0.042329115 -0.0274155 -0.0103125
v 0.042329115 -0.0274155 -0.0065625
v 0.0421863 -0.0279465 -0.0103125
v 0.0421863 -0.0279465 -0.0065625
v 0.042033345 -0.028479945 -0.0103125
v 0.042033345 -0.028479945 -0.0065625
v 0.041869365 -0.02901516 -0.0103125
v 0.041869365 -0.02901516 -0.0065625
v 0.04169445 -0.029560185 -0.0103125
v 0.04169445 -0.029560185 -0.0065625
v 0.04150953 -0.0301089 -0.0103125
v 0.04150953 -0.0301089 -0.0065625
v 0.041315535 -0.030653265 -0.0103125
v 0.041315535 -0.030653265 -0.0065625
v 0.041113425 -0.031185225 -0.0103125
v 0.041113425 -0.031185225 -0.0065625
v 0.040905165 -0.031699425 -0.0103125
v 0.040905165 -0.031699425 -0.0065625
v 0.040692465 -0.03220116 -0.0103125
v 0.040692465 -0.03220116 -0.0065625
v 0.040471215 -0.03269295 -0.0103125
v 0.040471215 -0.03269295 -0.0065625
v 0.04023693 -0.03317688 -0.0103125
v 0.04023693 -0.03317688 -0.0065625
v 0.03998517 -0.03365496 -0.0103125
v 0.03998517 -0.03365496 -0.0065625
v 0.039709875 -0.03413526 -0.0103125
v 0.039709875 -0.03413526 -0.0065625
v 0.039410625 -0.03462294 -0.0103125
v 0.039410625 -0.03462294 -0.0065625
v 0.0390972 -0.035101395 -0.0103125
v 0.0390972 -0.035101395 -0.0065625
v 0.038779605 -0.03555339 -0.0103125
v 0.038779605 -0.03555339 -0.0065625
v 0.03846786 -0.03596166 -0.0103125
v 0.03846786 -0.03596166 -0.0065625
v 0.038164365 -0.03632211 -0.0103125
v 0.038164365 -0.03632211 -0.0065625
v 0.03786162 -0.036647595 -0.0103125
v 0.03786162 -0.036647595 -0.0065625
v 0.037559535 -0.036938325 -0.0103125
v 0.037559535 -0.036938325 -0.0065625
v 0.03725811 -0.037194285 -0.0103125
v 0.03725811 -0.037194285 -0.0065625
v 0.03695733 -0.03741546 -0.0103125
v 0.03695733 -0.03741546 -0.0065625
v 0.036697005 -0.03759786 -0.0103125
v 0.036697005 -0.03759786 -0.0065625
v 0.03641313 -0.03776292 -0.0103125
v 0.03641313 -0.03776292 -0.0065625
v 0.036105675 -0.03791064 -0.0103125
v 0.036105675 -0.03791064 -0.0065625
v 0.035774655 -0.038041035 -0.0103125
v 0.035774655 -0.038041035 -0.0065625
v 0.03541758 -0.03815469 -0.0103125
v 0.03541758 -0.03815469 -0.0065625
v 0.03503058 -0.038252535 -0.0103125
v 0.03503058 -0.038252535 -0.0065625
v 0.034622055 -0.038332575 -0.0103125
v 0.034622055 -0.038332575 -0.0065625
v 0.034201185 -0.038392575 -0.0103125
v 0.034201185 -0.038392575 -0.0065625
v 0.033775665 -0.03843024 -0.0103125
v 0.033775665 -0.03843024 -0.0065625
v 0.033335115 -0.038443755 -0.0103125
v 0.033335115 -0.038443755 -0.0065625
v 0.032883165 -0.038436315 -0.0103125
v 0.032883165 -0.038436315 -0.0065625
v 0.03242964 -0.038411985 -0.0103125
v 0.03242964 -0.038411985 -0.0065625
v 0.03198429 -0.038374815 -0.0103125
v 0.03198429 -0.038374815 -0.0065625
v 0.031549605 -0.03832377 -0.0103125
v 0.031549605 -0.03832377 -0.0065625
v 0.03111984 -0.03825687 -0.0103125
v 0.03111984 -0.03825687 -0.0065625
v 0.03069255 -0.038176845 -0.0103125
v 0.03069255 -0.038176845 -0.0065625
v 0.030265275 -0.03808641 -0.0103125
v 0.030265275 -0.03808641 -0.0065625
v 0.029835645 -0.0379866 -0.0103125
v 0.029835645 -0.0379866 -0.0065625
v 0.029404125 -0.03787452 -0.0103125
v 0.029404125 -0.03787452 -0.0065625
v 0.028973505 -0.037752285 -0.0103125
v 0.028973505 -0.037752285 -0.0065625
v 0.028546725 -0.03762243 -0.0103125
v 0.028546725 -0.03762243 -0.0065625
v 0.02812608 -0.03748701 -0.0103125
v 0.02812608 -0.03748701 -0.0065625
v 0.02729334 -0.037191165 -0.0103125
v 0.02729334 -0.037191165 -0.0065625
v 0.026492805 -0.036878625 -0.0103125
v 0.026492805 -0.036878625 -0.0065625
v 0.02573979 -0.036559215 -0.0103125
v 0.02573979 -0.036559215 -0.0065625
v 0.02502792 -0.036233835 -0.0103125
v 0.02502792 -0.036233835 -0.0065625
v 0.024358605 -0.03591012 -0.0103125
v 0.024358605 -0.03591012 -0.0065625
v 0.023729115 -0.035586555 -0.0103125
v 0.023729115 -0.035586555 -0.0065625
v 0.02313243 -0.03526563 -0.0103125
v 0.02313243 -0.03526563 -0.0065625
v 0.022569225 -0.034946985 -0.0103125
v 0.022569225 -0.034946985 -0.0065625
v 0.022035075 -0.034632465 -0.0103125
v 0.022035075 -0.034632465 -0.0065625
v 0.02153118 -0.03432246 -0.0103125
v 0.02153118 -0.03432246 -0.0065625
v 0.02103984 -0.034007685 -0.0103125
v 0.02103984 -0.034007685 -0.0065625
v 0.02055888 -0.033687075 -0.0103125
v 0.02055888 -0.033687075 -0.0065625
v 0.02009043 -0.033361545 -0.0103125
v 0.02009043 -0.033361545 -0.0065625
v 0.01963443 -0.033030975 -0.0103125
v 0.01963443 -0.033030975 -0.0065625
v 0.019190895 -0.032695425 -0.0103125
v 0.019190895 -0.032695425 -0.0065625
v 0.018759015 -0.03235611 -0.0103125
v 0.018769215 -0.0323646 -0.0065625
v 0.01834776 -0.031987095 -0.0065625
v 0.018331155 -0.031971495 -0.0103125
v 0.01792518 -0.03156324 -0.0065625
v 0.01790598 -0.031541895 -0.0103125
v 0.01753425 -0.031084785 -0.0065625
v 0.01751607 -0.03106032 -0.0103125
v 0.017183865 -0.03055173 -0.0065625
v 0.017169255 -0.030526065 -0.0103125
v 0.01689168 -0.0299613 -0.0065625
v 0.01688064 -0.029934495 -0.0103125
v 0.016674585 -0.029323665 -0.0065625
v 0.016667535 -0.02929761 -0.0103125
v 0.01659627 -0.028987635 -0.0065625
v 0.01653879 -0.028619985 -0.0103125
v 0.01654143 -0.02864271 -0.0065625
v 0.01651473 -0.02829177 -0.0065625
v 0.016513965 -0.028270365 -0.0103125
v 0.016514985 -0.02793096 -0.0065625
v 0.01651596 -0.02791023 -0.0103125
v 0.01654164 -0.0275649 -0.0065625
v 0.01654413 -0.02754486 -0.0103125
v 0.01659543 -0.02720109 -0.0065625
v 0.01659891 -0.02718255 -0.0103125
v 0.016677855 -0.026838615 -0.0065625
v 0.016681875 -0.02682285 -0.0103125
v 0.0167877 -0.02647671 -0.0065625
v 0.01679181 -0.026464515 -0.0103125
v 0.0169215 -0.026122995 -0.0065625
v 0.01692507 -0.026114655 -0.0103125
v 0.01707933 -0.025781895 -0.0065625
v 0.017081265 -0.025777695 -0.0103125
v 0.01726398 -0.02545002 -0.0103125
v 0.017264955 -0.02544927 -0.0065625
v 0.017463015 -0.025134195 -0.0103125
v 0.01746666 -0.02512929 -0.0065625
v 0.017667945 -0.024833205 -0.0103125
v 0.01767258 -0.024826605 -0.0065625
v 0.01788078 -0.024546495 -0.0103125
v 0.01788498 -0.0245403 -0.0065625
v 0.01810374 -0.024273405 -0.0103125
v 0.01810638 -0.024269415 -0.0065625
v 0.01833681 -0.02401395 -0.0103125
v 0.01833681 -0.02401395 -0.0065625
v 0.01957461 -0.02267142 -0.0103125
v 0.01957461 -0.02267142 -0.0065625
v 0.02087697 -0.02140902 -0.0103125
v 0.02087697 -0.02140902 -0.0065625
v 0.02224386 -0.02022675 -0.0103125
v 0.02224386 -0.02022675 -0.0065625
v 0.023678865 -0.019122225 -0.0103125
v 0.023678865 -0.019122225 -0.0065625
v 0.0251829 -0.01809483 -0.0103125
v 0.0251829 -0.01809483 -0.0065625
v 0.02674137 -0.017154315 -0.0103125
v 0.02674137 -0.017154315 -0.0065625
v 0.0283434 -0.016308465 -0.0103125
v 0.0283434 -0.016308465 -0.0065625
v 0.029999025 -0.015551985 -0.0103125
v 0.029999025 -0.015551985 -0.0065625
v 0.031695705 -0.01488945 -0.0103125
v 0.031695705 -0.01488945 -0.0065625
v 0.033417105 -0.014327415 -0.0103125
v 0.033417105 -0.014327415 -0.0065625
v 0.03516429 -0.01386549 -0.0103125
v 0.03516429 -0.01386549 -0.0065625
v 0.03694122 -0.01350204 -0.0103125
v 0.054066795 -0.068636445 -0.0065625
v 0.054066795 -0.068636445 -0.0103125
v 0.054169215 -0.06897102 -0.0103125
v 0.053905215 -0.068104275 -0.0065625
v 0.05422368 -0.069188565 -0.0065625
v 0.054256725 -0.06931815 -0.0103125
v 0.05432934 -0.06967782 -0.0103125
v 0.05434686 -0.069782385 -0.0065625
v 0.054390255 -0.07005306 -0.0103125
v 0.054437925 -0.070418415 -0.0065625
v 0.05443782 -0.070442325 -0.0103125
v 0.054461085 -0.070835325 -0.0103125
v 0.054458685 -0.071085675 -0.0065625
v 0.054453345 -0.07122906 -0.0103125
v 0.054442035 -0.07143003 -0.0065625
v 0.05441901 -0.071627595 -0.0103125
v 0.054401385 -0.071774835 -0.0065625
v 0.054358335 -0.072017745 -0.0103125
v 0.05433588 -0.07212207 -0.0065625
v 0.054269715 -0.072391695 -0.0103125
v 0.05424714 -0.072471375 -0.0065625
v 0.054152025 -0.07275603 -0.0103125
v 0.054133605 -0.072813855 -0.0065625
v 0.05401359 -0.07310061 -0.0103125
v 0.053993625 -0.073144515 -0.0065625
v 0.053696175 -0.0736974 -0.0103125
v 0.05382744 -0.073468305 -0.0065625
v 0.053637525 -0.073779675 -0.0065625
v 0.05330097 -0.074224065 -0.0103125
v 0.053425845 -0.07407279 -0.0065625
v 0.05318847 -0.07435077 -0.0065625
v 0.053067 -0.074478855 -0.0103125
v 0.05293059 -0.07461168 -0.0065625
v 0.05281284 -0.074720835 -0.0103125
v 0.05266029 -0.07485093 -0.0065625
v 0.052542165 -0.07494453 -0.0103125
v 0.05237673 -0.07506696 -0.0065625
v 0.052251465 -0.07515174 -0.0103125
v 0.05207895 -0.075261765 -0.0065625
v 0.051945675 -0.075341505 -0.0103125
v 0.051774945 -0.075436095 -0.0065625
v 0.051632235 -0.075510915 -0.0103125
v 0.05146863 -0.075589305 -0.0065625
v 0.0513078 -0.075658065 -0.0103125
v 0.050975685 -0.07578654 -0.0103125
v 0.050841795 -0.075833685 -0.0065625
v 0.050644305 -0.075901155 -0.0103125
v 0.050314965 -0.07600263 -0.0103125
v 0.050237775 -0.076024935 -0.0065625
v 0.04965492 -0.07616193 -0.0103125
v 0.04965492 -0.07616193 -0.0065625
v 0.0478644 -0.07652049 -0.0103125
v 0.0478644 -0.07652049 -0.0065625
v 0.04606875 -0.076776285 -0.0103125
v 0.04606875 -0.076776285 -0.0065625
v 0.044267985 -0.07692933 -0.0103125
v 0.044267985 -0.07692933 -0.0065625
v 0.04245783 -0.07697943 -0.0103125
v 0.04245783 -0.07697943 -0.0065625
v 0.040637145 -0.07692657 -0.0103125
v 0.040637145 -0.07692657 -0.0065625
v 0.03882351 -0.07677141 -0.0103125
v 0.03882351 -0.07677141 -0.0065625
v 0.03703026 -0.07651407 -0.0103125
v 0.03703026 -0.07651407 -0.0065625
v 0.035246175 -0.076152915 -0.0103125
v 0.035246175 -0.076152915 -0.0065625
v 0.033484095 -0.075691635 -0.0103125
v 0.033484095 -0.075691635 -0.0065625
v 0.031761105 -0.075134505 -0.0103125
v 0.031761105 -0.075134505 -0.0065625
v 0.030076095 -0.074481255 -0.0103125
v 0.030076095 -0.074481255 -0.0065625
v 0.028424895 -0.07373085 -0.0103125
v 0.028424895 -0.07373085 -0.0065625
v 0.026807535 -0.072883245 -0.0103125
v 0.026807535 -0.072883245 -0.0065625
v 0.02653227 -0.07272717 -0.0103125
v 0.026456895 -0.07268574 -0.0065625
v 0.02624565 -0.0725517 -0.0103125
v 0.026096865 -0.072453855 -0.0065625
v 0.025949475 -0.072353235 -0.0103125
v 0.025726455 -0.07218819 -0.0065625
v 0.025647375 -0.072124095 -0.0103125
v 0.02536851 -0.071874 -0.0065625
v 0.02534577 -0.07185321 -0.0103125
v 0.025051065 -0.071531655 -0.0103125
v 0.02503086 -0.07150776 -0.0065625
v 0.02477031 -0.071148675 -0.0103125
v 0.02472753 -0.071079465 -0.0065625
v 0.024521625 -0.070694805 -0.0103125
v 0.02447904 -0.070594875 -0.0065625
v 0.02432823 -0.07017015 -0.0103125
v 0.024295305 -0.070055175 -0.0065625
v 0.02425902 -0.069879675 -0.0103125
v 0.024213615 -0.06957543 -0.0103125
v 0.02420727 -0.069473805 -0.0065625
v 0.02419884 -0.069259335 -0.0103125
v 0.02419902 -0.069169035 -0.0065625
v 0.024212025 -0.06892752 -0.0103125
v 0.02421555 -0.068865045 -0.0065625
v 0.024252 -0.06859647 -0.0103125
v 0.024258615 -0.068561115 -0.0065625
v 0.02432016 -0.068276685 -0.0103125
v 0.02432676 -0.06825615 -0.0065625
v 0.024416835 -0.067961835 -0.0103125
v 0.024416235 -0.067958025 -0.0065625
v 0.024532725 -0.06766047 -0.0103125
v 0.02452668 -0.06767148 -0.0065625
v 0.024661665 -0.06739245 -0.0065625
v 0.024665055 -0.067378425 -0.0103125
v 0.024810885 -0.06712428 -0.0065625
v 0.024816075 -0.06711219 -0.0103125
v 0.02512245 -0.06663111 -0.0065625
v 0.025131945 -0.066622965 -0.0103125
v 0.02546358 -0.066191175 -0.0103125
v 0.02546358 -0.066191175 -0.0065625
v 0.025881 -0.06566436 -0.0103125
v 0.025881 -0.06566436 -0.0065625
v 0.02634354 -0.065107665 -0.0103125
v 0.02634354 -0.065107665 -0.0065625
v 0.026853195 -0.06451827 -0.0103125
v 0.026853195 -0.06451827 -0.0065625
v 0.027411345 -0.063894225 -0.0103125
v 0.027411345 -0.063894225 -0.0065625
v 0.027999405 -0.063261705 -0.0103125
v 0.027999405 -0.063261705 -0.0065625
v 0.02860794 -0.062630775 -0.0103125
v 0.02860794 -0.062630775 -0.0065625
v 0.02924889 -0.061991595 -0.0103125
v 0.02924889 -0.061991595 -0.0065625
v 0.029931465 -0.06133821 -0.0103125
v 0.029931465 -0.06133821 -0.0065625
v 0.030653115 -0.06067227 -0.0103125
v 0.030653115 -0.06067227 -0.0065625
v 0.031422675 -0.05999745 -0.0103125
v 0.031422675 -0.05999745 -0.0065625
v 0.03224412 -0.05930769 -0.0103125
v 0.03224412 -0.05930769 -0.0065625
v 0.032671785 -0.058962045 -0.0103125
v 0.032671785 -0.058962045 -0.0065625
v 0.03310908 -0.058620375 -0.0103125
v 0.03310908 -0.058620375 -0.0065625
v 0.03355632 -0.05828376 -0.0103125
v 0.03355632 -0.05828376 -0.0065625
v 0.034018185 -0.057945645 -0.0103125
v 0.034018185 -0.057945645 -0.0065625
v 0.034490325 -0.057610425 -0.0103125
v 0.034490325 -0.057610425 -0.0065625
v 0.034967235 -0.057284055 -0.0103125
v 0.034967235 -0.057284055 -0.0065625
v 0.035443425 -0.056972475 -0.0103125
v 0.035443425 -0.056972475 -0.0065625
v 0.03591414 -0.056678895 -0.0103125
v 0.03591414 -0.056678895 -0.0065625
v 0.036381135 -0.056398005 -0.0103125
v 0.036381135 -0.056398005 -0.0065625
v 0.03684921 -0.056130195 -0.0103125
v 0.03684921 -0.056130195 -0.0065625
v 0.03732318 -0.055876395 -0.0103125
v 0.03732318 -0.055876395 -0.0065625
v 0.037807875 -0.055637595 -0.0103125
v 0.037807875 -0.055637595 -0.0065625
v 0.03831291 -0.05541084 -0.0103125
v 0.03831291 -0.05541084 -0.0065625
v 0.03884166 -0.0551922 -0.0103125
v 0.03884166 -0.0551922 -0.0065625
v 0.039376455 -0.05498934 -0.0103125
v 0.039376455 -0.05498934 -0.0065625
v 0.03989907 -0.054810345 -0.0103125
v 0.03989907 -0.054810345 -0.0065625
v 0.04039125 -0.054663285 -0.0103125
v 0.04039125 -0.054663285 -0.0065625
v 0.040848645 -0.05455008 -0.0103125
v 0.040848645 -0.05455008 -0.0065625
v 0.04128489 -0.054464685 -0.0103125
v 0.04128489 -0.054464685 -0.0065625
v 0.041700165 -0.05440704 -0.0103125
v 0.041700165 -0.05440704 -0.0065625
v 0.04209447 -0.054377145 -0.0103125
v 0.04209447 -0.054377145 -0.0065625
v 0.04246782 -0.054375 -0.0103125
v 0.04246782 -0.054375 -0.0065625
v 0.042785625 -0.05438046 -0.0103125
v 0.042785625 -0.05438046 -0.0065625
v 0.04311231 -0.05441379 -0.0103125
v 0.04311231 -0.05441379 -0.0065625
v 0.043447875 -0.05447499 -0.0103125
v 0.043447875 -0.05447499 -0.0065625
v 0.04379232 -0.05456406 -0.0103125
v 0.04379232 -0.05456406 -0.0065625
v 0.044148015 -0.054682005 -0.0103125
v 0.044148015 -0.054682005 -0.0065625
v 0.04451862 -0.05483031 -0.0103125
v 0.04451862 -0.05483031 -0.0065625
v 0.04489617 -0.05500569 -0.0103125
v 0.04489617 -0.05500569 -0.0065625
v 0.045271905 -0.055204515 -0.0103125
v 0.045271905 -0.055204515 -0.0065625
v 0.045638295 -0.055424175 -0.0103125
v 0.045638295 -0.055424175 -0.0065625
v 0.046002675 -0.055672185 -0.0103125
v 0.046002675 -0.055672185 -0.0065625
v 0.046363935 -0.05594385 -0.0103125
v 0.046363935 -0.05594385 -0.0065625
v 0.04671654 -0.05623011 -0.0103125
v 0.04671654 -0.05623011 -0.0065625
v 0.047054985 -0.05652195 -0.0103125
v 0.047054985 -0.05652195 -0.0065625
v 0.047376645 -0.056818755 -0.0103125
v 0.047376645 -0.056818755 -0.0065625
v 0.047685015 -0.057125475 -0.0103125
v 0.047685015 -0.057125475 -0.0065625
v 0.04798365 -0.057441375 -0.0103125
v 0.04798365 -0.057441375 -0.0065625
v 0.04827618 -0.05776569 -0.0103125
v 0.04827618 -0.05776569 -0.0065625
v 0.04856508 -0.05809896 -0.0103125
v 0.04856508 -0.05809896 -0.0065625
v 0.048848325 -0.058443285 -0.0103125
v 0.048848325 -0.058443285 -0.0065625
v 0.04912485 -0.058795275 -0.0103125
v 0.04912485 -0.058795275 -0.0065625
v 0.0493938 -0.059151195 -0.0103125
v 0.0493938 -0.059151195 -0.0065625
v 0.0496545 -0.059507985 -0.0103125
v 0.0496545 -0.059507985 -0.0065625
v 0.050154315 -0.060236805 -0.0103125
v 0.050154315 -0.060236805 -0.0065625
v 0.05061825 -0.060960195 -0.0103125
v 0.05061825 -0.060960195 -0.0065625
v 0.051039705 -0.06166122 -0.0103125
v 0.051039705 -0.06166122 -0.0065625
v 0.051424365 -0.062342895 -0.0103125
v 0.051424365 -0.062342895 -0.0065625
v 0.051775575 -0.0629982 -0.0103125
v 0.051775575 -0.0629982 -0.0065625
v 0.052094655 -0.06362997 -0.0103125
v 0.052094655 -0.06362997 -0.0065625
v 0.05238876 -0.064240335 -0.0103125
v 0.05238876 -0.064240335 -0.0065625
v 0.052657095 -0.06482916 -0.0103125
v 0.052657095 -0.06482916 -0.0065625
v 0.05290437 -0.06539757 -0.0103125
v 0.05290437 -0.06539757 -0.0065625
v 0.053129805 -0.06594456 -0.0103125
v 0.053129805 -0.06594456 -0.0065625
v 0.053342295 -0.066488025 -0.0103125
v 0.053342295 -0.066488025 -0.0065625
v 0.05354295 -0.067030095 -0.0103125
v 0.05354295 -0.067030095 -0.0065625
v 0.053730585 -0.067568805 -0.0103125
v 0.053730585 -0.067568805 -0.0065625
v 0.053905215 -0.068104275 -0.0103125
v 0.023572515 -0.06333534 -0.0065625
v 0.023572515 -0.06333534 -0.0103125
v 0.02299932 -0.06371418 -0.0103125
v 0.024028695 -0.06301722 -0.0065625
v 0.02325741 -0.06355101 -0.0065625
v 0.022936395 -0.063751005 -0.0065625
v 0.022701 -0.063885765 -0.0103125
v 0.0226095 -0.06393531 -0.0065625
v 0.02239542 -0.064047135 -0.0103125
v 0.022276875 -0.06410625 -0.0065625
v 0.02208255 -0.064198215 -0.0103125
v 0.021938295 -0.064260705 -0.0065625
v 0.021760305 -0.06433266 -0.0103125
v 0.02159319 -0.064392285 -0.0065625
v 0.02142639 -0.06444633 -0.0103125
v 0.02124042 -0.064501515 -0.0065625
v 0.021080715 -0.064542735 -0.0103125
v 0.020881905 -0.064588005 -0.0065625
v 0.020727165 -0.06461751 -0.0103125
v 0.0205203 -0.064648665 -0.0065625
v 0.020368785 -0.064666065 -0.0103125
v 0.020152725 -0.06468405 -0.0065625
v 0.02000133 -0.064690545 -0.0103125
v 0.019784235 -0.06469377 -0.0065625
v 0.01963131 -0.064689645 -0.0103125
v 0.019422135 -0.064676265 -0.0065625
v 0.01926765 -0.064660635 -0.0103125
v 0.0190635 -0.06463092 -0.0065625
v 0.018906885 -0.06460173 -0.0103125
v 0.018712095 -0.064559895 -0.0065625
v 0.01855152 -0.064516005 -0.0103125
v 0.0183732 -0.064464615 -0.0065625
v 0.018210135 -0.064407645 -0.0103125
v 0.018043725 -0.06434229 -0.0065625
v 0.017882835 -0.06427407 -0.0103125
v 0.017568495 -0.064116885 -0.0103125
v 0.017433285 -0.064044075 -0.0065625
v 0.017002815 -0.06376683 -0.0103125
v 0.01689675 -0.063686475 -0.0065625
v 0.016522395 -0.06337464 -0.0103125
v 0.016448355 -0.063307185 -0.0065625
v 0.01612239 -0.0629736 -0.0103125
v 0.01607307 -0.06291885 -0.0065625
v 0.01578852 -0.06257259 -0.0103125
v 0.015759495 -0.062532675 -0.0065625
v 0.015508125 -0.06218343 -0.0103125
v 0.01549128 -0.06215943 -0.0065625
v 0.015262995 -0.06181401 -0.0103125
v 0.01525722 -0.06180282 -0.0065625
v 0.015052005 -0.061464915 -0.0103125
v 0.015052005 -0.061464915 -0.0065625
v 0.01415769 -0.059872815 -0.0103125
v 0.01415769 -0.059872815 -0.0065625
v 0.013359525 -0.0582441 -0.0103125
v 0.013359525 -0.0582441 -0.0065625
v 0.01265751 -0.05657877 -0.0103125
v 0.01265751 -0.05657877 -0.0065625
v 0.01205049 -0.054872685 -0.0103125
v 0.01205049 -0.054872685 -0.0065625
v 0.01153815 -0.05312478 -0.0103125
v 0.01153815 -0.05312478 -0.0065625
v 0.01112526 -0.05135196 -0.0103125
v 0.01112526 -0.05135196 -0.0065625
v 0.010815855 -0.04956696 -0.0103125
v 0.010815855 -0.04956696 -0.0065625
v 0.010608015 -0.04775859 -0.0103125
v 0.010608015 -0.04775859 -0.0065625
v 0.01050222 -0.045940215 -0.0103125
v 0.01050222 -0.045940215 -0.0065625
v 0.01049964 -0.044129385 -0.0103125
v 0.01049964 -0.044129385 -0.0065625
v 0.010600215 -0.042324975 -0.0103125
v 0.010600215 -0.042324975 -0.0065625
v 0.01080366 -0.04052271 -0.0103125
v 0.01080366 -0.04052271 -0.0065625
v 0.011109975 -0.038722575 -0.0103125
v 0.011109975 -0.038722575 -0.0065625
v 0.011185305 -0.038355405 -0.0103125
v 0.01118994 -0.03833343 -0.0065625
v 0.011282895 -0.03796791 -0.0103125
v 0.011295555 -0.03792264 -0.0065625
v 0.011409315 -0.03756105 -0.0103125
v 0.01143387 -0.037492605 -0.0065625
v 0.01157811 -0.037136265 -0.0103125
v 0.01162005 -0.03704787 -0.0065625
v 0.01181355 -0.036697425 -0.0103125
v 0.01187568 -0.03659868 -0.0065625
v 0.012124455 -0.03625899 -0.0103125
v 0.012208905 -0.036159 -0.0065625
v 0.012520185 -0.03583959 -0.0103125
v 0.01262853 -0.03574533 -0.0065625
v 0.01274661 -0.03565305 -0.0103125
v 0.012867 -0.03556485 -0.0065625
v 0.012993705 -0.035480895 -0.0103125
v 0.013127145 -0.035401095 -0.0065625
v 0.013256445 -0.03532824 -0.0103125
v 0.01340109 -0.03525861 -0.0065625
v 0.013531215 -0.03520155 -0.0103125
v 0.01368249 -0.0351435 -0.0065625
v 0.013822215 -0.03509871 -0.0103125
v 0.013976805 -0.03505434 -0.0065625
v 0.01411803 -0.03501939 -0.0103125
v 0.014271405 -0.034988685 -0.0065625
v 0.014703195 -0.034935165 -0.0103125
v 0.01483467 -0.03492786 -0.0065625
v 0.015261285 -0.03493377 -0.0103125
v 0.015360435 -0.034941735 -0.0065625
v 0.015773535 -0.0350016 -0.0103125
v 0.01583934 -0.03501408 -0.0065625
v 0.016239315 -0.035108355 -0.0103125
v 0.01627845 -0.035119155 -0.0065625
v 0.01666686 -0.03523617 -0.0103125
v 0.016684155 -0.03524232 -0.0065625
v 0.017059215 -0.035376435 -0.0103125
v 0.017059215 -0.035376435 -0.0065625
v 0.01768923 -0.03561063 -0.0103125
v 0.01768923 -0.03561063 -0.0065625
v 0.018361605 -0.0358785 -0.0103125
v 0.018361605 -0.0358785 -0.0065625
v 0.019079655 -0.03618108 -0.0103125
v 0.019079655 -0.03618108 -0.0065625
v 0.019845645 -0.036519075 -0.0103125
v 0.019845645 -0.036519075 -0.0065625
v 0.020628915 -0.0368829 -0.0103125
v 0.020628915 -0.0368829 -0.0065625
v 0.021417015 -0.03726669 -0.0103125
v 0.021417015 -0.03726669 -0.0065625
v 0.02222298 -0.03767874 -0.0103125
v 0.02222298 -0.03767874 -0.0065625
v 0.0230553 -0.03812601 -0.0103125
v 0.0230553 -0.03812601 -0.0065625
v 0.02391165 -0.03860655 -0.0103125
v 0.02391165 -0.03860655 -0.0065625
v 0.024791265 -0.0391299 -0.0103125
v 0.024791265 -0.0391299 -0.0065625
v 0.025701105 -0.039697995 -0.0103125
v 0.025701105 -0.039697995 -0.0065625
v 0.02616198 -0.03999792 -0.0103125
v 0.02616198 -0.03999792 -0.0065625
v 0.02662206 -0.040308225 -0.0103125
v 0.02662206 -0.040308225 -0.0065625
v 0.027080415 -0.04062957 -0.0103125
v 0.027080415 -0.04062957 -0.0065625
v 0.02754471 -0.040964355 -0.0103125
v 0.02754471 -0.040964355 -0.0065625
v 0.02800941 -0.04130979 -0.0103125
v 0.02800941 -0.04130979 -0.0065625
v 0.02846718 -0.0416625 -0.0103125
v 0.02846718 -0.0416625 -0.0065625
v 0.028910655 -0.042019095 -0.0103125
v 0.028910655 -0.042019095 -0.0065625
v 0.029335335 -0.042376065 -0.0103125
v 0.029335335 -0.042376065 -0.0065625
v 0.029746785 -0.042733395 -0.0103125
v 0.029746785 -0.042733395 -0.0065625
v 0.03014613 -0.04309581 -0.0103125
v 0.03014613 -0.04309581 -0.0065625
v 0.03053397 -0.043468155 -0.0103125
v 0.03053397 -0.043468155 -0.0065625
v 0.03091086 -0.043855335 -0.0103125
v 0.03091086 -0.043855335 -0.0065625
v 0.031282575 -0.044265585 -0.0103125
v 0.031282575 -0.044265585 -0.0065625
v 0.031653915 -0.04470087 -0.0103125
v 0.031653915 -0.04470087 -0.0065625
v 0.0320121 -0.04514682 -0.0103125
v 0.0320121 -0.04514682 -0.0065625
v 0.03234384 -0.04558854 -0.0103125
v 0.03234384 -0.04558854 -0.0065625
v 0.0326358 -0.04601118 -0.0103125
v 0.0326358 -0.04601118 -0.0065625
v 0.032884815 -0.0464112 -0.0103125
v 0.032884815 -0.0464112 -0.0065625
v 0.03310083 -0.046799715 -0.0103125
v 0.03310083 -0.046799715 -0.0065625
v 0.033283965 -0.04717686 -0.0103125
v 0.033283965 -0.04717686 -0.0065625
v 0.03343425 -0.047542635 -0.0103125
v 0.03343425 -0.047542635 -0.0065625
v 0.03355167 -0.04789704 -0.0103125
v 0.03355167 -0.04789704 -0.0065625
v 0.033644685 -0.04820097 -0.0103125
v 0.033644685 -0.04820097 -0.0065625
v 0.03371394 -0.04852197 -0.0103125
v 0.03371394 -0.04852197 -0.0065625
v 0.03375942 -0.048860025 -0.0103125
v 0.03375942 -0.048860025 -0.0065625
v 0.033781155 -0.049215135 -0.0103125
v 0.033781155 -0.049215135 -0.0065625
v 0.033778905 -0.049589865 -0.0103125
v 0.033778905 -0.049589865 -0.0065625
v 0.03375237 -0.04998816 -0.0103125
v 0.03375237 -0.04998816 -0.0065625
v 0.03370224 -0.050401425 -0.0103125
v 0.03370224 -0.050401425 -0.0065625
v 0.03362925 -0.050820225 -0.0103125
v 0.03362925 -0.050820225 -0.0065625
v 0.03353358 -0.05123655 -0.0103125
v 0.03353358 -0.05123655 -0.0065625
v 0.03341031 -0.05165973 -0.0103125
v 0.03341031 -0.05165973 -0.0065625
v 0.033263565 -0.05208726 -0.0103125
v 0.033263565 -0.05208726 -0.0065625
v 0.033100275 -0.05251107 -0.0103125
v 0.033100275 -0.05251107 -0.0065625
v 0.03292731 -0.052923135 -0.0103125
v 0.03292731 -0.052923135 -0.0065625
v 0.03274443 -0.05332077 -0.0103125
v 0.03274443 -0.05332077 -0.0065625
v 0.032548005 -0.05370882 -0.0103125
v 0.032548005 -0.05370882 -0.0065625
v 0.032339865 -0.054090465 -0.0103125
v 0.032339865 -0.054090465 -0.0065625
v 0.03212181 -0.0544689 -0.0103125
v 0.03212181 -0.0544689 -0.0065625
v 0.031894125 -0.054846645 -0.0103125
v 0.031894125 -0.054846645 -0.0065625
v 0.031654185 -0.05522241 -0.0103125
v 0.031654185 -0.05522241 -0.0065625
v 0.03140487 -0.055594185 -0.0103125
v 0.03140487 -0.055594185 -0.0065625
v 0.03114948 -0.05595996 -0.0103125
v 0.03114948 -0.05595996 -0.0065625
v 0.0308907 -0.05631816 -0.0103125
v 0.0308907 -0.05631816 -0.0065625
v 0.030352005 -0.05701872 -0.0103125
v 0.030352005 -0.05701872 -0.0065625
v 0.029807385 -0.05768349 -0.0103125
v 0.029807385 -0.05768349 -0.0065625
v 0.029270925 -0.05830095 -0.0103125
v 0.029270925 -0.05830095 -0.0065625
v 0.02874147 -0.05887743 -0.0103125
v 0.02874147 -0.05887743 -0.0065625
v 0.028226775 -0.05941395 -0.0103125
v 0.028226775 -0.05941395 -0.0065625
v 0.027724515 -0.05991264 -0.0103125
v 0.027724515 -0.05991264 -0.0065625
v 0.027234915 -0.06038097 -0.0103125
v 0.027234915 -0.06038097 -0.0065625
v 0.02675784 -0.06081813 -0.0103125
v 0.02675784 -0.06081813 -0.0065625
v 0.026293635 -0.06122895 -0.0103125
v 0.026293635 -0.06122895 -0.0065625
v 0.025843095 -0.06161238 -0.0103125
v 0.025843095 -0.06161238 -0.0065625
v 0.025391895 -0.061982415 -0.0103125
v 0.025391895 -0.061982415 -0.0065625
v 0.024938355 -0.062340765 -0.0103125
v 0.024938355 -0.062340765 -0.0065625
v 0.024484005 -0.062685675 -0.0103125
v 0.024484005 -0.062685675 -0.0065625
v 0.024028695 -0.06301722 -0.0103125
v 0.046977195 -0.019060005 -0.0065625
v 0.046977195 -0.019060005 -0.0103125
v 0.04716729 -0.01853358 -0.0103125
v 0.046795125 -0.019585515 -0.0065625
v 0.047103015 -0.01871367 -0.0065625
v 0.04725147 -0.01835004 -0.0065625
v 0.04741044 -0.01799616 -0.0103125
v 0.04742148 -0.01796871 -0.0065625
v 0.04770096 -0.01744074 -0.0103125
v 0.047626305 -0.01757403 -0.0065625
v 0.047870115 -0.017168925 -0.0065625
v 0.048063315 -0.016896705 -0.0103125
v 0.04816506 -0.016760985 -0.0065625
v 0.048505935 -0.016369665 -0.0103125
v 0.04851759 -0.016359705 -0.0065625
v 0.04875873 -0.01612365 -0.0103125
v 0.04893309 -0.01597092 -0.0065625
v 0.049036335 -0.01589328 -0.0103125
v 0.049339335 -0.015672765 -0.0103125
v 0.04942434 -0.015613785 -0.0065625
v 0.049659735 -0.015471345 -0.0103125
v 0.049989255 -0.015298995 -0.0103125
v 0.04999266 -0.015296355 -0.0065625
v 0.050330115 -0.01515792 -0.0103125
v 0.05030532 -0.015167685 -0.0065625
v 0.05063955 -0.015055875 -0.0065625
v 0.05068434 -0.0150435 -0.0103125
v 0.050988435 -0.014965335 -0.0065625
v 0.05104329 -0.014955375 -0.0103125
v 0.05134461 -0.014901585 -0.0065625
v 0.051398925 -0.014893335 -0.0103125
v 0.05171211 -0.01486413 -0.0065625
v 0.05175597 -0.014859765 -0.0103125
v 0.052088565 -0.014851755 -0.0065625
v 0.05211345 -0.01485231 -0.0103125
v 0.052465485 -0.01486665 -0.0103125
v 0.052465815 -0.014865225 -0.0065625
v 0.0528075 -0.01490037 -0.0103125
v 0.052841805 -0.014907495 -0.0065625
v 0.05314284 -0.01495881 -0.0103125
v 0.0532206 -0.014978535 -0.0065625
v 0.053789715 -0.015124035 -0.0103125
v 0.0535938 -0.015069255 -0.0065625
v 0.053953485 -0.015171315 -0.0065625
v 0.05439804 -0.015323025 -0.0103125
v 0.05430198 -0.01528719 -0.0065625
v 0.05464077 -0.01541841 -0.0065625
v 0.054969855 -0.01556499 -0.0103125
v 0.054969855 -0.01556499 -0.0065625
v 0.05662917 -0.016327365 -0.0103125
v 0.05662917 -0.016327365 -0.0065625
v 0.058232235 -0.01717587 -0.0103125
v 0.058232235 -0.01717587 -0.0065625
v 0.059779035 -0.01811052 -0.0103125
v 0.059779035 -0.01811052 -0.0065625
v 0.06127293 -0.01913397 -0.0103125
v 0.06127293 -0.01913397 -0.0065625
v 0.06271482 -0.02024691 -0.0103125
v 0.06271482 -0.02024691 -0.0065625
v 0.064090905 -0.021438465 -0.0103125
v 0.064090905 -0.021438465 -0.0065625
v 0.0653904 -0.0227007 -0.0103125
v 0.0653904 -0.0227007 -0.0065625
v 0.06662148 -0.024041535 -0.0103125
v 0.06662148 -0.024041535 -0.0065625
v 0.067775895 -0.02545044 -0.0103125
v 0.067775895 -0.02545044 -0.0065625
v 0.06884235 -0.026913915 -0.0103125
v 0.06884235 -0.026913915 -0.0065625
v 0.06982158 -0.02843283 -0.0103125
v 0.06982158 -0.02843283 -0.0065625
v 0.070716345 -0.030010485 -0.0103125
v 0.070716345 -0.030010485 -0.0065625
v 0.07152663 -0.031646865 -0.0103125
v 0.07152663 -0.031646865 -0.0065625
v 0.071744805 -0.03213222 -0.0103125
v 0.071684715 -0.031996785 -0.0065625
v 0.071839185 -0.032381265 -0.0065625
v 0.071934825 -0.03265938 -0.0103125
v 0.0719808 -0.03280923 -0.0065625
v 0.072018465 -0.032938665 -0.0103125
v 0.07208289 -0.03322902 -0.0103125
v 0.072095295 -0.033290415 -0.0065625
v 0.07212951 -0.033534525 -0.0103125
v 0.072157155 -0.03383091 -0.0065625
v 0.072156765 -0.03384849 -0.0103125
v 0.072158025 -0.03416049 -0.0103125
v 0.072140655 -0.03441213 -0.0065625
v 0.07213269 -0.03447528 -0.0103125
v 0.07209897 -0.034712325 -0.0065625
v 0.072083415 -0.034785885 -0.0103125
v 0.07202985 -0.035010465 -0.0065625
v 0.072011685 -0.035079945 -0.0103125
v 0.07193481 -0.035309535 -0.0065625
v 0.071798955 -0.03562554 -0.0103125
v 0.071813445 -0.035598675 -0.0065625
v 0.071661765 -0.03587646 -0.0065625
v 0.07151475 -0.036103545 -0.0103125
v 0.0714852 -0.036141675 -0.0065625
v 0.071178315 -0.03651321 -0.0103125
v 0.0712959 -0.03638325 -0.0065625
v 0.0710898 -0.036601905 -0.0065625
v 0.070808985 -0.03685413 -0.0103125
v 0.070663995 -0.03696891 -0.0065625
v 0.070430415 -0.03712806 -0.0103125
v 0.070239285 -0.03724368 -0.0065625
v 0.07005348 -0.037344525 -0.0103125
v 0.06982686 -0.037451415 -0.0065625
v 0.069687 -0.03751191 -0.0103125
v 0.069428115 -0.037613385 -0.0065625
v 0.069335865 -0.03764613 -0.0103125
v 0.06904539 -0.037743345 -0.0065625
v 0.06900021 -0.03775746 -0.0103125
v 0.068680395 -0.03785082 -0.0103125
v 0.068680395 -0.03785082 -0.0065625
v 0.068033055 -0.03803166 -0.0103125
v 0.068033055 -0.03803166 -0.0065625
v 0.067331625 -0.038210175 -0.0103125
v 0.067331625 -0.038210175 -0.0065625
v 0.066572865 -0.03838743 -0.0103125
v 0.066572865 -0.03838743 -0.0065625
v 0.06575451 -0.03856422 -0.0103125
v 0.06575451 -0.03856422 -0.0065625
v 0.064906965 -0.038730285 -0.0103125
v 0.064906965 -0.038730285 -0.0065625
v 0.064043805 -0.03888303 -0.0103125
v 0.064043805 -0.03888303 -0.0065625
v 0.063149565 -0.0390234 -0.0103125
v 0.063149565 -0.0390234 -0.0065625
v 0.06221331 -0.039150795 -0.0103125
v 0.06221331 -0.039150795 -0.0065625
v 0.06123804 -0.039265365 -0.0103125
v 0.06123804 -0.039265365 -0.0065625
v 0.060218805 -0.03935898 -0.0103125
v 0.060218805 -0.03935898 -0.0065625
v 0.05914881 -0.03943419 -0.0103125
v 0.05914881 -0.03943419 -0.0065625
v 0.05859966 -0.039462435 -0.0103125
v 0.05859966 -0.039462435 -0.0065625
v 0.058045065 -0.039481815 -0.0103125
v 0.058045065 -0.039481815 -0.0065625
v 0.05748537 -0.039491265 -0.0103125
v 0.05748537 -0.039491265 -0.0065625
v 0.05691297 -0.03949332 -0.0103125
v 0.05691297 -0.03949332 -0.0065625
v 0.05633397 -0.039487005 -0.0103125
v 0.05633397 -0.039487005 -0.0065625
v 0.055756305 -0.03947073 -0.0103125
v 0.055756305 -0.03947073 -0.0065625
v 0.055187925 -0.039442905 -0.0103125
v 0.055187925 -0.039442905 -0.0065625
v 0.05463453 -0.039403725 -0.0103125
v 0.05463453 -0.039403725 -0.0065625
v 0.054091635 -0.039356475 -0.0103125
v 0.054091635 -0.039356475 -0.0065625
v 0.053555535 -0.03929802 -0.0103125
v 0.053555535 -0.03929802 -0.0065625
v 0.0530229 -0.039224745 -0.0103125
v 0.0530229 -0.039224745 -0.0065625
v 0.052490415 -0.03913305 -0.0103125
v 0.052490415 -0.03913305 -0.0065625
v 0.051948555 -0.03901965 -0.0103125
v 0.051948555 -0.03901965 -0.0065625
v 0.051392265 -0.038885745 -0.0103125
v 0.051392265 -0.038885745 -0.0065625
v 0.05084037 -0.038735505 -0.0103125
v 0.05084037 -0.038735505 -0.0065625
v 0.050312355 -0.038573145 -0.0103125
v 0.050312355 -0.038573145 -0.0065625
v 0.049827735 -0.03840282 -0.0103125
v 0.049827735 -0.03840282 -0.0065625
v 0.049391145 -0.038225565 -0.0103125
v 0.049391145 -0.038225565 -0.0065625
v 0.048988035 -0.038038215 -0.0103125
v 0.048988035 -0.038038215 -0.0065625
v 0.04861818 -0.037840755 -0.0103125
v 0.04861818 -0.037840755 -0.0065625
v 0.04828161 -0.03763317 -0.0103125
v 0.04828161 -0.03763317 -0.0065625
v 0.04797831 -0.03741546 -0.0103125
v 0.04797831 -0.03741546 -0.0065625
v 0.047724405 -0.03722424 -0.0103125
v 0.047724405 -0.03722424 -0.0065625
v 0.047479695 -0.03700527 -0.0103125
v 0.047479695 -0.03700527 -0.0065625
v 0.047244195 -0.036758505 -0.0103125
v 0.047244195 -0.036758505 -0.0065625
v 0.04701789 -0.03648399 -0.0103125
v 0.04701789 -0.03648399 -0.0065625
v 0.046799445 -0.036179505 -0.0103125
v 0.046799445 -0.036179505 -0.0065625
v 0.04658679 -0.03584169 -0.0103125
v 0.04658679 -0.03584169 -0.0065625
v 0.04638444 -0.03547788 -0.0103125
v 0.04638444 -0.03547788 -0.0065625
v 0.04619733 -0.03509616 -0.0103125
v 0.04619733 -0.03509616 -0.0065625
v 0.04603002 -0.0347031 -0.0103125
v 0.04603002 -0.0347031 -0.0065625
v 0.04588101 -0.03428829 -0.0103125
v 0.04588101 -0.03428829 -0.0065625
v 0.045748425 -0.03385617 -0.0103125
v 0.045748425 -0.03385617 -0.0065625
v 0.045631425 -0.033417315 -0.0103125
v 0.045631425 -0.033417315 -0.0065625
v 0.045529155 -0.032982285 -0.0103125
v 0.045529155 -0.032982285 -0.0065625
v 0.045443385 -0.03255309 -0.0103125
v 0.045443385 -0.03255309 -0.0065625
v 0.045374205 -0.032123685 -0.0103125
v 0.045374205 -0.032123685 -0.0065625
v 0.04531827 -0.031692585 -0.0103125
v 0.04531827 -0.031692585 -0.0065625
v 0.045272235 -0.031258275 -0.0103125
v 0.045272235 -0.031258275 -0.0065625
v 0.045234405 -0.030818835 -0.0103125
v 0.045234405 -0.030818835 -0.0065625
v 0.045207645 -0.0303738 -0.0103125
v 0.045207645 -0.0303738 -0.0065625
v 0.04519083 -0.029926485 -0.0103125
v 0.04519083 -0.029926485 -0.0065625
v 0.045182445 -0.02948046 -0.0103125
v 0.045182445 -0.02948046 -0.0065625
v 0.04518126 -0.02903856 -0.0103125
v 0.04518126 -0.02903856 -0.0065625
v 0.04520529 -0.02815515 -0.0103125
v 0.04520529 -0.02815515 -0.0065625
v 0.04525515 -0.027297225 -0.0103125
v 0.04525515 -0.027297225 -0.0065625
v 0.045326235 -0.026482365 -0.0103125
v 0.045326235 -0.026482365 -0.0065625
v 0.04541571 -0.02570478 -0.0103125
v 0.04541571 -0.02570478 -0.0065625
v 0.045516765 -0.02496819 -0.0103125
v 0.045516765 -0.02496819 -0.0065625
v 0.04562997 -0.02426952 -0.0103125
v 0.04562997 -0.02426952 -0.0065625
v 0.045750795 -0.02360286 -0.0103125
v 0.045750795 -0.02360286 -0.0065625
v 0.045879795 -0.022968765 -0.0103125
v 0.045879795 -0.022968765 -0.0065625
v 0.046013865 -0.02236356 -0.0103125
v 0.046013865 -0.02236356 -0.0065625
v 0.04615299 -0.021788535 -0.0103125
v 0.04615299 -0.021788535 -0.0065625
v 0.04630053 -0.021223965 -0.0103125
v 0.04630053 -0.021223965 -0.0065625
v 0.046456815 -0.020667465 -0.0103125
v 0.046456815 -0.020667465 -0.0065625
v 0.04662165 -0.02012136 -0.0103125
v 0.04662165 -0.02012136 -0.0065625
v 0.046795125 -0.019585515 -0.0103125
v 0.068531685 -0.04127277 -0.0065625
v 0.068531685 -0.04127277 -0.0103125
v 0.06915393 -0.04129746 -0.0103125
v 0.067975635 -0.041262015 -0.0065625
v 0.068941005 -0.041286975 -0.0065625
v 0.06938373 -0.04132263 -0.0065625
v 0.069807375 -0.041374935 -0.0103125
v 0.06985986 -0.04137972 -0.0065625
v 0.070148415 -0.041431785 -0.0103125
v 0.070371585 -0.041478675 -0.0065625
v 0.07048968 -0.041506695 -0.0103125
v 0.07082454 -0.041603865 -0.0103125
v 0.070915095 -0.041632665 -0.0065625
v 0.07115745 -0.041720445 -0.0103125
v 0.071484945 -0.04185873 -0.0103125
v 0.07149114 -0.0418617 -0.0065625
v 0.07180356 -0.04202166 -0.0103125
v 0.072065985 -0.042177405 -0.0065625
v 0.07211784 -0.042209595 -0.0103125
v 0.072420975 -0.04241994 -0.0103125
v 0.072625845 -0.042582465 -0.0065625
v 0.07270359 -0.042650205 -0.0103125
v 0.072880785 -0.04281558 -0.0065625
v 0.07296786 -0.042903675 -0.0103125
v 0.073122495 -0.04307136 -0.0065625
v 0.073213125 -0.043176525 -0.0103125
v 0.073345755 -0.04334289 -0.0065625
v 0.07343388 -0.043460805 -0.0103125
v 0.073544685 -0.043623825 -0.0065625
v 0.073628325 -0.043758345 -0.0103125
v 0.073798575 -0.04406862 -0.0103125
v 0.073874625 -0.044225055 -0.0065625
v 0.074066925 -0.044688645 -0.0103125
v 0.074113575 -0.04482819 -0.0065625
v 0.074240805 -0.04530249 -0.0103125
v 0.07426614 -0.04542012 -0.0065625
v 0.074338875 -0.045877665 -0.0103125
v 0.074348535 -0.04596861 -0.0065625
v 0.074379195 -0.046415085 -0.0103125
v 0.07438131 -0.04647903 -0.0065625
v 0.07437966 -0.04691163 -0.0103125
v 0.074378625 -0.04695054 -0.0065625
v 0.07436133 -0.04737129 -0.0103125
v 0.074360025 -0.047388945 -0.0065625
v 0.07432551 -0.047794215 -0.0103125
v 0.07432551 -0.047794215 -0.0065625
v 0.074113215 -0.04960791 -0.0103125
v 0.074113215 -0.04960791 -0.0065625
v 0.073801605 -0.051394725 -0.0103125
v 0.073801605 -0.051394725 -0.0065625
v 0.073390695 -0.053154645 -0.0103125
v 0.073390695 -0.053154645 -0.0065625
v 0.072878985 -0.05489169 -0.0103125
v 0.072878985 -0.05489169 -0.0065625
v 0.072266085 -0.056606925 -0.0103125
v 0.072266085 -0.056606925 -0.0065625
v 0.07155807 -0.05828385 -0.0103125
v 0.07155807 -0.05828385 -0.0065625
v 0.07075917 -0.05990982 -0.0103125
v 0.07075917 -0.05990982 -0.0065625
v 0.06986439 -0.061494975 -0.0103125
v 0.06986439 -0.061494975 -0.0065625
v 0.068881185 -0.06302826 -0.0103125
v 0.068881185 -0.06302826 -0.0065625
v 0.067818885 -0.064494765 -0.0103125
v 0.067818885 -0.064494765 -0.0065625
v 0.066676905 -0.06589545 -0.0103125
v 0.066676905 -0.06589545 -0.0065625
v 0.06545298 -0.06723393 -0.0103125
v 0.06545298 -0.06723393 -0.0065625
v 0.06414708 -0.06851022 -0.0103125
v 0.06414708 -0.06851022 -0.0065625
v 0.063920505 -0.068717295 -0.0103125
v 0.063838725 -0.068793795 -0.0065625
v 0.06367368 -0.06892932 -0.0103125
v 0.063492645 -0.06907401 -0.0065625
v 0.063403275 -0.06914343 -0.0103125
v 0.06310917 -0.06935208 -0.0065625
v 0.063103605 -0.06935484 -0.0103125
v 0.062766585 -0.069555525 -0.0103125
v 0.06267948 -0.069599595 -0.0065625
v 0.06238515 -0.069736305 -0.0103125
v 0.06220317 -0.06980703 -0.0065625
v 0.06195321 -0.069887685 -0.0103125
v 0.061674525 -0.069956295 -0.0065625
v 0.06146631 -0.069993945 -0.0103125
v 0.061112175 -0.07002726 -0.0065625
v 0.06093282 -0.07003263 -0.0103125
v 0.060523095 -0.070009425 -0.0065625
v 0.0603633 -0.069986415 -0.0103125
v 0.06023088 -0.06996129 -0.0065625
v 0.060068535 -0.06992121 -0.0103125
v 0.059937315 -0.069884655 -0.0065625
v 0.05977254 -0.06983076 -0.0103125
v 0.059647065 -0.06978324 -0.0065625
v 0.059488335 -0.06971763 -0.0103125
v 0.05936883 -0.06966135 -0.0065625
v 0.05921184 -0.069578265 -0.0103125
v 0.05910321 -0.069517035 -0.0065625
v 0.05894859 -0.069420285 -0.0103125
v 0.058848105 -0.06935088 -0.0065625
v 0.058708035 -0.06925236 -0.0103125
v 0.05860818 -0.069170895 -0.0065625
v 0.05828661 -0.068880735 -0.0103125
v 0.05838723 -0.06898089 -0.0065625
v 0.057994995 -0.068563815 -0.0065625
v 0.057930465 -0.06848967 -0.0103125
v 0.05765481 -0.068144295 -0.0065625
v 0.05762649 -0.06809904 -0.0103125
v 0.05736723 -0.067720425 -0.0103125
v 0.05736723 -0.067720425 -0.0065625
v 0.056995185 -0.06716064 -0.0103125
v 0.056995185 -0.06716064 -0.0065625
v 0.056608665 -0.066548715 -0.0103125
v 0.056608665 -0.066548715 -0.0065625
v 0.056205615 -0.065881875 -0.0103125
v 0.056205615 -0.065881875 -0.0065625
v 0.05578458 -0.065158185 -0.0103125
v 0.05578458 -0.065158185 -0.0065625
v 0.055364745 -0.06440346 -0.0103125
v 0.055364745 -0.06440346 -0.0065625
v 0.054952755 -0.06362973 -0.0103125
v 0.054952755 -0.06362973 -0.0065625
v 0.05454291 -0.062822655 -0.0103125
v 0.05454291 -0.062822655 -0.0065625
v 0.054132435 -0.06197157 -0.0103125
v 0.054132435 -0.06197157 -0.0065625
v 0.053722095 -0.061079445 -0.0103125
v 0.053722095 -0.061079445 -0.0065625
v 0.0533181 -0.06013902 -0.0103125
v 0.0533181 -0.06013902 -0.0065625
v 0.052915935 -0.05914464 -0.0103125
v 0.052915935 -0.05914464 -0.0065625
v 0.052719375 -0.0586311 -0.0103125
v 0.052719375 -0.0586311 -0.0065625
v 0.05252955 -0.058109625 -0.0103125
v 0.05252955 -0.058109625 -0.0065625
v 0.052347615 -0.057580245 -0.0103125
v 0.052347615 -0.057580245 -0.0065625
v 0.05216877 -0.057036495 -0.0103125
v 0.05216877 -0.057036495 -0.0065625
v 0.051995865 -0.05648388 -0.0103125
v 0.051995865 -0.05648388 -0.0065625
v 0.051832845 -0.055929465 -0.0103125
v 0.051832845 -0.055929465 -0.0065625
v 0.05168367 -0.0553803 -0.0103125
v 0.05168367 -0.0553803 -0.0065625
v 0.051549915 -0.05484189 -0.0103125
v 0.051549915 -0.05484189 -0.0065625
v 0.05142708 -0.054310965 -0.0103125
v 0.05142708 -0.054310965 -0.0065625
v 0.05131701 -0.05378304 -0.0103125
v 0.05131701 -0.05378304 -0.0065625
v 0.051222105 -0.053253825 -0.0103125
v 0.051222105 -0.053253825 -0.0065625
v 0.051144765 -0.05271906 -0.0103125
v 0.051144765 -0.05271906 -0.0065625
v 0.051085185 -0.05216868 -0.0103125
v 0.051085185 -0.05216868 -0.0065625
v 0.051040635 -0.051598245 -0.0103125
v 0.051040635 -0.051598245 -0.0065625
v 0.05101296 -0.05102694 -0.0103125
v 0.05101296 -0.05102694 -0.0065625
v 0.05100423 -0.050474595 -0.0103125
v 0.05100423 -0.050474595 -0.0065625
v 0.051016455 -0.049961055 -0.0103125
v 0.051016455 -0.049961055 -0.0065625
v 0.05105013 -0.04949106 -0.0103125
v 0.05105013 -0.04949106 -0.0065625
v 0.051103725 -0.049049775 -0.0103125
v 0.051103725 -0.049049775 -0.0065625
v 0.05117724 -0.04863702 -0.0103125
v 0.05117724 -0.04863702 -0.0065625
v 0.051270645 -0.048252765 -0.0103125
v 0.051270645 -0.048252765 -0.0065625
v 0.05138397 -0.04789704 -0.0103125
v 0.05138397 -0.04789704 -0.0065625
v 0.051487365 -0.04759647 -0.0103125
v 0.051487365 -0.04759647 -0.0065625
v 0.051620025 -0.047296065 -0.0103125
v 0.051620025 -0.047296065 -0.0065625
v 0.05178192 -0.04699584 -0.0103125
v 0.05178192 -0.04699584 -0.0065625
v 0.05197308 -0.04669578 -0.0103125
v 0.05197308 -0.04669578 -0.0065625
v 0.052195155 -0.046393935 -0.0103125
v 0.052195155 -0.046393935 -0.0065625
v 0.052450725 -0.046087305 -0.0103125
v 0.052450725 -0.046087305 -0.0065625
v 0.052734195 -0.04578243 -0.0103125
v 0.052734195 -0.04578243 -0.0065625
v 0.053039415 -0.045486525 -0.0103125
v 0.053039415 -0.045486525 -0.0065625
v 0.053361525 -0.045205935 -0.0103125
v 0.053361525 -0.045205935 -0.0065625
v 0.053710005 -0.04493604 -0.0103125
v 0.053710005 -0.04493604 -0.0065625
v 0.054079995 -0.044676405 -0.0103125
v 0.054079995 -0.044676405 -0.0065625
v 0.05446122 -0.04442952 -0.0103125
v 0.05446122 -0.04442952 -0.0065625
v 0.05484336 -0.04419783 -0.0103125
v 0.05484336 -0.04419783 -0.0065625
v 0.055225035 -0.043983615 -0.0103125
v 0.055225035 -0.043983615 -0.0065625
v 0.055612035 -0.043785135 -0.0103125
v 0.055612035 -0.043785135 -0.0065625
v 0.05600475 -0.043598715 -0.0103125
v 0.05600475 -0.043598715 -0.0065625
v 0.056403585 -0.04342074 -0.0103125
v 0.056403585 -0.04342074 -0.0065625
v 0.05680983 -0.04324896 -0.0103125
v 0.05680983 -0.04324896 -0.0065625
v 0.05722482 -0.043085985 -0.0103125
v 0.05722482 -0.043085985 -0.0065625
v 0.057645045 -0.04293177 -0.0103125
v 0.057645045 -0.04293177 -0.0065625
v 0.05806665 -0.042785955 -0.0103125
v 0.05806665 -0.042785955 -0.0065625
v 0.058486545 -0.04264827 -0.0103125
v 0.058486545 -0.04264827 -0.0065625
v 0.059334135 -0.042398145 -0.0103125
v 0.059334135 -0.042398145 -0.0065625
v 0.060165495 -0.04218045 -0.0103125
v 0.060165495 -0.04218045 -0.0065625
v 0.060962445 -0.04199625 -0.0103125
v 0.060962445 -0.04199625 -0.0065625
v 0.06172962 -0.04184106 -0.0103125
v 0.06172962 -0.04184106 -0.0065625
v 0.06246138 -0.04170954 -0.0103125
v 0.06246138 -0.04170954 -0.0065625
v 0.06316083 -0.041601315 -0.0103125
v 0.06316083 -0.041601315 -0.0065625
v 0.0638322 -0.041510205 -0.0103125
v 0.0638322 -0.041510205 -0.0065625
v 0.06447513 -0.04143696 -0.0103125
v 0.06447513 -0.04143696 -0.0065625
v 0.06509214 -0.041377455 -0.0103125
v 0.06509214 -0.041377455 -0.0065625
v 0.065682015 -0.041332065 -0.0103125
v 0.065682015 -0.041332065 -0.0065625
v 0.06626454 -0.041297925 -0.0103125
v 0.06626454 -0.041297925 -0.0065625
v 0.0668421 -0.041274585 -0.0103125
v 0.0668421 -0.041274585 -0.0065625
v 0.067412415 -0.041262615 -0.0103125
v 0.067412415 -0.041262615 -0.0065625
v 0.067975635 -0.041262015 -0.0103125
v 0.025726455 -0.07218819 -0.0065625
v 0.024133245 -0.086177655 -0.0065625
v 0.024786015 -0.086462145 -0.0065625
v 0.02536851 -0.071874 -0.0065625
v 0.026096865 -0.072453855 -0.0065625
v 0.026456895 -0.07268574 -0.0065625
v 0.025019715 -0.08654487 -0.0065625
v 0.025267395 -0.086547165 -0.0065625
v 0.026807535 -0.072883245 -0.0065625
v 0.02550048 -0.086477835 -0.0065625
v 0.02569038 -0.086345655 -0.0065625
v 0.02620884 -0.08592555 -0.0065625
v 0.026694225 -0.085507215 -0.0065625
v 0.027146535 -0.085090665 -0.0065625
v 0.028424895 -0.07373085 -0.0065625
v 0.02756523 -0.084675915 -0.0065625
v 0.02794872 -0.084263025 -0.0065625
v 0.02830056 -0.08385186 -0.0065625
v 0.028625025 -0.083442255 -0.0065625
v 0.028921275 -0.083038125 -0.0065625
v 0.029188665 -0.082637175 -0.0065625
v 0.030076095 -0.074481255 -0.0065625
v 0.029431785 -0.082229925 -0.0065625
v 0.02965443 -0.0818085 -0.0065625
v 0.029854905 -0.081376455 -0.0065625
v 0.03003261 -0.080934945 -0.0065625
v 0.03018756 -0.080484 -0.0065625
v 0.030285435 -0.080182305 -0.0065625
v 0.030450075 -0.07990782 -0.0065625
v 0.030677655 -0.079681845 -0.0065625
v 0.030962745 -0.07953912 -0.0065625
v 0.03127299 -0.079488555 -0.0065625
v 0.031761105 -0.075134505 -0.0065625
v 0.03158169 -0.079510635 -0.0065625
v 0.03187215 -0.079593705 -0.0065625
v 0.033484095 -0.075691635 -0.0065625
v 0.03310722 -0.079948125 -0.0065625
v 0.03435411 -0.080258475 -0.0065625
v 0.03465867 -0.080335965 -0.0065625
v 0.035246175 -0.076152915 -0.0065625
v 0.03494034 -0.080476305 -0.0065625
v 0.03518094 -0.08068041 -0.0065625
v 0.035351055 -0.080950515 -0.0065625
v 0.035428575 -0.08126043 -0.0065625
v 0.035661195 -0.087321675 -0.0065625
v 0.03550473 -0.08673987 -0.0065625
v 0.03703026 -0.07651407 -0.0065625
v 0.03585033 -0.087925755 -0.0065625
v 0.036071385 -0.08855145 -0.0065625
v 0.03632433 -0.089198805 -0.0065625
v 0.036437175 -0.089425275 -0.0065625
v 0.0366075 -0.08959707 -0.0065625
v 0.036817065 -0.08970702 -0.0065625
v 0.03704763 -0.089747925 -0.0065625
v 0.03882351 -0.07677141 -0.0065625
v 0.037755195 -0.089827965 -0.0065625
v 0.03846393 -0.08989683 -0.0065625
v 0.03859818 -0.08990802 -0.0065625
v 0.038724735 -0.089900475 -0.0065625
v 0.03895683 -0.08982639 -0.0065625
v 0.0391485 -0.08968995 -0.0065625
v 0.039288045 -0.08950656 -0.0065625
v 0.040637145 -0.07692657 -0.0065625
v 0.0396513 -0.088946805 -0.0065625
v 0.039983655 -0.08839896 -0.0065625
v 0.04028511 -0.08786301 -0.0065625
v 0.040555155 -0.08733918 -0.0065625
v 0.040792275 -0.086827995 -0.0065625
v 0.040999845 -0.08632824 -0.0065625
v 0.04118184 -0.085838415 -0.0065625
v 0.04133871 -0.085362525 -0.0065625
v 0.04146912 -0.08489856 -0.0065625
v 0.04175325 -0.082229505 -0.0065625
v 0.041574495 -0.084436125 -0.0065625
v 0.04182297 -0.081920235 -0.0065625
v 0.041965815 -0.08163603 -0.0065625
v 0.04245783 -0.07697943 -0.0065625
v 0.04218711 -0.08141229 -0.0065625
v 0.042466695 -0.08126448 -0.0065625
v 0.042771405 -0.081186465 -0.0065625
v 0.043080765 -0.08117481 -0.0065625
v 0.044267985 -0.07692933 -0.0065625
v 0.04436493 -0.08113023 -0.0065625
v 0.04606875 -0.076776285 -0.0065625
v 0.045646695 -0.08104008 -0.0065625
v 0.045930225 -0.081018885 -0.0065625
v 0.046227975 -0.081055515 -0.0065625
v 0.04652232 -0.081163305 -0.0065625
v 0.0466605 -0.081254595 -0.0065625
v 0.046785345 -0.081364875 -0.0065625
v 0.0468864 -0.08149071 -0.0065625
v 0.046966905 -0.081635355 -0.0065625
v 0.04707348 -0.08193744 -0.0065625
v 0.0478644 -0.07652049 -0.0065625
v 0.047160915 -0.082680045 -0.0065625
v 0.04710837 -0.082248165 -0.0065625
v 0.047237295 -0.083117895 -0.0065625
v 0.047337495 -0.083561715 -0.0065625
v 0.047461035 -0.08401134 -0.0065625
v 0.04760649 -0.084466245 -0.0065625
v 0.047777055 -0.084927585 -0.0065625
v 0.04797654 -0.08539665 -0.0065625
v 0.04820277 -0.085872675 -0.0065625
v 0.048456045 -0.086355765 -0.0065625
v 0.04965492 -0.07616193 -0.0065625
v 0.048743865 -0.08684868 -0.0065625
v 0.050237775 -0.076024935 -0.0065625
v 0.049072455 -0.08735367 -0.0065625
v 0.049438995 -0.08786973 -0.0065625
v 0.050841795 -0.075833685 -0.0065625
v 0.049842585 -0.0883965 -0.0065625
v 0.05146863 -0.075589305 -0.0065625
v 0.050283195 -0.088933995 -0.0065625
v 0.051774945 -0.075436095 -0.0065625
v 0.050370285 -0.089035815 -0.0065625
v 0.050466225 -0.089118945 -0.0065625
v 0.05207895 -0.075261765 -0.0065625
v 0.05069001 -0.08922873 -0.0065625
v 0.05237673 -0.07506696 -0.0065625
v 0.050924805 -0.089265825 -0.0065625
v 0.05114079 -0.089232735 -0.0065625
v 0.05266029 -0.07485093 -0.0065625
v 0.051838455 -0.08909022 -0.0065625
v 0.05293059 -0.07461168 -0.0065625
v 0.05318847 -0.07435077 -0.0065625
v 0.053425845 -0.07407279 -0.0065625
v 0.05253378 -0.08893668 -0.0065625
v 0.053637525 -0.073779675 -0.0065625
v 0.05382744 -0.073468305 -0.0065625
v 0.0532626 -0.08032326 -0.0065625
v 0.053293905 -0.080630565 -0.0065625
v 0.053993625 -0.073144515 -0.0065625
v 0.053305755 -0.08001744 -0.0065625
v 0.054133605 -0.072813855 -0.0065625
v 0.053439765 -0.07973562 -0.0065625
v 0.05424714 -0.072471375 -0.0065625
v 0.053653215 -0.079505115 -0.0065625
v 0.05433588 -0.07212207 -0.0065625
v 0.054401385 -0.071774835 -0.0065625
v 0.054442035 -0.07143003 -0.0065625
v 0.055364745 -0.06440346 -0.0065625
v 0.054952755 -0.06362973 -0.0065625
v 0.053921475 -0.07933047 -0.0065625
v 0.05422941 -0.07921488 -0.0065625
v 0.05578458 -0.065158185 -0.0065625
v 0.05543694 -0.07877565 -0.0065625
v 0.056205615 -0.065881875 -0.0065625
v 0.056608665 -0.066548715 -0.0065625
v 0.056995185 -0.06716064 -0.0065625
v 0.056628105 -0.07829382 -0.0065625
v 0.05736723 -0.067720425 -0.0065625
v 0.05765481 -0.068144295 -0.0065625
v 0.0569217 -0.07817619 -0.0065625
v 0.057994995 -0.068563815 -0.0065625
v 0.057242385 -0.07812546 -0.0065625
v 0.05741019 -0.078127005 -0.0065625
v 0.05838723 -0.06898089 -0.0065625
v 0.057571035 -0.07815579 -0.0065625
v 0.05860818 -0.069170895 -0.0065625
v 0.05772972 -0.078213165 -0.0065625
v 0.05787738 -0.078291285 -0.0065625
v 0.058848105 -0.06935088 -0.0065625
v 0.058110645 -0.078498585 -0.0065625
v 0.05910321 -0.069517035 -0.0065625
v 0.05828034 -0.07873968 -0.0065625
v 0.05936883 -0.06966135 -0.0065625
v 0.05839155 -0.078991095 -0.0065625
v 0.058574985 -0.07938561 -0.0065625
v 0.059647065 -0.06978324 -0.0065625
v 0.05878293 -0.07977843 -0.0065625
v 0.059937315 -0.069884655 -0.0065625
v 0.059015385 -0.080169555 -0.0065625
v 0.06023088 -0.06996129 -0.0065625
v 0.05927181 -0.080559 -0.0065625
v 0.060523095 -0.070009425 -0.0065625
v 0.059550735 -0.08094669 -0.0065625
v 0.059855505 -0.081332745 -0.0065625
v 0.061112175 -0.07002726 -0.0065625
v 0.06019017 -0.08171721 -0.0065625
v 0.061674525 -0.069956295 -0.0065625
v 0.060552435 -0.082100025 -0.0065625
v 0.06220317 -0.06980703 -0.0065625
v 0.0609426 -0.08248122 -0.0065625
v 0.06267948 -0.069599595 -0.0065625
v 0.061368645 -0.08286105 -0.0065625
v 0.06310917 -0.06935208 -0.0065625
v 0.0618372 -0.0832398 -0.0065625
v 0.063492645 -0.06907401 -0.0065625
v 0.06234528 -0.08361732 -0.0065625
v 0.063838725 -0.068793795 -0.0065625
v 0.06414708 -0.06851022 -0.0065625
v 0.06359682 -0.074961225 -0.0065625
v 0.062891895 -0.083993595 -0.0065625
v 0.063638565 -0.074639655 -0.0065625
v 0.06377649 -0.07434843 -0.0065625
v 0.06397896 -0.074100885 -0.0065625
v 0.06422673 -0.07390575 -0.0065625
v 0.06545298 -0.06723393 -0.0065625
v 0.065239425 -0.073114875 -0.0065625
v 0.066676905 -0.06589545 -0.0065625
v 0.06622341 -0.07228854 -0.0065625
v 0.0664704 -0.07208367 -0.0065625
v 0.066758385 -0.07193754 -0.0065625
v 0.067818885 -0.064494765 -0.0065625
v 0.06707247 -0.071865615 -0.0065625
v 0.067388925 -0.07189359 -0.0065625
v 0.06767634 -0.072013635 -0.0065625
v 0.068881185 -0.06302826 -0.0065625
v 0.06792153 -0.07219164 -0.0065625
v 0.06811602 -0.07240674 -0.0065625
v 0.06841239 -0.072725265 -0.0065625
v 0.06986439 -0.061494975 -0.0065625
v 0.068731545 -0.07303461 -0.0065625
v 0.06907347 -0.07333476 -0.0065625
v 0.07075917 -0.05990982 -0.0065625
v 0.0694377 -0.073625895 -0.0065625
v 0.069822765 -0.07390842 -0.0065625
v 0.07155807 -0.05828385 -0.0065625
v 0.07023192 -0.07418139 -0.0065625
v 0.072266085 -0.056606925 -0.0065625
v 0.07066902 -0.074443635 -0.0065625
v 0.072878985 -0.05489169 -0.0065625
v 0.07176099 -0.06663645 -0.0065625
v 0.07113186 -0.07469577 -0.0065625
v 0.071803215 -0.066324885 -0.0065625
v 0.071918535 -0.066030615 -0.0065625
v 0.073390695 -0.053154645 -0.0065625
v 0.07209414 -0.065767125 -0.0065625
v 0.073801605 -0.051394725 -0.0065625
v 0.07281288 -0.06470202 -0.0065625
v 0.074113215 -0.04960791 -0.0065625
v 0.07432551 -0.047794215 -0.0065625
v 0.07624347 -0.03203088 -0.0065625
v 0.076682685 -0.03323841 -0.0065625
v 0.074360025 -0.047388945 -0.0065625
v 0.07576164 -0.030839715 -0.0065625
v 0.074378625 -0.04695054 -0.0065625
v 0.07438131 -0.04647903 -0.0065625
v 0.074348535 -0.04596861 -0.0065625
v 0.07426614 -0.04542012 -0.0065625
v 0.07564755 -0.030555135 -0.0065625
v 0.074113575 -0.04482819 -0.0065625
v 0.075594165 -0.03025002 -0.0065625
v 0.075613545 -0.02993847 -0.0065625
v 0.07626267 -0.022036155 -0.0065625
v 0.07572576 -0.029642895 -0.0065625
v 0.073874625 -0.044225055 -0.0065625
v 0.07578546 -0.02218896 -0.0065625
v 0.073544685 -0.043623825 -0.0065625
v 0.073345755 -0.04334289 -0.0065625
v 0.07533345 -0.02235618 -0.0065625
v 0.073122495 -0.04307136 -0.0065625
v 0.074897385 -0.02254275 -0.0065625
v 0.072880785 -0.04281558 -0.0065625
v 0.072625845 -0.042582465 -0.0065625
v 0.074469555 -0.02275281 -0.0065625
v 0.072065985 -0.042177405 -0.0065625
v 0.074053425 -0.02298453 -0.0065625
v 0.07365015 -0.02323725 -0.0065625
v 0.07149114 -0.0418617 -0.0065625
v 0.07325973 -0.023511 -0.0065625
v 0.072140655 -0.03441213 -0.0065625
v 0.072157155 -0.03383091 -0.0065625
v 0.07209897 -0.034712325 -0.0065625
v 0.07202985 -0.035010465 -0.0065625
v 0.07193481 -0.035309535 -0.0065625
v 0.071813445 -0.035598675 -0.0065625
v 0.071661765 -0.03587646 -0.0065625
v 0.070915095 -0.041632665 -0.0065625
v 0.0714852 -0.036141675 -0.0065625
v 0.0712959 -0.03638325 -0.0065625
v 0.0710898 -0.036601905 -0.0065625
v 0.070371585 -0.041478675 -0.0065625
v 0.070663995 -0.03696891 -0.0065625
v 0.06985986 -0.04137972 -0.0065625
v 0.070239285 -0.03724368 -0.0065625
v 0.06982686 -0.037451415 -0.0065625
v 0.06938373 -0.04132263 -0.0065625
v 0.069428115 -0.037613385 -0.0065625
v 0.068941005 -0.041286975 -0.0065625
v 0.06904539 -0.037743345 -0.0065625
v 0.068531685 -0.04127277 -0.0065625
v 0.068680395 -0.03785082 -0.0065625
v 0.067975635 -0.041262015 -0.0065625
v 0.068033055 -0.03803166 -0.0065625
v 0.067412415 -0.041262615 -0.0065625
v 0.067331625 -0.038210175 -0.0065625
v 0.0668421 -0.041274585 -0.0065625
v 0.066572865 -0.03838743 -0.0065625
v 0.06626454 -0.041297925 -0.0065625
v 0.06575451 -0.03856422 -0.0065625
v 0.065682015 -0.041332065 -0.0065625
v 0.06509214 -0.041377455 -0.0065625
v 0.064906965 -0.038730285 -0.0065625
v 0.06447513 -0.04143696 -0.0065625
v 0.064043805 -0.03888303 -0.0065625
v 0.0638322 -0.041510205 -0.0065625
v 0.06316083 -0.041601315 -0.0065625
v 0.063149565 -0.0390234 -0.0065625
v 0.06246138 -0.04170954 -0.0065625
v 0.06221331 -0.039150795 -0.0065625
v 0.06172962 -0.04184106 -0.0065625
v 0.06123804 -0.039265365 -0.0065625
v 0.060962445 -0.04199625 -0.0065625
v 0.060165495 -0.04218045 -0.0065625
v 0.060218805 -0.03935898 -0.0065625
v 0.059334135 -0.042398145 -0.0065625
v 0.05914881 -0.03943419 -0.0065625
v 0.058486545 -0.04264827 -0.0065625
v 0.05859966 -0.039462435 -0.0065625
v 0.05806665 -0.042785955 -0.0065625
v 0.058045065 -0.039481815 -0.0065625
v 0.057645045 -0.04293177 -0.0065625
v 0.05748537 -0.039491265 -0.0065625
v 0.05722482 -0.043085985 -0.0065625
v 0.05680983 -0.04324896 -0.0065625
v 0.05691297 -0.03949332 -0.0065625
v 0.056403585 -0.04342074 -0.0065625
v 0.05633397 -0.039487005 -0.0065625
v 0.05600475 -0.043598715 -0.0065625
v 0.055612035 -0.043785135 -0.0065625
v 0.055756305 -0.03947073 -0.0065625
v 0.055225035 -0.043983615 -0.0065625
v 0.055187925 -0.039442905 -0.0065625
v 0.05484336 -0.04419783 -0.0065625
v 0.05446122 -0.04442952 -0.0065625
v 0.05463453 -0.039403725 -0.0065625
v 0.054079995 -0.044676405 -0.0065625
v 0.054091635 -0.039356475 -0.0065625
v 0.053710005 -0.04493604 -0.0065625
v 0.053361525 -0.045205935 -0.0065625
v 0.053555535 -0.03929802 -0.0065625
v 0.053039415 -0.045486525 -0.0065625
v 0.052734195 -0.04578243 -0.0065625
v 0.0530229 -0.039224745 -0.0065625
v 0.052450725 -0.046087305 -0.0065625
v 0.052195155 -0.046393935 -0.0065625
v 0.052490415 -0.03913305 -0.0065625
v 0.05197308 -0.04669578 -0.0065625
v 0.05178192 -0.04699584 -0.0065625
v 0.051620025 -0.047296065 -0.0065625
v 0.051948555 -0.03901965 -0.0065625
v 0.051487365 -0.04759647 -0.0065625
v 0.05138397 -0.04789704 -0.0065625
v 0.051270645 -0.048252765 -0.0065625
v 0.05117724 -0.04863702 -0.0065625
v 0.051103725 -0.049049775 -0.0065625
v 0.05105013 -0.04949106 -0.0065625
v 0.0496545 -0.059507985 -0.0065625
v 0.051392265 -0.038885745 -0.0065625
v 0.050154315 -0.060236805 -0.0065625
v 0.051016455 -0.049961055 -0.0065625
v 0.05100423 -0.050474595 -0.0065625
v 0.05101296 -0.05102694 -0.0065625
v 0.051040635 -0.051598245 -0.0065625
v 0.051085185 -0.05216868 -0.0065625
v 0.05061825 -0.060960195 -0.0065625
v 0.051144765 -0.05271906 -0.0065625
v 0.051222105 -0.053253825 -0.0065625
v 0.05131701 -0.05378304 -0.0065625
v 0.05142708 -0.054310965 -0.0065625
v 0.051039705 -0.06166122 -0.0065625
v 0.051549915 -0.05484189 -0.0065625
v 0.05168367 -0.0553803 -0.0065625
v 0.051832845 -0.055929465 -0.0065625
v 0.051424365 -0.062342895 -0.0065625
v 0.051995865 -0.05648388 -0.0065625
v 0.05216877 -0.057036495 -0.0065625
v 0.051775575 -0.0629982 -0.0065625
v 0.052347615 -0.057580245 -0.0065625
v 0.052094655 -0.06362997 -0.0065625
v 0.05252955 -0.058109625 -0.0065625
v 0.052719375 -0.0586311 -0.0065625
v 0.05238876 -0.064240335 -0.0065625
v 0.052915935 -0.05914464 -0.0065625
v 0.052657095 -0.06482916 -0.0065625
v 0.0533181 -0.06013902 -0.0065625
v 0.05290437 -0.06539757 -0.0065625
v 0.053129805 -0.06594456 -0.0065625
v 0.053722095 -0.061079445 -0.0065625
v 0.053342295 -0.066488025 -0.0065625
v 0.05354295 -0.067030095 -0.0065625
v 0.054132435 -0.06197157 -0.0065625
v 0.053730585 -0.067568805 -0.0065625
v 0.053905215 -0.068104275 -0.0065625
v 0.05454291 -0.062822655 -0.0065625
v 0.054066795 -0.068636445 -0.0065625
v 0.05422368 -0.069188565 -0.0065625
v 0.05434686 -0.069782385 -0.0065625
v 0.054437925 -0.070418415 -0.0065625
v 0.054458685 -0.071085675 -0.0065625
v 0.0493938 -0.059151195 -0.0065625
v 0.04912485 -0.058795275 -0.0065625
v 0.05084037 -0.038735505 -0.0065625
v 0.048848325 -0.058443285 -0.0065625
v 0.04856508 -0.05809896 -0.0065625
v 0.050312355 -0.038573145 -0.0065625
v 0.04827618 -0.05776569 -0.0065625
v 0.049827735 -0.03840282 -0.0065625
v 0.04798365 -0.057441375 -0.0065625
v 0.047685015 -0.057125475 -0.0065625
v 0.049391145 -0.038225565 -0.0065625
v 0.047376645 -0.056818755 -0.0065625
v 0.048988035 -0.038038215 -0.0065625
v 0.047054985 -0.05652195 -0.0065625
v 0.04671654 -0.05623011 -0.0065625
v 0.04861818 -0.037840755 -0.0065625
v 0.046363935 -0.05594385 -0.0065625
v 0.04828161 -0.03763317 -0.0065625
v 0.04797831 -0.03741546 -0.0065625
v 0.046002675 -0.055672185 -0.0065625
v 0.047724405 -0.03722424 -0.0065625
v 0.045638295 -0.055424175 -0.0065625
v 0.047479695 -0.03700527 -0.0065625
v 0.047244195 -0.036758505 -0.0065625
v 0.045271905 -0.055204515 -0.0065625
v 0.04701789 -0.03648399 -0.0065625
v 0.04489617 -0.05500569 -0.0065625
v 0.046799445 -0.036179505 -0.0065625
v 0.04658679 -0.03584169 -0.0065625
v 0.04451862 -0.05483031 -0.0065625
v 0.04638444 -0.03547788 -0.0065625
v 0.044148015 -0.054682005 -0.0065625
v 0.04619733 -0.03509616 -0.0065625
v 0.04603002 -0.0347031 -0.0065625
v 0.04379232 -0.05456406 -0.0065625
v 0.04588101 -0.03428829 -0.0065625
v 0.045748425 -0.03385617 -0.0065625
v 0.043447875 -0.05447499 -0.0065625
v 0.045631425 -0.033417315 -0.0065625
v 0.045529155 -0.032982285 -0.0065625
v 0.045443385 -0.03255309 -0.0065625
v 0.04311231 -0.05441379 -0.0065625
v 0.045374205 -0.032123685 -0.0065625
v 0.04531827 -0.031692585 -0.0065625
v 0.045272235 -0.031258275 -0.0065625
v 0.042785625 -0.05438046 -0.0065625
v 0.045234405 -0.030818835 -0.0065625
v 0.045207645 -0.0303738 -0.0065625
v 0.04519083 -0.029926485 -0.0065625
v 0.045182445 -0.02948046 -0.0065625
v 0.04518126 -0.02903856 -0.0065625
v 0.04246782 -0.054375 -0.0065625
v 0.04520529 -0.02815515 -0.0065625
v 0.04340019 -0.045097995 -0.0065625
v 0.04525515 -0.027297225 -0.0065625
v 0.04336479 -0.045265425 -0.0065625
v 0.043306815 -0.04541643 -0.0065625
v 0.04322628 -0.04555104 -0.0065625
v 0.04311939 -0.045672285 -0.0065625
v 0.04209447 -0.054377145 -0.0065625
v 0.04298994 -0.04577712 -0.0065625
v 0.042849135 -0.04585644 -0.0065625
v 0.042695955 -0.04590801 -0.0065625
v 0.041700165 -0.05440704 -0.0065625
v 0.042531435 -0.045934065 -0.0065625
v 0.042369825 -0.04593237 -0.0065625
v 0.042211395 -0.045900435 -0.0065625
v 0.04128489 -0.054464685 -0.0065625
v 0.042055875 -0.045840735 -0.0065625
v 0.041916765 -0.04575846 -0.0065625
v 0.041795535 -0.045651585 -0.0065625
v 0.040848645 -0.05455008 -0.0065625
v 0.0416907 -0.04552212 -0.0065625
v 0.041611365 -0.045381315 -0.0065625
v 0.041560575 -0.045232905 -0.0065625
v 0.041535255 -0.045073125 -0.0065625
v 0.04153545 -0.044902005 -0.0065625
v 0.04039125 -0.054663285 -0.0065625
v 0.04199907 -0.0403125 -0.0065625
v 0.046220145 -9.7845e-05 -0.0065625
v 0.041570835 -0.044734575 -0.0065625
v 0.04204623 -0.040517235 -0.0065625
v 0.04162881 -0.04458357 -0.0065625
v 0.04170936 -0.04444896 -0.0065625
v 0.04217667 -0.04067919 -0.0065625
v 0.041816235 -0.044327715 -0.0065625
v 0.0419457 -0.04422288 -0.0065625
v 0.04236408 -0.04076883 -0.0065625
v 0.042086505 -0.04414356 -0.0065625
v 0.04257156 -0.04076883 -0.0065625
v 0.042239685 -0.04409199 -0.0065625
v 0.04275897 -0.04067919 -0.0065625
v 0.042404205 -0.044065935 -0.0065625
v 0.042889395 -0.040517235 -0.0065625
v 0.042565815 -0.04406763 -0.0065625
v 0.04293657 -0.0403125 -0.0065625
v 0.047180445 -0.000172035 -0.0065625
v 0.042724245 -0.044099565 -0.0065625
v 0.04647171 -0.000103185 -0.0065625
v 0.042889395 -0.040107765 -0.0065625
v 0.04275897 -0.03994581 -0.0065625
v 0.04257156 -0.03985617 -0.0065625
v 0.04236408 -0.03985617 -0.0065625
v 0.04217667 -0.03994581 -0.0065625
v 0.04204623 -0.040107765 -0.0065625
v 0.042879765 -0.044159265 -0.0065625
v 0.04301886 -0.04424154 -0.0065625
v 0.043140105 -0.044348415 -0.0065625
v 0.04788801 -0.000252075 -0.0065625
v 0.04324494 -0.04447788 -0.0065625
v 0.04332426 -0.044618685 -0.0065625
v 0.043375065 -0.044767095 -0.0065625
v 0.045326235 -0.026482365 -0.0065625
v 0.04541571 -0.02570478 -0.0065625
v 0.04340037 -0.044926875 -0.0065625
v 0.045516765 -0.02496819 -0.0065625
v 0.048119325 -0.000293265 -0.0065625
v 0.04562997 -0.02426952 -0.0065625
v 0.045750795 -0.02360286 -0.0065625
v 0.045879795 -0.022968765 -0.0065625
v 0.046013865 -0.02236356 -0.0065625
v 0.048328935 -0.0004035 -0.0065625
v 0.04615299 -0.021788535 -0.0065625
v 0.04630053 -0.021223965 -0.0065625
v 0.0484989 -0.000575325 -0.0065625
v 0.046456815 -0.020667465 -0.0065625
v 0.04861131 -0.000801195 -0.0065625
v 0.04662165 -0.02012136 -0.0065625
v 0.046795125 -0.019585515 -0.0065625
v 0.046977195 -0.019060005 -0.0065625
v 0.048864255 -0.00144855 -0.0065625
v 0.047103015 -0.01871367 -0.0065625
v 0.04725147 -0.01835004 -0.0065625
v 0.04908531 -0.002074245 -0.0065625
v 0.04742148 -0.01796871 -0.0065625
v 0.047626305 -0.01757403 -0.0065625
v 0.049274445 -0.002678325 -0.0065625
v 0.047870115 -0.017168925 -0.0065625
v 0.049430895 -0.00326013 -0.0065625
v 0.04816506 -0.016760985 -0.0065625
v 0.049552305 -0.00381786 -0.0065625
v 0.04851759 -0.016359705 -0.0065625
v 0.04964391 -0.00435558 -0.0065625
v 0.049711965 -0.00487821 -0.0065625
v 0.04975674 -0.005385975 -0.0065625
v 0.049503915 -0.0084324 -0.0065625
v 0.04893309 -0.01597092 -0.0065625
v 0.04977639 -0.00587742 -0.0065625
v 0.04956471 -0.00814089 -0.0065625
v 0.049774155 -0.00635502 -0.0065625
v 0.0496482 -0.0077139 -0.0065625
v 0.04975272 -0.006820815 -0.0065625
v 0.049710855 -0.007273875 -0.0065625
v 0.049506555 -0.008741025 -0.0065625
v 0.04958385 -0.009047205 -0.0065625
v 0.04975479 -0.00931953 -0.0065625
v 0.04942434 -0.015613785 -0.0065625
v 0.0499962 -0.009524265 -0.0065625
v 0.050277975 -0.009664455 -0.0065625
v 0.04999266 -0.015296355 -0.0065625
v 0.05058153 -0.009741525 -0.0065625
v 0.05030532 -0.015167685 -0.0065625
v 0.05063955 -0.015055875 -0.0065625
v 0.050988435 -0.014965335 -0.0065625
v 0.05182842 -0.010051875 -0.0065625
v 0.05134461 -0.014901585 -0.0065625
v 0.05171211 -0.01486413 -0.0065625
v 0.052088565 -0.014851755 -0.0065625
v 0.052465815 -0.014865225 -0.0065625
v 0.05306349 -0.010406295 -0.0065625
v 0.052841805 -0.014907495 -0.0065625
v 0.053359425 -0.01049043 -0.0065625
v 0.0532206 -0.014978535 -0.0065625
v 0.053671995 -0.010510905 -0.0065625
v 0.053982915 -0.01045788 -0.0065625
v 0.0535938 -0.015069255 -0.0065625
v 0.054262665 -0.010314975 -0.0065625
v 0.053953485 -0.015171315 -0.0065625
v 0.054487545 -0.010089435 -0.0065625
v 0.05430198 -0.01528719 -0.0065625
v 0.054650835 -0.009816045 -0.0065625
v 0.05474808 -0.009516 -0.0065625
v 0.05490303 -0.009065055 -0.0065625
v 0.055080735 -0.00862356 -0.0065625
v 0.05464077 -0.01541841 -0.0065625
v 0.055281195 -0.0081915 -0.0065625
v 0.055503855 -0.007770075 -0.0065625
v 0.054969855 -0.01556499 -0.0065625
v 0.055746975 -0.007362825 -0.0065625
v 0.056014365 -0.006961875 -0.0065625
v 0.05662917 -0.016327365 -0.0065625
v 0.056310615 -0.006557745 -0.0065625
v 0.05663508 -0.00614814 -0.0065625
v 0.05698692 -0.00573699 -0.0065625
v 0.057370395 -0.005324085 -0.0065625
v 0.057789105 -0.004909335 -0.0065625
v 0.058241415 -0.004492785 -0.0065625
v 0.058232235 -0.01717587 -0.0065625
v 0.0587268 -0.00407445 -0.0065625
v 0.05924526 -0.003654345 -0.0065625
v 0.0594312 -0.003523905 -0.0065625
v 0.0596643 -0.00345372 -0.0065625
v 0.059913975 -0.00345471 -0.0065625
v 0.059779035 -0.01811052 -0.0065625
v 0.06014961 -0.003537855 -0.0065625
v 0.060802395 -0.003822345 -0.0065625
v 0.06036657 -0.01268847 -0.0065625
v 0.060345225 -0.01299951 -0.0065625
v 0.06045936 -0.012397575 -0.0065625
v 0.060607455 -0.01213797 -0.0065625
v 0.06145059 -0.004117125 -0.0065625
v 0.06081879 -0.011757675 -0.0065625
v 0.06165435 -0.00422484 -0.0065625
v 0.061014375 -0.01135854 -0.0065625
v 0.06182067 -0.004394745 -0.0065625
v 0.06119418 -0.010940595 -0.0065625
v 0.061931505 -0.004612275 -0.0065625
v 0.061358505 -0.01050423 -0.0065625
v 0.061968795 -0.00486288 -0.0065625
v 0.06150822 -0.01005069 -0.0065625
v 0.062009325 -0.005556705 -0.0065625
v 0.06164139 -0.00957723 -0.0065625
v 0.0620262 -0.00622011 -0.0065625
v 0.061755735 -0.009080475 -0.0065625
v 0.06201942 -0.00685305 -0.0065625
v 0.0618525 -0.00856239 -0.0065625
v 0.06198843 -0.007454745 -0.0065625
v 0.06193155 -0.008022675 -0.0065625
v 0.06127293 -0.01913397 -0.0065625
v 0.060422055 -0.01331328 -0.0065625
v 0.06059151 -0.01358733 -0.0065625
v 0.06081801 -0.013810245 -0.0065625
v 0.06107988 -0.013974465 -0.0065625
v 0.06216984 -0.01465494 -0.0065625
v 0.06271482 -0.02024691 -0.0065625
v 0.063234945 -0.01537368 -0.0065625
v 0.064090905 -0.021438465 -0.0065625
v 0.06348639 -0.015542925 -0.0065625
v 0.06377391 -0.01565928 -0.0065625
v 0.06408504 -0.01570662 -0.0065625
v 0.06440013 -0.015658305 -0.0065625
v 0.064685025 -0.01551423 -0.0065625
v 0.06492543 -0.01530453 -0.0065625
v 0.0653904 -0.0227007 -0.0065625
v 0.065112195 -0.01504752 -0.0065625
v 0.06539892 -0.014666535 -0.0065625
v 0.065704365 -0.014301555 -0.0065625
v 0.06602853 -0.013952595 -0.0065625
v 0.0663705 -0.013620585 -0.0065625
v 0.06662148 -0.024041535 -0.0065625
v 0.06672756 -0.013308405 -0.0065625
v 0.067105785 -0.01300971 -0.0065625
v 0.067512405 -0.012716895 -0.0065625
v 0.06794757 -0.01242762 -0.0065625
v 0.067775895 -0.02545044 -0.0065625
v 0.06840924 -0.012145305 -0.0065625
v 0.06890154 -0.01187112 -0.0065625
v 0.06942792 -0.011606055 -0.0065625
v 0.06884235 -0.026913915 -0.0065625
v 0.06998682 -0.01134966 -0.0065625
v 0.0693339 -0.02040249 -0.0065625
v 0.069408555 -0.0207168 -0.0065625
v 0.069359415 -0.02008695 -0.0065625
v 0.069476235 -0.01979982 -0.0065625
v 0.069654105 -0.019552335 -0.0065625
v 0.070577715 -0.0111018 -0.0065625
v 0.06987456 -0.0193518 -0.0065625
v 0.070193085 -0.01905543 -0.0065625
v 0.07120062 -0.01086246 -0.0065625
v 0.070502415 -0.018736275 -0.0065625
v 0.071429505 -0.01079493 -0.0065625
v 0.07080258 -0.01839435 -0.0065625
v 0.071669565 -0.010801185 -0.0065625
v 0.071093715 -0.01803012 -0.0065625
v 0.071899185 -0.01088025 -0.0065625
v 0.071376255 -0.01764504 -0.0065625
v 0.07209672 -0.011031135 -0.0065625
v 0.071649225 -0.0172359 -0.0065625
v 0.071911455 -0.0167988 -0.0065625
v 0.072629625 -0.011503425 -0.0065625
v 0.07216359 -0.01633596 -0.0065625
v 0.07240554 -0.01584711 -0.0065625
v 0.072635145 -0.01532454 -0.0065625
v 0.07285056 -0.014761875 -0.0065625
v 0.073155015 -0.01198407 -0.0065625
v 0.073052595 -0.014161995 -0.0065625
v 0.07332549 -0.01216452 -0.0065625
v 0.07324155 -0.01352586 -0.0065625
v 0.07342791 -0.01238418 -0.0065625
v 0.07341741 -0.01285347 -0.0065625
v 0.073459485 -0.01262112 -0.0065625
v 0.069555075 -0.02100303 -0.0065625
v 0.06982158 -0.02843283 -0.0065625
v 0.06975636 -0.02124441 -0.0065625
v 0.070582695 -0.022228395 -0.0065625
v 0.070716345 -0.030010485 -0.0065625
v 0.07137357 -0.02324109 -0.0065625
v 0.07147416 -0.02338119 -0.0065625
v 0.07152663 -0.031646865 -0.0065625
v 0.07158543 -0.0235053 -0.0065625
v 0.071707485 -0.02361354 -0.0065625
v 0.071842515 -0.02370837 -0.0065625
v 0.07213398 -0.023837355 -0.0065625
v 0.072442635 -0.023870865 -0.0065625
v 0.071684715 -0.031996785 -0.0065625
v 0.071839185 -0.032381265 -0.0065625
v 0.07274349 -0.023812275 -0.0065625
v 0.0719808 -0.03280923 -0.0065625
v 0.07301943 -0.023687115 -0.0065625
v 0.072095295 -0.033290415 -0.0065625
v 0.045988695 -0.000168975 -0.0065625
v 0.04579272 -0.00030477 -0.0065625
v 0.04354302 -0.02086428 -0.0065625
v 0.045647595 -0.000493425 -0.0065625
v 0.043439055 -0.02172165 -0.0065625
v 0.04331757 -0.022589775 -0.0065625
v 0.03989907 -0.054810345 -0.0065625
v 0.043174755 -0.02348361 -0.0065625
v 0.043006575 -0.024413415 -0.0065625
v 0.042814185 -0.025376355 -0.0065625
v 0.042588255 -0.026374635 -0.0065625
v 0.042329115 -0.0274155 -0.0065625
v 0.039376455 -0.05498934 -0.0065625
v 0.0421863 -0.0279465 -0.0065625
v 0.042033345 -0.028479945 -0.0065625
v 0.041869365 -0.02901516 -0.0065625
v 0.04169445 -0.029560185 -0.0065625
v 0.04150953 -0.0301089 -0.0065625
v 0.03884166 -0.0551922 -0.0065625
v 0.041315535 -0.030653265 -0.0065625
v 0.041113425 -0.031185225 -0.0065625
v 0.040905165 -0.031699425 -0.0065625
v 0.03831291 -0.05541084 -0.0065625
v 0.040692465 -0.03220116 -0.0065625
v 0.040471215 -0.03269295 -0.0065625
v 0.04023693 -0.03317688 -0.0065625
v 0.037807875 -0.055637595 -0.0065625
v 0.03998517 -0.03365496 -0.0065625
v 0.039709875 -0.03413526 -0.0065625
v 0.03732318 -0.055876395 -0.0065625
v 0.039410625 -0.03462294 -0.0065625
v 0.0390972 -0.035101395 -0.0065625
v 0.03684921 -0.056130195 -0.0065625
v 0.038779605 -0.03555339 -0.0065625
v 0.036381135 -0.056398005 -0.0065625
v 0.03846786 -0.03596166 -0.0065625
v 0.038164365 -0.03632211 -0.0065625
v 0.03591414 -0.056678895 -0.0065625
v 0.03786162 -0.036647595 -0.0065625
v 0.037559535 -0.036938325 -0.0065625
v 0.035443425 -0.056972475 -0.0065625
v 0.03725811 -0.037194285 -0.0065625
v 0.034967235 -0.057284055 -0.0065625
v 0.03695733 -0.03741546 -0.0065625
v 0.036697005 -0.03759786 -0.0065625
v 0.034490325 -0.057610425 -0.0065625
v 0.03641313 -0.03776292 -0.0065625
v 0.034018185 -0.057945645 -0.0065625
v 0.036105675 -0.03791064 -0.0065625
v 0.035774655 -0.038041035 -0.0065625
v 0.03355632 -0.05828376 -0.0065625
v 0.03541758 -0.03815469 -0.0065625
v 0.03310908 -0.058620375 -0.0065625
v 0.03503058 -0.038252535 -0.0065625
v 0.03375237 -0.04998816 -0.0065625
v 0.03370224 -0.050401425 -0.0065625
v 0.034622055 -0.038332575 -0.0065625
v 0.033778905 -0.049589865 -0.0065625
v 0.033781155 -0.049215135 -0.0065625
v 0.03375942 -0.048860025 -0.0065625
v 0.03371394 -0.04852197 -0.0065625
v 0.033644685 -0.04820097 -0.0065625
v 0.03355167 -0.04789704 -0.0065625
v 0.034201185 -0.038392575 -0.0065625
v 0.03343425 -0.047542635 -0.0065625
v 0.033283965 -0.04717686 -0.0065625
v 0.03310083 -0.046799715 -0.0065625
v 0.033775665 -0.03843024 -0.0065625
v 0.032884815 -0.0464112 -0.0065625
v 0.033335115 -0.038443755 -0.0065625
v 0.0326358 -0.04601118 -0.0065625
v 0.03234384 -0.04558854 -0.0065625
v 0.032883165 -0.038436315 -0.0065625
v 0.0320121 -0.04514682 -0.0065625
v 0.03242964 -0.038411985 -0.0065625
v 0.031653915 -0.04470087 -0.0065625
v 0.03198429 -0.038374815 -0.0065625
v 0.031282575 -0.044265585 -0.0065625
v 0.031549605 -0.03832377 -0.0065625
v 0.03091086 -0.043855335 -0.0065625
v 0.03111984 -0.03825687 -0.0065625
v 0.03053397 -0.043468155 -0.0065625
v 0.03069255 -0.038176845 -0.0065625
v 0.03014613 -0.04309581 -0.0065625
v 0.030265275 -0.03808641 -0.0065625
v 0.029746785 -0.042733395 -0.0065625
v 0.029835645 -0.0379866 -0.0065625
v 0.029335335 -0.042376065 -0.0065625
v 0.029404125 -0.03787452 -0.0065625
v 0.028910655 -0.042019095 -0.0065625
v 0.028973505 -0.037752285 -0.0065625
v 0.02846718 -0.0416625 -0.0065625
v 0.028546725 -0.03762243 -0.0065625
v 0.02800941 -0.04130979 -0.0065625
v 0.02812608 -0.03748701 -0.0065625
v 0.02754471 -0.040964355 -0.0065625
v 0.02729334 -0.037191165 -0.0065625
v 0.027080415 -0.04062957 -0.0065625
v 0.02662206 -0.040308225 -0.0065625
v 0.026492805 -0.036878625 -0.0065625
v 0.02616198 -0.03999792 -0.0065625
v 0.02573979 -0.036559215 -0.0065625
v 0.025701105 -0.039697995 -0.0065625
v 0.024791265 -0.0391299 -0.0065625
v 0.02502792 -0.036233835 -0.0065625
v 0.024358605 -0.03591012 -0.0065625
v 0.02391165 -0.03860655 -0.0065625
v 0.023729115 -0.035586555 -0.0065625
v 0.0230553 -0.03812601 -0.0065625
v 0.02313243 -0.03526563 -0.0065625
v 0.022569225 -0.034946985 -0.0065625
v 0.02222298 -0.03767874 -0.0065625
v 0.022035075 -0.034632465 -0.0065625
v 0.021417015 -0.03726669 -0.0065625
v 0.02153118 -0.03432246 -0.0065625
v 0.02103984 -0.034007685 -0.0065625
v 0.020628915 -0.0368829 -0.0065625
v 0.02055888 -0.033687075 -0.0065625
v 0.019845645 -0.036519075 -0.0065625
v 0.02009043 -0.033361545 -0.0065625
v 0.01963443 -0.033030975 -0.0065625
v 0.019079655 -0.03618108 -0.0065625
v 0.019190895 -0.032695425 -0.0065625
v 0.018769215 -0.0323646 -0.0065625
v 0.018361605 -0.0358785 -0.0065625
v 0.01834776 -0.031987095 -0.0065625
v 0.01768923 -0.03561063 -0.0065625
v 0.01792518 -0.03156324 -0.0065625
v 0.01753425 -0.031084785 -0.0065625
v 0.017059215 -0.035376435 -0.0065625
v 0.017183865 -0.03055173 -0.0065625
v 0.016684155 -0.03524232 -0.0065625
v 0.01689168 -0.0299613 -0.0065625
v 0.01627845 -0.035119155 -0.0065625
v 0.016674585 -0.029323665 -0.0065625
v 0.01659627 -0.028987635 -0.0065625
v 0.01654143 -0.02864271 -0.0065625
v 0.01583934 -0.03501408 -0.0065625
v 0.01651473 -0.02829177 -0.0065625
v 0.016514985 -0.02793096 -0.0065625
v 0.01654164 -0.0275649 -0.0065625
v 0.017283255 -0.01799982 -0.0065625
v 0.01659543 -0.02720109 -0.0065625
v 0.015360435 -0.034941735 -0.0065625
v 0.01702704 -0.01782033 -0.0065625
v 0.01681962 -0.01759326 -0.0065625
v 0.01483467 -0.03492786 -0.0065625
v 0.01652325 -0.017274735 -0.0065625
v 0.016204095 -0.016965405 -0.0065625
v 0.014271405 -0.034988685 -0.0065625
v 0.015862155 -0.01666524 -0.0065625
v 0.013976805 -0.03505434 -0.0065625
v 0.01368249 -0.0351435 -0.0065625
v 0.015497925 -0.016374105 -0.0065625
v 0.01340109 -0.03525861 -0.0065625
v 0.01511286 -0.016091565 -0.0065625
v 0.013127145 -0.035401095 -0.0065625
v 0.012867 -0.03556485 -0.0065625
v 0.01470372 -0.015818595 -0.0065625
v 0.01262853 -0.03574533 -0.0065625
v 0.012208905 -0.036159 -0.0065625
v 0.01426662 -0.015556365 -0.0065625
v 0.01187568 -0.03659868 -0.0065625
v 0.0131739 -0.02334153 -0.0065625
v 0.01380378 -0.01530423 -0.0065625
v 0.01313667 -0.023659545 -0.0065625
v 0.01302165 -0.023961105 -0.0065625
v 0.01162005 -0.03704787 -0.0065625
v 0.0128415 -0.024232875 -0.0065625
v 0.01143387 -0.037492605 -0.0065625
v 0.01212276 -0.02529798 -0.0065625
v 0.011295555 -0.03792264 -0.0065625
v 0.01118994 -0.03833343 -0.0065625
v 0.011109975 -0.038722575 -0.0065625
v 0.01080366 -0.04052271 -0.0065625
v 0.010600215 -0.042324975 -0.0065625
v 0.00869217 -0.05796912 -0.0065625
v 0.00825294 -0.05676159 -0.0065625
v 0.009174 -0.059160285 -0.0065625
v 0.01049964 -0.044129385 -0.0065625
v 0.01050222 -0.045940215 -0.0065625
v 0.00929019 -0.05944893 -0.0065625
v 0.009342015 -0.059766525 -0.0065625
v 0.010608015 -0.04775859 -0.0065625
v 0.00934179 -0.059933565 -0.0065625
v 0.00867297 -0.067963845 -0.0065625
v 0.009314025 -0.060094635 -0.0065625
v 0.010815855 -0.04956696 -0.0065625
v 0.00915018 -0.067811025 -0.0065625
v 0.01112526 -0.05135196 -0.0065625
v 0.00960219 -0.06764382 -0.0065625
v 0.01153815 -0.05312478 -0.0065625
v 0.01003824 -0.06745725 -0.0065625
v 0.010466085 -0.06724719 -0.0065625
v 0.01205049 -0.054872685 -0.0065625
v 0.010882215 -0.06701547 -0.0065625
v 0.01128549 -0.06676275 -0.0065625
v 0.01265751 -0.05657877 -0.0065625
v 0.01167591 -0.066489 -0.0065625
v 0.01180641 -0.06638532 -0.0065625
v 0.01194627 -0.066297615 -0.0065625
v 0.012096705 -0.06622443 -0.0065625
v 0.012257115 -0.06616647 -0.0065625
v 0.01241898 -0.06613449 -0.0065625
v 0.013359525 -0.0582441 -0.0065625
v 0.012583845 -0.06612963 -0.0065625
v 0.012895485 -0.066192435 -0.0065625
v 0.01316826 -0.06633957 -0.0065625
v 0.01339104 -0.0665418 -0.0065625
v 0.01415769 -0.059872815 -0.0065625
v 0.01356207 -0.06675891 -0.0065625
v 0.014352945 -0.067771605 -0.0065625
v 0.015052005 -0.061464915 -0.0065625
v 0.01517928 -0.06875559 -0.0065625
v 0.01525722 -0.06180282 -0.0065625
v 0.01549128 -0.06215943 -0.0065625
v 0.015759495 -0.062532675 -0.0065625
v 0.015381735 -0.068998545 -0.0065625
v 0.01607307 -0.06291885 -0.0065625
v 0.015528345 -0.06928704 -0.0065625
v 0.01560225 -0.06960282 -0.0065625
v 0.016448355 -0.063307185 -0.0065625
v 0.015575385 -0.069916485 -0.0065625
v 0.01494882 -0.07865034 -0.0065625
v 0.01545942 -0.070200705 -0.0065625
v 0.01689675 -0.063686475 -0.0065625
v 0.01550772 -0.078393945 -0.0065625
v 0.017433285 -0.064044075 -0.0065625
v 0.016034085 -0.07812888 -0.0065625
v 0.0165264 -0.077854695 -0.0065625
v 0.018043725 -0.06434229 -0.0065625
v 0.01698807 -0.077572395 -0.0065625
v 0.0183732 -0.064464615 -0.0065625
v 0.01742322 -0.07728309 -0.0065625
v 0.018712095 -0.064559895 -0.0065625
v 0.0190635 -0.06463092 -0.0065625
v 0.017829855 -0.076990305 -0.0065625
v 0.019422135 -0.064676265 -0.0065625
v 0.018208065 -0.076691595 -0.0065625
v 0.019784235 -0.06469377 -0.0065625
v 0.01856514 -0.0763794 -0.0065625
v 0.01890711 -0.07604742 -0.0065625
v 0.020152725 -0.06468405 -0.0065625
v 0.019231275 -0.075698445 -0.0065625
v 0.0205203 -0.064648665 -0.0065625
v 0.01953672 -0.07533348 -0.0065625
v 0.020881905 -0.064588005 -0.0065625
v 0.019823445 -0.07495248 -0.0065625
v 0.02001006 -0.07469565 -0.0065625
v 0.02124042 -0.064501515 -0.0065625
v 0.020250255 -0.07448601 -0.0065625
v 0.02053488 -0.07434189 -0.0065625
v 0.02159319 -0.064392285 -0.0065625
v 0.02084967 -0.074293365 -0.0065625
v 0.021938295 -0.064260705 -0.0065625
v 0.021160875 -0.074340465 -0.0065625
v 0.022276875 -0.06410625 -0.0065625
v 0.02144871 -0.07445679 -0.0065625
v 0.0226095 -0.06393531 -0.0065625
v 0.021700695 -0.07462632 -0.0065625
v 0.022936395 -0.063751005 -0.0065625
v 0.0227658 -0.07534506 -0.0065625
v 0.02325741 -0.06355101 -0.0065625
v 0.023572515 -0.06333534 -0.0065625
v 0.024028695 -0.06301722 -0.0065625
v 0.024484005 -0.062685675 -0.0065625
v 0.02385576 -0.07602552 -0.0065625
v 0.02419902 -0.069169035 -0.0065625
v 0.02420727 -0.069473805 -0.0065625
v 0.02421555 -0.068865045 -0.0065625
v 0.024258615 -0.068561115 -0.0065625
v 0.024938355 -0.062340765 -0.0065625
v 0.02432676 -0.06825615 -0.0065625
v 0.024416235 -0.067958025 -0.0065625
v 0.02452668 -0.06767148 -0.0065625
v 0.024661665 -0.06739245 -0.0065625
v 0.024810885 -0.06712428 -0.0065625
v 0.025391895 -0.061982415 -0.0065625
v 0.02512245 -0.06663111 -0.0065625
v 0.025843095 -0.06161238 -0.0065625
v 0.02546358 -0.066191175 -0.0065625
v 0.026293635 -0.06122895 -0.0065625
v 0.025881 -0.06566436 -0.0065625
v 0.02675784 -0.06081813 -0.0065625
v 0.02634354 -0.065107665 -0.0065625
v 0.027234915 -0.06038097 -0.0065625
v 0.026853195 -0.06451827 -0.0065625
v 0.027724515 -0.05991264 -0.0065625
v 0.027411345 -0.063894225 -0.0065625
v 0.028226775 -0.05941395 -0.0065625
v 0.027999405 -0.063261705 -0.0065625
v 0.02874147 -0.05887743 -0.0065625
v 0.02860794 -0.062630775 -0.0065625
v 0.029270925 -0.05830095 -0.0065625
v 0.02924889 -0.061991595 -0.0065625
v 0.029807385 -0.05768349 -0.0065625
v 0.029931465 -0.06133821 -0.0065625
v 0.030352005 -0.05701872 -0.0065625
v 0.0308907 -0.05631816 -0.0065625
v 0.030653115 -0.06067227 -0.0065625
v 0.03114948 -0.05595996 -0.0065625
v 0.031422675 -0.05999745 -0.0065625
v 0.03140487 -0.055594185 -0.0065625
v 0.031654185 -0.05522241 -0.0065625
v 0.031894125 -0.054846645 -0.0065625
v 0.03212181 -0.0544689 -0.0065625
v 0.03224412 -0.05930769 -0.0065625
v 0.032339865 -0.054090465 -0.0065625
v 0.032548005 -0.05370882 -0.0065625
v 0.03274443 -0.05332077 -0.0065625
v 0.03292731 -0.052923135 -0.0065625
v 0.032671785 -0.058962045 -0.0065625
v 0.033100275 -0.05251107 -0.0065625
v 0.033263565 -0.05208726 -0.0065625
v 0.03341031 -0.05165973 -0.0065625
v 0.03353358 -0.05123655 -0.0065625
v 0.03362925 -0.050820225 -0.0065625
v 0.024295305 -0.070055175 -0.0065625
v 0.02447904 -0.070594875 -0.0065625
v 0.024123705 -0.076195035 -0.0065625
v 0.02472753 -0.071079465 -0.0065625
v 0.024349035 -0.076417935 -0.0065625
v 0.02503086 -0.07150776 -0.0065625
v 0.02451414 -0.07668762 -0.0065625
v 0.024590145 -0.076994025 -0.0065625
v 0.02457069 -0.07730334 -0.0065625
v 0.024478755 -0.077596665 -0.0065625
v 0.024328185 -0.077862045 -0.0065625
v 0.02348505 -0.085882875 -0.0065625
v 0.024116835 -0.07824234 -0.0065625
v 0.02326953 -0.085765785 -0.0065625
v 0.023921265 -0.07864146 -0.0065625
v 0.023104395 -0.08559069 -0.0065625
v 0.02374146 -0.079059405 -0.0065625
v 0.02300001 -0.08537523 -0.0065625
v 0.023577135 -0.07949577 -0.0065625
v 0.02296683 -0.08513712 -0.0065625
v 0.02342742 -0.07994931 -0.0065625
v 0.0229263 -0.08444328 -0.0065625
v 0.023294235 -0.08042277 -0.0065625
v 0.022909425 -0.083779905 -0.0065625
v 0.023179905 -0.080919525 -0.0065625
v 0.022916205 -0.083146935 -0.0065625
v 0.02308314 -0.08143761 -0.0065625
v 0.02294721 -0.082545255 -0.0065625
v 0.02300409 -0.081977325 -0.0065625
v 0.01528227 -0.070446555 -0.0065625
v 0.014357925 -0.078898215 -0.0065625
v 0.01506108 -0.0706482 -0.0065625
v 0.014742555 -0.07094457 -0.0065625
v 0.01373502 -0.07913754 -0.0065625
v 0.01443321 -0.071263725 -0.0065625
v 0.013502355 -0.07920528 -0.0065625
v 0.01413306 -0.07160565 -0.0065625
v 0.013263915 -0.07919898 -0.0065625
v 0.013841925 -0.07196988 -0.0065625
v 0.013036995 -0.079119795 -0.0065625
v 0.013559385 -0.07235496 -0.0065625
v 0.01283892 -0.078968865 -0.0065625
v 0.013286415 -0.0727641 -0.0065625
v 0.013024185 -0.0732012 -0.0065625
v 0.012306 -0.078496575 -0.0065625
v 0.01277205 -0.073664025 -0.0065625
v 0.012530085 -0.07415289 -0.0065625
v 0.012300495 -0.07467546 -0.0065625
v 0.01208508 -0.075238125 -0.0065625
v 0.011780625 -0.07801593 -0.0065625
v 0.01188303 -0.075838005 -0.0065625
v 0.011610495 -0.077836005 -0.0065625
v 0.01169409 -0.07647414 -0.0065625
v 0.011507955 -0.07761657 -0.0065625
v 0.01151823 -0.07714653 -0.0065625
v 0.011476155 -0.07737948 -0.0065625
v 0.00925749 -0.0602547 -0.0065625
v 0.00918 -0.06040407 -0.0065625
v 0.00897297 -0.060639675 -0.0065625
v 0.00816972 -0.0681045 -0.0065625
v 0.008730735 -0.06081117 -0.0065625
v 0.008476725 -0.060923745 -0.0065625
v 0.0076434 -0.068230335 -0.0065625
v 0.00808221 -0.06110718 -0.0065625
v 0.00709047 -0.068338965 -0.0065625
v 0.00768939 -0.061315125 -0.0065625
v 0.00729825 -0.061547565 -0.0065625
v 0.006507945 -0.068428395 -0.0065625
v 0.00690882 -0.06180399 -0.0065625
v 0.005897175 -0.06849954 -0.0065625
v 0.006521115 -0.062082915 -0.0065625
v 0.006135075 -0.062387685 -0.0065625
v 0.005258595 -0.06855267 -0.0065625
v 0.00575061 -0.06272235 -0.0065625
v 0.005367795 -0.063084615 -0.0065625
v 0.00459222 -0.068587815 -0.0065625
v 0.0049866 -0.06347478 -0.0065625
v 0.00436074 -0.06858288 -0.0065625
v 0.004606755 -0.063900825 -0.0065625
v 0.00413364 -0.068503995 -0.0065625
v 0.003935805 -0.068357685 -0.0065625
v 0.00422802 -0.06436938 -0.0065625
v 0.003792105 -0.068150475 -0.0065625
v 0.0038505 -0.06487746 -0.0065625
v 0.00343122 -0.06753663 -0.0065625
v 0.003474225 -0.065424075 -0.0065625
v 0.00308007 -0.066917145 -0.0065625
v 0.00309918 -0.066009225 -0.0065625
v 0.002982525 -0.06672411 -0.0065625
v 0.00302892 -0.06612438 -0.0065625
v 0.002979375 -0.066241995 -0.0065625
v 0.00294471 -0.066489675 -0.0065625
v 0.011442285 -0.02638794 -0.0065625
v 0.00820086 -0.056598435 -0.0065625
v 0.0112821 -0.026644365 -0.0065625
v 0.00813405 -0.056447055 -0.0065625
v 0.011064255 -0.026868945 -0.0065625
v 0.007955175 -0.056176365 -0.0065625
v 0.010794465 -0.02703987 -0.0065625
v 0.007720755 -0.055964145 -0.0065625
v 0.01048119 -0.027121455 -0.0065625
v 0.00743739 -0.0558342 -0.0065625
v 0.01016592 -0.027102945 -0.0065625
v 0.00713358 -0.055794735 -0.0065625
v 0.00986967 -0.027010635 -0.0065625
v 0.006830805 -0.055827645 -0.0065625
v 0.00960579 -0.026860365 -0.0065625
v 0.006542505 -0.055922025 -0.0065625
v 0.009225495 -0.026649015 -0.0065625
v 0.00608661 -0.056061735 -0.0065625
v 0.00882636 -0.026453445 -0.0065625
v 0.00795711 -0.034116945 -0.0065625
v 0.00797853 -0.03380361 -0.0065625
v 0.00644895 -0.048462795 -0.0065625
v 0.007874115 -0.03440433 -0.0065625
v 0.00641208 -0.048761145 -0.0065625
v 0.00562497 -0.056177475 -0.0065625
v 0.006303615 -0.04905609 -0.0065625
v 0.00621168 -0.049194525 -0.0065625
v 0.006100755 -0.04931949 -0.0065625
v 0.00597453 -0.049420365 -0.0065625
v 0.0051576 -0.056269245 -0.0065625
v 0.00582963 -0.049500405 -0.0065625
v 0.005528145 -0.04960617 -0.0065625
v 0.00468579 -0.056336835 -0.0065625
v 0.00521967 -0.04964055 -0.0065625
v 0.00421341 -0.056379525 -0.0065625
v 0.004787775 -0.049693095 -0.0065625
v 0.003731865 -0.05639886 -0.0065625
v 0.004349925 -0.049769475 -0.0065625
v 0.00323079 -0.05639673 -0.0065625
v 0.003906105 -0.049869675 -0.0065625
v 0.00345648 -0.049993215 -0.0065625
v 0.0027087 -0.056374995 -0.0065625
v 0.003001575 -0.05013867 -0.0065625
v 0.002169255 -0.056332035 -0.0065625
v 0.00254025 -0.050309235 -0.0065625
v 0.001609815 -0.056264475 -0.0065625
v 0.00207117 -0.05050872 -0.0065625
v 0.001028175 -0.056169525 -0.0065625
v 0.001595145 -0.05073495 -0.0065625
v 0.00111204 -0.050988225 -0.0065625
v 0.00042531 -0.05604843 -0.0065625
v 0.00061914 -0.051276045 -0.0065625
v -0.000198435 -0.05590164 -0.0065625
v 0.00011415 -0.051604635 -0.0065625
v -0.00040191 -0.05197119 -0.0065625
v -0.000843045 -0.05572914 -0.0065625
v -0.00092868 -0.052374765 -0.0065625
v -0.00106113 -0.05565336 -0.0065625
v -0.001253625 -0.055506825 -0.0065625
v -0.001397295 -0.055305645 -0.0065625
v -0.001466175 -0.052815375 -0.0065625
v -0.00146886 -0.05506596 -0.0065625
v -0.0016224 -0.054370635 -0.0065625
v -0.001567845 -0.052902285 -0.0065625
v -0.0016509 -0.052998075 -0.0065625
v -0.001764915 -0.05367297 -0.0065625
v -0.001760745 -0.05322171 -0.0065625
v -0.001798005 -0.05345658 -0.0065625
v 0.00642774 -0.048178875 -0.0065625
v 0.00633759 -0.04689711 -0.0065625
v 0.007519695 -0.0356394 -0.0065625
v 0.00629301 -0.04561296 -0.0065625
v 0.007209345 -0.03688629 -0.0065625
v 0.00628227 -0.045312495 -0.0065625
v 0.00713175 -0.0371913 -0.0065625
v 0.006209355 -0.04501446 -0.0065625
v 0.00699078 -0.03747363 -0.0065625
v 0.00606828 -0.044737275 -0.0065625
v 0.006785355 -0.0377148 -0.0065625
v 0.005848905 -0.044510565 -0.0065625
v 0.00651291 -0.03788487 -0.0065625
v 0.005566035 -0.04436133 -0.0065625
v 0.006206985 -0.03796146 -0.0065625
v 0.005251755 -0.044286855 -0.0065625
v 0.005899065 -0.037963755 -0.0065625
v 0.00560871 -0.03790311 -0.0065625
v 0.00492573 -0.04428594 -0.0065625
v 0.00518172 -0.03781962 -0.0065625
v 0.00444897 -0.044277915 -0.0065625
v 0.004741695 -0.037756965 -0.0065625
v 0.00397416 -0.044245335 -0.0065625
v 0.004288635 -0.0377151 -0.0065625
v 0.0035013 -0.0441882 -0.0065625
v 0.00382284 -0.037693665 -0.0065625
v 0.003031695 -0.044106675 -0.0065625
v 0.00334524 -0.03769143 -0.0065625
v 0.00256926 -0.0440013 -0.0065625
v 0.002853795 -0.03771108 -0.0065625
v 0.002105295 -0.04387089 -0.0065625
v 0.00234603 -0.03775584 -0.0065625
v 0.001629405 -0.04371402 -0.0065625
v 0.0018234 -0.03782391 -0.0065625
v 0.00113958 -0.043532025 -0.0065625
v 0.00128568 -0.037915515 -0.0065625
v 0.000639825 -0.043324455 -0.0065625
v 0.00072795 -0.03803691 -0.0065625
v 0.00012864 -0.043087335 -0.0065625
v 0.000146145 -0.038193375 -0.0065625
v -0.000395205 -0.04281729 -0.0065625
v -0.000457935 -0.03838251 -0.0065625
v -0.00093114 -0.042515835 -0.0065625
v -0.001083645 -0.038603565 -0.0065625
v -0.001478985 -0.04218348 -0.0065625
v -0.001730985 -0.03885651 -0.0065625
v -0.002038755 -0.041820225 -0.0065625
v -0.002227395 -0.04167513 -0.0065625
v -0.00195645 -0.038968575 -0.0065625
v -0.002363205 -0.041479125 -0.0065625
v -0.00212835 -0.03913851 -0.0065625
v -0.00243435 -0.041247615 -0.0065625
v -0.002238855 -0.039348255 -0.0065625
v -0.002280105 -0.03957981 -0.0065625
v -0.002428995 -0.04099611 -0.0065625
v -0.002360145 -0.040287375 -0.0065625
v 0.008408415 -0.02627364 -0.0065625
v 0.007925925 -0.03348612 -0.0065625
v 0.007778445 -0.033199575 -0.0065625
v 0.00754743 -0.03297342 -0.0065625
v 0.00797205 -0.026109315 -0.0065625
v 0.007274145 -0.032812365 -0.0065625
v 0.00698382 -0.03271974 -0.0065625
v 0.00751851 -0.0259596 -0.0065625
v 0.006532875 -0.03256479 -0.0065625
v 0.007045035 -0.025826415 -0.0065625
v 0.00609138 -0.032387085 -0.0065625
v 0.006548295 -0.025712085 -0.0065625
v 0.00565932 -0.03218661 -0.0065625
v 0.00603021 -0.02561532 -0.0065625
v 0.005237895 -0.031963965 -0.0065625
v 0.005490495 -0.02553627 -0.0065625
v 0.004830645 -0.031720845 -0.0065625
v 0.004922565 -0.02547939 -0.0065625
v 0.004429695 -0.031453455 -0.0065625
v 0.004025565 -0.031157205 -0.0065625
v 0.00432087 -0.025448385 -0.0065625
v 0.00361596 -0.03083274 -0.0065625
v 0.003687915 -0.025441605 -0.0065625
v 0.003204795 -0.0304809 -0.0065625
v 0.002791905 -0.030097425 -0.0065625
v 0.003024525 -0.02545848 -0.0065625
v 0.002377155 -0.029678715 -0.0065625
v 0.0023307 -0.02549901 -0.0065625
v 0.001960605 -0.029226405 -0.0065625
v 0.00218997 -0.02551239 -0.0065625
v 0.002062155 -0.02554299 -0.0065625
v 0.00154227 -0.02874102 -0.0065625
v 0.001844145 -0.025660365 -0.0065625
v 0.00168297 -0.02582661 -0.0065625
v 0.001584945 -0.02601723 -0.0065625
v 0.001290165 -0.026665425 -0.0065625
v 0.001122165 -0.02822256 -0.0065625
v 0.001005675 -0.027318195 -0.0065625
v 0.00104106 -0.02811579 -0.0065625
v 0.00097884 -0.02800311 -0.0065625
v 0.0009111 -0.027760035 -0.0065625
v 0.000932235 -0.02752203 -0.0065625
v 0.01311225 -0.02302818 -0.0065625
v 0.01296279 -0.02275533 -0.0065625
v 0.01331493 -0.015062265 -0.0065625
v 0.01275732 -0.02252964 -0.0065625
v 0.01251534 -0.022355625 -0.0065625
v 0.01279236 -0.014832675 -0.0065625
v 0.012134355 -0.0220689 -0.0065625
v 0.011769375 -0.021763455 -0.0065625
v 0.012229695 -0.01461726 -0.0065625
v 0.0114204 -0.02143929 -0.0065625
v 0.011629815 -0.014415225 -0.0065625
v 0.011088405 -0.02109732 -0.0065625
v 0.010776225 -0.020740245 -0.0065625
v 0.01099368 -0.01422627 -0.0065625
v 0.010477515 -0.020362035 -0.0065625
v 0.010184715 -0.0199554 -0.0065625
v 0.01032129 -0.01405041 -0.0065625
v 0.00989544 -0.01952025 -0.0065625
v 0.00961311 -0.01905858 -0.0065625
v 0.010077645 -0.014008755 -0.0065625
v 0.009843165 -0.01404135 -0.0065625
v 0.00933894 -0.01856628 -0.0065625
v 0.00963039 -0.01414407 -0.0065625
v 0.009073875 -0.0180399 -0.0065625
v 0.00945189 -0.014312805 -0.0065625
v 0.00881748 -0.017481 -0.0065625
v 0.008971245 -0.014838195 -0.0065625
v 0.00856962 -0.016890105 -0.0065625
v 0.008498955 -0.0153711 -0.0065625
v 0.00833028 -0.0162672 -0.0065625
v 0.00834954 -0.015566895 -0.0065625
v 0.00826188 -0.01602462 -0.0065625
v 0.00826941 -0.015787965 -0.0065625
v 0.017576595 -0.0181137 -0.0065625
v 0.016677855 -0.026838615 -0.0065625
v 0.0167877 -0.02647671 -0.0065625
v 0.0169215 -0.026122995 -0.0065625
v 0.01707933 -0.025781895 -0.0065625
v 0.01788846 -0.018132315 -0.0065625
v 0.017264955 -0.02544927 -0.0065625
v 0.018193785 -0.018056355 -0.0065625
v 0.01746666 -0.02512929 -0.0065625
v 0.01767258 -0.024826605 -0.0065625
v 0.018472545 -0.01791099 -0.0065625
v 0.01788498 -0.0245403 -0.0065625
v 0.01871223 -0.01771146 -0.0065625
v 0.01810638 -0.024269415 -0.0065625
v 0.01833681 -0.02401395 -0.0065625
v 0.019696215 -0.016885125 -0.0065625
v 0.01957461 -0.02267142 -0.0065625
v 0.02070891 -0.01609425 -0.0065625
v 0.02087697 -0.02140902 -0.0065625
v 0.02094054 -0.015913185 -0.0065625
v 0.02113542 -0.01568748 -0.0065625
v 0.02127711 -0.0154212 -0.0065625
v 0.021338895 -0.015120405 -0.0065625
v 0.022043745 -0.006006405 -0.0065625
v 0.02259036 -0.00638268 -0.0065625
v 0.021305325 -0.01480713 -0.0065625
v 0.02125476 -0.01465029 -0.0065625
v 0.02118387 -0.014499285 -0.0065625
v 0.021091905 -0.014351925 -0.0065625
v 0.021458595 -0.005631375 -0.0065625
v 0.02097882 -0.01420809 -0.0065625
v 0.02070507 -0.01381767 -0.0065625
v 0.02045235 -0.013414395 -0.0065625
v 0.021240285 -0.005516655 -0.0065625
v 0.02022063 -0.012998265 -0.0065625
v 0.02100768 -0.00547497 -0.0065625
v 0.02077356 -0.00550671 -0.0065625
v 0.02001057 -0.01257042 -0.0065625
v 0.020550675 -0.005612265 -0.0065625
v 0.019824 -0.01213437 -0.0065625
v 0.01993119 -0.0059634 -0.0065625
v 0.01965678 -0.01168236 -0.0065625
v 0.019503975 -0.01120515 -0.0065625
v 0.01936332 -0.0107019 -0.0065625
v 0.019317345 -0.006324285 -0.0065625
v 0.019237485 -0.01017558 -0.0065625
v 0.019128855 -0.00962265 -0.0065625
v 0.01903941 -0.009040125 -0.0065625
v 0.01896828 -0.008429355 -0.0065625
v 0.019114035 -0.006465195 -0.0065625
v 0.01891515 -0.007790775 -0.0065625
v 0.01896999 -0.00664962 -0.0065625
v 0.018880005 -0.0071244 -0.0065625
v 0.018890295 -0.00687141 -0.0065625
v 0.02224386 -0.02022675 -0.0065625
v 0.02309844 -0.0067602 -0.0065625
v 0.023566995 -0.00713895 -0.0065625
v 0.02399304 -0.00751878 -0.0065625
v 0.023678865 -0.019122225 -0.0065625
v 0.024383205 -0.007899975 -0.0065625
v 0.02474547 -0.00828279 -0.0065625
v 0.025080135 -0.008667255 -0.0065625
v 0.0251829 -0.01809483 -0.0065625
v 0.025384905 -0.00905331 -0.0065625
v 0.025663815 -0.009441 -0.0065625
v 0.025920255 -0.00983043 -0.0065625
v 0.026152695 -0.01022157 -0.0065625
v 0.02674137 -0.017154315 -0.0065625
v 0.02636064 -0.01061439 -0.0065625
v 0.02654409 -0.011008905 -0.0065625
v 0.026658135 -0.01126554 -0.0065625
v 0.026831595 -0.01150836 -0.0065625
v 0.02706516 -0.011713815 -0.0065625
v 0.027360825 -0.01184367 -0.0065625
v 0.0283434 -0.016308465 -0.0065625
v 0.02768349 -0.011875215 -0.0065625
v 0.027847905 -0.01185867 -0.0065625
v 0.02800494 -0.01182594 -0.0065625
v 0.028307535 -0.01170618 -0.0065625
v 0.0294987 -0.01122435 -0.0065625
v 0.029999025 -0.015551985 -0.0065625
v 0.03070623 -0.01078512 -0.0065625
v 0.031695705 -0.01488945 -0.0065625
v 0.0310041 -0.01067541 -0.0065625
v 0.03127551 -0.01049913 -0.0065625
v 0.03149757 -0.01026192 -0.0065625
v 0.03163281 -0.009972285 -0.0065625
v 0.03167217 -0.009658785 -0.0065625
v 0.033097185 -0.00090978 -0.0065625
v 0.03379485 -0.000767265 -0.0065625
v 0.03240186 -0.00106332 -0.0065625
v 0.03163857 -0.00935304 -0.0065625
v 0.03154578 -0.009074685 -0.0065625
v 0.03218637 -0.001123275 -0.0065625
v 0.031406085 -0.00861879 -0.0065625
v 0.031290345 -0.00815715 -0.0065625
v 0.03198795 -0.00125256 -0.0065625
v 0.031198575 -0.00768978 -0.0065625
v 0.03183069 -0.00144369 -0.0065625
v 0.03177708 -0.001559445 -0.0065625
v 0.03173868 -0.001689135 -0.0065625
v 0.031130985 -0.00721797 -0.0065625
v 0.03156618 -0.00233376 -0.0065625
v 0.031088295 -0.00674559 -0.0065625
v 0.031419375 -0.00295749 -0.0065625
v 0.03106896 -0.006264045 -0.0065625
v 0.031298295 -0.003560355 -0.0065625
v 0.03107109 -0.00576297 -0.0065625
v 0.031092825 -0.00524088 -0.0065625
v 0.031203345 -0.004141995 -0.0065625
v 0.031135785 -0.004701435 -0.0065625
v 0.033417105 -0.014327415 -0.0065625
v 0.03402114 -0.000734235 -0.0065625
v 0.034259535 -0.000776115 -0.0065625
v 0.03447999 -0.000888255 -0.0065625
v 0.034652445 -0.001066005 -0.0065625
v 0.035093055 -0.0016035 -0.0065625
v 0.03516429 -0.01386549 -0.0065625
v 0.03549663 -0.00213027 -0.0065625
v 0.035863185 -0.00264633 -0.0065625
v 0.036191775 -0.00315132 -0.0065625
v 0.036479595 -0.00364422 -0.0065625
v 0.03694122 -0.01350204 -0.0065625
v 0.03673287 -0.004127325 -0.0065625
v 0.0369591 -0.00460335 -0.0065625
v 0.037158585 -0.00507243 -0.0065625
v 0.03732915 -0.005533755 -0.0065625
v 0.037474605 -0.00598866 -0.0065625
v 0.037598145 -0.006438285 -0.0065625
v 0.037698345 -0.006882105 -0.0065625
v 0.037860975 -0.00805578 -0.0065625
v 0.038747895 -0.013237095 -0.0065625
v 0.037774725 -0.007319955 -0.0065625
v 0.03782727 -0.00775185 -0.0065625
v 0.037962615 -0.008352855 -0.0065625
v 0.03813888 -0.00862224 -0.0065625
v 0.03826317 -0.008735535 -0.0065625
v 0.03840192 -0.008830455 -0.0065625
v 0.038702235 -0.008942745 -0.0065625
v 0.03900516 -0.008981535 -0.0065625
v 0.039288945 -0.00895992 -0.0065625
v 0.039228795 -0.01318227 -0.0065625
v 0.039755055 -0.01316274 -0.0065625
v 0.04057071 -0.00886977 -0.0065625
v 0.040323735 -0.01318407 -0.0065625
v 0.040617735 -0.01322685 -0.0065625
v 0.04092012 -0.013288875 -0.0065625
v 0.04121904 -0.01337304 -0.0065625
v 0.04185486 -0.00882519 -0.0065625
v 0.04150725 -0.013482 -0.0065625
v 0.04215042 -0.00881508 -0.0065625
v 0.04179045 -0.01361478 -0.0065625
v 0.04244622 -0.008744025 -0.0065625
v 0.04206099 -0.013769565 -0.0065625
v 0.04272363 -0.00860526 -0.0065625
v 0.042312255 -0.01394556 -0.0065625
v 0.042952605 -0.008387265 -0.0065625
v 0.04254801 -0.014144415 -0.0065625
v 0.04310442 -0.008103765 -0.0065625
v 0.043180665 -0.007787325 -0.0065625
v 0.04346652 -0.00510144 -0.0065625
v 0.043596915 -0.004637475 -0.0065625
v 0.043361145 -0.005563875 -0.0065625
v 0.04318188 -0.00745791 -0.0065625
v 0.043189905 -0.00698115 -0.0065625
v 0.04327962 -0.00603348 -0.0065625
v 0.043222485 -0.00650634 -0.0065625
v 0.04276533 -0.01436214 -0.0065625
v 0.043753785 -0.004161585 -0.0065625
v 0.043935795 -0.003671775 -0.0065625
v 0.04296063 -0.014595345 -0.0065625
v 0.044143365 -0.003172005 -0.0065625
v 0.044380485 -0.00266082 -0.0065625
v 0.043135305 -0.01484778 -0.0065625
v 0.04465053 -0.002136975 -0.0065625
v 0.043288845 -0.01511322 -0.0065625
v 0.043419945 -0.015384165 -0.0065625
v 0.044951985 -0.00160104 -0.0065625
v 0.043527795 -0.01566444 -0.0065625
v 0.04368234 -0.01623426 -0.0065625
v 0.04528434 -0.001053195 -0.0065625
v 0.04375638 -0.016802835 -0.0065625
v 0.04378368 -0.017346345 -0.0065625
v 0.04376868 -0.01786113 -0.0065625
v 0.04374063 -0.018532695 -0.0065625
v 0.04369365 -0.01925493 -0.0065625
v 0.04362777 -0.020031345 -0.0065625
v 0.075924945 -0.029395395 -0.0065625
v 0.07676592 -0.0218955 -0.0065625
v 0.07617639 -0.02920461 -0.0065625
v 0.076458915 -0.02907627 -0.0065625
v 0.07729224 -0.021769665 -0.0065625
v 0.076853415 -0.02889282 -0.0065625
v 0.07784517 -0.021661035 -0.0065625
v 0.07724625 -0.02868489 -0.0065625
v 0.07763739 -0.028452435 -0.0065625
v 0.078427695 -0.021571605 -0.0065625
v 0.07802682 -0.028195995 -0.0065625
v 0.079038465 -0.02150046 -0.0065625
v 0.07841451 -0.027917085 -0.0065625
v 0.07880055 -0.027612315 -0.0065625
v 0.07967703 -0.02144733 -0.0065625
v 0.07918503 -0.02727765 -0.0065625
v 0.079567845 -0.026915385 -0.0065625
v 0.08034342 -0.021412185 -0.0065625
v 0.07994904 -0.02652522 -0.0065625
v 0.08059071 -0.02142027 -0.0065625
v 0.08032887 -0.026099175 -0.0065625
v 0.080821245 -0.021506805 -0.0065625
v 0.080707605 -0.02563062 -0.0065625
v 0.0810129 -0.02165538 -0.0065625
v 0.081143535 -0.021849525 -0.0065625
v 0.08108514 -0.02512254 -0.0065625
v 0.08150442 -0.02246337 -0.0065625
v 0.081461415 -0.024575925 -0.0065625
v 0.081855555 -0.023082855 -0.0065625
v 0.081836445 -0.023990775 -0.0065625
v 0.0819537 -0.02327862 -0.0065625
v 0.08190705 -0.023873535 -0.0065625
v 0.081956835 -0.02375502 -0.0065625
v 0.081991695 -0.02351016 -0.0065625
v 0.073493355 -0.06361206 -0.0065625
v 0.07678986 -0.033529875 -0.0065625
v 0.07366218 -0.06334386 -0.0065625
v 0.076957875 -0.03379527 -0.0065625
v 0.0738918 -0.063114645 -0.0065625
v 0.07402809 -0.06301764 -0.0065625
v 0.077185035 -0.034014975 -0.0065625
v 0.07417335 -0.062946525 -0.0065625
v 0.07746933 -0.034157145 -0.0065625
v 0.07449342 -0.062875905 -0.0065625
v 0.07778199 -0.03420474 -0.0065625
v 0.07480248 -0.062903835 -0.0065625
v 0.07809561 -0.03417495 -0.0065625
v 0.07508472 -0.06299823 -0.0065625
v 0.07532985 -0.063139635 -0.0065625
v 0.07839312 -0.034077975 -0.0065625
v 0.075710145 -0.063350985 -0.0065625
v 0.07884903 -0.033938265 -0.0065625
v 0.07610928 -0.063546555 -0.0065625
v 0.07848657 -0.0415245 -0.0065625
v 0.07697703 -0.05589348 -0.0065625
v 0.07852968 -0.04121604 -0.0065625
v 0.07931067 -0.033822525 -0.0065625
v 0.07864572 -0.0409182 -0.0065625
v 0.078849345 -0.040667175 -0.0065625
v 0.07977804 -0.033730755 -0.0065625
v 0.079112805 -0.04049553 -0.0065625
v 0.07940757 -0.04039455 -0.0065625
v 0.08024985 -0.033663165 -0.0065625
v 0.07971597 -0.04035945 -0.0065625
v 0.08072223 -0.033620475 -0.0065625
v 0.080147865 -0.040306905 -0.0065625
v 0.081203775 -0.03360114 -0.0065625
v 0.080585715 -0.040230525 -0.0065625
v 0.08170485 -0.03360327 -0.0065625
v 0.081029535 -0.040130325 -0.0065625
v 0.08147916 -0.040006785 -0.0065625
v 0.08222694 -0.033625005 -0.0065625
v 0.081934065 -0.03986133 -0.0065625
v 0.08276637 -0.033667965 -0.0065625
v 0.08239539 -0.039690765 -0.0065625
v 0.083325825 -0.033735525 -0.0065625
v 0.08286447 -0.03949128 -0.0065625
v 0.083907465 -0.033830475 -0.0065625
v 0.083340495 -0.03926505 -0.0065625
v 0.0838236 -0.039011775 -0.0065625
v 0.08451033 -0.03395157 -0.0065625
v 0.0843165 -0.038723955 -0.0065625
v 0.08513406 -0.03409836 -0.0065625
v 0.08482149 -0.038395365 -0.0065625
v 0.08533755 -0.03802881 -0.0065625
v 0.085778685 -0.03427086 -0.0065625
v 0.08586432 -0.037625235 -0.0065625
v 0.085991295 -0.03434412 -0.0065625
v 0.08618076 -0.03448293 -0.0065625
v 0.086325645 -0.0346815 -0.0065625
v 0.086401815 -0.037184625 -0.0065625
v 0.086372835 -0.034800885 -0.0065625
v 0.0864045 -0.03493404 -0.0065625
v 0.086558025 -0.035629365 -0.0065625
v 0.086505255 -0.03709413 -0.0065625
v 0.086589225 -0.036996945 -0.0065625
v 0.086700555 -0.03632703 -0.0065625
v 0.08669775 -0.0367791 -0.0065625
v 0.086733 -0.036549615 -0.0065625
v 0.076957035 -0.056207295 -0.0065625
v 0.0785079 -0.041821125 -0.0065625
v 0.07706151 -0.05559567 -0.0065625
v 0.07859805 -0.04310289 -0.0065625
v 0.077415945 -0.0543606 -0.0065625
v 0.07864263 -0.04438704 -0.0065625
v 0.077726295 -0.05311371 -0.0065625
v 0.078652815 -0.044684415 -0.0065625
v 0.077798925 -0.05282034 -0.0065625
v 0.07872537 -0.04498269 -0.0065625
v 0.077939745 -0.05253567 -0.0065625
v 0.07803591 -0.052400085 -0.0065625
v 0.07886727 -0.04526235 -0.0065625
v 0.07815102 -0.05228505 -0.0065625
v 0.07828848 -0.05218695 -0.0065625
v 0.079090455 -0.045492015 -0.0065625
v 0.078437685 -0.05210952 -0.0065625
v 0.07937574 -0.045640755 -0.0065625
v 0.078749805 -0.05203656 -0.0065625
v 0.079689195 -0.04571385 -0.0065625
v 0.079053345 -0.052037925 -0.0065625
v 0.07932693 -0.05209689 -0.0065625
v 0.08000991 -0.04571406 -0.0065625
v 0.07975392 -0.05218038 -0.0065625
v 0.08048667 -0.045722085 -0.0065625
v 0.080193945 -0.052243035 -0.0065625
v 0.08096148 -0.045754665 -0.0065625
v 0.080647005 -0.0522849 -0.0065625
v 0.08143434 -0.0458118 -0.0065625
v 0.0811128 -0.052306335 -0.0065625
v 0.081903945 -0.045893325 -0.0065625
v 0.0815904 -0.05230857 -0.0065625
v 0.08236638 -0.0459987 -0.0065625
v 0.082081845 -0.05228892 -0.0065625
v 0.082830345 -0.04612911 -0.0065625
v 0.08258961 -0.05224416 -0.0065625
v 0.083306235 -0.04628598 -0.0065625
v 0.08311224 -0.05217609 -0.0065625
v 0.083796045 -0.046467975 -0.0065625
v 0.08364996 -0.052084485 -0.0065625
v 0.084295815 -0.046675545 -0.0065625
v 0.084207675 -0.05196309 -0.0065625
v 0.084807 -0.046912665 -0.0065625
v 0.084789495 -0.051806625 -0.0065625
v 0.085330845 -0.04718271 -0.0065625
v 0.08539356 -0.05161749 -0.0065625
v 0.08586678 -0.047484165 -0.0065625
v 0.08601927 -0.051396435 -0.0065625
v 0.086414625 -0.04781652 -0.0065625
v 0.086666625 -0.05114349 -0.0065625
v 0.086974395 -0.048179775 -0.0065625
v 0.087157905 -0.04831947 -0.0065625
v 0.086893065 -0.051030645 -0.0065625
v 0.087294315 -0.0485112 -0.0065625
v 0.08706486 -0.05086038 -0.0065625
v 0.08736831 -0.04874325 -0.0065625
v 0.087174795 -0.050650845 -0.0065625
v 0.08737584 -0.04886973 -0.0065625
v 0.087215745 -0.05042019 -0.0065625
v 0.087364635 -0.04900389 -0.0065625
v 0.087295785 -0.049712625 -0.0065625
v 0.076527225 -0.06372636 -0.0065625
v 0.07701111 -0.05651868 -0.0065625
v 0.077155155 -0.05679795 -0.0065625
v 0.077380875 -0.057021645 -0.0065625
v 0.07696359 -0.063890685 -0.0065625
v 0.077653515 -0.057183735 -0.0065625
v 0.077951805 -0.05728026 -0.0065625
v 0.077417115 -0.0640404 -0.0065625
v 0.078402765 -0.05743521 -0.0065625
v 0.07789059 -0.064173585 -0.0065625
v 0.07884426 -0.057612915 -0.0065625
v 0.07838733 -0.064287915 -0.0065625
v 0.07927632 -0.05781339 -0.0065625
v 0.07890543 -0.06438468 -0.0065625
v 0.079697745 -0.058036035 -0.0065625
v 0.07944513 -0.06446373 -0.0065625
v 0.080104995 -0.058279155 -0.0065625
v 0.080013075 -0.06452061 -0.0065625
v 0.080505945 -0.058546545 -0.0065625
v 0.080910075 -0.058842795 -0.0065625
v 0.08061477 -0.064551615 -0.0065625
v 0.081319665 -0.05916726 -0.0065625
v 0.08124771 -0.064558395 -0.0065625
v 0.08173083 -0.0595191 -0.0065625
v 0.08214372 -0.059902575 -0.0065625
v 0.081911115 -0.06454152 -0.0065625
v 0.082558485 -0.060321285 -0.0065625
v 0.08260494 -0.06450099 -0.0065625
v 0.082975035 -0.060773595 -0.0065625
v 0.082854825 -0.064463985 -0.0065625
v 0.083393355 -0.06125898 -0.0065625
v 0.08307267 -0.064352985 -0.0065625
v 0.083243115 -0.06418644 -0.0065625
v 0.083350695 -0.06398277 -0.0065625
v 0.083645475 -0.063334575 -0.0065625
v 0.083813475 -0.06177744 -0.0065625
v 0.083929965 -0.062681805 -0.0065625
v 0.083943495 -0.06196254 -0.0065625
v 0.084013935 -0.06219513 -0.0065625
v 0.084013275 -0.062444955 -0.0065625
v 0.07181304 -0.06694374 -0.0065625
v 0.071958195 -0.067223595 -0.0065625
v 0.07162071 -0.074937735 -0.0065625
v 0.07216665 -0.067460415 -0.0065625
v 0.0724203 -0.067644375 -0.0065625
v 0.07214328 -0.075167325 -0.0065625
v 0.072801285 -0.0679311 -0.0065625
v 0.073166265 -0.068236545 -0.0065625
v 0.072705945 -0.07538274 -0.0065625
v 0.073515225 -0.06856071 -0.0065625
v 0.07330581 -0.075584775 -0.0065625
v 0.073847235 -0.06890268 -0.0065625
v 0.074159415 -0.069259755 -0.0065625
v 0.07394196 -0.07577373 -0.0065625
v 0.07445811 -0.069637965 -0.0065625
v 0.074750925 -0.0700446 -0.0065625
v 0.07461435 -0.07594959 -0.0065625
v 0.0750402 -0.07047975 -0.0065625
v 0.07532253 -0.07094142 -0.0065625
v 0.07486056 -0.075991515 -0.0065625
v 0.075099465 -0.075955575 -0.0065625
v 0.0755967 -0.071433735 -0.0065625
v 0.075313155 -0.075851055 -0.0065625
v 0.075861765 -0.0719601 -0.0065625
v 0.07548375 -0.075687195 -0.0065625
v 0.07611816 -0.072518985 -0.0065625
v 0.075964395 -0.075161805 -0.0065625
v 0.07636602 -0.073109895 -0.0065625
v 0.076436685 -0.0746289 -0.0065625
v 0.07660536 -0.0737328 -0.0065625
v 0.07658565 -0.07443579 -0.0065625
v 0.076672995 -0.073960035 -0.0065625
v 0.07666542 -0.074203605 -0.0065625
v 0.063654375 -0.075271545 -0.0065625
v 0.06378057 -0.075552345 -0.0065625
v 0.06347703 -0.08436864 -0.0065625
v 0.06395682 -0.07579191 -0.0065625
v 0.06423057 -0.07618233 -0.0065625
v 0.06448329 -0.076585605 -0.0065625
v 0.06369483 -0.08448402 -0.0065625
v 0.064714995 -0.077001735 -0.0065625
v 0.0639387 -0.084522915 -0.0065625
v 0.064178715 -0.084489435 -0.0065625
v 0.06492507 -0.07742958 -0.0065625
v 0.064384965 -0.084387735 -0.0065625
v 0.06511164 -0.07786563 -0.0065625
v 0.06500445 -0.0840366 -0.0065625
v 0.065278845 -0.07831764 -0.0065625
v 0.065431665 -0.07879485 -0.0065625
v 0.06557232 -0.0792981 -0.0065625
v 0.065618295 -0.083675715 -0.0065625
v 0.065698155 -0.07982442 -0.0065625
v 0.065806785 -0.08037735 -0.0065625
v 0.065896215 -0.080959875 -0.0065625
v 0.06596736 -0.081570645 -0.0065625
v 0.065824935 -0.08353218 -0.0065625
v 0.06602049 -0.082209225 -0.0065625
v 0.06597033 -0.083338785 -0.0065625
v 0.06605562 -0.0828756 -0.0065625
v 0.06604905 -0.08311383 -0.0065625
v 0.053389845 -0.0809253 -0.0065625
v 0.052772565 -0.08886564 -0.0065625
v 0.053529555 -0.08138121 -0.0065625
v 0.053645295 -0.08184285 -0.0065625
v 0.05297403 -0.08872188 -0.0065625
v 0.053737065 -0.08231022 -0.0065625
v 0.05312115 -0.08852907 -0.0065625
v 0.053196945 -0.088310865 -0.0065625
v 0.053804655 -0.08278203 -0.0065625
v 0.05336946 -0.087666255 -0.0065625
v 0.053847345 -0.083254395 -0.0065625
v 0.05351625 -0.08704251 -0.0065625
v 0.05386668 -0.083735955 -0.0065625
v 0.053637345 -0.086439645 -0.0065625
v 0.05386455 -0.08423703 -0.0065625
v 0.053842815 -0.08475912 -0.0065625
v 0.053732295 -0.085858005 -0.0065625
v 0.053799855 -0.085298565 -0.0065625
v 0.04175376 -0.08254209 -0.0065625
v 0.041745735 -0.08301885 -0.0065625
v 0.04165602 -0.08396652 -0.0065625
v 0.041713155 -0.08349366 -0.0065625
v 0.03543162 -0.081571305 -0.0065625
v 0.035383335 -0.08618214 -0.0065625
v 0.03529173 -0.08564442 -0.0065625
v 0.03522366 -0.08512179 -0.0065625
v 0.0351789 -0.084614025 -0.0065625
v 0.03515925 -0.084122565 -0.0065625
v 0.03537093 -0.08185911 -0.0065625
v 0.035161485 -0.08364498 -0.0065625
v 0.03528744 -0.0822861 -0.0065625
v 0.03518292 -0.083179185 -0.0065625
v 0.035224785 -0.082726125 -0.0065625
v 0.04199907 -0.0403125 -0.009375
v 0.04199907 -0.0403125 -0.0065625
v 0.04204623 -0.040517235 -0.0065625
v 0.04204824 -0.04010496 -0.009375
v 0.04204824 -0.04052004 -0.009375
v 0.04217667 -0.04067919 -0.0065625
v 0.042175995 -0.0406773 -0.009375
v 0.04236408 -0.04076883 -0.0065625
v 0.042361935 -0.04076874 -0.009375
v 0.04257156 -0.04076883 -0.0065625
v 0.042573705 -0.04076874 -0.009375
v 0.04275897 -0.04067919 -0.0065625
v 0.04275963 -0.0406773 -0.009375
v 0.042889395 -0.040517235 -0.0065625
v 0.0428874 -0.04052004 -0.009375
v 0.04293657 -0.0403125 -0.0065625
v 0.04293657 -0.0403125 -0.009375
v 0.042889395 -0.040107765 -0.0065625
v 0.0428874 -0.04010496 -0.009375
v 0.04275897 -0.03994581 -0.0065625
v 0.04275963 -0.0399477 -0.009375
v 0.04257156 -0.03985617 -0.0065625
v 0.042573705 -0.03985626 -0.009375
v 0.04236408 -0.03985617 -0.0065625
v 0.042361935 -0.03985626 -0.009375
v 0.04217667 -0.03994581 -0.0065625
v 0.042175995 -0.0399477 -0.009375
v 0.04204623 -0.040107765 -0.0065625
v 0.0428874 -0.04010496 -0.009375
v 0.04204824 -0.04010496 -0.009375
v 0.04199907 -0.0403125 -0.009375
v 0.04275963 -0.0399477 -0.009375
v 0.04293657 -0.0403125 -0.009375
v 0.04204824 -0.04052004 -0.009375
v 0.0428874 -0.04052004 -0.009375
v 0.042175995 -0.0406773 -0.009375
v 0.04275963 -0.0406773 -0.009375
v 0.042361935 -0.04076874 -0.009375
v 0.042573705 -0.04076874 -0.009375
v 0.042175995 -0.0399477 -0.009375
v 0.042573705 -0.03985626 -0.009375
v 0.042361935 -0.03985626 -0.009375
f 1 2 3
f 1 4 2
f 1 3 5
f 6 1 5
f 6 5 7
f 8 6 7
f 8 7 9
f 8 9 10
f 11 8 10
f 11 10 12
f 13 11 12
f 14 13 12
f 15 14 12
f 15 12 16
f 15 16 17
f 16 18 17
f 15 17 19
f 20 15 19
f 20 19 21
f 20 21 22
f 23 20 22
f 23 22 24
f 25 23 24
f 25 24 26
f 27 25 26
f 27 26 28
f 29 27 28
f 30 29 28
f 31 30 28
f 32 31 28
f 33 32 28
f 33 34 32
f 35 33 28
f 35 28 36
f 35 36 37
f 38 37 36
f 39 38 36
f 39 36 40
f 39 40 41
f 42 39 41
f 42 41 43
f 44 42 43
f 44 43 45
f 46 44 45
f 46 45 47
f 48 46 47
f 48 47 49
f 50 48 49
f 50 49 51
f 50 51 52
f 53 50 52
f 53 52 54
f 53 54 55
f 56 53 55
f 56 55 57
f 58 56 57
f 58 57 59
f 60 58 59
f 60 59 61
f 62 60 61
f 62 61 63
f 64 62 63
f 64 63 65
f 66 64 65
f 66 65 67
f 68 66 67
f 68 67 69
f 70 68 69
f 70 69 71
f 72 70 71
f 72 71 73
f 74 72 73
f 74 73 75
f 76 74 75
f 76 75 77
f 76 77 78
f 77 79 78
f 76 78 80
f 76 80 81
f 82 76 81
f 82 81 83
f 82 83 84
f 85 82 84
f 85 84 86
f 87 85 86
f 88 87 86
f 89 88 86
f 89 86 90
f 91 89 90
f 91 90 92
f 91 92 93
f 91 93 94
f 91 94 95
f 91 95 96
f 97 91 96
f 97 96 98
f 97 98 99
f 97 99 100
f 97 100 101
f 102 97 101
f 102 101 103
f 102 103 104
f 105 102 104
f 105 104 106
f 105 106 107
f 108 105 107
f 108 107 109
f 110 108 109
f 110 109 111
f 112 110 111
f 112 111 113
f 112 113 114
f 113 115 114
f 116 112 114
f 116 114 117
f 116 117 118
f 116 118 119
f 120 116 119
f 120 119 121
f 122 120 121
f 123 122 121
f 124 123 121
f 124 121 125
f 121 126 125
f 124 125 127
f 128 124 127
f 129 128 127
f 130 129 127
f 131 130 127
f 132 131 127
f 132 127 133
f 132 133 134
f 132 134 135
f 132 135 136
f 137 132 136
f 137 136 138
f 136 139 138
f 140 137 138
f 140 138 141
f 142 140 141
f 143 142 141
f 143 141 144
f 145 143 144
f 146 145 144
f 146 144 147
f 148 146 147
f 148 147 149
f 150 148 149
f 151 150 149
f 151 149 152
f 151 152 153
f 154 151 153
f 154 153 155
f 154 155 156
f 154 156 157
f 158 154 157
f 158 157 159
f 158 159 160
f 158 160 161
f 161 160 162
f 158 161 163
f 164 158 163
f 164 163 165
f 164 165 166
f 164 166 167
f 168 164 167
f 168 167 169
f 170 168 169
f 170 169 171
f 172 170 171
f 172 171 173
f 172 173 174
f 175 172 174
f 175 174 176
f 177 175 176
f 177 176 178
f 177 178 179
f 180 177 179
f 180 179 181
f 180 181 182
f 183 180 182
f 183 182 184
f 185 183 184
f 185 184 186
f 185 186 187
f 188 185 187
f 188 187 189
f 190 188 189
f 190 189 191
f 190 191 192
f 193 190 192
f 193 192 194
f 195 193 194
f 195 194 196
f 195 196 197
f 198 195 197
f 198 197 199
f 200 198 199
f 200 199 201
f 202 200 201
f 203 202 201
f 203 201 204
f 205 203 204
f 205 204 206
f 207 205 206
f 208 207 206
f 208 206 209
f 210 208 209
f 210 209 211
f 212 210 211
f 212 211 213
f 214 212 213
f 214 213 215
f 216 214 215
f 216 215 217
f 218 216 217
f 218 217 219
f 220 218 219
f 220 219 221
f 222 220 221
f 222 221 223
f 224 222 223
f 224 223 225
f 226 224 225
f 226 225 227
f 228 226 227
f 228 227 229
f 230 228 229
f 230 229 231
f 232 230 231
f 232 231 233
f 234 232 233
f 235 234 233
f 235 233 236
f 237 235 236
f 237 236 238
f 239 237 238
f 240 239 238
f 241 240 238
f 241 238 242
f 243 241 242
f 244 243 242
f 245 244 242
f 246 245 242
f 247 246 242
f 247 242 248
f 248 242 249
f 250 247 248
f 248 251 250
f 252 250 251
f 253 252 251
f 254 253 251
f 254 251 255
f 256 254 255
f 257 256 255
f 258 257 255
f 259 258 255
f 259 255 260
f 261 259 260
f 262 261 260
f 263 262 260
f 264 263 260
f 264 260 265
f 266 264 265
f 267 266 265
f 268 267 265
f 269 268 265
f 269 265 270
f 271 269 270
f 271 270 272
f 273 271 272
f 274 273 272
f 274 272 275
f 276 274 275
f 276 275 277
f 278 276 277
f 278 277 279
f 280 278 279
f 280 279 281
f 282 280 281
f 282 281 283
f 284 282 283
f 284 283 285
f 286 284 285
f 286 285 287
f 288 286 287
f 288 287 289
f 290 288 289
f 290 289 291
f 290 291 292
f 290 292 293
f 290 293 294
f 290 294 295
f 34 290 295
f 34 295 296
f 34 296 32
f 297 248 249
f 297 249 298
f 297 298 299
f 300 297 299
f 300 299 301
f 302 300 301
f 302 301 303
f 302 303 304
f 305 302 304
f 305 304 306
f 307 305 306
f 307 306 308
f 307 308 309
f 310 307 309
f 310 309 311
f 310 311 312
f 313 310 312
f 313 312 314
f 315 313 314
f 315 314 316
f 315 316 317
f 318 315 317
f 318 317 319
f 318 319 320
f 321 318 320
f 321 320 322
f 321 322 323
f 321 323 324
f 325 321 324
f 325 324 326
f 325 326 327
f 325 327 328
f 329 325 328
f 329 328 330
f 329 330 331
f 329 331 332
f 329 332 333
f 329 333 334
f 335 329 334
f 335 334 336
f 335 336 337
f 335 337 338
f 335 338 339
f 335 339 340
f 341 335 340
f 341 340 342
f 341 342 343
f 341 343 344
f 341 344 345
f 344 346 345
f 341 345 347
f 348 341 347
f 348 347 349
f 348 349 350
f 350 349 351
f 348 350 352
f 348 352 353
f 348 353 354
f 348 354 355
f 356 348 355
f 356 355 357
f 356 357 358
f 356 358 359
f 360 356 359
f 360 359 361
f 360 361 362
f 360 362 363
f 364 360 363
f 364 363 365
f 364 365 366
f 364 366 367
f 368 364 367
f 368 367 369
f 368 369 370
f 368 370 371
f 368 371 372
f 368 372 373
f 374 368 373
f 375 374 373
f 375 376 374
f 377 375 373
f 377 373 378
f 379 377 378
f 379 378 380
f 379 380 381
f 379 381 382
f 381 383 382
f 384 379 382
f 385 384 382
f 386 385 382
f 386 382 387
f 388 386 387
f 389 388 387
f 390 389 387
f 391 390 387
f 391 387 392
f 393 391 392
f 394 393 392
f 394 392 395
f 396 394 395
f 396 395 397
f 398 396 397
f 398 397 399
f 400 399 397
f 400 397 401
f 402 400 401
f 403 402 401
f 403 401 404
f 403 404 405
f 406 403 405
f 406 405 407
f 406 407 408
f 406 408 409
f 410 406 409
f 410 409 411
f 410 411 412
f 411 413 412
f 410 412 414
f 415 410 414
f 415 414 416
f 417 415 416
f 417 416 418
f 419 417 418
f 419 418 420
f 421 419 420
f 421 420 422
f 423 421 422
f 423 422 424
f 425 423 424
f 425 424 426
f 427 425 426
f 428 427 426
f 429 428 426
f 429 426 430
f 431 429 430
f 432 431 430
f 433 432 430
f 434 433 430
f 434 430 435
f 436 434 435
f 436 435 437
f 436 437 438
f 436 438 439
f 436 439 440
f 441 436 440
f 441 440 442
f 441 442 443
f 441 443 444
f 441 444 445
f 441 445 446
f 447 441 446
f 447 446 448
f 447 448 449
f 447 449 450
f 451 447 450
f 451 450 452
f 451 452 453
f 451 453 454
f 451 454 455
f 451 455 456
f 451 456 457
f 458 451 457
f 458 457 459
f 458 459 460
f 458 460 461
f 458 461 462
f 458 462 463
f 464 458 463
f 464 463 465
f 464 465 466
f 464 466 467
f 464 467 468
f 469 464 468
f 469 468 470
f 468 471 470
f 469 470 472
f 469 472 473
f 469 473 474
f 469 474 475
f 469 475 476
f 477 469 476
f 477 476 478
f 479 477 478
f 479 478 480
f 479 480 481
f 479 481 482
f 479 482 483
f 479 483 484
f 479 484 485
f 479 485 486
f 487 479 486
f 487 486 488
f 487 488 489
f 487 489 490
f 487 490 491
f 487 491 492
f 493 487 492
f 493 492 494
f 493 494 495
f 493 495 496
f 493 496 497
f 498 493 497
f 498 497 499
f 498 499 500
f 498 500 501
f 502 498 501
f 502 501 503
f 502 503 504
f 502 504 505
f 504 506 505
f 502 505 507
f 502 507 508
f 509 502 508
f 509 508 510
f 509 510 511
f 512 509 511
f 512 511 513
f 512 513 514
f 515 512 514
f 515 514 516
f 515 516 517
f 515 517 518
f 515 518 519
f 515 519 520
f 521 515 520
f 521 520 522
f 523 521 522
f 523 522 524
f 525 523 524
f 525 524 526
f 527 525 526
f 528 527 526
f 528 526 529
f 530 528 529
f 531 530 529
f 532 531 529
f 532 529 533
f 534 532 533
f 535 534 533
f 535 536 534
f 537 535 533
f 537 533 538
f 539 537 538
f 539 538 540
f 541 539 540
f 541 540 542
f 543 541 542
f 544 543 542
f 544 542 545
f 546 544 545
f 546 545 547
f 548 546 547
f 549 548 547
f 549 547 550
f 551 549 550
f 551 550 552
f 550 553 552
f 554 551 552
f 554 552 555
f 554 555 556
f 557 554 556
f 557 556 558
f 559 557 558
f 559 558 560
f 561 559 560
f 562 561 560
f 563 562 560
f 564 563 560
f 565 564 560
f 565 560 566
f 560 567 566
f 565 566 568
f 569 565 568
f 570 569 568
f 570 568 571
f 570 571 572
f 570 572 573
f 574 570 573
f 574 573 575
f 573 576 575
f 577 574 575
f 577 575 578
f 579 577 578
f 579 578 580
f 579 580 581
f 582 579 581
f 582 581 583
f 582 583 584
f 585 582 584
f 585 584 586
f 585 586 587
f 585 587 588
f 589 585 588
f 589 588 590
f 589 590 591
f 589 591 592
f 589 592 593
f 594 589 593
f 594 593 595
f 594 595 596
f 594 596 597
f 594 597 598
f 599 594 598
f 599 598 600
f 601 599 600
f 601 600 602
f 601 602 603
f 601 603 604
f 601 604 605
f 606 601 605
f 606 605 607
f 606 607 608
f 607 609 608
f 610 606 608
f 611 610 608
f 611 608 612
f 613 611 612
f 614 613 612
f 614 612 615
f 616 614 615
f 616 615 617
f 618 616 617
f 619 618 617
f 619 617 620
f 621 619 620
f 621 620 622
f 621 622 623
f 624 621 623
f 624 623 625
f 624 625 626
f 627 624 626
f 627 626 628
f 629 627 628
f 629 628 630
f 631 629 630
f 631 630 632
f 633 631 632
f 633 632 634
f 633 634 635
f 636 633 635
f 636 635 637
f 638 636 637
f 638 637 639
f 640 638 639
f 640 639 641
f 642 640 641
f 642 641 643
f 644 642 643
f 644 643 645
f 644 645 646
f 647 644 646
f 647 646 648
f 649 647 648
f 650 649 648
f 651 650 648
f 651 648 652
f 653 651 652
f 654 653 652
f 654 652 655
f 656 654 655
f 656 655 657
f 656 657 658
f 658 657 659
f 656 658 660
f 656 660 661
f 656 661 662
f 656 662 663
f 656 663 664
f 665 656 664
f 665 664 666
f 665 666 667
f 665 667 668
f 669 665 668
f 669 668 670
f 669 670 671
f 672 669 671
f 672 671 673
f 672 673 674
f 675 672 674
f 675 674 676
f 675 676 677
f 678 675 677
f 678 677 679
f 678 679 680
f 681 678 680
f 681 680 682
f 683 681 682
f 684 683 682
f 684 682 685
f 686 684 685
f 687 686 685
f 687 685 688
f 689 687 688
f 689 688 690
f 691 689 690
f 692 691 690
f 692 690 693
f 694 692 693
f 695 694 693
f 696 695 693
f 696 693 697
f 698 696 697
f 699 698 697
f 700 699 697
f 701 700 697
f 701 697 702
f 703 701 702
f 704 703 702
f 705 704 702
f 706 705 702
f 706 702 707
f 707 702 708
f 709 706 707
f 709 707 710
f 711 709 710
f 712 711 710
f 713 712 710
f 714 713 710
f 715 714 710
f 716 715 710
f 716 710 717
f 718 716 717
f 719 718 717
f 720 719 717
f 720 717 721
f 722 720 721
f 723 722 721
f 723 721 724
f 725 723 724
f 726 725 724
f 726 724 727
f 728 726 727
f 729 728 727
f 729 727 730
f 731 729 730
f 731 730 732
f 733 731 732
f 734 733 732
f 734 732 735
f 736 734 735
f 736 735 737
f 738 736 737
f 739 738 737
f 739 737 740
f 741 739 740
f 741 740 742
f 743 741 742
f 744 743 742
f 744 742 745
f 746 744 745
f 746 745 747
f 748 746 747
f 748 747 749
f 750 748 749
f 750 749 751
f 752 750 751
f 752 751 753
f 754 752 753
f 755 754 753
f 755 753 756
f 757 755 756
f 757 756 758
f 759 757 758
f 759 758 760
f 761 759 760
f 762 761 760
f 762 760 763
f 764 762 763
f 764 763 765
f 766 764 765
f 767 766 765
f 767 765 768
f 769 767 768
f 769 768 770
f 771 769 770
f 771 770 772
f 771 772 773
f 773 772 774
f 773 774 775
f 776 773 775
f 776 775 777
f 776 777 778
f 779 776 778
f 779 778 780
f 781 779 780
f 781 780 782
f 783 781 782
f 783 782 784
f 785 783 784
f 785 784 786
f 536 785 786
f 536 786 787
f 536 787 788
f 536 788 789
f 536 789 534
f 790 707 708
f 790 708 791
f 790 791 792
f 793 790 792
f 793 792 794
f 795 793 794
f 795 794 796
f 795 796 797
f 798 795 797
f 798 797 799
f 800 798 799
f 800 799 801
f 800 801 802
f 803 800 802
f 803 802 804
f 805 803 804
f 805 804 806
f 807 805 806
f 807 806 808
f 809 807 808
f 810 809 808
f 810 808 811
f 812 810 811
f 812 811 813
f 814 812 813
f 815 814 813
f 815 813 816
f 817 815 816
f 817 816 818
f 819 817 818
f 820 819 818
f 820 818 821
f 822 820 821
f 822 821 823
f 824 822 823
f 825 824 823
f 825 823 826
f 827 825 826
f 828 827 826
f 828 826 829
f 830 828 829
f 831 830 829
f 832 831 829
f 832 829 833
f 834 832 833
f 835 834 833
f 836 835 833
f 836 833 374
f 837 836 374
f 838 837 374
f 839 838 374
f 376 839 374
f 840 658 659
f 841 840 659
f 842 841 659
f 842 659 843
f 842 843 844
f 845 842 844
f 845 844 846
f 844 847 846
f 848 845 846
f 849 848 846
f 849 846 850
f 851 849 850
f 852 851 850
f 853 852 850
f 853 850 854
f 855 853 854
f 855 854 856
f 857 855 856
f 857 856 858
f 857 858 859
f 860 857 859
f 860 859 861
f 862 860 861
f 863 862 861
f 863 861 864
f 865 863 864
f 865 864 866
f 867 865 866
f 867 866 868
f 869 867 868
f 869 868 870
f 869 870 871
f 869 871 872
f 869 872 873
f 869 873 874
f 869 874 875
f 869 875 876
f 869 876 877
f 878 869 877
f 878 877 879
f 878 879 880
f 878 880 881
f 878 881 882
f 878 882 883
f 878 883 884
f 878 884 885
f 878 885 886
f 878 886 887
f 888 878 887
f 888 887 889
f 890 888 889
f 890 889 891
f 890 891 892
f 890 892 893
f 890 893 894
f 895 890 894
f 895 894 896
f 895 896 897
f 895 897 898
f 895 898 899
f 898 900 899
f 895 899 901
f 895 901 902
f 895 902 903
f 895 903 904
f 895 904 905
f 895 905 906
f 907 895 906
f 907 906 908
f 907 908 909
f 907 909 910
f 907 910 911
f 907 911 912
f 907 912 913
f 914 907 913
f 914 913 915
f 914 915 916
f 914 916 917
f 914 917 918
f 914 918 919
f 914 919 920
f 914 920 921
f 922 914 921
f 922 921 923
f 922 923 924
f 922 924 925
f 922 925 926
f 922 926 927
f 922 927 928
f 922 928 929
f 928 930 929
f 922 929 931
f 922 931 932
f 922 932 933
f 922 933 934
f 935 922 934
f 935 934 936
f 935 936 937
f 935 937 938
f 939 935 938
f 939 938 940
f 939 940 941
f 942 939 941
f 942 941 943
f 942 943 944
f 942 944 945
f 942 945 946
f 942 946 947
f 942 947 948
f 942 948 949
f 942 949 950
f 942 950 951
f 942 951 952
f 953 942 952
f 953 952 954
f 953 954 955
f 953 955 956
f 953 956 957
f 953 957 958
f 953 958 959
f 1 953 959
f 1 959 960
f 1 960 4
f 930 961 929
f 930 962 961
f 962 963 961
f 962 964 963
f 964 965 963
f 898 966 900
f 898 967 966
f 967 968 966
f 967 969 968
f 969 970 968
f 969 971 970
f 847 972 846
f 847 973 972
f 973 974 972
f 974 975 972
f 974 976 975
f 976 977 975
f 976 978 977
f 978 979 977
f 978 980 979
f 980 981 979
f 980 982 981
f 980 983 982
f 983 984 982
f 983 985 984
f 985 986 984
f 986 987 984
f 986 988 987
f 988 989 987
f 988 990 989
f 609 991 608
f 991 992 608
f 991 993 992
f 993 994 992
f 994 995 992
f 994 996 995
f 996 997 995
f 996 998 997
f 998 999 997
f 998 1000 999
f 998 1001 1000
f 1001 1002 1000
f 1001 1003 1002
f 1003 1004 1002
f 1004 1005 1002
f 1005 1006 1002
f 1005 1007 1006
f 1007 1008 1006
f 1008 1009 1006
f 1009 1010 1006
f 1010 1011 1006
f 1010 1012 1011
f 1012 1013 1011
f 1012 1014 1013
f 1014 1015 1013
f 1014 1016 1015
f 1016 1017 1015
f 576 1018 575
f 1018 1019 575
f 1018 1020 1019
f 1020 1021 1019
f 1021 1022 1019
f 1021 1023 1022
f 1023 1024 1022
f 1024 1025 1022
f 1024 1026 1025
f 1026 1027 1025
f 1026 1028 1027
f 1028 1029 1027
f 1029 1030 1027
f 1029 1031 1030
f 1031 1032 1030
f 1032 1033 1030
f 1032 1034 1033
f 1034 1035 1033
f 1035 1036 1033
f 1035 1037 1036
f 1037 1038 1036
f 1037 1039 1038
f 1039 1040 1038
f 1039 1041 1040
f 1039 1042 1041
f 1042 1043 1041
f 1042 1044 1043
f 1044 1045 1043
f 1044 1046 1045
f 1046 1047 1045
f 1046 1048 1047
f 1048 1049 1047
f 1048 1050 1049
f 1050 1051 1049
f 567 1052 566
f 567 1053 1052
f 1053 1054 1052
f 1053 1055 1054
f 1055 1056 1054
f 1055 1057 1056
f 1057 1058 1056
f 1057 1059 1058
f 1059 1060 1058
f 1060 1061 1058
f 1060 1062 1061
f 1062 1063 1061
f 1063 1064 1061
f 1063 1065 1064
f 1065 1066 1064
f 1066 1067 1064
f 1066 1068 1067
f 1068 1069 1067
f 1068 1070 1069
f 1068 1071 1070
f 1071 1072 1070
f 1073 1072 1071
f 1073 1074 1072
f 1071 1075 1073
f 1075 1076 1073
f 1075 1077 1076
f 1075 1078 1077
f 1078 1079 1077
f 1078 1080 1079
f 1078 1081 1080
f 1081 1082 1080
f 1081 1083 1082
f 1081 1084 1083
f 1084 1085 1083
f 1084 1086 1085
f 1086 1087 1085
f 1086 1088 1087
f 1088 1089 1087
f 1088 1090 1089
f 1090 1091 1089
f 1090 1092 1091
f 1090 1093 1092
f 1093 1094 1092
f 1093 1095 1094
f 1095 1096 1094
f 1095 1097 1096
f 1097 1098 1096
f 1097 1099 1098
f 1099 1100 1098
f 1099 1101 1100
f 1099 1102 1101
f 1102 1103 1101
f 1102 1104 1103
f 1104 1105 1103
f 1104 1106 1105
f 1106 1107 1105
f 1106 1108 1107
f 1108 1109 1107
f 1109 1110 1107
f 1110 1111 1107
f 1111 1112 1107
f 1111 1113 1112
f 1113 1114 1112
f 1113 1115 1114
f 1113 1116 1115
f 1073 1117 1074
f 1074 1118 1072
f 1118 1119 1072
f 1119 1120 1072
f 1120 1121 1072
f 1121 1122 1072
f 1121 1123 1122
f 1123 1124 1122
f 1124 1125 1122
f 1124 1126 1125
f 1126 1127 1125
f 1126 1128 1127
f 1128 1129 1127
f 1128 1130 1129
f 1130 1131 1129
f 1130 1132 1131
f 1132 1133 1131
f 1132 1134 1133
f 1134 1135 1133
f 1134 1136 1135
f 1136 1137 1135
f 1137 1138 1135
f 1137 1139 1138
f 1139 1140 1138
f 1139 1141 1140
f 1141 1142 1140
f 1142 1143 1140
f 1142 1144 1143
f 1144 1145 1143
f 1144 1146 1145
f 1146 1147 1145
f 1147 1148 1145
f 1147 1149 1148
f 1149 1150 1148
f 1149 1151 1150
f 1149 1152 1151
f 1149 1153 1152
f 1153 1154 1152
f 1153 1155 1154
f 1153 1156 1155
f 1156 1157 1155
f 1157 1158 1155
f 1157 1159 1158
f 1159 1160 1158
f 1117 1161 1074
f 1117 1162 1161
f 1162 1163 1161
f 1162 1164 1163
f 1164 1165 1163
f 1164 1166 1165
f 1166 1167 1165
f 1166 1168 1167
f 1168 1169 1167
f 1168 1170 1169
f 1170 1171 1169
f 1170 1172 1171
f 1172 1173 1171
f 1173 1174 1171
f 1173 1175 1174
f 1175 1176 1174
f 1176 1177 1174
f 1176 1178 1177
f 1178 1179 1177
f 1178 1180 1179
f 1180 1181 1179
f 1180 1182 1181
f 1182 1183 1181
f 1182 1184 1183
f 1184 1185 1183
f 1184 1186 1185
f 1186 1187 1185
f 1186 1188 1187
f 1188 1189 1187
f 1188 1190 1189
f 1190 1191 1189
f 1190 1192 1191
f 1192 1193 1191
f 1192 1194 1193
f 1194 1195 1193
f 1194 1196 1195
f 1196 1197 1195
f 1196 1198 1197
f 1198 1199 1197
f 1198 1200 1199
f 1200 1201 1199
f 1200 1202 1201
f 1202 1203 1201
f 1202 1204 1203
f 1204 1205 1203
f 1204 1206 1205
f 1206 1207 1205
f 1206 1208 1207
f 1208 1209 1207
f 1209 1210 1207
f 1209 1211 1210
f 1211 1212 1210
f 1211 1213 1212
f 1211 1214 1213
f 1214 1215 1213
f 1214 1216 1215
f 1216 1217 1215
f 1217 1218 1215
f 1217 1219 1218
f 553 1220 552
f 553 1221 1220
f 553 1222 1221
f 553 1223 1222
f 1223 1224 1222
f 1223 1225 1224
f 1223 1226 1225
f 1226 1227 1225
f 1226 1228 1227
f 1228 1229 1227
f 1228 1230 1229
f 1228 1231 1230
f 1231 1232 1230
f 1231 1233 1232
f 1233 1234 1232
f 1233 1235 1234
f 1233 1236 1235
f 1236 1237 1235
f 1236 1238 1237
f 1236 1239 1238
f 1239 1240 1238
f 1239 1241 1240
f 1241 1242 1240
f 1242 1243 1240
f 1242 1244 1243
f 1244 1245 1243
f 1244 1246 1245
f 1246 1247 1245
f 1246 1248 1247
f 1248 1249 1247
f 1248 1250 1249
f 1250 1251 1249
f 1250 1252 1251
f 506 1253 505
f 506 1254 1253
f 506 1255 1254
f 506 1256 1255
f 1256 1257 1255
f 1256 1258 1257
f 1256 1259 1258
f 1259 1260 1258
f 1259 1261 1260
f 1261 1262 1260
f 1261 1263 1262
f 1263 1264 1262
f 1263 1265 1264
f 1265 1266 1264
f 1265 1267 1266
f 1267 1268 1266
f 1267 1269 1268
f 1267 1270 1269
f 1270 1271 1269
f 1270 1272 1271
f 1270 1273 1272
f 1270 1274 1273
f 1270 1275 1274
f 1275 1276 1274
f 1275 1277 1276
f 1277 1278 1276
f 1277 1279 1278
f 471 1280 470
f 471 1281 1280
f 471 1282 1281
f 471 1283 1282
f 1283 1284 1282
f 1283 1285 1284
f 1285 1286 1284
f 1285 1287 1286
f 1287 1288 1286
f 1287 1289 1288
f 1289 1290 1288
f 1289 1291 1290
f 1291 1292 1290
f 1291 1293 1292
f 1293 1294 1292
f 1293 1295 1294
f 1295 1296 1294
f 1295 1297 1296
f 1297 1298 1296
f 413 1299 412
f 413 1300 1299
f 1300 1301 1299
f 1300 1302 1301
f 1302 1303 1301
f 383 1304 382
f 383 1305 1304
f 1305 1306 1304
f 1306 1307 1304
f 1307 1308 1304
f 1308 1309 1304
f 1308 1310 1309
f 1310 1311 1309
f 1311 1312 1309
f 1312 1313 1309
f 1313 1314 1309
f 1314 351 1309
f 1314 1315 351
f 1315 1316 351
f 1316 1317 351
f 1317 1318 351
f 1318 350 351
f 346 1319 345
f 1319 1320 345
f 1319 1321 1320
f 1321 1322 1320
f 1322 1323 1320
f 1323 1324 1320
f 1324 1325 1320
f 1324 1326 1325
f 1326 1327 1325
f 1327 1328 1325
f 1327 1329 1328
f 1329 1330 1328
f 1330 1331 1328
f 1330 1332 1331
f 1332 1333 1331
f 1332 1334 1333
f 1334 1335 1333
f 1334 1336 1335
f 1336 1337 1335
f 1336 1338 1337
f 1336 1339 1338
f 1339 1340 1338
f 1339 1341 1340
f 1339 1342 1341
f 1339 1343 1342
f 1342 1344 1341
f 1344 1345 1341
f 1344 1346 1345
f 1346 1347 1345
f 1346 1348 1347
f 1343 1349 1342
f 1343 1350 1349
f 1343 1351 1350
f 1343 1352 1351
f 1343 1353 1352
f 1353 1354 1352
f 1353 1355 1354
f 1355 1356 1354
f 1355 1357 1356
f 1357 1358 1356
f 1357 1359 1358
f 1359 1360 1358
f 1360 1361 1358
f 1361 1362 1358
f 1362 1363 1358
f 1362 1364 1363
f 1364 1365 1363
f 1365 1366 1363
f 1365 1367 1366
f 1367 1368 1366
f 1369 1368 1367
f 1369 1370 1368
f 1369 1371 1370
f 1369 1372 1371
f 1369 1373 1372
f 1369 1374 1373
f 1369 1375 1374
f 1369 1376 1375
f 1369 1377 1376
f 1369 1378 1377
f 1369 1379 1378
f 1379 1380 1378
f 1379 1381 1380
f 1379 1382 1381
f 1379 1383 1382
f 1379 1384 1383
f 1379 1385 1384
f 1379 1386 1385
f 1379 1387 1386
f 1387 1388 1386
f 1387 1389 1388
f 1387 1390 1389
f 1387 1391 1390
f 1387 1392 1391
f 1392 1393 1391
f 1392 1394 1393
f 1392 1395 1394
f 1392 1396 1395
f 1392 1397 1396
f 1392 1398 1397
f 1392 1399 1398
f 1398 1400 1397
f 1400 1401 1397
f 1401 1402 1397
f 1401 1403 1402
f 1403 1404 1402
f 1404 1405 1402
f 1404 1406 1405
f 1406 1407 1405
f 1406 1408 1407
f 1408 1409 1407
f 1408 1410 1409
f 1410 1411 1409
f 1410 1412 1411
f 1410 1413 1412
f 1410 1414 1413
f 1414 1415 1413
f 1414 1416 1415
f 1416 1417 1415
f 1417 1418 1415
f 1417 1419 1418
f 1419 1420 1418
f 1419 1421 1420
f 1399 1422 1398
f 1399 1423 1422
f 1399 1424 1423
f 1399 1425 1424
f 1399 1426 1425
f 1399 1427 1426
f 1399 1428 1427
f 1399 1429 1428
f 1429 1430 1428
f 1429 1431 1430
f 1431 1432 1430
f 1431 1433 1432
f 1431 1434 1433
f 1431 1435 1434
f 1431 1436 1435
f 1436 1437 1435
f 1436 1438 1437
f 1436 1439 1438
f 1436 1440 1439
f 1436 1441 1440
f 1436 1442 1441
f 1436 1443 1442
f 1443 1444 1442
f 1443 1445 1444
f 1443 1446 1445
f 1443 1447 1446
f 1443 1448 1447
f 1448 1449 1447
f 1448 1450 1449
f 1448 1451 1450
f 1448 1452 1451
f 1452 1453 1451
f 1452 1454 1453
f 1452 1455 1454
f 1452 1456 1455
f 1455 1457 1454
f 1457 1458 1454
f 1458 1459 1454
f 1458 1460 1459
f 1460 1461 1459
f 1461 1462 1459
f 1462 1463 1459
f 1462 1464 1463
f 1464 1465 1463
f 1464 1466 1465
f 1466 1467 1465
f 1466 1468 1467
f 1468 1469 1467
f 1468 1470 1469
f 1468 1471 1470
f 1471 1472 1470
f 1472 1473 1470
f 1473 1474 1470
f 1473 1475 1474
f 1475 1476 1474
f 1476 1477 1474
f 1477 1478 1474
f 1478 1479 1474
f 1478 1480 1479
f 1480 1481 1479
f 1480 1482 1481
f 1482 1483 1481
f 1482 1484 1483
f 1484 1485 1483
f 1456 1486 1455
f 1456 1487 1486
f 1456 1488 1487
f 1456 1489 1488
f 1456 1490 1489
f 1456 1491 1490
f 1456 1492 1491
f 1492 1493 1491
f 1493 1494 1491
f 1493 1495 1494
f 1495 1496 1494
f 1495 1497 1496
f 1497 1498 1496
f 1497 1499 1498
f 1499 1500 1498
f 1500 1501 1498
f 1500 1502 1501
f 1502 1503 1501
f 1503 1504 1501
f 1504 162 1501
f 1504 1505 162
f 1505 1506 162
f 1506 161 162
f 139 1507 138
f 1507 1508 138
f 1508 1509 138
f 1508 1510 1509
f 1510 1511 1509
f 1511 1512 1509
f 1511 1513 1512
f 1513 1514 1512
f 1514 1515 1512
f 1514 1516 1515
f 1516 1517 1515
f 1516 1518 1517
f 1518 1519 1517
f 1519 1520 1517
f 1519 1521 1520
f 1521 1522 1520
f 1522 1523 1520
f 1522 1524 1523
f 1524 1525 1523
f 1525 1526 1523
f 1525 1527 1526
f 1527 1528 1526
f 1527 1529 1528
f 1529 1530 1528
f 1529 1531 1530
f 1529 1532 1531
f 1532 1533 1531
f 1532 1534 1533
f 1534 1535 1533
f 1534 1536 1535
f 1536 1537 1535
f 1536 1538 1537
f 1538 1539 1537
f 1538 1540 1539
f 1540 1541 1539
f 126 1542 125
f 126 1543 1542
f 1543 1544 1542
f 1543 1545 1544
f 1545 1546 1544
f 1545 1547 1546
f 1545 1548 1547
f 1548 1549 1547
f 1548 1550 1549
f 1550 1551 1549
f 1550 1552 1551
f 1552 1553 1551
f 1552 1554 1553
f 1554 1555 1553
f 1554 1556 1555
f 1556 1557 1555
f 1556 1558 1557
f 1556 1559 1558
f 1559 1560 1558
f 1561 1560 1559
f 1561 1562 1560
f 1559 1563 1561
f 1563 1564 1561
f 1563 1565 1564
f 1563 1566 1565
f 1566 1567 1565
f 1566 1568 1567
f 1566 1569 1568
f 1569 1570 1568
f 1569 1571 1570
f 1569 1572 1571
f 1572 1573 1571
f 1572 1574 1573
f 1574 1575 1573
f 1574 1576 1575
f 1576 1577 1575
f 1576 1578 1577
f 1578 1579 1577
f 1578 1580 1579
f 1578 1581 1580
f 1581 1582 1580
f 1581 1583 1582
f 1583 1584 1582
f 1583 1585 1584
f 1585 1586 1584
f 1585 1587 1586
f 1587 1588 1586
f 1587 1589 1588
f 1587 1590 1589
f 1590 1591 1589
f 1590 1592 1591
f 1592 1593 1591
f 1592 1594 1593
f 1594 1595 1593
f 1594 1596 1595
f 1596 1597 1595
f 1597 1598 1595
f 1598 1599 1595
f 1599 1600 1595
f 1599 1601 1600
f 1601 1602 1600
f 1601 1603 1602
f 1601 1604 1603
f 1561 1605 1562
f 1562 1606 1560
f 1606 1607 1560
f 1607 1608 1560
f 1608 1609 1560
f 1609 1610 1560
f 1609 1611 1610
f 1611 1612 1610
f 1612 1613 1610
f 1613 1614 1610
f 1613 1615 1614
f 1615 1616 1614
f 1615 1617 1616
f 1617 1618 1616
f 1617 1619 1618
f 1619 1620 1618
f 1619 1621 1620
f 1621 1622 1620
f 1621 1623 1622
f 1623 1624 1622
f 1623 1625 1624
f 1625 1626 1624
f 1626 1627 1624
f 1626 1628 1627
f 1628 1629 1627
f 1628 1630 1629
f 1630 1631 1629
f 1631 1632 1629
f 1631 1633 1632
f 1633 1634 1632
f 1633 1635 1634
f 1635 1636 1634
f 1636 1637 1634
f 1636 1638 1637
f 1638 1639 1637
f 1638 1640 1639
f 1638 1641 1640
f 1638 1642 1641
f 1642 1643 1641
f 1642 1644 1643
f 1642 1645 1644
f 1642 1646 1645
f 1646 1647 1645
f 1647 1648 1645
f 1647 1649 1648
f 1649 1650 1648
f 1605 1651 1562
f 1605 1652 1651
f 1652 1653 1651
f 1652 1654 1653
f 1654 1655 1653
f 1654 1656 1655
f 1656 1657 1655
f 1656 1658 1657
f 1658 1659 1657
f 1658 1660 1659
f 1660 1661 1659
f 1660 1662 1661
f 1660 1663 1662
f 1663 1664 1662
f 1663 1665 1664
f 1665 1666 1664
f 1665 1667 1666
f 1667 1668 1666
f 1667 1669 1668
f 1669 1670 1668
f 1669 1671 1670
f 1671 1672 1670
f 1671 1673 1672
f 1673 1674 1672
f 1673 1675 1674
f 1675 1676 1674
f 1675 1677 1676
f 1677 1678 1676
f 1677 1679 1678
f 1679 1680 1678
f 1679 1681 1680
f 1681 1682 1680
f 1681 1683 1682
f 1683 1684 1682
f 1683 1685 1684
f 1685 1686 1684
f 1685 1687 1686
f 1687 1688 1686
f 1687 1689 1688
f 1689 1690 1688
f 1689 1691 1690
f 1691 1692 1690
f 1691 1693 1692
f 1693 1694 1692
f 1693 1695 1694
f 1695 1696 1694
f 1696 1697 1694
f 1696 1698 1697
f 1698 1699 1697
f 1698 1700 1699
f 1698 1701 1700
f 1701 1702 1700
f 1701 1703 1702
f 1703 1704 1702
f 1704 1705 1702
f 1704 1706 1705
f 115 1707 114
f 115 1708 1707
f 115 1709 1708
f 115 1710 1709
f 115 1711 1710
f 1711 1712 1710
f 1711 1713 1712
f 1711 1714 1713
f 1711 1715 1714
f 1715 1716 1714
f 1715 1717 1716
f 1717 1718 1716
f 1717 1719 1718
f 1717 1720 1719
f 1720 1721 1719
f 1720 1722 1721
f 1722 1723 1721
f 1722 1724 1723
f 1722 1725 1724
f 1725 1726 1724
f 1725 1727 1726
f 1725 1728 1727
f 1728 1729 1727
f 1728 1730 1729
f 1730 1731 1729
f 1731 1732 1729
f 1731 1733 1732
f 1733 1734 1732
f 1733 1735 1734
f 1735 1736 1734
f 1735 1737 1736
f 1737 1738 1736
f 1737 1739 1738
f 1739 1740 1738
f 1739 1741 1740
f 77 1742 79
f 77 1743 1742
f 77 1744 1743
f 1744 1745 1743
f 1744 1746 1745
f 1744 1747 1746
f 1747 1748 1746
f 1747 1749 1748
f 1749 1750 1748
f 1749 1751 1750
f 1751 1752 1750
f 1751 1753 1752
f 1753 1754 1752
f 1753 1755 1754
f 1755 1756 1754
f 1755 1757 1756
f 1755 1758 1757
f 1758 1759 1757
f 1758 1760 1759
f 1758 1761 1760
f 1758 1762 1761
f 1758 1763 1762
f 1763 1764 1762
f 1763 1765 1764
f 1765 1766 1764
f 1765 1767 1766
f 16 1768 18
f 16 1769 1768
f 16 1770 1769
f 1770 1771 1769
f 1770 1772 1771
f 1772 1773 1771
f 1772 1774 1773
f 1774 1775 1773
f 1774 1776 1775
f 1776 1777 1775
f 1776 1778 1777
f 1778 1779 1777
f 1778 1780 1779
f 1780 1781 1779
f 1780 1782 1781
f 1782 1783 1781
f 1782 1784 1783
f 1784 1785 1783
f 1786 1787 1788
f 1789 1787 1786
f 1786 1788 1790
f 1790 1788 1791
f 1790 1791 1792
f 1792 1791 1793
f 1792 1793 1794
f 1794 1793 1795
f 1794 1795 1796
f 1796 1795 1797
f 1796 1797 1798
f 1798 1797 1799
f 1798 1799 1800
f 1800 1799 1801
f 1800 1801 1802
f 1802 1801 1803
f 1802 1803 1804
f 1804 1803 1805
f 1804 1805 1806
f 1806 1805 1807
f 1806 1807 1808
f 1808 1807 1809
f 1808 1809 1810
f 1810 1809 1811
f 1810 1811 1812
f 1812 1811 1813
f 1812 1813 1814
f 1814 1813 1815
f 1814 1815 1816
f 1816 1815 1817
f 1816 1817 1818
f 1818 1817 1819
f 1819 1817 1820
f 1819 1820 1821
f 1821 1820 1822
f 1821 1822 1823
f 1823 1822 1824
f 1823 1824 1825
f 1825 1824 1826
f 1825 1826 1827
f 1827 1826 1828
f 1827 1828 1829
f 1827 1829 1830
f 1830 1829 1831
f 1830 1831 1832
f 1832 1831 1833
f 1832 1833 1834
f 1834 1833 1835
f 1834 1835 1836
f 1836 1835 1837
f 1837 1835 1838
f 1837 1838 1839
f 1837 1839 1840
f 1840 1839 1841
f 1840 1841 1842
f 1842 1841 1843
f 1842 1843 1844
f 1844 1843 1845
f 1844 1845 1846
f 1846 1845 1847
f 1846 1847 1848
f 1848 1847 1849
f 1848 1849 1850
f 1850 1849 1851
f 1850 1851 1852
f 1852 1851 1853
f 1852 1853 1854
f 1854 1853 1855
f 1854 1855 1856
f 1856 1855 1857
f 1856 1857 1858
f 1858 1857 1859
f 1858 1859 1860
f 1860 1859 1861
f 1860 1861 1862
f 1862 1861 1863
f 1862 1863 1864
f 1864 1863 1865
f 1864 1865 1866
f 1866 1865 1867
f 1866 1867 1868
f 1868 1867 1869
f 1868 1869 1870
f 1870 1869 1871
f 1870 1871 1872
f 1872 1871 1873
f 1872 1873 1874
f 1874 1873 1875
f 1874 1875 1876
f 1876 1875 1877
f 1876 1877 1878
f 1878 1877 1879
f 1878 1879 1880
f 1880 1879 1881
f 1880 1881 1882
f 1882 1881 1883
f 1882 1883 1884
f 1884 1883 1885
f 1884 1885 1886
f 1886 1885 1887
f 1886 1887 1888
f 1888 1887 1889
f 1888 1889 1890
f 1890 1889 1891
f 1891 1889 1892
f 1891 1892 1893
f 1893 1892 1894
f 1893 1894 1895
f 1895 1894 1896
f 1895 1896 1897
f 1897 1896 1898
f 1897 1898 1899
f 1899 1898 1900
f 1899 1900 1901
f 1901 1900 1902
f 1901 1902 1903
f 1903 1902 1904
f 1903 1904 1905
f 1905 1904 1906
f 1905 1906 1907
f 1907 1906 1908
f 1907 1908 1909
f 1909 1908 1910
f 1909 1910 1911
f 1911 1910 1912
f 1911 1912 1913
f 1913 1912 1914
f 1913 1914 1915
f 1915 1914 1916
f 1915 1916 1917
f 1917 1916 1918
f 1917 1918 1919
f 1919 1918 1920
f 1919 1920 1921
f 1921 1920 1922
f 1921 1922 1923
f 1923 1922 1924
f 1923 1924 1925
f 1925 1924 1926
f 1925 1926 1927
f 1927 1926 1928
f 1927 1928 1929
f 1929 1928 1930
f 1929 1930 1931
f 1931 1930 1932
f 1931 1932 1933
f 1933 1932 1934
f 1933 1934 1935
f 1935 1934 1936
f 1935 1936 1937
f 1937 1936 1938
f 1937 1938 1939
f 1939 1938 1940
f 1939 1940 1941
f 1941 1940 1942
f 1941 1942 1943
f 1943 1942 1944
f 1943 1944 1945
f 1945 1944 1946
f 1946 1944 1947
f 1946 1947 1948
f 1948 1947 1949
f 1948 1949 1950
f 1950 1949 1951
f 1950 1951 1952
f 1952 1951 1953
f 1953 1951 1954
f 1953 1954 1955
f 1955 1954 1956
f 1956 1954 1957
f 1956 1957 1958
f 1956 1958 1959
f 1959 1958 1960
f 1959 1960 1961
f 1961 1960 1962
f 1961 1962 1963
f 1963 1962 1964
f 1963 1964 1965
f 1965 1964 1966
f 1965 1966 1967
f 1967 1966 1968
f 1967 1968 1969
f 1969 1968 1970
f 1969 1970 1971
f 1971 1970 1972
f 1971 1972 1973
f 1973 1972 1974
f 1973 1974 1975
f 1975 1974 1976
f 1975 1976 1977
f 1977 1976 1978
f 1977 1978 1979
f 1979 1978 1980
f 1979 1980 1981
f 1981 1980 1982
f 1981 1982 1983
f 1983 1982 1984
f 1983 1984 1985
f 1985 1984 1986
f 1985 1986 1987
f 1987 1986 1988
f 1987 1988 1989
f 1989 1988 1990
f 1990 1988 1991
f 1990 1991 1992
f 1992 1991 1993
f 1992 1993 1994
f 1994 1993 1995
f 1994 1995 1996
f 1996 1995 1997
f 1996 1997 1998
f 1998 1997 1999
f 1998 1999 2000
f 2000 1999 2001
f 2000 2001 2002
f 2002 2001 2003
f 2002 2003 2004
f 2004 2003 2005
f 2004 2005 2006
f 2006 2005 2007
f 2006 2007 2008
f 2008 2007 2009
f 2008 2009 2010
f 2010 2009 2011
f 2010 2011 2012
f 2012 2011 2013
f 2012 2013 2014
f 2014 2013 2015
f 2014 2015 2016
f 2016 2015 2017
f 2016 2017 2018
f 2018 2017 2019
f 2018 2019 2020
f 2020 2019 2021
f 2020 2021 2022
f 2022 2021 2023
f 2022 2023 2024
f 2024 2023 2025
f 2024 2025 2026
f 2026 2025 2027
f 2026 2027 2028
f 2028 2027 2029
f 2028 2029 2030
f 2030 2029 2031
f 2030 2031 2032
f 2032 2031 2033
f 2032 2033 2034
f 2034 2033 2035
f 2034 2035 2036
f 2036 2035 2037
f 2036 2037 2038
f 2038 2037 2039
f 2038 2039 2040
f 2040 2039 2041
f 2041 2039 2042
f 2041 2042 2043
f 2043 2042 2044
f 2043 2044 2045
f 2045 2044 2046
f 2045 2046 2047
f 2047 2046 2048
f 2047 2048 2049
f 2047 2049 2050
f 2050 2049 2051
f 2050 2051 2052
f 2052 2051 2053
f 2052 2053 2054
f 2054 2053 2055
f 2054 2055 2056
f 2056 2055 2057
f 2056 2057 2058
f 2058 2057 2059
f 2058 2059 2060
f 2060 2059 2061
f 2061 2059 2062
f 2061 2062 2063
f 2063 2062 2064
f 2064 2062 2065
f 2064 2065 2066
f 2066 2065 2067
f 2066 2067 2068
f 2068 2067 2069
f 2068 2069 2070
f 2070 2069 2071
f 2070 2071 2072
f 2072 2071 2073
f 2072 2073 2074
f 2074 2073 2075
f 2074 2075 2076
f 2076 2075 2077
f 2076 2077 2078
f 2078 2077 2079
f 2078 2079 2080
f 2080 2079 2081
f 2080 2081 2082
f 2082 2081 2083
f 2082 2083 2084
f 2084 2083 2085
f 2084 2085 2086
f 2086 2085 2087
f 2086 2087 2088
f 2088 2087 2089
f 2088 2089 2090
f 2090 2089 2091
f 2090 2091 2092
f 2092 2091 2093
f 2092 2093 2094
f 2094 2093 2095
f 2094 2095 2096
f 2096 2095 2097
f 2096 2097 2098
f 2098 2097 2099
f 2098 2099 2100
f 2100 2099 2101
f 2100 2101 2102
f 2102 2101 2103
f 2102 2103 2104
f 2104 2103 2105
f 2104 2105 2106
f 2106 2105 2107
f 2106 2107 2108
f 2108 2107 2109
f 2108 2109 2110
f 2110 2109 2111
f 2110 2111 2112
f 2112 2111 2113
f 2112 2113 2114
f 2114 2113 2115
f 2114 2115 2116
f 2116 2115 2117
f 2116 2117 2118
f 2118 2117 2119
f 2118 2119 2120
f 2120 2119 2121
f 2120 2121 2122
f 2122 2121 2123
f 2122 2123 2124
f 2124 2123 2125
f 2124 2125 2126
f 2126 2125 2127
f 2126 2127 2128
f 2128 2127 2129
f 2128 2129 2130
f 2130 2129 2131
f 2130 2131 2132
f 2132 2131 2133
f 2132 2133 2134
f 2134 2133 2135
f 2134 2135 2136
f 2136 2135 2137
f 2136 2137 2138
f 2138 2137 2139
f 2138 2139 2140
f 2140 2139 2141
f 2140 2141 2142
f 2142 2141 2143
f 2142 2143 2144
f 2144 2143 2145
f 2144 2145 2146
f 2146 2145 2147
f 2146 2147 2148
f 2148 2147 2149
f 2149 2147 2150
f 2149 2150 2151
f 2151 2150 2152
f 2151 2152 2153
f 2153 2152 2154
f 2153 2154 2155
f 2155 2154 2156
f 2155 2156 2157
f 2157 2156 2158
f 2157 2158 2159
f 2157 2159 2160
f 2160 2159 2161
f 2160 2161 2162
f 2162 2161 2163
f 2162 2163 2164
f 2164 2163 2165
f 2164 2165 2166
f 2166 2165 2167
f 2166 2167 2168
f 2168 2167 2169
f 2168 2169 2170
f 2170 2169 2171
f 2170 2171 2172
f 2172 2171 2173
f 2172 2173 2174
f 2174 2173 2175
f 2174 2175 2176
f 2174 2176 2177
f 2177 2176 2178
f 2177 2178 2179
f 2177 2179 2180
f 2180 2179 2181
f 2180 2181 2182
f 2182 2181 2183
f 2182 2183 2184
f 2184 2183 2185
f 2184 2185 2186
f 2186 2185 2187
f 2186 2187 2188
f 2188 2187 2189
f 2188 2189 2190
f 2190 2189 2191
f 2190 2191 2192
f 2192 2191 2193
f 2192 2193 2194
f 2194 2193 2195
f 2194 2195 2196
f 2196 2195 2197
f 2196 2197 2198
f 2198 2197 2199
f 2198 2199 2200
f 2200 2199 2201
f 2200 2201 2202
f 2202 2201 2203
f 2202 2203 2204
f 2204 2203 2205
f 2204 2205 2206
f 2206 2205 2207
f 2206 2207 2208
f 2208 2207 2209
f 2208 2209 2210
f 2210 2209 2211
f 2210 2211 2212
f 2212 2211 2213
f 2213 2211 2214
f 2213 2214 2215
f 2213 2215 2216
f 2216 2215 2217
f 2216 2217 2218
f 2218 2217 2219
f 2218 2219 2220
f 2220 2219 2221
f 2220 2221 2222
f 2222 2221 2223
f 2222 2223 2224
f 2224 2223 2225
f 2224 2225 2226
f 2226 2225 2227
f 2226 2227 2228
f 2228 2227 2229
f 2228 2229 2230
f 2230 2229 2231
f 2230 2231 2232
f 2232 2231 2233
f 2232 2233 2234
f 2234 2233 2235
f 2234 2235 2236
f 2236 2235 2237
f 2236 2237 2238
f 2238 2237 2239
f 2238 2239 2240
f 2240 2239 2241
f 2240 2241 2242
f 2242 2241 2243
f 2242 2243 2244
f 2244 2243 2245
f 2244 2245 2246
f 2246 2245 2247
f 2246 2247 2248
f 2248 2247 2249
f 2248 2249 2250
f 2250 2249 2251
f 2250 2251 2252
f 2252 2251 2253
f 2252 2253 2254
f 2254 2253 2255
f 2254 2255 2256
f 2256 2255 2257
f 2256 2257 2258
f 2258 2257 2259
f 2258 2259 2260
f 2260 2259 2261
f 2260 2261 2262
f 2262 2261 2263
f 2262 2263 2264
f 2264 2263 2265
f 2264 2265 2266
f 2266 2265 2267
f 2266 2267 2268
f 2268 2267 2269
f 2268 2269 2270
f 2268 2270 2271
f 2271 2270 2272
f 2271 2272 2273
f 2273 2272 2274
f 2273 2274 2275
f 2275 2274 2276
f 2275 2276 2277
f 2277 2276 2278
f 2277 2278 2279
f 2279 2278 2280
f 2279 2280 2281
f 2281 2280 2282
f 2282 2280 2283
f 2282 2283 2284
f 2284 2283 2285
f 2284 2285 2286
f 2286 2285 2287
f 2286 2287 2288
f 2288 2287 2289
f 2288 2289 2290
f 2290 2289 2291
f 2290 2291 2292
f 2292 2291 2293
f 2292 2293 2294
f 2294 2293 2295
f 2294 2295 2296
f 2296 2295 2297
f 2296 2297 2298
f 2298 2297 2299
f 2298 2299 2300
f 2300 2299 2301
f 2300 2301 2302
f 2302 2301 2303
f 2302 2303 2304
f 2304 2303 2305
f 2304 2305 2306
f 2306 2305 2307
f 2306 2307 2308
f 2308 2307 2309
f 2308 2309 2310
f 2310 2309 2311
f 2310 2311 2312
f 2312 2311 2313
f 2312 2313 2314
f 2314 2313 2315
f 2314 2315 2316
f 2316 2315 2317
f 2316 2317 2318
f 2318 2317 2319
f 2318 2319 2320
f 2320 2319 2321
f 2320 2321 2322
f 2322 2321 2323
f 2322 2323 2324
f 2324 2323 2325
f 2324 2325 2326
f 2326 2325 2327
f 2326 2327 2328
f 2328 2327 2329
f 2328 2329 2330
f 2330 2329 2331
f 2330 2331 2332
f 2332 2331 2333
f 2332 2333 2334
f 2334 2333 2335
f 2334 2335 2336
f 2336 2335 2337
f 2336 2337 2338
f 2336 2338 2339
f 2339 2338 2340
f 2339 2340 2341
f 2341 2340 2342
f 2341 2342 2343
f 2343 2342 2344
f 2343 2344 2345
f 2345 2344 2346
f 2345 2346 2347
f 2347 2346 2348
f 2347 2348 2349
f 2349 2348 2350
f 2349 2350 2351
f 2351 2350 2352
f 2351 2352 2353
f 2353 2352 2354
f 2353 2354 2355
f 2355 2354 2356
f 2355 2356 2357
f 2357 2356 2358
f 2357 2358 2359
f 2359 2358 2360
f 2359 2360 2361
f 2361 2360 2362
f 2361 2362 2363
f 2363 2362 2364
f 2363 2364 2365
f 2365 2364 2366
f 2365 2366 2367
f 2367 2366 2368
f 2367 2368 2369
f 2369 2368 2370
f 2369 2370 2371
f 2371 2370 2372
f 2371 2372 2373
f 2373 2372 2374
f 2373 2374 2375
f 2375 2374 2376
f 2375 2376 2377
f 2377 2376 2378
f 2377 2378 2379
f 2379 2378 2380
f 2379 2380 2381
f 2379 2381 2382
f 2382 2381 2383
f 2382 2383 2384
f 2384 2383 2385
f 2384 2385 2386
f 2386 2385 2387
f 2386 2387 2388
f 2388 2387 2389
f 2388 2389 2390
f 2390 2389 2391
f 2390 2391 2392
f 2392 2391 2393
f 2393 2391 2394
f 2393 2394 2395
f 2395 2394 2396
f 2396 2394 2397
f 2396 2397 2398
f 2398 2397 2399
f 2398 2399 2400
f 2400 2399 2401
f 2400 2401 2402
f 2402 2401 2403
f 2402 2403 2404
f 2404 2403 2405
f 2404 2405 2406
f 2406 2405 2407
f 2406 2407 2408
f 2408 2407 2409
f 2408 2409 2410
f 2410 2409 2411
f 2410 2411 2412
f 2412 2411 2413
f 2412 2413 2414
f 2414 2413 2415
f 2414 2415 2416
f 2416 2415 2417
f 2416 2417 2418
f 2418 2417 2419
f 2418 2419 2420
f 2420 2419 2421
f 2420 2421 2422
f 2422 2421 2423
f 2422 2423 2424
f 2424 2423 2425
f 2424 2425 2426
f 2426 2425 2427
f 2426 2427 2428
f 2428 2427 2429
f 2428 2429 2430
f 2430 2429 2431
f 2430 2431 2432
f 2432 2431 2433
f 2432 2433 2434
f 2434 2433 2435
f 2434 2435 2436
f 2436 2435 2437
f 2436 2437 2438
f 2438 2437 2439
f 2438 2439 2440
f 2440 2439 2441
f 2440 2441 2442
f 2442 2441 2443
f 2442 2443 2444
f 2444 2443 2445
f 2445 2443 2446
f 2445 2446 2447
f 2447 2446 2448
f 2447 2448 2449
f 2449 2448 2450
f 2449 2450 2451
f 2451 2450 2452
f 2451 2452 2453
f 2453 2452 2454
f 2453 2454 2455
f 2455 2454 2456
f 2455 2456 2457
f 2457 2456 2458
f 2457 2458 2459
f 2459 2458 2460
f 2459 2460 2461
f 2461 2460 2462
f 2461 2462 2463
f 2463 2462 2464
f 2463 2464 2465
f 2465 2464 2466
f 2465 2466 2467
f 2467 2466 2468
f 2467 2468 2469
f 2469 2468 2470
f 2469 2470 2471
f 2471 2470 2472
f 2471 2472 2473
f 2473 2472 2474
f 2473 2474 2475
f 2475 2474 2476
f 2475 2476 2477
f 2477 2476 2478
f 2477 2478 2479
f 2479 2478 2480
f 2479 2480 2481
f 2481 2480 2482
f 2481 2482 2483
f 2481 2483 2484
f 2484 2483 2485
f 2484 2485 2486
f 2486 2485 2487
f 2486 2487 2488
f 2486 2488 2489
f 2489 2488 2490
f 2489 2490 2491
f 2491 2490 2492
f 2491 2492 2493
f 2493 2492 2494
f 2493 2494 2495
f 2493 2495 2496
f 2496 2495 2497
f 2496 2497 2498
f 2498 2497 2499
f 2498 2499 2500
f 2500 2499 2501
f 2500 2501 2502
f 2502 2501 2503
f 2503 2501 2504
f 2503 2504 2505
f 2505 2504 2506
f 2505 2506 2507
f 2507 2506 2508
f 2507 2508 2509
f 2509 2508 2510
f 2509 2510 2511
f 2511 2510 2512
f 2511 2512 2513
f 2511 2513 2514
f 2514 2513 2515
f 2514 2515 2516
f 2516 2515 2517
f 2516 2517 2518
f 2518 2517 2519
f 2518 2519 2520
f 2520 2519 2521
f 2520 2521 2522
f 2522 2521 2523
f 2522 2523 2524
f 2524 2523 2525
f 2524 2525 2526
f 2526 2525 2527
f 2526 2527 2528
f 2528 2527 2529
f 2528 2529 2530
f 2530 2529 2531
f 2530 2531 2532
f 2532 2531 2533
f 2532 2533 2534
f 2534 2533 2535
f 2534 2535 2536
f 2536 2535 2537
f 2536 2537 2538
f 2538 2537 2539
f 2538 2539 2540
f 2540 2539 2541
f 2540 2541 2542
f 2542 2541 2543
f 2542 2543 2544
f 2544 2543 2545
f 2545 2543 2546
f 2545 2546 2547
f 2547 2546 2548
f 2547 2548 2549
f 2549 2548 2550
f 2549 2550 2551
f 2551 2550 2552
f 2551 2552 2553
f 2553 2552 2554
f 2553 2554 2555
f 2555 2554 2556
f 2555 2556 2557
f 2557 2556 2558
f 2558 2556 2559
f 2558 2559 2560
f 2560 2559 2561
f 2560 2561 2562
f 2562 2561 2563
f 2562 2563 2564
f 2564 2563 2565
f 2564 2565 2566
f 2566 2565 2567
f 2566 2567 2568
f 2568 2567 2569
f 2568 2569 2570
f 2570 2569 2571
f 2570 2571 2572
f 2572 2571 2573
f 2572 2573 2574
f 2574 2573 2575
f 2574 2575 2576
f 2576 2575 2577
f 2576 2577 2578
f 2578 2577 2579
f 2578 2579 2580
f 2580 2579 2581
f 2580 2581 2582
f 2582 2581 2583
f 2582 2583 2584
f 2584 2583 2585
f 2584 2585 2586
f 2586 2585 2587
f 2586 2587 2588
f 2588 2587 2589
f 2588 2589 2590
f 2590 2589 2591
f 2590 2591 2592
f 2592 2591 2593
f 2592 2593 2594
f 2594 2593 2595
f 2594 2595 2596
f 2596 2595 2597
f 2596 2597 2598
f 2596 2598 2599
f 2599 2598 2600
f 2599 2600 2601
f 2599 2601 2602
f 2602 2601 2603
f 2602 2603 2604
f 2604 2603 2605
f 2604 2605 2606
f 2606 2605 2607
f 2606 2607 2608
f 2606 2608 2609
f 2609 2608 2610
f 2609 2610 2611
f 2611 2610 2612
f 2611 2612 2613
f 2613 2612 2614
f 2613 2614 2615
f 2615 2614 2616
f 2616 2614 2617
f 2616 2617 2618
f 2618 2617 2619
f 2618 2619 2620
f 2620 2619 2621
f 2620 2621 2622
f 2622 2621 2623
f 2622 2623 2624
f 2622 2624 2625
f 2625 2624 2626
f 2625 2626 2627
f 2627 2626 2628
f 2627 2628 2629
f 2629 2628 2630
f 2629 2630 2631
f 2631 2630 2632
f 2631 2632 2633
f 2633 2632 2634
f 2633 2634 2635
f 2635 2634 2636
f 2635 2636 2637
f 2637 2636 2638
f 2637 2638 2639
f 2639 2638 2640
f 2639 2640 2641
f 2641 2640 2642
f 2641 2642 2643
f 2643 2642 2644
f 2643 2644 2645
f 2645 2644 2646
f 2645 2646 2647
f 2647 2646 2648
f 2647 2648 2649
f 2649 2648 2650
f 2649 2650 2651
f 2651 2650 2652
f 2651 2652 2653
f 2653 2652 2654
f 2653 2654 2655
f 2655 2654 2656
f 2655 2656 2657
f 2657 2656 2658
f 2658 2656 2659
f 2658 2659 2660
f 2660 2659 2661
f 2660 2661 2662
f 2662 2661 2663
f 2662 2663 2664
f 2664 2663 2665
f 2664 2665 2666
f 2666 2665 2667
f 2666 2667 2668
f 2668 2667 2669
f 2668 2669 2670
f 2670 2669 2671
f 2670 2671 2672
f 2672 2671 2673
f 2672 2673 2674
f 2674 2673 2675
f 2674 2675 2676
f 2676 2675 2677
f 2676 2677 2678
f 2678 2677 2679
f 2678 2679 2680
f 2680 2679 2681
f 2680 2681 2682
f 2682 2681 2683
f 2682 2683 2684
f 2684 2683 2685
f 2684 2685 2686
f 2686 2685 2687
f 2686 2687 2688
f 2688 2687 2689
f 2688 2689 2690
f 2690 2689 2691
f 2690 2691 2692
f 2692 2691 2693
f 2692 2693 2694
f 2694 2693 2695
f 2694 2695 2696
f 2696 2695 2697
f 2696 2697 2698
f 2698 2697 2699
f 2698 2699 2700
f 2700 2699 2701
f 2700 2701 2702
f 2702 2701 2703
f 2702 2703 2704
f 2704 2703 2705
f 2704 2705 2706
f 2706 2705 2707
f 2707 2705 2708
f 2707 2708 2709
f 2709 2708 2710
f 2709 2710 2711
f 2709 2711 2712
f 2712 2711 2713
f 2712 2713 2714
f 2714 2713 2715
f 2714 2715 2716
f 2716 2715 2717
f 2716 2717 2718
f 2718 2717 2719
f 2718 2719 2720
f 2720 2719 2721
f 2720 2721 2722
f 2722 2721 2723
f 2722 2723 2724
f 2724 2723 2725
f 2724 2725 2726
f 2726 2725 2727
f 2726 2727 2728
f 2728 2727 2729
f 2728 2729 2730
f 2730 2729 2731
f 2730 2731 2732
f 2732 2731 2733
f 2732 2733 2734
f 2734 2733 2735
f 2734 2735 2736
f 2736 2735 2737
f 2736 2737 2738
f 2738 2737 2739
f 2738 2739 2740
f 2740 2739 2741
f 2740 2741 2742
f 2742 2741 2743
f 2742 2743 2744
f 2744 2743 2745
f 2744 2745 2746
f 2746 2745 2747
f 2746 2747 2748
f 2748 2747 2749
f 2748 2749 2750
f 2750 2749 2751
f 2750 2751 2752
f 2752 2751 2753
f 2752 2753 2754
f 2754 2753 2755
f 2754 2755 2756
f 2756 2755 2757
f 2756 2757 2758
f 2758 2757 2759
f 2758 2759 2760
f 2760 2759 2761
f 2760 2761 2762
f 2762 2761 2763
f 2762 2763 2764
f 2764 2763 2765
f 2764 2765 2766
f 2766 2765 2767
f 2766 2767 2768
f 2768 2767 2769
f 2768 2769 2770
f 2770 2769 2771
f 2771 2769 2772
f 2771 2772 2773
f 2771 2773 2774
f 2774 2773 2775
f 2774 2775 2776
f 2776 2775 2777
f 2776 2777 2778
f 2778 2777 2779
f 2778 2779 2780
f 2780 2779 2781
f 2780 2781 2782
f 2782 2781 2783
f 2782 2783 2784
f 2784 2783 2785
f 2784 2785 2786
f 2786 2785 2787
f 2786 2787 2788
f 2788 2787 2789
f 2788 2789 2790
f 2790 2789 2791
f 2790 2791 2792
f 2792 2791 2793
f 2792 2793 2794
f 2794 2793 2795
f 2794 2795 2796
f 2796 2795 2797
f 2796 2797 2798
f 2798 2797 2799
f 2798 2799 2800
f 2800 2799 2801
f 2800 2801 2802
f 2802 2801 2803
f 2802 2803 2804
f 2804 2803 2805
f 2804 2805 2806
f 2806 2805 2807
f 2806 2807 2808
f 2808 2807 2809
f 2808 2809 2810
f 2810 2809 2811
f 2810 2811 2812
f 2812 2811 2813
f 2812 2813 2814
f 2814 2813 2815
f 2814 2815 2816
f 2816 2815 2817
f 2816 2817 2818
f 2818 2817 2819
f 2818 2819 2820
f 2820 2819 2821
f 2820 2821 2822
f 2822 2821 2823
f 2822 2823 2824
f 2824 2823 2825
f 2824 2825 2826
f 2826 2825 2827
f 2826 2827 2828
f 2828 2827 2829
f 2828 2829 2830
f 2828 2830 2831
f 2831 2830 2832
f 2831 2832 2833
f 2833 2832 2834
f 2833 2834 2835
f 2835 2834 2836
f 2835 2836 2837
f 2837 2836 2838
f 2837 2838 2839
f 2839 2838 2840
f 2839 2840 2841
f 2841 2840 2842
f 2841 2842 2843
f 2843 2842 2844
f 2843 2844 2845
f 2845 2844 2846
f 2845 2846 2847
f 2847 2846 2848
f 2847 2848 2849
f 2849 2848 2850
f 2849 2850 2851
f 2851 2850 2852
f 2851 2852 2853
f 2853 2852 2854
f 2853 2854 2855
f 2855 2854 2856
f 2855 2856 2857
f 2857 2856 2858
f 2857 2858 2859
f 2859 2858 2860
f 2859 2860 2861
f 2861 2860 2862
f 2861 2862 2863
f 2863 2862 2864
f 2863 2864 2865
f 2865 2864 2866
f 2865 2866 2867
f 2867 2866 2868
f 2867 2868 2869
f 2869 2868 2870
f 2869 2870 2871
f 2871 2870 2872
f 2871 2872 2873
f 2873 2872 2874
f 2873 2874 2875
f 2875 2874 2876
f 2875 2876 2877
f 2877 2876 2878
f 2877 2878 2879
f 2879 2878 2880
f 2879 2880 2881
f 2881 2880 2882
f 2881 2882 2883
f 2883 2882 2884
f 2883 2884 2885
f 2885 2884 2886
f 2885 2886 2887
f 2887 2886 2888
f 2887 2888 2889
f 2889 2888 2890
f 2889 2890 2891
f 2891 2890 2892
f 2891 2892 2893
f 2893 2892 2894
f 2893 2894 2895
f 2895 2894 2896
f 2895 2896 2897
f 2895 2897 2898
f 2898 2897 2899
f 2898 2899 2900
f 2900 2899 2901
f 2900 2901 2902
f 2902 2901 2903
f 2902 2903 2904
f 2904 2903 2905
f 2904 2905 2906
f 2906 2905 2907
f 2906 2907 2908
f 2908 2907 2909
f 2908 2909 2910
f 2910 2909 2911
f 2910 2911 2912
f 2912 2911 2913
f 2912 2913 2914
f 2914 2913 2915
f 2914 2915 2916
f 2916 2915 2917
f 2916 2917 2918
f 2918 2917 2919
f 2918 2919 2920
f 2920 2919 2921
f 2920 2921 2922
f 2922 2921 2923
f 2922 2923 2924
f 2924 2923 2925
f 2924 2925 2926
f 2926 2925 2927
f 2926 2927 2928
f 2928 2927 2929
f 2928 2929 2930
f 2930 2929 2931
f 2930 2931 2932
f 2932 2931 2933
f 2932 2933 2934
f 2934 2933 2935
f 2934 2935 2936
f 2936 2935 2937
f 2936 2937 2938
f 2938 2937 2939
f 2938 2939 2940
f 2938 2940 2941
f 2941 2940 2942
f 2941 2942 2943
f 2943 2942 2944
f 2943 2944 2945
f 2945 2944 2946
f 2945 2946 2947
f 2947 2946 2948
f 2947 2948 2949
f 2949 2948 2950
f 2949 2950 2951
f 2951 2950 2952
f 2951 2952 2953
f 2953 2952 2954
f 2953 2954 2955
f 2955 2954 2956
f 2955 2956 2957
f 2957 2956 2958
f 2957 2958 2959
f 2959 2958 2960
f 2959 2960 2961
f 2961 2960 2962
f 2961 2962 2963
f 2963 2962 2964
f 2963 2964 2965
f 2965 2964 2966
f 2965 2966 2967
f 2967 2966 2968
f 2967 2968 2969
f 2969 2968 2970
f 2969 2970 2971
f 2971 2970 2972
f 2971 2972 2973
f 2973 2972 2974
f 2973 2974 2975
f 2975 2974 2976
f 2975 2976 2977
f 2977 2976 2978
f 2977 2978 2979
f 2979 2978 2980
f 2979 2980 2981
f 2981 2980 2982
f 2981 2982 2983
f 2983 2982 2984
f 2983 2984 2985
f 2985 2984 2986
f 2985 2986 2987
f 2987 2986 2988
f 2987 2988 2989
f 2989 2988 2990
f 2989 2990 2991
f 2991 2990 2992
f 2991 2992 2993
f 2993 2992 2994
f 2993 2994 2995
f 2995 2994 2996
f 2995 2996 2997
f 2997 2996 2998
f 2997 2998 2999
f 2999 2998 3000
f 2999 3000 3001
f 3001 3000 3002
f 3001 3002 3003
f 3003 3002 3004
f 3003 3004 3005
f 3005 3004 3006
f 3005 3006 3007
f 3007 3006 3008
f 3007 3008 3009
f 3009 3008 3010
f 3009 3010 3011
f 3011 3010 3012
f 3011 3012 3013
f 3013 3012 3014
f 3013 3014 3015
f 3015 3014 3016
f 3015 3016 3017
f 3017 3016 3018
f 3017 3018 3019
f 3019 3018 3020
f 3019 3020 3021
f 3021 3020 3022
f 3021 3022 3023
f 3023 3022 3024
f 3023 3024 3025
f 3025 3024 3026
f 3025 3026 3027
f 3027 3026 3028
f 3027 3028 3029
f 3029 3028 3030
f 3029 3030 3031
f 3031 3030 3032
f 3031 3032 3033
f 3033 3032 3034
f 3033 3034 3035
f 3035 3034 3036
f 3035 3036 3037
f 3037 3036 3038
f 3037 3038 3039
f 3039 3038 3040
f 3039 3040 3041
f 3039 3041 3042
f 3042 3041 3043
f 3042 3043 3044
f 3044 3043 3045
f 3044 3045 3046
f 3046 3045 3047
f 3046 3047 3048
f 3048 3047 3049
f 3048 3049 3050
f 3050 3049 3051
f 3050 3051 3052
f 3052 3051 3053
f 3052 3053 3054
f 3054 3053 3055
f 3054 3055 3056
f 3056 3055 3057
f 3057 3055 3058
f 3057 3058 3059
f 3059 3058 3060
f 3059 3060 3061
f 3061 3060 3062
f 3061 3062 3063
f 3063 3062 3064
f 3064 3062 3065
f 3064 3065 3066
f 3066 3065 3067
f 3066 3067 3068
f 3066 3068 3069
f 3069 3068 3070
f 3069 3070 3071
f 3071 3070 3072
f 3071 3072 3073
f 3073 3072 3074
f 3073 3074 3075
f 3075 3074 3076
f 3075 3076 3077
f 3077 3076 3078
f 3077 3078 3079
f 3079 3078 3080
f 3079 3080 3081
f 3081 3080 3082
f 3081 3082 3083
f 3083 3082 3084
f 3083 3084 3085
f 3085 3084 3086
f 3085 3086 3087
f 3087 3086 3088
f 3087 3088 3089
f 3089 3088 3090
f 3089 3090 3091
f 3091 3090 3092
f 3091 3092 3093
f 3093 3092 3094
f 3093 3094 3095
f 3095 3094 3096
f 3095 3096 3097
f 3097 3096 3098
f 3097 3098 3099
f 3099 3098 3100
f 3099 3100 3101
f 3101 3100 3102
f 3101 3102 3103
f 3103 3102 3104
f 3103 3104 3105
f 3105 3104 3106
f 3105 3106 3107
f 3107 3106 3108
f 3107 3108 3109
f 3109 3108 3110
f 3109 3110 3111
f 3111 3110 3112
f 3111 3112 3113
f 3113 3112 3114
f 3113 3114 3115
f 3115 3114 3116
f 3115 3116 3117
f 3117 3116 3118
f 3117 3118 3119
f 3119 3118 3120
f 3119 3120 3121
f 3121 3120 3122
f 3121 3122 3123
f 3123 3122 3124
f 3123 3124 3125
f 3125 3124 3126
f 3125 3126 3127
f 3127 3126 3128
f 3127 3128 3129
f 3129 3128 3130
f 3129 3130 3131
f 3131 3130 3132
f 3131 3132 3133
f 3133 3132 3134
f 3133 3134 3135
f 3135 3134 3136
f 3135 3136 3137
f 3137 3136 3138
f 3137 3138 3139
f 3139 3138 3140
f 3139 3140 3141
f 3141 3140 3142
f 3141 3142 3143
f 3143 3142 3144
f 3143 3144 3145
f 3145 3144 3146
f 3145 3146 3147
f 3147 3146 3148
f 3147 3148 3149
f 3149 3148 3150
f 3149 3150 3151
f 3151 3150 3152
f 3151 3152 3153
f 3153 3152 3154
f 3153 3154 3155
f 3155 3154 3156
f 3155 3156 3157
f 3155 3157 3158
f 3158 3157 3159
f 3158 3159 3160
f 3158 3160 3161
f 3161 3160 3162
f 3161 3162 3163
f 3163 3162 3164
f 3163 3164 3165
f 3165 3164 3166
f 3165 3166 3167
f 3167 3166 3168
f 3167 3168 3169
f 3169 3168 3170
f 3169 3170 3171
f 3171 3170 3172
f 3172 3170 3173
f 3172 3173 3174
f 3174 3173 3175
f 3174 3175 3176
f 3176 3175 3177
f 3176 3177 3178
f 3178 3177 3179
f 3178 3179 3180
f 3180 3179 3181
f 3180 3181 3182
f 3182 3181 3183
f 3182 3183 3184
f 3184 3183 3185
f 3184 3185 3186
f 3186 3185 3187
f 3186 3187 3188
f 3188 3187 3189
f 3188 3189 3190
f 3190 3189 3191
f 3190 3191 3192
f 3192 3191 3193
f 3192 3193 3194
f 3194 3193 3195
f 3194 3195 3196
f 3196 3195 3197
f 3196 3197 3198
f 3198 3197 3199
f 3198 3199 3200
f 3200 3199 3201
f 3200 3201 3202
f 3202 3201 3203
f 3202 3203 3204
f 3204 3203 3205
f 3204 3205 3206
f 3206 3205 3207
f 3206 3207 3208
f 3208 3207 3209
f 3208 3209 3210
f 3210 3209 3211
f 3210 3211 3212
f 3212 3211 3213
f 3213 3211 3214
f 3213 3214 3215
f 3215 3214 3216
f 3215 3216 3217
f 3215 3217 3218
f 3218 3217 3219
f 3218 3219 3220
f 3220 3219 3221
f 3220 3221 3222
f 3222 3221 3223
f 3222 3223 3224
f 3224 3223 3225
f 3224 3225 3226
f 3226 3225 3227
f 3227 3225 3228
f 3227 3228 3229
f 3227 3229 3230
f 3230 3229 3231
f 3230 3231 3232
f 3232 3231 3233
f 3232 3233 3234
f 3234 3233 3235
f 3234 3235 3236
f 3236 3235 3237
f 3236 3237 3238
f 3238 3237 3239
f 3238 3239 3240
f 3240 3239 3241
f 3240 3241 3242
f 3242 3241 3243
f 3242 3243 3244
f 3244 3243 3245
f 3244 3245 3246
f 3246 3245 3247
f 3246 3247 3248
f 3248 3247 3249
f 3248 3249 3250
f 3250 3249 3251
f 3250 3251 3252
f 3252 3251 3253
f 3252 3253 3254
f 3254 3253 3255
f 3254 3255 3256
f 3256 3255 3257
f 3256 3257 3258
f 3258 3257 3259
f 3258 3259 3260
f 3260 3259 3261
f 3261 3259 3262
f 3261 3262 3263
f 3263 3262 3264
f 3264 3262 3265
f 3264 3265 3266
f 3266 3265 3267
f 3266 3267 3268
f 3268 3267 3269
f 3268 3269 3270
f 3268 3270 3271
f 3271 3270 3272
f 3271 3272 3273
f 3271 3273 3274
f 3274 3273 3275
f 3274 3275 3276
f 3276 3275 3277
f 3276 3277 3278
f 3278 3277 3279
f 3278 3279 3280
f 3280 3279 3281
f 3280 3281 3282
f 3282 3281 3283
f 3282 3283 3284
f 3284 3283 3285
f 3284 3285 3286
f 3286 3285 3287
f 3286 3287 3288
f 3288 3287 3289
f 3288 3289 3290
f 3290 3289 3291
f 3290 3291 3292
f 3290 3292 3293
f 3293 3292 3294
f 3293 3294 3295
f 3293 3295 3296
f 3296 3295 3297
f 3296 3297 3298
f 3298 3297 3299
f 3298 3299 3300
f 3300 3299 3301
f 3300 3301 3302
f 3302 3301 3303
f 3302 3303 3304
f 3304 3303 3305
f 3304 3305 3306
f 3306 3305 3307
f 3306 3307 3308
f 3308 3307 3309
f 3308 3309 3310
f 3310 3309 3311
f 3310 3311 3312
f 3312 3311 3313
f 3312 3313 3314
f 3314 3313 3315
f 3314 3315 3316
f 3316 3315 3317
f 3316 3317 3318
f 3318 3317 3319
f 3318 3319 3320
f 3320 3319 3321
f 3320 3321 3322
f 3322 3321 3323
f 3322 3323 3324
f 3324 3323 3325
f 3324 3325 3326
f 3326 3325 3327
f 3326 3327 3328
f 3328 3327 3329
f 3328 3329 3330
f 3330 3329 3331
f 3330 3331 3332
f 3332 3331 3333
f 3332 3333 3334
f 3334 3333 3335
f 3334 3335 3336
f 3336 3335 3337
f 3336 3337 3338
f 3338 3337 3339
f 3339 3337 3340
f 3339 3340 3341
f 3341 3340 3342
f 3341 3342 3343
f 3341 3343 3344
f 3344 3343 3345
f 3344 3345 3346
f 3346 3345 3347
f 3346 3347 3348
f 3348 3347 3349
f 3348 3349 3350
f 3350 3349 3351
f 3350 3351 3352
f 3352 3351 3353
f 3352 3353 3354
f 3354 3353 3355
f 3354 3355 3356
f 3356 3355 3357
f 3356 3357 3358
f 3358 3357 3359
f 3358 3359 3360
f 3360 3359 3361
f 3360 3361 3362
f 3362 3361 3363
f 3362 3363 3364
f 3364 3363 3365
f 3364 3365 3366
f 3366 3365 3367
f 3366 3367 3368
f 3368 3367 3369
f 3368 3369 3370
f 3370 3369 3371
f 3370 3371 3372
f 3372 3371 3373
f 3372 3373 3374
f 3374 3373 3375
f 3374 3375 3376
f 3376 3375 3377
f 3376 3377 3378
f 3378 3377 3379
f 3378 3379 3380
f 3378 3380 3381
f 3381 3380 3382
f 3381 3382 3383
f 3381 3383 3384
f 3384 3383 3385
f 3384 3385 3386
f 3386 3385 3387
f 3386 3387 3388
f 3386 3388 3389
f 3389 3388 3390
f 3389 3390 3391
f 3391 3390 3392
f 3391 3392 3393
f 3393 3392 3394
f 3393 3394 3395
f 3395 3394 3396
f 3395 3396 3397
f 3397 3396 3398
f 3397 3398 3399
f 3399 3398 3400
f 3399 3400 3401
f 3401 3400 3402
f 3401 3402 3403
f 3403 3402 3404
f 3403 3404 3405
f 3405 3404 3406
f 3405 3406 3407
f 3405 3407 3408
f 3408 3407 3409
f 3408 3409 3410
f 3410 3409 3411
f 3410 3411 3412
f 3412 3411 3413
f 3412 3413 3414
f 3414 3413 3415
f 3414 3415 3416
f 3416 3415 3417
f 3416 3417 3418
f 3418 3417 3419
f 3418 3419 3420
f 3420 3419 3421
f 3420 3421 3422
f 3422 3421 3423
f 3422 3423 3424
f 3424 3423 3425
f 3424 3425 3426
f 3426 3425 3427
f 3426 3427 3428
f 3428 3427 3429
f 3428 3429 3430
f 3430 3429 3431
f 3430 3431 3432
f 3432 3431 3433
f 3432 3433 3434
f 3434 3433 3435
f 3434 3435 3436
f 3436 3435 3437
f 3436 3437 3438
f 3438 3437 3439
f 3438 3439 3440
f 3440 3439 3441
f 3440 3441 3442
f 3442 3441 3443
f 3442 3443 3444
f 3444 3443 3445
f 3444 3445 3446
f 3446 3445 3447
f 3446 3447 3448
f 3448 3447 3449
f 3448 3449 3450
f 3450 3449 3451
f 3450 3451 3452
f 3452 3451 3453
f 3452 3453 3454
f 3454 3453 3455
f 3454 3455 3456
f 3456 3455 3457
f 3456 3457 3458
f 3458 3457 3459
f 3458 3459 3460
f 3460 3459 3461
f 3460 3461 3462
f 3462 3461 3463
f 3462 3463 3464
f 3464 3463 3465
f 3464 3465 3466
f 3466 3465 3467
f 3466 3467 3468
f 3468 3467 3469
f 3468 3469 3470
f 3470 3469 3471
f 3470 3471 3472
f 3472 3471 3473
f 3472 3473 3474
f 3474 3473 3475
f 3474 3475 3476
f 3476 3475 3477
f 3476 3477 3478
f 3478 3477 3479
f 3478 3479 3480
f 3480 3479 3481
f 3480 3481 3482
f 3482 3481 3483
f 3482 3483 3484
f 3484 3483 3485
f 3484 3485 3486
f 3486 3485 3487
f 3486 3487 3488
f 3488 3487 3489
f 3488 3489 3490
f 3490 3489 3491
f 3491 3489 3492
f 3491 3492 3493
f 3491 3493 3494
f 3494 3493 3495
f 3494 3495 3496
f 3494 3496 3497
f 3497 3496 3498
f 3497 3498 3499
f 3499 3498 3500
f 3499 3500 3501
f 3501 3500 3502
f 3501 3502 3503
f 3501 3503 3504
f 3504 3503 3505
f 3504 3505 3506
f 3506 3505 3507
f 3506 3507 3508
f 3508 3507 3509
f 3508 3509 3510
f 3510 3509 3511
f 3510 3511 3512
f 3512 3511 3513
f 3512 3513 3514
f 3514 3513 3515
f 3514 3515 3516
f 3516 3515 3517
f 3516 3517 3518
f 3518 3517 3519
f 3518 3519 3520
f 3520 3519 3521
f 3520 3521 3522
f 3522 3521 3523
f 3522 3523 3524
f 3524 3523 3525
f 3524 3525 3526
f 3526 3525 3527
f 3526 3527 3528
f 3528 3527 3529
f 3528 3529 3530
f 3530 3529 3531
f 3530 3531 3532
f 3532 3531 3533
f 3532 3533 3534
f 3534 3533 3535
f 3534 3535 3536
f 3536 3535 3537
f 3536 3537 3538
f 3538 3537 3539
f 3538 3539 3540
f 3540 3539 3541
f 3540 3541 3542
f 3542 3541 3543
f 3542 3543 3544
f 3544 3543 3545
f 3544 3545 3546
f 3546 3545 3547
f 3546 3547 3548
f 3548 3547 3549
f 3548 3549 3550
f 3550 3549 3551
f 3550 3551 3552
f 3552 3551 3553
f 3552 3553 3554
f 3554 3553 3555
f 3554 3555 3556
f 3556 3555 3557
f 3556 3557 3558
f 3558 3557 3559
f 3558 3559 3560
f 3560 3559 3561
f 3560 3561 3562
f 3562 3561 3563
f 3562 3563 3564
f 3564 3563 3565
f 3564 3565 3566
f 3566 3565 3567
f 3566 3567 3568
f 3568 3567 3569
f 3568 3569 3570
f 3570 3569 3571
f 3570 3571 3572
f 3572 3571 3573
f 3572 3573 3574
f 3574 3573 3575
f 3574 3575 3576
f 3576 3575 3577
f 3576 3577 3578
f 3578 3577 3579
f 3578 3579 3580
f 3580 3579 3581
f 3580 3581 3582
f 3582 3581 3583
f 3582 3583 3584
f 3584 3583 3585
f 3584 3585 3586
f 3586 3585 3587
f 3586 3587 3588
f 3588 3587 3589
f 3588 3589 3590
f 3590 3589 3591
f 3590 3591 3592
f 3592 3591 3593
f 3592 3593 3594
f 3594 3593 3595
f 3594 3595 3596
f 3596 3595 3597
f 3596 3597 3598
f 3598 3597 3599
f 3598 3599 3600
f 3600 3599 3601
f 3600 3601 3602
f 3602 3601 3603
f 3602 3603 3604
f 3604 3603 3605
f 3604 3605 3606
f 3606 3605 3607
f 3606 3607 3608
f 3608 3607 3609
f 3608 3609 3610
f 3610 3609 3611
f 3610 3611 3612
f 3612 3611 3613
f 3612 3613 3614
f 3614 3613 3615
f 3614 3615 3616
f 3616 3615 3617
f 3616 3617 3618
f 3618 3617 3619
f 3619 3617 3620
f 3619 3620 3621
f 3621 3620 3622
f 3621 3622 3623
f 3623 3622 3624
f 3623 3624 3625
f 3625 3624 3626
f 3626 3624 3627
f 3626 3627 3628
f 3628 3627 3629
f 3629 3627 3630
f 3629 3630 3631
f 3629 3631 3632
f 3632 3631 3633
f 3632 3633 3634
f 3634 3633 3635
f 3634 3635 3636
f 3636 3635 3637
f 3636 3637 3638
f 3638 3637 3639
f 3638 3639 3640
f 3640 3639 3641
f 3640 3641 3642
f 3642 3641 3643
f 3642 3643 3644
f 3644 3643 3645
f 3644 3645 3646
f 3646 3645 3647
f 3646 3647 3648
f 3648 3647 3649
f 3648 3649 3650
f 3650 3649 3651
f 3650 3651 3652
f 3652 3651 3653
f 3652 3653 3654
f 3654 3653 3655
f 3654 3655 3656
f 3656 3655 3657
f 3656 3657 3658
f 3658 3657 3659
f 3658 3659 3660
f 3660 3659 3661
f 3660 3661 3662
f 3662 3661 3663
f 3663 3661 3664
f 3663 3664 3665
f 3665 3664 3666
f 3665 3666 3667
f 3667 3666 3668
f 3667 3668 3669
f 3669 3668 3670
f 3669 3670 3671
f 3671 3670 3672
f 3671 3672 3673
f 3673 3672 3674
f 3673 3674 3675
f 3675 3674 3676
f 3675 3676 3677
f 3677 3676 3678
f 3677 3678 3679
f 3679 3678 3680
f 3679 3680 3681
f 3681 3680 3682
f 3681 3682 3683
f 3683 3682 3684
f 3683 3684 3685
f 3685 3684 3686
f 3685 3686 3687
f 3687 3686 3688
f 3687 3688 3689
f 3689 3688 3690
f 3689 3690 3691
f 3691 3690 3692
f 3691 3692 3693
f 3693 3692 3694
f 3693 3694 3695
f 3695 3694 3696
f 3695 3696 3697
f 3697 3696 3698
f 3697 3698 3699
f 3699 3698 3700
f 3699 3700 3701
f 3701 3700 3702
f 3701 3702 3703
f 3703 3702 3704
f 3703 3704 3705
f 3705 3704 3706
f 3705 3706 3707
f 3707 3706 3708
f 3707 3708 3709
f 3709 3708 3710
f 3709 3710 3711
f 3711 3710 3712
f 3712 3710 3713
f 3712 3713 3714
f 3714 3713 3715
f 3714 3715 3716
f 3716 3715 3717
f 3716 3717 3718
f 3718 3717 3719
f 3718 3719 3720
f 3720 3719 3721
f 3720 3721 3722
f 3722 3721 3723
f 3722 3723 3724
f 3724 3723 3725
f 3724 3725 3726
f 3726 3725 3727
f 3726 3727 3728
f 3728 3727 3729
f 3728 3729 3730
f 3730 3729 3731
f 3730 3731 3732
f 3732 3731 3733
f 3732 3733 3734
f 3734 3733 3735
f 3735 3733 3736
f 3735 3736 3737
f 3737 3736 3738
f 3738 3736 3739
f 3738 3739 3740
f 3738 3740 3741
f 3741 3740 3742
f 3741 3742 3743
f 3741 3743 3744
f 3744 3743 3745
f 3744 3745 3746
f 3746 3745 3747
f 3746 3747 3748
f 3748 3747 3749
f 3748 3749 3750
f 3750 3749 3751
f 3750 3751 3752
f 3752 3751 3753
f 3752 3753 3754
f 3754 3753 3755
f 3754 3755 3756
f 3756 3755 3757
f 3756 3757 3758
f 3758 3757 3759
f 3758 3759 3760
f 3760 3759 3761
f 3760 3761 3762
f 3762 3761 3763
f 3762 3763 3764
f 3764 3763 3765
f 3764 3765 3766
f 3766 3765 3767
f 3766 3767 3768
f 3768 3767 3769
f 3768 3769 3770
f 3770 3769 3771
f 3770 3771 3772
f 3772 3771 3773
f 3772 3773 3774
f 3774 3773 3775
f 3774 3775 3776
f 3776 3775 3777
f 3777 3775 3778
f 3777 3778 3779
f 3779 3778 3780
f 3779 3780 3781
f 3781 3780 3782
f 3781 3782 3783
f 3783 3782 3784
f 3783 3784 3785
f 3785 3784 3786
f 3785 3786 3787
f 3787 3786 3788
f 3787 3788 3789
f 3789 3788 3790
f 3789 3790 3791
f 3791 3790 3792
f 3791 3792 3793
f 3793 3792 3794
f 3793 3794 3795
f 3795 3794 3796
f 3795 3796 3797
f 3797 3796 3798
f 3797 3798 3799
f 3799 3798 3800
f 3799 3800 3801
f 3801 3800 3802
f 3801 3802 3803
f 3803 3802 3804
f 3803 3804 3805
f 3805 3804 3806
f 3805 3806 3807
f 3807 3806 3808
f 3807 3808 3809
f 3809 3808 3810
f 3809 3810 3811
f 3811 3810 3812
f 3811 3812 3813
f 3813 3812 3814
f 3813 3814 3815
f 3815 3814 3816
f 3815 3816 3817
f 3817 3816 3818
f 3817 3818 3819
f 3819 3818 3820
f 3819 3820 3821
f 3821 3820 3822
f 3821 3822 3823
f 3823 3822 3824
f 3823 3824 3825
f 3825 3824 3826
f 3826 3824 3827
f 3826 3827 3828
f 3828 3827 3829
f 3829 3827 3830
f 3829 3830 3831
f 3831 3830 3832
f 3832 3830 3833
f 3832 3833 3834
f 3834 3833 3835
f 3834 3835 3836
f 3836 3835 3837
f 3836 3837 3838
f 3836 3838 3839
f 3839 3838 3840
f 3839 3840 3841
f 3839 3841 3842
f 3842 3841 3843
f 3842 3843 3844
f 3844 3843 3845
f 3844 3845 3846
f 3846 3845 3847
f 3846 3847 3848
f 3848 3847 3849
f 3848 3849 3850
f 3850 3849 3851
f 3850 3851 3852
f 3852 3851 3853
f 3852 3853 3854
f 3854 3853 3855
f 3854 3855 3856
f 3856 3855 3857
f 3856 3857 3858
f 3858 3857 3859
f 3858 3859 3860
f 3860 3859 3861
f 3860 3861 3862
f 3862 3861 3863
f 3862 3863 3864
f 3864 3863 3865
f 3864 3865 3866
f 3866 3865 3867
f 3866 3867 3868
f 3868 3867 3869
f 3868 3869 3870
f 3870 3869 3871
f 3870 3871 3872
f 3872 3871 3873
f 3872 3873 3874
f 3874 3873 3875
f 3874 3875 3876
f 3876 3875 3877
f 3876 3877 3878
f 3878 3877 3879
f 3878 3879 3880
f 3880 3879 3881
f 3880 3881 3882
f 3882 3881 3883
f 3882 3883 3884
f 3884 3883 3885
f 3884 3885 3886
f 3886 3885 3887
f 3886 3887 3888
f 3888 3887 3889
f 3888 3889 3890
f 3890 3889 3891
f 3890 3891 3892
f 3892 3891 3893
f 3892 3893 3894
f 3894 3893 3895
f 3894 3895 3896
f 3896 3895 3897
f 3896 3897 3898
f 3898 3897 3899
f 3898 3899 3900
f 3900 3899 3901
f 3900 3901 3902
f 3902 3901 3903
f 3902 3903 3904
f 3904 3903 3905
f 3904 3905 3906
f 3906 3905 3907
f 3906 3907 3908
f 3908 3907 3909
f 3908 3909 3910
f 3910 3909 3911
f 3910 3911 3912
f 3912 3911 3913
f 3912 3913 3914
f 3914 3913 3915
f 3914 3915 3916
f 3916 3915 3917
f 3916 3917 3918
f 3918 3917 3919
f 3918 3919 3920
f 3920 3919 3921
f 3920 3921 3922
f 3922 3921 3923
f 3922 3923 3924
f 3924 3923 3925
f 3924 3925 3926
f 3926 3925 3927
f 3926 3927 3928
f 3928 3927 3929
f 3928 3929 3930
f 3930 3929 3931
f 3930 3931 3932
f 3932 3931 3933
f 3932 3933 3934
f 3934 3933 3935
f 3934 3935 3936
f 3936 3935 3937
f 3936 3937 3938
f 3938 3937 3939
f 3938 3939 3940
f 3940 3939 3941
f 3940 3941 3942
f 3942 3941 3943
f 3942 3943 3944
f 3944 3943 3945
f 3944 3945 3946
f 3946 3945 3947
f 3946 3947 3948
f 3948 3947 3949
f 3948 3949 3950
f 3948 3950 3951
f 3951 3950 3952
f 3951 3952 3953
f 3953 3952 3954
f 3953 3954 3955
f 3955 3954 3956
f 3955 3956 3957
f 3957 3956 3958
f 3957 3958 3959
f 3959 3958 3960
f 3959 3960 3961
f 3961 3960 3962
f 3961 3962 3963
f 3963 3962 3964
f 3963 3964 3965
f 3965 3964 3966
f 3965 3966 3967
f 3967 3966 3968
f 3967 3968 3969
f 3969 3968 3970
f 3969 3970 3971
f 3971 3970 3972
f 3971 3972 3973
f 3973 3972 3974
f 3973 3974 3975
f 3975 3974 3976
f 3975 3976 3977
f 3977 3976 3978
f 3977 3978 3979
f 3979 3978 3980
f 3979 3980 3981
f 3981 3980 3982
f 3981 3982 3983
f 3983 3982 3984
f 3983 3984 3985
f 3985 3984 3986
f 3985 3986 3987
f 3987 3986 3988
f 3987 3988 3989
f 3989 3988 3990
f 3989 3990 3991
f 3991 3990 3992
f 3991 3992 3993
f 3993 3992 3994
f 3993 3994 3995
f 3995 3994 3996
f 3995 3996 3997
f 3997 3996 3998
f 3997 3998 3999
f 3999 3998 4000
f 3999 4000 4001
f 4001 4000 4002
f 4001 4002 4003
f 4003 4002 4004
f 4003 4004 4005
f 4005 4004 4006
f 4005 4006 4007
f 4007 4006 4008
f 4007 4008 4009
f 4009 4008 4010
f 4011 4009 4010
f 4011 4010 4012
f 4011 4012 4013
f 4013 4012 4014
f 4013 4014 1789
f 1789 4014 1787
f 4015 4016 4017
f 4018 4016 4015
f 4019 4015 4017
f 4019 4017 4020
f 4019 4020 4021
f 4021 4020 4022
f 4021 4022 4023
f 4023 4022 4024
f 4023 4024 4025
f 4025 4024 4026
f 4025 4026 4027
f 4027 4026 4028
f 4027 4028 4029
f 4029 4028 4030
f 4029 4030 4031
f 4031 4030 4032
f 4031 4032 4033
f 4033 4032 4034
f 4033 4034 4035
f 4035 4034 4036
f 4035 4036 4037
f 4037 4036 4038
f 4037 4038 4039
f 4039 4038 4040
f 4039 4040 4041
f 4041 4040 4042
f 4041 4042 4043
f 4043 4042 4044
f 4043 4044 4045
f 4045 4044 4046
f 4045 4046 4047
f 4047 4046 4048
f 4047 4048 4049
f 4049 4048 4050
f 4049 4050 4051
f 4051 4050 4052
f 4051 4052 4053
f 4053 4052 4054
f 4053 4054 4055
f 4055 4054 4056
f 4055 4056 4057
f 4057 4056 4058
f 4057 4058 4059
f 4059 4058 4060
f 4059 4060 4061
f 4061 4060 4062
f 4061 4062 4063
f 4063 4062 4064
f 4063 4064 4065
f 4065 4064 4066
f 4065 4066 4067
f 4067 4066 4068
f 4067 4068 4069
f 4069 4068 4070
f 4069 4070 4071
f 4071 4070 4072
f 4071 4072 4073
f 4073 4072 4074
f 4073 4074 4075
f 4075 4074 4076
f 4075 4076 4077
f 4077 4076 4078
f 4077 4078 4079
f 4079 4078 4080
f 4079 4080 4081
f 4081 4080 4082
f 4081 4082 4083
f 4083 4082 4084
f 4083 4084 4085
f 4085 4084 4086
f 4085 4086 4018
f 4018 4086 4016
f 4087 4088 4089
f 4090 4088 4087
f 4087 4089 4091
f 4091 4089 4092
f 4092 4089 4093
f 4092 4093 4094
f 4094 4093 4095
f 4094 4095 4096
f 4096 4095 4097
f 4096 4097 4098
f 4098 4097 4099
f 4098 4099 4100
f 4100 4099 4101
f 4100 4101 4102
f 4102 4101 4103
f 4102 4103 4104
f 4104 4103 4105
f 4104 4105 4106
f 4106 4105 4107
f 4106 4107 4108
f 4108 4107 4109
f 4108 4109 4110
f 4110 4109 4111
f 4110 4111 4112
f 4112 4111 4113
f 4112 4113 4114
f 4114 4113 4115
f 4114 4115 4116
f 4116 4115 4117
f 4116 4117 4118
f 4118 4117 4119
f 4118 4119 4120
f 4120 4119 4121
f 4120 4121 4122
f 4122 4121 4123
f 4122 4123 4124
f 4124 4123 4125
f 4124 4125 4126
f 4126 4125 4127
f 4126 4127 4128
f 4128 4127 4129
f 4128 4129 4130
f 4128 4130 4131
f 4131 4130 4132
f 4131 4132 4133
f 4133 4132 4134
f 4133 4134 4135
f 4135 4134 4136
f 4135 4136 4137
f 4137 4136 4138
f 4137 4138 4139
f 4139 4138 4140
f 4139 4140 4141
f 4141 4140 4142
f 4141 4142 4143
f 4143 4142 4144
f 4143 4144 4145
f 4145 4144 4146
f 4145 4146 4147
f 4147 4146 4148
f 4147 4148 4149
f 4149 4148 4150
f 4149 4150 4151
f 4151 4150 4152
f 4151 4152 4153
f 4153 4152 4154
f 4153 4154 4155
f 4155 4154 4156
f 4155 4156 4157
f 4157 4156 4158
f 4157 4158 4159
f 4159 4158 4160
f 4159 4160 4161
f 4161 4160 4162
f 4161 4162 4163
f 4163 4162 4164
f 4163 4164 4165
f 4165 4164 4166
f 4165 4166 4167
f 4167 4166 4168
f 4167 4168 4169
f 4169 4168 4170
f 4169 4170 4171
f 4171 4170 4172
f 4171 4172 4173
f 4173 4172 4174
f 4173 4174 4175
f 4175 4174 4176
f 4175 4176 4177
f 4177 4176 4178
f 4177 4178 4179
f 4179 4178 4180
f 4179 4180 4181
f 4181 4180 4182
f 4181 4182 4183
f 4183 4182 4184
f 4183 4184 4185
f 4185 4184 4186
f 4185 4186 4187
f 4187 4186 4188
f 4187 4188 4189
f 4189 4188 4190
f 4189 4190 4191
f 4191 4190 4192
f 4191 4192 4193
f 4193 4192 4194
f 4193 4194 4195
f 4195 4194 4196
f 4195 4196 4197
f 4197 4196 4198
f 4199 4197 4198
f 4199 4198 4200
f 4199 4200 4201
f 4201 4200 4202
f 4201 4202 4203
f 4203 4202 4204
f 4203 4204 4205
f 4205 4204 4206
f 4205 4206 4207
f 4207 4206 4208
f 4207 4208 4209
f 4209 4208 4210
f 4209 4210 4211
f 4211 4210 4212
f 4211 4212 4213
f 4213 4212 4214
f 4213 4214 4215
f 4215 4214 4216
f 4215 4216 4217
f 4217 4216 4218
f 4217 4218 4219
f 4219 4218 4220
f 4219 4220 4221
f 4221 4220 4222
f 4221 4222 4223
f 4223 4222 4224
f 4223 4224 4225
f 4225 4224 4226
f 4225 4226 4227
f 4227 4226 4228
f 4227 4228 4229
f 4229 4228 4230
f 4229 4230 4231
f 4231 4230 4232
f 4231 4232 4233
f 4233 4232 4234
f 4233 4234 4235
f 4235 4234 4236
f 4235 4236 4237
f 4237 4236 4238
f 4237 4238 4239
f 4239 4238 4240
f 4239 4240 4241
f 4241 4240 4242
f 4241 4242 4243
f 4243 4242 4244
f 4243 4244 4245
f 4245 4244 4246
f 4245 4246 4247
f 4247 4246 4248
f 4247 4248 4249
f 4249 4248 4250
f 4249 4250 4251
f 4251 4250 4252
f 4251 4252 4253
f 4253 4252 4254
f 4253 4254 4255
f 4255 4254 4256
f 4255 4256 4257
f 4257 4256 4258
f 4257 4258 4259
f 4259 4258 4260
f 4259 4260 4261
f 4261 4260 4262
f 4261 4262 4263
f 4263 4262 4264
f 4263 4264 4265
f 4265 4264 4266
f 4265 4266 4267
f 4267 4266 4268
f 4267 4268 4269
f 4269 4268 4270
f 4269 4270 4271
f 4271 4270 4272
f 4271 4272 4273
f 4273 4272 4274
f 4274 4272 4275
f 4274 4275 4276
f 4276 4275 4277
f 4276 4277 4278
f 4278 4277 4279
f 4278 4279 4280
f 4280 4279 4281
f 4280 4281 4282
f 4282 4281 4283
f 4282 4283 4284
f 4284 4283 4285
f 4284 4285 4286
f 4286 4285 4287
f 4286 4287 4288
f 4288 4287 4289
f 4289 4287 4290
f 4289 4290 4291
f 4291 4290 4292
f 4291 4292 4293
f 4293 4292 4294
f 4293 4294 4295
f 4295 4294 4296
f 4295 4296 4297
f 4297 4296 4298
f 4297 4298 4299
f 4299 4298 4300
f 4299 4300 4301
f 4301 4300 4302
f 4301 4302 4303
f 4303 4302 4304
f 4303 4304 4305
f 4303 4305 4306
f 4306 4305 4307
f 4306 4307 4308
f 4308 4307 4309
f 4308 4309 4310
f 4310 4309 4311
f 4310 4311 4312
f 4312 4311 4313
f 4312 4313 4314
f 4314 4313 4315
f 4314 4315 4316
f 4316 4315 4317
f 4316 4317 4318
f 4318 4317 4319
f 4318 4319 4320
f 4320 4319 4321
f 4320 4321 4322
f 4322 4321 4323
f 4322 4323 4324
f 4324 4323 4325
f 4324 4325 4326
f 4326 4325 4327
f 4326 4327 4328
f 4328 4327 4329
f 4328 4329 4330
f 4330 4329 4331
f 4330 4331 4332
f 4332 4331 4333
f 4332 4333 4334
f 4334 4333 4335
f 4334 4335 4336
f 4336 4335 4337
f 4336 4337 4338
f 4338 4337 4339
f 4338 4339 4090
f 4090 4339 4088
f 4340 4341 4342
f 4343 4341 4340
f 4340 4342 4344
f 4344 4342 4345
f 4344 4345 4346
f 4344 4346 4347
f 4347 4346 4348
f 4347 4348 4349
f 4349 4348 4350
f 4349 4350 4351
f 4349 4351 4352
f 4352 4351 4353
f 4352 4353 4354
f 4354 4353 4355
f 4354 4355 4356
f 4356 4355 4357
f 4356 4357 4358
f 4358 4357 4359
f 4358 4359 4360
f 4360 4359 4361
f 4360 4361 4362
f 4362 4361 4363
f 4362 4363 4364
f 4364 4363 4365
f 4364 4365 4366
f 4366 4365 4367
f 4367 4365 4368
f 4367 4368 4369
f 4369 4368 4370
f 4370 4368 4371
f 4370 4371 4372
f 4372 4371 4373
f 4372 4373 4374
f 4374 4373 4375
f 4374 4375 4376
f 4376 4375 4377
f 4376 4377 4378
f 4378 4377 4379
f 4378 4379 4380
f 4380 4379 4381
f 4380 4381 4382
f 4382 4381 4383
f 4382 4383 4384
f 4382 4384 4385
f 4385 4384 4386
f 4385 4386 4387
f 4385 4387 4388
f 4388 4387 4389
f 4388 4389 4390
f 4390 4389 4391
f 4390 4391 4392
f 4392 4391 4393
f 4392 4393 4394
f 4394 4393 4395
f 4394 4395 4396
f 4396 4395 4397
f 4396 4397 4398
f 4398 4397 4399
f 4398 4399 4400
f 4400 4399 4401
f 4400 4401 4402
f 4402 4401 4403
f 4402 4403 4404
f 4404 4403 4405
f 4404 4405 4406
f 4406 4405 4407
f 4406 4407 4408
f 4408 4407 4409
f 4408 4409 4410
f 4410 4409 4411
f 4410 4411 4412
f 4412 4411 4413
f 4412 4413 4414
f 4414 4413 4415
f 4414 4415 4416
f 4416 4415 4417
f 4418 4416 4417
f 4418 4417 4419
f 4418 4419 4420
f 4420 4419 4421
f 4420 4421 4422
f 4422 4421 4423
f 4422 4423 4424
f 4424 4423 4425
f 4424 4425 4426
f 4424 4426 4427
f 4427 4426 4428
f 4427 4428 4429
f 4429 4428 4430
f 4429 4430 4431
f 4431 4430 4432
f 4431 4432 4433
f 4433 4432 4434
f 4433 4434 4435
f 4433 4435 4436
f 4436 4435 4437
f 4436 4437 4438
f 4438 4437 4439
f 4438 4439 4440
f 4440 4439 4441
f 4440 4441 4442
f 4442 4441 4443
f 4442 4443 4444
f 4444 4443 4445
f 4444 4445 4446
f 4446 4445 4447
f 4446 4447 4448
f 4448 4447 4449
f 4449 4447 4450
f 4449 4450 4451
f 4451 4450 4452
f 4451 4452 4453
f 4453 4452 4454
f 4453 4454 4455
f 4453 4455 4456
f 4456 4455 4457
f 4456 4457 4458
f 4458 4457 4459
f 4458 4459 4460
f 4460 4459 4461
f 4460 4461 4462
f 4462 4461 4463
f 4462 4463 4464
f 4464 4463 4465
f 4464 4465 4466
f 4466 4465 4467
f 4466 4467 4468
f 4468 4467 4469
f 4468 4469 4470
f 4470 4469 4471
f 4470 4471 4472
f 4472 4471 4473
f 4472 4473 4474
f 4474 4473 4475
f 4474 4475 4476
f 4476 4475 4477
f 4476 4477 4478
f 4478 4477 4479
f 4478 4479 4480
f 4480 4479 4481
f 4480 4481 4482
f 4482 4481 4483
f 4482 4483 4484
f 4484 4483 4485
f 4484 4485 4486
f 4486 4485 4487
f 4486 4487 4488
f 4488 4487 4489
f 4488 4489 4490
f 4490 4489 4491
f 4490 4491 4492
f 4492 4491 4493
f 4492 4493 4494
f 4494 4493 4495
f 4494 4495 4496
f 4496 4495 4497
f 4496 4497 4498
f 4498 4497 4499
f 4498 4499 4500
f 4500 4499 4501
f 4500 4501 4502
f 4502 4501 4503
f 4502 4503 4504
f 4504 4503 4505
f 4504 4505 4506
f 4506 4505 4507
f 4506 4507 4508
f 4508 4507 4509
f 4508 4509 4510
f 4510 4509 4511
f 4510 4511 4512
f 4512 4511 4513
f 4512 4513 4514
f 4514 4513 4515
f 4514 4515 4516
f 4516 4515 4517
f 4516 4517 4518
f 4518 4517 4519
f 4518 4519 4520
f 4520 4519 4521
f 4520 4521 4522
f 4522 4521 4523
f 4522 4523 4524
f 4524 4523 4525
f 4524 4525 4526
f 4526 4525 4527
f 4526 4527 4528
f 4528 4527 4529
f 4528 4529 4530
f 4530 4529 4531
f 4530 4531 4532
f 4532 4531 4533
f 4532 4533 4534
f 4534 4533 4535
f 4534 4535 4536
f 4536 4535 4537
f 4536 4537 4538
f 4538 4537 4539
f 4538 4539 4540
f 4540 4539 4541
f 4540 4541 4542
f 4542 4541 4543
f 4542 4543 4544
f 4544 4543 4545
f 4544 4545 4546
f 4546 4545 4547
f 4546 4547 4548
f 4548 4547 4549
f 4548 4549 4550
f 4550 4549 4551
f 4550 4551 4552
f 4552 4551 4553
f 4552 4553 4554
f 4554 4553 4555
f 4554 4555 4556
f 4556 4555 4557
f 4556 4557 4558
f 4558 4557 4559
f 4558 4559 4560
f 4560 4559 4561
f 4560 4561 4562
f 4562 4561 4563
f 4562 4563 4564
f 4564 4563 4565
f 4564 4565 4566
f 4566 4565 4567
f 4566 4567 4568
f 4568 4567 4569
f 4568 4569 4570
f 4570 4569 4571
f 4570 4571 4572
f 4572 4571 4573
f 4572 4573 4574
f 4574 4573 4575
f 4574 4575 4576
f 4576 4575 4577
f 4576 4577 4578
f 4578 4577 4579
f 4578 4579 4580
f 4580 4579 4581
f 4580 4581 4582
f 4582 4581 4583
f 4582 4583 4584
f 4584 4583 4585
f 4584 4585 4586
f 4586 4585 4587
f 4586 4587 4588
f 4588 4587 4589
f 4588 4589 4590
f 4590 4589 4591
f 4590 4591 4592
f 4592 4591 4593
f 4592 4593 4343
f 4343 4593 4341
f 4594 4595 4596
f 4597 4595 4594
f 4594 4596 4598
f 4598 4596 4599
f 4599 4596 4600
f 4599 4600 4601
f 4601 4600 4602
f 4601 4602 4603
f 4603 4602 4604
f 4603 4604 4605
f 4605 4604 4606
f 4605 4606 4607
f 4607 4606 4608
f 4607 4608 4609
f 4609 4608 4610
f 4609 4610 4611
f 4611 4610 4612
f 4611 4612 4613
f 4613 4612 4614
f 4613 4614 4615
f 4615 4614 4616
f 4615 4616 4617
f 4617 4616 4618
f 4617 4618 4619
f 4619 4618 4620
f 4619 4620 4621
f 4621 4620 4622
f 4621 4622 4623
f 4623 4622 4624
f 4623 4624 4625
f 4625 4624 4626
f 4625 4626 4627
f 4627 4626 4628
f 4627 4628 4629
f 4627 4629 4630
f 4630 4629 4631
f 4630 4631 4632
f 4632 4631 4633
f 4632 4633 4634
f 4634 4633 4635
f 4634 4635 4636
f 4636 4635 4637
f 4636 4637 4638
f 4638 4637 4639
f 4638 4639 4640
f 4640 4639 4641
f 4640 4641 4642
f 4642 4641 4643
f 4642 4643 4644
f 4644 4643 4645
f 4644 4645 4646
f 4646 4645 4647
f 4646 4647 4648
f 4648 4647 4649
f 4648 4649 4650
f 4650 4649 4651
f 4650 4651 4652
f 4652 4651 4653
f 4652 4653 4654
f 4654 4653 4655
f 4654 4655 4656
f 4656 4655 4657
f 4656 4657 4658
f 4658 4657 4659
f 4658 4659 4660
f 4660 4659 4661
f 4660 4661 4662
f 4662 4661 4663
f 4662 4663 4664
f 4664 4663 4665
f 4664 4665 4666
f 4666 4665 4667
f 4666 4667 4668
f 4668 4667 4669
f 4668 4669 4670
f 4670 4669 4671
f 4672 4670 4671
f 4672 4671 4673
f 4672 4673 4674
f 4674 4673 4675
f 4674 4675 4676
f 4676 4675 4677
f 4676 4677 4678
f 4678 4677 4679
f 4678 4679 4680
f 4680 4679 4681
f 4680 4681 4682
f 4682 4681 4683
f 4682 4683 4684
f 4684 4683 4685
f 4684 4685 4686
f 4686 4685 4687
f 4686 4687 4688
f 4688 4687 4689
f 4688 4689 4690
f 4690 4689 4691
f 4690 4691 4692
f 4692 4691 4693
f 4692 4693 4694
f 4694 4693 4695
f 4694 4695 4696
f 4696 4695 4697
f 4696 4697 4698
f 4698 4697 4699
f 4698 4699 4700
f 4700 4699 4701
f 4700 4701 4702
f 4702 4701 4703
f 4702 4703 4704
f 4704 4703 4705
f 4704 4705 4706
f 4706 4705 4707
f 4706 4707 4708
f 4708 4707 4709
f 4708 4709 4710
f 4710 4709 4711
f 4710 4711 4712
f 4712 4711 4713
f 4712 4713 4714
f 4714 4713 4715
f 4714 4715 4716
f 4716 4715 4717
f 4716 4717 4718
f 4718 4717 4719
f 4718 4719 4720
f 4720 4719 4721
f 4720 4721 4722
f 4722 4721 4723
f 4722 4723 4724
f 4724 4723 4725
f 4724 4725 4726
f 4726 4725 4727
f 4726 4727 4728
f 4728 4727 4729
f 4728 4729 4730
f 4730 4729 4731
f 4730 4731 4732
f 4732 4731 4733
f 4732 4733 4734
f 4734 4733 4735
f 4734 4735 4736
f 4736 4735 4737
f 4736 4737 4738
f 4738 4737 4739
f 4738 4739 4740
f 4740 4739 4741
f 4740 4741 4742
f 4742 4741 4743
f 4742 4743 4744
f 4744 4743 4745
f 4744 4745 4746
f 4746 4745 4747
f 4746 4747 4748
f 4748 4747 4749
f 4748 4749 4750
f 4750 4749 4751
f 4750 4751 4752
f 4752 4751 4753
f 4752 4753 4754
f 4754 4753 4755
f 4754 4755 4756
f 4756 4755 4757
f 4756 4757 4758
f 4758 4757 4759
f 4758 4759 4760
f 4760 4759 4761
f 4760 4761 4762
f 4762 4761 4763
f 4762 4763 4764
f 4764 4763 4765
f 4764 4765 4766
f 4766 4765 4767
f 4766 4767 4768
f 4768 4767 4769
f 4768 4769 4770
f 4770 4769 4771
f 4770 4771 4772
f 4772 4771 4773
f 4772 4773 4774
f 4774 4773 4775
f 4774 4775 4776
f 4776 4775 4777
f 4776 4777 4778
f 4778 4777 4779
f 4778 4779 4780
f 4780 4779 4781
f 4780 4781 4782
f 4782 4781 4783
f 4782 4783 4784
f 4784 4783 4785
f 4784 4785 4786
f 4786 4785 4787
f 4786 4787 4788
f 4788 4787 4789
f 4788 4789 4790
f 4790 4789 4791
f 4790 4791 4792
f 4792 4791 4793
f 4792 4793 4794
f 4794 4793 4795
f 4794 4795 4796
f 4796 4795 4797
f 4796 4797 4798
f 4798 4797 4799
f 4798 4799 4800
f 4800 4799 4801
f 4800 4801 4802
f 4802 4801 4803
f 4802 4803 4804
f 4804 4803 4805
f 4804 4805 4806
f 4806 4805 4807
f 4806 4807 4808
f 4808 4807 4809
f 4808 4809 4810
f 4810 4809 4811
f 4810 4811 4812
f 4812 4811 4813
f 4812 4813 4814
f 4814 4813 4815
f 4814 4815 4816
f 4816 4815 4817
f 4816 4817 4818
f 4818 4817 4819
f 4818 4819 4820
f 4820 4819 4821
f 4820 4821 4822
f 4822 4821 4823
f 4822 4823 4824
f 4824 4823 4825
f 4824 4825 4826
f 4826 4825 4827
f 4826 4827 4828
f 4828 4827 4829
f 4828 4829 4830
f 4830 4829 4831
f 4830 4831 4832
f 4832 4831 4833
f 4832 4833 4834
f 4834 4833 4835
f 4834 4835 4836
f 4836 4835 4837
f 4836 4837 4838
f 4838 4837 4839
f 4838 4839 4840
f 4840 4839 4841
f 4840 4841 4842
f 4842 4841 4843
f 4842 4843 4844
f 4844 4843 4845
f 4844 4845 4597
f 4597 4845 4595
f 4846 4847 4848
f 4849 4847 4846
f 4846 4848 4850
f 4850 4848 4851
f 4851 4848 4852
f 4851 4852 4853
f 4853 4852 4854
f 4853 4854 4855
f 4855 4854 4856
f 4856 4854 4857
f 4856 4857 4858
f 4858 4857 4859
f 4858 4859 4860
f 4860 4859 4861
f 4860 4861 4862
f 4862 4861 4863
f 4862 4863 4864
f 4862 4864 4865
f 4865 4864 4866
f 4865 4866 4867
f 4865 4867 4868
f 4868 4867 4869
f 4868 4869 4870
f 4870 4869 4871
f 4871 4869 4872
f 4871 4872 4873
f 4873 4872 4874
f 4873 4874 4875
f 4875 4874 4876
f 4875 4876 4877
f 4877 4876 4878
f 4877 4878 4879
f 4879 4878 4880
f 4879 4880 4881
f 4879 4881 4882
f 4882 4881 4883
f 4882 4883 4884
f 4884 4883 4885
f 4884 4885 4886
f 4886 4885 4887
f 4886 4887 4888
f 4888 4887 4889
f 4889 4887 4890
f 4889 4890 4891
f 4891 4890 4892
f 4892 4890 4893
f 4892 4893 4894
f 4894 4893 4895
f 4894 4895 4896
f 4896 4895 4897
f 4896 4897 4898
f 4898 4897 4899
f 4898 4899 4900
f 4900 4899 4901
f 4900 4901 4902
f 4902 4901 4903
f 4902 4903 4904
f 4904 4903 4905
f 4904 4905 4906
f 4906 4905 4907
f 4906 4907 4908
f 4908 4907 4909
f 4908 4909 4910
f 4910 4909 4911
f 4910 4911 4912
f 4912 4911 4913
f 4912 4913 4914
f 4914 4913 4915
f 4914 4915 4916
f 4916 4915 4917
f 4916 4917 4918
f 4918 4917 4919
f 4918 4919 4920
f 4920 4919 4921
f 4922 4920 4921
f 4922 4921 4923
f 4923 4921 4924
f 4923 4924 4925
f 4925 4924 4926
f 4925 4926 4927
f 4925 4927 4928
f 4928 4927 4929
f 4928 4929 4930
f 4930 4929 4931
f 4930 4931 4932
f 4930 4932 4933
f 4933 4932 4934
f 4933 4934 4935
f 4935 4934 4936
f 4935 4936 4937
f 4937 4936 4938
f 4937 4938 4939
f 4939 4938 4940
f 4939 4940 4941
f 4941 4940 4942
f 4942 4940 4943
f 4942 4943 4944
f 4944 4943 4945
f 4944 4945 4946
f 4946 4945 4947
f 4947 4945 4948
f 4947 4948 4949
f 4949 4948 4950
f 4949 4950 4951
f 4951 4950 4952
f 4951 4952 4953
f 4953 4952 4954
f 4953 4954 4955
f 4955 4954 4956
f 4955 4956 4957
f 4957 4956 4958
f 4957 4958 4959
f 4957 4959 4960
f 4960 4959 4961
f 4960 4961 4962
f 4962 4961 4963
f 4962 4963 4964
f 4964 4963 4965
f 4964 4965 4966
f 4966 4965 4967
f 4966 4967 4968
f 4968 4967 4969
f 4968 4969 4970
f 4970 4969 4971
f 4970 4971 4972
f 4972 4971 4973
f 4972 4973 4974
f 4974 4973 4975
f 4974 4975 4976
f 4976 4975 4977
f 4976 4977 4978
f 4978 4977 4979
f 4978 4979 4980
f 4980 4979 4981
f 4980 4981 4982
f 4982 4981 4983
f 4982 4983 4984
f 4984 4983 4985
f 4984 4985 4986
f 4986 4985 4987
f 4986 4987 4988
f 4988 4987 4989
f 4988 4989 4990
f 4990 4989 4991
f 4990 4991 4992
f 4992 4991 4993
f 4992 4993 4994
f 4994 4993 4995
f 4994 4995 4996
f 4996 4995 4997
f 4996 4997 4998
f 4998 4997 4999
f 4998 4999 5000
f 5000 4999 5001
f 5000 5001 5002
f 5002 5001 5003
f 5002 5003 5004
f 5004 5003 5005
f 5004 5005 5006
f 5006 5005 5007
f 5006 5007 5008
f 5008 5007 5009
f 5008 5009 5010
f 5010 5009 5011
f 5010 5011 5012
f 5012 5011 5013
f 5012 5013 5014
f 5014 5013 5015
f 5014 5015 5016
f 5016 5015 5017
f 5016 5017 5018
f 5018 5017 5019
f 5018 5019 5020
f 5020 5019 5021
f 5020 5021 5022
f 5022 5021 5023
f 5022 5023 5024
f 5024 5023 5025
f 5024 5025 5026
f 5026 5025 5027
f 5026 5027 5028
f 5028 5027 5029
f 5028 5029 5030
f 5030 5029 5031
f 5030 5031 5032
f 5032 5031 5033
f 5032 5033 5034
f 5034 5033 5035
f 5034 5035 5036
f 5036 5035 5037
f 5036 5037 5038
f 5038 5037 5039
f 5038 5039 5040
f 5040 5039 5041
f 5040 5041 5042
f 5042 5041 5043
f 5042 5043 5044
f 5044 5043 5045
f 5044 5045 5046
f 5046 5045 5047
f 5046 5047 5048
f 5048 5047 5049
f 5048 5049 5050
f 5050 5049 5051
f 5050 5051 5052
f 5052 5051 5053
f 5052 5053 5054
f 5054 5053 5055
f 5054 5055 5056
f 5056 5055 5057
f 5056 5057 5058
f 5058 5057 5059
f 5058 5059 5060
f 5060 5059 5061
f 5060 5061 5062
f 5062 5061 5063
f 5062 5063 5064
f 5064 5063 5065
f 5064 5065 5066
f 5066 5065 5067
f 5066 5067 5068
f 5068 5067 5069
f 5068 5069 5070
f 5070 5069 5071
f 5070 5071 5072
f 5072 5071 5073
f 5072 5073 5074
f 5074 5073 5075
f 5074 5075 5076
f 5076 5075 5077
f 5076 5077 5078
f 5078 5077 5079
f 5078 5079 5080
f 5080 5079 5081
f 5080 5081 5082
f 5082 5081 5083
f 5082 5083 5084
f 5084 5083 5085
f 5084 5085 5086
f 5086 5085 5087
f 5086 5087 5088
f 5088 5087 5089
f 5088 5089 5090
f 5090 5089 5091
f 5090 5091 5092
f 5092 5091 5093
f 5092 5093 5094
f 5094 5093 5095
f 5094 5095 5096
f 5096 5095 5097
f 5096 5097 4849
f 4849 5097 4847
f 5098 5099 5100
f 5101 5099 5098
f 5098 5100 5102
f 5102 5100 5103
f 5103 5100 5104
f 5103 5104 5105
f 5105 5104 5106
f 5105 5106 5107
f 5107 5106 5108
f 5107 5108 5109
f 5107 5109 5110
f 5110 5109 5111
f 5110 5111 5112
f 5110 5112 5113
f 5113 5112 5114
f 5113 5114 5115
f 5115 5114 5116
f 5115 5116 5117
f 5115 5117 5118
f 5118 5117 5119
f 5118 5119 5120
f 5120 5119 5121
f 5120 5121 5122
f 5122 5121 5123
f 5122 5123 5124
f 5124 5123 5125
f 5124 5125 5126
f 5126 5125 5127
f 5126 5127 5128
f 5126 5128 5129
f 5129 5128 5130
f 5129 5130 5131
f 5131 5130 5132
f 5131 5132 5133
f 5133 5132 5134
f 5133 5134 5135
f 5135 5134 5136
f 5135 5136 5137
f 5137 5136 5138
f 5137 5138 5139
f 5139 5138 5140
f 5139 5140 5141
f 5141 5140 5142
f 5141 5142 5143
f 5143 5142 5144
f 5143 5144 5145
f 5145 5144 5146
f 5145 5146 5147
f 5147 5146 5148
f 5147 5148 5149
f 5149 5148 5150
f 5149 5150 5151
f 5151 5150 5152
f 5151 5152 5153
f 5153 5152 5154
f 5153 5154 5155
f 5155 5154 5156
f 5155 5156 5157
f 5157 5156 5158
f 5157 5158 5159
f 5159 5158 5160
f 5159 5160 5161
f 5161 5160 5162
f 5161 5162 5163
f 5163 5162 5164
f 5163 5164 5165
f 5165 5164 5166
f 5165 5166 5167
f 5167 5166 5168
f 5167 5168 5169
f 5169 5168 5170
f 5171 5169 5170
f 5171 5170 5172
f 5171 5172 5173
f 5173 5172 5174
f 5173 5174 5175
f 5175 5174 5176
f 5175 5176 5177
f 5175 5177 5178
f 5178 5177 5179
f 5178 5179 5180
f 5180 5179 5181
f 5180 5181 5182
f 5182 5181 5183
f 5182 5183 5184
f 5184 5183 5185
f 5184 5185 5186
f 5186 5185 5187
f 5186 5187 5188
f 5188 5187 5189
f 5188 5189 5190
f 5190 5189 5191
f 5190 5191 5192
f 5192 5191 5193
f 5192 5193 5194
f 5194 5193 5195
f 5194 5195 5196
f 5196 5195 5197
f 5196 5197 5198
f 5198 5197 5199
f 5198 5199 5200
f 5200 5199 5201
f 5200 5201 5202
f 5202 5201 5203
f 5203 5201 5204
f 5203 5204 5205
f 5205 5204 5206
f 5205 5206 5207
f 5205 5207 5208
f 5208 5207 5209
f 5208 5209 5210
f 5210 5209 5211
f 5210 5211 5212
f 5212 5211 5213
f 5212 5213 5214
f 5214 5213 5215
f 5214 5215 5216
f 5216 5215 5217
f 5216 5217 5218
f 5218 5217 5219
f 5218 5219 5220
f 5220 5219 5221
f 5220 5221 5222
f 5222 5221 5223
f 5222 5223 5224
f 5224 5223 5225
f 5224 5225 5226
f 5226 5225 5227
f 5226 5227 5228
f 5228 5227 5229
f 5228 5229 5230
f 5230 5229 5231
f 5230 5231 5232
f 5232 5231 5233
f 5232 5233 5234
f 5234 5233 5235
f 5234 5235 5236
f 5236 5235 5237
f 5236 5237 5238
f 5238 5237 5239
f 5238 5239 5240
f 5240 5239 5241
f 5240 5241 5242
f 5242 5241 5243
f 5242 5243 5244
f 5244 5243 5245
f 5244 5245 5246
f 5246 5245 5247
f 5246 5247 5248
f 5248 5247 5249
f 5248 5249 5250
f 5250 5249 5251
f 5250 5251 5252
f 5252 5251 5253
f 5252 5253 5254
f 5254 5253 5255
f 5254 5255 5256
f 5256 5255 5257
f 5256 5257 5258
f 5258 5257 5259
f 5258 5259 5260
f 5260 5259 5261
f 5260 5261 5262
f 5262 5261 5263
f 5262 5263 5264
f 5264 5263 5265
f 5264 5265 5266
f 5266 5265 5267
f 5266 5267 5268
f 5268 5267 5269
f 5268 5269 5270
f 5270 5269 5271
f 5270 5271 5272
f 5272 5271 5273
f 5272 5273 5274
f 5274 5273 5275
f 5274 5275 5276
f 5276 5275 5277
f 5276 5277 5278
f 5278 5277 5279
f 5278 5279 5280
f 5280 5279 5281
f 5280 5281 5282
f 5282 5281 5283
f 5282 5283 5284
f 5284 5283 5285
f 5284 5285 5286
f 5286 5285 5287
f 5286 5287 5288
f 5288 5287 5289
f 5288 5289 5290
f 5290 5289 5291
f 5290 5291 5292
f 5292 5291 5293
f 5292 5293 5294
f 5294 5293 5295
f 5294 5295 5296
f 5296 5295 5297
f 5296 5297 5298
f 5298 5297 5299
f 5298 5299 5300
f 5300 5299 5301
f 5300 5301 5302
f 5302 5301 5303
f 5302 5303 5304
f 5304 5303 5305
f 5304 5305 5306
f 5306 5305 5307
f 5306 5307 5308
f 5308 5307 5309
f 5308 5309 5310
f 5310 5309 5311
f 5310 5311 5312
f 5312 5311 5313
f 5312 5313 5314
f 5314 5313 5315
f 5314 5315 5316
f 5316 5315 5317
f 5316 5317 5318
f 5318 5317 5319
f 5318 5319 5320
f 5320 5319 5321
f 5320 5321 5322
f 5322 5321 5323
f 5322 5323 5324
f 5324 5323 5325
f 5324 5325 5326
f 5326 5325 5327
f 5326 5327 5328
f 5328 5327 5329
f 5328 5329 5330
f 5330 5329 5331
f 5330 5331 5332
f 5332 5331 5333
f 5332 5333 5334
f 5334 5333 5335
f 5334 5335 5336
f 5336 5335 5337
f 5336 5337 5338
f 5338 5337 5339
f 5338 5339 5340
f 5340 5339 5341
f 5340 5341 5342
f 5342 5341 5343
f 5342 5343 5344
f 5344 5343 5345
f 5344 5345 5101
f 5101 5345 5099
f 5346 5347 5348
f 5346 5349 5347
f 5350 5346 5348
f 5351 5350 5348
f 5351 5348 5352
f 5351 5352 5353
f 5351 5353 5354
f 5354 5353 5355
f 5354 5355 5356
f 5354 5356 5357
f 5354 5357 5358
f 5354 5358 5359
f 5360 5354 5359
f 5360 5359 5361
f 5360 5361 5362
f 5360 5362 5363
f 5360 5363 5364
f 5360 5364 5365
f 5360 5365 5366
f 5367 5360 5366
f 5367 5366 5368
f 5367 5368 5369
f 5367 5369 5370
f 5367 5370 5371
f 5367 5371 5372
f 5367 5372 5373
f 5367 5373 5374
f 5367 5374 5375
f 5367 5375 5376
f 5367 5376 5377
f 5378 5367 5377
f 5378 5377 5379
f 5378 5379 5380
f 5381 5378 5380
f 5381 5380 5382
f 5381 5382 5383
f 5381 5383 5384
f 5385 5381 5384
f 5385 5384 5386
f 5385 5386 5387
f 5385 5387 5388
f 5385 5388 5389
f 5385 5389 5390
f 5389 5391 5390
f 5392 5385 5390
f 5392 5390 5393
f 5392 5393 5394
f 5392 5394 5395
f 5392 5395 5396
f 5392 5396 5397
f 5392 5397 5398
f 5392 5398 5399
f 5400 5392 5399
f 5400 5399 5401
f 5400 5401 5402
f 5400 5402 5403
f 5400 5403 5404
f 5400 5404 5405
f 5400 5405 5406
f 5400 5406 5407
f 5408 5400 5407
f 5408 5407 5409
f 5408 5409 5410
f 5408 5410 5411
f 5408 5411 5412
f 5408 5412 5413
f 5408 5413 5414
f 5408 5414 5415
f 5408 5415 5416
f 5408 5416 5417
f 5408 5417 5418
f 5417 5419 5418
f 5408 5418 5420
f 5408 5420 5421
f 5422 5408 5421
f 5422 5421 5423
f 5422 5423 5424
f 5422 5424 5425
f 5422 5425 5426
f 5427 5422 5426
f 5427 5426 5428
f 5429 5427 5428
f 5429 5428 5430
f 5429 5430 5431
f 5429 5431 5432
f 5429 5432 5433
f 5429 5433 5434
f 5429 5434 5435
f 5429 5435 5436
f 5429 5436 5437
f 5429 5437 5438
f 5439 5429 5438
f 5439 5438 5440
f 5438 5441 5440
f 5439 5440 5442
f 5439 5442 5443
f 5439 5443 5444
f 5439 5444 5445
f 5439 5445 5446
f 5439 5446 5447
f 5439 5447 5448
f 5439 5448 5449
f 5450 5439 5449
f 5450 5449 5451
f 5452 5450 5451
f 5452 5451 5453
f 5452 5453 5454
f 5455 5452 5454
f 5455 5454 5456
f 5457 5455 5456
f 5457 5456 5458
f 5459 5457 5458
f 5459 5458 5460
f 5459 5460 5461
f 5462 5459 5461
f 5462 5461 5463
f 5464 5462 5463
f 5464 5463 5465
f 5464 5465 5466
f 5467 5464 5466
f 5467 5466 5468
f 5469 5467 5468
f 5470 5469 5468
f 5471 5470 5468
f 5471 5468 5472
f 5473 5471 5472
f 5474 5473 5472
f 5474 5472 5475
f 5472 5476 5475
f 5477 5474 5475
f 5477 5475 5478
f 5479 5477 5478
f 5479 5478 5480
f 5481 5479 5480
f 5481 5480 5482
f 5483 5481 5482
f 5484 5483 5482
f 5485 5484 5482
f 5486 5485 5482
f 5486 5487 5485
f 5486 5482 5488
f 5486 5488 5489
f 5490 5486 5489
f 5490 5489 5491
f 5492 5490 5491
f 5493 5492 5491
f 5494 5493 5491
f 5494 5491 5495
f 5496 5494 5495
f 5497 5496 5495
f 5497 5495 5498
f 5499 5497 5498
f 5499 5498 5500
f 5499 5500 5501
f 5502 5499 5501
f 5502 5501 5503
f 5504 5502 5503
f 5504 5503 5505
f 5504 5505 5506
f 5507 5504 5506
f 5507 5506 5508
f 5509 5507 5508
f 5509 5508 5510
f 5511 5509 5510
f 5511 5510 5512
f 5511 5512 5513
f 5514 5511 5513
f 5514 5513 5515
f 5516 5514 5515
f 5516 5515 5517
f 5518 5516 5517
f 5518 5517 5519
f 5520 5518 5519
f 5520 5519 5521
f 5520 5521 5522
f 5523 5520 5522
f 5523 5522 5524
f 5525 5523 5524
f 5525 5524 5526
f 5527 5525 5526
f 5527 5526 5528
f 5529 5527 5528
f 5529 5528 5530
f 5531 5529 5530
f 5531 5530 5532
f 5533 5531 5532
f 5533 5532 5534
f 5535 5533 5534
f 5535 5534 5536
f 5536 5534 5537
f 5534 5538 5537
f 5536 5537 5539
f 5536 5539 5540
f 5536 5540 5541
f 5536 5541 5542
f 5543 5536 5542
f 5543 5542 5544
f 5545 5543 5544
f 5545 5544 5546
f 5545 5546 5547
f 5545 5547 5548
f 5549 5545 5548
f 5549 5548 5550
f 5549 5550 5551
f 5549 5551 5552
f 5553 5549 5552
f 5553 5552 5554
f 5553 5554 5555
f 5553 5555 5556
f 5557 5553 5556
f 5557 5556 5558
f 5557 5558 5559
f 5560 5557 5559
f 5560 5559 5561
f 5560 5561 5562
f 5563 5560 5562
f 5563 5562 5564
f 5565 5563 5564
f 5565 5564 5566
f 5567 5565 5566
f 5567 5566 5568
f 5566 5569 5568
f 5567 5568 5570
f 5567 5570 5571
f 5572 5567 5571
f 5572 5571 5573
f 5574 5572 5573
f 5574 5573 5575
f 5576 5574 5575
f 5577 5576 5575
f 5577 5575 5578
f 5575 5579 5578
f 5580 5577 5578
f 5580 5578 5581
f 5582 5580 5581
f 5583 5582 5581
f 5584 5583 5581
f 5585 5584 5581
f 5585 5581 5586
f 5587 5585 5586
f 5587 5586 5588
f 5587 5588 5589
f 5587 5589 5590
f 5589 5591 5590
f 5592 5587 5590
f 5592 5590 5593
f 5594 5592 5593
f 5595 5594 5593
f 5595 5593 5596
f 5597 5595 5596
f 5597 5596 5598
f 5599 5597 5598
f 5600 5599 5598
f 5600 5598 5601
f 5602 5600 5601
f 5602 5601 5603
f 5602 5603 5604
f 5605 5602 5604
f 5605 5604 5606
f 5605 5606 5607
f 5608 5607 5606
f 5605 5607 5609
f 5605 5609 5610
f 5605 5610 5611
f 5605 5611 5612
f 5605 5612 5613
f 5614 5605 5613
f 5614 5613 5615
f 5614 5615 5616
f 5614 5616 5617
f 5618 5614 5617
f 5618 5617 5619
f 5620 5618 5619
f 5620 5619 5621
f 5620 5621 5622
f 5623 5620 5622
f 5623 5622 5624
f 5625 5623 5624
f 5625 5624 5626
f 5627 5625 5626
f 5627 5626 5628
f 5629 5627 5628
f 5629 5628 5630
f 5631 5629 5630
f 5631 5630 5632
f 5633 5631 5632
f 5633 5632 5634
f 5635 5633 5634
f 5635 5634 5636
f 5637 5635 5636
f 5638 5637 5636
f 5638 5636 5639
f 5640 5638 5639
f 5640 5639 5641
f 5642 5640 5641
f 5643 5642 5641
f 5643 5641 5644
f 5645 5643 5644
f 5645 5644 5646
f 5647 5645 5646
f 5647 5646 5648
f 5649 5647 5648
f 5650 5649 5648
f 5650 5648 5651
f 5652 5650 5651
f 5652 5651 5653
f 5654 5652 5653
f 5654 5653 5655
f 5656 5654 5655
f 5656 5655 5657
f 5658 5656 5657
f 5658 5657 5659
f 5660 5658 5659
f 5661 5660 5659
f 5661 5659 5662
f 5663 5661 5662
f 5663 5662 5664
f 5665 5663 5664
f 5666 5665 5664
f 5666 5664 5667
f 5668 5666 5667
f 5668 5667 5669
f 5670 5668 5669
f 5671 5670 5669
f 5671 5669 5672
f 5673 5671 5672
f 5673 5672 5674
f 5675 5673 5674
f 5676 5675 5674
f 5676 5674 5677
f 5678 5676 5677
f 5679 5678 5677
f 5679 5677 5680
f 5681 5679 5680
f 5682 5681 5680
f 5682 5680 5683
f 5684 5682 5683
f 5685 5684 5683
f 5686 5685 5683
f 5686 5683 5687
f 5688 5686 5687
f 5689 5688 5687
f 5690 5689 5687
f 5691 5690 5687
f 5692 5691 5687
f 5693 5692 5687
f 5693 5687 5694
f 5687 5695 5694
f 5693 5694 5696
f 5697 5693 5696
f 5698 5697 5696
f 5699 5698 5696
f 5700 5699 5696
f 5701 5700 5696
f 5701 5696 5702
f 5703 5701 5702
f 5704 5703 5702
f 5705 5704 5702
f 5706 5705 5702
f 5706 5702 5707
f 5708 5706 5707
f 5709 5708 5707
f 5710 5709 5707
f 5710 5707 5711
f 5712 5710 5711
f 5713 5712 5711
f 5713 5711 5714
f 5715 5713 5714
f 5715 5714 5716
f 5717 5715 5716
f 5718 5717 5716
f 5718 5716 5719
f 5720 5718 5719
f 5720 5719 5721
f 5722 5720 5721
f 5722 5721 5723
f 5722 5723 5724
f 5725 5722 5724
f 5725 5724 5726
f 5725 5726 5727
f 5728 5725 5727
f 5728 5727 5729
f 5728 5729 5730
f 5731 5728 5730
f 5731 5730 5732
f 5731 5732 5733
f 5487 5731 5733
f 5487 5733 5734
f 5487 5734 5735
f 5487 5735 5736
f 5487 5736 5485
f 5695 5737 5694
f 5695 5738 5737
f 5695 5739 5738
f 5739 5740 5738
f 5739 5741 5740
f 5739 5742 5741
f 5742 5743 5741
f 5742 5744 5743
f 5744 5745 5743
f 5744 5746 5745
f 5744 5747 5746
f 5747 5748 5746
f 5747 5749 5748
f 5749 5750 5748
f 5749 5751 5750
f 5749 5752 5751
f 5752 5753 5751
f 5752 5754 5753
f 5754 5755 5753
f 5755 5756 5753
f 5755 5757 5756
f 5757 5758 5756
f 5757 5759 5758
f 5759 5760 5758
f 5760 5761 5758
f 5760 5762 5761
f 5762 5763 5761
f 5762 5764 5763
f 5764 5765 5763
f 5765 5766 5763
f 5765 5767 5766
f 5767 5768 5766
f 5767 5769 5768
f 5769 5770 5768
f 5770 5771 5768
f 5770 5772 5771
f 5772 5773 5771
f 5773 5774 5771
f 5773 5775 5774
f 5775 5776 5774
f 5776 5777 5774
f 5777 5778 5774
f 5777 5779 5778
f 5779 5780 5778
f 5780 5781 5778
f 5781 5782 5778
f 5781 5783 5782
f 5783 5784 5782
f 5784 5785 5782
f 5785 5786 5782
f 5786 5787 5782
f 5787 5788 5782
f 5787 5789 5788
f 5789 5790 5788
f 5789 5791 5790
f 5788 5790 5792
f 5788 5792 5793
f 5788 5793 5794
f 5788 5794 5795
f 5796 5788 5795
f 5796 5795 5797
f 5796 5797 5798
f 5796 5798 5799
f 5800 5796 5799
f 5800 5799 5801
f 5800 5801 5802
f 5800 5802 5803
f 5804 5800 5803
f 5804 5803 5805
f 5804 5805 5806
f 5804 5806 5807
f 5808 5804 5807
f 5808 5807 5809
f 5808 5809 5810
f 5808 5810 5811
f 5808 5811 5812
f 5808 5812 5813
f 5814 5808 5813
f 5815 5814 5813
f 5815 5816 5814
f 5815 5813 5817
f 5818 5815 5817
f 5818 5817 5819
f 5818 5819 5820
f 5821 5818 5820
f 5821 5820 5822
f 5821 5822 5823
f 5824 5821 5823
f 5824 5823 5825
f 5826 5824 5825
f 5826 5825 5827
f 5828 5826 5827
f 5828 5827 5829
f 5830 5828 5829
f 5830 5829 5831
f 5832 5830 5831
f 5832 5831 5833
f 5831 5834 5833
f 5832 5833 5835
f 5836 5832 5835
f 5837 5836 5835
f 5838 5837 5835
f 5839 5838 5835
f 5840 5839 5835
f 5840 5835 5816
f 5841 5840 5816
f 5841 5816 5815
f 5834 5842 5833
f 5842 5843 5833
f 5843 5844 5833
f 5844 5845 5833
f 5844 5846 5845
f 5846 5847 5845
f 5847 5848 5845
f 5849 5845 5848
f 5849 5850 5845
f 5849 5848 5851
f 5791 5849 5851
f 5791 5851 5790
f 5850 5852 5845
f 5852 5853 5845
f 5852 5854 5853
f 5854 5855 5853
f 5855 5856 5853
f 5856 5857 5853
f 5857 5858 5853
f 5857 5859 5858
f 5859 5860 5858
f 5860 5861 5858
f 5860 5862 5861
f 5862 5863 5861
f 5862 5864 5863
f 5864 5865 5863
f 5865 5866 5863
f 5866 5867 5863
f 5866 5868 5867
f 5868 5869 5867
f 5869 5870 5867
f 5869 5871 5870
f 5871 5872 5870
f 5872 5873 5870
f 5872 5874 5873
f 5874 5875 5873
f 5874 5876 5875
f 5876 5877 5875
f 5876 5878 5877
f 5878 5879 5877
f 5878 5880 5879
f 5878 5881 5880
f 5878 5882 5881
f 5878 5883 5882
f 5882 5884 5881
f 5882 5885 5884
f 5885 5886 5884
f 5885 5887 5886
f 5887 5888 5886
f 5887 5889 5888
f 5883 5890 5882
f 5883 5891 5890
f 5883 5892 5891
f 5883 5893 5892
f 5893 5894 5892
f 5893 5895 5894
f 5893 5896 5895
f 5896 5897 5895
f 5896 5898 5897
f 5898 5899 5897
f 5899 5900 5897
f 5900 5901 5897
f 5900 5902 5901
f 5902 5903 5901
f 5903 5904 5901
f 5904 5905 5901
f 5905 5906 5901
f 5905 5907 5906
f 5907 5908 5906
f 5907 5909 5908
f 5909 5910 5908
f 5909 5911 5910
f 5909 5912 5911
f 5912 5913 5911
f 5912 5914 5913
f 5914 5915 5913
f 5914 5916 5915
f 5916 5917 5915
f 5916 5918 5917
f 5916 5919 5918
f 5916 5920 5919
f 5916 5921 5920
f 5921 5922 5920
f 5921 5923 5922
f 5921 5924 5923
f 5924 5925 5923
f 5924 5926 5925
f 5924 5927 5926
f 5927 5928 5926
f 5927 5929 5928
f 5927 5930 5929
f 5927 5931 5930
f 5927 5932 5931
f 5927 5933 5932
f 5927 5934 5933
f 5934 5935 5933
f 5934 5936 5935
f 5934 5937 5936
f 5934 5938 5937
f 5934 5939 5938
f 5934 5940 5939
f 5940 5941 5939
f 5940 5942 5941
f 5940 5943 5942
f 5940 5944 5943
f 5943 5945 5942
f 5945 5946 5942
f 5946 5947 5942
f 5946 5948 5947
f 5948 5949 5947
f 5948 5950 5949
f 5950 5951 5949
f 5950 5952 5951
f 5952 5953 5951
f 5952 5954 5953
f 5954 5955 5953
f 5954 5956 5955
f 5956 5957 5955
f 5956 5958 5957
f 5958 5959 5957
f 5958 5960 5959
f 5960 5961 5959
f 5960 5962 5961
f 5962 5963 5961
f 5962 5964 5963
f 5940 5965 5944
f 5965 5966 5944
f 5965 5967 5966
f 5965 5968 5967
f 5965 5969 5968
f 5965 5970 5969
f 5965 5971 5970
f 5971 5972 5970
f 5971 5973 5972
f 5973 5974 5972
f 5973 5975 5974
f 5973 5976 5975
f 5973 5977 5976
f 5973 5978 5977
f 5973 5979 5978
f 5973 5980 5979
f 5980 5981 5979
f 5980 5982 5981
f 5980 5983 5982
f 5980 5984 5983
f 5980 5985 5984
f 5980 5986 5985
f 5986 5987 5985
f 5986 5988 5987
f 5986 5989 5988
f 5986 5990 5989
f 5986 5991 5990
f 5991 5992 5990
f 5991 5993 5992
f 5991 5994 5993
f 5991 5995 5994
f 5995 5996 5994
f 5995 5997 5996
f 5995 5998 5997
f 5997 5999 5996
f 5999 6000 5996
f 6000 6001 5996
f 6001 6002 5996
f 6001 6003 6002
f 6003 6004 6002
f 6004 6005 6002
f 6004 6006 6005
f 6006 6007 6005
f 6006 6008 6007
f 6008 6009 6007
f 6008 6010 6009
f 6010 6011 6009
f 6010 6012 6011
f 6012 6013 6011
f 6012 6014 6013
f 6014 6015 6013
f 6015 6016 6013
f 6015 6017 6016
f 6017 6018 6016
f 6018 6019 6016
f 6019 6020 6016
f 6020 6021 6016
f 6020 6022 6021
f 6022 6023 6021
f 6022 6024 6023
f 6024 6025 6023
f 6024 6026 6025
f 6026 6027 6025
f 5995 6028 5998
f 5995 6029 6028
f 6029 6030 6028
f 6029 6031 6030
f 6029 6032 6031
f 6032 6033 6031
f 6032 6034 6033
f 6032 6035 6034
f 6035 6036 6034
f 6035 6037 6036
f 6035 6038 6037
f 6035 6039 6038
f 6035 6040 6039
f 6041 6040 6035
f 6041 6042 6040
f 6042 6043 6040
f 6042 6044 6043
f 6044 6045 6043
f 6044 6046 6045
f 6046 5608 6045
f 5608 5606 6045
f 5814 5816 6047
f 5814 6047 6048
f 5814 6048 6049
f 6049 6048 6050
f 5814 6049 6051
f 5814 6051 6052
f 6053 5814 6052
f 6053 6052 6054
f 6053 6054 6055
f 6053 6055 6056
f 6053 6056 6057
f 6053 6057 6058
f 6059 6053 6058
f 6059 6058 6060
f 6059 6060 6061
f 6059 6061 6062
f 6059 6062 6063
f 6059 6063 6064
f 6065 6059 6064
f 6065 6064 6066
f 6065 6066 6067
f 6065 6067 6068
f 6069 6065 6068
f 6069 6068 6070
f 6069 6070 6071
f 6069 6071 6072
f 6073 6069 6072
f 6073 6072 6074
f 6073 6074 6075
f 6076 6073 6075
f 6076 6075 6077
f 6076 6077 6078
f 6079 6076 6078
f 6079 6078 6080
f 6081 6079 6080
f 6081 6080 6082
f 6081 6082 6083
f 6084 6081 6083
f 6084 6083 6085
f 6084 6085 6086
f 6087 6084 6086
f 6087 6086 6088
f 6089 6087 6088
f 6089 6088 6090
f 6089 6090 6091
f 6092 6089 6091
f 6092 6091 6093
f 6094 6092 6093
f 6094 6093 6095
f 6094 6095 6096
f 6097 6094 6096
f 6097 6096 6098
f 6099 6097 6098
f 6099 6098 6100
f 6101 6099 6100
f 6101 6102 6099
f 6101 6100 6103
f 6104 6101 6103
f 6105 6104 6103
f 6106 6105 6103
f 6107 6106 6103
f 6108 6107 6103
f 6109 6108 6103
f 6109 6103 6110
f 6111 6109 6110
f 6112 6111 6110
f 6113 6112 6110
f 6113 6110 6114
f 6115 6113 6114
f 6115 6114 6116
f 6117 6115 6116
f 6118 6117 6116
f 6118 6116 6119
f 6120 6118 6119
f 6120 6119 6121
f 6122 6120 6121
f 6122 6121 6123
f 6124 6122 6123
f 6124 6123 6125
f 6126 6124 6125
f 6126 6125 6127
f 6128 6126 6127
f 6128 6127 6129
f 6130 6128 6129
f 6130 6129 6131
f 6132 6130 6131
f 6132 6131 6133
f 6134 6132 6133
f 6134 6133 6135
f 6136 6134 6135
f 6136 6135 6137
f 6138 6136 6137
f 6138 6137 6139
f 6140 6138 6139
f 6140 6139 6141
f 6142 6140 6141
f 6142 6141 6143
f 6144 6142 6143
f 6145 6144 6143
f 6145 6143 6146
f 6147 6145 6146
f 6147 6146 6148
f 6149 6147 6148
f 6150 6149 6148
f 6150 6148 6151
f 6150 6151 6152
f 6153 6150 6152
f 6153 6152 6154
f 6155 6153 6154
f 6155 6154 6156
f 6155 6156 6157
f 6158 6155 6157
f 6158 6157 6159
f 6160 6158 6159
f 6160 6159 6161
f 6160 6161 6162
f 6163 6160 6162
f 6163 6162 6164
f 6165 6163 6164
f 6165 6164 6166
f 6165 6166 6167
f 6168 6165 6167
f 6168 6167 6169
f 6168 6169 6170
f 6171 6168 6170
f 6171 6170 6172
f 6173 6171 6172
f 6173 6172 6174
f 6173 6174 6175
f 6176 6173 6175
f 6176 6175 6177
f 6178 6176 6177
f 6178 6177 6179
f 6180 6178 6179
f 6180 6179 6181
f 6180 6181 6182
f 6180 6182 6183
f 6184 6180 6183
f 6184 6183 6185
f 6184 6185 6186
f 6184 6186 6187
f 6184 6187 6188
f 6187 6189 6188
f 6190 6184 6188
f 6190 6188 6191
f 6190 6191 6192
f 6193 6190 6192
f 6193 6192 6194
f 6193 6194 6195
f 6196 6193 6195
f 6196 6195 6197
f 6198 6196 6197
f 6199 6198 6197
f 6199 6197 6200
f 6201 6199 6200
f 6201 6200 6202
f 6203 6201 6202
f 6204 6203 6202
f 6204 6202 6205
f 6206 6204 6205
f 6207 6206 6205
f 6207 6205 6208
f 6209 6207 6208
f 6209 6208 6210
f 6208 6211 6210
f 6209 6210 6212
f 6209 6212 6213
f 6214 6209 6213
f 6214 6213 6215
f 6216 6214 6215
f 6216 6215 6217
f 6218 6216 6217
f 6219 6218 6217
f 6219 6217 6220
f 6221 6220 6217
f 6222 6221 6217
f 6222 6217 6223
f 6217 6224 6223
f 6222 6223 6225
f 6226 6222 6225
f 6227 6226 6225
f 6227 6225 6228
f 6227 6228 6229
f 6230 6227 6229
f 6230 6229 6231
f 6230 6231 6232
f 6231 6233 6232
f 6234 6230 6232
f 6234 6232 6235
f 6236 6234 6235
f 6236 6235 6237
f 6238 6236 6237
f 6238 6237 6239
f 6238 6239 6240
f 6241 6238 6240
f 6241 6240 6242
f 6241 6242 6243
f 6244 6241 6243
f 6244 6243 6245
f 6244 6245 6246
f 6244 6246 6247
f 6244 6247 6248
f 6244 6248 6249
f 6244 6249 6250
f 6251 6244 6250
f 6251 6250 6252
f 6251 6252 6253
f 6251 6253 6254
f 6251 6254 6255
f 6256 6251 6255
f 6256 6255 6257
f 6256 6257 6258
f 6259 6256 6258
f 6259 6258 6260
f 6261 6259 6260
f 6262 6261 6260
f 6263 6262 6260
f 6263 6260 6264
f 6265 6263 6264
f 6265 6264 6266
f 6265 6266 6267
f 6268 6265 6267
f 6268 6267 6269
f 6268 6269 6270
f 6269 6271 6270
f 6272 6268 6270
f 6272 6270 6273
f 6274 6272 6273
f 6274 6273 6275
f 6274 6275 6276
f 6277 6274 6276
f 6277 6276 6278
f 6279 6277 6278
f 6279 6278 6280
f 6281 6279 6280
f 6282 6281 6280
f 6282 6280 6283
f 6284 6282 6283
f 6284 6283 6285
f 6286 6284 6285
f 6286 6285 6287
f 6286 6287 6288
f 6289 6286 6288
f 6289 6288 6290
f 6291 6289 6290
f 6291 6290 6292
f 6293 6291 6292
f 6293 6292 6294
f 6293 6294 6295
f 6296 6293 6295
f 6296 6295 6297
f 6296 6297 6298
f 6299 6296 6298
f 6299 6298 6300
f 6301 6299 6300
f 6301 6300 6302
f 6303 6301 6302
f 6303 6302 6304
f 6305 6303 6304
f 6305 6304 6306
f 6307 6305 6306
f 6307 6306 6308
f 6309 6307 6308
f 6310 6309 6308
f 6311 6310 6308
f 6312 6311 6308
f 6312 6308 6313
f 6312 6313 6314
f 6315 6314 6313
f 6312 6314 6316
f 6312 6316 6317
f 6318 6312 6317
f 6318 6317 6319
f 6318 6319 6320
f 6318 6320 6321
f 6318 6321 6322
f 6318 6322 6323
f 6324 6318 6323
f 6324 6323 6325
f 6326 6324 6325
f 6326 6325 6327
f 6328 6326 6327
f 6328 6327 6329
f 6330 6328 6329
f 6330 6329 6331
f 6332 6330 6331
f 6332 6331 6333
f 6334 6332 6333
f 6334 6333 6335
f 6336 6334 6335
f 6336 6335 6337
f 6338 6336 6337
f 6338 6337 6339
f 6340 6338 6339
f 6340 6339 6341
f 6342 6340 6341
f 6342 6341 6343
f 6344 6342 6343
f 6345 6344 6343
f 6345 6343 6346
f 6347 6345 6346
f 6347 6346 6348
f 6349 6347 6348
f 6350 6349 6348
f 6351 6350 6348
f 6352 6351 6348
f 6352 6348 6353
f 6354 6352 6353
f 6355 6354 6353
f 6356 6355 6353
f 6357 6356 6353
f 6357 6353 6358
f 6359 6357 6358
f 6360 6359 6358
f 6361 6360 6358
f 6362 6361 6358
f 6362 6358 6099
f 6363 6362 6099
f 6102 6363 6099
f 6364 6315 6313
f 6365 6364 6313
f 6365 6313 6366
f 6367 6365 6366
f 6367 6366 6368
f 6369 6367 6368
f 6369 6368 6370
f 6369 6370 6371
f 6369 6371 6372
f 5349 6369 6372
f 5349 6372 5347
f 6372 6373 5347
f 6373 6374 5347
f 6374 6375 5347
f 6374 6376 6375
f 6376 6377 6375
f 6376 6378 6377
f 6378 6379 6377
f 6378 6380 6379
f 6380 6381 6379
f 6380 6382 6381
f 6382 6383 6381
f 6382 6384 6383
f 6384 6385 6383
f 6384 6386 6385
f 6386 6387 6385
f 6386 6388 6387
f 6388 6389 6387
f 6388 6390 6389
f 6390 6391 6389
f 6390 6392 6391
f 6271 6393 6270
f 6393 6394 6270
f 6393 6395 6394
f 6395 6396 6394
f 6396 6397 6394
f 6396 6398 6397
f 6398 6399 6397
f 6398 6400 6399
f 6400 6401 6399
f 6400 6402 6401
f 6402 6403 6401
f 6402 6404 6403
f 6404 6405 6403
f 6404 6406 6405
f 6406 6407 6405
f 6407 6408 6405
f 6407 6409 6408
f 6409 6410 6408
f 6410 6411 6408
f 6411 6412 6408
f 6412 6413 6408
f 6412 6414 6413
f 6414 6415 6413
f 6414 6416 6415
f 6416 6417 6415
f 6416 6418 6417
f 6418 6419 6417
f 6233 6420 6232
f 6420 6421 6232
f 6421 6422 6232
f 6422 6423 6232
f 6422 6424 6423
f 6424 6425 6423
f 6425 6426 6423
f 6425 6427 6426
f 6427 6428 6426
f 6427 6429 6428
f 6429 6430 6428
f 6430 6431 6428
f 6430 6432 6431
f 6432 6433 6431
f 6432 6434 6433
f 6434 6435 6433
f 6435 6436 6433
f 6435 6437 6436
f 6437 6438 6436
f 6438 6439 6436
f 6438 6440 6439
f 6440 6441 6439
f 6440 6442 6441
f 6442 6443 6441
f 6442 6444 6443
f 6442 6445 6444
f 6445 6446 6444
f 6445 6447 6446
f 6447 6448 6446
f 6447 6449 6448
f 6449 6450 6448
f 6449 6451 6450
f 6451 6452 6450
f 6451 6453 6452
f 6453 6454 6452
f 6454 6455 6452
f 6217 6456 6224
f 6456 6457 6224
f 6456 6458 6457
f 6458 6459 6457
f 6458 6460 6459
f 6460 6461 6459
f 6460 6462 6461
f 6462 6463 6461
f 6462 6464 6463
f 6464 6465 6463
f 6464 6466 6465
f 6466 6467 6465
f 6466 6468 6467
f 6468 6469 6467
f 6468 6470 6469
f 6470 6471 6469
f 6470 6472 6471
f 6472 6473 6471
f 6472 6474 6473
f 6474 6475 6473
f 6474 6476 6475
f 6475 6477 6473
f 6475 6478 6477
f 6477 6479 6473
f 6479 6480 6473
f 6479 6481 6480
f 6481 6482 6480
f 6482 6483 6480
f 6483 6484 6480
f 6484 6485 6480
f 6484 6486 6485
f 6486 6487 6485
f 6487 6488 6485
f 6487 6489 6488
f 6489 6490 6488
f 6489 6491 6490
f 6491 6492 6490
f 6491 6493 6492
f 6493 6494 6492
f 6493 6495 6494
f 6495 6496 6494
f 6496 6497 6494
f 6496 6498 6497
f 6498 6499 6497
f 6498 6500 6499
f 6500 6501 6499
f 6500 6502 6501
f 6502 6503 6501
f 6502 6504 6503
f 6504 6505 6503
f 6505 6506 6503
f 6505 6507 6506
f 6507 6508 6506
f 6507 6509 6508
f 6509 6510 6508
f 6510 6511 6508
f 6510 6512 6511
f 6512 6513 6511
f 6512 6514 6513
f 6512 6515 6514
f 6512 6516 6515
f 6516 6517 6515
f 6516 6518 6517
f 6516 6519 6518
f 6519 6520 6518
f 6520 6521 6518
f 6520 6522 6521
f 6522 6523 6521
f 6478 6524 6477
f 6478 6525 6524
f 6478 6526 6525
f 6526 6527 6525
f 6526 6528 6527
f 6528 6529 6527
f 6528 6530 6529
f 6530 6531 6529
f 6530 6532 6531
f 6532 6533 6531
f 6532 6534 6533
f 6534 6535 6533
f 6534 6536 6535
f 6536 6537 6535
f 6536 6538 6537
f 6538 6539 6537
f 6538 6540 6539
f 6540 6541 6539
f 6541 6542 6539
f 6541 6543 6542
f 6543 6544 6542
f 6543 6545 6544
f 6545 6546 6544
f 6545 6547 6546
f 6547 6548 6546
f 6547 6549 6548
f 6549 6550 6548
f 6549 6551 6550
f 6551 6552 6550
f 6551 6553 6552
f 6553 6554 6552
f 6553 6555 6554
f 6555 6556 6554
f 6555 6557 6556
f 6557 6558 6556
f 6557 6559 6558
f 6559 6560 6558
f 6559 6561 6560
f 6561 6562 6560
f 6561 6563 6562
f 6563 6564 6562
f 6563 6565 6564
f 6565 6566 6564
f 6565 6567 6566
f 6567 6568 6566
f 6567 6569 6568
f 6569 6570 6568
f 6569 6571 6570
f 6569 6572 6571
f 6572 6573 6571
f 6572 6574 6573
f 6574 6575 6573
f 6574 6576 6575
f 6576 6577 6575
f 6577 6578 6575
f 6577 6579 6578
f 6474 6580 6476
f 6580 6581 6476
f 6580 6582 6581
f 6580 6583 6582
f 6580 6584 6583
f 6584 6585 6583
f 6584 6586 6585
f 6584 6587 6586
f 6587 6588 6586
f 6587 6589 6588
f 6589 6590 6588
f 6589 6591 6590
f 6591 6592 6590
f 6591 6593 6592
f 6593 6594 6592
f 6593 6595 6594
f 6595 6596 6594
f 6595 6597 6596
f 6597 6598 6596
f 6597 6599 6598
f 6597 6600 6599
f 6600 6601 6599
f 6600 6602 6601
f 6602 6603 6601
f 6602 6604 6603
f 6602 6605 6604
f 6605 6606 6604
f 6605 6607 6606
f 6607 6608 6606
f 6607 6609 6608
f 6609 6610 6608
f 6610 6611 6608
f 6610 6612 6611
f 6612 6613 6611
f 6613 6614 6611
f 6614 6615 6611
f 6615 6616 6611
f 6615 6617 6616
f 6617 6618 6616
f 6617 6619 6618
f 6617 6620 6619
f 6617 6621 6620
f 6211 6622 6210
f 6211 6623 6622
f 6211 6624 6623
f 6624 6625 6623
f 6624 6626 6625
f 6624 6627 6626
f 6627 6628 6626
f 6627 6629 6628
f 6627 6630 6629
f 6630 6631 6629
f 6630 6632 6631
f 6632 6633 6631
f 6632 6634 6633
f 6632 6635 6634
f 6635 6636 6634
f 6635 6637 6636
f 6635 6638 6637
f 6638 6639 6637
f 6638 6640 6639
f 6638 6641 6640
f 6641 6642 6640
f 6642 6643 6640
f 6642 6644 6643
f 6644 6645 6643
f 6644 6646 6645
f 6646 6647 6645
f 6646 6648 6647
f 6648 6649 6647
f 6648 6650 6649
f 6650 6651 6649
f 6650 6652 6651
f 6652 6653 6651
f 6652 6654 6653
f 6189 6655 6188
f 6189 6656 6655
f 6656 6657 6655
f 6657 6658 6655
f 6658 6659 6655
f 6659 6660 6655
f 6659 6661 6660
f 6661 6662 6660
f 6661 6663 6662
f 6663 6664 6662
f 6664 6665 6662
f 6664 6666 6665
f 6666 6667 6665
f 6666 6668 6667
f 6668 6669 6667
f 6669 6670 6667
f 6669 6671 6670
f 6671 6672 6670
f 6671 6673 6672
f 6673 6674 6672
f 6673 6675 6674
f 6673 6676 6675
f 6673 6677 6676
f 6673 6678 6677
f 6673 6679 6678
f 6678 6680 6677
f 6678 6681 6680
f 6678 6682 6681
f 6678 6683 6682
f 6678 6684 6683
f 6684 6685 6683
f 6684 6686 6685
f 6684 6687 6686
f 6684 6688 6687
f 6688 6689 6687
f 6688 6690 6689
f 6690 6691 6689
f 6691 6692 6689
f 6691 6693 6692
f 6693 6694 6692
f 6693 6695 6694
f 6695 6696 6694
f 6695 6697 6696
f 6695 6698 6697
f 6695 6699 6698
f 6699 6700 6698
f 6699 6701 6700
f 6699 6702 6701
f 6699 6703 6702
f 6699 6704 6703
f 6704 6705 6703
f 6704 6706 6705
f 6706 6707 6705
f 6706 6708 6707
f 6673 6709 6679
f 6709 6710 6679
f 6709 6711 6710
f 6709 6712 6711
f 6709 6713 6712
f 6713 6714 6712
f 6713 6715 6714
f 6713 6716 6715
f 6713 6717 6716
f 6717 6718 6716
f 6717 6719 6718
f 6717 6720 6719
f 6717 6721 6720
f 6717 6722 6721
f 6722 6723 6721
f 6722 6724 6723
f 6722 6725 6724
f 6722 6726 6725
f 6722 6727 6726
f 6722 6728 6727
f 6722 6729 6728
f 6729 6730 6728
f 6729 6731 6730
f 6729 6732 6731
f 6729 6733 6732
f 6729 6734 6733
f 6729 6735 6734
f 6735 6736 6734
f 6735 6737 6736
f 6737 6738 6736
f 6737 6739 6738
f 6737 6740 6739
f 6737 6741 6740
f 6737 6742 6741
f 6737 6743 6742
f 6737 6744 6743
f 6743 6745 6742
f 6745 6746 6742
f 6745 6747 6746
f 6745 6748 6747
f 6748 6749 6747
f 6748 6750 6749
f 6748 6751 6750
f 6751 6752 6750
f 6751 6753 6752
f 6753 6754 6752
f 6754 6755 6752
f 6755 6756 6752
f 6755 6757 6756
f 6757 6758 6756
f 6757 6759 6758
f 6759 6760 6758
f 6759 6761 6760
f 6761 6762 6760
f 6761 6763 6762
f 6761 6764 6763
f 6764 6765 6763
f 6737 6766 6744
f 6766 6767 6744
f 6766 6768 6767
f 6766 6769 6768
f 6766 6770 6769
f 6766 6771 6770
f 6766 6772 6771
f 6772 6773 6771
f 6772 6774 6773
f 6772 6775 6774
f 6772 6776 6775
f 6772 6777 6776
f 6777 6778 6776
f 6777 6779 6778
f 6777 6780 6779
f 6777 6781 6780
f 6777 6782 6781
f 6777 6783 6782
f 6777 6784 6783
f 6777 6785 6784
f 6777 6786 6785
f 6785 6787 6784
f 6785 6788 6787
f 6786 6789 6785
f 6786 6790 6789
f 6786 6791 6790
f 6786 6792 6791
f 6786 6793 6792
f 6786 6794 6793
f 6786 6795 6794
f 6786 6796 6795
f 6796 6797 6795
f 6797 6798 6795
f 6797 6799 6798
f 6799 6800 6798
f 6800 6801 6798
f 6801 6802 6798
f 6802 6803 6798
f 6802 6804 6803
f 6804 6805 6803
f 6804 6806 6805
f 6806 6807 6805
f 6806 6808 6807
f 6808 6809 6807
f 6808 6810 6809
f 6810 6811 6809
f 6810 6812 6811
f 6812 6813 6811
f 6812 6814 6813
f 6812 6815 6814
f 6812 6816 6815
f 6815 6817 6814
f 6817 6818 6814
f 6817 6819 6818
f 6817 6820 6819
f 6820 6821 6819
f 6812 6822 6816
f 6822 6823 6816
f 6822 6824 6823
f 6822 6825 6824
f 6825 6826 6824
f 6825 6827 6826
f 6825 6828 6827
f 6828 6829 6827
f 6828 6830 6829
f 6830 6831 6829
f 6831 6832 6829
f 6831 6833 6832
f 6833 6834 6832
f 6834 6835 6832
f 6834 6836 6835
f 6836 6837 6835
f 6837 6838 6835
f 6838 6839 6835
f 6839 6050 6835
f 6839 6840 6050
f 6840 6841 6050
f 6841 6049 6050
f 5591 6842 5590
f 6842 6843 5590
f 6842 6844 6843
f 6844 6845 6843
f 6845 6846 6843
f 6845 6847 6846
f 6847 6848 6846
f 6847 6849 6848
f 6849 6850 6848
f 6850 6851 6848
f 6850 6852 6851
f 6852 6853 6851
f 6852 6854 6853
f 6854 6855 6853
f 6855 6856 6853
f 6855 6857 6856
f 6857 6858 6856
f 6858 6859 6856
f 6858 6860 6859
f 6860 6861 6859
f 6860 6862 6861
f 6862 6863 6861
f 6862 6864 6863
f 6864 6865 6863
f 6864 6866 6865
f 6864 6867 6866
f 6867 6868 6866
f 6867 6869 6868
f 6869 6870 6868
f 6869 6871 6870
f 6871 6872 6870
f 6871 6873 6872
f 6873 6874 6872
f 6874 6875 6872
f 5575 6876 5579
f 6876 6877 5579
f 6876 6878 6877
f 6878 6879 6877
f 6878 6880 6879
f 6880 6881 6879
f 6881 6882 6879
f 6881 6883 6882
f 6883 6884 6882
f 6883 6885 6884
f 6885 6886 6884
f 6885 6887 6886
f 6887 6888 6886
f 6887 6889 6888
f 6889 6890 6888
f 6890 6891 6888
f 6890 6892 6891
f 6892 6893 6891
f 6892 6894 6893
f 6894 6895 6893
f 6894 6896 6895
f 6895 6897 6893
f 6897 6898 6893
f 6897 6899 6898
f 6899 6900 6898
f 6900 6901 6898
f 6900 6902 6901
f 6902 6903 6901
f 6903 6904 6901
f 6903 6905 6904
f 6905 6906 6904
f 6905 6907 6906
f 6907 6908 6906
f 6907 6909 6908
f 6909 6910 6908
f 6909 6911 6910
f 6911 6912 6910
f 6912 6913 6910
f 6912 6914 6913
f 6914 6915 6913
f 6914 6916 6915
f 6916 6917 6915
f 6916 6918 6917
f 6918 6919 6917
f 6918 6920 6919
f 6920 6921 6919
f 6921 6922 6919
f 6921 6923 6922
f 6923 6924 6922
f 6923 6925 6924
f 6925 6926 6924
f 6926 6927 6924
f 6926 6928 6927
f 6928 6929 6927
f 6928 6930 6929
f 6928 6931 6930
f 6928 6932 6931
f 6932 6933 6931
f 6932 6934 6933
f 6932 6935 6934
f 6932 6936 6935
f 6936 6937 6935
f 6937 6938 6935
f 6937 6939 6938
f 6939 6940 6938
f 6894 6941 6896
f 6896 6942 6895
f 6896 6943 6942
f 6943 6944 6942
f 6943 6945 6944
f 6945 6946 6944
f 6945 6947 6946
f 6947 6948 6946
f 6947 6949 6948
f 6949 6950 6948
f 6949 6951 6950
f 6951 6952 6950
f 6952 6953 6950
f 6952 6954 6953
f 6954 6955 6953
f 6955 6956 6953
f 6955 6957 6956
f 6957 6958 6956
f 6957 6959 6958
f 6959 6960 6958
f 6959 6961 6960
f 6961 6962 6960
f 6962 6963 6960
f 6962 6964 6963
f 6964 6965 6963
f 6964 6966 6965
f 6966 6967 6965
f 6966 6968 6967
f 6968 6969 6967
f 6968 6970 6969
f 6970 6971 6969
f 6970 6972 6971
f 6972 6973 6971
f 6972 6974 6973
f 6974 6975 6973
f 6974 6976 6975
f 6976 6977 6975
f 6976 6978 6977
f 6978 6979 6977
f 6978 6980 6979
f 6980 6981 6979
f 6980 6982 6981
f 6982 6983 6981
f 6982 6984 6983
f 6984 6985 6983
f 6984 6986 6985
f 6986 6987 6985
f 6986 6988 6987
f 6988 6989 6987
f 6988 6990 6989
f 6990 6991 6989
f 6990 6992 6991
f 6990 6993 6992
f 6993 6994 6992
f 6993 6995 6994
f 6995 6996 6994
f 6995 6997 6996
f 6997 6998 6996
f 6997 6999 6998
f 6999 7000 6998
f 6999 7001 7000
f 6894 7002 6941
f 7002 7003 6941
f 7002 7004 7003
f 7002 7005 7004
f 7002 7006 7005
f 7006 7007 7005
f 7006 7008 7007
f 7006 7009 7008
f 7009 7010 7008
f 7009 7011 7010
f 7011 7012 7010
f 7011 7013 7012
f 7013 7014 7012
f 7013 7015 7014
f 7015 7016 7014
f 7015 7017 7016
f 7017 7018 7016
f 7017 7019 7018
f 7019 7020 7018
f 7019 7021 7020
f 7019 7022 7021
f 7022 7023 7021
f 7022 7024 7023
f 7024 7025 7023
f 7024 7026 7025
f 7024 7027 7026
f 7027 7028 7026
f 7027 7029 7028
f 7029 7030 7028
f 7029 7031 7030
f 7031 7032 7030
f 7031 7033 7032
f 7033 7034 7032
f 7034 7035 7032
f 7035 7036 7032
f 7036 7037 7032
f 7036 7038 7037
f 7038 7039 7037
f 7038 7040 7039
f 7038 7041 7040
f 5569 7042 5568
f 5569 7043 7042
f 5569 7044 7043
f 7044 7045 7043
f 7044 7046 7045
f 7044 7047 7046
f 7047 7048 7046
f 7047 7049 7048
f 7047 7050 7049
f 7050 7051 7049
f 7050 7052 7051
f 7052 7053 7051
f 7052 7054 7053
f 7052 7055 7054
f 7055 7056 7054
f 7055 7057 7056
f 7055 7058 7057
f 7058 7059 7057
f 7058 7060 7059
f 7058 7061 7060
f 7061 7062 7060
f 7062 7063 7060
f 7062 7064 7063
f 7064 7065 7063
f 7064 7066 7065
f 7066 7067 7065
f 7066 7068 7067
f 7068 7069 7067
f 7068 7070 7069
f 7070 7071 7069
f 7070 7072 7071
f 7072 7073 7071
f 7072 7074 7073
f 5538 7075 5537
f 5538 7076 7075
f 5538 7077 7076
f 7077 7078 7076
f 7077 7079 7078
f 7077 7080 7079
f 7077 7081 7080
f 7081 7082 7080
f 7081 7083 7082
f 7083 7084 7082
f 7084 7085 7082
f 7084 7086 7085
f 7086 7087 7085
f 7086 7088 7087
f 7088 7089 7087
f 7088 7090 7089
f 7088 7091 7090
f 7088 7092 7091
f 7092 7093 7091
f 7092 7094 7093
f 7092 7095 7094
f 7092 7096 7095
f 7092 7097 7096
f 7097 7098 7096
f 7097 7099 7098
f 7099 7100 7098
f 7099 7101 7100
f 5472 7102 5476
f 5472 7103 7102
f 7103 7104 7102
f 7103 7105 7104
f 7103 7106 7105
f 7106 7107 7105
f 7106 7108 7107
f 7108 7109 7107
f 7109 7110 7107
f 7109 7111 7110
f 7111 7112 7110
f 7111 7113 7112
f 7113 7114 7112
f 7113 7115 7114
f 7115 7116 7114
f 7115 7117 7116
f 7115 7118 7117
f 7118 7119 7117
f 5419 7120 5418
f 5419 7121 7120
f 5419 7122 7121
f 7122 7123 7121
f 5389 7124 5391
f 7124 7125 5391
f 7124 7126 7125
f 7124 7127 7126
f 7124 7128 7127
f 7124 7129 7128
f 7124 7130 7129
f 7130 7131 7129
f 7130 7132 7131
f 7132 7133 7131
f 7132 7134 7133
f 7135 7136 7137
f 7138 7136 7135
f 7139 7135 7137
f 7139 7137 7140
f 7139 7140 7141
f 7141 7140 7142
f 7141 7142 7143
f 7143 7142 7144
f 7143 7144 7145
f 7145 7144 7146
f 7145 7146 7147
f 7147 7146 7148
f 7147 7148 7149
f 7149 7148 7150
f 7149 7150 7151
f 7151 7150 7152
f 7151 7152 7153
f 7153 7152 7154
f 7153 7154 7155
f 7155 7154 7156
f 7155 7156 7157
f 7157 7156 7158
f 7157 7158 7159
f 7159 7158 7160
f 7159 7160 7161
f 7161 7160 7162
f 7161 7162 7138
f 7138 7162 7136
f 7163 7164 7165
f 7163 7166 7164
f 7167 7163 7165
f 7168 7167 7165
f 7168 7169 7167
f 7168 7170 7169
f 7170 7171 7169
f 7170 7172 7171
f 7172 7173 7171
f 7166 7174 7164
f 7166 7175 7174
f 7175 7176 7174
