2010 2022 0
v -0.01459923 -0.02413821 0.0103125
v -0.02369523 -0.024055755 0.0103125
v -0.023679885 -0.024166245 0.0103125
v -0.014770845 -0.023582625 0.0103125
v -0.02369523 -0.02427672 0.0103125
v -0.023729055 -0.024373785 0.0103125
v -0.023781555 -0.024457575 0.0103125
v -0.023856825 -0.024531045 0.0103125
v -0.02394729 -0.02458872 0.0103125
v -0.02404275 -0.02462247 0.0103125
v -0.024148635 -0.02463333 0.0103125
v -0.01442247 -0.0246909 0.0103125
v -0.024738255 -0.02592126 0.0103125
v -0.014240565 -0.025240725 0.0103125
v -0.02425452 -0.02462247 0.0103125
v -0.02434998 -0.02458872 0.0103125
v -0.02444046 -0.024531045 0.0103125
v -0.024515715 -0.024457575 0.0103125
v -0.02456823 -0.024373785 0.0103125
v -0.02460204 -0.02427672 0.0103125
v -0.024617385 -0.024166245 0.0103125
v -0.02587971 -0.024010605 0.0103125
v -0.02460204 -0.024055755 0.0103125
v -0.02456823 -0.023958705 0.0103125
v -0.02596365 -0.023883195 0.0103125
v -0.024515715 -0.023874915 0.0103125
v -0.02444046 -0.023801445 0.0103125
v -0.026038635 -0.02374635 0.0103125
v -0.02434998 -0.02374377 0.0103125
v -0.02425452 -0.023710005 0.0103125
v -0.024148635 -0.023699145 0.0103125
v -0.02610471 -0.023600055 0.0103125
v -0.02404275 -0.023710005 0.0103125
v -0.02616459 -0.023443365 0.0103125
v -0.014937315 -0.02302419 0.0103125
v -0.02621763 -0.02327649 0.0103125
v -0.02113437 -0.023095905 0.0103125
v -0.021028485 -0.023085045 0.0103125
v -0.02625384 -0.02310291 0.0103125
v -0.021240255 -0.023085045 0.0103125
v -0.02133573 -0.023051295 0.0103125
v -0.021426195 -0.02299362 0.0103125
v -0.026266665 -0.022923165 0.0103125
v -0.02150145 -0.02292015 0.0103125
v -0.021553965 -0.02283636 0.0103125
v -0.02158779 -0.022739295 0.0103125
v -0.02626059 -0.022734375 0.0103125
v -0.02160312 -0.02262882 0.0103125
v -0.026232435 -0.0225465 0.0103125
v -0.02158779 -0.02251833 0.0103125
v -0.021553965 -0.02242128 0.0103125
v -0.026177835 -0.02236761 0.0103125
v -0.02150145 -0.02233749 0.0103125
v -0.02613963 -0.022278945 0.0103125
v -0.021426195 -0.02226402 0.0103125
v -0.02133573 -0.02220633 0.0103125
v -0.02609535 -0.022191585 0.0103125
v -0.021240255 -0.02217258 0.0103125
v -0.02113437 -0.02216172 0.0103125
v -0.02604609 -0.022106775 0.0103125
v -0.015254805 -0.02189868 0.0103125
v -0.021028485 -0.02217258 0.0103125
v -0.02599299 -0.02202579 0.0103125
v -0.025878495 -0.02187984 0.0103125
v -0.01812012 -0.02155848 0.0103125
v -0.01540584 -0.021331605 0.0103125
v -0.025745955 -0.02175318 0.0103125
v -0.025602375 -0.021642315 0.0103125
v -0.018226005 -0.02154762 0.0103125
v -0.025459665 -0.021545025 0.0103125
v -0.018321465 -0.02151387 0.0103125
v -0.02531859 -0.02146116 0.0103125
v -0.01841193 -0.021456195 0.0103125
v -0.025175895 -0.02139135 0.0103125
v -0.018487185 -0.021382725 0.0103125
v -0.025031565 -0.021335565 0.0103125
v -0.0185397 -0.021298935 0.0103125
v -0.018573525 -0.02120187 0.0103125
v -0.01858887 -0.021091395 0.0103125
v -0.024332565 -0.02102178 0.0103125
v -0.018573525 -0.020980905 0.0103125
v -0.0185397 -0.02088384 0.0103125
v -0.018487185 -0.02080005 0.0103125
v -0.01841193 -0.02072658 0.0103125
v -0.02363706 -0.020703315 0.0103125
v -0.018321465 -0.020668905 0.0103125
v -0.018226005 -0.020635155 0.0103125
v -0.01812012 -0.020624295 0.0103125
v -0.022945065 -0.02038017 0.0103125
v -0.015692445 -0.02018886 0.0103125
v -0.015703665 -0.020142195 0.0103125
v -0.01801422 -0.020635155 0.0103125
v -0.01791876 -0.020668905 0.0103125
v -0.017828295 -0.02072658 0.0103125
v -0.015551715 -0.02076168 0.0103125
v -0.01775304 -0.02080005 0.0103125
v -0.017700525 -0.02088384 0.0103125
v -0.017666715 -0.020980905 0.0103125
v -0.01765137 -0.021091395 0.0103125
v -0.017666715 -0.02120187 0.0103125
v -0.017700525 -0.021298935 0.0103125
v -0.01775304 -0.021382725 0.0103125
v -0.017828295 -0.021456195 0.0103125
v -0.01791876 -0.02151387 0.0103125
v -0.01801422 -0.02154762 0.0103125
v -0.01571649 -0.020096205 0.0103125
v -0.022256565 -0.02005236 0.0103125
v -0.015730905 -0.02005089 0.0103125
v -0.015746925 -0.02000628 0.0103125
v -0.02209941 -0.019981875 0.0103125
v -0.015764535 -0.019962345 0.0103125
v -0.01578375 -0.0199191 0.0103125
v -0.02194452 -0.01991361 0.0103125
v -0.01580457 -0.019876545 0.0103125
v -0.02179191 -0.01984755 0.0103125
v -0.01582698 -0.019834665 0.0103125
v -0.01585098 -0.019793475 0.0103125
v -0.02164158 -0.019783725 0.0103125
v -0.015876585 -0.019752975 0.0103125
v -0.02149353 -0.01972212 0.0103125
v -0.015903795 -0.019713165 0.0103125
v -0.015932595 -0.01967403 0.0103125
v -0.02134776 -0.01966272 0.0103125
v -0.015962745 -0.01963551 0.0103125
v -0.021204255 -0.01960554 0.0103125
v -0.015994065 -0.01959753 0.0103125
v -0.01602672 -0.01956015 0.0103125
v -0.02106303 -0.019550595 0.0103125
v -0.01606083 -0.019523415 0.0103125
v -0.020924085 -0.019497855 0.0103125
v -0.016096545 -0.019487355 0.0103125
v -0.016133985 -0.01945203 0.0103125
v -0.02078742 -0.019447335 0.0103125
v -0.0161733 -0.019417485 0.0103125
v -0.020653035 -0.01939902 0.0103125
v -0.01621464 -0.019383765 0.0103125
v -0.02052093 -0.01935294 0.0103125
v -0.016258125 -0.019350915 0.0103125
v -0.01630389 -0.019318965 0.0103125
v -0.02039109 -0.01930908 0.0103125
v -0.0163521 -0.01928799 0.0103125
v -0.020263545 -0.019267425 0.0103125
v -0.01640286 -0.019258005 0.0103125
v -0.016455765 -0.01922868 0.0103125
v -0.020138265 -0.019228005 0.0103125
v -0.01651038 -0.019199715 0.0103125
v -0.020015265 -0.01919079 0.0103125
v -0.016566855 -0.019171275 0.0103125
v -0.019894725 -0.01915617 0.0103125
v -0.01662534 -0.01914354 0.0103125
v -0.019776765 -0.019124415 0.0103125
v -0.01668597 -0.01911669 0.0103125
v -0.01966134 -0.01909539 0.0103125
v -0.016748895 -0.01909086 0.0103125
v -0.01954836 -0.019068915 0.0103125
v -0.016814265 -0.01906623 0.0103125
v -0.01943775 -0.01904487 0.0103125
v -0.01688223 -0.019042965 0.0103125
v -0.019329435 -0.019023075 0.0103125
v -0.016952925 -0.019021245 0.0103125
v -0.019223355 -0.01900341 0.0103125
v -0.0170265 -0.019001235 0.0103125
v -0.019119435 -0.018985725 0.0103125
v -0.01710312 -0.018983085 0.0103125
v -0.0190176 -0.01896984 0.0103125
v -0.017182905 -0.01896696 0.0103125
v -0.018917775 -0.018955635 0.0103125
v -0.017265405 -0.018952245 0.0103125
v -0.018819885 -0.01894296 0.0103125
v -0.017350185 -0.01893831 0.0103125
v -0.018723855 -0.018931635 0.0103125
v -0.01743738 -0.018925425 0.0103125
v -0.01862964 -0.01892154 0.0103125
v -0.017527155 -0.01891383 0.0103125
v -0.018537135 -0.018912525 0.0103125
v -0.01761966 -0.018903765 0.0103125
v -0.01844628 -0.018904425 0.0103125
v -0.018357 -0.01889709 0.0103125
v -0.01771506 -0.018895485 0.0103125
v -0.01826961 -0.01889106 0.0103125
v -0.01781352 -0.01888923 0.0103125
v -0.01818438 -0.018886905 0.0103125
v -0.017915175 -0.018885255 0.0103125
v -0.018101265 -0.018884535 0.0103125
v -0.018020205 -0.018883815 0.0103125
v -0.020933025 -0.02220633 0.0103125
v -0.02084256 -0.02226402 0.0103125
v -0.020767305 -0.02233749 0.0103125
v -0.02071479 -0.02242128 0.0103125
v -0.01509864 -0.02246286 0.0103125
v -0.020680965 -0.02251833 0.0103125
v -0.02066562 -0.02262882 0.0103125
v -0.020680965 -0.022739295 0.0103125
v -0.02071479 -0.02283636 0.0103125
v -0.020767305 -0.02292015 0.0103125
v -0.02084256 -0.02299362 0.0103125
v -0.020933025 -0.023051295 0.0103125
v -0.02394729 -0.02374377 0.0103125
v -0.023856825 -0.023801445 0.0103125
v -0.023781555 -0.023874915 0.0103125
v -0.023729055 -0.023958705 0.0103125
v -0.014053515 -0.025787685 0.0103125
v -0.024694485 -0.026002335 0.0103125
v -0.024647235 -0.026081475 0.0103125
v -0.02459649 -0.02615871 0.0103125
v -0.024542265 -0.02623401 0.0103125
v -0.024484545 -0.02630739 0.0103125
v -0.013861305 -0.026331765 0.0103125
v -0.02442315 -0.02637948 0.0103125
v -0.02435766 -0.02645145 0.0103125
v -0.02428863 -0.02652168 0.0103125
v -0.02172603 -0.02654847 0.0103125
v -0.02421663 -0.026588415 0.0103125
v -0.0215277 -0.02655063 0.0103125
v -0.021331605 -0.02657622 0.0103125
v -0.02113335 -0.02662626 0.0103125
v -0.021035355 -0.026659365 0.0103125
v -0.020940285 -0.0266973 0.0103125
v -0.02076378 -0.026787195 0.0103125
v -0.01366395 -0.02687298 0.0103125
v -0.020600805 -0.026899365 0.0103125
v -0.020452875 -0.02702517 0.0103125
v -0.020323545 -0.027156495 0.0103125
v -0.02021226 -0.027297495 0.0103125
v -0.013461465 -0.027411315 0.0103125
v -0.02011596 -0.027442005 0.0103125
v -0.020033715 -0.027585285 0.0103125
v -0.01996665 -0.027729885 0.0103125
v -0.01990827 -0.02787285 0.0103125
v -0.01325382 -0.027946785 0.0103125
v -0.01985484 -0.02801235 0.0103125
v -0.019808745 -0.02814954 0.0103125
v -0.019770015 -0.02828445 0.0103125
v -0.01304103 -0.028479375 0.0103125
v -0.019523535 -0.029064 0.0103125
v -0.012823065 -0.029009115 0.0103125
v -0.012599805 -0.02953611 0.0103125
v -0.01927164 -0.029841105 0.0103125
v -0.01237128 -0.030060345 0.0103125
v -0.019014315 -0.03061575 0.0103125
v -0.012137505 -0.03058179 0.0103125
v -0.011898525 -0.03110043 0.0103125
v -0.018751575 -0.03138795 0.0103125
v -0.01165437 -0.031616205 0.0103125
v -0.01848339 -0.03215769 0.0103125
v -0.011405085 -0.0321291 0.0103125
v -0.011150685 -0.032639085 0.0103125
v -0.018209805 -0.032924985 0.0103125
v -0.010891245 -0.03314613 0.0103125
v -0.01793079 -0.03368982 0.0103125
v -0.010626765 -0.033650175 0.0103125
v -0.01035729 -0.03415122 0.0103125
v -0.017646345 -0.03445221 0.0103125
v -0.010082865 -0.03464922 0.0103125
v -0.01735647 -0.03521214 0.0103125
v -0.009803535 -0.03514416 0.0103125
v -0.0095193 -0.03563598 0.0103125
v -0.017061195 -0.03596961 0.0103125
v -0.009230235 -0.036124665 0.0103125
v -0.016760475 -0.036724635 0.0103125
v -0.008936355 -0.03661017 0.0103125
v -0.008637555 -0.03709269 0.0103125
v -0.01645434 -0.037477215 0.0103125
v -0.00833376 -0.03757236 0.0103125
v -0.016142775 -0.038227335 0.0103125
v -0.00802497 -0.038049135 0.0103125
v -0.007711185 -0.03852297 0.0103125
v -0.015825795 -0.03897504 0.0103125
v -0.007392435 -0.038993835 0.0103125
v -0.015503325 -0.03972039 0.0103125
v -0.007068705 -0.03946167 0.0103125
v -0.00674004 -0.039926415 0.0103125
v -0.015175395 -0.040463385 0.0103125
v -0.006406425 -0.040388055 0.0103125
v -0.00606789 -0.040846515 0.0103125
v -0.014842035 -0.041203995 0.0103125
v -0.005724435 -0.041301765 0.0103125
v -0.01450323 -0.04194216 0.0103125
v -0.00537609 -0.041753745 0.0103125
v -0.00502284 -0.04220241 0.0103125
v -0.014158995 -0.04267788 0.0103125
v -0.004664715 -0.04264773 0.0103125
v -0.00430173 -0.043089645 0.0103125
v -0.013809375 -0.04341111 0.0103125
v -0.00393387 -0.043528125 0.0103125
v -0.01345434 -0.044141805 0.0103125
v -0.00356118 -0.043963125 0.0103125
v -0.003183585 -0.044394825 0.0103125
v -0.013093935 -0.044869935 0.0103125
v -0.0028011 -0.04482324 0.0103125
v -0.00241371 -0.04524837 0.0103125
v -0.01272816 -0.045595485 0.0103125
v -0.00202143 -0.045670245 0.0103125
v -0.01235703 -0.04631841 0.0103125
v -0.001624245 -0.04608882 0.0103125
v -0.00122217 -0.046504125 0.0103125
v -0.01198056 -0.047038665 0.0103125
v -0.000815175 -0.04691616 0.0103125
v -0.000403305 -0.04732491 0.0103125
v -0.01159875 -0.047756235 0.0103125
v 1.3485e-05 -0.047730375 0.0103125
v 0.000435165 -0.04813257 0.0103125
v -0.01121163 -0.04847109 0.0103125
v 0.000861735 -0.04853148 0.0103125
v -0.01081914 -0.04918332 0.0103125
v 0.00129321 -0.04892712 0.0103125
v 0.00172959 -0.04931949 0.0103125
v -0.01042131 -0.049892955 0.0103125
v 0.00217086 -0.04970856 0.0103125
v 0.002617035 -0.05009436 0.0103125
v -0.010018095 -0.05059998 0.0103125
v 0.00275892 -0.050221395 0.0103125
v 0.002895615 -0.05035143 0.0103125
v 0.00302712 -0.05048445 0.0103125
v 0.003153435 -0.05062047 0.0103125
v -0.009609525 -0.05130441 0.0103125
v 0.00327456 -0.05075949 0.0103125
v 0.003390495 -0.05090151 0.0103125
v 0.00350124 -0.05104653 0.0103125
v 0.003606795 -0.05119455 0.0103125
v 0.003707145 -0.051345555 0.0103125
v -0.009195585 -0.052006245 0.0103125
v 0.00380232 -0.051499575 0.0103125
v 0.00389241 -0.051656895 0.0103125
v 0.003977835 -0.051818655 0.0103125
v 0.00405846 -0.05198442 0.0103125
v 0.00413406 -0.05215368 0.0103125
v -0.008776275 -0.05270547 0.0103125
v 0.00420444 -0.05232585 0.0103125
v -0.00103218 -0.052501755 0.0103125
v -0.00124467 -0.052513065 0.0103125
v 0.004269405 -0.052500405 0.0103125
v -0.00081969 -0.052513065 0.0103125
v -0.000614955 -0.05254701 0.0103125
v -0.00041577 -0.052605255 0.0103125
v 0.004328745 -0.052676775 0.0103125
v -0.000219405 -0.05268726 0.0103125
v -3.288e-05 -0.05278965 0.0103125
v 0.004382265 -0.05285442 0.0103125
v 0.00013686 -0.052909065 0.0103125
v 0.00442974 -0.053032785 0.0103125
v 0.00029106 -0.05304798 0.0103125
v 0.000432375 -0.053207055 0.0103125
v 0.00447099 -0.053211315 0.0103125
v 0.00055602 -0.05338023 0.0103125
v 0.00450582 -0.053389545 0.0103125
v 0.000657135 -0.053561475 0.0103125
v 0.00453456 -0.053569515 0.0103125
v 0.000734925 -0.05374974 0.0103125
v 0.004557405 -0.053751915 0.0103125
v 0.000791805 -0.053948085 0.0103125
v 0.004574385 -0.05393613 0.0103125
v 0.00458547 -0.054121605 0.0103125
v 0.00082776 -0.05415651 0.0103125
v 0.004590645 -0.054307725 0.0103125
v 0.00084282 -0.054375 0.0103125
v 0.004589925 -0.05449392 0.0103125
v 0.00082776 -0.05459349 0.0103125
v 0.00458328 -0.054679605 0.0103125
v 0.000791805 -0.054801915 0.0103125
v 0.004570725 -0.05486418 0.0103125
v 0.000734925 -0.05500026 0.0103125
v 0.00455223 -0.05504706 0.0103125
v 0.000657135 -0.055188525 0.0103125
v 0.00452781 -0.055227675 0.0103125
v 0.00055602 -0.05536977 0.0103125
v 0.004497255 -0.055406685 0.0103125
v 0.000432375 -0.055542945 0.0103125
v 0.004460295 -0.05558616 0.0103125
v 0.00029106 -0.05570202 0.0103125
v 0.004417095 -0.055765605 0.0103125
v 0.00013686 -0.055840935 0.0103125
v 0.004367835 -0.05594448 0.0103125
v -3.288e-05 -0.05596035 0.0103125
v -0.000219405 -0.05606274 0.0103125
v 0.00431274 -0.056122215 0.0103125
v -0.00041577 -0.056144745 0.0103125
v -0.000614955 -0.05620299 0.0103125
v -0.00081969 -0.056236935 0.0103125
v -0.00103218 -0.056248245 0.0103125
v 0.004251975 -0.05629827 0.0103125
v -0.006147765 -0.056846265 0.0103125
v 0.004185735 -0.05647209 0.0103125
v -0.00124467 -0.056236935 0.0103125
v -0.001449405 -0.05620299 0.0103125
v -0.006599265 -0.05616264 0.0103125
v -0.001648605 -0.056144745 0.0103125
v -0.001844955 -0.05606274 0.0103125
v -0.002031495 -0.05596035 0.0103125
v -0.00220122 -0.055840935 0.0103125
v -0.00235542 -0.05570202 0.0103125
v -0.00249675 -0.055542945 0.0103125
v -0.007045395 -0.055476405 0.0103125
v -0.00262038 -0.05536977 0.0103125
v -0.002721495 -0.055188525 0.0103125
v -0.002799285 -0.05500026 0.0103125
v -0.002856165 -0.054801915 0.0103125
v -0.007486155 -0.05478756 0.0103125
v -0.002892135 -0.05459349 0.0103125
v -0.00290718 -0.054375 0.0103125
v -0.002892135 -0.05415651 0.0103125
v -0.00792156 -0.054096135 0.0103125
v -0.002856165 -0.053948085 0.0103125
v -0.002799285 -0.05374974 0.0103125
v -0.002721495 -0.053561475 0.0103125
v -0.00835161 -0.0534021 0.0103125
v -0.00262038 -0.05338023 0.0103125
v -0.00249675 -0.053207055 0.0103125
v -0.00235542 -0.05304798 0.0103125
v -0.00220122 -0.052909065 0.0103125
v -0.002031495 -0.05278965 0.0103125
v -0.001844955 -0.05268726 0.0103125
v -0.001648605 -0.052605255 0.0103125
v -0.001449405 -0.05254701 0.0103125
v 0.0041142 -0.05664309 0.0103125
v 0.004037565 -0.05681076 0.0103125
v 0.00395604 -0.0569745 0.0103125
v -0.005690895 -0.05752731 0.0103125
v 0.003869625 -0.05713407 0.0103125
v 0.003777195 -0.05729154 0.0103125
v 0.00367875 -0.05744709 0.0103125
v 0.00357465 -0.057600255 0.0103125
v -0.005580375 -0.057682395 0.0103125
v 0.00346527 -0.057750585 0.0103125
v -0.0054663 -0.057832665 0.0103125
v 0.00335097 -0.057897615 0.0103125
v -0.00534867 -0.057978105 0.0103125
v 0.00323211 -0.058040865 0.0103125
v -0.00522747 -0.058118715 0.0103125
v 0.003109065 -0.058179915 0.0103125
v -0.00510273 -0.058254495 0.0103125
v 0.00298218 -0.05831427 0.0103125
v -0.004974435 -0.05838546 0.0103125
v 0.002851845 -0.05844348 0.0103125
v -0.004842585 -0.058511595 0.0103125
v 0.002718405 -0.058567095 0.0103125
v -0.00470718 -0.058632885 0.0103125
v 0.002580765 -0.058686015 0.0103125
v -0.004568235 -0.058749375 0.0103125
v 0.002437905 -0.05880123 0.0103125
v -0.00442572 -0.05886102 0.0103125
v 0.002290305 -0.05891244 0.0103125
v -0.004279335 -0.058968 0.0103125
v 0.00213849 -0.059019315 0.0103125
v -0.00412806 -0.05907084 0.0103125
v 0.001982925 -0.05912157 0.0103125
v -0.00397224 -0.05916933 0.0103125
v 0.00182415 -0.059218875 0.0103125
v -0.0038124 -0.059263215 0.0103125
v 0.001662615 -0.059310915 0.0103125
v -0.003649095 -0.059352255 0.0103125
v 0.00149886 -0.05939739 0.0103125
v -0.00348282 -0.059436165 0.0103125
v 0.00133335 -0.059478 0.0103125
v -0.003314115 -0.059514675 0.0103125
v 0.00116661 -0.0595524 0.0103125
v -0.00314349 -0.059587545 0.0103125
v 0.000998445 -0.05962059 0.0103125
v -0.002971485 -0.059654505 0.0103125
v 0.00082668 -0.05968347 0.0103125
v -0.002798625 -0.059715285 0.0103125
v 0.000651555 -0.059741055 0.0103125
v -0.002625345 -0.05976966 0.0103125
v 0.00047367 -0.05979318 0.0103125
v -0.00244968 -0.05981817 0.0103125
v 0.000293595 -0.059839755 0.0103125
v -0.00227094 -0.0598611 0.0103125
v 0.000111885 -0.059880645 0.0103125
v -0.002089725 -0.05989839 0.0103125
v -7.086e-05 -0.0599157 0.0103125
v -0.001906635 -0.05992995 0.0103125
v -0.0002541 -0.059944815 0.0103125
v -0.001722225 -0.059955735 0.0103125
v -0.00043722 -0.05996787 0.0103125
v -0.001537095 -0.05997564 0.0103125
v -0.00061968 -0.059984715 0.0103125
v -0.00135183 -0.05998962 0.0103125
v -0.000800985 -0.05999523 0.0103125
v -0.001167 -0.0599976 0.0103125
v -0.00098319 -0.05999949 0.0103125
v -0.02191824 -0.02656392 0.0103125
v -0.02209938 -0.026593755 0.0103125
v -0.024142245 -0.026649825 0.0103125
v -0.02227257 -0.02664003 0.0103125
v -0.02243793 -0.02670279 0.0103125
v -0.024065925 -0.02670438 0.0103125
v -0.02398632 -0.026753625 0.0103125
v -0.022560405 -0.026761155 0.0103125
v -0.023903805 -0.026797965 0.0103125
v -0.022691475 -0.026813085 0.0103125
v -0.02381943 -0.02683695 0.0103125
v -0.0228312 -0.026859225 0.0103125
v -0.023734245 -0.02687013 0.0103125
v -0.0236493 -0.0268971 0.0103125
v -0.022979985 -0.02690346 0.0103125
v -0.023476155 -0.02693145 0.0103125
v -0.02313672 -0.02693475 0.0103125
v -0.023301915 -0.02694276 0.0103125
v -0.023679885 -0.024166245 0.0046875
v -0.023679885 -0.024166245 0.0103125
v -0.02369523 -0.024055755 0.0103125
v -0.02369523 -0.02427672 0.0046875
v -0.02369523 -0.024055755 0.0046875
v -0.023729055 -0.023958705 0.0103125
v -0.023729055 -0.023958705 0.0046875
v -0.023781555 -0.023874915 0.0103125
v -0.023781555 -0.023874915 0.0046875
v -0.023856825 -0.023801445 0.0103125
v -0.023856825 -0.023801445 0.0046875
v -0.02394729 -0.02374377 0.0103125
v -0.02394729 -0.02374377 0.0046875
v -0.02404275 -0.023710005 0.0103125
v -0.02404275 -0.023710005 0.0046875
v -0.024148635 -0.023699145 0.0103125
v -0.024148635 -0.023699145 0.0046875
v -0.02425452 -0.023710005 0.0103125
v -0.02425452 -0.023710005 0.0046875
v -0.02434998 -0.02374377 0.0103125
v -0.02434998 -0.02374377 0.0046875
v -0.02444046 -0.023801445 0.0103125
v -0.02444046 -0.023801445 0.0046875
v -0.024515715 -0.023874915 0.0103125
v -0.024515715 -0.023874915 0.0046875
v -0.02456823 -0.023958705 0.0103125
v -0.02456823 -0.023958705 0.0046875
v -0.02460204 -0.024055755 0.0103125
v -0.02460204 -0.024055755 0.0046875
v -0.024617385 -0.024166245 0.0103125
v -0.024617385 -0.024166245 0.0046875
v -0.02460204 -0.02427672 0.0103125
v -0.02460204 -0.02427672 0.0046875
v -0.02456823 -0.024373785 0.0103125
v -0.02456823 -0.024373785 0.0046875
v -0.024515715 -0.024457575 0.0103125
v -0.024515715 -0.024457575 0.0046875
v -0.02444046 -0.024531045 0.0103125
v -0.02444046 -0.024531045 0.0046875
v -0.02434998 -0.02458872 0.0103125
v -0.02434998 -0.02458872 0.0046875
v -0.02425452 -0.02462247 0.0103125
v -0.02425452 -0.02462247 0.0046875
v -0.024148635 -0.02463333 0.0103125
v -0.024148635 -0.02463333 0.0046875
v -0.02404275 -0.02462247 0.0103125
v -0.02404275 -0.02462247 0.0046875
v -0.02394729 -0.02458872 0.0103125
v -0.02394729 -0.02458872 0.0046875
v -0.023856825 -0.024531045 0.0103125
v -0.023856825 -0.024531045 0.0046875
v -0.023781555 -0.024457575 0.0103125
v -0.023781555 -0.024457575 0.0046875
v -0.023729055 -0.024373785 0.0103125
v -0.023729055 -0.024373785 0.0046875
v -0.02369523 -0.02427672 0.0103125
v -0.01765137 -0.021091395 0.0046875
v -0.01765137 -0.021091395 0.0103125
v -0.017666715 -0.020980905 0.0103125
v -0.017666715 -0.02120187 0.0046875
v -0.017666715 -0.020980905 0.0046875
v -0.017700525 -0.02088384 0.0103125
v -0.017700525 -0.02088384 0.0046875
v -0.01775304 -0.02080005 0.0103125
v -0.01775304 -0.02080005 0.0046875
v -0.017828295 -0.02072658 0.0103125
v -0.017828295 -0.02072658 0.0046875
v -0.01791876 -0.020668905 0.0103125
v -0.01791876 -0.020668905 0.0046875
v -0.01801422 -0.020635155 0.0103125
v -0.01801422 -0.020635155 0.0046875
v -0.01812012 -0.020624295 0.0103125
v -0.01812012 -0.020624295 0.0046875
v -0.018226005 -0.020635155 0.0103125
v -0.018226005 -0.020635155 0.0046875
v -0.018321465 -0.020668905 0.0103125
v -0.018321465 -0.020668905 0.0046875
v -0.01841193 -0.02072658 0.0103125
v -0.01841193 -0.02072658 0.0046875
v -0.018487185 -0.02080005 0.0103125
v -0.018487185 -0.02080005 0.0046875
v -0.0185397 -0.02088384 0.0103125
v -0.0185397 -0.02088384 0.0046875
v -0.018573525 -0.020980905 0.0103125
v -0.018573525 -0.020980905 0.0046875
v -0.01858887 -0.021091395 0.0103125
v -0.01858887 -0.021091395 0.0046875
v -0.018573525 -0.02120187 0.0103125
v -0.018573525 -0.02120187 0.0046875
v -0.0185397 -0.021298935 0.0103125
v -0.0185397 -0.021298935 0.0046875
v -0.018487185 -0.021382725 0.0103125
v -0.018487185 -0.021382725 0.0046875
v -0.01841193 -0.021456195 0.0103125
v -0.01841193 -0.021456195 0.0046875
v -0.018321465 -0.02151387 0.0103125
v -0.018321465 -0.02151387 0.0046875
v -0.018226005 -0.02154762 0.0103125
v -0.018226005 -0.02154762 0.0046875
v -0.01812012 -0.02155848 0.0103125
v -0.01812012 -0.02155848 0.0046875
v -0.01801422 -0.02154762 0.0103125
v -0.01801422 -0.02154762 0.0046875
v -0.01791876 -0.02151387 0.0103125
v -0.01791876 -0.02151387 0.0046875
v -0.017828295 -0.021456195 0.0103125
v -0.017828295 -0.021456195 0.0046875
v -0.01775304 -0.021382725 0.0103125
v -0.01775304 -0.021382725 0.0046875
v -0.017700525 -0.021298935 0.0103125
v -0.017700525 -0.021298935 0.0046875
v -0.017666715 -0.02120187 0.0103125
v 0.00084282 -0.054375 0.0046875
v 0.00084282 -0.054375 0.0103125
v 0.00082776 -0.05415651 0.0103125
v 0.00082776 -0.05459349 0.0046875
v 0.00082776 -0.05415651 0.0046875
v 0.000791805 -0.053948085 0.0103125
v 0.000791805 -0.053948085 0.0046875
v 0.000734925 -0.05374974 0.0103125
v 0.000734925 -0.05374974 0.0046875
v 0.000657135 -0.053561475 0.0103125
v 0.000657135 -0.053561475 0.0046875
v 0.00055602 -0.05338023 0.0103125
v 0.00055602 -0.05338023 0.0046875
v 0.000432375 -0.053207055 0.0103125
v 0.000432375 -0.053207055 0.0046875
v 0.00029106 -0.05304798 0.0103125
v 0.00029106 -0.05304798 0.0046875
v 0.00013686 -0.052909065 0.0103125
v 0.00013686 -0.052909065 0.0046875
v -3.288e-05 -0.05278965 0.0103125
v -3.288e-05 -0.05278965 0.0046875
v -0.000219405 -0.05268726 0.0103125
v -0.000219405 -0.05268726 0.0046875
v -0.00041577 -0.052605255 0.0103125
v -0.00041577 -0.052605255 0.0046875
v -0.000614955 -0.05254701 0.0103125
v -0.000614955 -0.05254701 0.0046875
v -0.00081969 -0.052513065 0.0103125
v -0.00081969 -0.052513065 0.0046875
v -0.00103218 -0.052501755 0.0103125
v -0.00103218 -0.052501755 0.0046875
v -0.00124467 -0.052513065 0.0103125
v -0.00124467 -0.052513065 0.0046875
v -0.001449405 -0.05254701 0.0103125
v -0.001449405 -0.05254701 0.0046875
v -0.001648605 -0.052605255 0.0103125
v -0.001648605 -0.052605255 0.0046875
v -0.001844955 -0.05268726 0.0103125
v -0.001844955 -0.05268726 0.0046875
v -0.002031495 -0.05278965 0.0103125
v -0.002031495 -0.05278965 0.0046875
v -0.00220122 -0.052909065 0.0103125
v -0.00220122 -0.052909065 0.0046875
v -0.00235542 -0.05304798 0.0103125
v -0.00235542 -0.05304798 0.0046875
v -0.00249675 -0.053207055 0.0103125
v -0.00249675 -0.053207055 0.0046875
v -0.00262038 -0.05338023 0.0103125
v -0.00262038 -0.05338023 0.0046875
v -0.002721495 -0.053561475 0.0103125
v -0.002721495 -0.053561475 0.0046875
v -0.002799285 -0.05374974 0.0103125
v -0.002799285 -0.05374974 0.0046875
v -0.002856165 -0.053948085 0.0103125
v -0.002856165 -0.053948085 0.0046875
v -0.002892135 -0.05415651 0.0103125
v -0.002892135 -0.05415651 0.0046875
v -0.00290718 -0.054375 0.0103125
v -0.00290718 -0.054375 0.0046875
v -0.002892135 -0.05459349 0.0103125
v -0.002892135 -0.05459349 0.0046875
v -0.002856165 -0.054801915 0.0103125
v -0.002856165 -0.054801915 0.0046875
v -0.002799285 -0.05500026 0.0103125
v -0.002799285 -0.05500026 0.0046875
v -0.002721495 -0.055188525 0.0103125
v -0.002721495 -0.055188525 0.0046875
v -0.00262038 -0.05536977 0.0103125
v -0.00262038 -0.05536977 0.0046875
v -0.00249675 -0.055542945 0.0103125
v -0.00249675 -0.055542945 0.0046875
v -0.00235542 -0.05570202 0.0103125
v -0.00235542 -0.05570202 0.0046875
v -0.00220122 -0.055840935 0.0103125
v -0.00220122 -0.055840935 0.0046875
v -0.002031495 -0.05596035 0.0103125
v -0.002031495 -0.05596035 0.0046875
v -0.001844955 -0.05606274 0.0103125
v -0.001844955 -0.05606274 0.0046875
v -0.001648605 -0.056144745 0.0103125
v -0.001648605 -0.056144745 0.0046875
v -0.001449405 -0.05620299 0.0103125
v -0.001449405 -0.05620299 0.0046875
v -0.00124467 -0.056236935 0.0103125
v -0.00124467 -0.056236935 0.0046875
v -0.00103218 -0.056248245 0.0103125
v -0.00103218 -0.056248245 0.0046875
v -0.00081969 -0.056236935 0.0103125
v -0.00081969 -0.056236935 0.0046875
v -0.000614955 -0.05620299 0.0103125
v -0.000614955 -0.05620299 0.0046875
v -0.00041577 -0.056144745 0.0103125
v -0.00041577 -0.056144745 0.0046875
v -0.000219405 -0.05606274 0.0103125
v -0.000219405 -0.05606274 0.0046875
v -3.288e-05 -0.05596035 0.0103125
v -3.288e-05 -0.05596035 0.0046875
v 0.00013686 -0.055840935 0.0103125
v 0.00013686 -0.055840935 0.0046875
v 0.00029106 -0.05570202 0.0103125
v 0.00029106 -0.05570202 0.0046875
v 0.000432375 -0.055542945 0.0103125
v 0.000432375 -0.055542945 0.0046875
v 0.00055602 -0.05536977 0.0103125
v 0.00055602 -0.05536977 0.0046875
v 0.000657135 -0.055188525 0.0103125
v 0.000657135 -0.055188525 0.0046875
v 0.000734925 -0.05500026 0.0103125
v 0.000734925 -0.05500026 0.0046875
v 0.000791805 -0.054801915 0.0103125
v 0.000791805 -0.054801915 0.0046875
v 0.00082776 -0.05459349 0.0103125
v -0.02066562 -0.02262882 0.0046875
v -0.02066562 -0.02262882 0.0103125
v -0.020680965 -0.02251833 0.0103125
v -0.020680965 -0.022739295 0.0046875
v -0.020680965 -0.02251833 0.0046875
v -0.02071479 -0.02242128 0.0103125
v -0.02071479 -0.02242128 0.0046875
v -0.020767305 -0.02233749 0.0103125
v -0.020767305 -0.02233749 0.0046875
v -0.02084256 -0.02226402 0.0103125
v -0.02084256 -0.02226402 0.0046875
v -0.020933025 -0.02220633 0.0103125
v -0.020933025 -0.02220633 0.0046875
v -0.021028485 -0.02217258 0.0103125
v -0.021028485 -0.02217258 0.0046875
v -0.02113437 -0.02216172 0.0103125
v -0.02113437 -0.02216172 0.0046875
v -0.021240255 -0.02217258 0.0103125
v -0.021240255 -0.02217258 0.0046875
v -0.02133573 -0.02220633 0.0103125
v -0.02133573 -0.02220633 0.0046875
v -0.021426195 -0.02226402 0.0103125
v -0.021426195 -0.02226402 0.0046875
v -0.02150145 -0.02233749 0.0103125
v -0.02150145 -0.02233749 0.0046875
v -0.021553965 -0.02242128 0.0103125
v -0.021553965 -0.02242128 0.0046875
v -0.02158779 -0.02251833 0.0103125
v -0.02158779 -0.02251833 0.0046875
v -0.02160312 -0.02262882 0.0103125
v -0.02160312 -0.02262882 0.0046875
v -0.02158779 -0.022739295 0.0103125
v -0.02158779 -0.022739295 0.0046875
v -0.021553965 -0.02283636 0.0103125
v -0.021553965 -0.02283636 0.0046875
v -0.02150145 -0.02292015 0.0103125
v -0.02150145 -0.02292015 0.0046875
v -0.021426195 -0.02299362 0.0103125
v -0.021426195 -0.02299362 0.0046875
v -0.02133573 -0.023051295 0.0103125
v -0.02133573 -0.023051295 0.0046875
v -0.021240255 -0.023085045 0.0103125
v -0.021240255 -0.023085045 0.0046875
v -0.02113437 -0.023095905 0.0103125
v -0.02113437 -0.023095905 0.0046875
v -0.021028485 -0.023085045 0.0103125
v -0.021028485 -0.023085045 0.0046875
v -0.020933025 -0.023051295 0.0103125
v -0.020933025 -0.023051295 0.0046875
v -0.02084256 -0.02299362 0.0103125
v -0.02084256 -0.02299362 0.0046875
v -0.020767305 -0.02292015 0.0103125
v -0.020767305 -0.02292015 0.0046875
v -0.02071479 -0.02283636 0.0103125
v -0.02071479 -0.02283636 0.0046875
v -0.020680965 -0.022739295 0.0103125
v -0.025031565 -0.021335565 0.0046875
v -0.025031565 -0.021335565 0.0103125
v -0.024332565 -0.02102178 0.0103125
v -0.02519094 -0.02139867 0.0046875
v -0.024332565 -0.02102178 0.0046875
v -0.02363706 -0.020703315 0.0103125
v -0.02363706 -0.020703315 0.0046875
v -0.022945065 -0.02038017 0.0103125
v -0.022945065 -0.02038017 0.0046875
v -0.022256565 -0.02005236 0.0103125
v -0.022256565 -0.02005236 0.0046875
v -0.02209941 -0.019981875 0.0103125
v -0.02209941 -0.019981875 0.0046875
v -0.02194452 -0.01991361 0.0103125
v -0.02194452 -0.01991361 0.0046875
v -0.02179191 -0.01984755 0.0103125
v -0.02179191 -0.01984755 0.0046875
v -0.02164158 -0.019783725 0.0103125
v -0.02164158 -0.019783725 0.0046875
v -0.02149353 -0.01972212 0.0103125
v -0.02149353 -0.01972212 0.0046875
v -0.02134776 -0.01966272 0.0103125
v -0.02134776 -0.01966272 0.0046875
v -0.021204255 -0.01960554 0.0103125
v -0.021204255 -0.01960554 0.0046875
v -0.02106303 -0.019550595 0.0103125
v -0.02106303 -0.019550595 0.0046875
v -0.020924085 -0.019497855 0.0103125
v -0.020924085 -0.019497855 0.0046875
v -0.02078742 -0.019447335 0.0103125
v -0.02078742 -0.019447335 0.0046875
v -0.020653035 -0.01939902 0.0103125
v -0.020653035 -0.01939902 0.0046875
v -0.02052093 -0.01935294 0.0103125
v -0.02052093 -0.01935294 0.0046875
v -0.02039109 -0.01930908 0.0103125
v -0.02039109 -0.01930908 0.0046875
v -0.020263545 -0.019267425 0.0103125
v -0.020263545 -0.019267425 0.0046875
v -0.020138265 -0.019228005 0.0103125
v -0.020138265 -0.019228005 0.0046875
v -0.020015265 -0.01919079 0.0103125
v -0.020015265 -0.01919079 0.0046875
v -0.019894725 -0.01915617 0.0103125
v -0.019894725 -0.01915617 0.0046875
v -0.019776765 -0.019124415 0.0103125
v -0.019776765 -0.019124415 0.0046875
v -0.01966134 -0.01909539 0.0103125
v -0.01966134 -0.01909539 0.0046875
v -0.01954836 -0.019068915 0.0103125
v -0.01954836 -0.019068915 0.0046875
v -0.01943775 -0.01904487 0.0103125
v -0.01943775 -0.01904487 0.0046875
v -0.019329435 -0.019023075 0.0103125
v -0.019329435 -0.019023075 0.0046875
v -0.019223355 -0.01900341 0.0103125
v -0.019223355 -0.01900341 0.0046875
v -0.019119435 -0.018985725 0.0103125
v -0.019119435 -0.018985725 0.0046875
v -0.0190176 -0.01896984 0.0103125
v -0.0190176 -0.01896984 0.0046875
v -0.018917775 -0.018955635 0.0103125
v -0.018917775 -0.018955635 0.0046875
v -0.018819885 -0.01894296 0.0103125
v -0.018819885 -0.01894296 0.0046875
v -0.018723855 -0.018931635 0.0103125
v -0.018723855 -0.018931635 0.0046875
v -0.01862964 -0.01892154 0.0103125
v -0.01862964 -0.01892154 0.0046875
v -0.018537135 -0.018912525 0.0103125
v -0.018537135 -0.018912525 0.0046875
v -0.01844628 -0.018904425 0.0103125
v -0.01844628 -0.018904425 0.0046875
v -0.018357 -0.01889709 0.0103125
v -0.018357 -0.01889709 0.0046875
v -0.01826961 -0.01889106 0.0103125
v -0.01826961 -0.01889106 0.0046875
v -0.01818438 -0.018886905 0.0103125
v -0.01818438 -0.018886905 0.0046875
v -0.018101265 -0.018884535 0.0103125
v -0.018101265 -0.018884535 0.0046875
v -0.018020205 -0.018883815 0.0103125
v -0.018020205 -0.018883815 0.0046875
v -0.017915175 -0.018885255 0.0103125
v -0.017915175 -0.018885255 0.0046875
v -0.01781352 -0.01888923 0.0103125
v -0.01781352 -0.01888923 0.0046875
v -0.01771506 -0.018895485 0.0103125
v -0.01771506 -0.018895485 0.0046875
v -0.01761966 -0.018903765 0.0103125
v -0.01761966 -0.018903765 0.0046875
v -0.017527155 -0.01891383 0.0103125
v -0.017527155 -0.01891383 0.0046875
v -0.01743738 -0.018925425 0.0103125
v -0.01743738 -0.018925425 0.0046875
v -0.017350185 -0.01893831 0.0103125
v -0.017350185 -0.01893831 0.0046875
v -0.017265405 -0.018952245 0.0103125
v -0.017265405 -0.018952245 0.0046875
v -0.017182905 -0.01896696 0.0103125
v -0.017182905 -0.01896696 0.0046875
v -0.01710312 -0.018983085 0.0103125
v -0.01710312 -0.018983085 0.0046875
v -0.0170265 -0.019001235 0.0103125
v -0.0170265 -0.019001235 0.0046875
v -0.016952925 -0.019021245 0.0103125
v -0.016952925 -0.019021245 0.0046875
v -0.01688223 -0.019042965 0.0103125
v -0.01688223 -0.019042965 0.0046875
v -0.016814265 -0.01906623 0.0103125
v -0.016814265 -0.01906623 0.0046875
v -0.016748895 -0.01909086 0.0103125
v -0.016748895 -0.01909086 0.0046875
v -0.01668597 -0.01911669 0.0103125
v -0.01668597 -0.01911669 0.0046875
v -0.01662534 -0.01914354 0.0103125
v -0.01662534 -0.01914354 0.0046875
v -0.016566855 -0.019171275 0.0103125
v -0.016566855 -0.019171275 0.0046875
v -0.01651038 -0.019199715 0.0103125
v -0.01651038 -0.019199715 0.0046875
v -0.016455765 -0.01922868 0.0103125
v -0.016455765 -0.01922868 0.0046875
v -0.01640286 -0.019258005 0.0103125
v -0.01640286 -0.019258005 0.0046875
v -0.0163521 -0.01928799 0.0103125
v -0.0163521 -0.01928799 0.0046875
v -0.01630389 -0.019318965 0.0103125
v -0.01630389 -0.019318965 0.0046875
v -0.016258125 -0.019350915 0.0103125
v -0.016258125 -0.019350915 0.0046875
v -0.01621464 -0.019383765 0.0103125
v -0.01621464 -0.019383765 0.0046875
v -0.0161733 -0.019417485 0.0103125
v -0.0161733 -0.019417485 0.0046875
v -0.016133985 -0.01945203 0.0103125
v -0.016133985 -0.01945203 0.0046875
v -0.016096545 -0.019487355 0.0103125
v -0.016096545 -0.019487355 0.0046875
v -0.01606083 -0.019523415 0.0103125
v -0.01606083 -0.019523415 0.0046875
v -0.01602672 -0.01956015 0.0103125
v -0.01602672 -0.01956015 0.0046875
v -0.015994065 -0.01959753 0.0103125
v -0.015994065 -0.01959753 0.0046875
v -0.015962745 -0.01963551 0.0103125
v -0.015962745 -0.01963551 0.0046875
v -0.015932595 -0.01967403 0.0103125
v -0.015932595 -0.01967403 0.0046875
v -0.015903795 -0.019713165 0.0103125
v -0.015903795 -0.019713165 0.0046875
v -0.015876585 -0.019752975 0.0103125
v -0.015876585 -0.019752975 0.0046875
v -0.01585098 -0.019793475 0.0103125
v -0.01585098 -0.019793475 0.0046875
v -0.01582698 -0.019834665 0.0103125
v -0.01582698 -0.019834665 0.0046875
v -0.01580457 -0.019876545 0.0103125
v -0.01580457 -0.019876545 0.0046875
v -0.01578375 -0.0199191 0.0103125
v -0.01578375 -0.0199191 0.0046875
v -0.015764535 -0.019962345 0.0103125
v -0.015764535 -0.019962345 0.0046875
v -0.015746925 -0.02000628 0.0103125
v -0.015746925 -0.02000628 0.0046875
v -0.015730905 -0.02005089 0.0103125
v -0.015730905 -0.02005089 0.0046875
v -0.01571649 -0.020096205 0.0103125
v -0.01571649 -0.020096205 0.0046875
v -0.015703665 -0.020142195 0.0103125
v -0.015703665 -0.020142195 0.0046875
v -0.015692445 -0.02018886 0.0103125
v -0.015692445 -0.02018886 0.0046875
v -0.015551715 -0.02076168 0.0103125
v -0.015551715 -0.02076168 0.0046875
v -0.01540584 -0.021331605 0.0103125
v -0.01540584 -0.021331605 0.0046875
v -0.015254805 -0.02189868 0.0103125
v -0.015254805 -0.02189868 0.0046875
v -0.01509864 -0.02246286 0.0103125
v -0.01509864 -0.02246286 0.0046875
v -0.014937315 -0.02302419 0.0103125
v -0.014937315 -0.02302419 0.0046875
v -0.014770845 -0.023582625 0.0103125
v -0.014770845 -0.023582625 0.0046875
v -0.01459923 -0.02413821 0.0103125
v -0.01459923 -0.02413821 0.0046875
v -0.01442247 -0.0246909 0.0103125
v -0.01442247 -0.0246909 0.0046875
v -0.014240565 -0.025240725 0.0103125
v -0.014240565 -0.025240725 0.0046875
v -0.014053515 -0.025787685 0.0103125
v -0.014053515 -0.025787685 0.0046875
v -0.013861305 -0.026331765 0.0103125
v -0.013861305 -0.026331765 0.0046875
v -0.01366395 -0.02687298 0.0103125
v -0.01366395 -0.02687298 0.0046875
v -0.013461465 -0.027411315 0.0103125
v -0.013461465 -0.027411315 0.0046875
v -0.01325382 -0.027946785 0.0103125
v -0.01325382 -0.027946785 0.0046875
v -0.01304103 -0.028479375 0.0103125
v -0.01304103 -0.028479375 0.0046875
v -0.012823065 -0.029009115 0.0103125
v -0.012823065 -0.029009115 0.0046875
v -0.012599805 -0.02953611 0.0103125
v -0.012599805 -0.02953611 0.0046875
v -0.01237128 -0.030060345 0.0103125
v -0.01237128 -0.030060345 0.0046875
v -0.012137505 -0.03058179 0.0103125
v -0.012137505 -0.03058179 0.0046875
v -0.011898525 -0.03110043 0.0103125
v -0.011898525 -0.03110043 0.0046875
v -0.01165437 -0.031616205 0.0103125
v -0.01165437 -0.031616205 0.0046875
v -0.011405085 -0.0321291 0.0103125
v -0.011405085 -0.0321291 0.0046875
v -0.011150685 -0.032639085 0.0103125
v -0.011150685 -0.032639085 0.0046875
v -0.010891245 -0.03314613 0.0103125
v -0.010891245 -0.03314613 0.0046875
v -0.010626765 -0.033650175 0.0103125
v -0.010626765 -0.033650175 0.0046875
v -0.01035729 -0.03415122 0.0103125
v -0.01035729 -0.03415122 0.0046875
v -0.010082865 -0.03464922 0.0103125
v -0.010082865 -0.03464922 0.0046875
v -0.009803535 -0.03514416 0.0103125
v -0.009803535 -0.03514416 0.0046875
v -0.0095193 -0.03563598 0.0103125
v -0.0095193 -0.03563598 0.0046875
v -0.009230235 -0.036124665 0.0103125
v -0.009230235 -0.036124665 0.0046875
v -0.008936355 -0.03661017 0.0103125
v -0.008936355 -0.03661017 0.0046875
v -0.008637555 -0.03709269 0.0103125
v -0.008637555 -0.03709269 0.0046875
v -0.00833376 -0.03757236 0.0103125
v -0.00833376 -0.03757236 0.0046875
v -0.00802497 -0.038049135 0.0103125
v -0.00802497 -0.038049135 0.0046875
v -0.007711185 -0.03852297 0.0103125
v -0.007711185 -0.03852297 0.0046875
v -0.007392435 -0.038993835 0.0103125
v -0.007392435 -0.038993835 0.0046875
v -0.007068705 -0.03946167 0.0103125
v -0.007068705 -0.03946167 0.0046875
v -0.00674004 -0.039926415 0.0103125
v -0.00674004 -0.039926415 0.0046875
v -0.006406425 -0.040388055 0.0103125
v -0.006406425 -0.040388055 0.0046875
v -0.00606789 -0.040846515 0.0103125
v -0.00606789 -0.040846515 0.0046875
v -0.005724435 -0.041301765 0.0103125
v -0.005724435 -0.041301765 0.0046875
v -0.00537609 -0.041753745 0.0103125
v -0.00537609 -0.041753745 0.0046875
v -0.00502284 -0.04220241 0.0103125
v -0.00502284 -0.04220241 0.0046875
v -0.004664715 -0.04264773 0.0103125
v -0.004664715 -0.04264773 0.0046875
v -0.00430173 -0.043089645 0.0103125
v -0.00430173 -0.043089645 0.0046875
v -0.00393387 -0.043528125 0.0103125
v -0.00393387 -0.043528125 0.0046875
v -0.00356118 -0.043963125 0.0103125
v -0.00356118 -0.043963125 0.0046875
v -0.003183585 -0.044394825 0.0103125
v -0.003183585 -0.044394825 0.0046875
v -0.0028011 -0.04482324 0.0103125
v -0.0028011 -0.04482324 0.0046875
v -0.00241371 -0.04524837 0.0103125
v -0.00241371 -0.04524837 0.0046875
v -0.00202143 -0.045670245 0.0103125
v -0.00202143 -0.045670245 0.0046875
v -0.001624245 -0.04608882 0.0103125
v -0.001624245 -0.04608882 0.0046875
v -0.00122217 -0.046504125 0.0103125
v -0.00122217 -0.046504125 0.0046875
v -0.000815175 -0.04691616 0.0103125
v -0.000815175 -0.04691616 0.0046875
v -0.000403305 -0.04732491 0.0103125
v -0.000403305 -0.04732491 0.0046875
v 1.3485e-05 -0.047730375 0.0103125
v 1.3485e-05 -0.047730375 0.0046875
v 0.000435165 -0.04813257 0.0103125
v 0.000435165 -0.04813257 0.0046875
v 0.000861735 -0.04853148 0.0103125
v 0.000861735 -0.04853148 0.0046875
v 0.00129321 -0.04892712 0.0103125
v 0.00129321 -0.04892712 0.0046875
v 0.00172959 -0.04931949 0.0103125
v 0.00172959 -0.04931949 0.0046875
v 0.00217086 -0.04970856 0.0103125
v 0.00217086 -0.04970856 0.0046875
v 0.002617035 -0.05009436 0.0103125
v 0.002617035 -0.05009436 0.0046875
v 0.00275892 -0.050221395 0.0103125
v 0.00275892 -0.050221395 0.0046875
v 0.002895615 -0.05035143 0.0103125
v 0.002895615 -0.05035143 0.0046875
v 0.00302712 -0.05048445 0.0103125
v 0.00302712 -0.05048445 0.0046875
v 0.003153435 -0.05062047 0.0103125
v 0.003153435 -0.05062047 0.0046875
v 0.00327456 -0.05075949 0.0103125
v 0.00327456 -0.05075949 0.0046875
v 0.003390495 -0.05090151 0.0103125
v 0.003390495 -0.05090151 0.0046875
v 0.00350124 -0.05104653 0.0103125
v 0.00350124 -0.05104653 0.0046875
v 0.003606795 -0.05119455 0.0103125
v 0.003606795 -0.05119455 0.0046875
v 0.003707145 -0.051345555 0.0103125
v 0.003707145 -0.051345555 0.0046875
v 0.00380232 -0.051499575 0.0103125
v 0.00380232 -0.051499575 0.0046875
v 0.00389241 -0.051656895 0.0103125
v 0.00389241 -0.051656895 0.0046875
v 0.003977835 -0.051818655 0.0103125
v 0.003977835 -0.051818655 0.0046875
v 0.00405846 -0.05198442 0.0103125
v 0.00405846 -0.05198442 0.0046875
v 0.00413406 -0.05215368 0.0103125
v 0.00413406 -0.05215368 0.0046875
v 0.00420444 -0.05232585 0.0103125
v 0.00420444 -0.05232585 0.0046875
v 0.004269405 -0.052500405 0.0103125
v 0.004269405 -0.052500405 0.0046875
v 0.004328745 -0.052676775 0.0103125
v 0.004328745 -0.052676775 0.0046875
v 0.004382265 -0.05285442 0.0103125
v 0.004382265 -0.05285442 0.0046875
v 0.00442974 -0.053032785 0.0103125
v 0.00442974 -0.053032785 0.0046875
v 0.00447099 -0.053211315 0.0103125
v 0.00447099 -0.053211315 0.0046875
v 0.00450582 -0.053389545 0.0103125
v 0.00450582 -0.053389545 0.0046875
v 0.00453456 -0.053569515 0.0103125
v 0.00453456 -0.053569515 0.0046875
v 0.004557405 -0.053751915 0.0103125
v 0.004557405 -0.053751915 0.0046875
v 0.004574385 -0.05393613 0.0103125
v 0.004574385 -0.05393613 0.0046875
v 0.00458547 -0.054121605 0.0103125
v 0.00458547 -0.054121605 0.0046875
v 0.004590645 -0.054307725 0.0103125
v 0.004590645 -0.054307725 0.0046875
v 0.004589925 -0.05449392 0.0103125
v 0.004589925 -0.05449392 0.0046875
v 0.00458328 -0.054679605 0.0103125
v 0.00458328 -0.054679605 0.0046875
v 0.004570725 -0.05486418 0.0103125
v 0.004570725 -0.05486418 0.0046875
v 0.00455223 -0.05504706 0.0103125
v 0.00455223 -0.05504706 0.0046875
v 0.00452781 -0.055227675 0.0103125
v 0.00452781 -0.055227675 0.0046875
v 0.004497255 -0.055406685 0.0103125
v 0.004497255 -0.055406685 0.0046875
v 0.004460295 -0.05558616 0.0103125
v 0.004460295 -0.05558616 0.0046875
v 0.004417095 -0.055765605 0.0103125
v 0.004417095 -0.055765605 0.0046875
v 0.004367835 -0.05594448 0.0103125
v 0.004367835 -0.05594448 0.0046875
v 0.00431274 -0.056122215 0.0103125
v 0.00431274 -0.056122215 0.0046875
v 0.004251975 -0.05629827 0.0103125
v 0.004251975 -0.05629827 0.0046875
v 0.004185735 -0.05647209 0.0103125
v 0.004185735 -0.05647209 0.0046875
v 0.0041142 -0.05664309 0.0103125
v 0.0041142 -0.05664309 0.0046875
v 0.004037565 -0.05681076 0.0103125
v 0.004037565 -0.05681076 0.0046875
v 0.00395604 -0.0569745 0.0103125
v 0.00395604 -0.0569745 0.0046875
v 0.003869625 -0.05713407 0.0103125
v 0.003869625 -0.05713407 0.0046875
v 0.003777195 -0.05729154 0.0103125
v 0.003777195 -0.05729154 0.0046875
v 0.00367875 -0.05744709 0.0103125
v 0.00367875 -0.05744709 0.0046875
v 0.00357465 -0.057600255 0.0103125
v 0.00357465 -0.057600255 0.0046875
v 0.00346527 -0.057750585 0.0103125
v 0.00346527 -0.057750585 0.0046875
v 0.00335097 -0.057897615 0.0103125
v 0.00335097 -0.057897615 0.0046875
v 0.00323211 -0.058040865 0.0103125
v 0.00323211 -0.058040865 0.0046875
v 0.003109065 -0.058179915 0.0103125
v 0.003109065 -0.058179915 0.0046875
v 0.00298218 -0.05831427 0.0103125
v 0.00298218 -0.05831427 0.0046875
v 0.002851845 -0.05844348 0.0103125
v 0.002851845 -0.05844348 0.0046875
v 0.002718405 -0.058567095 0.0103125
v 0.002718405 -0.058567095 0.0046875
v 0.002580765 -0.058686015 0.0103125
v 0.002580765 -0.058686015 0.0046875
v 0.002437905 -0.05880123 0.0103125
v 0.002437905 -0.05880123 0.0046875
v 0.002290305 -0.05891244 0.0103125
v 0.002290305 -0.05891244 0.0046875
v 0.00213849 -0.059019315 0.0103125
v 0.00213849 -0.059019315 0.0046875
v 0.001982925 -0.05912157 0.0103125
v 0.001982925 -0.05912157 0.0046875
v 0.00182415 -0.059218875 0.0103125
v 0.00182415 -0.059218875 0.0046875
v 0.001662615 -0.059310915 0.0103125
v 0.001662615 -0.059310915 0.0046875
v 0.00149886 -0.05939739 0.0103125
v 0.00149886 -0.05939739 0.0046875
v 0.00133335 -0.059478 0.0103125
v 0.00133335 -0.059478 0.0046875
v 0.00116661 -0.0595524 0.0103125
v 0.00116661 -0.0595524 0.0046875
v 0.000998445 -0.05962059 0.0103125
v 0.000998445 -0.05962059 0.0046875
v 0.00082668 -0.05968347 0.0103125
v 0.00082668 -0.05968347 0.0046875
v 0.000651555 -0.059741055 0.0103125
v 0.000651555 -0.059741055 0.0046875
v 0.00047367 -0.05979318 0.0103125
v 0.00047367 -0.05979318 0.0046875
v 0.000293595 -0.059839755 0.0103125
v 0.000293595 -0.059839755 0.0046875
v 0.000111885 -0.059880645 0.0103125
v 0.000111885 -0.059880645 0.0046875
v -7.086e-05 -0.0599157 0.0103125
v -7.086e-05 -0.0599157 0.0046875
v -0.0002541 -0.059944815 0.0103125
v -0.0002541 -0.059944815 0.0046875
v -0.00043722 -0.05996787 0.0103125
v -0.00043722 -0.05996787 0.0046875
v -0.00061968 -0.059984715 0.0103125
v -0.00061968 -0.059984715 0.0046875
v -0.000800985 -0.05999523 0.0103125
v -0.000800985 -0.05999523 0.0046875
v -0.00098319 -0.05999949 0.0103125
v -0.00098319 -0.05999949 0.0046875
v -0.001167 -0.0599976 0.0103125
v -0.001167 -0.0599976 0.0046875
v -0.00135183 -0.05998962 0.0103125
v -0.00135183 -0.05998962 0.0046875
v -0.001537095 -0.05997564 0.0103125
v -0.001537095 -0.05997564 0.0046875
v -0.001722225 -0.059955735 0.0103125
v -0.001722225 -0.059955735 0.0046875
v -0.001906635 -0.05992995 0.0103125
v -0.001906635 -0.05992995 0.0046875
v -0.002089725 -0.05989839 0.0103125
v -0.002089725 -0.05989839 0.0046875
v -0.00227094 -0.0598611 0.0103125
v -0.00227094 -0.0598611 0.0046875
v -0.00244968 -0.05981817 0.0103125
v -0.00244968 -0.05981817 0.0046875
v -0.002625345 -0.05976966 0.0103125
v -0.002625345 -0.05976966 0.0046875
v -0.002798625 -0.059715285 0.0103125
v -0.002798625 -0.059715285 0.0046875
v -0.002971485 -0.059654505 0.0103125
v -0.002971485 -0.059654505 0.0046875
v -0.00314349 -0.059587545 0.0103125
v -0.00314349 -0.059587545 0.0046875
v -0.003314115 -0.059514675 0.0103125
v -0.003314115 -0.059514675 0.0046875
v -0.00348282 -0.059436165 0.0103125
v -0.00348282 -0.059436165 0.0046875
v -0.003649095 -0.059352255 0.0103125
v -0.003649095 -0.059352255 0.0046875
v -0.0038124 -0.059263215 0.0103125
v -0.0038124 -0.059263215 0.0046875
v -0.00397224 -0.05916933 0.0103125
v -0.00397224 -0.05916933 0.0046875
v -0.00412806 -0.05907084 0.0103125
v -0.00412806 -0.05907084 0.0046875
v -0.004279335 -0.058968 0.0103125
v -0.004279335 -0.058968 0.0046875
v -0.00442572 -0.05886102 0.0103125
v -0.00442572 -0.05886102 0.0046875
v -0.004568235 -0.058749375 0.0103125
v -0.004568235 -0.058749375 0.0046875
v -0.00470718 -0.058632885 0.0103125
v -0.00470718 -0.058632885 0.0046875
v -0.004842585 -0.058511595 0.0103125
v -0.004842585 -0.058511595 0.0046875
v -0.004974435 -0.05838546 0.0103125
v -0.004974435 -0.05838546 0.0046875
v -0.00510273 -0.058254495 0.0103125
v -0.00510273 -0.058254495 0.0046875
v -0.00522747 -0.058118715 0.0103125
v -0.00522747 -0.058118715 0.0046875
v -0.00534867 -0.057978105 0.0103125
v -0.00534867 -0.057978105 0.0046875
v -0.0054663 -0.057832665 0.0103125
v -0.0054663 -0.057832665 0.0046875
v -0.005580375 -0.057682395 0.0103125
v -0.005580375 -0.057682395 0.0046875
v -0.005690895 -0.05752731 0.0103125
v -0.005690895 -0.05752731 0.0046875
v -0.006147765 -0.056846265 0.0103125
v -0.006147765 -0.056846265 0.0046875
v -0.006599265 -0.05616264 0.0103125
v -0.006599265 -0.05616264 0.0046875
v -0.007045395 -0.055476405 0.0103125
v -0.007045395 -0.055476405 0.0046875
v -0.007486155 -0.05478756 0.0103125
v -0.007486155 -0.05478756 0.0046875
v -0.00792156 -0.054096135 0.0103125
v -0.00792156 -0.054096135 0.0046875
v -0.00835161 -0.0534021 0.0103125
v -0.00835161 -0.0534021 0.0046875
v -0.008776275 -0.05270547 0.0103125
v -0.008776275 -0.05270547 0.0046875
v -0.009195585 -0.052006245 0.0103125
v -0.009195585 -0.052006245 0.0046875
v -0.009609525 -0.05130441 0.0103125
v -0.009609525 -0.05130441 0.0046875
v -0.010018095 -0.05059998 0.0103125
v -0.010018095 -0.05059998 0.0046875
v -0.01042131 -0.049892955 0.0103125
v -0.01042131 -0.049892955 0.0046875
v -0.01081914 -0.04918332 0.0103125
v -0.01081914 -0.04918332 0.0046875
v -0.01121163 -0.04847109 0.0103125
v -0.01121163 -0.04847109 0.0046875
v -0.01159875 -0.047756235 0.0103125
v -0.01159875 -0.047756235 0.0046875
v -0.01198056 -0.047038665 0.0103125
v -0.01198056 -0.047038665 0.0046875
v -0.01235703 -0.04631841 0.0103125
v -0.01235703 -0.04631841 0.0046875
v -0.01272816 -0.045595485 0.0103125
v -0.01272816 -0.045595485 0.0046875
v -0.013093935 -0.044869935 0.0103125
v -0.013093935 -0.044869935 0.0046875
v -0.01345434 -0.044141805 0.0103125
v -0.01345434 -0.044141805 0.0046875
v -0.013809375 -0.04341111 0.0103125
v -0.013809375 -0.04341111 0.0046875
v -0.014158995 -0.04267788 0.0103125
v -0.014158995 -0.04267788 0.0046875
v -0.01450323 -0.04194216 0.0103125
v -0.01450323 -0.04194216 0.0046875
v -0.014842035 -0.041203995 0.0103125
v -0.014842035 -0.041203995 0.0046875
v -0.015175395 -0.040463385 0.0103125
v -0.015175395 -0.040463385 0.0046875
v -0.015503325 -0.03972039 0.0103125
v -0.015503325 -0.03972039 0.0046875
v -0.015825795 -0.03897504 0.0103125
v -0.015825795 -0.03897504 0.0046875
v -0.016142775 -0.038227335 0.0103125
v -0.016142775 -0.038227335 0.0046875
v -0.01645434 -0.037477215 0.0103125
v -0.01645434 -0.037477215 0.0046875
v -0.016760475 -0.036724635 0.0103125
v -0.016760475 -0.036724635 0.0046875
v -0.017061195 -0.03596961 0.0103125
v -0.017061195 -0.03596961 0.0046875
v -0.01735647 -0.03521214 0.0103125
v -0.01735647 -0.03521214 0.0046875
v -0.017646345 -0.03445221 0.0103125
v -0.017646345 -0.03445221 0.0046875
v -0.01793079 -0.03368982 0.0103125
v -0.01793079 -0.03368982 0.0046875
v -0.018209805 -0.032924985 0.0103125
v -0.018209805 -0.032924985 0.0046875
v -0.01848339 -0.03215769 0.0103125
v -0.01848339 -0.03215769 0.0046875
v -0.018751575 -0.03138795 0.0103125
v -0.018751575 -0.03138795 0.0046875
v -0.019014315 -0.03061575 0.0103125
v -0.019014315 -0.03061575 0.0046875
v -0.01927164 -0.029841105 0.0103125
v -0.01927164 -0.029841105 0.0046875
v -0.019523535 -0.029064 0.0103125
v -0.019523535 -0.029064 0.0046875
v -0.019770015 -0.02828445 0.0103125
v -0.019770015 -0.02828445 0.0046875
v -0.019808745 -0.02814954 0.0103125
v -0.019806855 -0.028150425 0.0046875
v -0.019852575 -0.02801319 0.0046875
v -0.01985484 -0.02801235 0.0103125
v -0.019907145 -0.027872745 0.0046875
v -0.01990827 -0.02787285 0.0103125
v -0.01996665 -0.027729885 0.0103125
v -0.019968645 -0.027727725 0.0046875
v -0.020033715 -0.027585285 0.0103125
v -0.02003751 -0.027578445 0.0046875
v -0.02011596 -0.027442005 0.0103125
v -0.02012085 -0.0274299 0.0046875
v -0.02021226 -0.027297495 0.0103125
v -0.02022393 -0.027283635 0.0046875
v -0.020323545 -0.027156495 0.0103125
v -0.020344065 -0.027136155 0.0046875
v -0.020452875 -0.02702517 0.0103125
v -0.020480295 -0.026997645 0.0046875
v -0.020600805 -0.026899365 0.0103125
v -0.02063253 -0.02687667 0.0046875
v -0.02076378 -0.026787195 0.0103125
v -0.02080209 -0.0267675 0.0046875
v -0.020940285 -0.0266973 0.0103125
v -0.020985735 -0.026675985 0.0046875
v -0.021035355 -0.026659365 0.0103125
v -0.021081615 -0.026639475 0.0046875
v -0.02113335 -0.02662626 0.0103125
v -0.021180555 -0.026609955 0.0046875
v -0.021331605 -0.02657622 0.0103125
v -0.02128467 -0.02658621 0.0046875
v -0.02139249 -0.02656815 0.0046875
v -0.0215277 -0.02655063 0.0103125
v -0.02150226 -0.026555805 0.0046875
v -0.021612255 -0.026549175 0.0046875
v -0.02172603 -0.02654847 0.0103125
v -0.02172069 -0.026548275 0.0046875
v -0.021826065 -0.02655315 0.0046875
v -0.02191824 -0.02656392 0.0103125
v -0.021929955 -0.026563755 0.0046875
v -0.02209938 -0.026593755 0.0103125
v -0.022033065 -0.026580105 0.0046875
v -0.022135425 -0.02660217 0.0046875
v -0.02227257 -0.02664003 0.0103125
v -0.02223702 -0.02662998 0.0046875
v -0.022337865 -0.02666352 0.0046875
v -0.02243793 -0.02670279 0.0103125
v -0.02243793 -0.02670279 0.0046875
v -0.022560405 -0.026761155 0.0103125
v -0.02255256 -0.02675283 0.0046875
v -0.02267304 -0.0268011 0.0046875
v -0.022691475 -0.026813085 0.0103125
v -0.02279787 -0.026849715 0.0046875
v -0.0228312 -0.026859225 0.0103125
v -0.02293158 -0.026892345 0.0046875
v -0.022979985 -0.02690346 0.0103125
v -0.02307948 -0.026925 0.0046875
v -0.02313672 -0.02693475 0.0103125
v -0.02323761 -0.0269427 0.0046875
v -0.023301915 -0.02694276 0.0103125
v -0.02340534 -0.026939415 0.0046875
v -0.023476155 -0.02693145 0.0103125
v -0.02357796 -0.026914275 0.0046875
v -0.0236493 -0.0268971 0.0103125
v -0.02366442 -0.026892285 0.0046875
v -0.023734245 -0.02687013 0.0103125
v -0.0237516 -0.026864385 0.0046875
v -0.02381943 -0.02683695 0.0103125
v -0.023838255 -0.02683029 0.0046875
v -0.023903805 -0.026797965 0.0103125
v -0.02392314 -0.026789775 0.0046875
v -0.02398632 -0.026753625 0.0103125
v -0.02400666 -0.02674224 0.0046875
v -0.024065925 -0.02670438 0.0103125
v -0.024089265 -0.026688015 0.0046875
v -0.024142245 -0.026649825 0.0103125
v -0.024169635 -0.02662812 0.0046875
v -0.02421663 -0.026588415 0.0103125
v -0.024246525 -0.02656362 0.0046875
v -0.02428863 -0.02652168 0.0103125
v -0.02431989 -0.02649354 0.0046875
v -0.02435766 -0.02645145 0.0103125
v -0.02439033 -0.02641773 0.0046875
v -0.02442315 -0.02637948 0.0103125
v -0.02445744 -0.02633847 0.0046875
v -0.024484545 -0.02630739 0.0103125
v -0.024520875 -0.026258025 0.0046875
v -0.024542265 -0.02623401 0.0103125
v -0.02458056 -0.026176755 0.0046875
v -0.02459649 -0.02615871 0.0103125
v -0.02463669 -0.026093535 0.0046875
v -0.024647235 -0.026081475 0.0103125
v -0.02468925 -0.026008365 0.0046875
v -0.024694485 -0.026002335 0.0103125
v -0.024738255 -0.02592126 0.0103125
v -0.024738255 -0.02592126 0.0046875
v -0.02587971 -0.024010605 0.0046875
v -0.02587971 -0.024010605 0.0103125
v -0.02596365 -0.023883195 0.0103125
v -0.025973055 -0.023868165 0.0046875
v -0.026038635 -0.02374635 0.0103125
v -0.026054715 -0.02371533 0.0046875
v -0.02610471 -0.023600055 0.0103125
v -0.026124675 -0.023552115 0.0046875
v -0.02616459 -0.023443365 0.0103125
v -0.026186565 -0.0233757 0.0046875
v -0.02621763 -0.02327649 0.0103125
v -0.02621382 -0.023283075 0.0046875
v -0.02623677 -0.023188905 0.0046875
v -0.02625384 -0.02310291 0.0103125
v -0.02625408 -0.023094225 0.0046875
v -0.026266665 -0.022923165 0.0103125
v -0.026264385 -0.0230001 0.0046875
v -0.026267985 -0.022905285 0.0046875
v -0.02626059 -0.022734375 0.0103125
v -0.02626605 -0.022808685 0.0046875
v -0.026258475 -0.022711575 0.0046875
v -0.026232435 -0.0225465 0.0103125
v -0.026245125 -0.022615275 0.0046875
v -0.026225925 -0.022521045 0.0046875
v -0.026177835 -0.02236761 0.0103125
v -0.02620074 -0.02243019 0.0046875
v -0.02613963 -0.022278945 0.0103125
v -0.02613048 -0.022254915 0.0046875
v -0.02609535 -0.022191585 0.0103125
v -0.02604609 -0.022106775 0.0103125
v -0.02603676 -0.022087965 0.0046875
v -0.02599299 -0.02202579 0.0103125
v -0.02592594 -0.02193531 0.0046875
v -0.025878495 -0.02187984 0.0103125
v -0.02586384 -0.021865305 0.0046875
v -0.025745955 -0.02175318 0.0103125
v -0.025795845 -0.021798795 0.0046875
v -0.02572356 -0.02173587 0.0046875
v -0.025602375 -0.021642315 0.0103125
v -0.025648635 -0.021676575 0.0046875
v -0.025497315 -0.021569085 0.0046875
v -0.025459665 -0.021545025 0.0103125
v -0.02534619 -0.021476505 0.0046875
v -0.02531859 -0.02146116 0.0103125
v -0.025175895 -0.02139135 0.0103125
v -0.01442247 -0.0246909 0.0046875
v -0.02369523 -0.02427672 0.0046875
v -0.023679885 -0.024166245 0.0046875
v -0.023729055 -0.024373785 0.0046875
v -0.01459923 -0.02413821 0.0046875
v -0.02369523 -0.024055755 0.0046875
v -0.023729055 -0.023958705 0.0046875
v -0.023781555 -0.023874915 0.0046875
v -0.023856825 -0.023801445 0.0046875
v -0.02394729 -0.02374377 0.0046875
v -0.02404275 -0.023710005 0.0046875
v -0.024148635 -0.023699145 0.0046875
v -0.014770845 -0.023582625 0.0046875
v -0.026124675 -0.023552115 0.0046875
v -0.026186565 -0.0233757 0.0046875
v -0.02425452 -0.023710005 0.0046875
v -0.026054715 -0.02371533 0.0046875
v -0.02434998 -0.02374377 0.0046875
v -0.02444046 -0.023801445 0.0046875
v -0.025973055 -0.023868165 0.0046875
v -0.024515715 -0.023874915 0.0046875
v -0.02456823 -0.023958705 0.0046875
v -0.02587971 -0.024010605 0.0046875
v -0.02460204 -0.024055755 0.0046875
v -0.024617385 -0.024166245 0.0046875
v -0.02460204 -0.02427672 0.0046875
v -0.02456823 -0.024373785 0.0046875
v -0.024515715 -0.024457575 0.0046875
v -0.02444046 -0.024531045 0.0046875
v -0.02434998 -0.02458872 0.0046875
v -0.024738255 -0.02592126 0.0046875
v -0.02425452 -0.02462247 0.0046875
v -0.014053515 -0.025787685 0.0046875
v -0.013861305 -0.026331765 0.0046875
v -0.024148635 -0.02463333 0.0046875
v -0.014240565 -0.025240725 0.0046875
v -0.02404275 -0.02462247 0.0046875
v -0.02394729 -0.02458872 0.0046875
v -0.023856825 -0.024531045 0.0046875
v -0.023781555 -0.024457575 0.0046875
v -0.02468925 -0.026008365 0.0046875
v -0.02463669 -0.026093535 0.0046875
v -0.02458056 -0.026176755 0.0046875
v -0.024520875 -0.026258025 0.0046875
v -0.02445744 -0.02633847 0.0046875
v -0.01366395 -0.02687298 0.0046875
v -0.02439033 -0.02641773 0.0046875
v -0.021612255 -0.026549175 0.0046875
v -0.02150226 -0.026555805 0.0046875
v -0.02431989 -0.02649354 0.0046875
v -0.02172069 -0.026548275 0.0046875
v -0.021826065 -0.02655315 0.0046875
v -0.024246525 -0.02656362 0.0046875
v -0.021929955 -0.026563755 0.0046875
v -0.022033065 -0.026580105 0.0046875
v -0.022135425 -0.02660217 0.0046875
v -0.024169635 -0.02662812 0.0046875
v -0.02223702 -0.02662998 0.0046875
v -0.022337865 -0.02666352 0.0046875
v -0.024089265 -0.026688015 0.0046875
v -0.02243793 -0.02670279 0.0046875
v -0.02400666 -0.02674224 0.0046875
v -0.02255256 -0.02675283 0.0046875
v -0.02392314 -0.026789775 0.0046875
v -0.02267304 -0.0268011 0.0046875
v -0.023838255 -0.02683029 0.0046875
v -0.02279787 -0.026849715 0.0046875
v -0.0237516 -0.026864385 0.0046875
v -0.02293158 -0.026892345 0.0046875
v -0.02366442 -0.026892285 0.0046875
v -0.02357796 -0.026914275 0.0046875
v -0.02307948 -0.026925 0.0046875
v -0.02340534 -0.026939415 0.0046875
v -0.02323761 -0.0269427 0.0046875
v -0.02139249 -0.02656815 0.0046875
v -0.02128467 -0.02658621 0.0046875
v -0.021180555 -0.026609955 0.0046875
v -0.021081615 -0.026639475 0.0046875
v -0.020985735 -0.026675985 0.0046875
v -0.02080209 -0.0267675 0.0046875
v -0.02063253 -0.02687667 0.0046875
v -0.013461465 -0.027411315 0.0046875
v -0.020480295 -0.026997645 0.0046875
v -0.020344065 -0.027136155 0.0046875
v -0.02022393 -0.027283635 0.0046875
v -0.02012085 -0.0274299 0.0046875
v -0.01325382 -0.027946785 0.0046875
v -0.02003751 -0.027578445 0.0046875
v -0.019968645 -0.027727725 0.0046875
v -0.019907145 -0.027872745 0.0046875
v -0.019852575 -0.02801319 0.0046875
v -0.01304103 -0.028479375 0.0046875
v -0.019806855 -0.028150425 0.0046875
v -0.019770015 -0.02828445 0.0046875
v -0.012823065 -0.029009115 0.0046875
v -0.019523535 -0.029064 0.0046875
v -0.012599805 -0.02953611 0.0046875
v -0.01927164 -0.029841105 0.0046875
v -0.01237128 -0.030060345 0.0046875
v -0.012137505 -0.03058179 0.0046875
v -0.019014315 -0.03061575 0.0046875
v -0.011898525 -0.03110043 0.0046875
v -0.018751575 -0.03138795 0.0046875
v -0.01165437 -0.031616205 0.0046875
v -0.011405085 -0.0321291 0.0046875
v -0.01848339 -0.03215769 0.0046875
v -0.011150685 -0.032639085 0.0046875
v -0.018209805 -0.032924985 0.0046875
v -0.010891245 -0.03314613 0.0046875
v -0.010626765 -0.033650175 0.0046875
v -0.01793079 -0.03368982 0.0046875
v -0.01035729 -0.03415122 0.0046875
v -0.017646345 -0.03445221 0.0046875
v -0.010082865 -0.03464922 0.0046875
v -0.009803535 -0.03514416 0.0046875
v -0.01735647 -0.03521214 0.0046875
v -0.0095193 -0.03563598 0.0046875
v -0.017061195 -0.03596961 0.0046875
v -0.009230235 -0.036124665 0.0046875
v -0.008936355 -0.03661017 0.0046875
v -0.016760475 -0.036724635 0.0046875
v -0.008637555 -0.03709269 0.0046875
v -0.01645434 -0.037477215 0.0046875
v -0.00833376 -0.03757236 0.0046875
v -0.00802497 -0.038049135 0.0046875
v -0.016142775 -0.038227335 0.0046875
v -0.007711185 -0.03852297 0.0046875
v -0.015825795 -0.03897504 0.0046875
v -0.007392435 -0.038993835 0.0046875
v -0.007068705 -0.03946167 0.0046875
v -0.015503325 -0.03972039 0.0046875
v -0.00674004 -0.039926415 0.0046875
v -0.006406425 -0.040388055 0.0046875
v -0.015175395 -0.040463385 0.0046875
v -0.00606789 -0.040846515 0.0046875
v -0.014842035 -0.041203995 0.0046875
v -0.005724435 -0.041301765 0.0046875
v -0.00537609 -0.041753745 0.0046875
v -0.01450323 -0.04194216 0.0046875
v -0.00502284 -0.04220241 0.0046875
v -0.004664715 -0.04264773 0.0046875
v -0.014158995 -0.04267788 0.0046875
v -0.00430173 -0.043089645 0.0046875
v -0.013809375 -0.04341111 0.0046875
v -0.00393387 -0.043528125 0.0046875
v -0.00356118 -0.043963125 0.0046875
v -0.01345434 -0.044141805 0.0046875
v -0.003183585 -0.044394825 0.0046875
v -0.0028011 -0.04482324 0.0046875
v -0.013093935 -0.044869935 0.0046875
v -0.00241371 -0.04524837 0.0046875
v -0.01272816 -0.045595485 0.0046875
v -0.00202143 -0.045670245 0.0046875
v -0.001624245 -0.04608882 0.0046875
v -0.01235703 -0.04631841 0.0046875
v -0.00122217 -0.046504125 0.0046875
v -0.000815175 -0.04691616 0.0046875
v -0.01198056 -0.047038665 0.0046875
v -0.000403305 -0.04732491 0.0046875
v 1.3485e-05 -0.047730375 0.0046875
v -0.01159875 -0.047756235 0.0046875
v 0.000435165 -0.04813257 0.0046875
v -0.01121163 -0.04847109 0.0046875
v 0.000861735 -0.04853148 0.0046875
v 0.00129321 -0.04892712 0.0046875
v -0.01081914 -0.04918332 0.0046875
v 0.00172959 -0.04931949 0.0046875
v 0.00217086 -0.04970856 0.0046875
v -0.01042131 -0.049892955 0.0046875
v 0.002617035 -0.05009436 0.0046875
v 0.00275892 -0.050221395 0.0046875
v 0.002895615 -0.05035143 0.0046875
v 0.00302712 -0.05048445 0.0046875
v -0.010018095 -0.05059998 0.0046875
v 0.003153435 -0.05062047 0.0046875
v 0.00327456 -0.05075949 0.0046875
v 0.003390495 -0.05090151 0.0046875
v 0.00350124 -0.05104653 0.0046875
v 0.003606795 -0.05119455 0.0046875
v -0.009609525 -0.05130441 0.0046875
v 0.003707145 -0.051345555 0.0046875
v 0.00380232 -0.051499575 0.0046875
v 0.00389241 -0.051656895 0.0046875
v 0.003977835 -0.051818655 0.0046875
v 0.00405846 -0.05198442 0.0046875
v -0.009195585 -0.052006245 0.0046875
v 0.00413406 -0.05215368 0.0046875
v 0.00420444 -0.05232585 0.0046875
v 0.004269405 -0.052500405 0.0046875
v -0.00103218 -0.052501755 0.0046875
v 0.004328745 -0.052676775 0.0046875
v -0.00124467 -0.052513065 0.0046875
v -0.001449405 -0.05254701 0.0046875
v -0.001648605 -0.052605255 0.0046875
v -0.001844955 -0.05268726 0.0046875
v -0.008776275 -0.05270547 0.0046875
v -0.002031495 -0.05278965 0.0046875
v -0.00220122 -0.052909065 0.0046875
v -0.00235542 -0.05304798 0.0046875
v -0.00249675 -0.053207055 0.0046875
v -0.00262038 -0.05338023 0.0046875
v -0.00835161 -0.0534021 0.0046875
v -0.002721495 -0.053561475 0.0046875
v -0.002799285 -0.05374974 0.0046875
v -0.002856165 -0.053948085 0.0046875
v -0.00792156 -0.054096135 0.0046875
v -0.002892135 -0.05415651 0.0046875
v -0.00290718 -0.054375 0.0046875
v -0.002892135 -0.05459349 0.0046875
v -0.007486155 -0.05478756 0.0046875
v -0.002856165 -0.054801915 0.0046875
v -0.002799285 -0.05500026 0.0046875
v -0.002721495 -0.055188525 0.0046875
v -0.00262038 -0.05536977 0.0046875
v -0.007045395 -0.055476405 0.0046875
v -0.00249675 -0.055542945 0.0046875
v -0.00235542 -0.05570202 0.0046875
v -0.00220122 -0.055840935 0.0046875
v -0.002031495 -0.05596035 0.0046875
v -0.001844955 -0.05606274 0.0046875
v -0.001648605 -0.056144745 0.0046875
v -0.006599265 -0.05616264 0.0046875
v -0.001449405 -0.05620299 0.0046875
v -0.00124467 -0.056236935 0.0046875
v -0.00103218 -0.056248245 0.0046875
v 0.004185735 -0.05647209 0.0046875
v 0.0041142 -0.05664309 0.0046875
v 0.004251975 -0.05629827 0.0046875
v -0.00081969 -0.056236935 0.0046875
v -0.000614955 -0.05620299 0.0046875
v -0.00041577 -0.056144745 0.0046875
v 0.00431274 -0.056122215 0.0046875
v -0.000219405 -0.05606274 0.0046875
v -3.288e-05 -0.05596035 0.0046875
v 0.004367835 -0.05594448 0.0046875
v 0.00013686 -0.055840935 0.0046875
v 0.004417095 -0.055765605 0.0046875
v 0.00029106 -0.05570202 0.0046875
v 0.004460295 -0.05558616 0.0046875
v 0.000432375 -0.055542945 0.0046875
v 0.004497255 -0.055406685 0.0046875
v 0.00055602 -0.05536977 0.0046875
v 0.00452781 -0.055227675 0.0046875
v 0.000657135 -0.055188525 0.0046875
v 0.00455223 -0.05504706 0.0046875
v 0.000734925 -0.05500026 0.0046875
v 0.004570725 -0.05486418 0.0046875
v 0.000791805 -0.054801915 0.0046875
v 0.00458328 -0.054679605 0.0046875
v 0.00082776 -0.05459349 0.0046875
v 0.004589925 -0.05449392 0.0046875
v 0.00084282 -0.054375 0.0046875
v 0.004590645 -0.054307725 0.0046875
v 0.00082776 -0.05415651 0.0046875
v 0.00458547 -0.054121605 0.0046875
v 0.000791805 -0.053948085 0.0046875
v 0.004574385 -0.05393613 0.0046875
v 0.000734925 -0.05374974 0.0046875
v 0.004557405 -0.053751915 0.0046875
v 0.00453456 -0.053569515 0.0046875
v 0.000657135 -0.053561475 0.0046875
v 0.00450582 -0.053389545 0.0046875
v 0.00055602 -0.05338023 0.0046875
v 0.00447099 -0.053211315 0.0046875
v 0.000432375 -0.053207055 0.0046875
v 0.00029106 -0.05304798 0.0046875
v 0.00442974 -0.053032785 0.0046875
v 0.00013686 -0.052909065 0.0046875
v 0.004382265 -0.05285442 0.0046875
v -3.288e-05 -0.05278965 0.0046875
v -0.000219405 -0.05268726 0.0046875
v -0.00041577 -0.052605255 0.0046875
v -0.000614955 -0.05254701 0.0046875
v -0.00081969 -0.052513065 0.0046875
v 0.004037565 -0.05681076 0.0046875
v -0.006147765 -0.056846265 0.0046875
v 0.00395604 -0.0569745 0.0046875
v 0.003869625 -0.05713407 0.0046875
v 0.003777195 -0.05729154 0.0046875
v 0.00367875 -0.05744709 0.0046875
v -0.005690895 -0.05752731 0.0046875
v 0.00357465 -0.057600255 0.0046875
v -0.005580375 -0.057682395 0.0046875
v 0.00346527 -0.057750585 0.0046875
v -0.0054663 -0.057832665 0.0046875
v 0.00335097 -0.057897615 0.0046875
v -0.00534867 -0.057978105 0.0046875
v 0.00323211 -0.058040865 0.0046875
v -0.00522747 -0.058118715 0.0046875
v 0.003109065 -0.058179915 0.0046875
v -0.00510273 -0.058254495 0.0046875
v 0.00298218 -0.05831427 0.0046875
v -0.004974435 -0.05838546 0.0046875
v 0.002851845 -0.05844348 0.0046875
v -0.004842585 -0.058511595 0.0046875
v 0.002718405 -0.058567095 0.0046875
v -0.00470718 -0.058632885 0.0046875
v 0.002580765 -0.058686015 0.0046875
v -0.004568235 -0.058749375 0.0046875
v 0.002437905 -0.05880123 0.0046875
v -0.00442572 -0.05886102 0.0046875
v 0.002290305 -0.05891244 0.0046875
v -0.004279335 -0.058968 0.0046875
v 0.00213849 -0.059019315 0.0046875
v -0.00412806 -0.05907084 0.0046875
v 0.001982925 -0.05912157 0.0046875
v -0.00397224 -0.05916933 0.0046875
v 0.00182415 -0.059218875 0.0046875
v -0.0038124 -0.059263215 0.0046875
v 0.001662615 -0.059310915 0.0046875
v -0.003649095 -0.059352255 0.0046875
v 0.00149886 -0.05939739 0.0046875
v -0.00348282 -0.059436165 0.0046875
v 0.00133335 -0.059478 0.0046875
v -0.003314115 -0.059514675 0.0046875
v 0.00116661 -0.0595524 0.0046875
v -0.00314349 -0.059587545 0.0046875
v 0.000998445 -0.05962059 0.0046875
v -0.002971485 -0.059654505 0.0046875
v 0.00082668 -0.05968347 0.0046875
v -0.002798625 -0.059715285 0.0046875
v 0.000651555 -0.059741055 0.0046875
v -0.002625345 -0.05976966 0.0046875
v 0.00047367 -0.05979318 0.0046875
v -0.00244968 -0.05981817 0.0046875
v 0.000293595 -0.059839755 0.0046875
v -0.00227094 -0.0598611 0.0046875
v 0.000111885 -0.059880645 0.0046875
v -0.002089725 -0.05989839 0.0046875
v -7.086e-05 -0.0599157 0.0046875
v -0.001906635 -0.05992995 0.0046875
v -0.0002541 -0.059944815 0.0046875
v -0.001722225 -0.059955735 0.0046875
v -0.00043722 -0.05996787 0.0046875
v -0.001537095 -0.05997564 0.0046875
v -0.00061968 -0.059984715 0.0046875
v -0.00135183 -0.05998962 0.0046875
v -0.000800985 -0.05999523 0.0046875
v -0.001167 -0.0599976 0.0046875
v -0.00098319 -0.05999949 0.0046875
v -0.02621382 -0.023283075 0.0046875
v -0.02623677 -0.023188905 0.0046875
v -0.02113437 -0.023095905 0.0046875
v -0.02625408 -0.023094225 0.0046875
v -0.021028485 -0.023085045 0.0046875
v -0.020933025 -0.023051295 0.0046875
v -0.014937315 -0.02302419 0.0046875
v -0.02084256 -0.02299362 0.0046875
v -0.020767305 -0.02292015 0.0046875
v -0.02071479 -0.02283636 0.0046875
v -0.020680965 -0.022739295 0.0046875
v -0.02066562 -0.02262882 0.0046875
v -0.020680965 -0.02251833 0.0046875
v -0.01509864 -0.02246286 0.0046875
v -0.02071479 -0.02242128 0.0046875
v -0.020767305 -0.02233749 0.0046875
v -0.02084256 -0.02226402 0.0046875
v -0.020933025 -0.02220633 0.0046875
v -0.021028485 -0.02217258 0.0046875
v -0.02113437 -0.02216172 0.0046875
v -0.015254805 -0.02189868 0.0046875
v -0.02592594 -0.02193531 0.0046875
v -0.02586384 -0.021865305 0.0046875
v -0.02603676 -0.022087965 0.0046875
v -0.021240255 -0.02217258 0.0046875
v -0.02133573 -0.02220633 0.0046875
v -0.02613048 -0.022254915 0.0046875
v -0.021426195 -0.02226402 0.0046875
v -0.02150145 -0.02233749 0.0046875
v -0.021553965 -0.02242128 0.0046875
v -0.02620074 -0.02243019 0.0046875
v -0.02158779 -0.02251833 0.0046875
v -0.026225925 -0.022521045 0.0046875
v -0.02160312 -0.02262882 0.0046875
v -0.026245125 -0.022615275 0.0046875
v -0.026258475 -0.022711575 0.0046875
v -0.02158779 -0.022739295 0.0046875
v -0.02626605 -0.022808685 0.0046875
v -0.021553965 -0.02283636 0.0046875
v -0.026267985 -0.022905285 0.0046875
v -0.02150145 -0.02292015 0.0046875
v -0.021426195 -0.02299362 0.0046875
v -0.026264385 -0.0230001 0.0046875
v -0.02133573 -0.023051295 0.0046875
v -0.021240255 -0.023085045 0.0046875
v -0.025795845 -0.021798795 0.0046875
v -0.02572356 -0.02173587 0.0046875
v -0.025648635 -0.021676575 0.0046875
v -0.025497315 -0.021569085 0.0046875
v -0.01812012 -0.02155848 0.0046875
v -0.02534619 -0.021476505 0.0046875
v -0.01801422 -0.02154762 0.0046875
v -0.01791876 -0.02151387 0.0046875
v -0.017828295 -0.021456195 0.0046875
v -0.01775304 -0.021382725 0.0046875
v -0.01540584 -0.021331605 0.0046875
v -0.017700525 -0.021298935 0.0046875
v -0.017666715 -0.02120187 0.0046875
v -0.01765137 -0.021091395 0.0046875
v -0.017666715 -0.020980905 0.0046875
v -0.017700525 -0.02088384 0.0046875
v -0.01775304 -0.02080005 0.0046875
v -0.015551715 -0.02076168 0.0046875
v -0.017828295 -0.02072658 0.0046875
v -0.01791876 -0.020668905 0.0046875
v -0.01801422 -0.020635155 0.0046875
v -0.01812012 -0.020624295 0.0046875
v -0.015692445 -0.02018886 0.0046875
v -0.022945065 -0.02038017 0.0046875
v -0.022256565 -0.02005236 0.0046875
v -0.018226005 -0.020635155 0.0046875
v -0.018321465 -0.020668905 0.0046875
v -0.02363706 -0.020703315 0.0046875
v -0.01841193 -0.02072658 0.0046875
v -0.018487185 -0.02080005 0.0046875
v -0.0185397 -0.02088384 0.0046875
v -0.018573525 -0.020980905 0.0046875
v -0.024332565 -0.02102178 0.0046875
v -0.01858887 -0.021091395 0.0046875
v -0.018573525 -0.02120187 0.0046875
v -0.0185397 -0.021298935 0.0046875
v -0.025031565 -0.021335565 0.0046875
v -0.018487185 -0.021382725 0.0046875
v -0.02519094 -0.02139867 0.0046875
v -0.01841193 -0.021456195 0.0046875
v -0.018321465 -0.02151387 0.0046875
v -0.018226005 -0.02154762 0.0046875
v -0.015703665 -0.020142195 0.0046875
v -0.01571649 -0.020096205 0.0046875
v -0.015730905 -0.02005089 0.0046875
v -0.02209941 -0.019981875 0.0046875
v -0.015746925 -0.02000628 0.0046875
v -0.015764535 -0.019962345 0.0046875
v -0.02194452 -0.01991361 0.0046875
v -0.01578375 -0.0199191 0.0046875
v -0.01580457 -0.019876545 0.0046875
v -0.02179191 -0.01984755 0.0046875
v -0.01582698 -0.019834665 0.0046875
v -0.02164158 -0.019783725 0.0046875
v -0.01585098 -0.019793475 0.0046875
v -0.015876585 -0.019752975 0.0046875
v -0.02149353 -0.01972212 0.0046875
v -0.015903795 -0.019713165 0.0046875
v -0.02134776 -0.01966272 0.0046875
v -0.015932595 -0.01967403 0.0046875
v -0.015962745 -0.01963551 0.0046875
v -0.021204255 -0.01960554 0.0046875
v -0.015994065 -0.01959753 0.0046875
v -0.02106303 -0.019550595 0.0046875
v -0.01602672 -0.01956015 0.0046875
v -0.01606083 -0.019523415 0.0046875
v -0.020924085 -0.019497855 0.0046875
v -0.016096545 -0.019487355 0.0046875
v -0.02078742 -0.019447335 0.0046875
v -0.016133985 -0.01945203 0.0046875
v -0.0161733 -0.019417485 0.0046875
v -0.020653035 -0.01939902 0.0046875
v -0.01621464 -0.019383765 0.0046875
v -0.02052093 -0.01935294 0.0046875
v -0.016258125 -0.019350915 0.0046875
v -0.02039109 -0.01930908 0.0046875
v -0.01630389 -0.019318965 0.0046875
v -0.0163521 -0.01928799 0.0046875
v -0.020263545 -0.019267425 0.0046875
v -0.01640286 -0.019258005 0.0046875
v -0.020138265 -0.019228005 0.0046875
v -0.016455765 -0.01922868 0.0046875
v -0.01651038 -0.019199715 0.0046875
v -0.020015265 -0.01919079 0.0046875
v -0.016566855 -0.019171275 0.0046875
v -0.019894725 -0.01915617 0.0046875
v -0.01662534 -0.01914354 0.0046875
v -0.019776765 -0.019124415 0.0046875
v -0.01668597 -0.01911669 0.0046875
v -0.01966134 -0.01909539 0.0046875
v -0.016748895 -0.01909086 0.0046875
v -0.01954836 -0.019068915 0.0046875
v -0.016814265 -0.01906623 0.0046875
v -0.01943775 -0.01904487 0.0046875
v -0.01688223 -0.019042965 0.0046875
v -0.019329435 -0.019023075 0.0046875
v -0.016952925 -0.019021245 0.0046875
v -0.019223355 -0.01900341 0.0046875
v -0.0170265 -0.019001235 0.0046875
v -0.019119435 -0.018985725 0.0046875
v -0.01710312 -0.018983085 0.0046875
v -0.0190176 -0.01896984 0.0046875
v -0.017182905 -0.01896696 0.0046875
v -0.018917775 -0.018955635 0.0046875
v -0.017265405 -0.018952245 0.0046875
v -0.018819885 -0.01894296 0.0046875
v -0.017350185 -0.01893831 0.0046875
v -0.018723855 -0.018931635 0.0046875
v -0.01743738 -0.018925425 0.0046875
v -0.01862964 -0.01892154 0.0046875
v -0.017527155 -0.01891383 0.0046875
v -0.018537135 -0.018912525 0.0046875
v -0.01844628 -0.018904425 0.0046875
v -0.01761966 -0.018903765 0.0046875
v -0.018357 -0.01889709 0.0046875
v -0.01771506 -0.018895485 0.0046875
v -0.01826961 -0.01889106 0.0046875
v -0.01781352 -0.01888923 0.0046875
v -0.01818438 -0.018886905 0.0046875
v -0.017915175 -0.018885255 0.0046875
v -0.018101265 -0.018884535 0.0046875
v -0.018020205 -0.018883815 0.0046875
f 1 2 3
f 1 4 2
f 1 3 5
f 1 5 6
f 1 6 7
f 1 7 8
f 1 8 9
f 1 9 10
f 1 10 11
f 12 1 11
f 13 12 11
f 13 14 12
f 13 11 15
f 13 15 16
f 13 16 17
f 13 17 18
f 13 18 19
f 13 19 20
f 13 20 21
f 22 13 21
f 22 21 23
f 22 23 24
f 25 22 24
f 25 24 26
f 25 26 27
f 28 25 27
f 28 27 29
f 28 29 30
f 28 30 31
f 32 28 31
f 32 31 4
f 4 31 33
f 34 32 4
f 34 4 35
f 36 34 35
f 36 35 37
f 35 38 37
f 39 36 37
f 39 37 40
f 39 40 41
f 39 41 42
f 43 39 42
f 43 42 44
f 43 44 45
f 43 45 46
f 47 43 46
f 47 46 48
f 49 47 48
f 49 48 50
f 49 50 51
f 52 49 51
f 52 51 53
f 54 52 53
f 54 53 55
f 54 55 56
f 57 54 56
f 57 56 58
f 57 58 59
f 60 57 59
f 60 59 61
f 61 59 62
f 63 60 61
f 64 63 61
f 64 61 65
f 61 66 65
f 67 64 65
f 68 67 65
f 68 65 69
f 70 68 69
f 70 69 71
f 72 70 71
f 72 71 73
f 74 72 73
f 74 73 75
f 74 75 76
f 76 75 77
f 76 77 78
f 76 78 79
f 80 76 79
f 80 79 81
f 80 81 82
f 80 82 83
f 80 83 84
f 85 80 84
f 85 84 86
f 85 86 87
f 85 87 88
f 89 85 88
f 90 89 88
f 90 91 89
f 90 88 92
f 90 92 93
f 90 93 94
f 95 90 94
f 95 94 96
f 95 96 97
f 95 97 98
f 95 98 99
f 95 99 100
f 95 100 101
f 66 95 101
f 66 101 102
f 66 102 103
f 66 103 104
f 66 104 105
f 66 105 65
f 91 106 89
f 106 107 89
f 106 108 107
f 108 109 107
f 109 110 107
f 109 111 110
f 111 112 110
f 112 113 110
f 112 114 113
f 114 115 113
f 114 116 115
f 116 117 115
f 117 118 115
f 117 119 118
f 119 120 118
f 119 121 120
f 121 122 120
f 122 123 120
f 122 124 123
f 124 125 123
f 124 126 125
f 126 127 125
f 127 128 125
f 127 129 128
f 129 130 128
f 129 131 130
f 131 132 130
f 132 133 130
f 132 134 133
f 134 135 133
f 134 136 135
f 136 137 135
f 136 138 137
f 138 139 137
f 139 140 137
f 139 141 140
f 141 142 140
f 141 143 142
f 143 144 142
f 144 145 142
f 144 146 145
f 146 147 145
f 146 148 147
f 148 149 147
f 148 150 149
f 150 151 149
f 150 152 151
f 152 153 151
f 152 154 153
f 154 155 153
f 154 156 155
f 156 157 155
f 156 158 157
f 158 159 157
f 158 160 159
f 160 161 159
f 160 162 161
f 162 163 161
f 162 164 163
f 164 165 163
f 164 166 165
f 166 167 165
f 166 168 167
f 168 169 167
f 168 170 169
f 170 171 169
f 170 172 171
f 172 173 171
f 172 174 173
f 174 175 173
f 174 176 175
f 176 177 175
f 176 178 177
f 176 179 178
f 179 180 178
f 179 181 180
f 181 182 180
f 181 183 182
f 183 184 182
f 183 185 184
f 61 62 186
f 61 186 187
f 61 187 188
f 61 188 189
f 190 61 189
f 190 189 191
f 190 191 192
f 190 192 193
f 190 193 194
f 190 194 195
f 190 195 196
f 35 190 196
f 35 196 197
f 35 197 38
f 4 33 198
f 4 198 199
f 4 199 200
f 4 200 201
f 4 201 2
f 13 202 14
f 13 203 202
f 203 204 202
f 204 205 202
f 205 206 202
f 206 207 202
f 207 208 202
f 207 209 208
f 209 210 208
f 210 211 208
f 211 212 208
f 211 213 212
f 212 214 208
f 214 215 208
f 215 216 208
f 216 217 208
f 217 218 208
f 218 219 208
f 219 220 208
f 219 221 220
f 221 222 220
f 222 223 220
f 223 224 220
f 224 225 220
f 224 226 225
f 226 227 225
f 227 228 225
f 228 229 225
f 229 230 225
f 229 231 230
f 231 232 230
f 232 233 230
f 233 234 230
f 233 235 234
f 235 236 234
f 235 237 236
f 235 238 237
f 238 239 237
f 238 240 239
f 240 241 239
f 240 242 241
f 240 243 242
f 243 244 242
f 243 245 244
f 245 246 244
f 245 247 246
f 245 248 247
f 248 249 247
f 248 250 249
f 250 251 249
f 250 252 251
f 250 253 252
f 253 254 252
f 253 255 254
f 255 256 254
f 255 257 256
f 255 258 257
f 258 259 257
f 258 260 259
f 260 261 259
f 260 262 261
f 260 263 262
f 263 264 262
f 263 265 264
f 265 266 264
f 265 267 266
f 265 268 267
f 268 269 267
f 268 270 269
f 270 271 269
f 270 272 271
f 270 273 272
f 273 274 272
f 273 275 274
f 273 276 275
f 276 277 275
f 276 278 277
f 278 279 277
f 278 280 279
f 278 281 280
f 281 282 280
f 281 283 282
f 281 284 283
f 284 285 283
f 284 286 285
f 286 287 285
f 286 288 287
f 286 289 288
f 289 290 288
f 289 291 290
f 289 292 291
f 292 293 291
f 292 294 293
f 294 295 293
f 294 296 295
f 294 297 296
f 297 298 296
f 297 299 298
f 297 300 299
f 300 301 299
f 300 302 301
f 300 303 302
f 303 304 302
f 303 305 304
f 305 306 304
f 305 307 306
f 305 308 307
f 308 309 307
f 308 310 309
f 308 311 310
f 311 312 310
f 311 313 312
f 311 314 313
f 311 315 314
f 311 316 315
f 316 317 315
f 316 318 317
f 316 319 318
f 316 320 319
f 316 321 320
f 316 322 321
f 322 323 321
f 322 324 323
f 322 325 324
f 322 326 325
f 322 327 326
f 322 328 327
f 328 329 327
f 328 330 329
f 328 331 330
f 332 329 330
f 332 330 333
f 332 333 334
f 332 334 335
f 336 332 335
f 336 335 337
f 336 337 338
f 339 336 338
f 339 338 340
f 341 339 340
f 341 340 342
f 341 342 343
f 344 341 343
f 344 343 345
f 346 344 345
f 346 345 347
f 348 346 347
f 348 347 349
f 350 348 349
f 350 349 351
f 352 350 351
f 353 352 351
f 353 351 354
f 355 353 354
f 355 354 356
f 357 355 356
f 357 356 358
f 359 357 358
f 359 358 360
f 361 359 360
f 361 360 362
f 363 361 362
f 363 362 364
f 365 363 364
f 365 364 366
f 367 365 366
f 367 366 368
f 369 367 368
f 369 368 370
f 371 369 370
f 371 370 372
f 373 371 372
f 373 372 374
f 373 374 375
f 376 373 375
f 376 375 377
f 376 377 378
f 376 378 379
f 376 379 380
f 381 376 380
f 382 381 380
f 382 383 381
f 382 380 384
f 382 384 385
f 386 382 385
f 386 385 387
f 386 387 388
f 386 388 389
f 386 389 390
f 386 390 391
f 386 391 392
f 393 386 392
f 393 392 394
f 393 394 395
f 393 395 396
f 393 396 397
f 398 393 397
f 398 397 399
f 398 399 400
f 398 400 401
f 402 398 401
f 402 401 403
f 402 403 404
f 402 404 405
f 406 402 405
f 406 405 407
f 406 407 408
f 406 408 409
f 406 409 410
f 406 410 411
f 328 406 411
f 328 411 412
f 328 412 413
f 328 413 414
f 328 414 331
f 382 415 383
f 382 416 415
f 382 417 416
f 382 418 417
f 418 419 417
f 418 420 419
f 418 421 420
f 418 422 421
f 418 423 422
f 423 424 422
f 423 425 424
f 425 426 424
f 425 427 426
f 427 428 426
f 427 429 428
f 429 430 428
f 429 431 430
f 431 432 430
f 431 433 432
f 433 434 432
f 433 435 434
f 435 436 434
f 435 437 436
f 437 438 436
f 437 439 438
f 439 440 438
f 439 441 440
f 441 442 440
f 441 443 442
f 443 444 442
f 443 445 444
f 445 446 444
f 445 447 446
f 447 448 446
f 447 449 448
f 449 450 448
f 449 451 450
f 451 452 450
f 451 453 452
f 453 454 452
f 453 455 454
f 455 456 454
f 455 457 456
f 457 458 456
f 457 459 458
f 459 460 458
f 459 461 460
f 461 462 460
f 461 463 462
f 463 464 462
f 463 465 464
f 465 466 464
f 465 467 466
f 467 468 466
f 467 469 468
f 469 470 468
f 469 471 470
f 471 472 470
f 471 473 472
f 473 474 472
f 473 475 474
f 475 476 474
f 475 477 476
f 477 478 476
f 477 479 478
f 479 480 478
f 213 481 212
f 213 482 481
f 213 483 482
f 483 484 482
f 483 485 484
f 483 486 485
f 486 487 485
f 487 488 485
f 487 489 488
f 489 490 488
f 489 491 490
f 491 492 490
f 491 493 492
f 493 494 492
f 494 495 492
f 494 496 495
f 496 497 495
f 496 498 497
f 499 500 501
f 502 500 499
f 503 499 501
f 503 501 504
f 503 504 505
f 505 504 506
f 505 506 507
f 507 506 508
f 507 508 509
f 509 508 510
f 509 510 511
f 511 510 512
f 511 512 513
f 513 512 514
f 513 514 515
f 515 514 516
f 515 516 517
f 517 516 518
f 517 518 519
f 519 518 520
f 519 520 521
f 521 520 522
f 521 522 523
f 523 522 524
f 523 524 525
f 525 524 526
f 525 526 527
f 527 526 528
f 527 528 529
f 529 528 530
f 529 530 531
f 531 530 532
f 531 532 533
f 533 532 534
f 533 534 535
f 535 534 536
f 535 536 537
f 537 536 538
f 537 538 539
f 539 538 540
f 539 540 541
f 541 540 542
f 541 542 543
f 543 542 544
f 543 544 545
f 545 544 546
f 545 546 547
f 547 546 548
f 547 548 549
f 549 548 550
f 549 550 551
f 551 550 552
f 551 552 553
f 553 552 554
f 553 554 502
f 502 554 500
f 555 556 557
f 558 556 555
f 559 555 557
f 559 557 560
f 559 560 561
f 561 560 562
f 561 562 563
f 563 562 564
f 563 564 565
f 565 564 566
f 565 566 567
f 567 566 568
f 567 568 569
f 569 568 570
f 569 570 571
f 571 570 572
f 571 572 573
f 573 572 574
f 573 574 575
f 575 574 576
f 575 576 577
f 577 576 578
f 577 578 579
f 579 578 580
f 579 580 581
f 581 580 582
f 581 582 583
f 583 582 584
f 583 584 585
f 585 584 586
f 585 586 587
f 587 586 588
f 587 588 589
f 589 588 590
f 589 590 591
f 591 590 592
f 591 592 593
f 593 592 594
f 593 594 595
f 595 594 596
f 595 596 597
f 597 596 598
f 597 598 599
f 599 598 600
f 599 600 601
f 601 600 602
f 601 602 603
f 603 602 604
f 603 604 605
f 605 604 606
f 605 606 607
f 607 606 608
f 607 608 609
f 609 608 610
f 609 610 558
f 558 610 556
f 611 612 613
f 614 612 611
f 615 611 613
f 615 613 616
f 615 616 617
f 617 616 618
f 617 618 619
f 619 618 620
f 619 620 621
f 621 620 622
f 621 622 623
f 623 622 624
f 623 624 625
f 625 624 626
f 625 626 627
f 627 626 628
f 627 628 629
f 629 628 630
f 629 630 631
f 631 630 632
f 631 632 633
f 633 632 634
f 633 634 635
f 635 634 636
f 635 636 637
f 637 636 638
f 637 638 639
f 639 638 640
f 639 640 641
f 641 640 642
f 641 642 643
f 643 642 644
f 643 644 645
f 645 644 646
f 645 646 647
f 647 646 648
f 647 648 649
f 649 648 650
f 649 650 651
f 651 650 652
f 651 652 653
f 653 652 654
f 653 654 655
f 655 654 656
f 655 656 657
f 657 656 658
f 657 658 659
f 659 658 660
f 659 660 661
f 661 660 662
f 661 662 663
f 663 662 664
f 663 664 665
f 665 664 666
f 665 666 667
f 667 666 668
f 667 668 669
f 669 668 670
f 669 670 671
f 671 670 672
f 671 672 673
f 673 672 674
f 673 674 675
f 675 674 676
f 675 676 677
f 677 676 678
f 677 678 679
f 679 678 680
f 679 680 681
f 681 680 682
f 681 682 683
f 683 682 684
f 683 684 685
f 685 684 686
f 685 686 687
f 687 686 688
f 687 688 689
f 689 688 690
f 689 690 691
f 691 690 692
f 691 692 693
f 693 692 694
f 693 694 695
f 695 694 696
f 695 696 697
f 697 696 698
f 697 698 699
f 699 698 700
f 699 700 701
f 701 700 702
f 701 702 703
f 703 702 704
f 703 704 705
f 705 704 706
f 705 706 707
f 707 706 708
f 707 708 709
f 709 708 710
f 709 710 711
f 711 710 712
f 711 712 713
f 713 712 714
f 713 714 715
f 715 714 716
f 715 716 717
f 717 716 718
f 717 718 719
f 719 718 720
f 719 720 721
f 721 720 722
f 721 722 614
f 614 722 612
f 723 724 725
f 726 724 723
f 727 723 725
f 727 725 728
f 727 728 729
f 729 728 730
f 729 730 731
f 731 730 732
f 731 732 733
f 733 732 734
f 733 734 735
f 735 734 736
f 735 736 737
f 737 736 738
f 737 738 739
f 739 738 740
f 739 740 741
f 741 740 742
f 741 742 743
f 743 742 744
f 743 744 745
f 745 744 746
f 745 746 747
f 747 746 748
f 747 748 749
f 749 748 750
f 749 750 751
f 751 750 752
f 751 752 753
f 753 752 754
f 753 754 755
f 755 754 756
f 755 756 757
f 757 756 758
f 757 758 759
f 759 758 760
f 759 760 761
f 761 760 762
f 761 762 763
f 763 762 764
f 763 764 765
f 765 764 766
f 765 766 767
f 767 766 768
f 767 768 769
f 769 768 770
f 769 770 771
f 771 770 772
f 771 772 773
f 773 772 774
f 773 774 775
f 775 774 776
f 775 776 777
f 777 776 778
f 777 778 726
f 726 778 724
f 779 780 781
f 782 780 779
f 779 781 783
f 783 781 784
f 783 784 785
f 785 784 786
f 785 786 787
f 787 786 788
f 787 788 789
f 789 788 790
f 789 790 791
f 791 790 792
f 791 792 793
f 793 792 794
f 793 794 795
f 795 794 796
f 795 796 797
f 797 796 798
f 797 798 799
f 799 798 800
f 799 800 801
f 801 800 802
f 801 802 803
f 803 802 804
f 803 804 805
f 805 804 806
f 805 806 807
f 807 806 808
f 807 808 809
f 809 808 810
f 809 810 811
f 811 810 812
f 811 812 813
f 813 812 814
f 813 814 815
f 815 814 816
f 815 816 817
f 817 816 818
f 817 818 819
f 819 818 820
f 819 820 821
f 821 820 822
f 821 822 823
f 823 822 824
f 823 824 825
f 825 824 826
f 825 826 827
f 827 826 828
f 827 828 829
f 829 828 830
f 829 830 831
f 831 830 832
f 831 832 833
f 833 832 834
f 833 834 835
f 835 834 836
f 835 836 837
f 837 836 838
f 837 838 839
f 839 838 840
f 839 840 841
f 841 840 842
f 841 842 843
f 843 842 844
f 843 844 845
f 845 844 846
f 845 846 847
f 847 846 848
f 847 848 849
f 849 848 850
f 849 850 851
f 851 850 852
f 851 852 853
f 853 852 854
f 853 854 855
f 855 854 856
f 855 856 857
f 857 856 858
f 857 858 859
f 859 858 860
f 859 860 861
f 861 860 862
f 861 862 863
f 863 862 864
f 863 864 865
f 865 864 866
f 865 866 867
f 867 866 868
f 867 868 869
f 869 868 870
f 869 870 871
f 871 870 872
f 871 872 873
f 873 872 874
f 873 874 875
f 875 874 876
f 875 876 877
f 877 876 878
f 877 878 879
f 879 878 880
f 879 880 881
f 881 880 882
f 881 882 883
f 883 882 884
f 883 884 885
f 885 884 886
f 885 886 887
f 887 886 888
f 887 888 889
f 889 888 890
f 889 890 891
f 891 890 892
f 891 892 893
f 893 892 894
f 893 894 895
f 895 894 896
f 895 896 897
f 897 896 898
f 897 898 899
f 899 898 900
f 899 900 901
f 901 900 902
f 901 902 903
f 903 902 904
f 903 904 905
f 905 904 906
f 905 906 907
f 907 906 908
f 907 908 909
f 909 908 910
f 909 910 911
f 911 910 912
f 911 912 913
f 913 912 914
f 913 914 915
f 915 914 916
f 915 916 917
f 917 916 918
f 917 918 919
f 919 918 920
f 919 920 921
f 921 920 922
f 921 922 923
f 923 922 924
f 923 924 925
f 925 924 926
f 925 926 927
f 927 926 928
f 927 928 929
f 929 928 930
f 929 930 931
f 931 930 932
f 931 932 933
f 933 932 934
f 933 934 935
f 935 934 936
f 935 936 937
f 937 936 938
f 937 938 939
f 939 938 940
f 939 940 941
f 941 940 942
f 941 942 943
f 943 942 944
f 943 944 945
f 945 944 946
f 945 946 947
f 947 946 948
f 947 948 949
f 949 948 950
f 949 950 951
f 951 950 952
f 951 952 953
f 953 952 954
f 953 954 955
f 955 954 956
f 955 956 957
f 957 956 958
f 957 958 959
f 959 958 960
f 959 960 961
f 961 960 962
f 961 962 963
f 963 962 964
f 963 964 965
f 965 964 966
f 965 966 967
f 967 966 968
f 967 968 969
f 969 968 970
f 969 970 971
f 971 970 972
f 971 972 973
f 973 972 974
f 973 974 975
f 975 974 976
f 975 976 977
f 977 976 978
f 977 978 979
f 979 978 980
f 979 980 981
f 981 980 982
f 981 982 983
f 983 982 984
f 983 984 985
f 985 984 986
f 985 986 987
f 987 986 988
f 987 988 989
f 989 988 990
f 989 990 991
f 991 990 992
f 991 992 993
f 993 992 994
f 993 994 995
f 995 994 996
f 995 996 997
f 997 996 998
f 997 998 999
f 999 998 1000
f 999 1000 1001
f 1001 1000 1002
f 1001 1002 1003
f 1003 1002 1004
f 1003 1004 1005
f 1005 1004 1006
f 1005 1006 1007
f 1007 1006 1008
f 1007 1008 1009
f 1009 1008 1010
f 1009 1010 1011
f 1011 1010 1012
f 1011 1012 1013
f 1013 1012 1014
f 1013 1014 1015
f 1015 1014 1016
f 1015 1016 1017
f 1017 1016 1018
f 1017 1018 1019
f 1019 1018 1020
f 1019 1020 1021
f 1021 1020 1022
f 1021 1022 1023
f 1023 1022 1024
f 1023 1024 1025
f 1025 1024 1026
f 1025 1026 1027
f 1027 1026 1028
f 1027 1028 1029
f 1029 1028 1030
f 1029 1030 1031
f 1031 1030 1032
f 1031 1032 1033
f 1033 1032 1034
f 1033 1034 1035
f 1035 1034 1036
f 1035 1036 1037
f 1037 1036 1038
f 1037 1038 1039
f 1039 1038 1040
f 1039 1040 1041
f 1041 1040 1042
f 1041 1042 1043
f 1043 1042 1044
f 1043 1044 1045
f 1045 1044 1046
f 1045 1046 1047
f 1047 1046 1048
f 1047 1048 1049
f 1049 1048 1050
f 1049 1050 1051
f 1051 1050 1052
f 1051 1052 1053
f 1053 1052 1054
f 1053 1054 1055
f 1055 1054 1056
f 1055 1056 1057
f 1057 1056 1058
f 1057 1058 1059
f 1059 1058 1060
f 1059 1060 1061
f 1061 1060 1062
f 1061 1062 1063
f 1063 1062 1064
f 1063 1064 1065
f 1065 1064 1066
f 1065 1066 1067
f 1067 1066 1068
f 1067 1068 1069
f 1069 1068 1070
f 1069 1070 1071
f 1071 1070 1072
f 1071 1072 1073
f 1073 1072 1074
f 1073 1074 1075
f 1075 1074 1076
f 1075 1076 1077
f 1077 1076 1078
f 1077 1078 1079
f 1079 1078 1080
f 1079 1080 1081
f 1081 1080 1082
f 1081 1082 1083
f 1083 1082 1084
f 1083 1084 1085
f 1085 1084 1086
f 1085 1086 1087
f 1087 1086 1088
f 1087 1088 1089
f 1089 1088 1090
f 1089 1090 1091
f 1091 1090 1092
f 1091 1092 1093
f 1093 1092 1094
f 1093 1094 1095
f 1095 1094 1096
f 1095 1096 1097
f 1097 1096 1098
f 1097 1098 1099
f 1099 1098 1100
f 1099 1100 1101
f 1101 1100 1102
f 1101 1102 1103
f 1103 1102 1104
f 1103 1104 1105
f 1105 1104 1106
f 1105 1106 1107
f 1107 1106 1108
f 1107 1108 1109
f 1109 1108 1110
f 1109 1110 1111
f 1111 1110 1112
f 1111 1112 1113
f 1113 1112 1114
f 1113 1114 1115
f 1115 1114 1116
f 1115 1116 1117
f 1117 1116 1118
f 1117 1118 1119
f 1119 1118 1120
f 1119 1120 1121
f 1121 1120 1122
f 1121 1122 1123
f 1123 1122 1124
f 1123 1124 1125
f 1125 1124 1126
f 1125 1126 1127
f 1127 1126 1128
f 1127 1128 1129
f 1129 1128 1130
f 1129 1130 1131
f 1131 1130 1132
f 1131 1132 1133
f 1133 1132 1134
f 1133 1134 1135
f 1135 1134 1136
f 1135 1136 1137
f 1137 1136 1138
f 1137 1138 1139
f 1139 1138 1140
f 1139 1140 1141
f 1141 1140 1142
f 1141 1142 1143
f 1143 1142 1144
f 1143 1144 1145
f 1145 1144 1146
f 1145 1146 1147
f 1147 1146 1148
f 1147 1148 1149
f 1149 1148 1150
f 1149 1150 1151
f 1151 1150 1152
f 1151 1152 1153
f 1153 1152 1154
f 1153 1154 1155
f 1155 1154 1156
f 1155 1156 1157
f 1157 1156 1158
f 1157 1158 1159
f 1159 1158 1160
f 1159 1160 1161
f 1161 1160 1162
f 1161 1162 1163
f 1163 1162 1164
f 1163 1164 1165
f 1165 1164 1166
f 1165 1166 1167
f 1167 1166 1168
f 1167 1168 1169
f 1169 1168 1170
f 1169 1170 1171
f 1171 1170 1172
f 1171 1172 1173
f 1173 1172 1174
f 1173 1174 1175
f 1175 1174 1176
f 1175 1176 1177
f 1177 1176 1178
f 1177 1178 1179
f 1179 1178 1180
f 1179 1180 1181
f 1181 1180 1182
f 1181 1182 1183
f 1183 1182 1184
f 1183 1184 1185
f 1185 1184 1186
f 1185 1186 1187
f 1187 1186 1188
f 1187 1188 1189
f 1189 1188 1190
f 1189 1190 1191
f 1191 1190 1192
f 1191 1192 1193
f 1193 1192 1194
f 1193 1194 1195
f 1195 1194 1196
f 1195 1196 1197
f 1197 1196 1198
f 1197 1198 1199
f 1199 1198 1200
f 1199 1200 1201
f 1201 1200 1202
f 1201 1202 1203
f 1203 1202 1204
f 1203 1204 1205
f 1205 1204 1206
f 1205 1206 1207
f 1207 1206 1208
f 1207 1208 1209
f 1209 1208 1210
f 1209 1210 1211
f 1211 1210 1212
f 1211 1212 1213
f 1213 1212 1214
f 1213 1214 1215
f 1215 1214 1216
f 1215 1216 1217
f 1217 1216 1218
f 1217 1218 1219
f 1219 1218 1220
f 1219 1220 1221
f 1221 1220 1222
f 1221 1222 1223
f 1223 1222 1224
f 1223 1224 1225
f 1225 1224 1226
f 1225 1226 1227
f 1227 1226 1228
f 1227 1228 1229
f 1229 1228 1230
f 1229 1230 1231
f 1231 1230 1232
f 1231 1232 1233
f 1233 1232 1234
f 1233 1234 1235
f 1235 1234 1236
f 1235 1236 1237
f 1237 1236 1238
f 1237 1238 1239
f 1239 1238 1240
f 1239 1240 1241
f 1241 1240 1242
f 1241 1242 1243
f 1243 1242 1244
f 1243 1244 1245
f 1245 1244 1246
f 1245 1246 1247
f 1247 1246 1248
f 1247 1248 1249
f 1249 1248 1250
f 1249 1250 1251
f 1251 1250 1252
f 1251 1252 1253
f 1253 1252 1254
f 1253 1254 1255
f 1255 1254 1256
f 1255 1256 1257
f 1257 1256 1258
f 1257 1258 1259
f 1259 1258 1260
f 1259 1260 1261
f 1261 1260 1262
f 1261 1262 1263
f 1263 1262 1264
f 1263 1264 1265
f 1265 1264 1266
f 1265 1266 1267
f 1267 1266 1268
f 1267 1268 1269
f 1269 1268 1270
f 1269 1270 1271
f 1271 1270 1272
f 1271 1272 1273
f 1273 1272 1274
f 1273 1274 1275
f 1275 1274 1276
f 1275 1276 1277
f 1277 1276 1278
f 1277 1278 1279
f 1279 1278 1280
f 1279 1280 1281
f 1281 1280 1282
f 1281 1282 1283
f 1283 1282 1284
f 1283 1284 1285
f 1285 1284 1286
f 1285 1286 1287
f 1287 1286 1288
f 1287 1288 1289
f 1289 1288 1290
f 1289 1290 1291
f 1291 1290 1292
f 1291 1292 1293
f 1293 1292 1294
f 1293 1294 1295
f 1295 1294 1296
f 1295 1296 1297
f 1297 1296 1298
f 1297 1298 1299
f 1299 1298 1300
f 1299 1300 1301
f 1301 1300 1302
f 1301 1302 1303
f 1303 1302 1304
f 1303 1304 1305
f 1305 1304 1306
f 1305 1306 1307
f 1307 1306 1308
f 1307 1308 1309
f 1309 1308 1310
f 1309 1310 1311
f 1311 1310 1312
f 1311 1312 1313
f 1313 1312 1314
f 1313 1314 1315
f 1315 1314 1316
f 1315 1316 1317
f 1317 1316 1318
f 1317 1318 1319
f 1319 1318 1320
f 1319 1320 1321
f 1321 1320 1322
f 1321 1322 1323
f 1323 1322 1324
f 1323 1324 1325
f 1325 1324 1326
f 1325 1326 1327
f 1327 1326 1328
f 1327 1328 1329
f 1329 1328 1330
f 1329 1330 1331
f 1331 1330 1332
f 1331 1332 1333
f 1333 1332 1334
f 1333 1334 1335
f 1335 1334 1336
f 1335 1336 1337
f 1337 1336 1338
f 1337 1338 1339
f 1339 1338 1340
f 1339 1340 1341
f 1341 1340 1342
f 1341 1342 1343
f 1343 1342 1344
f 1343 1344 1345
f 1345 1344 1346
f 1345 1346 1347
f 1347 1346 1348
f 1347 1348 1349
f 1349 1348 1350
f 1349 1350 1351
f 1351 1350 1352
f 1351 1352 1353
f 1353 1352 1354
f 1353 1354 1355
f 1355 1354 1356
f 1355 1356 1357
f 1357 1356 1358
f 1357 1358 1359
f 1359 1358 1360
f 1359 1360 1361
f 1361 1360 1362
f 1361 1362 1363
f 1363 1362 1364
f 1363 1364 1365
f 1365 1364 1366
f 1366 1364 1367
f 1366 1367 1368
f 1368 1367 1369
f 1368 1369 1370
f 1368 1370 1371
f 1371 1370 1372
f 1371 1372 1373
f 1373 1372 1374
f 1373 1374 1375
f 1375 1374 1376
f 1375 1376 1377
f 1377 1376 1378
f 1377 1378 1379
f 1379 1378 1380
f 1379 1380 1381
f 1381 1380 1382
f 1381 1382 1383
f 1383 1382 1384
f 1383 1384 1385
f 1385 1384 1386
f 1385 1386 1387
f 1387 1386 1388
f 1387 1388 1389
f 1389 1388 1390
f 1389 1390 1391
f 1391 1390 1392
f 1391 1392 1393
f 1393 1392 1394
f 1394 1392 1395
f 1394 1395 1396
f 1396 1395 1397
f 1397 1395 1398
f 1397 1398 1399
f 1399 1398 1400
f 1400 1398 1401
f 1400 1401 1402
f 1402 1401 1403
f 1402 1403 1404
f 1404 1403 1405
f 1405 1403 1406
f 1405 1406 1407
f 1407 1406 1408
f 1408 1406 1409
f 1408 1409 1410
f 1410 1409 1411
f 1410 1411 1412
f 1412 1411 1413
f 1413 1411 1414
f 1413 1414 1415
f 1415 1414 1416
f 1415 1416 1417
f 1417 1416 1418
f 1417 1418 1419
f 1419 1418 1420
f 1419 1420 1421
f 1421 1420 1422
f 1421 1422 1423
f 1423 1422 1424
f 1423 1424 1425
f 1425 1424 1426
f 1425 1426 1427
f 1427 1426 1428
f 1427 1428 1429
f 1429 1428 1430
f 1429 1430 1431
f 1431 1430 1432
f 1431 1432 1433
f 1433 1432 1434
f 1433 1434 1435
f 1435 1434 1436
f 1435 1436 1437
f 1437 1436 1438
f 1437 1438 1439
f 1439 1438 1440
f 1439 1440 1441
f 1441 1440 1442
f 1441 1442 1443
f 1443 1442 1444
f 1443 1444 1445
f 1445 1444 1446
f 1445 1446 1447
f 1447 1446 1448
f 1447 1448 1449
f 1449 1448 1450
f 1449 1450 1451
f 1451 1450 1452
f 1451 1452 1453
f 1453 1452 1454
f 1453 1454 1455
f 1455 1454 1456
f 1455 1456 1457
f 1455 1457 1458
f 1458 1457 1459
f 1459 1457 1460
f 1459 1460 1461
f 1462 1459 1461
f 1462 1461 1463
f 1462 1463 1464
f 1464 1463 1465
f 1464 1465 1466
f 1466 1465 1467
f 1466 1467 1468
f 1468 1467 1469
f 1468 1469 1470
f 1470 1469 1471
f 1471 1469 1472
f 1471 1472 1473
f 1473 1472 1474
f 1473 1474 1475
f 1475 1474 1476
f 1476 1474 1477
f 1476 1477 1478
f 1478 1477 1479
f 1479 1477 1480
f 1479 1480 1481
f 1481 1480 1482
f 1482 1480 1483
f 1482 1483 1484
f 1484 1483 1485
f 1484 1485 1486
f 1486 1485 1487
f 1486 1487 1488
f 1486 1488 1489
f 1489 1488 1490
f 1489 1490 1491
f 1491 1490 1492
f 1491 1492 1493
f 1493 1492 1494
f 1493 1494 1495
f 1495 1494 1496
f 1496 1494 1497
f 1496 1497 1498
f 1498 1497 1499
f 1499 1497 1500
f 1499 1500 1501
f 1501 1500 1502
f 1501 1502 782
f 782 1502 1503
f 782 1503 780
f 1504 1505 1506
f 1504 1507 1505
f 1508 1504 1506
f 1508 1506 1509
f 1508 1509 1510
f 1508 1510 1511
f 1508 1511 1512
f 1508 1512 1513
f 1508 1513 1514
f 1508 1514 1515
f 1516 1508 1515
f 1517 1516 1515
f 1517 1518 1516
f 1517 1515 1519
f 1520 1517 1519
f 1520 1519 1521
f 1520 1521 1522
f 1523 1520 1522
f 1523 1522 1524
f 1523 1524 1525
f 1523 1525 1526
f 1526 1525 1527
f 1526 1527 1528
f 1526 1528 1529
f 1526 1529 1530
f 1526 1530 1531
f 1526 1531 1532
f 1526 1532 1533
f 1534 1526 1533
f 1534 1533 1535
f 1536 1534 1535
f 1536 1537 1534
f 1536 1535 1538
f 1539 1536 1538
f 1504 1539 1538
f 1504 1538 1540
f 1504 1540 1541
f 1504 1541 1542
f 1504 1542 1543
f 1504 1543 1507
f 1537 1544 1534
f 1537 1545 1544
f 1537 1546 1545
f 1537 1547 1546
f 1537 1548 1547
f 1537 1549 1548
f 1549 1550 1548
f 1549 1551 1550
f 1549 1552 1551
f 1551 1553 1550
f 1551 1554 1553
f 1554 1555 1553
f 1555 1556 1553
f 1555 1557 1556
f 1557 1558 1556
f 1558 1559 1556
f 1559 1560 1556
f 1559 1561 1560
f 1561 1562 1560
f 1562 1563 1560
f 1562 1564 1563
f 1564 1565 1563
f 1564 1566 1565
f 1566 1567 1565
f 1566 1568 1567
f 1568 1569 1567
f 1568 1570 1569
f 1570 1571 1569
f 1570 1572 1571
f 1572 1573 1571
f 1572 1574 1573
f 1572 1575 1574
f 1575 1576 1574
f 1575 1577 1576
f 1549 1578 1552
f 1549 1579 1578
f 1549 1580 1579
f 1549 1581 1580
f 1549 1582 1581
f 1549 1583 1582
f 1549 1584 1583
f 1549 1585 1584
f 1585 1586 1584
f 1585 1587 1586
f 1585 1588 1587
f 1585 1589 1588
f 1585 1590 1589
f 1590 1591 1589
f 1590 1592 1591
f 1590 1593 1592
f 1590 1594 1593
f 1590 1595 1594
f 1595 1596 1594
f 1595 1597 1596
f 1595 1598 1597
f 1598 1599 1597
f 1598 1600 1599
f 1600 1601 1599
f 1600 1602 1601
f 1602 1603 1601
f 1603 1604 1601
f 1603 1605 1604
f 1605 1606 1604
f 1605 1607 1606
f 1607 1608 1606
f 1608 1609 1606
f 1608 1610 1609
f 1610 1611 1609
f 1610 1612 1611
f 1612 1613 1611
f 1613 1614 1611
f 1613 1615 1614
f 1615 1616 1614
f 1615 1617 1616
f 1617 1618 1616
f 1618 1619 1616
f 1618 1620 1619
f 1620 1621 1619
f 1620 1622 1621
f 1622 1623 1621
f 1623 1624 1621
f 1623 1625 1624
f 1625 1626 1624
f 1625 1627 1626
f 1627 1628 1626
f 1628 1629 1626
f 1628 1630 1629
f 1630 1631 1629
f 1630 1632 1631
f 1632 1633 1631
f 1633 1634 1631
f 1633 1635 1634
f 1635 1636 1634
f 1636 1637 1634
f 1636 1638 1637
f 1638 1639 1637
f 1638 1640 1639
f 1640 1641 1639
f 1641 1642 1639
f 1641 1643 1642
f 1643 1644 1642
f 1644 1645 1642
f 1644 1646 1645
f 1646 1647 1645
f 1646 1648 1647
f 1648 1649 1647
f 1649 1650 1647
f 1649 1651 1650
f 1651 1652 1650
f 1652 1653 1650
f 1652 1654 1653
f 1654 1655 1653
f 1654 1656 1655
f 1656 1657 1655
f 1657 1658 1655
f 1657 1659 1658
f 1659 1660 1658
f 1660 1661 1658
f 1660 1662 1661
f 1662 1663 1661
f 1663 1664 1661
f 1663 1665 1664
f 1665 1666 1664
f 1665 1667 1666
f 1667 1668 1666
f 1668 1669 1666
f 1668 1670 1669
f 1670 1671 1669
f 1671 1672 1669
f 1671 1673 1672
f 1673 1674 1672
f 1674 1675 1672
f 1675 1676 1672
f 1676 1677 1672
f 1676 1678 1677
f 1678 1679 1677
f 1679 1680 1677
f 1680 1681 1677
f 1681 1682 1677
f 1682 1683 1677
f 1682 1684 1683
f 1684 1685 1683
f 1685 1686 1683
f 1686 1687 1683
f 1687 1688 1683
f 1688 1689 1683
f 1688 1690 1689
f 1690 1691 1689
f 1691 1692 1689
f 1692 1693 1689
f 1692 1694 1693
f 1689 1693 1695
f 1689 1695 1696
f 1689 1696 1697
f 1689 1697 1698
f 1699 1689 1698
f 1699 1698 1700
f 1699 1700 1701
f 1699 1701 1702
f 1699 1702 1703
f 1699 1703 1704
f 1705 1699 1704
f 1705 1704 1706
f 1705 1706 1707
f 1705 1707 1708
f 1709 1705 1708
f 1709 1708 1710
f 1709 1710 1711
f 1709 1711 1712
f 1713 1709 1712
f 1713 1712 1714
f 1713 1714 1715
f 1713 1715 1716
f 1713 1716 1717
f 1718 1713 1717
f 1718 1717 1719
f 1718 1719 1720
f 1718 1720 1721
f 1718 1721 1722
f 1718 1722 1723
f 1718 1723 1724
f 1725 1718 1724
f 1725 1724 1726
f 1725 1726 1727
f 1725 1727 1728
f 1729 1725 1728
f 1729 1730 1725
f 1731 1729 1728
f 1731 1728 1732
f 1731 1732 1733
f 1731 1733 1734
f 1735 1731 1734
f 1735 1734 1736
f 1735 1736 1737
f 1738 1735 1737
f 1738 1737 1739
f 1740 1738 1739
f 1740 1739 1741
f 1742 1740 1741
f 1742 1741 1743
f 1744 1742 1743
f 1744 1743 1745
f 1746 1744 1745
f 1746 1745 1747
f 1748 1746 1747
f 1748 1747 1749
f 1750 1748 1749
f 1750 1749 1751
f 1752 1750 1751
f 1752 1751 1753
f 1754 1752 1753
f 1754 1753 1755
f 1756 1754 1755
f 1756 1755 1757
f 1758 1756 1757
f 1758 1757 1759
f 1760 1758 1759
f 1760 1759 1761
f 1762 1760 1761
f 1763 1762 1761
f 1763 1761 1764
f 1765 1763 1764
f 1765 1764 1766
f 1767 1765 1766
f 1767 1766 1768
f 1767 1768 1769
f 1770 1767 1769
f 1770 1769 1771
f 1772 1770 1771
f 1772 1771 1773
f 1772 1773 1774
f 1694 1772 1774
f 1694 1774 1775
f 1694 1775 1776
f 1694 1776 1777
f 1694 1777 1693
f 1730 1778 1725
f 1778 1779 1725
f 1778 1780 1779
f 1780 1781 1779
f 1781 1782 1779
f 1782 1783 1779
f 1783 1784 1779
f 1783 1785 1784
f 1785 1786 1784
f 1785 1787 1786
f 1787 1788 1786
f 1787 1789 1788
f 1789 1790 1788
f 1789 1791 1790
f 1791 1792 1790
f 1791 1793 1792
f 1793 1794 1792
f 1793 1795 1794
f 1795 1796 1794
f 1795 1797 1796
f 1797 1798 1796
f 1797 1799 1798
f 1799 1800 1798
f 1799 1801 1800
f 1801 1802 1800
f 1801 1803 1802
f 1803 1804 1802
f 1803 1805 1804
f 1805 1806 1804
f 1805 1807 1806
f 1807 1808 1806
f 1807 1809 1808
f 1809 1810 1808
f 1809 1811 1810
f 1811 1812 1810
f 1811 1813 1812
f 1813 1814 1812
f 1813 1815 1814
f 1815 1816 1814
f 1815 1817 1816
f 1817 1818 1816
f 1817 1819 1818
f 1819 1820 1818
f 1819 1821 1820
f 1821 1822 1820
f 1821 1823 1822
f 1823 1824 1822
f 1823 1825 1824
f 1825 1826 1824
f 1825 1827 1826
f 1827 1828 1826
f 1827 1829 1828
f 1829 1830 1828
f 1829 1831 1830
f 1831 1832 1830
f 1831 1833 1832
f 1833 1834 1832
f 1833 1835 1834
f 1835 1836 1834
f 1835 1837 1836
f 1837 1838 1836
f 1837 1839 1838
f 1839 1840 1838
f 1839 1841 1840
f 1841 1842 1840
f 1841 1843 1842
f 1518 1844 1516
f 1844 1845 1516
f 1845 1846 1516
f 1845 1847 1846
f 1516 1846 1848
f 1516 1848 1849
f 1850 1516 1849
f 1850 1849 1851
f 1850 1851 1852
f 1850 1852 1853
f 1850 1853 1854
f 1850 1854 1855
f 1850 1855 1856
f 1857 1850 1856
f 1857 1856 1858
f 1857 1858 1859
f 1857 1859 1860
f 1857 1860 1861
f 1857 1861 1862
f 1857 1862 1863
f 1864 1857 1863
f 1865 1864 1863
f 1865 1866 1864
f 1867 1865 1863
f 1867 1863 1868
f 1867 1868 1869
f 1870 1867 1869
f 1870 1869 1871
f 1870 1871 1872
f 1870 1872 1873
f 1874 1870 1873
f 1874 1873 1875
f 1876 1874 1875
f 1876 1875 1877
f 1878 1876 1877
f 1879 1878 1877
f 1879 1877 1880
f 1881 1879 1880
f 1881 1880 1882
f 1883 1881 1882
f 1883 1882 1884
f 1883 1884 1885
f 1886 1883 1885
f 1886 1885 1887
f 1886 1887 1888
f 1847 1886 1888
f 1847 1888 1846
f 1866 1889 1864
f 1889 1890 1864
f 1890 1891 1864
f 1891 1892 1864
f 1892 1893 1864
f 1892 1894 1893
f 1864 1893 1895
f 1864 1895 1896
f 1864 1896 1897
f 1864 1897 1898
f 1899 1864 1898
f 1899 1898 1900
f 1899 1900 1901
f 1899 1901 1902
f 1899 1902 1903
f 1899 1903 1904
f 1899 1904 1905
f 1906 1899 1905
f 1906 1905 1907
f 1906 1907 1908
f 1906 1908 1909
f 1906 1909 1910
f 1911 1906 1910
f 1912 1911 1910
f 1912 1913 1911
f 1912 1910 1914
f 1912 1914 1915
f 1916 1912 1915
f 1916 1915 1917
f 1916 1917 1918
f 1916 1918 1919
f 1916 1919 1920
f 1921 1916 1920
f 1921 1920 1922
f 1921 1922 1923
f 1921 1923 1924
f 1925 1921 1924
f 1925 1924 1926
f 1927 1925 1926
f 1927 1926 1928
f 1894 1927 1928
f 1894 1928 1929
f 1894 1929 1930
f 1894 1930 1893
f 1913 1931 1911
f 1913 1932 1931
f 1913 1933 1932
f 1913 1934 1933
f 1934 1935 1933
f 1934 1936 1935
f 1934 1937 1936
f 1937 1938 1936
f 1937 1939 1938
f 1937 1940 1939
f 1940 1941 1939
f 1940 1942 1941
f 1942 1943 1941
f 1942 1944 1943
f 1942 1945 1944
f 1945 1946 1944
f 1945 1947 1946
f 1947 1948 1946
f 1947 1949 1948
f 1947 1950 1949
f 1950 1951 1949
f 1950 1952 1951
f 1952 1953 1951
f 1952 1954 1953
f 1952 1955 1954
f 1955 1956 1954
f 1955 1957 1956
f 1957 1958 1956
f 1957 1959 1958
f 1957 1960 1959
f 1960 1961 1959
f 1960 1962 1961
f 1962 1963 1961
f 1962 1964 1963
f 1964 1965 1963
f 1964 1966 1965
f 1964 1967 1966
f 1967 1968 1966
f 1967 1969 1968
f 1969 1970 1968
f 1969 1971 1970
f 1969 1972 1971
f 1972 1973 1971
f 1972 1974 1973
f 1974 1975 1973
f 1974 1976 1975
f 1976 1977 1975
f 1976 1978 1977
f 1978 1979 1977
f 1978 1980 1979
f 1980 1981 1979
f 1980 1982 1981
f 1982 1983 1981
f 1982 1984 1983
f 1984 1985 1983
f 1984 1986 1985
f 1986 1987 1985
f 1986 1988 1987
f 1988 1989 1987
f 1988 1990 1989
f 1990 1991 1989
f 1990 1992 1991
f 1992 1993 1991
f 1992 1994 1993
f 1994 1995 1993
f 1994 1996 1995
f 1996 1997 1995
f 1996 1998 1997
f 1998 1999 1997
f 1998 2000 1999
f 2000 2001 1999
f 2001 2002 1999
f 2001 2003 2002
f 2003 2004 2002
f 2003 2005 2004
f 2005 2006 2004
f 2005 2007 2006
f 2007 2008 2006
f 2007 2009 2008
f 2009 2010 2008
