1970 1990 0
v -0.052553655 -0.0382626 0.0103125
v -0.072968445 -0.03848196 0.0103125
v -0.0729375 -0.03825 0.0103125
v -0.05385543 -0.03856293 0.0103125
v -0.072968445 -0.03801804 0.0103125
v -0.051263505 -0.03795036 0.0103125
v -0.07304571 -0.037812855 0.0103125
v -0.073173525 -0.037630215 0.0103125
v -0.04998465 -0.0376266 0.0103125
v -0.07334436 -0.03747765 0.0103125
v -0.07354122 -0.037375185 0.0103125
v -0.073764255 -0.03731988 0.0103125
v -0.048716775 -0.037291695 0.0103125
v -0.07720533 -0.0362613 0.0103125
v -0.047459535 -0.036946035 0.0103125
v -0.073985745 -0.03731988 0.0103125
v -0.07420878 -0.037375185 0.0103125
v -0.07440564 -0.03747765 0.0103125
v -0.074576475 -0.037630215 0.0103125
v -0.077398515 -0.037661175 0.0103125
v -0.07470429 -0.037812855 0.0103125
v -0.074781555 -0.03801804 0.0103125
v -0.0748125 -0.03825 0.0103125
v -0.074781555 -0.03848196 0.0103125
v -0.07470429 -0.03868716 0.0103125
v -0.074576475 -0.038869785 0.0103125
v -0.07440564 -0.03902235 0.0103125
v -0.07754034 -0.039025605 0.0103125
v -0.07420878 -0.039124815 0.0103125
v -0.073985745 -0.03918012 0.0103125
v -0.06055011 -0.039872955 0.0103125
v -0.059185425 -0.03963765 0.0103125
v -0.06192714 -0.04009557 0.0103125
v -0.063316335 -0.04030563 0.0103125
v -0.077630835 -0.040354605 0.0103125
v -0.06471771 -0.040503165 0.0103125
v -0.077646045 -0.04056993 0.0103125
v -0.066131265 -0.04068816 0.0103125
v -0.07762377 -0.040786965 0.0103125
v -0.067557 -0.040860615 0.0103125
v -0.077599695 -0.04089918 0.0103125
v -0.068994915 -0.041020545 0.0103125
v -0.077565795 -0.041010615 0.0103125
v -0.07752009 -0.041115795 0.0103125
v -0.070444995 -0.041167935 0.0103125
v -0.077461245 -0.04121298 0.0103125
v -0.07190727 -0.0413028 0.0103125
v -0.07739022 -0.0413052 0.0103125
v -0.073381695 -0.04142511 0.0103125
v -0.077307915 -0.0413889 0.0103125
v -0.07721505 -0.04146045 0.0103125
v -0.074868315 -0.041534895 0.0103125
v -0.077108295 -0.04152072 0.0103125
v -0.0769908 -0.041570205 0.0103125
v -0.076367115 -0.04163214 0.0103125
v -0.076868985 -0.04160769 0.0103125
v -0.07674765 -0.041632245 0.0103125
v -0.076497 -0.041644425 0.0103125
v -0.07662384 -0.04164447 0.0103125
v -0.057833835 -0.039388725 0.0103125
v -0.073764255 -0.03918012 0.0103125
v -0.05649519 -0.039126375 0.0103125
v -0.07354122 -0.039124815 0.0103125
v -0.07334436 -0.03902235 0.0103125
v -0.073173525 -0.038869785 0.0103125
v -0.055169175 -0.038850975 0.0103125
v -0.07304571 -0.03868716 0.0103125
v -0.046212615 -0.036589995 0.0103125
v -0.04497567 -0.03622395 0.0103125
v -0.0769608 -0.034825995 0.0103125
v -0.043749705 -0.035847135 0.0103125
v -0.042535665 -0.03545868 0.0103125
v -0.04133322 -0.035058795 0.0103125
v -0.04014198 -0.034647645 0.0103125
v -0.076664925 -0.033355245 0.0103125
v -0.0389616 -0.034225455 0.0103125
v -0.03779172 -0.03379242 0.0103125
v -0.036631965 -0.03334875 0.0103125
v -0.076317855 -0.03184905 0.0103125
v -0.03548199 -0.032894625 0.0103125
v -0.03434142 -0.032430255 0.0103125
v -0.03320991 -0.031955835 0.0103125
v -0.0320871 -0.031471575 0.0103125
v -0.075925605 -0.030307275 0.0103125
v -0.03097278 -0.030977565 0.0103125
v -0.02986785 -0.03047334 0.0103125
v -0.06028881 -0.030199065 0.0103125
v -0.060448215 -0.03019248 0.0103125
v -0.06014265 -0.030193215 0.0103125
v -0.06000756 -0.03018228 0.0103125
v -0.05868642 -0.030055965 0.0103125
v -0.028772445 -0.029958795 0.0103125
v -0.05737485 -0.029917245 0.0103125
v -0.056072865 -0.029766135 0.0103125
v -0.054780465 -0.029602605 0.0103125
v -0.027686565 -0.029433945 0.0103125
v -0.053497635 -0.029426685 0.0103125
v -0.052224405 -0.02923836 0.0103125
v -0.05096073 -0.029037645 0.0103125
v -0.026610225 -0.028898775 0.0103125
v -0.049706655 -0.02882451 0.0103125
v -0.04846215 -0.02859897 0.0103125
v -0.047227215 -0.02836104 0.0103125
v -0.025543425 -0.028353285 0.0103125
v -0.046001985 -0.028110675 0.0103125
v -0.044787645 -0.027847545 0.0103125
v -0.02448615 -0.02779749 0.0103125
v -0.04358415 -0.02757165 0.0103125
v -0.0423909 -0.027283155 0.0103125
v -0.0234384 -0.02723139 0.0103125
v -0.041207355 -0.02698224 0.0103125
v -0.04003296 -0.02666904 0.0103125
v -0.022400205 -0.02665497 0.0103125
v -0.038867145 -0.026343705 0.0103125
v -0.02137152 -0.026068245 0.0103125
v -0.03770937 -0.026006415 0.0103125
v -0.03655905 -0.02565732 0.0103125
v -0.02035239 -0.0254712 0.0103125
v -0.035415645 -0.02529657 0.0103125
v -0.0342786 -0.024924315 0.0103125
v -0.019342785 -0.02486385 0.0103125
v -0.024148635 -0.024752175 0.0103125
v -0.02396721 -0.0247224 0.0103125
v -0.033147825 -0.0245406 0.0103125
v -0.024330075 -0.0247224 0.0103125
v -0.0244917 -0.02464074 0.0103125
v -0.024623145 -0.02450931 0.0103125
v -0.03202452 -0.02414508 0.0103125
v -0.024703785 -0.02435145 0.0103125
v -0.02473458 -0.024166245 0.0103125
v -0.024703785 -0.02398104 0.0103125
v -0.03090882 -0.02373771 0.0103125
v -0.024623145 -0.02382318 0.0103125
v -0.0244917 -0.02369175 0.0103125
v -0.02980071 -0.02331849 0.0103125
v -0.024330075 -0.023610075 0.0103125
v -0.024148635 -0.0235803 0.0103125
v -0.017394855 -0.023449095 0.0103125
v -0.01721178 -0.02328639 0.0103125
v -0.01759248 -0.02361486 0.0103125
v -0.02396721 -0.023610075 0.0103125
v -0.023805585 -0.02369175 0.0103125
v -0.017803215 -0.02378379 0.0103125
v -0.02367414 -0.02382318 0.0103125
v -0.018027045 -0.023955885 0.0103125
v -0.023593485 -0.02398104 0.0103125
v -0.018263985 -0.024131145 0.0103125
v -0.023562705 -0.024166245 0.0103125
v -0.01851402 -0.02430957 0.0103125
v -0.023593485 -0.02435145 0.0103125
v -0.018777165 -0.02449116 0.0103125
v -0.02367414 -0.02450931 0.0103125
v -0.01905342 -0.024675915 0.0103125
v -0.023805585 -0.02464074 0.0103125
v -0.02870019 -0.022887435 0.0103125
v -0.01704444 -0.023126625 0.0103125
v -0.016891395 -0.02296995 0.0103125
v -0.01675116 -0.02281647 0.0103125
v -0.027607275 -0.02244453 0.0103125
v -0.016622265 -0.022666275 0.0103125
v -0.01650321 -0.022519515 0.0103125
v -0.01639251 -0.02237628 0.0103125
v -0.02652195 -0.021989775 0.0103125
v -0.01628871 -0.022236705 0.0103125
v -0.016192575 -0.02210082 0.0103125
v -0.016107465 -0.02196852 0.0103125
v -0.025444215 -0.021523185 0.0103125
v -0.016032435 -0.021839745 0.0103125
v -0.01812012 -0.021677325 0.0103125
v -0.01596642 -0.021714435 0.0103125
v -0.018301545 -0.02164755 0.0103125
v -0.01846317 -0.02156589 0.0103125
v -0.018594615 -0.021434445 0.0103125
v -0.02437407 -0.02104476 0.0103125
v -0.01867527 -0.021276585 0.0103125
v -0.01870605 -0.021091395 0.0103125
v -0.01867527 -0.02090619 0.0103125
v -0.023311515 -0.020554485 0.0103125
v -0.018594615 -0.02074833 0.0103125
v -0.01846317 -0.020616885 0.0103125
v -0.018301545 -0.020535225 0.0103125
v -0.022256565 -0.02005236 0.0103125
v -0.01812012 -0.02050545 0.0103125
v -0.015657945 -0.020387115 0.0103125
v -0.015673455 -0.020266305 0.0103125
v -0.015651795 -0.020514795 0.0103125
v -0.01793868 -0.020535225 0.0103125
v -0.01565268 -0.02064783 0.0103125
v -0.017777055 -0.020616885 0.0103125
v -0.01764561 -0.02074833 0.0103125
v -0.015662595 -0.02078676 0.0103125
v -0.017564955 -0.02090619 0.0103125
v -0.015683955 -0.020932365 0.0103125
v -0.015705765 -0.02103357 0.0103125
v -0.017534175 -0.021091395 0.0103125
v -0.015734475 -0.021138345 0.0103125
v -0.015770595 -0.021246885 0.0103125
v -0.017564955 -0.021276585 0.0103125
v -0.01581147 -0.02135883 0.0103125
v -0.01764561 -0.021434445 0.0103125
v -0.015857025 -0.021474045 0.0103125
v -0.017777055 -0.02156589 0.0103125
v -0.01590831 -0.02159256 0.0103125
v -0.01793868 -0.02164755 0.0103125
v -0.0156987 -0.020151945 0.0103125
v -0.01573314 -0.02004303 0.0103125
v -0.022009095 -0.019942755 0.0103125
v -0.01577619 -0.019938555 0.0103125
v -0.021767265 -0.019838565 0.0103125
v -0.01582734 -0.0198375 0.0103125
v -0.021531105 -0.019739775 0.0103125
v -0.01588557 -0.019739895 0.0103125
v -0.0213006 -0.019646415 0.0103125
v -0.01595118 -0.019646445 0.0103125
v -0.02100207 -0.019530345 0.0103125
v -0.016025595 -0.019557255 0.0103125
v -0.016110255 -0.019472385 0.0103125
v -0.02071359 -0.01942389 0.0103125
v -0.016206585 -0.019391955 0.0103125
v -0.02043516 -0.01932705 0.0103125
v -0.0163149 -0.01931544 0.0103125
v -0.020166795 -0.01923984 0.0103125
v -0.016432365 -0.0192414 0.0103125
v -0.01651647 -0.01919415 0.0103125
v -0.019908495 -0.01916226 0.0103125
v -0.016605945 -0.01914924 0.0103125
v -0.01966092 -0.019095615 0.0103125
v -0.01670139 -0.01910721 0.0103125
v -0.016803405 -0.019068615 0.0103125
v -0.01942464 -0.019041015 0.0103125
v -0.01691259 -0.019033995 0.0103125
v -0.01919898 -0.01899714 0.0103125
v -0.017029425 -0.01900371 0.0103125
v -0.0171522 -0.018975645 0.0103125
v -0.01898322 -0.018962625 0.0103125
v -0.017280705 -0.01894971 0.0103125
v -0.0187767 -0.018936075 0.0103125
v -0.01741554 -0.018926835 0.0103125
v -0.018578715 -0.018916155 0.0103125
v -0.017557305 -0.018907935 0.0103125
v -0.018388575 -0.018901485 0.0103125
v -0.0177066 -0.01889397 0.0103125
v -0.01820559 -0.018890715 0.0103125
v -0.017864025 -0.01888584 0.0103125
v -0.01803018 -0.01888449 0.0103125
v -0.07571241 -0.029523045 0.0103125
v -0.060624135 -0.03016233 0.0103125
v -0.06081138 -0.030096645 0.0103125
v -0.06099411 -0.02998902 0.0103125
v -0.061152015 -0.02983656 0.0103125
v -0.061269345 -0.029642205 0.0103125
v -0.061338375 -0.02942274 0.0103125
v -0.075486795 -0.02872995 0.0103125
v -0.06135981 -0.029206125 0.0103125
v -0.061345035 -0.029011185 0.0103125
v -0.061311525 -0.028837425 0.0103125
v -0.06127185 -0.02868117 0.0103125
v -0.07524801 -0.027928005 0.0103125
v -0.06104034 -0.027825315 0.0103125
v -0.074995275 -0.027117225 0.0103125
v -0.06079275 -0.026963415 0.0103125
v -0.07472781 -0.026297625 0.0103125
v -0.060529065 -0.0260955 0.0103125
v -0.074444895 -0.02546922 0.0103125
v -0.0602493 -0.02522154 0.0103125
v -0.074145705 -0.024632055 0.0103125
v -0.05995344 -0.024341565 0.0103125
v -0.07382952 -0.023786115 0.0103125
v -0.059641485 -0.023455545 0.0103125
v -0.073495545 -0.02293143 0.0103125
v -0.05931345 -0.02256351 0.0103125
v -0.073144305 -0.02206776 0.0103125
v -0.05896932 -0.02166543 0.0103125
v -0.07277928 -0.021194415 0.0103125
v -0.05860911 -0.020761335 0.0103125
v -0.072400065 -0.02031165 0.0103125
v -0.05823297 -0.01985097 0.0103125
v -0.072005925 -0.01941972 0.0103125
v -0.05784117 -0.01893405 0.0103125
v -0.071596125 -0.01851894 0.0103125
v -0.057433515 -0.018010785 0.0103125
v -0.07116993 -0.017609595 0.0103125
v -0.057009825 -0.017081415 0.0103125
v -0.070726605 -0.01669197 0.0103125
v -0.056569905 -0.01614621 0.0103125
v -0.070265445 -0.015766395 0.0103125
v -0.056113575 -0.01520538 0.0103125
v -0.069785685 -0.01483311 0.0103125
v -0.055640625 -0.014259195 0.0103125
v -0.069286605 -0.01389246 0.0103125
v -0.05515089 -0.01330791 0.0103125
v -0.068767485 -0.0129447 0.0103125
v -0.054644145 -0.012351735 0.0103125
v -0.068227575 -0.01199013 0.0103125
v -0.05412063 -0.01139067 0.0103125
v -0.067668795 -0.011027235 0.0103125
v -0.05358162 -0.010423815 0.0103125
v -0.067093155 -0.01005474 0.0103125
v -0.053026755 -0.00945132 0.0103125
v -0.06650001 -0.00907332 0.0103125
v -0.05245548 -0.00847341 0.0103125
v -0.065888745 -0.00808365 0.0103125
v -0.051867225 -0.00749037 0.0103125
v -0.06525876 -0.007086405 0.0103125
v -0.05126145 -0.00650244 0.0103125
v -0.064609395 -0.006082245 0.0103125
v -0.0506376 -0.005509875 0.0103125
v -0.063940065 -0.005071875 0.0103125
v -0.049995105 -0.00451293 0.0103125
v -0.06325014 -0.004055955 0.0103125
v -0.049333425 -0.003511845 0.0103125
v -0.062538975 -0.003035175 0.0103125
v -0.048652395 -0.00250674 0.0103125
v -0.061805985 -0.002010195 0.0103125
v -0.04795488 -0.001496325 0.0103125
v -0.06105051 -0.00098169 0.0103125
v -0.047240745 -0.000480645 0.0103125
v -0.06027177 5.04e-05 0.0103125
v -0.046508955 0.000539835 0.0103125
v -0.05946741 0.00109452 0.0103125
v -0.045758415 0.001564665 0.0103125
v -0.058638045 0.002150955 0.0103125
v -0.044988105 0.00259338 0.0103125
v -0.057785235 0.00321687 0.0103125
v -0.04419696 0.00362553 0.0103125
v -0.05691048 0.00428937 0.0103125
v -0.043383915 0.004660665 0.0103125
v -0.05601531 0.005365635 0.0103125
v -0.04254792 0.005698335 0.0103125
v -0.055101285 0.0064428 0.0103125
v -0.041688 0.00673809 0.0103125
v -0.054169905 0.007517985 0.0103125
v -0.04080552 0.00778056 0.0103125
v -0.0532227 0.008588355 0.0103125
v -0.039901425 0.00882612 0.0103125
v -0.0522612 0.009651045 0.0103125
v -0.03897573 0.009874785 0.0103125
v -0.05128695 0.01070319 0.0103125
v -0.03802842 0.010926555 0.0103125
v -0.043234215 0.011051805 0.0103125
v -0.042961305 0.011051805 0.0103125
v -0.050301465 0.01174194 0.0103125
v -0.043494165 0.01110681 0.0103125
v -0.043743075 0.01121808 0.0103125
v -0.04395891 0.01137402 0.0103125
v -0.04414029 0.011576625 0.0103125
v -0.044274825 0.01180743 0.0103125
v -0.04930488 0.012767055 0.0103125
v -0.04435587 0.012058095 0.0103125
v -0.044386815 0.012332895 0.0103125
v -0.04435587 0.01260768 0.0103125
v -0.044274825 0.01285836 0.0103125
v -0.048293475 0.013785465 0.0103125
v -0.04414029 0.013089165 0.0103125
v -0.04395891 0.01329177 0.0103125
v -0.043743075 0.013447695 0.0103125
v -0.043494165 0.01355898 0.0103125
v -0.043234215 0.01361397 0.0103125
v -0.042961305 0.01361397 0.0103125
v -0.035056815 0.014100495 0.0103125
v -0.047266935 0.014797785 0.0103125
v -0.036068955 0.01303941 0.0103125
v -0.042701355 0.01355898 0.0103125
v -0.04245243 0.013447695 0.0103125
v -0.042236595 0.01329177 0.0103125
v -0.04205523 0.013089165 0.0103125
v -0.04192068 0.01285836 0.0103125
v -0.037059495 0.01198143 0.0103125
v -0.04183965 0.01260768 0.0103125
v -0.04180869 0.012332895 0.0103125
v -0.04183965 0.012058095 0.0103125
v -0.04192068 0.01180743 0.0103125
v -0.04205523 0.011576625 0.0103125
v -0.042236595 0.01137402 0.0103125
v -0.04245243 0.01121808 0.0103125
v -0.042701355 0.01110681 0.0103125
v -0.034023045 0.015164685 0.0103125
v -0.046225245 0.015804015 0.0103125
v -0.03296769 0.016231965 0.0103125
v -0.04516842 0.016804155 0.0103125
v -0.03288069 0.01631319 0.0103125
v -0.03280275 0.016400805 0.0103125
v -0.03273375 0.01649493 0.0103125
v -0.03267204 0.016597005 0.0103125
v -0.03830313 0.01671447 0.0103125
v -0.03845244 0.016769445 0.0103125
v -0.032620725 0.01670433 0.0103125
v -0.03813687 0.01671447 0.0103125
v -0.03798756 0.016769445 0.0103125
v -0.03258447 0.016813035 0.0103125
v -0.03786015 0.016875 0.0103125
v -0.03256275 0.016924185 0.0103125
v -0.037783095 0.017008935 0.0103125
v -0.032554755 0.017036685 0.0103125
v -0.03775125 0.017175 0.0103125
v -0.032560605 0.01714911 0.0103125
v -0.032580585 0.017262195 0.0103125
v -0.037783095 0.017341065 0.0103125
v -0.032612865 0.017374545 0.0103125
v -0.03786015 0.017475 0.0103125
v -0.032656245 0.01748511 0.0103125
v -0.03798756 0.017580555 0.0103125
v -0.03271137 0.017594445 0.0103125
v -0.03813687 0.01763553 0.0103125
v -0.032778285 0.017702595 0.0103125
v -0.04409646 0.017798205 0.0103125
v -0.03609237 0.018742425 0.0103125
v -0.03830313 0.01763553 0.0103125
v -0.03845244 0.017580555 0.0103125
v -0.03857985 0.017475 0.0103125
v -0.038656905 0.017341065 0.0103125
v -0.03868875 0.017175 0.0103125
v -0.038656905 0.017008935 0.0103125
v -0.03857985 0.016875 0.0103125
v -0.04300935 0.01878615 0.0103125
v -0.03592611 0.018742425 0.0103125
v -0.0357768 0.018797385 0.0103125
v -0.035649405 0.018902955 0.0103125
v -0.033524025 0.01900905 0.0103125
v -0.03557235 0.01903689 0.0103125
v -0.03554049 0.01920294 0.0103125
v -0.03557235 0.019369005 0.0103125
v -0.035649405 0.01950294 0.0103125
v -0.0357768 0.01960851 0.0103125
v -0.03592611 0.01966347 0.0103125
v -0.034224345 0.02035368 0.0103125
v -0.041907105 0.019768005 0.0103125
v -0.040789725 0.02074377 0.0103125
v -0.03609237 0.01966347 0.0103125
v -0.03624168 0.01960851 0.0103125
v -0.03636909 0.01950294 0.0103125
v -0.036446145 0.019369005 0.0103125
v -0.03647799 0.01920294 0.0103125
v -0.036446145 0.01903689 0.0103125
v -0.03636909 0.018902955 0.0103125
v -0.03624168 0.018797385 0.0103125
v -0.03965721 0.02171343 0.0103125
v -0.034877625 0.021734565 0.0103125
v -0.038509545 0.022677015 0.0103125
v -0.03548226 0.0231498 0.0103125
v -0.037346745 0.023634495 0.0103125
v -0.03555087 0.0233181 0.0103125
v -0.03564009 0.02349204 0.0103125
v -0.03576162 0.02366442 0.0103125
v -0.037231035 0.023727105 0.0103125
v -0.035839335 0.023748165 0.0103125
v -0.03709911 0.023819805 0.0103125
v -0.035926035 0.02382327 0.0103125
v -0.03694599 0.02390574 0.0103125
v -0.03602292 0.023888145 0.0103125
v -0.036127815 0.023942895 0.0103125
v -0.036766875 0.0239751 0.0103125
v -0.03623448 0.023982165 0.0103125
v -0.036561825 0.024013215 0.0103125
v -0.03634452 0.02400537 0.0103125
v -0.0729375 -0.03825 0.0140625
v -0.0729375 -0.03825 0.0103125
v -0.072968445 -0.03848196 0.0103125
v -0.072968445 -0.03801804 0.0140625
v -0.072968445 -0.03848196 0.0140625
v -0.07304571 -0.03868716 0.0103125
v -0.07304571 -0.03868716 0.0140625
v -0.073173525 -0.038869785 0.0103125
v -0.073173525 -0.038869785 0.0140625
v -0.07334436 -0.03902235 0.0103125
v -0.07334436 -0.03902235 0.0140625
v -0.07354122 -0.039124815 0.0103125
v -0.07354122 -0.039124815 0.0140625
v -0.073764255 -0.03918012 0.0103125
v -0.073764255 -0.03918012 0.0140625
v -0.073985745 -0.03918012 0.0103125
v -0.073985745 -0.03918012 0.0140625
v -0.07420878 -0.039124815 0.0103125
v -0.07420878 -0.039124815 0.0140625
v -0.07440564 -0.03902235 0.0103125
v -0.07440564 -0.03902235 0.0140625
v -0.074576475 -0.038869785 0.0103125
v -0.074576475 -0.038869785 0.0140625
v -0.07470429 -0.03868716 0.0103125
v -0.07470429 -0.03868716 0.0140625
v -0.074781555 -0.03848196 0.0103125
v -0.074781555 -0.03848196 0.0140625
v -0.0748125 -0.03825 0.0103125
v -0.0748125 -0.03825 0.0140625
v -0.074781555 -0.03801804 0.0103125
v -0.074781555 -0.03801804 0.0140625
v -0.07470429 -0.037812855 0.0103125
v -0.07470429 -0.037812855 0.0140625
v -0.074576475 -0.037630215 0.0103125
v -0.074576475 -0.037630215 0.0140625
v -0.07440564 -0.03747765 0.0103125
v -0.07440564 -0.03747765 0.0140625
v -0.07420878 -0.037375185 0.0103125
v -0.07420878 -0.037375185 0.0140625
v -0.073985745 -0.03731988 0.0103125
v -0.073985745 -0.03731988 0.0140625
v -0.073764255 -0.03731988 0.0103125
v -0.073764255 -0.03731988 0.0140625
v -0.07354122 -0.037375185 0.0103125
v -0.07354122 -0.037375185 0.0140625
v -0.07334436 -0.03747765 0.0103125
v -0.07334436 -0.03747765 0.0140625
v -0.073173525 -0.037630215 0.0103125
v -0.073173525 -0.037630215 0.0140625
v -0.07304571 -0.037812855 0.0103125
v -0.07304571 -0.037812855 0.0140625
v -0.072968445 -0.03801804 0.0103125
v -0.03775125 0.017175 0.0140625
v -0.03775125 0.017175 0.0103125
v -0.037783095 0.017008935 0.0103125
v -0.037783095 0.017341065 0.0140625
v -0.037783095 0.017008935 0.0140625
v -0.03786015 0.016875 0.0103125
v -0.03786015 0.016875 0.0140625
v -0.03798756 0.016769445 0.0103125
v -0.03798756 0.016769445 0.0140625
v -0.03813687 0.01671447 0.0103125
v -0.03813687 0.01671447 0.0140625
v -0.03830313 0.01671447 0.0103125
v -0.03830313 0.01671447 0.0140625
v -0.03845244 0.016769445 0.0103125
v -0.03845244 0.016769445 0.0140625
v -0.03857985 0.016875 0.0103125
v -0.03857985 0.016875 0.0140625
v -0.038656905 0.017008935 0.0103125
v -0.038656905 0.017008935 0.0140625
v -0.03868875 0.017175 0.0103125
v -0.03868875 0.017175 0.0140625
v -0.038656905 0.017341065 0.0103125
v -0.038656905 0.017341065 0.0140625
v -0.03857985 0.017475 0.0103125
v -0.03857985 0.017475 0.0140625
v -0.03845244 0.017580555 0.0103125
v -0.03845244 0.017580555 0.0140625
v -0.03830313 0.01763553 0.0103125
v -0.03830313 0.01763553 0.0140625
v -0.03813687 0.01763553 0.0103125
v -0.03813687 0.01763553 0.0140625
v -0.03798756 0.017580555 0.0103125
v -0.03798756 0.017580555 0.0140625
v -0.03786015 0.017475 0.0103125
v -0.03786015 0.017475 0.0140625
v -0.037783095 0.017341065 0.0103125
v -0.03554049 0.01920294 0.0140625
v -0.03554049 0.01920294 0.0103125
v -0.03557235 0.01903689 0.0103125
v -0.03557235 0.019369005 0.0140625
v -0.03557235 0.01903689 0.0140625
v -0.035649405 0.018902955 0.0103125
v -0.035649405 0.018902955 0.0140625
v -0.0357768 0.018797385 0.0103125
v -0.0357768 0.018797385 0.0140625
v -0.03592611 0.018742425 0.0103125
v -0.03592611 0.018742425 0.0140625
v -0.03609237 0.018742425 0.0103125
v -0.03609237 0.018742425 0.0140625
v -0.03624168 0.018797385 0.0103125
v -0.03624168 0.018797385 0.0140625
v -0.03636909 0.018902955 0.0103125
v -0.03636909 0.018902955 0.0140625
v -0.036446145 0.01903689 0.0103125
v -0.036446145 0.01903689 0.0140625
v -0.03647799 0.01920294 0.0103125
v -0.03647799 0.01920294 0.0140625
v -0.036446145 0.019369005 0.0103125
v -0.036446145 0.019369005 0.0140625
v -0.03636909 0.01950294 0.0103125
v -0.03636909 0.01950294 0.0140625
v -0.03624168 0.01960851 0.0103125
v -0.03624168 0.01960851 0.0140625
v -0.03609237 0.01966347 0.0103125
v -0.03609237 0.01966347 0.0140625
v -0.03592611 0.01966347 0.0103125
v -0.03592611 0.01966347 0.0140625
v -0.0357768 0.01960851 0.0103125
v -0.0357768 0.01960851 0.0140625
v -0.035649405 0.01950294 0.0103125
v -0.035649405 0.01950294 0.0140625
v -0.03557235 0.019369005 0.0103125
v -0.076367115 -0.04163214 0.0140625
v -0.076367115 -0.04163214 0.0103125
v -0.074868315 -0.041534895 0.0103125
v -0.076559655 -0.041644065 0.0140625
v -0.074868315 -0.041534895 0.0140625
v -0.073381695 -0.04142511 0.0103125
v -0.073381695 -0.04142511 0.0140625
v -0.07190727 -0.0413028 0.0103125
v -0.07190727 -0.0413028 0.0140625
v -0.070444995 -0.041167935 0.0103125
v -0.070444995 -0.041167935 0.0140625
v -0.068994915 -0.041020545 0.0103125
v -0.068994915 -0.041020545 0.0140625
v -0.067557 -0.040860615 0.0103125
v -0.067557 -0.040860615 0.0140625
v -0.066131265 -0.04068816 0.0103125
v -0.066131265 -0.04068816 0.0140625
v -0.06471771 -0.040503165 0.0103125
v -0.06471771 -0.040503165 0.0140625
v -0.063316335 -0.04030563 0.0103125
v -0.063316335 -0.04030563 0.0140625
v -0.06192714 -0.04009557 0.0103125
v -0.06192714 -0.04009557 0.0140625
v -0.06055011 -0.039872955 0.0103125
v -0.06055011 -0.039872955 0.0140625
v -0.059185425 -0.03963765 0.0103125
v -0.059185425 -0.03963765 0.0140625
v -0.057833835 -0.039388725 0.0103125
v -0.057833835 -0.039388725 0.0140625
v -0.05649519 -0.039126375 0.0103125
v -0.05649519 -0.039126375 0.0140625
v -0.055169175 -0.038850975 0.0103125
v -0.055169175 -0.038850975 0.0140625
v -0.05385543 -0.03856293 0.0103125
v -0.05385543 -0.03856293 0.0140625
v -0.052553655 -0.0382626 0.0103125
v -0.052553655 -0.0382626 0.0140625
v -0.051263505 -0.03795036 0.0103125
v -0.051263505 -0.03795036 0.0140625
v -0.04998465 -0.0376266 0.0103125
v -0.04998465 -0.0376266 0.0140625
v -0.048716775 -0.037291695 0.0103125
v -0.048716775 -0.037291695 0.0140625
v -0.047459535 -0.036946035 0.0103125
v -0.047459535 -0.036946035 0.0140625
v -0.046212615 -0.036589995 0.0103125
v -0.046212615 -0.036589995 0.0140625
v -0.04497567 -0.03622395 0.0103125
v -0.04497567 -0.03622395 0.0140625
v -0.043749705 -0.035847135 0.0103125
v -0.043749705 -0.035847135 0.0140625
v -0.042535665 -0.03545868 0.0103125
v -0.042535665 -0.03545868 0.0140625
v -0.04133322 -0.035058795 0.0103125
v -0.04133322 -0.035058795 0.0140625
v -0.04014198 -0.034647645 0.0103125
v -0.04014198 -0.034647645 0.0140625
v -0.0389616 -0.034225455 0.0103125
v -0.0389616 -0.034225455 0.0140625
v -0.03779172 -0.03379242 0.0103125
v -0.03779172 -0.03379242 0.0140625
v -0.036631965 -0.03334875 0.0103125
v -0.036631965 -0.03334875 0.0140625
v -0.03548199 -0.032894625 0.0103125
v -0.03548199 -0.032894625 0.0140625
v -0.03434142 -0.032430255 0.0103125
v -0.03434142 -0.032430255 0.0140625
v -0.03320991 -0.031955835 0.0103125
v -0.03320991 -0.031955835 0.0140625
v -0.0320871 -0.031471575 0.0103125
v -0.0320871 -0.031471575 0.0140625
v -0.03097278 -0.030977565 0.0103125
v -0.03097278 -0.030977565 0.0140625
v -0.02986785 -0.03047334 0.0103125
v -0.02986785 -0.03047334 0.0140625
v -0.028772445 -0.029958795 0.0103125
v -0.028772445 -0.029958795 0.0140625
v -0.027686565 -0.029433945 0.0103125
v -0.027686565 -0.029433945 0.0140625
v -0.026610225 -0.028898775 0.0103125
v -0.026610225 -0.028898775 0.0140625
v -0.025543425 -0.028353285 0.0103125
v -0.025543425 -0.028353285 0.0140625
v -0.02448615 -0.02779749 0.0103125
v -0.02448615 -0.02779749 0.0140625
v -0.0234384 -0.02723139 0.0103125
v -0.0234384 -0.02723139 0.0140625
v -0.022400205 -0.02665497 0.0103125
v -0.022400205 -0.02665497 0.0140625
v -0.02137152 -0.026068245 0.0103125
v -0.02137152 -0.026068245 0.0140625
v -0.02035239 -0.0254712 0.0103125
v -0.02035239 -0.0254712 0.0140625
v -0.019342785 -0.02486385 0.0103125
v -0.019342785 -0.02486385 0.0140625
v -0.01905342 -0.024675915 0.0103125
v -0.01905342 -0.024675915 0.0140625
v -0.018777165 -0.02449116 0.0103125
v -0.018777165 -0.02449116 0.0140625
v -0.01851402 -0.02430957 0.0103125
v -0.01851402 -0.02430957 0.0140625
v -0.018263985 -0.024131145 0.0103125
v -0.018263985 -0.024131145 0.0140625
v -0.018027045 -0.023955885 0.0103125
v -0.018027045 -0.023955885 0.0140625
v -0.017803215 -0.02378379 0.0103125
v -0.017803215 -0.02378379 0.0140625
v -0.01759248 -0.02361486 0.0103125
v -0.01759248 -0.02361486 0.0140625
v -0.017394855 -0.023449095 0.0103125
v -0.017394855 -0.023449095 0.0140625
v -0.01721178 -0.02328639 0.0103125
v -0.01721178 -0.02328639 0.0140625
v -0.01704444 -0.023126625 0.0103125
v -0.01704444 -0.023126625 0.0140625
v -0.016891395 -0.02296995 0.0103125
v -0.016891395 -0.02296995 0.0140625
v -0.01675116 -0.02281647 0.0103125
v -0.01675116 -0.02281647 0.0140625
v -0.016622265 -0.022666275 0.0103125
v -0.016622265 -0.022666275 0.0140625
v -0.01650321 -0.022519515 0.0103125
v -0.01650321 -0.022519515 0.0140625
v -0.01639251 -0.02237628 0.0103125
v -0.01639251 -0.02237628 0.0140625
v -0.01628871 -0.022236705 0.0103125
v -0.01628871 -0.022236705 0.0140625
v -0.016192575 -0.02210082 0.0103125
v -0.016192575 -0.02210082 0.0140625
v -0.016107465 -0.02196852 0.0103125
v -0.016107465 -0.02196852 0.0140625
v -0.016032435 -0.021839745 0.0103125
v -0.016032435 -0.021839745 0.0140625
v -0.01596642 -0.021714435 0.0103125
v -0.01596642 -0.021714435 0.0140625
v -0.01590831 -0.02159256 0.0103125
v -0.01590831 -0.02159256 0.0140625
v -0.015857025 -0.021474045 0.0103125
v -0.015857025 -0.021474045 0.0140625
v -0.01581147 -0.02135883 0.0103125
v -0.01581147 -0.02135883 0.0140625
v -0.015770595 -0.021246885 0.0103125
v -0.015770595 -0.021246885 0.0140625
v -0.015734475 -0.021138345 0.0103125
v -0.015734475 -0.021138345 0.0140625
v -0.015705765 -0.02103357 0.0103125
v -0.015705765 -0.02103357 0.0140625
v -0.015683955 -0.020932365 0.0103125
v -0.015683955 -0.020932365 0.0140625
v -0.015662595 -0.02078676 0.0103125
v -0.015662595 -0.02078676 0.0140625
v -0.01565268 -0.02064783 0.0103125
v -0.01565268 -0.02064783 0.0140625
v -0.015651795 -0.020514795 0.0103125
v -0.015651795 -0.020514795 0.0140625
v -0.015657945 -0.020387115 0.0103125
v -0.015657945 -0.020387115 0.0140625
v -0.015673455 -0.020266305 0.0103125
v -0.015673455 -0.020266305 0.0140625
v -0.0156987 -0.020151945 0.0103125
v -0.0156987 -0.020151945 0.0140625
v -0.01573314 -0.02004303 0.0103125
v -0.01573314 -0.02004303 0.0140625
v -0.01577619 -0.019938555 0.0103125
v -0.01577619 -0.019938555 0.0140625
v -0.01582734 -0.0198375 0.0103125
v -0.01582734 -0.0198375 0.0140625
v -0.01588557 -0.019739895 0.0103125
v -0.01588557 -0.019739895 0.0140625
v -0.01595118 -0.019646445 0.0103125
v -0.01595118 -0.019646445 0.0140625
v -0.016025595 -0.019557255 0.0103125
v -0.016025595 -0.019557255 0.0140625
v -0.016110255 -0.019472385 0.0103125
v -0.016110255 -0.019472385 0.0140625
v -0.016206585 -0.019391955 0.0103125
v -0.016206585 -0.019391955 0.0140625
v -0.0163149 -0.01931544 0.0103125
v -0.0163149 -0.01931544 0.0140625
v -0.016432365 -0.0192414 0.0103125
v -0.016432365 -0.0192414 0.0140625
v -0.01651647 -0.01919415 0.0103125
v -0.01651647 -0.01919415 0.0140625
v -0.016605945 -0.01914924 0.0103125
v -0.016605945 -0.01914924 0.0140625
v -0.01670139 -0.01910721 0.0103125
v -0.01670139 -0.01910721 0.0140625
v -0.016803405 -0.019068615 0.0103125
v -0.016803405 -0.019068615 0.0140625
v -0.01691259 -0.019033995 0.0103125
v -0.01691259 -0.019033995 0.0140625
v -0.017029425 -0.01900371 0.0103125
v -0.017029425 -0.01900371 0.0140625
v -0.0171522 -0.018975645 0.0103125
v -0.0171522 -0.018975645 0.0140625
v -0.017280705 -0.01894971 0.0103125
v -0.017280705 -0.01894971 0.0140625
v -0.01741554 -0.018926835 0.0103125
v -0.01741554 -0.018926835 0.0140625
v -0.017557305 -0.018907935 0.0103125
v -0.017557305 -0.018907935 0.0140625
v -0.0177066 -0.01889397 0.0103125
v -0.0177066 -0.01889397 0.0140625
v -0.017864025 -0.01888584 0.0103125
v -0.017864025 -0.01888584 0.0140625
v -0.01803018 -0.01888449 0.0103125
v -0.01803018 -0.01888449 0.0140625
v -0.01820559 -0.018890715 0.0103125
v -0.01820559 -0.018890715 0.0140625
v -0.018388575 -0.018901485 0.0103125
v -0.018388575 -0.018901485 0.0140625
v -0.018578715 -0.018916155 0.0103125
v -0.018578715 -0.018916155 0.0140625
v -0.0187767 -0.018936075 0.0103125
v -0.0187767 -0.018936075 0.0140625
v -0.01898322 -0.018962625 0.0103125
v -0.01898322 -0.018962625 0.0140625
v -0.01919898 -0.01899714 0.0103125
v -0.01919898 -0.01899714 0.0140625
v -0.01942464 -0.019041015 0.0103125
v -0.01942464 -0.019041015 0.0140625
v -0.01966092 -0.019095615 0.0103125
v -0.01966092 -0.019095615 0.0140625
v -0.019908495 -0.01916226 0.0103125
v -0.019908495 -0.01916226 0.0140625
v -0.020166795 -0.01923984 0.0103125
v -0.020166795 -0.01923984 0.0140625
v -0.02043516 -0.01932705 0.0103125
v -0.02043516 -0.01932705 0.0140625
v -0.02071359 -0.01942389 0.0103125
v -0.02071359 -0.01942389 0.0140625
v -0.02100207 -0.019530345 0.0103125
v -0.02100207 -0.019530345 0.0140625
v -0.0213006 -0.019646415 0.0103125
v -0.0213006 -0.019646415 0.0140625
v -0.021531105 -0.019739775 0.0103125
v -0.021531105 -0.019739775 0.0140625
v -0.021767265 -0.019838565 0.0103125
v -0.021767265 -0.019838565 0.0140625
v -0.022009095 -0.019942755 0.0103125
v -0.022009095 -0.019942755 0.0140625
v -0.022256565 -0.02005236 0.0103125
v -0.022256565 -0.02005236 0.0140625
v -0.023311515 -0.020554485 0.0103125
v -0.023311515 -0.020554485 0.0140625
v -0.02437407 -0.02104476 0.0103125
v -0.02437407 -0.02104476 0.0140625
v -0.025444215 -0.021523185 0.0103125
v -0.025444215 -0.021523185 0.0140625
v -0.02652195 -0.021989775 0.0103125
v -0.02652195 -0.021989775 0.0140625
v -0.027607275 -0.02244453 0.0103125
v -0.027607275 -0.02244453 0.0140625
v -0.02870019 -0.022887435 0.0103125
v -0.02870019 -0.022887435 0.0140625
v -0.02980071 -0.02331849 0.0103125
v -0.02980071 -0.02331849 0.0140625
v -0.03090882 -0.02373771 0.0103125
v -0.03090882 -0.02373771 0.0140625
v -0.03202452 -0.02414508 0.0103125
v -0.03202452 -0.02414508 0.0140625
v -0.033147825 -0.0245406 0.0103125
v -0.033147825 -0.0245406 0.0140625
v -0.0342786 -0.024924315 0.0103125
v -0.0342786 -0.024924315 0.0140625
v -0.035415645 -0.02529657 0.0103125
v -0.035415645 -0.02529657 0.0140625
v -0.03655905 -0.02565732 0.0103125
v -0.03655905 -0.02565732 0.0140625
v -0.03770937 -0.026006415 0.0103125
v -0.03770937 -0.026006415 0.0140625
v -0.038867145 -0.026343705 0.0103125
v -0.038867145 -0.026343705 0.0140625
v -0.04003296 -0.02666904 0.0103125
v -0.04003296 -0.02666904 0.0140625
v -0.041207355 -0.02698224 0.0103125
v -0.041207355 -0.02698224 0.0140625
v -0.0423909 -0.027283155 0.0103125
v -0.0423909 -0.027283155 0.0140625
v -0.04358415 -0.02757165 0.0103125
v -0.04358415 -0.02757165 0.0140625
v -0.044787645 -0.027847545 0.0103125
v -0.044787645 -0.027847545 0.0140625
v -0.046001985 -0.028110675 0.0103125
v -0.046001985 -0.028110675 0.0140625
v -0.047227215 -0.02836104 0.0103125
v -0.047227215 -0.02836104 0.0140625
v -0.04846215 -0.02859897 0.0103125
v -0.04846215 -0.02859897 0.0140625
v -0.049706655 -0.02882451 0.0103125
v -0.049706655 -0.02882451 0.0140625
v -0.05096073 -0.029037645 0.0103125
v -0.05096073 -0.029037645 0.0140625
v -0.052224405 -0.02923836 0.0103125
v -0.052224405 -0.02923836 0.0140625
v -0.053497635 -0.029426685 0.0103125
v -0.053497635 -0.029426685 0.0140625
v -0.054780465 -0.029602605 0.0103125
v -0.054780465 -0.029602605 0.0140625
v -0.056072865 -0.029766135 0.0103125
v -0.056072865 -0.029766135 0.0140625
v -0.05737485 -0.029917245 0.0103125
v -0.05737485 -0.029917245 0.0140625
v -0.05868642 -0.030055965 0.0103125
v -0.05868642 -0.030055965 0.0140625
v -0.06000756 -0.03018228 0.0103125
v -0.06000756 -0.03018228 0.0140625
v -0.06014265 -0.030193215 0.0103125
v -0.06015552 -0.0301941 0.0140625
v -0.06028881 -0.030199065 0.0103125
v -0.06031737 -0.030199095 0.0140625
v -0.060448215 -0.03019248 0.0103125
v -0.06049611 -0.030187065 0.0140625
v -0.060624135 -0.03016233 0.0103125
v -0.060693645 -0.030142395 0.0140625
v -0.06081138 -0.030096645 0.0103125
v -0.060897855 -0.030052305 0.0140625
v -0.06099411 -0.02998902 0.0103125
v -0.060995085 -0.029987955 0.0140625
v -0.061152015 -0.02983656 0.0103125
v -0.061086405 -0.029908605 0.0140625
v -0.06116649 -0.02981907 0.0140625
v -0.061269345 -0.029642205 0.0103125
v -0.06123021 -0.029720385 0.0140625
v -0.061316295 -0.029515095 0.0140625
v -0.061338375 -0.02942274 0.0103125
v -0.061354185 -0.02931774 0.0140625
v -0.06135981 -0.029206125 0.0103125
v -0.061357695 -0.029135715 0.0140625
v -0.061345035 -0.029011185 0.0103125
v -0.06133845 -0.02896992 0.0140625
v -0.061311525 -0.028837425 0.0103125
v -0.06130728 -0.02881968 0.0140625
v -0.06127185 -0.02868117 0.0103125
v -0.06127185 -0.02868117 0.0140625
v -0.06104034 -0.027825315 0.0103125
v -0.06104034 -0.027825315 0.0140625
v -0.06079275 -0.026963415 0.0103125
v -0.06079275 -0.026963415 0.0140625
v -0.060529065 -0.0260955 0.0103125
v -0.060529065 -0.0260955 0.0140625
v -0.0602493 -0.02522154 0.0103125
v -0.0602493 -0.02522154 0.0140625
v -0.05995344 -0.024341565 0.0103125
v -0.05995344 -0.024341565 0.0140625
v -0.059641485 -0.023455545 0.0103125
v -0.059641485 -0.023455545 0.0140625
v -0.05931345 -0.02256351 0.0103125
v -0.05931345 -0.02256351 0.0140625
v -0.05896932 -0.02166543 0.0103125
v -0.05896932 -0.02166543 0.0140625
v -0.05860911 -0.020761335 0.0103125
v -0.05860911 -0.020761335 0.0140625
v -0.05823297 -0.01985097 0.0103125
v -0.05823297 -0.01985097 0.0140625
v -0.05784117 -0.01893405 0.0103125
v -0.05784117 -0.01893405 0.0140625
v -0.057433515 -0.018010785 0.0103125
v -0.057433515 -0.018010785 0.0140625
v -0.057009825 -0.017081415 0.0103125
v -0.057009825 -0.017081415 0.0140625
v -0.056569905 -0.01614621 0.0103125
v -0.056569905 -0.01614621 0.0140625
v -0.056113575 -0.01520538 0.0103125
v -0.056113575 -0.01520538 0.0140625
v -0.055640625 -0.014259195 0.0103125
v -0.055640625 -0.014259195 0.0140625
v -0.05515089 -0.01330791 0.0103125
v -0.05515089 -0.01330791 0.0140625
v -0.054644145 -0.012351735 0.0103125
v -0.054644145 -0.012351735 0.0140625
v -0.05412063 -0.01139067 0.0103125
v -0.05412063 -0.01139067 0.0140625
v -0.05358162 -0.010423815 0.0103125
v -0.05358162 -0.010423815 0.0140625
v -0.053026755 -0.00945132 0.0103125
v -0.053026755 -0.00945132 0.0140625
v -0.05245548 -0.00847341 0.0103125
v -0.05245548 -0.00847341 0.0140625
v -0.051867225 -0.00749037 0.0103125
v -0.051867225 -0.00749037 0.0140625
v -0.05126145 -0.00650244 0.0103125
v -0.05126145 -0.00650244 0.0140625
v -0.0506376 -0.005509875 0.0103125
v -0.0506376 -0.005509875 0.0140625
v -0.049995105 -0.00451293 0.0103125
v -0.049995105 -0.00451293 0.0140625
v -0.049333425 -0.003511845 0.0103125
v -0.049333425 -0.003511845 0.0140625
v -0.048652395 -0.00250674 0.0103125
v -0.048652395 -0.00250674 0.0140625
v -0.04795488 -0.001496325 0.0103125
v -0.04795488 -0.001496325 0.0140625
v -0.047240745 -0.000480645 0.0103125
v -0.047240745 -0.000480645 0.0140625
v -0.046508955 0.000539835 0.0103125
v -0.046508955 0.000539835 0.0140625
v -0.045758415 0.001564665 0.0103125
v -0.045758415 0.001564665 0.0140625
v -0.044988105 0.00259338 0.0103125
v -0.044988105 0.00259338 0.0140625
v -0.04419696 0.00362553 0.0103125
v -0.04419696 0.00362553 0.0140625
v -0.043383915 0.004660665 0.0103125
v -0.043383915 0.004660665 0.0140625
v -0.04254792 0.005698335 0.0103125
v -0.04254792 0.005698335 0.0140625
v -0.041688 0.00673809 0.0103125
v -0.041688 0.00673809 0.0140625
v -0.04080552 0.00778056 0.0103125
v -0.04080552 0.00778056 0.0140625
v -0.039901425 0.00882612 0.0103125
v -0.039901425 0.00882612 0.0140625
v -0.03897573 0.009874785 0.0103125
v -0.03897573 0.009874785 0.0140625
v -0.03802842 0.010926555 0.0103125
v -0.03802842 0.010926555 0.0140625
v -0.037059495 0.01198143 0.0103125
v -0.037059495 0.01198143 0.0140625
v -0.036068955 0.01303941 0.0103125
v -0.036068955 0.01303941 0.0140625
v -0.035056815 0.014100495 0.0103125
v -0.035056815 0.014100495 0.0140625
v -0.034023045 0.015164685 0.0103125
v -0.034023045 0.015164685 0.0140625
v -0.03296769 0.016231965 0.0103125
v -0.03296769 0.016231965 0.0140625
v -0.03288069 0.01631319 0.0103125
v -0.03287646 0.016318935 0.0140625
v -0.03280275 0.016400805 0.0103125
v -0.032796045 0.01641006 0.0140625
v -0.03273375 0.01649493 0.0103125
v -0.032726385 0.01650534 0.0140625
v -0.03267204 0.016597005 0.0103125
v -0.032666685 0.016605045 0.0140625
v -0.032620725 0.01670433 0.0103125
v -0.032618445 0.016708725 0.0140625
v -0.03258447 0.016813035 0.0103125
v -0.0325839 0.01681584 0.0140625
v -0.03256275 0.016924185 0.0103125
v -0.03256245 0.016927095 0.0140625
v -0.032554755 0.017036685 0.0103125
v -0.03255465 0.017040765 0.0140625
v -0.032560605 0.01714911 0.0103125
v -0.03256185 0.017155815 0.0140625
v -0.032580585 0.017262195 0.0103125
v -0.032584245 0.017273535 0.0140625
v -0.032612865 0.017374545 0.0103125
v -0.032618145 0.017388675 0.0140625
v -0.032656245 0.01748511 0.0103125
v -0.03266112 0.01749756 0.0140625
v -0.03271137 0.017594445 0.0103125
v -0.032714475 0.017602155 0.0140625
v -0.032778285 0.017702595 0.0103125
v -0.032778285 0.017702595 0.0140625
v -0.033524025 0.01900905 0.0103125
v -0.033524025 0.01900905 0.0140625
v -0.034224345 0.02035368 0.0103125
v -0.034224345 0.02035368 0.0140625
v -0.034877625 0.021734565 0.0103125
v -0.034877625 0.021734565 0.0140625
v -0.03548226 0.0231498 0.0103125
v -0.03548226 0.0231498 0.0140625
v -0.03555087 0.0233181 0.0103125
v -0.03556344 0.0233424 0.0140625
v -0.03564009 0.02349204 0.0103125
v -0.035612985 0.023442945 0.0140625
v -0.03567147 0.023543265 0.0140625
v -0.03576162 0.02366442 0.0103125
v -0.03574227 0.02364159 0.0140625
v -0.035824095 0.023734005 0.0140625
v -0.035839335 0.023748165 0.0103125
v -0.03591819 0.023816775 0.0140625
v -0.035926035 0.02382327 0.0103125
v -0.036020355 0.023887635 0.0140625
v -0.03602292 0.023888145 0.0103125
v -0.036127815 0.023942895 0.0103125
v -0.036127665 0.023942955 0.0140625
v -0.03623448 0.023982165 0.0103125
v -0.03623757 0.02398314 0.0140625
v -0.03634452 0.02400537 0.0103125
v -0.03645465 0.024015825 0.0140625
v -0.036561825 0.024013215 0.0103125
v -0.03666042 0.023999865 0.0140625
v -0.036766875 0.0239751 0.0103125
v -0.036843675 0.023950005 0.0140625
v -0.03694599 0.02390574 0.0103125
v -0.036998865 0.023879295 0.0140625
v -0.03709911 0.023819805 0.0103125
v -0.03712983 0.023799195 0.0140625
v -0.037231035 0.023727105 0.0103125
v -0.037244235 0.02371581 0.0140625
v -0.037346745 0.023634495 0.0103125
v -0.037346745 0.023634495 0.0140625
v -0.038509545 0.022677015 0.0103125
v -0.038509545 0.022677015 0.0140625
v -0.03965721 0.02171343 0.0103125
v -0.03965721 0.02171343 0.0140625
v -0.040789725 0.02074377 0.0103125
v -0.040789725 0.02074377 0.0140625
v -0.041907105 0.019768005 0.0103125
v -0.041907105 0.019768005 0.0140625
v -0.04300935 0.01878615 0.0103125
v -0.04300935 0.01878615 0.0140625
v -0.04409646 0.017798205 0.0103125
v -0.04409646 0.017798205 0.0140625
v -0.04516842 0.016804155 0.0103125
v -0.04516842 0.016804155 0.0140625
v -0.046225245 0.015804015 0.0103125
v -0.046225245 0.015804015 0.0140625
v -0.047266935 0.014797785 0.0103125
v -0.047266935 0.014797785 0.0140625
v -0.048293475 0.013785465 0.0103125
v -0.048293475 0.013785465 0.0140625
v -0.04930488 0.012767055 0.0103125
v -0.04930488 0.012767055 0.0140625
v -0.050301465 0.01174194 0.0103125
v -0.050301465 0.01174194 0.0140625
v -0.05128695 0.01070319 0.0103125
v -0.05128695 0.01070319 0.0140625
v -0.0522612 0.009651045 0.0103125
v -0.0522612 0.009651045 0.0140625
v -0.0532227 0.008588355 0.0103125
v -0.0532227 0.008588355 0.0140625
v -0.054169905 0.007517985 0.0103125
v -0.054169905 0.007517985 0.0140625
v -0.055101285 0.0064428 0.0103125
v -0.055101285 0.0064428 0.0140625
v -0.05601531 0.005365635 0.0103125
v -0.05601531 0.005365635 0.0140625
v -0.05691048 0.00428937 0.0103125
v -0.05691048 0.00428937 0.0140625
v -0.057785235 0.00321687 0.0103125
v -0.057785235 0.00321687 0.0140625
v -0.058638045 0.002150955 0.0103125
v -0.058638045 0.002150955 0.0140625
v -0.05946741 0.00109452 0.0103125
v -0.05946741 0.00109452 0.0140625
v -0.06027177 5.04e-05 0.0103125
v -0.06027177 5.04e-05 0.0140625
v -0.06105051 -0.00098169 0.0103125
v -0.06105051 -0.00098169 0.0140625
v -0.061805985 -0.002010195 0.0103125
v -0.061805985 -0.002010195 0.0140625
v -0.062538975 -0.003035175 0.0103125
v -0.062538975 -0.003035175 0.0140625
v -0.06325014 -0.004055955 0.0103125
v -0.06325014 -0.004055955 0.0140625
v -0.063940065 -0.005071875 0.0103125
v -0.063940065 -0.005071875 0.0140625
v -0.064609395 -0.006082245 0.0103125
v -0.064609395 -0.006082245 0.0140625
v -0.06525876 -0.007086405 0.0103125
v -0.06525876 -0.007086405 0.0140625
v -0.065888745 -0.00808365 0.0103125
v -0.065888745 -0.00808365 0.0140625
v -0.06650001 -0.00907332 0.0103125
v -0.06650001 -0.00907332 0.0140625
v -0.067093155 -0.01005474 0.0103125
v -0.067093155 -0.01005474 0.0140625
v -0.067668795 -0.011027235 0.0103125
v -0.067668795 -0.011027235 0.0140625
v -0.068227575 -0.01199013 0.0103125
v -0.068227575 -0.01199013 0.0140625
v -0.068767485 -0.0129447 0.0103125
v -0.068767485 -0.0129447 0.0140625
v -0.069286605 -0.01389246 0.0103125
v -0.069286605 -0.01389246 0.0140625
v -0.069785685 -0.01483311 0.0103125
v -0.069785685 -0.01483311 0.0140625
v -0.070265445 -0.015766395 0.0103125
v -0.070265445 -0.015766395 0.0140625
v -0.070726605 -0.01669197 0.0103125
v -0.070726605 -0.01669197 0.0140625
v -0.07116993 -0.017609595 0.0103125
v -0.07116993 -0.017609595 0.0140625
v -0.071596125 -0.01851894 0.0103125
v -0.071596125 -0.01851894 0.0140625
v -0.072005925 -0.01941972 0.0103125
v -0.072005925 -0.01941972 0.0140625
v -0.072400065 -0.02031165 0.0103125
v -0.072400065 -0.02031165 0.0140625
v -0.07277928 -0.021194415 0.0103125
v -0.07277928 -0.021194415 0.0140625
v -0.073144305 -0.02206776 0.0103125
v -0.073144305 -0.02206776 0.0140625
v -0.073495545 -0.02293143 0.0103125
v -0.073495545 -0.02293143 0.0140625
v -0.07382952 -0.023786115 0.0103125
v -0.07382952 -0.023786115 0.0140625
v -0.074145705 -0.024632055 0.0103125
v -0.074145705 -0.024632055 0.0140625
v -0.074444895 -0.02546922 0.0103125
v -0.074444895 -0.02546922 0.0140625
v -0.07472781 -0.026297625 0.0103125
v -0.07472781 -0.026297625 0.0140625
v -0.074995275 -0.027117225 0.0103125
v -0.074995275 -0.027117225 0.0140625
v -0.07524801 -0.027928005 0.0103125
v -0.07524801 -0.027928005 0.0140625
v -0.075486795 -0.02872995 0.0103125
v -0.075486795 -0.02872995 0.0140625
v -0.07571241 -0.029523045 0.0103125
v -0.07571241 -0.029523045 0.0140625
v -0.075925605 -0.030307275 0.0103125
v -0.075925605 -0.030307275 0.0140625
v -0.076317855 -0.03184905 0.0103125
v -0.076317855 -0.03184905 0.0140625
v -0.076664925 -0.033355245 0.0103125
v -0.076664925 -0.033355245 0.0140625
v -0.0769608 -0.034825995 0.0103125
v -0.0769608 -0.034825995 0.0140625
v -0.07720533 -0.0362613 0.0103125
v -0.07720533 -0.0362613 0.0140625
v -0.077398515 -0.037661175 0.0103125
v -0.077398515 -0.037661175 0.0140625
v -0.07754034 -0.039025605 0.0103125
v -0.07754034 -0.039025605 0.0140625
v -0.077630835 -0.040354605 0.0103125
v -0.077630835 -0.040354605 0.0140625
v -0.077646045 -0.04056993 0.0103125
v -0.07764465 -0.04055052 0.0140625
v -0.077627505 -0.04075644 0.0140625
v -0.07762377 -0.040786965 0.0103125
v -0.077608455 -0.04086552 0.0140625
v -0.077599695 -0.04089918 0.0103125
v -0.077579985 -0.04097352 0.0140625
v -0.077565795 -0.041010615 0.0103125
v -0.07753938 -0.041075175 0.0140625
v -0.07752009 -0.041115795 0.0103125
v -0.07748646 -0.041173485 0.0140625
v -0.077461245 -0.04121298 0.0103125
v -0.07739022 -0.0413052 0.0103125
v -0.077350485 -0.041349435 0.0140625
v -0.077307915 -0.0413889 0.0103125
v -0.07721505 -0.04146045 0.0103125
v -0.077175765 -0.04148496 0.0140625
v -0.077108295 -0.04152072 0.0103125
v -0.0769908 -0.041570205 0.0103125
v -0.076977675 -0.041578065 0.0140625
v -0.076868985 -0.04160769 0.0103125
v -0.07676277 -0.041625855 0.0140625
v -0.07674765 -0.041632245 0.0103125
v -0.07662384 -0.04164447 0.0103125
v -0.076497 -0.041644425 0.0103125
v -0.04180869 0.012332895 0.0125625
v -0.04180869 0.012332895 0.0103125
v -0.04183965 0.012058095 0.0103125
v -0.04183965 0.01260768 0.0125625
v -0.04183965 0.012058095 0.0125625
v -0.04192068 0.01180743 0.0103125
v -0.04192068 0.01180743 0.0125625
v -0.04205523 0.011576625 0.0103125
v -0.04205523 0.011576625 0.0125625
v -0.042236595 0.01137402 0.0103125
v -0.042236595 0.01137402 0.0125625
v -0.04245243 0.01121808 0.0103125
v -0.04245243 0.01121808 0.0125625
v -0.042701355 0.01110681 0.0103125
v -0.042701355 0.01110681 0.0125625
v -0.042961305 0.011051805 0.0103125
v -0.042961305 0.011051805 0.0125625
v -0.043234215 0.011051805 0.0103125
v -0.043234215 0.011051805 0.0125625
v -0.043494165 0.01110681 0.0103125
v -0.043494165 0.01110681 0.0125625
v -0.043743075 0.01121808 0.0103125
v -0.043743075 0.01121808 0.0125625
v -0.04395891 0.01137402 0.0103125
v -0.04395891 0.01137402 0.0125625
v -0.04414029 0.011576625 0.0103125
v -0.04414029 0.011576625 0.0125625
v -0.044274825 0.01180743 0.0103125
v -0.044274825 0.01180743 0.0125625
v -0.04435587 0.012058095 0.0103125
v -0.04435587 0.012058095 0.0125625
v -0.044386815 0.012332895 0.0103125
v -0.044386815 0.012332895 0.0125625
v -0.04435587 0.01260768 0.0103125
v -0.04435587 0.01260768 0.0125625
v -0.044274825 0.01285836 0.0103125
v -0.044274825 0.01285836 0.0125625
v -0.04414029 0.013089165 0.0103125
v -0.04414029 0.013089165 0.0125625
v -0.04395891 0.01329177 0.0103125
v -0.04395891 0.01329177 0.0125625
v -0.043743075 0.013447695 0.0103125
v -0.043743075 0.013447695 0.0125625
v -0.043494165 0.01355898 0.0103125
v -0.043494165 0.01355898 0.0125625
v -0.043234215 0.01361397 0.0103125
v -0.043234215 0.01361397 0.0125625
v -0.042961305 0.01361397 0.0103125
v -0.042961305 0.01361397 0.0125625
v -0.042701355 0.01355898 0.0103125
v -0.042701355 0.01355898 0.0125625
v -0.04245243 0.013447695 0.0103125
v -0.04245243 0.013447695 0.0125625
v -0.042236595 0.01329177 0.0103125
v -0.042236595 0.01329177 0.0125625
v -0.04205523 0.013089165 0.0103125
v -0.04205523 0.013089165 0.0125625
v -0.04192068 0.01285836 0.0103125
v -0.04192068 0.01285836 0.0125625
v -0.04183965 0.01260768 0.0103125
v -0.017534175 -0.021091395 0.0140625
v -0.017534175 -0.021091395 0.0103125
v -0.017564955 -0.021276585 0.0103125
v -0.017564955 -0.02090619 0.0140625
v -0.017564955 -0.021276585 0.0140625
v -0.01764561 -0.021434445 0.0103125
v -0.01764561 -0.021434445 0.0140625
v -0.017777055 -0.02156589 0.0103125
v -0.017777055 -0.02156589 0.0140625
v -0.01793868 -0.02164755 0.0103125
v -0.01793868 -0.02164755 0.0140625
v -0.01812012 -0.021677325 0.0103125
v -0.01812012 -0.021677325 0.0140625
v -0.018301545 -0.02164755 0.0103125
v -0.018301545 -0.02164755 0.0140625
v -0.01846317 -0.02156589 0.0103125
v -0.01846317 -0.02156589 0.0140625
v -0.018594615 -0.021434445 0.0103125
v -0.018594615 -0.021434445 0.0140625
v -0.01867527 -0.021276585 0.0103125
v -0.01867527 -0.021276585 0.0140625
v -0.01870605 -0.021091395 0.0103125
v -0.01870605 -0.021091395 0.0140625
v -0.01867527 -0.02090619 0.0103125
v -0.01867527 -0.02090619 0.0140625
v -0.018594615 -0.02074833 0.0103125
v -0.018594615 -0.02074833 0.0140625
v -0.01846317 -0.020616885 0.0103125
v -0.01846317 -0.020616885 0.0140625
v -0.018301545 -0.020535225 0.0103125
v -0.018301545 -0.020535225 0.0140625
v -0.01812012 -0.02050545 0.0103125
v -0.01812012 -0.02050545 0.0140625
v -0.01793868 -0.020535225 0.0103125
v -0.01793868 -0.020535225 0.0140625
v -0.017777055 -0.020616885 0.0103125
v -0.017777055 -0.020616885 0.0140625
v -0.01764561 -0.02074833 0.0103125
v -0.01764561 -0.02074833 0.0140625
v -0.017564955 -0.02090619 0.0103125
v -0.023562705 -0.024166245 0.0140625
v -0.023562705 -0.024166245 0.0103125
v -0.023593485 -0.02435145 0.0103125
v -0.023593485 -0.02398104 0.0140625
v -0.023593485 -0.02435145 0.0140625
v -0.02367414 -0.02450931 0.0103125
v -0.02367414 -0.02450931 0.0140625
v -0.023805585 -0.02464074 0.0103125
v -0.023805585 -0.02464074 0.0140625
v -0.02396721 -0.0247224 0.0103125
v -0.02396721 -0.0247224 0.0140625
v -0.024148635 -0.024752175 0.0103125
v -0.024148635 -0.024752175 0.0140625
v -0.024330075 -0.0247224 0.0103125
v -0.024330075 -0.0247224 0.0140625
v -0.0244917 -0.02464074 0.0103125
v -0.0244917 -0.02464074 0.0140625
v -0.024623145 -0.02450931 0.0103125
v -0.024623145 -0.02450931 0.0140625
v -0.024703785 -0.02435145 0.0103125
v -0.024703785 -0.02435145 0.0140625
v -0.02473458 -0.024166245 0.0103125
v -0.02473458 -0.024166245 0.0140625
v -0.024703785 -0.02398104 0.0103125
v -0.024703785 -0.02398104 0.0140625
v -0.024623145 -0.02382318 0.0103125
v -0.024623145 -0.02382318 0.0140625
v -0.0244917 -0.02369175 0.0103125
v -0.0244917 -0.02369175 0.0140625
v -0.024330075 -0.023610075 0.0103125
v -0.024330075 -0.023610075 0.0140625
v -0.024148635 -0.0235803 0.0103125
v -0.024148635 -0.0235803 0.0140625
v -0.02396721 -0.023610075 0.0103125
v -0.02396721 -0.023610075 0.0140625
v -0.023805585 -0.02369175 0.0103125
v -0.023805585 -0.02369175 0.0140625
v -0.02367414 -0.02382318 0.0103125
v -0.02367414 -0.02382318 0.0140625
v -0.023593485 -0.02398104 0.0103125
v -0.051263505 -0.03795036 0.0140625
v -0.072968445 -0.03801804 0.0140625
v -0.0729375 -0.03825 0.0140625
v -0.07304571 -0.037812855 0.0140625
v -0.052553655 -0.0382626 0.0140625
v -0.072968445 -0.03848196 0.0140625
v -0.05385543 -0.03856293 0.0140625
v -0.07304571 -0.03868716 0.0140625
v -0.055169175 -0.038850975 0.0140625
v -0.073173525 -0.038869785 0.0140625
v -0.07334436 -0.03902235 0.0140625
v -0.07354122 -0.039124815 0.0140625
v -0.05649519 -0.039126375 0.0140625
v -0.073764255 -0.03918012 0.0140625
v -0.057833835 -0.039388725 0.0140625
v -0.077630835 -0.040354605 0.0140625
v -0.073985745 -0.03918012 0.0140625
v -0.059185425 -0.03963765 0.0140625
v -0.06055011 -0.039872955 0.0140625
v -0.06192714 -0.04009557 0.0140625
v -0.063316335 -0.04030563 0.0140625
v -0.06471771 -0.040503165 0.0140625
v -0.07764465 -0.04055052 0.0140625
v -0.066131265 -0.04068816 0.0140625
v -0.077627505 -0.04075644 0.0140625
v -0.067557 -0.040860615 0.0140625
v -0.077608455 -0.04086552 0.0140625
v -0.077579985 -0.04097352 0.0140625
v -0.068994915 -0.041020545 0.0140625
v -0.07753938 -0.041075175 0.0140625
v -0.070444995 -0.041167935 0.0140625
v -0.07748646 -0.041173485 0.0140625
v -0.07190727 -0.0413028 0.0140625
v -0.077350485 -0.041349435 0.0140625
v -0.073381695 -0.04142511 0.0140625
v -0.077175765 -0.04148496 0.0140625
v -0.074868315 -0.041534895 0.0140625
v -0.076977675 -0.041578065 0.0140625
v -0.07676277 -0.041625855 0.0140625
v -0.076367115 -0.04163214 0.0140625
v -0.076559655 -0.041644065 0.0140625
v -0.07420878 -0.039124815 0.0140625
v -0.07754034 -0.039025605 0.0140625
v -0.07440564 -0.03902235 0.0140625
v -0.074576475 -0.038869785 0.0140625
v -0.07470429 -0.03868716 0.0140625
v -0.074781555 -0.03848196 0.0140625
v -0.0748125 -0.03825 0.0140625
v -0.074781555 -0.03801804 0.0140625
v -0.07470429 -0.037812855 0.0140625
v -0.077398515 -0.037661175 0.0140625
v -0.074576475 -0.037630215 0.0140625
v -0.07440564 -0.03747765 0.0140625
v -0.07420878 -0.037375185 0.0140625
v -0.073985745 -0.03731988 0.0140625
v -0.07720533 -0.0362613 0.0140625
v -0.046212615 -0.036589995 0.0140625
v -0.04497567 -0.03622395 0.0140625
v -0.047459535 -0.036946035 0.0140625
v -0.073764255 -0.03731988 0.0140625
v -0.048716775 -0.037291695 0.0140625
v -0.07354122 -0.037375185 0.0140625
v -0.07334436 -0.03747765 0.0140625
v -0.04998465 -0.0376266 0.0140625
v -0.073173525 -0.037630215 0.0140625
v -0.043749705 -0.035847135 0.0140625
v -0.042535665 -0.03545868 0.0140625
v -0.04133322 -0.035058795 0.0140625
v -0.0769608 -0.034825995 0.0140625
v -0.04014198 -0.034647645 0.0140625
v -0.0389616 -0.034225455 0.0140625
v -0.03779172 -0.03379242 0.0140625
v -0.076664925 -0.033355245 0.0140625
v -0.036631965 -0.03334875 0.0140625
v -0.03548199 -0.032894625 0.0140625
v -0.03434142 -0.032430255 0.0140625
v -0.03320991 -0.031955835 0.0140625
v -0.076317855 -0.03184905 0.0140625
v -0.0320871 -0.031471575 0.0140625
v -0.03097278 -0.030977565 0.0140625
v -0.02986785 -0.03047334 0.0140625
v -0.075925605 -0.030307275 0.0140625
v -0.06031737 -0.030199095 0.0140625
v -0.028772445 -0.029958795 0.0140625
v -0.06049611 -0.030187065 0.0140625
v -0.060693645 -0.030142395 0.0140625
v -0.060897855 -0.030052305 0.0140625
v -0.060995085 -0.029987955 0.0140625
v -0.061086405 -0.029908605 0.0140625
v -0.06116649 -0.02981907 0.0140625
v -0.06123021 -0.029720385 0.0140625
v -0.07571241 -0.029523045 0.0140625
v -0.061316295 -0.029515095 0.0140625
v -0.061354185 -0.02931774 0.0140625
v -0.061357695 -0.029135715 0.0140625
v -0.06133845 -0.02896992 0.0140625
v -0.06130728 -0.02881968 0.0140625
v -0.075486795 -0.02872995 0.0140625
v -0.06127185 -0.02868117 0.0140625
v -0.07524801 -0.027928005 0.0140625
v -0.06104034 -0.027825315 0.0140625
v -0.074995275 -0.027117225 0.0140625
v -0.06079275 -0.026963415 0.0140625
v -0.07472781 -0.026297625 0.0140625
v -0.060529065 -0.0260955 0.0140625
v -0.074444895 -0.02546922 0.0140625
v -0.0602493 -0.02522154 0.0140625
v -0.074145705 -0.024632055 0.0140625
v -0.05995344 -0.024341565 0.0140625
v -0.07382952 -0.023786115 0.0140625
v -0.059641485 -0.023455545 0.0140625
v -0.073495545 -0.02293143 0.0140625
v -0.05931345 -0.02256351 0.0140625
v -0.073144305 -0.02206776 0.0140625
v -0.05896932 -0.02166543 0.0140625
v -0.07277928 -0.021194415 0.0140625
v -0.05860911 -0.020761335 0.0140625
v -0.072400065 -0.02031165 0.0140625
v -0.05823297 -0.01985097 0.0140625
v -0.072005925 -0.01941972 0.0140625
v -0.05784117 -0.01893405 0.0140625
v -0.071596125 -0.01851894 0.0140625
v -0.057433515 -0.018010785 0.0140625
v -0.07116993 -0.017609595 0.0140625
v -0.057009825 -0.017081415 0.0140625
v -0.070726605 -0.01669197 0.0140625
v -0.056569905 -0.01614621 0.0140625
v -0.070265445 -0.015766395 0.0140625
v -0.056113575 -0.01520538 0.0140625
v -0.069785685 -0.01483311 0.0140625
v -0.055640625 -0.014259195 0.0140625
v -0.069286605 -0.01389246 0.0140625
v -0.05515089 -0.01330791 0.0140625
v -0.068767485 -0.0129447 0.0140625
v -0.054644145 -0.012351735 0.0140625
v -0.068227575 -0.01199013 0.0140625
v -0.05412063 -0.01139067 0.0140625
v -0.067668795 -0.011027235 0.0140625
v -0.05358162 -0.010423815 0.0140625
v -0.067093155 -0.01005474 0.0140625
v -0.053026755 -0.00945132 0.0140625
v -0.06650001 -0.00907332 0.0140625
v -0.05245548 -0.00847341 0.0140625
v -0.065888745 -0.00808365 0.0140625
v -0.051867225 -0.00749037 0.0140625
v -0.06525876 -0.007086405 0.0140625
v -0.05126145 -0.00650244 0.0140625
v -0.064609395 -0.006082245 0.0140625
v -0.0506376 -0.005509875 0.0140625
v -0.063940065 -0.005071875 0.0140625
v -0.049995105 -0.00451293 0.0140625
v -0.06325014 -0.004055955 0.0140625
v -0.049333425 -0.003511845 0.0140625
v -0.062538975 -0.003035175 0.0140625
v -0.048652395 -0.00250674 0.0140625
v -0.061805985 -0.002010195 0.0140625
v -0.04795488 -0.001496325 0.0140625
v -0.06105051 -0.00098169 0.0140625
v -0.047240745 -0.000480645 0.0140625
v -0.06027177 5.04e-05 0.0140625
v -0.046508955 0.000539835 0.0140625
v -0.05946741 0.00109452 0.0140625
v -0.045758415 0.001564665 0.0140625
v -0.058638045 0.002150955 0.0140625
v -0.044988105 0.00259338 0.0140625
v -0.057785235 0.00321687 0.0140625
v -0.04419696 0.00362553 0.0140625
v -0.05691048 0.00428937 0.0140625
v -0.043383915 0.004660665 0.0140625
v -0.05601531 0.005365635 0.0140625
v -0.04254792 0.005698335 0.0140625
v -0.055101285 0.0064428 0.0140625
v -0.041688 0.00673809 0.0140625
v -0.054169905 0.007517985 0.0140625
v -0.04080552 0.00778056 0.0140625
v -0.0532227 0.008588355 0.0140625
v -0.039901425 0.00882612 0.0140625
v -0.0522612 0.009651045 0.0140625
v -0.03897573 0.009874785 0.0140625
v -0.042925665 0.010231065 0.0140625
v -0.04326984 0.010231065 0.0140625
v -0.03802842 0.010926555 0.0140625
v -0.042578895 0.010289355 0.0140625
v -0.04225131 0.01040085 0.0140625
v -0.041944905 0.0105678 0.0140625
v -0.041668065 0.010782165 0.0140625
v -0.041434905 0.01103646 0.0140625
v -0.037059495 0.01198143 0.0140625
v -0.04124229 0.011331015 0.0140625
v -0.04110387 0.01164495 0.0140625
v -0.041019825 0.011978025 0.0140625
v -0.040988385 0.012332895 0.0140625
v -0.036068955 0.01303941 0.0140625
v -0.041019825 0.01268775 0.0140625
v -0.04110387 0.013020825 0.0140625
v -0.04124229 0.013334775 0.0140625
v -0.035056815 0.014100495 0.0140625
v -0.041434905 0.013629315 0.0140625
v -0.041668065 0.01388361 0.0140625
v -0.041944905 0.014097975 0.0140625
v -0.04225131 0.01426494 0.0140625
v -0.034023045 0.015164685 0.0140625
v -0.042578895 0.01437642 0.0140625
v -0.042925665 0.014434725 0.0140625
v -0.04326984 0.014434725 0.0140625
v -0.047266935 0.014797785 0.0140625
v -0.046225245 0.015804015 0.0140625
v -0.048293475 0.013785465 0.0140625
v -0.04361661 0.01437642 0.0140625
v -0.043944195 0.01426494 0.0140625
v -0.0442506 0.014097975 0.0140625
v -0.044527455 0.01388361 0.0140625
v -0.044760615 0.013629315 0.0140625
v -0.04930488 0.012767055 0.0140625
v -0.044953215 0.013334775 0.0140625
v -0.045091635 0.013020825 0.0140625
v -0.04517568 0.01268775 0.0140625
v -0.050301465 0.01174194 0.0140625
v -0.045207135 0.012332895 0.0140625
v -0.04517568 0.011978025 0.0140625
v -0.045091635 0.01164495 0.0140625
v -0.05128695 0.01070319 0.0140625
v -0.044953215 0.011331015 0.0140625
v -0.044760615 0.01103646 0.0140625
v -0.044527455 0.010782165 0.0140625
v -0.0442506 0.0105678 0.0140625
v -0.043944195 0.01040085 0.0140625
v -0.04361661 0.010289355 0.0140625
v -0.03296769 0.016231965 0.0140625
v -0.03287646 0.016318935 0.0140625
v -0.032796045 0.01641006 0.0140625
v -0.032726385 0.01650534 0.0140625
v -0.032666685 0.016605045 0.0140625
v -0.032618445 0.016708725 0.0140625
v -0.03813687 0.01671447 0.0140625
v -0.0325839 0.01681584 0.0140625
v -0.03830313 0.01671447 0.0140625
v -0.03845244 0.016769445 0.0140625
v -0.04516842 0.016804155 0.0140625
v -0.03857985 0.016875 0.0140625
v -0.038656905 0.017008935 0.0140625
v -0.03868875 0.017175 0.0140625
v -0.038656905 0.017341065 0.0140625
v -0.03857985 0.017475 0.0140625
v -0.03845244 0.017580555 0.0140625
v -0.03830313 0.01763553 0.0140625
v -0.04409646 0.017798205 0.0140625
v -0.032778285 0.017702595 0.0140625
v -0.033524025 0.01900905 0.0140625
v -0.03813687 0.01763553 0.0140625
v -0.032714475 0.017602155 0.0140625
v -0.03798756 0.017580555 0.0140625
v -0.03266112 0.01749756 0.0140625
v -0.03786015 0.017475 0.0140625
v -0.032618145 0.017388675 0.0140625
v -0.037783095 0.017341065 0.0140625
v -0.032584245 0.017273535 0.0140625
v -0.03775125 0.017175 0.0140625
v -0.03256185 0.017155815 0.0140625
v -0.037783095 0.017008935 0.0140625
v -0.03255465 0.017040765 0.0140625
v -0.03256245 0.016927095 0.0140625
v -0.03786015 0.016875 0.0140625
v -0.03798756 0.016769445 0.0140625
v -0.03592611 0.018742425 0.0140625
v -0.0357768 0.018797385 0.0140625
v -0.03609237 0.018742425 0.0140625
v -0.04300935 0.01878615 0.0140625
v -0.03624168 0.018797385 0.0140625
v -0.03636909 0.018902955 0.0140625
v -0.036446145 0.01903689 0.0140625
v -0.03647799 0.01920294 0.0140625
v -0.036446145 0.019369005 0.0140625
v -0.03636909 0.01950294 0.0140625
v -0.03624168 0.01960851 0.0140625
v -0.03609237 0.01966347 0.0140625
v -0.041907105 0.019768005 0.0140625
v -0.034224345 0.02035368 0.0140625
v -0.040789725 0.02074377 0.0140625
v -0.03592611 0.01966347 0.0140625
v -0.0357768 0.01960851 0.0140625
v -0.035649405 0.01950294 0.0140625
v -0.03557235 0.019369005 0.0140625
v -0.03554049 0.01920294 0.0140625
v -0.03557235 0.01903689 0.0140625
v -0.035649405 0.018902955 0.0140625
v -0.034877625 0.021734565 0.0140625
v -0.03965721 0.02171343 0.0140625
v -0.038509545 0.022677015 0.0140625
v -0.03548226 0.0231498 0.0140625
v -0.03556344 0.0233424 0.0140625
v -0.035612985 0.023442945 0.0140625
v -0.03567147 0.023543265 0.0140625
v -0.037346745 0.023634495 0.0140625
v -0.03574227 0.02364159 0.0140625
v -0.037244235 0.02371581 0.0140625
v -0.035824095 0.023734005 0.0140625
v -0.03712983 0.023799195 0.0140625
v -0.03591819 0.023816775 0.0140625
v -0.036998865 0.023879295 0.0140625
v -0.036020355 0.023887635 0.0140625
v -0.036127665 0.023942955 0.0140625
v -0.036843675 0.023950005 0.0140625
v -0.03623757 0.02398314 0.0140625
v -0.03666042 0.023999865 0.0140625
v -0.03645465 0.024015825 0.0140625
v -0.06015552 -0.0301941 0.0140625
v -0.06000756 -0.03018228 0.0140625
v -0.05868642 -0.030055965 0.0140625
v -0.05737485 -0.029917245 0.0140625
v -0.027686565 -0.029433945 0.0140625
v -0.056072865 -0.029766135 0.0140625
v -0.054780465 -0.029602605 0.0140625
v -0.053497635 -0.029426685 0.0140625
v -0.026610225 -0.028898775 0.0140625
v -0.052224405 -0.02923836 0.0140625
v -0.05096073 -0.029037645 0.0140625
v -0.049706655 -0.02882451 0.0140625
v -0.025543425 -0.028353285 0.0140625
v -0.04846215 -0.02859897 0.0140625
v -0.047227215 -0.02836104 0.0140625
v -0.046001985 -0.028110675 0.0140625
v -0.02448615 -0.02779749 0.0140625
v -0.044787645 -0.027847545 0.0140625
v -0.04358415 -0.02757165 0.0140625
v -0.0234384 -0.02723139 0.0140625
v -0.0423909 -0.027283155 0.0140625
v -0.041207355 -0.02698224 0.0140625
v -0.022400205 -0.02665497 0.0140625
v -0.04003296 -0.02666904 0.0140625
v -0.038867145 -0.026343705 0.0140625
v -0.02137152 -0.026068245 0.0140625
v -0.03770937 -0.026006415 0.0140625
v -0.02035239 -0.0254712 0.0140625
v -0.03655905 -0.02565732 0.0140625
v -0.035415645 -0.02529657 0.0140625
v -0.019342785 -0.02486385 0.0140625
v -0.0342786 -0.024924315 0.0140625
v -0.024148635 -0.024752175 0.0140625
v -0.024330075 -0.0247224 0.0140625
v -0.01905342 -0.024675915 0.0140625
v -0.02396721 -0.0247224 0.0140625
v -0.023805585 -0.02464074 0.0140625
v -0.018777165 -0.02449116 0.0140625
v -0.02367414 -0.02450931 0.0140625
v -0.023593485 -0.02435145 0.0140625
v -0.01851402 -0.02430957 0.0140625
v -0.023562705 -0.024166245 0.0140625
v -0.018263985 -0.024131145 0.0140625
v -0.023593485 -0.02398104 0.0140625
v -0.018027045 -0.023955885 0.0140625
v -0.02367414 -0.02382318 0.0140625
v -0.017803215 -0.02378379 0.0140625
v -0.023805585 -0.02369175 0.0140625
v -0.01759248 -0.02361486 0.0140625
v -0.02396721 -0.023610075 0.0140625
v -0.017394855 -0.023449095 0.0140625
v -0.024148635 -0.0235803 0.0140625
v -0.02980071 -0.02331849 0.0140625
v -0.01721178 -0.02328639 0.0140625
v -0.03090882 -0.02373771 0.0140625
v -0.024330075 -0.023610075 0.0140625
v -0.0244917 -0.02369175 0.0140625
v -0.024623145 -0.02382318 0.0140625
v -0.03202452 -0.02414508 0.0140625
v -0.024703785 -0.02398104 0.0140625
v -0.02473458 -0.024166245 0.0140625
v -0.033147825 -0.0245406 0.0140625
v -0.024703785 -0.02435145 0.0140625
v -0.024623145 -0.02450931 0.0140625
v -0.0244917 -0.02464074 0.0140625
v -0.01704444 -0.023126625 0.0140625
v -0.016891395 -0.02296995 0.0140625
v -0.02870019 -0.022887435 0.0140625
v -0.01675116 -0.02281647 0.0140625
v -0.016622265 -0.022666275 0.0140625
v -0.01650321 -0.022519515 0.0140625
v -0.027607275 -0.02244453 0.0140625
v -0.01639251 -0.02237628 0.0140625
v -0.01628871 -0.022236705 0.0140625
v -0.016192575 -0.02210082 0.0140625
v -0.02652195 -0.021989775 0.0140625
v -0.016107465 -0.02196852 0.0140625
v -0.016032435 -0.021839745 0.0140625
v -0.01596642 -0.021714435 0.0140625
v -0.01812012 -0.021677325 0.0140625
v -0.018301545 -0.02164755 0.0140625
v -0.01590831 -0.02159256 0.0140625
v -0.01793868 -0.02164755 0.0140625
v -0.017777055 -0.02156589 0.0140625
v -0.015857025 -0.021474045 0.0140625
v -0.01764561 -0.021434445 0.0140625
v -0.01581147 -0.02135883 0.0140625
v -0.017564955 -0.021276585 0.0140625
v -0.015770595 -0.021246885 0.0140625
v -0.015734475 -0.021138345 0.0140625
v -0.017534175 -0.021091395 0.0140625
v -0.015705765 -0.02103357 0.0140625
v -0.015683955 -0.020932365 0.0140625
v -0.017564955 -0.02090619 0.0140625
v -0.015662595 -0.02078676 0.0140625
v -0.01764561 -0.02074833 0.0140625
v -0.01565268 -0.02064783 0.0140625
v -0.017777055 -0.020616885 0.0140625
v -0.015651795 -0.020514795 0.0140625
v -0.01793868 -0.020535225 0.0140625
v -0.01812012 -0.02050545 0.0140625
v -0.015657945 -0.020387115 0.0140625
v -0.023311515 -0.020554485 0.0140625
v -0.015673455 -0.020266305 0.0140625
v -0.018301545 -0.020535225 0.0140625
v -0.01846317 -0.020616885 0.0140625
v -0.02437407 -0.02104476 0.0140625
v -0.018594615 -0.02074833 0.0140625
v -0.01867527 -0.02090619 0.0140625
v -0.01870605 -0.021091395 0.0140625
v -0.025444215 -0.021523185 0.0140625
v -0.01867527 -0.021276585 0.0140625
v -0.018594615 -0.021434445 0.0140625
v -0.01846317 -0.02156589 0.0140625
v -0.0156987 -0.020151945 0.0140625
v -0.022256565 -0.02005236 0.0140625
v -0.01573314 -0.02004303 0.0140625
v -0.022009095 -0.019942755 0.0140625
v -0.01577619 -0.019938555 0.0140625
v -0.021767265 -0.019838565 0.0140625
v -0.01582734 -0.0198375 0.0140625
v -0.01588557 -0.019739895 0.0140625
v -0.021531105 -0.019739775 0.0140625
v -0.01595118 -0.019646445 0.0140625
v -0.0213006 -0.019646415 0.0140625
v -0.016025595 -0.019557255 0.0140625
v -0.02100207 -0.019530345 0.0140625
v -0.016110255 -0.019472385 0.0140625
v -0.02071359 -0.01942389 0.0140625
v -0.016206585 -0.019391955 0.0140625
v -0.02043516 -0.01932705 0.0140625
v -0.0163149 -0.01931544 0.0140625
v -0.016432365 -0.0192414 0.0140625
v -0.020166795 -0.01923984 0.0140625
v -0.01651647 -0.01919415 0.0140625
v -0.019908495 -0.01916226 0.0140625
v -0.016605945 -0.01914924 0.0140625
v -0.01670139 -0.01910721 0.0140625
v -0.01966092 -0.019095615 0.0140625
v -0.016803405 -0.019068615 0.0140625
v -0.01942464 -0.019041015 0.0140625
v -0.01691259 -0.019033995 0.0140625
v -0.017029425 -0.01900371 0.0140625
v -0.01919898 -0.01899714 0.0140625
v -0.0171522 -0.018975645 0.0140625
v -0.01898322 -0.018962625 0.0140625
v -0.017280705 -0.01894971 0.0140625
v -0.0187767 -0.018936075 0.0140625
v -0.01741554 -0.018926835 0.0140625
v -0.018578715 -0.018916155 0.0140625
v -0.017557305 -0.018907935 0.0140625
v -0.018388575 -0.018901485 0.0140625
v -0.0177066 -0.01889397 0.0140625
v -0.01820559 -0.018890715 0.0140625
v -0.017864025 -0.01888584 0.0140625
v -0.01803018 -0.01888449 0.0140625
v -0.040988385 0.012332895 0.0125625
v -0.040988385 0.012332895 0.0140625
v -0.041019825 0.01268775 0.0140625
v -0.04102155 0.01197462 0.0125625
v -0.04102155 0.01269117 0.0125625
v -0.04110387 0.013020825 0.0140625
v -0.041105805 0.013024845 0.0125625
v -0.04124229 0.013334775 0.0140625
v -0.041241735 0.013334625 0.0125625
v -0.041434905 0.013629315 0.0140625
v -0.041434455 0.01362696 0.0125625
v -0.041668065 0.01388361 0.0140625
v -0.041671635 0.01388637 0.0125625
v -0.041944905 0.014097975 0.0140625
v -0.041941935 0.01409637 0.0125625
v -0.04225131 0.01426494 0.0140625
v -0.04225233 0.01426338 0.0125625
v -0.042578895 0.01437642 0.0140625
v -0.042581325 0.014377995 0.0125625
v -0.042925665 0.014434725 0.0140625
v -0.04292112 0.01443339 0.0125625
v -0.04326984 0.014434725 0.0140625
v -0.043274385 0.01443339 0.0125625
v -0.04361661 0.01437642 0.0140625
v -0.043614195 0.014377995 0.0125625
v -0.043944195 0.01426494 0.0140625
v -0.04394319 0.01426338 0.0125625
v -0.0442506 0.014097975 0.0140625
v -0.044253585 0.01409637 0.0125625
v -0.044527455 0.01388361 0.0140625
v -0.044523885 0.01388637 0.0125625
v -0.044760615 0.013629315 0.0140625
v -0.044761065 0.01362696 0.0125625
v -0.044953215 0.013334775 0.0140625
v -0.04495377 0.013334625 0.0125625
v -0.045091635 0.013020825 0.0140625
v -0.0450897 0.013024845 0.0125625
v -0.04517568 0.01268775 0.0140625
v -0.04517397 0.01269117 0.0125625
v -0.045207135 0.012332895 0.0140625
v -0.045207135 0.012332895 0.0125625
v -0.04517568 0.011978025 0.0140625
v -0.04517397 0.01197462 0.0125625
v -0.045091635 0.01164495 0.0140625
v -0.0450897 0.011640945 0.0125625
v -0.044953215 0.011331015 0.0140625
v -0.04495377 0.01133115 0.0125625
v -0.044760615 0.01103646 0.0140625
v -0.044761065 0.01103883 0.0125625
v -0.044527455 0.010782165 0.0140625
v -0.044523885 0.01077942 0.0125625
v -0.0442506 0.0105678 0.0140625
v -0.044253585 0.010569405 0.0125625
v -0.043944195 0.01040085 0.0140625
v -0.04394319 0.010402395 0.0125625
v -0.04361661 0.010289355 0.0140625
v -0.043614195 0.010287795 0.0125625
v -0.04326984 0.010231065 0.0140625
v -0.043274385 0.0102324 0.0125625
v -0.042925665 0.010231065 0.0140625
v -0.04292112 0.0102324 0.0125625
v -0.042578895 0.010289355 0.0140625
v -0.042581325 0.010287795 0.0125625
v -0.04225131 0.01040085 0.0140625
v -0.04225233 0.010402395 0.0125625
v -0.041944905 0.0105678 0.0140625
v -0.041941935 0.010569405 0.0125625
v -0.041668065 0.010782165 0.0140625
v -0.041671635 0.01077942 0.0125625
v -0.041434905 0.01103646 0.0140625
v -0.041434455 0.01103883 0.0125625
v -0.04124229 0.011331015 0.0140625
v -0.041241735 0.01133115 0.0125625
v -0.04110387 0.01164495 0.0140625
v -0.041105805 0.011640945 0.0125625
v -0.041019825 0.011978025 0.0140625
v -0.04102155 0.01269117 0.0125625
v -0.04183965 0.01260768 0.0125625
v -0.04180869 0.012332895 0.0125625
v -0.04192068 0.01285836 0.0125625
v -0.040988385 0.012332895 0.0125625
v -0.04183965 0.012058095 0.0125625
v -0.04102155 0.01197462 0.0125625
v -0.04192068 0.01180743 0.0125625
v -0.041105805 0.011640945 0.0125625
v -0.04205523 0.011576625 0.0125625
v -0.042236595 0.01137402 0.0125625
v -0.041241735 0.01133115 0.0125625
v -0.04245243 0.01121808 0.0125625
v -0.042701355 0.01110681 0.0125625
v -0.042961305 0.011051805 0.0125625
v -0.041434455 0.01103883 0.0125625
v -0.044761065 0.01103883 0.0125625
v -0.044523885 0.01077942 0.0125625
v -0.043234215 0.011051805 0.0125625
v -0.043494165 0.01110681 0.0125625
v -0.043743075 0.01121808 0.0125625
v -0.04495377 0.01133115 0.0125625
v -0.04395891 0.01137402 0.0125625
v -0.04414029 0.011576625 0.0125625
v -0.0450897 0.011640945 0.0125625
v -0.044274825 0.01180743 0.0125625
v -0.04517397 0.01197462 0.0125625
v -0.04435587 0.012058095 0.0125625
v -0.044386815 0.012332895 0.0125625
v -0.045207135 0.012332895 0.0125625
v -0.04435587 0.01260768 0.0125625
v -0.04517397 0.01269117 0.0125625
v -0.044274825 0.01285836 0.0125625
v -0.0450897 0.013024845 0.0125625
v -0.04414029 0.013089165 0.0125625
v -0.04395891 0.01329177 0.0125625
v -0.04495377 0.013334625 0.0125625
v -0.043743075 0.013447695 0.0125625
v -0.043494165 0.01355898 0.0125625
v -0.043234215 0.01361397 0.0125625
v -0.044761065 0.01362696 0.0125625
v -0.041434455 0.01362696 0.0125625
v -0.041671635 0.01388637 0.0125625
v -0.042961305 0.01361397 0.0125625
v -0.042701355 0.01355898 0.0125625
v -0.04245243 0.013447695 0.0125625
v -0.041241735 0.013334625 0.0125625
v -0.042236595 0.01329177 0.0125625
v -0.04205523 0.013089165 0.0125625
v -0.041105805 0.013024845 0.0125625
v -0.044523885 0.01388637 0.0125625
v -0.041941935 0.01409637 0.0125625
v -0.044253585 0.01409637 0.0125625
v -0.04225233 0.01426338 0.0125625
v -0.04394319 0.01426338 0.0125625
v -0.042581325 0.014377995 0.0125625
v -0.043614195 0.014377995 0.0125625
v -0.04292112 0.01443339 0.0125625
v -0.043274385 0.01443339 0.0125625
v -0.041671635 0.01077942 0.0125625
v -0.044253585 0.010569405 0.0125625
v -0.041941935 0.010569405 0.0125625
v -0.04394319 0.010402395 0.0125625
v -0.04225233 0.010402395 0.0125625
v -0.043614195 0.010287795 0.0125625
v -0.042581325 0.010287795 0.0125625
v -0.043274385 0.0102324 0.0125625
v -0.04292112 0.0102324 0.0125625
f 1 2 3
f 1 4 2
f 1 3 5
f 6 1 5
f 6 5 7
f 6 7 8
f 9 6 8
f 9 8 10
f 9 10 11
f 9 11 12
f 13 9 12
f 14 13 12
f 14 15 13
f 14 12 16
f 14 16 17
f 14 17 18
f 14 18 19
f 20 14 19
f 20 19 21
f 20 21 22
f 20 22 23
f 20 23 24
f 20 24 25
f 20 25 26
f 20 26 27
f 28 20 27
f 28 27 29
f 28 29 30
f 28 30 31
f 32 31 30
f 28 31 33
f 28 33 34
f 35 28 34
f 35 34 36
f 37 35 36
f 37 36 38
f 39 37 38
f 39 38 40
f 41 39 40
f 41 40 42
f 43 41 42
f 44 43 42
f 44 42 45
f 46 44 45
f 46 45 47
f 48 46 47
f 48 47 49
f 50 48 49
f 51 50 49
f 51 49 52
f 53 51 52
f 54 53 52
f 54 52 55
f 56 54 55
f 57 56 55
f 58 57 55
f 58 59 57
f 60 32 30
f 60 30 61
f 62 60 61
f 62 61 63
f 62 63 64
f 62 64 65
f 66 62 65
f 66 65 67
f 4 66 67
f 4 67 2
f 14 68 15
f 14 69 68
f 14 70 69
f 70 71 69
f 70 72 71
f 70 73 72
f 70 74 73
f 70 75 74
f 75 76 74
f 75 77 76
f 75 78 77
f 75 79 78
f 79 80 78
f 79 81 80
f 79 82 81
f 79 83 82
f 79 84 83
f 84 85 83
f 84 86 85
f 84 87 86
f 84 88 87
f 87 89 86
f 89 90 86
f 90 91 86
f 91 92 86
f 91 93 92
f 93 94 92
f 94 95 92
f 95 96 92
f 95 97 96
f 97 98 96
f 98 99 96
f 99 100 96
f 99 101 100
f 101 102 100
f 102 103 100
f 103 104 100
f 103 105 104
f 105 106 104
f 106 107 104
f 106 108 107
f 108 109 107
f 109 110 107
f 109 111 110
f 111 112 110
f 112 113 110
f 112 114 113
f 114 115 113
f 114 116 115
f 116 117 115
f 117 118 115
f 117 119 118
f 119 120 118
f 120 121 118
f 122 121 120
f 122 123 121
f 122 120 124
f 125 122 124
f 126 125 124
f 127 126 124
f 127 124 128
f 129 127 128
f 130 129 128
f 131 130 128
f 131 128 132
f 133 131 132
f 134 133 132
f 134 132 135
f 136 134 135
f 137 136 135
f 137 135 138
f 135 139 138
f 137 138 140
f 141 137 140
f 142 141 140
f 142 140 143
f 144 142 143
f 144 143 145
f 146 144 145
f 146 145 147
f 146 147 148
f 148 147 149
f 150 148 149
f 150 149 151
f 152 150 151
f 152 151 153
f 154 152 153
f 123 154 153
f 123 153 121
f 135 155 139
f 155 156 139
f 155 157 156
f 155 158 157
f 155 159 158
f 159 160 158
f 159 161 160
f 159 162 161
f 159 163 162
f 163 164 162
f 163 165 164
f 163 166 165
f 163 167 166
f 167 168 166
f 169 168 167
f 169 170 168
f 171 169 167
f 172 171 167
f 173 172 167
f 173 167 174
f 175 173 174
f 176 175 174
f 177 176 174
f 177 174 178
f 179 177 178
f 180 179 178
f 181 180 178
f 181 178 182
f 183 181 182
f 183 182 184
f 182 185 184
f 183 184 186
f 187 183 186
f 187 186 188
f 189 187 188
f 190 189 188
f 190 188 191
f 192 190 191
f 192 191 193
f 192 193 194
f 192 194 195
f 195 194 196
f 195 196 197
f 198 195 197
f 198 197 199
f 200 198 199
f 200 199 201
f 202 200 201
f 202 201 203
f 204 202 203
f 204 203 170
f 169 204 170
f 182 205 185
f 182 206 205
f 182 207 206
f 207 208 206
f 207 209 208
f 209 210 208
f 209 211 210
f 211 212 210
f 211 213 212
f 213 214 212
f 213 215 214
f 215 216 214
f 215 217 216
f 215 218 217
f 218 219 217
f 218 220 219
f 220 221 219
f 220 222 221
f 222 223 221
f 222 224 223
f 222 225 224
f 225 226 224
f 225 227 226
f 227 228 226
f 227 229 228
f 227 230 229
f 230 231 229
f 230 232 231
f 232 233 231
f 232 234 233
f 232 235 234
f 235 236 234
f 235 237 236
f 237 238 236
f 237 239 238
f 239 240 238
f 239 241 240
f 241 242 240
f 241 243 242
f 243 244 242
f 243 245 244
f 84 246 88
f 246 247 88
f 246 248 247
f 246 249 248
f 246 250 249
f 246 251 250
f 246 252 251
f 246 253 252
f 253 254 252
f 253 255 254
f 253 256 255
f 253 257 256
f 253 258 257
f 258 259 257
f 258 260 259
f 260 261 259
f 260 262 261
f 262 263 261
f 262 264 263
f 264 265 263
f 264 266 265
f 266 267 265
f 266 268 267
f 268 269 267
f 268 270 269
f 270 271 269
f 270 272 271
f 272 273 271
f 272 274 273
f 274 275 273
f 274 276 275
f 276 277 275
f 276 278 277
f 278 279 277
f 278 280 279
f 280 281 279
f 280 282 281
f 282 283 281
f 282 284 283
f 284 285 283
f 284 286 285
f 286 287 285
f 286 288 287
f 288 289 287
f 288 290 289
f 290 291 289
f 290 292 291
f 292 293 291
f 292 294 293
f 294 295 293
f 294 296 295
f 296 297 295
f 296 298 297
f 298 299 297
f 298 300 299
f 300 301 299
f 300 302 301
f 302 303 301
f 302 304 303
f 304 305 303
f 304 306 305
f 306 307 305
f 306 308 307
f 308 309 307
f 308 310 309
f 310 311 309
f 310 312 311
f 312 313 311
f 312 314 313
f 314 315 313
f 314 316 315
f 316 317 315
f 316 318 317
f 318 319 317
f 318 320 319
f 320 321 319
f 320 322 321
f 322 323 321
f 322 324 323
f 324 325 323
f 324 326 325
f 326 327 325
f 326 328 327
f 328 329 327
f 328 330 329
f 330 331 329
f 330 332 331
f 332 333 331
f 332 334 333
f 334 335 333
f 334 336 335
f 336 337 335
f 336 338 337
f 338 339 337
f 340 339 338
f 340 341 339
f 340 338 342
f 343 340 342
f 344 343 342
f 345 344 342
f 346 345 342
f 347 346 342
f 347 342 348
f 349 347 348
f 350 349 348
f 351 350 348
f 352 351 348
f 352 348 353
f 354 352 353
f 355 354 353
f 356 355 353
f 357 356 353
f 358 357 353
f 359 358 353
f 359 353 360
f 353 361 360
f 359 360 362
f 363 359 362
f 364 363 362
f 365 364 362
f 366 365 362
f 367 366 362
f 367 362 368
f 369 367 368
f 369 368 370
f 371 370 368
f 372 371 368
f 372 368 339
f 373 372 339
f 374 373 339
f 375 374 339
f 376 375 339
f 341 376 339
f 361 377 360
f 361 378 377
f 378 379 377
f 378 380 379
f 380 381 379
f 380 382 381
f 380 383 382
f 380 384 383
f 380 385 384
f 380 386 385
f 387 384 385
f 387 385 388
f 387 388 389
f 390 387 389
f 390 389 391
f 392 390 391
f 392 391 393
f 394 392 393
f 394 393 395
f 396 394 395
f 397 396 395
f 397 395 398
f 399 397 398
f 399 398 400
f 401 399 400
f 401 400 402
f 403 401 402
f 403 402 404
f 405 403 404
f 406 405 404
f 406 407 405
f 406 404 408
f 406 408 409
f 406 409 410
f 406 410 411
f 406 411 412
f 406 412 413
f 406 413 414
f 380 406 414
f 380 414 386
f 406 415 407
f 405 407 416
f 405 416 417
f 405 417 418
f 419 405 418
f 419 418 420
f 419 420 421
f 419 421 422
f 419 422 423
f 419 423 424
f 419 424 425
f 426 419 425
f 427 426 425
f 427 428 426
f 427 425 429
f 427 429 430
f 427 430 431
f 427 431 432
f 427 432 433
f 427 433 434
f 427 434 435
f 427 435 436
f 415 427 436
f 415 436 407
f 428 437 426
f 437 438 426
f 437 439 438
f 439 440 438
f 439 441 440
f 441 442 440
f 441 443 442
f 441 444 443
f 441 445 444
f 445 446 444
f 445 447 446
f 447 448 446
f 447 449 448
f 449 450 448
f 449 451 450
f 449 452 451
f 452 453 451
f 452 454 453
f 454 455 453
f 456 457 458
f 459 457 456
f 460 456 458
f 460 458 461
f 460 461 462
f 462 461 463
f 462 463 464
f 464 463 465
f 464 465 466
f 466 465 467
f 466 467 468
f 468 467 469
f 468 469 470
f 470 469 471
f 470 471 472
f 472 471 473
f 472 473 474
f 474 473 475
f 474 475 476
f 476 475 477
f 476 477 478
f 478 477 479
f 478 479 480
f 480 479 481
f 480 481 482
f 482 481 483
f 482 483 484
f 484 483 485
f 484 485 486
f 486 485 487
f 486 487 488
f 488 487 489
f 488 489 490
f 490 489 491
f 490 491 492
f 492 491 493
f 492 493 494
f 494 493 495
f 494 495 496
f 496 495 497
f 496 497 498
f 498 497 499
f 498 499 500
f 500 499 501
f 500 501 502
f 502 501 503
f 502 503 504
f 504 503 505
f 504 505 506
f 506 505 507
f 506 507 459
f 459 507 457
f 508 509 510
f 511 509 508
f 512 508 510
f 512 510 513
f 512 513 514
f 514 513 515
f 514 515 516
f 516 515 517
f 516 517 518
f 518 517 519
f 518 519 520
f 520 519 521
f 520 521 522
f 522 521 523
f 522 523 524
f 524 523 525
f 524 525 526
f 526 525 527
f 526 527 528
f 528 527 529
f 528 529 530
f 530 529 531
f 530 531 532
f 532 531 533
f 532 533 534
f 534 533 535
f 534 535 536
f 536 535 537
f 536 537 538
f 538 537 539
f 538 539 540
f 540 539 541
f 540 541 542
f 542 541 543
f 542 543 511
f 511 543 509
f 544 545 546
f 547 545 544
f 548 544 546
f 548 546 549
f 548 549 550
f 550 549 551
f 550 551 552
f 552 551 553
f 552 553 554
f 554 553 555
f 554 555 556
f 556 555 557
f 556 557 558
f 558 557 559
f 558 559 560
f 560 559 561
f 560 561 562
f 562 561 563
f 562 563 564
f 564 563 565
f 564 565 566
f 566 565 567
f 566 567 568
f 568 567 569
f 568 569 570
f 570 569 571
f 570 571 572
f 572 571 573
f 572 573 574
f 574 573 575
f 574 575 576
f 576 575 577
f 576 577 578
f 578 577 579
f 578 579 547
f 547 579 545
f 580 581 582
f 583 581 580
f 580 582 584
f 584 582 585
f 584 585 586
f 586 585 587
f 586 587 588
f 588 587 589
f 588 589 590
f 590 589 591
f 590 591 592
f 592 591 593
f 592 593 594
f 594 593 595
f 594 595 596
f 596 595 597
f 596 597 598
f 598 597 599
f 598 599 600
f 600 599 601
f 600 601 602
f 602 601 603
f 602 603 604
f 604 603 605
f 604 605 606
f 606 605 607
f 606 607 608
f 608 607 609
f 608 609 610
f 610 609 611
f 610 611 612
f 612 611 613
f 612 613 614
f 614 613 615
f 614 615 616
f 616 615 617
f 616 617 618
f 618 617 619
f 618 619 620
f 620 619 621
f 620 621 622
f 622 621 623
f 622 623 624
f 624 623 625
f 624 625 626
f 626 625 627
f 626 627 628
f 628 627 629
f 628 629 630
f 630 629 631
f 630 631 632
f 632 631 633
f 632 633 634
f 634 633 635
f 634 635 636
f 636 635 637
f 636 637 638
f 638 637 639
f 638 639 640
f 640 639 641
f 640 641 642
f 642 641 643
f 642 643 644
f 644 643 645
f 644 645 646
f 646 645 647
f 646 647 648
f 648 647 649
f 648 649 650
f 650 649 651
f 650 651 652
f 652 651 653
f 652 653 654
f 654 653 655
f 654 655 656
f 656 655 657
f 656 657 658
f 658 657 659
f 658 659 660
f 660 659 661
f 660 661 662
f 662 661 663
f 662 663 664
f 664 663 665
f 664 665 666
f 666 665 667
f 666 667 668
f 668 667 669
f 668 669 670
f 670 669 671
f 670 671 672
f 672 671 673
f 672 673 674
f 674 673 675
f 674 675 676
f 676 675 677
f 676 677 678
f 678 677 679
f 678 679 680
f 680 679 681
f 680 681 682
f 682 681 683
f 682 683 684
f 684 683 685
f 684 685 686
f 686 685 687
f 686 687 688
f 688 687 689
f 688 689 690
f 690 689 691
f 690 691 692
f 692 691 693
f 692 693 694
f 694 693 695
f 694 695 696
f 696 695 697
f 696 697 698
f 698 697 699
f 698 699 700
f 700 699 701
f 700 701 702
f 702 701 703
f 702 703 704
f 704 703 705
f 704 705 706
f 706 705 707
f 706 707 708
f 708 707 709
f 708 709 710
f 710 709 711
f 710 711 712
f 712 711 713
f 712 713 714
f 714 713 715
f 714 715 716
f 716 715 717
f 716 717 718
f 718 717 719
f 718 719 720
f 720 719 721
f 720 721 722
f 722 721 723
f 722 723 724
f 724 723 725
f 724 725 726
f 726 725 727
f 726 727 728
f 728 727 729
f 728 729 730
f 730 729 731
f 730 731 732
f 732 731 733
f 732 733 734
f 734 733 735
f 734 735 736
f 736 735 737
f 736 737 738
f 738 737 739
f 738 739 740
f 740 739 741
f 740 741 742
f 742 741 743
f 742 743 744
f 744 743 745
f 744 745 746
f 746 745 747
f 746 747 748
f 748 747 749
f 748 749 750
f 750 749 751
f 750 751 752
f 752 751 753
f 752 753 754
f 754 753 755
f 754 755 756
f 756 755 757
f 756 757 758
f 758 757 759
f 758 759 760
f 760 759 761
f 760 761 762
f 762 761 763
f 762 763 764
f 764 763 765
f 764 765 766
f 766 765 767
f 766 767 768
f 768 767 769
f 768 769 770
f 770 769 771
f 770 771 772
f 772 771 773
f 772 773 774
f 774 773 775
f 774 775 776
f 776 775 777
f 776 777 778
f 778 777 779
f 778 779 780
f 780 779 781
f 780 781 782
f 782 781 783
f 782 783 784
f 784 783 785
f 784 785 786
f 786 785 787
f 786 787 788
f 788 787 789
f 788 789 790
f 790 789 791
f 790 791 792
f 792 791 793
f 792 793 794
f 794 793 795
f 794 795 796
f 796 795 797
f 796 797 798
f 798 797 799
f 798 799 800
f 800 799 801
f 800 801 802
f 802 801 803
f 802 803 804
f 804 803 805
f 804 805 806
f 806 805 807
f 806 807 808
f 808 807 809
f 808 809 810
f 810 809 811
f 810 811 812
f 812 811 813
f 812 813 814
f 814 813 815
f 814 815 816
f 816 815 817
f 816 817 818
f 818 817 819
f 818 819 820
f 820 819 821
f 820 821 822
f 822 821 823
f 822 823 824
f 824 823 825
f 824 825 826
f 826 825 827
f 826 827 828
f 828 827 829
f 828 829 830
f 830 829 831
f 830 831 832
f 832 831 833
f 832 833 834
f 834 833 835
f 834 835 836
f 836 835 837
f 836 837 838
f 838 837 839
f 838 839 840
f 840 839 841
f 840 841 842
f 842 841 843
f 842 843 844
f 844 843 845
f 844 845 846
f 846 845 847
f 846 847 848
f 848 847 849
f 848 849 850
f 850 849 851
f 850 851 852
f 852 851 853
f 852 853 854
f 854 853 855
f 854 855 856
f 856 855 857
f 856 857 858
f 858 857 859
f 858 859 860
f 860 859 861
f 860 861 862
f 862 861 863
f 862 863 864
f 864 863 865
f 864 865 866
f 866 865 867
f 866 867 868
f 868 867 869
f 868 869 870
f 870 869 871
f 870 871 872
f 872 871 873
f 872 873 874
f 874 873 875
f 874 875 876
f 876 875 877
f 876 877 878
f 878 877 879
f 878 879 880
f 880 879 881
f 880 881 882
f 882 881 883
f 882 883 884
f 884 883 885
f 884 885 886
f 886 885 887
f 886 887 888
f 888 887 889
f 888 889 890
f 890 889 891
f 890 891 892
f 892 891 893
f 892 893 894
f 894 893 895
f 894 895 896
f 896 895 897
f 896 897 898
f 898 897 899
f 898 899 900
f 900 899 901
f 901 899 902
f 901 902 903
f 903 902 904
f 904 902 905
f 904 905 906
f 906 905 907
f 906 907 908
f 908 907 909
f 908 909 910
f 910 909 911
f 910 911 912
f 912 911 913
f 912 913 914
f 914 913 915
f 914 915 916
f 916 915 917
f 916 917 918
f 918 917 919
f 918 919 920
f 920 919 921
f 920 921 922
f 922 921 923
f 922 923 924
f 924 923 925
f 924 925 926
f 926 925 927
f 926 927 928
f 928 927 929
f 928 929 930
f 930 929 931
f 930 931 932
f 932 931 933
f 932 933 934
f 934 933 935
f 934 935 936
f 936 935 937
f 936 937 938
f 938 937 939
f 938 939 940
f 940 939 941
f 940 941 942
f 942 941 943
f 942 943 944
f 944 943 945
f 944 945 946
f 946 945 947
f 946 947 948
f 948 947 949
f 948 949 950
f 950 949 951
f 950 951 952
f 952 951 953
f 952 953 954
f 954 953 955
f 954 955 956
f 956 955 957
f 956 957 958
f 958 957 959
f 958 959 960
f 960 959 961
f 960 961 962
f 962 961 963
f 962 963 964
f 964 963 965
f 964 965 966
f 966 965 967
f 966 967 968
f 968 967 969
f 968 969 970
f 970 969 971
f 970 971 972
f 972 971 973
f 972 973 974
f 974 973 975
f 974 975 976
f 976 975 977
f 976 977 978
f 978 977 979
f 978 979 980
f 980 979 981
f 980 981 982
f 982 981 983
f 982 983 984
f 984 983 985
f 984 985 986
f 986 985 987
f 986 987 988
f 988 987 989
f 988 989 990
f 990 989 991
f 990 991 992
f 992 991 993
f 992 993 994
f 994 993 995
f 994 995 996
f 996 995 997
f 996 997 998
f 998 997 999
f 998 999 1000
f 1000 999 1001
f 1000 1001 1002
f 1002 1001 1003
f 1002 1003 1004
f 1004 1003 1005
f 1004 1005 1006
f 1006 1005 1007
f 1006 1007 1008
f 1008 1007 1009
f 1008 1009 1010
f 1010 1009 1011
f 1010 1011 1012
f 1012 1011 1013
f 1012 1013 1014
f 1014 1013 1015
f 1014 1015 1016
f 1016 1015 1017
f 1016 1017 1018
f 1018 1017 1019
f 1018 1019 1020
f 1020 1019 1021
f 1020 1021 1022
f 1022 1021 1023
f 1022 1023 1024
f 1024 1023 1025
f 1024 1025 1026
f 1026 1025 1027
f 1026 1027 1028
f 1028 1027 1029
f 1028 1029 1030
f 1030 1029 1031
f 1030 1031 1032
f 1032 1031 1033
f 1032 1033 1034
f 1034 1033 1035
f 1034 1035 1036
f 1036 1035 1037
f 1036 1037 1038
f 1038 1037 1039
f 1038 1039 1040
f 1040 1039 1041
f 1040 1041 1042
f 1042 1041 1043
f 1042 1043 1044
f 1044 1043 1045
f 1044 1045 1046
f 1046 1045 1047
f 1047 1045 1048
f 1047 1048 1049
f 1049 1048 1050
f 1050 1048 1051
f 1050 1051 1052
f 1052 1051 1053
f 1052 1053 1054
f 1054 1053 1055
f 1054 1055 1056
f 1054 1056 1057
f 1057 1056 1058
f 1057 1058 1059
f 1059 1058 1060
f 1059 1060 1061
f 1061 1060 1062
f 1061 1062 1063
f 1063 1062 1064
f 1063 1064 1065
f 1065 1064 1066
f 1065 1066 1067
f 1067 1066 1068
f 1067 1068 1069
f 1069 1068 1070
f 1069 1070 1071
f 1071 1070 1072
f 1071 1072 1073
f 1073 1072 1074
f 1073 1074 1075
f 1075 1074 1076
f 1075 1076 1077
f 1077 1076 1078
f 1077 1078 1079
f 1079 1078 1080
f 1079 1080 1081
f 1081 1080 1082
f 1081 1082 1083
f 1083 1082 1084
f 1083 1084 1085
f 1085 1084 1086
f 1085 1086 1087
f 1087 1086 1088
f 1087 1088 1089
f 1089 1088 1090
f 1089 1090 1091
f 1091 1090 1092
f 1091 1092 1093
f 1093 1092 1094
f 1093 1094 1095
f 1095 1094 1096
f 1095 1096 1097
f 1097 1096 1098
f 1097 1098 1099
f 1099 1098 1100
f 1099 1100 1101
f 1101 1100 1102
f 1101 1102 1103
f 1103 1102 1104
f 1103 1104 1105
f 1105 1104 1106
f 1105 1106 1107
f 1107 1106 1108
f 1107 1108 1109
f 1109 1108 1110
f 1109 1110 1111
f 1111 1110 1112
f 1111 1112 1113
f 1113 1112 1114
f 1113 1114 1115
f 1115 1114 1116
f 1115 1116 1117
f 1117 1116 1118
f 1117 1118 1119
f 1119 1118 1120
f 1119 1120 1121
f 1121 1120 1122
f 1121 1122 1123
f 1123 1122 1124
f 1123 1124 1125
f 1125 1124 1126
f 1125 1126 1127
f 1127 1126 1128
f 1127 1128 1129
f 1129 1128 1130
f 1129 1130 1131
f 1131 1130 1132
f 1131 1132 1133
f 1133 1132 1134
f 1133 1134 1135
f 1135 1134 1136
f 1135 1136 1137
f 1137 1136 1138
f 1137 1138 1139
f 1139 1138 1140
f 1139 1140 1141
f 1141 1140 1142
f 1141 1142 1143
f 1143 1142 1144
f 1143 1144 1145
f 1145 1144 1146
f 1145 1146 1147
f 1147 1146 1148
f 1147 1148 1149
f 1149 1148 1150
f 1149 1150 1151
f 1151 1150 1152
f 1151 1152 1153
f 1153 1152 1154
f 1153 1154 1155
f 1155 1154 1156
f 1155 1156 1157
f 1157 1156 1158
f 1157 1158 1159
f 1159 1158 1160
f 1159 1160 1161
f 1161 1160 1162
f 1161 1162 1163
f 1163 1162 1164
f 1163 1164 1165
f 1165 1164 1166
f 1165 1166 1167
f 1167 1166 1168
f 1167 1168 1169
f 1169 1168 1170
f 1169 1170 1171
f 1171 1170 1172
f 1171 1172 1173
f 1173 1172 1174
f 1173 1174 1175
f 1175 1174 1176
f 1175 1176 1177
f 1177 1176 1178
f 1177 1178 1179
f 1179 1178 1180
f 1179 1180 1181
f 1181 1180 1182
f 1181 1182 1183
f 1183 1182 1184
f 1183 1184 1185
f 1185 1184 1186
f 1185 1186 1187
f 1187 1186 1188
f 1187 1188 1189
f 1189 1188 1190
f 1189 1190 1191
f 1191 1190 1192
f 1191 1192 1193
f 1193 1192 1194
f 1193 1194 1195
f 1195 1194 1196
f 1195 1196 1197
f 1197 1196 1198
f 1197 1198 1199
f 1199 1198 1200
f 1201 1199 1200
f 1201 1200 1202
f 1202 1200 1203
f 1202 1203 1204
f 1204 1203 1205
f 1204 1205 1206
f 1206 1205 1207
f 1206 1207 1208
f 1208 1207 1209
f 1208 1209 1210
f 1210 1209 1211
f 1210 1211 1212
f 1210 1212 1213
f 1213 1212 1214
f 1213 1214 1215
f 1213 1215 1216
f 1216 1215 1217
f 1216 1217 1218
f 1216 1218 1219
f 1219 1218 1220
f 1219 1220 1221
f 1221 1220 1222
f 1221 1222 1223
f 1221 1223 583
f 583 1223 1224
f 583 1224 581
f 1225 1226 1227
f 1228 1226 1225
f 1229 1225 1227
f 1229 1227 1230
f 1231 1229 1230
f 1231 1230 1232
f 1233 1231 1232
f 1233 1232 1234
f 1235 1233 1234
f 1235 1234 1236
f 1237 1235 1236
f 1237 1236 1238
f 1239 1237 1238
f 1239 1238 1240
f 1241 1239 1240
f 1241 1240 1242
f 1243 1241 1242
f 1243 1242 1244
f 1245 1243 1244
f 1245 1244 1246
f 1247 1245 1246
f 1247 1246 1248
f 1249 1247 1248
f 1249 1248 1250
f 1251 1249 1250
f 1251 1250 1252
f 1253 1251 1252
f 1253 1252 1254
f 1255 1253 1254
f 1255 1254 1256
f 1255 1256 1257
f 1257 1256 1258
f 1259 1257 1258
f 1259 1258 1260
f 1261 1259 1260
f 1261 1260 1262
f 1263 1261 1262
f 1263 1262 1264
f 1265 1263 1264
f 1265 1264 1266
f 1267 1265 1266
f 1267 1266 1268
f 1269 1267 1268
f 1269 1268 1270
f 1271 1269 1270
f 1271 1270 1272
f 1273 1271 1272
f 1273 1272 1274
f 1275 1273 1274
f 1275 1274 1276
f 1277 1275 1276
f 1277 1276 1278
f 1279 1277 1278
f 1279 1278 1280
f 1281 1279 1280
f 1281 1280 1282
f 1283 1281 1282
f 1283 1282 1284
f 1228 1283 1284
f 1228 1284 1226
f 1285 1286 1287
f 1288 1286 1285
f 1289 1285 1287
f 1289 1287 1290
f 1289 1290 1291
f 1291 1290 1292
f 1291 1292 1293
f 1293 1292 1294
f 1293 1294 1295
f 1295 1294 1296
f 1295 1296 1297
f 1297 1296 1298
f 1297 1298 1299
f 1299 1298 1300
f 1299 1300 1301
f 1301 1300 1302
f 1301 1302 1303
f 1303 1302 1304
f 1303 1304 1305
f 1305 1304 1306
f 1305 1306 1307
f 1307 1306 1308
f 1307 1308 1309
f 1309 1308 1310
f 1309 1310 1311
f 1311 1310 1312
f 1311 1312 1313
f 1313 1312 1314
f 1313 1314 1315
f 1315 1314 1316
f 1315 1316 1317
f 1317 1316 1318
f 1317 1318 1319
f 1319 1318 1320
f 1319 1320 1321
f 1321 1320 1322
f 1321 1322 1323
f 1323 1322 1324
f 1323 1324 1288
f 1288 1324 1286
f 1325 1326 1327
f 1328 1326 1325
f 1329 1325 1327
f 1329 1327 1330
f 1329 1330 1331
f 1331 1330 1332
f 1331 1332 1333
f 1333 1332 1334
f 1333 1334 1335
f 1335 1334 1336
f 1335 1336 1337
f 1337 1336 1338
f 1337 1338 1339
f 1339 1338 1340
f 1339 1340 1341
f 1341 1340 1342
f 1341 1342 1343
f 1343 1342 1344
f 1343 1344 1345
f 1345 1344 1346
f 1345 1346 1347
f 1347 1346 1348
f 1347 1348 1349
f 1349 1348 1350
f 1349 1350 1351
f 1351 1350 1352
f 1351 1352 1353
f 1353 1352 1354
f 1353 1354 1355
f 1355 1354 1356
f 1355 1356 1357
f 1357 1356 1358
f 1357 1358 1359
f 1359 1358 1360
f 1359 1360 1361
f 1361 1360 1362
f 1361 1362 1363
f 1363 1362 1364
f 1363 1364 1328
f 1328 1364 1326
f 1365 1366 1367
f 1365 1368 1366
f 1369 1365 1367
f 1369 1367 1370
f 1371 1369 1370
f 1371 1370 1372
f 1373 1371 1372
f 1373 1372 1374
f 1373 1374 1375
f 1373 1375 1376
f 1377 1373 1376
f 1377 1376 1378
f 1379 1377 1378
f 1379 1378 1380
f 1380 1378 1381
f 1382 1379 1380
f 1383 1382 1380
f 1384 1383 1380
f 1385 1384 1380
f 1386 1385 1380
f 1387 1386 1380
f 1387 1388 1386
f 1387 1389 1388
f 1389 1390 1388
f 1389 1391 1390
f 1391 1392 1390
f 1392 1393 1390
f 1392 1394 1393
f 1394 1395 1393
f 1394 1396 1395
f 1396 1397 1395
f 1396 1398 1397
f 1398 1399 1397
f 1398 1400 1399
f 1400 1401 1399
f 1400 1402 1401
f 1402 1403 1401
f 1403 1404 1401
f 1403 1405 1404
f 1380 1381 1406
f 1407 1380 1406
f 1407 1406 1408
f 1407 1408 1409
f 1407 1409 1410
f 1407 1410 1411
f 1407 1411 1412
f 1407 1412 1413
f 1407 1413 1414
f 1415 1407 1414
f 1415 1414 1416
f 1415 1416 1417
f 1415 1417 1418
f 1415 1418 1419
f 1420 1415 1419
f 1421 1420 1419
f 1421 1422 1420
f 1423 1421 1419
f 1423 1419 1424
f 1424 1425 1423
f 1425 1424 1426
f 1425 1426 1427
f 1428 1425 1427
f 1428 1427 1429
f 1428 1429 1368
f 1365 1428 1368
f 1422 1430 1420
f 1430 1431 1420
f 1431 1432 1420
f 1432 1433 1420
f 1432 1434 1433
f 1434 1435 1433
f 1435 1436 1433
f 1436 1437 1433
f 1436 1438 1437
f 1438 1439 1437
f 1439 1440 1437
f 1440 1441 1437
f 1441 1442 1437
f 1441 1443 1442
f 1443 1444 1442
f 1444 1445 1442
f 1445 1446 1442
f 1445 1447 1446
f 1445 1448 1447
f 1447 1449 1446
f 1449 1450 1446
f 1450 1451 1446
f 1451 1452 1446
f 1452 1453 1446
f 1453 1454 1446
f 1454 1455 1446
f 1455 1456 1446
f 1455 1457 1456
f 1457 1458 1456
f 1458 1459 1456
f 1459 1460 1456
f 1460 1461 1456
f 1461 1462 1456
f 1461 1463 1462
f 1463 1464 1462
f 1463 1465 1464
f 1465 1466 1464
f 1465 1467 1466
f 1467 1468 1466
f 1467 1469 1468
f 1469 1470 1468
f 1469 1471 1470
f 1471 1472 1470
f 1471 1473 1472
f 1473 1474 1472
f 1473 1475 1474
f 1475 1476 1474
f 1475 1477 1476
f 1477 1478 1476
f 1477 1479 1478
f 1479 1480 1478
f 1479 1481 1480
f 1481 1482 1480
f 1481 1483 1482
f 1483 1484 1482
f 1483 1485 1484
f 1485 1486 1484
f 1485 1487 1486
f 1487 1488 1486
f 1487 1489 1488
f 1489 1490 1488
f 1489 1491 1490
f 1491 1492 1490
f 1491 1493 1492
f 1493 1494 1492
f 1493 1495 1494
f 1495 1496 1494
f 1495 1497 1496
f 1497 1498 1496
f 1497 1499 1498
f 1499 1500 1498
f 1499 1501 1500
f 1501 1502 1500
f 1501 1503 1502
f 1503 1504 1502
f 1503 1505 1504
f 1505 1506 1504
f 1505 1507 1506
f 1507 1508 1506
f 1507 1509 1508
f 1509 1510 1508
f 1509 1511 1510
f 1511 1512 1510
f 1511 1513 1512
f 1513 1514 1512
f 1513 1515 1514
f 1515 1516 1514
f 1515 1517 1516
f 1517 1518 1516
f 1517 1519 1518
f 1519 1520 1518
f 1519 1521 1520
f 1521 1522 1520
f 1521 1523 1522
f 1523 1524 1522
f 1523 1525 1524
f 1525 1526 1524
f 1525 1527 1526
f 1527 1528 1526
f 1527 1529 1528
f 1529 1530 1528
f 1529 1531 1530
f 1531 1532 1530
f 1531 1533 1532
f 1533 1534 1532
f 1533 1535 1534
f 1535 1536 1534
f 1535 1537 1536
f 1537 1538 1536
f 1537 1539 1538
f 1539 1540 1538
f 1539 1541 1540
f 1541 1542 1540
f 1541 1543 1542
f 1544 1542 1543
f 1544 1545 1542
f 1544 1543 1546
f 1547 1544 1546
f 1548 1547 1546
f 1549 1548 1546
f 1550 1549 1546
f 1551 1550 1546
f 1551 1546 1552
f 1553 1551 1552
f 1554 1553 1552
f 1555 1554 1552
f 1555 1552 1556
f 1556 1552 1557
f 1558 1556 1557
f 1559 1558 1557
f 1560 1559 1557
f 1560 1557 1561
f 1562 1560 1561
f 1563 1562 1561
f 1564 1563 1561
f 1565 1564 1561
f 1565 1561 1566
f 1567 1565 1566
f 1568 1567 1566
f 1569 1568 1566
f 1569 1566 1570
f 1566 1571 1570
f 1569 1570 1572
f 1573 1569 1572
f 1574 1573 1572
f 1575 1574 1572
f 1576 1575 1572
f 1577 1576 1572
f 1577 1572 1578
f 1579 1577 1578
f 1580 1579 1578
f 1581 1580 1578
f 1581 1578 1582
f 1583 1581 1582
f 1584 1583 1582
f 1585 1584 1582
f 1585 1582 1586
f 1587 1585 1586
f 1588 1587 1586
f 1589 1588 1586
f 1590 1589 1586
f 1590 1586 1542
f 1591 1590 1542
f 1592 1591 1542
f 1545 1592 1542
f 1566 1593 1571
f 1593 1594 1571
f 1594 1595 1571
f 1595 1596 1571
f 1596 1597 1571
f 1597 1598 1571
f 1598 1599 1571
f 1598 1600 1599
f 1571 1599 1601
f 1571 1601 1602
f 1603 1571 1602
f 1603 1602 1604
f 1603 1604 1605
f 1603 1605 1606
f 1603 1606 1607
f 1603 1607 1608
f 1603 1608 1609
f 1603 1609 1610
f 1611 1603 1610
f 1612 1611 1610
f 1612 1613 1611
f 1612 1610 1614
f 1615 1612 1614
f 1615 1614 1616
f 1617 1615 1616
f 1617 1616 1618
f 1619 1617 1618
f 1619 1618 1620
f 1621 1619 1620
f 1621 1620 1622
f 1623 1621 1622
f 1623 1622 1624
f 1625 1623 1624
f 1626 1625 1624
f 1626 1624 1627
f 1600 1626 1627
f 1600 1627 1628
f 1600 1628 1599
f 1613 1629 1611
f 1613 1630 1629
f 1611 1629 1631
f 1632 1611 1631
f 1632 1631 1633
f 1632 1633 1634
f 1632 1634 1635
f 1632 1635 1636
f 1632 1636 1637
f 1632 1637 1638
f 1632 1638 1639
f 1632 1639 1640
f 1641 1632 1640
f 1642 1641 1640
f 1642 1643 1641
f 1642 1640 1644
f 1642 1644 1645
f 1642 1645 1646
f 1642 1646 1647
f 1642 1647 1648
f 1642 1648 1649
f 1613 1642 1649
f 1613 1649 1650
f 1613 1650 1630
f 1642 1651 1643
f 1651 1652 1643
f 1651 1653 1652
f 1651 1654 1653
f 1654 1655 1653
f 1655 1656 1653
f 1656 1657 1653
f 1657 1658 1653
f 1657 1659 1658
f 1659 1660 1658
f 1659 1661 1660
f 1661 1662 1660
f 1661 1663 1662
f 1663 1664 1662
f 1663 1665 1664
f 1665 1666 1664
f 1666 1667 1664
f 1666 1668 1667
f 1668 1669 1667
f 1668 1670 1669
f 1448 1671 1447
f 1448 1672 1671
f 1448 1673 1672
f 1448 1674 1673
f 1448 1675 1674
f 1675 1676 1674
f 1675 1677 1676
f 1675 1678 1677
f 1675 1679 1678
f 1679 1680 1678
f 1679 1681 1680
f 1679 1682 1681
f 1679 1683 1682
f 1683 1684 1682
f 1683 1685 1684
f 1683 1686 1685
f 1683 1687 1686
f 1687 1688 1686
f 1687 1689 1688
f 1687 1690 1689
f 1690 1691 1689
f 1690 1692 1691
f 1690 1693 1692
f 1693 1694 1692
f 1693 1695 1694
f 1693 1696 1695
f 1696 1697 1695
f 1696 1698 1697
f 1698 1699 1697
f 1698 1700 1699
f 1698 1701 1700
f 1701 1702 1700
f 1703 1702 1701
f 1703 1704 1702
f 1703 1701 1705
f 1706 1703 1705
f 1707 1706 1705
f 1707 1705 1708
f 1709 1707 1708
f 1710 1709 1708
f 1710 1708 1711
f 1710 1711 1712
f 1712 1711 1713
f 1714 1712 1713
f 1714 1713 1715
f 1716 1714 1715
f 1716 1715 1717
f 1718 1716 1717
f 1718 1717 1719
f 1720 1718 1719
f 1720 1719 1721
f 1722 1720 1721
f 1722 1721 1723
f 1721 1724 1723
f 1722 1723 1725
f 1726 1722 1725
f 1727 1726 1725
f 1728 1727 1725
f 1728 1725 1729
f 1730 1728 1729
f 1731 1730 1729
f 1731 1729 1732
f 1733 1731 1732
f 1734 1733 1732
f 1735 1734 1732
f 1735 1732 1702
f 1704 1735 1702
f 1724 1736 1723
f 1736 1737 1723
f 1737 1738 1723
f 1737 1739 1738
f 1739 1740 1738
f 1740 1741 1738
f 1741 1742 1738
f 1741 1743 1742
f 1743 1744 1742
f 1744 1745 1742
f 1745 1746 1742
f 1745 1747 1746
f 1747 1748 1746
f 1748 1749 1746
f 1750 1746 1749
f 1750 1751 1746
f 1750 1749 1752
f 1753 1750 1752
f 1754 1753 1752
f 1754 1752 1755
f 1756 1754 1755
f 1756 1755 1757
f 1758 1756 1757
f 1758 1757 1759
f 1758 1759 1760
f 1758 1760 1761
f 1761 1760 1762
f 1761 1762 1763
f 1764 1761 1763
f 1764 1763 1765
f 1766 1764 1765
f 1766 1765 1767
f 1768 1766 1767
f 1768 1767 1769
f 1770 1768 1769
f 1771 1770 1769
f 1771 1769 1772
f 1771 1772 1773
f 1772 1774 1773
f 1775 1771 1773
f 1776 1775 1773
f 1776 1773 1777
f 1778 1776 1777
f 1779 1778 1777
f 1780 1779 1777
f 1780 1777 1781
f 1782 1780 1781
f 1783 1782 1781
f 1784 1783 1781
f 1784 1781 1746
f 1751 1784 1746
f 1774 1785 1773
f 1785 1786 1773
f 1785 1787 1786
f 1787 1788 1786
f 1787 1789 1788
f 1789 1790 1788
f 1789 1791 1790
f 1791 1792 1790
f 1792 1793 1790
f 1792 1794 1793
f 1794 1795 1793
f 1794 1796 1795
f 1796 1797 1795
f 1796 1798 1797
f 1798 1799 1797
f 1798 1800 1799
f 1800 1801 1799
f 1800 1802 1801
f 1802 1803 1801
f 1803 1804 1801
f 1803 1805 1804
f 1805 1806 1804
f 1805 1807 1806
f 1807 1808 1806
f 1808 1809 1806
f 1808 1810 1809
f 1810 1811 1809
f 1810 1812 1811
f 1812 1813 1811
f 1813 1814 1811
f 1813 1815 1814
f 1815 1816 1814
f 1815 1817 1816
f 1817 1818 1816
f 1817 1819 1818
f 1819 1820 1818
f 1819 1821 1820
f 1821 1822 1820
f 1821 1823 1822
f 1823 1824 1822
f 1823 1825 1824
f 1825 1826 1824
f 1827 1828 1829
f 1830 1828 1827
f 1831 1827 1829
f 1831 1829 1832
f 1831 1832 1833
f 1833 1832 1834
f 1833 1834 1835
f 1835 1834 1836
f 1835 1836 1837
f 1837 1836 1838
f 1837 1838 1839
f 1839 1838 1840
f 1839 1840 1841
f 1841 1840 1842
f 1841 1842 1843
f 1843 1842 1844
f 1843 1844 1845
f 1845 1844 1846
f 1845 1846 1847
f 1847 1846 1848
f 1847 1848 1849
f 1849 1848 1850
f 1849 1850 1851
f 1851 1850 1852
f 1851 1852 1853
f 1853 1852 1854
f 1853 1854 1855
f 1855 1854 1856
f 1855 1856 1857
f 1857 1856 1858
f 1857 1858 1859
f 1859 1858 1860
f 1859 1860 1861
f 1861 1860 1862
f 1861 1862 1863
f 1863 1862 1864
f 1863 1864 1865
f 1865 1864 1866
f 1865 1866 1867
f 1867 1866 1868
f 1867 1868 1869
f 1869 1868 1870
f 1869 1870 1871
f 1871 1870 1872
f 1871 1872 1873
f 1873 1872 1874
f 1873 1874 1875
f 1875 1874 1876
f 1875 1876 1877
f 1877 1876 1878
f 1877 1878 1879
f 1879 1878 1880
f 1879 1880 1881
f 1881 1880 1882
f 1881 1882 1883
f 1883 1882 1884
f 1883 1884 1885
f 1885 1884 1886
f 1885 1886 1887
f 1887 1886 1888
f 1887 1888 1889
f 1889 1888 1890
f 1889 1890 1891
f 1891 1890 1892
f 1891 1892 1893
f 1893 1892 1894
f 1893 1894 1895
f 1895 1894 1896
f 1895 1896 1897
f 1897 1896 1898
f 1897 1898 1899
f 1899 1898 1900
f 1899 1900 1901
f 1901 1900 1902
f 1901 1902 1830
f 1830 1902 1828
f 1903 1904 1905
f 1903 1906 1904
f 1903 1905 1907
f 1907 1905 1908
f 1909 1907 1908
f 1909 1908 1910
f 1911 1909 1910
f 1911 1910 1912
f 1911 1912 1913
f 1914 1911 1913
f 1914 1913 1915
f 1914 1915 1916
f 1914 1916 1917
f 1918 1914 1917
f 1919 1918 1917
f 1919 1920 1918
f 1919 1917 1921
f 1919 1921 1922
f 1919 1922 1923
f 1924 1919 1923
f 1924 1923 1925
f 1924 1925 1926
f 1927 1924 1926
f 1927 1926 1928
f 1929 1927 1928
f 1929 1928 1930
f 1929 1930 1931
f 1932 1929 1931
f 1932 1931 1933
f 1934 1932 1933
f 1934 1933 1935
f 1936 1934 1935
f 1936 1935 1937
f 1936 1937 1938
f 1939 1936 1938
f 1939 1938 1940
f 1939 1940 1941
f 1939 1941 1942
f 1943 1939 1942
f 1944 1943 1942
f 1944 1945 1943
f 1944 1942 1946
f 1944 1946 1947
f 1944 1947 1948
f 1949 1944 1948
f 1949 1948 1950
f 1949 1950 1951
f 1952 1949 1951
f 1952 1951 1906
f 1903 1952 1906
f 1945 1953 1943
f 1945 1954 1953
f 1954 1955 1953
f 1954 1956 1955
f 1956 1957 1955
f 1956 1958 1957
f 1958 1959 1957
f 1958 1960 1959
f 1960 1961 1959
f 1920 1962 1918
f 1920 1963 1962
f 1963 1964 1962
f 1963 1965 1964
f 1965 1966 1964
f 1965 1967 1966
f 1967 1968 1966
f 1967 1969 1968
f 1969 1970 1968
