2048 2132 0
v 0.042907515 -0.05084187 0.0028125
v 0.050782665 -0.05083608 0.0028125
v 0.05078532 -0.051 0.0028125
v 0.04289397 -0.05080689 0.0028125
v 0.04291854 -0.050878665 0.0028125
v 0.04292706 -0.05091729 0.0028125
v 0.04293306 -0.05095773 0.0028125
v 0.04293657 -0.051 0.0028125
v 0.050782665 -0.05116392 0.0028125
v 0.04293306 -0.05104227 0.0028125
v 0.04292706 -0.05108271 0.0028125
v 0.04291854 -0.051121335 0.0028125
v 0.042907515 -0.05115813 0.0028125
v 0.04289397 -0.05119311 0.0028125
v 0.05077713 -0.05132691 0.0028125
v 0.042877935 -0.05122626 0.0028125
v 0.04285938 -0.051257595 0.0028125
v 0.0428382 -0.05128719 0.0028125
v 0.04281351 -0.051315705 0.0028125
v 0.042785625 -0.051342885 0.0028125
v 0.050768715 -0.05148897 0.0028125
v 0.042755145 -0.05136831 0.0028125
v 0.0427227 -0.05139153 0.0028125
v 0.042688875 -0.051412095 0.0028125
v 0.0426543 -0.051429555 0.0028125
v 0.042619575 -0.05144349 0.0028125
v 0.042584235 -0.051453825 0.0028125
v 0.04254669 -0.051461205 0.0028125
v 0.04250763 -0.051465615 0.0028125
v 0.04246782 -0.051467085 0.0028125
v 0.034166925 -0.05148897 0.0028125
v 0.05075742 -0.051650085 0.0028125
v 0.03415851 -0.05132691 0.0028125
v 0.04242801 -0.051465615 0.0028125
v 0.04238895 -0.051461205 0.0028125
v 0.042351405 -0.051453825 0.0028125
v 0.042316065 -0.05144349 0.0028125
v 0.04228134 -0.051429555 0.0028125
v 0.042246765 -0.051412095 0.0028125
v 0.04221294 -0.05139153 0.0028125
v 0.042180495 -0.05136831 0.0028125
v 0.042150015 -0.051342885 0.0028125
v 0.042122115 -0.051315705 0.0028125
v 0.034152975 -0.05116392 0.0028125
v 0.04209744 -0.05128719 0.0028125
v 0.04207626 -0.051257595 0.0028125
v 0.042057705 -0.05122626 0.0028125
v 0.04204167 -0.05119311 0.0028125
v 0.042028125 -0.05115813 0.0028125
v 0.03415032 -0.051 0.0028125
v 0.0420171 -0.051121335 0.0028125
v 0.04200858 -0.05108271 0.0028125
v 0.042002565 -0.05104227 0.0028125
v 0.04199907 -0.051 0.0028125
v 0.034152975 -0.05083608 0.0028125
v 0.042002565 -0.05095773 0.0028125
v 0.04200858 -0.05091729 0.0028125
v 0.0420171 -0.050878665 0.0028125
v 0.042028125 -0.05084187 0.0028125
v 0.04204167 -0.05080689 0.0028125
v 0.03415851 -0.05067309 0.0028125
v 0.042057705 -0.05077374 0.0028125
v 0.04207626 -0.050742405 0.0028125
v 0.04209744 -0.05071281 0.0028125
v 0.042122115 -0.050684295 0.0028125
v 0.042150015 -0.050657115 0.0028125
v 0.034166925 -0.05051103 0.0028125
v 0.042180495 -0.05063169 0.0028125
v 0.04221294 -0.05060847 0.0028125
v 0.042246765 -0.050587905 0.0028125
v 0.04228134 -0.050570445 0.0028125
v 0.042316065 -0.05055651 0.0028125
v 0.042351405 -0.050546175 0.0028125
v 0.04238895 -0.05053881 0.0028125
v 0.04242801 -0.050534385 0.0028125
v 0.04246782 -0.0505329 0.0028125
v 0.050768715 -0.05051103 0.0028125
v 0.034178205 -0.050349915 0.0028125
v 0.05077713 -0.05067309 0.0028125
v 0.04250763 -0.050534385 0.0028125
v 0.04254669 -0.05053881 0.0028125
v 0.042584235 -0.050546175 0.0028125
v 0.042619575 -0.05055651 0.0028125
v 0.0426543 -0.050570445 0.0028125
v 0.042688875 -0.050587905 0.0028125
v 0.0427227 -0.05060847 0.0028125
v 0.042755145 -0.05063169 0.0028125
v 0.042785625 -0.050657115 0.0028125
v 0.04281351 -0.050684295 0.0028125
v 0.0428382 -0.05071281 0.0028125
v 0.04285938 -0.050742405 0.0028125
v 0.042877935 -0.05077374 0.0028125
v 0.05075742 -0.050349915 0.0028125
v 0.03419238 -0.05018973 0.0028125
v 0.05074326 -0.05018973 0.0028125
v 0.034209435 -0.050030475 0.0028125
v 0.050726205 -0.050030475 0.0028125
v 0.034229355 -0.049872165 0.0028125
v 0.050706285 -0.049872165 0.0028125
v 0.03425217 -0.049714785 0.0028125
v 0.05068347 -0.049714785 0.0028125
v 0.03427785 -0.04955835 0.0028125
v 0.05065779 -0.04955835 0.0028125
v 0.03430641 -0.049402845 0.0028125
v 0.050629215 -0.049402845 0.0028125
v 0.034337865 -0.04924827 0.0028125
v 0.050597775 -0.04924827 0.0028125
v 0.034372185 -0.04909464 0.0028125
v 0.050563455 -0.04909464 0.0028125
v 0.034409385 -0.04894194 0.0028125
v 0.050526255 -0.04894194 0.0028125
v 0.034449465 -0.04879017 0.0028125
v 0.050486175 -0.04879017 0.0028125
v 0.034492425 -0.048639345 0.0028125
v 0.050443215 -0.048639345 0.0028125
v 0.034538265 -0.04848945 0.0028125
v 0.050397375 -0.04848945 0.0028125
v 0.03458706 -0.048340335 0.0028125
v 0.05034858 -0.048340335 0.0028125
v 0.03463908 -0.04819149 0.0028125
v 0.05029656 -0.04819149 0.0028125
v 0.03469428 -0.048042975 0.0028125
v 0.05024136 -0.048042975 0.0028125
v 0.034752585 -0.047894955 0.0028125
v 0.050183055 -0.047894955 0.0028125
v 0.03481392 -0.04774758 0.0028125
v 0.05012172 -0.04774758 0.0028125
v 0.034878195 -0.047601015 0.0028125
v 0.050057445 -0.047601015 0.0028125
v 0.03494535 -0.047455395 0.0028125
v 0.04999029 -0.047455395 0.0028125
v 0.03501528 -0.0473109 0.0028125
v 0.04992036 -0.0473109 0.0028125
v 0.035087925 -0.04716765 0.0028125
v 0.0498477 -0.04716765 0.0028125
v 0.03516321 -0.04702584 0.0028125
v 0.04977243 -0.04702584 0.0028125
v 0.035241045 -0.04688559 0.0028125
v 0.049694595 -0.04688559 0.0028125
v 0.035321355 -0.046747065 0.0028125
v 0.049614285 -0.046747065 0.0028125
v 0.035404065 -0.04661043 0.0028125
v 0.049531575 -0.04661043 0.0028125
v 0.035489085 -0.046475835 0.0028125
v 0.049446555 -0.046475835 0.0028125
v 0.035576355 -0.046343415 0.0028125
v 0.049359285 -0.046343415 0.0028125
v 0.03566577 -0.04621335 0.0028125
v 0.049269855 -0.04621335 0.0028125
v 0.0357573 -0.04608576 0.0028125
v 0.049178325 -0.04608576 0.0028125
v 0.035851575 -0.045959775 0.0028125
v 0.049084065 -0.045959775 0.0028125
v 0.04246782 -0.0459375 0.0028125
v 0.04252059 -0.04593576 0.0028125
v 0.035948805 -0.04583505 0.0028125
v 0.04241505 -0.04593576 0.0028125
v 0.042361245 -0.045930645 0.0028125
v 0.042306915 -0.04592229 0.0028125
v 0.0422526 -0.045910845 0.0028125
v 0.04219878 -0.04589643 0.0028125
v 0.04214601 -0.04587918 0.0028125
v 0.042094785 -0.04585926 0.0028125
v 0.042045645 -0.045836775 0.0028125
v 0.04199907 -0.045811905 0.0028125
v 0.0360489 -0.04571172 0.0028125
v 0.041954235 -0.045784005 0.0028125
v 0.041910195 -0.045752685 0.0028125
v 0.041867325 -0.045718275 0.0028125
v 0.041826 -0.045681195 0.0028125
v 0.03615171 -0.045589875 0.0028125
v 0.04178661 -0.04564182 0.0028125
v 0.04174953 -0.045600495 0.0028125
v 0.041715135 -0.045557625 0.0028125
v 0.03625713 -0.04546965 0.0028125
v 0.041683815 -0.045513585 0.0028125
v 0.041655915 -0.04546875 0.0028125
v 0.036365025 -0.04535118 0.0028125
v 0.041631225 -0.045422865 0.0028125
v 0.041609205 -0.045375435 0.0028125
v 0.041589885 -0.04532646 0.0028125
v 0.03647529 -0.045234585 0.0028125
v 0.041573235 -0.045275925 0.0028125
v 0.041559285 -0.045223845 0.0028125
v 0.03658779 -0.04511997 0.0028125
v 0.04154802 -0.045170205 0.0028125
v 0.041539425 -0.04511502 0.0028125
v 0.036702405 -0.04500747 0.0028125
v 0.04153353 -0.04505829 0.0028125
v 0.04153032 -0.045 0.0028125
v 0.036819 -0.04489722 0.0028125
v 0.04153353 -0.04494171 0.0028125
v 0.041539425 -0.04488498 0.0028125
v 0.03693747 -0.04478931 0.0028125
v 0.04154802 -0.044829795 0.0028125
v 0.041559285 -0.044776155 0.0028125
v 0.037057695 -0.04468389 0.0028125
v 0.041573235 -0.044724075 0.0028125
v 0.041589885 -0.04467354 0.0028125
v 0.03717954 -0.04458108 0.0028125
v 0.041609205 -0.044624565 0.0028125
v 0.041631225 -0.044577135 0.0028125
v 0.03730287 -0.044481 0.0028125
v 0.041655915 -0.04453125 0.0028125
v 0.041683815 -0.044486415 0.0028125
v 0.041715135 -0.044442375 0.0028125
v 0.037427595 -0.044383755 0.0028125
v 0.04174953 -0.044399505 0.0028125
v 0.04178661 -0.04435818 0.0028125
v 0.03755358 -0.04428948 0.0028125
v 0.041826 -0.044318805 0.0028125
v 0.041867325 -0.044281725 0.0028125
v 0.03768117 -0.044197965 0.0028125
v 0.041910195 -0.044247315 0.0028125
v 0.041954235 -0.044215995 0.0028125
v 0.04199907 -0.044188095 0.0028125
v 0.037811235 -0.044108535 0.0028125
v 0.042045645 -0.044163225 0.0028125
v 0.042094785 -0.04414074 0.0028125
v 0.04214601 -0.04412082 0.0028125
v 0.04219878 -0.04410357 0.0028125
v 0.037943655 -0.044021265 0.0028125
v 0.0422526 -0.044089155 0.0028125
v 0.042306915 -0.04407771 0.0028125
v 0.042361245 -0.044069355 0.0028125
v 0.04241505 -0.04406424 0.0028125
v 0.04246782 -0.0440625 0.0028125
v 0.046991985 -0.044021265 0.0028125
v 0.03807825 -0.043936245 0.0028125
v 0.047124405 -0.044108535 0.0028125
v 0.04252059 -0.04406424 0.0028125
v 0.042574395 -0.044069355 0.0028125
v 0.042628725 -0.04407771 0.0028125
v 0.04268304 -0.044089155 0.0028125
v 0.042736845 -0.04410357 0.0028125
v 0.04278963 -0.04412082 0.0028125
v 0.04725447 -0.044197965 0.0028125
v 0.04284084 -0.04414074 0.0028125
v 0.042889995 -0.044163225 0.0028125
v 0.04293657 -0.044188095 0.0028125
v 0.042981405 -0.044215995 0.0028125
v 0.04738206 -0.04428948 0.0028125
v 0.043025445 -0.044247315 0.0028125
v 0.043068315 -0.044281725 0.0028125
v 0.043109625 -0.044318805 0.0028125
v 0.04750803 -0.044383755 0.0028125
v 0.043149015 -0.04435818 0.0028125
v 0.043186095 -0.044399505 0.0028125
v 0.047632755 -0.044481 0.0028125
v 0.04322049 -0.044442375 0.0028125
v 0.043251825 -0.044486415 0.0028125
v 0.0477561 -0.04458108 0.0028125
v 0.04327971 -0.04453125 0.0028125
v 0.043304415 -0.044577135 0.0028125
v 0.043326435 -0.044624565 0.0028125
v 0.047877945 -0.04468389 0.0028125
v 0.043345755 -0.04467354 0.0028125
v 0.04336239 -0.044724075 0.0028125
v 0.04799817 -0.04478931 0.0028125
v 0.043376355 -0.044776155 0.0028125
v 0.04338762 -0.044829795 0.0028125
v 0.04811664 -0.04489722 0.0028125
v 0.0433962 -0.04488498 0.0028125
v 0.04340211 -0.04494171 0.0028125
v 0.048233235 -0.04500747 0.0028125
v 0.04340532 -0.045 0.0028125
v 0.04340211 -0.04505829 0.0028125
v 0.04834785 -0.04511997 0.0028125
v 0.0433962 -0.04511502 0.0028125
v 0.04338762 -0.045170205 0.0028125
v 0.04846035 -0.045234585 0.0028125
v 0.043376355 -0.045223845 0.0028125
v 0.04336239 -0.045275925 0.0028125
v 0.0485706 -0.04535118 0.0028125
v 0.043345755 -0.04532646 0.0028125
v 0.043326435 -0.045375435 0.0028125
v 0.04867851 -0.04546965 0.0028125
v 0.043304415 -0.045422865 0.0028125
v 0.04327971 -0.04546875 0.0028125
v 0.043251825 -0.045513585 0.0028125
v 0.04878393 -0.045589875 0.0028125
v 0.04322049 -0.045557625 0.0028125
v 0.043186095 -0.045600495 0.0028125
v 0.04888674 -0.04571172 0.0028125
v 0.043149015 -0.04564182 0.0028125
v 0.043109625 -0.045681195 0.0028125
v 0.043068315 -0.045718275 0.0028125
v 0.04898682 -0.04583505 0.0028125
v 0.043025445 -0.045752685 0.0028125
v 0.042981405 -0.045784005 0.0028125
v 0.04293657 -0.045811905 0.0028125
v 0.042889995 -0.045836775 0.0028125
v 0.04284084 -0.04585926 0.0028125
v 0.04278963 -0.04587918 0.0028125
v 0.042736845 -0.04589643 0.0028125
v 0.04268304 -0.045910845 0.0028125
v 0.042628725 -0.04592229 0.0028125
v 0.042574395 -0.045930645 0.0028125
v 0.04685739 -0.043936245 0.0028125
v 0.038214885 -0.043853535 0.0028125
v 0.046720755 -0.043853535 0.0028125
v 0.03835341 -0.043773225 0.0028125
v 0.04658223 -0.043773225 0.0028125
v 0.038493645 -0.04369539 0.0028125
v 0.04644198 -0.04369539 0.0028125
v 0.03863547 -0.043620105 0.0028125
v 0.04630017 -0.043620105 0.0028125
v 0.03877872 -0.04354746 0.0028125
v 0.04615692 -0.04354746 0.0028125
v 0.038923215 -0.04347753 0.0028125
v 0.046012425 -0.04347753 0.0028125
v 0.039068835 -0.043410375 0.0028125
v 0.045866805 -0.043410375 0.0028125
v 0.0392154 -0.0433461 0.0028125
v 0.04572024 -0.0433461 0.0028125
v 0.039362775 -0.043284765 0.0028125
v 0.045572865 -0.043284765 0.0028125
v 0.039510795 -0.04322646 0.0028125
v 0.045424845 -0.04322646 0.0028125
v 0.03965931 -0.04317126 0.0028125
v 0.04527633 -0.04317126 0.0028125
v 0.039808155 -0.04311924 0.0028125
v 0.04512747 -0.04311924 0.0028125
v 0.039957345 -0.04307043 0.0028125
v 0.044978295 -0.04307043 0.0028125
v 0.040108005 -0.04302447 0.0028125
v 0.044827635 -0.04302447 0.0028125
v 0.040260285 -0.042981285 0.0028125
v 0.044675355 -0.042981285 0.0028125
v 0.040414035 -0.04294089 0.0028125
v 0.044521605 -0.04294089 0.0028125
v 0.040569075 -0.042903315 0.0028125
v 0.044366565 -0.042903315 0.0028125
v 0.04072524 -0.04286859 0.0028125
v 0.0442104 -0.04286859 0.0028125
v 0.040882335 -0.042836745 0.0028125
v 0.04405329 -0.042836745 0.0028125
v 0.041040225 -0.04280781 0.0028125
v 0.043895415 -0.04280781 0.0028125
v 0.0411987 -0.0427818 0.0028125
v 0.043736925 -0.0427818 0.0028125
v 0.041357625 -0.042758745 0.0028125
v 0.043578015 -0.042758745 0.0028125
v 0.041516805 -0.042738675 0.0028125
v 0.043418835 -0.042738675 0.0028125
v 0.041676075 -0.042721635 0.0028125
v 0.04325955 -0.042721635 0.0028125
v 0.04183527 -0.04270761 0.0028125
v 0.04310037 -0.04270761 0.0028125
v 0.04199421 -0.04269666 0.0028125
v 0.04294143 -0.04269666 0.0028125
v 0.04215273 -0.042688815 0.0028125
v 0.04278291 -0.042688815 0.0028125
v 0.04231065 -0.04268409 0.0028125
v 0.042624975 -0.04268409 0.0028125
v 0.04246782 -0.0426825 0.0028125
v 0.034178205 -0.051650085 0.0028125
v 0.05074326 -0.05181027 0.0028125
v 0.03419238 -0.05181027 0.0028125
v 0.050726205 -0.051969525 0.0028125
v 0.034209435 -0.051969525 0.0028125
v 0.050706285 -0.052127835 0.0028125
v 0.034229355 -0.052127835 0.0028125
v 0.05068347 -0.052285215 0.0028125
v 0.03425217 -0.052285215 0.0028125
v 0.05065779 -0.05244165 0.0028125
v 0.03427785 -0.05244165 0.0028125
v 0.050629215 -0.052597155 0.0028125
v 0.03430641 -0.052597155 0.0028125
v 0.050597775 -0.05275173 0.0028125
v 0.034337865 -0.05275173 0.0028125
v 0.050563455 -0.05290536 0.0028125
v 0.034372185 -0.05290536 0.0028125
v 0.050526255 -0.05305806 0.0028125
v 0.034409385 -0.05305806 0.0028125
v 0.050486175 -0.05320983 0.0028125
v 0.034449465 -0.05320983 0.0028125
v 0.050443215 -0.053360655 0.0028125
v 0.034492425 -0.053360655 0.0028125
v 0.050397375 -0.05351055 0.0028125
v 0.034538265 -0.05351055 0.0028125
v 0.05034858 -0.053659665 0.0028125
v 0.03458706 -0.053659665 0.0028125
v 0.05029656 -0.05380851 0.0028125
v 0.03463908 -0.05380851 0.0028125
v 0.05024136 -0.053957025 0.0028125
v 0.03469428 -0.053957025 0.0028125
v 0.050183055 -0.054105045 0.0028125
v 0.034752585 -0.054105045 0.0028125
v 0.05012172 -0.05425242 0.0028125
v 0.03481392 -0.05425242 0.0028125
v 0.050057445 -0.054398985 0.0028125
v 0.034878195 -0.054398985 0.0028125
v 0.04999029 -0.054544605 0.0028125
v 0.03494535 -0.054544605 0.0028125
v 0.04992036 -0.0546891 0.0028125
v 0.03501528 -0.0546891 0.0028125
v 0.0498477 -0.05483235 0.0028125
v 0.035087925 -0.05483235 0.0028125
v 0.04977243 -0.05497416 0.0028125
v 0.03516321 -0.05497416 0.0028125
v 0.049694595 -0.05511441 0.0028125
v 0.035241045 -0.05511441 0.0028125
v 0.049614285 -0.055252935 0.0028125
v 0.035321355 -0.055252935 0.0028125
v 0.049531575 -0.05538957 0.0028125
v 0.035404065 -0.05538957 0.0028125
v 0.049446555 -0.055524165 0.0028125
v 0.035489085 -0.055524165 0.0028125
v 0.049359285 -0.055656585 0.0028125
v 0.035576355 -0.055656585 0.0028125
v 0.049269855 -0.05578665 0.0028125
v 0.03566577 -0.05578665 0.0028125
v 0.049178325 -0.05591424 0.0028125
v 0.0357573 -0.05591424 0.0028125
v 0.049084065 -0.056040225 0.0028125
v 0.035851575 -0.056040225 0.0028125
v 0.04898682 -0.056164935 0.0028125
v 0.035948805 -0.056164935 0.0028125
v 0.04888674 -0.05628828 0.0028125
v 0.0360489 -0.05628828 0.0028125
v 0.04878393 -0.056410125 0.0028125
v 0.03615171 -0.056410125 0.0028125
v 0.04867851 -0.05653035 0.0028125
v 0.03625713 -0.05653035 0.0028125
v 0.0485706 -0.05664882 0.0028125
v 0.036365025 -0.05664882 0.0028125
v 0.04846035 -0.056765415 0.0028125
v 0.03647529 -0.056765415 0.0028125
v 0.04834785 -0.05688003 0.0028125
v 0.03658779 -0.05688003 0.0028125
v 0.048233235 -0.05699253 0.0028125
v 0.036702405 -0.05699253 0.0028125
v 0.04811664 -0.05710278 0.0028125
v 0.036819 -0.05710278 0.0028125
v 0.04799817 -0.05721069 0.0028125
v 0.03693747 -0.05721069 0.0028125
v 0.047877945 -0.05731611 0.0028125
v 0.037057695 -0.05731611 0.0028125
v 0.0477561 -0.05741892 0.0028125
v 0.03717954 -0.05741892 0.0028125
v 0.047632755 -0.057519 0.0028125
v 0.03730287 -0.057519 0.0028125
v 0.04750803 -0.057616245 0.0028125
v 0.037427595 -0.057616245 0.0028125
v 0.04738206 -0.05771052 0.0028125
v 0.03755358 -0.05771052 0.0028125
v 0.04725447 -0.057802035 0.0028125
v 0.03768117 -0.057802035 0.0028125
v 0.047124405 -0.057891465 0.0028125
v 0.037811235 -0.057891465 0.0028125
v 0.046991985 -0.057978735 0.0028125
v 0.037943655 -0.057978735 0.0028125
v 0.04685739 -0.058063755 0.0028125
v 0.03807825 -0.058063755 0.0028125
v 0.046720755 -0.058146465 0.0028125
v 0.038214885 -0.058146465 0.0028125
v 0.04658223 -0.058226775 0.0028125
v 0.03835341 -0.058226775 0.0028125
v 0.04644198 -0.05830461 0.0028125
v 0.038493645 -0.05830461 0.0028125
v 0.04630017 -0.058379895 0.0028125
v 0.03863547 -0.058379895 0.0028125
v 0.04615692 -0.05845254 0.0028125
v 0.03877872 -0.05845254 0.0028125
v 0.046012425 -0.05852247 0.0028125
v 0.038923215 -0.05852247 0.0028125
v 0.045866805 -0.058589625 0.0028125
v 0.039068835 -0.058589625 0.0028125
v 0.04572024 -0.0586539 0.0028125
v 0.0392154 -0.0586539 0.0028125
v 0.045572865 -0.058715235 0.0028125
v 0.039362775 -0.058715235 0.0028125
v 0.045424845 -0.05877354 0.0028125
v 0.039510795 -0.05877354 0.0028125
v 0.04527633 -0.05882874 0.0028125
v 0.03965931 -0.05882874 0.0028125
v 0.04512747 -0.05888076 0.0028125
v 0.039808155 -0.05888076 0.0028125
v 0.044978295 -0.05892957 0.0028125
v 0.039957345 -0.05892957 0.0028125
v 0.044827635 -0.05897553 0.0028125
v 0.040108005 -0.05897553 0.0028125
v 0.044675355 -0.059018715 0.0028125
v 0.040260285 -0.059018715 0.0028125
v 0.044521605 -0.05905911 0.0028125
v 0.040414035 -0.05905911 0.0028125
v 0.044366565 -0.059096685 0.0028125
v 0.040569075 -0.059096685 0.0028125
v 0.0442104 -0.05913141 0.0028125
v 0.04072524 -0.05913141 0.0028125
v 0.04405329 -0.059163255 0.0028125
v 0.040882335 -0.059163255 0.0028125
v 0.043895415 -0.05919219 0.0028125
v 0.041040225 -0.05919219 0.0028125
v 0.043736925 -0.0592182 0.0028125
v 0.0411987 -0.0592182 0.0028125
v 0.043578015 -0.059241255 0.0028125
v 0.041357625 -0.059241255 0.0028125
v 0.043418835 -0.059261325 0.0028125
v 0.041516805 -0.059261325 0.0028125
v 0.04325955 -0.05927838 0.0028125
v 0.041676075 -0.05927838 0.0028125
v 0.04310037 -0.05929239 0.0028125
v 0.04183527 -0.05929239 0.0028125
v 0.04294143 -0.05930334 0.0028125
v 0.04199421 -0.05930334 0.0028125
v 0.04278291 -0.059311185 0.0028125
v 0.04215273 -0.059311185 0.0028125
v 0.042624975 -0.05931591 0.0028125
v 0.04231065 -0.05931591 0.0028125
v 0.04246782 -0.0593175 0.0028125
v 0.05078532 -0.051 0.0065625
v 0.05078532 -0.051 0.0028125
v 0.050782665 -0.05083608 0.0028125
v 0.05077815 -0.051320715 0.0065625
v 0.05077815 -0.050679285 0.0065625
v 0.05077713 -0.05067309 0.0028125
v 0.050768715 -0.05051103 0.0028125
v 0.05075955 -0.05036175 0.0065625
v 0.05075742 -0.050349915 0.0028125
v 0.05074326 -0.05018973 0.0028125
v 0.050729535 -0.05004741 0.0065625
v 0.050726205 -0.050030475 0.0028125
v 0.050706285 -0.049872165 0.0028125
v 0.050688075 -0.049736235 0.0065625
v 0.05068347 -0.049714785 0.0028125
v 0.05065779 -0.04955835 0.0028125
v 0.050635185 -0.04942824 0.0065625
v 0.050629215 -0.049402845 0.0028125
v 0.050597775 -0.04924827 0.0028125
v 0.050570865 -0.04912344 0.0065625
v 0.050563455 -0.04909464 0.0028125
v 0.050526255 -0.04894194 0.0028125
v 0.0504951 -0.048821805 0.0065625
v 0.050486175 -0.04879017 0.0028125
v 0.050443215 -0.048639345 0.0028125
v 0.050407755 -0.04852302 0.0065625
v 0.050397375 -0.04848945 0.0028125
v 0.05034858 -0.048340335 0.0028125
v 0.05030787 -0.048225105 0.0065625
v 0.05029656 -0.04819149 0.0028125
v 0.05024136 -0.048042975 0.0028125
v 0.050195865 -0.0479289 0.0065625
v 0.050183055 -0.047894955 0.0028125
v 0.05012172 -0.04774758 0.0028125
v 0.05007237 -0.047635785 0.0065625
v 0.050057445 -0.047601015 0.0028125
v 0.04999029 -0.047455395 0.0028125
v 0.049938075 -0.04734717 0.0065625
v 0.04992036 -0.0473109 0.0028125
v 0.0498477 -0.04716765 0.0028125
v 0.04979364 -0.04706442 0.0065625
v 0.04977243 -0.04702584 0.0028125
v 0.049694595 -0.04688559 0.0028125
v 0.04963971 -0.04678893 0.0065625
v 0.049614285 -0.046747065 0.0028125
v 0.049531575 -0.04661043 0.0028125
v 0.049476975 -0.04652208 0.0065625
v 0.049446555 -0.046475835 0.0028125
v 0.049359285 -0.046343415 0.0028125
v 0.049304715 -0.046262925 0.0065625
v 0.049269855 -0.04621335 0.0028125
v 0.049178325 -0.04608576 0.0028125
v 0.04912164 -0.046009185 0.0065625
v 0.049084065 -0.045959775 0.0028125
v 0.04898682 -0.04583505 0.0028125
v 0.048928395 -0.04576164 0.0065625
v 0.04888674 -0.04571172 0.0028125
v 0.04878393 -0.045589875 0.0028125
v 0.048725655 -0.04552107 0.0065625
v 0.04867851 -0.04546965 0.0028125
v 0.0485706 -0.04535118 0.0028125
v 0.04851408 -0.045288285 0.0065625
v 0.04846035 -0.045234585 0.0028125
v 0.04834785 -0.04511997 0.0028125
v 0.04829433 -0.045064065 0.0065625
v 0.048233235 -0.04500747 0.0028125
v 0.04811664 -0.04489722 0.0028125
v 0.04806708 -0.04484922 0.0065625
v 0.04799817 -0.04478931 0.0028125
v 0.047877945 -0.04468389 0.0028125
v 0.047832645 -0.044644245 0.0065625
v 0.0477561 -0.04458108 0.0028125
v 0.047632755 -0.044481 0.0028125
v 0.047588115 -0.044446845 0.0065625
v 0.04750803 -0.044383755 0.0028125
v 0.04738206 -0.04428948 0.0028125
v 0.047333835 -0.044257065 0.0065625
v 0.04725447 -0.044197965 0.0028125
v 0.047203485 -0.04416531 0.0065625
v 0.047124405 -0.044108535 0.0028125
v 0.04707123 -0.044075805 0.0065625
v 0.046991985 -0.044021265 0.0028125
v 0.046937265 -0.04398867 0.0065625
v 0.04685739 -0.043936245 0.0028125
v 0.04680177 -0.043903995 0.0065625
v 0.046720755 -0.043853535 0.0028125
v 0.04666494 -0.043821915 0.0065625
v 0.04658223 -0.043773225 0.0028125
v 0.04652691 -0.04374255 0.0065625
v 0.04644198 -0.04369539 0.0028125
v 0.04630017 -0.043620105 0.0028125
v 0.046248105 -0.04359237 0.0065625
v 0.04615692 -0.04354746 0.0028125
v 0.046012425 -0.04347753 0.0028125
v 0.04596678 -0.0434544 0.0065625
v 0.045866805 -0.043410375 0.0028125
v 0.04572024 -0.0433461 0.0028125
v 0.04568241 -0.043328475 0.0065625
v 0.045572865 -0.043284765 0.0028125
v 0.045424845 -0.04322646 0.0028125
v 0.04539219 -0.043213125 0.0065625
v 0.04527633 -0.04317126 0.0028125
v 0.04512747 -0.04311924 0.0028125
v 0.04509693 -0.04310856 0.0065625
v 0.044978295 -0.04307043 0.0028125
v 0.044827635 -0.04302447 0.0028125
v 0.0447975 -0.04301505 0.0065625
v 0.044675355 -0.042981285 0.0028125
v 0.044521605 -0.04294089 0.0028125
v 0.04449477 -0.04293285 0.0065625
v 0.044366565 -0.042903315 0.0028125
v 0.0442104 -0.04286859 0.0028125
v 0.044189625 -0.04286223 0.0065625
v 0.04405329 -0.042836745 0.0028125
v 0.043895415 -0.04280781 0.0028125
v 0.043882935 -0.04280346 0.0065625
v 0.043736925 -0.0427818 0.0028125
v 0.043578015 -0.042758745 0.0028125
v 0.04357533 -0.042756765 0.0065625
v 0.043418835 -0.042738675 0.0028125
v 0.04325955 -0.042721635 0.0028125
v 0.043263345 -0.04272186 0.0065625
v 0.04310037 -0.04270761 0.0028125
v 0.04294143 -0.04269666 0.0028125
v 0.042946905 -0.042698595 0.0065625
v 0.04278291 -0.042688815 0.0028125
v 0.042787575 -0.04269132 0.0065625
v 0.042624975 -0.04268409 0.0028125
v 0.04262781 -0.042686955 0.0065625
v 0.04246782 -0.0426825 0.0028125
v 0.04246782 -0.0426855 0.0065625
v 0.04231065 -0.04268409 0.0028125
v 0.04230783 -0.042686955 0.0065625
v 0.04214805 -0.04269132 0.0065625
v 0.04215273 -0.042688815 0.0028125
v 0.041988735 -0.042698595 0.0065625
v 0.04199421 -0.04269666 0.0028125
v 0.04183527 -0.04270761 0.0028125
v 0.041672295 -0.04272186 0.0065625
v 0.041676075 -0.042721635 0.0028125
v 0.041516805 -0.042738675 0.0028125
v 0.04136031 -0.042756765 0.0065625
v 0.041357625 -0.042758745 0.0028125
v 0.0411987 -0.0427818 0.0028125
v 0.041052705 -0.04280346 0.0065625
v 0.041040225 -0.04280781 0.0028125
v 0.040882335 -0.042836745 0.0028125
v 0.040746015 -0.04286223 0.0065625
v 0.04072524 -0.04286859 0.0028125
v 0.040569075 -0.042903315 0.0028125
v 0.04044087 -0.04293285 0.0065625
v 0.040414035 -0.04294089 0.0028125
v 0.040260285 -0.042981285 0.0028125
v 0.04013814 -0.04301505 0.0065625
v 0.040108005 -0.04302447 0.0028125
v 0.039957345 -0.04307043 0.0028125
v 0.03983871 -0.04310856 0.0065625
v 0.039808155 -0.04311924 0.0028125
v 0.03965931 -0.04317126 0.0028125
v 0.03954345 -0.043213125 0.0065625
v 0.039510795 -0.04322646 0.0028125
v 0.039362775 -0.043284765 0.0028125
v 0.03925323 -0.043328475 0.0065625
v 0.0392154 -0.0433461 0.0028125
v 0.039068835 -0.043410375 0.0028125
v 0.03896886 -0.0434544 0.0065625
v 0.038923215 -0.04347753 0.0028125
v 0.03877872 -0.04354746 0.0028125
v 0.038687535 -0.04359237 0.0065625
v 0.03863547 -0.043620105 0.0028125
v 0.038493645 -0.04369539 0.0028125
v 0.038408715 -0.04374255 0.0065625
v 0.03835341 -0.043773225 0.0028125
v 0.0382707 -0.043821915 0.0065625
v 0.038214885 -0.043853535 0.0028125
v 0.038133855 -0.043903995 0.0065625
v 0.03807825 -0.043936245 0.0028125
v 0.037998375 -0.04398867 0.0065625
v 0.037943655 -0.044021265 0.0028125
v 0.03786441 -0.044075805 0.0065625
v 0.037811235 -0.044108535 0.0028125
v 0.037732155 -0.04416531 0.0065625
v 0.03768117 -0.044197965 0.0028125
v 0.037601805 -0.044257065 0.0065625
v 0.03755358 -0.04428948 0.0028125
v 0.037427595 -0.044383755 0.0028125
v 0.037347525 -0.044446845 0.0065625
v 0.03730287 -0.044481 0.0028125
v 0.03717954 -0.04458108 0.0028125
v 0.037102995 -0.044644245 0.0065625
v 0.037057695 -0.04468389 0.0028125
v 0.03693747 -0.04478931 0.0028125
v 0.03686856 -0.04484922 0.0065625
v 0.036819 -0.04489722 0.0028125
v 0.036702405 -0.04500747 0.0028125
v 0.03664131 -0.045064065 0.0065625
v 0.03658779 -0.04511997 0.0028125
v 0.03647529 -0.045234585 0.0028125
v 0.03642156 -0.045288285 0.0065625
v 0.036365025 -0.04535118 0.0028125
v 0.03625713 -0.04546965 0.0028125
v 0.036209985 -0.04552107 0.0065625
v 0.03615171 -0.045589875 0.0028125
v 0.0360489 -0.04571172 0.0028125
v 0.036007245 -0.04576164 0.0065625
v 0.035948805 -0.04583505 0.0028125
v 0.035851575 -0.045959775 0.0028125
v 0.035814 -0.046009185 0.0065625
v 0.0357573 -0.04608576 0.0028125
v 0.03566577 -0.04621335 0.0028125
v 0.035630925 -0.046262925 0.0065625
v 0.035576355 -0.046343415 0.0028125
v 0.035489085 -0.046475835 0.0028125
v 0.03545865 -0.04652208 0.0065625
v 0.035404065 -0.04661043 0.0028125
v 0.035321355 -0.046747065 0.0028125
v 0.035295915 -0.04678893 0.0065625
v 0.035241045 -0.04688559 0.0028125
v 0.03516321 -0.04702584 0.0028125
v 0.035142 -0.04706442 0.0065625
v 0.035087925 -0.04716765 0.0028125
v 0.03501528 -0.0473109 0.0028125
v 0.034997565 -0.04734717 0.0065625
v 0.03494535 -0.047455395 0.0028125
v 0.034878195 -0.047601015 0.0028125
v 0.03486327 -0.047635785 0.0065625
v 0.03481392 -0.04774758 0.0028125
v 0.034752585 -0.047894955 0.0028125
v 0.034739775 -0.0479289 0.0065625
v 0.03469428 -0.048042975 0.0028125
v 0.03463908 -0.04819149 0.0028125
v 0.034627755 -0.048225105 0.0065625
v 0.03458706 -0.048340335 0.0028125
v 0.034538265 -0.04848945 0.0028125
v 0.034527885 -0.04852302 0.0065625
v 0.034492425 -0.048639345 0.0028125
v 0.034449465 -0.04879017 0.0028125
v 0.034440525 -0.048821805 0.0065625
v 0.034409385 -0.04894194 0.0028125
v 0.034372185 -0.04909464 0.0028125
v 0.034364775 -0.04912344 0.0065625
v 0.034337865 -0.04924827 0.0028125
v 0.03430641 -0.049402845 0.0028125
v 0.034300455 -0.04942824 0.0065625
v 0.03427785 -0.04955835 0.0028125
v 0.03425217 -0.049714785 0.0028125
v 0.034247565 -0.049736235 0.0065625
v 0.034229355 -0.049872165 0.0028125
v 0.034209435 -0.050030475 0.0028125
v 0.034206105 -0.05004741 0.0065625
v 0.03419238 -0.05018973 0.0028125
v 0.034178205 -0.050349915 0.0028125
v 0.034176075 -0.05036175 0.0065625
v 0.034166925 -0.05051103 0.0028125
v 0.03415851 -0.05067309 0.0028125
v 0.03415749 -0.050679285 0.0065625
v 0.034152975 -0.05083608 0.0028125
v 0.03415032 -0.051 0.0028125
v 0.03415032 -0.051 0.0065625
v 0.034152975 -0.05116392 0.0028125
v 0.03415749 -0.051320715 0.0065625
v 0.03415851 -0.05132691 0.0028125
v 0.034166925 -0.05148897 0.0028125
v 0.034176075 -0.051638235 0.0065625
v 0.034178205 -0.051650085 0.0028125
v 0.03419238 -0.05181027 0.0028125
v 0.034206105 -0.05195259 0.0065625
v 0.034209435 -0.051969525 0.0028125
v 0.034229355 -0.052127835 0.0028125
v 0.034247565 -0.052263765 0.0065625
v 0.03425217 -0.052285215 0.0028125
v 0.03427785 -0.05244165 0.0028125
v 0.034300455 -0.05257176 0.0065625
v 0.03430641 -0.052597155 0.0028125
v 0.034337865 -0.05275173 0.0028125
v 0.034364775 -0.05287656 0.0065625
v 0.034372185 -0.05290536 0.0028125
v 0.034409385 -0.05305806 0.0028125
v 0.034440525 -0.053178195 0.0065625
v 0.034449465 -0.05320983 0.0028125
v 0.034492425 -0.053360655 0.0028125
v 0.034527885 -0.05347698 0.0065625
v 0.034538265 -0.05351055 0.0028125
v 0.03458706 -0.053659665 0.0028125
v 0.034627755 -0.053774895 0.0065625
v 0.03463908 -0.05380851 0.0028125
v 0.03469428 -0.053957025 0.0028125
v 0.034739775 -0.0540711 0.0065625
v 0.034752585 -0.054105045 0.0028125
v 0.03481392 -0.05425242 0.0028125
v 0.03486327 -0.0543642 0.0065625
v 0.034878195 -0.054398985 0.0028125
v 0.03494535 -0.054544605 0.0028125
v 0.034997565 -0.05465283 0.0065625
v 0.03501528 -0.0546891 0.0028125
v 0.035087925 -0.05483235 0.0028125
v 0.035142 -0.05493558 0.0065625
v 0.03516321 -0.05497416 0.0028125
v 0.035241045 -0.05511441 0.0028125
v 0.035295915 -0.055211085 0.0065625
v 0.035321355 -0.055252935 0.0028125
v 0.035404065 -0.05538957 0.0028125
v 0.03545865 -0.05547792 0.0065625
v 0.035489085 -0.055524165 0.0028125
v 0.035576355 -0.055656585 0.0028125
v 0.035630925 -0.055737075 0.0065625
v 0.03566577 -0.05578665 0.0028125
v 0.0357573 -0.05591424 0.0028125
v 0.035814 -0.055990815 0.0065625
v 0.035851575 -0.056040225 0.0028125
v 0.035948805 -0.056164935 0.0028125
v 0.036007245 -0.05623836 0.0065625
v 0.0360489 -0.05628828 0.0028125
v 0.03615171 -0.056410125 0.0028125
v 0.036209985 -0.05647893 0.0065625
v 0.03625713 -0.05653035 0.0028125
v 0.036365025 -0.05664882 0.0028125
v 0.03642156 -0.056711715 0.0065625
v 0.03647529 -0.056765415 0.0028125
v 0.03658779 -0.05688003 0.0028125
v 0.03664131 -0.056935935 0.0065625
v 0.036702405 -0.05699253 0.0028125
v 0.036819 -0.05710278 0.0028125
v 0.03686856 -0.05715078 0.0065625
v 0.03693747 -0.05721069 0.0028125
v 0.037057695 -0.05731611 0.0028125
v 0.037102995 -0.057355755 0.0065625
v 0.03717954 -0.05741892 0.0028125
v 0.03730287 -0.057519 0.0028125
v 0.037347525 -0.057553155 0.0065625
v 0.037427595 -0.057616245 0.0028125
v 0.03755358 -0.05771052 0.0028125
v 0.037601805 -0.057742935 0.0065625
v 0.03768117 -0.057802035 0.0028125
v 0.037732155 -0.05783469 0.0065625
v 0.037811235 -0.057891465 0.0028125
v 0.03786441 -0.057924195 0.0065625
v 0.037943655 -0.057978735 0.0028125
v 0.037998375 -0.058011345 0.0065625
v 0.03807825 -0.058063755 0.0028125
v 0.038133855 -0.058096005 0.0065625
v 0.038214885 -0.058146465 0.0028125
v 0.0382707 -0.058178085 0.0065625
v 0.03835341 -0.058226775 0.0028125
v 0.038408715 -0.05825745 0.0065625
v 0.038493645 -0.05830461 0.0028125
v 0.03863547 -0.058379895 0.0028125
v 0.038687535 -0.05840763 0.0065625
v 0.03877872 -0.05845254 0.0028125
v 0.038923215 -0.05852247 0.0028125
v 0.03896886 -0.0585456 0.0065625
v 0.039068835 -0.058589625 0.0028125
v 0.0392154 -0.0586539 0.0028125
v 0.03925323 -0.058671525 0.0065625
v 0.039362775 -0.058715235 0.0028125
v 0.039510795 -0.05877354 0.0028125
v 0.03954345 -0.058786875 0.0065625
v 0.03965931 -0.05882874 0.0028125
v 0.039808155 -0.05888076 0.0028125
v 0.03983871 -0.05889144 0.0065625
v 0.039957345 -0.05892957 0.0028125
v 0.040108005 -0.05897553 0.0028125
v 0.04013814 -0.05898495 0.0065625
v 0.040260285 -0.059018715 0.0028125
v 0.040414035 -0.05905911 0.0028125
v 0.04044087 -0.05906715 0.0065625
v 0.040569075 -0.059096685 0.0028125
v 0.04072524 -0.05913141 0.0028125
v 0.040746015 -0.05913777 0.0065625
v 0.040882335 -0.059163255 0.0028125
v 0.041040225 -0.05919219 0.0028125
v 0.041052705 -0.05919654 0.0065625
v 0.0411987 -0.0592182 0.0028125
v 0.041357625 -0.059241255 0.0028125
v 0.04136031 -0.059243235 0.0065625
v 0.041413125 -0.05925036 0.0046875
v 0.0414204 -0.05925129 0.00480189
v 0.041516805 -0.059261325 0.0028125
v 0.04142061 -0.05925132 0.00457293
v 0.04143831 -0.05925354 0.004463235
v 0.041466225 -0.059256975 0.0043584
v 0.04150437 -0.05926152 0.00425844
v 0.041553465 -0.059267085 0.004162485
v 0.041676075 -0.05927838 0.0028125
v 0.04161432 -0.059273595 0.00406956
v 0.041684805 -0.059280555 0.00398232
v 0.04183527 -0.05929239 0.0028125
v 0.04176264 -0.059287545 0.00390357
v 0.041846235 -0.059294235 0.00383556
v 0.04199421 -0.05930334 0.0028125
v 0.04193871 -0.059300655 0.003775965
v 0.04203825 -0.0593064 0.003725265
v 0.04215273 -0.059311185 0.0028125
v 0.042141645 -0.059311095 0.00368493
v 0.04224585 -0.059314545 0.003656445
v 0.04231065 -0.05931591 0.0028125
v 0.042353355 -0.05931672 0.003639525
v 0.04246782 -0.0593175 0.0028125
v 0.042464295 -0.0593175 0.00363357
v 0.04257534 -0.05931681 0.003638715
v 0.042624975 -0.05931591 0.0028125
v 0.042683205 -0.05931471 0.00365502
v 0.04278291 -0.059311185 0.0028125
v 0.042788055 -0.059311335 0.003683175
v 0.04294143 -0.05930334 0.0028125
v 0.042892455 -0.059306655 0.003723285
v 0.04299312 -0.059300895 0.00377391
v 0.04310037 -0.05929239 0.0028125
v 0.04308663 -0.059294445 0.00383358
v 0.04317102 -0.059287725 0.0039018
v 0.04325955 -0.05927838 0.0028125
v 0.04324953 -0.05928069 0.003981
v 0.043320615 -0.05927367 0.004068825
v 0.043418835 -0.059261325 0.0028125
v 0.043381935 -0.059267115 0.00416226
v 0.043431345 -0.059261505 0.0042585
v 0.043578015 -0.059241255 0.0028125
v 0.04346967 -0.059256945 0.00435861
v 0.04349763 -0.059253495 0.004463475
v 0.04351524 -0.05925129 0.00457311
v 0.0435225 -0.05925036 0.0046875
v 0.04357533 -0.059243235 0.0065625
v 0.043736925 -0.0592182 0.0028125
v 0.043515015 -0.05925132 0.00480207
v 0.043263345 -0.05927814 0.0065625
v 0.04349733 -0.05925354 0.004911765
v 0.043469415 -0.059256975 0.0050166
v 0.04343127 -0.05926152 0.00511656
v 0.043382175 -0.059267085 0.005212515
v 0.04332132 -0.059273595 0.00530544
v 0.043250835 -0.059280555 0.00539268
v 0.042946905 -0.059301405 0.0065625
v 0.043173 -0.059287545 0.00547143
v 0.043089405 -0.059294235 0.00553944
v 0.04299693 -0.059300655 0.005599035
v 0.04289739 -0.0593064 0.005649735
v 0.042787575 -0.05930868 0.0065625
v 0.042793995 -0.059311095 0.00569007
v 0.04268979 -0.059314545 0.005718555
v 0.04262781 -0.059313045 0.0065625
v 0.04258227 -0.05931672 0.005735475
v 0.04246782 -0.0593145 0.0065625
v 0.042471345 -0.0593175 0.00574143
v 0.042360285 -0.05931681 0.005736285
v 0.04230783 -0.059313045 0.0065625
v 0.042252435 -0.05931471 0.00571998
v 0.04214805 -0.05930868 0.0065625
v 0.042147585 -0.059311335 0.005691825
v 0.041988735 -0.059301405 0.0065625
v 0.042043185 -0.059306655 0.005651715
v 0.04194252 -0.059300895 0.00560109
v 0.041672295 -0.05927814 0.0065625
v 0.041848995 -0.059294445 0.00554142
v 0.04176462 -0.059287725 0.0054732
v 0.041686095 -0.05928069 0.005394
v 0.041615025 -0.05927367 0.005306175
v 0.041553705 -0.059267115 0.00521274
v 0.041504295 -0.059261505 0.0051165
v 0.04146597 -0.059256945 0.00501639
v 0.04143801 -0.059253495 0.004911525
v 0.043882935 -0.05919654 0.0065625
v 0.043895415 -0.05919219 0.0028125
v 0.04405329 -0.059163255 0.0028125
v 0.044189625 -0.05913777 0.0065625
v 0.0442104 -0.05913141 0.0028125
v 0.044366565 -0.059096685 0.0028125
v 0.04449477 -0.05906715 0.0065625
v 0.044521605 -0.05905911 0.0028125
v 0.044675355 -0.059018715 0.0028125
v 0.0447975 -0.05898495 0.0065625
v 0.044827635 -0.05897553 0.0028125
v 0.044978295 -0.05892957 0.0028125
v 0.04509693 -0.05889144 0.0065625
v 0.04512747 -0.05888076 0.0028125
v 0.04527633 -0.05882874 0.0028125
v 0.04539219 -0.058786875 0.0065625
v 0.045424845 -0.05877354 0.0028125
v 0.045572865 -0.058715235 0.0028125
v 0.04568241 -0.058671525 0.0065625
v 0.04572024 -0.0586539 0.0028125
v 0.045866805 -0.058589625 0.0028125
v 0.04596678 -0.0585456 0.0065625
v 0.046012425 -0.05852247 0.0028125
v 0.04615692 -0.05845254 0.0028125
v 0.046248105 -0.05840763 0.0065625
v 0.04630017 -0.058379895 0.0028125
v 0.04644198 -0.05830461 0.0028125
v 0.04652691 -0.05825745 0.0065625
v 0.04658223 -0.058226775 0.0028125
v 0.04666494 -0.058178085 0.0065625
v 0.046720755 -0.058146465 0.0028125
v 0.04680177 -0.058096005 0.0065625
v 0.04685739 -0.058063755 0.0028125
v 0.046937265 -0.058011345 0.0065625
v 0.046991985 -0.057978735 0.0028125
v 0.04707123 -0.057924195 0.0065625
v 0.047124405 -0.057891465 0.0028125
v 0.047203485 -0.05783469 0.0065625
v 0.04725447 -0.057802035 0.0028125
v 0.047333835 -0.057742935 0.0065625
v 0.04738206 -0.05771052 0.0028125
v 0.04750803 -0.057616245 0.0028125
v 0.047588115 -0.057553155 0.0065625
v 0.047632755 -0.057519 0.0028125
v 0.0477561 -0.05741892 0.0028125
v 0.047832645 -0.057355755 0.0065625
v 0.047877945 -0.05731611 0.0028125
v 0.04799817 -0.05721069 0.0028125
v 0.04806708 -0.05715078 0.0065625
v 0.04811664 -0.05710278 0.0028125
v 0.048233235 -0.05699253 0.0028125
v 0.04829433 -0.056935935 0.0065625
v 0.04834785 -0.05688003 0.0028125
v 0.04846035 -0.056765415 0.0028125
v 0.04851408 -0.056711715 0.0065625
v 0.0485706 -0.05664882 0.0028125
v 0.04867851 -0.05653035 0.0028125
v 0.048725655 -0.05647893 0.0065625
v 0.04878393 -0.056410125 0.0028125
v 0.04888674 -0.05628828 0.0028125
v 0.048928395 -0.05623836 0.0065625
v 0.04898682 -0.056164935 0.0028125
v 0.049084065 -0.056040225 0.0028125
v 0.04912164 -0.055990815 0.0065625
v 0.049178325 -0.05591424 0.0028125
v 0.049269855 -0.05578665 0.0028125
v 0.049304715 -0.055737075 0.0065625
v 0.049359285 -0.055656585 0.0028125
v 0.049446555 -0.055524165 0.0028125
v 0.049476975 -0.05547792 0.0065625
v 0.049531575 -0.05538957 0.0028125
v 0.049614285 -0.055252935 0.0028125
v 0.04963971 -0.055211085 0.0065625
v 0.049694595 -0.05511441 0.0028125
v 0.04977243 -0.05497416 0.0028125
v 0.04979364 -0.05493558 0.0065625
v 0.0498477 -0.05483235 0.0028125
v 0.04992036 -0.0546891 0.0028125
v 0.049938075 -0.05465283 0.0065625
v 0.04999029 -0.054544605 0.0028125
v 0.050057445 -0.054398985 0.0028125
v 0.05007237 -0.0543642 0.0065625
v 0.05012172 -0.05425242 0.0028125
v 0.050183055 -0.054105045 0.0028125
v 0.050195865 -0.0540711 0.0065625
v 0.05024136 -0.053957025 0.0028125
v 0.05029656 -0.05380851 0.0028125
v 0.05030787 -0.053774895 0.0065625
v 0.05034858 -0.053659665 0.0028125
v 0.050397375 -0.05351055 0.0028125
v 0.050407755 -0.05347698 0.0065625
v 0.050443215 -0.053360655 0.0028125
v 0.050486175 -0.05320983 0.0028125
v 0.0504951 -0.053178195 0.0065625
v 0.050526255 -0.05305806 0.0028125
v 0.050563455 -0.05290536 0.0028125
v 0.050570865 -0.05287656 0.0065625
v 0.050597775 -0.05275173 0.0028125
v 0.050629215 -0.052597155 0.0028125
v 0.050635185 -0.05257176 0.0065625
v 0.05065779 -0.05244165 0.0028125
v 0.05068347 -0.052285215 0.0028125
v 0.050688075 -0.052263765 0.0065625
v 0.050706285 -0.052127835 0.0028125
v 0.050726205 -0.051969525 0.0028125
v 0.050729535 -0.05195259 0.0065625
v 0.05074326 -0.05181027 0.0028125
v 0.05075742 -0.051650085 0.0028125
v 0.05075955 -0.051638235 0.0065625
v 0.050768715 -0.05148897 0.0028125
v 0.05077713 -0.05132691 0.0028125
v 0.050782665 -0.05116392 0.0028125
v 0.04340532 -0.045 0.00420432
v 0.04340532 -0.045 0.0028125
v 0.04340211 -0.04505829 0.0028125
v 0.04339725 -0.044889225 0.0065625
v 0.04340253 -0.045072255 0.004193025
v 0.043431345 -0.059261505 0.0042585
v 0.0433962 -0.04511502 0.0028125
v 0.04339425 -0.045143655 0.00417651
v 0.04338762 -0.045170205 0.0028125
v 0.043380615 -0.04521381 0.004154805
v 0.043376355 -0.045223845 0.0028125
v 0.04336239 -0.045275925 0.0028125
v 0.043361805 -0.045282315 0.004127895
v 0.043345755 -0.04532646 0.0028125
v 0.04333824 -0.045348255 0.004094085
v 0.043326435 -0.045375435 0.0028125
v 0.043310175 -0.04541151 0.004053945
v 0.043304415 -0.045422865 0.0028125
v 0.04327971 -0.04546875 0.0028125
v 0.04327734 -0.045472845 0.00401085
v 0.043251825 -0.045513585 0.0028125
v 0.04323915 -0.045532875 0.00396819
v 0.04322049 -0.045557625 0.0028125
v 0.04319571 -0.045590835 0.00392529
v 0.043186095 -0.045600495 0.0028125
v 0.043149015 -0.04564182 0.0028125
v 0.04314735 -0.04564587 0.003880875
v 0.043109625 -0.045681195 0.0028125
v 0.043093455 -0.045698205 0.003837375
v 0.043068315 -0.045718275 0.0028125
v 0.04303326 -0.04574778 0.00379719
v 0.043025445 -0.045752685 0.0028125
v 0.042981405 -0.045784005 0.0028125
v 0.04296648 -0.045793875 0.00375927
v 0.04293657 -0.045811905 0.0028125
v 0.04289364 -0.045835215 0.00372288
v 0.042889995 -0.045836775 0.0028125
v 0.04284084 -0.04585926 0.0028125
v 0.04281522 -0.04587075 0.003690945
v 0.04278963 -0.04587918 0.0028125
v 0.042736845 -0.04589643 0.0028125
v 0.042731865 -0.04589955 0.003666405
v 0.04268304 -0.045910845 0.0028125
v 0.04264329 -0.045920925 0.003649155
v 0.042628725 -0.04592229 0.0028125
v 0.042574395 -0.045930645 0.0028125
v 0.042550305 -0.04593387 0.00363795
v 0.04252059 -0.04593576 0.0028125
v 0.04246782 -0.0459375 0.0028125
v 0.042455505 -0.045937425 0.0036339
v 0.04241505 -0.04593576 0.0028125
v 0.04236165 -0.04593147 0.003638175
v 0.042361245 -0.045930645 0.0028125
v 0.042306915 -0.04592229 0.0028125
v 0.042269565 -0.04591629 0.003651915
v 0.0422526 -0.045910845 0.0028125
v 0.04219878 -0.04589643 0.0028125
v 0.042179385 -0.045892035 0.00367425
v 0.04214601 -0.04587918 0.0028125
v 0.042094785 -0.04585926 0.0028125
v 0.04209276 -0.0458592 0.0037032
v 0.042045645 -0.045836775 0.0028125
v 0.04201113 -0.045818745 0.003736815
v 0.04199907 -0.045811905 0.0028125
v 0.041954235 -0.045784005 0.0028125
v 0.041935065 -0.04577142 0.003776625
v 0.041910195 -0.045752685 0.0028125
v 0.041867325 -0.045718275 0.0028125
v 0.04186479 -0.04571781 0.003822975
v 0.041826 -0.045681195 0.0028125
v 0.041800875 -0.04565886 0.00387219
v 0.04178661 -0.04564182 0.0028125
v 0.04174953 -0.045600495 0.0028125
v 0.041743785 -0.045595545 0.003920595
v 0.041715135 -0.045557625 0.0028125
v 0.041693955 -0.045529185 0.00396999
v 0.041683815 -0.045513585 0.0028125
v 0.041655915 -0.04546875 0.0028125
v 0.041651145 -0.045460365 0.00402141
v 0.041631225 -0.045422865 0.0028125
v 0.041614815 -0.045388965 0.00407001
v 0.041609205 -0.045375435 0.0028125
v 0.041589885 -0.04532646 0.0028125
v 0.04158468 -0.045314595 0.00411093
v 0.041573235 -0.045275925 0.0028125
v 0.041560935 -0.045237645 0.004143375
v 0.041559285 -0.045223845 0.0028125
v 0.04154802 -0.045170205 0.0028125
v 0.041543925 -0.04515918 0.004169745
v 0.041539425 -0.04511502 0.0028125
v 0.04153371 -0.04507977 0.00419007
v 0.041553465 -0.059267085 0.004162485
v 0.04153353 -0.04505829 0.0028125
v 0.04153032 -0.045 0.0028125
v 0.04153032 -0.045 0.00420432
v 0.04153353 -0.04494171 0.0028125
v 0.04150437 -0.05926152 0.00425844
v 0.041489655 -0.045 0.00429141
v 0.041466225 -0.059256975 0.0043584
v 0.0414576 -0.045 0.00438327
v 0.04143831 -0.05925354 0.004463235
v 0.041434155 -0.045 0.004479915
v 0.04142061 -0.05925132 0.00457293
v 0.041419335 -0.045 0.004581315
v 0.041413125 -0.045 0.0046875
v 0.041413125 -0.05925036 0.0046875
v 0.041419335 -0.045 0.004793685
v 0.0414204 -0.05925129 0.00480189
v 0.041434155 -0.045 0.004895085
v 0.04143801 -0.059253495 0.004911525
v 0.0414576 -0.045 0.00499173
v 0.04146597 -0.059256945 0.00501639
v 0.041489655 -0.045 0.00508359
v 0.041504295 -0.059261505 0.0051165
v 0.04153032 -0.045 0.00517068
v 0.04153269 -0.045066525 0.00517935
v 0.041539695 -0.04513224 0.00519306
v 0.04153839 -0.045110775 0.0065625
v 0.04153032 -0.045 0.0065625
v 0.041556885 -0.045216165 0.0065625
v 0.041551215 -0.04519683 0.00521178
v 0.041567085 -0.04525998 0.0052356
v 0.041585805 -0.045316185 0.0065625
v 0.041586945 -0.04532088 0.00526608
v 0.041625135 -0.045410835 0.0065625
v 0.04161069 -0.045379785 0.00530178
v 0.04163859 -0.045437355 0.005339835
v 0.04167615 -0.045501495 0.0065625
v 0.041671005 -0.045493965 0.005377875
v 0.041707455 -0.0455484 0.005417865
v 0.04173843 -0.04558773 0.0065625
v 0.041748225 -0.045600915 0.00545901
v 0.041809455 -0.04566672 0.0065625
v 0.041794125 -0.04565196 0.005499555
v 0.04184592 -0.045701535 0.005538645
v 0.04188666 -0.04573563 0.0065625
v 0.041903235 -0.04574844 0.00557814
v 0.04197132 -0.045794775 0.0065625
v 0.041966085 -0.04579194 0.00561591
v 0.042034515 -0.04583136 0.005649435
v 0.042064155 -0.045845295 0.0065625
v 0.0421086 -0.04586595 0.00567816
v 0.04216176 -0.04588566 0.0065625
v 0.04218813 -0.04589481 0.005703765
v 0.042260745 -0.04591434 0.0065625
v 0.04227201 -0.04591683 0.00572403
v 0.0423624 -0.045931095 0.0065625
v 0.042358995 -0.04593117 0.005736555
v 0.042449025 -0.045937305 0.00574089
v 0.04246782 -0.04593669 0.0065625
v 0.04254129 -0.04593462 0.00573813
v 0.04257324 -0.045931095 0.0065625
v 0.042633195 -0.0459228 0.00572826
v 0.042674895 -0.04591434 0.0065625
v 0.04272225 -0.04590231 0.005711205
v 0.04277388 -0.04588566 0.0065625
v 0.04280847 -0.04587342 0.005685435
v 0.042871485 -0.045845295 0.0065625
v 0.04289106 -0.04583652 0.00565236
v 0.04296432 -0.045794775 0.0065625
v 0.042968355 -0.04579269 0.00561477
v 0.04304898 -0.04573563 0.0065625
v 0.043039095 -0.04574334 0.00557478
v 0.04310325 -0.045689295 0.005529675
v 0.043126185 -0.04566672 0.0065625
v 0.04316103 -0.04563117 0.00548142
v 0.043197195 -0.04558773 0.0065625
v 0.04321254 -0.04556946 0.00543339
v 0.04325949 -0.045501495 0.0065625
v 0.04325775 -0.0455049 0.00538728
v 0.043296345 -0.04543869 0.005339775
v 0.043310505 -0.045410835 0.0065625
v 0.043328955 -0.04537059 0.005294385
v 0.043349835 -0.045316185 0.0065625
v 0.043356015 -0.045300015 0.0052554
v 0.043378755 -0.045216165 0.0065625
v 0.043377465 -0.0452268 0.00522498
v 0.0433929 -0.04515204 0.00520077
v 0.04339725 -0.045110775 0.0065625
v 0.043402215 -0.045076275 0.005182665
v 0.043382175 -0.059267085 0.005212515
v 0.04340532 -0.045 0.0065625
v 0.04340532 -0.045 0.00517068
v 0.04343127 -0.05926152 0.00511656
v 0.043445985 -0.045 0.00508359
v 0.043469415 -0.059256975 0.0050166
v 0.04347804 -0.045 0.00499173
v 0.04349733 -0.05925354 0.004911765
v 0.043501485 -0.045 0.004895085
v 0.043515015 -0.05925132 0.00480207
v 0.043516305 -0.045 0.004793685
v 0.0435225 -0.045 0.0046875
v 0.0435225 -0.05925036 0.0046875
v 0.043516305 -0.045 0.004581315
v 0.04351524 -0.05925129 0.00457311
v 0.043501485 -0.045 0.004479915
v 0.04349763 -0.059253495 0.004463475
v 0.04347804 -0.045 0.00438327
v 0.04346967 -0.059256945 0.00435861
v 0.043445985 -0.045 0.00429141
v 0.04332132 -0.059273595 0.00530544
v 0.043250835 -0.059280555 0.00539268
v 0.043173 -0.059287545 0.00547143
v 0.043089405 -0.059294235 0.00553944
v 0.04299693 -0.059300655 0.005599035
v 0.04289739 -0.0593064 0.005649735
v 0.04293657 -0.051 0.00563229
v 0.04293132 -0.050930085 0.00563781
v 0.04293132 -0.05106996 0.005637825
v 0.042915735 -0.05113821 0.005645445
v 0.042890235 -0.05120322 0.005655195
v 0.042793995 -0.059311095 0.00569007
v 0.04285548 -0.051263535 0.00566751
v 0.04281246 -0.05131773 0.005683815
v 0.042761925 -0.05136501 0.00570099
v 0.04268979 -0.059314545 0.005718555
v 0.04270452 -0.051404595 0.005715285
v 0.042641085 -0.051435555 0.005726535
v 0.04258227 -0.05931672 0.005735475
v 0.042573195 -0.05145675 0.00573585
v 0.042471345 -0.0593175 0.00574143
v 0.042502875 -0.05146743 0.005741385
v 0.04243224 -0.0514674 0.005741445
v 0.042360285 -0.05931681 0.005736285
v 0.042362805 -0.05145684 0.005736045
v 0.0422958 -0.05143605 0.00572685
v 0.042252435 -0.05931471 0.00571998
v 0.042232425 -0.05140536 0.005715585
v 0.042147585 -0.059311335 0.005691825
v 0.04217391 -0.05136516 0.00570102
v 0.04212192 -0.05131635 0.00568341
v 0.042043185 -0.059306655 0.005651715
v 0.042078135 -0.051260535 0.00566676
v 0.042043695 -0.05119962 0.00565437
v 0.0420189 -0.051134925 0.00564474
v 0.04194252 -0.059300895 0.00560109
v 0.042004005 -0.05106789 0.00563739
v 0.04199907 -0.051 0.00563229
v 0.04200414 -0.05093127 0.005637555
v 0.04201929 -0.050863785 0.00564501
v 0.042044325 -0.05079906 0.00565467
v 0.042078765 -0.05073852 0.005667
v 0.04212198 -0.050683575 0.00568344
v 0.04217307 -0.050635515 0.00570081
v 0.042230925 -0.05059551 0.00571524
v 0.04229433 -0.050564535 0.00572655
v 0.04236189 -0.05054337 0.00573588
v 0.042431955 -0.05053263 0.005741415
v 0.042502905 -0.05053257 0.005741415
v 0.042573315 -0.05054328 0.00573585
v 0.042641205 -0.05056449 0.00572652
v 0.042704655 -0.05059548 0.005715255
v 0.042762045 -0.050635095 0.00570096
v 0.042812565 -0.05068239 0.005683785
v 0.042855555 -0.050736585 0.00566748
v 0.04289028 -0.0507969 0.005655165
v 0.042915765 -0.050861895 0.00564543
v 0.041848995 -0.059294445 0.00554142
v 0.04176462 -0.059287725 0.0054732
v 0.041686095 -0.05928069 0.005394
v 0.041615025 -0.05927367 0.005306175
v 0.041553705 -0.059267115 0.00521274
v 0.04153839 -0.044889225 0.0065625
v 0.041539425 -0.04488498 0.0028125
v 0.04154802 -0.044829795 0.0028125
v 0.041556885 -0.044783835 0.0065625
v 0.041559285 -0.044776155 0.0028125
v 0.041573235 -0.044724075 0.0028125
v 0.041585805 -0.044683815 0.0065625
v 0.041589885 -0.04467354 0.0028125
v 0.041609205 -0.044624565 0.0028125
v 0.041625135 -0.044589165 0.0065625
v 0.041631225 -0.044577135 0.0028125
v 0.041655915 -0.04453125 0.0028125
v 0.04167615 -0.044498505 0.0065625
v 0.041683815 -0.044486415 0.0028125
v 0.041715135 -0.044442375 0.0028125
v 0.04173843 -0.04441227 0.0065625
v 0.04174953 -0.044399505 0.0028125
v 0.04178661 -0.04435818 0.0028125
v 0.041809455 -0.04433328 0.0065625
v 0.041826 -0.044318805 0.0028125
v 0.041867325 -0.044281725 0.0028125
v 0.04188666 -0.04426437 0.0065625
v 0.041910195 -0.044247315 0.0028125
v 0.041954235 -0.044215995 0.0028125
v 0.04197132 -0.044205225 0.0065625
v 0.04199907 -0.044188095 0.0028125
v 0.042045645 -0.044163225 0.0028125
v 0.042064155 -0.044154705 0.0065625
v 0.042094785 -0.04414074 0.0028125
v 0.04214601 -0.04412082 0.0028125
v 0.04216176 -0.04411434 0.0065625
v 0.04219878 -0.04410357 0.0028125
v 0.0422526 -0.044089155 0.0028125
v 0.042260745 -0.04408566 0.0065625
v 0.042306915 -0.04407771 0.0028125
v 0.042361245 -0.044069355 0.0028125
v 0.0423624 -0.044068905 0.0065625
v 0.04241505 -0.04406424 0.0028125
v 0.04246782 -0.0440625 0.0028125
v 0.04246782 -0.04406331 0.0065625
v 0.04252059 -0.04406424 0.0028125
v 0.04257324 -0.044068905 0.0065625
v 0.042574395 -0.044069355 0.0028125
v 0.042628725 -0.04407771 0.0028125
v 0.042674895 -0.04408566 0.0065625
v 0.04268304 -0.044089155 0.0028125
v 0.042736845 -0.04410357 0.0028125
v 0.04277388 -0.04411434 0.0065625
v 0.04278963 -0.04412082 0.0028125
v 0.04284084 -0.04414074 0.0028125
v 0.042871485 -0.044154705 0.0065625
v 0.042889995 -0.044163225 0.0028125
v 0.04293657 -0.044188095 0.0028125
v 0.04296432 -0.044205225 0.0065625
v 0.042981405 -0.044215995 0.0028125
v 0.043025445 -0.044247315 0.0028125
v 0.04304898 -0.04426437 0.0065625
v 0.043068315 -0.044281725 0.0028125
v 0.043109625 -0.044318805 0.0028125
v 0.043126185 -0.04433328 0.0065625
v 0.043149015 -0.04435818 0.0028125
v 0.043186095 -0.044399505 0.0028125
v 0.043197195 -0.04441227 0.0065625
v 0.04322049 -0.044442375 0.0028125
v 0.043251825 -0.044486415 0.0028125
v 0.04325949 -0.044498505 0.0065625
v 0.04327971 -0.04453125 0.0028125
v 0.043304415 -0.044577135 0.0028125
v 0.043310505 -0.044589165 0.0065625
v 0.043326435 -0.044624565 0.0028125
v 0.043345755 -0.04467354 0.0028125
v 0.043349835 -0.044683815 0.0065625
v 0.04336239 -0.044724075 0.0028125
v 0.043376355 -0.044776155 0.0028125
v 0.043378755 -0.044783835 0.0065625
v 0.04338762 -0.044829795 0.0028125
v 0.0433962 -0.04488498 0.0028125
v 0.04340211 -0.04494171 0.0028125
v 0.04161432 -0.059273595 0.00406956
v 0.041684805 -0.059280555 0.00398232
v 0.04176264 -0.059287545 0.00390357
v 0.041846235 -0.059294235 0.00383556
v 0.04193871 -0.059300655 0.003775965
v 0.04199907 -0.051 0.00374271
v 0.04200426 -0.05093046 0.00373728
v 0.04203825 -0.0593064 0.003725265
v 0.04200432 -0.05106993 0.00373719
v 0.04201989 -0.051138135 0.00372957
v 0.04204536 -0.0512031 0.003719835
v 0.042141645 -0.059311095 0.00368493
v 0.042080055 -0.05126337 0.00370752
v 0.04212297 -0.05131749 0.003691245
v 0.042173385 -0.05136474 0.0036741
v 0.04224585 -0.059314545 0.003656445
v 0.042230715 -0.051404355 0.003659805
v 0.04229412 -0.051435375 0.003648525
v 0.042353355 -0.05931672 0.003639525
v 0.04236201 -0.05145666 0.003639165
v 0.042464295 -0.0593175 0.00363357
v 0.042432465 -0.051467415 0.0036336
v 0.04250355 -0.051467385 0.0036336
v 0.04257534 -0.05931681 0.003638715
v 0.04257396 -0.051456585 0.00363918
v 0.042641745 -0.051435285 0.003648555
v 0.042683205 -0.05931471 0.00365502
v 0.04270506 -0.05140428 0.00365985
v 0.042788055 -0.059311335 0.003683175
v 0.0427623 -0.05136471 0.003674115
v 0.042812625 -0.05131755 0.003691245
v 0.042892455 -0.059306655 0.003723285
v 0.042855495 -0.05126349 0.00370749
v 0.042890205 -0.051203265 0.00371979
v 0.042915705 -0.051138285 0.003729525
v 0.04299312 -0.059300895 0.00377391
v 0.042931305 -0.051070035 0.003737175
v 0.04293657 -0.051 0.00374271
v 0.042931005 -0.05092797 0.00373674
v 0.04291458 -0.050858115 0.00372873
v 0.042887895 -0.05079201 0.00371868
v 0.042851805 -0.050731155 0.003706125
v 0.042807465 -0.050676945 0.00368964
v 0.04275579 -0.05063013 0.003672375
v 0.042697605 -0.05059143 0.003658155
v 0.04263402 -0.0505617 0.00364722
v 0.042566625 -0.05054178 0.00363843
v 0.042496965 -0.05053215 0.003633405
v 0.042426615 -0.050533065 0.00363378
v 0.042356955 -0.050544555 0.00363963
v 0.04228995 -0.050566305 0.0036492
v 0.042227415 -0.050597595 0.00366057
v 0.042170925 -0.050637255 0.003674835
v 0.042121275 -0.050684355 0.00369183
v 0.04207899 -0.050738205 0.003707925
v 0.042044775 -0.050798115 0.00372012
v 0.042019635 -0.050862675 0.00372975
v 0.04308663 -0.059294445 0.00383358
v 0.04317102 -0.059287725 0.0039018
v 0.04324953 -0.05928069 0.003981
v 0.043320615 -0.05927367 0.004068825
v 0.043381935 -0.059267115 0.00416226
v 0.04293657 -0.051 0.00374271
v 0.04293657 -0.051 0.0028125
v 0.04293306 -0.05104227 0.0028125
v 0.042931005 -0.05092797 0.00373674
v 0.042931305 -0.051070035 0.003737175
v 0.04292706 -0.05108271 0.0028125
v 0.04291854 -0.051121335 0.0028125
v 0.042915705 -0.051138285 0.003729525
v 0.042907515 -0.05115813 0.0028125
v 0.04289397 -0.05119311 0.0028125
v 0.042890205 -0.051203265 0.00371979
v 0.042877935 -0.05122626 0.0028125
v 0.04285938 -0.051257595 0.0028125
v 0.042855495 -0.05126349 0.00370749
v 0.0428382 -0.05128719 0.0028125
v 0.04281351 -0.051315705 0.0028125
v 0.042812625 -0.05131755 0.003691245
v 0.042785625 -0.051342885 0.0028125
v 0.0427623 -0.05136471 0.003674115
v 0.042755145 -0.05136831 0.0028125
v 0.0427227 -0.05139153 0.0028125
v 0.04270506 -0.05140428 0.00365985
v 0.042688875 -0.051412095 0.0028125
v 0.0426543 -0.051429555 0.0028125
v 0.042641745 -0.051435285 0.003648555
v 0.042619575 -0.05144349 0.0028125
v 0.042584235 -0.051453825 0.0028125
v 0.04257396 -0.051456585 0.00363918
v 0.04254669 -0.051461205 0.0028125
v 0.04250763 -0.051465615 0.0028125
v 0.04250355 -0.051467385 0.0036336
v 0.04246782 -0.051467085 0.0028125
v 0.042432465 -0.051467415 0.0036336
v 0.04242801 -0.051465615 0.0028125
v 0.04238895 -0.051461205 0.0028125
v 0.04236201 -0.05145666 0.003639165
v 0.042351405 -0.051453825 0.0028125
v 0.042316065 -0.05144349 0.0028125
v 0.04229412 -0.051435375 0.003648525
v 0.04228134 -0.051429555 0.0028125
v 0.042246765 -0.051412095 0.0028125
v 0.042230715 -0.051404355 0.003659805
v 0.04221294 -0.05139153 0.0028125
v 0.042180495 -0.05136831 0.0028125
v 0.042173385 -0.05136474 0.0036741
v 0.042150015 -0.051342885 0.0028125
v 0.04212297 -0.05131749 0.003691245
v 0.042122115 -0.051315705 0.0028125
v 0.04209744 -0.05128719 0.0028125
v 0.042080055 -0.05126337 0.00370752
v 0.04207626 -0.051257595 0.0028125
v 0.042057705 -0.05122626 0.0028125
v 0.04204536 -0.0512031 0.003719835
v 0.04204167 -0.05119311 0.0028125
v 0.042028125 -0.05115813 0.0028125
v 0.04201989 -0.051138135 0.00372957
v 0.0420171 -0.051121335 0.0028125
v 0.04200858 -0.05108271 0.0028125
v 0.04200432 -0.05106993 0.00373719
v 0.042002565 -0.05104227 0.0028125
v 0.04199907 -0.051 0.0028125
v 0.04199907 -0.051 0.00374271
v 0.042002565 -0.05095773 0.0028125
v 0.04200426 -0.05093046 0.00373728
v 0.04200858 -0.05091729 0.0028125
v 0.0420171 -0.050878665 0.0028125
v 0.042019635 -0.050862675 0.00372975
v 0.042028125 -0.05084187 0.0028125
v 0.04204167 -0.05080689 0.0028125
v 0.042044775 -0.050798115 0.00372012
v 0.042057705 -0.05077374 0.0028125
v 0.04207626 -0.050742405 0.0028125
v 0.04207899 -0.050738205 0.003707925
v 0.04209744 -0.05071281 0.0028125
v 0.042121275 -0.050684355 0.00369183
v 0.042122115 -0.050684295 0.0028125
v 0.042150015 -0.050657115 0.0028125
v 0.042170925 -0.050637255 0.003674835
v 0.042180495 -0.05063169 0.0028125
v 0.04221294 -0.05060847 0.0028125
v 0.042227415 -0.050597595 0.00366057
v 0.042246765 -0.050587905 0.0028125
v 0.04228134 -0.050570445 0.0028125
v 0.04228995 -0.050566305 0.0036492
v 0.042316065 -0.05055651 0.0028125
v 0.042351405 -0.050546175 0.0028125
v 0.042356955 -0.050544555 0.00363963
v 0.04238895 -0.05053881 0.0028125
v 0.042426615 -0.050533065 0.00363378
v 0.04242801 -0.050534385 0.0028125
v 0.04246782 -0.0505329 0.0028125
v 0.042496965 -0.05053215 0.003633405
v 0.04250763 -0.050534385 0.0028125
v 0.04254669 -0.05053881 0.0028125
v 0.042566625 -0.05054178 0.00363843
v 0.042584235 -0.050546175 0.0028125
v 0.042619575 -0.05055651 0.0028125
v 0.04263402 -0.0505617 0.00364722
v 0.0426543 -0.050570445 0.0028125
v 0.042688875 -0.050587905 0.0028125
v 0.042697605 -0.05059143 0.003658155
v 0.0427227 -0.05060847 0.0028125
v 0.042755145 -0.05063169 0.0028125
v 0.04275579 -0.05063013 0.003672375
v 0.042785625 -0.050657115 0.0028125
v 0.042807465 -0.050676945 0.00368964
v 0.04281351 -0.050684295 0.0028125
v 0.0428382 -0.05071281 0.0028125
v 0.042851805 -0.050731155 0.003706125
v 0.04285938 -0.050742405 0.0028125
v 0.042877935 -0.05077374 0.0028125
v 0.042887895 -0.05079201 0.00371868
v 0.04289397 -0.05080689 0.0028125
v 0.042907515 -0.05084187 0.0028125
v 0.04291458 -0.050858115 0.00372873
v 0.04291854 -0.050878665 0.0028125
v 0.04292706 -0.05091729 0.0028125
v 0.04293306 -0.05095773 0.0028125
v 0.04293657 -0.051 0.0065625
v 0.05078532 -0.051 0.0065625
v 0.05077815 -0.050679285 0.0065625
v 0.04293255 -0.05104314 0.0065625
v 0.04293255 -0.05095686 0.0065625
v 0.04292607 -0.05091567 0.0065625
v 0.04291713 -0.0508764 0.0065625
v 0.04290573 -0.050839065 0.0065625
v 0.04289187 -0.05080368 0.0065625
v 0.042875535 -0.050770215 0.0065625
v 0.04285674 -0.0507387 0.0065625
v 0.042835365 -0.050709045 0.0065625
v 0.04281048 -0.050680695 0.0065625
v 0.042782415 -0.05065386 0.0065625
v 0.05075955 -0.05036175 0.0065625
v 0.0427518 -0.0506289 0.0065625
v 0.04271928 -0.050606205 0.0065625
v 0.04268547 -0.050586165 0.0065625
v 0.04265103 -0.05056914 0.0065625
v 0.042616575 -0.050555535 0.0065625
v 0.0425817 -0.050545365 0.0065625
v 0.04250667 -0.05053377 0.0065625
v 0.042428955 -0.05053377 0.0065625
v 0.03415749 -0.050679285 0.0065625
v 0.034176075 -0.05036175 0.0065625
v 0.04235394 -0.050545365 0.0065625
v 0.042319065 -0.050555535 0.0065625
v 0.04228461 -0.05056914 0.0065625
v 0.04225017 -0.050586165 0.0065625
v 0.04221636 -0.050606205 0.0065625
v 0.04218384 -0.0506289 0.0065625
v 0.042153225 -0.05065386 0.0065625
v 0.04212516 -0.050680695 0.0065625
v 0.03415032 -0.051 0.0065625
v 0.042100275 -0.050709045 0.0065625
v 0.042078885 -0.0507387 0.0065625
v 0.042060105 -0.050770215 0.0065625
v 0.04204377 -0.05080368 0.0065625
v 0.04202991 -0.050839065 0.0065625
v 0.042018495 -0.0508764 0.0065625
v 0.042009555 -0.05091567 0.0065625
v 0.042003075 -0.05095686 0.0065625
v 0.04199907 -0.051 0.0065625
v 0.03415749 -0.051320715 0.0065625
v 0.042003075 -0.05104314 0.0065625
v 0.042009555 -0.05108433 0.0065625
v 0.042018495 -0.0511236 0.0065625
v 0.04202991 -0.05116092 0.0065625
v 0.04204377 -0.05119632 0.0065625
v 0.042060105 -0.05122977 0.0065625
v 0.042078885 -0.0512613 0.0065625
v 0.042100275 -0.051290955 0.0065625
v 0.04212516 -0.051319305 0.0065625
v 0.042153225 -0.05134614 0.0065625
v 0.034176075 -0.051638235 0.0065625
v 0.04218384 -0.0513711 0.0065625
v 0.04221636 -0.051393795 0.0065625
v 0.04225017 -0.051413835 0.0065625
v 0.04228461 -0.05143086 0.0065625
v 0.042319065 -0.051444465 0.0065625
v 0.04235394 -0.051454635 0.0065625
v 0.042428955 -0.05146623 0.0065625
v 0.04250667 -0.05146623 0.0065625
v 0.05077815 -0.051320715 0.0065625
v 0.05075955 -0.051638235 0.0065625
v 0.0425817 -0.051454635 0.0065625
v 0.042616575 -0.051444465 0.0065625
v 0.04265103 -0.05143086 0.0065625
v 0.04268547 -0.051413835 0.0065625
v 0.04271928 -0.051393795 0.0065625
v 0.0427518 -0.0513711 0.0065625
v 0.042782415 -0.05134614 0.0065625
v 0.04281048 -0.051319305 0.0065625
v 0.042835365 -0.051290955 0.0065625
v 0.04285674 -0.0512613 0.0065625
v 0.042875535 -0.05122977 0.0065625
v 0.04289187 -0.05119632 0.0065625
v 0.04290573 -0.05116092 0.0065625
v 0.04291713 -0.0511236 0.0065625
v 0.04292607 -0.05108433 0.0065625
v 0.034206105 -0.05195259 0.0065625
v 0.050729535 -0.05195259 0.0065625
v 0.034247565 -0.052263765 0.0065625
v 0.050688075 -0.052263765 0.0065625
v 0.034300455 -0.05257176 0.0065625
v 0.050635185 -0.05257176 0.0065625
v 0.034364775 -0.05287656 0.0065625
v 0.050570865 -0.05287656 0.0065625
v 0.034440525 -0.053178195 0.0065625
v 0.0504951 -0.053178195 0.0065625
v 0.034527885 -0.05347698 0.0065625
v 0.050407755 -0.05347698 0.0065625
v 0.034627755 -0.053774895 0.0065625
v 0.05030787 -0.053774895 0.0065625
v 0.034739775 -0.0540711 0.0065625
v 0.050195865 -0.0540711 0.0065625
v 0.03486327 -0.0543642 0.0065625
v 0.05007237 -0.0543642 0.0065625
v 0.034997565 -0.05465283 0.0065625
v 0.049938075 -0.05465283 0.0065625
v 0.035142 -0.05493558 0.0065625
v 0.04979364 -0.05493558 0.0065625
v 0.035295915 -0.055211085 0.0065625
v 0.04963971 -0.055211085 0.0065625
v 0.03545865 -0.05547792 0.0065625
v 0.049476975 -0.05547792 0.0065625
v 0.035630925 -0.055737075 0.0065625
v 0.049304715 -0.055737075 0.0065625
v 0.035814 -0.055990815 0.0065625
v 0.04912164 -0.055990815 0.0065625
v 0.036007245 -0.05623836 0.0065625
v 0.048928395 -0.05623836 0.0065625
v 0.036209985 -0.05647893 0.0065625
v 0.048725655 -0.05647893 0.0065625
v 0.03642156 -0.056711715 0.0065625
v 0.04851408 -0.056711715 0.0065625
v 0.03664131 -0.056935935 0.0065625
v 0.04829433 -0.056935935 0.0065625
v 0.03686856 -0.05715078 0.0065625
v 0.04806708 -0.05715078 0.0065625
v 0.037102995 -0.057355755 0.0065625
v 0.047832645 -0.057355755 0.0065625
v 0.037347525 -0.057553155 0.0065625
v 0.047588115 -0.057553155 0.0065625
v 0.037601805 -0.057742935 0.0065625
v 0.047333835 -0.057742935 0.0065625
v 0.037732155 -0.05783469 0.0065625
v 0.047203485 -0.05783469 0.0065625
v 0.03786441 -0.057924195 0.0065625
v 0.04707123 -0.057924195 0.0065625
v 0.037998375 -0.058011345 0.0065625
v 0.046937265 -0.058011345 0.0065625
v 0.038133855 -0.058096005 0.0065625
v 0.04680177 -0.058096005 0.0065625
v 0.0382707 -0.058178085 0.0065625
v 0.04666494 -0.058178085 0.0065625
v 0.038408715 -0.05825745 0.0065625
v 0.04652691 -0.05825745 0.0065625
v 0.038687535 -0.05840763 0.0065625
v 0.046248105 -0.05840763 0.0065625
v 0.03896886 -0.0585456 0.0065625
v 0.04596678 -0.0585456 0.0065625
v 0.03925323 -0.058671525 0.0065625
v 0.04568241 -0.058671525 0.0065625
v 0.03954345 -0.058786875 0.0065625
v 0.04539219 -0.058786875 0.0065625
v 0.03983871 -0.05889144 0.0065625
v 0.04509693 -0.05889144 0.0065625
v 0.04013814 -0.05898495 0.0065625
v 0.0447975 -0.05898495 0.0065625
v 0.04044087 -0.05906715 0.0065625
v 0.04449477 -0.05906715 0.0065625
v 0.040746015 -0.05913777 0.0065625
v 0.044189625 -0.05913777 0.0065625
v 0.041052705 -0.05919654 0.0065625
v 0.043882935 -0.05919654 0.0065625
v 0.04136031 -0.059243235 0.0065625
v 0.04357533 -0.059243235 0.0065625
v 0.041672295 -0.05927814 0.0065625
v 0.043263345 -0.05927814 0.0065625
v 0.041988735 -0.059301405 0.0065625
v 0.042946905 -0.059301405 0.0065625
v 0.04214805 -0.05930868 0.0065625
v 0.042787575 -0.05930868 0.0065625
v 0.04230783 -0.059313045 0.0065625
v 0.04262781 -0.059313045 0.0065625
v 0.04246782 -0.0593145 0.0065625
v 0.050729535 -0.05004741 0.0065625
v 0.034206105 -0.05004741 0.0065625
v 0.050688075 -0.049736235 0.0065625
v 0.034247565 -0.049736235 0.0065625
v 0.050635185 -0.04942824 0.0065625
v 0.034300455 -0.04942824 0.0065625
v 0.050570865 -0.04912344 0.0065625
v 0.034364775 -0.04912344 0.0065625
v 0.0504951 -0.048821805 0.0065625
v 0.034440525 -0.048821805 0.0065625
v 0.050407755 -0.04852302 0.0065625
v 0.034527885 -0.04852302 0.0065625
v 0.05030787 -0.048225105 0.0065625
v 0.034627755 -0.048225105 0.0065625
v 0.050195865 -0.0479289 0.0065625
v 0.034739775 -0.0479289 0.0065625
v 0.05007237 -0.047635785 0.0065625
v 0.03486327 -0.047635785 0.0065625
v 0.049938075 -0.04734717 0.0065625
v 0.034997565 -0.04734717 0.0065625
v 0.04979364 -0.04706442 0.0065625
v 0.035142 -0.04706442 0.0065625
v 0.04963971 -0.04678893 0.0065625
v 0.035295915 -0.04678893 0.0065625
v 0.049476975 -0.04652208 0.0065625
v 0.03545865 -0.04652208 0.0065625
v 0.049304715 -0.046262925 0.0065625
v 0.035630925 -0.046262925 0.0065625
v 0.04912164 -0.046009185 0.0065625
v 0.035814 -0.046009185 0.0065625
v 0.04246782 -0.04593669 0.0065625
v 0.0423624 -0.045931095 0.0065625
v 0.048928395 -0.04576164 0.0065625
v 0.04257324 -0.045931095 0.0065625
v 0.042674895 -0.04591434 0.0065625
v 0.04277388 -0.04588566 0.0065625
v 0.042871485 -0.045845295 0.0065625
v 0.04296432 -0.045794775 0.0065625
v 0.04304898 -0.04573563 0.0065625
v 0.048725655 -0.04552107 0.0065625
v 0.043126185 -0.04566672 0.0065625
v 0.043197195 -0.04558773 0.0065625
v 0.04325949 -0.045501495 0.0065625
v 0.04851408 -0.045288285 0.0065625
v 0.043310505 -0.045410835 0.0065625
v 0.043349835 -0.045316185 0.0065625
v 0.043378755 -0.045216165 0.0065625
v 0.04829433 -0.045064065 0.0065625
v 0.04339725 -0.045110775 0.0065625
v 0.04340532 -0.045 0.0065625
v 0.04806708 -0.04484922 0.0065625
v 0.04339725 -0.044889225 0.0065625
v 0.043378755 -0.044783835 0.0065625
v 0.047832645 -0.044644245 0.0065625
v 0.043349835 -0.044683815 0.0065625
v 0.043310505 -0.044589165 0.0065625
v 0.047588115 -0.044446845 0.0065625
v 0.04325949 -0.044498505 0.0065625
v 0.043197195 -0.04441227 0.0065625
v 0.047333835 -0.044257065 0.0065625
v 0.043126185 -0.04433328 0.0065625
v 0.04304898 -0.04426437 0.0065625
v 0.04296432 -0.044205225 0.0065625
v 0.047203485 -0.04416531 0.0065625
v 0.042871485 -0.044154705 0.0065625
v 0.04707123 -0.044075805 0.0065625
v 0.04277388 -0.04411434 0.0065625
v 0.042674895 -0.04408566 0.0065625
v 0.04257324 -0.044068905 0.0065625
v 0.046937265 -0.04398867 0.0065625
v 0.04246782 -0.04406331 0.0065625
v 0.03786441 -0.044075805 0.0065625
v 0.037998375 -0.04398867 0.0065625
v 0.0423624 -0.044068905 0.0065625
v 0.042260745 -0.04408566 0.0065625
v 0.037732155 -0.04416531 0.0065625
v 0.04216176 -0.04411434 0.0065625
v 0.042064155 -0.044154705 0.0065625
v 0.04197132 -0.044205225 0.0065625
v 0.037601805 -0.044257065 0.0065625
v 0.04188666 -0.04426437 0.0065625
v 0.037347525 -0.044446845 0.0065625
v 0.041809455 -0.04433328 0.0065625
v 0.04173843 -0.04441227 0.0065625
v 0.04167615 -0.044498505 0.0065625
v 0.037102995 -0.044644245 0.0065625
v 0.041625135 -0.044589165 0.0065625
v 0.041585805 -0.044683815 0.0065625
v 0.03686856 -0.04484922 0.0065625
v 0.041556885 -0.044783835 0.0065625
v 0.04153839 -0.044889225 0.0065625
v 0.03664131 -0.045064065 0.0065625
v 0.04153032 -0.045 0.0065625
v 0.04153839 -0.045110775 0.0065625
v 0.03642156 -0.045288285 0.0065625
v 0.041556885 -0.045216165 0.0065625
v 0.041585805 -0.045316185 0.0065625
v 0.036209985 -0.04552107 0.0065625
v 0.041625135 -0.045410835 0.0065625
v 0.04167615 -0.045501495 0.0065625
v 0.04173843 -0.04558773 0.0065625
v 0.036007245 -0.04576164 0.0065625
v 0.041809455 -0.04566672 0.0065625
v 0.04188666 -0.04573563 0.0065625
v 0.04197132 -0.045794775 0.0065625
v 0.042064155 -0.045845295 0.0065625
v 0.04216176 -0.04588566 0.0065625
v 0.042260745 -0.04591434 0.0065625
v 0.04680177 -0.043903995 0.0065625
v 0.038133855 -0.043903995 0.0065625
v 0.04666494 -0.043821915 0.0065625
v 0.0382707 -0.043821915 0.0065625
v 0.04652691 -0.04374255 0.0065625
v 0.038408715 -0.04374255 0.0065625
v 0.046248105 -0.04359237 0.0065625
v 0.038687535 -0.04359237 0.0065625
v 0.04596678 -0.0434544 0.0065625
v 0.03896886 -0.0434544 0.0065625
v 0.04568241 -0.043328475 0.0065625
v 0.03925323 -0.043328475 0.0065625
v 0.04539219 -0.043213125 0.0065625
v 0.03954345 -0.043213125 0.0065625
v 0.04509693 -0.04310856 0.0065625
v 0.03983871 -0.04310856 0.0065625
v 0.0447975 -0.04301505 0.0065625
v 0.04013814 -0.04301505 0.0065625
v 0.04449477 -0.04293285 0.0065625
v 0.04044087 -0.04293285 0.0065625
v 0.044189625 -0.04286223 0.0065625
v 0.040746015 -0.04286223 0.0065625
v 0.043882935 -0.04280346 0.0065625
v 0.041052705 -0.04280346 0.0065625
v 0.04357533 -0.042756765 0.0065625
v 0.04136031 -0.042756765 0.0065625
v 0.043263345 -0.04272186 0.0065625
v 0.041672295 -0.04272186 0.0065625
v 0.042946905 -0.042698595 0.0065625
v 0.041988735 -0.042698595 0.0065625
v 0.042787575 -0.04269132 0.0065625
v 0.04214805 -0.04269132 0.0065625
v 0.04262781 -0.042686955 0.0065625
v 0.04230783 -0.042686955 0.0065625
v 0.04246782 -0.0426855 0.0065625
v 0.041489655 -0.045 0.00508359
v 0.04153032 -0.045 0.00420432
v 0.04153032 -0.045 0.00517068
v 0.041489655 -0.045 0.00429141
v 0.0414576 -0.045 0.00499173
v 0.0414576 -0.045 0.00438327
v 0.041434155 -0.045 0.004895085
v 0.041434155 -0.045 0.004479915
v 0.041419335 -0.045 0.004793685
v 0.041419335 -0.045 0.004581315
v 0.041413125 -0.045 0.0046875
v 0.043445985 -0.045 0.00429141
v 0.04340532 -0.045 0.00517068
v 0.04340532 -0.045 0.00420432
v 0.043445985 -0.045 0.00508359
v 0.04347804 -0.045 0.00438327
v 0.04347804 -0.045 0.00499173
v 0.043501485 -0.045 0.004479915
v 0.043501485 -0.045 0.004895085
v 0.043516305 -0.045 0.004581315
v 0.043516305 -0.045 0.004793685
v 0.0435225 -0.045 0.0046875
v 0.04293132 -0.05106996 0.005637825
v 0.04293657 -0.051 0.0065625
v 0.04293657 -0.051 0.00563229
v 0.04293255 -0.05104314 0.0065625
v 0.04293255 -0.05095686 0.0065625
v 0.04293132 -0.050930085 0.00563781
v 0.04292607 -0.05091567 0.0065625
v 0.04291713 -0.0508764 0.0065625
v 0.042915765 -0.050861895 0.00564543
v 0.04290573 -0.050839065 0.0065625
v 0.04289187 -0.05080368 0.0065625
v 0.04289028 -0.0507969 0.005655165
v 0.042875535 -0.050770215 0.0065625
v 0.04285674 -0.0507387 0.0065625
v 0.042855555 -0.050736585 0.00566748
v 0.042835365 -0.050709045 0.0065625
v 0.042812565 -0.05068239 0.005683785
v 0.04281048 -0.050680695 0.0065625
v 0.042782415 -0.05065386 0.0065625
v 0.042762045 -0.050635095 0.00570096
v 0.0427518 -0.0506289 0.0065625
v 0.04271928 -0.050606205 0.0065625
v 0.042704655 -0.05059548 0.005715255
v 0.04268547 -0.050586165 0.0065625
v 0.04265103 -0.05056914 0.0065625
v 0.042641205 -0.05056449 0.00572652
v 0.042616575 -0.050555535 0.0065625
v 0.0425817 -0.050545365 0.0065625
v 0.042573315 -0.05054328 0.00573585
v 0.04250667 -0.05053377 0.0065625
v 0.042502905 -0.05053257 0.005741415
v 0.042428955 -0.05053377 0.0065625
v 0.042431955 -0.05053263 0.005741415
v 0.04236189 -0.05054337 0.00573588
v 0.04235394 -0.050545365 0.0065625
v 0.042319065 -0.050555535 0.0065625
v 0.04229433 -0.050564535 0.00572655
v 0.04228461 -0.05056914 0.0065625
v 0.04225017 -0.050586165 0.0065625
v 0.042230925 -0.05059551 0.00571524
v 0.04221636 -0.050606205 0.0065625
v 0.04218384 -0.0506289 0.0065625
v 0.04217307 -0.050635515 0.00570081
v 0.042153225 -0.05065386 0.0065625
v 0.04212516 -0.050680695 0.0065625
v 0.04212198 -0.050683575 0.00568344
v 0.042100275 -0.050709045 0.0065625
v 0.042078765 -0.05073852 0.005667
v 0.042078885 -0.0507387 0.0065625
v 0.042060105 -0.050770215 0.0065625
v 0.042044325 -0.05079906 0.00565467
v 0.04204377 -0.05080368 0.0065625
v 0.04202991 -0.050839065 0.0065625
v 0.04201929 -0.050863785 0.00564501
v 0.042018495 -0.0508764 0.0065625
v 0.042009555 -0.05091567 0.0065625
v 0.04200414 -0.05093127 0.005637555
v 0.042003075 -0.05095686 0.0065625
v 0.04199907 -0.051 0.0065625
v 0.04199907 -0.051 0.00563229
v 0.042003075 -0.05104314 0.0065625
v 0.042004005 -0.05106789 0.00563739
v 0.042009555 -0.05108433 0.0065625
v 0.042018495 -0.0511236 0.0065625
v 0.0420189 -0.051134925 0.00564474
v 0.04202991 -0.05116092 0.0065625
v 0.04204377 -0.05119632 0.0065625
v 0.042043695 -0.05119962 0.00565437
v 0.042060105 -0.05122977 0.0065625
v 0.042078885 -0.0512613 0.0065625
v 0.042078135 -0.051260535 0.00566676
v 0.042100275 -0.051290955 0.0065625
v 0.04212192 -0.05131635 0.00568341
v 0.04212516 -0.051319305 0.0065625
v 0.042153225 -0.05134614 0.0065625
v 0.04217391 -0.05136516 0.00570102
v 0.04218384 -0.0513711 0.0065625
v 0.04221636 -0.051393795 0.0065625
v 0.042232425 -0.05140536 0.005715585
v 0.04225017 -0.051413835 0.0065625
v 0.04228461 -0.05143086 0.0065625
v 0.0422958 -0.05143605 0.00572685
v 0.042319065 -0.051444465 0.0065625
v 0.04235394 -0.051454635 0.0065625
v 0.042362805 -0.05145684 0.005736045
v 0.042428955 -0.05146623 0.0065625
v 0.04243224 -0.0514674 0.005741445
v 0.04250667 -0.05146623 0.0065625
v 0.042502875 -0.05146743 0.005741385
v 0.042573195 -0.05145675 0.00573585
v 0.0425817 -0.051454635 0.0065625
v 0.042616575 -0.051444465 0.0065625
v 0.042641085 -0.051435555 0.005726535
v 0.04265103 -0.05143086 0.0065625
v 0.04268547 -0.051413835 0.0065625
v 0.04270452 -0.051404595 0.005715285
v 0.04271928 -0.051393795 0.0065625
v 0.0427518 -0.0513711 0.0065625
v 0.042761925 -0.05136501 0.00570099
v 0.042782415 -0.05134614 0.0065625
v 0.04281048 -0.051319305 0.0065625
v 0.04281246 -0.05131773 0.005683815
v 0.042835365 -0.051290955 0.0065625
v 0.04285548 -0.051263535 0.00566751
v 0.04285674 -0.0512613 0.0065625
v 0.042875535 -0.05122977 0.0065625
v 0.042890235 -0.05120322 0.005655195
v 0.04289187 -0.05119632 0.0065625
v 0.04290573 -0.05116092 0.0065625
v 0.042915735 -0.05113821 0.005645445
v 0.04291713 -0.0511236 0.0065625
v 0.04292607 -0.05108433 0.0065625
f 1 2 3
f 1 4 2
f 5 1 3
f 6 5 3
f 7 6 3
f 7 3 8
f 8 3 9
f 10 8 9
f 11 10 9
f 12 11 9
f 13 12 9
f 14 13 9
f 14 9 15
f 16 14 15
f 17 16 15
f 18 17 15
f 19 18 15
f 20 19 15
f 20 15 21
f 22 20 21
f 23 22 21
f 24 23 21
f 25 24 21
f 26 25 21
f 27 26 21
f 28 27 21
f 29 28 21
f 30 29 21
f 30 21 31
f 21 32 31
f 30 31 33
f 34 30 33
f 35 34 33
f 36 35 33
f 37 36 33
f 38 37 33
f 39 38 33
f 40 39 33
f 41 40 33
f 42 41 33
f 43 42 33
f 43 33 44
f 45 43 44
f 46 45 44
f 47 46 44
f 48 47 44
f 49 48 44
f 49 44 50
f 51 49 50
f 52 51 50
f 53 52 50
f 54 53 50
f 54 50 55
f 56 54 55
f 57 56 55
f 58 57 55
f 59 58 55
f 60 59 55
f 60 55 61
f 62 60 61
f 63 62 61
f 64 63 61
f 65 64 61
f 66 65 61
f 66 61 67
f 68 66 67
f 69 68 67
f 70 69 67
f 71 70 67
f 72 71 67
f 73 72 67
f 74 73 67
f 75 74 67
f 76 75 67
f 76 67 77
f 67 78 77
f 76 77 79
f 80 76 79
f 81 80 79
f 82 81 79
f 83 82 79
f 84 83 79
f 85 84 79
f 86 85 79
f 87 86 79
f 88 87 79
f 89 88 79
f 89 79 2
f 90 89 2
f 91 90 2
f 92 91 2
f 4 92 2
f 78 93 77
f 78 94 93
f 94 95 93
f 94 96 95
f 96 97 95
f 96 98 97
f 98 99 97
f 98 100 99
f 100 101 99
f 100 102 101
f 102 103 101
f 102 104 103
f 104 105 103
f 104 106 105
f 106 107 105
f 106 108 107
f 108 109 107
f 108 110 109
f 110 111 109
f 110 112 111
f 112 113 111
f 112 114 113
f 114 115 113
f 114 116 115
f 116 117 115
f 116 118 117
f 118 119 117
f 118 120 119
f 120 121 119
f 120 122 121
f 122 123 121
f 122 124 123
f 124 125 123
f 124 126 125
f 126 127 125
f 126 128 127
f 128 129 127
f 128 130 129
f 130 131 129
f 130 132 131
f 132 133 131
f 132 134 133
f 134 135 133
f 134 136 135
f 136 137 135
f 136 138 137
f 138 139 137
f 138 140 139
f 140 141 139
f 140 142 141
f 142 143 141
f 142 144 143
f 144 145 143
f 144 146 145
f 146 147 145
f 146 148 147
f 148 149 147
f 148 150 149
f 150 151 149
f 150 152 151
f 152 153 151
f 154 153 152
f 154 155 153
f 154 152 156
f 157 154 156
f 158 157 156
f 159 158 156
f 160 159 156
f 161 160 156
f 162 161 156
f 163 162 156
f 164 163 156
f 165 164 156
f 165 156 166
f 167 165 166
f 168 167 166
f 169 168 166
f 170 169 166
f 170 166 171
f 172 170 171
f 173 172 171
f 174 173 171
f 174 171 175
f 176 174 175
f 177 176 175
f 177 175 178
f 179 177 178
f 180 179 178
f 181 180 178
f 181 178 182
f 183 181 182
f 184 183 182
f 184 182 185
f 186 184 185
f 187 186 185
f 187 185 188
f 189 187 188
f 190 189 188
f 190 188 191
f 192 190 191
f 193 192 191
f 193 191 194
f 195 193 194
f 196 195 194
f 196 194 197
f 198 196 197
f 199 198 197
f 199 197 200
f 201 199 200
f 202 201 200
f 202 200 203
f 204 202 203
f 205 204 203
f 206 205 203
f 206 203 207
f 208 206 207
f 209 208 207
f 209 207 210
f 211 209 210
f 212 211 210
f 212 210 213
f 214 212 213
f 215 214 213
f 216 215 213
f 216 213 217
f 218 216 217
f 219 218 217
f 220 219 217
f 221 220 217
f 221 217 222
f 223 221 222
f 224 223 222
f 225 224 222
f 226 225 222
f 227 226 222
f 227 222 228
f 222 229 228
f 227 228 230
f 231 227 230
f 232 231 230
f 233 232 230
f 234 233 230
f 235 234 230
f 236 235 230
f 236 230 237
f 238 236 237
f 239 238 237
f 240 239 237
f 241 240 237
f 241 237 242
f 243 241 242
f 244 243 242
f 245 244 242
f 245 242 246
f 247 245 246
f 248 247 246
f 248 246 249
f 250 248 249
f 251 250 249
f 251 249 252
f 253 251 252
f 254 253 252
f 255 254 252
f 255 252 256
f 257 255 256
f 258 257 256
f 258 256 259
f 260 258 259
f 261 260 259
f 261 259 262
f 263 261 262
f 264 263 262
f 264 262 265
f 264 265 266
f 267 266 265
f 267 265 268
f 269 267 268
f 270 269 268
f 270 268 271
f 272 270 271
f 273 272 271
f 273 271 274
f 275 273 274
f 276 275 274
f 276 274 277
f 278 276 277
f 279 278 277
f 280 279 277
f 280 277 281
f 282 280 281
f 283 282 281
f 283 281 284
f 285 283 284
f 286 285 284
f 287 286 284
f 287 284 288
f 289 287 288
f 290 289 288
f 291 290 288
f 292 291 288
f 292 288 153
f 293 292 153
f 294 293 153
f 295 294 153
f 296 295 153
f 297 296 153
f 298 297 153
f 155 298 153
f 229 299 228
f 229 300 299
f 300 301 299
f 300 302 301
f 302 303 301
f 302 304 303
f 304 305 303
f 304 306 305
f 306 307 305
f 306 308 307
f 308 309 307
f 308 310 309
f 310 311 309
f 310 312 311
f 312 313 311
f 312 314 313
f 314 315 313
f 314 316 315
f 316 317 315
f 316 318 317
f 318 319 317
f 318 320 319
f 320 321 319
f 320 322 321
f 322 323 321
f 322 324 323
f 324 325 323
f 324 326 325
f 326 327 325
f 326 328 327
f 328 329 327
f 328 330 329
f 330 331 329
f 330 332 331
f 332 333 331
f 332 334 333
f 334 335 333
f 334 336 335
f 336 337 335
f 336 338 337
f 338 339 337
f 338 340 339
f 340 341 339
f 340 342 341
f 342 343 341
f 342 344 343
f 344 345 343
f 344 346 345
f 346 347 345
f 346 348 347
f 348 349 347
f 348 350 349
f 350 351 349
f 350 352 351
f 352 353 351
f 352 354 353
f 354 355 353
f 354 356 355
f 32 357 31
f 32 358 357
f 358 359 357
f 358 360 359
f 360 361 359
f 360 362 361
f 362 363 361
f 362 364 363
f 364 365 363
f 364 366 365
f 366 367 365
f 366 368 367
f 368 369 367
f 368 370 369
f 370 371 369
f 370 372 371
f 372 373 371
f 372 374 373
f 374 375 373
f 374 376 375
f 376 377 375
f 376 378 377
f 378 379 377
f 378 380 379
f 380 381 379
f 380 382 381
f 382 383 381
f 382 384 383
f 384 385 383
f 384 386 385
f 386 387 385
f 386 388 387
f 388 389 387
f 388 390 389
f 390 391 389
f 390 392 391
f 392 393 391
f 392 394 393
f 394 395 393
f 394 396 395
f 396 397 395
f 396 398 397
f 398 399 397
f 398 400 399
f 400 401 399
f 400 402 401
f 402 403 401
f 402 404 403
f 404 405 403
f 404 406 405
f 406 407 405
f 406 408 407
f 408 409 407
f 408 410 409
f 410 411 409
f 410 412 411
f 412 413 411
f 412 414 413
f 414 415 413
f 414 416 415
f 416 417 415
f 416 418 417
f 418 419 417
f 418 420 419
f 420 421 419
f 420 422 421
f 422 423 421
f 422 424 423
f 424 425 423
f 424 426 425
f 426 427 425
f 426 428 427
f 428 429 427
f 428 430 429
f 430 431 429
f 430 432 431
f 432 433 431
f 432 434 433
f 434 435 433
f 434 436 435
f 436 437 435
f 436 438 437
f 438 439 437
f 438 440 439
f 440 441 439
f 440 442 441
f 442 443 441
f 442 444 443
f 444 445 443
f 444 446 445
f 446 447 445
f 446 448 447
f 448 449 447
f 448 450 449
f 450 451 449
f 450 452 451
f 452 453 451
f 452 454 453
f 454 455 453
f 454 456 455
f 456 457 455
f 456 458 457
f 458 459 457
f 458 460 459
f 460 461 459
f 460 462 461
f 462 463 461
f 462 464 463
f 464 465 463
f 464 466 465
f 466 467 465
f 466 468 467
f 468 469 467
f 468 470 469
f 470 471 469
f 470 472 471
f 472 473 471
f 472 474 473
f 474 475 473
f 474 476 475
f 476 477 475
f 476 478 477
f 478 479 477
f 478 480 479
f 480 481 479
f 480 482 481
f 482 483 481
f 482 484 483
f 484 485 483
f 484 486 485
f 486 487 485
f 486 488 487
f 488 489 487
f 488 490 489
f 490 491 489
f 490 492 491
f 492 493 491
f 492 494 493
f 494 495 493
f 494 496 495
f 496 497 495
f 496 498 497
f 498 499 497
f 498 500 499
f 500 501 499
f 500 502 501
f 502 503 501
f 502 504 503
f 504 505 503
f 504 506 505
f 506 507 505
f 506 508 507
f 508 509 507
f 508 510 509
f 510 511 509
f 510 512 511
f 513 514 515
f 516 514 513
f 517 513 515
f 517 515 518
f 517 518 519
f 520 517 519
f 520 519 521
f 520 521 522
f 523 520 522
f 523 522 524
f 523 524 525
f 526 523 525
f 526 525 527
f 526 527 528
f 529 526 528
f 529 528 530
f 529 530 531
f 532 529 531
f 532 531 533
f 532 533 534
f 535 532 534
f 535 534 536
f 535 536 537
f 538 535 537
f 538 537 539
f 538 539 540
f 541 538 540
f 541 540 542
f 541 542 543
f 544 541 543
f 544 543 545
f 544 545 546
f 547 544 546
f 547 546 548
f 547 548 549
f 550 547 549
f 550 549 551
f 550 551 552
f 553 550 552
f 553 552 554
f 553 554 555
f 556 553 555
f 556 555 557
f 556 557 558
f 559 556 558
f 559 558 560
f 559 560 561
f 562 559 561
f 562 561 563
f 562 563 564
f 565 562 564
f 565 564 566
f 565 566 567
f 568 565 567
f 568 567 569
f 568 569 570
f 571 568 570
f 571 570 572
f 571 572 573
f 574 571 573
f 574 573 575
f 574 575 576
f 577 574 576
f 577 576 578
f 577 578 579
f 580 577 579
f 580 579 581
f 580 581 582
f 583 580 582
f 583 582 584
f 583 584 585
f 586 583 585
f 586 585 587
f 586 587 588
f 589 586 588
f 589 588 590
f 591 589 590
f 591 590 592
f 593 591 592
f 593 592 594
f 595 593 594
f 595 594 596
f 597 595 596
f 597 596 598
f 599 597 598
f 599 598 600
f 601 599 600
f 601 600 602
f 601 602 603
f 604 601 603
f 604 603 605
f 604 605 606
f 607 604 606
f 607 606 608
f 607 608 609
f 610 607 609
f 610 609 611
f 610 611 612
f 613 610 612
f 613 612 614
f 613 614 615
f 616 613 615
f 616 615 617
f 616 617 618
f 619 616 618
f 619 618 620
f 619 620 621
f 622 619 621
f 622 621 623
f 622 623 624
f 625 622 624
f 625 624 626
f 625 626 627
f 628 625 627
f 628 627 629
f 628 629 630
f 631 628 630
f 631 630 632
f 631 632 633
f 634 631 633
f 634 633 635
f 634 635 636
f 637 634 636
f 637 636 638
f 639 637 638
f 639 638 640
f 641 639 640
f 641 640 642
f 643 641 642
f 643 642 644
f 645 643 644
f 646 645 644
f 646 644 647
f 648 646 647
f 648 647 649
f 648 649 650
f 651 648 650
f 651 650 652
f 651 652 653
f 654 651 653
f 654 653 655
f 654 655 656
f 657 654 656
f 657 656 658
f 657 658 659
f 660 657 659
f 660 659 661
f 660 661 662
f 663 660 662
f 663 662 664
f 663 664 665
f 666 663 665
f 666 665 667
f 666 667 668
f 669 666 668
f 669 668 670
f 669 670 671
f 672 669 671
f 672 671 673
f 672 673 674
f 675 672 674
f 675 674 676
f 675 676 677
f 678 675 677
f 678 677 679
f 678 679 680
f 681 678 680
f 681 680 682
f 681 682 683
f 684 681 683
f 684 683 685
f 686 684 685
f 686 685 687
f 688 686 687
f 688 687 689
f 690 688 689
f 690 689 691
f 692 690 691
f 692 691 693
f 694 692 693
f 694 693 695
f 696 694 695
f 696 695 697
f 696 697 698
f 699 696 698
f 699 698 700
f 699 700 701
f 702 699 701
f 702 701 703
f 702 703 704
f 705 702 704
f 705 704 706
f 705 706 707
f 708 705 707
f 708 707 709
f 708 709 710
f 711 708 710
f 711 710 712
f 711 712 713
f 714 711 713
f 714 713 715
f 714 715 716
f 717 714 716
f 717 716 718
f 717 718 719
f 720 717 719
f 720 719 721
f 720 721 722
f 723 720 722
f 723 722 724
f 723 724 725
f 726 723 725
f 726 725 727
f 726 727 728
f 729 726 728
f 729 728 730
f 729 730 731
f 732 729 731
f 732 731 733
f 732 733 734
f 735 732 734
f 735 734 736
f 735 736 737
f 738 735 737
f 738 737 739
f 738 739 740
f 741 738 740
f 741 740 742
f 741 742 743
f 744 741 743
f 744 743 745
f 744 745 746
f 747 744 746
f 747 746 748
f 747 748 749
f 750 747 749
f 750 749 751
f 750 751 752
f 753 750 752
f 753 752 754
f 753 754 755
f 756 753 755
f 756 755 757
f 756 757 758
f 759 756 758
f 759 758 760
f 759 760 761
f 762 759 761
f 762 761 763
f 762 763 764
f 765 762 764
f 765 764 766
f 765 766 767
f 768 765 767
f 768 767 769
f 768 769 770
f 771 768 770
f 771 770 772
f 773 771 772
f 773 772 774
f 773 774 775
f 776 773 775
f 776 775 777
f 776 777 778
f 779 776 778
f 779 778 780
f 779 780 781
f 782 779 781
f 782 781 783
f 782 783 784
f 785 782 784
f 785 784 786
f 785 786 787
f 788 785 787
f 788 787 789
f 788 789 790
f 791 788 790
f 791 790 792
f 791 792 793
f 794 791 793
f 794 793 795
f 794 795 796
f 797 794 796
f 797 796 798
f 797 798 799
f 800 797 799
f 800 799 801
f 800 801 802
f 803 800 802
f 803 802 804
f 803 804 805
f 806 803 805
f 806 805 807
f 806 807 808
f 809 806 808
f 809 808 810
f 809 810 811
f 812 809 811
f 812 811 813
f 812 813 814
f 815 812 814
f 815 814 816
f 815 816 817
f 818 815 817
f 818 817 819
f 818 819 820
f 821 818 820
f 821 820 822
f 821 822 823
f 824 821 823
f 824 823 825
f 824 825 826
f 827 824 826
f 827 826 828
f 827 828 829
f 830 827 829
f 830 829 831
f 830 831 832
f 833 830 832
f 833 832 834
f 833 834 835
f 836 833 835
f 836 835 837
f 836 837 838
f 839 836 838
f 839 838 840
f 839 840 841
f 842 839 841
f 842 841 843
f 842 843 844
f 845 842 844
f 845 844 846
f 847 845 846
f 847 846 848
f 849 847 848
f 849 848 850
f 851 849 850
f 851 850 852
f 853 851 852
f 853 852 854
f 855 853 854
f 855 854 856
f 857 855 856
f 857 856 858
f 857 858 859
f 860 857 859
f 860 859 861
f 860 861 862
f 863 860 862
f 863 862 864
f 863 864 865
f 866 863 865
f 866 865 867
f 866 867 868
f 869 866 868
f 869 868 870
f 869 870 871
f 872 869 871
f 872 871 873
f 872 873 874
f 875 872 874
f 875 874 876
f 875 876 877
f 878 875 877
f 878 877 879
f 878 879 880
f 881 878 880
f 881 880 882
f 881 882 883
f 884 881 883
f 884 883 885
f 884 885 886
f 887 884 886
f 888 887 886
f 888 889 887
f 888 886 890
f 891 888 890
f 892 891 890
f 893 892 890
f 894 893 890
f 895 894 890
f 895 890 896
f 897 895 896
f 898 897 896
f 898 896 899
f 900 898 899
f 901 900 899
f 901 899 902
f 903 901 902
f 904 903 902
f 904 902 905
f 906 904 905
f 907 906 905
f 907 905 908
f 909 907 908
f 909 908 910
f 911 909 910
f 912 911 910
f 912 910 913
f 914 912 913
f 914 913 915
f 916 914 915
f 916 915 917
f 918 916 917
f 919 918 917
f 919 917 920
f 921 919 920
f 922 921 920
f 922 920 923
f 924 922 923
f 925 924 923
f 925 923 926
f 927 925 926
f 928 927 926
f 928 926 929
f 930 928 929
f 931 930 929
f 932 931 929
f 932 929 933
f 933 929 934
f 934 929 935
f 936 933 934
f 936 934 937
f 938 936 937
f 939 938 937
f 940 939 937
f 941 940 937
f 942 941 937
f 943 942 937
f 943 937 944
f 945 943 944
f 946 945 944
f 947 946 944
f 948 947 944
f 948 944 949
f 950 948 949
f 951 950 949
f 951 949 952
f 953 951 952
f 953 952 954
f 955 953 954
f 956 955 954
f 956 954 957
f 958 956 957
f 958 957 959
f 960 958 959
f 960 959 961
f 962 960 961
f 963 962 961
f 963 961 964
f 965 963 964
f 966 965 964
f 967 966 964
f 968 967 964
f 968 964 887
f 969 968 887
f 970 969 887
f 971 970 887
f 972 971 887
f 889 972 887
f 973 934 935
f 973 935 974
f 973 974 975
f 976 973 975
f 976 975 977
f 976 977 978
f 979 976 978
f 979 978 980
f 979 980 981
f 982 979 981
f 982 981 983
f 982 983 984
f 985 982 984
f 985 984 986
f 985 986 987
f 988 985 987
f 988 987 989
f 988 989 990
f 991 988 990
f 991 990 992
f 991 992 993
f 994 991 993
f 994 993 995
f 994 995 996
f 997 994 996
f 997 996 998
f 997 998 999
f 1000 997 999
f 1000 999 1001
f 1002 1000 1001
f 1002 1001 1003
f 1004 1002 1003
f 1004 1003 1005
f 1006 1004 1005
f 1006 1005 1007
f 1008 1006 1007
f 1008 1007 1009
f 1010 1008 1009
f 1010 1009 1011
f 1012 1010 1011
f 1012 1011 1013
f 1012 1013 1014
f 1015 1012 1014
f 1015 1014 1016
f 1015 1016 1017
f 1018 1015 1017
f 1018 1017 1019
f 1018 1019 1020
f 1021 1018 1020
f 1021 1020 1022
f 1021 1022 1023
f 1024 1021 1023
f 1024 1023 1025
f 1024 1025 1026
f 1027 1024 1026
f 1027 1026 1028
f 1027 1028 1029
f 1030 1027 1029
f 1030 1029 1031
f 1030 1031 1032
f 1033 1030 1032
f 1033 1032 1034
f 1033 1034 1035
f 1036 1033 1035
f 1036 1035 1037
f 1036 1037 1038
f 1039 1036 1038
f 1039 1038 1040
f 1039 1040 1041
f 1042 1039 1041
f 1042 1041 1043
f 1042 1043 1044
f 1045 1042 1044
f 1045 1044 1046
f 1045 1046 1047
f 1048 1045 1047
f 1048 1047 1049
f 1048 1049 1050
f 1051 1048 1050
f 1051 1050 1052
f 1051 1052 1053
f 1054 1051 1053
f 1054 1053 1055
f 1054 1055 1056
f 1057 1054 1056
f 1057 1056 1058
f 1057 1058 1059
f 1060 1057 1059
f 1060 1059 1061
f 1060 1061 1062
f 1063 1060 1062
f 1063 1062 1064
f 1063 1064 1065
f 1066 1063 1065
f 1066 1065 1067
f 1066 1067 1068
f 1069 1066 1068
f 1069 1068 1070
f 1069 1070 1071
f 1072 1069 1071
f 1072 1071 1073
f 1072 1073 1074
f 1075 1072 1074
f 1075 1074 1076
f 1075 1076 1077
f 1078 1075 1077
f 1078 1077 1079
f 1078 1079 1080
f 1081 1078 1080
f 1081 1080 1082
f 1081 1082 1083
f 516 1081 1083
f 516 1083 1084
f 516 1084 514
f 1085 1086 1087
f 1088 1086 1085
f 1089 1085 1087
f 1089 1090 1085
f 1089 1087 1091
f 1092 1089 1091
f 1092 1090 1089
f 1092 1091 1093
f 1094 1092 1093
f 1094 1093 1095
f 1094 1095 1096
f 1097 1094 1096
f 1097 1096 1098
f 1099 1097 1098
f 1099 1098 1100
f 1101 1099 1100
f 1101 1100 1102
f 1101 1102 1103
f 1104 1101 1103
f 1104 1103 1105
f 1106 1104 1105
f 1106 1105 1107
f 1108 1106 1107
f 1108 1107 1109
f 1108 1109 1110
f 1111 1108 1110
f 1111 1110 1112
f 1113 1111 1112
f 1113 1112 1114
f 1115 1113 1114
f 1115 1114 1116
f 1115 1116 1117
f 1118 1115 1117
f 1118 1117 1119
f 1120 1118 1119
f 1120 1119 1121
f 1120 1121 1122
f 1123 1120 1122
f 1123 1122 1124
f 1123 1124 1125
f 1126 1123 1125
f 1126 1125 1127
f 1128 1126 1127
f 1128 1127 1129
f 1128 1129 1130
f 1131 1128 1130
f 1131 1130 1132
f 1131 1132 1133
f 1134 1131 1133
f 1134 1133 1135
f 1136 1134 1135
f 1136 1135 1137
f 1136 1137 1138
f 1139 1136 1138
f 1139 1138 1140
f 1139 1140 1141
f 1142 1139 1141
f 1142 1141 1143
f 1142 1143 1144
f 1145 1142 1144
f 1145 1144 1146
f 1147 1145 1146
f 1147 1146 1148
f 1147 1148 1149
f 1150 1147 1149
f 1150 1149 1151
f 1150 1151 1152
f 1153 1150 1152
f 1153 1152 1154
f 1155 1153 1154
f 1155 1154 1156
f 1155 1156 1157
f 1158 1155 1157
f 1158 1157 1159
f 1160 1158 1159
f 1160 1159 1161
f 1160 1161 1162
f 1163 1160 1162
f 1163 1162 1164
f 1165 1163 1164
f 1165 1164 1166
f 1165 1166 1167
f 1168 1165 1167
f 1168 1167 1169
f 1170 1168 1169
f 1170 1169 1171
f 1170 1171 1172
f 1173 1170 1172
f 1173 1172 1174
f 1175 1173 1174
f 1175 1176 1173
f 1175 1174 1177
f 1175 1177 1178
f 1175 1178 1179
f 1179 1178 1180
f 1175 1179 1176
f 1179 1181 1176
f 1182 1181 1179
f 1182 1183 1181
f 1184 1183 1182
f 1184 1185 1183
f 1186 1185 1184
f 1186 1187 1185
f 1188 1187 1186
f 1189 1187 1188
f 1189 1190 1187
f 1191 1190 1189
f 1191 1192 1190
f 1193 1192 1191
f 1193 1194 1192
f 1195 1194 1193
f 1195 1196 1194
f 1197 1196 1195
f 1197 1198 1196
f 1197 1199 1198
f 1200 1198 1199
f 1201 1198 1200
f 1200 1199 1202
f 1199 1203 1202
f 1201 1200 1202
f 1201 1202 1204
f 1205 1201 1204
f 1206 1205 1204
f 1206 1204 1207
f 1208 1206 1207
f 1208 1207 1209
f 1210 1208 1209
f 1211 1210 1209
f 1211 1209 1212
f 1213 1211 1212
f 1214 1213 1212
f 1214 1212 1215
f 1216 1214 1215
f 1216 1215 1217
f 1218 1216 1217
f 1219 1218 1217
f 1219 1217 1220
f 1221 1219 1220
f 1221 1220 1222
f 1223 1221 1222
f 1224 1223 1222
f 1224 1222 1225
f 1226 1224 1225
f 1226 1225 1227
f 1228 1226 1227
f 1228 1227 1229
f 1230 1228 1229
f 1230 1229 1231
f 1232 1230 1231
f 1233 1232 1231
f 1233 1231 1234
f 1235 1233 1234
f 1235 1234 1236
f 1237 1235 1236
f 1237 1236 1238
f 1239 1237 1238
f 1239 1238 1240
f 1241 1239 1240
f 1241 1240 1242
f 1243 1241 1242
f 1243 1242 1244
f 1245 1243 1244
f 1245 1244 1246
f 1247 1245 1246
f 1248 1247 1246
f 1248 1246 1249
f 1250 1248 1249
f 1250 1249 1251
f 1252 1250 1251
f 1252 1251 1253
f 1254 1252 1253
f 1255 1254 1253
f 1255 1253 1256
f 1257 1255 1256
f 1257 1256 1258
f 1259 1257 1258
f 1259 1258 1260
f 1261 1259 1260
f 1262 1261 1260
f 1262 1260 1263
f 1264 1262 1263
f 1264 1265 1262
f 1264 1263 1266
f 1264 1266 1267
f 1088 1267 1266
f 1264 1267 1265
f 1267 1268 1265
f 1269 1268 1267
f 1269 1270 1268
f 1271 1270 1269
f 1271 1272 1270
f 1273 1272 1271
f 1273 1274 1272
f 1275 1274 1273
f 1276 1274 1275
f 1276 1277 1274
f 1278 1277 1276
f 1278 1279 1277
f 1280 1279 1278
f 1280 1281 1279
f 1282 1281 1280
f 1282 1283 1281
f 1284 1283 1282
f 1284 1090 1283
f 1284 1085 1090
f 1088 1085 1267
f 1262 1265 1261
f 1261 1265 1285
f 1261 1285 1259
f 1259 1285 1257
f 1257 1285 1255
f 1255 1285 1286
f 1255 1286 1254
f 1254 1286 1252
f 1252 1286 1287
f 1252 1287 1250
f 1250 1287 1288
f 1250 1288 1248
f 1248 1288 1247
f 1247 1288 1289
f 1247 1289 1245
f 1245 1289 1290
f 1291 1245 1290
f 1292 1245 1291
f 1293 1291 1290
f 1293 1290 1294
f 1294 1290 1295
f 1295 1290 1296
f 1295 1296 1297
f 1297 1296 1298
f 1298 1296 1299
f 1299 1296 1300
f 1299 1300 1301
f 1301 1300 1302
f 1302 1300 1303
f 1302 1303 1304
f 1304 1303 1305
f 1304 1305 1306
f 1306 1305 1307
f 1307 1305 1308
f 1307 1308 1309
f 1309 1308 1310
f 1310 1308 1311
f 1310 1311 1312
f 1312 1311 1313
f 1312 1313 1314
f 1314 1313 1315
f 1315 1313 1316
f 1315 1316 1317
f 1317 1316 1318
f 1318 1316 1319
f 1319 1316 1320
f 1319 1320 1321
f 1321 1320 1322
f 1322 1320 1223
f 1223 1320 1221
f 1322 1223 1224
f 1323 1322 1224
f 1323 1224 1324
f 1324 1224 1325
f 1325 1224 1226
f 1325 1226 1326
f 1326 1226 1327
f 1327 1226 1228
f 1327 1228 1328
f 1328 1228 1329
f 1329 1228 1230
f 1329 1230 1330
f 1330 1230 1232
f 1330 1232 1331
f 1331 1232 1233
f 1331 1233 1332
f 1332 1233 1333
f 1333 1233 1235
f 1333 1235 1334
f 1334 1235 1237
f 1334 1237 1335
f 1335 1237 1239
f 1335 1239 1336
f 1336 1239 1337
f 1337 1239 1241
f 1337 1241 1338
f 1338 1241 1243
f 1338 1243 1339
f 1339 1243 1340
f 1340 1243 1341
f 1341 1243 1245
f 1341 1245 1292
f 1221 1320 1342
f 1221 1342 1219
f 1219 1342 1343
f 1219 1343 1218
f 1218 1343 1216
f 1216 1343 1344
f 1216 1344 1214
f 1214 1344 1213
f 1213 1344 1345
f 1213 1345 1211
f 1211 1345 1210
f 1210 1345 1346
f 1210 1346 1208
f 1208 1346 1206
f 1206 1346 1205
f 1205 1346 1198
f 1205 1198 1201
f 1199 1180 1203
f 1199 1179 1180
f 1347 1203 1180
f 1347 1180 1348
f 1347 1348 1349
f 1350 1347 1349
f 1350 1349 1351
f 1350 1351 1352
f 1353 1350 1352
f 1353 1352 1354
f 1353 1354 1355
f 1356 1353 1355
f 1356 1355 1357
f 1356 1357 1358
f 1359 1356 1358
f 1359 1358 1360
f 1359 1360 1361
f 1362 1359 1361
f 1362 1361 1363
f 1362 1363 1364
f 1365 1362 1364
f 1365 1364 1366
f 1365 1366 1367
f 1368 1365 1367
f 1368 1367 1369
f 1368 1369 1370
f 1371 1368 1370
f 1371 1370 1372
f 1371 1372 1373
f 1374 1371 1373
f 1374 1373 1375
f 1374 1375 1376
f 1377 1374 1376
f 1377 1376 1378
f 1377 1378 1379
f 1380 1377 1379
f 1380 1379 1381
f 1380 1381 1382
f 1383 1380 1382
f 1383 1382 1384
f 1383 1384 1385
f 1386 1383 1385
f 1386 1385 1387
f 1388 1386 1387
f 1388 1387 1389
f 1388 1389 1390
f 1391 1388 1390
f 1391 1390 1392
f 1391 1392 1393
f 1394 1391 1393
f 1394 1393 1395
f 1394 1395 1396
f 1397 1394 1396
f 1397 1396 1398
f 1397 1398 1399
f 1400 1397 1399
f 1400 1399 1401
f 1400 1401 1402
f 1403 1400 1402
f 1403 1402 1404
f 1403 1404 1405
f 1406 1403 1405
f 1406 1405 1407
f 1406 1407 1408
f 1409 1406 1408
f 1409 1408 1410
f 1409 1410 1411
f 1412 1409 1411
f 1412 1411 1413
f 1412 1413 1414
f 1415 1412 1414
f 1415 1414 1416
f 1415 1416 1417
f 1418 1415 1417
f 1418 1417 1419
f 1418 1419 1420
f 1421 1418 1420
f 1421 1420 1422
f 1421 1422 1423
f 1088 1421 1423
f 1088 1423 1424
f 1088 1424 1086
f 1173 1176 1170
f 1170 1176 1425
f 1170 1425 1168
f 1168 1425 1165
f 1165 1425 1163
f 1163 1425 1426
f 1163 1426 1160
f 1160 1426 1427
f 1160 1427 1158
f 1158 1427 1155
f 1155 1427 1428
f 1155 1428 1153
f 1153 1428 1429
f 1153 1429 1150
f 1430 1150 1429
f 1431 1150 1430
f 1430 1429 1432
f 1433 1430 1432
f 1433 1432 1434
f 1434 1432 1435
f 1435 1432 1436
f 1435 1436 1437
f 1437 1436 1438
f 1438 1436 1439
f 1439 1436 1440
f 1439 1440 1441
f 1441 1440 1442
f 1442 1440 1443
f 1442 1443 1444
f 1444 1443 1445
f 1444 1445 1446
f 1446 1445 1447
f 1447 1445 1448
f 1447 1448 1449
f 1449 1448 1450
f 1450 1448 1451
f 1450 1451 1452
f 1452 1451 1453
f 1452 1453 1454
f 1454 1453 1455
f 1455 1453 1456
f 1455 1456 1457
f 1457 1456 1458
f 1458 1456 1459
f 1459 1456 1460
f 1459 1460 1461
f 1461 1460 1462
f 1462 1460 1118
f 1118 1460 1115
f 1462 1118 1120
f 1463 1462 1120
f 1463 1120 1464
f 1464 1120 1465
f 1465 1120 1123
f 1465 1123 1466
f 1466 1123 1467
f 1467 1123 1126
f 1467 1126 1468
f 1468 1126 1469
f 1469 1126 1128
f 1469 1128 1470
f 1470 1128 1131
f 1470 1131 1471
f 1471 1131 1472
f 1472 1131 1134
f 1472 1134 1473
f 1473 1134 1136
f 1473 1136 1474
f 1474 1136 1139
f 1474 1139 1475
f 1475 1139 1476
f 1476 1139 1142
f 1476 1142 1477
f 1477 1142 1145
f 1477 1145 1478
f 1478 1145 1479
f 1479 1145 1147
f 1479 1147 1480
f 1480 1147 1481
f 1481 1147 1431
f 1431 1147 1150
f 1115 1460 1482
f 1115 1482 1113
f 1113 1482 1483
f 1113 1483 1111
f 1111 1483 1108
f 1108 1483 1484
f 1108 1484 1106
f 1106 1484 1104
f 1104 1484 1485
f 1104 1485 1101
f 1101 1485 1099
f 1099 1485 1486
f 1099 1486 1097
f 1097 1486 1094
f 1094 1486 1092
f 1092 1486 1090
f 1487 1488 1489
f 1490 1488 1487
f 1491 1487 1489
f 1491 1489 1492
f 1491 1492 1493
f 1494 1491 1493
f 1494 1493 1495
f 1494 1495 1496
f 1497 1494 1496
f 1497 1496 1498
f 1497 1498 1499
f 1500 1497 1499
f 1500 1499 1501
f 1500 1501 1502
f 1503 1500 1502
f 1503 1502 1504
f 1505 1503 1504
f 1505 1504 1506
f 1505 1506 1507
f 1508 1505 1507
f 1508 1507 1509
f 1508 1509 1510
f 1511 1508 1510
f 1511 1510 1512
f 1511 1512 1513
f 1514 1511 1513
f 1514 1513 1515
f 1514 1515 1516
f 1517 1514 1516
f 1517 1516 1518
f 1519 1517 1518
f 1519 1518 1520
f 1519 1520 1521
f 1522 1519 1521
f 1522 1521 1523
f 1522 1523 1524
f 1525 1522 1524
f 1525 1524 1526
f 1525 1526 1527
f 1528 1525 1527
f 1528 1527 1529
f 1528 1529 1530
f 1531 1528 1530
f 1531 1530 1532
f 1533 1531 1532
f 1533 1532 1534
f 1533 1534 1535
f 1536 1533 1535
f 1536 1535 1537
f 1536 1537 1538
f 1539 1536 1538
f 1539 1538 1540
f 1539 1540 1541
f 1542 1539 1541
f 1542 1541 1543
f 1542 1543 1544
f 1545 1542 1544
f 1545 1544 1546
f 1545 1546 1547
f 1545 1547 1548
f 1548 1547 1549
f 1550 1548 1549
f 1550 1549 1551
f 1550 1551 1552
f 1553 1550 1552
f 1553 1552 1554
f 1553 1554 1555
f 1556 1553 1555
f 1556 1555 1557
f 1556 1557 1558
f 1559 1556 1558
f 1559 1558 1560
f 1561 1559 1560
f 1561 1560 1562
f 1561 1562 1563
f 1564 1561 1563
f 1564 1563 1565
f 1564 1565 1566
f 1567 1564 1566
f 1567 1566 1568
f 1567 1568 1569
f 1570 1567 1569
f 1570 1569 1571
f 1570 1571 1572
f 1573 1570 1572
f 1573 1572 1574
f 1575 1573 1574
f 1575 1574 1576
f 1575 1576 1577
f 1578 1575 1577
f 1578 1577 1579
f 1578 1579 1580
f 1581 1578 1580
f 1581 1580 1582
f 1581 1582 1583
f 1584 1581 1583
f 1584 1583 1585
f 1584 1585 1586
f 1587 1584 1586
f 1587 1586 1588
f 1587 1588 1589
f 1590 1587 1589
f 1590 1589 1591
f 1592 1590 1591
f 1592 1591 1593
f 1592 1593 1594
f 1595 1592 1594
f 1595 1594 1596
f 1595 1596 1597
f 1598 1595 1597
f 1598 1597 1599
f 1598 1599 1600
f 1601 1598 1600
f 1601 1600 1602
f 1601 1602 1603
f 1490 1601 1603
f 1490 1603 1604
f 1490 1604 1488
f 1605 1606 1607
f 1608 1606 1605
f 1609 1605 1607
f 1609 1607 1610
f 1610 1607 1611
f 1611 1607 1612
f 1612 1607 1613
f 1613 1607 1614
f 1614 1607 1615
f 1615 1607 1616
f 1616 1607 1617
f 1617 1607 1618
f 1618 1607 1619
f 1618 1619 1620
f 1620 1619 1621
f 1621 1619 1622
f 1622 1619 1623
f 1623 1619 1624
f 1624 1619 1625
f 1625 1619 1626
f 1626 1619 1627
f 1627 1619 1628
f 1628 1619 1629
f 1627 1628 1630
f 1630 1628 1631
f 1631 1628 1632
f 1632 1628 1633
f 1633 1628 1634
f 1634 1628 1635
f 1635 1628 1636
f 1636 1628 1637
f 1637 1628 1638
f 1637 1638 1639
f 1639 1638 1640
f 1640 1638 1641
f 1641 1638 1642
f 1642 1638 1643
f 1643 1638 1644
f 1644 1638 1645
f 1645 1638 1646
f 1646 1638 1647
f 1647 1638 1648
f 1647 1648 1649
f 1649 1648 1650
f 1650 1648 1651
f 1651 1648 1652
f 1652 1648 1653
f 1653 1648 1654
f 1654 1648 1655
f 1655 1648 1656
f 1656 1648 1657
f 1657 1648 1658
f 1658 1648 1659
f 1658 1659 1660
f 1660 1659 1661
f 1661 1659 1662
f 1662 1659 1663
f 1663 1659 1664
f 1664 1659 1665
f 1665 1659 1666
f 1666 1659 1667
f 1667 1659 1668
f 1668 1659 1669
f 1667 1668 1670
f 1670 1668 1671
f 1671 1668 1672
f 1672 1668 1673
f 1673 1668 1674
f 1674 1668 1675
f 1675 1668 1676
f 1676 1668 1677
f 1677 1668 1606
f 1677 1606 1678
f 1678 1606 1679
f 1679 1606 1680
f 1680 1606 1681
f 1681 1606 1682
f 1682 1606 1683
f 1683 1606 1684
f 1684 1606 1608
f 1669 1659 1685
f 1669 1685 1686
f 1686 1685 1687
f 1686 1687 1688
f 1688 1687 1689
f 1688 1689 1690
f 1690 1689 1691
f 1690 1691 1692
f 1692 1691 1693
f 1692 1693 1694
f 1694 1693 1695
f 1694 1695 1696
f 1696 1695 1697
f 1696 1697 1698
f 1698 1697 1699
f 1698 1699 1700
f 1700 1699 1701
f 1700 1701 1702
f 1702 1701 1703
f 1702 1703 1704
f 1704 1703 1705
f 1704 1705 1706
f 1706 1705 1707
f 1706 1707 1708
f 1708 1707 1709
f 1708 1709 1710
f 1710 1709 1711
f 1710 1711 1712
f 1712 1711 1713
f 1712 1713 1714
f 1714 1713 1715
f 1714 1715 1716
f 1716 1715 1717
f 1716 1717 1718
f 1718 1717 1719
f 1718 1719 1720
f 1720 1719 1721
f 1720 1721 1722
f 1722 1721 1723
f 1722 1723 1724
f 1724 1723 1725
f 1724 1725 1726
f 1726 1725 1727
f 1726 1727 1728
f 1728 1727 1729
f 1728 1729 1730
f 1730 1729 1731
f 1730 1731 1732
f 1732 1731 1733
f 1732 1733 1734
f 1734 1733 1735
f 1734 1735 1736
f 1736 1735 1737
f 1736 1737 1738
f 1738 1737 1739
f 1738 1739 1740
f 1740 1739 1741
f 1740 1741 1742
f 1742 1741 1743
f 1742 1743 1744
f 1744 1743 1745
f 1744 1745 1746
f 1746 1745 1747
f 1746 1747 1748
f 1748 1747 1749
f 1748 1749 1750
f 1750 1749 1751
f 1750 1751 1752
f 1752 1751 1753
f 1752 1753 1754
f 1754 1753 1755
f 1754 1755 1756
f 1756 1755 1757
f 1756 1757 1758
f 1758 1757 1759
f 1758 1759 1760
f 1760 1759 1761
f 1760 1761 1762
f 1762 1761 1763
f 1762 1763 1764
f 1764 1763 1765
f 1764 1765 1766
f 1766 1765 1767
f 1766 1767 1768
f 1768 1767 1769
f 1768 1769 1770
f 1770 1769 1771
f 1629 1619 1772
f 1629 1772 1773
f 1773 1772 1774
f 1773 1774 1775
f 1775 1774 1776
f 1775 1776 1777
f 1777 1776 1778
f 1777 1778 1779
f 1779 1778 1780
f 1779 1780 1781
f 1781 1780 1782
f 1781 1782 1783
f 1783 1782 1784
f 1783 1784 1785
f 1785 1784 1786
f 1785 1786 1787
f 1787 1786 1788
f 1787 1788 1789
f 1789 1788 1790
f 1789 1790 1791
f 1791 1790 1792
f 1791 1792 1793
f 1793 1792 1794
f 1793 1794 1795
f 1795 1794 1796
f 1795 1796 1797
f 1797 1796 1798
f 1797 1798 1799
f 1799 1798 1800
f 1799 1800 1801
f 1802 1801 1800
f 1803 1801 1802
f 1802 1800 1804
f 1802 1804 1805
f 1805 1804 1806
f 1806 1804 1807
f 1807 1804 1808
f 1808 1804 1809
f 1809 1804 1810
f 1810 1804 1811
f 1810 1811 1812
f 1812 1811 1813
f 1813 1811 1814
f 1814 1811 1815
f 1814 1815 1816
f 1816 1815 1817
f 1817 1815 1818
f 1818 1815 1819
f 1818 1819 1820
f 1820 1819 1821
f 1821 1819 1822
f 1823 1821 1822
f 1823 1822 1824
f 1824 1822 1825
f 1824 1825 1826
f 1826 1825 1827
f 1827 1825 1828
f 1827 1828 1829
f 1829 1828 1830
f 1830 1828 1831
f 1830 1831 1832
f 1832 1831 1833
f 1833 1831 1834
f 1834 1831 1835
f 1834 1835 1836
f 1836 1835 1837
f 1836 1837 1838
f 1838 1837 1839
f 1839 1837 1840
f 1840 1837 1841
f 1840 1841 1842
f 1842 1841 1843
f 1843 1841 1844
f 1842 1843 1845
f 1845 1843 1846
f 1846 1843 1847
f 1846 1847 1848
f 1848 1847 1849
f 1849 1847 1850
f 1850 1847 1851
f 1850 1851 1852
f 1852 1851 1853
f 1852 1853 1854
f 1854 1853 1855
f 1855 1853 1856
f 1856 1853 1857
f 1856 1857 1858
f 1858 1857 1859
f 1859 1857 1860
f 1859 1860 1861
f 1861 1860 1862
f 1862 1860 1863
f 1862 1863 1864
f 1864 1863 1865
f 1865 1863 1866
f 1865 1866 1867
f 1867 1866 1868
f 1868 1866 1869
f 1868 1869 1870
f 1870 1869 1871
f 1871 1869 1872
f 1872 1869 1873
f 1872 1873 1874
f 1874 1873 1875
f 1875 1873 1876
f 1876 1873 1801
f 1876 1801 1877
f 1877 1801 1878
f 1878 1801 1879
f 1879 1801 1803
f 1844 1841 1880
f 1844 1880 1881
f 1881 1880 1882
f 1881 1882 1883
f 1883 1882 1884
f 1883 1884 1885
f 1885 1884 1886
f 1885 1886 1887
f 1887 1886 1888
f 1887 1888 1889
f 1889 1888 1890
f 1889 1890 1891
f 1891 1890 1892
f 1891 1892 1893
f 1893 1892 1894
f 1893 1894 1895
f 1895 1894 1896
f 1895 1896 1897
f 1897 1896 1898
f 1897 1898 1899
f 1899 1898 1900
f 1899 1900 1901
f 1901 1900 1902
f 1901 1902 1903
f 1903 1902 1904
f 1903 1904 1905
f 1905 1904 1906
f 1905 1906 1907
f 1907 1906 1908
f 1907 1908 1909
f 1909 1908 1910
f 1909 1910 1911
f 1911 1910 1912
f 1911 1912 1913
f 1913 1912 1914
f 1915 1916 1917
f 1915 1918 1916
f 1915 1919 1918
f 1919 1920 1918
f 1919 1921 1920
f 1921 1922 1920
f 1921 1923 1922
f 1923 1924 1922
f 1923 1925 1924
f 1926 1927 1928
f 1926 1929 1927
f 1926 1930 1929
f 1930 1931 1929
f 1930 1932 1931
f 1932 1933 1931
f 1932 1934 1933
f 1934 1935 1933
f 1934 1936 1935
f 1937 1938 1939
f 1937 1940 1938
f 1941 1939 1938
f 1942 1939 1941
f 1942 1941 1943
f 1942 1943 1944
f 1945 1942 1944
f 1945 1944 1946
f 1945 1946 1947
f 1948 1945 1947
f 1948 1947 1949
f 1948 1949 1950
f 1951 1948 1950
f 1951 1950 1952
f 1953 1951 1952
f 1953 1952 1954
f 1953 1954 1955
f 1956 1953 1955
f 1956 1955 1957
f 1956 1957 1958
f 1959 1956 1958
f 1959 1958 1960
f 1959 1960 1961
f 1962 1959 1961
f 1962 1961 1963
f 1962 1963 1964
f 1965 1962 1964
f 1965 1964 1966
f 1967 1965 1966
f 1967 1966 1968
f 1969 1967 1968
f 1970 1969 1968
f 1970 1968 1971
f 1970 1971 1972
f 1973 1970 1972
f 1973 1972 1974
f 1973 1974 1975
f 1976 1973 1975
f 1976 1975 1977
f 1976 1977 1978
f 1979 1976 1978
f 1979 1978 1980
f 1979 1980 1981
f 1982 1979 1981
f 1982 1981 1983
f 1984 1982 1983
f 1984 1983 1985
f 1984 1985 1986
f 1987 1984 1986
f 1987 1986 1988
f 1987 1988 1989
f 1990 1987 1989
f 1990 1989 1991
f 1990 1991 1992
f 1993 1990 1992
f 1993 1992 1994
f 1993 1994 1995
f 1993 1995 1996
f 1996 1995 1997
f 1998 1996 1997
f 1998 1997 1999
f 1998 1999 2000
f 2001 1998 2000
f 2001 2000 2002
f 2001 2002 2003
f 2004 2001 2003
f 2004 2003 2005
f 2004 2005 2006
f 2007 2004 2006
f 2007 2006 2008
f 2009 2007 2008
f 2009 2008 2010
f 2009 2010 2011
f 2012 2009 2011
f 2012 2011 2013
f 2012 2013 2014
f 2015 2012 2014
f 2015 2014 2016
f 2015 2016 2017
f 2018 2015 2017
f 2018 2017 2019
f 2018 2019 2020
f 2021 2018 2020
f 2021 2020 2022
f 2023 2021 2022
f 2023 2022 2024
f 2025 2023 2024
f 2026 2025 2024
f 2026 2024 2027
f 2026 2027 2028
f 2029 2026 2028
f 2029 2028 2030
f 2029 2030 2031
f 2032 2029 2031
f 2032 2031 2033
f 2032 2033 2034
f 2035 2032 2034
f 2035 2034 2036
f 2035 2036 2037
f 2038 2035 2037
f 2038 2037 2039
f 2040 2038 2039
f 2040 2039 2041
f 2040 2041 2042
f 2043 2040 2042
f 2043 2042 2044
f 2043 2044 2045
f 2046 2043 2045
f 2046 2045 2047
f 2046 2047 2048
f 1937 2046 2048
f 1937 2048 1940
