2228 2236 0
v -0.09109089 -0.040730025 0.000594315
v -0.09110007 -0.040732035 -0.00868578
v -0.089039385 -0.04027986 -0.008295075
v -0.091173825 -0.04074822 0.000756435
v -0.09096591 -0.04070259 0.00046347
v -0.09081378 -0.040669215 0.000384885
v -0.090629505 -0.040628775 0.00035157
v -0.090445245 -0.04058835 0.000384885
v -0.0902931 -0.04055496 0.00046347
v -0.090168135 -0.04052754 0.000594315
v -0.0900852 -0.040509345 0.000756435
v -0.090059205 -0.040503645 0.0009375
v -0.091102785 -0.040732635 0.010561905
v -0.089039385 -0.04027986 0.010170075
v -0.0900852 -0.040509345 0.001118565
v -0.090168135 -0.04052754 0.001280685
v -0.0902931 -0.04055496 0.00141153
v -0.090445245 -0.04058835 0.001490115
v -0.090629505 -0.040628775 0.001523445
v -0.09081378 -0.040669215 0.001490115
v -0.09096591 -0.04070259 0.00141153
v -0.09109089 -0.040730025 0.001280685
v -0.091173825 -0.04074822 0.001118565
v -0.09312021 -0.041175315 0.01097913
v -0.091199805 -0.04075392 0.0009375
v -0.09311787 -0.041174805 -0.009102945
v -0.093145275 -0.041180805 -0.00185688
v -0.09318567 -0.04118967 -0.002087625
v -0.093155985 -0.04118316 -0.00162156
v -0.095091675 -0.0416079 0.011421705
v -0.09321798 -0.041196765 -0.001394685
v -0.09332709 -0.041220705 -0.001188585
v -0.09347826 -0.041253885 -0.001012005
v -0.093665145 -0.04129488 -0.00087375
v -0.093876375 -0.041341245 -0.00078225
v -0.094100835 -0.04139049 -0.000740895
v -0.09433161 -0.04144113 -0.00075186
v -0.09613974 -0.04183788 -0.00105
v -0.09701706 -0.04203039 0.01188969
v -0.09652785 -0.04192305 -0.001108455
v -0.096919455 -0.04200897 -0.001153905
v -0.097314555 -0.04209567 -0.00118638
v -0.09889098 -0.042441585 0.01238442
v -0.09771315 -0.042183135 -0.001205835
v -0.098115255 -0.042271365 -0.001212315
v -0.09852144 -0.042360495 -0.00120615
v -0.098931705 -0.042450525 -0.00118734
v -0.10071732 -0.04284234 0.012904905
v -0.09934518 -0.042541245 -0.00115536
v -0.09976098 -0.04263249 -0.001109655
v -0.10017822 -0.04272405 -0.0010497
v -0.10059759 -0.04281606 -0.00097581
v -0.10101966 -0.042908685 -0.0008883
v -0.10250583 -0.043234785 0.01344876
v -0.10144344 -0.04300167 -0.000786765
v -0.101867895 -0.043094805 -0.000670725
v -0.10229202 -0.04318788 -0.00053973
v -0.102715815 -0.043280865 -0.00039378
v -0.10426551 -0.043620915 0.01401411
v -0.10313997 -0.04337394 -0.00023319
v -0.103564455 -0.04346709 -5.7945e-05
v -0.1039893 -0.043560315 0.000131955
v -0.10441449 -0.043653615 0.00033651
v -0.10598808 -0.0439989 0.014608275
v -0.10523313 -0.04383324 0.00071943
v -0.10606713 -0.044016255 0.00105237
v -0.10683603 -0.04418496 0.014914635
v -0.106916865 -0.044202705 0.00133542
v -0.107676885 -0.044369475 0.015225195
v -0.107784615 -0.044393115 0.001569105
v -0.108512055 -0.04455273 0.01553844
v -0.108663945 -0.04458606 0.00175191
v -0.109342875 -0.04473504 0.01585287
v -0.10954842 -0.044780145 0.00188229
v -0.11017071 -0.04491669 0.016167015
v -0.11044029 -0.04497585 0.0019608
v -0.110995185 -0.045097605 0.016482705
v -0.111339945 -0.045173265 0.0019875
v -0.11181315 -0.045277095 0.01680579
v -0.112625475 -0.04545534 0.017133315
v -0.113433165 -0.045632565 0.017461995
v -0.11423727 -0.04580901 0.0177885
v -0.114723375 -0.04591569 0.0019875
v -0.115038795 -0.0459849 0.018109515
v -0.11583882 -0.046160445 0.018421755
v -0.11663832 -0.046335885 0.018721875
v -0.11695257 -0.04640484 0.00877734
v -0.11695782 -0.046405995 0.00848031
v -0.117435465 -0.0465108 0.019014315
v -0.11697003 -0.046408665 0.008925795
v -0.11700183 -0.04641564 0.009074655
v -0.11704584 -0.0464253 0.009222585
v -0.117099435 -0.04643706 0.009367425
v -0.11716452 -0.04645134 0.009510375
v -0.117238575 -0.0464676 0.009650055
v -0.117317355 -0.04648488 0.00978399
v -0.117402705 -0.0465036 0.00991302
v -0.117492705 -0.046523355 0.01003641
v -0.118228455 -0.0466848 0.019303995
v -0.11758269 -0.04654311 0.01015194
v -0.117764145 -0.04658292 0.010358895
v -0.117939375 -0.046621365 0.010538385
v -0.118106505 -0.04665804 0.010693455
v -0.11826576 -0.04669299 0.010831425
v -0.11901858 -0.04685817 0.019588335
v -0.11841795 -0.04672638 0.01095558
v -0.118563255 -0.04675827 0.01106778
v -0.11870151 -0.0467886 0.011169885
v -0.11883246 -0.04681734 0.01126275
v -0.118956015 -0.046844445 0.011347065
v -0.11907231 -0.046869975 0.01142397
v -0.1198071 -0.04703121 0.01986471
v -0.11918172 -0.046893975 0.011494095
v -0.11928459 -0.04691655 0.011558025
v -0.11938164 -0.046937835 0.01161672
v -0.119473245 -0.04695795 0.01167072
v -0.11955984 -0.046976955 0.011720565
v -0.119641755 -0.046994925 0.011766825
v -0.1197189 -0.047011845 0.011809635
v -0.11979117 -0.0470277 0.011849145
v -0.119858505 -0.04704249 0.011885595
v -0.12059529 -0.04720416 0.020130585
v -0.119921535 -0.04705632 0.01191942
v -0.11998128 -0.047069415 0.01195131
v -0.120039465 -0.047082195 0.011982255
v -0.12009645 -0.04709469 0.01201245
v -0.120926775 -0.047276895 0.012448275
v -0.12138441 -0.047377305 0.020383335
v -0.121729485 -0.04745304 0.012858405
v -0.12217569 -0.047550945 0.02062038
v -0.12250461 -0.047623125 0.013242855
v -0.122970225 -0.04772529 0.02083938
v -0.12324888 -0.04778643 0.01360017
v -0.12376452 -0.047899575 0.021043455
v -0.12396555 -0.04794369 0.01393179
v -0.12455802 -0.048073695 0.02123427
v -0.12466437 -0.048097035 0.014242065
v -0.125352195 -0.048247965 0.0214116
v -0.12600654 -0.048391545 0.01479804
v -0.126148455 -0.048422685 0.02157525
v -0.12694824 -0.048598185 0.021725025
v -0.127316265 -0.04867893 0.015284205
v -0.1285641 -0.048952755 0.021982095
v -0.12861705 -0.048964365 0.015710265
v -0.130202775 -0.04931232 0.022180155
v -0.12994182 -0.049255065 0.016091085
v -0.131315745 -0.049556535 0.01643397
v -0.13185528 -0.04967493 0.02231892
v -0.132755655 -0.049872495 0.016742415
v -0.13353258 -0.050042985 0.02240412
v -0.13351068 -0.05003817 0.01688499
v -0.134288265 -0.050208795 0.017019435
v -0.135246675 -0.05041911 0.022441695
v -0.13509279 -0.05038533 0.017144925
v -0.13592499 -0.05056794 0.01726161
v -0.13700226 -0.050804325 0.022434
v -0.136784145 -0.050756475 0.017369355
v -0.137672565 -0.050951415 0.017466705
v -0.138792735 -0.051197205 0.02237775
v -0.138590295 -0.05115279 0.01755354
v -0.13953729 -0.051360585 0.01763001
v -0.140617995 -0.05159772 0.0222729
v -0.140515755 -0.051575295 0.017695095
v -0.141526425 -0.05179707 0.01774848
v -0.142478025 -0.05200587 0.022119435
v -0.14256855 -0.052025745 0.01779048
v -0.14290857 -0.05210034 0.022083315
v -0.143353515 -0.052197975 0.022029045
v -0.14364216 -0.05226132 0.01782111
v -0.14381169 -0.05229852 0.02196081
v -0.143971695 -0.052333635 0.017826915
v -0.144285585 -0.0524025 0.02186994
v -0.144326115 -0.052411395 0.01781208
v -0.144783285 -0.052511715 0.021739965
v -0.144696615 -0.052492695 0.017765055
v -0.145071915 -0.052575045 0.01767264
v -0.145299375 -0.052624965 0.02157165
v -0.145440915 -0.052656015 0.017526705
v -0.14581911 -0.05273901 0.02135148
v -0.145787355 -0.052732035 0.017329155
v -0.146103195 -0.05280135 0.01708389
v -0.146343045 -0.05285397 0.02108094
v -0.146382105 -0.052862535 0.01679751
v -0.146852415 -0.052965735 0.02075379
v -0.14661645 -0.05291397 0.016485135
v -0.146809305 -0.052956285 0.016160505
v -0.14696718 -0.052990935 0.015838815
v -0.147103005 -0.053020725 0.02056881
v -0.147096225 -0.05301924 0.01553235
v -0.147348675 -0.053074635 0.020370165
v -0.147586815 -0.053126895 0.02015823
v -0.14759103 -0.053127825 0.014269755
v -0.147816915 -0.053177385 0.01993191
v -0.148039245 -0.053226165 0.012994395
v -0.14804148 -0.05322666 0.019689795
v -0.148258065 -0.05327418 0.01943565
v -0.148440825 -0.05331429 0.011706285
v -0.14846391 -0.05331936 0.019173465
v -0.148656765 -0.053361675 0.01890555
v -0.148795845 -0.053392185 0.010405515
v -0.148837815 -0.053401395 0.01862649
v -0.14900796 -0.05343873 0.0183402
v -0.1491042 -0.05345985 0.00909189
v -0.149167815 -0.053473815 0.018052305
v -0.149317965 -0.053506755 0.01776819
v -0.149365935 -0.053517285 0.00776517
v -0.149458215 -0.053537535 0.01748622
v -0.149581215 -0.05356452 0.00642537
v -0.14958837 -0.053566095 0.017204535
v -0.149749305 -0.053601405 0.00507267
v -0.14981844 -0.053616585 0.016642005
v -0.14981541 -0.05361591 0.004391505
v -0.149869605 -0.053627805 0.003707145
v -0.1503486 -0.05373291 0.015282195
v -0.14991195 -0.053637105 0.00301956
v -0.149942415 -0.05364378 0.00232875
v -0.14996103 -0.05364786 0.00163473
v -0.14996775 -0.053649345 0.0009375
v -0.149961045 -0.05364786 0.000240495
v -0.14981844 -0.053616585 -0.014767005
v -0.1503486 -0.05373291 -0.013407195
v -0.14994246 -0.053643795 -0.000453315
v -0.14991201 -0.053637105 -0.00114396
v -0.14986968 -0.05362782 -0.00183141
v -0.149815485 -0.053615925 -0.002515695
v -0.14969463 -0.053589405 -0.015075585
v -0.149749395 -0.05360142 -0.0031968
v -0.14958132 -0.05356455 -0.004549575
v -0.1495635 -0.053560635 -0.015378585
v -0.149425035 -0.05353026 -0.01567599
v -0.149366055 -0.053517315 -0.00588954
v -0.14927925 -0.053498265 -0.0159678
v -0.14912673 -0.0534648 -0.01625523
v -0.149104305 -0.05345988 -0.00721641
v -0.148967235 -0.053429805 -0.016537875
v -0.148799685 -0.05339304 -0.01681332
v -0.148795905 -0.0533922 -0.0085302
v -0.14862291 -0.053354235 -0.017079135
v -0.14844087 -0.05331429 -0.009831135
v -0.14843649 -0.053313345 -0.01733559
v -0.148241115 -0.05327046 -0.01758366
v -0.14803926 -0.05322618 -0.011119335
v -0.14803716 -0.053225715 -0.01782204
v -0.14782506 -0.05317917 -0.018049425
v -0.147591045 -0.053127825 -0.01239474
v -0.147375915 -0.05308062 -0.018472185
v -0.147096225 -0.05301924 -0.01365735
v -0.146894715 -0.05297502 -0.018850755
v -0.14698788 -0.052995465 -0.0139158
v -0.14685756 -0.052966875 -0.014192595
v -0.14638062 -0.05286222 -0.019182855
v -0.146698095 -0.05293188 -0.01448157
v -0.14650077 -0.052888575 -0.014774445
v -0.146256 -0.052834875 -0.01506168
v -0.145840515 -0.052743705 -0.019467585
v -0.14611716 -0.05280441 -0.015195645
v -0.1459671 -0.052771485 -0.0153234
v -0.1458084 -0.052736655 -0.01544061
v -0.145277715 -0.05262021 -0.0197025
v -0.145640655 -0.052699845 -0.01554576
v -0.14546541 -0.0526614 -0.01563942
v -0.14528742 -0.05262234 -0.01571967
v -0.14510484 -0.052582275 -0.015786465
v -0.14470212 -0.052493895 -0.01988997
v -0.144922635 -0.0525423 -0.01584069
v -0.14456958 -0.052464825 -0.01591068
v -0.144119445 -0.05236605 -0.020027655
v -0.144235215 -0.05239146 -0.01594326
v -0.14392491 -0.05232336 -0.015951465
v -0.14354562 -0.05224014 -0.020127195
v -0.14364216 -0.05226132 -0.01594611
v -0.143000715 -0.052120575 -0.020200815
v -0.14256372 -0.05202468 -0.015915375
v -0.142478025 -0.05200587 -0.020244435
v -0.141516105 -0.051794805 -0.015873045
v -0.140607885 -0.051595515 -0.020398755
v -0.140499345 -0.051571695 -0.01581912
v -0.13877268 -0.05119281 -0.020503845
v -0.13951392 -0.051355455 -0.015753255
v -0.138559335 -0.051145995 -0.01567581
v -0.136972425 -0.050797785 -0.020559705
v -0.137634 -0.050942955 -0.015587745
v -0.136738005 -0.050746335 -0.015488895
v -0.13520718 -0.05041044 -0.020566395
v -0.135871245 -0.05055615 -0.01537944
v -0.135031965 -0.050371995 -0.01526085
v -0.13348197 -0.05003187 -0.020526765
v -0.134221035 -0.05019405 -0.01513335
v -0.133437585 -0.050022135 -0.014996715
v -0.131793225 -0.04966131 -0.020438775
v -0.1326774 -0.049855335 -0.01485189
v -0.13122993 -0.04953771 -0.014539005
v -0.13013184 -0.04929675 -0.02029722
v -0.129849225 -0.04923474 -0.014191155
v -0.12848964 -0.048936405 -0.020097
v -0.12851709 -0.048942435 -0.01380444
v -0.12720525 -0.04865457 -0.013370085
v -0.12687546 -0.04858221 -0.01983768
v -0.126078045 -0.048407235 -0.01968684
v -0.125885925 -0.04836507 -0.01287534
v -0.125285025 -0.04823322 -0.019522305
v -0.124540665 -0.048069885 -0.01231314
v -0.124494885 -0.048059835 -0.019344405
v -0.12370608 -0.04788675 -0.019153485
v -0.123140775 -0.0477627 -0.011673945
v -0.12291708 -0.04771362 -0.018949875
v -0.12241311 -0.04760304 -0.01132305
v -0.12212868 -0.047540625 -0.01873203
v -0.121661895 -0.047438205 -0.01094958
v -0.12134481 -0.04736862 -0.0184968
v -0.12088968 -0.04726875 -0.010554375
v -0.120564165 -0.04719732 -0.018246405
v -0.12009645 -0.04709469 -0.01013745
v -0.119785095 -0.04702638 -0.017983275
v -0.12003474 -0.04708116 -0.01010475
v -0.11997237 -0.047067465 -0.01007157
v -0.119909145 -0.04705359 -0.01003779
v -0.119844135 -0.047039325 -0.01000284
v -0.119776665 -0.047024535 -0.009966255
v -0.119005995 -0.04685541 -0.017709855
v -0.11970627 -0.047009085 -0.00992766
v -0.119631855 -0.04699275 -0.009886275
v -0.11955255 -0.04697535 -0.00984141
v -0.119467815 -0.04695675 -0.009792555
v -0.11937732 -0.046936905 -0.009739155
v -0.119281065 -0.04691577 -0.00968085
v -0.119178945 -0.046893375 -0.00961734
v -0.11907075 -0.04686963 -0.009547965
v -0.11895642 -0.046844535 -0.009472335
v -0.118225245 -0.046684095 -0.017428575
v -0.118835865 -0.04681809 -0.009390105
v -0.118709355 -0.046790325 -0.009300555
v -0.118577175 -0.046761315 -0.009203235
v -0.118439685 -0.04673115 -0.00909771
v -0.11829732 -0.04669992 -0.008982795
v -0.118149315 -0.04666743 -0.00885636
v -0.11744121 -0.04651206 -0.017141895
v -0.117994755 -0.046633515 -0.008716215
v -0.11783139 -0.04659768 -0.008555025
v -0.11766105 -0.0465603 -0.00836928
v -0.117485355 -0.04652175 -0.008153025
v -0.117318315 -0.04648509 -0.007909785
v -0.1166523 -0.046338945 -0.01685223
v -0.11723931 -0.04646775 -0.007778415
v -0.117168345 -0.04645218 -0.00764289
v -0.11710464 -0.0464382 -0.00750249
v -0.117048825 -0.04642596 -0.00735795
v -0.117004935 -0.04641633 -0.007211925
v -0.116973105 -0.04640934 -0.00706401
v -0.11694711 -0.04640364 -0.006766545
v -0.11586075 -0.04616526 -0.01655496
v -0.115069005 -0.04599153 -0.016245915
v -0.11697966 -0.04641078 -0.00647493
v -0.11810865 -0.04665852 -0.0001125
v -0.114723375 -0.04591569 -0.0001125
v -0.11706846 -0.046430265 -0.00619764
v -0.117211245 -0.0464616 -0.00593982
v -0.11730039 -0.04648116 -0.00582174
v -0.117401505 -0.046503345 -0.005710395
v -0.117622425 -0.046551825 -0.005512095
v -0.117863295 -0.04660467 -0.005346465
v -0.11810118 -0.04665687 -0.005213145
v -0.11833155 -0.04670742 -0.005105685
v -0.119940075 -0.047060385 -0.0001125
v -0.118550115 -0.04675539 -0.005020005
v -0.118755915 -0.04680054 -0.0049494
v -0.11894913 -0.046842945 -0.004891185
v -0.11912976 -0.046882575 -0.0048429
v -0.119299185 -0.046919745 -0.004801725
v -0.119458305 -0.046954665 -0.00476655
v -0.11960796 -0.0469875 -0.004736235
v -0.119749335 -0.04701852 -0.004709565
v -0.1198824 -0.047047725 -0.00468612
v -0.1200072 -0.047075115 -0.004665405
v -0.12016962 -0.047110755 -8.577e-05
v -0.12012357 -0.047100645 -0.00464685
v -0.12023163 -0.04712436 -0.00463014
v -0.12038481 -0.047157975 -8.4e-06
v -0.120331515 -0.047146275 -0.00461499
v -0.120423765 -0.04716651 -0.004601085
v -0.120579135 -0.047200605 0.000116325
v -0.12050874 -0.04718517 -0.004588275
v -0.120586845 -0.0472023 -0.00457644
v -0.120742185 -0.04723638 0.000283245
v -0.1206594 -0.04721823 -0.00456522
v -0.12072729 -0.047233125 -0.004554435
v -0.12079179 -0.04724727 -0.004543815
v -0.120863985 -0.04726311 0.00048219
v -0.12085446 -0.047261025 -0.004533
v -0.1209156 -0.047274435 -0.0045219
v -0.120939705 -0.04727973 0.000703425
v -0.120965685 -0.04728543 0.0009375
v -0.12146079 -0.047394075 0.006264465
v -0.12146079 -0.047394075 -0.004389465
v -0.120939705 -0.04727973 0.001171575
v -0.1209156 -0.047274435 0.0063969
v -0.120863985 -0.04726311 0.00139281
v -0.120855765 -0.04726131 0.00640776
v -0.120742185 -0.04723638 0.001591755
v -0.120794985 -0.047247975 0.006418275
v -0.120732975 -0.04723437 0.006428505
v -0.120579135 -0.047200605 0.001758675
v -0.120668475 -0.04722021 0.006438795
v -0.120600375 -0.04720527 0.00644937
v -0.120528045 -0.0471894 0.006460365
v -0.12038481 -0.047157975 0.0018834
v -0.12045111 -0.047172525 0.00647196
v -0.12036963 -0.047154645 0.006484245
v -0.12016962 -0.047110755 0.00196077
v -0.12028359 -0.04713576 0.006497235
v -0.12019284 -0.04711584 0.00651111
v -0.120096975 -0.04709481 0.00652605
v -0.119940075 -0.047060385 0.0019875
v -0.11999565 -0.04707258 0.00654225
v -0.11988795 -0.04704894 0.006560205
v -0.11810865 -0.04665852 0.0019875
v -0.119773425 -0.047023815 0.006580245
v -0.11965152 -0.046997055 0.00660276
v -0.11952162 -0.046968555 0.006628455
v -0.119383575 -0.04693827 0.00665775
v -0.11923716 -0.04690614 0.006691275
v -0.119082435 -0.046872195 0.006730065
v -0.118919415 -0.04683642 0.00677484
v -0.118748325 -0.046798875 0.006826755
v -0.118567905 -0.04675929 0.006888405
v -0.118377375 -0.046717485 0.006961785
v -0.11817435 -0.046672935 0.00705171
v -0.117959145 -0.046625715 0.007164855
v -0.117733335 -0.046576155 0.00730536
v -0.117511455 -0.046527465 0.007479825
v -0.117309555 -0.04648317 0.007687245
v -0.11714019 -0.046446 0.007927425
v -0.1170219 -0.04642005 0.00819444
v -0.121984875 -0.04750908 0.006077535
v -0.121984875 -0.04750908 -0.004202535
v -0.122490375 -0.04761999 0.005834745
v -0.122490375 -0.04761999 -0.003959745
v -0.12296814 -0.047724825 0.00554094
v -0.12296814 -0.047724825 -0.00366594
v -0.123414705 -0.04782282 0.00519732
v -0.123414705 -0.04782282 -0.00332232
v -0.123823455 -0.047912505 0.0048099
v -0.123823455 -0.047912505 -0.0029349
v -0.12419211 -0.0479934 0.00437991
v -0.12419211 -0.0479934 -0.00250491
v -0.1245147 -0.048064185 0.003915285
v -0.1245147 -0.048064185 -0.002040285
v -0.124789815 -0.04812456 0.00341709
v -0.124789815 -0.04812456 -0.00154209
v -0.125012685 -0.04817346 0.002894895
v -0.125012685 -0.04817346 -0.001019895
v -0.125182575 -0.048210735 0.00234954
v -0.125182575 -0.048210735 -0.00047454
v -0.125296395 -0.04823571 0.00179181
v -0.125296395 -0.04823571 8.319e-05
v -0.125353845 -0.048248325 0.00122238
v -0.125353845 -0.048248325 0.00065262
v -0.114275715 -0.045817455 -0.0159282
v -0.113479545 -0.04564275 -0.01560495
v -0.11267913 -0.045467115 -0.0152793
v -0.11187312 -0.04529025 -0.014954355
v -0.111339945 -0.04517325 -0.0001125
v -0.111060165 -0.04511187 -0.014633235
v -0.110446845 -0.04497729 -0.00014271
v -0.110239125 -0.044931705 -0.0143187
v -0.10956258 -0.04478325 -0.000231705
v -0.10941333 -0.044750505 -0.014004975
v -0.10868577 -0.04459086 -0.00037983
v -0.10858341 -0.04456839 -0.013690335
v -0.10781712 -0.04440024 -0.00058692
v -0.107748075 -0.044385105 -0.0133764
v -0.10696659 -0.04421361 -0.000850575
v -0.106906095 -0.044200335 -0.013064775
v -0.106134885 -0.04403112 -0.00117066
v -0.10605618 -0.04401384 -0.01275705
v -0.105320625 -0.04385244 -0.001547475
v -0.10432749 -0.04363452 -0.012159705
v -0.1048812 -0.04375602 -0.001759635
v -0.104441685 -0.04365957 -0.001958085
v -0.10400205 -0.043563105 -0.00214281
v -0.10255776 -0.043246185 -0.011590515
v -0.10356231 -0.04346661 -0.00231381
v -0.10312245 -0.0433701 -0.0024711
v -0.102682335 -0.04327353 -0.00261459
v -0.1022412 -0.04317672 -0.00274401
v -0.1007538 -0.04285035 -0.01104138
v -0.101799675 -0.043079835 -0.0028596
v -0.1013586 -0.042983055 -0.00296169
v -0.100918815 -0.04288656 -0.003050625
v -0.10004481 -0.04269477 -0.00318966
v -0.09891117 -0.042446025 -0.010515495
v -0.09917517 -0.04250394 -0.00327561
v -0.09831513 -0.042315225 -0.00331098
v -0.09702483 -0.0420321 -0.01001673
v -0.09746928 -0.04212963 -0.003297885
v -0.096635505 -0.041946675 -0.00323535
v -0.0950928 -0.041608155 -0.009546585
v -0.095813595 -0.041766315 -0.00312327
v -0.094005465 -0.041369565 -0.002825145
v -0.093783 -0.04132074 -0.002761395
v -0.09358257 -0.04127676 -0.002649975
v -0.093410085 -0.041238915 -0.002495205
v -0.09327504 -0.04120929 -0.002303865
v -0.15082893 -0.053838315 0.013908495
v -0.15082893 -0.053838315 -0.012033495
v -0.151259445 -0.053932785 0.012520905
v -0.151259445 -0.053932785 -0.010645905
v -0.15164019 -0.05401632 0.01111938
v -0.15164019 -0.05401632 -0.00924438
v -0.15197154 -0.05408904 0.009703365
v -0.15197154 -0.05408904 -0.007828365
v -0.152253 -0.054150795 0.008273595
v -0.152253 -0.054150795 -0.006398595
v -0.152483805 -0.054201435 0.00683109
v -0.152483805 -0.054201435 -0.00495609
v -0.15266349 -0.05424087 0.00537657
v -0.15266349 -0.05424087 -0.00350157
v -0.152792385 -0.054269145 0.003909495
v -0.152792385 -0.054269145 -0.002034495
v -0.15287058 -0.054286305 0.002429805
v -0.15287058 -0.054286305 -0.000554805
v -0.152898045 -0.054292335 0.0009375
v -0.08831196 -0.040120245 -0.00812955
v -0.08831196 -0.040120245 0.01000455
v -0.087611475 -0.03996654 -0.007911645
v -0.087611475 -0.03996654 0.009786645
v -0.08693796 -0.039818745 -0.00764136
v -0.08693796 -0.039818745 0.00951636
v -0.086291295 -0.039676845 -0.007318635
v -0.086291295 -0.039676845 0.009193635
v -0.08566542 -0.039539505 -0.00693885
v -0.08566542 -0.039539505 0.00881385
v -0.08506446 -0.03940764 -0.00650511
v -0.08506446 -0.03940764 0.00838011
v -0.084499455 -0.039283665 -0.00602586
v -0.084499455 -0.039283665 0.00790086
v -0.08398086 -0.039169875 -0.005508885
v -0.08398086 -0.039169875 0.007383885
v -0.08350218 -0.03906483 -0.00494619
v -0.08350218 -0.03906483 0.00682119
v -0.08306418 -0.038968725 -0.004341165
v -0.08306418 -0.038968725 0.006216165
v -0.0826749 -0.0388833 -0.00370533
v -0.0826749 -0.0388833 0.00558033
v -0.082341435 -0.03881013 -0.003048375
v -0.082341435 -0.03881013 0.004923375
v -0.082058925 -0.038748135 -0.002359185
v -0.082058925 -0.038748135 0.004234185
v -0.08182824 -0.038697525 -0.00164391
v -0.08182824 -0.038697525 0.00351891
v -0.08165361 -0.0386592 -0.00091602
v -0.08165361 -0.0386592 0.00279102
v -0.08153862 -0.03863397 -0.0001854
v -0.08153862 -0.03863397 0.0020604
v -0.081481485 -0.03862143 0.00056085
v -0.081481485 -0.03862143 0.00131415
v -0.08944125 -0.038448435 -0.008295075
v -0.089039385 -0.04027986 -0.008295075
v -0.09110007 -0.040732035 -0.00868578
v -0.088713825 -0.03828882 -0.00812955
v -0.091501935 -0.03890061 -0.00868578
v -0.09311787 -0.041174805 -0.009102945
v -0.093519735 -0.039343365 -0.009102945
v -0.0950928 -0.041608155 -0.009546585
v -0.09549468 -0.03977673 -0.009546585
v -0.09702483 -0.0420321 -0.01001673
v -0.097426695 -0.040200675 -0.01001673
v -0.09891117 -0.042446025 -0.010515495
v -0.099313035 -0.040614585 -0.010515495
v -0.1007538 -0.04285035 -0.01104138
v -0.101155665 -0.041018925 -0.01104138
v -0.10255776 -0.043246185 -0.011590515
v -0.102959625 -0.04141476 -0.011590515
v -0.10432749 -0.04363452 -0.012159705
v -0.104729355 -0.041803095 -0.012159705
v -0.10605618 -0.04401384 -0.01275705
v -0.106458045 -0.042182415 -0.01275705
v -0.106906095 -0.044200335 -0.013064775
v -0.10730796 -0.04236891 -0.013064775
v -0.107748075 -0.044385105 -0.0133764
v -0.10814994 -0.042553665 -0.0133764
v -0.10858341 -0.04456839 -0.013690335
v -0.108985275 -0.042736965 -0.013690335
v -0.10941333 -0.044750505 -0.014004975
v -0.109815195 -0.04291908 -0.014004975
v -0.110239125 -0.044931705 -0.0143187
v -0.11064099 -0.04310028 -0.0143187
v -0.111060165 -0.04511187 -0.014633235
v -0.11146203 -0.043280445 -0.014633235
v -0.11187312 -0.04529025 -0.014954355
v -0.112274985 -0.043458825 -0.014954355
v -0.11267913 -0.045467115 -0.0152793
v -0.113080995 -0.04363569 -0.0152793
v -0.113479545 -0.04564275 -0.01560495
v -0.11388141 -0.043811325 -0.01560495
v -0.114275715 -0.045817455 -0.0159282
v -0.114677595 -0.04398603 -0.0159282
v -0.115069005 -0.04599153 -0.016245915
v -0.11547087 -0.04416009 -0.016245915
v -0.11586075 -0.04616526 -0.01655496
v -0.116262615 -0.044333835 -0.01655496
v -0.1166523 -0.046338945 -0.01685223
v -0.117054165 -0.04450752 -0.01685223
v -0.11744121 -0.04651206 -0.017141895
v -0.117843075 -0.044680635 -0.017141895
v -0.118225245 -0.046684095 -0.017428575
v -0.11862711 -0.04485267 -0.017428575
v -0.119005995 -0.04685541 -0.017709855
v -0.119407875 -0.045023985 -0.017709855
v -0.119785095 -0.04702638 -0.017983275
v -0.120186975 -0.04519494 -0.017983275
v -0.120564165 -0.04719732 -0.018246405
v -0.120966045 -0.045365895 -0.018246405
v -0.12134481 -0.04736862 -0.0184968
v -0.12174669 -0.045537195 -0.0184968
v -0.12212868 -0.047540625 -0.01873203
v -0.122530545 -0.0457092 -0.01873203
v -0.12291708 -0.04771362 -0.018949875
v -0.12331896 -0.045882195 -0.018949875
v -0.12370608 -0.04788675 -0.019153485
v -0.124107945 -0.046055325 -0.019153485
v -0.124494885 -0.048059835 -0.019344405
v -0.12489675 -0.04622841 -0.019344405
v -0.125285025 -0.04823322 -0.019522305
v -0.125686905 -0.046401795 -0.019522305
v -0.126078045 -0.048407235 -0.01968684
v -0.12647991 -0.04657581 -0.01968684
v -0.12687546 -0.04858221 -0.01983768
v -0.12727734 -0.046750785 -0.01983768
v -0.12848964 -0.048936405 -0.020097
v -0.12889152 -0.04710498 -0.020097
v -0.13013184 -0.04929675 -0.02029722
v -0.13053372 -0.047465325 -0.02029722
v -0.131793225 -0.04966131 -0.020438775
v -0.132195075 -0.047829885 -0.020438775
v -0.13348197 -0.05003187 -0.020526765
v -0.13388385 -0.048200445 -0.020526765
v -0.13520718 -0.05041044 -0.020566395
v -0.13560906 -0.048579 -0.020566395
v -0.136972425 -0.050797785 -0.020559705
v -0.137374275 -0.04896636 -0.020559705
v -0.13877268 -0.05119281 -0.020503845
v -0.139174545 -0.049361385 -0.020503845
v -0.140607885 -0.051595515 -0.020398755
v -0.14100975 -0.049764075 -0.020398755
v -0.142478025 -0.05200587 -0.020244435
v -0.142879905 -0.050174445 -0.020244435
v -0.143000715 -0.052120575 -0.020200815
v -0.14340792 -0.050290305 -0.020200605
v -0.14354562 -0.05224014 -0.020127195
v -0.143960115 -0.050411475 -0.020125365
v -0.144119445 -0.05236605 -0.020027655
v -0.14454375 -0.050539545 -0.020022975
v -0.14470212 -0.052493895 -0.01988997
v -0.145137105 -0.050669745 -0.019880685
v -0.145277715 -0.05262021 -0.0197025
v -0.14543025 -0.050734065 -0.019789335
v -0.14572341 -0.0507984 -0.01968591
v -0.145840515 -0.052743705 -0.019467585
v -0.14601297 -0.05086194 -0.019570305
v -0.146295225 -0.050923875 -0.019442385
v -0.14638062 -0.05286222 -0.019182855
v -0.14657061 -0.050984295 -0.019301625
v -0.146840595 -0.051043545 -0.019148265
v -0.146894715 -0.05297502 -0.018850755
v -0.147356265 -0.05115669 -0.018807675
v -0.147375915 -0.05308062 -0.018472185
v -0.147834165 -0.051261555 -0.018423225
v -0.14782506 -0.05317917 -0.018049425
v -0.148276755 -0.05135868 -0.017997735
v -0.14803716 -0.053225715 -0.01782204
v -0.148241115 -0.05327046 -0.01758366
v -0.14868375 -0.05144799 -0.017533785
v -0.14843649 -0.053313345 -0.01733559
v -0.14862291 -0.053354235 -0.017079135
v -0.14905542 -0.051529545 -0.017034705
v -0.148799685 -0.05339304 -0.01681332
v -0.149227395 -0.051567285 -0.016772925
v -0.148967235 -0.053429805 -0.016537875
v -0.149390115 -0.051602985 -0.01650249
v -0.14912673 -0.0534648 -0.01625523
v -0.149544975 -0.05163696 -0.01622538
v -0.14927925 -0.053498265 -0.0159678
v -0.14969334 -0.051669525 -0.01594359
v -0.149425035 -0.05353026 -0.01567599
v -0.149835495 -0.05170071 -0.01565745
v -0.1495635 -0.053560635 -0.015378585
v -0.149970705 -0.05173038 -0.015365985
v -0.14969463 -0.053589405 -0.015075585
v -0.15009897 -0.05175852 -0.015069165
v -0.14981844 -0.053616585 -0.014767005
v -0.15022032 -0.051785145 -0.014767005
v -0.1503486 -0.05373291 -0.013407195
v -0.150750465 -0.051901485 -0.013407195
v -0.15082893 -0.053838315 -0.012033495
v -0.151230795 -0.052006875 -0.012033495
v -0.151259445 -0.053932785 -0.010645905
v -0.151661325 -0.052101345 -0.010645905
v -0.15164019 -0.05401632 -0.00924438
v -0.15204207 -0.052184895 -0.00924438
v -0.15197154 -0.05408904 -0.007828365
v -0.15237342 -0.0522576 -0.007828365
v -0.152253 -0.054150795 -0.006398595
v -0.152654865 -0.05231937 -0.006398595
v -0.152483805 -0.054201435 -0.00495609
v -0.152885685 -0.05237001 -0.00495609
v -0.15266349 -0.05424087 -0.00350157
v -0.153065355 -0.052409445 -0.00350157
v -0.152792385 -0.054269145 -0.002034495
v -0.153194265 -0.05243772 -0.002034495
v -0.15287058 -0.054286305 -0.000554805
v -0.153272445 -0.05245488 -0.000554805
v -0.152898045 -0.054292335 0.0009375
v -0.15329991 -0.05246091 0.0009375
v -0.15287058 -0.054286305 0.002429805
v -0.153272445 -0.05245488 0.002429805
v -0.152792385 -0.054269145 0.003909495
v -0.153194265 -0.05243772 0.003909495
v -0.15266349 -0.05424087 0.00537657
v -0.153065355 -0.052409445 0.00537657
v -0.152483805 -0.054201435 0.00683109
v -0.152885685 -0.05237001 0.00683109
v -0.152253 -0.054150795 0.008273595
v -0.152654865 -0.05231937 0.008273595
v -0.15197154 -0.05408904 0.009703365
v -0.15237342 -0.0522576 0.009703365
v -0.15164019 -0.05401632 0.01111938
v -0.15204207 -0.052184895 0.01111938
v -0.151259445 -0.053932785 0.012520905
v -0.151661325 -0.052101345 0.012520905
v -0.15082893 -0.053838315 0.013908495
v -0.151230795 -0.052006875 0.013908495
v -0.1503486 -0.05373291 0.015282195
v -0.150750465 -0.051901485 0.015282195
v -0.14981844 -0.053616585 0.016642005
v -0.15022032 -0.051785145 0.016642005
v -0.14958837 -0.053566095 0.017204535
v -0.14999004 -0.051734625 0.01720491
v -0.149458215 -0.053537535 0.01748622
v -0.14985984 -0.05170605 0.0174867
v -0.149317965 -0.053506755 0.01776819
v -0.14971956 -0.05167527 0.017768715
v -0.149167815 -0.053473815 0.018052305
v -0.149569425 -0.05164233 0.0180528
v -0.14900796 -0.05343873 0.0183402
v -0.149409645 -0.051607275 0.018340545
v -0.148837815 -0.053401395 0.01862649
v -0.14923959 -0.051569955 0.01862667
v -0.148656765 -0.053361675 0.01890555
v -0.14905863 -0.051530235 0.018905565
v -0.14846391 -0.05331936 0.019173465
v -0.148865835 -0.051487935 0.01917339
v -0.148660035 -0.051442785 0.019435515
v -0.148258065 -0.05327418 0.01943565
v -0.14844351 -0.051395265 0.019689615
v -0.14804148 -0.05322666 0.019689795
v -0.14821899 -0.051346005 0.0199317
v -0.147816915 -0.053177385 0.01993191
v -0.147988965 -0.05129553 0.020157975
v -0.147586815 -0.053126895 0.02015823
v -0.147750915 -0.0512433 0.02036985
v -0.147348675 -0.053074635 0.020370165
v -0.14750538 -0.051189405 0.02056842
v -0.147103005 -0.053020725 0.02056881
v -0.147254925 -0.05113446 0.02075334
v -0.146852415 -0.052965735 0.02075379
v -0.146745735 -0.051022725 0.02108046
v -0.146343045 -0.05285397 0.02108094
v -0.14622192 -0.05090778 0.02135103
v -0.14581911 -0.05273901 0.02135148
v -0.145702245 -0.05079375 0.021571275
v -0.145299375 -0.052624965 0.02157165
v -0.14518605 -0.050680485 0.021739695
v -0.144783285 -0.052511715 0.021739965
v -0.144688365 -0.050571285 0.02186973
v -0.144285585 -0.0524025 0.02186994
v -0.144214815 -0.050467365 0.021960615
v -0.14381169 -0.05229852 0.02196081
v -0.143756685 -0.050366835 0.02202888
v -0.143353515 -0.052197975 0.022029045
v -0.14331129 -0.05026911 0.02208321
v -0.14290857 -0.05210034 0.022083315
v -0.142478025 -0.05200587 0.022119435
v -0.142879905 -0.050174445 0.022119435
v -0.140617995 -0.05159772 0.0222729
v -0.14101986 -0.049766295 0.0222729
v -0.138792735 -0.051197205 0.02237775
v -0.1391946 -0.04936578 0.02237775
v -0.13700226 -0.050804325 0.022434
v -0.137404125 -0.0489729 0.022434
v -0.135246675 -0.05041911 0.022441695
v -0.135648555 -0.04858767 0.022441695
v -0.13353258 -0.050042985 0.02240412
v -0.13393446 -0.048211545 0.02240412
v -0.13185528 -0.04967493 0.02231892
v -0.13225713 -0.047843505 0.02231892
v -0.130202775 -0.04931232 0.022180155
v -0.130604655 -0.047480895 0.022180155
v -0.1285641 -0.048952755 0.021982095
v -0.12896598 -0.047121315 0.021982095
v -0.12694824 -0.048598185 0.021725025
v -0.127350105 -0.04676676 0.021725025
v -0.126148455 -0.048422685 0.02157525
v -0.12655032 -0.04659126 0.02157525
v -0.125352195 -0.048247965 0.0214116
v -0.125754075 -0.04641654 0.0214116
v -0.12455802 -0.048073695 0.02123427
v -0.1249599 -0.04624227 0.02123427
v -0.12376452 -0.047899575 0.021043455
v -0.124166385 -0.04606815 0.021043455
v -0.122970225 -0.04772529 0.02083938
v -0.123372105 -0.045893865 0.02083938
v -0.12217569 -0.047550945 0.02062038
v -0.12257757 -0.04571952 0.02062038
v -0.12138441 -0.047377305 0.020383335
v -0.12178626 -0.04554588 0.020383335
v -0.12059529 -0.04720416 0.020130585
v -0.12099717 -0.04537272 0.020130585
v -0.1198071 -0.04703121 0.01986471
v -0.120208965 -0.045199785 0.01986471
v -0.11901858 -0.04685817 0.019588335
v -0.119420445 -0.045026745 0.019588335
v -0.118228455 -0.0466848 0.019303995
v -0.11863032 -0.044853375 0.019303995
v -0.117435465 -0.0465108 0.019014315
v -0.11783733 -0.044679375 0.019014315
v -0.11663832 -0.046335885 0.018721875
v -0.1170402 -0.04450446 0.018721875
v -0.11583882 -0.046160445 0.018421755
v -0.116240685 -0.04432902 0.018421755
v -0.115038795 -0.0459849 0.018109515
v -0.11544066 -0.044153475 0.018109515
v -0.11423727 -0.04580901 0.0177885
v -0.114639135 -0.043977585 0.0177885
v -0.113433165 -0.045632565 0.017461995
v -0.11383503 -0.04380114 0.017461995
v -0.112625475 -0.04545534 0.017133315
v -0.11302734 -0.043623915 0.017133315
v -0.11181315 -0.045277095 0.01680579
v -0.112215015 -0.04344567 0.01680579
v -0.110995185 -0.045097605 0.016482705
v -0.11139705 -0.04326618 0.016482705
v -0.11017071 -0.04491669 0.016167015
v -0.110572575 -0.043085265 0.016167015
v -0.109342875 -0.04473504 0.01585287
v -0.10974474 -0.042903615 0.01585287
v -0.108512055 -0.04455273 0.01553844
v -0.10891392 -0.042721305 0.01553844
v -0.107676885 -0.044369475 0.015225195
v -0.108078765 -0.04253805 0.015225195
v -0.10683603 -0.04418496 0.014914635
v -0.107237895 -0.042353535 0.014914635
v -0.10598808 -0.0439989 0.014608275
v -0.106389945 -0.042167475 0.014608275
v -0.10426551 -0.043620915 0.01401411
v -0.104667375 -0.04178949 0.01401411
v -0.10250583 -0.043234785 0.01344876
v -0.102907695 -0.04140336 0.01344876
v -0.10071732 -0.04284234 0.012904905
v -0.101119185 -0.041010915 0.012904905
v -0.09889098 -0.042441585 0.01238442
v -0.09929286 -0.04061016 0.01238442
v -0.09701706 -0.04203039 0.01188969
v -0.09741894 -0.040198965 0.01188969
v -0.095091675 -0.0416079 0.011421705
v -0.09549354 -0.039776475 0.011421705
v -0.09312021 -0.041175315 0.01097913
v -0.09352209 -0.03934389 0.01097913
v -0.091102785 -0.040732635 0.010561905
v -0.09150465 -0.03890121 0.010561905
v -0.089039385 -0.04027986 0.010170075
v -0.08944125 -0.038448435 0.010170075
v -0.08831196 -0.040120245 0.01000455
v -0.088713825 -0.03828882 0.01000455
v -0.087611475 -0.03996654 0.009786645
v -0.088013355 -0.038135115 0.009786645
v -0.08693796 -0.039818745 0.00951636
v -0.087339825 -0.03798732 0.00951636
v -0.086291295 -0.039676845 0.009193635
v -0.08669316 -0.03784542 0.009193635
v -0.08566542 -0.039539505 0.00881385
v -0.0860673 -0.03770808 0.00881385
v -0.08506446 -0.03940764 0.00838011
v -0.085466325 -0.037576215 0.00838011
v -0.084499455 -0.039283665 0.00790086
v -0.084901335 -0.03745224 0.00790086
v -0.08398086 -0.039169875 0.007383885
v -0.084382725 -0.037338435 0.007383885
v -0.08350218 -0.03906483 0.00682119
v -0.083904045 -0.037233405 0.00682119
v -0.08306418 -0.038968725 0.006216165
v -0.08346606 -0.0371373 0.006216165
v -0.0826749 -0.0388833 0.00558033
v -0.083076765 -0.037051875 0.00558033
v -0.082341435 -0.03881013 0.004923375
v -0.0827433 -0.036978705 0.004923375
v -0.082058925 -0.038748135 0.004234185
v -0.08246079 -0.03691671 0.004234185
v -0.08182824 -0.038697525 0.00351891
v -0.08223012 -0.0368661 0.00351891
v -0.08165361 -0.0386592 0.00279102
v -0.082055475 -0.036827775 0.00279102
v -0.08153862 -0.03863397 0.0020604
v -0.081940485 -0.036802545 0.0020604
v -0.081481485 -0.03862143 0.00131415
v -0.08188335 -0.036790005 0.00131415
v -0.081481485 -0.03862143 0.00056085
v -0.08188335 -0.036790005 0.00056085
v -0.08153862 -0.03863397 -0.0001854
v -0.081940485 -0.036802545 -0.0001854
v -0.08165361 -0.0386592 -0.00091602
v -0.082055475 -0.036827775 -0.00091602
v -0.08182824 -0.038697525 -0.00164391
v -0.08223012 -0.0368661 -0.00164391
v -0.082058925 -0.038748135 -0.002359185
v -0.08246079 -0.03691671 -0.002359185
v -0.082341435 -0.03881013 -0.003048375
v -0.0827433 -0.036978705 -0.003048375
v -0.0826749 -0.0388833 -0.00370533
v -0.083076765 -0.037051875 -0.00370533
v -0.08306418 -0.038968725 -0.004341165
v -0.08346606 -0.0371373 -0.004341165
v -0.08350218 -0.03906483 -0.00494619
v -0.083904045 -0.037233405 -0.00494619
v -0.08398086 -0.039169875 -0.005508885
v -0.084382725 -0.037338435 -0.005508885
v -0.084499455 -0.039283665 -0.00602586
v -0.084901335 -0.03745224 -0.00602586
v -0.08506446 -0.03940764 -0.00650511
v -0.085466325 -0.037576215 -0.00650511
v -0.08566542 -0.039539505 -0.00693885
v -0.0860673 -0.03770808 -0.00693885
v -0.086291295 -0.039676845 -0.007318635
v -0.08669316 -0.03784542 -0.007318635
v -0.08693796 -0.039818745 -0.00764136
v -0.087339825 -0.03798732 -0.00764136
v -0.087611475 -0.03996654 -0.007911645
v -0.088013355 -0.038135115 -0.007911645
v -0.08831196 -0.040120245 -0.00812955
v -0.09103137 -0.03879735 0.001523445
v -0.090629505 -0.040628775 0.001523445
v -0.09081378 -0.040669215 0.001490115
v -0.09084711 -0.038756925 0.001490115
v -0.091215645 -0.038837775 0.001490115
v -0.09096591 -0.04070259 0.00141153
v -0.09136779 -0.038871165 0.00141153
v -0.09109089 -0.040730025 0.001280685
v -0.091492755 -0.0388986 0.001280685
v -0.091173825 -0.04074822 0.001118565
v -0.09157569 -0.038916795 0.001118565
v -0.091199805 -0.04075392 0.0009375
v -0.091601685 -0.038922495 0.0009375
v -0.091173825 -0.04074822 0.000756435
v -0.09157569 -0.038916795 0.000756435
v -0.09109089 -0.040730025 0.000594315
v -0.091492755 -0.0388986 0.000594315
v -0.09096591 -0.04070259 0.00046347
v -0.09136779 -0.038871165 0.00046347
v -0.09081378 -0.040669215 0.000384885
v -0.091215645 -0.038837775 0.000384885
v -0.090629505 -0.040628775 0.00035157
v -0.09103137 -0.03879735 0.00035157
v -0.090445245 -0.04058835 0.000384885
v -0.09084711 -0.038756925 0.000384885
v -0.0902931 -0.04055496 0.00046347
v -0.09069498 -0.038723535 0.00046347
v -0.090168135 -0.04052754 0.000594315
v -0.09057 -0.038696115 0.000594315
v -0.0900852 -0.040509345 0.000756435
v -0.090487065 -0.038677905 0.000756435
v -0.090059205 -0.040503645 0.0009375
v -0.090461085 -0.038672205 0.0009375
v -0.0900852 -0.040509345 0.001118565
v -0.090487065 -0.038677905 0.001118565
v -0.090168135 -0.04052754 0.001280685
v -0.09057 -0.038696115 0.001280685
v -0.0902931 -0.04055496 0.00141153
v -0.09069498 -0.038723535 0.00141153
v -0.090445245 -0.04058835 0.001490115
v -0.11851053 -0.04482708 0.0019875
v -0.11810865 -0.04665852 0.0019875
v -0.119940075 -0.047060385 0.0019875
v -0.11512524 -0.044084265 0.0019875
v -0.120341955 -0.04522896 0.0019875
v -0.12016962 -0.047110755 0.00196077
v -0.120571485 -0.04527933 0.00196077
v -0.12038481 -0.047157975 0.0018834
v -0.12078666 -0.04532655 0.0018834
v -0.120579135 -0.047200605 0.001758675
v -0.120981 -0.04536918 0.001758675
v -0.120742185 -0.04723638 0.001591755
v -0.121144035 -0.045404955 0.001591755
v -0.120863985 -0.04726311 0.00139281
v -0.121265865 -0.045431685 0.00139281
v -0.120939705 -0.04727973 0.001171575
v -0.12134157 -0.045448305 0.001171575
v -0.120965685 -0.04728543 0.0009375
v -0.12136755 -0.045454005 0.0009375
v -0.120939705 -0.04727973 0.000703425
v -0.12134157 -0.045448305 0.000703425
v -0.120863985 -0.04726311 0.00048219
v -0.121265865 -0.045431685 0.00048219
v -0.120742185 -0.04723638 0.000283245
v -0.121144035 -0.045404955 0.000283245
v -0.120579135 -0.047200605 0.000116325
v -0.120981 -0.04536918 0.000116325
v -0.12038481 -0.047157975 -8.4e-06
v -0.12078666 -0.04532655 -8.4e-06
v -0.12016962 -0.047110755 -8.577e-05
v -0.120571485 -0.04527933 -8.577e-05
v -0.119940075 -0.047060385 -0.0001125
v -0.120341955 -0.04522896 -0.0001125
v -0.11851053 -0.04482708 -0.0001125
v -0.11810865 -0.04665852 -0.0001125
v -0.114723375 -0.04591569 -0.0001125
v -0.11512524 -0.044084265 -0.0001125
v -0.111339945 -0.04517325 -0.0001125
v -0.11174181 -0.043341825 -0.0001125
v -0.110446845 -0.04497729 -0.00014271
v -0.110848725 -0.043145865 -0.00014271
v -0.10956258 -0.04478325 -0.000231705
v -0.10996446 -0.042951825 -0.000231705
v -0.10868577 -0.04459086 -0.00037983
v -0.10908765 -0.042759435 -0.00037983
v -0.10781712 -0.04440024 -0.00058692
v -0.108218985 -0.042568815 -0.00058692
v -0.10696659 -0.04421361 -0.000850575
v -0.107368455 -0.042382185 -0.000850575
v -0.106134885 -0.04403112 -0.00117066
v -0.10653675 -0.042199695 -0.00117066
v -0.105320625 -0.04385244 -0.001547475
v -0.10572249 -0.042021015 -0.001547475
v -0.1048812 -0.04375602 -0.001759635
v -0.10528308 -0.041924595 -0.001759635
v -0.104441685 -0.04365957 -0.001958085
v -0.10484355 -0.041828145 -0.001958085
v -0.10400205 -0.043563105 -0.00214281
v -0.104403915 -0.04173168 -0.00214281
v -0.10356231 -0.04346661 -0.00231381
v -0.103964175 -0.041635185 -0.00231381
v -0.10312245 -0.0433701 -0.0024711
v -0.10352433 -0.041538675 -0.0024711
v -0.102682335 -0.04327353 -0.00261459
v -0.1030842 -0.04144209 -0.00261459
v -0.1022412 -0.04317672 -0.00274401
v -0.102643065 -0.041345295 -0.00274401
v -0.101799675 -0.043079835 -0.0028596
v -0.102201555 -0.04124841 -0.0028596
v -0.1013586 -0.042983055 -0.00296169
v -0.101760465 -0.04115163 -0.00296169
v -0.100918815 -0.04288656 -0.003050625
v -0.10132068 -0.04105512 -0.003050625
v -0.10004481 -0.04269477 -0.00318966
v -0.100446675 -0.040863345 -0.00318966
v -0.09917517 -0.04250394 -0.00327561
v -0.099577035 -0.040672515 -0.00327561
v -0.09831513 -0.042315225 -0.00331098
v -0.098716995 -0.0404838 -0.00331098
v -0.09746928 -0.04212963 -0.003297885
v -0.09787116 -0.040298205 -0.003297885
v -0.096635505 -0.041946675 -0.00323535
v -0.09703737 -0.04011525 -0.00323535
v -0.095813595 -0.041766315 -0.00312327
v -0.09621546 -0.03993489 -0.00312327
v -0.09440733 -0.03953814 -0.002825145
v -0.094005465 -0.041369565 -0.002825145
v -0.093783 -0.04132074 -0.002761395
v -0.094184865 -0.039489315 -0.002761395
v -0.09358257 -0.04127676 -0.002649975
v -0.093984435 -0.039445335 -0.002649975
v -0.093410085 -0.041238915 -0.002495205
v -0.09381195 -0.03940749 -0.002495205
v -0.09327504 -0.04120929 -0.002303865
v -0.093676905 -0.03937785 -0.002303865
v -0.09318567 -0.04118967 -0.002087625
v -0.093587535 -0.039358245 -0.002087625
v -0.093145275 -0.041180805 -0.00185688
v -0.09354714 -0.03934938 -0.00185688
v -0.093155985 -0.04118316 -0.00162156
v -0.09355785 -0.039351735 -0.00162156
v -0.09321798 -0.041196765 -0.001394685
v -0.093619845 -0.03936534 -0.001394685
v -0.09332709 -0.041220705 -0.001188585
v -0.09372897 -0.03938928 -0.001188585
v -0.09347826 -0.041253885 -0.001012005
v -0.09388014 -0.039422445 -0.001012005
v -0.093665145 -0.04129488 -0.00087375
v -0.094067025 -0.039463455 -0.00087375
v -0.093876375 -0.041341245 -0.00078225
v -0.09427824 -0.039509805 -0.00078225
v -0.094100835 -0.04139049 -0.000740895
v -0.0945027 -0.039559065 -0.000740895
v -0.09433161 -0.04144113 -0.00075186
v -0.09473349 -0.039609705 -0.00075186
v -0.096541605 -0.040006455 -0.00105
v -0.09613974 -0.04183788 -0.00105
v -0.09652785 -0.04192305 -0.001108455
v -0.096929715 -0.040091625 -0.001108455
v -0.096919455 -0.04200897 -0.001153905
v -0.09732132 -0.040177545 -0.001153905
v -0.097314555 -0.04209567 -0.00118638
v -0.09771642 -0.040264245 -0.00118638
v -0.09771315 -0.042183135 -0.001205835
v -0.09811503 -0.04035171 -0.001205835
v -0.098115255 -0.042271365 -0.001212315
v -0.09851712 -0.04043994 -0.001212315
v -0.09852144 -0.042360495 -0.00120615
v -0.098923305 -0.04052907 -0.00120615
v -0.098931705 -0.042450525 -0.00118734
v -0.09933357 -0.0406191 -0.00118734
v -0.09934518 -0.042541245 -0.00115536
v -0.099747045 -0.04070982 -0.00115536
v -0.09976098 -0.04263249 -0.001109655
v -0.100162845 -0.040801065 -0.001109655
v -0.10017822 -0.04272405 -0.0010497
v -0.100580085 -0.040892625 -0.0010497
v -0.10059759 -0.04281606 -0.00097581
v -0.100999455 -0.040984635 -0.00097581
v -0.10101966 -0.042908685 -0.0008883
v -0.10142154 -0.04107726 -0.0008883
v -0.10144344 -0.04300167 -0.000786765
v -0.101845305 -0.041170245 -0.000786765
v -0.101867895 -0.043094805 -0.000670725
v -0.10226976 -0.04126338 -0.000670725
v -0.10229202 -0.04318788 -0.00053973
v -0.102693885 -0.041356455 -0.00053973
v -0.102715815 -0.043280865 -0.00039378
v -0.103117695 -0.04144944 -0.00039378
v -0.10313997 -0.04337394 -0.00023319
v -0.103541835 -0.041542515 -0.00023319
v -0.103564455 -0.04346709 -5.7945e-05
v -0.10396632 -0.041635665 -5.7945e-05
v -0.1039893 -0.043560315 0.000131955
v -0.10439118 -0.04172889 0.000131955
v -0.10441449 -0.043653615 0.00033651
v -0.104816355 -0.04182219 0.00033651
v -0.10523313 -0.04383324 0.00071943
v -0.105634995 -0.042001815 0.00071943
v -0.10606713 -0.044016255 0.00105237
v -0.106468995 -0.042184815 0.00105237
v -0.106916865 -0.044202705 0.00133542
v -0.107318745 -0.04237128 0.00133542
v -0.107784615 -0.044393115 0.001569105
v -0.108186495 -0.04256169 0.001569105
v -0.108663945 -0.04458606 0.00175191
v -0.109065825 -0.042754635 0.00175191
v -0.10954842 -0.044780145 0.00188229
v -0.109950285 -0.04294872 0.00188229
v -0.11044029 -0.04497585 0.0019608
v -0.110842155 -0.043144425 0.0019608
v -0.111339945 -0.045173265 0.0019875
v -0.11174181 -0.043341825 0.0019875
v -0.114723375 -0.04591569 0.0019875
v -0.144044025 -0.050429895 -0.01594611
v -0.14364216 -0.05226132 -0.01594611
v -0.14256372 -0.05202468 -0.015915375
v -0.144326445 -0.05049186 -0.01595145
v -0.142965585 -0.050193255 -0.015915375
v -0.141516105 -0.051794805 -0.015873045
v -0.141917985 -0.04996338 -0.015873045
v -0.140499345 -0.051571695 -0.01581912
v -0.14090121 -0.04974027 -0.01581912
v -0.13951392 -0.051355455 -0.015753255
v -0.1399158 -0.04952403 -0.015753255
v -0.138559335 -0.051145995 -0.01567581
v -0.1389612 -0.04931457 -0.01567581
v -0.137634 -0.050942955 -0.015587745
v -0.13803588 -0.04911153 -0.015587745
v -0.136738005 -0.050746335 -0.015488895
v -0.137139855 -0.04891491 -0.015488895
v -0.135871245 -0.05055615 -0.01537944
v -0.13627311 -0.048724725 -0.01537944
v -0.135031965 -0.050371995 -0.01526085
v -0.135433845 -0.048540555 -0.01526085
v -0.134221035 -0.05019405 -0.01513335
v -0.1346229 -0.04836261 -0.01513335
v -0.133437585 -0.050022135 -0.014996715
v -0.133839435 -0.04819071 -0.014996715
v -0.1326774 -0.049855335 -0.01485189
v -0.133079265 -0.048023895 -0.01485189
v -0.13122993 -0.04953771 -0.014539005
v -0.13163181 -0.047706285 -0.014539005
v -0.129849225 -0.04923474 -0.014191155
v -0.130251105 -0.047403315 -0.014191155
v -0.12851709 -0.048942435 -0.01380444
v -0.12891897 -0.04711101 -0.01380444
v -0.12720525 -0.04865457 -0.013370085
v -0.1276071 -0.046823145 -0.013370085
v -0.125885925 -0.04836507 -0.01287534
v -0.12628779 -0.046533645 -0.01287534
v -0.124540665 -0.048069885 -0.01231314
v -0.12494253 -0.04623846 -0.01231314
v -0.123140775 -0.0477627 -0.011673945
v -0.12354264 -0.045931275 -0.011673945
v -0.12241311 -0.04760304 -0.01132305
v -0.122814975 -0.045771615 -0.01132305
v -0.121661895 -0.047438205 -0.01094958
v -0.122063775 -0.04560678 -0.01094958
v -0.12088968 -0.04726875 -0.010554375
v -0.12129153 -0.045437325 -0.010554375
v -0.12009645 -0.04709469 -0.01013745
v -0.1204983 -0.045263265 -0.01013745
v -0.12003474 -0.04708116 -0.01010475
v -0.12043686 -0.04524978 -0.010104885
v -0.11997237 -0.047067465 -0.01007157
v -0.120374205 -0.04523604 -0.010071555
v -0.119909145 -0.04705359 -0.01003779
v -0.120310185 -0.045221985 -0.010037355
v -0.119844135 -0.047039325 -0.01000284
v -0.120243675 -0.04520739 -0.01000158
v -0.119776665 -0.047024535 -0.009966255
v -0.120174 -0.045192105 -0.00996378
v -0.11970627 -0.047009085 -0.00992766
v -0.120100665 -0.04517601 -0.009923535
v -0.119631855 -0.04699275 -0.009886275
v -0.120022215 -0.045158805 -0.009879825
v -0.11955255 -0.04697535 -0.00984141
v -0.11993805 -0.045140325 -0.009832035
v -0.119467815 -0.04695675 -0.009792555
v -0.11984742 -0.045120435 -0.00977955
v -0.11937732 -0.046936905 -0.009739155
v -0.11975019 -0.045099105 -0.00972174
v -0.119281065 -0.04691577 -0.00968085
v -0.119646285 -0.045076305 -0.00965826
v -0.119178945 -0.046893375 -0.00961734
v -0.119535675 -0.045052035 -0.009588645
v -0.11907075 -0.04686963 -0.009547965
v -0.11941809 -0.045026235 -0.00951219
v -0.11895642 -0.046844535 -0.009472335
v -0.119293455 -0.04499889 -0.00942843
v -0.118835865 -0.04681809 -0.009390105
v -0.1191615 -0.044969925 -0.0093366
v -0.118709355 -0.046790325 -0.009300555
v -0.1190223 -0.044939385 -0.00923553
v -0.118577175 -0.046761315 -0.009203235
v -0.118875855 -0.044907255 -0.009124485
v -0.118439685 -0.04673115 -0.00909771
v -0.11872254 -0.04487361 -0.00900216
v -0.11829732 -0.04669992 -0.008982795
v -0.11856177 -0.04483833 -0.00886566
v -0.118149315 -0.04666743 -0.00885636
v -0.117994755 -0.046633515 -0.008716215
v -0.11839323 -0.044801355 -0.008712945
v -0.11783139 -0.04659768 -0.008555025
v -0.11821539 -0.044762325 -0.008536815
v -0.11766105 -0.0465603 -0.00836928
v -0.118032375 -0.04472217 -0.00833331
v -0.117485355 -0.04652175 -0.008153025
v -0.117938775 -0.04470162 -0.008219235
v -0.117846855 -0.04468146 -0.008098305
v -0.117318315 -0.04648509 -0.007909785
v -0.11776014 -0.044662425 -0.00797154
v -0.11767617 -0.044644005 -0.007837815
v -0.11723931 -0.04646775 -0.007778415
v -0.11759805 -0.04462686 -0.007698975
v -0.117168345 -0.04645218 -0.00764289
v -0.117530085 -0.04461195 -0.0075573
v -0.11710464 -0.0464382 -0.00750249
v -0.117470415 -0.044598855 -0.00741153
v -0.117048825 -0.04642596 -0.00735795
v -0.117420675 -0.044587935 -0.00726303
v -0.117004935 -0.04641633 -0.007211925
v -0.11738424 -0.044579955 -0.007114305
v -0.116973105 -0.04640934 -0.00706401
v -0.11736045 -0.04457472 -0.006964275
v -0.11694711 -0.04640364 -0.006766545
v -0.117353355 -0.044573175 -0.00666615
v -0.11697966 -0.04641078 -0.00647493
v -0.117406275 -0.044584785 -0.00637602
v -0.11706846 -0.046430265 -0.00619764
v -0.11751405 -0.044608425 -0.00610554
v -0.117211245 -0.0464616 -0.00593982
v -0.11767215 -0.04464312 -0.00585966
v -0.11730039 -0.04648116 -0.00582174
v -0.117401505 -0.046503345 -0.005710395
v -0.1178685 -0.0446862 -0.005646345
v -0.117622425 -0.046551825 -0.005512095
v -0.118085145 -0.04473375 -0.005465895
v -0.117863295 -0.04660467 -0.005346465
v -0.11831151 -0.044783415 -0.00531858
v -0.11810118 -0.04665687 -0.005213145
v -0.11852826 -0.04483098 -0.005200335
v -0.11833155 -0.04670742 -0.005105685
v -0.11873475 -0.044876295 -0.00510519
v -0.118550115 -0.04675539 -0.005020005
v -0.118928775 -0.044918865 -0.005028525
v -0.11911254 -0.044959185 -0.004964025
v -0.118755915 -0.04680054 -0.0049494
v -0.119286825 -0.044997435 -0.0049098
v -0.11894913 -0.046842945 -0.004891185
v -0.1194525 -0.04503378 -0.004863495
v -0.11912976 -0.046882575 -0.0048429
v -0.11960976 -0.045068295 -0.004823355
v -0.119299185 -0.046919745 -0.004801725
v -0.119758575 -0.04510095 -0.004788675
v -0.119458305 -0.046954665 -0.00476655
v -0.1198989 -0.04513173 -0.004758525
v -0.11960796 -0.0469875 -0.004736235
v -0.120031005 -0.045160725 -0.004732065
v -0.119749335 -0.04701852 -0.004709565
v -0.120155115 -0.045187965 -0.004708875
v -0.1198824 -0.047047725 -0.00468612
v -0.12027171 -0.04521354 -0.00468831
v -0.12038142 -0.045237615 -0.004669875
v -0.1200072 -0.047075115 -0.004665405
v -0.12048462 -0.045260265 -0.0046533
v -0.12012357 -0.047100645 -0.00464685
v -0.120582195 -0.04528167 -0.004638045
v -0.12023163 -0.04712436 -0.00463014
v -0.120674565 -0.045301935 -0.004623885
v -0.120331515 -0.047146275 -0.00461499
v -0.12076209 -0.04532115 -0.004610655
v -0.120423765 -0.04716651 -0.004601085
v -0.120844995 -0.045339345 -0.004598175
v -0.12050874 -0.04718517 -0.004588275
v -0.12092325 -0.045356505 -0.00458637
v -0.120586845 -0.0472023 -0.00457644
v -0.120996885 -0.04537266 -0.00457518
v -0.1206594 -0.04721823 -0.00456522
v -0.121066155 -0.04538787 -0.004564455
v -0.12072729 -0.047233125 -0.004554435
v -0.121131795 -0.04540227 -0.004554
v -0.12079179 -0.04724727 -0.004543815
v -0.12119481 -0.0454161 -0.00454362
v -0.12085446 -0.047261025 -0.004533
v -0.121256625 -0.04542966 -0.00453294
v -0.1209156 -0.047274435 -0.0045219
v -0.121317465 -0.04544301 -0.0045219
v -0.12146079 -0.047394075 -0.004389465
v -0.12186267 -0.04556265 -0.004389465
v -0.121984875 -0.04750908 -0.004202535
v -0.122386755 -0.04567764 -0.004202535
v -0.122490375 -0.04761999 -0.003959745
v -0.122892255 -0.045788565 -0.003959745
v -0.12296814 -0.047724825 -0.00366594
v -0.12337002 -0.0458934 -0.00366594
v -0.123414705 -0.04782282 -0.00332232
v -0.12381657 -0.045991395 -0.00332232
v -0.123823455 -0.047912505 -0.0029349
v -0.12422532 -0.04608108 -0.0029349
v -0.12419211 -0.0479934 -0.00250491
v -0.12459399 -0.046161975 -0.00250491
v -0.1245147 -0.048064185 -0.002040285
v -0.124916565 -0.04623276 -0.002040285
v -0.124789815 -0.04812456 -0.00154209
v -0.12519168 -0.046293135 -0.00154209
v -0.125012685 -0.04817346 -0.001019895
v -0.12541455 -0.046342035 -0.001019895
v -0.125182575 -0.048210735 -0.00047454
v -0.12558444 -0.04637931 -0.00047454
v -0.125296395 -0.04823571 8.319e-05
v -0.125698275 -0.046404285 8.319e-05
v -0.125353845 -0.048248325 0.00065262
v -0.12575571 -0.0464169 0.00065262
v -0.125353845 -0.048248325 0.00122238
v -0.12575571 -0.0464169 0.00122238
v -0.125296395 -0.04823571 0.00179181
v -0.125698275 -0.046404285 0.00179181
v -0.125182575 -0.048210735 0.00234954
v -0.12558444 -0.04637931 0.00234954
v -0.125012685 -0.04817346 0.002894895
v -0.12541455 -0.046342035 0.002894895
v -0.124789815 -0.04812456 0.00341709
v -0.12519168 -0.046293135 0.00341709
v -0.1245147 -0.048064185 0.003915285
v -0.124916565 -0.04623276 0.003915285
v -0.12419211 -0.0479934 0.00437991
v -0.12459399 -0.046161975 0.00437991
v -0.123823455 -0.047912505 0.0048099
v -0.12422532 -0.04608108 0.0048099
v -0.123414705 -0.04782282 0.00519732
v -0.12381657 -0.045991395 0.00519732
v -0.12296814 -0.047724825 0.00554094
v -0.12337002 -0.0458934 0.00554094
v -0.122490375 -0.04761999 0.005834745
v -0.122892255 -0.045788565 0.005834745
v -0.121984875 -0.04750908 0.006077535
v -0.122386755 -0.04567764 0.006077535
v -0.12146079 -0.047394075 0.006264465
v -0.12186267 -0.04556265 0.006264465
v -0.1209156 -0.047274435 0.0063969
v -0.121317465 -0.04544301 0.0063969
v -0.120855765 -0.04726131 0.00640776
v -0.121256115 -0.045429555 0.00640803
v -0.120794985 -0.047247975 0.006418275
v -0.121193205 -0.04541574 0.00641889
v -0.120732975 -0.04723437 0.006428505
v -0.12112839 -0.04540152 0.006429555
v -0.120668475 -0.04722021 0.006438795
v -0.12106008 -0.045386535 0.0064404
v -0.120600375 -0.04720527 0.00644937
v -0.12098697 -0.045370485 0.006451695
v -0.120528045 -0.0471894 0.006460365
v -0.120908145 -0.04535319 0.00646365
v -0.12045111 -0.047172525 0.00647196
v -0.120822285 -0.04533435 0.00647658
v -0.12036963 -0.047154645 0.006484245
v -0.12072894 -0.045313875 0.006490665
v -0.12028359 -0.04713576 0.006497235
v -0.12062775 -0.04529166 0.006506025
v -0.12019284 -0.04711584 0.00651111
v -0.12051816 -0.045267615 0.00652299
v -0.120096975 -0.04709481 0.00652605
v -0.12040002 -0.045241695 0.00654189
v -0.11999565 -0.04707258 0.00654225
v -0.11988795 -0.04704894 0.006560205
v -0.12027318 -0.04521387 0.00656301
v -0.119773425 -0.047023815 0.006580245
v -0.120137805 -0.045184155 0.00658701
v -0.11965152 -0.046997055 0.00660276
v -0.119993745 -0.04515255 0.006614385
v -0.11952162 -0.046968555 0.006628455
v -0.11984094 -0.045119025 0.00664563
v -0.119383575 -0.04693827 0.00665775
v -0.11967819 -0.04508331 0.006682035
v -0.11923716 -0.04690614 0.006691275
v -0.119504685 -0.04504524 0.006724815
v -0.119082435 -0.046872195 0.006730065
v -0.118919415 -0.04683642 0.00677484
v -0.11931957 -0.04500462 0.00677517
v -0.118748325 -0.046798875 0.006826755
v -0.119121465 -0.04496115 0.006836115
v -0.118567905 -0.04675929 0.006888405
v -0.11891028 -0.0449148 0.006910485
v -0.118377375 -0.046717485 0.006961785
v -0.118685745 -0.044865525 0.00700128
v -0.11817435 -0.046672935 0.00705171
v -0.118448145 -0.0448134 0.0071166
v -0.117959145 -0.046625715 0.007164855
v -0.11820351 -0.044759715 0.007260525
v -0.117733335 -0.046576155 0.00730536
v -0.11808045 -0.044732715 0.007345905
v -0.117511455 -0.046527465 0.007479825
v -0.11795931 -0.044706135 0.007439685
v -0.11784666 -0.044681415 0.007541745
v -0.117309555 -0.04648317 0.007687245
v -0.117741135 -0.044658255 0.007652715
v -0.11764383 -0.04463691 0.007771725
v -0.11714019 -0.046446 0.007927425
v -0.117559965 -0.044618505 0.00789711
v -0.117432585 -0.04459056 0.00816855
v -0.1170219 -0.04642005 0.00819444
v -0.117363075 -0.044575305 0.008457105
v -0.11695782 -0.046405995 0.00848031
v -0.11735232 -0.044572935 0.00875697
v -0.11695257 -0.04640484 0.00877734
v -0.117369075 -0.044576625 0.008907405
v -0.11697003 -0.046408665 0.008925795
v -0.11740002 -0.044583405 0.009058305
v -0.11700183 -0.04641564 0.009074655
v -0.11744199 -0.04459263 0.009206685
v -0.11704584 -0.0464253 0.009222585
v -0.11749518 -0.044604285 0.00935214
v -0.117099435 -0.04643706 0.009367425
v -0.11755959 -0.044618415 0.009495135
v -0.11716452 -0.04645134 0.009510375
v -0.1176306 -0.044634 0.00963309
v -0.117238575 -0.0464676 0.009650055
v -0.117707355 -0.044650845 0.00976536
v -0.117317355 -0.04648488 0.00978399
v -0.11779086 -0.044669175 0.00989256
v -0.117402705 -0.0465036 0.00991302
v -0.117492705 -0.046523355 0.01003641
v -0.11796225 -0.04470678 0.010124715
v -0.11758269 -0.04654311 0.01015194
v -0.118136445 -0.044745 0.01032687
v -0.117764145 -0.04658292 0.010358895
v -0.118302135 -0.04478136 0.01049967
v -0.117939375 -0.046621365 0.010538385
v -0.11846025 -0.044816055 0.01065024
v -0.118106505 -0.04665804 0.010693455
v -0.11861052 -0.044849025 0.010782885
v -0.11826576 -0.04669299 0.010831425
v -0.118755165 -0.044880765 0.01090365
v -0.11841795 -0.04672638 0.01095558
v -0.118894545 -0.04491135 0.01101399
v -0.118563255 -0.04675827 0.01106778
v -0.119028975 -0.044940855 0.01111545
v -0.11870151 -0.0467886 0.011169885
v -0.11915754 -0.044969055 0.01120872
v -0.11883246 -0.04681734 0.01126275
v -0.11927994 -0.04499592 0.011294235
v -0.118956015 -0.046844445 0.011347065
v -0.119395875 -0.04502136 0.011372445
v -0.11907231 -0.046869975 0.01142397
v -0.11950527 -0.04504536 0.0114441
v -0.11918172 -0.046893975 0.011494095
v -0.119608455 -0.04506801 0.01150971
v -0.11928459 -0.04691655 0.011558025
v -0.11970576 -0.045089355 0.011569815
v -0.11938164 -0.046937835 0.01161672
v -0.11979789 -0.045109575 0.0116253
v -0.119473245 -0.04695795 0.01167072
v -0.119885205 -0.04512873 0.011676585
v -0.11955984 -0.046976955 0.011720565
v -0.11996814 -0.045146925 0.011724225
v -0.119641755 -0.046994925 0.011766825
v -0.12004695 -0.04516422 0.011768685
v -0.1197189 -0.047011845 0.011809635
v -0.120121635 -0.045180615 0.0118101
v -0.11979117 -0.0470277 0.011849145
v -0.120192135 -0.04519608 0.01184865
v -0.12025848 -0.045210645 0.011884575
v -0.119858505 -0.04704249 0.011885595
v -0.120321195 -0.0452244 0.011918235
v -0.119921535 -0.04705632 0.01191942
v -0.12038124 -0.045237585 0.011950305
v -0.11998128 -0.047069415 0.01195131
v -0.12044019 -0.045250515 0.01198164
v -0.120039465 -0.047082195 0.011982255
v -0.12009645 -0.04709469 0.01201245
v -0.1204983 -0.045263265 0.01201245
v -0.120926775 -0.047276895 0.012448275
v -0.121328625 -0.04544547 0.012448275
v -0.121729485 -0.04745304 0.012858405
v -0.122131365 -0.0456216 0.012858405
v -0.12250461 -0.047623125 0.013242855
v -0.12290649 -0.045791685 0.013242855
v -0.12324888 -0.04778643 0.01360017
v -0.123650745 -0.045955005 0.01360017
v -0.12396555 -0.04794369 0.01393179
v -0.124367415 -0.046112265 0.01393179
v -0.12466437 -0.048097035 0.014242065
v -0.125066235 -0.04626561 0.014242065
v -0.12600654 -0.048391545 0.01479804
v -0.12640842 -0.04656012 0.01479804
v -0.127316265 -0.04867893 0.015284205
v -0.127718145 -0.046847505 0.015284205
v -0.12861705 -0.048964365 0.015710265
v -0.129018915 -0.04713294 0.015710265
v -0.12994182 -0.049255065 0.016091085
v -0.1303437 -0.04742364 0.016091085
v -0.131315745 -0.049556535 0.01643397
v -0.13171761 -0.04772511 0.01643397
v -0.132755655 -0.049872495 0.016742415
v -0.133157535 -0.04804107 0.016742415
v -0.13351068 -0.05003817 0.01688499
v -0.13391256 -0.048206745 0.01688499
v -0.134288265 -0.050208795 0.017019435
v -0.13469013 -0.04837737 0.017019435
v -0.13509279 -0.05038533 0.017144925
v -0.13549467 -0.048553905 0.017144925
v -0.13592499 -0.05056794 0.01726161
v -0.136326855 -0.048736515 0.01726161
v -0.136784145 -0.050756475 0.017369355
v -0.137186025 -0.048925035 0.017369355
v -0.137672565 -0.050951415 0.017466705
v -0.138074445 -0.04911999 0.017466705
v -0.138590295 -0.05115279 0.01755354
v -0.138992175 -0.049321365 0.01755354
v -0.13953729 -0.051360585 0.01763001
v -0.139939155 -0.04952916 0.01763001
v -0.140515755 -0.051575295 0.017695095
v -0.14091762 -0.04974387 0.017695095
v -0.141526425 -0.05179707 0.01774848
v -0.14192829 -0.049965645 0.01774848
v -0.14256855 -0.052025745 0.01779048
v -0.14297043 -0.050194305 0.01779048
v -0.14364216 -0.05226132 0.01782111
v -0.144044025 -0.050429895 0.01782111
v -0.143971695 -0.052333635 0.017826915
v -0.14437797 -0.05050317 0.01782696
v -0.144326115 -0.052411395 0.01781208
v -0.14473788 -0.050582145 0.0178113
v -0.144696615 -0.052492695 0.017765055
v -0.14511411 -0.050664705 0.01776213
v -0.145071915 -0.052575045 0.01767264
v -0.145494345 -0.050748135 0.01766601
v -0.145440915 -0.052656015 0.017526705
v -0.14586594 -0.050829675 0.01751544
v -0.145787355 -0.052732035 0.017329155
v -0.146211585 -0.050905515 0.01731405
v -0.146103195 -0.05280135 0.01708389
v -0.14652381 -0.050974035 0.017067
v -0.146382105 -0.052862535 0.01679751
v -0.14679735 -0.05103405 0.01678173
v -0.14661645 -0.05291397 0.016485135
v -0.14702658 -0.051084345 0.0164727
v -0.146809305 -0.052956285 0.016160505
v -0.147215415 -0.05112579 0.01615251
v -0.14696718 -0.052990935 0.015838815
v -0.147370575 -0.05115984 0.015835275
v -0.147096225 -0.05301924 0.01553235
v -0.14749809 -0.051187815 0.01553235
v -0.14759103 -0.053127825 0.014269755
v -0.14799291 -0.0512964 0.014269755
v -0.148039245 -0.053226165 0.012994395
v -0.148441095 -0.05139474 0.012994395
v -0.148440825 -0.05331429 0.011706285
v -0.148842705 -0.051482865 0.011706285
v -0.148795845 -0.053392185 0.010405515
v -0.14919771 -0.05156076 0.010405515
v -0.1491042 -0.05345985 0.00909189
v -0.14950608 -0.051628425 0.00909189
v -0.149365935 -0.053517285 0.00776517
v -0.149767815 -0.05168586 0.00776517
v -0.149581215 -0.05356452 0.00642537
v -0.149983095 -0.051733095 0.00642537
v -0.149749305 -0.053601405 0.00507267
v -0.15015117 -0.05176998 0.00507267
v -0.14981541 -0.05361591 0.004391505
v -0.150217275 -0.051784485 0.004391505
v -0.149869605 -0.053627805 0.003707145
v -0.150271485 -0.05179638 0.003707145
v -0.14991195 -0.053637105 0.00301956
v -0.15031383 -0.051805665 0.00301956
v -0.149942415 -0.05364378 0.00232875
v -0.150344295 -0.051812355 0.00232875
v -0.14996103 -0.05364786 0.00163473
v -0.150362895 -0.051816435 0.00163473
v -0.14996775 -0.053649345 0.0009375
v -0.15036963 -0.05181792 0.0009375
v -0.149961045 -0.05364786 0.000240495
v -0.150362925 -0.051816435 0.000240495
v -0.14994246 -0.053643795 -0.000453315
v -0.15034434 -0.05181237 -0.000453315
v -0.14991201 -0.053637105 -0.00114396
v -0.15031389 -0.05180568 -0.00114396
v -0.14986968 -0.05362782 -0.00183141
v -0.15027156 -0.051796395 -0.00183141
v -0.149815485 -0.053615925 -0.002515695
v -0.15021735 -0.0517845 -0.002515695
v -0.149749395 -0.05360142 -0.0031968
v -0.15015126 -0.051769995 -0.0031968
v -0.14958132 -0.05356455 -0.004549575
v -0.149983185 -0.051733125 -0.004549575
v -0.149366055 -0.053517315 -0.00588954
v -0.14976792 -0.051685875 -0.00588954
v -0.149104305 -0.05345988 -0.00721641
v -0.14950617 -0.05162844 -0.00721641
v -0.148795905 -0.0533922 -0.0085302
v -0.149197785 -0.051560775 -0.0085302
v -0.14844087 -0.05331429 -0.009831135
v -0.14884275 -0.051482865 -0.009831135
v -0.14803926 -0.05322618 -0.011119335
v -0.148441125 -0.05139474 -0.011119335
v -0.147591045 -0.053127825 -0.01239474
v -0.147992925 -0.0512964 -0.01239474
v -0.147096225 -0.05301924 -0.01365735
v -0.14749809 -0.051187815 -0.01365735
v -0.14698788 -0.052995465 -0.0139158
v -0.1473897 -0.051164025 -0.013915935
v -0.14685756 -0.052966875 -0.014192595
v -0.147258885 -0.05113533 -0.01419369
v -0.146698095 -0.05293188 -0.01448157
v -0.147098325 -0.051100095 -0.014484255
v -0.14650077 -0.052888575 -0.014774445
v -0.1468992 -0.0510564 -0.014778975
v -0.146256 -0.052834875 -0.01506168
v -0.14665191 -0.051002145 -0.0150678
v -0.14611716 -0.05280441 -0.015195645
v -0.14651193 -0.050971425 -0.01520208
v -0.1459671 -0.052771485 -0.0153234
v -0.146360745 -0.050938245 -0.01532982
v -0.1458084 -0.052736655 -0.01544061
v -0.14620131 -0.050903265 -0.0154467
v -0.145640655 -0.052699845 -0.01554576
v -0.146033415 -0.050866425 -0.0155511
v -0.14546541 -0.0526614 -0.01563942
v -0.14585844 -0.050828025 -0.015643725
v -0.14528742 -0.05262234 -0.01571967
v -0.145681095 -0.050789115 -0.015723015
v -0.14510484 -0.052582275 -0.015786465
v -0.144922635 -0.0525423 -0.01584069
v -0.145318605 -0.05070957 -0.015842235
v -0.14456958 -0.052464825 -0.01591068
v -0.14496795 -0.050632635 -0.01591119
v -0.144235215 -0.05239146 -0.01594326
v -0.14463552 -0.05055969 -0.015943335
v -0.14392491 -0.05232336 -0.015951465
v -0.088713825 -0.03828882 0.01000455
v -0.088713825 -0.03828882 -0.00812955
v -0.08944125 -0.038448435 -0.008295075
v -0.088013355 -0.038135115 0.009786645
v -0.08944125 -0.038448435 0.010170075
v -0.091501935 -0.03890061 -0.00868578
v -0.090461085 -0.038672205 0.0009375
v -0.090487065 -0.038677905 0.001118565
v -0.090487065 -0.038677905 0.000756435
v -0.09057 -0.038696115 0.000594315
v -0.09069498 -0.038723535 0.00046347
v -0.09084711 -0.038756925 0.000384885
v -0.09103137 -0.03879735 0.00035157
v -0.091215645 -0.038837775 0.000384885
v -0.09136779 -0.038871165 0.00046347
v -0.091492755 -0.0388986 0.000594315
v -0.09157569 -0.038916795 0.000756435
v -0.093519735 -0.039343365 -0.009102945
v -0.091601685 -0.038922495 0.0009375
v -0.09150465 -0.03890121 0.010561905
v -0.09352209 -0.03934389 0.01097913
v -0.09157569 -0.038916795 0.001118565
v -0.091492755 -0.0388986 0.001280685
v -0.09136779 -0.038871165 0.00141153
v -0.091215645 -0.038837775 0.001490115
v -0.09103137 -0.03879735 0.001523445
v -0.09084711 -0.038756925 0.001490115
v -0.09069498 -0.038723535 0.00141153
v -0.09057 -0.038696115 0.001280685
v -0.09354714 -0.03934938 -0.00185688
v -0.09355785 -0.039351735 -0.00162156
v -0.093587535 -0.039358245 -0.002087625
v -0.09549468 -0.03977673 -0.009546585
v -0.093676905 -0.03937785 -0.002303865
v -0.09381195 -0.03940749 -0.002495205
v -0.093984435 -0.039445335 -0.002649975
v -0.094184865 -0.039489315 -0.002761395
v -0.09440733 -0.03953814 -0.002825145
v -0.09621546 -0.03993489 -0.00312327
v -0.097426695 -0.040200675 -0.01001673
v -0.09703737 -0.04011525 -0.00323535
v -0.09787116 -0.040298205 -0.003297885
v -0.099313035 -0.040614585 -0.010515495
v -0.098716995 -0.0404838 -0.00331098
v -0.099577035 -0.040672515 -0.00327561
v -0.101155665 -0.041018925 -0.01104138
v -0.100446675 -0.040863345 -0.00318966
v -0.10132068 -0.04105512 -0.003050625
v -0.102959625 -0.04141476 -0.011590515
v -0.101760465 -0.04115163 -0.00296169
v -0.102201555 -0.04124841 -0.0028596
v -0.102643065 -0.041345295 -0.00274401
v -0.1030842 -0.04144209 -0.00261459
v -0.104729355 -0.041803095 -0.012159705
v -0.10352433 -0.041538675 -0.0024711
v -0.103964175 -0.041635185 -0.00231381
v -0.104403915 -0.04173168 -0.00214281
v -0.10484355 -0.041828145 -0.001958085
v -0.106458045 -0.042182415 -0.01275705
v -0.10528308 -0.041924595 -0.001759635
v -0.10572249 -0.042021015 -0.001547475
v -0.10653675 -0.042199695 -0.00117066
v -0.10730796 -0.04236891 -0.013064775
v -0.107368455 -0.042382185 -0.000850575
v -0.10814994 -0.042553665 -0.0133764
v -0.108218985 -0.042568815 -0.00058692
v -0.108985275 -0.042736965 -0.013690335
v -0.10908765 -0.042759435 -0.00037983
v -0.109815195 -0.04291908 -0.014004975
v -0.10996446 -0.042951825 -0.000231705
v -0.11064099 -0.04310028 -0.0143187
v -0.110848725 -0.043145865 -0.00014271
v -0.11146203 -0.043280445 -0.014633235
v -0.11174181 -0.043341825 -0.0001125
v -0.112274985 -0.043458825 -0.014954355
v -0.113080995 -0.04363569 -0.0152793
v -0.11388141 -0.043811325 -0.01560495
v -0.114677595 -0.04398603 -0.0159282
v -0.11512524 -0.044084265 -0.0001125
v -0.11547087 -0.04416009 -0.016245915
v -0.116262615 -0.044333835 -0.01655496
v -0.117054165 -0.04450752 -0.01685223
v -0.117353355 -0.044573175 -0.00666615
v -0.117406275 -0.044584785 -0.00637602
v -0.11736045 -0.04457472 -0.006964275
v -0.117843075 -0.044680635 -0.017141895
v -0.11738424 -0.044579955 -0.007114305
v -0.117420675 -0.044587935 -0.00726303
v -0.117470415 -0.044598855 -0.00741153
v -0.117530085 -0.04461195 -0.0075573
v -0.11759805 -0.04462686 -0.007698975
v -0.11767617 -0.044644005 -0.007837815
v -0.11776014 -0.044662425 -0.00797154
v -0.117846855 -0.04468146 -0.008098305
v -0.11862711 -0.04485267 -0.017428575
v -0.117938775 -0.04470162 -0.008219235
v -0.118032375 -0.04472217 -0.00833331
v -0.11821539 -0.044762325 -0.008536815
v -0.11839323 -0.044801355 -0.008712945
v -0.11856177 -0.04483833 -0.00886566
v -0.11872254 -0.04487361 -0.00900216
v -0.119407875 -0.045023985 -0.017709855
v -0.118875855 -0.044907255 -0.009124485
v -0.1190223 -0.044939385 -0.00923553
v -0.1191615 -0.044969925 -0.0093366
v -0.119293455 -0.04499889 -0.00942843
v -0.11941809 -0.045026235 -0.00951219
v -0.120186975 -0.04519494 -0.017983275
v -0.119535675 -0.045052035 -0.009588645
v -0.119646285 -0.045076305 -0.00965826
v -0.11975019 -0.045099105 -0.00972174
v -0.11984742 -0.045120435 -0.00977955
v -0.11993805 -0.045140325 -0.009832035
v -0.120022215 -0.045158805 -0.009879825
v -0.120100665 -0.04517601 -0.009923535
v -0.120174 -0.045192105 -0.00996378
v -0.120243675 -0.04520739 -0.01000158
v -0.120966045 -0.045365895 -0.018246405
v -0.120310185 -0.045221985 -0.010037355
v -0.120374205 -0.04523604 -0.010071555
v -0.12043686 -0.04524978 -0.010104885
v -0.1204983 -0.045263265 -0.01013745
v -0.12129153 -0.045437325 -0.010554375
v -0.12174669 -0.045537195 -0.0184968
v -0.122063775 -0.04560678 -0.01094958
v -0.122530545 -0.0457092 -0.01873203
v -0.122814975 -0.045771615 -0.01132305
v -0.12331896 -0.045882195 -0.018949875
v -0.12354264 -0.045931275 -0.011673945
v -0.124107945 -0.046055325 -0.019153485
v -0.12489675 -0.04622841 -0.019344405
v -0.12494253 -0.04623846 -0.01231314
v -0.125686905 -0.046401795 -0.019522305
v -0.12628779 -0.046533645 -0.01287534
v -0.12647991 -0.04657581 -0.01968684
v -0.12727734 -0.046750785 -0.01983768
v -0.1276071 -0.046823145 -0.013370085
v -0.12889152 -0.04710498 -0.020097
v -0.12891897 -0.04711101 -0.01380444
v -0.13053372 -0.047465325 -0.02029722
v -0.130251105 -0.047403315 -0.014191155
v -0.13163181 -0.047706285 -0.014539005
v -0.132195075 -0.047829885 -0.020438775
v -0.133079265 -0.048023895 -0.01485189
v -0.13388385 -0.048200445 -0.020526765
v -0.133839435 -0.04819071 -0.014996715
v -0.1346229 -0.04836261 -0.01513335
v -0.13560906 -0.048579 -0.020566395
v -0.135433845 -0.048540555 -0.01526085
v -0.13627311 -0.048724725 -0.01537944
v -0.137374275 -0.04896636 -0.020559705
v -0.137139855 -0.04891491 -0.015488895
v -0.13803588 -0.04911153 -0.015587745
v -0.139174545 -0.049361385 -0.020503845
v -0.1389612 -0.04931457 -0.01567581
v -0.1399158 -0.04952403 -0.015753255
v -0.14100975 -0.049764075 -0.020398755
v -0.14090121 -0.04974027 -0.01581912
v -0.141917985 -0.04996338 -0.015873045
v -0.142879905 -0.050174445 -0.020244435
v -0.142965585 -0.050193255 -0.015915375
v -0.14340792 -0.050290305 -0.020200605
v -0.143960115 -0.050411475 -0.020125365
v -0.144044025 -0.050429895 -0.01594611
v -0.14454375 -0.050539545 -0.020022975
v -0.144326445 -0.05049186 -0.01595145
v -0.14463552 -0.05055969 -0.015943335
v -0.145137105 -0.050669745 -0.019880685
v -0.14496795 -0.050632635 -0.01591119
v -0.145318605 -0.05070957 -0.015842235
v -0.14543025 -0.050734065 -0.019789335
v -0.145681095 -0.050789115 -0.015723015
v -0.14572341 -0.0507984 -0.01968591
v -0.14585844 -0.050828025 -0.015643725
v -0.14601297 -0.05086194 -0.019570305
v -0.146033415 -0.050866425 -0.0155511
v -0.146295225 -0.050923875 -0.019442385
v -0.14620131 -0.050903265 -0.0154467
v -0.146360745 -0.050938245 -0.01532982
v -0.14657061 -0.050984295 -0.019301625
v -0.14651193 -0.050971425 -0.01520208
v -0.14665191 -0.051002145 -0.0150678
v -0.146840595 -0.051043545 -0.019148265
v -0.1468992 -0.0510564 -0.014778975
v -0.147356265 -0.05115669 -0.018807675
v -0.147098325 -0.051100095 -0.014484255
v -0.147258885 -0.05113533 -0.01419369
v -0.1473897 -0.051164025 -0.013915935
v -0.147834165 -0.051261555 -0.018423225
v -0.14749809 -0.051187815 -0.01365735
v -0.147992925 -0.0512964 -0.01239474
v -0.148276755 -0.05135868 -0.017997735
v -0.148441125 -0.05139474 -0.011119335
v -0.14868375 -0.05144799 -0.017533785
v -0.14884275 -0.051482865 -0.009831135
v -0.14905542 -0.051529545 -0.017034705
v -0.149197785 -0.051560775 -0.0085302
v -0.149227395 -0.051567285 -0.016772925
v -0.149390115 -0.051602985 -0.01650249
v -0.14950617 -0.05162844 -0.00721641
v -0.149544975 -0.05163696 -0.01622538
v -0.14969334 -0.051669525 -0.01594359
v -0.14976792 -0.051685875 -0.00588954
v -0.149835495 -0.05170071 -0.01565745
v -0.149970705 -0.05173038 -0.015365985
v -0.149983185 -0.051733125 -0.004549575
v -0.15009897 -0.05175852 -0.015069165
v -0.15015126 -0.051769995 -0.0031968
v -0.15022032 -0.051785145 -0.014767005
v -0.15021735 -0.0517845 -0.002515695
v -0.15027156 -0.051796395 -0.00183141
v -0.150750465 -0.051901485 -0.013407195
v -0.15031389 -0.05180568 -0.00114396
v -0.15034434 -0.05181237 -0.000453315
v -0.150362925 -0.051816435 0.000240495
v -0.15036963 -0.05181792 0.0009375
v -0.150362895 -0.051816435 0.00163473
v -0.15022032 -0.051785145 0.016642005
v -0.150750465 -0.051901485 0.015282195
v -0.150344295 -0.051812355 0.00232875
v -0.15031383 -0.051805665 0.00301956
v -0.150271485 -0.05179638 0.003707145
v -0.150217275 -0.051784485 0.004391505
v -0.14999004 -0.051734625 0.01720491
v -0.15015117 -0.05176998 0.00507267
v -0.149983095 -0.051733095 0.00642537
v -0.14985984 -0.05170605 0.0174867
v -0.149767815 -0.05168586 0.00776517
v -0.14971956 -0.05167527 0.017768715
v -0.149569425 -0.05164233 0.0180528
v -0.14950608 -0.051628425 0.00909189
v -0.149409645 -0.051607275 0.018340545
v -0.14923959 -0.051569955 0.01862667
v -0.14919771 -0.05156076 0.010405515
v -0.14905863 -0.051530235 0.018905565
v -0.148865835 -0.051487935 0.01917339
v -0.148842705 -0.051482865 0.011706285
v -0.148660035 -0.051442785 0.019435515
v -0.14844351 -0.051395265 0.019689615
v -0.148441095 -0.05139474 0.012994395
v -0.14821899 -0.051346005 0.0199317
v -0.14799291 -0.0512964 0.014269755
v -0.147988965 -0.05129553 0.020157975
v -0.147750915 -0.0512433 0.02036985
v -0.14750538 -0.051189405 0.02056842
v -0.14749809 -0.051187815 0.01553235
v -0.147254925 -0.05113446 0.02075334
v -0.147370575 -0.05115984 0.015835275
v -0.147215415 -0.05112579 0.01615251
v -0.146745735 -0.051022725 0.02108046
v -0.14702658 -0.051084345 0.0164727
v -0.14679735 -0.05103405 0.01678173
v -0.14652381 -0.050974035 0.017067
v -0.14622192 -0.05090778 0.02135103
v -0.146211585 -0.050905515 0.01731405
v -0.145702245 -0.05079375 0.021571275
v -0.14586594 -0.050829675 0.01751544
v -0.145494345 -0.050748135 0.01766601
v -0.14518605 -0.050680485 0.021739695
v -0.14511411 -0.050664705 0.01776213
v -0.144688365 -0.050571285 0.02186973
v -0.14473788 -0.050582145 0.0178113
v -0.14437797 -0.05050317 0.01782696
v -0.144214815 -0.050467365 0.021960615
v -0.144044025 -0.050429895 0.01782111
v -0.143756685 -0.050366835 0.02202888
v -0.14331129 -0.05026911 0.02208321
v -0.14297043 -0.050194305 0.01779048
v -0.142879905 -0.050174445 0.022119435
v -0.14192829 -0.049965645 0.01774848
v -0.14101986 -0.049766295 0.0222729
v -0.14091762 -0.04974387 0.017695095
v -0.1391946 -0.04936578 0.02237775
v -0.139939155 -0.04952916 0.01763001
v -0.138992175 -0.049321365 0.01755354
v -0.137404125 -0.0489729 0.022434
v -0.138074445 -0.04911999 0.017466705
v -0.137186025 -0.048925035 0.017369355
v -0.135648555 -0.04858767 0.022441695
v -0.136326855 -0.048736515 0.01726161
v -0.13549467 -0.048553905 0.017144925
v -0.13393446 -0.048211545 0.02240412
v -0.13469013 -0.04837737 0.017019435
v -0.13391256 -0.048206745 0.01688499
v -0.13225713 -0.047843505 0.02231892
v -0.133157535 -0.04804107 0.016742415
v -0.13171761 -0.04772511 0.01643397
v -0.130604655 -0.047480895 0.022180155
v -0.1303437 -0.04742364 0.016091085
v -0.12896598 -0.047121315 0.021982095
v -0.129018915 -0.04713294 0.015710265
v -0.127718145 -0.046847505 0.015284205
v -0.127350105 -0.04676676 0.021725025
v -0.12655032 -0.04659126 0.02157525
v -0.12640842 -0.04656012 0.01479804
v -0.125754075 -0.04641654 0.0214116
v -0.125066235 -0.04626561 0.014242065
v -0.1249599 -0.04624227 0.02123427
v -0.124367415 -0.046112265 0.01393179
v -0.124166385 -0.04606815 0.021043455
v -0.123650745 -0.045955005 0.01360017
v -0.123372105 -0.045893865 0.02083938
v -0.12290649 -0.045791685 0.013242855
v -0.12257757 -0.04571952 0.02062038
v -0.122131365 -0.0456216 0.012858405
v -0.12178626 -0.04554588 0.020383335
v -0.121328625 -0.04544547 0.012448275
v -0.12099717 -0.04537272 0.020130585
v -0.1204983 -0.045263265 0.01201245
v -0.120208965 -0.045199785 0.01986471
v -0.12044019 -0.045250515 0.01198164
v -0.12038124 -0.045237585 0.011950305
v -0.120321195 -0.0452244 0.011918235
v -0.12025848 -0.045210645 0.011884575
v -0.120192135 -0.04519608 0.01184865
v -0.119420445 -0.045026745 0.019588335
v -0.120121635 -0.045180615 0.0118101
v -0.12004695 -0.04516422 0.011768685
v -0.11996814 -0.045146925 0.011724225
v -0.119885205 -0.04512873 0.011676585
v -0.11979789 -0.045109575 0.0116253
v -0.11970576 -0.045089355 0.011569815
v -0.119608455 -0.04506801 0.01150971
v -0.11950527 -0.04504536 0.0114441
v -0.119395875 -0.04502136 0.011372445
v -0.11863032 -0.044853375 0.019303995
v -0.11927994 -0.04499592 0.011294235
v -0.11915754 -0.044969055 0.01120872
v -0.119028975 -0.044940855 0.01111545
v -0.118894545 -0.04491135 0.01101399
v -0.118755165 -0.044880765 0.01090365
v -0.11861052 -0.044849025 0.010782885
v -0.11783733 -0.044679375 0.019014315
v -0.11846025 -0.044816055 0.01065024
v -0.118302135 -0.04478136 0.01049967
v -0.118136445 -0.044745 0.01032687
v -0.11796225 -0.04470678 0.010124715
v -0.11779086 -0.044669175 0.00989256
v -0.1170402 -0.04450446 0.018721875
v -0.117707355 -0.044650845 0.00976536
v -0.1176306 -0.044634 0.00963309
v -0.11755959 -0.044618415 0.009495135
v -0.11749518 -0.044604285 0.00935214
v -0.11744199 -0.04459263 0.009206685
v -0.11740002 -0.044583405 0.009058305
v -0.117369075 -0.044576625 0.008907405
v -0.11735232 -0.044572935 0.00875697
v -0.116240685 -0.04432902 0.018421755
v -0.117363075 -0.044575305 0.008457105
v -0.11544066 -0.044153475 0.018109515
v -0.11851053 -0.04482708 0.0019875
v -0.11512524 -0.044084265 0.0019875
v -0.117432585 -0.04459056 0.00816855
v -0.117559965 -0.044618505 0.00789711
v -0.11764383 -0.04463691 0.007771725
v -0.117741135 -0.044658255 0.007652715
v -0.11784666 -0.044681415 0.007541745
v -0.11795931 -0.044706135 0.007439685
v -0.11808045 -0.044732715 0.007345905
v -0.11820351 -0.044759715 0.007260525
v -0.118448145 -0.0448134 0.0071166
v -0.118685745 -0.044865525 0.00700128
v -0.120341955 -0.04522896 0.0019875
v -0.11891028 -0.0449148 0.006910485
v -0.119121465 -0.04496115 0.006836115
v -0.11931957 -0.04500462 0.00677517
v -0.119504685 -0.04504524 0.006724815
v -0.11967819 -0.04508331 0.006682035
v -0.11984094 -0.045119025 0.00664563
v -0.119993745 -0.04515255 0.006614385
v -0.120137805 -0.045184155 0.00658701
v -0.12027318 -0.04521387 0.00656301
v -0.12040002 -0.045241695 0.00654189
v -0.120571485 -0.04527933 0.00196077
v -0.12051816 -0.045267615 0.00652299
v -0.12062775 -0.04529166 0.006506025
v -0.12078666 -0.04532655 0.0018834
v -0.12072894 -0.045313875 0.006490665
v -0.120822285 -0.04533435 0.00647658
v -0.120981 -0.04536918 0.001758675
v -0.120908145 -0.04535319 0.00646365
v -0.12098697 -0.045370485 0.006451695
v -0.121144035 -0.045404955 0.001591755
v -0.12106008 -0.045386535 0.0064404
v -0.12112839 -0.04540152 0.006429555
v -0.121193205 -0.04541574 0.00641889
v -0.121265865 -0.045431685 0.00139281
v -0.121256115 -0.045429555 0.00640803
v -0.121317465 -0.04544301 0.0063969
v -0.12134157 -0.045448305 0.001171575
v -0.12136755 -0.045454005 0.0009375
v -0.12186267 -0.04556265 -0.004389465
v -0.12186267 -0.04556265 0.006264465
v -0.12134157 -0.045448305 0.000703425
v -0.121317465 -0.04544301 -0.0045219
v -0.121265865 -0.045431685 0.00048219
v -0.121256625 -0.04542966 -0.00453294
v -0.121144035 -0.045404955 0.000283245
v -0.12119481 -0.0454161 -0.00454362
v -0.121131795 -0.04540227 -0.004554
v -0.120981 -0.04536918 0.000116325
v -0.121066155 -0.04538787 -0.004564455
v -0.120996885 -0.04537266 -0.00457518
v -0.12092325 -0.045356505 -0.00458637
v -0.12078666 -0.04532655 -8.4e-06
v -0.120844995 -0.045339345 -0.004598175
v -0.12076209 -0.04532115 -0.004610655
v -0.120571485 -0.04527933 -8.577e-05
v -0.120674565 -0.045301935 -0.004623885
v -0.120582195 -0.04528167 -0.004638045
v -0.12048462 -0.045260265 -0.0046533
v -0.120341955 -0.04522896 -0.0001125
v -0.12038142 -0.045237615 -0.004669875
v -0.12027171 -0.04521354 -0.00468831
v -0.11851053 -0.04482708 -0.0001125
v -0.120155115 -0.045187965 -0.004708875
v -0.120031005 -0.045160725 -0.004732065
v -0.1198989 -0.04513173 -0.004758525
v -0.119758575 -0.04510095 -0.004788675
v -0.11960976 -0.045068295 -0.004823355
v -0.1194525 -0.04503378 -0.004863495
v -0.119286825 -0.044997435 -0.0049098
v -0.11911254 -0.044959185 -0.004964025
v -0.118928775 -0.044918865 -0.005028525
v -0.11873475 -0.044876295 -0.00510519
v -0.11852826 -0.04483098 -0.005200335
v -0.11831151 -0.044783415 -0.00531858
v -0.118085145 -0.04473375 -0.005465895
v -0.1178685 -0.0446862 -0.005646345
v -0.11767215 -0.04464312 -0.00585966
v -0.11751405 -0.044608425 -0.00610554
v -0.122386755 -0.04567764 -0.004202535
v -0.122386755 -0.04567764 0.006077535
v -0.122892255 -0.045788565 -0.003959745
v -0.122892255 -0.045788565 0.005834745
v -0.12337002 -0.0458934 -0.00366594
v -0.12337002 -0.0458934 0.00554094
v -0.12381657 -0.045991395 -0.00332232
v -0.12381657 -0.045991395 0.00519732
v -0.12422532 -0.04608108 -0.0029349
v -0.12422532 -0.04608108 0.0048099
v -0.12459399 -0.046161975 -0.00250491
v -0.12459399 -0.046161975 0.00437991
v -0.124916565 -0.04623276 -0.002040285
v -0.124916565 -0.04623276 0.003915285
v -0.12519168 -0.046293135 -0.00154209
v -0.12519168 -0.046293135 0.00341709
v -0.12541455 -0.046342035 -0.001019895
v -0.12541455 -0.046342035 0.002894895
v -0.12558444 -0.04637931 -0.00047454
v -0.12558444 -0.04637931 0.00234954
v -0.125698275 -0.046404285 8.319e-05
v -0.125698275 -0.046404285 0.00179181
v -0.12575571 -0.0464169 0.00065262
v -0.12575571 -0.0464169 0.00122238
v -0.114639135 -0.043977585 0.0177885
v -0.11383503 -0.04380114 0.017461995
v -0.11302734 -0.043623915 0.017133315
v -0.112215015 -0.04344567 0.01680579
v -0.11174181 -0.043341825 0.0019875
v -0.11139705 -0.04326618 0.016482705
v -0.110842155 -0.043144425 0.0019608
v -0.110572575 -0.043085265 0.016167015
v -0.109950285 -0.04294872 0.00188229
v -0.10974474 -0.042903615 0.01585287
v -0.109065825 -0.042754635 0.00175191
v -0.10891392 -0.042721305 0.01553844
v -0.108186495 -0.04256169 0.001569105
v -0.108078765 -0.04253805 0.015225195
v -0.107318745 -0.04237128 0.00133542
v -0.107237895 -0.042353535 0.014914635
v -0.106468995 -0.042184815 0.00105237
v -0.106389945 -0.042167475 0.014608275
v -0.105634995 -0.042001815 0.00071943
v -0.104667375 -0.04178949 0.01401411
v -0.104816355 -0.04182219 0.00033651
v -0.10439118 -0.04172889 0.000131955
v -0.102907695 -0.04140336 0.01344876
v -0.10396632 -0.041635665 -5.7945e-05
v -0.103541835 -0.041542515 -0.00023319
v -0.103117695 -0.04144944 -0.00039378
v -0.102693885 -0.041356455 -0.00053973
v -0.101119185 -0.041010915 0.012904905
v -0.10226976 -0.04126338 -0.000670725
v -0.101845305 -0.041170245 -0.000786765
v -0.10142154 -0.04107726 -0.0008883
v -0.100999455 -0.040984635 -0.00097581
v -0.09929286 -0.04061016 0.01238442
v -0.100580085 -0.040892625 -0.0010497
v -0.100162845 -0.040801065 -0.001109655
v -0.099747045 -0.04070982 -0.00115536
v -0.09933357 -0.0406191 -0.00118734
v -0.098923305 -0.04052907 -0.00120615
v -0.09741894 -0.040198965 0.01188969
v -0.09851712 -0.04043994 -0.001212315
v -0.09811503 -0.04035171 -0.001205835
v -0.09771642 -0.040264245 -0.00118638
v -0.09732132 -0.040177545 -0.001153905
v -0.09549354 -0.039776475 0.011421705
v -0.096929715 -0.040091625 -0.001108455
v -0.096541605 -0.040006455 -0.00105
v -0.09473349 -0.039609705 -0.00075186
v -0.0945027 -0.039559065 -0.000740895
v -0.09427824 -0.039509805 -0.00078225
v -0.094067025 -0.039463455 -0.00087375
v -0.09388014 -0.039422445 -0.001012005
v -0.09372897 -0.03938928 -0.001188585
v -0.093619845 -0.03936534 -0.001394685
v -0.151230795 -0.052006875 -0.012033495
v -0.151230795 -0.052006875 0.013908495
v -0.151661325 -0.052101345 -0.010645905
v -0.151661325 -0.052101345 0.012520905
v -0.15204207 -0.052184895 -0.00924438
v -0.15204207 -0.052184895 0.01111938
v -0.15237342 -0.0522576 -0.007828365
v -0.15237342 -0.0522576 0.009703365
v -0.152654865 -0.05231937 -0.006398595
v -0.152654865 -0.05231937 0.008273595
v -0.152885685 -0.05237001 -0.00495609
v -0.152885685 -0.05237001 0.00683109
v -0.153065355 -0.052409445 -0.00350157
v -0.153065355 -0.052409445 0.00537657
v -0.153194265 -0.05243772 -0.002034495
v -0.153194265 -0.05243772 0.003909495
v -0.153272445 -0.05245488 -0.000554805
v -0.153272445 -0.05245488 0.002429805
v -0.15329991 -0.05246091 0.0009375
v -0.088013355 -0.038135115 -0.007911645
v -0.087339825 -0.03798732 0.00951636
v -0.087339825 -0.03798732 -0.00764136
v -0.08669316 -0.03784542 0.009193635
v -0.08669316 -0.03784542 -0.007318635
v -0.0860673 -0.03770808 0.00881385
v -0.0860673 -0.03770808 -0.00693885
v -0.085466325 -0.037576215 0.00838011
v -0.085466325 -0.037576215 -0.00650511
v -0.084901335 -0.03745224 0.00790086
v -0.084901335 -0.03745224 -0.00602586
v -0.084382725 -0.037338435 0.007383885
v -0.084382725 -0.037338435 -0.005508885
v -0.083904045 -0.037233405 0.00682119
v -0.083904045 -0.037233405 -0.00494619
v -0.08346606 -0.0371373 0.006216165
v -0.08346606 -0.0371373 -0.004341165
v -0.083076765 -0.037051875 0.00558033
v -0.083076765 -0.037051875 -0.00370533
v -0.0827433 -0.036978705 0.004923375
v -0.0827433 -0.036978705 -0.003048375
v -0.08246079 -0.03691671 0.004234185
v -0.08246079 -0.03691671 -0.002359185
v -0.08223012 -0.0368661 0.00351891
v -0.08223012 -0.0368661 -0.00164391
v -0.082055475 -0.036827775 0.00279102
v -0.082055475 -0.036827775 -0.00091602
v -0.081940485 -0.036802545 0.0020604
v -0.081940485 -0.036802545 -0.0001854
v -0.08188335 -0.036790005 0.00131415
v -0.08188335 -0.036790005 0.00056085
f 1 2 3
f 1 4 2
f 5 1 3
f 6 5 3
f 7 6 3
f 8 7 3
f 9 8 3
f 10 9 3
f 11 10 3
f 12 11 3
f 12 3 13
f 14 13 3
f 15 12 13
f 16 15 13
f 17 16 13
f 18 17 13
f 18 13 19
f 20 19 13
f 21 20 13
f 22 21 13
f 23 22 13
f 23 13 24
f 25 23 24
f 25 24 26
f 27 26 24
f 25 26 2
f 4 25 2
f 27 28 26
f 29 27 24
f 29 24 30
f 31 29 30
f 32 31 30
f 33 32 30
f 34 33 30
f 35 34 30
f 36 35 30
f 37 36 30
f 38 37 30
f 38 30 39
f 40 38 39
f 41 40 39
f 42 41 39
f 42 39 43
f 44 42 43
f 45 44 43
f 46 45 43
f 47 46 43
f 47 43 48
f 49 47 48
f 50 49 48
f 51 50 48
f 52 51 48
f 53 52 48
f 53 48 54
f 55 53 54
f 56 55 54
f 57 56 54
f 58 57 54
f 58 54 59
f 60 58 59
f 61 60 59
f 62 61 59
f 63 62 59
f 63 59 64
f 65 63 64
f 66 65 64
f 66 64 67
f 68 66 67
f 68 67 69
f 70 68 69
f 70 69 71
f 72 70 71
f 72 71 73
f 74 72 73
f 74 73 75
f 76 74 75
f 76 75 77
f 78 76 77
f 78 77 79
f 78 79 80
f 78 80 81
f 78 81 82
f 83 78 82
f 83 82 84
f 83 84 85
f 83 85 86
f 87 83 86
f 87 88 83
f 87 86 89
f 90 87 89
f 91 90 89
f 92 91 89
f 93 92 89
f 94 93 89
f 95 94 89
f 96 95 89
f 97 96 89
f 98 97 89
f 98 89 99
f 100 98 99
f 101 100 99
f 102 101 99
f 103 102 99
f 104 103 99
f 104 99 105
f 106 104 105
f 107 106 105
f 108 107 105
f 109 108 105
f 110 109 105
f 111 110 105
f 111 105 112
f 113 111 112
f 114 113 112
f 115 114 112
f 116 115 112
f 117 116 112
f 118 117 112
f 119 118 112
f 120 119 112
f 121 120 112
f 121 112 122
f 123 121 122
f 124 123 122
f 125 124 122
f 126 125 122
f 127 126 122
f 127 122 128
f 129 127 128
f 129 128 130
f 131 129 130
f 131 130 132
f 133 131 132
f 133 132 134
f 135 133 134
f 135 134 136
f 137 135 136
f 137 136 138
f 139 137 138
f 139 138 140
f 139 140 141
f 142 139 141
f 142 141 143
f 144 142 143
f 144 143 145
f 146 144 145
f 147 146 145
f 147 145 148
f 149 147 148
f 149 148 150
f 151 149 150
f 152 151 150
f 152 150 153
f 154 152 153
f 155 154 153
f 155 153 156
f 157 155 156
f 158 157 156
f 158 156 159
f 160 158 159
f 161 160 159
f 161 159 162
f 163 161 162
f 164 163 162
f 164 162 165
f 166 164 165
f 166 165 167
f 166 167 168
f 169 166 168
f 169 168 170
f 171 169 170
f 171 170 172
f 173 171 172
f 173 172 174
f 175 173 174
f 176 175 174
f 176 174 177
f 178 176 177
f 178 177 179
f 180 178 179
f 181 180 179
f 181 179 182
f 183 181 182
f 183 182 184
f 185 183 184
f 186 185 184
f 187 186 184
f 187 184 188
f 189 187 188
f 189 188 190
f 189 190 191
f 192 189 191
f 192 191 193
f 194 192 193
f 194 193 195
f 194 195 196
f 197 194 196
f 197 196 198
f 197 198 199
f 200 197 199
f 200 199 201
f 200 201 202
f 203 200 202
f 203 202 204
f 203 204 205
f 206 203 205
f 206 205 207
f 208 206 207
f 208 207 209
f 210 208 209
f 210 209 211
f 212 210 211
f 213 212 211
f 213 211 214
f 215 213 214
f 216 215 214
f 217 216 214
f 218 217 214
f 219 218 214
f 214 220 219
f 214 221 220
f 222 219 220
f 223 222 220
f 224 223 220
f 225 224 220
f 225 220 226
f 227 225 226
f 228 227 226
f 228 226 229
f 228 229 230
f 231 228 230
f 231 230 232
f 231 232 233
f 234 231 233
f 234 233 235
f 234 235 236
f 237 234 236
f 237 236 238
f 239 237 238
f 239 238 240
f 239 240 241
f 242 239 241
f 242 241 243
f 242 243 244
f 245 242 244
f 245 244 246
f 247 245 246
f 247 246 248
f 249 247 248
f 250 249 248
f 250 248 251
f 252 250 251
f 253 252 251
f 254 253 251
f 254 251 255
f 256 254 255
f 257 256 255
f 258 257 255
f 258 255 259
f 260 258 259
f 261 260 259
f 262 261 259
f 263 262 259
f 263 259 264
f 265 263 264
f 266 265 264
f 266 264 267
f 268 266 267
f 269 268 267
f 269 267 270
f 269 270 271
f 271 270 272
f 273 271 272
f 273 272 274
f 275 273 274
f 275 274 276
f 277 275 276
f 277 276 278
f 279 277 278
f 280 279 278
f 280 278 281
f 282 280 281
f 283 282 281
f 283 281 284
f 285 283 284
f 286 285 284
f 286 284 287
f 288 286 287
f 289 288 287
f 289 287 290
f 291 289 290
f 292 291 290
f 292 290 293
f 294 292 293
f 294 293 295
f 296 294 295
f 297 296 295
f 297 295 298
f 297 298 299
f 300 297 299
f 300 299 301
f 302 300 301
f 302 301 303
f 302 303 304
f 305 302 304
f 305 304 306
f 307 305 306
f 307 306 308
f 309 307 308
f 309 308 310
f 311 309 310
f 311 310 312
f 313 311 312
f 313 312 314
f 315 313 314
f 316 315 314
f 317 316 314
f 318 317 314
f 319 318 314
f 319 314 320
f 321 319 320
f 322 321 320
f 323 322 320
f 324 323 320
f 325 324 320
f 326 325 320
f 327 326 320
f 328 327 320
f 329 328 320
f 329 320 330
f 331 329 330
f 332 331 330
f 333 332 330
f 334 333 330
f 335 334 330
f 336 335 330
f 336 330 337
f 338 336 337
f 339 338 337
f 340 339 337
f 341 340 337
f 342 341 337
f 342 337 343
f 344 342 343
f 345 344 343
f 346 345 343
f 347 346 343
f 348 347 343
f 349 348 343
f 350 349 343
f 350 343 351
f 350 351 352
f 353 350 352
f 353 352 354
f 355 354 352
f 356 353 354
f 357 356 354
f 358 357 354
f 359 358 354
f 360 359 354
f 361 360 354
f 362 361 354
f 363 362 354
f 363 354 364
f 365 363 364
f 366 365 364
f 367 366 364
f 368 367 364
f 369 368 364
f 370 369 364
f 371 370 364
f 372 371 364
f 373 372 364
f 374 373 364
f 374 364 375
f 376 374 375
f 377 376 375
f 377 375 378
f 379 377 378
f 380 379 378
f 380 378 381
f 382 380 381
f 383 382 381
f 383 381 384
f 385 383 384
f 386 385 384
f 387 386 384
f 387 384 388
f 389 387 388
f 390 389 388
f 390 388 391
f 390 391 392
f 393 390 392
f 393 394 390
f 393 392 395
f 396 393 395
f 396 395 397
f 398 396 397
f 398 397 399
f 400 398 399
f 401 400 399
f 401 399 402
f 403 401 402
f 404 403 402
f 405 404 402
f 405 402 406
f 407 405 406
f 408 407 406
f 408 406 409
f 410 408 409
f 411 410 409
f 412 411 409
f 412 409 413
f 414 412 413
f 415 414 413
f 415 413 416
f 417 415 416
f 418 417 416
f 419 418 416
f 420 419 416
f 421 420 416
f 422 421 416
f 423 422 416
f 424 423 416
f 425 424 416
f 426 425 416
f 427 426 416
f 428 427 416
f 428 416 83
f 429 428 83
f 430 429 83
f 431 430 83
f 432 431 83
f 433 432 83
f 88 433 83
f 393 434 394
f 434 435 394
f 434 436 435
f 436 437 435
f 436 438 437
f 438 439 437
f 438 440 439
f 440 441 439
f 440 442 441
f 442 443 441
f 442 444 443
f 444 445 443
f 444 446 445
f 446 447 445
f 446 448 447
f 448 449 447
f 448 450 449
f 450 451 449
f 450 452 451
f 452 453 451
f 452 454 453
f 454 455 453
f 454 456 455
f 456 457 455
f 355 352 458
f 355 458 459
f 355 459 460
f 355 460 461
f 462 355 461
f 462 461 463
f 464 462 463
f 464 463 465
f 466 464 465
f 466 465 467
f 468 466 467
f 468 467 469
f 470 468 469
f 470 469 471
f 472 470 471
f 472 471 473
f 474 472 473
f 474 473 475
f 476 474 475
f 476 475 477
f 478 476 477
f 479 478 477
f 480 479 477
f 480 477 481
f 482 480 481
f 483 482 481
f 484 483 481
f 485 484 481
f 485 481 486
f 487 485 486
f 488 487 486
f 489 488 486
f 490 489 486
f 490 486 491
f 492 490 491
f 493 492 491
f 493 491 494
f 495 493 494
f 496 495 494
f 496 494 497
f 498 496 497
f 499 498 497
f 499 497 26
f 500 499 26
f 501 500 26
f 502 501 26
f 503 502 26
f 28 503 26
f 214 504 221
f 504 505 221
f 504 506 505
f 506 507 505
f 506 508 507
f 508 509 507
f 508 510 509
f 510 511 509
f 510 512 511
f 512 513 511
f 512 514 513
f 514 515 513
f 514 516 515
f 516 517 515
f 516 518 517
f 518 519 517
f 518 520 519
f 520 521 519
f 520 522 521
f 523 14 3
f 523 524 14
f 523 525 524
f 525 526 524
f 525 527 526
f 527 528 526
f 527 529 528
f 529 530 528
f 529 531 530
f 531 532 530
f 531 533 532
f 533 534 532
f 533 535 534
f 535 536 534
f 535 537 536
f 537 538 536
f 537 539 538
f 539 540 538
f 539 541 540
f 541 542 540
f 541 543 542
f 543 544 542
f 543 545 544
f 545 546 544
f 545 547 546
f 547 548 546
f 547 549 548
f 549 550 548
f 549 551 550
f 551 552 550
f 551 553 552
f 553 554 552
f 553 555 554
f 555 556 554
f 557 558 559
f 560 558 557
f 561 557 559
f 561 559 562
f 561 562 563
f 563 562 564
f 563 564 565
f 565 564 566
f 565 566 567
f 567 566 568
f 567 568 569
f 569 568 570
f 569 570 571
f 571 570 572
f 571 572 573
f 573 572 574
f 573 574 575
f 575 574 576
f 575 576 577
f 577 576 578
f 577 578 579
f 579 578 580
f 579 580 581
f 581 580 582
f 581 582 583
f 583 582 584
f 583 584 585
f 585 584 586
f 585 586 587
f 587 586 588
f 587 588 589
f 589 588 590
f 589 590 591
f 591 590 592
f 591 592 593
f 593 592 594
f 593 594 595
f 595 594 596
f 595 596 597
f 597 596 598
f 597 598 599
f 599 598 600
f 599 600 601
f 601 600 602
f 601 602 603
f 603 602 604
f 603 604 605
f 605 604 606
f 605 606 607
f 607 606 608
f 607 608 609
f 609 608 610
f 609 610 611
f 611 610 612
f 611 612 613
f 613 612 614
f 613 614 615
f 615 614 616
f 615 616 617
f 617 616 618
f 617 618 619
f 619 618 620
f 619 620 621
f 621 620 622
f 621 622 623
f 623 622 624
f 623 624 625
f 625 624 626
f 625 626 627
f 627 626 628
f 627 628 629
f 629 628 630
f 629 630 631
f 631 630 632
f 631 632 633
f 633 632 634
f 633 634 635
f 635 634 636
f 635 636 637
f 637 636 638
f 637 638 639
f 639 638 640
f 639 640 641
f 641 640 642
f 641 642 643
f 643 642 644
f 643 644 645
f 645 644 646
f 645 646 647
f 647 646 648
f 647 648 649
f 649 648 650
f 649 650 651
f 651 650 652
f 651 652 653
f 653 652 654
f 653 654 655
f 655 654 656
f 655 656 657
f 657 656 658
f 658 656 659
f 658 659 660
f 660 659 661
f 661 659 662
f 661 662 663
f 663 662 664
f 664 662 665
f 664 665 666
f 666 665 667
f 666 667 668
f 668 667 669
f 668 669 670
f 670 669 671
f 670 671 672
f 670 672 673
f 673 672 674
f 673 674 675
f 673 675 676
f 676 675 677
f 676 677 678
f 678 677 679
f 678 679 680
f 680 679 681
f 680 681 682
f 682 681 683
f 682 683 684
f 684 683 685
f 684 685 686
f 686 685 687
f 686 687 688
f 688 687 689
f 688 689 690
f 690 689 691
f 690 691 692
f 692 691 693
f 692 693 694
f 694 693 695
f 694 695 696
f 696 695 697
f 696 697 698
f 698 697 699
f 698 699 700
f 700 699 701
f 700 701 702
f 702 701 703
f 702 703 704
f 704 703 705
f 704 705 706
f 706 705 707
f 706 707 708
f 708 707 709
f 708 709 710
f 710 709 711
f 710 711 712
f 712 711 713
f 712 713 714
f 714 713 715
f 714 715 716
f 716 715 717
f 716 717 718
f 718 717 719
f 718 719 720
f 720 719 721
f 720 721 722
f 722 721 723
f 722 723 724
f 724 723 725
f 724 725 726
f 726 725 727
f 726 727 728
f 728 727 729
f 728 729 730
f 730 729 731
f 730 731 732
f 732 731 733
f 732 733 734
f 734 733 735
f 734 735 736
f 736 735 737
f 736 737 738
f 738 737 739
f 738 739 740
f 740 739 741
f 740 741 742
f 742 741 743
f 742 743 744
f 744 743 745
f 744 745 746
f 746 745 747
f 746 747 748
f 748 747 749
f 748 749 750
f 750 749 751
f 750 751 752
f 752 751 753
f 753 751 754
f 753 754 755
f 755 754 756
f 755 756 757
f 757 756 758
f 757 758 759
f 759 758 760
f 759 760 761
f 761 760 762
f 761 762 763
f 763 762 764
f 763 764 765
f 765 764 766
f 765 766 767
f 767 766 768
f 767 768 769
f 769 768 770
f 769 770 771
f 771 770 772
f 771 772 773
f 773 772 774
f 773 774 775
f 775 774 776
f 775 776 777
f 777 776 778
f 777 778 779
f 779 778 780
f 779 780 781
f 781 780 782
f 781 782 783
f 781 783 784
f 784 783 785
f 784 785 786
f 786 785 787
f 786 787 788
f 788 787 789
f 788 789 790
f 790 789 791
f 790 791 792
f 792 791 793
f 792 793 794
f 794 793 795
f 794 795 796
f 796 795 797
f 796 797 798
f 798 797 799
f 798 799 800
f 800 799 801
f 800 801 802
f 802 801 803
f 802 803 804
f 804 803 805
f 804 805 806
f 806 805 807
f 806 807 808
f 808 807 809
f 808 809 810
f 810 809 811
f 810 811 812
f 812 811 813
f 812 813 814
f 814 813 815
f 814 815 816
f 816 815 817
f 816 817 818
f 818 817 819
f 818 819 820
f 820 819 821
f 820 821 822
f 822 821 823
f 822 823 824
f 824 823 825
f 824 825 826
f 826 825 827
f 826 827 828
f 828 827 829
f 828 829 830
f 830 829 831
f 830 831 832
f 832 831 833
f 832 833 834
f 834 833 835
f 834 835 836
f 836 835 837
f 836 837 838
f 838 837 839
f 838 839 840
f 840 839 841
f 840 841 842
f 842 841 843
f 842 843 844
f 844 843 845
f 844 845 846
f 846 845 847
f 846 847 848
f 848 847 849
f 848 849 850
f 850 849 851
f 850 851 852
f 852 851 853
f 852 853 854
f 854 853 855
f 854 855 856
f 856 855 857
f 856 857 858
f 858 857 859
f 858 859 860
f 860 859 861
f 860 861 862
f 862 861 863
f 862 863 864
f 864 863 865
f 864 865 866
f 866 865 867
f 866 867 868
f 868 867 869
f 868 869 870
f 870 869 871
f 870 871 872
f 872 871 873
f 872 873 874
f 874 873 875
f 874 875 876
f 876 875 877
f 876 877 878
f 878 877 879
f 878 879 880
f 880 879 881
f 880 881 882
f 882 881 883
f 882 883 884
f 884 883 885
f 884 885 886
f 886 885 887
f 886 887 888
f 888 887 889
f 888 889 890
f 890 889 891
f 890 891 892
f 892 891 893
f 892 893 894
f 894 893 895
f 894 895 896
f 896 895 897
f 896 897 898
f 898 897 899
f 898 899 900
f 900 899 901
f 900 901 902
f 902 901 903
f 902 903 904
f 904 903 905
f 904 905 906
f 906 905 907
f 906 907 908
f 908 907 909
f 908 909 910
f 910 909 911
f 910 911 912
f 912 911 913
f 912 913 914
f 914 913 915
f 914 915 916
f 916 915 917
f 916 917 918
f 918 917 919
f 918 919 920
f 920 919 921
f 920 921 922
f 922 921 923
f 922 923 924
f 924 923 925
f 924 925 926
f 926 925 927
f 926 927 928
f 928 927 929
f 928 929 930
f 930 929 931
f 930 931 932
f 932 931 933
f 932 933 934
f 934 933 935
f 934 935 936
f 936 935 937
f 936 937 938
f 938 937 939
f 938 939 560
f 560 939 558
f 940 941 942
f 943 941 940
f 944 940 942
f 944 942 945
f 944 945 946
f 946 945 947
f 946 947 948
f 948 947 949
f 948 949 950
f 950 949 951
f 950 951 952
f 952 951 953
f 952 953 954
f 954 953 955
f 954 955 956
f 956 955 957
f 956 957 958
f 958 957 959
f 958 959 960
f 960 959 961
f 960 961 962
f 962 961 963
f 962 963 964
f 964 963 965
f 964 965 966
f 966 965 967
f 966 967 968
f 968 967 969
f 968 969 970
f 970 969 971
f 970 971 972
f 972 971 973
f 972 973 974
f 974 973 975
f 974 975 976
f 976 975 977
f 976 977 978
f 978 977 979
f 978 979 943
f 943 979 941
f 980 981 982
f 983 981 980
f 984 980 982
f 984 982 985
f 984 985 986
f 986 985 987
f 986 987 988
f 988 987 989
f 988 989 990
f 990 989 991
f 990 991 992
f 992 991 993
f 992 993 994
f 994 993 995
f 994 995 996
f 996 995 997
f 996 997 998
f 998 997 999
f 998 999 1000
f 1000 999 1001
f 1000 1001 1002
f 1002 1001 1003
f 1002 1003 1004
f 1004 1003 1005
f 1004 1005 1006
f 1006 1005 1007
f 1006 1007 1008
f 1008 1007 1009
f 1008 1009 1010
f 1010 1009 1011
f 1010 1011 1012
f 1012 1011 1013
f 1013 1011 1014
f 1013 1014 1015
f 1013 1015 1016
f 1016 1015 1017
f 1016 1017 1018
f 1018 1017 1019
f 1018 1019 1020
f 1020 1019 1021
f 1020 1021 1022
f 1022 1021 1023
f 1022 1023 1024
f 1024 1023 1025
f 1024 1025 1026
f 1026 1025 1027
f 1026 1027 1028
f 1028 1027 1029
f 1028 1029 1030
f 1030 1029 1031
f 1030 1031 1032
f 1032 1031 1033
f 1032 1033 1034
f 1034 1033 1035
f 1034 1035 1036
f 1036 1035 1037
f 1036 1037 1038
f 1038 1037 1039
f 1038 1039 1040
f 1040 1039 1041
f 1040 1041 1042
f 1042 1041 1043
f 1042 1043 1044
f 1044 1043 1045
f 1044 1045 1046
f 1046 1045 1047
f 1046 1047 1048
f 1048 1047 1049
f 1048 1049 1050
f 1050 1049 1051
f 1050 1051 1052
f 1052 1051 1053
f 1052 1053 1054
f 1054 1053 1055
f 1054 1055 1056
f 1056 1055 1057
f 1056 1057 1058
f 1058 1057 1059
f 1058 1059 1060
f 1060 1059 1061
f 1060 1061 1062
f 1062 1061 1063
f 1062 1063 1064
f 1064 1063 1065
f 1065 1063 1066
f 1065 1066 1067
f 1065 1067 1068
f 1068 1067 1069
f 1068 1069 1070
f 1070 1069 1071
f 1070 1071 1072
f 1072 1071 1073
f 1072 1073 1074
f 1074 1073 1075
f 1074 1075 1076
f 1076 1075 1077
f 1076 1077 1078
f 1078 1077 1079
f 1078 1079 1080
f 1080 1079 1081
f 1080 1081 1082
f 1082 1081 1083
f 1082 1083 1084
f 1084 1083 1085
f 1084 1085 1086
f 1086 1085 1087
f 1086 1087 1088
f 1088 1087 1089
f 1088 1089 1090
f 1090 1089 1091
f 1090 1091 1092
f 1092 1091 1093
f 1092 1093 1094
f 1094 1093 1095
f 1095 1093 1096
f 1095 1096 1097
f 1095 1097 1098
f 1098 1097 1099
f 1098 1099 1100
f 1100 1099 1101
f 1100 1101 1102
f 1102 1101 1103
f 1102 1103 1104
f 1104 1103 1105
f 1104 1105 1106
f 1106 1105 1107
f 1106 1107 1108
f 1108 1107 1109
f 1108 1109 1110
f 1110 1109 1111
f 1110 1111 1112
f 1112 1111 1113
f 1112 1113 1114
f 1114 1113 1115
f 1114 1115 1116
f 1116 1115 1117
f 1116 1117 1118
f 1118 1117 1119
f 1118 1119 1120
f 1120 1119 1121
f 1120 1121 1122
f 1122 1121 1123
f 1122 1123 1124
f 1124 1123 1125
f 1124 1125 1126
f 1126 1125 1127
f 1126 1127 1128
f 1128 1127 1129
f 1128 1129 1130
f 1130 1129 1131
f 1130 1131 1132
f 1132 1131 1133
f 1132 1133 1134
f 1134 1133 1135
f 1134 1135 1136
f 1136 1135 1137
f 1136 1137 1138
f 1138 1137 1139
f 1138 1139 1140
f 1140 1139 1141
f 1140 1141 1142
f 1142 1141 1143
f 1142 1143 1144
f 1144 1143 1145
f 1144 1145 1146
f 1146 1145 1147
f 1146 1147 1148
f 1148 1147 1149
f 1148 1149 1150
f 1150 1149 1151
f 1150 1151 1152
f 1152 1151 1153
f 1152 1153 983
f 983 1153 981
f 1154 1155 1156
f 1157 1155 1154
f 1154 1156 1158
f 1158 1156 1159
f 1158 1159 1160
f 1160 1159 1161
f 1160 1161 1162
f 1162 1161 1163
f 1162 1163 1164
f 1164 1163 1165
f 1164 1165 1166
f 1166 1165 1167
f 1166 1167 1168
f 1168 1167 1169
f 1168 1169 1170
f 1170 1169 1171
f 1170 1171 1172
f 1172 1171 1173
f 1172 1173 1174
f 1174 1173 1175
f 1174 1175 1176
f 1176 1175 1177
f 1176 1177 1178
f 1178 1177 1179
f 1178 1179 1180
f 1180 1179 1181
f 1180 1181 1182
f 1182 1181 1183
f 1182 1183 1184
f 1184 1183 1185
f 1184 1185 1186
f 1186 1185 1187
f 1186 1187 1188
f 1188 1187 1189
f 1188 1189 1190
f 1190 1189 1191
f 1190 1191 1192
f 1192 1191 1193
f 1192 1193 1194
f 1194 1193 1195
f 1194 1195 1196
f 1196 1195 1197
f 1196 1197 1198
f 1198 1197 1199
f 1198 1199 1200
f 1200 1199 1201
f 1200 1201 1202
f 1202 1201 1203
f 1202 1203 1204
f 1204 1203 1205
f 1204 1205 1206
f 1206 1205 1207
f 1206 1207 1208
f 1208 1207 1209
f 1208 1209 1210
f 1210 1209 1211
f 1210 1211 1212
f 1212 1211 1213
f 1212 1213 1214
f 1214 1213 1215
f 1214 1215 1216
f 1216 1215 1217
f 1216 1217 1218
f 1218 1217 1219
f 1218 1219 1220
f 1220 1219 1221
f 1220 1221 1222
f 1222 1221 1223
f 1222 1223 1224
f 1224 1223 1225
f 1224 1225 1226
f 1226 1225 1227
f 1226 1227 1228
f 1228 1227 1229
f 1228 1229 1230
f 1230 1229 1231
f 1230 1231 1232
f 1232 1231 1233
f 1232 1233 1234
f 1234 1233 1235
f 1234 1235 1236
f 1236 1235 1237
f 1236 1237 1238
f 1238 1237 1239
f 1238 1239 1240
f 1240 1239 1241
f 1240 1241 1242
f 1240 1242 1243
f 1243 1242 1244
f 1243 1244 1245
f 1245 1244 1246
f 1245 1246 1247
f 1247 1246 1248
f 1247 1248 1249
f 1249 1248 1250
f 1250 1248 1251
f 1250 1251 1252
f 1252 1251 1253
f 1253 1251 1254
f 1253 1254 1255
f 1255 1254 1256
f 1255 1256 1257
f 1257 1256 1258
f 1257 1258 1259
f 1259 1258 1260
f 1259 1260 1261
f 1261 1260 1262
f 1261 1262 1263
f 1263 1262 1264
f 1263 1264 1265
f 1265 1264 1266
f 1265 1266 1267
f 1267 1266 1268
f 1267 1268 1269
f 1269 1268 1270
f 1269 1270 1271
f 1271 1270 1272
f 1271 1272 1273
f 1273 1272 1274
f 1273 1274 1275
f 1273 1275 1276
f 1276 1275 1277
f 1276 1277 1278
f 1278 1277 1279
f 1278 1279 1280
f 1280 1279 1281
f 1280 1281 1282
f 1282 1281 1283
f 1282 1283 1284
f 1284 1283 1285
f 1284 1285 1286
f 1286 1285 1287
f 1287 1285 1288
f 1287 1288 1289
f 1289 1288 1290
f 1289 1290 1291
f 1291 1290 1292
f 1291 1292 1293
f 1293 1292 1294
f 1293 1294 1295
f 1295 1294 1296
f 1295 1296 1297
f 1297 1296 1298
f 1297 1298 1299
f 1299 1298 1300
f 1299 1300 1301
f 1301 1300 1302
f 1301 1302 1303
f 1303 1302 1304
f 1304 1302 1305
f 1304 1305 1306
f 1306 1305 1307
f 1306 1307 1308
f 1308 1307 1309
f 1308 1309 1310
f 1310 1309 1311
f 1310 1311 1312
f 1312 1311 1313
f 1312 1313 1314
f 1314 1313 1315
f 1314 1315 1316
f 1316 1315 1317
f 1316 1317 1318
f 1318 1317 1319
f 1318 1319 1320
f 1320 1319 1321
f 1320 1321 1322
f 1322 1321 1323
f 1322 1323 1324
f 1324 1323 1325
f 1324 1325 1326
f 1326 1325 1327
f 1326 1327 1328
f 1328 1327 1329
f 1330 1328 1329
f 1330 1329 1331
f 1330 1331 1332
f 1332 1331 1333
f 1332 1333 1334
f 1334 1333 1335
f 1334 1335 1336
f 1336 1335 1337
f 1336 1337 1338
f 1338 1337 1339
f 1338 1339 1340
f 1340 1339 1341
f 1340 1341 1342
f 1342 1341 1343
f 1342 1343 1344
f 1344 1343 1345
f 1344 1345 1346
f 1346 1345 1347
f 1346 1347 1348
f 1348 1347 1349
f 1348 1349 1350
f 1350 1349 1351
f 1350 1351 1352
f 1352 1351 1353
f 1352 1353 1354
f 1354 1353 1355
f 1354 1355 1356
f 1356 1355 1357
f 1356 1357 1358
f 1358 1357 1359
f 1358 1359 1360
f 1360 1359 1361
f 1360 1361 1362
f 1362 1361 1363
f 1362 1363 1364
f 1364 1363 1365
f 1364 1365 1366
f 1366 1365 1367
f 1366 1367 1368
f 1368 1367 1369
f 1368 1369 1370
f 1370 1369 1371
f 1370 1371 1372
f 1372 1371 1373
f 1372 1373 1374
f 1374 1373 1375
f 1374 1375 1376
f 1376 1375 1377
f 1376 1377 1378
f 1378 1377 1379
f 1378 1379 1380
f 1380 1379 1381
f 1380 1381 1382
f 1382 1381 1383
f 1382 1383 1384
f 1384 1383 1385
f 1384 1385 1386
f 1386 1385 1387
f 1386 1387 1388
f 1388 1387 1389
f 1388 1389 1390
f 1390 1389 1391
f 1390 1391 1392
f 1392 1391 1393
f 1392 1393 1394
f 1394 1393 1395
f 1394 1395 1396
f 1396 1395 1397
f 1396 1397 1398
f 1398 1397 1399
f 1398 1399 1400
f 1400 1399 1401
f 1400 1401 1402
f 1402 1401 1403
f 1402 1403 1404
f 1404 1403 1405
f 1404 1405 1406
f 1404 1406 1407
f 1407 1406 1408
f 1407 1408 1409
f 1409 1408 1410
f 1409 1410 1411
f 1411 1410 1412
f 1411 1412 1413
f 1413 1412 1414
f 1413 1414 1415
f 1415 1414 1416
f 1415 1416 1417
f 1417 1416 1418
f 1417 1418 1419
f 1417 1419 1420
f 1420 1419 1421
f 1420 1421 1422
f 1422 1421 1423
f 1422 1423 1424
f 1424 1423 1425
f 1424 1425 1426
f 1426 1425 1427
f 1426 1427 1428
f 1428 1427 1429
f 1428 1429 1430
f 1430 1429 1431
f 1430 1431 1432
f 1432 1431 1433
f 1432 1433 1434
f 1434 1433 1435
f 1435 1433 1436
f 1435 1436 1437
f 1437 1436 1438
f 1438 1436 1439
f 1438 1439 1440
f 1440 1439 1441
f 1441 1439 1442
f 1441 1442 1443
f 1443 1442 1444
f 1443 1444 1445
f 1445 1444 1446
f 1445 1446 1447
f 1447 1446 1448
f 1447 1448 1449
f 1449 1448 1450
f 1449 1450 1451
f 1451 1450 1452
f 1451 1452 1453
f 1453 1452 1454
f 1453 1454 1455
f 1455 1454 1456
f 1455 1456 1457
f 1457 1456 1458
f 1457 1458 1459
f 1459 1458 1460
f 1459 1460 1461
f 1461 1460 1462
f 1461 1462 1463
f 1461 1463 1464
f 1464 1463 1465
f 1464 1465 1466
f 1466 1465 1467
f 1466 1467 1468
f 1468 1467 1469
f 1468 1469 1470
f 1470 1469 1471
f 1470 1471 1472
f 1472 1471 1473
f 1472 1473 1474
f 1474 1473 1475
f 1474 1475 1476
f 1476 1475 1477
f 1476 1477 1478
f 1478 1477 1479
f 1478 1479 1480
f 1480 1479 1481
f 1480 1481 1482
f 1482 1481 1483
f 1482 1483 1484
f 1484 1483 1485
f 1484 1485 1486
f 1486 1485 1487
f 1486 1487 1488
f 1488 1487 1489
f 1488 1489 1490
f 1490 1489 1491
f 1490 1491 1492
f 1492 1491 1493
f 1492 1493 1494
f 1494 1493 1495
f 1494 1495 1496
f 1496 1495 1497
f 1496 1497 1498
f 1498 1497 1499
f 1498 1499 1500
f 1500 1499 1501
f 1500 1501 1502
f 1502 1501 1503
f 1503 1501 1504
f 1503 1504 1505
f 1505 1504 1506
f 1505 1506 1507
f 1507 1506 1508
f 1507 1508 1509
f 1509 1508 1510
f 1509 1510 1511
f 1509 1511 1512
f 1512 1511 1513
f 1512 1513 1514
f 1514 1513 1515
f 1514 1515 1516
f 1516 1515 1517
f 1516 1517 1518
f 1518 1517 1519
f 1518 1519 1520
f 1520 1519 1521
f 1520 1521 1522
f 1522 1521 1523
f 1522 1523 1524
f 1524 1523 1525
f 1524 1525 1526
f 1526 1525 1527
f 1526 1527 1528
f 1528 1527 1529
f 1528 1529 1530
f 1530 1529 1531
f 1530 1531 1532
f 1532 1531 1533
f 1532 1533 1534
f 1534 1533 1535
f 1534 1535 1536
f 1536 1535 1537
f 1536 1537 1538
f 1538 1537 1539
f 1538 1539 1540
f 1540 1539 1541
f 1540 1541 1542
f 1542 1541 1543
f 1542 1543 1544
f 1544 1543 1545
f 1544 1545 1546
f 1546 1545 1547
f 1546 1547 1548
f 1548 1547 1549
f 1548 1549 1550
f 1550 1549 1551
f 1550 1551 1552
f 1552 1551 1553
f 1552 1553 1554
f 1554 1553 1555
f 1554 1555 1556
f 1556 1555 1557
f 1556 1557 1558
f 1558 1557 1559
f 1558 1559 1560
f 1560 1559 1561
f 1560 1561 1562
f 1562 1561 1563
f 1562 1563 1564
f 1564 1563 1565
f 1564 1565 1566
f 1566 1565 1567
f 1566 1567 1568
f 1568 1567 1569
f 1568 1569 1570
f 1570 1569 1571
f 1570 1571 1572
f 1572 1571 1573
f 1572 1573 1574
f 1574 1573 1575
f 1574 1575 1576
f 1576 1575 1577
f 1576 1577 1578
f 1578 1577 1579
f 1578 1579 1580
f 1580 1579 1581
f 1580 1581 1582
f 1582 1581 1583
f 1582 1583 1584
f 1584 1583 1585
f 1584 1585 1586
f 1586 1585 1587
f 1586 1587 1588
f 1588 1587 1589
f 1588 1589 1590
f 1590 1589 1591
f 1590 1591 1592
f 1592 1591 1593
f 1592 1593 1594
f 1594 1593 1595
f 1594 1595 1596
f 1596 1595 1597
f 1596 1597 1598
f 1598 1597 1599
f 1598 1599 1600
f 1600 1599 1601
f 1600 1601 1602
f 1602 1601 1603
f 1602 1603 1604
f 1604 1603 1605
f 1604 1605 1606
f 1606 1605 1607
f 1606 1607 1608
f 1608 1607 1609
f 1608 1609 1610
f 1610 1609 1611
f 1610 1611 1612
f 1612 1611 1613
f 1612 1613 1614
f 1614 1613 1615
f 1614 1615 1616
f 1616 1615 1617
f 1616 1617 1618
f 1618 1617 1619
f 1618 1619 1620
f 1620 1619 1621
f 1620 1621 1622
f 1622 1621 1623
f 1622 1623 1624
f 1624 1623 1625
f 1624 1625 1626
f 1626 1625 1627
f 1626 1627 1628
f 1628 1627 1629
f 1628 1629 1630
f 1630 1629 1631
f 1630 1631 1632
f 1632 1631 1633
f 1632 1633 1634
f 1634 1633 1635
f 1634 1635 1636
f 1636 1635 1637
f 1636 1637 1638
f 1638 1637 1639
f 1638 1639 1640
f 1640 1639 1641
f 1640 1641 1642
f 1642 1641 1643
f 1642 1643 1644
f 1644 1643 1645
f 1644 1645 1646
f 1646 1645 1647
f 1646 1647 1648
f 1648 1647 1649
f 1648 1649 1650
f 1650 1649 1651
f 1650 1651 1652
f 1652 1651 1653
f 1652 1653 1654
f 1654 1653 1655
f 1654 1655 1656
f 1656 1655 1657
f 1656 1657 1658
f 1658 1657 1659
f 1658 1659 1660
f 1660 1659 1661
f 1660 1661 1662
f 1662 1661 1663
f 1662 1663 1664
f 1662 1664 1665
f 1665 1664 1666
f 1665 1666 1667
f 1667 1666 1668
f 1667 1668 1669
f 1669 1668 1670
f 1669 1670 1157
f 1157 1670 1155
f 1671 1672 1673
f 1671 1674 1672
f 1675 1671 1673
f 1676 1675 1673
f 1677 1675 1676
f 1677 1678 1675
f 1679 1677 1676
f 1680 1679 1676
f 1681 1680 1676
f 1682 1681 1676
f 1683 1682 1676
f 1684 1683 1676
f 1685 1684 1676
f 1686 1685 1676
f 1687 1686 1676
f 1687 1676 1688
f 1689 1687 1688
f 1689 1688 1690
f 1688 1691 1690
f 1692 1689 1690
f 1693 1692 1690
f 1693 1690 1675
f 1694 1693 1675
f 1695 1694 1675
f 1695 1675 1696
f 1697 1696 1675
f 1698 1697 1675
f 1699 1698 1675
f 1678 1699 1675
f 1700 1691 1688
f 1700 1701 1691
f 1702 1700 1688
f 1702 1688 1703
f 1704 1702 1703
f 1705 1704 1703
f 1706 1705 1703
f 1707 1706 1703
f 1708 1707 1703
f 1709 1708 1703
f 1709 1703 1710
f 1711 1709 1710
f 1712 1711 1710
f 1712 1710 1713
f 1714 1712 1713
f 1715 1714 1713
f 1715 1713 1716
f 1717 1715 1716
f 1718 1717 1716
f 1718 1716 1719
f 1720 1718 1719
f 1721 1720 1719
f 1722 1721 1719
f 1723 1722 1719
f 1723 1719 1724
f 1725 1723 1724
f 1726 1725 1724
f 1727 1726 1724
f 1728 1727 1724
f 1728 1724 1729
f 1730 1728 1729
f 1731 1730 1729
f 1732 1731 1729
f 1732 1729 1733
f 1734 1732 1733
f 1734 1733 1735
f 1736 1734 1735
f 1736 1735 1737
f 1738 1736 1737
f 1738 1737 1739
f 1740 1738 1739
f 1740 1739 1741
f 1742 1740 1741
f 1742 1741 1743
f 1744 1742 1743
f 1744 1743 1745
f 1744 1745 1746
f 1744 1746 1747
f 1744 1747 1748
f 1749 1744 1748
f 1749 1748 1750
f 1749 1750 1751
f 1749 1751 1752
f 1753 1749 1752
f 1753 1754 1749
f 1755 1753 1752
f 1755 1752 1756
f 1757 1755 1756
f 1758 1757 1756
f 1759 1758 1756
f 1760 1759 1756
f 1761 1760 1756
f 1762 1761 1756
f 1763 1762 1756
f 1764 1763 1756
f 1764 1756 1765
f 1766 1764 1765
f 1767 1766 1765
f 1768 1767 1765
f 1769 1768 1765
f 1770 1769 1765
f 1771 1770 1765
f 1771 1765 1772
f 1773 1771 1772
f 1774 1773 1772
f 1775 1774 1772
f 1776 1775 1772
f 1777 1776 1772
f 1777 1772 1778
f 1779 1777 1778
f 1780 1779 1778
f 1781 1780 1778
f 1782 1781 1778
f 1783 1782 1778
f 1784 1783 1778
f 1785 1784 1778
f 1786 1785 1778
f 1787 1786 1778
f 1787 1778 1788
f 1789 1787 1788
f 1790 1789 1788
f 1791 1790 1788
f 1792 1791 1788
f 1793 1792 1788
f 1793 1788 1794
f 1795 1793 1794
f 1795 1794 1796
f 1797 1795 1796
f 1797 1796 1798
f 1799 1797 1798
f 1799 1798 1800
f 1799 1800 1801
f 1802 1799 1801
f 1802 1801 1803
f 1804 1802 1803
f 1804 1803 1805
f 1804 1805 1806
f 1807 1804 1806
f 1807 1806 1808
f 1809 1807 1808
f 1809 1808 1810
f 1811 1809 1810
f 1812 1811 1810
f 1812 1810 1813
f 1814 1812 1813
f 1814 1813 1815
f 1816 1814 1815
f 1817 1816 1815
f 1817 1815 1818
f 1819 1817 1818
f 1820 1819 1818
f 1820 1818 1821
f 1822 1820 1821
f 1823 1822 1821
f 1823 1821 1824
f 1825 1823 1824
f 1826 1825 1824
f 1826 1824 1827
f 1828 1826 1827
f 1829 1828 1827
f 1829 1827 1830
f 1831 1829 1830
f 1831 1830 1832
f 1831 1832 1833
f 1834 1831 1833
f 1834 1833 1835
f 1836 1834 1835
f 1837 1836 1835
f 1837 1835 1838
f 1839 1837 1838
f 1840 1839 1838
f 1840 1838 1841
f 1842 1840 1841
f 1842 1841 1843
f 1844 1842 1843
f 1844 1843 1845
f 1846 1844 1845
f 1846 1845 1847
f 1848 1846 1847
f 1849 1848 1847
f 1849 1847 1850
f 1851 1849 1850
f 1852 1851 1850
f 1852 1850 1853
f 1854 1852 1853
f 1854 1853 1855
f 1856 1854 1855
f 1857 1856 1855
f 1858 1857 1855
f 1858 1855 1859
f 1860 1858 1859
f 1861 1860 1859
f 1861 1859 1862
f 1863 1861 1862
f 1863 1862 1864
f 1865 1863 1864
f 1865 1864 1866
f 1867 1865 1866
f 1867 1866 1868
f 1867 1868 1869
f 1870 1867 1869
f 1870 1869 1871
f 1870 1871 1872
f 1873 1870 1872
f 1873 1872 1874
f 1873 1874 1875
f 1876 1873 1875
f 1876 1875 1877
f 1878 1876 1877
f 1878 1877 1879
f 1880 1878 1879
f 1881 1880 1879
f 1881 1879 1882
f 1883 1881 1882
f 1884 1883 1882
f 1885 1884 1882
f 1886 1885 1882
f 1887 1886 1882
f 1882 1888 1887
f 1882 1889 1888
f 1890 1887 1888
f 1891 1890 1888
f 1892 1891 1888
f 1893 1892 1888
f 1893 1888 1894
f 1895 1893 1894
f 1896 1895 1894
f 1896 1894 1897
f 1898 1896 1897
f 1898 1897 1899
f 1898 1899 1900
f 1901 1898 1900
f 1901 1900 1902
f 1901 1902 1903
f 1904 1901 1903
f 1904 1903 1905
f 1904 1905 1906
f 1907 1904 1906
f 1907 1906 1908
f 1907 1908 1909
f 1910 1907 1909
f 1910 1909 1911
f 1912 1910 1911
f 1912 1911 1913
f 1912 1913 1914
f 1912 1914 1915
f 1916 1912 1915
f 1916 1915 1917
f 1918 1916 1917
f 1919 1918 1917
f 1919 1917 1920
f 1921 1919 1920
f 1922 1921 1920
f 1923 1922 1920
f 1923 1920 1924
f 1925 1923 1924
f 1925 1924 1926
f 1927 1925 1926
f 1928 1927 1926
f 1928 1926 1929
f 1930 1928 1929
f 1930 1929 1931
f 1932 1930 1931
f 1933 1932 1931
f 1933 1931 1934
f 1935 1933 1934
f 1935 1934 1936
f 1935 1936 1937
f 1938 1935 1937
f 1938 1937 1939
f 1940 1938 1939
f 1940 1939 1941
f 1942 1940 1941
f 1942 1941 1943
f 1944 1942 1943
f 1945 1944 1943
f 1945 1943 1946
f 1947 1945 1946
f 1948 1947 1946
f 1948 1946 1949
f 1950 1948 1949
f 1951 1950 1949
f 1951 1949 1952
f 1953 1951 1952
f 1954 1953 1952
f 1954 1952 1955
f 1956 1954 1955
f 1957 1956 1955
f 1957 1955 1958
f 1959 1957 1958
f 1959 1958 1960
f 1961 1959 1960
f 1962 1961 1960
f 1962 1960 1963
f 1962 1963 1964
f 1965 1962 1964
f 1965 1964 1966
f 1967 1965 1966
f 1967 1966 1968
f 1969 1967 1968
f 1969 1968 1970
f 1971 1969 1970
f 1971 1970 1972
f 1973 1971 1972
f 1973 1972 1974
f 1975 1973 1974
f 1975 1974 1976
f 1977 1975 1976
f 1977 1976 1978
f 1979 1977 1978
f 1979 1978 1980
f 1981 1979 1980
f 1982 1981 1980
f 1983 1982 1980
f 1984 1983 1980
f 1985 1984 1980
f 1985 1980 1986
f 1987 1985 1986
f 1988 1987 1986
f 1989 1988 1986
f 1990 1989 1986
f 1991 1990 1986
f 1992 1991 1986
f 1993 1992 1986
f 1994 1993 1986
f 1995 1994 1986
f 1995 1986 1996
f 1997 1995 1996
f 1998 1997 1996
f 1999 1998 1996
f 2000 1999 1996
f 2001 2000 1996
f 2002 2001 1996
f 2002 1996 2003
f 2004 2002 2003
f 2005 2004 2003
f 2006 2005 2003
f 2007 2006 2003
f 2008 2007 2003
f 2008 2003 2009
f 2010 2008 2009
f 2011 2010 2009
f 2012 2011 2009
f 2013 2012 2009
f 2014 2013 2009
f 2015 2014 2009
f 2016 2015 2009
f 2017 2016 2009
f 2017 2009 2018
f 2019 2017 2018
f 2019 2018 2020
f 2019 2020 2021
f 2022 2021 2020
f 2023 2019 2021
f 2024 2023 2021
f 2025 2024 2021
f 2026 2025 2021
f 2027 2026 2021
f 2028 2027 2021
f 2029 2028 2021
f 2030 2029 2021
f 2031 2030 2021
f 2032 2031 2021
f 2032 2021 2033
f 2034 2032 2033
f 2035 2034 2033
f 2036 2035 2033
f 2037 2036 2033
f 2038 2037 2033
f 2039 2038 2033
f 2040 2039 2033
f 2041 2040 2033
f 2042 2041 2033
f 2043 2042 2033
f 2043 2033 2044
f 2045 2043 2044
f 2046 2045 2044
f 2046 2044 2047
f 2048 2046 2047
f 2049 2048 2047
f 2049 2047 2050
f 2051 2049 2050
f 2052 2051 2050
f 2052 2050 2053
f 2054 2052 2053
f 2055 2054 2053
f 2056 2055 2053
f 2056 2053 2057
f 2058 2056 2057
f 2059 2058 2057
f 2059 2057 2060
f 2059 2060 2061
f 2062 2059 2061
f 2062 2063 2059
f 2062 2061 2064
f 2062 2064 2065
f 2065 2064 2066
f 2067 2065 2066
f 2067 2066 2068
f 2069 2067 2068
f 2070 2069 2068
f 2070 2068 2071
f 2072 2070 2071
f 2073 2072 2071
f 2074 2073 2071
f 2074 2071 2075
f 2076 2074 2075
f 2077 2076 2075
f 2077 2075 2078
f 2079 2077 2078
f 2080 2079 2078
f 2081 2080 2078
f 2081 2078 2082
f 2083 2081 2082
f 2084 2083 2082
f 2084 2082 2085
f 2086 2084 2085
f 2087 2086 2085
f 2088 2087 2085
f 2089 2088 2085
f 2090 2089 2085
f 2091 2090 2085
f 2092 2091 2085
f 2093 2092 2085
f 2094 2093 2085
f 2095 2094 2085
f 2096 2095 2085
f 2097 2096 2085
f 2097 2085 1749
f 2098 2097 1749
f 2099 2098 1749
f 2100 2099 1749
f 2101 2100 1749
f 1754 2101 1749
f 2062 2102 2063
f 2102 2103 2063
f 2102 2104 2103
f 2104 2105 2103
f 2104 2106 2105
f 2106 2107 2105
f 2106 2108 2107
f 2108 2109 2107
f 2108 2110 2109
f 2110 2111 2109
f 2110 2112 2111
f 2112 2113 2111
f 2112 2114 2113
f 2114 2115 2113
f 2114 2116 2115
f 2116 2117 2115
f 2116 2118 2117
f 2118 2119 2117
f 2118 2120 2119
f 2120 2121 2119
f 2120 2122 2121
f 2122 2123 2121
f 2122 2124 2123
f 2124 2125 2123
f 2022 2020 2126
f 2022 2126 2127
f 2022 2127 2128
f 2022 2128 2129
f 2130 2022 2129
f 2130 2129 2131
f 2132 2130 2131
f 2132 2131 2133
f 2134 2132 2133
f 2134 2133 2135
f 2136 2134 2135
f 2136 2135 2137
f 2138 2136 2137
f 2138 2137 2139
f 2140 2138 2139
f 2140 2139 2141
f 2142 2140 2141
f 2142 2141 2143
f 2144 2142 2143
f 2144 2143 2145
f 2146 2144 2145
f 2147 2146 2145
f 2147 2145 2148
f 2149 2147 2148
f 2150 2149 2148
f 2151 2150 2148
f 2152 2151 2148
f 2152 2148 2153
f 2154 2152 2153
f 2155 2154 2153
f 2156 2155 2153
f 2157 2156 2153
f 2157 2153 2158
f 2159 2157 2158
f 2160 2159 2158
f 2161 2160 2158
f 2162 2161 2158
f 2163 2162 2158
f 2163 2158 2164
f 2165 2163 2164
f 2166 2165 2164
f 2167 2166 2164
f 2168 2167 2164
f 2168 2164 2169
f 2170 2168 2169
f 2171 2170 2169
f 2172 2171 2169
f 2172 2169 1691
f 2173 2172 1691
f 2174 2173 1691
f 2175 2174 1691
f 2176 2175 1691
f 2177 2176 1691
f 2178 2177 1691
f 1701 2178 1691
f 1882 2179 1889
f 2179 2180 1889
f 2179 2181 2180
f 2181 2182 2180
f 2181 2183 2182
f 2183 2184 2182
f 2183 2185 2184
f 2185 2186 2184
f 2185 2187 2186
f 2187 2188 2186
f 2187 2189 2188
f 2189 2190 2188
f 2189 2191 2190
f 2191 2192 2190
f 2191 2193 2192
f 2193 2194 2192
f 2193 2195 2194
f 2195 2196 2194
f 2195 2197 2196
f 1674 2198 1672
f 1674 2199 2198
f 2199 2200 2198
f 2199 2201 2200
f 2201 2202 2200
f 2201 2203 2202
f 2203 2204 2202
f 2203 2205 2204
f 2205 2206 2204
f 2205 2207 2206
f 2207 2208 2206
f 2207 2209 2208
f 2209 2210 2208
f 2209 2211 2210
f 2211 2212 2210
f 2211 2213 2212
f 2213 2214 2212
f 2213 2215 2214
f 2215 2216 2214
f 2215 2217 2216
f 2217 2218 2216
f 2217 2219 2218
f 2219 2220 2218
f 2219 2221 2220
f 2221 2222 2220
f 2221 2223 2222
f 2223 2224 2222
f 2223 2225 2224
f 2225 2226 2224
f 2225 2227 2226
f 2227 2228 2226
