4010 4014 0
v -0.051246465 -0.03133845 -0.0028125
v -0.04426305 -0.031323225 -0.0028125
v -0.04427889 -0.03149859 -0.0028125
v -0.051198165 -0.031274475 -0.0028125
v -0.05135418 -0.031451865 -0.0028125
v -0.0514776 -0.031545225 -0.0028125
v -0.04426305 -0.03167397 -0.0028125
v -0.051616335 -0.031619955 -0.0028125
v -0.05169018 -0.03165021 -0.0028125
v -0.051766335 -0.031675665 -0.0028125
v -0.044226975 -0.031837665 -0.0028125
v -0.051844875 -0.03169632 -0.0028125
v -0.051926235 -0.03171222 -0.0028125
v -0.052010415 -0.03172338 -0.0028125
v -0.0520974 -0.031729785 -0.0028125
v -0.05218719 -0.03173142 -0.0028125
v -0.052569945 -0.031743015 -0.0028125
v -0.052279815 -0.031728315 -0.0028125
v -0.052850895 -0.03177543 -0.0028125
v -0.05312268 -0.031825545 -0.0028125
v -0.04757862 -0.03185028 -0.0028125
v -0.044170665 -0.031989675 -0.0028125
v -0.047684505 -0.03186114 -0.0028125
v -0.05338464 -0.03189306 -0.0028125
v -0.047779965 -0.03189489 -0.0028125
v -0.04787043 -0.031952565 -0.0028125
v -0.053631645 -0.03197541 -0.0028125
v -0.047945685 -0.032026035 -0.0028125
v -0.053870595 -0.03207603 -0.0028125
v -0.0479982 -0.032109825 -0.0028125
v -0.054111705 -0.03219996 -0.0028125
v -0.048032025 -0.03220689 -0.0028125
v -0.054236055 -0.032272155 -0.0028125
v -0.04804737 -0.032317365 -0.0028125
v -0.05436186 -0.032350635 -0.0028125
v -0.048032025 -0.032427855 -0.0028125
v -0.05448849 -0.03243507 -0.0028125
v -0.0479982 -0.03252492 -0.0028125
v -0.05461593 -0.03252549 -0.0028125
v -0.047945685 -0.032608695 -0.0028125
v -0.054744195 -0.03262188 -0.0028125
v -0.04787043 -0.03268218 -0.0028125
v -0.05487327 -0.03272424 -0.0028125
v -0.047779965 -0.032739855 -0.0028125
v -0.047684505 -0.032773605 -0.0028125
v -0.04757862 -0.032784465 -0.0028125
v -0.05500317 -0.03283257 -0.0028125
v -0.035301195 -0.03282837 -0.0028125
v -0.047472735 -0.032773605 -0.0028125
v -0.035308755 -0.03291774 -0.0028125
v -0.055133895 -0.032946855 -0.0028125
v -0.035311005 -0.03300489 -0.0028125
v -0.05521914 -0.03302487 -0.0028125
v -0.035307945 -0.033089835 -0.0028125
v -0.055287615 -0.033110595 -0.0028125
v -0.035299575 -0.033172575 -0.0028125
v -0.055339515 -0.0332046 -0.0028125
v -0.035285715 -0.033253635 -0.0028125
v -0.05537475 -0.03330663 -0.0028125
v -0.03526635 -0.033333135 -0.0028125
v -0.035241675 -0.033410445 -0.0028125
v -0.055392 -0.03341229 -0.0028125
v -0.035211885 -0.03348489 -0.0028125
v -0.05539119 -0.033521295 -0.0028125
v -0.03513774 -0.03362265 -0.0028125
v -0.055372485 -0.03363426 -0.0028125
v -0.03504321 -0.03374517 -0.0028125
v -0.05535342 -0.033740985 -0.0028125
v -0.055333425 -0.03384753 -0.0028125
v -0.034929015 -0.033853695 -0.0028125
v -0.03486573 -0.03390228 -0.0028125
v -0.034798965 -0.033946845 -0.0028125
v -0.05531067 -0.03396033 -0.0028125
v -0.03472863 -0.03398742 -0.0028125
v -0.034654335 -0.03402414 -0.0028125
v -0.03457608 -0.03405702 -0.0028125
v -0.0552726 -0.034062885 -0.0028125
v -0.034493865 -0.034086045 -0.0028125
v -0.034407675 -0.03411123 -0.0028125
v -0.03431754 -0.034132575 -0.0028125
v -0.05521881 -0.034155675 -0.0028125
v -0.03404148 -0.03422307 -0.0028125
v -0.055149495 -0.03423843 -0.0028125
v -0.03377895 -0.03432822 -0.0028125
v -0.055067685 -0.03430776 -0.0028125
v -0.054973575 -0.03436338 -0.0028125
v -0.03352992 -0.034448055 -0.0028125
v -0.051187665 -0.03439809 -0.0028125
v -0.05126781 -0.0344013 -0.0028125
v -0.051107955 -0.03440016 -0.0028125
v -0.050951865 -0.03442074 -0.0028125
v -0.050803395 -0.03446421 -0.0028125
v -0.03329493 -0.03458208 -0.0028125
v -0.05066238 -0.034532025 -0.0028125
v -0.05059446 -0.034574715 -0.0028125
v -0.050529 -0.03462273 -0.0028125
v -0.03307827 -0.034726485 -0.0028125
v -0.05046654 -0.03467565 -0.0028125
v -0.05040762 -0.0347331 -0.0028125
v -0.032874195 -0.034886415 -0.0028125
v -0.050352165 -0.03479514 -0.0028125
v -0.05029971 -0.0348621 -0.0028125
v -0.050250255 -0.03493398 -0.0028125
v -0.03267417 -0.035069385 -0.0028125
v -0.050203785 -0.03501078 -0.0028125
v -0.05016033 -0.035092485 -0.0028125
v -0.032573175 -0.035171745 -0.0028125
v -0.050119875 -0.035179125 -0.0028125
v -0.032472435 -0.03528054 -0.0028125
v -0.0500754 -0.035262645 -0.0028125
v -0.050029935 -0.03534564 -0.0028125
v -0.03237249 -0.03539532 -0.0028125
v -0.049979565 -0.035427195 -0.0028125
v -0.03227331 -0.03551607 -0.0028125
v -0.04993497 -0.03550854 -0.0028125
v -0.049896165 -0.035589675 -0.0028125
v -0.03217491 -0.03564279 -0.0028125
v -0.049863135 -0.0356706 -0.0028125
v -0.03207729 -0.035775495 -0.0028125
v -0.049835895 -0.03575133 -0.0028125
v -0.049814445 -0.03583185 -0.0028125
v -0.03198045 -0.03591417 -0.0028125
v -0.04979874 -0.035912715 -0.0028125
v -0.04978881 -0.035994075 -0.0028125
v -0.03188439 -0.036058815 -0.0028125
v -0.04978467 -0.03607521 -0.0028125
v -0.0318228 -0.036156165 -0.0028125
v -0.04978632 -0.03615546 -0.0028125
v -0.031779315 -0.036256635 -0.0028125
v -0.04980711 -0.036310575 -0.0028125
v -0.031753905 -0.036360855 -0.0028125
v -0.03630954 -0.03638091 -0.0028125
v -0.036464445 -0.036384105 -0.0028125
v -0.03174657 -0.036468495 -0.0028125
v -0.03615303 -0.036401805 -0.0028125
v -0.036075315 -0.03642066 -0.0028125
v -0.03599856 -0.036444795 -0.0028125
v -0.035922705 -0.036474255 -0.0028125
v -0.03175764 -0.036575085 -0.0028125
v -0.03584736 -0.036509235 -0.0028125
v -0.035772525 -0.036549735 -0.0028125
v -0.035698185 -0.036595755 -0.0028125
v -0.03178713 -0.03668031 -0.0028125
v -0.03562437 -0.03664731 -0.0028125
v -0.03555105 -0.036704385 -0.0028125
v -0.03183498 -0.03678477 -0.0028125
v -0.03530769 -0.036863025 -0.0028125
v -0.031881435 -0.03688272 -0.0028125
v -0.031928745 -0.036980265 -0.0028125
v -0.03506133 -0.03700194 -0.0028125
v -0.03198057 -0.03708336 -0.0028125
v -0.034812 -0.037121145 -0.0028125
v -0.032044395 -0.03717243 -0.0028125
v -0.03456039 -0.037220505 -0.0028125
v -0.03212073 -0.03724779 -0.0028125
v -0.034312155 -0.03729906 -0.0028125
v -0.032209335 -0.03730926 -0.0028125
v -0.03230643 -0.0373545 -0.0028125
v -0.034059705 -0.037358115 -0.0028125
v -0.032411745 -0.03738336 -0.0028125
v -0.032525805 -0.037396155 -0.0028125
v -0.033791805 -0.037399575 -0.0028125
v -0.03269874 -0.037411785 -0.0028125
v -0.03364875 -0.03741426 -0.0028125
v -0.032867505 -0.037423065 -0.0028125
v -0.03350085 -0.037424715 -0.0028125
v -0.0330321 -0.037429995 -0.0028125
v -0.03334878 -0.03743082 -0.0028125
v -0.033192525 -0.03743259 -0.0028125
v -0.036618135 -0.0364128 -0.0028125
v -0.03669468 -0.03643632 -0.0028125
v -0.049852275 -0.0364584 -0.0028125
v -0.036770235 -0.0364656 -0.0028125
v -0.036844155 -0.036500355 -0.0028125
v -0.03691584 -0.036540315 -0.0028125
v -0.03698541 -0.03658554 -0.0028125
v -0.049920735 -0.036599955 -0.0028125
v -0.03705336 -0.03663624 -0.0028125
v -0.04996272 -0.03666759 -0.0028125
v -0.03711969 -0.03669243 -0.0028125
v -0.05000934 -0.036732735 -0.0028125
v -0.0371844 -0.036754095 -0.0028125
v -0.050060685 -0.036795435 -0.0028125
v -0.03724749 -0.03682125 -0.0028125
v -0.05011707 -0.036855945 -0.0028125
v -0.037308975 -0.03689388 -0.0028125
v -0.05017848 -0.036914265 -0.0028125
v -0.03737385 -0.03696276 -0.0028125
v -0.05024493 -0.036970395 -0.0028125
v -0.037439535 -0.03703086 -0.0028125
v -0.05031642 -0.03702432 -0.0028125
v -0.050392935 -0.03707607 -0.0028125
v -0.03750945 -0.03709614 -0.0028125
v -0.03757374 -0.03716274 -0.0028125
v -0.037632435 -0.037230675 -0.0028125
v -0.050619015 -0.037258515 -0.0028125
v -0.03768552 -0.03729993 -0.0028125
v -0.037732995 -0.037370535 -0.0028125
v -0.03777486 -0.03744246 -0.0028125
v -0.05082726 -0.03744987 -0.0028125
v -0.037811295 -0.03751626 -0.0028125
v -0.03784233 -0.037592025 -0.0028125
v -0.05101767 -0.037650165 -0.0028125
v -0.037867755 -0.037669125 -0.0028125
v -0.03788736 -0.037746915 -0.0028125
v -0.05118993 -0.037858755 -0.0028125
v -0.03790827 -0.03790197 -0.0028125
v -0.03790371 -0.03805659 -0.0028125
v -0.051341355 -0.03807057 -0.0028125
v -0.037875015 -0.03821139 -0.0028125
v -0.03785235 -0.038287815 -0.0028125
v -0.05147553 -0.03829242 -0.0028125
v -0.03782451 -0.03836304 -0.0028125
v -0.04735659 -0.03838824 -0.0028125
v -0.047275395 -0.038388585 -0.0028125
v -0.04743663 -0.03839364 -0.0028125
v -0.04759056 -0.03842169 -0.0028125
v -0.04773618 -0.038473815 -0.0028125
v -0.05159775 -0.0385344 -0.0028125
v -0.04787451 -0.03854895 -0.0028125
v -0.04794018 -0.03859413 -0.0028125
v -0.04800312 -0.03864384 -0.0028125
v -0.051655905 -0.038665905 -0.0028125
v -0.048063375 -0.03869817 -0.0028125
v -0.0481212 -0.038757435 -0.0028125
v -0.05171157 -0.038803335 -0.0028125
v -0.048176595 -0.03882165 -0.0028125
v -0.04822956 -0.038890815 -0.0028125
v -0.05176437 -0.03894609 -0.0028125
v -0.04828008 -0.0389649 -0.0028125
v -0.048328185 -0.03904395 -0.0028125
v -0.05181432 -0.03909414 -0.0028125
v -0.048499545 -0.03927852 -0.0028125
v -0.051861435 -0.039247515 -0.0028125
v -0.0519057 -0.039406185 -0.0028125
v -0.048680685 -0.03949572 -0.0028125
v -0.05194713 -0.03957018 -0.0028125
v -0.048871605 -0.039695535 -0.0028125
v -0.051985695 -0.039739485 -0.0028125
v -0.04907169 -0.039877605 -0.0028125
v -0.052008795 -0.039852945 -0.0028125
v -0.05201379 -0.039962715 -0.0028125
v -0.04927599 -0.04003902 -0.0028125
v -0.05200044 -0.040069335 -0.0028125
v -0.049491135 -0.04018371 -0.0028125
v -0.05196888 -0.04017255 -0.0028125
v -0.051920715 -0.040268085 -0.0028125
v -0.049726965 -0.04031739 -0.0028125
v -0.05185605 -0.040355655 -0.0028125
v -0.04985553 -0.040381815 -0.0028125
v -0.051774675 -0.040435845 -0.0028125
v -0.049990125 -0.04044399 -0.0028125
v -0.05013018 -0.0405036 -0.0028125
v -0.051696525 -0.04051098 -0.0028125
v -0.050275665 -0.0405606 -0.0028125
v -0.051617715 -0.040585425 -0.0028125
v -0.050426595 -0.040615035 -0.0028125
v -0.05157615 -0.040626015 -0.0028125
v -0.05058297 -0.04066686 -0.0028125
v -0.05153313 -0.04066236 -0.0028125
v -0.05148867 -0.040694475 -0.0028125
v -0.050744775 -0.040716105 -0.0028125
v -0.05144277 -0.040722345 -0.0028125
v -0.050912025 -0.04076277 -0.0028125
v -0.05139543 -0.040745985 -0.0028125
v -0.05134644 -0.0407655 -0.0028125
v -0.050970105 -0.040778805 -0.0028125
v -0.05129598 -0.040780815 -0.0028125
v -0.05102709 -0.04079037 -0.0028125
v -0.051244245 -0.040791765 -0.0028125
v -0.05108298 -0.040797465 -0.0028125
v -0.05119146 -0.040798215 -0.0028125
v -0.05113776 -0.040800075 -0.0028125
v -0.037791465 -0.03843714 -0.0028125
v -0.04719375 -0.03839469 -0.0028125
v -0.0471123 -0.038406525 -0.0028125
v -0.04703094 -0.03842412 -0.0028125
v -0.04694913 -0.038447445 -0.0028125
v -0.03775296 -0.038510445 -0.0028125
v -0.04686684 -0.03847653 -0.0028125
v -0.046784085 -0.03851136 -0.0028125
v -0.037708995 -0.038582985 -0.0028125
v -0.046700865 -0.038551935 -0.0028125
v -0.04661718 -0.038598255 -0.0028125
v -0.037659585 -0.03865473 -0.0028125
v -0.0465321 -0.038639685 -0.0028125
v -0.04644654 -0.038680095 -0.0028125
v -0.037604715 -0.03872568 -0.0028125
v -0.04635816 -0.038716305 -0.0028125
v -0.04627452 -0.03875574 -0.0028125
v -0.037544385 -0.03879585 -0.0028125
v -0.04619565 -0.0387984 -0.0028125
v -0.037374255 -0.03903132 -0.0028125
v -0.046121535 -0.0388443 -0.0028125
v -0.04605219 -0.038893425 -0.0028125
v -0.0459876 -0.038945775 -0.0028125
v -0.045927405 -0.039001785 -0.0028125
v -0.04587153 -0.039061545 -0.0028125
v -0.03722367 -0.03927072 -0.0028125
v -0.045820425 -0.039124545 -0.0028125
v -0.041144235 -0.03921222 -0.0028125
v -0.041061345 -0.039216555 -0.0028125
v -0.04577451 -0.039190245 -0.0028125
v -0.041229075 -0.039213285 -0.0028125
v -0.041315805 -0.03921975 -0.0028125
v -0.04140447 -0.0392316 -0.0028125
v -0.041495055 -0.039248835 -0.0028125
v -0.04158756 -0.03927147 -0.0028125
v -0.041680545 -0.03928908 -0.0028125
v -0.04177371 -0.039305565 -0.0028125
v -0.04186854 -0.03931725 -0.0028125
v -0.045699945 -0.03932775 -0.0028125
v -0.04195962 -0.039333315 -0.0028125
v -0.04204695 -0.03935373 -0.0028125
v -0.042130545 -0.03937854 -0.0028125
v -0.04221039 -0.0394077 -0.0028125
v -0.042286485 -0.03944124 -0.0028125
v -0.045649305 -0.03947397 -0.0028125
v -0.04235931 -0.039479475 -0.0028125
v -0.04242894 -0.039522465 -0.0028125
v -0.04249482 -0.03956982 -0.0028125
v -0.04255641 -0.039621165 -0.0028125
v -0.045621135 -0.03962901 -0.0028125
v -0.0426645 -0.03973425 -0.0028125
v -0.04561518 -0.03970857 -0.0028125
v -0.045614505 -0.039788865 -0.0028125
v -0.0427518 -0.039862005 -0.0028125
v -0.04561914 -0.03986994 -0.0028125
v -0.04281972 -0.04000416 -0.0028125
v -0.045629145 -0.039952215 -0.0028125
v -0.04564455 -0.04003572 -0.0028125
v -0.042846375 -0.04007934 -0.0028125
v -0.04566534 -0.04012041 -0.0028125
v -0.042868125 -0.040156605 -0.0028125
v -0.04569153 -0.040206315 -0.0028125
v -0.04288497 -0.04023603 -0.0028125
v -0.04572309 -0.040293435 -0.0028125
v -0.04289694 -0.040318035 -0.0028125
v -0.04290402 -0.04040262 -0.0028125
v -0.042906225 -0.04048977 -0.0028125
v -0.045798765 -0.040573905 -0.0028125
v -0.04290354 -0.040579515 -0.0028125
v -0.04289598 -0.04067184 -0.0028125
v -0.04585476 -0.04085112 -0.0028125
v -0.042896745 -0.040962345 -0.0028125
v -0.045891075 -0.04112508 -0.0028125
v -0.04291563 -0.041244525 -0.0028125
v -0.045907815 -0.041395095 -0.0028125
v -0.042952635 -0.041518395 -0.0028125
v -0.045905835 -0.04165545 -0.0028125
v -0.04300749 -0.04178331 -0.0028125
v -0.04588398 -0.04191381 -0.0028125
v -0.043077885 -0.042033975 -0.0028125
v -0.045840615 -0.042181395 -0.0028125
v -0.04316691 -0.042277485 -0.0028125
v -0.04581039 -0.042321975 -0.0028125
v -0.04327911 -0.042524265 -0.0028125
v -0.04577463 -0.042465885 -0.0028125
v -0.04573344 -0.042612405 -0.0028125
v -0.04334526 -0.042651945 -0.0028125
v -0.045686835 -0.04276155 -0.0028125
v -0.043417605 -0.042781365 -0.0028125
v -0.043495875 -0.042911895 -0.0028125
v -0.0456348 -0.04291332 -0.0028125
v -0.04358007 -0.043043535 -0.0028125
v -0.045577335 -0.043067715 -0.0028125
v -0.043670175 -0.043176285 -0.0028125
v -0.045514455 -0.043224735 -0.0028125
v -0.04376622 -0.04331013 -0.0028125
v -0.045446145 -0.043384365 -0.0028125
v -0.043868175 -0.043445085 -0.0028125
v -0.045398085 -0.04348986 -0.0028125
v -0.043976055 -0.043581135 -0.0028125
v -0.045337545 -0.04358166 -0.0028125
v -0.04404945 -0.043669665 -0.0028125
v -0.04526397 -0.04366011 -0.0028125
v -0.045177675 -0.043725045 -0.0028125
v -0.04413147 -0.04374201 -0.0028125
v -0.045082545 -0.04377399 -0.0028125
v -0.044222715 -0.04379841 -0.0028125
v -0.04497888 -0.04380675 -0.0028125
v -0.0443229 -0.04383873 -0.0028125
v -0.044866125 -0.0438237 -0.0028125
v -0.044758725 -0.04383855 -0.0028125
v -0.04465122 -0.043852455 -0.0028125
v -0.044427765 -0.0438612 -0.0028125
v -0.04453701 -0.0438657 -0.0028125
v -0.040979805 -0.039226395 -0.0028125
v -0.040899555 -0.03924177 -0.0028125
v -0.04082121 -0.039262545 -0.0028125
v -0.040745445 -0.039288555 -0.0028125
v -0.03709263 -0.039514035 -0.0028125
v -0.040604235 -0.039355755 -0.0028125
v -0.040477095 -0.03944424 -0.0028125
v -0.04036287 -0.039553125 -0.0028125
v -0.0369813 -0.039760605 -0.0028125
v -0.040311135 -0.03961404 -0.0028125
v -0.04026327 -0.03967866 -0.0028125
v -0.040219245 -0.039747045 -0.0028125
v -0.04017888 -0.0398196 -0.0028125
v -0.03689091 -0.040004775 -0.0028125
v -0.040142175 -0.039896325 -0.0028125
v -0.040109115 -0.039977205 -0.0028125
v -0.04007973 -0.04006224 -0.0028125
v -0.036819795 -0.040254105 -0.0028125
v -0.040054005 -0.04015146 -0.0028125
v -0.039950355 -0.04042284 -0.0028125
v -0.036765525 -0.040519695 -0.0028125
v -0.036743985 -0.040661865 -0.0028125
v -0.03983271 -0.04068003 -0.0028125
v -0.036726435 -0.040809105 -0.0028125
v -0.039701055 -0.040923015 -0.0028125
v -0.03671304 -0.04096071 -0.0028125
v -0.03670377 -0.041116695 -0.0028125
v -0.0395559 -0.0411513 -0.0028125
v -0.036698655 -0.04127706 -0.0028125
v -0.03940125 -0.04136076 -0.0028125
v -0.03669768 -0.04144179 -0.0028125
v -0.03923172 -0.04155693 -0.0028125
v -0.036700845 -0.0416109 -0.0028125
v -0.03903936 -0.04174794 -0.0028125
v -0.03670815 -0.04178439 -0.0028125
v -0.03893226 -0.041843895 -0.0028125
v -0.0367155 -0.041899215 -0.0028125
v -0.038818755 -0.041939295 -0.0028125
v -0.03673935 -0.042005985 -0.0028125
v -0.03869931 -0.04203363 -0.0028125
v -0.036780045 -0.04210524 -0.0028125
v -0.03857394 -0.042126885 -0.0028125
v -0.036837405 -0.042196725 -0.0028125
v -0.03844263 -0.04221909 -0.0028125
v -0.036909015 -0.04227651 -0.0028125
v -0.038305395 -0.04231023 -0.0028125
v -0.03699474 -0.04234434 -0.0028125
v -0.038162235 -0.04240029 -0.0028125
v -0.03709488 -0.04240074 -0.0028125
v -0.03719004 -0.04245267 -0.0028125
v -0.038013135 -0.0424893 -0.0028125
v -0.03728565 -0.04250379 -0.0028125
v -0.037912515 -0.042546285 -0.0028125
v -0.03738726 -0.04255647 -0.0028125
v -0.03780978 -0.042584925 -0.0028125
v -0.037490655 -0.04259094 -0.0028125
v -0.037704315 -0.042605235 -0.0028125
v -0.037596435 -0.042607185 -0.0028125
v -0.05486676 -0.0344058 -0.0028125
v -0.05134851 -0.034409835 -0.0028125
v -0.05143014 -0.0344238 -0.0028125
v -0.051512715 -0.034443195 -0.0028125
v -0.05470401 -0.034466355 -0.0028125
v -0.051596235 -0.034468035 -0.0028125
v -0.051680685 -0.03449829 -0.0028125
v -0.054544155 -0.03452163 -0.0028125
v -0.05176608 -0.03453399 -0.0028125
v -0.05438718 -0.03457161 -0.0028125
v -0.052042605 -0.034623045 -0.0028125
v -0.0542331 -0.034616295 -0.0028125
v -0.054081885 -0.034655685 -0.0028125
v -0.052316805 -0.034692285 -0.0028125
v -0.05393355 -0.03468978 -0.0028125
v -0.053788095 -0.034718595 -0.0028125
v -0.05258871 -0.03474171 -0.0028125
v -0.053646225 -0.03474204 -0.0028125
v -0.0528576 -0.03477141 -0.0028125
v -0.053376855 -0.034772505 -0.0028125
v -0.05311776 -0.034781925 -0.0028125
v -0.04737726 -0.032739855 -0.0028125
v -0.035288325 -0.03273681 -0.0028125
v -0.047286795 -0.03268218 -0.0028125
v -0.043107015 -0.032670465 -0.0028125
v -0.04721154 -0.032608695 -0.0028125
v -0.042942975 -0.032657655 -0.0028125
v -0.035270145 -0.03264303 -0.0028125
v -0.042776805 -0.03262092 -0.0028125
v -0.04261806 -0.03256281 -0.0028125
v -0.035257035 -0.032549325 -0.0028125
v -0.04247517 -0.032485275 -0.0028125
v -0.035245035 -0.032455455 -0.0028125
v -0.042342105 -0.03238413 -0.0028125
v -0.035237925 -0.032360205 -0.0028125
v -0.04222149 -0.032263515 -0.0028125
v -0.035226255 -0.03226848 -0.0028125
v -0.035210055 -0.032180295 -0.0028125
v -0.04212033 -0.03213045 -0.0028125
v -0.03518931 -0.03209562 -0.0028125
v -0.04204338 -0.031989675 -0.0028125
v -0.03516402 -0.032014485 -0.0028125
v -0.035134185 -0.03193686 -0.0028125
v -0.04198707 -0.031837665 -0.0028125
v -0.035099505 -0.03186231 -0.0028125
v -0.035059935 -0.0317907 -0.0028125
v -0.041950995 -0.03167397 -0.0028125
v -0.03501582 -0.03172263 -0.0028125
v -0.034967505 -0.031658655 -0.0028125
v -0.04193514 -0.03149859 -0.0028125
v -0.03485979 -0.031545255 -0.0028125
v -0.034736355 -0.03145191 -0.0028125
v -0.041950995 -0.031323225 -0.0028125
v -0.03459762 -0.031377225 -0.0028125
v -0.034523775 -0.03134697 -0.0028125
v -0.034447635 -0.03132153 -0.0028125
v -0.04198707 -0.03115953 -0.0028125
v -0.034369095 -0.031300875 -0.0028125
v -0.03428775 -0.031284975 -0.0028125
v -0.034203585 -0.031273815 -0.0028125
v -0.034116615 -0.031267425 -0.0028125
v -0.034026825 -0.031265775 -0.0028125
v -0.0336441 -0.031254165 -0.0028125
v -0.03393423 -0.03126888 -0.0028125
v -0.033363135 -0.031221765 -0.0028125
v -0.033091365 -0.03117165 -0.0028125
v -0.032829405 -0.031104135 -0.0028125
v -0.04204338 -0.03100752 -0.0028125
v -0.0325824 -0.031021785 -0.0028125
v -0.032343435 -0.030921165 -0.0028125
v -0.04212033 -0.030866745 -0.0028125
v -0.03210234 -0.030797235 -0.0028125
v -0.04222149 -0.03073368 -0.0028125
v -0.03197799 -0.03072504 -0.0028125
v -0.042342105 -0.030613065 -0.0028125
v -0.031852185 -0.03064656 -0.0028125
v -0.031725555 -0.03056211 -0.0028125
v -0.04247517 -0.030511905 -0.0028125
v -0.031598115 -0.03047169 -0.0028125
v -0.04261806 -0.030434385 -0.0028125
v -0.042776805 -0.030376275 -0.0028125
v -0.03146985 -0.030375315 -0.0028125
v -0.042942975 -0.03033954 -0.0028125
v -0.043107015 -0.030326715 -0.0028125
v -0.031340775 -0.030272955 -0.0028125
v -0.050925705 -0.030260325 -0.0028125
v -0.050912835 -0.030168705 -0.0028125
v -0.04327107 -0.03033954 -0.0028125
v -0.0509439 -0.030354165 -0.0028125
v -0.04343724 -0.030376275 -0.0028125
v -0.043595985 -0.030434385 -0.0028125
v -0.05095701 -0.03044787 -0.0028125
v -0.043738875 -0.030511905 -0.0028125
v -0.05096901 -0.03054174 -0.0028125
v -0.04387194 -0.030613065 -0.0028125
v -0.05097612 -0.03063696 -0.0028125
v -0.04399254 -0.03073368 -0.0028125
v -0.050987775 -0.030728685 -0.0028125
v -0.051003975 -0.030816855 -0.0028125
v -0.0440937 -0.030866745 -0.0028125
v -0.05102472 -0.030901515 -0.0028125
v -0.044170665 -0.03100752 -0.0028125
v -0.051049995 -0.03098265 -0.0028125
v -0.05107983 -0.03106026 -0.0028125
v -0.044226975 -0.03115953 -0.0028125
v -0.051114495 -0.03113481 -0.0028125
v -0.051154065 -0.031206405 -0.0028125
v -0.03121086 -0.030164625 -0.0028125
v -0.05090529 -0.03007929 -0.0028125
v -0.03108015 -0.03005034 -0.0028125
v -0.05090304 -0.029992095 -0.0028125
v -0.031034805 -0.030010395 -0.0028125
v -0.03099381 -0.029968935 -0.0028125
v -0.050906115 -0.02990712 -0.0028125
v -0.030957195 -0.029925975 -0.0028125
v -0.03092493 -0.029881515 -0.0028125
v -0.0509145 -0.029824365 -0.0028125
v -0.03089703 -0.02983551 -0.0028125
v -0.030873495 -0.02978778 -0.0028125
v -0.050928375 -0.029743275 -0.0028125
v -0.03085434 -0.02973849 -0.0028125
v -0.05094777 -0.02966376 -0.0028125
v -0.03083952 -0.02968788 -0.0028125
v -0.030829035 -0.029636265 -0.0028125
v -0.050972475 -0.029586465 -0.0028125
v -0.030822885 -0.029583765 -0.0028125
v -0.051002295 -0.029512035 -0.0028125
v -0.030821055 -0.029530185 -0.0028125
v -0.03082356 -0.029475525 -0.0028125
v -0.05107647 -0.02937429 -0.0028125
v -0.030830385 -0.02941977 -0.0028125
v -0.03084156 -0.029362935 -0.0028125
v -0.051171015 -0.029251815 -0.0028125
v -0.030860625 -0.02925621 -0.0028125
v -0.03088062 -0.029149665 -0.0028125
v -0.05128521 -0.02914335 -0.0028125
v -0.05134848 -0.029094795 -0.0028125
v -0.05141523 -0.02905026 -0.0028125
v -0.03090306 -0.0290376 -0.0028125
v -0.05148555 -0.0290097 -0.0028125
v -0.051559815 -0.028972995 -0.0028125
v -0.051638055 -0.02894013 -0.0028125
v -0.030940845 -0.02893548 -0.0028125
v -0.05172024 -0.02891112 -0.0028125
v -0.0518064 -0.02888595 -0.0028125
v -0.051896505 -0.02886462 -0.0028125
v -0.030994365 -0.028842795 -0.0028125
v -0.05217255 -0.028774125 -0.0028125
v -0.031063425 -0.0287598 -0.0028125
v -0.052435095 -0.02866896 -0.0028125
v -0.031145295 -0.0286902 -0.0028125
v -0.031239795 -0.028634235 -0.0028125
v -0.052684125 -0.02854914 -0.0028125
v -0.035024655 -0.02859909 -0.0028125
v -0.03510414 -0.0285972 -0.0028125
v -0.034944705 -0.02859576 -0.0028125
v -0.031347285 -0.028591395 -0.0028125
v -0.034864215 -0.02858718 -0.0028125
v -0.03478281 -0.028573185 -0.0028125
v -0.03470049 -0.02855379 -0.0028125
v -0.03151002 -0.02853084 -0.0028125
v -0.03461724 -0.028528995 -0.0028125
v -0.03453306 -0.0284988 -0.0028125
v -0.03166989 -0.028475565 -0.0028125
v -0.034447965 -0.028463205 -0.0028125
v -0.03182685 -0.028425585 -0.0028125
v -0.03417144 -0.02837415 -0.0028125
v -0.031980945 -0.0283809 -0.0028125
v -0.03213216 -0.02834151 -0.0028125
v -0.033897225 -0.02830491 -0.0028125
v -0.032280495 -0.028307415 -0.0028125
v -0.03242595 -0.0282786 -0.0028125
v -0.033625335 -0.02825547 -0.0028125
v -0.03256782 -0.028255155 -0.0028125
v -0.033356445 -0.028225785 -0.0028125
v -0.03283719 -0.02822469 -0.0028125
v -0.033096285 -0.02821527 -0.0028125
v -0.0352599 -0.02857701 -0.0028125
v -0.035408235 -0.028533885 -0.0028125
v -0.052919115 -0.028415115 -0.0028125
v -0.035479485 -0.02850318 -0.0028125
v -0.035549445 -0.028466355 -0.0028125
v -0.03561756 -0.028423785 -0.0028125
v -0.035683245 -0.02837586 -0.0028125
v -0.05313576 -0.028270695 -0.0028125
v -0.035745945 -0.02832297 -0.0028125
v -0.035805075 -0.02826549 -0.0028125
v -0.05333985 -0.02811078 -0.0028125
v -0.03586074 -0.028203345 -0.0028125
v -0.03591342 -0.028136235 -0.0028125
v -0.035963085 -0.02806416 -0.0028125
v -0.053539875 -0.02792781 -0.0028125
v -0.03600978 -0.027987105 -0.0028125
v -0.036053475 -0.02790507 -0.0028125
v -0.053640855 -0.02782545 -0.0028125
v -0.03609417 -0.02781807 -0.0028125
v -0.053741595 -0.027716655 -0.0028125
v -0.036138645 -0.027734535 -0.0028125
v -0.03618411 -0.027651555 -0.0028125
v -0.053841555 -0.027601875 -0.0028125
v -0.03623442 -0.027570135 -0.0028125
v -0.053940735 -0.027481125 -0.0028125
v -0.036278955 -0.027488925 -0.0028125
v -0.03631773 -0.02740791 -0.0028125
v -0.054039135 -0.027354405 -0.0028125
v -0.03635073 -0.02732709 -0.0028125
v -0.054136755 -0.0272217 -0.0028125
v -0.03637797 -0.027246465 -0.0028125
v -0.036399435 -0.027166035 -0.0028125
v -0.054233595 -0.027083025 -0.0028125
v -0.03641517 -0.027085245 -0.0028125
v -0.03642516 -0.02700399 -0.0028125
v -0.054329655 -0.02693838 -0.0028125
v -0.036429375 -0.026922915 -0.0028125
v -0.05436294 -0.026889525 -0.0028125
v -0.0364278 -0.026842725 -0.0028125
v -0.05439165 -0.026839995 -0.0028125
v -0.054435285 -0.026738835 -0.0028125
v -0.036407145 -0.026687655 -0.0028125
v -0.054460515 -0.0266343 -0.0028125
v -0.04990473 -0.02661627 -0.0028125
v -0.054467385 -0.026526675 -0.0028125
v -0.04974984 -0.026613105 -0.0028125
v -0.04959612 -0.02658444 -0.0028125
v -0.04951956 -0.026560935 -0.0028125
v -0.03636207 -0.02653971 -0.0028125
v -0.04944399 -0.02653167 -0.0028125
v -0.049370055 -0.026496915 -0.0028125
v -0.049298325 -0.026456955 -0.0028125
v -0.04922874 -0.02641173 -0.0028125
v -0.0362937 -0.026397945 -0.0028125
v -0.049160775 -0.026361015 -0.0028125
v -0.03625173 -0.02633019 -0.0028125
v -0.049094415 -0.026304825 -0.0028125
v -0.036205095 -0.02626494 -0.0028125
v -0.04902969 -0.026243145 -0.0028125
v -0.036153735 -0.026202165 -0.0028125
v -0.04896657 -0.026175975 -0.0028125
v -0.03609732 -0.026141565 -0.0028125
v -0.04890507 -0.026103315 -0.0028125
v -0.03603585 -0.02608317 -0.0028125
v -0.048840195 -0.026034435 -0.0028125
v -0.03596931 -0.026026965 -0.0028125
v -0.04877451 -0.02596632 -0.0028125
v -0.03589773 -0.02597295 -0.0028125
v -0.035821095 -0.025921125 -0.0028125
v -0.048704655 -0.02590113 -0.0028125
v -0.04864041 -0.025834605 -0.0028125
v -0.04858176 -0.025766745 -0.0028125
v -0.03559503 -0.02573868 -0.0028125
v -0.048528705 -0.025697535 -0.0028125
v -0.048481245 -0.025627005 -0.0028125
v -0.048439395 -0.02555511 -0.0028125
v -0.03538677 -0.025547325 -0.0028125
v -0.048402945 -0.025481355 -0.0028125
v -0.04837188 -0.02540562 -0.0028125
v -0.03519636 -0.02534703 -0.0028125
v -0.04834641 -0.02532855 -0.0028125
v -0.04832676 -0.025250775 -0.0028125
v -0.035024115 -0.025138425 -0.0028125
v -0.04830579 -0.02509572 -0.0028125
v -0.048310305 -0.024941055 -0.0028125
v -0.03487269 -0.024926625 -0.0028125
v -0.04833897 -0.02478618 -0.0028125
v -0.048361635 -0.02470971 -0.0028125
v -0.0347385 -0.024704775 -0.0028125
v -0.048389475 -0.02463444 -0.0028125
v -0.03885762 -0.02460897 -0.0028125
v -0.038938815 -0.024608595 -0.0028125
v -0.038777565 -0.024603585 -0.0028125
v -0.038699325 -0.024592455 -0.0028125
v -0.03862359 -0.024575565 -0.0028125
v -0.03847794 -0.02452344 -0.0028125
v -0.034616295 -0.024462795 -0.0028125
v -0.038339595 -0.024448305 -0.0028125
v -0.03827391 -0.02440311 -0.0028125
v -0.03821097 -0.024353385 -0.0028125
v -0.034558125 -0.02433129 -0.0028125
v -0.0381507 -0.024299055 -0.0028125
v -0.038092875 -0.024239775 -0.0028125
v -0.034502475 -0.02419386 -0.0028125
v -0.038037465 -0.02417556 -0.0028125
v -0.0379845 -0.024106395 -0.0028125
v -0.034449675 -0.024051105 -0.0028125
v -0.037933965 -0.024032295 -0.0028125
v -0.03788586 -0.023953245 -0.0028125
v -0.03439971 -0.023903055 -0.0028125
v -0.037714485 -0.02371866 -0.0028125
v -0.03435261 -0.02374968 -0.0028125
v -0.03430833 -0.02359101 -0.0028125
v -0.037533345 -0.023501475 -0.0028125
v -0.034266915 -0.023427015 -0.0028125
v -0.037342425 -0.02330166 -0.0028125
v -0.034228335 -0.02325771 -0.0028125
v -0.03714234 -0.02311959 -0.0028125
v -0.034205265 -0.023144955 -0.0028125
v -0.03420021 -0.02303565 -0.0028125
v -0.036938055 -0.02295816 -0.0028125
v -0.03421335 -0.022929195 -0.0028125
v -0.03672291 -0.022813485 -0.0028125
v -0.03424461 -0.022825905 -0.0028125
v -0.034292715 -0.022730115 -0.0028125
v -0.03648708 -0.022679805 -0.0028125
v -0.034357575 -0.022642125 -0.0028125
v -0.036358515 -0.02261538 -0.0028125
v -0.03443937 -0.02256135 -0.0028125
v -0.036223905 -0.02255319 -0.0028125
v -0.036083865 -0.022493595 -0.0028125
v -0.03451752 -0.022486215 -0.0028125
v -0.03593838 -0.022436595 -0.0028125
v -0.034596315 -0.02241177 -0.0028125
v -0.03578745 -0.02238216 -0.0028125
v -0.03468051 -0.022334205 -0.0028125
v -0.035631075 -0.022330335 -0.0028125
v -0.03546927 -0.02228109 -0.0028125
v -0.034771215 -0.02227377 -0.0028125
v -0.035302005 -0.022234425 -0.0028125
v -0.03486903 -0.022230255 -0.0028125
v -0.03519 -0.02220591 -0.0028125
v -0.034973655 -0.02220378 -0.0028125
v -0.03508074 -0.022195635 -0.0028125
v -0.04842252 -0.024560295 -0.0028125
v -0.039020475 -0.024602475 -0.0028125
v -0.039101925 -0.024590625 -0.0028125
v -0.039183255 -0.024573045 -0.0028125
v -0.03926505 -0.024549705 -0.0028125
v -0.048461025 -0.024486945 -0.0028125
v -0.03934731 -0.024520635 -0.0028125
v -0.039430035 -0.024485805 -0.0028125
v -0.04850499 -0.02441436 -0.0028125
v -0.039513225 -0.024445245 -0.0028125
v -0.039596865 -0.02439894 -0.0028125
v -0.048554415 -0.02434257 -0.0028125
v -0.039681945 -0.02435751 -0.0028125
v -0.039767505 -0.024317085 -0.0028125
v -0.0486093 -0.02427156 -0.0028125
v -0.03985587 -0.02428089 -0.0028125
v -0.039939495 -0.02424147 -0.0028125
v -0.048669645 -0.02420133 -0.0028125
v -0.04001835 -0.02419881 -0.0028125
v -0.04883979 -0.02396586 -0.0028125
v -0.04009245 -0.024152925 -0.0028125
v -0.04016181 -0.024103815 -0.0028125
v -0.0402264 -0.024051465 -0.0028125
v -0.040286595 -0.023995455 -0.0028125
v -0.040342455 -0.02393571 -0.0028125
v -0.048990375 -0.023726475 -0.0028125
v -0.04039356 -0.023872725 -0.0028125
v -0.045069405 -0.023784975 -0.0028125
v -0.04515225 -0.02378067 -0.0028125
v -0.04043949 -0.023807025 -0.0028125
v -0.04498464 -0.023783895 -0.0028125
v -0.044897955 -0.02377743 -0.0028125
v -0.044809365 -0.02376558 -0.0028125
v -0.044718885 -0.023748345 -0.0028125
v -0.04462647 -0.023725725 -0.0028125
v -0.0445335 -0.023708115 -0.0028125
v -0.04444032 -0.02369163 -0.0028125
v -0.0443454 -0.023679915 -0.0028125
v -0.040514055 -0.023669535 -0.0028125
v -0.04425423 -0.023663835 -0.0028125
v -0.044166825 -0.023643375 -0.0028125
v -0.04408317 -0.023618535 -0.0028125
v -0.044003265 -0.02358933 -0.0028125
v -0.043927125 -0.023555745 -0.0028125
v -0.04056471 -0.0235233 -0.0028125
v -0.043854285 -0.023517465 -0.0028125
v -0.04378464 -0.023474415 -0.0028125
v -0.04371876 -0.023427 -0.0028125
v -0.043657185 -0.023375595 -0.0028125
v -0.04059291 -0.02336826 -0.0028125
v -0.04354914 -0.02326245 -0.0028125
v -0.040598865 -0.023288685 -0.0028125
v -0.04059954 -0.02320839 -0.0028125
v -0.04346193 -0.02313468 -0.0028125
v -0.04059492 -0.0231273 -0.0028125
v -0.043394115 -0.0229926 -0.0028125
v -0.0405849 -0.02304501 -0.0028125
v -0.040569495 -0.02296152 -0.0028125
v -0.04336752 -0.02291745 -0.0028125
v -0.040548705 -0.0228768 -0.0028125
v -0.043345815 -0.022840215 -0.0028125
v -0.04052253 -0.022790895 -0.0028125
v -0.043329 -0.02276085 -0.0028125
v -0.04049094 -0.02270376 -0.0028125
v -0.04331706 -0.02267889 -0.0028125
v -0.043309995 -0.022594365 -0.0028125
v -0.043307805 -0.022507275 -0.0028125
v -0.04041528 -0.02242329 -0.0028125
v -0.04331049 -0.022417605 -0.0028125
v -0.043318065 -0.022325355 -0.0028125
v -0.040359285 -0.022146075 -0.0028125
v -0.0433173 -0.02203485 -0.0028125
v -0.04032297 -0.0218721 -0.0028125
v -0.043298415 -0.02175267 -0.0028125
v -0.040306215 -0.0216021 -0.0028125
v -0.04326141 -0.0214788 -0.0028125
v -0.04030821 -0.021341745 -0.0028125
v -0.043206555 -0.021213885 -0.0028125
v -0.040330065 -0.021083385 -0.0028125
v -0.04313616 -0.02096322 -0.0028125
v -0.040373415 -0.0208158 -0.0028125
v -0.043047135 -0.02071971 -0.0028125
v -0.040403655 -0.02067522 -0.0028125
v -0.042934935 -0.02047293 -0.0028125
v -0.040439415 -0.02053131 -0.0028125
v -0.040480605 -0.02038479 -0.0028125
v -0.042868785 -0.02034525 -0.0028125
v -0.04052721 -0.020235645 -0.0028125
v -0.04279644 -0.02021583 -0.0028125
v -0.04271817 -0.020085285 -0.0028125
v -0.040579245 -0.020083875 -0.0028125
v -0.042633975 -0.01995366 -0.0028125
v -0.04063671 -0.01992948 -0.0028125
v -0.042543855 -0.01982091 -0.0028125
v -0.040699575 -0.01977246 -0.0028125
v -0.042447825 -0.019687065 -0.0028125
v -0.040767885 -0.01961283 -0.0028125
v -0.04234587 -0.01955211 -0.0028125
v -0.040815795 -0.01950756 -0.0028125
v -0.042237975 -0.01941606 -0.0028125
v -0.040876215 -0.01941588 -0.0028125
v -0.04216458 -0.0193275 -0.0028125
v -0.040949685 -0.019337445 -0.0028125
v -0.041035935 -0.019272405 -0.0028125
v -0.042082545 -0.019255155 -0.0028125
v -0.04113111 -0.01922337 -0.0028125
v -0.04199127 -0.01919877 -0.0028125
v -0.041234925 -0.01919052 -0.0028125
v -0.041891085 -0.01915845 -0.0028125
v -0.04134792 -0.019173495 -0.0028125
v -0.041455305 -0.019158645 -0.0028125
v -0.041562825 -0.01914474 -0.0028125
v -0.041786235 -0.01913598 -0.0028125
v -0.041677005 -0.019131495 -0.0028125
v -0.04523376 -0.023770875 -0.0028125
v -0.045313995 -0.023755545 -0.0028125
v -0.045392325 -0.02373483 -0.0028125
v -0.04546809 -0.023708865 -0.0028125
v -0.049121415 -0.02348316 -0.0028125
v -0.04560933 -0.02364174 -0.0028125
v -0.045736545 -0.023553285 -0.0028125
v -0.04585089 -0.023444385 -0.0028125
v -0.049232745 -0.02323659 -0.0028125
v -0.045902685 -0.023383455 -0.0028125
v -0.04595058 -0.023318805 -0.0028125
v -0.04599465 -0.02325039 -0.0028125
v -0.046035045 -0.023177805 -0.0028125
v -0.049323135 -0.02299242 -0.0028125
v -0.046071795 -0.02310105 -0.0028125
v -0.04610487 -0.02302011 -0.0028125
v -0.046134285 -0.022935015 -0.0028125
v -0.04939425 -0.02274309 -0.0028125
v -0.04616004 -0.022845735 -0.0028125
v -0.04626369 -0.022574355 -0.0028125
v -0.04944852 -0.0224775 -0.0028125
v -0.04947006 -0.02233533 -0.0028125
v -0.046381335 -0.022317165 -0.0028125
v -0.04948761 -0.02218809 -0.0028125
v -0.046512975 -0.02207418 -0.0028125
v -0.049501005 -0.022036485 -0.0028125
v -0.049510275 -0.0218805 -0.0028125
v -0.046658145 -0.021845895 -0.0028125
v -0.04951539 -0.021720135 -0.0028125
v -0.04681278 -0.021636435 -0.0028125
v -0.049516365 -0.021555405 -0.0028125
v -0.04698231 -0.021440265 -0.0028125
v -0.0495132 -0.021386295 -0.0028125
v -0.047174685 -0.021249255 -0.0028125
v -0.049505895 -0.021212805 -0.0028125
v -0.049504125 -0.02115372 -0.0028125
v -0.04728177 -0.0211533 -0.0028125
v -0.049498215 -0.02109678 -0.0028125
v -0.04739529 -0.0210579 -0.0028125
v -0.04947402 -0.02098926 -0.0028125
v -0.047514735 -0.020963565 -0.0028125
v -0.04943292 -0.02088978 -0.0028125
v -0.047640105 -0.02087031 -0.0028125
v -0.049375095 -0.02079855 -0.0028125
v -0.047771415 -0.020778105 -0.0028125
v -0.049303485 -0.020719215 -0.0028125
v -0.04790865 -0.020686965 -0.0028125
v -0.049218315 -0.020652015 -0.0028125
v -0.04805181 -0.020596905 -0.0028125
v -0.049119165 -0.020596455 -0.0028125
v -0.049024005 -0.020544525 -0.0028125
v -0.04820091 -0.020507895 -0.0028125
v -0.048928395 -0.020493405 -0.0028125
v -0.048248745 -0.02047815 -0.0028125
v -0.048873465 -0.02046444 -0.0028125
v -0.048297285 -0.02045274 -0.0028125
v -0.04881891 -0.020440185 -0.0028125
v -0.04834656 -0.020431635 -0.0028125
v -0.04876473 -0.02042064 -0.0028125
v -0.04839654 -0.020414865 -0.0028125
v -0.04871091 -0.02040579 -0.0028125
v -0.04844727 -0.020402415 -0.0028125
v -0.048657465 -0.02039568 -0.0028125
v -0.048498885 -0.020394075 -0.0028125
v -0.0486042 -0.02039046 -0.0028125
v -0.04855128 -0.02039001 -0.0028125
v -0.050061195 -0.02659533 -0.0028125
v -0.05013888 -0.02657646 -0.0028125
v -0.050215605 -0.026552325 -0.0028125
v -0.050291445 -0.026522865 -0.0028125
v -0.05445609 -0.026420445 -0.0028125
v -0.050366775 -0.0264879 -0.0028125
v -0.050441595 -0.0264474 -0.0028125
v -0.050515905 -0.026401395 -0.0028125
v -0.05442666 -0.026315895 -0.0028125
v -0.050589705 -0.026349855 -0.0028125
v -0.05066298 -0.02629281 -0.0028125
v -0.054379065 -0.026212425 -0.0028125
v -0.050906355 -0.02613417 -0.0028125
v -0.05433261 -0.026114475 -0.0028125
v -0.0542853 -0.02601693 -0.0028125
v -0.0511527 -0.025995255 -0.0028125
v -0.054233505 -0.025913865 -0.0028125
v -0.05140203 -0.02587605 -0.0028125
v -0.054169695 -0.02582481 -0.0028125
v -0.051653655 -0.02577669 -0.0028125
v -0.054093375 -0.025749465 -0.0028125
v -0.05190189 -0.025698135 -0.0028125
v -0.054004785 -0.02568798 -0.0028125
v -0.05390769 -0.02564271 -0.0028125
v -0.05215434 -0.02563908 -0.0028125
v -0.053802345 -0.02561385 -0.0028125
v -0.053688225 -0.02560104 -0.0028125
v -0.05242224 -0.02559762 -0.0028125
v -0.05351529 -0.02558541 -0.0028125
v -0.05256528 -0.025582935 -0.0028125
v -0.053346525 -0.02557413 -0.0028125
v -0.052713195 -0.02557248 -0.0028125
v -0.053181945 -0.0255672 -0.0028125
v -0.052865265 -0.025566375 -0.0028125
v -0.05302152 -0.025564605 -0.0028125
v -0.04327107 -0.032657655 -0.0028125
v -0.04343724 -0.03262092 -0.0028125
v -0.043595985 -0.03256281 -0.0028125
v -0.047159025 -0.03252492 -0.0028125
v -0.043738875 -0.032485275 -0.0028125
v -0.047125215 -0.032427855 -0.0028125
v -0.04387194 -0.03238413 -0.0028125
v -0.04710987 -0.032317365 -0.0028125
v -0.04399254 -0.032263515 -0.0028125
v -0.047125215 -0.03220689 -0.0028125
v -0.0440937 -0.03213045 -0.0028125
v -0.047159025 -0.032109825 -0.0028125
v -0.04721154 -0.032026035 -0.0028125
v -0.047286795 -0.031952565 -0.0028125
v -0.04737726 -0.03189489 -0.0028125
v -0.047472735 -0.03186114 -0.0028125
v -0.04427889 -0.03149859 0.00375
v -0.04427889 -0.03149859 -0.0028125
v -0.04426305 -0.031323225 -0.0028125
v -0.04426677 -0.03166629 0.00375
v -0.04426677 -0.031330905 0.00375
v -0.044226975 -0.03115953 -0.0028125
v -0.044231475 -0.03116871 0.00375
v -0.044170665 -0.03100752 -0.0028125
v -0.04417284 -0.031011555 0.00375
v -0.0440937 -0.030866745 -0.0028125
v -0.04409289 -0.03086523 0.00375
v -0.04399254 -0.03073368 -0.0028125
v -0.043992585 -0.0307311 0.00375
v -0.04387194 -0.030613065 -0.0028125
v -0.043874325 -0.030612975 0.00375
v -0.043738875 -0.030511905 -0.0028125
v -0.043740765 -0.030512895 0.00375
v -0.043595985 -0.030434385 -0.0028125
v -0.043593585 -0.03043257 0.00375
v -0.04343724 -0.030376275 -0.0028125
v -0.04343736 -0.030374325 0.00375
v -0.04327107 -0.03033954 -0.0028125
v -0.043273605 -0.03033864 0.00375
v -0.043107015 -0.030326715 -0.0028125
v -0.043107015 -0.03032682 0.00375
v -0.042942975 -0.03033954 -0.0028125
v -0.042940425 -0.03033864 0.00375
v -0.042776805 -0.030376275 -0.0028125
v -0.04277667 -0.030374325 0.00375
v -0.04261806 -0.030434385 -0.0028125
v -0.04262046 -0.03043257 0.00375
v -0.04247517 -0.030511905 -0.0028125
v -0.042473265 -0.030512895 0.00375
v -0.042342105 -0.030613065 -0.0028125
v -0.04233972 -0.030612975 0.00375
v -0.04222149 -0.03073368 -0.0028125
v -0.042221445 -0.0307311 0.00375
v -0.04212033 -0.030866745 -0.0028125
v -0.042121155 -0.03086523 0.00375
v -0.04204338 -0.03100752 -0.0028125
v -0.042041205 -0.031011555 0.00375
v -0.04198707 -0.03115953 -0.0028125
v -0.04198257 -0.03116871 0.00375
v -0.041950995 -0.031323225 -0.0028125
v -0.041947275 -0.031330905 0.00375
v -0.04193514 -0.03149859 -0.0028125
v -0.04193514 -0.03149859 0.00375
v -0.041950995 -0.03167397 -0.0028125
v -0.041947275 -0.03166629 0.00375
v -0.04198707 -0.031837665 -0.0028125
v -0.04198257 -0.031828485 0.00375
v -0.04204338 -0.031989675 -0.0028125
v -0.042041205 -0.031985625 0.00375
v -0.04212033 -0.03213045 -0.0028125
v -0.042121155 -0.032131965 0.00375
v -0.04222149 -0.032263515 -0.0028125
v -0.042221445 -0.032266095 0.00375
v -0.042342105 -0.03238413 -0.0028125
v -0.04233972 -0.032384205 0.00375
v -0.04247517 -0.032485275 -0.0028125
v -0.042473265 -0.0324843 0.00375
v -0.04261806 -0.03256281 -0.0028125
v -0.04262046 -0.032564625 0.00375
v -0.042776805 -0.03262092 -0.0028125
v -0.04277667 -0.03262287 0.00375
v -0.042942975 -0.032657655 -0.0028125
v -0.042940425 -0.032658555 0.00375
v -0.043107015 -0.032670465 -0.0028125
v -0.043107015 -0.032670375 0.00375
v -0.04327107 -0.032657655 -0.0028125
v -0.043273605 -0.032658555 0.00375
v -0.04343724 -0.03262092 -0.0028125
v -0.04343736 -0.03262287 0.00375
v -0.043595985 -0.03256281 -0.0028125
v -0.043593585 -0.032564625 0.00375
v -0.043738875 -0.032485275 -0.0028125
v -0.043740765 -0.0324843 0.00375
v -0.04387194 -0.03238413 -0.0028125
v -0.043874325 -0.032384205 0.00375
v -0.04399254 -0.032263515 -0.0028125
v -0.043992585 -0.032266095 0.00375
v -0.0440937 -0.03213045 -0.0028125
v -0.04409289 -0.032131965 0.00375
v -0.044170665 -0.031989675 -0.0028125
v -0.04417284 -0.031985625 0.00375
v -0.044226975 -0.031837665 -0.0028125
v -0.044231475 -0.031828485 0.00375
v -0.04426305 -0.03167397 -0.0028125
v -0.04710987 -0.032317365 0.00375
v -0.04710987 -0.032317365 -0.0028125
v -0.047125215 -0.032427855 -0.0028125
v -0.04712172 -0.03221271 0.00375
v -0.04712172 -0.032422035 0.00375
v -0.047159025 -0.03252492 -0.0028125
v -0.047156385 -0.03252078 0.00375
v -0.04721154 -0.032608695 -0.0028125
v -0.04721211 -0.032609505 0.00375
v -0.047286795 -0.03268218 -0.0028125
v -0.04728624 -0.03268374 0.00375
v -0.04737726 -0.032739855 -0.0028125
v -0.047375325 -0.032739735 0.00375
v -0.047472735 -0.032773605 -0.0028125
v -0.047474475 -0.032774355 0.00375
v -0.04757862 -0.032784465 -0.0028125
v -0.04757862 -0.032786055 0.00375
v -0.047684505 -0.032773605 -0.0028125
v -0.04768275 -0.032774355 0.00375
v -0.047779965 -0.032739855 -0.0028125
v -0.0477819 -0.032739735 0.00375
v -0.04787043 -0.03268218 -0.0028125
v -0.047870985 -0.03268374 0.00375
v -0.047945685 -0.032608695 -0.0028125
v -0.04794513 -0.032609505 0.00375
v -0.0479982 -0.03252492 -0.0028125
v -0.048000855 -0.03252078 0.00375
v -0.048032025 -0.032427855 -0.0028125
v -0.04803552 -0.032422035 0.00375
v -0.04804737 -0.032317365 -0.0028125
v -0.04804737 -0.032317365 0.00375
v -0.048032025 -0.03220689 -0.0028125
v -0.04803552 -0.03221271 0.00375
v -0.0479982 -0.032109825 -0.0028125
v -0.048000855 -0.032113965 0.00375
v -0.047945685 -0.032026035 -0.0028125
v -0.04794513 -0.03202524 0.00375
v -0.04787043 -0.031952565 -0.0028125
v -0.047870985 -0.031951005 0.00375
v -0.047779965 -0.03189489 -0.0028125
v -0.0477819 -0.031894995 0.00375
v -0.047684505 -0.03186114 -0.0028125
v -0.04768275 -0.03186039 0.00375
v -0.04757862 -0.03185028 -0.0028125
v -0.04757862 -0.03184869 0.00375
v -0.047472735 -0.03186114 -0.0028125
v -0.047474475 -0.03186039 0.00375
v -0.04737726 -0.03189489 -0.0028125
v -0.047375325 -0.031894995 0.00375
v -0.047286795 -0.031952565 -0.0028125
v -0.04728624 -0.031951005 0.00375
v -0.04721154 -0.032026035 -0.0028125
v -0.04721211 -0.03202524 0.00375
v -0.047159025 -0.032109825 -0.0028125
v -0.047156385 -0.032113965 0.00375
v -0.047125215 -0.03220689 -0.0028125
v -0.03183498 -0.03678477 0.00375
v -0.03183498 -0.03678477 -0.0028125
v -0.03178713 -0.03668031 -0.0028125
v -0.031881435 -0.03688272 0.00375
v -0.031809375 -0.036729915 0.00375
v -0.031788 -0.03667584 0.00375
v -0.03175764 -0.036575085 -0.0028125
v -0.031757865 -0.03657012 0.00375
v -0.03174657 -0.036468495 -0.0028125
v -0.03174537 -0.036467145 0.00375
v -0.031753905 -0.036360855 -0.0028125
v -0.03175188 -0.03636624 0.00375
v -0.031777845 -0.036264525 0.00375
v -0.031779315 -0.036256635 -0.0028125
v -0.031822215 -0.036162045 0.00375
v -0.0318228 -0.036156165 -0.0028125
v -0.03185106 -0.03611052 0.00375
v -0.03188439 -0.036058815 -0.0028125
v -0.03188439 -0.036058815 0.00375
v -0.03198045 -0.03591417 -0.0028125
v -0.031980075 -0.035913645 0.00375
v -0.03207678 -0.03577449 0.00375
v -0.03207729 -0.035775495 -0.0028125
v -0.032174505 -0.035641365 0.00375
v -0.03217491 -0.03564279 -0.0028125
v -0.03227325 -0.035514285 0.00375
v -0.03227331 -0.03551607 -0.0028125
v -0.032373045 -0.03539322 0.00375
v -0.03237249 -0.03539532 -0.0028125
v -0.03247395 -0.035278215 0.00375
v -0.032472435 -0.03528054 -0.0028125
v -0.032573175 -0.035171745 -0.0028125
v -0.032575875 -0.035169225 0.00375
v -0.03267417 -0.035069385 -0.0028125
v -0.032678655 -0.035066235 0.00375
v -0.032874195 -0.034886415 -0.0028125
v -0.0328857 -0.034879035 0.00375
v -0.03307827 -0.034726485 -0.0028125
v -0.03309546 -0.03471633 0.00375
v -0.03329493 -0.03458208 -0.0028125
v -0.03331365 -0.034570635 0.00375
v -0.03352992 -0.034448055 -0.0028125
v -0.03353916 -0.03444243 0.00375
v -0.03377895 -0.03432822 -0.0028125
v -0.0337806 -0.03432729 0.00375
v -0.03404148 -0.03422307 -0.0028125
v -0.034040625 -0.03422367 0.00375
v -0.03431754 -0.034132575 -0.0028125
v -0.03431754 -0.034132575 0.00375
v -0.034407675 -0.03411123 -0.0028125
v -0.034410645 -0.03410805 0.00375
v -0.034493865 -0.034086045 -0.0028125
v -0.034499475 -0.034080345 0.00375
v -0.03457608 -0.03405702 -0.0028125
v -0.034584015 -0.03404946 0.00375
v -0.034654335 -0.03402414 -0.0028125
v -0.034664355 -0.034015455 0.00375
v -0.03472863 -0.03398742 -0.0028125
v -0.03474063 -0.033978495 0.00375
v -0.034798965 -0.033946845 -0.0028125
v -0.03481242 -0.03393813 0.00375
v -0.03486573 -0.03390228 -0.0028125
v -0.03487932 -0.033893865 0.00375
v -0.034929015 -0.033853695 -0.0028125
v -0.034941255 -0.033845445 0.00375
v -0.03504321 -0.03374517 -0.0028125
v -0.0350508 -0.033737745 0.00375
v -0.03513774 -0.03362265 -0.0028125
v -0.03514149 -0.03361743 0.00375
v -0.035211885 -0.03348489 -0.0028125
v -0.035213265 -0.033483975 0.00375
v -0.035241675 -0.033410445 -0.0028125
v -0.035266665 -0.0333369 0.00375
v -0.03526635 -0.033333135 -0.0028125
v -0.035285475 -0.033258915 0.00375
v -0.035285715 -0.033253635 -0.0028125
v -0.03529827 -0.033178125 0.00375
v -0.035299575 -0.033172575 -0.0028125
v -0.035305395 -0.03309435 0.00375
v -0.035307945 -0.033089835 -0.0028125
v -0.035307495 -0.03300816 0.00375
v -0.035311005 -0.03300489 -0.0028125
v -0.035305185 -0.032920065 0.00375
v -0.035308755 -0.03291774 -0.0028125
v -0.035298225 -0.032829885 0.00375
v -0.035301195 -0.03282837 -0.0028125
v -0.035286555 -0.032737545 0.00375
v -0.035288325 -0.03273681 -0.0028125
v -0.035270145 -0.03264303 -0.0028125
v -0.035270145 -0.03264303 0.00375
v -0.035257035 -0.032549325 -0.0028125
v -0.035257035 -0.032549325 0.00375
v -0.035245035 -0.032455455 -0.0028125
v -0.035245035 -0.032455455 0.00375
v -0.035237925 -0.032360205 -0.0028125
v -0.035236155 -0.03236082 0.00375
v -0.035226255 -0.03226848 -0.0028125
v -0.03522333 -0.032269395 0.00375
v -0.035210055 -0.032180295 -0.0028125
v -0.03520653 -0.03218118 0.00375
v -0.03518931 -0.03209562 -0.0028125
v -0.03518586 -0.03209607 0.00375
v -0.03516402 -0.032014485 -0.0028125
v -0.03516144 -0.03201384 0.00375
v -0.035134185 -0.03193686 -0.0028125
v -0.035132865 -0.031935135 0.00375
v -0.035099505 -0.03186231 -0.0028125
v -0.03509958 -0.031860705 0.00375
v -0.035059935 -0.0317907 -0.0028125
v -0.035061255 -0.03179043 0.00375
v -0.03501582 -0.03172263 -0.0028125
v -0.034971675 -0.031662345 0.00375
v -0.034967505 -0.031658655 -0.0028125
v -0.034867695 -0.03155199 0.00375
v -0.03485979 -0.031545255 -0.0028125
v -0.03474873 -0.031459125 0.00375
v -0.034736355 -0.03145191 -0.0028125
v -0.03461472 -0.031383405 0.00375
v -0.03459762 -0.031377225 -0.0028125
v -0.034542135 -0.03135267 0.00375
v -0.034523775 -0.03134697 -0.0028125
v -0.034465785 -0.03132723 0.00375
v -0.034447635 -0.03132153 -0.0028125
v -0.03438564 -0.03130686 0.00375
v -0.034369095 -0.031300875 -0.0028125
v -0.034301985 -0.03129099 0.00375
v -0.03428775 -0.031284975 -0.0028125
v -0.03421509 -0.03127914 0.00375
v -0.034203585 -0.031273815 -0.0028125
v -0.03412485 -0.03127146 0.00375
v -0.034116615 -0.031267425 -0.0028125
v -0.034031235 -0.03126804 0.00375
v -0.034026825 -0.031265775 -0.0028125
v -0.03393423 -0.03126888 -0.0028125
v -0.03393423 -0.03126888 0.00375
v -0.0336441 -0.031254165 -0.0028125
v -0.03377703 -0.031262535 0.00375
v -0.033624075 -0.031251765 0.00375
v -0.033363135 -0.031221765 -0.0028125
v -0.033330945 -0.031216935 0.00375
v -0.033091365 -0.03117165 -0.0028125
v -0.03305652 -0.03116442 0.00375
v -0.032829405 -0.031104135 -0.0028125
v -0.03279819 -0.031094205 0.00375
v -0.0325824 -0.031021785 -0.0028125
v -0.032547975 -0.031006755 0.00375
v -0.032343435 -0.030921165 -0.0028125
v -0.03230682 -0.03090192 0.00375
v -0.03210234 -0.030797235 -0.0028125
v -0.032064945 -0.030775665 0.00375
v -0.03197799 -0.03072504 -0.0028125
v -0.031852185 -0.03064656 -0.0028125
v -0.03182235 -0.030628035 0.00375
v -0.031725555 -0.03056211 -0.0028125
v -0.031700445 -0.03054594 0.00375
v -0.031598115 -0.03047169 -0.0028125
v -0.03157764 -0.030458085 0.00375
v -0.03146985 -0.030375315 -0.0028125
v -0.03145416 -0.030364575 0.00375
v -0.031340775 -0.030272955 -0.0028125
v -0.03133008 -0.03026544 0.00375
v -0.03121086 -0.030164625 -0.0028125
v -0.031205415 -0.030160695 0.00375
v -0.03108015 -0.03005034 -0.0028125
v -0.03108015 -0.03005034 0.00375
v -0.031034805 -0.030010395 -0.0028125
v -0.03103416 -0.03000762 0.00375
v -0.03099381 -0.029968935 -0.0028125
v -0.030992475 -0.029964195 0.00375
v -0.030957195 -0.029925975 -0.0028125
v -0.030955095 -0.029920035 0.00375
v -0.03092493 -0.029881515 -0.0028125
v -0.030921765 -0.029875215 0.00375
v -0.03089703 -0.02983551 -0.0028125
v -0.03089295 -0.02982963 0.00375
v -0.030873495 -0.02978778 -0.0028125
v -0.030869355 -0.02978316 0.00375
v -0.03085434 -0.02973849 -0.0028125
v -0.03085104 -0.029735955 0.00375
v -0.03083952 -0.02968788 -0.0028125
v -0.030837465 -0.02968761 0.00375
v -0.030829035 -0.029636265 -0.0028125
v -0.03082842 -0.029637735 0.00375
v -0.03082413 -0.02958654 0.00375
v -0.030822885 -0.029583765 -0.0028125
v -0.03082362 -0.029533605 0.00375
v -0.030821055 -0.029530185 -0.0028125
v -0.030826155 -0.029478615 0.00375
v -0.03082356 -0.029475525 -0.0028125
v -0.030832125 -0.029421705 0.00375
v -0.030830385 -0.02941977 -0.0028125
v -0.03084156 -0.029362935 -0.0028125
v -0.03084156 -0.029362935 0.00375
v -0.030860625 -0.02925621 -0.0028125
v -0.030860625 -0.02925621 0.00375
v -0.03088062 -0.029149665 -0.0028125
v -0.03088062 -0.029149665 0.00375
v -0.03090306 -0.0290376 -0.0028125
v -0.03089211 -0.02909022 0.00375
v -0.0309066 -0.02903391 0.00375
v -0.030940845 -0.02893548 -0.0028125
v -0.0309444 -0.02893065 0.00375
v -0.030994365 -0.028842795 -0.0028125
v -0.03099489 -0.028840005 0.00375
v -0.031063425 -0.0287598 -0.0028125
v -0.03105948 -0.0287622 0.00375
v -0.031140255 -0.028695135 0.00375
v -0.031145295 -0.0286902 -0.0028125
v -0.031236345 -0.028638315 0.00375
v -0.031239795 -0.028634235 -0.0028125
v -0.03128994 -0.028613595 0.00375
v -0.031347285 -0.028591395 -0.0028125
v -0.031347285 -0.028591395 0.00375
v -0.03151002 -0.02853084 -0.0028125
v -0.031510035 -0.02853018 0.00375
v -0.031670055 -0.028474455 0.00375
v -0.03166989 -0.028475565 -0.0028125
v -0.031827375 -0.02842419 0.00375
v -0.03182685 -0.028425585 -0.0028125
v -0.03198195 -0.028379415 0.00375
v -0.031980945 -0.0283809 -0.0028125
v -0.03213384 -0.02834013 0.00375
v -0.03213216 -0.02834151 -0.0028125
v -0.03228309 -0.02830641 0.00375
v -0.032280495 -0.028307415 -0.0028125
v -0.03242595 -0.0282786 -0.0028125
v -0.032429595 -0.02827815 0.00375
v -0.03256782 -0.028255155 -0.0028125
v -0.03257328 -0.028255245 0.00375
v -0.03283719 -0.02822469 -0.0028125
v -0.032850825 -0.028225485 0.00375
v -0.033096285 -0.02821527 -0.0028125
v -0.03311616 -0.028217145 0.00375
v -0.033356445 -0.028225785 -0.0028125
v -0.033378315 -0.02822754 0.00375
v -0.033625335 -0.02825547 -0.0028125
v -0.033636105 -0.028256355 0.00375
v -0.033897225 -0.02830491 -0.0028125
v -0.03389913 -0.02830512 0.00375
v -0.03417144 -0.02837415 -0.0028125
v -0.03417039 -0.028374135 0.00375
v -0.034447965 -0.028463205 -0.0028125
v -0.034447965 -0.028463205 0.00375
v -0.03453306 -0.0284988 -0.0028125
v -0.03453801 -0.028498185 0.00375
v -0.03461724 -0.028528995 -0.0028125
v -0.034626405 -0.02852805 0.00375
v -0.03470049 -0.02855379 -0.0028125
v -0.03471315 -0.028552785 0.00375
v -0.03478281 -0.028573185 -0.0028125
v -0.034798245 -0.028572495 0.00375
v -0.034864215 -0.02858718 -0.0028125
v -0.034881705 -0.028587375 0.00375
v -0.034944705 -0.02859576 -0.0028125
v -0.0349635 -0.028596855 0.00375
v -0.035024655 -0.02859909 -0.0028125
v -0.035043675 -0.02860029 0.00375
v -0.03510414 -0.0285972 -0.0028125
v -0.03512229 -0.02859747 0.00375
v -0.0352599 -0.02857701 -0.0028125
v -0.03527439 -0.02857458 0.00375
v -0.035408235 -0.028533885 -0.0028125
v -0.035418825 -0.028530105 0.00375
v -0.035479485 -0.02850318 -0.0028125
v -0.035549445 -0.028466355 -0.0028125
v -0.03555567 -0.02846379 0.00375
v -0.03561756 -0.028423785 -0.0028125
v -0.035683245 -0.02837586 -0.0028125
v -0.03568548 -0.028375665 0.00375
v -0.035745945 -0.02832297 -0.0028125
v -0.03574653 -0.028323435 0.00375
v -0.035805075 -0.02826549 -0.0028125
v -0.035804295 -0.02826549 0.00375
v -0.035859165 -0.02820186 0.00375
v -0.03586074 -0.028203345 -0.0028125
v -0.035911335 -0.02813346 0.00375
v -0.03591342 -0.028136235 -0.0028125
v -0.035960955 -0.028061085 0.00375
v -0.035963085 -0.02806416 -0.0028125
v -0.03600798 -0.027984465 0.00375
v -0.03600978 -0.027987105 -0.0028125
v -0.036052395 -0.02790345 0.00375
v -0.036053475 -0.02790507 -0.0028125
v -0.03609417 -0.02781807 -0.0028125
v -0.03609417 -0.02781807 0.00375
v -0.036138645 -0.027734535 -0.0028125
v -0.036138645 -0.027734535 0.00375
v -0.03618411 -0.027651555 -0.0028125
v -0.03618411 -0.027651555 0.00375
v -0.03623442 -0.027570135 -0.0028125
v -0.03623247 -0.027570015 0.00375
v -0.036278955 -0.027488925 -0.0028125
v -0.036275745 -0.027488715 0.00375
v -0.03631773 -0.02740791 -0.0028125
v -0.036313965 -0.02740764 0.00375
v -0.03635073 -0.02732709 -0.0028125
v -0.036347235 -0.027326745 0.00375
v -0.03637797 -0.027246465 -0.0028125
v -0.03637584 -0.027245955 0.00375
v -0.036399435 -0.027166035 -0.0028125
v -0.036399 -0.02716551 0.00375
v -0.03641586 -0.02708574 0.00375
v -0.03641517 -0.027085245 -0.0028125
v -0.036426195 -0.027006345 0.00375
v -0.03642516 -0.02700399 -0.0028125
v -0.036429375 -0.026922915 -0.0028125
v -0.036429105 -0.026849955 0.00375
v -0.0364278 -0.026842725 -0.0028125
v -0.03640995 -0.026699415 0.00375
v -0.036407145 -0.026687655 -0.0028125
v -0.036368385 -0.026554215 0.00375
v -0.03636207 -0.02653971 -0.0028125
v -0.036304545 -0.02641413 0.00375
v -0.0362937 -0.026397945 -0.0028125
v -0.03626391 -0.026346585 0.00375
v -0.03625173 -0.02633019 -0.0028125
v -0.036217095 -0.026281095 0.00375
v -0.036205095 -0.02626494 -0.0028125
v -0.03616425 -0.02621748 0.00375
v -0.036153735 -0.026202165 -0.0028125
v -0.036105915 -0.026155455 0.00375
v -0.03609732 -0.026141565 -0.0028125
v -0.03604254 -0.026094735 0.00375
v -0.03603585 -0.02608317 -0.0028125
v -0.035974005 -0.02603541 0.00375
v -0.03596931 -0.026026965 -0.0028125
v -0.03590019 -0.02597754 0.00375
v -0.03589773 -0.02597295 -0.0028125
v -0.035821095 -0.025921125 -0.0028125
v -0.035821095 -0.025921125 0.00375
v -0.03559503 -0.02573868 -0.0028125
v -0.035697645 -0.02582358 0.00375
v -0.03558024 -0.02572497 0.00375
v -0.03538677 -0.025547325 -0.0028125
v -0.035363565 -0.025524495 0.00375
v -0.03519636 -0.02534703 -0.0028125
v -0.03517242 -0.025320705 0.00375
v -0.035024115 -0.025138425 -0.0028125
v -0.035004705 -0.025112055 0.00375
v -0.03487269 -0.024926625 -0.0028125
v -0.03485367 -0.02489424 0.00375
v -0.0347385 -0.024704775 -0.0028125
v -0.034720185 -0.024667665 0.00375
v -0.034616295 -0.024462795 -0.0028125
v -0.03459873 -0.02442336 0.00375
v -0.034558125 -0.02433129 -0.0028125
v -0.034502475 -0.02419386 -0.0028125
v -0.034489245 -0.024161325 0.00375
v -0.034449675 -0.024051105 -0.0028125
v -0.03443886 -0.024023265 0.00375
v -0.03439971 -0.023903055 -0.0028125
v -0.034391145 -0.02388 0.00375
v -0.03435261 -0.02374968 -0.0028125
v -0.03434622 -0.02373177 0.00375
v -0.03430833 -0.02359101 -0.0028125
v -0.034304115 -0.023578635 0.00375
v -0.034266915 -0.023427015 -0.0028125
v -0.034264815 -0.023420625 0.00375
v -0.034228335 -0.02325771 -0.0028125
v -0.034228335 -0.02325771 0.00375
v -0.034205265 -0.023144955 -0.0028125
v -0.034216035 -0.023199345 0.00375
v -0.034207485 -0.023142645 0.00375
v -0.03420021 -0.02303565 -0.0028125
v -0.03420141 -0.023034525 0.00375
v -0.03421335 -0.022929195 -0.0028125
v -0.034211385 -0.022932585 0.00375
v -0.03423948 -0.02283564 0.00375
v -0.03424461 -0.022825905 -0.0028125
v -0.03428739 -0.022740855 0.00375
v -0.034292715 -0.022730115 -0.0028125
v -0.03431853 -0.022694535 0.00375
v -0.034357575 -0.022642125 -0.0028125
v -0.0343542 -0.02264922 0.00375
v -0.034394475 -0.022604835 0.00375
v -0.03443937 -0.02256135 -0.0028125
v -0.03443937 -0.02256135 0.00375
v -0.03451752 -0.022486215 -0.0028125
v -0.03451752 -0.022486215 0.00375
v -0.034596315 -0.02241177 -0.0028125
v -0.034596315 -0.02241177 0.00375
v -0.03468051 -0.022334205 -0.0028125
v -0.034640265 -0.022370805 0.00375
v -0.034684755 -0.022334025 0.00375
v -0.034771215 -0.02227377 -0.0028125
v -0.034775145 -0.022272945 0.00375
v -0.03486903 -0.022230255 -0.0028125
v -0.034868475 -0.022229175 0.00375
v -0.034966305 -0.022203825 0.00375
v -0.034973655 -0.02220378 -0.0028125
v -0.03507165 -0.022196625 0.00375
v -0.03508074 -0.022195635 -0.0028125
v -0.035183715 -0.02220696 0.00375
v -0.03519 -0.02220591 -0.0028125
v -0.035242065 -0.02221854 0.00375
v -0.035302005 -0.022234425 -0.0028125
v -0.035302005 -0.022234425 0.00375
v -0.03546927 -0.02228109 -0.0028125
v -0.035469645 -0.022280565 0.00375
v -0.03563187 -0.02232954 0.00375
v -0.035631075 -0.022330335 -0.0028125
v -0.03578868 -0.022381335 0.00375
v -0.03578745 -0.02238216 -0.0028125
v -0.03594006 -0.02243598 0.00375
v -0.03593838 -0.022436595 -0.0028125
v -0.036086025 -0.022493475 0.00375
v -0.036083865 -0.022493595 -0.0028125
v -0.03622659 -0.022553925 0.00375
v -0.036223905 -0.02255319 -0.0028125
v -0.036358515 -0.02261538 -0.0028125
v -0.03636174 -0.022617165 0.00375
v -0.03648708 -0.022679805 -0.0028125
v -0.036491445 -0.02268309 0.00375
v -0.03672291 -0.022813485 -0.0028125
v -0.03673347 -0.022822155 0.00375
v -0.036938055 -0.02295816 -0.0028125
v -0.036953025 -0.022971375 0.00375
v -0.03714234 -0.02311959 -0.0028125
v -0.03715902 -0.023133855 0.00375
v -0.037342425 -0.02330166 -0.0028125
v -0.03735063 -0.02330871 0.00375
v -0.037533345 -0.023501475 -0.0028125
v -0.037534755 -0.02350275 0.00375
v -0.037714485 -0.02371866 -0.0028125
v -0.037713645 -0.023718045 0.00375
v -0.03788586 -0.023953245 -0.0028125
v -0.03788586 -0.023953245 0.00375
v -0.037933965 -0.024032295 -0.0028125
v -0.03793812 -0.024034485 0.00375
v -0.0379845 -0.024106395 -0.0028125
v -0.037992075 -0.024110625 0.00375
v -0.038037465 -0.02417556 -0.0028125
v -0.038047725 -0.02418162 0.00375
v -0.038092875 -0.024239775 -0.0028125
v -0.03810501 -0.02424759 0.00375
v -0.0381507 -0.024299055 -0.0028125
v -0.03816384 -0.024308685 0.00375
v -0.03821097 -0.024353385 -0.0028125
v -0.038224485 -0.024364425 0.00375
v -0.03827391 -0.02440311 -0.0028125
v -0.038287275 -0.024414285 0.00375
v -0.038339595 -0.024448305 -0.0028125
v -0.038352375 -0.024458115 0.00375
v -0.03847794 -0.02452344 -0.0028125
v -0.038488335 -0.024528795 0.00375
v -0.03862359 -0.024575565 -0.0028125
v -0.038630355 -0.024577695 0.00375
v -0.038699325 -0.024592455 -0.0028125
v -0.038777565 -0.024603585 -0.0028125
v -0.03877905 -0.02460465 0.00375
v -0.03885762 -0.02460897 -0.0028125
v -0.0389352 -0.02461008 0.00375
v -0.038938815 -0.024608595 -0.0028125
v -0.03901512 -0.024603915 0.00375
v -0.039020475 -0.024602475 -0.0028125
v -0.039095925 -0.02459115 0.00375
v -0.039101925 -0.024590625 -0.0028125
v -0.039177855 -0.024572055 0.00375
v -0.039183255 -0.024573045 -0.0028125
v -0.039260565 -0.02454744 0.00375
v -0.03926505 -0.024549705 -0.0028125
v -0.03934374 -0.024517995 0.00375
v -0.03934731 -0.024520635 -0.0028125
v -0.039427485 -0.024483495 0.00375
v -0.039430035 -0.024485805 -0.0028125
v -0.03951186 -0.024443805 0.00375
v -0.039513225 -0.024445245 -0.0028125
v -0.039596865 -0.02439894 -0.0028125
v -0.039596865 -0.02439894 0.00375
v -0.039681945 -0.02435751 -0.0028125
v -0.039681945 -0.02435751 0.00375
v -0.039767505 -0.024317085 -0.0028125
v -0.039767505 -0.024317085 0.00375
v -0.03985587 -0.02428089 -0.0028125
v -0.03985485 -0.02427936 0.00375
v -0.039939495 -0.02424147 -0.0028125
v -0.039937905 -0.02423886 0.00375
v -0.04001835 -0.02419881 -0.0028125
v -0.04001667 -0.024195585 0.00375
v -0.04009245 -0.024152925 -0.0028125
v -0.040091265 -0.02414958 0.00375
v -0.04016181 -0.024103815 -0.0028125
v -0.04016196 -0.02410092 0.00375
v -0.0402264 -0.024051465 -0.0028125
v -0.04022799 -0.024049365 0.00375
v -0.040286595 -0.023995455 -0.0028125
v -0.0402885 -0.023994675 0.00375
v -0.040342455 -0.02393571 -0.0028125
v -0.04034349 -0.023936475 0.00375
v -0.04039356 -0.023872725 -0.0028125
v -0.0404376 -0.0238116 0.00375
v -0.04043949 -0.023807025 -0.0028125
v -0.04051038 -0.023678535 0.00375
v -0.040514055 -0.023669535 -0.0028125
v -0.04056186 -0.023536635 0.00375
v -0.04056471 -0.0235233 -0.0028125
v -0.0405924 -0.02338575 0.00375
v -0.04059291 -0.02336826 -0.0028125
v -0.04059915 -0.023307225 0.00375
v -0.040598865 -0.023288685 -0.0028125
v -0.040599705 -0.023226765 0.00375
v -0.04059954 -0.02320839 -0.0028125
v -0.040594275 -0.023144295 0.00375
v -0.04059492 -0.0231273 -0.0028125
v -0.040583475 -0.023059905 0.00375
v -0.0405849 -0.02304501 -0.0028125
v -0.04056789 -0.02297367 0.00375
v -0.040569495 -0.02296152 -0.0028125
v -0.040547325 -0.02288559 0.00375
v -0.040548705 -0.0228768 -0.0028125
v -0.040521675 -0.02279562 0.00375
v -0.04052253 -0.022790895 -0.0028125
v -0.04049094 -0.02270376 -0.0028125
v -0.04049094 -0.02270376 0.00375
v -0.04041528 -0.02242329 -0.0028125
v -0.0404484 -0.02255229 0.00375
v -0.040411395 -0.022403505 0.00375
v -0.040359285 -0.022146075 -0.0028125
v -0.040353915 -0.02211396 0.00375
v -0.04032297 -0.0218721 -0.0028125
v -0.04031907 -0.021836745 0.00375
v -0.040306215 -0.0216021 -0.0028125
v -0.04030602 -0.021569355 0.00375
v -0.04030821 -0.021341745 -0.0028125
v -0.04031187 -0.021304365 0.00375
v -0.040330065 -0.021083385 -0.0028125
v -0.040337055 -0.0210426 0.00375
v -0.040373415 -0.0208158 -0.0028125
v -0.040382385 -0.02077356 0.00375
v -0.040403655 -0.02067522 -0.0028125
v -0.040439415 -0.02053131 -0.0028125
v -0.04044783 -0.020497215 0.00375
v -0.040480605 -0.02038479 -0.0028125
v -0.04048821 -0.0203559 0.00375
v -0.04052721 -0.020235645 -0.0028125
v -0.040533825 -0.020211975 0.00375
v -0.040579245 -0.020083875 -0.0028125
v -0.040584615 -0.020065635 0.00375
v -0.04063671 -0.01992948 -0.0028125
v -0.04064055 -0.019917 0.00375
v -0.040699575 -0.01977246 -0.0028125
v -0.040701645 -0.019766055 0.00375
v -0.040767885 -0.01961283 -0.0028125
v -0.040767885 -0.01961283 0.00375
v -0.040815795 -0.01950756 -0.0028125
v -0.04079262 -0.019557045 0.00375
v -0.040819635 -0.019505055 0.00375
v -0.040876215 -0.01941588 -0.0028125
v -0.04088037 -0.01941237 0.00375
v -0.040949685 -0.019337445 -0.0028125
v -0.04095063 -0.01933515 0.00375
v -0.041035935 -0.019272405 -0.0028125
v -0.041031225 -0.01927401 0.00375
v -0.041124555 -0.019227315 0.00375
v -0.04113111 -0.01922337 -0.0028125
v -0.041230215 -0.01919403 0.00375
v -0.041234925 -0.01919052 -0.0028125
v -0.041287545 -0.01918215 0.00375
v -0.04134792 -0.019173495 -0.0028125
v -0.04134792 -0.019173495 0.00375
v -0.041455305 -0.019158645 -0.0028125
v -0.041455305 -0.019158645 0.00375
v -0.041562825 -0.01914474 -0.0028125
v -0.041562825 -0.01914474 0.00375
v -0.041677005 -0.019131495 -0.0028125
v -0.04162332 -0.019137195 0.00375
v -0.04168176 -0.019133565 0.00375
v -0.041786235 -0.01913598 -0.0028125
v -0.041792415 -0.0191379 0.00375
v -0.041891085 -0.01915845 -0.0028125
v -0.041894745 -0.019158405 0.00375
v -0.04199127 -0.01919877 -0.0028125
v -0.041988585 -0.019196115 0.00375
v -0.04207665 -0.019252185 0.00375
v -0.042082545 -0.019255155 -0.0028125
v -0.04215963 -0.019325685 0.00375
v -0.04216458 -0.0193275 -0.0028125
v -0.042199395 -0.01936875 0.00375
v -0.042237975 -0.01941606 -0.0028125
v -0.042237975 -0.01941606 0.00375
v -0.04234587 -0.01955211 -0.0028125
v -0.042346485 -0.019551915 0.00375
v -0.042448935 -0.019686885 0.00375
v -0.042447825 -0.019687065 -0.0028125
v -0.04254534 -0.01982097 0.00375
v -0.042543855 -0.01982091 -0.0028125
v -0.0426357 -0.019954155 0.00375
v -0.042633975 -0.01995366 -0.0028125
v -0.04272 -0.02008647 0.00375
v -0.04271817 -0.020085285 -0.0028125
v -0.042798195 -0.02021799 0.00375
v -0.04279644 -0.02021583 -0.0028125
v -0.042868785 -0.02034525 -0.0028125
v -0.042870345 -0.020348595 0.00375
v -0.042934935 -0.02047293 -0.0028125
v -0.042936525 -0.020478165 0.00375
v -0.043047135 -0.02071971 -0.0028125
v -0.0430506 -0.020732925 0.00375
v -0.04313616 -0.02096322 -0.0028125
v -0.04314051 -0.020982705 0.00375
v -0.043206555 -0.021213885 -0.0028125
v -0.043211655 -0.02123523 0.00375
v -0.04326141 -0.0214788 -0.0028125
v -0.0432639 -0.021489315 0.00375
v -0.043298415 -0.02175267 -0.0028125
v -0.043298805 -0.02175453 0.00375
v -0.0433173 -0.02203485 -0.0028125
v -0.043316985 -0.022033845 0.00375
v -0.043318065 -0.022325355 -0.0028125
v -0.043318065 -0.022325355 0.00375
v -0.04331049 -0.022417605 -0.0028125
v -0.043312605 -0.022421475 0.00375
v -0.043307805 -0.022507275 -0.0028125
v -0.04331151 -0.02251452 0.00375
v -0.043309995 -0.022594365 -0.0028125
v -0.043314765 -0.022604475 0.00375
v -0.04331706 -0.02267889 -0.0028125
v -0.04332228 -0.022691385 0.00375
v -0.043329 -0.02276085 -0.0028125
v -0.043333845 -0.022775325 0.00375
v -0.043345815 -0.022840215 -0.0028125
v -0.04335003 -0.02285607 0.00375
v -0.04336752 -0.02291745 -0.0028125
v -0.043371465 -0.02293338 0.00375
v -0.043394115 -0.0229926 -0.0028125
v -0.04339839 -0.023007285 0.00375
v -0.04346193 -0.02313468 -0.0028125
v -0.043467045 -0.023144895 0.00375
v -0.04354914 -0.02326245 -0.0028125
v -0.043553655 -0.02326848 0.00375
v -0.043657185 -0.023375595 -0.0028125
v -0.04365864 -0.0233781 0.00375
v -0.04371876 -0.023427 -0.0028125
v -0.043782225 -0.023474355 0.00375
v -0.04378464 -0.023474415 -0.0028125
v -0.043850655 -0.023516325 0.00375
v -0.043854285 -0.023517465 -0.0028125
v -0.04392357 -0.023553435 0.00375
v -0.043927125 -0.023555745 -0.0028125
v -0.04400103 -0.023586045 0.00375
v -0.044003265 -0.02358933 -0.0028125
v -0.0440823 -0.023614635 0.00375
v -0.04408317 -0.023618535 -0.0028125
v -0.04416669 -0.02363958 0.00375
v -0.044166825 -0.023643375 -0.0028125
v -0.044254425 -0.02366076 0.00375
v -0.04425423 -0.023663835 -0.0028125
v -0.04434564 -0.023678115 0.00375
v -0.0443454 -0.023679915 -0.0028125
v -0.04444032 -0.02369163 -0.0028125
v -0.04444032 -0.02369163 0.00375
v -0.0445335 -0.023708115 -0.0028125
v -0.0445335 -0.023708115 0.00375
v -0.04462647 -0.023725725 -0.0028125
v -0.04462647 -0.023725725 0.00375
v -0.044718885 -0.023748345 -0.0028125
v -0.04472028 -0.023746605 0.00375
v -0.044809365 -0.02376558 -0.0028125
v -0.04481208 -0.023762685 0.00375
v -0.044897955 -0.02377743 -0.0028125
v -0.044901855 -0.02377395 0.00375
v -0.04498464 -0.023783895 -0.0028125
v -0.04498971 -0.023780505 0.00375
v -0.045069405 -0.023784975 -0.0028125
v -0.045075765 -0.02378256 0.00375
v -0.04515225 -0.02378067 -0.0028125
v -0.045159615 -0.0237795 0.00375
v -0.04523376 -0.023770875 -0.0028125
v -0.045240735 -0.023770665 0.00375
v -0.045313995 -0.023755545 -0.0028125
v -0.045319305 -0.023755755 0.00375
v -0.045392325 -0.02373483 -0.0028125
v -0.04546809 -0.023708865 -0.0028125
v -0.045468285 -0.023709765 0.00375
v -0.04560933 -0.02364174 -0.0028125
v -0.04560462 -0.023644845 0.00375
v -0.04572891 -0.02356038 0.00375
v -0.045736545 -0.023553285 -0.0028125
v -0.045841875 -0.023456415 0.00375
v -0.04585089 -0.023444385 -0.0028125
v -0.045893355 -0.023396925 0.00375
v -0.045902685 -0.023383455 -0.0028125
v -0.04594098 -0.0233322 0.00375
v -0.04595058 -0.023318805 -0.0028125
v -0.045985005 -0.0232623 0.00375
v -0.04599465 -0.02325039 -0.0028125
v -0.046025835 -0.02318772 0.00375
v -0.046035045 -0.023177805 -0.0028125
v -0.04606386 -0.02310888 0.00375
v -0.046071795 -0.02310105 -0.0028125
v -0.04609893 -0.023025645 0.00375
v -0.04610487 -0.02302011 -0.0028125
v -0.046130985 -0.022937925 0.00375
v -0.046134285 -0.022935015 -0.0028125
v -0.04616004 -0.022845735 -0.0028125
v -0.04616004 -0.022845735 0.00375
v -0.04626369 -0.022574355 -0.0028125
v -0.046214655 -0.022698195 0.00375
v -0.046272165 -0.022556055 0.00375
v -0.046381335 -0.022317165 -0.0028125
v -0.04639587 -0.022288035 0.00375
v -0.046512975 -0.02207418 -0.0028125
v -0.046530615 -0.022043265 0.00375
v -0.046658145 -0.021845895 -0.0028125
v -0.046677225 -0.021819285 0.00375
v -0.04681278 -0.021636435 -0.0028125
v -0.04683771 -0.02160834 0.00375
v -0.04698231 -0.021440265 -0.0028125
v -0.04701195 -0.021411375 0.00375
v -0.047174685 -0.021249255 -0.0028125
v -0.04720677 -0.021220365 0.00375
v -0.04728177 -0.0211533 -0.0028125
v -0.04739529 -0.0210579 -0.0028125
v -0.04742214 -0.021035265 0.00375
v -0.047514735 -0.020963565 -0.0028125
v -0.04753788 -0.02094468 0.00375
v -0.047640105 -0.02087031 -0.0028125
v -0.04765938 -0.02085504 0.00375
v -0.047771415 -0.020778105 -0.0028125
v -0.047786475 -0.020766495 0.00375
v -0.04790865 -0.020686965 -0.0028125
v -0.047919105 -0.020679135 0.00375
v -0.04805181 -0.020596905 -0.0028125
v -0.04805724 -0.02059293 0.00375
v -0.04820091 -0.020507895 -0.0028125
v -0.04820091 -0.020507895 0.00375
v -0.048248745 -0.02047815 -0.0028125
v -0.04825224 -0.02047878 0.00375
v -0.048297285 -0.02045274 -0.0028125
v -0.048303045 -0.020453535 0.00375
v -0.04834656 -0.020431635 -0.0028125
v -0.04835328 -0.020432115 0.00375
v -0.04839654 -0.020414865 -0.0028125
v -0.04840263 -0.02041425 0.00375
v -0.04844727 -0.020402415 -0.0028125
v -0.04845171 -0.02040048 0.00375
v -0.048498885 -0.020394075 -0.0028125
v -0.048501345 -0.020391705 0.00375
v -0.04855128 -0.02039001 -0.0028125
v -0.048551205 -0.02038773 0.00375
v -0.0486042 -0.02039046 -0.0028125
v -0.0486018 -0.020388615 0.00375
v -0.04865379 -0.02039457 0.00375
v -0.048657465 -0.02039568 -0.0028125
v -0.048706965 -0.02040561 0.00375
v -0.04871091 -0.02040579 -0.0028125
v -0.048761085 -0.020421195 0.00375
v -0.04876473 -0.02042064 -0.0028125
v -0.048815985 -0.02044092 0.00375
v -0.04881891 -0.020440185 -0.0028125
v -0.048871755 -0.02046498 0.00375
v -0.048873465 -0.02046444 -0.0028125
v -0.048928395 -0.020493405 -0.0028125
v -0.048928395 -0.020493405 0.00375
v -0.049024005 -0.020544525 -0.0028125
v -0.049024005 -0.020544525 0.00375
v -0.049119165 -0.020596455 -0.0028125
v -0.049119165 -0.020596455 0.00375
v -0.049218315 -0.020652015 -0.0028125
v -0.049171695 -0.02062554 0.00375
v -0.0492204 -0.020656455 0.00375
v -0.049303485 -0.020719215 -0.0028125
v -0.04930641 -0.020723565 0.00375
v -0.049375095 -0.02079855 -0.0028125
v -0.049376835 -0.02079885 0.00375
v -0.04943292 -0.02088978 -0.0028125
v -0.049431165 -0.020884065 0.00375
v -0.04947066 -0.020982045 0.00375
v -0.04947402 -0.02098926 -0.0028125
v -0.049495515 -0.021091815 0.00375
v -0.049498215 -0.02109678 -0.0028125
v -0.04950252 -0.021150885 0.00375
v -0.049504125 -0.02115372 -0.0028125
v -0.049505895 -0.021212805 -0.0028125
v -0.049505895 -0.021212805 0.00375
v -0.0495132 -0.021386295 -0.0028125
v -0.049513815 -0.02138649 0.00375
v -0.04951737 -0.021555915 0.00375
v -0.049516365 -0.021555405 -0.0028125
v -0.04951656 -0.02172105 0.00375
v -0.04951539 -0.021720135 -0.0028125
v -0.04951137 -0.02188191 0.00375
v -0.049510275 -0.0218805 -0.0028125
v -0.049501785 -0.02203851 0.00375
v -0.049501005 -0.022036485 -0.0028125
v -0.049487745 -0.022190865 0.00375
v -0.04948761 -0.02218809 -0.0028125
v -0.04947006 -0.02233533 -0.0028125
v -0.049469355 -0.022338945 0.00375
v -0.04944852 -0.0224775 -0.0028125
v -0.049446735 -0.022482675 0.00375
v -0.04939425 -0.02274309 -0.0028125
v -0.04938927 -0.022755825 0.00375
v -0.049323135 -0.02299242 -0.0028125
v -0.0493152 -0.02301075 0.00375
v -0.049232745 -0.02323659 -0.0028125
v -0.049224315 -0.023256855 0.00375
v -0.049121415 -0.02348316 -0.0028125
v -0.049117245 -0.023493135 0.00375
v -0.048990375 -0.023726475 -0.0028125
v -0.048989595 -0.023728215 0.00375
v -0.04883979 -0.02396586 -0.0028125
v -0.048840135 -0.02396487 0.00375
v -0.048669645 -0.02420133 -0.0028125
v -0.048669645 -0.02420133 0.00375
v -0.0486093 -0.02427156 -0.0028125
v -0.04860837 -0.024276345 0.00375
v -0.048554415 -0.02434257 -0.0028125
v -0.04855251 -0.024351375 0.00375
v -0.04850499 -0.02441436 -0.0028125
v -0.04850208 -0.024426405 0.00375
v -0.048461025 -0.024486945 -0.0028125
v -0.048457005 -0.024501435 0.00375
v -0.04842252 -0.024560295 -0.0028125
v -0.04841706 -0.024576435 0.00375
v -0.048389475 -0.02463444 -0.0028125
v -0.04838283 -0.024651495 0.00375
v -0.048361635 -0.02470971 -0.0028125
v -0.048354855 -0.02472672 0.00375
v -0.04833897 -0.02478618 -0.0028125
v -0.04833336 -0.024802275 0.00375
v -0.048310305 -0.024941055 -0.0028125
v -0.04830834 -0.024953505 0.00375
v -0.04830579 -0.02509572 -0.0028125
v -0.048305895 -0.0251037 0.00375
v -0.04832676 -0.025250775 -0.0028125
v -0.048326385 -0.025253355 0.00375
v -0.04834641 -0.02532855 -0.0028125
v -0.048369615 -0.02540337 0.00375
v -0.04837188 -0.02540562 -0.0028125
v -0.048400215 -0.025477365 0.00375
v -0.048402945 -0.025481355 -0.0028125
v -0.04843734 -0.025550145 0.00375
v -0.048439395 -0.02555511 -0.0028125
v -0.04848081 -0.025622025 0.00375
v -0.048481245 -0.025627005 -0.0028125
v -0.048529755 -0.025692945 0.00375
v -0.048528705 -0.025697535 -0.0028125
v -0.048583395 -0.025762815 0.00375
v -0.04858176 -0.025766745 -0.0028125
v -0.048642 -0.02583165 0.00375
v -0.04864041 -0.025834605 -0.0028125
v -0.048705705 -0.025899495 0.00375
v -0.048704655 -0.02590113 -0.0028125
v -0.04877451 -0.02596632 -0.0028125
v -0.04877451 -0.02596632 0.00375
v -0.048840195 -0.026034435 -0.0028125
v -0.048840195 -0.026034435 0.00375
v -0.04890507 -0.026103315 -0.0028125
v -0.04890507 -0.026103315 0.00375
v -0.04896657 -0.026175975 -0.0028125
v -0.04896819 -0.02617488 0.00375
v -0.04902969 -0.026243145 -0.0028125
v -0.04903254 -0.026241465 0.00375
v -0.049094415 -0.026304825 -0.0028125
v -0.04909815 -0.02630307 0.00375
v -0.049160775 -0.026361015 -0.0028125
v -0.04916499 -0.026359815 0.00375
v -0.04922874 -0.02641173 -0.0028125
v -0.049233075 -0.02641197 0.00375
v -0.049298325 -0.026456955 -0.0028125
v -0.04930239 -0.02645877 0.00375
v -0.049370055 -0.026496915 -0.0028125
v -0.049372965 -0.02649936 0.00375
v -0.04944399 -0.02653167 -0.0028125
v -0.049445085 -0.026533605 0.00375
v -0.04951956 -0.026560935 -0.0028125
v -0.049592355 -0.02658438 0.00375
v -0.04959612 -0.02658444 -0.0028125
v -0.04974072 -0.02661246 0.00375
v -0.04974984 -0.026613105 -0.0028125
v -0.04989099 -0.026617665 0.00375
v -0.04990473 -0.02661627 -0.0028125
v -0.050043675 -0.0266004 0.00375
v -0.050061195 -0.02659533 -0.0028125
v -0.05012046 -0.026582715 0.00375
v -0.05013888 -0.02657646 -0.0028125
v -0.05019729 -0.026558475 0.00375
v -0.050215605 -0.026552325 -0.0028125
v -0.0502743 -0.026527905 0.00375
v -0.050291445 -0.026522865 -0.0028125
v -0.050351535 -0.02649159 0.00375
v -0.050366775 -0.0264879 -0.0028125
v -0.050429025 -0.026450055 0.00375
v -0.050441595 -0.0264474 -0.0028125
v -0.05050677 -0.02640312 0.00375
v -0.050515905 -0.026401395 -0.0028125
v -0.050584755 -0.02635071 0.00375
v -0.050589705 -0.026349855 -0.0028125
v -0.05066298 -0.02629281 -0.0028125
v -0.05066298 -0.02629281 0.00375
v -0.050906355 -0.02613417 -0.0028125
v -0.0507939 -0.02620554 0.00375
v -0.050923965 -0.02612436 0.00375
v -0.0511527 -0.025995255 -0.0028125
v -0.05118159 -0.025980225 0.00375
v -0.05140203 -0.02587605 -0.0028125
v -0.051434475 -0.02586141 0.00375
v -0.051653655 -0.02577669 -0.0028125
v -0.051684735 -0.025766385 0.00375
v -0.05190189 -0.025698135 -0.0028125
v -0.051938565 -0.025690065 0.00375
v -0.05215434 -0.02563908 -0.0028125
v -0.05219529 -0.025633125 0.00375
v -0.05242224 -0.02559762 -0.0028125
v -0.052465185 -0.02559309 0.00375
v -0.05256528 -0.025582935 -0.0028125
v -0.052713195 -0.02557248 -0.0028125
v -0.05274822 -0.025569945 0.00375
v -0.052865265 -0.025566375 -0.0028125
v -0.0528951 -0.02556468 0.00375
v -0.05302152 -0.025564605 -0.0028125
v -0.053046075 -0.025563585 0.00375
v -0.053181945 -0.0255672 -0.0028125
v -0.05320095 -0.02556666 0.00375
v -0.053346525 -0.02557413 -0.0028125
v -0.05335959 -0.025573935 0.00375
v -0.05351529 -0.02558541 -0.0028125
v -0.053522025 -0.025585395 0.00375
v -0.053688225 -0.02560104 -0.0028125
v -0.053688225 -0.02560104 0.00375
v -0.053802345 -0.02561385 -0.0028125
v -0.05374923 -0.02560743 0.00375
v -0.05380728 -0.02561715 0.00375
v -0.05390769 -0.02564271 -0.0028125
v -0.053914665 -0.025646475 0.00375
v -0.054004785 -0.02568798 -0.0028125
v -0.05401008 -0.025689615 0.00375
v -0.054093375 -0.025749465 -0.0028125
v -0.054092955 -0.025747545 0.00375
v -0.05416566 -0.025821855 0.00375
v -0.054169695 -0.02582481 -0.0028125
v -0.054229485 -0.025911795 0.00375
v -0.054233505 -0.025913865 -0.0028125
v -0.05425842 -0.02596245 0.00375
v -0.0542853 -0.02601693 -0.0028125
v -0.0542853 -0.02601693 0.00375
v -0.05433261 -0.026114475 -0.0028125
v -0.05433261 -0.026114475 0.00375
v -0.054379065 -0.026212425 -0.0028125
v -0.054379065 -0.026212425 0.00375
v -0.05442666 -0.026315895 -0.0028125
v -0.054404955 -0.02626782 0.00375
v -0.05442648 -0.02632242 0.00375
v -0.05445609 -0.026420445 -0.0028125
v -0.054456615 -0.026429265 0.00375
v -0.054467385 -0.026526675 -0.0028125
v -0.05446875 -0.026533065 0.00375
v -0.054460515 -0.0266343 -0.0028125
v -0.05446176 -0.02663394 0.00375
v -0.054435465 -0.02673474 0.00375
v -0.054435285 -0.026738835 -0.0028125
v -0.054391185 -0.02683608 0.00375
v -0.05439165 -0.026839995 -0.0028125
v -0.054362595 -0.026887125 0.00375
v -0.05436294 -0.026889525 -0.0028125
v -0.054329655 -0.02693838 -0.0028125
v -0.054329655 -0.02693838 0.00375
v -0.054233595 -0.027083025 -0.0028125
v -0.05423397 -0.02708355 0.00375
v -0.054137265 -0.027222705 0.00375
v -0.054136755 -0.0272217 -0.0028125
v -0.05403954 -0.02735583 0.00375
v -0.054039135 -0.027354405 -0.0028125
v -0.053940795 -0.02748291 0.00375
v -0.053940735 -0.027481125 -0.0028125
v -0.053841 -0.027603975 0.00375
v -0.053841555 -0.027601875 -0.0028125
v -0.05374008 -0.02771898 0.00375
v -0.053741595 -0.027716655 -0.0028125
v -0.053640855 -0.02782545 -0.0028125
v -0.05363817 -0.027827955 0.00375
v -0.053539875 -0.02792781 -0.0028125
v -0.05353539 -0.027930945 0.00375
v -0.05333985 -0.02811078 -0.0028125
v -0.053328345 -0.02811816 0.00375
v -0.05313576 -0.028270695 -0.0028125
v -0.053118585 -0.028280865 0.00375
v -0.052919115 -0.028415115 -0.0028125
v -0.052900395 -0.028426545 0.00375
v -0.052684125 -0.02854914 -0.0028125
v -0.052674885 -0.028554765 0.00375
v -0.052435095 -0.02866896 -0.0028125
v -0.052433445 -0.028669905 0.00375
v -0.05217255 -0.028774125 -0.0028125
v -0.05217342 -0.028773525 0.00375
v -0.051896505 -0.02886462 -0.0028125
v -0.051896505 -0.02886462 0.00375
v -0.0518064 -0.02888595 -0.0028125
v -0.05180322 -0.02888919 0.00375
v -0.05172024 -0.02891112 -0.0028125
v -0.05171424 -0.02891694 0.00375
v -0.051638055 -0.02894013 -0.0028125
v -0.051629565 -0.0289479 0.00375
v -0.051559815 -0.028972995 -0.0028125
v -0.051549135 -0.02898198 0.00375
v -0.05148555 -0.0290097 -0.0028125
v -0.0514728 -0.029019015 0.00375
v -0.05141523 -0.02905026 -0.0028125
v -0.05140095 -0.02905947 0.00375
v -0.05134848 -0.029094795 -0.0028125
v -0.051334035 -0.02910384 0.00375
v -0.05128521 -0.02914335 -0.0028125
v -0.051272085 -0.02915235 0.00375
v -0.051171015 -0.029251815 -0.0028125
v -0.051162525 -0.02926026 0.00375
v -0.05107647 -0.02937429 -0.0028125
v -0.05107188 -0.029380845 0.00375
v -0.051002295 -0.029512035 -0.0028125
v -0.05100021 -0.02951454 0.00375
v -0.050972475 -0.029586465 -0.0028125
v -0.05094699 -0.029661735 0.00375
v -0.05094777 -0.02966376 -0.0028125
v -0.0509283 -0.02973972 0.00375
v -0.050928375 -0.029743275 -0.0028125
v -0.05091558 -0.029820465 0.00375
v -0.0509145 -0.029824365 -0.0028125
v -0.050908545 -0.029904135 0.00375
v -0.050906115 -0.02990712 -0.0028125
v -0.050906505 -0.02999019 0.00375
v -0.05090304 -0.029992095 -0.0028125
v -0.05090886 -0.030078075 0.00375
v -0.05090529 -0.03007929 -0.0028125
v -0.050915835 -0.030167985 0.00375
v -0.050912835 -0.030168705 -0.0028125
v -0.050927505 -0.03026001 0.00375
v -0.050925705 -0.030260325 -0.0028125
v -0.0509439 -0.030354165 -0.0028125
v -0.0509439 -0.030354165 0.00375
v -0.05095701 -0.03044787 -0.0028125
v -0.05095701 -0.03044787 0.00375
v -0.05096901 -0.03054174 -0.0028125
v -0.05096901 -0.03054174 0.00375
v -0.05097612 -0.03063696 -0.0028125
v -0.05097789 -0.030636465 0.00375
v -0.050987775 -0.030728685 -0.0028125
v -0.050990745 -0.030727965 0.00375
v -0.051003975 -0.030816855 -0.0028125
v -0.05100756 -0.03081624 0.00375
v -0.05102472 -0.030901515 -0.0028125
v -0.051028275 -0.03090141 0.00375
v -0.051049995 -0.03098265 -0.0028125
v -0.05105271 -0.03098367 0.00375
v -0.05107983 -0.03106026 -0.0028125
v -0.05108133 -0.031062405 0.00375
v -0.051114495 -0.03113481 -0.0028125
v -0.051114645 -0.03113685 0.00375
v -0.051154065 -0.031206405 -0.0028125
v -0.051153 -0.03120714 0.00375
v -0.051198165 -0.031274475 -0.0028125
v -0.05124267 -0.031335225 0.00375
v -0.051246465 -0.03133845 -0.0028125
v -0.051346725 -0.03144555 0.00375
v -0.05135418 -0.031451865 -0.0028125
v -0.05146575 -0.03153837 0.00375
v -0.0514776 -0.031545225 -0.0028125
v -0.051599805 -0.03161403 0.00375
v -0.051616335 -0.031619955 -0.0028125
v -0.051672405 -0.03164472 0.00375
v -0.05169018 -0.03165021 -0.0028125
v -0.051748755 -0.031670115 0.00375
v -0.051766335 -0.031675665 -0.0028125
v -0.05182887 -0.03169044 0.00375
v -0.051844875 -0.03169632 -0.0028125
v -0.051912465 -0.03170625 0.00375
v -0.051926235 -0.03171222 -0.0028125
v -0.0519993 -0.031718085 0.00375
v -0.052010415 -0.03172338 -0.0028125
v -0.05208945 -0.03172575 0.00375
v -0.0520974 -0.031729785 -0.0028125
v -0.052182945 -0.031729155 0.00375
v -0.05218719 -0.03173142 -0.0028125
v -0.052279815 -0.031728315 -0.0028125
v -0.052279815 -0.031728315 0.00375
v -0.052569945 -0.031743015 -0.0028125
v -0.052437015 -0.03173466 0.00375
v -0.05258997 -0.03174543 0.00375
v -0.052850895 -0.03177543 -0.0028125
v -0.052883085 -0.03178026 0.00375
v -0.05312268 -0.031825545 -0.0028125
v -0.053157525 -0.031832775 0.00375
v -0.05338464 -0.03189306 -0.0028125
v -0.053415855 -0.03190299 0.00375
v -0.053631645 -0.03197541 -0.0028125
v -0.053666055 -0.03199044 0.00375
v -0.053870595 -0.03207603 -0.0028125
v -0.053907225 -0.032095275 0.00375
v -0.054111705 -0.03219996 -0.0028125
v -0.0541491 -0.03222153 0.00375
v -0.054236055 -0.032272155 -0.0028125
v -0.05436186 -0.032350635 -0.0028125
v -0.054391695 -0.03236916 0.00375
v -0.05448849 -0.03243507 -0.0028125
v -0.0545136 -0.032451255 0.00375
v -0.05461593 -0.03252549 -0.0028125
v -0.054636405 -0.03253911 0.00375
v -0.054744195 -0.03262188 -0.0028125
v -0.054759885 -0.03263262 0.00375
v -0.05487327 -0.03272424 -0.0028125
v -0.054883965 -0.032731755 0.00375
v -0.05500317 -0.03283257 -0.0028125
v -0.05500863 -0.0328365 0.00375
v -0.055133895 -0.032946855 -0.0028125
v -0.055133895 -0.032946855 0.00375
v -0.05521914 -0.03302487 -0.0028125
v -0.05517975 -0.032988015 0.00375
v -0.05522121 -0.03303021 0.00375
v -0.055287615 -0.033110595 -0.0028125
v -0.055291035 -0.03311763 0.00375
v -0.055339515 -0.0332046 -0.0028125
v -0.055342785 -0.03320916 0.00375
v -0.05537475 -0.03330663 -0.0028125
v -0.055375545 -0.0333048 0.00375
v -0.05539044 -0.03340728 0.00375
v -0.055392 -0.03341229 -0.0028125
v -0.055389075 -0.033517005 0.00375
v -0.05539119 -0.033521295 -0.0028125
v -0.055382715 -0.033574695 0.00375
v -0.055372485 -0.03363426 -0.0028125
v -0.055372485 -0.03363426 0.00375
v -0.05535342 -0.033740985 -0.0028125
v -0.05535342 -0.033740985 0.00375
v -0.055333425 -0.03384753 -0.0028125
v -0.055333425 -0.03384753 0.00375
v -0.05531067 -0.03396033 -0.0028125
v -0.05532177 -0.03390843 0.00375
v -0.055306875 -0.03396603 0.00375
v -0.0552726 -0.034062885 -0.0028125
v -0.055267395 -0.034071435 0.00375
v -0.05521881 -0.034155675 -0.0028125
v -0.055214955 -0.03416316 0.00375
v -0.055149495 -0.03423843 -0.0028125
v -0.05514954 -0.03424014 0.00375
v -0.055067685 -0.03430776 -0.0028125
v -0.0550695 -0.034305045 0.00375
v -0.05497518 -0.034359855 0.00375
v -0.054973575 -0.03436338 -0.0028125
v -0.054922725 -0.03438396 0.00375
v -0.05486676 -0.0344058 -0.0028125
v -0.05486676 -0.0344058 0.00375
v -0.05470401 -0.034466355 -0.0028125
v -0.05470401 -0.034467015 0.00375
v -0.054543975 -0.03452274 0.00375
v -0.054544155 -0.03452163 -0.0028125
v -0.05438667 -0.03457299 0.00375
v -0.05438718 -0.03457161 -0.0028125
v -0.054232095 -0.03461778 0.00375
v -0.0542331 -0.034616295 -0.0028125
v -0.05408019 -0.034657065 0.00375
v -0.054081885 -0.034655685 -0.0028125
v -0.053930955 -0.034690785 0.00375
v -0.05393355 -0.03468978 -0.0028125
v -0.053788095 -0.034718595 -0.0028125
v -0.053784435 -0.034719045 0.00375
v -0.053646225 -0.03474204 -0.0028125
v -0.053640765 -0.03474195 0.00375
v -0.053376855 -0.034772505 -0.0028125
v -0.05336322 -0.03477171 0.00375
v -0.05311776 -0.034781925 -0.0028125
v -0.053097885 -0.034780035 0.00375
v -0.0528576 -0.03477141 -0.0028125
v -0.05283573 -0.034769655 0.00375
v -0.05258871 -0.03474171 -0.0028125
v -0.052577925 -0.034740825 0.00375
v -0.052316805 -0.034692285 -0.0028125
v -0.052314915 -0.034692075 0.00375
v -0.052042605 -0.034623045 -0.0028125
v -0.05204364 -0.03462306 0.00375
v -0.05176608 -0.03453399 -0.0028125
v -0.05176608 -0.03453399 0.00375
v -0.051680685 -0.03449829 -0.0028125
v -0.05167632 -0.0344991 0.00375
v -0.051596235 -0.034468035 -0.0028125
v -0.05158818 -0.03446931 0.00375
v -0.051512715 -0.034443195 -0.0028125
v -0.05150163 -0.034444605 0.00375
v -0.05143014 -0.0344238 -0.0028125
v -0.05141667 -0.03442488 0.00375
v -0.05134851 -0.034409835 -0.0028125
v -0.051333285 -0.03440997 0.00375
v -0.05126781 -0.0344013 -0.0028125
v -0.05125152 -0.034400415 0.00375
v -0.051187665 -0.03439809 -0.0028125
v -0.05117142 -0.03439692 0.00375
v -0.051107955 -0.03440016 -0.0028125
v -0.05109291 -0.03439965 0.00375
v -0.050951865 -0.03442074 -0.0028125
v -0.050941065 -0.03442233 0.00375
v -0.050803395 -0.03446421 -0.0028125
v -0.05079702 -0.034466325 0.00375
v -0.05066238 -0.034532025 -0.0028125
v -0.050660505 -0.03453207 0.00375
v -0.05059446 -0.034574715 -0.0028125
v -0.050530785 -0.03461964 0.00375
v -0.050529 -0.03462273 -0.0028125
v -0.05046969 -0.034671675 0.00375
v -0.05046654 -0.03467565 -0.0028125
v -0.050411805 -0.03472953 0.00375
v -0.05040762 -0.0347331 -0.0028125
v -0.050356755 -0.034793145 0.00375
v -0.050352165 -0.03479514 -0.0028125
v -0.050304345 -0.034861665 0.00375
v -0.05029971 -0.0348621 -0.0028125
v -0.05025441 -0.034934325 0.00375
v -0.050250255 -0.03493398 -0.0028125
v -0.05020701 -0.035011395 0.00375
v -0.050203785 -0.03501078 -0.0028125
v -0.05016216 -0.035092995 0.00375
v -0.05016033 -0.035092485 -0.0028125
v -0.050119875 -0.035179125 -0.0028125
v -0.050119875 -0.035179125 0.00375
v -0.0500754 -0.035262645 -0.0028125
v -0.0500754 -0.035262645 0.00375
v -0.050029935 -0.03534564 -0.0028125
v -0.050029935 -0.03534564 0.00375
v -0.049979565 -0.035427195 -0.0028125
v -0.049981485 -0.03542736 0.00375
v -0.04993497 -0.03550854 -0.0028125
v -0.04993812 -0.03550884 0.00375
v -0.049896165 -0.035589675 -0.0028125
v -0.04989987 -0.03559008 0.00375
v -0.049863135 -0.0356706 -0.0028125
v -0.049866555 -0.03567114 0.00375
v -0.049835895 -0.03575133 -0.0028125
v -0.049837965 -0.035752095 0.00375
v -0.049814445 -0.03583185 -0.0028125
v -0.04981482 -0.035832675 0.00375
v -0.04979874 -0.035912715 -0.0028125
v -0.049798005 -0.03591255 0.00375
v -0.049787745 -0.03599202 0.00375
v -0.04978881 -0.035994075 -0.0028125
v -0.04978467 -0.03607521 -0.0028125
v -0.04978503 -0.03614844 0.00375
v -0.04978632 -0.03615546 -0.0028125
v -0.04980429 -0.036298845 0.00375
v -0.04980711 -0.036310575 -0.0028125
v -0.049845915 -0.036443775 0.00375
v -0.049852275 -0.0364584 -0.0028125
v -0.04990977 -0.03658356 0.00375
v -0.049920735 -0.036599955 -0.0028125
v -0.04995039 -0.03665097 0.00375
v -0.04996272 -0.03666759 -0.0028125
v -0.049997145 -0.036716355 0.00375
v -0.05000934 -0.036732735 -0.0028125
v -0.05004993 -0.036779865 0.00375
v -0.050060685 -0.036795435 -0.0028125
v -0.05010822 -0.03684183 0.00375
v -0.05011707 -0.036855945 -0.0028125
v -0.050171535 -0.036902505 0.00375
v -0.05017848 -0.036914265 -0.0028125
v -0.05024007 -0.036961785 0.00375
v -0.05024493 -0.036970395 -0.0028125
v -0.05031387 -0.03701964 0.00375
v -0.05031642 -0.03702432 -0.0028125
v -0.050392935 -0.03707607 -0.0028125
v -0.050392935 -0.03707607 0.00375
v -0.050619015 -0.037258515 -0.0028125
v -0.050516385 -0.037173615 0.00375
v -0.05063379 -0.037272225 0.00375
v -0.05082726 -0.03744987 -0.0028125
v -0.05085048 -0.037472685 0.00375
v -0.05101767 -0.037650165 -0.0028125
v -0.051041625 -0.03767649 0.00375
v -0.05118993 -0.037858755 -0.0028125
v -0.05120934 -0.03788514 0.00375
v -0.051341355 -0.03807057 -0.0028125
v -0.05136036 -0.038102955 0.00375
v -0.05147553 -0.03829242 -0.0028125
v -0.051493845 -0.03832953 0.00375
v -0.05159775 -0.0385344 -0.0028125
v -0.051615315 -0.038573835 0.00375
v -0.051655905 -0.038665905 -0.0028125
v -0.05171157 -0.038803335 -0.0028125
v -0.0517248 -0.038835855 0.00375
v -0.05176437 -0.03894609 -0.0028125
v -0.051775185 -0.03897393 0.00375
v -0.05181432 -0.03909414 -0.0028125
v -0.051822885 -0.03911718 0.00375
v -0.051861435 -0.039247515 -0.0028125
v -0.051867825 -0.039265425 0.00375
v -0.0519057 -0.039406185 -0.0028125
v -0.05190993 -0.039418545 0.00375
v -0.05194713 -0.03957018 -0.0028125
v -0.05194923 -0.03957657 0.00375
v -0.051985695 -0.039739485 -0.0028125
v -0.051985695 -0.039739485 0.00375
v -0.052008795 -0.039852945 -0.0028125
v -0.051998745 -0.039800175 0.00375
v -0.05200752 -0.039859095 0.00375
v -0.05201379 -0.039962715 -0.0028125
v -0.052012395 -0.039971655 0.00375
v -0.05200044 -0.040069335 -0.0028125
v -0.052000035 -0.04007664 0.00375
v -0.05196888 -0.04017255 -0.0028125
v -0.05197002 -0.04017309 0.00375
v -0.051920715 -0.040268085 -0.0028125
v -0.051921795 -0.04026408 0.00375
v -0.051856455 -0.04035129 0.00375
v -0.05185605 -0.040355655 -0.0028125
v -0.051817635 -0.040393935 0.00375
v -0.051774675 -0.040435845 -0.0028125
v -0.051774675 -0.040435845 0.00375
v -0.051696525 -0.04051098 -0.0028125
v -0.051696525 -0.04051098 0.00375
v -0.051617715 -0.040585425 -0.0028125
v -0.051617715 -0.040585425 0.00375
v -0.05157615 -0.040626015 -0.0028125
v -0.051572925 -0.040626255 0.00375
v -0.05153313 -0.04066236 -0.0028125
v -0.05152779 -0.04066299 0.00375
v -0.05148867 -0.040694475 -0.0028125
v -0.05148231 -0.040695675 0.00375
v -0.05144277 -0.040722345 -0.0028125
v -0.05143674 -0.04072455 0.00375
v -0.05139543 -0.040745985 -0.0028125
v -0.051390615 -0.040749135 0.00375
v -0.05134644 -0.0407655 -0.0028125
v -0.051343305 -0.040768755 0.00375
v -0.05129598 -0.040780815 -0.0028125
v -0.051295035 -0.04078344 0.00375
v -0.051244245 -0.040791765 -0.0028125
v -0.05124543 -0.04079343 0.00375
v -0.05119404 -0.04079874 0.00375
v -0.05119146 -0.040798215 -0.0028125
v -0.051141015 -0.040799235 0.00375
v -0.05113776 -0.040800075 -0.0028125
v -0.05108634 -0.040795665 0.00375
v -0.05108298 -0.040797465 -0.0028125
v -0.051029925 -0.040788525 0.00375
v -0.05102709 -0.04079037 -0.0028125
v -0.05097183 -0.040777575 0.00375
v -0.050970105 -0.040778805 -0.0028125
v -0.050912025 -0.04076277 -0.0028125
v -0.050912025 -0.04076277 0.00375
v -0.050744775 -0.040716105 -0.0028125
v -0.050744385 -0.04071663 0.00375
v -0.050582175 -0.040667655 0.00375
v -0.05058297 -0.04066686 -0.0028125
v -0.050425365 -0.04061586 0.00375
v -0.050426595 -0.040615035 -0.0028125
v -0.050273985 -0.040561215 0.00375
v -0.050275665 -0.0405606 -0.0028125
v -0.050128005 -0.04050372 0.00375
v -0.05013018 -0.0405036 -0.0028125
v -0.04998744 -0.04044327 0.00375
v -0.049990125 -0.04044399 -0.0028125
v -0.04985553 -0.040381815 -0.0028125
v -0.049852305 -0.04038003 0.00375
v -0.049726965 -0.04031739 -0.0028125
v -0.0497226 -0.040314105 0.00375
v -0.049491135 -0.04018371 -0.0028125
v -0.049480575 -0.04017504 0.00375
v -0.04927599 -0.04003902 -0.0028125
v -0.049261005 -0.04002582 0.00375
v -0.04907169 -0.039877605 -0.0028125
v -0.049055025 -0.039863325 0.00375
v -0.048871605 -0.039695535 -0.0028125
v -0.048863415 -0.039688485 0.00375
v -0.048680685 -0.03949572 -0.0028125
v -0.04867929 -0.039494445 0.00375
v -0.048499545 -0.03927852 -0.0028125
v -0.048500385 -0.03927915 0.00375
v -0.048328185 -0.03904395 -0.0028125
v -0.048328185 -0.03904395 0.00375
v -0.04828008 -0.0389649 -0.0028125
v -0.04827576 -0.038962455 0.00375
v -0.04822956 -0.038890815 -0.0028125
v -0.04822164 -0.03888612 0.00375
v -0.048176595 -0.03882165 -0.0028125
v -0.048165825 -0.038814945 0.00375
v -0.0481212 -0.038757435 -0.0028125
v -0.04810836 -0.03874884 0.00375
v -0.048063375 -0.03869817 -0.0028125
v -0.04804935 -0.03868767 0.00375
v -0.04800312 -0.03864384 -0.0028125
v -0.047988525 -0.038631885 0.00375
v -0.04794018 -0.03859413 -0.0028125
v -0.04792554 -0.03858201 0.00375
v -0.04787451 -0.03854895 -0.0028125
v -0.047860215 -0.038538165 0.00375
v -0.04773618 -0.038473815 -0.0028125
v -0.04772379 -0.03846759 0.00375
v -0.04759056 -0.03842169 -0.0028125
v -0.047581245 -0.0384189 0.00375
v -0.04743663 -0.03839364 -0.0028125
v -0.047432145 -0.03839226 0.00375
v -0.04735659 -0.03838824 -0.0028125
v -0.04727589 -0.03838728 0.00375
v -0.047275395 -0.038388585 -0.0028125
v -0.04719603 -0.038393625 0.00375
v -0.04719375 -0.03839469 -0.0028125
v -0.04711539 -0.038406525 0.00375
v -0.0471123 -0.038406525 -0.0028125
v -0.0470337 -0.03842571 0.00375
v -0.04703094 -0.03842412 -0.0028125
v -0.04695132 -0.03845037 0.00375
v -0.04694913 -0.038447445 -0.0028125
v -0.046868565 -0.03847977 0.00375
v -0.04686684 -0.03847653 -0.0028125
v -0.046785315 -0.03851415 0.00375
v -0.046784085 -0.03851136 -0.0028125
v -0.04670151 -0.038553645 0.00375
v -0.046700865 -0.038551935 -0.0028125
v -0.04661718 -0.038598255 -0.0028125
v -0.04661718 -0.038598255 0.00375
v -0.0465321 -0.038639685 -0.0028125
v -0.0465321 -0.038639685 0.00375
v -0.04644654 -0.038680095 -0.0028125
v -0.04644654 -0.038680095 0.00375
v -0.04635816 -0.038716305 -0.0028125
v -0.04635924 -0.038717805 0.00375
v -0.04627452 -0.03875574 -0.0028125
v -0.04627623 -0.038758275 0.00375
v -0.04619565 -0.0387984 -0.0028125
v -0.046197495 -0.03880152 0.00375
v -0.046121535 -0.0388443 -0.0028125
v -0.04612293 -0.03884751 0.00375
v -0.04605219 -0.038893425 -0.0028125
v -0.04605225 -0.038896155 0.00375
v -0.0459876 -0.038945775 -0.0028125
v -0.045986235 -0.03894768 0.00375
v -0.045927405 -0.039001785 -0.0028125
v -0.045925725 -0.039002355 0.00375
v -0.04587153 -0.039061545 -0.0028125
v -0.04587072 -0.039060525 0.00375
v -0.045820425 -0.039124545 -0.0028125
v -0.045776595 -0.039185355 0.00375
v -0.04577451 -0.039190245 -0.0028125
v -0.045703785 -0.039318375 0.00375
v -0.045699945 -0.03932775 -0.0028125
v -0.04565226 -0.039460245 0.00375
v -0.045649305 -0.03947397 -0.0028125
v -0.04562169 -0.039611115 0.00375
v -0.045621135 -0.03962901 -0.0028125
v -0.04561491 -0.03968964 0.00375
v -0.04561518 -0.03970857 -0.0028125
v -0.04561434 -0.039770115 0.00375
v -0.045614505 -0.039788865 -0.0028125
v -0.045619755 -0.039852615 0.00375
v -0.04561914 -0.03986994 -0.0028125
v -0.045630525 -0.039937035 0.00375
v -0.045629145 -0.039952215 -0.0028125
v -0.045646095 -0.040023315 0.00375
v -0.04564455 -0.04003572 -0.0028125
v -0.045666675 -0.04011147 0.00375
v -0.04566534 -0.04012041 -0.0028125
v -0.04569234 -0.0402015 0.00375
v -0.04569153 -0.040206315 -0.0028125
v -0.04572309 -0.040293435 -0.0028125
v -0.04572309 -0.040293435 0.00375
v -0.045798765 -0.040573905 -0.0028125
v -0.045765645 -0.04044489 0.00375
v -0.04580265 -0.04059369 0.00375
v -0.04585476 -0.04085112 -0.0028125
v -0.045860115 -0.040883235 0.00375
v -0.045891075 -0.04112508 -0.0028125
v -0.045894975 -0.04116045 0.00375
v -0.045907815 -0.041395095 -0.0028125
v -0.045908025 -0.04142784 0.00375
v -0.045905835 -0.04165545 -0.0028125
v -0.045902175 -0.04169283 0.00375
v -0.04588398 -0.04191381 -0.0028125
v -0.04587699 -0.041954595 0.00375
v -0.045840615 -0.042181395 -0.0028125
v -0.04583166 -0.042223635 0.00375
v -0.04581039 -0.042321975 -0.0028125
v -0.04577463 -0.042465885 -0.0028125
v -0.045766215 -0.04249998 0.00375
v -0.04573344 -0.042612405 -0.0028125
v -0.04572582 -0.04264128 0.00375
v -0.045686835 -0.04276155 -0.0028125
v -0.04568022 -0.04278522 0.00375
v -0.0456348 -0.04291332 -0.0028125
v -0.04562943 -0.04293156 0.00375
v -0.045577335 -0.043067715 -0.0028125
v -0.045573495 -0.043080195 0.00375
v -0.045514455 -0.043224735 -0.0028125
v -0.0455124 -0.04323114 0.00375
v -0.045446145 -0.043384365 -0.0028125
v -0.045446145 -0.043384365 0.00375
v -0.045398085 -0.04348986 -0.0028125
v -0.045421395 -0.04344021 0.00375
v -0.04539435 -0.04349226 0.00375
v -0.045337545 -0.04358166 -0.0028125
v -0.045333495 -0.043585035 0.00375
v -0.04526397 -0.04366011 -0.0028125
v -0.045263145 -0.0436623 0.00375
v -0.045177675 -0.043725045 -0.0028125
v -0.04518252 -0.04372338 0.00375
v -0.045089235 -0.04376997 0.00375
v -0.045082545 -0.04377399 -0.0028125
v -0.044983695 -0.04380318 0.00375
v -0.04497888 -0.04380675 -0.0028125
v -0.044926425 -0.043815045 0.00375
v -0.044866125 -0.0438237 -0.0028125
v -0.044866125 -0.0438237 0.00375
v -0.044758725 -0.04383855 -0.0028125
v -0.044758725 -0.04383855 0.00375
v -0.04465122 -0.043852455 -0.0028125
v -0.04465122 -0.043852455 0.00375
v -0.04453701 -0.0438657 -0.0028125
v -0.044590605 -0.04386003 0.00375
v -0.04453206 -0.04386366 0.00375
v -0.044427765 -0.0438612 -0.0028125
v -0.044421195 -0.04385925 0.00375
v -0.0443229 -0.04383873 -0.0028125
v -0.044318745 -0.043838625 0.00375
v -0.044222715 -0.04379841 -0.0028125
v -0.044224935 -0.043800825 0.00375
v -0.04413705 -0.043744755 0.00375
v -0.04413147 -0.04374201 -0.0028125
v -0.04405428 -0.04367133 0.00375
v -0.04404945 -0.043669665 -0.0028125
v -0.044014575 -0.043628355 0.00375
v -0.043976055 -0.043581135 -0.0028125
v -0.043976055 -0.043581135 0.00375
v -0.043868175 -0.043445085 -0.0028125
v -0.04386756 -0.04344528 0.00375
v -0.04376511 -0.04331031 0.00375
v -0.04376622 -0.04331013 -0.0028125
v -0.043668705 -0.043176225 0.00375
v -0.043670175 -0.043176285 -0.0028125
v -0.043578345 -0.04304304 0.00375
v -0.04358007 -0.043043535 -0.0028125
v -0.043494045 -0.042910725 0.00375
v -0.043495875 -0.042911895 -0.0028125
v -0.04341585 -0.042779205 0.00375
v -0.043417605 -0.042781365 -0.0028125
v -0.04334526 -0.042651945 -0.0028125
v -0.0433437 -0.0426486 0.00375
v -0.04327911 -0.042524265 -0.0028125
v -0.043277505 -0.04251903 0.00375
v -0.04316691 -0.042277485 -0.0028125
v -0.043163445 -0.04226427 0.00375
v -0.043077885 -0.042033975 -0.0028125
v -0.04307352 -0.04201449 0.00375
v -0.04300749 -0.04178331 -0.0028125
v -0.04300239 -0.041761965 0.00375
v -0.042952635 -0.041518395 -0.0028125
v -0.042950145 -0.041507865 0.00375
v -0.04291563 -0.041244525 -0.0028125
v -0.04291524 -0.041242665 0.00375
v -0.042896745 -0.040962345 -0.0028125
v -0.042897045 -0.04096335 0.00375
v -0.04289598 -0.04067184 -0.0028125
v -0.04289598 -0.04067184 0.00375
v -0.04290354 -0.040579515 -0.0028125
v -0.04290144 -0.04057557 0.00375
v -0.042906225 -0.04048977 -0.0028125
v -0.042902535 -0.040482405 0.00375
v -0.04290402 -0.04040262 -0.0028125
v -0.042899265 -0.040392345 0.00375
v -0.04289694 -0.040318035 -0.0028125
v -0.04289172 -0.04030533 0.00375
v -0.04288497 -0.04023603 -0.0028125
v -0.042880095 -0.040221315 0.00375
v -0.042868125 -0.040156605 -0.0028125
v -0.04286385 -0.040140495 0.00375
v -0.042846375 -0.04007934 -0.0028125
v -0.04284234 -0.040063155 0.00375
v -0.04281972 -0.04000416 -0.0028125
v -0.04281537 -0.03998925 0.00375
v -0.0427518 -0.039862005 -0.0028125
v -0.042746655 -0.039851745 0.00375
v -0.0426645 -0.03973425 -0.0028125
v -0.042660075 -0.03972831 0.00375
v -0.04255641 -0.039621165 -0.0028125
v -0.042555165 -0.039618855 0.00375
v -0.04249482 -0.03956982 -0.0028125
v -0.0424317 -0.039522735 0.00375
v -0.04242894 -0.039522465 -0.0028125
v -0.04236333 -0.039480825 0.00375
v -0.04235931 -0.039479475 -0.0028125
v -0.042290475 -0.03944376 0.00375
v -0.042286485 -0.03944124 -0.0028125
v -0.042213045 -0.03941118 0.00375
v -0.04221039 -0.0394077 -0.0028125
v -0.04213182 -0.039382605 0.00375
v -0.042130545 -0.03937854 -0.0028125
v -0.04204743 -0.03935766 0.00375
v -0.04204695 -0.03935373 -0.0028125
v -0.04195968 -0.039336465 0.00375
v -0.04195962 -0.039333315 -0.0028125
v -0.04186845 -0.03931911 0.00375
v -0.04186854 -0.03931725 -0.0028125
v -0.04177371 -0.039305565 -0.0028125
v -0.04177371 -0.039305565 0.00375
v -0.041680545 -0.03928908 -0.0028125
v -0.041680545 -0.03928908 0.00375
v -0.04158756 -0.03927147 -0.0028125
v -0.04158756 -0.03927147 0.00375
v -0.041495055 -0.039248835 -0.0028125
v -0.04149411 -0.03925062 0.00375
v -0.04140447 -0.0392316 -0.0028125
v -0.04140261 -0.039234555 0.00375
v -0.041315805 -0.03921975 -0.0028125
v -0.04131306 -0.039223275 0.00375
v -0.041229075 -0.039213285 -0.0028125
v -0.0412254 -0.03921669 0.00375
v -0.041144235 -0.03921222 -0.0028125
v -0.04113945 -0.03921459 0.00375
v -0.041061345 -0.039216555 -0.0028125
v -0.04105569 -0.039217575 0.00375
v -0.040979805 -0.039226395 -0.0028125
v -0.0409746 -0.039226335 0.00375
v -0.040899555 -0.03924177 -0.0028125
v -0.040896015 -0.039241185 0.00375
v -0.04082121 -0.039262545 -0.0028125
v -0.0407469 -0.03928701 0.00375
v -0.040745445 -0.039288555 -0.0028125
v -0.040610355 -0.039351855 0.00375
v -0.040604235 -0.039355755 -0.0028125
v -0.040485825 -0.03943626 0.00375
v -0.040477095 -0.03944424 -0.0028125
v -0.04037268 -0.03954021 0.00375
v -0.04036287 -0.039553125 -0.0028125
v -0.040321125 -0.039599715 0.00375
v -0.040311135 -0.03961404 -0.0028125
v -0.040273425 -0.039664455 0.00375
v -0.04026327 -0.03967866 -0.0028125
v -0.04022934 -0.03973437 0.00375
v -0.040219245 -0.039747045 -0.0028125
v -0.040188435 -0.039808995 0.00375
v -0.04017888 -0.0398196 -0.0028125
v -0.040150365 -0.03988791 0.00375
v -0.040142175 -0.039896325 -0.0028125
v -0.04011522 -0.039971265 0.00375
v -0.040109115 -0.039977205 -0.0028125
v -0.040083105 -0.040059105 0.00375
v -0.04007973 -0.04006224 -0.0028125
v -0.040054005 -0.04015146 -0.0028125
v -0.040054005 -0.04015146 0.00375
v -0.039950355 -0.04042284 -0.0028125
v -0.039999375 -0.040299 0.00375
v -0.039941865 -0.04044114 0.00375
v -0.03983271 -0.04068003 -0.0028125
v -0.039818175 -0.04070916 0.00375
v -0.039701055 -0.040923015 -0.0028125
v -0.03968343 -0.04095393 0.00375
v -0.0395559 -0.0411513 -0.0028125
v -0.03953682 -0.04117791 0.00375
v -0.03940125 -0.04136076 -0.0028125
v -0.03937632 -0.041388855 0.00375
v -0.03923172 -0.04155693 -0.0028125
v -0.039202095 -0.04158582 0.00375
v -0.03903936 -0.04174794 -0.0028125
v -0.039007275 -0.04177683 0.00375
v -0.03893226 -0.041843895 -0.0028125
v -0.038818755 -0.041939295 -0.0028125
v -0.038791905 -0.04196193 0.00375
v -0.03869931 -0.04203363 -0.0028125
v -0.038676165 -0.042052515 0.00375
v -0.03857394 -0.042126885 -0.0028125
v -0.038554665 -0.042142155 0.00375
v -0.03844263 -0.04221909 -0.0028125
v -0.03842757 -0.0422307 0.00375
v -0.038305395 -0.04231023 -0.0028125
v -0.03829494 -0.04231806 0.00375
v -0.038162235 -0.04240029 -0.0028125
v -0.038156805 -0.042404265 0.00375
v -0.038013135 -0.0424893 -0.0028125
v -0.038013135 -0.0424893 0.00375
v -0.037912515 -0.042546285 -0.0028125
v -0.037960995 -0.042519345 0.00375
v -0.037909275 -0.04254519 0.00375
v -0.03780978 -0.042584925 -0.0028125
v -0.037807305 -0.042584445 0.00375
v -0.037704315 -0.042605235 -0.0028125
v -0.03770643 -0.042606195 0.00375
v -0.03760542 -0.042608985 0.00375
v -0.037596435 -0.042607185 -0.0028125
v -0.037501245 -0.042592335 0.00375
v -0.037490655 -0.04259094 -0.0028125
v -0.03739455 -0.0425571 0.00375
v -0.03738726 -0.04255647 -0.0028125
v -0.037340385 -0.042532725 0.00375
v -0.03728565 -0.04250379 -0.0028125
v -0.03728565 -0.04250379 0.00375
v -0.03719004 -0.04245267 -0.0028125
v -0.03719004 -0.04245267 0.00375
v -0.03709488 -0.04240074 -0.0028125
v -0.03709488 -0.04240074 0.00375
v -0.03699474 -0.04234434 -0.0028125
v -0.037041075 -0.042371085 0.00375
v -0.036991335 -0.04233942 0.00375
v -0.036909015 -0.04227651 -0.0028125
v -0.03690387 -0.042270165 0.00375
v -0.036837405 -0.042196725 -0.0028125
v -0.036832995 -0.04219275 0.00375
v -0.036780045 -0.04210524 -0.0028125
v -0.036779565 -0.042106905 0.00375
v -0.03674187 -0.0420102 0.00375
v -0.03673935 -0.042005985 -0.0028125
v -0.036718395 -0.041902695 0.00375
v -0.0367155 -0.041899215 -0.0028125
v -0.036711585 -0.0418449 0.00375
v -0.03670815 -0.04178439 -0.0028125
v -0.03670815 -0.04178439 0.00375
v -0.036700845 -0.0416109 -0.0028125
v -0.03670023 -0.04161069 0.00375
v -0.036696675 -0.04144128 0.00375
v -0.03669768 -0.04144179 -0.0028125
v -0.036697485 -0.041276145 0.00375
v -0.036698655 -0.04127706 -0.0028125
v -0.036702675 -0.041115285 0.00375
v -0.03670377 -0.041116695 -0.0028125
v -0.036712245 -0.040958685 0.00375
v -0.03671304 -0.04096071 -0.0028125
v -0.0367263 -0.04080633 0.00375
v -0.036726435 -0.040809105 -0.0028125
v -0.036743985 -0.040661865 -0.0028125
v -0.03674469 -0.04065825 0.00375
v -0.036765525 -0.040519695 -0.0028125
v -0.03676731 -0.040514535 0.00375
v -0.036819795 -0.040254105 -0.0028125
v -0.03682476 -0.04024137 0.00375
v -0.03689091 -0.040004775 -0.0028125
v -0.03689883 -0.039986445 0.00375
v -0.0369813 -0.039760605 -0.0028125
v -0.036989715 -0.039740325 0.00375
v -0.03709263 -0.039514035 -0.0028125
v -0.0370968 -0.03950406 0.00375
v -0.03722367 -0.03927072 -0.0028125
v -0.03722445 -0.03926898 0.00375
v -0.037374255 -0.03903132 -0.0028125
v -0.03737391 -0.039032325 0.00375
v -0.037544385 -0.03879585 -0.0028125
v -0.037544385 -0.03879585 0.00375
v -0.037604715 -0.03872568 -0.0028125
v -0.037605495 -0.038721075 0.00375
v -0.037659585 -0.03865473 -0.0028125
v -0.037661205 -0.03864624 0.00375
v -0.037708995 -0.038582985 -0.0028125
v -0.03771153 -0.038571375 0.00375
v -0.03775296 -0.038510445 -0.0028125
v -0.03775659 -0.038496495 0.00375
v -0.037791465 -0.03843714 -0.0028125
v -0.03779655 -0.038421645 0.00375
v -0.03782451 -0.03836304 -0.0028125
v -0.037830855 -0.03834669 0.00375
v -0.03785235 -0.038287815 -0.0028125
v -0.03785889 -0.038271495 0.00375
v -0.037875015 -0.03821139 -0.0028125
v -0.037880475 -0.03819588 0.00375
v -0.03790371 -0.03805659 -0.0028125
v -0.03790566 -0.038044365 0.00375
v -0.03790827 -0.03790197 -0.0028125
v -0.03790812 -0.03789372 0.00375
v -0.03788736 -0.037746915 -0.0028125
v -0.037887585 -0.037743585 0.00375
v -0.037867755 -0.037669125 -0.0028125
v -0.03784419 -0.037593285 0.00375
v -0.03784233 -0.037592025 -0.0028125
v -0.0378135 -0.037519185 0.00375
v -0.037811295 -0.03751626 -0.0028125
v -0.037776345 -0.037446375 0.00375
v -0.03777486 -0.03744246 -0.0028125
v -0.037732845 -0.037374495 0.00375
v -0.037732995 -0.037370535 -0.0028125
v -0.0376839 -0.03730362 0.00375
v -0.03768552 -0.03729993 -0.0028125
v -0.037630305 -0.037233855 0.00375
v -0.037632435 -0.037230675 -0.0028125
v -0.03757179 -0.03716514 0.00375
v -0.03757374 -0.03716274 -0.0028125
v -0.03750819 -0.037097475 0.00375
v -0.03750945 -0.03709614 -0.0028125
v -0.037439535 -0.03703086 -0.0028125
v -0.037439535 -0.03703086 0.00375
v -0.03737385 -0.03696276 -0.0028125
v -0.03737385 -0.03696276 0.00375
v -0.037308975 -0.03689388 -0.0028125
v -0.037308975 -0.03689388 0.00375
v -0.03724749 -0.03682125 -0.0028125
v -0.037245855 -0.0368223 0.00375
v -0.0371844 -0.036754095 -0.0028125
v -0.037181475 -0.0367557 0.00375
v -0.03711969 -0.03669243 -0.0028125
v -0.037115865 -0.036694095 0.00375
v -0.03705336 -0.03663624 -0.0028125
v -0.03704901 -0.036637335 0.00375
v -0.03698541 -0.03658554 -0.0028125
v -0.03698091 -0.03658518 0.00375
v -0.03691584 -0.036540315 -0.0028125
v -0.036911565 -0.036538365 0.00375
v -0.036844155 -0.036500355 -0.0028125
v -0.036840975 -0.036497775 0.00375
v -0.036770235 -0.0364656 -0.0028125
v -0.03676881 -0.03646353 0.00375
v -0.03669468 -0.03643632 -0.0028125
v -0.036621435 -0.036412725 0.00375
v -0.036618135 -0.0364128 -0.0028125
v -0.036472905 -0.03638469 0.00375
v -0.036464445 -0.036384105 -0.0028125
v -0.03632247 -0.036379545 0.00375
v -0.03630954 -0.03638091 -0.0028125
v -0.03616968 -0.036396915 0.00375
v -0.03615303 -0.036401805 -0.0028125
v -0.036092895 -0.03641466 0.00375
v -0.036075315 -0.03642066 -0.0028125
v -0.03601608 -0.036438945 0.00375
v -0.03599856 -0.036444795 -0.0028125
v -0.03593913 -0.03646956 0.00375
v -0.035922705 -0.036474255 -0.0028125
v -0.035861985 -0.03650589 0.00375
v -0.03584736 -0.036509235 -0.0028125
v -0.035784585 -0.03654741 0.00375
v -0.035772525 -0.036549735 -0.0028125
v -0.03570696 -0.03659427 0.00375
v -0.035698185 -0.036595755 -0.0028125
v -0.03562911 -0.036646605 0.00375
v -0.03562437 -0.03664731 -0.0028125
v -0.03555105 -0.036704385 -0.0028125
v -0.03555105 -0.036704385 0.00375
v -0.03530769 -0.036863025 -0.0028125
v -0.035420145 -0.036791655 0.00375
v -0.035290065 -0.036872835 0.00375
v -0.03506133 -0.03700194 -0.0028125
v -0.035032455 -0.03701697 0.00375
v -0.034812 -0.037121145 -0.0028125
v -0.03477957 -0.03713577 0.00375
v -0.03456039 -0.037220505 -0.0028125
v -0.03452931 -0.03723081 0.00375
v -0.034312155 -0.03729906 -0.0028125
v -0.03427548 -0.03730713 0.00375
v -0.034059705 -0.037358115 -0.0028125
v -0.034018755 -0.03736407 0.00375
v -0.033791805 -0.037399575 -0.0028125
v -0.03374886 -0.037404105 0.00375
v -0.03364875 -0.03741426 -0.0028125
v -0.03350085 -0.037424715 -0.0028125
v -0.033465825 -0.03742725 0.00375
v -0.03334878 -0.03743082 -0.0028125
v -0.033318945 -0.037432515 0.00375
v -0.033192525 -0.03743259 -0.0028125
v -0.033167955 -0.03743361 0.00375
v -0.0330321 -0.037429995 -0.0028125
v -0.033013095 -0.037430535 0.00375
v -0.032867505 -0.037423065 -0.0028125
v -0.03285444 -0.03742326 0.00375
v -0.03269874 -0.037411785 -0.0028125
v -0.03269202 -0.0374118 0.00375
v -0.032525805 -0.037396155 -0.0028125
v -0.032525805 -0.037396155 0.00375
v -0.032411745 -0.03738336 -0.0028125
v -0.0324648 -0.037389765 0.00375
v -0.032406705 -0.037380045 0.00375
v -0.03230643 -0.0373545 -0.0028125
v -0.03229929 -0.03735069 0.00375
v -0.032209335 -0.03730926 -0.0028125
v -0.03220386 -0.037307505 0.00375
v -0.03212073 -0.03724779 -0.0028125
v -0.032120985 -0.03724956 0.00375
v -0.032048325 -0.037175265 0.00375
v -0.032044395 -0.03717243 -0.0028125
v -0.03198453 -0.037085355 0.00375
v -0.03198057 -0.03708336 -0.0028125
v -0.03195561 -0.03703473 0.00375
v -0.031928745 -0.036980265 -0.0028125
v -0.031928745 -0.036980265 0.00375
v -0.031881435 -0.03688272 -0.0028125
v -0.034542135 -0.03135267 0.00375
v -0.041947275 -0.031330905 0.00375
v -0.04193514 -0.03149859 0.00375
v -0.034465785 -0.03132723 0.00375
v -0.03461472 -0.031383405 0.00375
v -0.03474873 -0.031459125 0.00375
v -0.034867695 -0.03155199 0.00375
v -0.041947275 -0.03166629 0.00375
v -0.034971675 -0.031662345 0.00375
v -0.035061255 -0.03179043 0.00375
v -0.04198257 -0.031828485 0.00375
v -0.03509958 -0.031860705 0.00375
v -0.042041205 -0.031985625 0.00375
v -0.035132865 -0.031935135 0.00375
v -0.03516144 -0.03201384 0.00375
v -0.042121155 -0.032131965 0.00375
v -0.03518586 -0.03209607 0.00375
v -0.03520653 -0.03218118 0.00375
v -0.042221445 -0.032266095 0.00375
v -0.03522333 -0.032269395 0.00375
v -0.04233972 -0.032384205 0.00375
v -0.035236155 -0.03236082 0.00375
v -0.035245035 -0.032455455 0.00375
v -0.042473265 -0.0324843 0.00375
v -0.035257035 -0.032549325 0.00375
v -0.04262046 -0.032564625 0.00375
v -0.04277667 -0.03262287 0.00375
v -0.035270145 -0.03264303 0.00375
v -0.042940425 -0.032658555 0.00375
v -0.043107015 -0.032670375 0.00375
v -0.035286555 -0.032737545 0.00375
v -0.04728624 -0.03268374 0.00375
v -0.043273605 -0.032658555 0.00375
v -0.047375325 -0.032739735 0.00375
v -0.047474475 -0.032774355 0.00375
v -0.04757862 -0.032786055 0.00375
v -0.035298225 -0.032829885 0.00375
v -0.05500863 -0.0328365 0.00375
v -0.035305185 -0.032920065 0.00375
v -0.04768275 -0.032774355 0.00375
v -0.0477819 -0.032739735 0.00375
v -0.054883965 -0.032731755 0.00375
v -0.047870985 -0.03268374 0.00375
v -0.054759885 -0.03263262 0.00375
v -0.04794513 -0.032609505 0.00375
v -0.054636405 -0.03253911 0.00375
v -0.048000855 -0.03252078 0.00375
v -0.0545136 -0.032451255 0.00375
v -0.04803552 -0.032422035 0.00375
v -0.054391695 -0.03236916 0.00375
v -0.04804737 -0.032317365 0.00375
v -0.0541491 -0.03222153 0.00375
v -0.04803552 -0.03221271 0.00375
v -0.048000855 -0.032113965 0.00375
v -0.053907225 -0.032095275 0.00375
v -0.04794513 -0.03202524 0.00375
v -0.053666055 -0.03199044 0.00375
v -0.047870985 -0.031951005 0.00375
v -0.053415855 -0.03190299 0.00375
v -0.0477819 -0.031894995 0.00375
v -0.04768275 -0.03186039 0.00375
v -0.04757862 -0.03184869 0.00375
v -0.053157525 -0.031832775 0.00375
v -0.044231475 -0.031828485 0.00375
v -0.047474475 -0.03186039 0.00375
v -0.052883085 -0.03178026 0.00375
v -0.04426677 -0.03166629 0.00375
v -0.05258997 -0.03174543 0.00375
v -0.052437015 -0.03173466 0.00375
v -0.052182945 -0.031729155 0.00375
v -0.05208945 -0.03172575 0.00375
v -0.052279815 -0.031728315 0.00375
v -0.0519993 -0.031718085 0.00375
v -0.051912465 -0.03170625 0.00375
v -0.05182887 -0.03169044 0.00375
v -0.051748755 -0.031670115 0.00375
v -0.051672405 -0.03164472 0.00375
v -0.04427889 -0.03149859 0.00375
v -0.051599805 -0.03161403 0.00375
v -0.05146575 -0.03153837 0.00375
v -0.051346725 -0.03144555 0.00375
v -0.04426677 -0.031330905 0.00375
v -0.05124267 -0.031335225 0.00375
v -0.051153 -0.03120714 0.00375
v -0.044231475 -0.03116871 0.00375
v -0.051114645 -0.03113685 0.00375
v -0.04417284 -0.031011555 0.00375
v -0.05108133 -0.031062405 0.00375
v -0.05105271 -0.03098367 0.00375
v -0.04409289 -0.03086523 0.00375
v -0.051028275 -0.03090141 0.00375
v -0.05100756 -0.03081624 0.00375
v -0.043992585 -0.0307311 0.00375
v -0.050990745 -0.030727965 0.00375
v -0.043874325 -0.030612975 0.00375
v -0.05097789 -0.030636465 0.00375
v -0.05096901 -0.03054174 0.00375
v -0.043740765 -0.030512895 0.00375
v -0.05095701 -0.03044787 0.00375
v -0.043593585 -0.03043257 0.00375
v -0.04343736 -0.030374325 0.00375
v -0.0509439 -0.030354165 0.00375
v -0.043273605 -0.03033864 0.00375
v -0.043107015 -0.03032682 0.00375
v -0.03133008 -0.03026544 0.00375
v -0.042940425 -0.03033864 0.00375
v -0.050927505 -0.03026001 0.00375
v -0.031205415 -0.030160695 0.00375
v -0.050915835 -0.030167985 0.00375
v -0.05090886 -0.030078075 0.00375
v -0.03108015 -0.03005034 0.00375
v -0.03103416 -0.03000762 0.00375
v -0.050906505 -0.02999019 0.00375
v -0.030992475 -0.029964195 0.00375
v -0.030955095 -0.029920035 0.00375
v -0.050908545 -0.029904135 0.00375
v -0.030921765 -0.029875215 0.00375
v -0.03089295 -0.02982963 0.00375
v -0.05091558 -0.029820465 0.00375
v -0.030869355 -0.02978316 0.00375
v -0.0509283 -0.02973972 0.00375
v -0.03085104 -0.029735955 0.00375
v -0.030837465 -0.02968761 0.00375
v -0.05094699 -0.029661735 0.00375
v -0.03082842 -0.029637735 0.00375
v -0.03082413 -0.02958654 0.00375
v -0.03082362 -0.029533605 0.00375
v -0.05100021 -0.02951454 0.00375
v -0.030826155 -0.029478615 0.00375
v -0.030832125 -0.029421705 0.00375
v -0.05107188 -0.029380845 0.00375
v -0.03084156 -0.029362935 0.00375
v -0.051162525 -0.02926026 0.00375
v -0.030860625 -0.02925621 0.00375
v -0.051272085 -0.02915235 0.00375
v -0.03088062 -0.029149665 0.00375
v -0.051334035 -0.02910384 0.00375
v -0.03089211 -0.02909022 0.00375
v -0.05140095 -0.02905947 0.00375
v -0.0309066 -0.02903391 0.00375
v -0.0514728 -0.029019015 0.00375
v -0.0309444 -0.02893065 0.00375
v -0.051549135 -0.02898198 0.00375
v -0.051629565 -0.0289479 0.00375
v -0.05171424 -0.02891694 0.00375
v -0.03099489 -0.028840005 0.00375
v -0.05180322 -0.02888919 0.00375
v -0.051896505 -0.02886462 0.00375
v -0.05217342 -0.028773525 0.00375
v -0.03105948 -0.0287622 0.00375
v -0.031140255 -0.028695135 0.00375
v -0.052433445 -0.028669905 0.00375
v -0.031236345 -0.028638315 0.00375
v -0.03128994 -0.028613595 0.00375
v -0.035043675 -0.02860029 0.00375
v -0.031347285 -0.028591395 0.00375
v -0.03512229 -0.02859747 0.00375
v -0.03527439 -0.02857458 0.00375
v -0.052674885 -0.028554765 0.00375
v -0.035418825 -0.028530105 0.00375
v -0.03555567 -0.02846379 0.00375
v -0.052900395 -0.028426545 0.00375
v -0.03568548 -0.028375665 0.00375
v -0.03574653 -0.028323435 0.00375
v -0.053118585 -0.028280865 0.00375
v -0.035804295 -0.02826549 0.00375
v -0.035859165 -0.02820186 0.00375
v -0.035911335 -0.02813346 0.00375
v -0.053328345 -0.02811816 0.00375
v -0.035960955 -0.028061085 0.00375
v -0.03600798 -0.027984465 0.00375
v -0.05353539 -0.027930945 0.00375
v -0.036052395 -0.02790345 0.00375
v -0.05363817 -0.027827955 0.00375
v -0.03609417 -0.02781807 0.00375
v -0.036138645 -0.027734535 0.00375
v -0.05374008 -0.02771898 0.00375
v -0.03618411 -0.027651555 0.00375
v -0.053841 -0.027603975 0.00375
v -0.03623247 -0.027570015 0.00375
v -0.036275745 -0.027488715 0.00375
v -0.053940795 -0.02748291 0.00375
v -0.036313965 -0.02740764 0.00375
v -0.05403954 -0.02735583 0.00375
v -0.036347235 -0.027326745 0.00375
v -0.03637584 -0.027245955 0.00375
v -0.054137265 -0.027222705 0.00375
v -0.036399 -0.02716551 0.00375
v -0.03641586 -0.02708574 0.00375
v -0.05423397 -0.02708355 0.00375
v -0.036426195 -0.027006345 0.00375
v -0.054329655 -0.02693838 0.00375
v -0.036429105 -0.026849955 0.00375
v -0.054362595 -0.026887125 0.00375
v -0.054391185 -0.02683608 0.00375
v -0.03640995 -0.026699415 0.00375
v -0.054435465 -0.02673474 0.00375
v -0.05446176 -0.02663394 0.00375
v -0.04989099 -0.026617665 0.00375
v -0.036368385 -0.026554215 0.00375
v -0.050043675 -0.0266004 0.00375
v -0.05012046 -0.026582715 0.00375
v -0.05019729 -0.026558475 0.00375
v -0.05446875 -0.026533065 0.00375
v -0.0502743 -0.026527905 0.00375
v -0.050351535 -0.02649159 0.00375
v -0.050429025 -0.026450055 0.00375
v -0.054456615 -0.026429265 0.00375
v -0.05050677 -0.02640312 0.00375
v -0.050584755 -0.02635071 0.00375
v -0.05442648 -0.02632242 0.00375
v -0.05066298 -0.02629281 0.00375
v -0.054404955 -0.02626782 0.00375
v -0.0507939 -0.02620554 0.00375
v -0.054379065 -0.026212425 0.00375
v -0.050923965 -0.02612436 0.00375
v -0.05433261 -0.026114475 0.00375
v -0.05118159 -0.025980225 0.00375
v -0.0542853 -0.02601693 0.00375
v -0.05425842 -0.02596245 0.00375
v -0.051434475 -0.02586141 0.00375
v -0.054229485 -0.025911795 0.00375
v -0.05416566 -0.025821855 0.00375
v -0.051684735 -0.025766385 0.00375
v -0.054092955 -0.025747545 0.00375
v -0.051938565 -0.025690065 0.00375
v -0.05401008 -0.025689615 0.00375
v -0.05219529 -0.025633125 0.00375
v -0.053914665 -0.025646475 0.00375
v -0.05380728 -0.02561715 0.00375
v -0.052465185 -0.02559309 0.00375
v -0.05374923 -0.02560743 0.00375
v -0.053688225 -0.02560104 0.00375
v -0.053522025 -0.025585395 0.00375
v -0.05274822 -0.025569945 0.00375
v -0.05335959 -0.025573935 0.00375
v -0.05320095 -0.02556666 0.00375
v -0.0528951 -0.02556468 0.00375
v -0.053046075 -0.025563585 0.00375
v -0.04974072 -0.02661246 0.00375
v -0.049592355 -0.02658438 0.00375
v -0.049445085 -0.026533605 0.00375
v -0.036304545 -0.02641413 0.00375
v -0.049372965 -0.02649936 0.00375
v -0.04930239 -0.02645877 0.00375
v -0.049233075 -0.02641197 0.00375
v -0.03626391 -0.026346585 0.00375
v -0.04916499 -0.026359815 0.00375
v -0.04909815 -0.02630307 0.00375
v -0.036217095 -0.026281095 0.00375
v -0.04903254 -0.026241465 0.00375
v -0.03616425 -0.02621748 0.00375
v -0.04896819 -0.02617488 0.00375
v -0.036105915 -0.026155455 0.00375
v -0.04890507 -0.026103315 0.00375
v -0.03604254 -0.026094735 0.00375
v -0.035974005 -0.02603541 0.00375
v -0.048840195 -0.026034435 0.00375
v -0.03590019 -0.02597754 0.00375
v -0.04877451 -0.02596632 0.00375
v -0.035821095 -0.025921125 0.00375
v -0.048705705 -0.025899495 0.00375
v -0.035697645 -0.02582358 0.00375
v -0.048642 -0.02583165 0.00375
v -0.048583395 -0.025762815 0.00375
v -0.03558024 -0.02572497 0.00375
v -0.048529755 -0.025692945 0.00375
v -0.035363565 -0.025524495 0.00375
v -0.04848081 -0.025622025 0.00375
v -0.04843734 -0.025550145 0.00375
v -0.048400215 -0.025477365 0.00375
v -0.03517242 -0.025320705 0.00375
v -0.048369615 -0.02540337 0.00375
v -0.048326385 -0.025253355 0.00375
v -0.035004705 -0.025112055 0.00375
v -0.048305895 -0.0251037 0.00375
v -0.03485367 -0.02489424 0.00375
v -0.04830834 -0.024953505 0.00375
v -0.04833336 -0.024802275 0.00375
v -0.034720185 -0.024667665 0.00375
v -0.048354855 -0.02472672 0.00375
v -0.04838283 -0.024651495 0.00375
v -0.0389352 -0.02461008 0.00375
v -0.03877905 -0.02460465 0.00375
v -0.03901512 -0.024603915 0.00375
v -0.039095925 -0.02459115 0.00375
v -0.04841706 -0.024576435 0.00375
v -0.039177855 -0.024572055 0.00375
v -0.039260565 -0.02454744 0.00375
v -0.03934374 -0.024517995 0.00375
v -0.048457005 -0.024501435 0.00375
v -0.039427485 -0.024483495 0.00375
v -0.03951186 -0.024443805 0.00375
v -0.04850208 -0.024426405 0.00375
v -0.039596865 -0.02439894 0.00375
v -0.039681945 -0.02435751 0.00375
v -0.04855251 -0.024351375 0.00375
v -0.039767505 -0.024317085 0.00375
v -0.03985485 -0.02427936 0.00375
v -0.04860837 -0.024276345 0.00375
v -0.039937905 -0.02423886 0.00375
v -0.048669645 -0.02420133 0.00375
v -0.04001667 -0.024195585 0.00375
v -0.040091265 -0.02414958 0.00375
v -0.04016196 -0.02410092 0.00375
v -0.04022799 -0.024049365 0.00375
v -0.0402885 -0.023994675 0.00375
v -0.048840135 -0.02396487 0.00375
v -0.04034349 -0.023936475 0.00375
v -0.0404376 -0.0238116 0.00375
v -0.045075765 -0.02378256 0.00375
v -0.04498971 -0.023780505 0.00375
v -0.045159615 -0.0237795 0.00375
v -0.045240735 -0.023770665 0.00375
v -0.045319305 -0.023755755 0.00375
v -0.048989595 -0.023728215 0.00375
v -0.045468285 -0.023709765 0.00375
v -0.04560462 -0.023644845 0.00375
v -0.04572891 -0.02356038 0.00375
v -0.049117245 -0.023493135 0.00375
v -0.045841875 -0.023456415 0.00375
v -0.045893355 -0.023396925 0.00375
v -0.04594098 -0.0233322 0.00375
v -0.045985005 -0.0232623 0.00375
v -0.049224315 -0.023256855 0.00375
v -0.046025835 -0.02318772 0.00375
v -0.04606386 -0.02310888 0.00375
v -0.04609893 -0.023025645 0.00375
v -0.0493152 -0.02301075 0.00375
v -0.046130985 -0.022937925 0.00375
v -0.04616004 -0.022845735 0.00375
v -0.04938927 -0.022755825 0.00375
v -0.046214655 -0.022698195 0.00375
v -0.046272165 -0.022556055 0.00375
v -0.049446735 -0.022482675 0.00375
v -0.04639587 -0.022288035 0.00375
v -0.049469355 -0.022338945 0.00375
v -0.049487745 -0.022190865 0.00375
v -0.046530615 -0.022043265 0.00375
v -0.049501785 -0.02203851 0.00375
v -0.046677225 -0.021819285 0.00375
v -0.04951137 -0.02188191 0.00375
v -0.04951656 -0.02172105 0.00375
v -0.04683771 -0.02160834 0.00375
v -0.04951737 -0.021555915 0.00375
v -0.04701195 -0.021411375 0.00375
v -0.049513815 -0.02138649 0.00375
v -0.04720677 -0.021220365 0.00375
v -0.049505895 -0.021212805 0.00375
v -0.04742214 -0.021035265 0.00375
v -0.04950252 -0.021150885 0.00375
v -0.049495515 -0.021091815 0.00375
v -0.04947066 -0.020982045 0.00375
v -0.04753788 -0.02094468 0.00375
v -0.049431165 -0.020884065 0.00375
v -0.04765938 -0.02085504 0.00375
v -0.049376835 -0.02079885 0.00375
v -0.047786475 -0.020766495 0.00375
v -0.04930641 -0.020723565 0.00375
v -0.047919105 -0.020679135 0.00375
v -0.0492204 -0.020656455 0.00375
v -0.04805724 -0.02059293 0.00375
v -0.049171695 -0.02062554 0.00375
v -0.049119165 -0.020596455 0.00375
v -0.049024005 -0.020544525 0.00375
v -0.04820091 -0.020507895 0.00375
v -0.048928395 -0.020493405 0.00375
v -0.04825224 -0.02047878 0.00375
v -0.048871755 -0.02046498 0.00375
v -0.048303045 -0.020453535 0.00375
v -0.048815985 -0.02044092 0.00375
v -0.04835328 -0.020432115 0.00375
v -0.048761085 -0.020421195 0.00375
v -0.04840263 -0.02041425 0.00375
v -0.048706965 -0.02040561 0.00375
v -0.04845171 -0.02040048 0.00375
v -0.04865379 -0.02039457 0.00375
v -0.048501345 -0.020391705 0.00375
v -0.0486018 -0.020388615 0.00375
v -0.048551205 -0.02038773 0.00375
v -0.04051038 -0.023678535 0.00375
v -0.044901855 -0.02377395 0.00375
v -0.04481208 -0.023762685 0.00375
v -0.04472028 -0.023746605 0.00375
v -0.04462647 -0.023725725 0.00375
v -0.0445335 -0.023708115 0.00375
v -0.04444032 -0.02369163 0.00375
v -0.04434564 -0.023678115 0.00375
v -0.04056186 -0.023536635 0.00375
v -0.044254425 -0.02366076 0.00375
v -0.04416669 -0.02363958 0.00375
v -0.0440823 -0.023614635 0.00375
v -0.04400103 -0.023586045 0.00375
v -0.04392357 -0.023553435 0.00375
v -0.043850655 -0.023516325 0.00375
v -0.0405924 -0.02338575 0.00375
v -0.043782225 -0.023474355 0.00375
v -0.04365864 -0.0233781 0.00375
v -0.04059915 -0.023307225 0.00375
v -0.043553655 -0.02326848 0.00375
v -0.040599705 -0.023226765 0.00375
v -0.043467045 -0.023144895 0.00375
v -0.040594275 -0.023144295 0.00375
v -0.040583475 -0.023059905 0.00375
v -0.04339839 -0.023007285 0.00375
v -0.04056789 -0.02297367 0.00375
v -0.043371465 -0.02293338 0.00375
v -0.040547325 -0.02288559 0.00375
v -0.04335003 -0.02285607 0.00375
v -0.040521675 -0.02279562 0.00375
v -0.043333845 -0.022775325 0.00375
v -0.04049094 -0.02270376 0.00375
v -0.04332228 -0.022691385 0.00375
v -0.0404484 -0.02255229 0.00375
v -0.043314765 -0.022604475 0.00375
v -0.04331151 -0.02251452 0.00375
v -0.040411395 -0.022403505 0.00375
v -0.043312605 -0.022421475 0.00375
v -0.043318065 -0.022325355 0.00375
v -0.040353915 -0.02211396 0.00375
v -0.043316985 -0.022033845 0.00375
v -0.04031907 -0.021836745 0.00375
v -0.043298805 -0.02175453 0.00375
v -0.04030602 -0.021569355 0.00375
v -0.0432639 -0.021489315 0.00375
v -0.04031187 -0.021304365 0.00375
v -0.043211655 -0.02123523 0.00375
v -0.040337055 -0.0210426 0.00375
v -0.04314051 -0.020982705 0.00375
v -0.040382385 -0.02077356 0.00375
v -0.0430506 -0.020732925 0.00375
v -0.04044783 -0.020497215 0.00375
v -0.042936525 -0.020478165 0.00375
v -0.04048821 -0.0203559 0.00375
v -0.042870345 -0.020348595 0.00375
v -0.040533825 -0.020211975 0.00375
v -0.042798195 -0.02021799 0.00375
v -0.04272 -0.02008647 0.00375
v -0.040584615 -0.020065635 0.00375
v -0.0426357 -0.019954155 0.00375
v -0.04064055 -0.019917 0.00375
v -0.04254534 -0.01982097 0.00375
v -0.040701645 -0.019766055 0.00375
v -0.042448935 -0.019686885 0.00375
v -0.040767885 -0.01961283 0.00375
v -0.04079262 -0.019557045 0.00375
v -0.042346485 -0.019551915 0.00375
v -0.040819635 -0.019505055 0.00375
v -0.042237975 -0.01941606 0.00375
v -0.04088037 -0.01941237 0.00375
v -0.042199395 -0.01936875 0.00375
v -0.04095063 -0.01933515 0.00375
v -0.04215963 -0.019325685 0.00375
v -0.041031225 -0.01927401 0.00375
v -0.04207665 -0.019252185 0.00375
v -0.041124555 -0.019227315 0.00375
v -0.041988585 -0.019196115 0.00375
v -0.041230215 -0.01919403 0.00375
v -0.041287545 -0.01918215 0.00375
v -0.04134792 -0.019173495 0.00375
v -0.041455305 -0.019158645 0.00375
v -0.041894745 -0.019158405 0.00375
v -0.041562825 -0.01914474 0.00375
v -0.041792415 -0.0191379 0.00375
v -0.04162332 -0.019137195 0.00375
v -0.04168176 -0.019133565 0.00375
v -0.03459873 -0.02442336 0.00375
v -0.038630355 -0.024577695 0.00375
v -0.038488335 -0.024528795 0.00375
v -0.038352375 -0.024458115 0.00375
v -0.038287275 -0.024414285 0.00375
v -0.034489245 -0.024161325 0.00375
v -0.038224485 -0.024364425 0.00375
v -0.03816384 -0.024308685 0.00375
v -0.03810501 -0.02424759 0.00375
v -0.038047725 -0.02418162 0.00375
v -0.037992075 -0.024110625 0.00375
v -0.03443886 -0.024023265 0.00375
v -0.03793812 -0.024034485 0.00375
v -0.03788586 -0.023953245 0.00375
v -0.034391145 -0.02388 0.00375
v -0.03434622 -0.02373177 0.00375
v -0.037713645 -0.023718045 0.00375
v -0.034304115 -0.023578635 0.00375
v -0.037534755 -0.02350275 0.00375
v -0.034264815 -0.023420625 0.00375
v -0.03735063 -0.02330871 0.00375
v -0.034228335 -0.02325771 0.00375
v -0.034216035 -0.023199345 0.00375
v -0.034207485 -0.023142645 0.00375
v -0.03715902 -0.023133855 0.00375
v -0.03420141 -0.023034525 0.00375
v -0.036953025 -0.022971375 0.00375
v -0.034211385 -0.022932585 0.00375
v -0.03423948 -0.02283564 0.00375
v -0.03673347 -0.022822155 0.00375
v -0.03428739 -0.022740855 0.00375
v -0.03431853 -0.022694535 0.00375
v -0.036491445 -0.02268309 0.00375
v -0.0343542 -0.02264922 0.00375
v -0.03636174 -0.022617165 0.00375
v -0.034394475 -0.022604835 0.00375
v -0.03443937 -0.02256135 0.00375
v -0.03622659 -0.022553925 0.00375
v -0.03451752 -0.022486215 0.00375
v -0.036086025 -0.022493475 0.00375
v -0.03594006 -0.02243598 0.00375
v -0.034596315 -0.02241177 0.00375
v -0.03578868 -0.022381335 0.00375
v -0.034640265 -0.022370805 0.00375
v -0.034684755 -0.022334025 0.00375
v -0.03563187 -0.02232954 0.00375
v -0.034775145 -0.022272945 0.00375
v -0.035469645 -0.022280565 0.00375
v -0.035302005 -0.022234425 0.00375
v -0.034868475 -0.022229175 0.00375
v -0.035242065 -0.02221854 0.00375
v -0.034966305 -0.022203825 0.00375
v -0.035183715 -0.02220696 0.00375
v -0.03507165 -0.022196625 0.00375
v -0.0349635 -0.028596855 0.00375
v -0.034881705 -0.028587375 0.00375
v -0.031510035 -0.02853018 0.00375
v -0.034798245 -0.028572495 0.00375
v -0.03471315 -0.028552785 0.00375
v -0.034626405 -0.02852805 0.00375
v -0.031670055 -0.028474455 0.00375
v -0.03453801 -0.028498185 0.00375
v -0.034447965 -0.028463205 0.00375
v -0.031827375 -0.02842419 0.00375
v -0.03198195 -0.028379415 0.00375
v -0.03417039 -0.028374135 0.00375
v -0.03213384 -0.02834013 0.00375
v -0.03228309 -0.02830641 0.00375
v -0.03389913 -0.02830512 0.00375
v -0.032429595 -0.02827815 0.00375
v -0.033636105 -0.028256355 0.00375
v -0.03257328 -0.028255245 0.00375
v -0.033378315 -0.02822754 0.00375
v -0.032850825 -0.028225485 0.00375
v -0.03311616 -0.028217145 0.00375
v -0.03145416 -0.030364575 0.00375
v -0.04277667 -0.030374325 0.00375
v -0.04262046 -0.03043257 0.00375
v -0.03157764 -0.030458085 0.00375
v -0.042473265 -0.030512895 0.00375
v -0.031700445 -0.03054594 0.00375
v -0.04233972 -0.030612975 0.00375
v -0.03182235 -0.030628035 0.00375
v -0.042221445 -0.0307311 0.00375
v -0.032064945 -0.030775665 0.00375
v -0.042121155 -0.03086523 0.00375
v -0.03230682 -0.03090192 0.00375
v -0.042041205 -0.031011555 0.00375
v -0.032547975 -0.031006755 0.00375
v -0.03279819 -0.031094205 0.00375
v -0.04198257 -0.03116871 0.00375
v -0.03305652 -0.03116442 0.00375
v -0.033330945 -0.031216935 0.00375
v -0.033624075 -0.031251765 0.00375
v -0.03377703 -0.031262535 0.00375
v -0.034031235 -0.03126804 0.00375
v -0.03412485 -0.03127146 0.00375
v -0.03393423 -0.03126888 0.00375
v -0.03421509 -0.03127914 0.00375
v -0.034301985 -0.03129099 0.00375
v -0.03438564 -0.03130686 0.00375
v -0.047375325 -0.031894995 0.00375
v -0.04728624 -0.031951005 0.00375
v -0.04417284 -0.031985625 0.00375
v -0.04721211 -0.03202524 0.00375
v -0.047156385 -0.032113965 0.00375
v -0.04409289 -0.032131965 0.00375
v -0.04712172 -0.03221271 0.00375
v -0.043992585 -0.032266095 0.00375
v -0.04710987 -0.032317365 0.00375
v -0.043874325 -0.032384205 0.00375
v -0.04712172 -0.032422035 0.00375
v -0.043740765 -0.0324843 0.00375
v -0.047156385 -0.03252078 0.00375
v -0.043593585 -0.032564625 0.00375
v -0.04721211 -0.032609505 0.00375
v -0.04343736 -0.03262287 0.00375
v -0.055133895 -0.032946855 0.00375
v -0.05517975 -0.032988015 0.00375
v -0.035307495 -0.03300816 0.00375
v -0.05522121 -0.03303021 0.00375
v -0.035305395 -0.03309435 0.00375
v -0.055291035 -0.03311763 0.00375
v -0.03529827 -0.033178125 0.00375
v -0.055342785 -0.03320916 0.00375
v -0.035285475 -0.033258915 0.00375
v -0.055375545 -0.0333048 0.00375
v -0.035266665 -0.0333369 0.00375
v -0.05539044 -0.03340728 0.00375
v -0.035213265 -0.033483975 0.00375
v -0.055389075 -0.033517005 0.00375
v -0.055382715 -0.033574695 0.00375
v -0.03514149 -0.03361743 0.00375
v -0.055372485 -0.03363426 0.00375
v -0.0350508 -0.033737745 0.00375
v -0.05535342 -0.033740985 0.00375
v -0.034941255 -0.033845445 0.00375
v -0.055333425 -0.03384753 0.00375
v -0.03487932 -0.033893865 0.00375
v -0.05532177 -0.03390843 0.00375
v -0.03481242 -0.03393813 0.00375
v -0.055306875 -0.03396603 0.00375
v -0.03474063 -0.033978495 0.00375
v -0.055267395 -0.034071435 0.00375
v -0.034664355 -0.034015455 0.00375
v -0.034584015 -0.03404946 0.00375
v -0.034499475 -0.034080345 0.00375
v -0.055214955 -0.03416316 0.00375
v -0.034410645 -0.03410805 0.00375
v -0.03431754 -0.034132575 0.00375
v -0.034040625 -0.03422367 0.00375
v -0.05514954 -0.03424014 0.00375
v -0.0550695 -0.034305045 0.00375
v -0.0337806 -0.03432729 0.00375
v -0.05497518 -0.034359855 0.00375
v -0.054922725 -0.03438396 0.00375
v -0.05117142 -0.03439692 0.00375
v -0.05109291 -0.03439965 0.00375
v -0.05486676 -0.0344058 0.00375
v -0.05125152 -0.034400415 0.00375
v -0.051333285 -0.03440997 0.00375
v -0.05470401 -0.034467015 0.00375
v -0.05141667 -0.03442488 0.00375
v -0.05150163 -0.034444605 0.00375
v -0.05158818 -0.03446931 0.00375
v -0.054543975 -0.03452274 0.00375
v -0.05167632 -0.0344991 0.00375
v -0.05176608 -0.03453399 0.00375
v -0.05438667 -0.03457299 0.00375
v -0.054232095 -0.03461778 0.00375
v -0.05204364 -0.03462306 0.00375
v -0.05408019 -0.034657065 0.00375
v -0.053930955 -0.034690785 0.00375
v -0.052314915 -0.034692075 0.00375
v -0.053784435 -0.034719045 0.00375
v -0.052577925 -0.034740825 0.00375
v -0.053640765 -0.03474195 0.00375
v -0.05283573 -0.034769655 0.00375
v -0.05336322 -0.03477171 0.00375
v -0.053097885 -0.034780035 0.00375
v -0.050941065 -0.03442233 0.00375
v -0.03353916 -0.03444243 0.00375
v -0.05079702 -0.034466325 0.00375
v -0.050660505 -0.03453207 0.00375
v -0.03331365 -0.034570635 0.00375
v -0.050530785 -0.03461964 0.00375
v -0.05046969 -0.034671675 0.00375
v -0.03309546 -0.03471633 0.00375
v -0.050411805 -0.03472953 0.00375
v -0.050356755 -0.034793145 0.00375
v -0.050304345 -0.034861665 0.00375
v -0.0328857 -0.034879035 0.00375
v -0.05025441 -0.034934325 0.00375
v -0.05020701 -0.035011395 0.00375
v -0.032678655 -0.035066235 0.00375
v -0.05016216 -0.035092995 0.00375
v -0.032575875 -0.035169225 0.00375
v -0.050119875 -0.035179125 0.00375
v -0.0500754 -0.035262645 0.00375
v -0.03247395 -0.035278215 0.00375
v -0.050029935 -0.03534564 0.00375
v -0.032373045 -0.03539322 0.00375
v -0.049981485 -0.03542736 0.00375
v -0.04993812 -0.03550884 0.00375
v -0.03227325 -0.035514285 0.00375
v -0.04989987 -0.03559008 0.00375
v -0.032174505 -0.035641365 0.00375
v -0.049866555 -0.03567114 0.00375
v -0.049837965 -0.035752095 0.00375
v -0.03207678 -0.03577449 0.00375
v -0.04981482 -0.035832675 0.00375
v -0.049798005 -0.03591255 0.00375
v -0.031980075 -0.035913645 0.00375
v -0.049787745 -0.03599202 0.00375
v -0.03188439 -0.036058815 0.00375
v -0.04978503 -0.03614844 0.00375
v -0.03185106 -0.03611052 0.00375
v -0.031822215 -0.036162045 0.00375
v -0.04980429 -0.036298845 0.00375
v -0.031777845 -0.036264525 0.00375
v -0.03175188 -0.03636624 0.00375
v -0.03632247 -0.036379545 0.00375
v -0.03616968 -0.036396915 0.00375
v -0.049845915 -0.036443775 0.00375
v -0.036472905 -0.03638469 0.00375
v -0.036621435 -0.036412725 0.00375
v -0.03676881 -0.03646353 0.00375
v -0.04990977 -0.03658356 0.00375
v -0.036840975 -0.036497775 0.00375
v -0.036911565 -0.036538365 0.00375
v -0.03698091 -0.03658518 0.00375
v -0.04995039 -0.03665097 0.00375
v -0.03704901 -0.036637335 0.00375
v -0.037115865 -0.036694095 0.00375
v -0.049997145 -0.036716355 0.00375
v -0.037181475 -0.0367557 0.00375
v -0.05004993 -0.036779865 0.00375
v -0.037245855 -0.0368223 0.00375
v -0.05010822 -0.03684183 0.00375
v -0.037308975 -0.03689388 0.00375
v -0.050171535 -0.036902505 0.00375
v -0.05024007 -0.036961785 0.00375
v -0.03737385 -0.03696276 0.00375
v -0.05031387 -0.03701964 0.00375
v -0.037439535 -0.03703086 0.00375
v -0.050392935 -0.03707607 0.00375
v -0.03750819 -0.037097475 0.00375
v -0.050516385 -0.037173615 0.00375
v -0.03757179 -0.03716514 0.00375
v -0.037630305 -0.037233855 0.00375
v -0.05063379 -0.037272225 0.00375
v -0.0376839 -0.03730362 0.00375
v -0.05085048 -0.037472685 0.00375
v -0.037732845 -0.037374495 0.00375
v -0.037776345 -0.037446375 0.00375
v -0.0378135 -0.037519185 0.00375
v -0.051041625 -0.03767649 0.00375
v -0.03784419 -0.037593285 0.00375
v -0.037887585 -0.037743585 0.00375
v -0.05120934 -0.03788514 0.00375
v -0.03790812 -0.03789372 0.00375
v -0.05136036 -0.038102955 0.00375
v -0.03790566 -0.038044365 0.00375
v -0.037880475 -0.03819588 0.00375
v -0.051493845 -0.03832953 0.00375
v -0.03785889 -0.038271495 0.00375
v -0.037830855 -0.03834669 0.00375
v -0.04727589 -0.03838728 0.00375
v -0.047432145 -0.03839226 0.00375
v -0.04719603 -0.038393625 0.00375
v -0.04711539 -0.038406525 0.00375
v -0.03779655 -0.038421645 0.00375
v -0.0470337 -0.03842571 0.00375
v -0.04695132 -0.03845037 0.00375
v -0.046868565 -0.03847977 0.00375
v -0.03775659 -0.038496495 0.00375
v -0.046785315 -0.03851415 0.00375
v -0.04670151 -0.038553645 0.00375
v -0.03771153 -0.038571375 0.00375
v -0.04661718 -0.038598255 0.00375
v -0.0465321 -0.038639685 0.00375
v -0.037661205 -0.03864624 0.00375
v -0.04644654 -0.038680095 0.00375
v -0.04635924 -0.038717805 0.00375
v -0.037605495 -0.038721075 0.00375
v -0.04627623 -0.038758275 0.00375
v -0.037544385 -0.03879585 0.00375
v -0.046197495 -0.03880152 0.00375
v -0.04612293 -0.03884751 0.00375
v -0.04605225 -0.038896155 0.00375
v -0.045986235 -0.03894768 0.00375
v -0.045925725 -0.039002355 0.00375
v -0.03737391 -0.039032325 0.00375
v -0.04587072 -0.039060525 0.00375
v -0.045776595 -0.039185355 0.00375
v -0.04113945 -0.03921459 0.00375
v -0.045703785 -0.039318375 0.00375
v -0.04105569 -0.039217575 0.00375
v -0.0409746 -0.039226335 0.00375
v -0.040896015 -0.039241185 0.00375
v -0.03722445 -0.03926898 0.00375
v -0.0407469 -0.03928701 0.00375
v -0.040610355 -0.039351855 0.00375
v -0.040485825 -0.03943626 0.00375
v -0.0370968 -0.03950406 0.00375
v -0.04037268 -0.03954021 0.00375
v -0.040321125 -0.039599715 0.00375
v -0.040273425 -0.039664455 0.00375
v -0.04022934 -0.03973437 0.00375
v -0.036989715 -0.039740325 0.00375
v -0.040188435 -0.039808995 0.00375
v -0.040150365 -0.03988791 0.00375
v -0.04011522 -0.039971265 0.00375
v -0.03689883 -0.039986445 0.00375
v -0.040083105 -0.040059105 0.00375
v -0.040054005 -0.04015146 0.00375
v -0.03682476 -0.04024137 0.00375
v -0.039999375 -0.040299 0.00375
v -0.039941865 -0.04044114 0.00375
v -0.03676731 -0.040514535 0.00375
v -0.039818175 -0.04070916 0.00375
v -0.03674469 -0.04065825 0.00375
v -0.0367263 -0.04080633 0.00375
v -0.03968343 -0.04095393 0.00375
v -0.036712245 -0.040958685 0.00375
v -0.03953682 -0.04117791 0.00375
v -0.036702675 -0.041115285 0.00375
v -0.036697485 -0.041276145 0.00375
v -0.03937632 -0.041388855 0.00375
v -0.036696675 -0.04144128 0.00375
v -0.039202095 -0.04158582 0.00375
v -0.03670023 -0.04161069 0.00375
v -0.039007275 -0.04177683 0.00375
v -0.03670815 -0.04178439 0.00375
v -0.038791905 -0.04196193 0.00375
v -0.036711585 -0.0418449 0.00375
v -0.036718395 -0.041902695 0.00375
v -0.03674187 -0.0420102 0.00375
v -0.038676165 -0.042052515 0.00375
v -0.036779565 -0.042106905 0.00375
v -0.038554665 -0.042142155 0.00375
v -0.036832995 -0.04219275 0.00375
v -0.03842757 -0.0422307 0.00375
v -0.03690387 -0.042270165 0.00375
v -0.03829494 -0.04231806 0.00375
v -0.036991335 -0.04233942 0.00375
v -0.038156805 -0.042404265 0.00375
v -0.037041075 -0.042371085 0.00375
v -0.03709488 -0.04240074 0.00375
v -0.03719004 -0.04245267 0.00375
v -0.038013135 -0.0424893 0.00375
v -0.03728565 -0.04250379 0.00375
v -0.037960995 -0.042519345 0.00375
v -0.037340385 -0.042532725 0.00375
v -0.037909275 -0.04254519 0.00375
v -0.03739455 -0.0425571 0.00375
v -0.037807305 -0.042584445 0.00375
v -0.037501245 -0.042592335 0.00375
v -0.03770643 -0.042606195 0.00375
v -0.03760542 -0.042608985 0.00375
v -0.0412254 -0.03921669 0.00375
v -0.04131306 -0.039223275 0.00375
v -0.04140261 -0.039234555 0.00375
v -0.04149411 -0.03925062 0.00375
v -0.04158756 -0.03927147 0.00375
v -0.041680545 -0.03928908 0.00375
v -0.04177371 -0.039305565 0.00375
v -0.04186845 -0.03931911 0.00375
v -0.04565226 -0.039460245 0.00375
v -0.04195968 -0.039336465 0.00375
v -0.04204743 -0.03935766 0.00375
v -0.04213182 -0.039382605 0.00375
v -0.042213045 -0.03941118 0.00375
v -0.042290475 -0.03944376 0.00375
v -0.04236333 -0.039480825 0.00375
v -0.04562169 -0.039611115 0.00375
v -0.0424317 -0.039522735 0.00375
v -0.042555165 -0.039618855 0.00375
v -0.04561491 -0.03968964 0.00375
v -0.042660075 -0.03972831 0.00375
v -0.04561434 -0.039770115 0.00375
v -0.042746655 -0.039851745 0.00375
v -0.045619755 -0.039852615 0.00375
v -0.045630525 -0.039937035 0.00375
v -0.04281537 -0.03998925 0.00375
v -0.045646095 -0.040023315 0.00375
v -0.04284234 -0.040063155 0.00375
v -0.045666675 -0.04011147 0.00375
v -0.04286385 -0.040140495 0.00375
v -0.04569234 -0.0402015 0.00375
v -0.042880095 -0.040221315 0.00375
v -0.04572309 -0.040293435 0.00375
v -0.04289172 -0.04030533 0.00375
v -0.045765645 -0.04044489 0.00375
v -0.042899265 -0.040392345 0.00375
v -0.042902535 -0.040482405 0.00375
v -0.04580265 -0.04059369 0.00375
v -0.04290144 -0.04057557 0.00375
v -0.04289598 -0.04067184 0.00375
v -0.045860115 -0.040883235 0.00375
v -0.042897045 -0.04096335 0.00375
v -0.045894975 -0.04116045 0.00375
v -0.04291524 -0.041242665 0.00375
v -0.045908025 -0.04142784 0.00375
v -0.042950145 -0.041507865 0.00375
v -0.045902175 -0.04169283 0.00375
v -0.04300239 -0.041761965 0.00375
v -0.04587699 -0.041954595 0.00375
v -0.04307352 -0.04201449 0.00375
v -0.04583166 -0.042223635 0.00375
v -0.043163445 -0.04226427 0.00375
v -0.045766215 -0.04249998 0.00375
v -0.043277505 -0.04251903 0.00375
v -0.04572582 -0.04264128 0.00375
v -0.0433437 -0.0426486 0.00375
v -0.04568022 -0.04278522 0.00375
v -0.04341585 -0.042779205 0.00375
v -0.043494045 -0.042910725 0.00375
v -0.04562943 -0.04293156 0.00375
v -0.043578345 -0.04304304 0.00375
v -0.045573495 -0.043080195 0.00375
v -0.043668705 -0.043176225 0.00375
v -0.0455124 -0.04323114 0.00375
v -0.04376511 -0.04331031 0.00375
v -0.045446145 -0.043384365 0.00375
v -0.045421395 -0.04344021 0.00375
v -0.04386756 -0.04344528 0.00375
v -0.04539435 -0.04349226 0.00375
v -0.043976055 -0.043581135 0.00375
v -0.045333495 -0.043585035 0.00375
v -0.044014575 -0.043628355 0.00375
v -0.045263145 -0.0436623 0.00375
v -0.04405428 -0.04367133 0.00375
v -0.04518252 -0.04372338 0.00375
v -0.04413705 -0.043744755 0.00375
v -0.045089235 -0.04376997 0.00375
v -0.044224935 -0.043800825 0.00375
v -0.044983695 -0.04380318 0.00375
v -0.044926425 -0.043815045 0.00375
v -0.044866125 -0.0438237 0.00375
v -0.044758725 -0.04383855 0.00375
v -0.044318745 -0.043838625 0.00375
v -0.04465122 -0.043852455 0.00375
v -0.044421195 -0.04385925 0.00375
v -0.044590605 -0.04386003 0.00375
v -0.04453206 -0.04386366 0.00375
v -0.051615315 -0.038573835 0.00375
v -0.047581245 -0.0384189 0.00375
v -0.04772379 -0.03846759 0.00375
v -0.047860215 -0.038538165 0.00375
v -0.04792554 -0.03858201 0.00375
v -0.0517248 -0.038835855 0.00375
v -0.047988525 -0.038631885 0.00375
v -0.04804935 -0.03868767 0.00375
v -0.04810836 -0.03874884 0.00375
v -0.048165825 -0.038814945 0.00375
v -0.04822164 -0.03888612 0.00375
v -0.051775185 -0.03897393 0.00375
v -0.04827576 -0.038962455 0.00375
v -0.048328185 -0.03904395 0.00375
v -0.051822885 -0.03911718 0.00375
v -0.051867825 -0.039265425 0.00375
v -0.048500385 -0.03927915 0.00375
v -0.05190993 -0.039418545 0.00375
v -0.04867929 -0.039494445 0.00375
v -0.05194923 -0.03957657 0.00375
v -0.048863415 -0.039688485 0.00375
v -0.051985695 -0.039739485 0.00375
v -0.051998745 -0.039800175 0.00375
v -0.05200752 -0.039859095 0.00375
v -0.049055025 -0.039863325 0.00375
v -0.052012395 -0.039971655 0.00375
v -0.049261005 -0.04002582 0.00375
v -0.052000035 -0.04007664 0.00375
v -0.05197002 -0.04017309 0.00375
v -0.049480575 -0.04017504 0.00375
v -0.051921795 -0.04026408 0.00375
v -0.0497226 -0.040314105 0.00375
v -0.051856455 -0.04035129 0.00375
v -0.049852305 -0.04038003 0.00375
v -0.051817635 -0.040393935 0.00375
v -0.051774675 -0.040435845 0.00375
v -0.04998744 -0.04044327 0.00375
v -0.051696525 -0.04051098 0.00375
v -0.050128005 -0.04050372 0.00375
v -0.050273985 -0.040561215 0.00375
v -0.051617715 -0.040585425 0.00375
v -0.050425365 -0.04061586 0.00375
v -0.051572925 -0.040626255 0.00375
v -0.05152779 -0.04066299 0.00375
v -0.050582175 -0.040667655 0.00375
v -0.05148231 -0.040695675 0.00375
v -0.050744385 -0.04071663 0.00375
v -0.05143674 -0.04072455 0.00375
v -0.051390615 -0.040749135 0.00375
v -0.050912025 -0.04076277 0.00375
v -0.051343305 -0.040768755 0.00375
v -0.05097183 -0.040777575 0.00375
v -0.051295035 -0.04078344 0.00375
v -0.051029925 -0.040788525 0.00375
v -0.05124543 -0.04079343 0.00375
v -0.05108634 -0.040795665 0.00375
v -0.05119404 -0.04079874 0.00375
v -0.051141015 -0.040799235 0.00375
v -0.036092895 -0.03641466 0.00375
v -0.03601608 -0.036438945 0.00375
v -0.03174537 -0.036467145 0.00375
v -0.03593913 -0.03646956 0.00375
v -0.035861985 -0.03650589 0.00375
v -0.035784585 -0.03654741 0.00375
v -0.031757865 -0.03657012 0.00375
v -0.03570696 -0.03659427 0.00375
v -0.03562911 -0.036646605 0.00375
v -0.031788 -0.03667584 0.00375
v -0.03555105 -0.036704385 0.00375
v -0.031809375 -0.036729915 0.00375
v -0.035420145 -0.036791655 0.00375
v -0.03183498 -0.03678477 0.00375
v -0.035290065 -0.036872835 0.00375
v -0.031881435 -0.03688272 0.00375
v -0.035032455 -0.03701697 0.00375
v -0.031928745 -0.036980265 0.00375
v -0.03195561 -0.03703473 0.00375
v -0.03477957 -0.03713577 0.00375
v -0.03198453 -0.037085355 0.00375
v -0.032048325 -0.037175265 0.00375
v -0.03452931 -0.03723081 0.00375
v -0.032120985 -0.03724956 0.00375
v -0.03427548 -0.03730713 0.00375
v -0.03220386 -0.037307505 0.00375
v -0.034018755 -0.03736407 0.00375
v -0.03229929 -0.03735069 0.00375
v -0.032406705 -0.037380045 0.00375
v -0.03374886 -0.037404105 0.00375
v -0.0324648 -0.037389765 0.00375
v -0.032525805 -0.037396155 0.00375
v -0.03269202 -0.0374118 0.00375
v -0.033465825 -0.03742725 0.00375
v -0.03285444 -0.03742326 0.00375
v -0.033013095 -0.037430535 0.00375
v -0.033318945 -0.037432515 0.00375
v -0.033167955 -0.03743361 0.00375
f 1 2 3
f 1 4 2
f 5 1 3
f 6 5 3
f 6 3 7
f 8 6 7
f 9 8 7
f 10 9 7
f 10 7 11
f 12 10 11
f 13 12 11
f 14 13 11
f 15 14 11
f 16 15 11
f 17 16 11
f 17 18 16
f 19 17 11
f 20 19 11
f 20 11 21
f 21 11 22
f 20 21 23
f 24 20 23
f 24 23 25
f 24 25 26
f 27 24 26
f 27 26 28
f 29 27 28
f 29 28 30
f 31 29 30
f 31 30 32
f 33 31 32
f 33 32 34
f 35 33 34
f 35 34 36
f 37 35 36
f 37 36 38
f 39 37 38
f 39 38 40
f 41 39 40
f 41 40 42
f 43 41 42
f 43 42 44
f 43 44 45
f 43 45 46
f 47 43 46
f 47 46 48
f 48 46 49
f 47 48 50
f 51 47 50
f 51 50 52
f 53 51 52
f 53 52 54
f 55 53 54
f 55 54 56
f 57 55 56
f 57 56 58
f 59 57 58
f 59 58 60
f 59 60 61
f 62 59 61
f 62 61 63
f 64 62 63
f 64 63 65
f 66 64 65
f 66 65 67
f 68 66 67
f 69 68 67
f 69 67 70
f 69 70 71
f 69 71 72
f 73 69 72
f 73 72 74
f 73 74 75
f 73 75 76
f 77 73 76
f 77 76 78
f 77 78 79
f 77 79 80
f 81 77 80
f 81 80 82
f 83 81 82
f 83 82 84
f 85 83 84
f 86 85 84
f 86 84 87
f 88 86 87
f 88 89 86
f 90 88 87
f 91 90 87
f 92 91 87
f 92 87 93
f 94 92 93
f 95 94 93
f 96 95 93
f 96 93 97
f 98 96 97
f 99 98 97
f 99 97 100
f 101 99 100
f 102 101 100
f 103 102 100
f 103 100 104
f 105 103 104
f 106 105 104
f 106 104 107
f 108 106 107
f 108 107 109
f 110 108 109
f 111 110 109
f 111 109 112
f 113 111 112
f 113 112 114
f 115 113 114
f 116 115 114
f 116 114 117
f 118 116 117
f 118 117 119
f 120 118 119
f 121 120 119
f 121 119 122
f 123 121 122
f 124 123 122
f 124 122 125
f 126 124 125
f 126 125 127
f 128 126 127
f 128 127 129
f 130 128 129
f 130 129 131
f 132 130 131
f 132 133 130
f 132 131 134
f 135 132 134
f 136 135 134
f 137 136 134
f 138 137 134
f 138 134 139
f 140 138 139
f 141 140 139
f 142 141 139
f 142 139 143
f 144 142 143
f 145 144 143
f 145 143 146
f 147 145 146
f 148 147 146
f 148 149 147
f 149 150 147
f 149 151 150
f 151 152 150
f 151 153 152
f 153 154 152
f 153 155 154
f 155 156 154
f 155 157 156
f 157 158 156
f 158 159 156
f 158 160 159
f 160 161 159
f 161 162 159
f 161 163 162
f 163 164 162
f 163 165 164
f 165 166 164
f 165 167 166
f 167 168 166
f 167 169 168
f 133 170 130
f 170 171 130
f 171 172 130
f 171 173 172
f 173 174 172
f 174 175 172
f 175 176 172
f 176 177 172
f 176 178 177
f 178 179 177
f 178 180 179
f 180 181 179
f 180 182 181
f 182 183 181
f 182 184 183
f 184 185 183
f 184 186 185
f 186 187 185
f 186 188 187
f 188 189 187
f 188 190 189
f 190 191 189
f 190 192 191
f 190 193 192
f 193 194 192
f 194 195 192
f 195 196 192
f 195 197 196
f 197 198 196
f 198 199 196
f 199 200 196
f 199 201 200
f 201 202 200
f 202 203 200
f 202 204 203
f 204 205 203
f 205 206 203
f 205 207 206
f 207 208 206
f 208 209 206
f 208 210 209
f 210 211 209
f 211 212 209
f 211 213 212
f 213 214 212
f 213 215 214
f 214 216 212
f 216 217 212
f 217 218 212
f 218 219 212
f 218 220 219
f 220 221 219
f 221 222 219
f 222 223 219
f 222 224 223
f 224 225 223
f 225 226 223
f 225 227 226
f 227 228 226
f 228 229 226
f 228 230 229
f 230 231 229
f 231 232 229
f 231 233 232
f 233 234 232
f 233 235 234
f 233 236 235
f 236 237 235
f 236 238 237
f 238 239 237
f 238 240 239
f 240 241 239
f 240 242 241
f 240 243 242
f 243 244 242
f 243 245 244
f 245 246 244
f 245 247 246
f 245 248 247
f 248 249 247
f 248 250 249
f 250 251 249
f 250 252 251
f 252 253 251
f 253 254 251
f 253 255 254
f 255 256 254
f 255 257 256
f 257 258 256
f 257 259 258
f 259 260 258
f 259 261 260
f 259 262 261
f 262 263 261
f 262 264 263
f 264 265 263
f 264 266 265
f 264 267 266
f 267 268 266
f 267 269 268
f 269 270 268
f 269 271 270
f 271 272 270
f 271 273 272
f 213 274 215
f 274 275 215
f 274 276 275
f 274 277 276
f 274 278 277
f 274 279 278
f 279 280 278
f 279 281 280
f 279 282 281
f 282 283 281
f 282 284 283
f 282 285 284
f 285 286 284
f 285 287 286
f 285 288 287
f 288 289 287
f 288 290 289
f 288 291 290
f 291 292 290
f 291 293 292
f 293 294 292
f 293 295 294
f 293 296 295
f 293 297 296
f 293 298 297
f 293 299 298
f 299 300 298
f 299 301 300
f 299 302 301
f 301 303 300
f 301 304 303
f 304 305 303
f 305 306 303
f 306 307 303
f 307 308 303
f 308 309 303
f 309 310 303
f 310 311 303
f 311 312 303
f 311 313 312
f 313 314 312
f 314 315 312
f 315 316 312
f 316 317 312
f 317 318 312
f 317 319 318
f 319 320 318
f 320 321 318
f 321 322 318
f 322 323 318
f 322 324 323
f 324 325 323
f 324 326 325
f 324 327 326
f 327 328 326
f 327 329 328
f 329 330 328
f 329 331 330
f 329 332 331
f 332 333 331
f 332 334 333
f 334 335 333
f 334 336 335
f 336 337 335
f 336 338 337
f 338 339 337
f 339 340 337
f 340 341 337
f 340 342 341
f 342 343 341
f 343 344 341
f 343 345 344
f 345 346 344
f 345 347 346
f 347 348 346
f 347 349 348
f 349 350 348
f 349 351 350
f 351 352 350
f 351 353 352
f 353 354 352
f 353 355 354
f 355 356 354
f 355 357 356
f 357 358 356
f 357 359 358
f 357 360 359
f 360 361 359
f 360 362 361
f 362 363 361
f 363 364 361
f 363 365 364
f 365 366 364
f 365 367 366
f 367 368 366
f 367 369 368
f 369 370 368
f 369 371 370
f 371 372 370
f 371 373 372
f 373 374 372
f 373 375 374
f 375 376 374
f 375 377 376
f 375 378 377
f 378 379 377
f 378 380 379
f 380 381 379
f 380 382 381
f 382 383 381
f 382 384 383
f 382 385 384
f 382 386 385
f 386 387 385
f 299 388 302
f 299 389 388
f 299 390 389
f 299 391 390
f 299 392 391
f 392 393 391
f 392 394 393
f 392 395 394
f 392 396 395
f 396 397 395
f 396 398 397
f 396 399 398
f 396 400 399
f 396 401 400
f 401 402 400
f 401 403 402
f 401 404 403
f 401 405 404
f 405 406 404
f 405 407 406
f 405 408 407
f 408 409 407
f 409 410 407
f 409 411 410
f 411 412 410
f 411 413 412
f 413 414 412
f 414 415 412
f 414 416 415
f 416 417 415
f 416 418 417
f 418 419 417
f 418 420 419
f 420 421 419
f 420 422 421
f 422 423 421
f 422 424 423
f 424 425 423
f 424 426 425
f 426 427 425
f 426 428 427
f 428 429 427
f 428 430 429
f 430 431 429
f 430 432 431
f 432 433 431
f 432 434 433
f 434 435 433
f 434 436 435
f 436 437 435
f 437 438 435
f 437 439 438
f 439 440 438
f 439 441 440
f 441 442 440
f 441 443 442
f 443 444 442
f 443 445 444
f 89 446 86
f 89 447 446
f 447 448 446
f 448 449 446
f 449 450 446
f 449 451 450
f 451 452 450
f 452 453 450
f 452 454 453
f 454 455 453
f 454 456 455
f 456 457 455
f 456 458 457
f 456 459 458
f 459 460 458
f 459 461 460
f 459 462 461
f 462 463 461
f 462 464 463
f 464 465 463
f 464 466 465
f 48 49 467
f 468 48 467
f 468 467 469
f 468 469 470
f 469 471 470
f 468 470 472
f 473 468 472
f 473 472 474
f 473 474 475
f 476 473 475
f 476 475 477
f 478 476 477
f 478 477 479
f 480 478 479
f 480 479 481
f 482 480 481
f 483 482 481
f 483 481 484
f 485 483 484
f 485 484 486
f 487 485 486
f 488 487 486
f 488 486 489
f 490 488 489
f 491 490 489
f 491 489 492
f 493 491 492
f 494 493 492
f 494 492 495
f 496 494 495
f 497 496 495
f 497 495 498
f 499 497 498
f 500 499 498
f 501 500 498
f 501 498 502
f 503 501 502
f 504 503 502
f 505 504 502
f 506 505 502
f 507 506 502
f 508 507 502
f 508 509 507
f 510 508 502
f 511 510 502
f 512 511 502
f 512 502 513
f 514 512 513
f 515 514 513
f 515 513 516
f 517 515 516
f 517 516 518
f 519 517 518
f 519 518 520
f 521 519 520
f 522 521 520
f 522 520 523
f 524 522 523
f 524 523 525
f 524 525 526
f 527 524 526
f 527 526 528
f 527 528 529
f 530 527 529
f 531 530 529
f 531 532 530
f 531 529 533
f 534 531 533
f 534 533 535
f 534 535 536
f 537 534 536
f 537 536 538
f 539 537 538
f 539 538 540
f 541 539 540
f 541 540 542
f 543 541 542
f 544 543 542
f 544 542 545
f 546 544 545
f 546 545 547
f 548 546 547
f 549 548 547
f 549 547 550
f 551 549 550
f 552 551 550
f 552 550 2
f 4 552 2
f 532 553 530
f 532 554 553
f 554 555 553
f 554 556 555
f 556 557 555
f 556 558 557
f 556 559 558
f 559 560 558
f 559 561 560
f 559 562 561
f 562 563 561
f 562 564 563
f 562 565 564
f 565 566 564
f 565 567 566
f 567 568 566
f 567 569 568
f 567 570 569
f 570 571 569
f 570 572 571
f 572 573 571
f 572 574 573
f 572 575 574
f 575 576 574
f 575 577 576
f 575 578 577
f 578 579 577
f 578 580 579
f 578 581 580
f 581 582 580
f 582 583 580
f 583 584 580
f 583 585 584
f 585 586 584
f 586 587 584
f 587 588 584
f 587 589 588
f 589 590 588
f 590 591 588
f 591 592 588
f 591 593 592
f 593 594 592
f 593 595 594
f 595 596 594
f 595 597 596
f 595 598 597
f 598 599 597
f 598 600 599
f 599 601 597
f 601 602 597
f 601 603 602
f 603 604 602
f 604 605 602
f 605 606 602
f 605 607 606
f 607 608 606
f 608 609 606
f 608 610 609
f 610 611 609
f 610 612 611
f 612 613 611
f 612 614 613
f 612 615 614
f 615 616 614
f 615 617 616
f 615 618 617
f 618 619 617
f 618 620 619
f 620 621 619
f 620 622 621
f 598 623 600
f 598 624 623
f 598 625 624
f 625 626 624
f 625 627 626
f 625 628 627
f 625 629 628
f 625 630 629
f 630 631 629
f 630 632 631
f 630 633 632
f 633 634 632
f 633 635 634
f 633 636 635
f 633 637 636
f 637 638 636
f 637 639 638
f 637 640 639
f 640 641 639
f 640 642 641
f 642 643 641
f 642 644 643
f 642 645 644
f 645 646 644
f 645 647 646
f 647 648 646
f 647 649 648
f 647 650 649
f 650 651 649
f 650 652 651
f 652 653 651
f 652 654 653
f 652 655 654
f 655 656 654
f 655 657 656
f 655 658 657
f 658 659 657
f 658 660 659
f 660 661 659
f 660 662 661
f 662 663 661
f 663 664 661
f 663 665 664
f 665 666 664
f 665 667 666
f 666 668 664
f 668 669 664
f 669 670 664
f 670 671 664
f 670 672 671
f 672 673 671
f 673 674 671
f 674 675 671
f 675 676 671
f 675 677 676
f 677 678 676
f 677 679 678
f 679 680 678
f 679 681 680
f 681 682 680
f 681 683 682
f 683 684 682
f 683 685 684
f 685 686 684
f 685 687 686
f 687 688 686
f 687 689 688
f 689 690 688
f 689 691 690
f 689 692 691
f 692 693 691
f 693 694 691
f 694 695 691
f 694 696 695
f 696 697 695
f 697 698 695
f 698 699 695
f 698 700 699
f 700 701 699
f 701 702 699
f 701 703 702
f 703 704 702
f 704 705 702
f 704 706 705
f 706 707 705
f 707 708 705
f 707 709 708
f 709 710 708
f 710 711 708
f 710 712 711
f 712 713 711
f 712 714 713
f 713 715 711
f 715 716 711
f 716 717 711
f 717 718 711
f 718 719 711
f 718 720 719
f 720 721 719
f 721 722 719
f 722 723 719
f 722 724 723
f 724 725 723
f 725 726 723
f 725 727 726
f 727 728 726
f 728 729 726
f 728 730 729
f 730 731 729
f 731 732 729
f 731 733 732
f 733 734 732
f 733 735 734
f 733 736 735
f 736 737 735
f 736 738 737
f 738 739 737
f 738 740 739
f 740 741 739
f 740 742 741
f 740 743 742
f 743 744 742
f 743 745 744
f 745 746 744
f 745 747 746
f 745 748 747
f 748 749 747
f 748 750 749
f 750 751 749
f 750 752 751
f 752 753 751
f 753 754 751
f 753 755 754
f 755 756 754
f 755 757 756
f 757 758 756
f 757 759 758
f 759 760 758
f 760 761 758
f 760 762 761
f 762 763 761
f 762 764 763
f 764 765 763
f 764 766 765
f 712 767 714
f 767 768 714
f 767 769 768
f 767 770 769
f 767 771 770
f 767 772 771
f 772 773 771
f 772 774 773
f 772 775 774
f 775 776 774
f 775 777 776
f 775 778 777
f 778 779 777
f 778 780 779
f 778 781 780
f 781 782 780
f 781 783 782
f 781 784 783
f 784 785 783
f 784 786 785
f 786 787 785
f 786 788 787
f 786 789 788
f 786 790 789
f 786 791 790
f 786 792 791
f 792 793 791
f 792 794 793
f 792 795 794
f 794 796 793
f 794 797 796
f 797 798 796
f 798 799 796
f 799 800 796
f 800 801 796
f 801 802 796
f 802 803 796
f 803 804 796
f 804 805 796
f 804 806 805
f 806 807 805
f 807 808 805
f 808 809 805
f 809 810 805
f 810 811 805
f 810 812 811
f 812 813 811
f 813 814 811
f 814 815 811
f 815 816 811
f 815 817 816
f 817 818 816
f 817 819 818
f 817 820 819
f 820 821 819
f 820 822 821
f 822 823 821
f 822 824 823
f 822 825 824
f 825 826 824
f 825 827 826
f 827 828 826
f 827 829 828
f 829 830 828
f 829 831 830
f 831 832 830
f 832 833 830
f 833 834 830
f 833 835 834
f 835 836 834
f 836 837 834
f 836 838 837
f 838 839 837
f 838 840 839
f 840 841 839
f 840 842 841
f 842 843 841
f 842 844 843
f 844 845 843
f 844 846 845
f 846 847 845
f 846 848 847
f 848 849 847
f 848 850 849
f 850 851 849
f 850 852 851
f 850 853 852
f 853 854 852
f 853 855 854
f 855 856 854
f 856 857 854
f 856 858 857
f 858 859 857
f 858 860 859
f 860 861 859
f 860 862 861
f 862 863 861
f 862 864 863
f 864 865 863
f 864 866 865
f 866 867 865
f 866 868 867
f 868 869 867
f 868 870 869
f 868 871 870
f 871 872 870
f 871 873 872
f 873 874 872
f 873 875 874
f 875 876 874
f 875 877 876
f 875 878 877
f 875 879 878
f 879 880 878
f 792 881 795
f 792 882 881
f 792 883 882
f 792 884 883
f 792 885 884
f 885 886 884
f 885 887 886
f 885 888 887
f 885 889 888
f 889 890 888
f 889 891 890
f 889 892 891
f 889 893 892
f 889 894 893
f 894 895 893
f 894 896 895
f 894 897 896
f 894 898 897
f 898 899 897
f 898 900 899
f 898 901 900
f 901 902 900
f 902 903 900
f 902 904 903
f 904 905 903
f 904 906 905
f 906 907 905
f 907 908 905
f 907 909 908
f 909 910 908
f 909 911 910
f 911 912 910
f 911 913 912
f 913 914 912
f 913 915 914
f 915 916 914
f 916 917 914
f 916 918 917
f 918 919 917
f 918 920 919
f 920 921 919
f 920 922 921
f 922 923 921
f 922 924 923
f 924 925 923
f 924 926 925
f 926 927 925
f 926 928 927
f 928 929 927
f 928 930 929
f 930 931 929
f 931 932 929
f 931 933 932
f 933 934 932
f 933 935 934
f 935 936 934
f 935 937 936
f 937 938 936
f 937 939 938
f 939 940 938
f 939 941 940
f 941 942 940
f 941 943 942
f 943 944 942
f 943 945 944
f 945 946 944
f 667 947 666
f 667 948 947
f 667 949 948
f 667 950 949
f 667 951 950
f 951 952 950
f 951 953 952
f 951 954 953
f 951 955 954
f 955 956 954
f 955 957 956
f 955 958 957
f 958 959 957
f 958 960 959
f 960 961 959
f 961 962 959
f 961 963 962
f 963 964 962
f 963 965 964
f 965 966 964
f 965 967 966
f 967 968 966
f 967 969 968
f 969 970 968
f 970 971 968
f 970 972 971
f 972 973 971
f 973 974 971
f 973 975 974
f 975 976 974
f 975 977 976
f 977 978 976
f 977 979 978
f 979 980 978
f 979 981 980
f 471 982 470
f 471 983 982
f 471 984 983
f 471 985 984
f 985 986 984
f 985 987 986
f 987 988 986
f 987 989 988
f 989 990 988
f 991 990 989
f 991 992 990
f 991 993 992
f 993 994 992
f 994 22 992
f 994 995 22
f 995 996 22
f 996 997 22
f 997 21 22
f 998 999 1000
f 1001 999 998
f 1002 998 1000
f 1002 1000 1003
f 1004 1002 1003
f 1004 1003 1005
f 1006 1004 1005
f 1006 1005 1007
f 1008 1006 1007
f 1008 1007 1009
f 1010 1008 1009
f 1010 1009 1011
f 1012 1010 1011
f 1012 1011 1013
f 1014 1012 1013
f 1014 1013 1015
f 1016 1014 1015
f 1016 1015 1017
f 1018 1016 1017
f 1018 1017 1019
f 1020 1018 1019
f 1020 1019 1021
f 1022 1020 1021
f 1022 1021 1023
f 1024 1022 1023
f 1024 1023 1025
f 1026 1024 1025
f 1026 1025 1027
f 1028 1026 1027
f 1028 1027 1029
f 1030 1028 1029
f 1030 1029 1031
f 1032 1030 1031
f 1032 1031 1033
f 1034 1032 1033
f 1034 1033 1035
f 1036 1034 1035
f 1036 1035 1037
f 1038 1036 1037
f 1038 1037 1039
f 1040 1038 1039
f 1040 1039 1041
f 1042 1040 1041
f 1042 1041 1043
f 1042 1043 1044
f 1044 1043 1045
f 1046 1044 1045
f 1046 1045 1047
f 1048 1046 1047
f 1048 1047 1049
f 1050 1048 1049
f 1050 1049 1051
f 1052 1050 1051
f 1052 1051 1053
f 1054 1052 1053
f 1054 1053 1055
f 1056 1054 1055
f 1056 1055 1057
f 1058 1056 1057
f 1058 1057 1059
f 1060 1058 1059
f 1060 1059 1061
f 1062 1060 1061
f 1062 1061 1063
f 1064 1062 1063
f 1064 1063 1065
f 1066 1064 1065
f 1066 1065 1067
f 1068 1066 1067
f 1068 1067 1069
f 1070 1068 1069
f 1070 1069 1071
f 1072 1070 1071
f 1072 1071 1073
f 1074 1072 1073
f 1074 1073 1075
f 1076 1074 1075
f 1076 1075 1077
f 1078 1076 1077
f 1078 1077 1079
f 1080 1078 1079
f 1080 1079 1081
f 1082 1080 1081
f 1082 1081 1083
f 1084 1082 1083
f 1084 1083 1085
f 1001 1084 1085
f 1001 1085 999
f 1086 1087 1088
f 1089 1087 1086
f 1090 1086 1088
f 1090 1088 1091
f 1092 1090 1091
f 1092 1091 1093
f 1094 1092 1093
f 1094 1093 1095
f 1096 1094 1095
f 1096 1095 1097
f 1098 1096 1097
f 1098 1097 1099
f 1100 1098 1099
f 1100 1099 1101
f 1102 1100 1101
f 1102 1101 1103
f 1104 1102 1103
f 1104 1103 1105
f 1106 1104 1105
f 1106 1105 1107
f 1108 1106 1107
f 1108 1107 1109
f 1110 1108 1109
f 1110 1109 1111
f 1112 1110 1111
f 1112 1111 1113
f 1114 1112 1113
f 1114 1113 1115
f 1114 1115 1116
f 1116 1115 1117
f 1118 1116 1117
f 1118 1117 1119
f 1120 1118 1119
f 1120 1119 1121
f 1122 1120 1121
f 1122 1121 1123
f 1124 1122 1123
f 1124 1123 1125
f 1126 1124 1125
f 1126 1125 1127
f 1128 1126 1127
f 1128 1127 1129
f 1130 1128 1129
f 1130 1129 1131
f 1132 1130 1131
f 1132 1131 1133
f 1134 1132 1133
f 1134 1133 1135
f 1136 1134 1135
f 1136 1135 1137
f 1138 1136 1137
f 1138 1137 1139
f 1140 1138 1139
f 1140 1139 1141
f 1089 1140 1141
f 1089 1141 1087
f 1142 1143 1144
f 1145 1143 1142
f 1146 1142 1144
f 1147 1146 1144
f 1147 1144 1148
f 1149 1147 1148
f 1149 1148 1150
f 1151 1149 1150
f 1151 1150 1152
f 1153 1151 1152
f 1154 1153 1152
f 1154 1152 1155
f 1156 1154 1155
f 1156 1155 1157
f 1158 1156 1157
f 1158 1157 1159
f 1160 1158 1159
f 1160 1159 1161
f 1162 1160 1161
f 1163 1162 1161
f 1163 1161 1164
f 1165 1163 1164
f 1165 1164 1166
f 1167 1165 1166
f 1167 1166 1168
f 1169 1167 1168
f 1169 1168 1170
f 1171 1169 1170
f 1171 1170 1172
f 1171 1172 1173
f 1174 1171 1173
f 1174 1173 1175
f 1176 1174 1175
f 1176 1175 1177
f 1178 1176 1177
f 1178 1177 1179
f 1180 1178 1179
f 1180 1179 1181
f 1182 1180 1181
f 1182 1181 1183
f 1184 1182 1183
f 1184 1183 1185
f 1186 1184 1185
f 1186 1185 1187
f 1188 1186 1187
f 1188 1187 1189
f 1190 1188 1189
f 1190 1189 1191
f 1192 1190 1191
f 1192 1191 1193
f 1194 1192 1193
f 1194 1193 1195
f 1196 1194 1195
f 1196 1195 1197
f 1198 1196 1197
f 1198 1197 1199
f 1200 1198 1199
f 1200 1199 1201
f 1202 1200 1201
f 1202 1201 1203
f 1204 1202 1203
f 1204 1203 1205
f 1206 1204 1205
f 1206 1205 1207
f 1208 1206 1207
f 1208 1207 1209
f 1210 1208 1209
f 1210 1209 1211
f 1212 1210 1211
f 1212 1211 1213
f 1214 1212 1213
f 1214 1213 1215
f 1216 1214 1215
f 1216 1215 1217
f 1218 1216 1217
f 1218 1217 1219
f 1220 1218 1219
f 1220 1219 1221
f 1222 1220 1221
f 1222 1221 1223
f 1224 1222 1223
f 1224 1223 1225
f 1226 1224 1225
f 1226 1225 1227
f 1228 1226 1227
f 1228 1227 1229
f 1228 1229 1230
f 1231 1228 1230
f 1231 1230 1232
f 1233 1231 1232
f 1233 1232 1234
f 1235 1233 1234
f 1235 1234 1236
f 1237 1235 1236
f 1237 1236 1238
f 1239 1237 1238
f 1239 1238 1240
f 1241 1239 1240
f 1241 1240 1242
f 1243 1241 1242
f 1243 1242 1244
f 1245 1243 1244
f 1245 1244 1246
f 1247 1245 1246
f 1247 1246 1248
f 1249 1247 1248
f 1249 1248 1250
f 1251 1249 1250
f 1251 1250 1252
f 1253 1251 1252
f 1253 1252 1254
f 1255 1253 1254
f 1255 1254 1256
f 1257 1255 1256
f 1257 1256 1258
f 1259 1257 1258
f 1259 1258 1260
f 1261 1259 1260
f 1261 1260 1262
f 1263 1261 1262
f 1263 1262 1264
f 1265 1263 1264
f 1265 1264 1266
f 1267 1265 1266
f 1267 1266 1268
f 1269 1267 1268
f 1269 1268 1270
f 1271 1269 1270
f 1271 1270 1272
f 1273 1271 1272
f 1273 1272 1274
f 1273 1274 1275
f 1276 1273 1275
f 1276 1275 1277
f 1278 1276 1277
f 1279 1278 1277
f 1279 1277 1280
f 1281 1279 1280
f 1281 1280 1282
f 1283 1281 1282
f 1283 1282 1284
f 1285 1283 1284
f 1285 1284 1286
f 1287 1285 1286
f 1287 1286 1288
f 1289 1287 1288
f 1289 1288 1290
f 1291 1289 1290
f 1291 1290 1292
f 1291 1292 1293
f 1294 1291 1293
f 1294 1293 1295
f 1296 1294 1295
f 1296 1295 1297
f 1298 1296 1297
f 1298 1297 1299
f 1300 1298 1299
f 1300 1299 1301
f 1302 1300 1301
f 1302 1301 1303
f 1304 1302 1303
f 1304 1303 1305
f 1306 1304 1305
f 1306 1305 1307
f 1308 1306 1307
f 1308 1307 1309
f 1310 1308 1309
f 1310 1309 1311
f 1312 1310 1311
f 1312 1311 1313
f 1314 1312 1313
f 1314 1313 1315
f 1316 1314 1315
f 1316 1315 1317
f 1318 1316 1317
f 1318 1317 1319
f 1320 1318 1319
f 1320 1319 1321
f 1322 1320 1321
f 1322 1321 1323
f 1324 1322 1323
f 1325 1324 1323
f 1325 1323 1326
f 1327 1325 1326
f 1327 1326 1328
f 1329 1327 1328
f 1329 1328 1330
f 1331 1329 1330
f 1331 1330 1332
f 1331 1332 1333
f 1334 1331 1333
f 1334 1333 1335
f 1336 1334 1335
f 1336 1335 1337
f 1338 1336 1337
f 1338 1337 1339
f 1340 1338 1339
f 1341 1340 1339
f 1341 1339 1342
f 1343 1341 1342
f 1343 1342 1344
f 1345 1343 1344
f 1345 1344 1346
f 1347 1345 1346
f 1348 1347 1346
f 1348 1346 1349
f 1350 1348 1349
f 1350 1349 1351
f 1352 1350 1351
f 1352 1351 1353
f 1354 1352 1353
f 1354 1353 1355
f 1356 1354 1355
f 1357 1356 1355
f 1357 1355 1358
f 1359 1357 1358
f 1359 1358 1360
f 1361 1359 1360
f 1361 1360 1362
f 1363 1361 1362
f 1363 1362 1364
f 1365 1363 1364
f 1365 1364 1366
f 1365 1366 1367
f 1368 1365 1367
f 1368 1367 1369
f 1370 1368 1369
f 1370 1369 1371
f 1372 1370 1371
f 1372 1371 1373
f 1374 1372 1373
f 1374 1373 1375
f 1376 1374 1375
f 1376 1375 1377
f 1378 1376 1377
f 1378 1377 1379
f 1380 1378 1379
f 1380 1379 1381
f 1382 1380 1381
f 1382 1381 1383
f 1384 1382 1383
f 1384 1383 1385
f 1386 1384 1385
f 1386 1385 1387
f 1388 1386 1387
f 1388 1387 1389
f 1390 1388 1389
f 1390 1389 1391
f 1392 1390 1391
f 1392 1391 1393
f 1394 1392 1393
f 1394 1393 1395
f 1396 1394 1395
f 1396 1395 1397
f 1398 1396 1397
f 1398 1397 1399
f 1400 1398 1399
f 1400 1399 1401
f 1402 1400 1401
f 1402 1401 1403
f 1404 1402 1403
f 1404 1403 1405
f 1404 1405 1406
f 1407 1404 1406
f 1407 1406 1408
f 1407 1408 1409
f 1410 1407 1409
f 1410 1409 1411
f 1412 1410 1411
f 1412 1411 1413
f 1414 1412 1413
f 1415 1414 1413
f 1415 1413 1416
f 1417 1415 1416
f 1417 1416 1418
f 1419 1417 1418
f 1419 1418 1420
f 1421 1419 1420
f 1421 1420 1422
f 1423 1421 1422
f 1423 1422 1424
f 1423 1424 1425
f 1426 1423 1425
f 1426 1425 1427
f 1428 1426 1427
f 1428 1427 1429
f 1430 1428 1429
f 1430 1429 1431
f 1432 1430 1431
f 1432 1431 1433
f 1434 1432 1433
f 1434 1433 1435
f 1436 1434 1435
f 1436 1435 1437
f 1438 1436 1437
f 1438 1437 1439
f 1440 1438 1439
f 1440 1439 1441
f 1442 1440 1441
f 1443 1442 1441
f 1443 1441 1444
f 1445 1443 1444
f 1445 1444 1446
f 1445 1446 1447
f 1448 1445 1447
f 1448 1447 1449
f 1450 1448 1449
f 1450 1449 1451
f 1452 1450 1451
f 1452 1451 1453
f 1454 1452 1453
f 1454 1453 1455
f 1456 1454 1455
f 1456 1455 1457
f 1458 1456 1457
f 1458 1457 1459
f 1460 1458 1459
f 1460 1459 1461
f 1462 1460 1461
f 1462 1461 1463
f 1464 1462 1463
f 1464 1463 1465
f 1466 1464 1465
f 1466 1465 1467
f 1468 1466 1467
f 1468 1467 1469
f 1468 1469 1470
f 1471 1468 1470
f 1471 1470 1472
f 1473 1471 1472
f 1474 1473 1472
f 1474 1472 1475
f 1476 1474 1475
f 1476 1475 1477
f 1478 1476 1477
f 1478 1477 1479
f 1480 1478 1479
f 1480 1479 1481
f 1482 1480 1481
f 1482 1481 1483
f 1484 1482 1483
f 1484 1483 1485
f 1486 1484 1485
f 1486 1485 1487
f 1486 1487 1488
f 1489 1486 1488
f 1489 1488 1490
f 1491 1489 1490
f 1491 1490 1492
f 1493 1491 1492
f 1493 1492 1494
f 1495 1493 1494
f 1495 1494 1496
f 1497 1495 1496
f 1497 1496 1498
f 1499 1497 1498
f 1499 1498 1500
f 1501 1499 1500
f 1501 1500 1502
f 1503 1501 1502
f 1504 1503 1502
f 1504 1502 1505
f 1506 1504 1505
f 1506 1505 1507
f 1508 1506 1507
f 1509 1508 1507
f 1509 1507 1510
f 1511 1509 1510
f 1511 1510 1512
f 1513 1511 1512
f 1513 1512 1514
f 1515 1513 1514
f 1516 1515 1514
f 1516 1514 1517
f 1518 1516 1517
f 1518 1517 1519
f 1520 1518 1519
f 1520 1519 1521
f 1522 1520 1521
f 1522 1521 1523
f 1524 1522 1523
f 1525 1524 1523
f 1525 1523 1526
f 1527 1525 1526
f 1527 1526 1528
f 1529 1527 1528
f 1530 1529 1528
f 1530 1528 1531
f 1532 1530 1531
f 1532 1531 1533
f 1534 1532 1533
f 1534 1533 1535
f 1536 1534 1535
f 1536 1535 1537
f 1538 1536 1537
f 1538 1537 1539
f 1540 1538 1539
f 1541 1540 1539
f 1541 1539 1542
f 1543 1541 1542
f 1543 1542 1544
f 1545 1543 1544
f 1545 1544 1546
f 1547 1545 1546
f 1547 1546 1548
f 1549 1547 1548
f 1549 1548 1550
f 1549 1550 1551
f 1552 1549 1551
f 1552 1551 1553
f 1554 1552 1553
f 1554 1553 1555
f 1556 1554 1555
f 1556 1555 1557
f 1558 1556 1557
f 1558 1557 1559
f 1560 1558 1559
f 1560 1559 1561
f 1562 1560 1561
f 1562 1561 1563
f 1564 1562 1563
f 1564 1563 1565
f 1566 1564 1565
f 1566 1565 1567
f 1568 1566 1567
f 1568 1567 1569
f 1570 1568 1569
f 1570 1569 1571
f 1572 1570 1571
f 1572 1571 1573
f 1574 1572 1573
f 1574 1573 1575
f 1576 1574 1575
f 1576 1575 1577
f 1578 1576 1577
f 1578 1577 1579
f 1580 1578 1579
f 1580 1579 1581
f 1582 1580 1581
f 1582 1581 1583
f 1584 1582 1583
f 1584 1583 1585
f 1586 1584 1585
f 1586 1585 1587
f 1588 1586 1587
f 1588 1587 1589
f 1588 1589 1590
f 1591 1588 1590
f 1591 1590 1592
f 1593 1591 1592
f 1593 1592 1594
f 1595 1593 1594
f 1595 1594 1596
f 1597 1595 1596
f 1597 1596 1598
f 1599 1597 1598
f 1599 1598 1600
f 1601 1599 1600
f 1601 1600 1602
f 1603 1601 1602
f 1603 1602 1604
f 1605 1603 1604
f 1605 1604 1606
f 1607 1605 1606
f 1607 1606 1608
f 1607 1608 1609
f 1610 1607 1609
f 1610 1609 1611
f 1612 1610 1611
f 1612 1611 1613
f 1614 1612 1613
f 1614 1613 1615
f 1616 1614 1615
f 1616 1615 1617
f 1618 1616 1617
f 1618 1617 1619
f 1620 1618 1619
f 1620 1619 1621
f 1622 1620 1621
f 1622 1621 1623
f 1624 1622 1623
f 1624 1623 1625
f 1626 1624 1625
f 1626 1625 1627
f 1628 1626 1627
f 1628 1627 1629
f 1630 1628 1629
f 1630 1629 1631
f 1632 1630 1631
f 1632 1631 1633
f 1634 1632 1633
f 1634 1633 1635
f 1636 1634 1635
f 1636 1635 1637
f 1638 1636 1637
f 1638 1637 1639
f 1640 1638 1639
f 1640 1639 1641
f 1642 1640 1641
f 1642 1641 1643
f 1644 1642 1643
f 1644 1643 1645
f 1646 1644 1645
f 1646 1645 1647
f 1648 1646 1647
f 1648 1647 1649
f 1650 1648 1649
f 1650 1649 1651
f 1652 1650 1651
f 1652 1651 1653
f 1652 1653 1654
f 1655 1652 1654
f 1655 1654 1656
f 1657 1655 1656
f 1658 1657 1656
f 1658 1656 1659
f 1660 1658 1659
f 1660 1659 1661
f 1662 1660 1661
f 1662 1661 1663
f 1664 1662 1663
f 1664 1663 1665
f 1666 1664 1665
f 1666 1665 1667
f 1668 1666 1667
f 1668 1667 1669
f 1670 1668 1669
f 1670 1669 1671
f 1670 1671 1672
f 1673 1670 1672
f 1673 1672 1674
f 1675 1673 1674
f 1675 1674 1676
f 1677 1675 1676
f 1677 1676 1678
f 1679 1677 1678
f 1679 1678 1680
f 1681 1679 1680
f 1681 1680 1682
f 1683 1681 1682
f 1683 1682 1684
f 1685 1683 1684
f 1685 1684 1686
f 1687 1685 1686
f 1688 1687 1686
f 1688 1686 1689
f 1690 1688 1689
f 1690 1689 1691
f 1692 1690 1691
f 1692 1691 1693
f 1694 1692 1693
f 1695 1694 1693
f 1695 1693 1696
f 1697 1695 1696
f 1697 1696 1698
f 1699 1697 1698
f 1699 1698 1700
f 1701 1699 1700
f 1701 1700 1702
f 1703 1701 1702
f 1703 1702 1704
f 1705 1703 1704
f 1705 1704 1706
f 1707 1705 1706
f 1708 1707 1706
f 1708 1706 1709
f 1710 1708 1709
f 1710 1709 1711
f 1712 1710 1711
f 1712 1711 1713
f 1714 1712 1713
f 1715 1714 1713
f 1715 1713 1716
f 1717 1715 1716
f 1717 1716 1718
f 1719 1717 1718
f 1719 1718 1720
f 1721 1719 1720
f 1721 1720 1722
f 1723 1721 1722
f 1724 1723 1722
f 1724 1722 1725
f 1726 1724 1725
f 1726 1725 1727
f 1728 1726 1727
f 1728 1727 1729
f 1730 1728 1729
f 1730 1729 1731
f 1732 1730 1731
f 1732 1731 1733
f 1732 1733 1734
f 1735 1732 1734
f 1735 1734 1736
f 1737 1735 1736
f 1737 1736 1738
f 1739 1737 1738
f 1739 1738 1740
f 1741 1739 1740
f 1741 1740 1742
f 1743 1741 1742
f 1743 1742 1744
f 1745 1743 1744
f 1745 1744 1746
f 1747 1745 1746
f 1747 1746 1748
f 1749 1747 1748
f 1749 1748 1750
f 1751 1749 1750
f 1751 1750 1752
f 1753 1751 1752
f 1753 1752 1754
f 1755 1753 1754
f 1755 1754 1756
f 1757 1755 1756
f 1757 1756 1758
f 1759 1757 1758
f 1759 1758 1760
f 1761 1759 1760
f 1761 1760 1762
f 1763 1761 1762
f 1763 1762 1764
f 1765 1763 1764
f 1765 1764 1766
f 1767 1765 1766
f 1767 1766 1768
f 1769 1767 1768
f 1769 1768 1770
f 1771 1769 1770
f 1771 1770 1772
f 1773 1771 1772
f 1773 1772 1774
f 1775 1773 1774
f 1775 1774 1776
f 1777 1775 1776
f 1777 1776 1778
f 1779 1777 1778
f 1779 1778 1780
f 1781 1779 1780
f 1781 1780 1782
f 1783 1781 1782
f 1783 1782 1784
f 1785 1783 1784
f 1785 1784 1786
f 1787 1785 1786
f 1787 1786 1788
f 1789 1787 1788
f 1789 1788 1790
f 1789 1790 1791
f 1792 1789 1791
f 1792 1791 1793
f 1794 1792 1793
f 1794 1793 1795
f 1796 1794 1795
f 1796 1795 1797
f 1798 1796 1797
f 1798 1797 1799
f 1800 1798 1799
f 1800 1799 1801
f 1802 1800 1801
f 1802 1801 1803
f 1804 1802 1803
f 1804 1803 1805
f 1806 1804 1805
f 1806 1805 1807
f 1808 1806 1807
f 1808 1807 1809
f 1810 1808 1809
f 1810 1809 1811
f 1812 1810 1811
f 1812 1811 1813
f 1812 1813 1814
f 1815 1812 1814
f 1815 1814 1816
f 1817 1815 1816
f 1818 1817 1816
f 1818 1816 1819
f 1820 1818 1819
f 1820 1819 1821
f 1822 1820 1821
f 1822 1821 1823
f 1824 1822 1823
f 1824 1823 1825
f 1826 1824 1825
f 1826 1825 1827
f 1828 1826 1827
f 1828 1827 1829
f 1830 1828 1829
f 1830 1829 1831
f 1832 1830 1831
f 1832 1831 1833
f 1834 1832 1833
f 1834 1833 1835
f 1834 1835 1836
f 1837 1834 1836
f 1837 1836 1838
f 1839 1837 1838
f 1840 1839 1838
f 1840 1838 1841
f 1842 1840 1841
f 1842 1841 1843
f 1844 1842 1843
f 1844 1843 1845
f 1846 1844 1845
f 1846 1845 1847
f 1848 1846 1847
f 1848 1847 1849
f 1850 1848 1849
f 1850 1849 1851
f 1852 1850 1851
f 1852 1851 1853
f 1852 1853 1854
f 1855 1852 1854
f 1855 1854 1856
f 1857 1855 1856
f 1857 1856 1858
f 1859 1857 1858
f 1859 1858 1860
f 1861 1859 1860
f 1861 1860 1862
f 1863 1861 1862
f 1863 1862 1864
f 1865 1863 1864
f 1865 1864 1866
f 1867 1865 1866
f 1867 1866 1868
f 1869 1867 1868
f 1869 1868 1870
f 1871 1869 1870
f 1871 1870 1872
f 1873 1871 1872
f 1873 1872 1874
f 1875 1873 1874
f 1875 1874 1876
f 1877 1875 1876
f 1877 1876 1878
f 1879 1877 1878
f 1879 1878 1880
f 1881 1879 1880
f 1881 1880 1882
f 1883 1881 1882
f 1884 1883 1882
f 1884 1882 1885
f 1886 1884 1885
f 1886 1885 1887
f 1888 1886 1887
f 1888 1887 1889
f 1890 1888 1889
f 1890 1889 1891
f 1892 1890 1891
f 1892 1891 1893
f 1892 1893 1894
f 1895 1892 1894
f 1895 1894 1896
f 1897 1895 1896
f 1897 1896 1898
f 1899 1897 1898
f 1899 1898 1900
f 1901 1899 1900
f 1902 1901 1900
f 1902 1900 1903
f 1904 1902 1903
f 1904 1903 1905
f 1906 1904 1905
f 1906 1905 1907
f 1908 1906 1907
f 1909 1908 1907
f 1909 1907 1910
f 1911 1909 1910
f 1911 1910 1912
f 1913 1911 1912
f 1913 1912 1914
f 1913 1914 1915
f 1916 1913 1915
f 1916 1915 1917
f 1918 1916 1917
f 1919 1918 1917
f 1919 1917 1920
f 1921 1919 1920
f 1921 1920 1922
f 1923 1921 1922
f 1923 1922 1924
f 1925 1923 1924
f 1925 1924 1926
f 1927 1925 1926
f 1927 1926 1928
f 1927 1928 1929
f 1930 1927 1929
f 1930 1929 1931
f 1932 1930 1931
f 1932 1931 1933
f 1934 1932 1933
f 1934 1933 1935
f 1936 1934 1935
f 1936 1935 1937
f 1938 1936 1937
f 1938 1937 1939
f 1940 1938 1939
f 1940 1939 1941
f 1942 1940 1941
f 1942 1941 1943
f 1944 1942 1943
f 1944 1943 1945
f 1946 1944 1945
f 1946 1945 1947
f 1948 1946 1947
f 1948 1947 1949
f 1950 1948 1949
f 1950 1949 1951
f 1952 1950 1951
f 1952 1951 1953
f 1954 1952 1953
f 1954 1953 1955
f 1956 1954 1955
f 1956 1955 1957
f 1958 1956 1957
f 1958 1957 1959
f 1960 1958 1959
f 1960 1959 1961
f 1962 1960 1961
f 1962 1961 1963
f 1964 1962 1963
f 1964 1963 1965
f 1966 1964 1965
f 1966 1965 1967
f 1968 1966 1967
f 1968 1967 1969
f 1970 1968 1969
f 1970 1969 1971
f 1972 1970 1971
f 1972 1971 1973
f 1974 1972 1973
f 1974 1973 1975
f 1976 1974 1975
f 1976 1975 1977
f 1978 1976 1977
f 1978 1977 1979
f 1980 1978 1979
f 1980 1979 1981
f 1982 1980 1981
f 1982 1981 1983
f 1984 1982 1983
f 1984 1983 1985
f 1984 1985 1986
f 1987 1984 1986
f 1987 1986 1988
f 1989 1987 1988
f 1989 1988 1990
f 1991 1989 1990
f 1991 1990 1992
f 1993 1991 1992
f 1993 1992 1994
f 1995 1993 1994
f 1995 1994 1996
f 1997 1995 1996
f 1997 1996 1998
f 1999 1997 1998
f 1999 1998 2000
f 2001 1999 2000
f 2001 2000 2002
f 2003 2001 2002
f 2003 2002 2004
f 2005 2003 2004
f 2005 2004 2006
f 2007 2005 2006
f 2007 2006 2008
f 2009 2007 2008
f 2009 2008 2010
f 2011 2009 2010
f 2011 2010 2012
f 2013 2011 2012
f 2013 2012 2014
f 2015 2013 2014
f 2015 2014 2016
f 2017 2015 2016
f 2017 2016 2018
f 2019 2017 2018
f 2019 2018 2020
f 2021 2019 2020
f 2021 2020 2022
f 2023 2021 2022
f 2023 2022 2024
f 2025 2023 2024
f 2025 2024 2026
f 2027 2025 2026
f 2027 2026 2028
f 2029 2027 2028
f 2029 2028 2030
f 2029 2030 2031
f 2032 2029 2031
f 2032 2031 2033
f 2034 2032 2033
f 2035 2034 2033
f 2035 2033 2036
f 2037 2035 2036
f 2037 2036 2038
f 2039 2037 2038
f 2039 2038 2040
f 2041 2039 2040
f 2041 2040 2042
f 2043 2041 2042
f 2043 2042 2044
f 2045 2043 2044
f 2045 2044 2046
f 2047 2045 2046
f 2047 2046 2048
f 2047 2048 2049
f 2050 2047 2049
f 2050 2049 2051
f 2052 2050 2051
f 2052 2051 2053
f 2054 2052 2053
f 2054 2053 2055
f 2056 2054 2055
f 2056 2055 2057
f 2058 2056 2057
f 2058 2057 2059
f 2060 2058 2059
f 2060 2059 2061
f 2062 2060 2061
f 2062 2061 2063
f 2064 2062 2063
f 2065 2064 2063
f 2065 2063 2066
f 2067 2065 2066
f 2067 2066 2068
f 2069 2067 2068
f 2069 2068 2070
f 2071 2069 2070
f 2072 2071 2070
f 2072 2070 2073
f 2074 2072 2073
f 2074 2073 2075
f 2076 2074 2075
f 2076 2075 2077
f 2078 2076 2077
f 2078 2077 2079
f 2080 2078 2079
f 2080 2079 2081
f 2082 2080 2081
f 2082 2081 2083
f 2084 2082 2083
f 2085 2084 2083
f 2085 2083 2086
f 2087 2085 2086
f 2087 2086 2088
f 2089 2087 2088
f 2089 2088 2090
f 2091 2089 2090
f 2092 2091 2090
f 2092 2090 2093
f 2094 2092 2093
f 2094 2093 2095
f 2096 2094 2095
f 2096 2095 2097
f 2096 2097 2098
f 2099 2096 2098
f 2099 2098 2100
f 2101 2099 2100
f 2102 2101 2100
f 2102 2100 2103
f 2104 2102 2103
f 2104 2103 2105
f 2106 2104 2105
f 2106 2105 2107
f 2108 2106 2107
f 2108 2107 2109
f 2110 2108 2109
f 2110 2109 2111
f 2110 2111 2112
f 2113 2110 2112
f 2113 2112 2114
f 2115 2113 2114
f 2115 2114 2116
f 2117 2115 2116
f 2117 2116 2118
f 2119 2117 2118
f 2119 2118 2120
f 2121 2119 2120
f 2121 2120 2122
f 2123 2121 2122
f 2123 2122 2124
f 2125 2123 2124
f 2125 2124 2126
f 2127 2125 2126
f 2127 2126 2128
f 2129 2127 2128
f 2129 2128 2130
f 2131 2129 2130
f 2131 2130 2132
f 2133 2131 2132
f 2133 2132 2134
f 2135 2133 2134
f 2135 2134 2136
f 2137 2135 2136
f 2137 2136 2138
f 2139 2137 2138
f 2139 2138 2140
f 2141 2139 2140
f 2141 2140 2142
f 2143 2141 2142
f 2143 2142 2144
f 2145 2143 2144
f 2145 2144 2146
f 2147 2145 2146
f 2147 2146 2148
f 2149 2147 2148
f 2149 2148 2150
f 2151 2149 2150
f 2151 2150 2152
f 2153 2151 2152
f 2153 2152 2154
f 2155 2153 2154
f 2155 2154 2156
f 2157 2155 2156
f 2157 2156 2158
f 2159 2157 2158
f 2159 2158 2160
f 2161 2159 2160
f 2161 2160 2162
f 2163 2161 2162
f 2163 2162 2164
f 2165 2163 2164
f 2165 2164 2166
f 2167 2165 2166
f 2167 2166 2168
f 2167 2168 2169
f 2170 2167 2169
f 2170 2169 2171
f 2172 2170 2171
f 2172 2171 2173
f 2174 2172 2173
f 2174 2173 2175
f 2176 2174 2175
f 2176 2175 2177
f 2178 2176 2177
f 2178 2177 2179
f 2180 2178 2179
f 2180 2179 2181
f 2182 2180 2181
f 2182 2181 2183
f 2184 2182 2183
f 2184 2183 2185
f 2186 2184 2185
f 2186 2185 2187
f 2188 2186 2187
f 2188 2187 2189
f 2190 2188 2189
f 2190 2189 2191
f 2192 2190 2191
f 2192 2191 2193
f 2194 2192 2193
f 2194 2193 2195
f 2196 2194 2195
f 2196 2195 2197
f 2198 2196 2197
f 2198 2197 2199
f 2200 2198 2199
f 2200 2199 2201
f 2202 2200 2201
f 2202 2201 2203
f 2204 2202 2203
f 2204 2203 2205
f 2206 2204 2205
f 2206 2205 2207
f 2208 2206 2207
f 2208 2207 2209
f 2210 2208 2209
f 2210 2209 2211
f 2212 2210 2211
f 2212 2211 2213
f 2212 2213 2214
f 2215 2212 2214
f 2215 2214 2216
f 2217 2215 2216
f 2218 2217 2216
f 2218 2216 2219
f 2220 2218 2219
f 2220 2219 2221
f 2222 2220 2221
f 2222 2221 2223
f 2224 2222 2223
f 2224 2223 2225
f 2226 2224 2225
f 2226 2225 2227
f 2228 2226 2227
f 2228 2227 2229
f 2230 2228 2229
f 2230 2229 2231
f 2230 2231 2232
f 2233 2230 2232
f 2233 2232 2234
f 2235 2233 2234
f 2235 2234 2236
f 2237 2235 2236
f 2237 2236 2238
f 2239 2237 2238
f 2239 2238 2240
f 2241 2239 2240
f 2241 2240 2242
f 2243 2241 2242
f 2243 2242 2244
f 2245 2243 2244
f 2245 2244 2246
f 2247 2245 2246
f 2248 2247 2246
f 2248 2246 2249
f 2250 2248 2249
f 2250 2249 2251
f 2252 2250 2251
f 2252 2251 2253
f 2254 2252 2253
f 2255 2254 2253
f 2255 2253 2256
f 2257 2255 2256
f 2257 2256 2258
f 2259 2257 2258
f 2259 2258 2260
f 2261 2259 2260
f 2261 2260 2262
f 2263 2261 2262
f 2263 2262 2264
f 2265 2263 2264
f 2265 2264 2266
f 2267 2265 2266
f 2268 2267 2266
f 2268 2266 2269
f 2270 2268 2269
f 2270 2269 2271
f 2272 2270 2271
f 2272 2271 2273
f 2274 2272 2273
f 2274 2273 2275
f 2276 2274 2275
f 2277 2276 2275
f 2277 2275 2278
f 2279 2277 2278
f 2279 2278 2280
f 2281 2279 2280
f 2281 2280 2282
f 2283 2281 2282
f 2284 2283 2282
f 2284 2282 2285
f 2286 2284 2285
f 2286 2285 2287
f 2288 2286 2287
f 2288 2287 2289
f 2290 2288 2289
f 2290 2289 2291
f 2292 2290 2291
f 2292 2291 2293
f 2292 2293 2294
f 2295 2292 2294
f 2295 2294 2296
f 2297 2295 2296
f 2297 2296 2298
f 2299 2297 2298
f 2299 2298 2300
f 2301 2299 2300
f 2301 2300 2302
f 2303 2301 2302
f 2303 2302 2304
f 2305 2303 2304
f 2305 2304 2306
f 2307 2305 2306
f 2307 2306 2308
f 2309 2307 2308
f 2309 2308 2310
f 2311 2309 2310
f 2311 2310 2312
f 2313 2311 2312
f 2313 2312 2314
f 2315 2313 2314
f 2315 2314 2316
f 2317 2315 2316
f 2317 2316 2318
f 2319 2317 2318
f 2319 2318 2320
f 2321 2319 2320
f 2321 2320 2322
f 2323 2321 2322
f 2323 2322 2324
f 2325 2323 2324
f 2325 2324 2326
f 2327 2325 2326
f 2327 2326 2328
f 2329 2327 2328
f 2329 2328 2330
f 2331 2329 2330
f 2331 2330 2332
f 2333 2331 2332
f 2333 2332 2334
f 2335 2333 2334
f 2335 2334 2336
f 2337 2335 2336
f 2337 2336 2338
f 2339 2337 2338
f 2339 2338 2340
f 2341 2339 2340
f 2341 2340 2342
f 2343 2341 2342
f 2343 2342 2344
f 2345 2343 2344
f 2345 2344 2346
f 2347 2345 2346
f 2347 2346 2348
f 2349 2347 2348
f 2349 2348 2350
f 2349 2350 2351
f 2352 2349 2351
f 2352 2351 2353
f 2354 2352 2353
f 2354 2353 2355
f 2356 2354 2355
f 2356 2355 2357
f 2358 2356 2357
f 2358 2357 2359
f 2360 2358 2359
f 2360 2359 2361
f 2362 2360 2361
f 2362 2361 2363
f 2364 2362 2363
f 2364 2363 2365
f 2366 2364 2365
f 2366 2365 2367
f 2368 2366 2367
f 2368 2367 2369
f 2370 2368 2369
f 2371 2370 2369
f 2371 2369 2372
f 2371 2372 2373
f 2374 2371 2373
f 2374 2373 2375
f 2376 2374 2375
f 2376 2375 2377
f 2378 2376 2377
f 2378 2377 2379
f 2380 2378 2379
f 2380 2379 2381
f 2382 2380 2381
f 2382 2381 2383
f 2384 2382 2383
f 2384 2383 2385
f 2386 2384 2385
f 2386 2385 2387
f 2388 2386 2387
f 2388 2387 2389
f 2390 2388 2389
f 2390 2389 2391
f 2392 2390 2391
f 2392 2391 2393
f 2394 2392 2393
f 2394 2393 2395
f 2394 2395 2396
f 2397 2394 2396
f 2397 2396 2398
f 2399 2397 2398
f 2400 2399 2398
f 2400 2398 2401
f 2402 2400 2401
f 2402 2401 2403
f 2404 2402 2403
f 2404 2403 2405
f 2406 2404 2405
f 2406 2405 2407
f 2408 2406 2407
f 2408 2407 2409
f 2410 2408 2409
f 2410 2409 2411
f 2412 2410 2411
f 2412 2411 2413
f 2412 2413 2414
f 2415 2412 2414
f 2415 2414 2416
f 2417 2415 2416
f 2417 2416 2418
f 2419 2417 2418
f 2419 2418 2420
f 2421 2419 2420
f 2421 2420 2422
f 2423 2421 2422
f 2423 2422 2424
f 2425 2423 2424
f 2425 2424 2426
f 2427 2425 2426
f 2427 2426 2428
f 2429 2427 2428
f 2430 2429 2428
f 2430 2428 2431
f 2432 2430 2431
f 2432 2431 2433
f 2434 2432 2433
f 2434 2433 2435
f 2436 2434 2435
f 2436 2435 2437
f 2438 2436 2437
f 2439 2438 2437
f 2439 2437 2440
f 2441 2439 2440
f 2441 2440 2442
f 2443 2441 2442
f 2443 2442 2444
f 2445 2443 2444
f 2445 2444 2446
f 2447 2445 2446
f 2447 2446 2448
f 2449 2447 2448
f 2449 2448 2450
f 2451 2449 2450
f 2451 2450 2452
f 2453 2451 2452
f 2453 2452 2454
f 2455 2453 2454
f 2455 2454 2456
f 2457 2455 2456
f 2457 2456 2458
f 2459 2457 2458
f 2459 2458 2460
f 2461 2459 2460
f 2461 2460 2462
f 2463 2461 2462
f 2464 2463 2462
f 2464 2462 2465
f 2466 2464 2465
f 2466 2465 2467
f 2468 2466 2467
f 2468 2467 2469
f 2470 2468 2469
f 2470 2469 2471
f 2472 2470 2471
f 2472 2471 2473
f 2472 2473 2474
f 2475 2472 2474
f 2475 2474 2476
f 2477 2475 2476
f 2478 2477 2476
f 2478 2476 2479
f 2480 2478 2479
f 2480 2479 2481
f 2482 2480 2481
f 2482 2481 2483
f 2484 2482 2483
f 2484 2483 2485
f 2486 2484 2485
f 2486 2485 2487
f 2486 2487 2488
f 2489 2486 2488
f 2489 2488 2490
f 2491 2489 2490
f 2491 2490 2492
f 2493 2491 2492
f 2493 2492 2494
f 2495 2493 2494
f 2495 2494 2496
f 2497 2495 2496
f 2497 2496 2498
f 2499 2497 2498
f 2499 2498 2500
f 2501 2499 2500
f 2501 2500 2502
f 2503 2501 2502
f 2503 2502 2504
f 2505 2503 2504
f 2505 2504 2506
f 2507 2505 2506
f 2507 2506 2508
f 2509 2507 2508
f 2509 2508 2510
f 2511 2509 2510
f 2511 2510 2512
f 2513 2511 2512
f 2513 2512 2514
f 2515 2513 2514
f 2515 2514 2516
f 2517 2515 2516
f 2517 2516 2518
f 2519 2517 2518
f 2519 2518 2520
f 2521 2519 2520
f 2521 2520 2522
f 2523 2521 2522
f 2523 2522 2524
f 2525 2523 2524
f 2525 2524 2526
f 2527 2525 2526
f 2527 2526 2528
f 2529 2527 2528
f 2529 2528 2530
f 2531 2529 2530
f 2531 2530 2532
f 2533 2531 2532
f 2533 2532 2534
f 2535 2533 2534
f 2535 2534 2536
f 2537 2535 2536
f 2537 2536 2538
f 2539 2537 2538
f 2539 2538 2540
f 2541 2539 2540
f 2541 2540 2542
f 2543 2541 2542
f 2543 2542 2544
f 2543 2544 2545
f 2546 2543 2545
f 2546 2545 2547
f 2548 2546 2547
f 2548 2547 2549
f 2550 2548 2549
f 2550 2549 2551
f 2552 2550 2551
f 2552 2551 2553
f 2554 2552 2553
f 2554 2553 2555
f 2556 2554 2555
f 2556 2555 2557
f 2558 2556 2557
f 2558 2557 2559
f 2560 2558 2559
f 2560 2559 2561
f 2562 2560 2561
f 2562 2561 2563
f 2564 2562 2563
f 2564 2563 2565
f 2566 2564 2565
f 2566 2565 2567
f 2568 2566 2567
f 2568 2567 2569
f 2570 2568 2569
f 2570 2569 2571
f 2572 2570 2571
f 2572 2571 2573
f 2574 2572 2573
f 2574 2573 2575
f 2576 2574 2575
f 2576 2575 2577
f 2578 2576 2577
f 2578 2577 2579
f 2580 2578 2579
f 2580 2579 2581
f 2582 2580 2581
f 2582 2581 2583
f 2584 2582 2583
f 2584 2583 2585
f 2586 2584 2585
f 2586 2585 2587
f 2588 2586 2587
f 2588 2587 2589
f 2588 2589 2590
f 2591 2588 2590
f 2591 2590 2592
f 2593 2591 2592
f 2594 2593 2592
f 2594 2592 2595
f 2596 2594 2595
f 2596 2595 2597
f 2598 2596 2597
f 2598 2597 2599
f 2600 2598 2599
f 2600 2599 2601
f 2602 2600 2601
f 2602 2601 2603
f 2604 2602 2603
f 2604 2603 2605
f 2606 2604 2605
f 2606 2605 2607
f 2606 2607 2608
f 2609 2606 2608
f 2609 2608 2610
f 2611 2609 2610
f 2611 2610 2612
f 2613 2611 2612
f 2613 2612 2614
f 2615 2613 2614
f 2615 2614 2616
f 2617 2615 2616
f 2617 2616 2618
f 2619 2617 2618
f 2619 2618 2620
f 2621 2619 2620
f 2621 2620 2622
f 2623 2621 2622
f 2624 2623 2622
f 2624 2622 2625
f 2626 2624 2625
f 2626 2625 2627
f 2628 2626 2627
f 2628 2627 2629
f 2630 2628 2629
f 2631 2630 2629
f 2631 2629 2632
f 2633 2631 2632
f 2633 2632 2634
f 2635 2633 2634
f 2635 2634 2636
f 2637 2635 2636
f 2637 2636 2638
f 2639 2637 2638
f 2639 2638 2640
f 2641 2639 2640
f 2641 2640 2642
f 2643 2641 2642
f 2644 2643 2642
f 2644 2642 2645
f 2646 2644 2645
f 2646 2645 2647
f 2648 2646 2647
f 2648 2647 2649
f 2650 2648 2649
f 2651 2650 2649
f 2651 2649 2652
f 2653 2651 2652
f 2653 2652 2654
f 2655 2653 2654
f 2655 2654 2656
f 2657 2655 2656
f 2657 2656 2658
f 2659 2657 2658
f 2660 2659 2658
f 2660 2658 2661
f 2662 2660 2661
f 2662 2661 2663
f 2664 2662 2663
f 2664 2663 2665
f 2666 2664 2665
f 2666 2665 2667
f 2668 2666 2667
f 2668 2667 2669
f 2668 2669 2670
f 2671 2668 2670
f 2671 2670 2672
f 2673 2671 2672
f 2673 2672 2674
f 2675 2673 2674
f 2675 2674 2676
f 2677 2675 2676
f 2677 2676 2678
f 2679 2677 2678
f 2679 2678 2680
f 2681 2679 2680
f 2681 2680 2682
f 2683 2681 2682
f 2683 2682 2684
f 2685 2683 2684
f 2685 2684 2686
f 2687 2685 2686
f 2687 2686 2688
f 2689 2687 2688
f 2689 2688 2690
f 2691 2689 2690
f 2691 2690 2692
f 2693 2691 2692
f 2693 2692 2694
f 2695 2693 2694
f 2695 2694 2696
f 2697 2695 2696
f 2697 2696 2698
f 2699 2697 2698
f 2699 2698 2700
f 2701 2699 2700
f 2701 2700 2702
f 2703 2701 2702
f 2703 2702 2704
f 2705 2703 2704
f 2705 2704 2706
f 2707 2705 2706
f 2707 2706 2708
f 2709 2707 2708
f 2709 2708 2710
f 2711 2709 2710
f 2711 2710 2712
f 2713 2711 2712
f 2713 2712 2714
f 2715 2713 2714
f 2715 2714 2716
f 2717 2715 2716
f 2717 2716 2718
f 2719 2717 2718
f 2719 2718 2720
f 2721 2719 2720
f 2721 2720 2722
f 2723 2721 2722
f 2723 2722 2724
f 2725 2723 2724
f 2725 2724 2726
f 2725 2726 2727
f 2728 2725 2727
f 2728 2727 2729
f 2730 2728 2729
f 2730 2729 2731
f 2732 2730 2731
f 2732 2731 2733
f 2734 2732 2733
f 2734 2733 2735
f 2736 2734 2735
f 2736 2735 2737
f 2738 2736 2737
f 2738 2737 2739
f 2740 2738 2739
f 2740 2739 2741
f 2742 2740 2741
f 2742 2741 2743
f 2744 2742 2743
f 2744 2743 2745
f 2746 2744 2745
f 2746 2745 2747
f 2748 2746 2747
f 2748 2747 2749
f 2750 2748 2749
f 2750 2749 2751
f 2752 2750 2751
f 2752 2751 2753
f 2754 2752 2753
f 2754 2753 2755
f 2756 2754 2755
f 2756 2755 2757
f 2758 2756 2757
f 2758 2757 2759
f 2760 2758 2759
f 2760 2759 2761
f 2762 2760 2761
f 2762 2761 2763
f 2764 2762 2763
f 2764 2763 2765
f 2766 2764 2765
f 2766 2765 2767
f 2768 2766 2767
f 2768 2767 2769
f 2770 2768 2769
f 2770 2769 2771
f 2770 2771 2772
f 2773 2770 2772
f 2773 2772 2774
f 2775 2773 2774
f 2776 2775 2774
f 2776 2774 2777
f 2778 2776 2777
f 2778 2777 2779
f 2780 2778 2779
f 2780 2779 2781
f 2782 2780 2781
f 2782 2781 2783
f 2784 2782 2783
f 2784 2783 2785
f 2786 2784 2785
f 2786 2785 2787
f 2788 2786 2787
f 2788 2787 2789
f 2788 2789 2790
f 2791 2788 2790
f 2791 2790 2792
f 2793 2791 2792
f 2793 2792 2794
f 2795 2793 2794
f 2795 2794 2796
f 2797 2795 2796
f 2797 2796 2798
f 2799 2797 2798
f 2799 2798 2800
f 2801 2799 2800
f 2801 2800 2802
f 2803 2801 2802
f 2803 2802 2804
f 2805 2803 2804
f 2806 2805 2804
f 2806 2804 2807
f 2808 2806 2807
f 2808 2807 2809
f 2810 2808 2809
f 2811 2810 2809
f 2811 2809 2812
f 2813 2811 2812
f 2813 2812 2814
f 2815 2813 2814
f 2815 2814 2816
f 2817 2815 2816
f 2817 2816 2818
f 2819 2817 2818
f 2819 2818 2820
f 2821 2819 2820
f 2821 2820 2822
f 2823 2821 2822
f 2823 2822 2824
f 2825 2823 2824
f 2826 2825 2824
f 2826 2824 2827
f 2828 2826 2827
f 2828 2827 2829
f 2830 2828 2829
f 2830 2829 2831
f 2832 2830 2831
f 2833 2832 2831
f 2833 2831 2834
f 2835 2833 2834
f 2835 2834 2836
f 2837 2835 2836
f 2837 2836 2838
f 2839 2837 2838
f 2839 2838 2840
f 2841 2839 2840
f 2842 2841 2840
f 2842 2840 2843
f 2844 2842 2843
f 2844 2843 2845
f 2846 2844 2845
f 2846 2845 2847
f 2848 2846 2847
f 2848 2847 2849
f 2850 2848 2849
f 2850 2849 2851
f 2850 2851 2852
f 2853 2850 2852
f 2853 2852 2854
f 2855 2853 2854
f 2855 2854 2856
f 2857 2855 2856
f 2857 2856 2858
f 2859 2857 2858
f 2859 2858 2860
f 2861 2859 2860
f 2861 2860 2862
f 2863 2861 2862
f 2863 2862 2864
f 2865 2863 2864
f 2865 2864 2866
f 2867 2865 2866
f 2867 2866 2868
f 2869 2867 2868
f 2869 2868 2870
f 2871 2869 2870
f 2871 2870 2872
f 2873 2871 2872
f 2873 2872 2874
f 2875 2873 2874
f 2875 2874 2876
f 2877 2875 2876
f 2877 2876 2878
f 2879 2877 2878
f 2879 2878 2880
f 2881 2879 2880
f 2881 2880 2882
f 2883 2881 2882
f 2883 2882 2884
f 2885 2883 2884
f 2885 2884 2886
f 2887 2885 2886
f 2887 2886 2888
f 2889 2887 2888
f 2889 2888 2890
f 2891 2889 2890
f 2891 2890 2892
f 2893 2891 2892
f 2893 2892 2894
f 2895 2893 2894
f 2895 2894 2896
f 2897 2895 2896
f 2897 2896 2898
f 2899 2897 2898
f 2899 2898 2900
f 2901 2899 2900
f 2901 2900 2902
f 2903 2901 2902
f 2903 2902 2904
f 2905 2903 2904
f 2905 2904 2906
f 2907 2905 2906
f 2907 2906 2908
f 2907 2908 2909
f 2910 2907 2909
f 2910 2909 2911
f 2912 2910 2911
f 2912 2911 2913
f 2914 2912 2913
f 2914 2913 2915
f 2916 2914 2915
f 2916 2915 2917
f 2918 2916 2917
f 2918 2917 2919
f 2920 2918 2919
f 2920 2919 2921
f 2922 2920 2921
f 2922 2921 2923
f 2924 2922 2923
f 2924 2923 2925
f 2926 2924 2925
f 2926 2925 2927
f 2928 2926 2927
f 2928 2927 2929
f 2930 2928 2929
f 2930 2929 2931
f 2932 2930 2931
f 2932 2931 2933
f 2934 2932 2933
f 2934 2933 2935
f 2936 2934 2935
f 2936 2935 2937
f 2938 2936 2937
f 2938 2937 2939
f 2940 2938 2939
f 2940 2939 2941
f 2942 2940 2941
f 2942 2941 2943
f 2944 2942 2943
f 2944 2943 2945
f 2946 2944 2945
f 2946 2945 2947
f 2948 2946 2947
f 2948 2947 2949
f 2950 2948 2949
f 2950 2949 2951
f 2952 2950 2951
f 2952 2951 2953
f 2952 2953 2954
f 2955 2952 2954
f 2955 2954 2956
f 2957 2955 2956
f 2958 2957 2956
f 2958 2956 2959
f 2960 2958 2959
f 2960 2959 2961
f 2962 2960 2961
f 2962 2961 2963
f 2964 2962 2963
f 2964 2963 2965
f 2966 2964 2965
f 2966 2965 2967
f 2968 2966 2967
f 2968 2967 2969
f 2970 2968 2969
f 2970 2969 2971
f 2970 2971 2972
f 2973 2970 2972
f 2973 2972 2974
f 2975 2973 2974
f 2975 2974 2976
f 2977 2975 2976
f 2977 2976 2978
f 2979 2977 2978
f 2979 2978 2980
f 2981 2979 2980
f 2981 2980 2982
f 2983 2981 2982
f 2983 2982 2984
f 2985 2983 2984
f 2985 2984 2986
f 2987 2985 2986
f 2988 2987 2986
f 2988 2986 2989
f 2990 2988 2989
f 2990 2989 2991
f 2992 2990 2991
f 2992 2991 2993
f 2994 2992 2993
f 2995 2994 2993
f 2995 2993 2996
f 2997 2995 2996
f 2997 2996 2998
f 2999 2997 2998
f 2999 2998 3000
f 3001 2999 3000
f 3001 3000 3002
f 1145 3001 3002
f 1145 3002 1143
f 3003 3004 3005
f 3006 3004 3003
f 3003 3005 3007
f 3007 3005 3008
f 3008 3005 3009
f 3009 3005 3010
f 3009 3010 3011
f 3011 3010 3012
f 3012 3010 3013
f 3012 3013 3014
f 3014 3013 3015
f 3014 3015 3016
f 3016 3015 3017
f 3017 3015 3018
f 3017 3018 3019
f 3019 3018 3020
f 3020 3018 3021
f 3020 3021 3022
f 3022 3021 3023
f 3022 3023 3024
f 3024 3023 3025
f 3025 3023 3026
f 3025 3026 3027
f 3027 3026 3028
f 3027 3028 3029
f 3027 3029 3030
f 3030 3029 3031
f 3030 3031 3032
f 3030 3032 3033
f 3033 3032 3034
f 3034 3032 3035
f 3033 3034 3036
f 3033 3036 3037
f 3033 3037 3038
f 3033 3038 3039
f 3040 3039 3038
f 3040 3041 3039
f 3040 3038 3042
f 3040 3042 3043
f 3040 3043 3044
f 3044 3043 3045
f 3044 3045 3046
f 3046 3045 3047
f 3046 3047 3048
f 3048 3047 3049
f 3048 3049 3050
f 3050 3049 3051
f 3050 3051 3052
f 3052 3051 3053
f 3052 3053 3054
f 3054 3053 3055
f 3054 3055 3056
f 3054 3056 3057
f 3057 3056 3058
f 3057 3058 3059
f 3059 3058 3060
f 3059 3060 3061
f 3061 3060 3062
f 3061 3062 3063
f 3061 3063 3064
f 3061 3064 3065
f 3065 3064 3066
f 3067 3066 3064
f 3065 3066 3068
f 3068 3066 3069
f 3068 3069 3070
f 3070 3069 3071
f 3071 3069 3072
f 3072 3069 3073
f 3071 3072 3074
f 3073 3069 3075
f 3075 3069 3076
f 3076 3069 3077
f 3077 3069 3078
f 3078 3069 3079
f 3079 3069 3080
f 3079 3080 3081
f 3081 3080 3082
f 3082 3080 3083
f 3083 3080 3084
f 3083 3084 3085
f 3085 3084 3086
f 3086 3084 3087
f 3086 3087 3088
f 3088 3087 3089
f 3088 3089 3090
f 3090 3089 3091
f 3091 3089 3092
f 3091 3092 3093
f 3093 3092 3094
f 3094 3092 3095
f 3094 3095 3096
f 3096 3095 3097
f 3096 3097 3098
f 3098 3097 3099
f 3099 3097 3100
f 3099 3100 3101
f 3101 3100 3102
f 3101 3102 3103
f 3101 3103 3104
f 3104 3103 3105
f 3104 3105 3106
f 3104 3106 3107
f 3107 3106 3108
f 3104 3107 3109
f 3109 3107 3110
f 3109 3110 3111
f 3111 3110 3112
f 3112 3110 3113
f 3112 3113 3114
f 3112 3114 3115
f 3115 3114 3116
f 3115 3116 3117
f 3115 3117 3118
f 3118 3117 3119
f 3118 3119 3120
f 3118 3120 3121
f 3121 3120 3122
f 3121 3122 3123
f 3123 3122 3124
f 3123 3124 3125
f 3123 3125 3126
f 3126 3125 3127
f 3126 3127 3128
f 3126 3128 3129
f 3126 3129 3130
f 3130 3129 3131
f 3130 3131 3132
f 3130 3132 3133
f 3133 3132 3134
f 3133 3134 3135
f 3135 3134 3136
f 3135 3136 3137
f 3137 3136 3138
f 3137 3138 3139
f 3139 3138 3140
f 3139 3140 3141
f 3141 3140 3142
f 3141 3142 3143
f 3143 3142 3144
f 3143 3144 3145
f 3145 3144 3146
f 3146 3144 3147
f 3147 3144 3148
f 3147 3148 3149
f 3149 3148 3150
f 3150 3148 3151
f 3151 3148 3152
f 3151 3152 3153
f 3151 3153 3154
f 3154 3153 3155
f 3154 3155 3156
f 3154 3156 3157
f 3157 3156 3158
f 3154 3157 3159
f 3154 3159 3160
f 3154 3160 3161
f 3161 3160 3162
f 3161 3162 3163
f 3161 3163 3164
f 3164 3163 3165
f 3164 3165 3166
f 3164 3166 3167
f 3167 3166 3168
f 3167 3168 3169
f 3167 3169 3170
f 3167 3170 3171
f 3171 3170 3172
f 3171 3172 3173
f 3171 3173 3174
f 3174 3173 3175
f 3174 3175 3176
f 3176 3175 3177
f 3176 3177 3178
f 3176 3178 3179
f 3179 3178 3180
f 3179 3180 3181
f 3181 3180 3182
f 3181 3182 3183
f 3181 3183 3184
f 3184 3183 3185
f 3184 3185 3186
f 3186 3185 3187
f 3186 3187 3188
f 3186 3188 3189
f 3189 3188 3190
f 3189 3190 3191
f 3189 3191 3192
f 3192 3191 3193
f 3192 3193 3194
f 3194 3193 3195
f 3194 3195 3196
f 3196 3195 3197
f 3197 3195 3198
f 3197 3198 3199
f 3199 3198 3200
f 3200 3198 3201
f 3201 3198 3202
f 3200 3201 3203
f 3200 3203 3204
f 3200 3204 3205
f 3200 3205 3206
f 3206 3205 3207
f 3206 3207 3208
f 3206 3208 3209
f 3206 3209 3210
f 3210 3209 3211
f 3210 3211 3212
f 3210 3212 3213
f 3213 3212 3214
f 3213 3214 3215
f 3215 3214 3216
f 3215 3216 3217
f 3217 3216 3218
f 3217 3218 3219
f 3219 3218 3220
f 3219 3220 3221
f 3221 3220 3222
f 3222 3220 3223
f 3222 3223 3224
f 3224 3223 3225
f 3225 3223 3226
f 3225 3226 3227
f 3227 3226 3228
f 3227 3228 3229
f 3229 3228 3230
f 3229 3230 3231
f 3231 3230 3232
f 3232 3230 3233
f 3232 3233 3234
f 3234 3233 3235
f 3235 3233 3236
f 3236 3233 3237
f 3236 3237 3238
f 3238 3237 3239
f 3239 3237 3240
f 3239 3240 3241
f 3201 3202 3242
f 3242 3202 3243
f 3243 3202 3244
f 3244 3202 3245
f 3244 3245 3246
f 3246 3245 3247
f 3247 3245 3248
f 3248 3245 3249
f 3248 3249 3250
f 3250 3249 3251
f 3251 3249 3252
f 3251 3252 3253
f 3253 3252 3254
f 3253 3254 3255
f 3255 3254 3256
f 3255 3256 3257
f 3257 3256 3258
f 3257 3258 3259
f 3257 3259 3260
f 3260 3259 3261
f 3260 3261 3262
f 3262 3261 3263
f 3262 3263 3264
f 3264 3263 3265
f 3264 3265 3266
f 3266 3265 3267
f 3267 3265 3268
f 3267 3268 3269
f 3269 3268 3270
f 3269 3270 3271
f 3271 3270 3272
f 3272 3270 3273
f 3273 3270 3274
f 3273 3274 3275
f 3275 3274 3276
f 3276 3274 3277
f 3276 3277 3278
f 3278 3277 3279
f 3278 3279 3280
f 3280 3279 3281
f 3281 3279 3282
f 3281 3282 3283
f 3283 3282 3284
f 3284 3282 3285
f 3285 3282 3286
f 3284 3285 3287
f 3284 3287 3288
f 3284 3288 3289
f 3289 3288 3290
f 3289 3290 3291
f 3289 3291 3292
f 3289 3292 3293
f 3293 3292 3294
f 3293 3294 3295
f 3293 3295 3296
f 3296 3295 3297
f 3296 3297 3298
f 3296 3298 3299
f 3299 3298 3300
f 3299 3300 3301
f 3299 3301 3302
f 3302 3301 3303
f 3302 3303 3304
f 3304 3303 3305
f 3304 3305 3306
f 3304 3306 3307
f 3304 3307 3308
f 3304 3308 3309
f 3304 3309 3310
f 3310 3309 3311
f 3310 3311 3312
f 3310 3312 3313
f 3314 3313 3312
f 3310 3313 3315
f 3310 3315 3316
f 3310 3316 3317
f 3310 3317 3318
f 3318 3317 3319
f 3318 3319 3320
f 3318 3320 3321
f 3318 3321 3322
f 3322 3321 3323
f 3322 3323 3324
f 3322 3324 3325
f 3322 3325 3326
f 3322 3326 3327
f 3327 3326 3328
f 3327 3328 3329
f 3327 3329 3330
f 3327 3330 3331
f 3331 3330 3332
f 3331 3332 3333
f 3331 3333 3334
f 3334 3333 3335
f 3334 3335 3336
f 3334 3336 3337
f 3337 3336 3338
f 3337 3338 3339
f 3339 3338 3340
f 3340 3338 3341
f 3340 3341 3342
f 3342 3341 3343
f 3342 3343 3344
f 3344 3343 3345
f 3345 3343 3346
f 3345 3346 3347
f 3347 3346 3348
f 3347 3348 3349
f 3349 3348 3350
f 3349 3350 3351
f 3351 3350 3352
f 3351 3352 3353
f 3353 3352 3354
f 3354 3352 3355
f 3355 3352 3356
f 3355 3356 3357
f 3357 3356 3358
f 3357 3358 3359
f 3359 3358 3360
f 3359 3360 3361
f 3361 3360 3362
f 3361 3362 3363
f 3363 3362 3364
f 3363 3364 3365
f 3365 3364 3366
f 3366 3364 3367
f 3367 3364 3368
f 3367 3368 3369
f 3369 3368 3370
f 3369 3370 3371
f 3371 3370 3372
f 3371 3372 3373
f 3373 3372 3374
f 3373 3374 3375
f 3375 3374 3376
f 3375 3376 3377
f 3377 3376 3378
f 3377 3378 3379
f 3379 3378 3380
f 3379 3380 3381
f 3381 3380 3382
f 3312 3383 3314
f 3314 3383 3384
f 3384 3383 3385
f 3385 3383 3386
f 3386 3383 3387
f 3387 3383 3388
f 3388 3383 3389
f 3389 3383 3390
f 3390 3383 3391
f 3390 3391 3392
f 3392 3391 3393
f 3393 3391 3394
f 3394 3391 3395
f 3395 3391 3396
f 3396 3391 3397
f 3397 3391 3398
f 3397 3398 3399
f 3399 3398 3400
f 3400 3398 3401
f 3400 3401 3402
f 3402 3401 3403
f 3402 3403 3404
f 3404 3403 3405
f 3404 3405 3406
f 3404 3406 3407
f 3407 3406 3408
f 3407 3408 3409
f 3409 3408 3410
f 3409 3410 3411
f 3411 3410 3412
f 3411 3412 3413
f 3413 3412 3414
f 3413 3414 3415
f 3415 3414 3416
f 3415 3416 3417
f 3417 3416 3418
f 3418 3416 3419
f 3418 3419 3420
f 3420 3419 3421
f 3421 3419 3422
f 3421 3422 3423
f 3423 3422 3424
f 3423 3424 3425
f 3425 3424 3426
f 3425 3426 3427
f 3427 3426 3428
f 3427 3428 3429
f 3429 3428 3430
f 3429 3430 3431
f 3431 3430 3432
f 3431 3432 3433
f 3433 3432 3434
f 3433 3434 3435
f 3435 3434 3436
f 3435 3436 3437
f 3437 3436 3438
f 3437 3438 3439
f 3439 3438 3440
f 3440 3438 3441
f 3440 3441 3442
f 3442 3441 3443
f 3442 3443 3444
f 3444 3443 3445
f 3444 3445 3446
f 3446 3445 3447
f 3446 3447 3448
f 3446 3448 3449
f 3449 3448 3450
f 3449 3450 3451
f 3451 3450 3452
f 3451 3452 3453
f 3453 3452 3454
f 3453 3454 3455
f 3455 3454 3456
f 3455 3456 3457
f 3457 3456 3458
f 3457 3458 3459
f 3459 3458 3460
f 3459 3460 3461
f 3459 3461 3462
f 3459 3462 3463
f 3459 3463 3464
f 3464 3463 3465
f 3464 3465 3466
f 3466 3465 3467
f 3466 3467 3468
f 3286 3282 3469
f 3286 3469 3470
f 3470 3469 3471
f 3471 3469 3472
f 3472 3469 3473
f 3473 3469 3474
f 3473 3474 3475
f 3475 3474 3476
f 3476 3474 3477
f 3477 3474 3478
f 3478 3474 3479
f 3479 3474 3480
f 3479 3480 3481
f 3481 3480 3482
f 3482 3480 3483
f 3482 3483 3484
f 3482 3484 3485
f 3485 3484 3486
f 3485 3486 3487
f 3487 3486 3488
f 3487 3488 3489
f 3489 3488 3490
f 3489 3490 3491
f 3489 3491 3492
f 3489 3492 3493
f 3493 3492 3494
f 3493 3494 3495
f 3495 3494 3496
f 3495 3496 3497
f 3495 3497 3498
f 3498 3497 3499
f 3498 3499 3500
f 3498 3500 3501
f 3501 3500 3502
f 3501 3502 3503
f 3503 3502 3504
f 3503 3504 3505
f 3503 3505 3506
f 3506 3505 3507
f 3506 3507 3508
f 3508 3507 3509
f 3509 3507 3510
f 3509 3510 3511
f 3511 3510 3512
f 3511 3512 3513
f 3511 3513 3514
f 3514 3513 3515
f 3514 3515 3516
f 3516 3515 3517
f 3517 3515 3518
f 3517 3518 3519
f 3519 3518 3520
f 3519 3520 3521
f 3521 3520 3522
f 3157 3158 3523
f 3523 3158 3524
f 3524 3158 3525
f 3524 3525 3526
f 3526 3525 3527
f 3527 3525 3528
f 3528 3525 3529
f 3528 3529 3530
f 3530 3529 3531
f 3531 3529 3532
f 3531 3532 3533
f 3531 3533 3534
f 3534 3533 3535
f 3534 3535 3536
f 3534 3536 3537
f 3537 3536 3538
f 3537 3538 3539
f 3539 3538 3540
f 3539 3540 3541
f 3541 3540 3542
f 3541 3542 3543
f 3107 3108 3544
f 3544 3108 3545
f 3544 3545 3546
f 3544 3546 3547
f 3547 3546 3548
f 3547 3548 3549
f 3549 3548 3550
f 3549 3550 3551
f 3551 3550 3552
f 3551 3552 3553
f 3553 3552 3554
f 3553 3554 3555
f 3555 3554 3556
f 3555 3556 3557
f 3557 3556 3558
f 3558 3556 3559
f 3558 3559 3560
f 3560 3559 3561
f 3561 3559 3004
f 3561 3004 3562
f 3562 3004 3563
f 3563 3004 3564
f 3564 3004 3565
f 3563 3564 3566
f 3565 3004 3567
f 3567 3004 3568
f 3568 3004 3569
f 3569 3004 3006
f 3570 3066 3067
f 3571 3066 3570
f 3571 3572 3066
f 3573 3572 3571
f 3574 3572 3573
f 3574 3575 3572
f 3576 3575 3574
f 3576 3577 3575
f 3576 3578 3577
f 3578 3579 3577
f 3580 3579 3578
f 3580 3581 3579
f 3582 3581 3580
f 3582 3583 3581
f 3584 3583 3582
f 3584 3585 3583
f 3034 3585 3584
f 3034 3035 3585
f 3586 3041 3040
f 3587 3041 3586
f 3587 3588 3041
f 3589 3588 3587
f 3589 3590 3588
f 3591 3590 3589
f 3591 3592 3590
f 3593 3592 3591
f 3593 3594 3592
f 3595 3594 3593
f 3595 3596 3594
f 3597 3596 3595
f 3597 3598 3596
f 3599 3598 3597
f 3600 3598 3599
f 3600 3601 3598
f 3602 3601 3600
f 3602 3603 3601
f 3604 3603 3602
f 3604 3605 3603
f 3606 3605 3604
f 3606 3607 3605
f 3608 3607 3606
f 3608 3609 3607
f 3610 3609 3608
f 3610 3611 3609
f 3612 3611 3610
f 3612 3613 3611
f 3612 3614 3613
f 3612 3615 3614
f 3616 3615 3612
f 3616 3617 3615
f 3616 3618 3617
f 3616 3619 3618
f 3620 3619 3616
f 3621 3619 3620
f 3621 3622 3619
f 3623 3622 3621
f 3624 3622 3623
f 3625 3622 3624
f 3626 3622 3625
f 3625 3624 3627
f 3625 3627 3628
f 3628 3627 3629
f 3629 3627 3630
f 3629 3630 3631
f 3631 3630 3632
f 3632 3630 3633
f 3633 3630 3634
f 3633 3634 3635
f 3635 3634 3636
f 3636 3634 3637
f 3636 3637 3638
f 3636 3638 3639
f 3639 3638 3640
f 3639 3640 3641
f 3639 3641 3642
f 3642 3641 3643
f 3642 3643 3644
f 3644 3643 3645
f 3644 3645 3646
f 3646 3645 3647
f 3646 3647 3648
f 3649 3622 3626
f 3649 3650 3622
f 3651 3650 3649
f 3652 3650 3651
f 3652 3653 3650
f 3654 3653 3652
f 3655 3653 3654
f 3655 3656 3653
f 3657 3656 3655
f 3658 3656 3657
f 3659 3656 3658
f 3659 3660 3656
f 3661 3660 3659
f 3662 3660 3661
f 3662 3663 3660
f 3664 3663 3662
f 3664 3665 3663
f 3666 3665 3664
f 3667 3665 3666
f 3667 3668 3665
f 3669 3668 3667
f 3669 3670 3668
f 3671 3670 3669
f 3672 3670 3671
f 3672 3673 3670
f 3674 3673 3672
f 3674 3675 3673
f 3676 3675 3674
f 3677 3675 3676
f 3677 3678 3675
f 3679 3678 3677
f 3680 3678 3679
f 3680 3681 3678
f 3682 3681 3680
f 3682 3683 3681
f 3684 3683 3682
f 3684 3685 3683
f 3684 3686 3685
f 3687 3686 3684
f 3687 3688 3686
f 3687 3689 3688
f 3690 3689 3687
f 3691 3689 3690
f 3690 3687 3692
f 3690 3692 3693
f 3693 3692 3694
f 3694 3692 3695
f 3695 3692 3696
f 3695 3696 3697
f 3697 3696 3698
f 3698 3696 3699
f 3699 3696 3700
f 3699 3700 3701
f 3701 3700 3702
f 3702 3700 3703
f 3702 3703 3704
f 3704 3703 3705
f 3704 3705 3706
f 3706 3705 3707
f 3706 3707 3708
f 3708 3707 3709
f 3708 3709 3710
f 3708 3710 3711
f 3711 3710 3712
f 3711 3712 3713
f 3713 3712 3714
f 3713 3714 3715
f 3715 3714 3716
f 3715 3716 3717
f 3717 3716 3718
f 3718 3716 3719
f 3718 3719 3720
f 3720 3719 3721
f 3720 3721 3722
f 3722 3721 3723
f 3723 3721 3724
f 3724 3721 3725
f 3724 3725 3726
f 3726 3725 3727
f 3727 3725 3728
f 3727 3728 3729
f 3729 3728 3730
f 3729 3730 3731
f 3731 3730 3732
f 3732 3730 3733
f 3732 3733 3734
f 3734 3733 3735
f 3735 3733 3736
f 3736 3733 3737
f 3735 3736 3738
f 3735 3738 3739
f 3735 3739 3740
f 3740 3739 3741
f 3740 3741 3742
f 3740 3742 3743
f 3740 3743 3744
f 3744 3743 3745
f 3744 3745 3746
f 3744 3746 3747
f 3747 3746 3748
f 3747 3748 3749
f 3747 3749 3750
f 3750 3749 3751
f 3750 3751 3752
f 3750 3752 3753
f 3753 3752 3754
f 3753 3754 3755
f 3755 3754 3756
f 3755 3756 3757
f 3755 3757 3758
f 3755 3758 3759
f 3755 3759 3760
f 3755 3760 3761
f 3761 3760 3762
f 3761 3762 3763
f 3761 3763 3764
f 3764 3763 3765
f 3761 3764 3766
f 3761 3766 3767
f 3761 3767 3768
f 3761 3768 3769
f 3769 3768 3770
f 3769 3770 3771
f 3769 3771 3772
f 3769 3772 3773
f 3773 3772 3774
f 3773 3774 3775
f 3773 3775 3776
f 3773 3776 3777
f 3773 3777 3778
f 3778 3777 3779
f 3778 3779 3780
f 3778 3780 3781
f 3778 3781 3782
f 3782 3781 3783
f 3782 3783 3784
f 3782 3784 3785
f 3785 3784 3786
f 3785 3786 3787
f 3785 3787 3788
f 3788 3787 3789
f 3788 3789 3790
f 3790 3789 3791
f 3791 3789 3792
f 3791 3792 3793
f 3793 3792 3794
f 3793 3794 3795
f 3795 3794 3796
f 3796 3794 3797
f 3796 3797 3798
f 3798 3797 3799
f 3798 3799 3800
f 3800 3799 3801
f 3800 3801 3802
f 3802 3801 3803
f 3802 3803 3804
f 3804 3803 3805
f 3805 3803 3806
f 3806 3803 3807
f 3806 3807 3808
f 3808 3807 3809
f 3808 3809 3810
f 3810 3809 3811
f 3810 3811 3812
f 3812 3811 3813
f 3812 3813 3814
f 3814 3813 3815
f 3814 3815 3816
f 3816 3815 3817
f 3817 3815 3818
f 3818 3815 3819
f 3818 3819 3820
f 3820 3819 3821
f 3820 3821 3822
f 3822 3821 3823
f 3822 3823 3824
f 3824 3823 3825
f 3824 3825 3826
f 3826 3825 3827
f 3826 3827 3828
f 3764 3765 3829
f 3829 3765 3830
f 3830 3765 3831
f 3831 3765 3832
f 3832 3765 3833
f 3833 3765 3834
f 3834 3765 3835
f 3835 3765 3836
f 3836 3765 3837
f 3836 3837 3838
f 3838 3837 3839
f 3839 3837 3840
f 3840 3837 3841
f 3841 3837 3842
f 3842 3837 3843
f 3843 3837 3844
f 3843 3844 3845
f 3845 3844 3846
f 3846 3844 3847
f 3846 3847 3848
f 3848 3847 3849
f 3848 3849 3850
f 3850 3849 3851
f 3850 3851 3852
f 3850 3852 3853
f 3853 3852 3854
f 3853 3854 3855
f 3855 3854 3856
f 3855 3856 3857
f 3857 3856 3858
f 3857 3858 3859
f 3859 3858 3860
f 3859 3860 3861
f 3861 3860 3862
f 3861 3862 3863
f 3863 3862 3864
f 3864 3862 3865
f 3864 3865 3866
f 3866 3865 3867
f 3867 3865 3868
f 3867 3868 3869
f 3869 3868 3870
f 3869 3870 3871
f 3871 3870 3872
f 3871 3872 3873
f 3873 3872 3874
f 3873 3874 3875
f 3875 3874 3876
f 3875 3876 3877
f 3877 3876 3878
f 3877 3878 3879
f 3879 3878 3880
f 3879 3880 3881
f 3881 3880 3882
f 3881 3882 3883
f 3883 3882 3884
f 3883 3884 3885
f 3885 3884 3886
f 3886 3884 3887
f 3886 3887 3888
f 3888 3887 3889
f 3888 3889 3890
f 3890 3889 3891
f 3890 3891 3892
f 3892 3891 3893
f 3892 3893 3894
f 3892 3894 3895
f 3895 3894 3896
f 3895 3896 3897
f 3897 3896 3898
f 3897 3898 3899
f 3899 3898 3900
f 3899 3900 3901
f 3901 3900 3902
f 3901 3902 3903
f 3903 3902 3904
f 3903 3904 3905
f 3905 3904 3906
f 3905 3906 3907
f 3905 3907 3908
f 3905 3908 3909
f 3905 3909 3910
f 3910 3909 3911
f 3910 3911 3912
f 3912 3911 3913
f 3912 3913 3914
f 3737 3733 3915
f 3737 3915 3916
f 3916 3915 3917
f 3917 3915 3918
f 3918 3915 3919
f 3919 3915 3920
f 3919 3920 3921
f 3921 3920 3922
f 3922 3920 3923
f 3923 3920 3924
f 3924 3920 3925
f 3925 3920 3926
f 3925 3926 3927
f 3927 3926 3928
f 3928 3926 3929
f 3928 3929 3930
f 3928 3930 3931
f 3931 3930 3932
f 3931 3932 3933
f 3933 3932 3934
f 3933 3934 3935
f 3935 3934 3936
f 3935 3936 3937
f 3935 3937 3938
f 3935 3938 3939
f 3939 3938 3940
f 3939 3940 3941
f 3941 3940 3942
f 3941 3942 3943
f 3941 3943 3944
f 3944 3943 3945
f 3944 3945 3946
f 3946 3945 3947
f 3946 3947 3948
f 3948 3947 3949
f 3948 3949 3950
f 3948 3950 3951
f 3951 3950 3952
f 3951 3952 3953
f 3953 3952 3954
f 3954 3952 3955
f 3954 3955 3956
f 3956 3955 3957
f 3956 3957 3958
f 3956 3958 3959
f 3959 3958 3960
f 3959 3960 3961
f 3961 3960 3962
f 3961 3962 3963
f 3961 3963 3964
f 3964 3963 3965
f 3964 3965 3966
f 3966 3965 3967
f 3966 3967 3968
f 3968 3967 3969
f 3968 3969 3970
f 3970 3969 3971
f 3970 3971 3972
f 3973 3689 3691
f 3974 3689 3973
f 3974 3975 3689
f 3976 3975 3974
f 3977 3975 3976
f 3978 3975 3977
f 3978 3979 3975
f 3980 3979 3978
f 3981 3979 3980
f 3981 3982 3979
f 3983 3982 3981
f 3983 3984 3982
f 3985 3984 3983
f 3985 3986 3984
f 3987 3986 3985
f 3988 3986 3987
f 3988 3987 3989
f 3988 3989 3990
f 3990 3989 3991
f 3991 3989 3992
f 3991 3992 3993
f 3993 3992 3994
f 3994 3992 3995
f 3994 3995 3996
f 3996 3995 3997
f 3996 3997 3998
f 3998 3997 3999
f 3998 3999 4000
f 4000 3999 4001
f 4001 3999 4002
f 4001 4002 4003
f 4003 4002 4004
f 4004 4002 4005
f 4005 4002 4006
f 4005 4006 4007
f 4007 4006 4008
f 4008 4006 4009
f 4008 4009 4010
