2356 2364 0
v -0.091492755 -0.0388986 0.000594315
v -0.091501935 -0.03890061 -0.00868578
v -0.08944125 -0.038448435 -0.008295075
v -0.09157569 -0.038916795 0.000756435
v -0.09136779 -0.038871165 0.00046347
v -0.091215645 -0.038837775 0.000384885
v -0.09103137 -0.03879735 0.00035157
v -0.09084711 -0.038756925 0.000384885
v -0.09069498 -0.038723535 0.00046347
v -0.09057 -0.038696115 0.000594315
v -0.090487065 -0.038677905 0.000756435
v -0.090461085 -0.038672205 0.0009375
v -0.09150465 -0.03890121 0.010561905
v -0.08944125 -0.038448435 0.010170075
v -0.090487065 -0.038677905 0.001118565
v -0.09057 -0.038696115 0.001280685
v -0.09069498 -0.038723535 0.00141153
v -0.09084711 -0.038756925 0.001490115
v -0.09103137 -0.03879735 0.001523445
v -0.091215645 -0.038837775 0.001490115
v -0.09136779 -0.038871165 0.00141153
v -0.091492755 -0.0388986 0.001280685
v -0.09157569 -0.038916795 0.001118565
v -0.09352209 -0.03934389 0.01097913
v -0.091601685 -0.038922495 0.0009375
v -0.09180387 -0.03896685 -0.0037527
v -0.091799475 -0.03896589 -0.003987075
v -0.091859265 -0.038979015 -0.00352404
v -0.091963335 -0.039001845 -0.003313935
v -0.09210966 -0.03903396 -0.003133635
v -0.092291595 -0.039073875 -0.002990655
v -0.092501265 -0.03911988 -0.002892435
v -0.092725875 -0.03916917 -0.00284493
v -0.092953905 -0.03921921 -0.002849235
v -0.09317814 -0.03926841 -0.00290613
v -0.09489459 -0.03964506 -0.00356001
v -0.09549354 -0.039776475 0.011421705
v -0.095431005 -0.039762765 -0.00374232
v -0.09599676 -0.039886905 -0.003881595
v -0.09741894 -0.040198965 0.01188969
v -0.09659301 -0.040017735 -0.003979095
v -0.096902895 -0.04008573 -0.0040125
v -0.097219185 -0.040155135 -0.00403419
v -0.09754071 -0.040225695 -0.00404286
v -0.09929286 -0.04061016 0.01238442
v -0.097867185 -0.040297335 -0.004038015
v -0.09820032 -0.04037043 -0.004020975
v -0.098538765 -0.040444695 -0.003991125
v -0.098880945 -0.040519785 -0.003947685
v -0.09922527 -0.04059534 -0.00388986
v -0.09957252 -0.040671525 -0.00381804
v -0.101119185 -0.041010915 0.012904905
v -0.09992358 -0.040748565 -0.00373269
v -0.100277055 -0.04082613 -0.003633075
v -0.100631505 -0.040903905 -0.003518475
v -0.100985775 -0.040981635 -0.003388275
v -0.10134156 -0.04105971 -0.00324327
v -0.102907695 -0.04140336 0.01344876
v -0.101698455 -0.041138025 -0.00308331
v -0.10205517 -0.041216295 -0.00290787
v -0.102410355 -0.041294235 -0.002716395
v -0.102763215 -0.041371665 -0.00250854
v -0.103114755 -0.041448795 -0.00228474
v -0.104667375 -0.04178949 0.01401411
v -0.10346505 -0.04152567 -0.002045025
v -0.10381413 -0.04160226 -0.001789395
v -0.104161965 -0.041678595 -0.00151785
v -0.104543325 -0.041762265 -0.001216155
v -0.104932215 -0.0418476 -0.00092736
v -0.106389945 -0.042167475 0.014608275
v -0.105328635 -0.041934585 -0.000651465
v -0.10573257 -0.04202322 -0.000388455
v -0.10614432 -0.04211358 -0.000138195
v -0.106564485 -0.04220577 9.963e-05
v -0.107237895 -0.042353535 0.014914635
v -0.106992015 -0.042299595 0.00032448
v -0.107425725 -0.042394755 0.000535725
v -0.108078765 -0.04253805 0.015225195
v -0.107864475 -0.042491025 0.000732765
v -0.108309435 -0.04258866 0.000916095
v -0.10891392 -0.042721305 0.01553844
v -0.1087605 -0.042687645 0.001085715
v -0.10921641 -0.04278768 0.001241205
v -0.10974474 -0.042903615 0.01585287
v -0.109675875 -0.04288851 0.001382085
v -0.110138865 -0.04299009 0.001508265
v -0.110572575 -0.043085265 0.016167015
v -0.11060655 -0.04309272 0.00162012
v -0.11139705 -0.04326618 0.016482705
v -0.1110777 -0.0431961 0.001717425
v -0.11155101 -0.04329996 0.001799865
v -0.112215015 -0.04344567 0.01680579
v -0.11202531 -0.043404045 0.001867215
v -0.112501275 -0.043508475 0.00191961
v -0.11302734 -0.043623915 0.017133315
v -0.11297922 -0.043613355 0.001957125
v -0.11345913 -0.043718655 0.00197976
v -0.11383503 -0.04380114 0.017461995
v -0.11394102 -0.043824405 0.0019875
v -0.114639135 -0.043977585 0.0177885
v -0.11544066 -0.044153475 0.018109515
v -0.116240685 -0.04432902 0.018421755
v -0.1170402 -0.04450446 0.018721875
v -0.11735001 -0.04457244 0.00863598
v -0.11738343 -0.044579775 0.00833976
v -0.117355215 -0.04457358 0.00878754
v -0.11783733 -0.044679375 0.019014315
v -0.11737401 -0.044577705 0.00893817
v -0.11740752 -0.044585055 0.00908925
v -0.117453315 -0.044595105 0.009239115
v -0.117508965 -0.044607315 0.009385785
v -0.117576525 -0.044622135 0.009530565
v -0.11765262 -0.044638845 0.00967158
v -0.11773341 -0.04465656 0.009806565
v -0.11782128 -0.04467585 0.009936705
v -0.11791299 -0.044695965 0.010060575
v -0.11863032 -0.044853375 0.019303995
v -0.11809644 -0.044736225 0.01028307
v -0.118278015 -0.044776065 0.01047585
v -0.11845059 -0.04481394 0.010640925
v -0.118615155 -0.044850045 0.01078716
v -0.118772085 -0.044884485 0.010917375
v -0.119420445 -0.045026745 0.019588335
v -0.118921995 -0.04491738 0.011034975
v -0.11906466 -0.044948685 0.011141805
v -0.119199915 -0.044978355 0.01123869
v -0.119327505 -0.04500636 0.01132659
v -0.119447595 -0.045032715 0.01140663
v -0.120208965 -0.045199785 0.01986471
v -0.119560425 -0.045057465 0.01147941
v -0.11966643 -0.04508073 0.01154571
v -0.119766285 -0.045102645 0.011606445
v -0.11986041 -0.045123285 0.011662125
v -0.11994933 -0.0451428 0.0117135
v -0.120033345 -0.045161235 0.011761065
v -0.12011247 -0.045178605 0.011805045
v -0.120186555 -0.04519485 0.011845605
v -0.12025554 -0.04521 0.011883
v -0.12099717 -0.04537272 0.020130585
v -0.120319965 -0.04522413 0.011917575
v -0.120380955 -0.04523751 0.011950155
v -0.12044025 -0.04525053 0.011981685
v -0.1204983 -0.045263265 0.01201245
v -0.121266075 -0.04543173 0.012417495
v -0.12178626 -0.04554588 0.020383335
v -0.122020455 -0.04559727 0.01280433
v -0.12257757 -0.04571952 0.02062038
v -0.12276144 -0.04575987 0.01317294
v -0.123372105 -0.045893865 0.02083938
v -0.123488835 -0.04591947 0.013523295
v -0.124166385 -0.04606815 0.021043455
v -0.124199625 -0.04607544 0.0138549
v -0.1249599 -0.04624227 0.02123427
v -0.12489702 -0.04622847 0.01416831
v -0.125754075 -0.04641654 0.0214116
v -0.126271905 -0.046530165 0.01474347
v -0.12655032 -0.04659126 0.02157525
v -0.127350105 -0.04676676 0.021725025
v -0.127618065 -0.046825545 0.01524819
v -0.12896598 -0.047121315 0.021982095
v -0.12897033 -0.047122275 0.015695955
v -0.130604655 -0.047480895 0.022180155
v -0.130333545 -0.047421405 0.016088445
v -0.131744805 -0.04773108 0.01644042
v -0.13225713 -0.047843505 0.02231892
v -0.1332078 -0.04805211 0.016752825
v -0.13393446 -0.048211545 0.02240412
v -0.13397277 -0.04821996 0.016895745
v -0.135648555 -0.04858767 0.022441695
v -0.134758995 -0.04839249 0.017030355
v -0.13556664 -0.0485697 0.01715595
v -0.136399365 -0.04875243 0.017271795
v -0.137404125 -0.0489729 0.022434
v -0.13726002 -0.04894128 0.01737744
v -0.138146325 -0.049135755 0.01747359
v -0.1391946 -0.04936578 0.02237775
v -0.139059015 -0.049336035 0.017559585
v -0.139999575 -0.04954242 0.01763451
v -0.14101986 -0.049766295 0.0222729
v -0.140968845 -0.049755105 0.01769781
v -0.141966045 -0.049973925 0.017749995
v -0.142879905 -0.050174445 0.022119435
v -0.142991115 -0.05019885 0.017791095
v -0.143310435 -0.050268915 0.022083315
v -0.143755395 -0.05036655 0.022029045
v -0.144044025 -0.050429895 0.01782111
v -0.14421357 -0.050467095 0.02196081
v -0.14431431 -0.050489205 0.017826165
v -0.144687435 -0.050571075 0.02186994
v -0.14460021 -0.050551935 0.01782003
v -0.144901905 -0.05061813 0.017795025
v -0.14518515 -0.05068029 0.021739965
v -0.145218495 -0.05068761 0.017741445
v -0.145701255 -0.05079354 0.02157165
v -0.145547235 -0.050759745 0.0176484
v -0.145878435 -0.05083242 0.017509515
v -0.146220975 -0.050907585 0.02135148
v -0.14620269 -0.050903565 0.017320065
v -0.146509965 -0.05097099 0.01707927
v -0.14674491 -0.051022545 0.02108094
v -0.14678946 -0.051032325 0.016790805
v -0.14725428 -0.05113431 0.02075379
v -0.147023595 -0.0510837 0.01647711
v -0.147214965 -0.051125685 0.01615374
v -0.147370515 -0.051159825 0.01583505
v -0.147504855 -0.0511893 0.02056881
v -0.14749809 -0.051187815 0.01553235
v -0.14775054 -0.05124321 0.020370165
v -0.14798868 -0.05129547 0.02015823
v -0.14799291 -0.0512964 0.014269755
v -0.14821878 -0.05134596 0.01993191
v -0.148441095 -0.05139474 0.012994395
v -0.14844336 -0.051395235 0.019689795
v -0.148659945 -0.051442755 0.01943565
v -0.148842705 -0.051482865 0.011706285
v -0.14886579 -0.05148792 0.019173465
v -0.149058645 -0.05153025 0.01890555
v -0.14919771 -0.05156076 0.010405515
v -0.14923968 -0.05156997 0.01862649
v -0.149409825 -0.051607305 0.0183402
v -0.14950608 -0.051628425 0.00909189
v -0.149569695 -0.05164239 0.018052305
v -0.149719815 -0.05167533 0.01776819
v -0.149767815 -0.05168586 0.00776517
v -0.14986008 -0.05170611 0.01748622
v -0.149983095 -0.051733095 0.00642537
v -0.14999025 -0.05173467 0.017204535
v -0.15015117 -0.05176998 0.00507267
v -0.15022032 -0.051785145 0.016642005
v -0.150217275 -0.051784485 0.004391505
v -0.150271485 -0.05179638 0.003707145
v -0.150750465 -0.051901485 0.015282195
v -0.15031383 -0.051805665 0.00301956
v -0.150344295 -0.051812355 0.00232875
v -0.150362895 -0.051816435 0.00163473
v -0.15036963 -0.05181792 0.0009375
v -0.150362925 -0.051816435 0.000240495
v -0.15022032 -0.051785145 -0.014767005
v -0.150750465 -0.051901485 -0.013407195
v -0.15034434 -0.05181237 -0.000453315
v -0.15031389 -0.05180568 -0.00114396
v -0.15027156 -0.051796395 -0.00183141
v -0.15021735 -0.0517845 -0.002515695
v -0.150096495 -0.05175798 -0.015075585
v -0.15015126 -0.051769995 -0.0031968
v -0.149983185 -0.051733125 -0.004549575
v -0.149965365 -0.05172921 -0.015378585
v -0.149826915 -0.051698835 -0.01567599
v -0.14976792 -0.051685875 -0.00588954
v -0.14968113 -0.05166684 -0.0159678
v -0.149528595 -0.051633375 -0.01625523
v -0.14950617 -0.05162844 -0.00721641
v -0.149369115 -0.05159838 -0.016537875
v -0.14920155 -0.0515616 -0.01681332
v -0.149197785 -0.051560775 -0.0085302
v -0.14902476 -0.05152281 -0.017079135
v -0.14884275 -0.051482865 -0.009831135
v -0.14883837 -0.051481905 -0.01733559
v -0.14864298 -0.051439035 -0.01758366
v -0.148441125 -0.05139474 -0.011119335
v -0.148439025 -0.05139429 -0.01782204
v -0.14822694 -0.051347745 -0.018049425
v -0.147992925 -0.0512964 -0.01239474
v -0.14777778 -0.051249195 -0.018472185
v -0.14749809 -0.051187815 -0.01365735
v -0.147296595 -0.051143595 -0.018850755
v -0.147389865 -0.05116407 -0.01391556
v -0.147259725 -0.05113551 -0.01419201
v -0.1467825 -0.051030795 -0.019182855
v -0.147100455 -0.05110056 -0.01448076
v -0.146903235 -0.051057285 -0.01477365
v -0.146658345 -0.051003555 -0.015061185
v -0.146242395 -0.05091228 -0.019467585
v -0.146519385 -0.05097306 -0.015195315
v -0.14636913 -0.05094009 -0.015323265
v -0.14621022 -0.050905215 -0.015440655
v -0.14567958 -0.050788785 -0.0197025
v -0.146042235 -0.05086836 -0.01554594
v -0.145866705 -0.05082984 -0.01563969
v -0.145688505 -0.050790735 -0.015719985
v -0.145505715 -0.050750625 -0.01578678
v -0.14510397 -0.05066247 -0.01988997
v -0.145323375 -0.05071062 -0.015840975
v -0.144970365 -0.05063316 -0.01591083
v -0.14452131 -0.050534625 -0.020027655
v -0.144636315 -0.050559855 -0.015943305
v -0.144326445 -0.05049186 -0.015951465
v -0.143947485 -0.050408715 -0.020127195
v -0.144044025 -0.050429895 -0.01594611
v -0.14340258 -0.050289135 -0.020200815
v -0.14297178 -0.050194605 -0.01591548
v -0.142879905 -0.050174445 -0.020244435
v -0.14192955 -0.049965915 -0.01587342
v -0.14100975 -0.049764075 -0.020398755
v -0.140917335 -0.04974381 -0.015819945
v -0.139174545 -0.049361385 -0.020503845
v -0.13993539 -0.049528335 -0.0157548
v -0.13898391 -0.04931955 -0.015677835
v -0.137374275 -0.04896636 -0.020559705
v -0.13806177 -0.0491172 -0.015590025
v -0.137167875 -0.04892106 -0.0154923
v -0.13560906 -0.048579 -0.020566395
v -0.136303425 -0.04873137 -0.01538388
v -0.1354671 -0.04854786 -0.01526553
v -0.13388385 -0.048200445 -0.020526765
v -0.13465668 -0.048370035 -0.01513866
v -0.13387392 -0.04819827 -0.01500354
v -0.132195075 -0.047829885 -0.020438775
v -0.133117965 -0.048032385 -0.014859705
v -0.13166586 -0.047713755 -0.01454721
v -0.13053372 -0.047465325 -0.02029722
v -0.130291425 -0.047412165 -0.014201985
v -0.12889152 -0.04710498 -0.020097
v -0.128954805 -0.04711887 -0.01381584
v -0.127641255 -0.04683063 -0.013382265
v -0.12727734 -0.046750785 -0.01983768
v -0.12647991 -0.04657581 -0.01968684
v -0.12632241 -0.04654125 -0.01288878
v -0.125686905 -0.046401795 -0.019522305
v -0.124968555 -0.046244175 -0.012324645
v -0.12489675 -0.04622841 -0.019344405
v -0.124107945 -0.046055325 -0.019153485
v -0.12356421 -0.045936015 -0.01168413
v -0.12331896 -0.045882195 -0.018949875
v -0.12283008 -0.04577493 -0.01133073
v -0.122530545 -0.0457092 -0.01873203
v -0.122073615 -0.04560894 -0.010954875
v -0.12174669 -0.045537195 -0.0184968
v -0.121296345 -0.045438375 -0.01055712
v -0.120966045 -0.045365895 -0.018246405
v -0.1204983 -0.045263265 -0.01013745
v -0.120186975 -0.04519494 -0.017983275
v -0.12043665 -0.045249735 -0.010104765
v -0.120374325 -0.045236055 -0.010071615
v -0.120311115 -0.045222195 -0.01003785
v -0.12024615 -0.04520793 -0.010002915
v -0.12017871 -0.04519314 -0.009966345
v -0.119407875 -0.045023985 -0.017709855
v -0.120108345 -0.04517769 -0.00992778
v -0.120033975 -0.04516137 -0.009886425
v -0.11995473 -0.045143985 -0.00984159
v -0.11987004 -0.0451254 -0.009792765
v -0.119779605 -0.045105555 -0.009739395
v -0.119683395 -0.04508445 -0.009681135
v -0.119581335 -0.045062055 -0.009617655
v -0.119473185 -0.045038325 -0.009548325
v -0.119358885 -0.045013245 -0.00947274
v -0.11862711 -0.04485267 -0.017428575
v -0.119238375 -0.0449868 -0.00939054
v -0.11911188 -0.044959035 -0.009301035
v -0.118979715 -0.04493004 -0.009203745
v -0.118842225 -0.044899875 -0.009098235
v -0.118699845 -0.04486863 -0.008983335
v -0.118551855 -0.044836155 -0.008856945
v -0.117843075 -0.044680635 -0.017141895
v -0.11839728 -0.04480224 -0.008716845
v -0.118233945 -0.04476639 -0.00855573
v -0.118063605 -0.044729025 -0.008370075
v -0.117887865 -0.04469046 -0.008153865
v -0.11772072 -0.044653785 -0.00791064
v -0.117054165 -0.04450752 -0.01685223
v -0.11764164 -0.04463643 -0.00777924
v -0.1175706 -0.044620845 -0.007643655
v -0.117506805 -0.044606835 -0.007503195
v -0.1174509 -0.04459458 -0.007358565
v -0.117406935 -0.04458492 -0.007212435
v -0.117375045 -0.04457793 -0.0070644
v -0.11734899 -0.044572215 -0.00676665
v -0.116262615 -0.044333835 -0.01655496
v -0.11547087 -0.04416009 -0.016245915
v -0.11738157 -0.044579355 -0.006474705
v -0.11851053 -0.04482708 -0.0001125
v -0.114677595 -0.04398603 -0.0159282
v -0.11747055 -0.044598885 -0.006197115
v -0.117613635 -0.04463028 -0.00593907
v -0.117702945 -0.044649885 -0.0058209
v -0.11780424 -0.044672115 -0.00570951
v -0.117912195 -0.0446958 -0.005606025
v -0.11802546 -0.044720655 -0.00551118
v -0.118266555 -0.044773545 -0.00534561
v -0.118504515 -0.04482576 -0.00521241
v -0.1187349 -0.044876325 -0.005105055
v -0.120341955 -0.04522896 -0.0001125
v -0.118953435 -0.04492428 -0.00501948
v -0.119159175 -0.044969415 -0.00494895
v -0.119352315 -0.045011805 -0.00489081
v -0.119532855 -0.04505142 -0.004842585
v -0.11970222 -0.045088575 -0.004801455
v -0.119861265 -0.04512348 -0.004766325
v -0.120010845 -0.0451563 -0.004736025
v -0.120152145 -0.045187305 -0.0047094
v -0.12028515 -0.045216495 -0.00468597
v -0.120409845 -0.045243855 -0.004665285
v -0.120571485 -0.04527933 -8.577e-05
v -0.120526125 -0.04526937 -0.00464673
v -0.12063411 -0.045293055 -0.00463005
v -0.12078666 -0.04532655 -8.4e-06
v -0.120733905 -0.04531497 -0.004614915
v -0.12082608 -0.04533519 -0.00460101
v -0.120981 -0.04536918 0.000116325
v -0.120910965 -0.04535382 -0.00458823
v -0.120988995 -0.045370935 -0.004576395
v -0.121144035 -0.045404955 0.000283245
v -0.12106149 -0.04538685 -0.004565175
v -0.12112932 -0.04540173 -0.004554405
v -0.121193775 -0.045415875 -0.004543785
v -0.121265865 -0.045431685 0.00048219
v -0.12125637 -0.045429615 -0.004532985
v -0.121317465 -0.04544301 -0.0045219
v -0.12134157 -0.045448305 0.000703425
v -0.12136755 -0.045454005 0.0009375
v -0.12186267 -0.04556265 0.006264465
v -0.12186267 -0.04556265 -0.004389465
v -0.12134157 -0.045448305 0.001171575
v -0.121317465 -0.04544301 0.0063969
v -0.121265865 -0.045431685 0.00139281
v -0.121256475 -0.04542963 0.00640797
v -0.121144035 -0.045404955 0.001591755
v -0.12119451 -0.045416025 0.006418665
v -0.121131225 -0.04540215 0.00642909
v -0.120981 -0.04536918 0.001758675
v -0.12106533 -0.04538769 0.006439575
v -0.120995595 -0.04537239 0.006450375
v -0.120921465 -0.045356115 0.00646164
v -0.12078666 -0.04532655 0.0018834
v -0.120842565 -0.045338805 0.006473535
v -0.120758985 -0.04532046 0.00648612
v -0.120571485 -0.04527933 0.00196077
v -0.12067065 -0.04530108 0.006499485
v -0.12057744 -0.045280635 0.006513765
v -0.120478815 -0.04525899 0.006529215
v -0.120341955 -0.04522896 0.0019875
v -0.120374415 -0.045236085 0.006546045
v -0.12026334 -0.04521171 0.00656472
v -0.11851053 -0.04482708 0.0019875
v -0.12014499 -0.045185745 0.00658572
v -0.12001893 -0.04515807 0.006609405
v -0.11988453 -0.04512858 0.006636465
v -0.11974164 -0.04509723 0.00666753
v -0.11959014 -0.04506399 0.006703155
v -0.119430075 -0.04502886 0.006744405
v -0.119261505 -0.04499187 0.006792465
v -0.119084385 -0.044953005 0.006848385
v -0.118897305 -0.044911965 0.00691497
v -0.11869875 -0.04486839 0.00699627
v -0.11848752 -0.04482204 0.007095705
v -0.118262625 -0.04477269 0.007222305
v -0.118035195 -0.044722785 0.00737997
v -0.117814455 -0.04467435 0.00757251
v -0.117624645 -0.044632695 0.00779943
v -0.117477105 -0.044600325 0.00805641
v -0.122386755 -0.04567764 0.006077535
v -0.122386755 -0.04567764 -0.004202535
v -0.122892255 -0.045788565 0.005834745
v -0.122892255 -0.045788565 -0.003959745
v -0.12337002 -0.0458934 0.00554094
v -0.12337002 -0.0458934 -0.00366594
v -0.12381657 -0.045991395 0.00519732
v -0.12381657 -0.045991395 -0.00332232
v -0.12422532 -0.04608108 0.0048099
v -0.12422532 -0.04608108 -0.0029349
v -0.12459399 -0.046161975 0.00437991
v -0.12459399 -0.046161975 -0.00250491
v -0.124916565 -0.04623276 0.003915285
v -0.124916565 -0.04623276 -0.002040285
v -0.12519168 -0.046293135 0.00341709
v -0.12519168 -0.046293135 -0.00154209
v -0.12541455 -0.046342035 0.002894895
v -0.12541455 -0.046342035 -0.001019895
v -0.12558444 -0.04637931 0.00234954
v -0.12558444 -0.04637931 -0.00047454
v -0.125698275 -0.046404285 0.00179181
v -0.125698275 -0.046404285 8.319e-05
v -0.12575571 -0.0464169 0.00122238
v -0.12575571 -0.0464169 0.00065262
v -0.11394102 -0.043824405 -0.0001125
v -0.11388141 -0.043811325 -0.01560495
v -0.11310312 -0.043640535 -0.00013923
v -0.113080995 -0.04363569 -0.0152793
v -0.112274985 -0.043458825 -0.014954355
v -0.11227377 -0.043458555 -0.000217425
v -0.11146203 -0.043280445 -0.014633235
v -0.111452715 -0.04327839 -0.000347115
v -0.11064099 -0.04310028 -0.0143187
v -0.110637135 -0.04309944 -0.00052905
v -0.109815195 -0.04291908 -0.014004975
v -0.10983312 -0.04292301 -0.000761655
v -0.109047705 -0.04275066 -0.00104319
v -0.108985275 -0.042736965 -0.013690335
v -0.108277575 -0.04258167 -0.001374855
v -0.10814994 -0.042553665 -0.0133764
v -0.10752927 -0.04241748 -0.001753485
v -0.10730796 -0.04236891 -0.013064775
v -0.10680852 -0.04225932 -0.00217647
v -0.106458045 -0.042182415 -0.01275705
v -0.10611267 -0.042106635 -0.002644995
v -0.104729355 -0.041803095 -0.012159705
v -0.105441465 -0.04195935 -0.00315921
v -0.10505889 -0.041875395 -0.003458655
v -0.104674155 -0.041790975 -0.00374193
v -0.102959625 -0.04141476 -0.011590515
v -0.104287275 -0.04170609 -0.004009005
v -0.10389825 -0.041620725 -0.004259895
v -0.10350708 -0.04153488 -0.0044946
v -0.103112805 -0.041448375 -0.004712865
v -0.10271541 -0.041361165 -0.00491469
v -0.101155665 -0.041018925 -0.01104138
v -0.102316365 -0.04127361 -0.005100465
v -0.101917065 -0.041185995 -0.005270535
v -0.101518965 -0.041098635 -0.005425275
v -0.101121135 -0.041011335 -0.005564295
v -0.099313035 -0.040614585 -0.010515495
v -0.10072266 -0.0409239 -0.005687355
v -0.10032486 -0.040836615 -0.00579504
v -0.099929085 -0.040749765 -0.00588792
v -0.099536655 -0.040663665 -0.00596658
v -0.099146685 -0.04057809 -0.006030555
v -0.097426695 -0.040200675 -0.01001673
v -0.09875826 -0.04049286 -0.00607947
v -0.098372775 -0.040408275 -0.006114015
v -0.09799155 -0.04032462 -0.006134865
v -0.097615995 -0.04024221 -0.00614274
v -0.0972453 -0.040160865 -0.00613695
v -0.09549468 -0.03977673 -0.009546585
v -0.096878565 -0.040080405 -0.00611703
v -0.096161685 -0.039923085 -0.006038865
v -0.09547356 -0.039772095 -0.00591528
v -0.093519735 -0.039343365 -0.009102945
v -0.09481302 -0.03962715 -0.00574527
v -0.09417927 -0.0394881 -0.005528175
v -0.09246282 -0.03911145 -0.004874295
v -0.092256795 -0.03906624 -0.004767285
v -0.092081475 -0.039027765 -0.004617945
v -0.091941825 -0.038997135 -0.004431675
v -0.091845885 -0.038976075 -0.004217025
v -0.151230795 -0.052006875 0.013908495
v -0.151230795 -0.052006875 -0.012033495
v -0.151661325 -0.052101345 0.012520905
v -0.151661325 -0.052101345 -0.010645905
v -0.15204207 -0.052184895 0.01111938
v -0.15204207 -0.052184895 -0.00924438
v -0.15237342 -0.0522576 0.009703365
v -0.15237342 -0.0522576 -0.007828365
v -0.152654865 -0.05231937 0.008273595
v -0.152654865 -0.05231937 -0.006398595
v -0.152885685 -0.05237001 0.00683109
v -0.152885685 -0.05237001 -0.00495609
v -0.153065355 -0.052409445 0.00537657
v -0.153065355 -0.052409445 -0.00350157
v -0.153194265 -0.05243772 0.003909495
v -0.153194265 -0.05243772 -0.002034495
v -0.153272445 -0.05245488 0.002429805
v -0.153272445 -0.05245488 -0.000554805
v -0.15329991 -0.05246091 0.0009375
v -0.088713825 -0.03828882 -0.00812955
v -0.088713825 -0.03828882 0.01000455
v -0.088013355 -0.038135115 -0.007911645
v -0.088013355 -0.038135115 0.009786645
v -0.087339825 -0.03798732 -0.00764136
v -0.087339825 -0.03798732 0.00951636
v -0.08669316 -0.03784542 -0.007318635
v -0.08669316 -0.03784542 0.009193635
v -0.0860673 -0.03770808 -0.00693885
v -0.0860673 -0.03770808 0.00881385
v -0.085466325 -0.037576215 -0.00650511
v -0.085466325 -0.037576215 0.00838011
v -0.084901335 -0.03745224 -0.00602586
v -0.084901335 -0.03745224 0.00790086
v -0.084382725 -0.037338435 -0.005508885
v -0.084382725 -0.037338435 0.007383885
v -0.083904045 -0.037233405 -0.00494619
v -0.083904045 -0.037233405 0.00682119
v -0.08346606 -0.0371373 -0.004341165
v -0.08346606 -0.0371373 0.006216165
v -0.083076765 -0.037051875 -0.00370533
v -0.083076765 -0.037051875 0.00558033
v -0.0827433 -0.036978705 -0.003048375
v -0.0827433 -0.036978705 0.004923375
v -0.08246079 -0.03691671 -0.002359185
v -0.08246079 -0.03691671 0.004234185
v -0.08223012 -0.0368661 -0.00164391
v -0.08223012 -0.0368661 0.00351891
v -0.082055475 -0.036827775 -0.00091602
v -0.082055475 -0.036827775 0.00279102
v -0.081940485 -0.036802545 -0.0001854
v -0.081940485 -0.036802545 0.0020604
v -0.08188335 -0.036790005 0.00056085
v -0.08188335 -0.036790005 0.00131415
v -0.08984313 -0.03661701 -0.008295075
v -0.08944125 -0.038448435 -0.008295075
v -0.091501935 -0.03890061 -0.00868578
v -0.089115705 -0.03645738 -0.00812955
v -0.0919038 -0.03706917 -0.00868578
v -0.093519735 -0.039343365 -0.009102945
v -0.0939216 -0.03751194 -0.009102945
v -0.09549468 -0.03977673 -0.009546585
v -0.095896545 -0.037945305 -0.009546585
v -0.097426695 -0.040200675 -0.01001673
v -0.09782856 -0.03836925 -0.01001673
v -0.099313035 -0.040614585 -0.010515495
v -0.0997149 -0.03878316 -0.010515495
v -0.101155665 -0.041018925 -0.01104138
v -0.101557545 -0.039187485 -0.01104138
v -0.102959625 -0.04141476 -0.011590515
v -0.103361505 -0.039583335 -0.011590515
v -0.104729355 -0.041803095 -0.012159705
v -0.105131235 -0.03997167 -0.012159705
v -0.106458045 -0.042182415 -0.01275705
v -0.10685991 -0.04035099 -0.01275705
v -0.10730796 -0.04236891 -0.013064775
v -0.107709825 -0.040537485 -0.013064775
v -0.10814994 -0.042553665 -0.0133764
v -0.10855182 -0.04072224 -0.0133764
v -0.108985275 -0.042736965 -0.013690335
v -0.10938714 -0.04090554 -0.013690335
v -0.109815195 -0.04291908 -0.014004975
v -0.110217075 -0.041087655 -0.014004975
v -0.11064099 -0.04310028 -0.0143187
v -0.111042855 -0.041268855 -0.0143187
v -0.11146203 -0.043280445 -0.014633235
v -0.111863895 -0.04144902 -0.014633235
v -0.112274985 -0.043458825 -0.014954355
v -0.11267685 -0.0416274 -0.014954355
v -0.113080995 -0.04363569 -0.0152793
v -0.11348286 -0.041804265 -0.0152793
v -0.11388141 -0.043811325 -0.01560495
v -0.11428329 -0.0419799 -0.01560495
v -0.114677595 -0.04398603 -0.0159282
v -0.11507946 -0.042154605 -0.0159282
v -0.11547087 -0.04416009 -0.016245915
v -0.115872735 -0.042328665 -0.016245915
v -0.116262615 -0.044333835 -0.01655496
v -0.11666448 -0.042502395 -0.01655496
v -0.117054165 -0.04450752 -0.01685223
v -0.11745603 -0.042676095 -0.01685223
v -0.117843075 -0.044680635 -0.017141895
v -0.118244955 -0.04284921 -0.017141895
v -0.11862711 -0.04485267 -0.017428575
v -0.11902899 -0.043021245 -0.017428575
v -0.119407875 -0.045023985 -0.017709855
v -0.11980974 -0.04319256 -0.017709855
v -0.120186975 -0.04519494 -0.017983275
v -0.12058884 -0.043363515 -0.017983275
v -0.120966045 -0.045365895 -0.018246405
v -0.121367895 -0.04353447 -0.018246405
v -0.12174669 -0.045537195 -0.0184968
v -0.122148555 -0.04370577 -0.0184968
v -0.122530545 -0.0457092 -0.01873203
v -0.12293241 -0.043877775 -0.01873203
v -0.12331896 -0.045882195 -0.018949875
v -0.123720825 -0.04405077 -0.018949875
v -0.124107945 -0.046055325 -0.019153485
v -0.12450981 -0.0442239 -0.019153485
v -0.12489675 -0.04622841 -0.019344405
v -0.125298615 -0.044396985 -0.019344405
v -0.125686905 -0.046401795 -0.019522305
v -0.126088755 -0.04457037 -0.019522305
v -0.12647991 -0.04657581 -0.01968684
v -0.126881775 -0.044744385 -0.01968684
v -0.12727734 -0.046750785 -0.01983768
v -0.127679205 -0.04491936 -0.01983768
v -0.12889152 -0.04710498 -0.020097
v -0.129293385 -0.045273555 -0.020097
v -0.13053372 -0.047465325 -0.02029722
v -0.130935585 -0.0456339 -0.02029722
v -0.132195075 -0.047829885 -0.020438775
v -0.132596955 -0.04599846 -0.020438775
v -0.13388385 -0.048200445 -0.020526765
v -0.134285715 -0.04636902 -0.020526765
v -0.13560906 -0.048579 -0.020566395
v -0.13601091 -0.046747575 -0.020566395
v -0.137374275 -0.04896636 -0.020559705
v -0.137776155 -0.04713492 -0.020559705
v -0.139174545 -0.049361385 -0.020503845
v -0.139576425 -0.04752996 -0.020503845
v -0.14100975 -0.049764075 -0.020398755
v -0.14141163 -0.04793265 -0.020398755
v -0.142879905 -0.050174445 -0.020244435
v -0.14328177 -0.04834302 -0.020244435
v -0.14340258 -0.050289135 -0.020200815
v -0.14380977 -0.04845888 -0.020200605
v -0.143947485 -0.050408715 -0.020127195
v -0.14436198 -0.04858005 -0.020125365
v -0.14452131 -0.050534625 -0.020027655
v -0.144945615 -0.04870812 -0.020022975
v -0.14510397 -0.05066247 -0.01988997
v -0.145538985 -0.04883832 -0.019880685
v -0.14567958 -0.050788785 -0.0197025
v -0.1458321 -0.04890264 -0.019789335
v -0.14612529 -0.048966975 -0.01968591
v -0.146242395 -0.05091228 -0.019467585
v -0.146414835 -0.0490305 -0.019570305
v -0.14669709 -0.04909245 -0.019442385
v -0.1467825 -0.051030795 -0.019182855
v -0.146972475 -0.04915287 -0.019301625
v -0.14724246 -0.049212105 -0.019148265
v -0.147296595 -0.051143595 -0.018850755
v -0.14775813 -0.049325265 -0.018807675
v -0.14777778 -0.051249195 -0.018472185
v -0.148236015 -0.04943013 -0.018423225
v -0.14822694 -0.051347745 -0.018049425
v -0.14867862 -0.04952724 -0.017997735
v -0.148439025 -0.05139429 -0.01782204
v -0.14864298 -0.051439035 -0.01758366
v -0.149085615 -0.04961655 -0.017533785
v -0.14883837 -0.051481905 -0.01733559
v -0.14902476 -0.05152281 -0.017079135
v -0.1494573 -0.049698105 -0.017034705
v -0.14920155 -0.0515616 -0.01681332
v -0.149629275 -0.049735845 -0.016772925
v -0.149369115 -0.05159838 -0.016537875
v -0.149791995 -0.04977156 -0.01650249
v -0.149528595 -0.051633375 -0.01625523
v -0.149946825 -0.049805535 -0.01622538
v -0.14968113 -0.05166684 -0.0159678
v -0.15009522 -0.049838085 -0.01594359
v -0.149826915 -0.051698835 -0.01567599
v -0.15023736 -0.049869285 -0.01565745
v -0.149965365 -0.05172921 -0.015378585
v -0.150372555 -0.049898955 -0.015365985
v -0.150096495 -0.05175798 -0.015075585
v -0.150500835 -0.049927095 -0.015069165
v -0.15022032 -0.051785145 -0.014767005
v -0.150622185 -0.04995372 -0.014767005
v -0.150750465 -0.051901485 -0.013407195
v -0.15115233 -0.05007006 -0.013407195
v -0.151230795 -0.052006875 -0.012033495
v -0.151632675 -0.05017545 -0.012033495
v -0.151661325 -0.052101345 -0.010645905
v -0.15206319 -0.05026992 -0.010645905
v -0.15204207 -0.052184895 -0.00924438
v -0.152443935 -0.05035347 -0.00924438
v -0.15237342 -0.0522576 -0.007828365
v -0.152775285 -0.050426175 -0.007828365
v -0.152654865 -0.05231937 -0.006398595
v -0.153056745 -0.05048793 -0.006398595
v -0.152885685 -0.05237001 -0.00495609
v -0.153287565 -0.050538585 -0.00495609
v -0.153065355 -0.052409445 -0.00350157
v -0.153467235 -0.050578005 -0.00350157
v -0.153194265 -0.05243772 -0.002034495
v -0.15359613 -0.050606295 -0.002034495
v -0.153272445 -0.05245488 -0.000554805
v -0.15367431 -0.050623455 -0.000554805
v -0.15329991 -0.05246091 0.0009375
v -0.153701775 -0.050629485 0.0009375
v -0.153272445 -0.05245488 0.002429805
v -0.15367431 -0.050623455 0.002429805
v -0.153194265 -0.05243772 0.003909495
v -0.15359613 -0.050606295 0.003909495
v -0.153065355 -0.052409445 0.00537657
v -0.153467235 -0.050578005 0.00537657
v -0.152885685 -0.05237001 0.00683109
v -0.153287565 -0.050538585 0.00683109
v -0.152654865 -0.05231937 0.008273595
v -0.153056745 -0.05048793 0.008273595
v -0.15237342 -0.0522576 0.009703365
v -0.152775285 -0.050426175 0.009703365
v -0.15204207 -0.052184895 0.01111938
v -0.152443935 -0.05035347 0.01111938
v -0.151661325 -0.052101345 0.012520905
v -0.15206319 -0.05026992 0.012520905
v -0.151230795 -0.052006875 0.013908495
v -0.151632675 -0.05017545 0.013908495
v -0.150750465 -0.051901485 0.015282195
v -0.15115233 -0.05007006 0.015282195
v -0.15022032 -0.051785145 0.016642005
v -0.150622185 -0.04995372 0.016642005
v -0.14999025 -0.05173467 0.017204535
v -0.15039192 -0.0499032 0.01720491
v -0.14986008 -0.05170611 0.01748622
v -0.150261705 -0.049874625 0.0174867
v -0.149719815 -0.05167533 0.01776819
v -0.150121425 -0.049843845 0.017768715
v -0.149569695 -0.05164239 0.018052305
v -0.149971305 -0.049810905 0.0180528
v -0.149409825 -0.051607305 0.0183402
v -0.14981151 -0.049775835 0.018340545
v -0.14923968 -0.05156997 0.01862649
v -0.149641455 -0.04973853 0.01862667
v -0.149058645 -0.05153025 0.01890555
v -0.149460495 -0.04969881 0.018905565
v -0.14886579 -0.05148792 0.019173465
v -0.1492677 -0.04965651 0.01917339
v -0.1490619 -0.04961136 0.019435515
v -0.148659945 -0.051442755 0.01943565
v -0.148845375 -0.04956384 0.019689615
v -0.14844336 -0.051395235 0.019689795
v -0.148620855 -0.04951458 0.0199317
v -0.14821878 -0.05134596 0.01993191
v -0.14839083 -0.049464105 0.020157975
v -0.14798868 -0.05129547 0.02015823
v -0.148152795 -0.049411875 0.02036985
v -0.14775054 -0.05124321 0.020370165
v -0.147907245 -0.04935798 0.02056842
v -0.147504855 -0.0511893 0.02056881
v -0.147656775 -0.049303035 0.02075334
v -0.14725428 -0.05113431 0.02075379
v -0.1471476 -0.0491913 0.02108046
v -0.14674491 -0.051022545 0.02108094
v -0.1466238 -0.049076355 0.02135103
v -0.146220975 -0.050907585 0.02135148
v -0.14610411 -0.048962325 0.021571275
v -0.145701255 -0.05079354 0.02157165
v -0.14558793 -0.04884906 0.021739695
v -0.14518515 -0.05068029 0.021739965
v -0.145090245 -0.04873986 0.02186973
v -0.144687435 -0.050571075 0.02186994
v -0.14461668 -0.04863594 0.021960615
v -0.14421357 -0.050467095 0.02196081
v -0.14415855 -0.04853541 0.02202888
v -0.143755395 -0.05036655 0.022029045
v -0.14371314 -0.04843767 0.02208321
v -0.143310435 -0.050268915 0.022083315
v -0.142879905 -0.050174445 0.022119435
v -0.14328177 -0.04834302 0.022119435
v -0.14101986 -0.049766295 0.0222729
v -0.141421725 -0.04793487 0.0222729
v -0.1391946 -0.04936578 0.02237775
v -0.139596465 -0.047534355 0.02237775
v -0.137404125 -0.0489729 0.022434
v -0.13780599 -0.047141475 0.022434
v -0.135648555 -0.04858767 0.022441695
v -0.13605042 -0.046756245 0.022441695
v -0.13393446 -0.048211545 0.02240412
v -0.134336325 -0.04638012 0.02240412
v -0.13225713 -0.047843505 0.02231892
v -0.13265901 -0.04601208 0.02231892
v -0.130604655 -0.047480895 0.022180155
v -0.13100652 -0.04564947 0.022180155
v -0.12896598 -0.047121315 0.021982095
v -0.129367845 -0.04528989 0.021982095
v -0.127350105 -0.04676676 0.021725025
v -0.127751985 -0.04493532 0.021725025
v -0.12655032 -0.04659126 0.02157525
v -0.1269522 -0.044759835 0.02157525
v -0.125754075 -0.04641654 0.0214116
v -0.12615594 -0.044585115 0.0214116
v -0.1249599 -0.04624227 0.02123427
v -0.125361765 -0.044410845 0.02123427
v -0.124166385 -0.04606815 0.021043455
v -0.12456825 -0.044236725 0.021043455
v -0.123372105 -0.045893865 0.02083938
v -0.123773955 -0.044062425 0.02083938
v -0.12257757 -0.04571952 0.02062038
v -0.122979435 -0.043888095 0.02062038
v -0.12178626 -0.04554588 0.020383335
v -0.12218814 -0.043714455 0.020383335
v -0.12099717 -0.04537272 0.020130585
v -0.12139902 -0.043541295 0.020130585
v -0.120208965 -0.045199785 0.01986471
v -0.120610845 -0.043368345 0.01986471
v -0.119420445 -0.045026745 0.019588335
v -0.11982231 -0.04319532 0.019588335
v -0.11863032 -0.044853375 0.019303995
v -0.119032185 -0.04302195 0.019303995
v -0.11783733 -0.044679375 0.019014315
v -0.118239195 -0.042847935 0.019014315
v -0.1170402 -0.04450446 0.018721875
v -0.117442065 -0.04267302 0.018721875
v -0.116240685 -0.04432902 0.018421755
v -0.11664255 -0.042497595 0.018421755
v -0.11544066 -0.044153475 0.018109515
v -0.11584254 -0.04232205 0.018109515
v -0.114639135 -0.043977585 0.0177885
v -0.115041 -0.04214616 0.0177885
v -0.11383503 -0.04380114 0.017461995
v -0.114236895 -0.041969715 0.017461995
v -0.11302734 -0.043623915 0.017133315
v -0.113429205 -0.04179249 0.017133315
v -0.112215015 -0.04344567 0.01680579
v -0.112616895 -0.041614245 0.01680579
v -0.11139705 -0.04326618 0.016482705
v -0.111798915 -0.041434755 0.016482705
v -0.110572575 -0.043085265 0.016167015
v -0.11097444 -0.04125384 0.016167015
v -0.10974474 -0.042903615 0.01585287
v -0.110146605 -0.04107219 0.01585287
v -0.10891392 -0.042721305 0.01553844
v -0.109315785 -0.04088988 0.01553844
v -0.108078765 -0.04253805 0.015225195
v -0.10848063 -0.040706625 0.015225195
v -0.107237895 -0.042353535 0.014914635
v -0.10763976 -0.04052211 0.014914635
v -0.106389945 -0.042167475 0.014608275
v -0.106791825 -0.04033605 0.014608275
v -0.104667375 -0.04178949 0.01401411
v -0.10506924 -0.039958065 0.01401411
v -0.102907695 -0.04140336 0.01344876
v -0.10330956 -0.039571935 0.01344876
v -0.101119185 -0.041010915 0.012904905
v -0.10152105 -0.03917949 0.012904905
v -0.09929286 -0.04061016 0.01238442
v -0.099694725 -0.038778735 0.01238442
v -0.09741894 -0.040198965 0.01188969
v -0.097820805 -0.03836754 0.01188969
v -0.09549354 -0.039776475 0.011421705
v -0.095895405 -0.03794505 0.011421705
v -0.09352209 -0.03934389 0.01097913
v -0.093923955 -0.03751245 0.01097913
v -0.09150465 -0.03890121 0.010561905
v -0.09190653 -0.03706977 0.010561905
v -0.08944125 -0.038448435 0.010170075
v -0.08984313 -0.03661701 0.010170075
v -0.088713825 -0.03828882 0.01000455
v -0.089115705 -0.03645738 0.01000455
v -0.088013355 -0.038135115 0.009786645
v -0.08841522 -0.036303675 0.009786645
v -0.087339825 -0.03798732 0.00951636
v -0.08774169 -0.036155895 0.00951636
v -0.08669316 -0.03784542 0.009193635
v -0.087095025 -0.036013995 0.009193635
v -0.0860673 -0.03770808 0.00881385
v -0.086469165 -0.035876655 0.00881385
v -0.085466325 -0.037576215 0.00838011
v -0.085868205 -0.03574479 0.00838011
v -0.084901335 -0.03745224 0.00790086
v -0.0853032 -0.035620815 0.00790086
v -0.084382725 -0.037338435 0.007383885
v -0.084784605 -0.03550701 0.007383885
v -0.083904045 -0.037233405 0.00682119
v -0.084305925 -0.03540198 0.00682119
v -0.08346606 -0.0371373 0.006216165
v -0.083867925 -0.03530586 0.006216165
v -0.083076765 -0.037051875 0.00558033
v -0.083478645 -0.03522045 0.00558033
v -0.0827433 -0.036978705 0.004923375
v -0.083145165 -0.03514728 0.004923375
v -0.08246079 -0.03691671 0.004234185
v -0.08286267 -0.035085285 0.004234185
v -0.08223012 -0.0368661 0.00351891
v -0.082631985 -0.03503466 0.00351891
v -0.082055475 -0.036827775 0.00279102
v -0.082457355 -0.03499635 0.00279102
v -0.081940485 -0.036802545 0.0020604
v -0.082342365 -0.03497112 0.0020604
v -0.08188335 -0.036790005 0.00131415
v -0.08228523 -0.03495858 0.00131415
v -0.08188335 -0.036790005 0.00056085
v -0.08228523 -0.03495858 0.00056085
v -0.081940485 -0.036802545 -0.0001854
v -0.082342365 -0.03497112 -0.0001854
v -0.082055475 -0.036827775 -0.00091602
v -0.082457355 -0.03499635 -0.00091602
v -0.08223012 -0.0368661 -0.00164391
v -0.082631985 -0.03503466 -0.00164391
v -0.08246079 -0.03691671 -0.002359185
v -0.08286267 -0.035085285 -0.002359185
v -0.0827433 -0.036978705 -0.003048375
v -0.083145165 -0.03514728 -0.003048375
v -0.083076765 -0.037051875 -0.00370533
v -0.083478645 -0.03522045 -0.00370533
v -0.08346606 -0.0371373 -0.004341165
v -0.083867925 -0.03530586 -0.004341165
v -0.083904045 -0.037233405 -0.00494619
v -0.084305925 -0.03540198 -0.00494619
v -0.084382725 -0.037338435 -0.005508885
v -0.084784605 -0.03550701 -0.005508885
v -0.084901335 -0.03745224 -0.00602586
v -0.0853032 -0.035620815 -0.00602586
v -0.085466325 -0.037576215 -0.00650511
v -0.085868205 -0.03574479 -0.00650511
v -0.0860673 -0.03770808 -0.00693885
v -0.086469165 -0.035876655 -0.00693885
v -0.08669316 -0.03784542 -0.007318635
v -0.087095025 -0.036013995 -0.007318635
v -0.087339825 -0.03798732 -0.00764136
v -0.08774169 -0.036155895 -0.00764136
v -0.088013355 -0.038135115 -0.007911645
v -0.08841522 -0.036303675 -0.007911645
v -0.088713825 -0.03828882 -0.00812955
v -0.09143325 -0.036965925 0.001523445
v -0.09103137 -0.03879735 0.001523445
v -0.091215645 -0.038837775 0.001490115
v -0.09124899 -0.036925485 0.001490115
v -0.09161751 -0.03700635 0.001490115
v -0.09136779 -0.038871165 0.00141153
v -0.091769655 -0.03703974 0.00141153
v -0.091492755 -0.0388986 0.001280685
v -0.09189462 -0.03706716 0.001280685
v -0.09157569 -0.038916795 0.001118565
v -0.091977555 -0.03708537 0.001118565
v -0.091601685 -0.038922495 0.0009375
v -0.09200355 -0.03709107 0.0009375
v -0.09157569 -0.038916795 0.000756435
v -0.091977555 -0.03708537 0.000756435
v -0.091492755 -0.0388986 0.000594315
v -0.09189462 -0.03706716 0.000594315
v -0.09136779 -0.038871165 0.00046347
v -0.091769655 -0.03703974 0.00046347
v -0.091215645 -0.038837775 0.000384885
v -0.09161751 -0.03700635 0.000384885
v -0.09103137 -0.03879735 0.00035157
v -0.09143325 -0.036965925 0.00035157
v -0.09084711 -0.038756925 0.000384885
v -0.09124899 -0.036925485 0.000384885
v -0.09069498 -0.038723535 0.00046347
v -0.091096845 -0.03689211 0.00046347
v -0.09057 -0.038696115 0.000594315
v -0.090971865 -0.036864675 0.000594315
v -0.090487065 -0.038677905 0.000756435
v -0.090888945 -0.03684648 0.000756435
v -0.090461085 -0.038672205 0.0009375
v -0.09086295 -0.03684078 0.0009375
v -0.090487065 -0.038677905 0.001118565
v -0.090888945 -0.03684648 0.001118565
v -0.09057 -0.038696115 0.001280685
v -0.090971865 -0.036864675 0.001280685
v -0.09069498 -0.038723535 0.00141153
v -0.091096845 -0.03689211 0.00141153
v -0.09084711 -0.038756925 0.001490115
v -0.12074382 -0.04339752 0.0019875
v -0.11851053 -0.04482708 0.0019875
v -0.120341955 -0.04522896 0.0019875
v -0.118912395 -0.042995655 0.0019875
v -0.120571485 -0.04527933 0.00196077
v -0.120973365 -0.04344789 0.00196077
v -0.12078666 -0.04532655 0.0018834
v -0.12118854 -0.04349511 0.0018834
v -0.120981 -0.04536918 0.001758675
v -0.12138288 -0.043537755 0.001758675
v -0.121144035 -0.045404955 0.001591755
v -0.121545915 -0.04357353 0.001591755
v -0.121265865 -0.045431685 0.00139281
v -0.12166773 -0.04360026 0.00139281
v -0.12134157 -0.045448305 0.001171575
v -0.12174345 -0.04361688 0.001171575
v -0.12136755 -0.045454005 0.0009375
v -0.121769415 -0.04362258 0.0009375
v -0.12134157 -0.045448305 0.000703425
v -0.12174345 -0.04361688 0.000703425
v -0.121265865 -0.045431685 0.00048219
v -0.12166773 -0.04360026 0.00048219
v -0.121144035 -0.045404955 0.000283245
v -0.121545915 -0.04357353 0.000283245
v -0.120981 -0.04536918 0.000116325
v -0.12138288 -0.043537755 0.000116325
v -0.12078666 -0.04532655 -8.4e-06
v -0.12118854 -0.04349511 -8.4e-06
v -0.120571485 -0.04527933 -8.577e-05
v -0.120973365 -0.04344789 -8.577e-05
v -0.120341955 -0.04522896 -0.0001125
v -0.12074382 -0.04339752 -0.0001125
v -0.118912395 -0.042995655 -0.0001125
v -0.11851053 -0.04482708 -0.0001125
v -0.11394102 -0.043824405 -0.0001125
v -0.114342885 -0.04199298 -0.0001125
v -0.11310312 -0.043640535 -0.00013923
v -0.113504985 -0.04180911 -0.00013923
v -0.11227377 -0.043458555 -0.000217425
v -0.112675635 -0.04162713 -0.000217425
v -0.111452715 -0.04327839 -0.000347115
v -0.11185458 -0.041446965 -0.000347115
v -0.110637135 -0.04309944 -0.00052905
v -0.111039015 -0.041268 -0.00052905
v -0.10983312 -0.04292301 -0.000761655
v -0.110235 -0.041091585 -0.000761655
v -0.109047705 -0.04275066 -0.00104319
v -0.10944957 -0.040919235 -0.00104319
v -0.108277575 -0.04258167 -0.001374855
v -0.10867944 -0.040750245 -0.001374855
v -0.10752927 -0.04241748 -0.001753485
v -0.107931135 -0.040586055 -0.001753485
v -0.10680852 -0.04225932 -0.00217647
v -0.107210385 -0.040427895 -0.00217647
v -0.10611267 -0.042106635 -0.002644995
v -0.106514535 -0.04027521 -0.002644995
v -0.105441465 -0.04195935 -0.00315921
v -0.105843345 -0.040127925 -0.00315921
v -0.10505889 -0.041875395 -0.003458655
v -0.105460755 -0.04004397 -0.003458655
v -0.104674155 -0.041790975 -0.00374193
v -0.105076035 -0.03995955 -0.00374193
v -0.104287275 -0.04170609 -0.004009005
v -0.104689155 -0.039874665 -0.004009005
v -0.10389825 -0.041620725 -0.004259895
v -0.104300115 -0.0397893 -0.004259895
v -0.10350708 -0.04153488 -0.0044946
v -0.103908945 -0.039703455 -0.0044946
v -0.103112805 -0.041448375 -0.004712865
v -0.10351467 -0.039616935 -0.004712865
v -0.10271541 -0.041361165 -0.00491469
v -0.103117275 -0.03952974 -0.00491469
v -0.102316365 -0.04127361 -0.005100465
v -0.10271823 -0.039442185 -0.005100465
v -0.101917065 -0.041185995 -0.005270535
v -0.10231893 -0.03935457 -0.005270535
v -0.101518965 -0.041098635 -0.005425275
v -0.10192083 -0.03926721 -0.005425275
v -0.101121135 -0.041011335 -0.005564295
v -0.101523 -0.03917991 -0.005564295
v -0.10072266 -0.0409239 -0.005687355
v -0.101124525 -0.039092475 -0.005687355
v -0.10032486 -0.040836615 -0.00579504
v -0.100726725 -0.03900519 -0.00579504
v -0.099929085 -0.040749765 -0.00588792
v -0.10033095 -0.03891834 -0.00588792
v -0.099536655 -0.040663665 -0.00596658
v -0.099938535 -0.038832225 -0.00596658
v -0.099146685 -0.04057809 -0.006030555
v -0.09954855 -0.038746665 -0.006030555
v -0.09875826 -0.04049286 -0.00607947
v -0.099160125 -0.038661435 -0.00607947
v -0.098372775 -0.040408275 -0.006114015
v -0.09877464 -0.038576835 -0.006114015
v -0.09799155 -0.04032462 -0.006134865
v -0.09839343 -0.038493195 -0.006134865
v -0.097615995 -0.04024221 -0.00614274
v -0.09801786 -0.038410785 -0.00614274
v -0.0972453 -0.040160865 -0.00613695
v -0.097647165 -0.03832944 -0.00613695
v -0.096878565 -0.040080405 -0.00611703
v -0.097280445 -0.038248965 -0.00611703
v -0.096161685 -0.039923085 -0.006038865
v -0.09656355 -0.03809166 -0.006038865
v -0.09547356 -0.039772095 -0.00591528
v -0.095875425 -0.03794067 -0.00591528
v -0.09481302 -0.03962715 -0.00574527
v -0.095214885 -0.037795725 -0.00574527
v -0.09417927 -0.0394881 -0.005528175
v -0.094581135 -0.03765666 -0.005528175
v -0.09246282 -0.03911145 -0.004874295
v -0.092864685 -0.037280025 -0.004874295
v -0.092256795 -0.03906624 -0.004767285
v -0.09265866 -0.037234815 -0.004767285
v -0.092081475 -0.039027765 -0.004617945
v -0.09248334 -0.03719634 -0.004617945
v -0.091941825 -0.038997135 -0.004431675
v -0.092343705 -0.03716571 -0.004431675
v -0.091845885 -0.038976075 -0.004217025
v -0.09224775 -0.03714465 -0.004217025
v -0.091799475 -0.03896589 -0.003987075
v -0.09220134 -0.037134465 -0.003987075
v -0.09180387 -0.03896685 -0.0037527
v -0.092205735 -0.037135425 -0.0037527
v -0.091859265 -0.038979015 -0.00352404
v -0.09226113 -0.03714759 -0.00352404
v -0.091963335 -0.039001845 -0.003313935
v -0.092365215 -0.03717042 -0.003313935
v -0.09210966 -0.03903396 -0.003133635
v -0.092511525 -0.037202535 -0.003133635
v -0.092291595 -0.039073875 -0.002990655
v -0.09269346 -0.03724245 -0.002990655
v -0.092501265 -0.03911988 -0.002892435
v -0.09290313 -0.037288455 -0.002892435
v -0.092725875 -0.03916917 -0.00284493
v -0.09312774 -0.037337745 -0.00284493
v -0.092953905 -0.03921921 -0.002849235
v -0.09335577 -0.037387785 -0.002849235
v -0.09317814 -0.03926841 -0.00290613
v -0.093580005 -0.037436985 -0.00290613
v -0.09489459 -0.03964506 -0.00356001
v -0.095296455 -0.03781362 -0.00356001
v -0.095431005 -0.039762765 -0.00374232
v -0.09583287 -0.037931325 -0.00374232
v -0.09599676 -0.039886905 -0.003881595
v -0.096398625 -0.03805548 -0.003881595
v -0.09659301 -0.040017735 -0.003979095
v -0.096994875 -0.03818631 -0.003979095
v -0.096902895 -0.04008573 -0.0040125
v -0.09730476 -0.038254305 -0.0040125
v -0.097219185 -0.040155135 -0.00403419
v -0.09762105 -0.03832371 -0.00403419
v -0.09754071 -0.040225695 -0.00404286
v -0.097942575 -0.03839427 -0.00404286
v -0.097867185 -0.040297335 -0.004038015
v -0.09826905 -0.03846591 -0.004038015
v -0.09820032 -0.04037043 -0.004020975
v -0.0986022 -0.038539005 -0.004020975
v -0.098538765 -0.040444695 -0.003991125
v -0.098940645 -0.03861327 -0.003991125
v -0.098880945 -0.040519785 -0.003947685
v -0.099282825 -0.038688345 -0.003947685
v -0.09922527 -0.04059534 -0.00388986
v -0.099627135 -0.0387639 -0.00388986
v -0.09957252 -0.040671525 -0.00381804
v -0.099974385 -0.0388401 -0.00381804
v -0.09992358 -0.040748565 -0.00373269
v -0.10032546 -0.03891714 -0.00373269
v -0.100277055 -0.04082613 -0.003633075
v -0.10067892 -0.03899469 -0.003633075
v -0.100631505 -0.040903905 -0.003518475
v -0.10103337 -0.03907248 -0.003518475
v -0.100985775 -0.040981635 -0.003388275
v -0.10138764 -0.03915021 -0.003388275
v -0.10134156 -0.04105971 -0.00324327
v -0.101743425 -0.039228285 -0.00324327
v -0.101698455 -0.041138025 -0.00308331
v -0.10210032 -0.0393066 -0.00308331
v -0.10205517 -0.041216295 -0.00290787
v -0.102457035 -0.03938487 -0.00290787
v -0.102410355 -0.041294235 -0.002716395
v -0.10281222 -0.03946281 -0.002716395
v -0.102763215 -0.041371665 -0.00250854
v -0.103165095 -0.03954024 -0.00250854
v -0.103114755 -0.041448795 -0.00228474
v -0.10351662 -0.03961737 -0.00228474
v -0.10346505 -0.04152567 -0.002045025
v -0.103866915 -0.039694245 -0.002045025
v -0.10381413 -0.04160226 -0.001789395
v -0.104215995 -0.039770835 -0.001789395
v -0.104161965 -0.041678595 -0.00151785
v -0.104563845 -0.039847155 -0.00151785
v -0.104543325 -0.041762265 -0.001216155
v -0.10494519 -0.03993084 -0.001216155
v -0.104932215 -0.0418476 -0.00092736
v -0.10533408 -0.040016175 -0.00092736
v -0.105328635 -0.041934585 -0.000651465
v -0.1057305 -0.04010316 -0.000651465
v -0.10573257 -0.04202322 -0.000388455
v -0.106134435 -0.040191795 -0.000388455
v -0.10614432 -0.04211358 -0.000138195
v -0.106546185 -0.040282155 -0.000138195
v -0.106564485 -0.04220577 9.963e-05
v -0.10696635 -0.040374345 9.963e-05
v -0.106992015 -0.042299595 0.00032448
v -0.107393895 -0.040468155 0.00032448
v -0.107425725 -0.042394755 0.000535725
v -0.10782759 -0.04056333 0.000535725
v -0.107864475 -0.042491025 0.000732765
v -0.10826634 -0.0406596 0.000732765
v -0.108309435 -0.04258866 0.000916095
v -0.1087113 -0.040757235 0.000916095
v -0.1087605 -0.042687645 0.001085715
v -0.109162365 -0.04085622 0.001085715
v -0.10921641 -0.04278768 0.001241205
v -0.109618275 -0.040956255 0.001241205
v -0.109675875 -0.04288851 0.001382085
v -0.110077755 -0.041057085 0.001382085
v -0.110138865 -0.04299009 0.001508265
v -0.11054073 -0.041158665 0.001508265
v -0.11060655 -0.04309272 0.00162012
v -0.111008415 -0.041261295 0.00162012
v -0.1110777 -0.0431961 0.001717425
v -0.11147958 -0.041364675 0.001717425
v -0.11155101 -0.04329996 0.001799865
v -0.111952875 -0.041468535 0.001799865
v -0.11202531 -0.043404045 0.001867215
v -0.112427175 -0.04157262 0.001867215
v -0.112501275 -0.043508475 0.00191961
v -0.112903155 -0.04167705 0.00191961
v -0.11297922 -0.043613355 0.001957125
v -0.1133811 -0.04178193 0.001957125
v -0.11345913 -0.043718655 0.00197976
v -0.11386101 -0.04188723 0.00197976
v -0.11394102 -0.043824405 0.0019875
v -0.114342885 -0.04199298 0.0019875
v -0.14444589 -0.04859847 -0.01594611
v -0.144044025 -0.050429895 -0.01594611
v -0.14297178 -0.050194605 -0.01591548
v -0.144727995 -0.04866036 -0.015951435
v -0.14337366 -0.04836318 -0.01591548
v -0.14192955 -0.049965915 -0.01587342
v -0.14233143 -0.04813449 -0.01587342
v -0.140917335 -0.04974381 -0.015819945
v -0.141319215 -0.047912385 -0.015819945
v -0.13993539 -0.049528335 -0.0157548
v -0.140337255 -0.04769691 -0.0157548
v -0.13898391 -0.04931955 -0.015677835
v -0.13938579 -0.047488125 -0.015677835
v -0.13806177 -0.0491172 -0.015590025
v -0.13846362 -0.047285775 -0.015590025
v -0.137167875 -0.04892106 -0.0154923
v -0.13756974 -0.047089635 -0.0154923
v -0.136303425 -0.04873137 -0.01538388
v -0.136705305 -0.046899945 -0.01538388
v -0.1354671 -0.04854786 -0.01526553
v -0.13586898 -0.046716435 -0.01526553
v -0.13465668 -0.048370035 -0.01513866
v -0.135058545 -0.04653861 -0.01513866
v -0.13387392 -0.04819827 -0.01500354
v -0.13427577 -0.046366845 -0.01500354
v -0.133117965 -0.048032385 -0.014859705
v -0.13351983 -0.04620096 -0.014859705
v -0.13166586 -0.047713755 -0.01454721
v -0.13206774 -0.04588233 -0.01454721
v -0.130291425 -0.047412165 -0.014201985
v -0.130693305 -0.04558074 -0.014201985
v -0.128954805 -0.04711887 -0.01381584
v -0.12935667 -0.045287445 -0.01381584
v -0.127641255 -0.04683063 -0.013382265
v -0.128043105 -0.044999205 -0.013382265
v -0.12632241 -0.04654125 -0.01288878
v -0.12672429 -0.044709825 -0.01288878
v -0.124968555 -0.046244175 -0.012324645
v -0.12537042 -0.04441275 -0.012324645
v -0.12356421 -0.045936015 -0.01168413
v -0.123966075 -0.04410459 -0.01168413
v -0.12283008 -0.04577493 -0.01133073
v -0.12323196 -0.043943505 -0.01133073
v -0.122073615 -0.04560894 -0.010954875
v -0.122475465 -0.0437775 -0.010954875
v -0.121296345 -0.045438375 -0.01055712
v -0.12169821 -0.04360695 -0.01055712
v -0.1204983 -0.045263265 -0.01013745
v -0.12090018 -0.04343184 -0.01013745
v -0.12043665 -0.045249735 -0.010104765
v -0.12083877 -0.043418355 -0.0101049
v -0.120374325 -0.045236055 -0.010071615
v -0.120776145 -0.043404615 -0.010071585
v -0.120311115 -0.045222195 -0.01003785
v -0.120712155 -0.043390575 -0.0100374
v -0.12024615 -0.04520793 -0.010002915
v -0.120645675 -0.043375995 -0.010001655
v -0.12017871 -0.04519314 -0.009966345
v -0.12057606 -0.04336071 -0.00996387
v -0.120108345 -0.04517769 -0.00992778
v -0.120502755 -0.04334463 -0.00992367
v -0.120033975 -0.04516137 -0.009886425
v -0.12042438 -0.043327425 -0.00987999
v -0.11995473 -0.045143985 -0.00984159
v -0.12034026 -0.043308975 -0.00983223
v -0.11987004 -0.0451254 -0.009792765
v -0.120249705 -0.0432891 -0.00977979
v -0.119779605 -0.045105555 -0.009739395
v -0.120152535 -0.043267785 -0.00972204
v -0.119683395 -0.04508445 -0.009681135
v -0.12004869 -0.043245 -0.00965859
v -0.119581335 -0.045062055 -0.009617655
v -0.11993814 -0.04322073 -0.00958902
v -0.119473185 -0.045038325 -0.009548325
v -0.119820615 -0.043194945 -0.009512625
v -0.119358885 -0.045013245 -0.00947274
v -0.11969601 -0.043167615 -0.00942891
v -0.119238375 -0.0449868 -0.00939054
v -0.119564115 -0.043138665 -0.009337125
v -0.11911188 -0.044959035 -0.009301035
v -0.11942493 -0.043108125 -0.0092361
v -0.118979715 -0.04493004 -0.009203745
v -0.119278515 -0.043075995 -0.0091251
v -0.118842225 -0.044899875 -0.009098235
v -0.11912523 -0.043042365 -0.009002835
v -0.118699845 -0.04486863 -0.008983335
v -0.118964475 -0.043007085 -0.00886641
v -0.118551855 -0.044836155 -0.008856945
v -0.11839728 -0.04480224 -0.008716845
v -0.118795965 -0.04297011 -0.008713755
v -0.118233945 -0.04476639 -0.00855573
v -0.118618125 -0.042931095 -0.008537715
v -0.118063605 -0.044729025 -0.008370075
v -0.118435065 -0.042890925 -0.008334285
v -0.117887865 -0.04469046 -0.008153865
v -0.11834142 -0.042870375 -0.00822021
v -0.11824944 -0.042850185 -0.00809928
v -0.11772072 -0.044653785 -0.00791064
v -0.118162635 -0.042831135 -0.007972485
v -0.118078545 -0.042812685 -0.0078387
v -0.11764164 -0.04463643 -0.00777924
v -0.118000335 -0.042795525 -0.00769977
v -0.1175706 -0.044620845 -0.007643655
v -0.117932265 -0.042780585 -0.007557975
v -0.117506805 -0.044606835 -0.007503195
v -0.117872505 -0.042767475 -0.007412085
v -0.1174509 -0.04459458 -0.007358565
v -0.11782266 -0.04275654 -0.007263435
v -0.117406935 -0.04458492 -0.007212435
v -0.117786165 -0.04274853 -0.007114545
v -0.117375045 -0.04457793 -0.0070644
v -0.11776233 -0.04274331 -0.00696435
v -0.11734899 -0.044572215 -0.00676665
v -0.11775525 -0.04274175 -0.006665865
v -0.11738157 -0.044579355 -0.006474705
v -0.11780832 -0.04275339 -0.006375405
v -0.11747055 -0.044598885 -0.006197115
v -0.117916365 -0.042777105 -0.006104685
v -0.117613635 -0.04463028 -0.00593907
v -0.11807481 -0.042811875 -0.005858655
v -0.117702945 -0.044649885 -0.0058209
v -0.11780424 -0.044672115 -0.00570951
v -0.11827146 -0.042855015 -0.00564531
v -0.117912195 -0.0446958 -0.005606025
v -0.11802546 -0.044720655 -0.00551118
v -0.11848833 -0.04290261 -0.00546492
v -0.118266555 -0.044773545 -0.00534561
v -0.118714815 -0.042952305 -0.00531774
v -0.118504515 -0.04482576 -0.00521241
v -0.118931565 -0.04299987 -0.005199615
v -0.1187349 -0.044876325 -0.005105055
v -0.119138025 -0.04304517 -0.00510459
v -0.118953435 -0.04492428 -0.00501948
v -0.119331975 -0.043087725 -0.00502803
v -0.119515695 -0.043128045 -0.004963605
v -0.119159175 -0.044969415 -0.00494895
v -0.11968992 -0.043166265 -0.00490944
v -0.119352315 -0.045011805 -0.00489081
v -0.11985555 -0.04320261 -0.00486318
v -0.119532855 -0.04505142 -0.004842585
v -0.12001275 -0.04323711 -0.00482307
v -0.11970222 -0.045088575 -0.004801455
v -0.120161505 -0.04326975 -0.004788435
v -0.119861265 -0.04512348 -0.004766325
v -0.12030177 -0.04330053 -0.004758315
v -0.120010845 -0.0451563 -0.004736025
v -0.120433785 -0.043329495 -0.004731885
v -0.120152145 -0.045187305 -0.0047094
v -0.120557835 -0.04335672 -0.00470871
v -0.12028515 -0.045216495 -0.00468597
v -0.120674355 -0.04338228 -0.004688175
v -0.120783975 -0.04340634 -0.00466977
v -0.120409845 -0.045243855 -0.004665285
v -0.120887115 -0.043428975 -0.004653195
v -0.120526125 -0.04526937 -0.00464673
v -0.120984615 -0.043450365 -0.004637955
v -0.12063411 -0.045293055 -0.00463005
v -0.121076925 -0.043470615 -0.00462381
v -0.120733905 -0.04531497 -0.004614915
v -0.12116439 -0.043489815 -0.004610595
v -0.12082608 -0.04533519 -0.00460101
v -0.121247235 -0.043507995 -0.004598115
v -0.120910965 -0.04535382 -0.00458823
v -0.12132546 -0.043525155 -0.00458631
v -0.120988995 -0.045370935 -0.004576395
v -0.121399005 -0.043541295 -0.00457515
v -0.12106149 -0.04538685 -0.004565175
v -0.12146823 -0.04355649 -0.004564425
v -0.12112932 -0.04540173 -0.004554405
v -0.121533825 -0.043570875 -0.004553985
v -0.121193775 -0.045415875 -0.004543785
v -0.12159678 -0.04358469 -0.004543605
v -0.12125637 -0.045429615 -0.004532985
v -0.12165855 -0.04359825 -0.004532925
v -0.121317465 -0.04544301 -0.0045219
v -0.121719345 -0.043611585 -0.0045219
v -0.12186267 -0.04556265 -0.004389465
v -0.12226455 -0.043731225 -0.004389465
v -0.122386755 -0.04567764 -0.004202535
v -0.12278862 -0.043846215 -0.004202535
v -0.122892255 -0.045788565 -0.003959745
v -0.123294105 -0.04395714 -0.003959745
v -0.12337002 -0.0458934 -0.00366594
v -0.123771885 -0.044061975 -0.00366594
v -0.12381657 -0.045991395 -0.00332232
v -0.124218435 -0.04415997 -0.00332232
v -0.12422532 -0.04608108 -0.0029349
v -0.124627185 -0.044249655 -0.0029349
v -0.12459399 -0.046161975 -0.00250491
v -0.12499584 -0.04433055 -0.00250491
v -0.124916565 -0.04623276 -0.002040285
v -0.12531843 -0.044401335 -0.002040285
v -0.12519168 -0.046293135 -0.00154209
v -0.125593545 -0.044461695 -0.00154209
v -0.12541455 -0.046342035 -0.001019895
v -0.12581643 -0.04451061 -0.001019895
v -0.12558444 -0.04637931 -0.00047454
v -0.12598632 -0.044547885 -0.00047454
v -0.125698275 -0.046404285 8.319e-05
v -0.12610014 -0.04457286 8.319e-05
v -0.12575571 -0.0464169 0.00065262
v -0.126157575 -0.04458546 0.00065262
v -0.12575571 -0.0464169 0.00122238
v -0.126157575 -0.04458546 0.00122238
v -0.125698275 -0.046404285 0.00179181
v -0.12610014 -0.04457286 0.00179181
v -0.12558444 -0.04637931 0.00234954
v -0.12598632 -0.044547885 0.00234954
v -0.12541455 -0.046342035 0.002894895
v -0.12581643 -0.04451061 0.002894895
v -0.12519168 -0.046293135 0.00341709
v -0.125593545 -0.044461695 0.00341709
v -0.124916565 -0.04623276 0.003915285
v -0.12531843 -0.044401335 0.003915285
v -0.12459399 -0.046161975 0.00437991
v -0.12499584 -0.04433055 0.00437991
v -0.12422532 -0.04608108 0.0048099
v -0.124627185 -0.044249655 0.0048099
v -0.12381657 -0.045991395 0.00519732
v -0.124218435 -0.04415997 0.00519732
v -0.12337002 -0.0458934 0.00554094
v -0.123771885 -0.044061975 0.00554094
v -0.122892255 -0.045788565 0.005834745
v -0.123294105 -0.04395714 0.005834745
v -0.122386755 -0.04567764 0.006077535
v -0.12278862 -0.043846215 0.006077535
v -0.12186267 -0.04556265 0.006264465
v -0.12226455 -0.043731225 0.006264465
v -0.121317465 -0.04544301 0.0063969
v -0.121719345 -0.043611585 0.0063969
v -0.121256475 -0.04542963 0.00640797
v -0.12165783 -0.043598085 0.00640806
v -0.12119451 -0.045416025 0.006418665
v -0.12159477 -0.043584255 0.006418935
v -0.121131225 -0.04540215 0.00642909
v -0.121529805 -0.04356999 0.00642963
v -0.12106533 -0.04538769 0.006439575
v -0.12146136 -0.043554975 0.00644049
v -0.120995595 -0.04537239 0.006450375
v -0.121388055 -0.043538895 0.006451815
v -0.120921465 -0.045356115 0.00646164
v -0.12130905 -0.043521555 0.0064638
v -0.120842565 -0.045338805 0.006473535
v -0.12122298 -0.04350267 0.00647676
v -0.120758985 -0.04532046 0.00648612
v -0.12112944 -0.04348215 0.006490875
v -0.12067065 -0.04530108 0.006499485
v -0.12102804 -0.04345989 0.006506265
v -0.12057744 -0.045280635 0.006513765
v -0.12091821 -0.0434358 0.00652326
v -0.120478815 -0.04525899 0.006529215
v -0.12079986 -0.04340982 0.00654222
v -0.120374415 -0.045236085 0.006546045
v -0.12067281 -0.04338195 0.0065634
v -0.12026334 -0.04521171 0.00656472
v -0.12014499 -0.045185745 0.00658572
v -0.120537225 -0.04335219 0.006587445
v -0.12001893 -0.04515807 0.006609405
v -0.120392985 -0.04332054 0.00661491
v -0.11988453 -0.04512858 0.006636465
v -0.120240015 -0.043286985 0.00664623
v -0.11974164 -0.04509723 0.00666753
v -0.120077085 -0.043251225 0.006682725
v -0.11959014 -0.04506399 0.006703155
v -0.119903415 -0.043213125 0.006725625
v -0.119430075 -0.04502886 0.006744405
v -0.119718165 -0.043172475 0.006776115
v -0.119261505 -0.04499187 0.006792465
v -0.119519955 -0.043128975 0.006837225
v -0.119084385 -0.044953005 0.006848385
v -0.11930871 -0.043082625 0.00691179
v -0.118897305 -0.044911965 0.00691497
v -0.11869875 -0.04486839 0.00699627
v -0.11908416 -0.04303335 0.00700281
v -0.11848752 -0.04482204 0.007095705
v -0.11884668 -0.04298124 0.007118355
v -0.118262625 -0.04477269 0.007222305
v -0.118602345 -0.04292763 0.007262505
v -0.118035195 -0.044722785 0.00737997
v -0.11847954 -0.042900675 0.007347945
v -0.1183587 -0.04287417 0.00744177
v -0.117814455 -0.04467435 0.00757251
v -0.11824638 -0.042849525 0.007543815
v -0.11814123 -0.04282644 0.00765471
v -0.117624645 -0.044632695 0.00779943
v -0.1180443 -0.04280517 0.007773615
v -0.11796078 -0.042786855 0.00789885
v -0.117477105 -0.044600325 0.00805641
v -0.11783397 -0.042759015 0.0081699
v -0.11738343 -0.044579775 0.00833976
v -0.11776482 -0.04274385 0.008457975
v -0.11735001 -0.04457244 0.00863598
v -0.1177542 -0.042741525 0.00875727
v -0.117355215 -0.04457358 0.00878754
v -0.11777094 -0.042745185 0.008907435
v -0.11737401 -0.044577705 0.00893817
v -0.117801825 -0.042751965 0.009058065
v -0.11740752 -0.044585055 0.00908925
v -0.117843705 -0.04276116 0.009206175
v -0.117453315 -0.044595105 0.009239115
v -0.11789676 -0.0427728 0.009351405
v -0.117508965 -0.044607315 0.009385785
v -0.11796099 -0.0427869 0.00949419
v -0.117576525 -0.044622135 0.009530565
v -0.118031835 -0.04280244 0.00963198
v -0.11765262 -0.044638845 0.00967158
v -0.118108455 -0.042819255 0.0097641
v -0.11773341 -0.04465656 0.009806565
v -0.11819181 -0.04283754 0.009891195
v -0.11782128 -0.04467585 0.009936705
v -0.11791299 -0.044695965 0.010060575
v -0.11836296 -0.0428751 0.010123275
v -0.11809644 -0.044736225 0.01028307
v -0.11853705 -0.042913305 0.010325475
v -0.118278015 -0.044776065 0.01047585
v -0.11870268 -0.042949635 0.010498335
v -0.11845059 -0.04481394 0.010640925
v -0.118860735 -0.04298433 0.010648965
v -0.118615155 -0.044850045 0.01078716
v -0.119010945 -0.043017285 0.01078167
v -0.11915556 -0.043049025 0.01090245
v -0.118772085 -0.044884485 0.010917375
v -0.11929488 -0.043079595 0.01101282
v -0.118921995 -0.04491738 0.011034975
v -0.11942931 -0.043109085 0.011114325
v -0.11906466 -0.044948685 0.011141805
v -0.11955789 -0.0431373 0.01120764
v -0.119199915 -0.044978355 0.01123869
v -0.11968035 -0.043164165 0.01129323
v -0.119327505 -0.04500636 0.01132659
v -0.11979636 -0.04318962 0.01137153
v -0.119447595 -0.045032715 0.01140663
v -0.119905845 -0.04321365 0.011443275
v -0.119560425 -0.045057465 0.01147941
v -0.12000912 -0.043236315 0.011508975
v -0.11966643 -0.04508073 0.01154571
v -0.12010653 -0.04325769 0.011569155
v -0.119766285 -0.045102645 0.011606445
v -0.120198765 -0.043277925 0.0116247
v -0.11986041 -0.045123285 0.011662125
v -0.120286185 -0.04329711 0.01167606
v -0.11994933 -0.0451428 0.0117135
v -0.120369195 -0.04331532 0.01172376
v -0.120033345 -0.045161235 0.011761065
v -0.12044811 -0.043332645 0.01176828
v -0.12011247 -0.045178605 0.011805045
v -0.1205229 -0.043349055 0.01180977
v -0.120186555 -0.04519485 0.011845605
v -0.12059349 -0.04336455 0.011848365
v -0.12025554 -0.04521 0.011883
v -0.12065994 -0.04337913 0.01188435
v -0.120319965 -0.04522413 0.011917575
v -0.12072276 -0.0433929 0.011918085
v -0.120380955 -0.04523751 0.011950155
v -0.120782925 -0.0434061 0.0119502
v -0.12044025 -0.04525053 0.011981685
v -0.120841935 -0.04341906 0.011981595
v -0.1204983 -0.045263265 0.01201245
v -0.12090018 -0.04343184 0.01201245
v -0.121266075 -0.04543173 0.012417495
v -0.121667955 -0.043600305 0.012417495
v -0.122020455 -0.04559727 0.01280433
v -0.122422335 -0.043765845 0.01280433
v -0.12276144 -0.04575987 0.01317294
v -0.123163305 -0.04392843 0.01317294
v -0.123488835 -0.04591947 0.013523295
v -0.1238907 -0.044088045 0.013523295
v -0.124199625 -0.04607544 0.0138549
v -0.124601505 -0.044244015 0.0138549
v -0.12489702 -0.04622847 0.01416831
v -0.1252989 -0.044397045 0.01416831
v -0.126271905 -0.046530165 0.01474347
v -0.126673785 -0.04469874 0.01474347
v -0.127618065 -0.046825545 0.01524819
v -0.12801993 -0.04499412 0.01524819
v -0.12897033 -0.047122275 0.015695955
v -0.12937221 -0.04529085 0.015695955
v -0.130333545 -0.047421405 0.016088445
v -0.13073541 -0.04558998 0.016088445
v -0.131744805 -0.04773108 0.01644042
v -0.132146655 -0.045899655 0.01644042
v -0.1332078 -0.04805211 0.016752825
v -0.133609665 -0.04622067 0.016752825
v -0.13397277 -0.04821996 0.016895745
v -0.134374635 -0.046388535 0.016895745
v -0.134758995 -0.04839249 0.017030355
v -0.135160875 -0.04656105 0.017030355
v -0.13556664 -0.0485697 0.01715595
v -0.13596852 -0.046738275 0.01715595
v -0.136399365 -0.04875243 0.017271795
v -0.13680123 -0.046921005 0.017271795
v -0.13726002 -0.04894128 0.01737744
v -0.137661885 -0.047109855 0.01737744
v -0.138146325 -0.049135755 0.01747359
v -0.138548205 -0.04730433 0.01747359
v -0.139059015 -0.049336035 0.017559585
v -0.139460895 -0.04750461 0.017559585
v -0.139999575 -0.04954242 0.01763451
v -0.140401455 -0.047710995 0.01763451
v -0.140968845 -0.049755105 0.01769781
v -0.141370725 -0.04792368 0.01769781
v -0.141966045 -0.049973925 0.017749995
v -0.142367925 -0.0481425 0.017749995
v -0.142991115 -0.05019885 0.017791095
v -0.14339298 -0.048367425 0.017791095
v -0.144044025 -0.050429895 0.01782111
v -0.14444589 -0.04859847 0.01782111
v -0.14431431 -0.050489205 0.017826165
v -0.144750915 -0.048665385 0.01782609
v -0.14460021 -0.050551935 0.01782003
v -0.145077585 -0.04873707 0.01781613
v -0.144901905 -0.05061813 0.017795025
v -0.145422915 -0.04881285 0.017778765
v -0.145218495 -0.05068761 0.017741445
v -0.14578173 -0.048891585 0.01770054
v -0.145547235 -0.050759745 0.0176484
v -0.14614542 -0.048971385 0.017571525
v -0.145878435 -0.05083242 0.017509515
v -0.146501205 -0.04904946 0.017387415
v -0.14620269 -0.050903565 0.017320065
v -0.14683617 -0.04912296 0.017145195
v -0.146509965 -0.05097099 0.01707927
v -0.146991255 -0.049156995 0.0170049
v -0.14678946 -0.051032325 0.016790805
v -0.14713785 -0.049189155 0.016851675
v -0.1473927 -0.049245075 0.016526475
v -0.147023595 -0.0510837 0.01647711
v -0.14759904 -0.04929036 0.016187625
v -0.147214965 -0.051125685 0.01615374
v -0.14776464 -0.04932669 0.0158514
v -0.147370515 -0.051159825 0.01583505
v -0.14749809 -0.051187815 0.01553235
v -0.14789997 -0.04935639 0.01553235
v -0.14799291 -0.0512964 0.014269755
v -0.148394775 -0.04946496 0.014269755
v -0.148441095 -0.05139474 0.012994395
v -0.148842975 -0.049563315 0.012994395
v -0.148842705 -0.051482865 0.011706285
v -0.149244555 -0.04965144 0.011706285
v -0.14919771 -0.05156076 0.010405515
v -0.149599575 -0.049729335 0.010405515
v -0.14950608 -0.051628425 0.00909189
v -0.149907945 -0.049797 0.00909189
v -0.149767815 -0.05168586 0.00776517
v -0.15016968 -0.049854435 0.00776517
v -0.149983095 -0.051733095 0.00642537
v -0.150384945 -0.04990167 0.00642537
v -0.15015117 -0.05176998 0.00507267
v -0.150553035 -0.049938555 0.00507267
v -0.150217275 -0.051784485 0.004391505
v -0.15061914 -0.04995306 0.004391505
v -0.150271485 -0.05179638 0.003707145
v -0.15067335 -0.049964955 0.003707145
v -0.15031383 -0.051805665 0.00301956
v -0.150715695 -0.04997424 0.00301956
v -0.150344295 -0.051812355 0.00232875
v -0.150746175 -0.04998093 0.00232875
v -0.150362895 -0.051816435 0.00163473
v -0.15076476 -0.04998501 0.00163473
v -0.15036963 -0.05181792 0.0009375
v -0.150771495 -0.049986495 0.0009375
v -0.150362925 -0.051816435 0.000240495
v -0.150764775 -0.04998501 0.000240495
v -0.15034434 -0.05181237 -0.000453315
v -0.150746205 -0.04998093 -0.000453315
v -0.15031389 -0.05180568 -0.00114396
v -0.15071574 -0.049974255 -0.00114396
v -0.15027156 -0.051796395 -0.00183141
v -0.15067341 -0.04996497 -0.00183141
v -0.15021735 -0.0517845 -0.002515695
v -0.15061923 -0.049953075 -0.002515695
v -0.15015126 -0.051769995 -0.0031968
v -0.150553125 -0.04993857 -0.0031968
v -0.149983185 -0.051733125 -0.004549575
v -0.150385065 -0.049901685 -0.004549575
v -0.14976792 -0.051685875 -0.00588954
v -0.150169785 -0.04985445 -0.00588954
v -0.14950617 -0.05162844 -0.00721641
v -0.14990805 -0.049797015 -0.00721641
v -0.149197785 -0.051560775 -0.0085302
v -0.14959965 -0.04972935 -0.0085302
v -0.14884275 -0.051482865 -0.009831135
v -0.1492446 -0.04965144 -0.009831135
v -0.148441125 -0.05139474 -0.011119335
v -0.148843005 -0.049563315 -0.011119335
v -0.147992925 -0.0512964 -0.01239474
v -0.148394775 -0.04946496 -0.01239474
v -0.14749809 -0.051187815 -0.01365735
v -0.14789997 -0.04935639 -0.01365735
v -0.147389865 -0.05116407 -0.01391556
v -0.14779167 -0.04933263 -0.013915695
v -0.147259725 -0.05113551 -0.01419201
v -0.147661035 -0.049303965 -0.01419312
v -0.147100455 -0.05110056 -0.01448076
v -0.147500685 -0.049268775 -0.01448346
v -0.146903235 -0.051057285 -0.01477365
v -0.14730165 -0.049225095 -0.014778195
v -0.146658345 -0.051003555 -0.015061185
v -0.14705424 -0.04917081 -0.015067335
v -0.146519385 -0.05097306 -0.015195315
v -0.146914095 -0.04914006 -0.015201795
v -0.14636913 -0.05094009 -0.015323265
v -0.14676273 -0.04910685 -0.01532973
v -0.14621022 -0.050905215 -0.015440655
v -0.14660307 -0.04907181 -0.015446775
v -0.146042235 -0.05086836 -0.01554594
v -0.14643492 -0.04903491 -0.015551295
v -0.145866705 -0.05082984 -0.01563969
v -0.146259705 -0.048996465 -0.015644025
v -0.145688505 -0.050790735 -0.015719985
v -0.146082135 -0.04895751 -0.015723345
v -0.145505715 -0.050750625 -0.01578678
v -0.145323375 -0.05071062 -0.015840975
v -0.14571933 -0.04887789 -0.01584252
v -0.144970365 -0.05063316 -0.01591083
v -0.14536872 -0.048800955 -0.015911355
v -0.144636315 -0.050559855 -0.015943305
v -0.145036635 -0.048728085 -0.01594338
v -0.144326445 -0.05049186 -0.015951465
v -0.089115705 -0.03645738 0.01000455
v -0.089115705 -0.03645738 -0.00812955
v -0.08984313 -0.03661701 -0.008295075
v -0.08841522 -0.036303675 0.009786645
v -0.08984313 -0.03661701 0.010170075
v -0.0919038 -0.03706917 -0.00868578
v -0.09086295 -0.03684078 0.0009375
v -0.090888945 -0.03684648 0.001118565
v -0.090888945 -0.03684648 0.000756435
v -0.090971865 -0.036864675 0.000594315
v -0.091096845 -0.03689211 0.00046347
v -0.09124899 -0.036925485 0.000384885
v -0.09143325 -0.036965925 0.00035157
v -0.09161751 -0.03700635 0.000384885
v -0.091769655 -0.03703974 0.00046347
v -0.09189462 -0.03706716 0.000594315
v -0.091977555 -0.03708537 0.000756435
v -0.09220134 -0.037134465 -0.003987075
v -0.09200355 -0.03709107 0.0009375
v -0.09224775 -0.03714465 -0.004217025
v -0.0939216 -0.03751194 -0.009102945
v -0.092343705 -0.03716571 -0.004431675
v -0.09248334 -0.03719634 -0.004617945
v -0.09265866 -0.037234815 -0.004767285
v -0.092864685 -0.037280025 -0.004874295
v -0.094581135 -0.03765666 -0.005528175
v -0.095896545 -0.037945305 -0.009546585
v -0.095214885 -0.037795725 -0.00574527
v -0.095875425 -0.03794067 -0.00591528
v -0.09656355 -0.03809166 -0.006038865
v -0.09782856 -0.03836925 -0.01001673
v -0.097280445 -0.038248965 -0.00611703
v -0.097647165 -0.03832944 -0.00613695
v -0.09801786 -0.038410785 -0.00614274
v -0.0997149 -0.03878316 -0.010515495
v -0.09839343 -0.038493195 -0.006134865
v -0.09877464 -0.038576835 -0.006114015
v -0.099160125 -0.038661435 -0.00607947
v -0.09954855 -0.038746665 -0.006030555
v -0.099938535 -0.038832225 -0.00596658
v -0.101557545 -0.039187485 -0.01104138
v -0.10033095 -0.03891834 -0.00588792
v -0.100726725 -0.03900519 -0.00579504
v -0.101124525 -0.039092475 -0.005687355
v -0.101523 -0.03917991 -0.005564295
v -0.10192083 -0.03926721 -0.005425275
v -0.103361505 -0.039583335 -0.011590515
v -0.10231893 -0.03935457 -0.005270535
v -0.10271823 -0.039442185 -0.005100465
v -0.103117275 -0.03952974 -0.00491469
v -0.10351467 -0.039616935 -0.004712865
v -0.105131235 -0.03997167 -0.012159705
v -0.103908945 -0.039703455 -0.0044946
v -0.104300115 -0.0397893 -0.004259895
v -0.104689155 -0.039874665 -0.004009005
v -0.105076035 -0.03995955 -0.00374193
v -0.105460755 -0.04004397 -0.003458655
v -0.10685991 -0.04035099 -0.01275705
v -0.105843345 -0.040127925 -0.00315921
v -0.106514535 -0.04027521 -0.002644995
v -0.107210385 -0.040427895 -0.00217647
v -0.107709825 -0.040537485 -0.013064775
v -0.107931135 -0.040586055 -0.001753485
v -0.10855182 -0.04072224 -0.0133764
v -0.10867944 -0.040750245 -0.001374855
v -0.10938714 -0.04090554 -0.013690335
v -0.10944957 -0.040919235 -0.00104319
v -0.110217075 -0.041087655 -0.014004975
v -0.110235 -0.041091585 -0.000761655
v -0.111042855 -0.041268855 -0.0143187
v -0.111039015 -0.041268 -0.00052905
v -0.11185458 -0.041446965 -0.000347115
v -0.111863895 -0.04144902 -0.014633235
v -0.112675635 -0.04162713 -0.000217425
v -0.11267685 -0.0416274 -0.014954355
v -0.11348286 -0.041804265 -0.0152793
v -0.113504985 -0.04180911 -0.00013923
v -0.11428329 -0.0419799 -0.01560495
v -0.114342885 -0.04199298 -0.0001125
v -0.11507946 -0.042154605 -0.0159282
v -0.115872735 -0.042328665 -0.016245915
v -0.11666448 -0.042502395 -0.01655496
v -0.11745603 -0.042676095 -0.01685223
v -0.11775525 -0.04274175 -0.006665865
v -0.11780832 -0.04275339 -0.006375405
v -0.11776233 -0.04274331 -0.00696435
v -0.118244955 -0.04284921 -0.017141895
v -0.117786165 -0.04274853 -0.007114545
v -0.11782266 -0.04275654 -0.007263435
v -0.117872505 -0.042767475 -0.007412085
v -0.117932265 -0.042780585 -0.007557975
v -0.118000335 -0.042795525 -0.00769977
v -0.118078545 -0.042812685 -0.0078387
v -0.118162635 -0.042831135 -0.007972485
v -0.11824944 -0.042850185 -0.00809928
v -0.11902899 -0.043021245 -0.017428575
v -0.11834142 -0.042870375 -0.00822021
v -0.118435065 -0.042890925 -0.008334285
v -0.118618125 -0.042931095 -0.008537715
v -0.118795965 -0.04297011 -0.008713755
v -0.118964475 -0.043007085 -0.00886641
v -0.11912523 -0.043042365 -0.009002835
v -0.11980974 -0.04319256 -0.017709855
v -0.119278515 -0.043075995 -0.0091251
v -0.11942493 -0.043108125 -0.0092361
v -0.119564115 -0.043138665 -0.009337125
v -0.11969601 -0.043167615 -0.00942891
v -0.119820615 -0.043194945 -0.009512625
v -0.12058884 -0.043363515 -0.017983275
v -0.11993814 -0.04322073 -0.00958902
v -0.12004869 -0.043245 -0.00965859
v -0.120152535 -0.043267785 -0.00972204
v -0.120249705 -0.0432891 -0.00977979
v -0.12034026 -0.043308975 -0.00983223
v -0.12042438 -0.043327425 -0.00987999
v -0.120502755 -0.04334463 -0.00992367
v -0.12057606 -0.04336071 -0.00996387
v -0.120645675 -0.043375995 -0.010001655
v -0.121367895 -0.04353447 -0.018246405
v -0.120712155 -0.043390575 -0.0100374
v -0.120776145 -0.043404615 -0.010071585
v -0.12083877 -0.043418355 -0.0101049
v -0.12090018 -0.04343184 -0.01013745
v -0.12169821 -0.04360695 -0.01055712
v -0.122148555 -0.04370577 -0.0184968
v -0.122475465 -0.0437775 -0.010954875
v -0.12293241 -0.043877775 -0.01873203
v -0.12323196 -0.043943505 -0.01133073
v -0.123720825 -0.04405077 -0.018949875
v -0.123966075 -0.04410459 -0.01168413
v -0.12450981 -0.0442239 -0.019153485
v -0.125298615 -0.044396985 -0.019344405
v -0.12537042 -0.04441275 -0.012324645
v -0.126088755 -0.04457037 -0.019522305
v -0.12672429 -0.044709825 -0.01288878
v -0.126881775 -0.044744385 -0.01968684
v -0.127679205 -0.04491936 -0.01983768
v -0.128043105 -0.044999205 -0.013382265
v -0.129293385 -0.045273555 -0.020097
v -0.12935667 -0.045287445 -0.01381584
v -0.130935585 -0.0456339 -0.02029722
v -0.130693305 -0.04558074 -0.014201985
v -0.13206774 -0.04588233 -0.01454721
v -0.132596955 -0.04599846 -0.020438775
v -0.13351983 -0.04620096 -0.014859705
v -0.134285715 -0.04636902 -0.020526765
v -0.13427577 -0.046366845 -0.01500354
v -0.135058545 -0.04653861 -0.01513866
v -0.13601091 -0.046747575 -0.020566395
v -0.13586898 -0.046716435 -0.01526553
v -0.136705305 -0.046899945 -0.01538388
v -0.137776155 -0.04713492 -0.020559705
v -0.13756974 -0.047089635 -0.0154923
v -0.13846362 -0.047285775 -0.015590025
v -0.139576425 -0.04752996 -0.020503845
v -0.13938579 -0.047488125 -0.015677835
v -0.140337255 -0.04769691 -0.0157548
v -0.14141163 -0.04793265 -0.020398755
v -0.141319215 -0.047912385 -0.015819945
v -0.14233143 -0.04813449 -0.01587342
v -0.14328177 -0.04834302 -0.020244435
v -0.14337366 -0.04836318 -0.01591548
v -0.14380977 -0.04845888 -0.020200605
v -0.14436198 -0.04858005 -0.020125365
v -0.14444589 -0.04859847 -0.01594611
v -0.144945615 -0.04870812 -0.020022975
v -0.144727995 -0.04866036 -0.015951435
v -0.145036635 -0.048728085 -0.01594338
v -0.145538985 -0.04883832 -0.019880685
v -0.14536872 -0.048800955 -0.015911355
v -0.14571933 -0.04887789 -0.01584252
v -0.1458321 -0.04890264 -0.019789335
v -0.146082135 -0.04895751 -0.015723345
v -0.14612529 -0.048966975 -0.01968591
v -0.146259705 -0.048996465 -0.015644025
v -0.146414835 -0.0490305 -0.019570305
v -0.14643492 -0.04903491 -0.015551295
v -0.14669709 -0.04909245 -0.019442385
v -0.14660307 -0.04907181 -0.015446775
v -0.14676273 -0.04910685 -0.01532973
v -0.146972475 -0.04915287 -0.019301625
v -0.146914095 -0.04914006 -0.015201795
v -0.14705424 -0.04917081 -0.015067335
v -0.14724246 -0.049212105 -0.019148265
v -0.14730165 -0.049225095 -0.014778195
v -0.14775813 -0.049325265 -0.018807675
v -0.147500685 -0.049268775 -0.01448346
v -0.147661035 -0.049303965 -0.01419312
v -0.14779167 -0.04933263 -0.013915695
v -0.148236015 -0.04943013 -0.018423225
v -0.14789997 -0.04935639 -0.01365735
v -0.148394775 -0.04946496 -0.01239474
v -0.14867862 -0.04952724 -0.017997735
v -0.148843005 -0.049563315 -0.011119335
v -0.149085615 -0.04961655 -0.017533785
v -0.1492446 -0.04965144 -0.009831135
v -0.1494573 -0.049698105 -0.017034705
v -0.14959965 -0.04972935 -0.0085302
v -0.149629275 -0.049735845 -0.016772925
v -0.149791995 -0.04977156 -0.01650249
v -0.14990805 -0.049797015 -0.00721641
v -0.149946825 -0.049805535 -0.01622538
v -0.15009522 -0.049838085 -0.01594359
v -0.150169785 -0.04985445 -0.00588954
v -0.15023736 -0.049869285 -0.01565745
v -0.150372555 -0.049898955 -0.015365985
v -0.150385065 -0.049901685 -0.004549575
v -0.150500835 -0.049927095 -0.015069165
v -0.150553125 -0.04993857 -0.0031968
v -0.150622185 -0.04995372 -0.014767005
v -0.15061923 -0.049953075 -0.002515695
v -0.15067341 -0.04996497 -0.00183141
v -0.15115233 -0.05007006 -0.013407195
v -0.15071574 -0.049974255 -0.00114396
v -0.150746205 -0.04998093 -0.000453315
v -0.150764775 -0.04998501 0.000240495
v -0.150771495 -0.049986495 0.0009375
v -0.15076476 -0.04998501 0.00163473
v -0.150622185 -0.04995372 0.016642005
v -0.15115233 -0.05007006 0.015282195
v -0.150746175 -0.04998093 0.00232875
v -0.150715695 -0.04997424 0.00301956
v -0.15067335 -0.049964955 0.003707145
v -0.15061914 -0.04995306 0.004391505
v -0.15039192 -0.0499032 0.01720491
v -0.150553035 -0.049938555 0.00507267
v -0.150384945 -0.04990167 0.00642537
v -0.150261705 -0.049874625 0.0174867
v -0.15016968 -0.049854435 0.00776517
v -0.150121425 -0.049843845 0.017768715
v -0.149971305 -0.049810905 0.0180528
v -0.149907945 -0.049797 0.00909189
v -0.14981151 -0.049775835 0.018340545
v -0.149641455 -0.04973853 0.01862667
v -0.149599575 -0.049729335 0.010405515
v -0.149460495 -0.04969881 0.018905565
v -0.1492677 -0.04965651 0.01917339
v -0.149244555 -0.04965144 0.011706285
v -0.1490619 -0.04961136 0.019435515
v -0.148845375 -0.04956384 0.019689615
v -0.148842975 -0.049563315 0.012994395
v -0.148620855 -0.04951458 0.0199317
v -0.148394775 -0.04946496 0.014269755
v -0.14839083 -0.049464105 0.020157975
v -0.148152795 -0.049411875 0.02036985
v -0.147907245 -0.04935798 0.02056842
v -0.14789997 -0.04935639 0.01553235
v -0.147656775 -0.049303035 0.02075334
v -0.14776464 -0.04932669 0.0158514
v -0.14759904 -0.04929036 0.016187625
v -0.1471476 -0.0491913 0.02108046
v -0.1473927 -0.049245075 0.016526475
v -0.14713785 -0.049189155 0.016851675
v -0.1466238 -0.049076355 0.02135103
v -0.146991255 -0.049156995 0.0170049
v -0.14683617 -0.04912296 0.017145195
v -0.146501205 -0.04904946 0.017387415
v -0.14610411 -0.048962325 0.021571275
v -0.14614542 -0.048971385 0.017571525
v -0.14578173 -0.048891585 0.01770054
v -0.14558793 -0.04884906 0.021739695
v -0.145422915 -0.04881285 0.017778765
v -0.145090245 -0.04873986 0.02186973
v -0.145077585 -0.04873707 0.01781613
v -0.14461668 -0.04863594 0.021960615
v -0.144750915 -0.048665385 0.01782609
v -0.14444589 -0.04859847 0.01782111
v -0.14415855 -0.04853541 0.02202888
v -0.14371314 -0.04843767 0.02208321
v -0.14339298 -0.048367425 0.017791095
v -0.14328177 -0.04834302 0.022119435
v -0.142367925 -0.0481425 0.017749995
v -0.141421725 -0.04793487 0.0222729
v -0.141370725 -0.04792368 0.01769781
v -0.139596465 -0.047534355 0.02237775
v -0.140401455 -0.047710995 0.01763451
v -0.139460895 -0.04750461 0.017559585
v -0.13780599 -0.047141475 0.022434
v -0.138548205 -0.04730433 0.01747359
v -0.137661885 -0.047109855 0.01737744
v -0.13605042 -0.046756245 0.022441695
v -0.13680123 -0.046921005 0.017271795
v -0.13596852 -0.046738275 0.01715595
v -0.134336325 -0.04638012 0.02240412
v -0.135160875 -0.04656105 0.017030355
v -0.134374635 -0.046388535 0.016895745
v -0.133609665 -0.04622067 0.016752825
v -0.13265901 -0.04601208 0.02231892
v -0.132146655 -0.045899655 0.01644042
v -0.13100652 -0.04564947 0.022180155
v -0.13073541 -0.04558998 0.016088445
v -0.129367845 -0.04528989 0.021982095
v -0.12937221 -0.04529085 0.015695955
v -0.12801993 -0.04499412 0.01524819
v -0.127751985 -0.04493532 0.021725025
v -0.1269522 -0.044759835 0.02157525
v -0.126673785 -0.04469874 0.01474347
v -0.12615594 -0.044585115 0.0214116
v -0.125361765 -0.044410845 0.02123427
v -0.1252989 -0.044397045 0.01416831
v -0.12456825 -0.044236725 0.021043455
v -0.124601505 -0.044244015 0.0138549
v -0.1238907 -0.044088045 0.013523295
v -0.123773955 -0.044062425 0.02083938
v -0.123163305 -0.04392843 0.01317294
v -0.122979435 -0.043888095 0.02062038
v -0.122422335 -0.043765845 0.01280433
v -0.12218814 -0.043714455 0.020383335
v -0.121667955 -0.043600305 0.012417495
v -0.12139902 -0.043541295 0.020130585
v -0.12090018 -0.04343184 0.01201245
v -0.120610845 -0.043368345 0.01986471
v -0.120841935 -0.04341906 0.011981595
v -0.120782925 -0.0434061 0.0119502
v -0.12072276 -0.0433929 0.011918085
v -0.12065994 -0.04337913 0.01188435
v -0.12059349 -0.04336455 0.011848365
v -0.11982231 -0.04319532 0.019588335
v -0.1205229 -0.043349055 0.01180977
v -0.12044811 -0.043332645 0.01176828
v -0.120369195 -0.04331532 0.01172376
v -0.120286185 -0.04329711 0.01167606
v -0.120198765 -0.043277925 0.0116247
v -0.12010653 -0.04325769 0.011569155
v -0.12000912 -0.043236315 0.011508975
v -0.119905845 -0.04321365 0.011443275
v -0.11979636 -0.04318962 0.01137153
v -0.119032185 -0.04302195 0.019303995
v -0.11968035 -0.043164165 0.01129323
v -0.11955789 -0.0431373 0.01120764
v -0.11942931 -0.043109085 0.011114325
v -0.11929488 -0.043079595 0.01101282
v -0.11915556 -0.043049025 0.01090245
v -0.119010945 -0.043017285 0.01078167
v -0.118239195 -0.042847935 0.019014315
v -0.118860735 -0.04298433 0.010648965
v -0.11870268 -0.042949635 0.010498335
v -0.11853705 -0.042913305 0.010325475
v -0.11836296 -0.0428751 0.010123275
v -0.11819181 -0.04283754 0.009891195
v -0.117442065 -0.04267302 0.018721875
v -0.118108455 -0.042819255 0.0097641
v -0.118031835 -0.04280244 0.00963198
v -0.11796099 -0.0427869 0.00949419
v -0.11789676 -0.0427728 0.009351405
v -0.117843705 -0.04276116 0.009206175
v -0.117801825 -0.042751965 0.009058065
v -0.11777094 -0.042745185 0.008907435
v -0.1177542 -0.042741525 0.00875727
v -0.11664255 -0.042497595 0.018421755
v -0.11776482 -0.04274385 0.008457975
v -0.11584254 -0.04232205 0.018109515
v -0.118912395 -0.042995655 0.0019875
v -0.115041 -0.04214616 0.0177885
v -0.11783397 -0.042759015 0.0081699
v -0.11796078 -0.042786855 0.00789885
v -0.1180443 -0.04280517 0.007773615
v -0.11814123 -0.04282644 0.00765471
v -0.11824638 -0.042849525 0.007543815
v -0.1183587 -0.04287417 0.00744177
v -0.11847954 -0.042900675 0.007347945
v -0.118602345 -0.04292763 0.007262505
v -0.11884668 -0.04298124 0.007118355
v -0.11908416 -0.04303335 0.00700281
v -0.12074382 -0.04339752 0.0019875
v -0.11930871 -0.043082625 0.00691179
v -0.119519955 -0.043128975 0.006837225
v -0.119718165 -0.043172475 0.006776115
v -0.119903415 -0.043213125 0.006725625
v -0.120077085 -0.043251225 0.006682725
v -0.120240015 -0.043286985 0.00664623
v -0.120392985 -0.04332054 0.00661491
v -0.120537225 -0.04335219 0.006587445
v -0.12067281 -0.04338195 0.0065634
v -0.12079986 -0.04340982 0.00654222
v -0.120973365 -0.04344789 0.00196077
v -0.12091821 -0.0434358 0.00652326
v -0.12102804 -0.04345989 0.006506265
v -0.12118854 -0.04349511 0.0018834
v -0.12112944 -0.04348215 0.006490875
v -0.12122298 -0.04350267 0.00647676
v -0.12138288 -0.043537755 0.001758675
v -0.12130905 -0.043521555 0.0064638
v -0.121388055 -0.043538895 0.006451815
v -0.121545915 -0.04357353 0.001591755
v -0.12146136 -0.043554975 0.00644049
v -0.121529805 -0.04356999 0.00642963
v -0.12159477 -0.043584255 0.006418935
v -0.12166773 -0.04360026 0.00139281
v -0.12165783 -0.043598085 0.00640806
v -0.121719345 -0.043611585 0.0063969
v -0.12174345 -0.04361688 0.001171575
v -0.121769415 -0.04362258 0.0009375
v -0.12226455 -0.043731225 -0.004389465
v -0.12226455 -0.043731225 0.006264465
v -0.12174345 -0.04361688 0.000703425
v -0.121719345 -0.043611585 -0.0045219
v -0.12166773 -0.04360026 0.00048219
v -0.12165855 -0.04359825 -0.004532925
v -0.121545915 -0.04357353 0.000283245
v -0.12159678 -0.04358469 -0.004543605
v -0.121533825 -0.043570875 -0.004553985
v -0.12138288 -0.043537755 0.000116325
v -0.12146823 -0.04355649 -0.004564425
v -0.121399005 -0.043541295 -0.00457515
v -0.12132546 -0.043525155 -0.00458631
v -0.12118854 -0.04349511 -8.4e-06
v -0.121247235 -0.043507995 -0.004598115
v -0.12116439 -0.043489815 -0.004610595
v -0.120973365 -0.04344789 -8.577e-05
v -0.121076925 -0.043470615 -0.00462381
v -0.120984615 -0.043450365 -0.004637955
v -0.120887115 -0.043428975 -0.004653195
v -0.12074382 -0.04339752 -0.0001125
v -0.120783975 -0.04340634 -0.00466977
v -0.120674355 -0.04338228 -0.004688175
v -0.118912395 -0.042995655 -0.0001125
v -0.120557835 -0.04335672 -0.00470871
v -0.120433785 -0.043329495 -0.004731885
v -0.12030177 -0.04330053 -0.004758315
v -0.120161505 -0.04326975 -0.004788435
v -0.12001275 -0.04323711 -0.00482307
v -0.11985555 -0.04320261 -0.00486318
v -0.11968992 -0.043166265 -0.00490944
v -0.119515695 -0.043128045 -0.004963605
v -0.119331975 -0.043087725 -0.00502803
v -0.119138025 -0.04304517 -0.00510459
v -0.118931565 -0.04299987 -0.005199615
v -0.118714815 -0.042952305 -0.00531774
v -0.11848833 -0.04290261 -0.00546492
v -0.11827146 -0.042855015 -0.00564531
v -0.11807481 -0.042811875 -0.005858655
v -0.117916365 -0.042777105 -0.006104685
v -0.12278862 -0.043846215 -0.004202535
v -0.12278862 -0.043846215 0.006077535
v -0.123294105 -0.04395714 -0.003959745
v -0.123294105 -0.04395714 0.005834745
v -0.123771885 -0.044061975 -0.00366594
v -0.123771885 -0.044061975 0.00554094
v -0.124218435 -0.04415997 -0.00332232
v -0.124218435 -0.04415997 0.00519732
v -0.124627185 -0.044249655 -0.0029349
v -0.124627185 -0.044249655 0.0048099
v -0.12499584 -0.04433055 -0.00250491
v -0.12499584 -0.04433055 0.00437991
v -0.12531843 -0.044401335 -0.002040285
v -0.12531843 -0.044401335 0.003915285
v -0.125593545 -0.044461695 -0.00154209
v -0.125593545 -0.044461695 0.00341709
v -0.12581643 -0.04451061 -0.001019895
v -0.12581643 -0.04451061 0.002894895
v -0.12598632 -0.044547885 -0.00047454
v -0.12598632 -0.044547885 0.00234954
v -0.12610014 -0.04457286 8.319e-05
v -0.12610014 -0.04457286 0.00179181
v -0.126157575 -0.04458546 0.00065262
v -0.126157575 -0.04458546 0.00122238
v -0.114342885 -0.04199298 0.0019875
v -0.114236895 -0.041969715 0.017461995
v -0.11386101 -0.04188723 0.00197976
v -0.113429205 -0.04179249 0.017133315
v -0.1133811 -0.04178193 0.001957125
v -0.112616895 -0.041614245 0.01680579
v -0.112903155 -0.04167705 0.00191961
v -0.112427175 -0.04157262 0.001867215
v -0.111798915 -0.041434755 0.016482705
v -0.111952875 -0.041468535 0.001799865
v -0.11147958 -0.041364675 0.001717425
v -0.11097444 -0.04125384 0.016167015
v -0.111008415 -0.041261295 0.00162012
v -0.11054073 -0.041158665 0.001508265
v -0.110146605 -0.04107219 0.01585287
v -0.110077755 -0.041057085 0.001382085
v -0.109315785 -0.04088988 0.01553844
v -0.109618275 -0.040956255 0.001241205
v -0.109162365 -0.04085622 0.001085715
v -0.10848063 -0.040706625 0.015225195
v -0.1087113 -0.040757235 0.000916095
v -0.10826634 -0.0406596 0.000732765
v -0.10763976 -0.04052211 0.014914635
v -0.10782759 -0.04056333 0.000535725
v -0.107393895 -0.040468155 0.00032448
v -0.106791825 -0.04033605 0.014608275
v -0.10696635 -0.040374345 9.963e-05
v -0.106546185 -0.040282155 -0.000138195
v -0.10506924 -0.039958065 0.01401411
v -0.106134435 -0.040191795 -0.000388455
v -0.1057305 -0.04010316 -0.000651465
v -0.10533408 -0.040016175 -0.00092736
v -0.10494519 -0.03993084 -0.001216155
v -0.10330956 -0.039571935 0.01344876
v -0.104563845 -0.039847155 -0.00151785
v -0.104215995 -0.039770835 -0.001789395
v -0.103866915 -0.039694245 -0.002045025
v -0.10351662 -0.03961737 -0.00228474
v -0.103165095 -0.03954024 -0.00250854
v -0.10152105 -0.03917949 0.012904905
v -0.10281222 -0.03946281 -0.002716395
v -0.102457035 -0.03938487 -0.00290787
v -0.10210032 -0.0393066 -0.00308331
v -0.101743425 -0.039228285 -0.00324327
v -0.10138764 -0.03915021 -0.003388275
v -0.099694725 -0.038778735 0.01238442
v -0.10103337 -0.03907248 -0.003518475
v -0.10067892 -0.03899469 -0.003633075
v -0.10032546 -0.03891714 -0.00373269
v -0.099974385 -0.0388401 -0.00381804
v -0.099627135 -0.0387639 -0.00388986
v -0.097820805 -0.03836754 0.01188969
v -0.099282825 -0.038688345 -0.003947685
v -0.098940645 -0.03861327 -0.003991125
v -0.0986022 -0.038539005 -0.004020975
v -0.09826905 -0.03846591 -0.004038015
v -0.097942575 -0.03839427 -0.00404286
v -0.09762105 -0.03832371 -0.00403419
v -0.095895405 -0.03794505 0.011421705
v -0.09730476 -0.038254305 -0.0040125
v -0.096994875 -0.03818631 -0.003979095
v -0.096398625 -0.03805548 -0.003881595
v -0.09583287 -0.037931325 -0.00374232
v -0.093923955 -0.03751245 0.01097913
v -0.095296455 -0.03781362 -0.00356001
v -0.093580005 -0.037436985 -0.00290613
v -0.09190653 -0.03706977 0.010561905
v -0.09335577 -0.037387785 -0.002849235
v -0.09312774 -0.037337745 -0.00284493
v -0.09290313 -0.037288455 -0.002892435
v -0.09269346 -0.03724245 -0.002990655
v -0.092511525 -0.037202535 -0.003133635
v -0.092365215 -0.03717042 -0.003313935
v -0.09226113 -0.03714759 -0.00352404
v -0.092205735 -0.037135425 -0.0037527
v -0.091977555 -0.03708537 0.001118565
v -0.09189462 -0.03706716 0.001280685
v -0.091769655 -0.03703974 0.00141153
v -0.09161751 -0.03700635 0.001490115
v -0.09143325 -0.036965925 0.001523445
v -0.09124899 -0.036925485 0.001490115
v -0.091096845 -0.03689211 0.00141153
v -0.090971865 -0.036864675 0.001280685
v -0.151632675 -0.05017545 -0.012033495
v -0.151632675 -0.05017545 0.013908495
v -0.15206319 -0.05026992 -0.010645905
v -0.15206319 -0.05026992 0.012520905
v -0.152443935 -0.05035347 -0.00924438
v -0.152443935 -0.05035347 0.01111938
v -0.152775285 -0.050426175 -0.007828365
v -0.152775285 -0.050426175 0.009703365
v -0.153056745 -0.05048793 -0.006398595
v -0.153056745 -0.05048793 0.008273595
v -0.153287565 -0.050538585 -0.00495609
v -0.153287565 -0.050538585 0.00683109
v -0.153467235 -0.050578005 -0.00350157
v -0.153467235 -0.050578005 0.00537657
v -0.15359613 -0.050606295 -0.002034495
v -0.15359613 -0.050606295 0.003909495
v -0.15367431 -0.050623455 -0.000554805
v -0.15367431 -0.050623455 0.002429805
v -0.153701775 -0.050629485 0.0009375
v -0.08841522 -0.036303675 -0.007911645
v -0.08774169 -0.036155895 0.00951636
v -0.08774169 -0.036155895 -0.00764136
v -0.087095025 -0.036013995 0.009193635
v -0.087095025 -0.036013995 -0.007318635
v -0.086469165 -0.035876655 0.00881385
v -0.086469165 -0.035876655 -0.00693885
v -0.085868205 -0.03574479 0.00838011
v -0.085868205 -0.03574479 -0.00650511
v -0.0853032 -0.035620815 0.00790086
v -0.0853032 -0.035620815 -0.00602586
v -0.084784605 -0.03550701 0.007383885
v -0.084784605 -0.03550701 -0.005508885
v -0.084305925 -0.03540198 0.00682119
v -0.084305925 -0.03540198 -0.00494619
v -0.083867925 -0.03530586 0.006216165
v -0.083867925 -0.03530586 -0.004341165
v -0.083478645 -0.03522045 0.00558033
v -0.083478645 -0.03522045 -0.00370533
v -0.083145165 -0.03514728 0.004923375
v -0.083145165 -0.03514728 -0.003048375
v -0.08286267 -0.035085285 0.004234185
v -0.08286267 -0.035085285 -0.002359185
v -0.082631985 -0.03503466 0.00351891
v -0.082631985 -0.03503466 -0.00164391
v -0.082457355 -0.03499635 0.00279102
v -0.082457355 -0.03499635 -0.00091602
v -0.082342365 -0.03497112 0.0020604
v -0.082342365 -0.03497112 -0.0001854
v -0.08228523 -0.03495858 0.00131415
v -0.08228523 -0.03495858 0.00056085
f 1 2 3
f 1 4 2
f 5 1 3
f 6 5 3
f 7 6 3
f 8 7 3
f 9 8 3
f 10 9 3
f 11 10 3
f 12 11 3
f 12 3 13
f 14 13 3
f 15 12 13
f 16 15 13
f 17 16 13
f 18 17 13
f 18 13 19
f 20 19 13
f 21 20 13
f 22 21 13
f 23 22 13
f 23 13 24
f 25 23 24
f 26 25 24
f 26 27 25
f 28 26 24
f 29 28 24
f 30 29 24
f 31 30 24
f 32 31 24
f 33 32 24
f 34 33 24
f 35 34 24
f 36 35 24
f 36 24 37
f 38 36 37
f 39 38 37
f 39 37 40
f 41 39 40
f 42 41 40
f 43 42 40
f 44 43 40
f 44 40 45
f 46 44 45
f 47 46 45
f 48 47 45
f 49 48 45
f 50 49 45
f 51 50 45
f 51 45 52
f 53 51 52
f 54 53 52
f 55 54 52
f 56 55 52
f 57 56 52
f 57 52 58
f 59 57 58
f 60 59 58
f 61 60 58
f 62 61 58
f 63 62 58
f 63 58 64
f 65 63 64
f 66 65 64
f 67 66 64
f 68 67 64
f 69 68 64
f 69 64 70
f 71 69 70
f 72 71 70
f 73 72 70
f 74 73 70
f 74 70 75
f 76 74 75
f 77 76 75
f 77 75 78
f 79 77 78
f 80 79 78
f 80 78 81
f 82 80 81
f 83 82 81
f 83 81 84
f 85 83 84
f 86 85 84
f 86 84 87
f 88 86 87
f 88 87 89
f 90 88 89
f 91 90 89
f 91 89 92
f 93 91 92
f 94 93 92
f 94 92 95
f 96 94 95
f 97 96 95
f 97 95 98
f 99 97 98
f 99 98 100
f 99 100 101
f 99 101 102
f 99 102 103
f 104 99 103
f 104 105 99
f 106 104 103
f 106 103 107
f 108 106 107
f 109 108 107
f 110 109 107
f 111 110 107
f 112 111 107
f 113 112 107
f 114 113 107
f 115 114 107
f 116 115 107
f 116 107 117
f 118 116 117
f 119 118 117
f 120 119 117
f 121 120 117
f 122 121 117
f 122 117 123
f 124 122 123
f 125 124 123
f 126 125 123
f 127 126 123
f 128 127 123
f 128 123 129
f 130 128 129
f 131 130 129
f 132 131 129
f 133 132 129
f 134 133 129
f 135 134 129
f 136 135 129
f 137 136 129
f 138 137 129
f 138 129 139
f 140 138 139
f 141 140 139
f 142 141 139
f 143 142 139
f 144 143 139
f 144 139 145
f 146 144 145
f 146 145 147
f 148 146 147
f 148 147 149
f 150 148 149
f 150 149 151
f 152 150 151
f 152 151 153
f 154 152 153
f 154 153 155
f 156 154 155
f 156 155 157
f 156 157 158
f 159 156 158
f 159 158 160
f 161 159 160
f 161 160 162
f 163 161 162
f 164 163 162
f 164 162 165
f 166 164 165
f 166 165 167
f 168 166 167
f 168 167 169
f 170 168 169
f 171 170 169
f 172 171 169
f 172 169 173
f 174 172 173
f 175 174 173
f 175 173 176
f 177 175 176
f 178 177 176
f 178 176 179
f 180 178 179
f 181 180 179
f 181 179 182
f 183 181 182
f 183 182 184
f 183 184 185
f 186 183 185
f 186 185 187
f 188 186 187
f 188 187 189
f 190 188 189
f 191 190 189
f 191 189 192
f 193 191 192
f 193 192 194
f 195 193 194
f 196 195 194
f 196 194 197
f 198 196 197
f 199 198 197
f 199 197 200
f 201 199 200
f 201 200 202
f 203 201 202
f 204 203 202
f 205 204 202
f 205 202 206
f 207 205 206
f 207 206 208
f 207 208 209
f 210 207 209
f 210 209 211
f 212 210 211
f 212 211 213
f 212 213 214
f 215 212 214
f 215 214 216
f 215 216 217
f 218 215 217
f 218 217 219
f 218 219 220
f 221 218 220
f 221 220 222
f 221 222 223
f 224 221 223
f 224 223 225
f 226 224 225
f 226 225 227
f 228 226 227
f 228 227 229
f 230 228 229
f 231 230 229
f 231 229 232
f 233 231 232
f 234 233 232
f 235 234 232
f 236 235 232
f 237 236 232
f 232 238 237
f 232 239 238
f 240 237 238
f 241 240 238
f 242 241 238
f 243 242 238
f 243 238 244
f 245 243 244
f 246 245 244
f 246 244 247
f 246 247 248
f 249 246 248
f 249 248 250
f 249 250 251
f 252 249 251
f 252 251 253
f 252 253 254
f 255 252 254
f 255 254 256
f 257 255 256
f 257 256 258
f 257 258 259
f 260 257 259
f 260 259 261
f 260 261 262
f 263 260 262
f 263 262 264
f 265 263 264
f 265 264 266
f 267 265 266
f 268 267 266
f 268 266 269
f 270 268 269
f 271 270 269
f 272 271 269
f 272 269 273
f 274 272 273
f 275 274 273
f 276 275 273
f 276 273 277
f 278 276 277
f 279 278 277
f 280 279 277
f 281 280 277
f 281 277 282
f 283 281 282
f 284 283 282
f 284 282 285
f 286 284 285
f 287 286 285
f 287 285 288
f 287 288 289
f 289 288 290
f 291 289 290
f 291 290 292
f 293 291 292
f 293 292 294
f 295 293 294
f 295 294 296
f 297 295 296
f 298 297 296
f 298 296 299
f 300 298 299
f 301 300 299
f 301 299 302
f 303 301 302
f 304 303 302
f 304 302 305
f 306 304 305
f 307 306 305
f 307 305 308
f 309 307 308
f 310 309 308
f 310 308 311
f 312 310 311
f 312 311 313
f 314 312 313
f 315 314 313
f 315 313 316
f 315 316 317
f 318 315 317
f 318 317 319
f 320 318 319
f 320 319 321
f 320 321 322
f 323 320 322
f 323 322 324
f 325 323 324
f 325 324 326
f 327 325 326
f 327 326 328
f 329 327 328
f 329 328 330
f 331 329 330
f 331 330 332
f 333 331 332
f 334 333 332
f 335 334 332
f 336 335 332
f 337 336 332
f 337 332 338
f 339 337 338
f 340 339 338
f 341 340 338
f 342 341 338
f 343 342 338
f 344 343 338
f 345 344 338
f 346 345 338
f 347 346 338
f 347 338 348
f 349 347 348
f 350 349 348
f 351 350 348
f 352 351 348
f 353 352 348
f 354 353 348
f 354 348 355
f 356 354 355
f 357 356 355
f 358 357 355
f 359 358 355
f 360 359 355
f 360 355 361
f 362 360 361
f 363 362 361
f 364 363 361
f 365 364 361
f 366 365 361
f 367 366 361
f 368 367 361
f 368 361 369
f 368 369 370
f 371 368 370
f 371 370 372
f 372 370 373
f 374 371 372
f 375 374 372
f 376 375 372
f 377 376 372
f 378 377 372
f 379 378 372
f 380 379 372
f 381 380 372
f 382 381 372
f 382 372 383
f 384 382 383
f 385 384 383
f 386 385 383
f 387 386 383
f 388 387 383
f 389 388 383
f 390 389 383
f 391 390 383
f 392 391 383
f 393 392 383
f 393 383 394
f 395 393 394
f 396 395 394
f 396 394 397
f 398 396 397
f 399 398 397
f 399 397 400
f 401 399 400
f 402 401 400
f 402 400 403
f 404 402 403
f 405 404 403
f 406 405 403
f 406 403 407
f 408 406 407
f 409 408 407
f 409 407 410
f 409 410 411
f 412 409 411
f 412 413 409
f 412 411 414
f 415 412 414
f 415 414 416
f 417 415 416
f 417 416 418
f 419 417 418
f 420 419 418
f 420 418 421
f 422 420 421
f 423 422 421
f 424 423 421
f 424 421 425
f 426 424 425
f 427 426 425
f 427 425 428
f 429 427 428
f 430 429 428
f 431 430 428
f 431 428 432
f 433 431 432
f 434 433 432
f 434 432 435
f 436 434 435
f 437 436 435
f 438 437 435
f 439 438 435
f 440 439 435
f 441 440 435
f 442 441 435
f 443 442 435
f 444 443 435
f 445 444 435
f 446 445 435
f 446 435 99
f 447 446 99
f 448 447 99
f 449 448 99
f 450 449 99
f 451 450 99
f 105 451 99
f 412 452 413
f 452 453 413
f 452 454 453
f 454 455 453
f 454 456 455
f 456 457 455
f 456 458 457
f 458 459 457
f 458 460 459
f 460 461 459
f 460 462 461
f 462 463 461
f 462 464 463
f 464 465 463
f 464 466 465
f 466 467 465
f 466 468 467
f 468 469 467
f 468 470 469
f 470 471 469
f 470 472 471
f 472 473 471
f 472 474 473
f 474 475 473
f 476 372 373
f 476 373 477
f 478 476 477
f 478 477 479
f 478 479 480
f 481 478 480
f 481 480 482
f 483 481 482
f 483 482 484
f 485 483 484
f 485 484 486
f 487 485 486
f 488 487 486
f 488 486 489
f 490 488 489
f 490 489 491
f 492 490 491
f 492 491 493
f 494 492 493
f 494 493 495
f 496 494 495
f 496 495 497
f 498 496 497
f 499 498 497
f 500 499 497
f 500 497 501
f 502 500 501
f 503 502 501
f 504 503 501
f 505 504 501
f 506 505 501
f 506 501 507
f 508 506 507
f 509 508 507
f 510 509 507
f 511 510 507
f 511 507 512
f 513 511 512
f 514 513 512
f 515 514 512
f 516 515 512
f 517 516 512
f 517 512 518
f 519 517 518
f 520 519 518
f 521 520 518
f 522 521 518
f 523 522 518
f 523 518 524
f 525 523 524
f 526 525 524
f 527 526 524
f 527 524 528
f 529 527 528
f 530 529 528
f 531 530 528
f 531 528 2
f 532 531 2
f 533 532 2
f 534 533 2
f 535 534 2
f 27 535 2
f 27 2 25
f 4 25 2
f 232 536 239
f 536 537 239
f 536 538 537
f 538 539 537
f 538 540 539
f 540 541 539
f 540 542 541
f 542 543 541
f 542 544 543
f 544 545 543
f 544 546 545
f 546 547 545
f 546 548 547
f 548 549 547
f 548 550 549
f 550 551 549
f 550 552 551
f 552 553 551
f 552 554 553
f 555 14 3
f 555 556 14
f 555 557 556
f 557 558 556
f 557 559 558
f 559 560 558
f 559 561 560
f 561 562 560
f 561 563 562
f 563 564 562
f 563 565 564
f 565 566 564
f 565 567 566
f 567 568 566
f 567 569 568
f 569 570 568
f 569 571 570
f 571 572 570
f 571 573 572
f 573 574 572
f 573 575 574
f 575 576 574
f 575 577 576
f 577 578 576
f 577 579 578
f 579 580 578
f 579 581 580
f 581 582 580
f 581 583 582
f 583 584 582
f 583 585 584
f 585 586 584
f 585 587 586
f 587 588 586
f 589 590 591
f 592 590 589
f 593 589 591
f 593 591 594
f 593 594 595
f 595 594 596
f 595 596 597
f 597 596 598
f 597 598 599
f 599 598 600
f 599 600 601
f 601 600 602
f 601 602 603
f 603 602 604
f 603 604 605
f 605 604 606
f 605 606 607
f 607 606 608
f 607 608 609
f 609 608 610
f 609 610 611
f 611 610 612
f 611 612 613
f 613 612 614
f 613 614 615
f 615 614 616
f 615 616 617
f 617 616 618
f 617 618 619
f 619 618 620
f 619 620 621
f 621 620 622
f 621 622 623
f 623 622 624
f 623 624 625
f 625 624 626
f 625 626 627
f 627 626 628
f 627 628 629
f 629 628 630
f 629 630 631
f 631 630 632
f 631 632 633
f 633 632 634
f 633 634 635
f 635 634 636
f 635 636 637
f 637 636 638
f 637 638 639
f 639 638 640
f 639 640 641
f 641 640 642
f 641 642 643
f 643 642 644
f 643 644 645
f 645 644 646
f 645 646 647
f 647 646 648
f 647 648 649
f 649 648 650
f 649 650 651
f 651 650 652
f 651 652 653
f 653 652 654
f 653 654 655
f 655 654 656
f 655 656 657
f 657 656 658
f 657 658 659
f 659 658 660
f 659 660 661
f 661 660 662
f 661 662 663
f 663 662 664
f 663 664 665
f 665 664 666
f 665 666 667
f 667 666 668
f 667 668 669
f 669 668 670
f 669 670 671
f 671 670 672
f 671 672 673
f 673 672 674
f 673 674 675
f 675 674 676
f 675 676 677
f 677 676 678
f 677 678 679
f 679 678 680
f 679 680 681
f 681 680 682
f 681 682 683
f 683 682 684
f 683 684 685
f 685 684 686
f 685 686 687
f 687 686 688
f 687 688 689
f 689 688 690
f 690 688 691
f 690 691 692
f 692 691 693
f 693 691 694
f 693 694 695
f 695 694 696
f 696 694 697
f 696 697 698
f 698 697 699
f 698 699 700
f 700 699 701
f 700 701 702
f 702 701 703
f 702 703 704
f 702 704 705
f 705 704 706
f 705 706 707
f 705 707 708
f 708 707 709
f 708 709 710
f 710 709 711
f 710 711 712
f 712 711 713
f 712 713 714
f 714 713 715
f 714 715 716
f 716 715 717
f 716 717 718
f 718 717 719
f 718 719 720
f 720 719 721
f 720 721 722
f 722 721 723
f 722 723 724
f 724 723 725
f 724 725 726
f 726 725 727
f 726 727 728
f 728 727 729
f 728 729 730
f 730 729 731
f 730 731 732
f 732 731 733
f 732 733 734
f 734 733 735
f 734 735 736
f 736 735 737
f 736 737 738
f 738 737 739
f 738 739 740
f 740 739 741
f 740 741 742
f 742 741 743
f 742 743 744
f 744 743 745
f 744 745 746
f 746 745 747
f 746 747 748
f 748 747 749
f 748 749 750
f 750 749 751
f 750 751 752
f 752 751 753
f 752 753 754
f 754 753 755
f 754 755 756
f 756 755 757
f 756 757 758
f 758 757 759
f 758 759 760
f 760 759 761
f 760 761 762
f 762 761 763
f 762 763 764
f 764 763 765
f 764 765 766
f 766 765 767
f 766 767 768
f 768 767 769
f 768 769 770
f 770 769 771
f 770 771 772
f 772 771 773
f 772 773 774
f 774 773 775
f 774 775 776
f 776 775 777
f 776 777 778
f 778 777 779
f 778 779 780
f 780 779 781
f 780 781 782
f 782 781 783
f 782 783 784
f 784 783 785
f 785 783 786
f 785 786 787
f 787 786 788
f 787 788 789
f 789 788 790
f 789 790 791
f 791 790 792
f 791 792 793
f 793 792 794
f 793 794 795
f 795 794 796
f 795 796 797
f 797 796 798
f 797 798 799
f 799 798 800
f 799 800 801
f 801 800 802
f 801 802 803
f 803 802 804
f 803 804 805
f 805 804 806
f 805 806 807
f 807 806 808
f 807 808 809
f 809 808 810
f 809 810 811
f 811 810 812
f 811 812 813
f 813 812 814
f 813 814 815
f 813 815 816
f 816 815 817
f 816 817 818
f 818 817 819
f 818 819 820
f 820 819 821
f 820 821 822
f 822 821 823
f 822 823 824
f 824 823 825
f 824 825 826
f 826 825 827
f 826 827 828
f 828 827 829
f 828 829 830
f 830 829 831
f 830 831 832
f 832 831 833
f 832 833 834
f 834 833 835
f 834 835 836
f 836 835 837
f 836 837 838
f 838 837 839
f 838 839 840
f 840 839 841
f 840 841 842
f 842 841 843
f 842 843 844
f 844 843 845
f 844 845 846
f 846 845 847
f 846 847 848
f 848 847 849
f 848 849 850
f 850 849 851
f 850 851 852
f 852 851 853
f 852 853 854
f 854 853 855
f 854 855 856
f 856 855 857
f 856 857 858
f 858 857 859
f 858 859 860
f 860 859 861
f 860 861 862
f 862 861 863
f 862 863 864
f 864 863 865
f 864 865 866
f 866 865 867
f 866 867 868
f 868 867 869
f 868 869 870
f 870 869 871
f 870 871 872
f 872 871 873
f 872 873 874
f 874 873 875
f 874 875 876
f 876 875 877
f 876 877 878
f 878 877 879
f 878 879 880
f 880 879 881
f 880 881 882
f 882 881 883
f 882 883 884
f 884 883 885
f 884 885 886
f 886 885 887
f 886 887 888
f 888 887 889
f 888 889 890
f 890 889 891
f 890 891 892
f 892 891 893
f 892 893 894
f 894 893 895
f 894 895 896
f 896 895 897
f 896 897 898
f 898 897 899
f 898 899 900
f 900 899 901
f 900 901 902
f 902 901 903
f 902 903 904
f 904 903 905
f 904 905 906
f 906 905 907
f 906 907 908
f 908 907 909
f 908 909 910
f 910 909 911
f 910 911 912
f 912 911 913
f 912 913 914
f 914 913 915
f 914 915 916
f 916 915 917
f 916 917 918
f 918 917 919
f 918 919 920
f 920 919 921
f 920 921 922
f 922 921 923
f 922 923 924
f 924 923 925
f 924 925 926
f 926 925 927
f 926 927 928
f 928 927 929
f 928 929 930
f 930 929 931
f 930 931 932
f 932 931 933
f 932 933 934
f 934 933 935
f 934 935 936
f 936 935 937
f 936 937 938
f 938 937 939
f 938 939 940
f 940 939 941
f 940 941 942
f 942 941 943
f 942 943 944
f 944 943 945
f 944 945 946
f 946 945 947
f 946 947 948
f 948 947 949
f 948 949 950
f 950 949 951
f 950 951 952
f 952 951 953
f 952 953 954
f 954 953 955
f 954 955 956
f 956 955 957
f 956 957 958
f 958 957 959
f 958 959 960
f 960 959 961
f 960 961 962
f 962 961 963
f 962 963 964
f 964 963 965
f 964 965 966
f 966 965 967
f 966 967 968
f 968 967 969
f 968 969 970
f 970 969 971
f 970 971 592
f 592 971 590
f 972 973 974
f 975 973 972
f 976 972 974
f 976 974 977
f 976 977 978
f 978 977 979
f 978 979 980
f 980 979 981
f 980 981 982
f 982 981 983
f 982 983 984
f 984 983 985
f 984 985 986
f 986 985 987
f 986 987 988
f 988 987 989
f 988 989 990
f 990 989 991
f 990 991 992
f 992 991 993
f 992 993 994
f 994 993 995
f 994 995 996
f 996 995 997
f 996 997 998
f 998 997 999
f 998 999 1000
f 1000 999 1001
f 1000 1001 1002
f 1002 1001 1003
f 1002 1003 1004
f 1004 1003 1005
f 1004 1005 1006
f 1006 1005 1007
f 1006 1007 1008
f 1008 1007 1009
f 1008 1009 1010
f 1010 1009 1011
f 1010 1011 975
f 975 1011 973
f 1012 1013 1014
f 1012 1015 1013
f 1012 1014 1016
f 1012 1016 1017
f 1017 1016 1018
f 1017 1018 1019
f 1019 1018 1020
f 1019 1020 1021
f 1021 1020 1022
f 1021 1022 1023
f 1023 1022 1024
f 1023 1024 1025
f 1025 1024 1026
f 1025 1026 1027
f 1027 1026 1028
f 1027 1028 1029
f 1029 1028 1030
f 1029 1030 1031
f 1031 1030 1032
f 1031 1032 1033
f 1033 1032 1034
f 1033 1034 1035
f 1035 1034 1036
f 1035 1036 1037
f 1037 1036 1038
f 1037 1038 1039
f 1039 1038 1040
f 1039 1040 1041
f 1041 1040 1042
f 1041 1042 1043
f 1043 1042 1044
f 1044 1042 1045
f 1044 1045 1046
f 1044 1046 1047
f 1047 1046 1048
f 1047 1048 1049
f 1049 1048 1050
f 1049 1050 1051
f 1051 1050 1052
f 1051 1052 1053
f 1053 1052 1054
f 1053 1054 1055
f 1055 1054 1056
f 1055 1056 1057
f 1057 1056 1058
f 1057 1058 1059
f 1059 1058 1060
f 1059 1060 1061
f 1061 1060 1062
f 1061 1062 1063
f 1063 1062 1064
f 1063 1064 1065
f 1065 1064 1066
f 1065 1066 1067
f 1067 1066 1068
f 1067 1068 1069
f 1069 1068 1070
f 1069 1070 1071
f 1071 1070 1072
f 1071 1072 1073
f 1073 1072 1074
f 1073 1074 1075
f 1075 1074 1076
f 1075 1076 1077
f 1077 1076 1078
f 1077 1078 1079
f 1079 1078 1080
f 1079 1080 1081
f 1081 1080 1082
f 1081 1082 1083
f 1083 1082 1084
f 1083 1084 1085
f 1085 1084 1086
f 1085 1086 1087
f 1087 1086 1088
f 1087 1088 1089
f 1089 1088 1090
f 1089 1090 1091
f 1091 1090 1092
f 1091 1092 1093
f 1093 1092 1094
f 1093 1094 1095
f 1095 1094 1096
f 1095 1096 1097
f 1097 1096 1098
f 1097 1098 1099
f 1099 1098 1100
f 1099 1100 1101
f 1101 1100 1102
f 1101 1102 1103
f 1103 1102 1104
f 1103 1104 1105
f 1105 1104 1106
f 1105 1106 1107
f 1107 1106 1108
f 1107 1108 1109
f 1109 1108 1110
f 1109 1110 1111
f 1111 1110 1112
f 1111 1112 1113
f 1113 1112 1114
f 1113 1114 1115
f 1115 1114 1116
f 1115 1116 1117
f 1117 1116 1118
f 1117 1118 1119
f 1119 1118 1120
f 1119 1120 1121
f 1121 1120 1122
f 1121 1122 1123
f 1123 1122 1124
f 1123 1124 1125
f 1125 1124 1126
f 1125 1126 1127
f 1127 1126 1128
f 1127 1128 1129
f 1129 1128 1130
f 1129 1130 1131
f 1131 1130 1132
f 1131 1132 1133
f 1133 1132 1134
f 1133 1134 1135
f 1135 1134 1136
f 1135 1136 1137
f 1137 1136 1138
f 1137 1138 1139
f 1139 1138 1140
f 1139 1140 1141
f 1141 1140 1142
f 1141 1142 1143
f 1143 1142 1144
f 1143 1144 1145
f 1145 1144 1146
f 1145 1146 1147
f 1147 1146 1148
f 1147 1148 1149
f 1149 1148 1150
f 1149 1150 1151
f 1151 1150 1152
f 1151 1152 1153
f 1153 1152 1154
f 1153 1154 1155
f 1155 1154 1156
f 1155 1156 1157
f 1157 1156 1158
f 1157 1158 1159
f 1159 1158 1160
f 1159 1160 1161
f 1161 1160 1162
f 1161 1162 1163
f 1163 1162 1164
f 1163 1164 1165
f 1165 1164 1166
f 1165 1166 1167
f 1167 1166 1168
f 1167 1168 1169
f 1169 1168 1170
f 1169 1170 1171
f 1171 1170 1172
f 1171 1172 1173
f 1173 1172 1174
f 1173 1174 1175
f 1175 1174 1176
f 1175 1176 1177
f 1177 1176 1178
f 1177 1178 1179
f 1179 1178 1180
f 1179 1180 1181
f 1181 1180 1182
f 1181 1182 1183
f 1183 1182 1184
f 1183 1184 1185
f 1185 1184 1186
f 1185 1186 1187
f 1187 1186 1188
f 1187 1188 1189
f 1189 1188 1190
f 1189 1190 1191
f 1191 1190 1192
f 1191 1192 1193
f 1193 1192 1194
f 1193 1194 1195
f 1195 1194 1196
f 1195 1196 1197
f 1197 1196 1198
f 1197 1198 1199
f 1199 1198 1200
f 1199 1200 1201
f 1201 1200 1202
f 1201 1202 1203
f 1203 1202 1204
f 1203 1204 1205
f 1205 1204 1206
f 1205 1206 1207
f 1207 1206 1208
f 1207 1208 1209
f 1209 1208 1210
f 1209 1210 1211
f 1211 1210 1212
f 1211 1212 1213
f 1213 1212 1214
f 1213 1214 1215
f 1215 1214 1216
f 1215 1216 1217
f 1217 1216 1218
f 1217 1218 1219
f 1219 1218 1220
f 1219 1220 1221
f 1221 1220 1222
f 1221 1222 1223
f 1223 1222 1224
f 1223 1224 1225
f 1225 1224 1226
f 1225 1226 1227
f 1227 1226 1228
f 1227 1228 1229
f 1229 1228 1230
f 1229 1230 1231
f 1231 1230 1232
f 1231 1232 1233
f 1233 1232 1234
f 1233 1234 1235
f 1235 1234 1236
f 1235 1236 1237
f 1237 1236 1238
f 1237 1238 1239
f 1239 1238 1240
f 1239 1240 1241
f 1241 1240 1242
f 1241 1242 1243
f 1243 1242 1244
f 1243 1244 1245
f 1245 1244 1246
f 1245 1246 1247
f 1247 1246 1013
f 1247 1013 1015
f 1248 1249 1250
f 1251 1249 1248
f 1248 1250 1252
f 1252 1250 1253
f 1252 1253 1254
f 1254 1253 1255
f 1254 1255 1256
f 1256 1255 1257
f 1256 1257 1258
f 1258 1257 1259
f 1258 1259 1260
f 1260 1259 1261
f 1260 1261 1262
f 1262 1261 1263
f 1262 1263 1264
f 1264 1263 1265
f 1264 1265 1266
f 1266 1265 1267
f 1266 1267 1268
f 1268 1267 1269
f 1268 1269 1270
f 1270 1269 1271
f 1270 1271 1272
f 1272 1271 1273
f 1272 1273 1274
f 1274 1273 1275
f 1274 1275 1276
f 1276 1275 1277
f 1276 1277 1278
f 1278 1277 1279
f 1278 1279 1280
f 1280 1279 1281
f 1280 1281 1282
f 1282 1281 1283
f 1282 1283 1284
f 1284 1283 1285
f 1284 1285 1286
f 1286 1285 1287
f 1286 1287 1288
f 1288 1287 1289
f 1288 1289 1290
f 1290 1289 1291
f 1290 1291 1292
f 1292 1291 1293
f 1292 1293 1294
f 1294 1293 1295
f 1294 1295 1296
f 1296 1295 1297
f 1296 1297 1298
f 1298 1297 1299
f 1298 1299 1300
f 1300 1299 1301
f 1300 1301 1302
f 1302 1301 1303
f 1302 1303 1304
f 1304 1303 1305
f 1304 1305 1306
f 1306 1305 1307
f 1306 1307 1308
f 1308 1307 1309
f 1308 1309 1310
f 1310 1309 1311
f 1310 1311 1312
f 1312 1311 1313
f 1312 1313 1314
f 1314 1313 1315
f 1314 1315 1316
f 1316 1315 1317
f 1316 1317 1318
f 1318 1317 1319
f 1318 1319 1320
f 1320 1319 1321
f 1320 1321 1322
f 1322 1321 1323
f 1322 1323 1324
f 1324 1323 1325
f 1324 1325 1326
f 1326 1325 1327
f 1326 1327 1328
f 1328 1327 1329
f 1328 1329 1330
f 1330 1329 1331
f 1330 1331 1332
f 1332 1331 1333
f 1332 1333 1334
f 1334 1333 1335
f 1334 1335 1336
f 1334 1336 1337
f 1337 1336 1338
f 1337 1338 1339
f 1339 1338 1340
f 1339 1340 1341
f 1341 1340 1342
f 1341 1342 1343
f 1343 1342 1344
f 1344 1342 1345
f 1344 1345 1346
f 1346 1345 1347
f 1347 1345 1348
f 1347 1348 1349
f 1349 1348 1350
f 1349 1350 1351
f 1351 1350 1352
f 1351 1352 1353
f 1353 1352 1354
f 1353 1354 1355
f 1355 1354 1356
f 1355 1356 1357
f 1357 1356 1358
f 1357 1358 1359
f 1359 1358 1360
f 1359 1360 1361
f 1361 1360 1362
f 1361 1362 1363
f 1363 1362 1364
f 1363 1364 1365
f 1365 1364 1366
f 1365 1366 1367
f 1367 1366 1368
f 1367 1368 1369
f 1367 1369 1370
f 1370 1369 1371
f 1370 1371 1372
f 1370 1372 1373
f 1373 1372 1374
f 1373 1374 1375
f 1375 1374 1376
f 1375 1376 1377
f 1377 1376 1378
f 1377 1378 1379
f 1379 1378 1380
f 1379 1380 1381
f 1381 1380 1382
f 1382 1380 1383
f 1382 1383 1384
f 1384 1383 1385
f 1384 1385 1386
f 1386 1385 1387
f 1386 1387 1388
f 1388 1387 1389
f 1388 1389 1390
f 1390 1389 1391
f 1390 1391 1392
f 1392 1391 1393
f 1392 1393 1394
f 1394 1393 1395
f 1394 1395 1396
f 1396 1395 1397
f 1396 1397 1398
f 1398 1397 1399
f 1399 1397 1400
f 1399 1400 1401
f 1401 1400 1402
f 1401 1402 1403
f 1403 1402 1404
f 1403 1404 1405
f 1405 1404 1406
f 1405 1406 1407
f 1407 1406 1408
f 1407 1408 1409
f 1409 1408 1410
f 1409 1410 1411
f 1411 1410 1412
f 1411 1412 1413
f 1413 1412 1414
f 1413 1414 1415
f 1415 1414 1416
f 1415 1416 1417
f 1417 1416 1418
f 1417 1418 1419
f 1419 1418 1420
f 1419 1420 1421
f 1421 1420 1422
f 1421 1422 1423
f 1423 1422 1424
f 1425 1423 1424
f 1425 1424 1426
f 1425 1426 1427
f 1427 1426 1428
f 1427 1428 1429
f 1429 1428 1430
f 1429 1430 1431
f 1431 1430 1432
f 1431 1432 1433
f 1433 1432 1434
f 1433 1434 1435
f 1435 1434 1436
f 1435 1436 1437
f 1437 1436 1438
f 1437 1438 1439
f 1439 1438 1440
f 1439 1440 1441
f 1441 1440 1442
f 1441 1442 1443
f 1443 1442 1444
f 1443 1444 1445
f 1445 1444 1446
f 1445 1446 1447
f 1447 1446 1448
f 1447 1448 1449
f 1449 1448 1450
f 1449 1450 1451
f 1451 1450 1452
f 1451 1452 1453
f 1453 1452 1454
f 1453 1454 1455
f 1455 1454 1456
f 1455 1456 1457
f 1457 1456 1458
f 1457 1458 1459
f 1459 1458 1460
f 1459 1460 1461
f 1461 1460 1462
f 1461 1462 1463
f 1463 1462 1464
f 1463 1464 1465
f 1465 1464 1466
f 1465 1466 1467
f 1467 1466 1468
f 1467 1468 1469
f 1469 1468 1470
f 1469 1470 1471
f 1471 1470 1472
f 1471 1472 1473
f 1473 1472 1474
f 1473 1474 1475
f 1475 1474 1476
f 1475 1476 1477
f 1477 1476 1478
f 1477 1478 1479
f 1479 1478 1480
f 1479 1480 1481
f 1481 1480 1482
f 1481 1482 1483
f 1483 1482 1484
f 1483 1484 1485
f 1485 1484 1486
f 1485 1486 1487
f 1487 1486 1488
f 1487 1488 1489
f 1489 1488 1490
f 1489 1490 1491
f 1491 1490 1492
f 1491 1492 1493
f 1493 1492 1494
f 1493 1494 1495
f 1495 1494 1496
f 1495 1496 1497
f 1497 1496 1498
f 1497 1498 1499
f 1499 1498 1500
f 1499 1500 1501
f 1501 1500 1502
f 1501 1502 1503
f 1501 1503 1504
f 1504 1503 1505
f 1504 1505 1506
f 1506 1505 1507
f 1506 1507 1508
f 1508 1507 1509
f 1508 1509 1510
f 1510 1509 1511
f 1510 1511 1512
f 1512 1511 1513
f 1512 1513 1514
f 1514 1513 1515
f 1514 1515 1516
f 1516 1515 1517
f 1516 1517 1518
f 1518 1517 1519
f 1518 1519 1520
f 1518 1520 1521
f 1521 1520 1522
f 1521 1522 1523
f 1523 1522 1524
f 1523 1524 1525
f 1525 1524 1526
f 1525 1526 1527
f 1527 1526 1528
f 1528 1526 1529
f 1528 1529 1530
f 1530 1529 1531
f 1531 1529 1532
f 1531 1532 1533
f 1533 1532 1534
f 1534 1532 1535
f 1534 1535 1536
f 1536 1535 1537
f 1536 1537 1538
f 1538 1537 1539
f 1538 1539 1540
f 1540 1539 1541
f 1540 1541 1542
f 1542 1541 1543
f 1542 1543 1544
f 1544 1543 1545
f 1544 1545 1546
f 1546 1545 1547
f 1546 1547 1548
f 1548 1547 1549
f 1548 1549 1550
f 1550 1549 1551
f 1550 1551 1552
f 1552 1551 1553
f 1552 1553 1554
f 1554 1553 1555
f 1554 1555 1556
f 1556 1555 1557
f 1556 1557 1558
f 1556 1558 1559
f 1559 1558 1560
f 1559 1560 1561
f 1561 1560 1562
f 1561 1562 1563
f 1563 1562 1564
f 1563 1564 1565
f 1565 1564 1566
f 1565 1566 1567
f 1567 1566 1568
f 1568 1566 1569
f 1568 1569 1570
f 1570 1569 1571
f 1570 1571 1572
f 1572 1571 1573
f 1572 1573 1574
f 1574 1573 1575
f 1574 1575 1576
f 1576 1575 1577
f 1576 1577 1578
f 1578 1577 1579
f 1578 1579 1580
f 1580 1579 1581
f 1580 1581 1582
f 1582 1581 1583
f 1582 1583 1584
f 1584 1583 1585
f 1584 1585 1586
f 1586 1585 1587
f 1586 1587 1588
f 1588 1587 1589
f 1588 1589 1590
f 1590 1589 1591
f 1590 1591 1592
f 1592 1591 1593
f 1592 1593 1594
f 1594 1593 1595
f 1594 1595 1596
f 1596 1595 1597
f 1596 1597 1598
f 1598 1597 1599
f 1598 1599 1600
f 1600 1599 1601
f 1600 1601 1602
f 1602 1601 1603
f 1602 1603 1604
f 1604 1603 1605
f 1604 1605 1606
f 1606 1605 1607
f 1606 1607 1608
f 1608 1607 1609
f 1608 1609 1610
f 1610 1609 1611
f 1610 1611 1612
f 1612 1611 1613
f 1612 1613 1614
f 1614 1613 1615
f 1614 1615 1616
f 1616 1615 1617
f 1616 1617 1618
f 1618 1617 1619
f 1618 1619 1620
f 1620 1619 1621
f 1620 1621 1622
f 1622 1621 1623
f 1622 1623 1624
f 1624 1623 1625
f 1624 1625 1626
f 1626 1625 1627
f 1626 1627 1628
f 1628 1627 1629
f 1628 1629 1630
f 1630 1629 1631
f 1630 1631 1632
f 1632 1631 1633
f 1632 1633 1634
f 1634 1633 1635
f 1634 1635 1636
f 1636 1635 1637
f 1636 1637 1638
f 1638 1637 1639
f 1638 1639 1640
f 1640 1639 1641
f 1640 1641 1642
f 1642 1641 1643
f 1642 1643 1644
f 1644 1643 1645
f 1644 1645 1646
f 1646 1645 1647
f 1646 1647 1648
f 1648 1647 1649
f 1648 1649 1650
f 1650 1649 1651
f 1650 1651 1652
f 1652 1651 1653
f 1652 1653 1654
f 1654 1653 1655
f 1654 1655 1656
f 1656 1655 1657
f 1656 1657 1658
f 1658 1657 1659
f 1658 1659 1660
f 1660 1659 1661
f 1660 1661 1662
f 1662 1661 1663
f 1662 1663 1664
f 1664 1663 1665
f 1664 1665 1666
f 1666 1665 1667
f 1666 1667 1668
f 1668 1667 1669
f 1668 1669 1670
f 1670 1669 1671
f 1670 1671 1672
f 1672 1671 1673
f 1673 1671 1674
f 1673 1674 1675
f 1675 1674 1676
f 1675 1676 1677
f 1677 1676 1678
f 1677 1678 1679
f 1677 1679 1680
f 1680 1679 1681
f 1680 1681 1682
f 1682 1681 1683
f 1682 1683 1684
f 1684 1683 1685
f 1684 1685 1686
f 1686 1685 1687
f 1686 1687 1688
f 1688 1687 1689
f 1688 1689 1690
f 1690 1689 1691
f 1690 1691 1692
f 1692 1691 1693
f 1692 1693 1694
f 1694 1693 1695
f 1694 1695 1696
f 1696 1695 1697
f 1696 1697 1698
f 1698 1697 1699
f 1698 1699 1700
f 1700 1699 1701
f 1700 1701 1702
f 1702 1701 1703
f 1702 1703 1704
f 1704 1703 1705
f 1704 1705 1706
f 1706 1705 1707
f 1706 1707 1708
f 1708 1707 1709
f 1708 1709 1710
f 1710 1709 1711
f 1710 1711 1712
f 1712 1711 1713
f 1712 1713 1714
f 1714 1713 1715
f 1714 1715 1716
f 1716 1715 1717
f 1716 1717 1718
f 1718 1717 1719
f 1718 1719 1720
f 1720 1719 1721
f 1720 1721 1722
f 1722 1721 1723
f 1722 1723 1724
f 1724 1723 1725
f 1724 1725 1726
f 1726 1725 1727
f 1726 1727 1728
f 1728 1727 1729
f 1728 1729 1730
f 1730 1729 1731
f 1730 1731 1732
f 1732 1731 1733
f 1732 1733 1734
f 1734 1733 1735
f 1734 1735 1736
f 1736 1735 1737
f 1736 1737 1738
f 1738 1737 1739
f 1738 1739 1740
f 1740 1739 1741
f 1740 1741 1742
f 1742 1741 1743
f 1742 1743 1744
f 1744 1743 1745
f 1744 1745 1746
f 1746 1745 1747
f 1746 1747 1748
f 1748 1747 1749
f 1748 1749 1750
f 1750 1749 1751
f 1750 1751 1752
f 1752 1751 1753
f 1752 1753 1754
f 1754 1753 1755
f 1754 1755 1756
f 1756 1755 1757
f 1756 1757 1758
f 1758 1757 1759
f 1758 1759 1760
f 1758 1760 1761
f 1761 1760 1762
f 1761 1762 1763
f 1763 1762 1764
f 1763 1764 1765
f 1765 1764 1766
f 1765 1766 1251
f 1251 1766 1249
f 1767 1768 1769
f 1767 1770 1768
f 1771 1767 1769
f 1772 1771 1769
f 1773 1771 1772
f 1773 1774 1771
f 1775 1773 1772
f 1776 1775 1772
f 1777 1776 1772
f 1778 1777 1772
f 1779 1778 1772
f 1780 1779 1772
f 1781 1780 1772
f 1782 1781 1772
f 1783 1782 1772
f 1784 1783 1772
f 1784 1785 1783
f 1786 1784 1772
f 1786 1772 1787
f 1788 1786 1787
f 1789 1788 1787
f 1790 1789 1787
f 1791 1790 1787
f 1792 1791 1787
f 1792 1787 1793
f 1794 1792 1793
f 1795 1794 1793
f 1796 1795 1793
f 1796 1793 1797
f 1798 1796 1797
f 1799 1798 1797
f 1800 1799 1797
f 1800 1797 1801
f 1802 1800 1801
f 1803 1802 1801
f 1804 1803 1801
f 1805 1804 1801
f 1806 1805 1801
f 1806 1801 1807
f 1808 1806 1807
f 1809 1808 1807
f 1810 1809 1807
f 1811 1810 1807
f 1812 1811 1807
f 1812 1807 1813
f 1814 1812 1813
f 1815 1814 1813
f 1816 1815 1813
f 1817 1816 1813
f 1817 1813 1818
f 1819 1817 1818
f 1820 1819 1818
f 1821 1820 1818
f 1822 1821 1818
f 1823 1822 1818
f 1823 1818 1824
f 1825 1823 1824
f 1826 1825 1824
f 1827 1826 1824
f 1827 1824 1828
f 1829 1827 1828
f 1829 1828 1830
f 1831 1829 1830
f 1831 1830 1832
f 1833 1831 1832
f 1833 1832 1834
f 1835 1833 1834
f 1835 1834 1836
f 1837 1835 1836
f 1838 1837 1836
f 1838 1836 1839
f 1840 1838 1839
f 1840 1839 1841
f 1840 1841 1842
f 1843 1840 1842
f 1843 1842 1844
f 1845 1843 1844
f 1845 1844 1846
f 1845 1846 1847
f 1845 1847 1848
f 1845 1848 1849
f 1850 1845 1849
f 1850 1851 1845
f 1852 1850 1849
f 1852 1849 1853
f 1854 1852 1853
f 1855 1854 1853
f 1856 1855 1853
f 1857 1856 1853
f 1858 1857 1853
f 1859 1858 1853
f 1860 1859 1853
f 1861 1860 1853
f 1861 1853 1862
f 1863 1861 1862
f 1864 1863 1862
f 1865 1864 1862
f 1866 1865 1862
f 1867 1866 1862
f 1868 1867 1862
f 1868 1862 1869
f 1870 1868 1869
f 1871 1870 1869
f 1872 1871 1869
f 1873 1872 1869
f 1874 1873 1869
f 1874 1869 1875
f 1876 1874 1875
f 1877 1876 1875
f 1878 1877 1875
f 1879 1878 1875
f 1880 1879 1875
f 1881 1880 1875
f 1882 1881 1875
f 1883 1882 1875
f 1884 1883 1875
f 1884 1875 1885
f 1886 1884 1885
f 1887 1886 1885
f 1888 1887 1885
f 1889 1888 1885
f 1890 1889 1885
f 1890 1885 1891
f 1892 1890 1891
f 1892 1891 1893
f 1894 1892 1893
f 1894 1893 1895
f 1896 1894 1895
f 1896 1895 1897
f 1896 1897 1898
f 1899 1896 1898
f 1899 1898 1900
f 1901 1899 1900
f 1901 1900 1902
f 1901 1902 1903
f 1904 1901 1903
f 1904 1903 1905
f 1906 1904 1905
f 1906 1905 1907
f 1908 1906 1907
f 1909 1908 1907
f 1909 1907 1910
f 1911 1909 1910
f 1911 1910 1912
f 1913 1911 1912
f 1914 1913 1912
f 1914 1912 1915
f 1916 1914 1915
f 1917 1916 1915
f 1917 1915 1918
f 1919 1917 1918
f 1920 1919 1918
f 1920 1918 1921
f 1922 1920 1921
f 1923 1922 1921
f 1923 1921 1924
f 1925 1923 1924
f 1926 1925 1924
f 1926 1924 1927
f 1928 1926 1927
f 1928 1927 1929
f 1928 1929 1930
f 1931 1928 1930
f 1931 1930 1932
f 1933 1931 1932
f 1934 1933 1932
f 1934 1932 1935
f 1936 1934 1935
f 1937 1936 1935
f 1937 1935 1938
f 1939 1937 1938
f 1939 1938 1940
f 1941 1939 1940
f 1941 1940 1942
f 1943 1941 1942
f 1943 1942 1944
f 1945 1943 1944
f 1946 1945 1944
f 1946 1944 1947
f 1948 1946 1947
f 1949 1948 1947
f 1949 1947 1950
f 1951 1949 1950
f 1951 1950 1952
f 1953 1951 1952
f 1954 1953 1952
f 1955 1954 1952
f 1955 1952 1956
f 1957 1955 1956
f 1958 1957 1956
f 1958 1956 1959
f 1960 1958 1959
f 1960 1959 1961
f 1962 1960 1961
f 1962 1961 1963
f 1964 1962 1963
f 1964 1963 1965
f 1964 1965 1966
f 1967 1964 1966
f 1967 1966 1968
f 1967 1968 1969
f 1970 1967 1969
f 1970 1969 1971
f 1970 1971 1972
f 1973 1970 1972
f 1973 1972 1974
f 1975 1973 1974
f 1975 1974 1976
f 1977 1975 1976
f 1978 1977 1976
f 1978 1976 1979
f 1980 1978 1979
f 1981 1980 1979
f 1982 1981 1979
f 1983 1982 1979
f 1984 1983 1979
f 1979 1985 1984
f 1979 1986 1985
f 1987 1984 1985
f 1988 1987 1985
f 1989 1988 1985
f 1990 1989 1985
f 1990 1985 1991
f 1992 1990 1991
f 1993 1992 1991
f 1993 1991 1994
f 1995 1993 1994
f 1995 1994 1996
f 1995 1996 1997
f 1998 1995 1997
f 1998 1997 1999
f 1998 1999 2000
f 2001 1998 2000
f 2001 2000 2002
f 2001 2002 2003
f 2004 2001 2003
f 2004 2003 2005
f 2004 2005 2006
f 2007 2004 2006
f 2007 2006 2008
f 2009 2007 2008
f 2009 2008 2010
f 2009 2010 2011
f 2009 2011 2012
f 2013 2009 2012
f 2013 2012 2014
f 2015 2013 2014
f 2016 2015 2014
f 2016 2014 2017
f 2018 2016 2017
f 2019 2018 2017
f 2019 2017 2020
f 2021 2019 2020
f 2022 2021 2020
f 2023 2022 2020
f 2023 2020 2024
f 2025 2023 2024
f 2026 2025 2024
f 2026 2024 2027
f 2028 2026 2027
f 2028 2027 2029
f 2030 2028 2029
f 2030 2029 2031
f 2032 2030 2031
f 2033 2032 2031
f 2033 2031 2034
f 2033 2034 2035
f 2036 2033 2035
f 2036 2035 2037
f 2038 2036 2037
f 2038 2037 2039
f 2040 2038 2039
f 2040 2039 2041
f 2042 2040 2041
f 2043 2042 2041
f 2043 2041 2044
f 2045 2043 2044
f 2046 2045 2044
f 2046 2044 2047
f 2048 2046 2047
f 2049 2048 2047
f 2049 2047 2050
f 2051 2049 2050
f 2052 2051 2050
f 2053 2052 2050
f 2053 2050 2054
f 2055 2053 2054
f 2055 2054 2056
f 2057 2055 2056
f 2057 2056 2058
f 2059 2057 2058
f 2060 2059 2058
f 2060 2058 2061
f 2060 2061 2062
f 2063 2060 2062
f 2063 2062 2064
f 2063 2064 2065
f 2066 2063 2065
f 2066 2065 2067
f 2068 2066 2067
f 2069 2068 2067
f 2069 2067 2070
f 2071 2069 2070
f 2071 2070 2072
f 2073 2071 2072
f 2073 2072 2074
f 2075 2073 2074
f 2075 2074 2076
f 2077 2075 2076
f 2077 2076 2078
f 2079 2077 2078
f 2080 2079 2078
f 2081 2080 2078
f 2082 2081 2078
f 2083 2082 2078
f 2083 2078 2084
f 2085 2083 2084
f 2086 2085 2084
f 2087 2086 2084
f 2088 2087 2084
f 2089 2088 2084
f 2090 2089 2084
f 2091 2090 2084
f 2092 2091 2084
f 2093 2092 2084
f 2093 2084 2094
f 2095 2093 2094
f 2096 2095 2094
f 2097 2096 2094
f 2098 2097 2094
f 2099 2098 2094
f 2100 2099 2094
f 2100 2094 2101
f 2102 2100 2101
f 2103 2102 2101
f 2104 2103 2101
f 2105 2104 2101
f 2106 2105 2101
f 2106 2101 2107
f 2108 2106 2107
f 2109 2108 2107
f 2110 2109 2107
f 2111 2110 2107
f 2112 2111 2107
f 2113 2112 2107
f 2114 2113 2107
f 2115 2114 2107
f 2115 2107 2116
f 2117 2115 2116
f 2117 2116 2118
f 2117 2118 2119
f 2119 2118 2120
f 2121 2117 2119
f 2122 2121 2119
f 2123 2122 2119
f 2124 2123 2119
f 2125 2124 2119
f 2126 2125 2119
f 2127 2126 2119
f 2128 2127 2119
f 2129 2128 2119
f 2130 2129 2119
f 2130 2119 2131
f 2132 2130 2131
f 2133 2132 2131
f 2134 2133 2131
f 2135 2134 2131
f 2136 2135 2131
f 2137 2136 2131
f 2138 2137 2131
f 2139 2138 2131
f 2140 2139 2131
f 2141 2140 2131
f 2141 2131 2142
f 2143 2141 2142
f 2144 2143 2142
f 2144 2142 2145
f 2146 2144 2145
f 2147 2146 2145
f 2147 2145 2148
f 2149 2147 2148
f 2150 2149 2148
f 2150 2148 2151
f 2152 2150 2151
f 2153 2152 2151
f 2154 2153 2151
f 2154 2151 2155
f 2156 2154 2155
f 2157 2156 2155
f 2157 2155 2158
f 2157 2158 2159
f 2160 2157 2159
f 2160 2161 2157
f 2160 2159 2162
f 2160 2162 2163
f 2163 2162 2164
f 2165 2163 2164
f 2165 2164 2166
f 2167 2165 2166
f 2168 2167 2166
f 2168 2166 2169
f 2170 2168 2169
f 2171 2170 2169
f 2172 2171 2169
f 2172 2169 2173
f 2174 2172 2173
f 2175 2174 2173
f 2175 2173 2176
f 2177 2175 2176
f 2178 2177 2176
f 2179 2178 2176
f 2179 2176 2180
f 2181 2179 2180
f 2182 2181 2180
f 2182 2180 2183
f 2184 2182 2183
f 2185 2184 2183
f 2186 2185 2183
f 2187 2186 2183
f 2188 2187 2183
f 2189 2188 2183
f 2190 2189 2183
f 2191 2190 2183
f 2192 2191 2183
f 2193 2192 2183
f 2194 2193 2183
f 2195 2194 2183
f 2195 2183 1845
f 2196 2195 1845
f 2197 2196 1845
f 2198 2197 1845
f 2199 2198 1845
f 1851 2199 1845
f 2160 2200 2161
f 2200 2201 2161
f 2200 2202 2201
f 2202 2203 2201
f 2202 2204 2203
f 2204 2205 2203
f 2204 2206 2205
f 2206 2207 2205
f 2206 2208 2207
f 2208 2209 2207
f 2208 2210 2209
f 2210 2211 2209
f 2210 2212 2211
f 2212 2213 2211
f 2212 2214 2213
f 2214 2215 2213
f 2214 2216 2215
f 2216 2217 2215
f 2216 2218 2217
f 2218 2219 2217
f 2218 2220 2219
f 2220 2221 2219
f 2220 2222 2221
f 2222 2223 2221
f 2224 2119 2120
f 2224 2120 2225
f 2226 2224 2225
f 2226 2225 2227
f 2228 2226 2227
f 2228 2227 2229
f 2230 2228 2229
f 2231 2230 2229
f 2231 2229 2232
f 2233 2231 2232
f 2234 2233 2232
f 2234 2232 2235
f 2236 2234 2235
f 2237 2236 2235
f 2237 2235 2238
f 2239 2237 2238
f 2239 2238 2240
f 2241 2239 2240
f 2242 2241 2240
f 2242 2240 2243
f 2244 2242 2243
f 2245 2244 2243
f 2245 2243 2246
f 2247 2245 2246
f 2248 2247 2246
f 2248 2246 2249
f 2250 2248 2249
f 2251 2250 2249
f 2251 2249 2252
f 2253 2251 2252
f 2254 2253 2252
f 2255 2254 2252
f 2256 2255 2252
f 2256 2252 2257
f 2258 2256 2257
f 2259 2258 2257
f 2260 2259 2257
f 2261 2260 2257
f 2262 2261 2257
f 2262 2257 2263
f 2264 2262 2263
f 2265 2264 2263
f 2266 2265 2263
f 2267 2266 2263
f 2268 2267 2263
f 2268 2263 2269
f 2270 2268 2269
f 2271 2270 2269
f 2272 2271 2269
f 2273 2272 2269
f 2274 2273 2269
f 2274 2269 2275
f 2276 2274 2275
f 2277 2276 2275
f 2278 2277 2275
f 2279 2278 2275
f 2280 2279 2275
f 2281 2280 2275
f 2281 2275 2282
f 2283 2281 2282
f 2284 2283 2282
f 2285 2284 2282
f 2286 2285 2282
f 2286 2282 2287
f 2288 2286 2287
f 2289 2288 2287
f 2289 2287 2290
f 2291 2289 2290
f 2292 2291 2290
f 2293 2292 2290
f 2294 2293 2290
f 2295 2294 2290
f 2296 2295 2290
f 2297 2296 2290
f 2298 2297 2290
f 1784 2298 2290
f 1784 2290 1785
f 2299 1785 2290
f 2300 2299 2290
f 2300 2290 1771
f 2301 2300 1771
f 2302 2301 1771
f 2302 1771 2303
f 2304 2303 1771
f 2305 2304 1771
f 2306 2305 1771
f 1774 2306 1771
f 1979 2307 1986
f 2307 2308 1986
f 2307 2309 2308
f 2309 2310 2308
f 2309 2311 2310
f 2311 2312 2310
f 2311 2313 2312
f 2313 2314 2312
f 2313 2315 2314
f 2315 2316 2314
f 2315 2317 2316
f 2317 2318 2316
f 2317 2319 2318
f 2319 2320 2318
f 2319 2321 2320
f 2321 2322 2320
f 2321 2323 2322
f 2323 2324 2322
f 2323 2325 2324
f 1770 2326 1768
f 1770 2327 2326
f 2327 2328 2326
f 2327 2329 2328
f 2329 2330 2328
f 2329 2331 2330
f 2331 2332 2330
f 2331 2333 2332
f 2333 2334 2332
f 2333 2335 2334
f 2335 2336 2334
f 2335 2337 2336
f 2337 2338 2336
f 2337 2339 2338
f 2339 2340 2338
f 2339 2341 2340
f 2341 2342 2340
f 2341 2343 2342
f 2343 2344 2342
f 2343 2345 2344
f 2345 2346 2344
f 2345 2347 2346
f 2347 2348 2346
f 2347 2349 2348
f 2349 2350 2348
f 2349 2351 2350
f 2351 2352 2350
f 2351 2353 2352
f 2353 2354 2352
f 2353 2355 2354
f 2355 2356 2354
